
Scratch directory: /tmp/
gradient() will perform analytic gradient computation.
   => Libint2 <=

    Primary   basis highest AM E, G, H:  7, 6, 3
    Auxiliary basis highest AM E, G, H:  7, 7, 4
    Onebody   basis highest AM E, G, H:  -, -, -
    Solid Harmonics ordering:            Gaussian

*** tstart() called on eristm01.eisai.local
*** at Wed May 20 08:32:14 2026

   => Loading Basis Set <=

    Name: 6-311+G(D,P)
    Role: ORBITAL
    Keyword: BASIS
    atoms 1-2, 5-6, 8-9, 11, 13, 15-18, 20-21 entry C          line   129 file /home2/shbae/bucket/covalent/.pixi/envs/default/share/psi4/basis/6-311pg_d_p_.gbs 
    atoms 3                                   entry O          line   171 file /home2/shbae/bucket/covalent/.pixi/envs/default/share/psi4/basis/6-311pg_d_p_.gbs 
    atoms 4, 10, 12, 19                       entry N          line   150 file /home2/shbae/bucket/covalent/.pixi/envs/default/share/psi4/basis/6-311pg_d_p_.gbs 
    atoms 7, 14, 22-35                        entry H          line    42 file /home2/shbae/bucket/covalent/.pixi/envs/default/share/psi4/basis/6-311pg_d_p_.gbs 

   => WB97X-D: Empirical Dispersion <=

    Chai and Head-Gordon Dispersion Correction
    Chai, J.-D.; Head-Gordon, M. (2010), J. Chem. Phys., 132: 6615-6620

        s6 =       1.000000


         ---------------------------------------------------------
                                   SCF
               by Justin Turney, Rob Parrish, Andy Simmonett
                          and Daniel G. A. Smith
                              RKS Reference
                        8 Threads,   7629 MiB Core
         ---------------------------------------------------------

  ==> Geometry <==

    Molecular point group: c1
    Full point group: C1

    Geometry (in Angstrom), charge = 0, multiplicity = 1:

       Center              X                  Y                   Z               Mass       
    ------------   -----------------  -----------------  -----------------  -----------------
         C            1.552999392593     1.543695081227     0.334742702245    12.000000000000
         C            0.071009133729     1.593502931727     0.320929445383    12.000000000000
         O           -0.533325212910     2.644809444410     0.335511260813    15.994914619570
         N           -0.527011365236     0.360018277271     0.297021986315    14.003074004430
         C           -1.882463379414     0.050978234417     0.224594730728    12.000000000000
         C           -2.223365939893    -1.323690619428     0.184985123952    12.000000000000
         H           -1.426416564245    -2.054535927017     0.223000880185     1.007825032230
         C           -3.520084193219    -1.735223038499     0.099053045617    12.000000000000
         C           -4.557218900002    -0.779914576433     0.050787128463    12.000000000000
         N           -5.842265173918    -1.177769994637    -0.037969767909    14.003074004430
         C           -6.750395365948    -0.246066153373    -0.075899274867    12.000000000000
         N           -6.550407468949     1.080181128511    -0.033113579104    14.003074004430
         C           -5.314061034990     1.490953829267     0.051688300763    12.000000000000
         H           -5.155200336308     2.562392411330     0.086879982494     1.007825032230
         C           -4.217900820972     0.600059022679     0.097675653678    12.000000000000
         C           -2.875153278259     1.003125558257     0.183332382231    12.000000000000
         C            2.304496097759     0.613582057312    -0.243046045397    12.000000000000
         C            3.800144434442     0.647264411049    -0.271967678517    12.000000000000
         N            4.364068855071    -0.674691610224    -0.027276193108    14.003074004430
         C            4.359318655319    -1.499510322262    -1.217590131468    12.000000000000
         C            5.695166692638    -0.597127082275     0.537815402671    12.000000000000
         H            2.008085827325     2.412955390628     0.789335781708     1.007825032230
         H            0.090776638060    -0.437989277544     0.349194931928     1.007825032230
         H           -3.782817296611    -2.780469286440     0.065556777648     1.007825032230
         H           -7.782113373065    -0.565814397327    -0.149555902429     1.007825032230
         H           -2.632920679694     2.052537309686     0.215441587634     1.007825032230
         H            1.855581219001    -0.226687468359    -0.755957212726     1.007825032230
         H            4.129133695894     1.049498014405    -1.249595487306     1.007825032230
         H            4.155235763831     1.331942606947     0.500772551299     1.007825032230
         H            5.015160481535    -1.101943610499    -2.009116397510     1.007825032230
         H            4.699356899907    -2.500261454370    -0.955447871155     1.007825032230
         H            3.349880729215    -1.576277824334    -1.616162231196     1.007825032230
         H            5.659881525285    -0.036480011766     1.470462105272     1.007825032230
         H            6.042754687492    -1.605839624836     0.756002917974     1.007825032230
         H            6.420069654536    -0.117203429499    -0.138144044125     1.007825032230

  Running in c1 symmetry.

  Rotational constants: A =      0.03767  B =      0.00392  C =      0.00361 [cm^-1]
  Rotational constants: A =   1129.17560  B =    117.52119  C =    108.11619 [MHz]
  Nuclear repulsion = 1288.231552040474980

  Charge       = 0
  Multiplicity = 1
  Electrons    = 136
  Nalpha       = 68
  Nbeta        = 68

  ==> Algorithm <==

  SCF Algorithm Type is DF.
  DIIS enabled.
  MOM disabled.
  Fractional occupation disabled.
  Guess Type is SAD.
  Energy threshold   = 1.00e-08
  Density threshold  = 1.00e-08
  Integral threshold = 1.00e-12

  ==> Primary Basis <==

  Basis Set: 6-311+G(D,P)
    Blend: 6-311+G(D,P)
    Number of shells: 254
    Number of basis functions: 514
    Number of Cartesian functions: 533
    Spherical Harmonics?: true
    Max angular momentum: 2

  ==> DFT Potential <==

   => LibXC <=

    Version 7.0.0
    S. Lehtola, C. Steigemann, M. J.T. Oliveira, and M. A.L. Marques.,  SoftwareX 7, 1–5 (2018) (10.1016/j.softx.2017.11.002)

   => Composite Functional: WB97X-D <= 

    wB97X-D Hyb-GGA Exchange-Correlation Functional

    J.-D. Chai and M. Head-Gordon.,  Phys. Chem. Chem. Phys. 10, 6615-6620 (2008) (10.1039/B810189B)

    Deriv               =              1
    GGA                 =           TRUE
    Meta                =          FALSE

    Exchange Hybrid     =           TRUE
    MP2 Hybrid          =          FALSE

   => Exchange-Correlation Functionals <=

    1.0000   wB97X-D range-separated functional

   => Exact (HF) Exchange <=

    0.7780            HF,LR [omega = 0.2000]
    0.2220               HF 

   => LibXC Density Thresholds  <==

    XC_HYB_GGA_XC_WB97X_D:  1.00E-14 

   => Molecular Quadrature <=

    Radial Scheme          =       TREUTLER
    Pruning Scheme         =           NONE
    Nuclear Scheme         =       TREUTLER

    Blocking Scheme        =         OCTREE
    BS radius alpha        =              1
    Pruning alpha          =              1
    Radial Points          =             75
    Spherical Points       =            302
    Total Points           =         730196
    Total Blocks           =           5268
    Max Points             =            256
    Max Functions          =            358
    Weights Tolerance      =       1.00E-15

   => Loading Basis Set <=

    Name: (6-311+G(D,P) AUX)
    Role: JKFIT
    Keyword: DF_BASIS_SCF
    atoms 1-2, 5-6, 8-9, 11, 13, 15-18, 20-21 entry C          line   200 file /home2/shbae/bucket/covalent/.pixi/envs/default/share/psi4/basis/heavy-aug-cc-pvtz-jkfit.gbs 
    atoms 3                                   entry O          line   324 file /home2/shbae/bucket/covalent/.pixi/envs/default/share/psi4/basis/heavy-aug-cc-pvtz-jkfit.gbs 
    atoms 4, 10, 12, 19                       entry N          line   262 file /home2/shbae/bucket/covalent/.pixi/envs/default/share/psi4/basis/heavy-aug-cc-pvtz-jkfit.gbs 
    atoms 7, 14, 22-35                        entry H          line   116 file /home2/shbae/bucket/covalent/.pixi/envs/default/share/psi4/basis/heavy-aug-cc-pvtz-jkfit.gbs 

  ==> Integral Setup <==

  ==> DiskDFJK: Density-Fitted J/K Matrices <==

    J tasked:                  Yes
    K tasked:                  Yes
    wK tasked:                 Yes
    Omega:               2.000E-01
    OpenMP threads:              8
    Integrals threads:           8
    Memory [MiB]:             1960
    Algorithm:                Disk
    Integral Cache:           NONE
    Schwarz Cutoff:          1E-12
    Fitting Condition:       1E-10

   => Auxiliary Basis Set <=

  Basis Set: (6-311+G(D,P) AUX)
    Blend: HEAVY-AUG-CC-PVTZ-JKFIT
    Number of shells: 730
    Number of basis functions: 2456
    Number of Cartesian functions: 3049
    Spherical Harmonics?: true
    Max angular momentum: 4

  Cached 50.0% of DFT collocation blocks in 2.574 [GiB].

  Minimum eigenvalue in the overlap matrix is 1.3232650128E-07.
  Reciprocal condition number of the overlap matrix is 9.0539123438E-09.
    Using symmetric orthogonalization.

  ==> Pre-Iterations <==

  SCF Guess: Superposition of Atomic Densities via on-the-fly atomic UHF (no occupation information).

   -------------------------
    Irrep   Nso     Nmo    
   -------------------------
     A        514     514 
   -------------------------
    Total     514     514
   -------------------------

  ==> Iterations <==

                           Total Energy        Delta E     RMS |[F,P]|

   @DF-RKS iter SAD:  -794.25908089606526   -7.94259e+02   0.00000e+00 
   @DF-RKS iter   1:  -566.74306011395049    2.27516e+02   2.16086e-02 DIIS/ADIIS
   @DF-RKS iter   2:  -351.02335772637741    2.15720e+02   4.68992e-02 DIIS/ADIIS
   @DF-RKS iter   3:  -687.80099643852020   -3.36778e+02   2.80214e-02 DIIS/ADIIS
   @DF-RKS iter   4:  -555.70962317805026    1.32091e+02   3.52696e-02 DIIS/ADIIS
   @DF-RKS iter   5:  -788.54356466496984   -2.32834e+02   1.59615e-02 DIIS/ADIIS
   @DF-RKS iter   6:  -556.59466646260012    2.31949e+02   3.04323e-02 DIIS/ADIIS
   @DF-RKS iter   7:  -832.38940931513127   -2.75795e+02   5.45631e-03 DIIS/ADIIS
   @DF-RKS iter   8:  -826.33602541925848    6.05338e+00   7.56799e-03 DIIS/ADIIS
   @DF-RKS iter   9:  -836.93500089396639   -1.05990e+01   1.62883e-03 DIIS/ADIIS
   @DF-RKS iter  10:  -837.17845740192809   -2.43457e-01   8.98585e-04 DIIS/ADIIS
   @DF-RKS iter  11:  -837.26182492133978   -8.33675e-02   2.98771e-04 DIIS/ADIIS
   @DF-RKS iter  12:  -837.27052614408581   -8.70122e-03   1.17700e-04 DIIS/ADIIS
   @DF-RKS iter  13:  -837.27228599400246   -1.75985e-03   4.31253e-05 DIIS
   @DF-RKS iter  14:  -837.27255099275135   -2.64999e-04   1.52542e-05 DIIS
   @DF-RKS iter  15:  -837.27259741719138   -4.64244e-05   6.06230e-06 DIIS
   @DF-RKS iter  16:  -837.27260304069932   -5.62351e-06   2.66285e-06 DIIS
   @DF-RKS iter  17:  -837.27260422272821   -1.18203e-06   8.24223e-07 DIIS
   @DF-RKS iter  18:  -837.27260437791927   -1.55191e-07   4.37175e-07 DIIS
   @DF-RKS iter  19:  -837.27260441817430   -4.02550e-08   1.42836e-07 DIIS
   @DF-RKS iter  20:  -837.27260442417980   -6.00551e-09   6.65591e-08 DIIS
   @DF-RKS iter  21:  -837.27260442550880   -1.32900e-09   2.40034e-08 DIIS
   @DF-RKS iter  22:  -837.27260442579723   -2.88424e-10   9.89506e-09 DIIS
  Energy and wave function converged.


  ==> Post-Iterations <==

   Electrons on quadrature grid:
      Ntotal   =  135.9998181318 ; deviation = -1.819e-04 

    Orbital Energies [Eh]
    ---------------------

    Doubly Occupied:                                                      

       1A    -19.233156     2A    -14.490038     3A    -14.444550  
       4A    -14.436577     5A    -14.435490     6A    -10.411330  
       7A    -10.356610     8A    -10.348054     9A    -10.342343  
      10A    -10.338512    11A    -10.332993    12A    -10.323097  
      13A    -10.316842    14A    -10.316026    15A    -10.313927  
      16A    -10.313215    17A    -10.310318    18A    -10.306417  
      19A    -10.300042    20A     -1.169134    21A     -1.099895  
      22A     -1.070333    23A     -1.051696    24A     -1.004225  
      25A     -0.970348    26A     -0.927742    27A     -0.890173  
      28A     -0.868734    29A     -0.830489    30A     -0.824745  
      31A     -0.785679    32A     -0.762620    33A     -0.740339  
      34A     -0.726995    35A     -0.695901    36A     -0.682613  
      37A     -0.667402    38A     -0.647690    39A     -0.622809  
      40A     -0.607015    41A     -0.584928    42A     -0.582499  
      43A     -0.571809    44A     -0.565033    45A     -0.548859  
      46A     -0.547226    47A     -0.535112    48A     -0.532253  
      49A     -0.527329    50A     -0.517311    51A     -0.512710  
      52A     -0.506125    53A     -0.495357    54A     -0.492013  
      55A     -0.474449    56A     -0.469402    57A     -0.464418  
      58A     -0.461768    59A     -0.457042    60A     -0.422868  
      61A     -0.399170    62A     -0.388303    63A     -0.375082  
      64A     -0.358088    65A     -0.348457    66A     -0.335751  
      67A     -0.317689    68A     -0.304291  

    Virtual:                                                              

      69A     -0.009569    70A      0.009049    71A      0.038289  
      72A      0.043895    73A      0.057985    74A      0.066814  
      75A      0.068661    76A      0.071648    77A      0.075109  
      78A      0.078859    79A      0.088575    80A      0.091137  
      81A      0.093295    82A      0.096247    83A      0.099324  
      84A      0.101939    85A      0.105984    86A      0.108702  
      87A      0.114419    88A      0.117428    89A      0.125002  
      90A      0.128569    91A      0.130803    92A      0.133724  
      93A      0.137294    94A      0.141699    95A      0.143224  
      96A      0.149763    97A      0.153404    98A      0.157548  
      99A      0.162186   100A      0.163219   101A      0.168453  
     102A      0.177332   103A      0.180020   104A      0.184515  
     105A      0.187930   106A      0.190093   107A      0.195193  
     108A      0.199074   109A      0.202164   110A      0.207142  
     111A      0.212941   112A      0.217208   113A      0.219467  
     114A      0.223446   115A      0.226371   116A      0.236880  
     117A      0.238060   118A      0.241297   119A      0.247559  
     120A      0.249454   121A      0.251880   122A      0.253297  
     123A      0.257853   124A      0.258895   125A      0.263653  
     126A      0.264586   127A      0.266294   128A      0.270796  
     129A      0.275350   130A      0.275674   131A      0.277707  
     132A      0.282513   133A      0.283639   134A      0.288806  
     135A      0.290267   136A      0.293476   137A      0.297602  
     138A      0.298375   139A      0.302854   140A      0.304301  
     141A      0.310969   142A      0.313285   143A      0.313900  
     144A      0.315283   145A      0.319386   146A      0.324145  
     147A      0.325996   148A      0.331901   149A      0.334926  
     150A      0.335477   151A      0.339380   152A      0.343223  
     153A      0.347537   154A      0.349813   155A      0.352695  
     156A      0.355244   157A      0.358134   158A      0.363439  
     159A      0.369146   160A      0.373440   161A      0.377260  
     162A      0.380119   163A      0.387849   164A      0.391138  
     165A      0.396165   166A      0.401895   167A      0.412953  
     168A      0.415298   169A      0.420697   170A      0.422293  
     171A      0.426751   172A      0.438733   173A      0.440519  
     174A      0.448744   175A      0.455163   176A      0.462616  
     177A      0.467290   178A      0.478215   179A      0.490467  
     180A      0.500938   181A      0.505001   182A      0.527035  
     183A      0.532610   184A      0.549762   185A      0.555527  
     186A      0.559812   187A      0.567437   188A      0.583322  
     189A      0.586438   190A      0.597580   191A      0.604419  
     192A      0.606646   193A      0.611463   194A      0.619409  
     195A      0.623303   196A      0.631822   197A      0.632715  
     198A      0.638577   199A      0.647942   200A      0.653031  
     201A      0.659775   202A      0.666834   203A      0.673232  
     204A      0.675876   205A      0.684401   206A      0.690773  
     207A      0.694720   208A      0.699637   209A      0.702027  
     210A      0.713096   211A      0.720480   212A      0.726008  
     213A      0.731214   214A      0.737485   215A      0.740920  
     216A      0.745146   217A      0.754469   218A      0.760058  
     219A      0.769364   220A      0.774054   221A      0.780159  
     222A      0.790191   223A      0.793357   224A      0.794343  
     225A      0.796384   226A      0.808288   227A      0.809879  
     228A      0.813923   229A      0.826360   230A      0.833214  
     231A      0.839868   232A      0.854513   233A      0.857341  
     234A      0.865261   235A      0.871169   236A      0.877753  
     237A      0.895241   238A      0.903296   239A      0.915724  
     240A      0.925934   241A      0.937170   242A      0.938964  
     243A      0.947443   244A      0.959709   245A      0.964675  
     246A      0.974718   247A      0.986081   248A      0.989662  
     249A      0.990068   250A      0.992289   251A      0.997547  
     252A      1.001935   253A      1.017757   254A      1.032384  
     255A      1.040959   256A      1.046432   257A      1.049780  
     258A      1.057772   259A      1.070069   260A      1.078871  
     261A      1.083748   262A      1.085231   263A      1.092491  
     264A      1.095700   265A      1.114828   266A      1.120117  
     267A      1.133863   268A      1.141997   269A      1.158342  
     270A      1.178490   271A      1.191621   272A      1.201191  
     273A      1.207741   274A      1.221547   275A      1.230179  
     276A      1.231180   277A      1.236216   278A      1.245862  
     279A      1.253056   280A      1.271928   281A      1.287632  
     282A      1.303717   283A      1.317667   284A      1.333995  
     285A      1.340516   286A      1.357752   287A      1.369994  
     288A      1.396093   289A      1.400841   290A      1.413828  
     291A      1.443984   292A      1.453850   293A      1.467966  
     294A      1.486449   295A      1.514961   296A      1.526115  
     297A      1.528917   298A      1.541311   299A      1.563062  
     300A      1.567405   301A      1.576632   302A      1.577698  
     303A      1.594165   304A      1.603223   305A      1.604394  
     306A      1.608371   307A      1.612847   308A      1.623248  
     309A      1.631677   310A      1.636007   311A      1.646651  
     312A      1.657320   313A      1.666272   314A      1.671274  
     315A      1.688683   316A      1.690371   317A      1.707973  
     318A      1.718839   319A      1.724941   320A      1.729235  
     321A      1.732216   322A      1.756984   323A      1.760456  
     324A      1.776405   325A      1.784306   326A      1.791105  
     327A      1.794044   328A      1.800750   329A      1.818772  
     330A      1.829958   331A      1.838495   332A      1.844496  
     333A      1.858686   334A      1.862668   335A      1.865827  
     336A      1.874590   337A      1.885749   338A      1.907555  
     339A      1.920685   340A      1.928174   341A      1.953620  
     342A      1.961293   343A      1.973332   344A      1.977329  
     345A      1.991951   346A      2.005770   347A      2.032443  
     348A      2.040158   349A      2.041870   350A      2.053628  
     351A      2.060322   352A      2.077637   353A      2.089279  
     354A      2.097268   355A      2.112965   356A      2.130110  
     357A      2.145460   358A      2.147769   359A      2.157016  
     360A      2.171413   361A      2.180550   362A      2.201693  
     363A      2.208054   364A      2.216765   365A      2.224842  
     366A      2.237702   367A      2.252517   368A      2.262818  
     369A      2.284006   370A      2.306838   371A      2.329664  
     372A      2.337363   373A      2.342988   374A      2.349721  
     375A      2.370868   376A      2.372506   377A      2.398194  
     378A      2.413043   379A      2.429400   380A      2.448263  
     381A      2.490648   382A      2.498550   383A      2.503911  
     384A      2.518968   385A      2.520587   386A      2.522914  
     387A      2.529827   388A      2.549536   389A      2.571575  
     390A      2.574145   391A      2.584455   392A      2.599906  
     393A      2.610723   394A      2.638315   395A      2.671364  
     396A      2.676289   397A      2.687777   398A      2.693562  
     399A      2.704220   400A      2.715991   401A      2.738282  
     402A      2.748788   403A      2.751828   404A      2.761076  
     405A      2.767366   406A      2.777356   407A      2.790614  
     408A      2.792516   409A      2.800471   410A      2.812871  
     411A      2.820961   412A      2.826495   413A      2.841674  
     414A      2.845616   415A      2.853874   416A      2.865455  
     417A      2.882879   418A      2.886722   419A      2.899152  
     420A      2.919293   421A      2.932923   422A      2.942249  
     423A      2.969049   424A      2.972933   425A      2.974531  
     426A      2.975803   427A      3.003049   428A      3.012158  
     429A      3.019613   430A      3.027284   431A      3.032586  
     432A      3.034342   433A      3.048043   434A      3.057450  
     435A      3.070798   436A      3.083963   437A      3.109219  
     438A      3.112053   439A      3.125508   440A      3.134424  
     441A      3.150158   442A      3.180228   443A      3.200175  
     444A      3.284516   445A      3.310307   446A      3.351451  
     447A      3.376831   448A      3.418938   449A      3.457596  
     450A      3.469174   451A      3.482967   452A      3.522266  
     453A      3.537342   454A      3.597018   455A      3.616697  
     456A      3.630010   457A      3.640387   458A      3.676188  
     459A      3.686066   460A      3.720625   461A      3.746966  
     462A      3.769435   463A      3.807479   464A      3.820272  
     465A      3.856511   466A      3.873828   467A      3.877168  
     468A      3.905807   469A      3.919168   470A      3.927729  
     471A      3.934397   472A      3.983587   473A      4.004222  
     474A      4.023964   475A      4.044579   476A      4.060739  
     477A      4.077544   478A      4.166285   479A      4.224054  
     480A      4.287845   481A      4.327313   482A      4.391439  
     483A      4.482341   484A      4.535751   485A      4.597830  
     486A      4.942730   487A      4.956834   488A      4.982327  
     489A      4.996429   490A      5.094393   491A      5.190545  
     492A      5.228468   493A      5.402920   494A      5.435263  
     495A      5.919814   496A     23.757421   497A     23.874473  
     498A     24.000359   499A     24.020723   500A     24.035014  
     501A     24.055135   502A     24.072250   503A     24.078510  
     504A     24.124730   505A     24.128876   506A     24.165526  
     507A     24.264164   508A     24.331638   509A     24.392395  
     510A     35.650102   511A     35.768757   512A     35.792330  
     513A     35.843775   514A     50.172736  

    Final Occupation by Irrep:
              A 
    DOCC [    68 ]
    NA   [    68 ]
    NB   [    68 ]

  @DF-RKS Final Energy:  -837.27260442579723

   => Energetics <=

    Nuclear Repulsion Energy =           1288.2315520404749805
    One-Electron Energy =               -3690.7688192748646543
    Two-Electron Energy =                1646.8644957443516432
    DFT Exchange-Correlation Energy =     -81.5783725526192853
    Empirical Dispersion Energy =          -0.0214603831399339
    VV10 Nonlocal Energy =                  0.0000000000000000
    Total Energy =                       -837.2726044257972262

Computation Completed


Properties will be evaluated at   0.000000,   0.000000,   0.000000 [a0]

Properties computed using the SCF density matrix


 Multipole Moments:

 ------------------------------------------------------------------------------------
     Multipole            Electronic (a.u.)      Nuclear  (a.u.)        Total (a.u.)
 ------------------------------------------------------------------------------------

 L = 1.  Multiply by 2.5417464519 to convert [e a0] to [Debye]
 Dipole X            :        234.7863638         -232.1613771            2.6249867
 Dipole Y            :        -44.1740486           43.1769153           -0.9971333
 Dipole Z            :         -6.4697762            6.2738913           -0.1958849
 Magnitude           :                                                    2.8148181

 ------------------------------------------------------------------------------------

*** tstop() called on eristm01.eisai.local at Wed May 20 08:34:31 2026
Module time:
	user time   =     935.00 seconds =      15.58 minutes
	system time =      52.46 seconds =       0.87 minutes
	total time  =        137 seconds =       2.28 minutes
Total time:
	user time   =     935.00 seconds =      15.58 minutes
	system time =      52.46 seconds =       0.87 minutes
	total time  =        137 seconds =       2.28 minutes

*** tstart() called on eristm01.eisai.local
*** at Wed May 20 08:34:31 2026


         ------------------------------------------------------------
                                   SCF GRAD                          
                          Rob Parrish, Justin Turney,                
                       Andy Simmonett, and Alex Sokolov              
         ------------------------------------------------------------

  ==> Geometry <==

    Molecular point group: c1
    Full point group: C1

    Geometry (in Angstrom), charge = 0, multiplicity = 1:

       Center              X                  Y                   Z               Mass       
    ------------   -----------------  -----------------  -----------------  -----------------
         C            1.552999392593     1.543695081227     0.334742702245    12.000000000000
         C            0.071009133729     1.593502931727     0.320929445383    12.000000000000
         O           -0.533325212910     2.644809444410     0.335511260813    15.994914619570
         N           -0.527011365236     0.360018277271     0.297021986315    14.003074004430
         C           -1.882463379414     0.050978234417     0.224594730728    12.000000000000
         C           -2.223365939893    -1.323690619428     0.184985123952    12.000000000000
         H           -1.426416564245    -2.054535927017     0.223000880185     1.007825032230
         C           -3.520084193219    -1.735223038499     0.099053045617    12.000000000000
         C           -4.557218900002    -0.779914576433     0.050787128463    12.000000000000
         N           -5.842265173918    -1.177769994637    -0.037969767909    14.003074004430
         C           -6.750395365948    -0.246066153373    -0.075899274867    12.000000000000
         N           -6.550407468949     1.080181128511    -0.033113579104    14.003074004430
         C           -5.314061034990     1.490953829267     0.051688300763    12.000000000000
         H           -5.155200336308     2.562392411330     0.086879982494     1.007825032230
         C           -4.217900820972     0.600059022679     0.097675653678    12.000000000000
         C           -2.875153278259     1.003125558257     0.183332382231    12.000000000000
         C            2.304496097759     0.613582057312    -0.243046045397    12.000000000000
         C            3.800144434442     0.647264411049    -0.271967678517    12.000000000000
         N            4.364068855071    -0.674691610224    -0.027276193108    14.003074004430
         C            4.359318655319    -1.499510322262    -1.217590131468    12.000000000000
         C            5.695166692638    -0.597127082275     0.537815402671    12.000000000000
         H            2.008085827325     2.412955390628     0.789335781708     1.007825032230
         H            0.090776638060    -0.437989277544     0.349194931928     1.007825032230
         H           -3.782817296611    -2.780469286440     0.065556777648     1.007825032230
         H           -7.782113373065    -0.565814397327    -0.149555902429     1.007825032230
         H           -2.632920679694     2.052537309686     0.215441587634     1.007825032230
         H            1.855581219001    -0.226687468359    -0.755957212726     1.007825032230
         H            4.129133695894     1.049498014405    -1.249595487306     1.007825032230
         H            4.155235763831     1.331942606947     0.500772551299     1.007825032230
         H            5.015160481535    -1.101943610499    -2.009116397510     1.007825032230
         H            4.699356899907    -2.500261454370    -0.955447871155     1.007825032230
         H            3.349880729215    -1.576277824334    -1.616162231196     1.007825032230
         H            5.659881525285    -0.036480011766     1.470462105272     1.007825032230
         H            6.042754687492    -1.605839624836     0.756002917974     1.007825032230
         H            6.420069654536    -0.117203429499    -0.138144044125     1.007825032230

  Nuclear repulsion = 1288.231552040474980

  ==> Basis Set <==

  Basis Set: 6-311+G(D,P)
    Blend: 6-311+G(D,P)
    Number of shells: 254
    Number of basis functions: 514
    Number of Cartesian functions: 533
    Spherical Harmonics?: true
    Max angular momentum: 2

  ==> DFJKGrad: Density-Fitted SCF Gradients <==

    Gradient:                    1
    J tasked:                  Yes
    K tasked:                  Yes
    wK tasked:                 Yes
    Omega:               2.000E-01
    OpenMP threads:              8
    Integrals threads:           8
    Memory [MiB]:             5722
    Schwarz Cutoff:          1E-12
    Fitting Condition:       1E-10

   => Auxiliary Basis Set <=

  Basis Set: (6-311+G(D,P) AUX)
    Blend: HEAVY-AUG-CC-PVTZ-JKFIT
    Number of shells: 730
    Number of basis functions: 2456
    Number of Cartesian functions: 3049
    Spherical Harmonics?: true
    Max angular momentum: 4

  ==> DFT Potential <==

   => LibXC <=

    Version 7.0.0
    S. Lehtola, C. Steigemann, M. J.T. Oliveira, and M. A.L. Marques.,  SoftwareX 7, 1–5 (2018) (10.1016/j.softx.2017.11.002)

   => Composite Functional: WB97X-D <= 

    wB97X-D Hyb-GGA Exchange-Correlation Functional

    J.-D. Chai and M. Head-Gordon.,  Phys. Chem. Chem. Phys. 10, 6615-6620 (2008) (10.1039/B810189B)

    Deriv               =              1
    GGA                 =           TRUE
    Meta                =          FALSE

    Exchange Hybrid     =           TRUE
    MP2 Hybrid          =          FALSE

   => Exchange-Correlation Functionals <=

    1.0000   wB97X-D range-separated functional

   => Exact (HF) Exchange <=

    0.7780            HF,LR [omega = 0.2000]
    0.2220               HF 

   => LibXC Density Thresholds  <==

    XC_HYB_GGA_XC_WB97X_D:  1.00E-14 

   => Molecular Quadrature <=

    Radial Scheme          =       TREUTLER
    Pruning Scheme         =           NONE
    Nuclear Scheme         =       TREUTLER

    Blocking Scheme        =         OCTREE
    BS radius alpha        =              1
    Pruning alpha          =              1
    Radial Points          =             75
    Spherical Points       =            302
    Total Points           =         730196
    Total Blocks           =           5268
    Max Points             =            256
    Max Functions          =            358
    Weights Tolerance      =       1.00E-15


  -Total Gradient:
     Atom            X                  Y                   Z
    ------   -----------------  -----------------  -----------------
       1       -0.002030712961    -0.002117759641     0.001520222214
       2       -0.000967556231     0.003510509547     0.000269688457
       3        0.000791134140    -0.002940972939    -0.000690843695
       4       -0.004346975852     0.006472751421    -0.000032157127
       5        0.007200766488    -0.005919090975     0.001053500132
       6        0.001220986843     0.000899256542     0.000007165028
       7       -0.001515440978     0.002934397465     0.000013564451
       8       -0.002104336949    -0.000668302989    -0.000195327168
       9       -0.003560684189    -0.010931929100    -0.000486842156
      10        0.002767798996     0.010472402338     0.000362574974
      11        0.003820394914     0.005652126857     0.000352487109
      12        0.003998854425    -0.011618303970     0.000014371677
      13       -0.002509801661     0.000835487947    -0.000091436746
      14       -0.002007292187    -0.003058657061    -0.000132036002
      15        0.003701002643     0.011583056518     0.000409818975
      16       -0.002510669115    -0.002578273307    -0.000243528064
      17       -0.001927743577    -0.001678555084    -0.001602696910
      18       -0.000607321184     0.001003807756     0.001074402941
      19        0.000581477682    -0.002048029888    -0.000412165694
      20        0.000545794298    -0.000322857912    -0.002262038027
      21        0.001969156802     0.000322982173    -0.000704807710
      22       -0.001286557707    -0.002469356873    -0.001903636776
      23        0.000905366225    -0.003528774969    -0.001312058104
      24        0.000591899105     0.003346974447     0.000059980801
      25        0.002429213503     0.000738544755     0.000100093693
      26       -0.001521130392    -0.001815120213    -0.000147033206
      27        0.003062015698     0.002585593477     0.002176077111
      28       -0.001551734198    -0.000803002127    -0.000777012725
      29       -0.000480774930    -0.000732271958     0.000504318522
      30       -0.000948439085    -0.000835642579     0.001735072218
      31       -0.000104593048     0.002540775153     0.001144981165
      32        0.001990715248     0.001429691971     0.002346758897
      33       -0.001497104015    -0.000821686985    -0.002212719263
      34       -0.002197016626     0.001431626218    -0.001126827757
      35       -0.001822942632    -0.001007735274     0.001217314102


*** tstop() called on eristm01.eisai.local at Wed May 20 08:35:01 2026
Module time:
	user time   =     184.68 seconds =       3.08 minutes
	system time =       5.20 seconds =       0.09 minutes
	total time  =         30 seconds =       0.50 minutes
Total time:
	user time   =    1119.69 seconds =      18.66 minutes
	system time =      57.66 seconds =       0.96 minutes
	total time  =        167 seconds =       2.78 minutes

    			-----------------------------------------

    			 OPTKING 3.0: for geometry optimizations 

    			     By R.A. King, Bethel University     

    			        with contributions from          

    			    A.V. Copan, J. Cayton, A. Heide      

    			-----------------------------------------

    
	                            ===> Fragment 1 <== 

	 Z (Atomic Numbers)          Masses                          Geom                  
	       6.000000            12.000000          2.93474353  2.91716092  0.63257203   
	       6.000000            12.000000          0.13418782  3.01128412  0.60646876   
	       8.000000            15.994915         -1.00783859  4.99796550  0.63402439   
	       7.000000            14.003074         -0.99590715  0.68033594  0.56129021   
	       6.000000            12.000000         -3.55734023  0.09633490  0.42442253   
	       6.000000            12.000000         -4.20155270 -2.50141275  0.34957122   
	       1.000000             1.007825         -2.69553665 -3.88251022  0.42141059   
	       6.000000            12.000000         -6.65199506 -3.27909631  0.18718313   
	       6.000000            12.000000         -8.61189561 -1.47382495  0.09597376   
	       7.000000            14.003074        -11.04028113  -2.22566273  -0.07175246 
	       6.000000            12.000000        -12.75639848  -0.46499764  -0.14342884 
	       7.000000            14.003074        -12.37847613   2.04124650  -0.06257560 
	       6.000000            12.000000        -10.04211997   2.81749440   0.09767673 
	       1.000000             1.007825         -9.74191676  4.84221988  0.16417937   
	       6.000000            12.000000         -7.97067738  1.13394721  0.18458023   
	       6.000000            12.000000         -5.43325226  1.89563257  0.34644799   
	       6.000000            12.000000          4.35486648  1.15950204 -0.45929046   
	       6.000000            12.000000          7.18123222  1.22315247 -0.51394443   
	       7.000000            14.003074          8.24689493 -1.27498236 -0.05154453   
	       6.000000            12.000000          8.23791835 -2.83366383 -2.30091188   
	       6.000000            12.000000         10.76230529 -1.12840665  1.01632382   
	       1.000000             1.007825          3.79473225  4.55982484  1.49162845   
	       1.000000             1.007825          0.17154298 -0.82767978  0.65988279   
	       1.000000             1.007825         -7.14848867 -5.25432545  0.12388436   
	       1.000000             1.007825        -14.70606295  -1.06923425  -0.28261970 
	       1.000000             1.007825         -4.97549899  3.87873338  0.40712560   
	       1.000000             1.007825          3.50654031 -0.42837723 -1.42855209   
	       1.000000             1.007825          7.80293182  1.98326382 -2.36139324   
	       1.000000             1.007825          7.85225758  2.51700674  0.94632297   
	       1.000000             1.007825          9.47727979 -2.08237163 -3.79667975   
	       1.000000             1.007825          8.88049751 -4.72480939 -1.80553480   
	       1.000000             1.007825          6.33035713 -2.97873339 -3.05410399   
	       1.000000             1.007825         10.69562599 -0.06893723  2.77877066   
	       1.000000             1.007825         11.41915140 -3.03459709  1.42863847   
	       1.000000             1.007825         12.13217335 -0.22148238 -0.26105441   

	 - Coordinate -           - BOHR/RAD -       - ANG/DEG -
	 H(3,26)          =         4.128740           2.184835
	 R(1,2)           =         2.802259           1.482891
	 R(1,17)          =         2.509637           1.328043
	 R(1,22)          =         2.043503           1.081375
	 R(2,3)           =         2.291699           1.212715
	 R(2,4)           =         2.590844           1.371016
	 R(4,5)           =         2.630728           1.392121
	 R(4,23)          =         1.909652           1.010544
	 R(5,6)           =         2.677481           1.416862
	 R(5,16)          =         2.600500           1.376125
	 R(6,7)           =         2.044670           1.081993
	 R(6,8)           =         2.576010           1.363166
	 R(8,9)           =         2.666183           1.410884
	 R(8,24)          =         2.037656           1.078281
	 R(9,10)          =         2.547636           1.348151
	 R(9,15)          =         2.686910           1.421852
	 R(10,11)         =         2.459703           1.301619
	 R(11,12)         =         2.535867           1.341923
	 R(11,25)         =         2.045890           1.082639
	 R(12,13)         =         2.467144           1.305557
	 R(13,14)         =         2.047940           1.083723
	 R(13,15)         =         2.670722           1.413285
	 R(15,16)         =         2.654222           1.404554
	 R(16,26)         =         2.036150           1.077484
	 R(17,18)         =         2.827611           1.496307
	 R(17,27)         =         2.044624           1.081968
	 R(18,19)         =         2.755019           1.457893
	 R(18,28)         =         2.092211           1.107150
	 R(18,29)         =         2.063181           1.091788
	 R(19,20)         =         2.736644           1.448170
	 R(19,21)         =         2.736625           1.448160
	 R(20,30)         =         2.082733           1.102135
	 R(20,31)         =         2.057848           1.088966
	 R(20,32)         =         2.055999           1.087988
	 R(21,33)         =         2.057460           1.088761
	 R(21,34)         =         2.057915           1.089001
	 R(21,35)         =         2.081044           1.101241
	 B(1,2,3)         =         2.125904         121.805317
	 B(1,2,4)         =         1.988723         113.945424
	 B(1,17,18)       =         2.163087         123.935732
	 B(1,17,27)       =         2.112241         121.022502
	 B(2,1,17)        =         2.195671         125.802664
	 B(2,1,22)        =         1.979588         113.422035
	 B(2,4,5)         =         2.246349         128.706345
	 B(2,4,23)        =         2.029633         116.289387
	 B(3,2,4)         =         2.168547         124.248590
	 B(4,5,6)         =         2.038796         116.814419
	 B(4,5,16)        =         2.153553         123.389477
	 B(5,4,23)        =         2.007132         115.000220
	 B(5,6,7)         =         2.068201         118.499217
	 B(5,6,8)         =         2.121800         121.570165
	 B(5,16,15)       =         2.086210         119.531030
	 B(5,16,26)       =         2.106925         120.717915
	 B(6,5,16)        =         2.090817         119.795014
	 B(6,8,9)         =         2.090943         119.802210
	 B(6,8,24)        =         2.125140         121.761578
	 B(7,6,8)         =         2.093183         119.930550
	 B(8,9,10)        =         2.098001         120.206598
	 B(8,9,15)        =         2.072137         118.724690
	 B(9,8,24)        =         2.067102         118.436195
	 B(9,10,11)       =         2.043968         117.110714
	 B(9,15,13)       =         2.010461         115.190928
	 B(9,15,16)       =         2.104440         120.575545
	 B(10,9,15)       =         2.113048         121.068711
	 B(10,11,12)      =         2.217470         127.051699
	 B(10,11,25)      =         2.043678         117.094127
	 B(11,12,13)      =         2.042226         117.010908
	 B(12,11,25)      =         2.022037         115.854170
	 B(12,13,14)      =         2.039796         116.871681
	 B(12,13,15)      =         2.139182         122.566072
	 B(13,15,16)      =         2.168284         124.233526
	 B(14,13,15)      =         2.104208         120.562238
	 B(15,16,26)      =         2.090050         119.751045
	 B(17,1,22)       =         2.103357         120.513480
	 B(17,18,19)      =         1.942262         111.283443
	 B(17,18,28)      =         1.898917         108.799918
	 B(17,18,29)      =         1.902370         108.997769
	 B(18,17,27)      =         2.007596         115.026795
	 B(18,19,20)      =         1.957599         112.162169
	 B(18,19,21)      =         1.952462         111.867826
	 B(19,18,28)      =         1.941954         111.265750
	 B(19,18,29)      =         1.900799         108.907764
	 B(19,20,30)      =         1.963723         112.513058
	 B(19,20,31)      =         1.901314         108.937296
	 B(19,20,32)      =         1.922333         110.141555
	 B(19,21,33)      =         1.909276         109.393484
	 B(19,21,34)      =         1.898584         108.780843
	 B(19,21,35)      =         1.970203         112.884340
	 B(20,19,21)      =         1.932913         110.747769
	 B(28,18,29)      =         1.876008         107.487339
	 B(30,20,31)      =         1.895019         108.576602
	 B(30,20,32)      =         1.890684         108.328192
	 B(31,20,32)      =         1.889207         108.243586
	 B(33,21,34)      =         1.891983         108.402621
	 B(33,21,35)      =         1.899402         108.827721
	 B(34,21,35)      =         1.892886         108.454397
	 D(1,2,4,5)       =        -3.091313        -177.119167
	 D(1,2,4,23)      =         0.063809           3.655965
	 D(1,17,18,19)    =         2.415878         138.419599
	 D(1,17,18,28)    =        -1.721562         -98.638263
	 D(1,17,18,29)    =         0.319271          18.292880
	 D(2,1,17,18)     =         3.075865         176.234078
	 D(2,1,17,27)     =        -0.039921          -2.287305
	 D(2,4,5,6)       =         3.117186         178.601626
	 D(2,4,5,16)      =        -0.017750          -1.016990
	 D(3,2,1,17)      =        -2.587304        -148.241604
	 D(3,2,1,22)      =         0.451455          25.866440
	 D(3,2,4,5)       =         0.055403           3.174375
	 D(3,2,4,23)      =        -3.072661        -176.050493
	 D(4,2,1,17)      =         0.559272          32.043910
	 D(4,2,1,22)      =        -2.685155        -153.848046
	 D(4,5,6,7)       =         0.011011           0.630900
	 D(4,5,6,8)       =        -3.128925        -179.274223
	 D(4,5,16,15)     =         3.131019         179.394166
	 D(4,5,16,26)     =        -0.009948          -0.569966
	 D(5,6,8,9)       =        -0.002612          -0.149638
	 D(5,6,8,24)      =         3.138153         179.802903
	 D(5,16,15,9)     =        -0.002190          -0.125453
	 D(5,16,15,13)    =         3.139535         179.882118
	 D(6,5,4,23)      =        -0.037789          -2.165177
	 D(6,5,16,15)     =        -0.003728          -0.213611
	 D(6,5,16,26)     =         3.138490         179.822257
	 D(6,8,9,10)      =         3.138374         179.815601
	 D(6,8,9,15)      =        -0.003308          -0.189510
	 D(7,6,5,16)      =        -3.136986        -179.736043
	 D(7,6,8,9)       =         3.140660         179.946574
	 D(7,6,8,24)      =        -0.001761          -0.100885
	 D(8,6,5,16)      =         0.006263           0.358834
	 D(8,9,10,11)     =         3.139362         179.872219
	 D(8,9,15,13)     =        -3.135969        -179.677774
	 D(8,9,15,16)     =         0.005745           0.329143
	 D(9,10,11,12)    =        -0.002913          -0.166899
	 D(9,10,11,25)    =         3.139118         179.858218
	 D(9,15,13,12)    =        -0.004550          -0.260723
	 D(9,15,13,14)    =         3.136404         179.702714
	 D(9,15,16,26)    =         3.138783         179.839030
	 D(10,9,8,24)     =        -0.002417          -0.138510
	 D(10,9,15,13)    =         0.005534           0.317070
	 D(10,9,15,16)    =        -3.135938        -179.676013
	 D(10,11,12,13)   =         0.003939           0.225661
	 D(11,10,9,15)    =        -0.002139          -0.122549
	 D(11,12,13,14)   =        -3.140776        -179.953215
	 D(11,12,13,15)   =         0.000201           0.011490
	 D(12,13,15,16)   =         3.136916         179.732074
	 D(13,12,11,25)   =        -3.138088        -179.799187
	 D(13,15,16,26)   =        -0.002677          -0.153399
	 D(14,13,15,16)   =        -0.005314          -0.304489
	 D(15,9,8,24)     =         3.139086         179.856379
	 D(16,5,4,23)     =         3.110460         178.216207
	 D(17,18,19,20)   =         1.411201          80.855836
	 D(17,18,19,21)   =        -2.687790        -153.999038
	 D(18,17,1,22)    =         0.043828           2.511148
	 D(18,19,20,30)   =         1.134048          64.976156
	 D(18,19,20,31)   =        -3.046877        -174.573192
	 D(18,19,20,32)   =        -0.977282         -55.994123
	 D(18,19,21,33)   =         1.018364          58.347978
	 D(18,19,21,34)   =         3.082094         176.591006
	 D(18,19,21,35)   =        -1.099230         -62.981248
	 D(19,18,17,27)   =        -0.750122         -42.978806
	 D(20,19,18,28)   =        -0.709651         -40.660027
	 D(20,19,18,29)   =        -2.774449        -158.964240
	 D(20,19,21,33)   =        -3.067042        -175.728563
	 D(20,19,21,34)   =        -1.003312         -57.485534
	 D(20,19,21,35)   =         1.098549          62.942212
	 D(21,19,18,28)   =         1.474543          84.485099
	 D(21,19,18,29)   =        -0.590255         -33.819114
	 D(21,19,20,30)   =        -1.060855         -60.782539
	 D(21,19,20,31)   =         1.041405          59.668113
	 D(21,19,20,32)   =         3.111000         178.247183
	 D(22,1,17,27)    =        -3.071958        -176.010235
	 D(27,17,18,28)   =         1.395623          79.963333
	 D(27,17,18,29)   =        -2.846728        -163.105524


	        --- Internal Coordinate Step in ANG or DEG, aJ/ANG or AJ/DEG ---
	-------------------------------------------------------------------------------
	           Coordinate      Previous         Force          Change          New 
	           ----------      --------        ------          ------        ------
	              H(3,26)       2.18484        0.00544        0.00578       2.19061
	               R(1,2)       1.48289        0.05121        0.00952       1.49241
	              R(1,17)       1.32804        0.02462        0.00262       1.33067
	              R(1,22)       1.08138        0.02737        0.00487       1.08624
	               R(2,3)       1.21272        0.02562        0.00165       1.21436
	               R(2,4)       1.37102        0.04074        0.00527       1.37628
	               R(4,5)       1.39212        0.07478        0.01041       1.40253
	              R(4,23)       1.01054       -0.02694       -0.00375       1.00680
	               R(5,6)       1.41686        0.03880        0.00612       1.42298
	              R(5,16)       1.37613       -0.00110        0.00021       1.37634
	               R(6,7)       1.08199        0.02554        0.00455       1.08654
	               R(6,8)       1.36317        0.01411        0.00179       1.36496
	               R(8,9)       1.41088        0.02982        0.00407       1.41495
	              R(8,24)       1.07828        0.02794        0.00491       1.08320
	              R(9,10)       1.34815        0.07170        0.00821       1.35637
	              R(9,15)       1.42185       -0.03079       -0.00590       1.41595
	             R(10,11)       1.30162        0.06074        0.00636       1.30798
	             R(11,12)       1.34192        0.09943        0.01187       1.35380
	             R(11,25)       1.08264        0.02091        0.00373       1.08637
	             R(12,13)       1.30556        0.04343        0.00428       1.30984
	             R(13,14)       1.08372        0.02737        0.00490       1.08863
	             R(13,15)       1.41329        0.01541        0.00150       1.41478
	             R(15,16)       1.40455        0.05710        0.00804       1.41259
	             R(16,26)       1.07748        0.02004        0.00335       1.08083
	             R(17,18)       1.49631        0.03417        0.00663       1.50294
	             R(17,27)       1.08197        0.03555        0.00633       1.08830
	             R(18,19)       1.45789        0.01100        0.00188       1.45978
	             R(18,28)       1.10715        0.00055        0.00011       1.10726
	             R(18,29)       1.09179        0.00209        0.00038       1.09217
	             R(19,20)       1.44817        0.03327        0.00551       1.45368
	             R(19,21)       1.44816        0.03611        0.00598       1.45414
	             R(20,30)       1.10214        0.01730        0.00329       1.10543
	             R(20,31)       1.08897        0.01736        0.00316       1.09213
	             R(20,32)       1.08799        0.02309        0.00420       1.09218
	             R(21,33)       1.08876        0.01873        0.00341       1.09217
	             R(21,34)       1.08900        0.01861        0.00339       1.09239
	             R(21,35)       1.10124        0.01963        0.00372       1.10496
	             B(1,2,3)     121.80532       -0.00032       -0.99560     120.80972
	             B(1,2,4)     113.94542        0.00061        1.75014     115.69556
	           B(1,17,18)     123.93573        0.00002        0.06142     123.99715
	           B(1,17,27)     121.02250       -0.00012       -0.54252     120.47998
	            B(2,1,17)     125.80266        0.00011        0.38704     126.18970
	            B(2,1,22)     113.42203       -0.00006       -0.22275     113.19929
	             B(2,4,5)     128.70635       -0.00012       -0.23726     128.46908
	            B(2,4,23)     116.28939       -0.00005       -0.41686     115.87253
	             B(3,2,4)     124.24859       -0.00029       -0.78913     123.45946
	             B(4,5,6)     116.81442       -0.00004       -0.24453     116.56989
	            B(4,5,16)     123.38948        0.00014        0.53516     123.92464
	            B(5,4,23)     115.00022        0.00017        0.59508     115.59530
	             B(5,6,7)     118.49922        0.00007        0.31624     118.81545
	             B(5,6,8)     121.57016        0.00004        0.18816     121.75832
	           B(5,16,15)     119.53103       -0.00007       -0.25735     119.27368
	           B(5,16,26)     120.71791       -0.00009       -0.37840     120.33952
	            B(6,5,16)     119.79501       -0.00010       -0.28999     119.50503
	             B(6,8,9)     119.80221        0.00006        0.12596     119.92817
	            B(6,8,24)     121.76158       -0.00005       -0.15086     121.61072
	             B(7,6,8)     119.93055       -0.00011       -0.50464     119.42591
	            B(8,9,10)     120.20660       -0.00007       -0.02333     120.18327
	            B(8,9,15)     118.72469       -0.00013       -0.42787     118.29682
	            B(9,8,24)     118.43619       -0.00001        0.02491     118.46111
	           B(9,10,11)     117.11071       -0.00020       -0.46124     116.64947
	           B(9,15,13)     115.19093        0.00014        0.11960     115.31053
	           B(9,15,16)     120.57555        0.00020        0.66218     121.23773
	           B(10,9,15)     121.06871        0.00020        0.45119     121.51990
	          B(10,11,12)     127.05170       -0.00008        0.01805     127.06975
	          B(10,11,25)     117.09413        0.00004       -0.00414     117.08998
	          B(11,12,13)     117.01091       -0.00019       -0.36277     116.64814
	          B(12,11,25)     115.85417        0.00004       -0.01391     115.84026
	          B(12,13,14)     116.87168        0.00006        0.43542     117.30710
	          B(12,13,15)     122.56607        0.00013        0.23608     122.80215
	          B(13,15,16)     124.23353       -0.00034       -0.78185     123.45167
	          B(14,13,15)     120.56224       -0.00018       -0.67151     119.89072
	          B(15,16,26)     119.75104        0.00016        0.63570     120.38674
	           B(17,1,22)     120.51348       -0.00005       -0.16077     120.35271
	          B(17,18,19)     111.28344        0.00012        0.57321     111.85666
	          B(17,18,28)     108.79992        0.00005        0.59827     109.39819
	          B(17,18,29)     108.99777       -0.00004       -0.10438     108.89339
	          B(18,17,27)     115.02680        0.00010        0.45592     115.48272
	          B(18,19,20)     112.16217       -0.00005       -0.15808     112.00409
	          B(18,19,21)     111.86783       -0.00002       -0.04598     111.82184
	          B(19,18,28)     111.26575       -0.00006       -0.18050     111.08525
	          B(19,18,29)     108.90776       -0.00002       -0.11679     108.79098
	          B(19,20,30)     112.51306       -0.00005       -0.28885     112.22421
	          B(19,20,31)     108.93730        0.00017        0.84350     109.78080
	          B(19,20,32)     110.14155        0.00017        0.79055     110.93210
	          B(19,21,33)     109.39348        0.00015        0.69729     110.09078
	          B(19,21,34)     108.78084        0.00017        0.78369     109.56453
	          B(19,21,35)     112.88434       -0.00003       -0.16707     112.71726
	          B(20,19,21)     110.74777        0.00007        0.34223     111.09000
	          B(28,18,29)     107.48734       -0.00006       -0.83259     106.65475
	          B(30,20,31)     108.57660       -0.00006       -0.26601     108.31059
	          B(30,20,32)     108.32819       -0.00009       -0.50810     107.82009
	          B(31,20,32)     108.24359       -0.00015       -0.62248     107.62111
	          B(33,21,34)     108.40262       -0.00013       -0.52356     107.87906
	          B(33,21,35)     108.82772       -0.00008       -0.40757     108.42015
	          B(34,21,35)     108.45440       -0.00008       -0.42374     108.03065
	           D(1,2,4,5)    -177.11917        0.00002        0.37944    -176.73973
	          D(1,2,4,23)       3.65597        0.00007        2.64655       6.30251
	        D(1,17,18,19)     138.41960        0.00001        0.57058     138.99018
	        D(1,17,18,28)     -98.63826        0.00004        1.14581     -97.49246
	        D(1,17,18,29)      18.29288       -0.00002        0.42501      18.71789
	         D(2,1,17,18)     176.23408        0.00000       -0.13356     176.10052
	         D(2,1,17,27)      -2.28731        0.00002        0.79880      -1.48851
	           D(2,4,5,6)     178.60163        0.00005        2.32324     180.92486
	          D(2,4,5,16)      -1.01699        0.00004        1.69672       0.67973
	          D(3,2,1,17)    -148.24160        0.00003        2.93488    -145.30673
	          D(3,2,1,22)      25.86644        0.00004        2.96027      28.82671
	           D(3,2,4,5)       3.17437        0.00005        2.23422       5.40860
	          D(3,2,4,23)    -176.05049        0.00010        4.50134    -171.54916
	          D(4,2,1,17)      32.04391        0.00007        4.73614      36.78005
	          D(4,2,1,22)    -153.84805        0.00007        4.76153    -149.08651
	           D(4,5,6,7)       0.63090       -0.00001       -0.54898       0.08192
	           D(4,5,6,8)    -179.27422       -0.00002       -0.84974    -180.12396
	         D(4,5,16,15)     179.39417        0.00002        0.68051     180.07468
	         D(4,5,16,26)      -0.56997        0.00002        0.55394      -0.01602
	           D(5,6,8,9)      -0.14964        0.00001        0.18254       0.03290
	          D(5,6,8,24)     179.80290        0.00001        0.26386     180.06676
	         D(5,16,15,9)      -0.12545        0.00001        0.23482       0.10937
	        D(5,16,15,13)     179.88212        0.00000        0.12874     180.01086
	          D(6,5,4,23)      -2.16518       -0.00000        0.05489      -2.11029
	         D(6,5,16,15)      -0.21361        0.00000        0.03638      -0.17723
	         D(6,5,16,26)     179.82226       -0.00000       -0.09019     179.73207
	          D(6,8,9,10)     179.81560        0.00000        0.12296     179.93856
	          D(6,8,9,15)      -0.18951        0.00000        0.08877      -0.10074
	          D(7,6,5,16)    -179.73604        0.00000        0.05167    -179.68437
	           D(7,6,8,9)     179.94657       -0.00000       -0.12078     179.82580
	          D(7,6,8,24)      -0.10089       -0.00000       -0.03946      -0.14034
	          D(8,6,5,16)       0.35883       -0.00001       -0.24909       0.10975
	         D(8,9,10,11)     179.87222        0.00000        0.05593     179.92815
	         D(8,9,15,13)    -179.67777       -0.00001       -0.20044    -179.87821
	         D(8,9,15,16)       0.32914       -0.00001       -0.29828       0.03087
	        D(9,10,11,12)      -0.16690        0.00000        0.12352      -0.04338
	        D(9,10,11,25)     179.85822        0.00000        0.13782     179.99604
	        D(9,15,13,12)      -0.26072        0.00001        0.19299      -0.06774
	        D(9,15,13,14)     179.70271        0.00000        0.16666     179.86938
	        D(9,15,16,26)     179.83903        0.00001        0.36108     180.20011
	         D(10,9,8,24)      -0.13851        0.00000        0.04427      -0.09424
	        D(10,9,15,13)       0.31707       -0.00001       -0.23514       0.08193
	        D(10,9,15,16)    -179.67601       -0.00001       -0.33297    -180.00899
	       D(10,11,12,13)       0.22566       -0.00001       -0.16778       0.05788
	        D(11,10,9,15)      -0.12255        0.00000        0.09130      -0.03125
	       D(11,12,13,14)    -179.95321        0.00000        0.01813    -179.93509
	       D(11,12,13,15)       0.01149       -0.00000       -0.00793       0.00356
	       D(12,13,15,16)     179.73207        0.00001        0.29336     180.02544
	       D(13,12,11,25)    -179.79919       -0.00001       -0.18193    -179.98112
	       D(13,15,16,26)      -0.15340        0.00001        0.25500       0.10160
	       D(14,13,15,16)      -0.30449        0.00001        0.26704      -0.03745
	         D(15,9,8,24)     179.85638       -0.00000        0.01008     179.86646
	         D(16,5,4,23)     178.21621       -0.00002       -0.57162     177.64458
	       D(17,18,19,20)      80.85584        0.00000       -0.50102      80.35481
	       D(17,18,19,21)    -153.99904        0.00004       -0.20460    -154.20364
	        D(18,17,1,22)       2.51115        0.00000       -0.16046       2.35069
	       D(18,19,20,30)      64.97616       -0.00002       -0.37805      64.59811
	       D(18,19,20,31)    -174.57319       -0.00001       -0.32418    -174.89737
	       D(18,19,20,32)     -55.99412        0.00001       -0.08714     -56.08126
	       D(18,19,21,33)      58.34798        0.00000        0.05809      58.40607
	       D(18,19,21,34)     176.59101        0.00002        0.29944     176.89044
	       D(18,19,21,35)     -62.98125        0.00001        0.19677     -62.78447
	       D(19,18,17,27)     -42.97881       -0.00001       -0.33268     -43.31148
	       D(20,19,18,28)     -40.66003       -0.00010       -1.54593     -42.20596
	       D(20,19,18,29)    -158.96424        0.00002       -0.34886    -159.31310
	       D(20,19,21,33)    -175.72856       -0.00002        0.07861    -175.64995
	       D(20,19,21,34)     -57.48553        0.00000        0.31996     -57.16558
	       D(20,19,21,35)      62.94221       -0.00001        0.21729      63.15951
	       D(21,19,18,28)      84.48510       -0.00006       -1.24952      83.23558
	       D(21,19,18,29)     -33.81911        0.00006       -0.05244     -33.87156
	       D(21,19,20,30)     -60.78254       -0.00001       -0.46203     -61.24457
	       D(21,19,20,31)      59.66811       -0.00001       -0.40816      59.25995
	       D(21,19,20,32)     178.24718        0.00002       -0.17112     178.07606
	        D(22,1,17,27)    -176.01024        0.00002        0.77190    -175.23834
	       D(27,17,18,28)      79.96333        0.00002        0.24255      80.20589
	       D(27,17,18,29)    -163.10552       -0.00004       -0.47824    -163.58377
	-------------------------------------------------------------------------------

	                                 ==> Convergence Check <==                                  
    
	Measures of convergence in internal coordinates in au.
    
	Criteria marked as inactive (o), active & met (*), and active & unmet ( ).

	----------------------------------------------------------------------------------------------~
	   Step    Total Energy     Delta E     Max Force     RMS Force      Max Disp      RMS Disp   ~
	----------------------------------------------------------------------------------------------~
	  Convergence Criteria     1.00e-06 *    3.00e-04 *             o    1.20e-03 *             o~
	----------------------------------------------------------------------------------------------~
	     1    -837.27260443   -8.37e+02      1.21e-02      2.39e-03 o    8.31e-02      1.59e-02 o  ~
	----------------------------------------------------------------------------------------------

Next Geometry in Ang 
	Fragment 1 (Ang)

	    C   1.5600751015   1.4797581724   0.3764383298
	    C   0.0685333782   1.5179046410   0.3426417153
	    O  -0.5269865087   2.5761677795   0.3532114084
	    N  -0.5599235511   0.2934903015   0.3449657806
	    C  -1.9319856499   0.0168405048   0.2555671372
	    C  -2.3091808781  -1.3544316860   0.3026625655
	    H  -1.5330116626  -2.1078700367   0.4049543403
	    C  -3.6154018452  -1.7432495849   0.2270175763
	    C  -4.6350378423  -0.7708185652   0.0973946160
	    N  -5.9346221891  -1.1514739836   0.0205291675
	    C  -6.8199203361  -0.1957892757  -0.0966170077
	    N  -6.5812363507   1.1357724904  -0.1489503544
	    C  -5.3285559704   1.5113964564  -0.0756179304
	    H  -5.1244280021   2.5799667488  -0.1155793008
	    C  -4.2594228993   0.5936499730   0.0520616994
	    C  -2.9040722810   0.9834240930   0.1328043255
	    C   2.3374296854   0.5912918396  -0.2375803071
	    C   3.8393045639   0.6478901415  -0.2392926026
	    N   4.4331811190  -0.6747155993  -0.0690843985
	    C   4.4532861573  -1.4268936610  -1.3128706710
	    C   5.7612373349  -0.5993852399   0.5183743443
	    H   1.9984312772   2.3318886955   0.8879410896
	    H   0.0380432438  -0.5070241402   0.4684797671
	    H  -3.8999241473  -2.7877486866   0.2641765271
	    H  -7.8630858220  -0.4926624499  -0.1588460543
	    H  -2.6330592903   2.0292171817   0.1000623592
	    H   1.8987800156  -0.2199144587  -0.8154435142
	    H   4.1883217019   1.1236880243  -1.1762133338
	    H   4.1699433708   1.2900734824   0.5799254389
	    H   5.1019475252  -0.9574112044  -2.0749689379
	    H   4.8194579915  -2.4388696078  -1.1269335257
	    H   3.4492196927  -1.5108353479  -1.7343784452
	    H   5.7147390436  -0.0988098721   1.4879620454
	    H   6.1474992765  -1.6083418991   0.6800236867
	    H   6.4804247470  -0.0561752270  -0.1208746744


    Structure for next step:
    Molecular point group: c1
    Full point group: C1

    Geometry (in Angstrom), charge = 0, multiplicity = 1:

    C            1.560075101464     1.479758172441     0.376438329831
    C            0.068533378178     1.517904641002     0.342641715294
    O           -0.526986508690     2.576167779467     0.353211408400
    N           -0.559923551057     0.293490301540     0.344965780642
    C           -1.931985649919     0.016840504762     0.255567137151
    C           -2.309180878148    -1.354431686027     0.302662565490
    H           -1.533011662599    -2.107870036743     0.404954340286
    C           -3.615401845217    -1.743249584945     0.227017576275
    C           -4.635037842322    -0.770818565215     0.097394615986
    N           -5.934622189108    -1.151473983572     0.020529167504
    C           -6.819920336051    -0.195789275685    -0.096617007669
    N           -6.581236350738     1.135772490411    -0.148950354394
    C           -5.328555970368     1.511396456442    -0.075617930432
    H           -5.124428002080     2.579966748826    -0.115579300790
    C           -4.259422899268     0.593649973024     0.052061699423
    C           -2.904072281049     0.983424093021     0.132804325473
    C            2.337429685389     0.591291839597    -0.237580307075
    C            3.839304563943     0.647890141545    -0.239292602605
    N            4.433181119033    -0.674715599332    -0.069084398517
    C            4.453286157339    -1.426893660980    -1.312870671015
    C            5.761237334940    -0.599385239861     0.518374344298
    H            1.998431277222     2.331888695454     0.887941089617
    H            0.038043243778    -0.507024140223     0.468479767070
    H           -3.899924147274    -2.787748686553     0.264176527137
    H           -7.863085822008    -0.492662449859    -0.158846054310
    H           -2.633059290296     2.029217181749     0.100062359219
    H            1.898780015629    -0.219914458719    -0.815443514183
    H            4.188321701902     1.123688024261    -1.176213333758
    H            4.169943370810     1.290073482394     0.579925438880
    H            5.101947525221    -0.957411204353    -2.074968937865
    H            4.819457991481    -2.438869607803    -1.126933525716
    H            3.449219692739    -1.510835347879    -1.734378445219
    H            5.714739043615    -0.098809872082     1.487962045449
    H            6.147499276468    -1.608341899103     0.680023686721
    H            6.480424747043    -0.056175227002    -0.120874674412


Scratch directory: /tmp/
gradient() will perform analytic gradient computation.
   => Libint2 <=

    Primary   basis highest AM E, G, H:  7, 6, 3
    Auxiliary basis highest AM E, G, H:  7, 7, 4
    Onebody   basis highest AM E, G, H:  -, -, -
    Solid Harmonics ordering:            Gaussian

*** tstart() called on eristm01.eisai.local
*** at Wed May 20 08:35:01 2026

   => Loading Basis Set <=

    Name: 6-311+G(D,P)
    Role: ORBITAL
    Keyword: BASIS
    atoms 1-2, 5-6, 8-9, 11, 13, 15-18, 20-21 entry C          line   129 file /home2/shbae/bucket/covalent/.pixi/envs/default/share/psi4/basis/6-311pg_d_p_.gbs 
    atoms 3                                   entry O          line   171 file /home2/shbae/bucket/covalent/.pixi/envs/default/share/psi4/basis/6-311pg_d_p_.gbs 
    atoms 4, 10, 12, 19                       entry N          line   150 file /home2/shbae/bucket/covalent/.pixi/envs/default/share/psi4/basis/6-311pg_d_p_.gbs 
    atoms 7, 14, 22-35                        entry H          line    42 file /home2/shbae/bucket/covalent/.pixi/envs/default/share/psi4/basis/6-311pg_d_p_.gbs 

   => WB97X-D: Empirical Dispersion <=

    Chai and Head-Gordon Dispersion Correction
    Chai, J.-D.; Head-Gordon, M. (2010), J. Chem. Phys., 132: 6615-6620

        s6 =       1.000000


         ---------------------------------------------------------
                                   SCF
               by Justin Turney, Rob Parrish, Andy Simmonett
                          and Daniel G. A. Smith
                              RKS Reference
                        8 Threads,   7629 MiB Core
         ---------------------------------------------------------

  ==> Geometry <==

    Molecular point group: c1
    Full point group: C1

    Geometry (in Angstrom), charge = 0, multiplicity = 1:

       Center              X                  Y                   Z               Mass       
    ------------   -----------------  -----------------  -----------------  -----------------
         C            1.560075101464     1.479758172441     0.376438329831    12.000000000000
         C            0.068533378178     1.517904641002     0.342641715294    12.000000000000
         O           -0.526986508690     2.576167779467     0.353211408400    15.994914619570
         N           -0.559923551057     0.293490301540     0.344965780642    14.003074004430
         C           -1.931985649919     0.016840504762     0.255567137151    12.000000000000
         C           -2.309180878148    -1.354431686027     0.302662565490    12.000000000000
         H           -1.533011662599    -2.107870036743     0.404954340286     1.007825032230
         C           -3.615401845217    -1.743249584945     0.227017576275    12.000000000000
         C           -4.635037842322    -0.770818565215     0.097394615986    12.000000000000
         N           -5.934622189108    -1.151473983572     0.020529167504    14.003074004430
         C           -6.819920336051    -0.195789275685    -0.096617007669    12.000000000000
         N           -6.581236350738     1.135772490411    -0.148950354394    14.003074004430
         C           -5.328555970368     1.511396456442    -0.075617930432    12.000000000000
         H           -5.124428002080     2.579966748826    -0.115579300790     1.007825032230
         C           -4.259422899268     0.593649973024     0.052061699423    12.000000000000
         C           -2.904072281049     0.983424093021     0.132804325473    12.000000000000
         C            2.337429685389     0.591291839597    -0.237580307075    12.000000000000
         C            3.839304563943     0.647890141545    -0.239292602605    12.000000000000
         N            4.433181119033    -0.674715599332    -0.069084398517    14.003074004430
         C            4.453286157339    -1.426893660980    -1.312870671015    12.000000000000
         C            5.761237334940    -0.599385239861     0.518374344298    12.000000000000
         H            1.998431277222     2.331888695454     0.887941089617     1.007825032230
         H            0.038043243778    -0.507024140223     0.468479767070     1.007825032230
         H           -3.899924147274    -2.787748686553     0.264176527137     1.007825032230
         H           -7.863085822008    -0.492662449859    -0.158846054310     1.007825032230
         H           -2.633059290296     2.029217181749     0.100062359219     1.007825032230
         H            1.898780015629    -0.219914458719    -0.815443514183     1.007825032230
         H            4.188321701902     1.123688024261    -1.176213333758     1.007825032230
         H            4.169943370810     1.290073482394     0.579925438880     1.007825032230
         H            5.101947525221    -0.957411204353    -2.074968937865     1.007825032230
         H            4.819457991481    -2.438869607803    -1.126933525716     1.007825032230
         H            3.449219692739    -1.510835347879    -1.734378445219     1.007825032230
         H            5.714739043615    -0.098809872082     1.487962045449     1.007825032230
         H            6.147499276468    -1.608341899103     0.680023686721     1.007825032230
         H            6.480424747043    -0.056175227002    -0.120874674412     1.007825032230

  Running in c1 symmetry.

  Rotational constants: A =      0.03826  B =      0.00382  C =      0.00354 [cm^-1]
  Rotational constants: A =   1146.96752  B =    114.46768  C =    106.06088 [MHz]
  Nuclear repulsion = 1280.992157419297428

  Charge       = 0
  Multiplicity = 1
  Electrons    = 136
  Nalpha       = 68
  Nbeta        = 68

  ==> Algorithm <==

  SCF Algorithm Type is DF.
  DIIS enabled.
  MOM disabled.
  Fractional occupation disabled.
  Guess Type is READ.
  Energy threshold   = 1.00e-08
  Density threshold  = 1.00e-08
  Integral threshold = 1.00e-12

  ==> Primary Basis <==

  Basis Set: 6-311+G(D,P)
    Blend: 6-311+G(D,P)
    Number of shells: 254
    Number of basis functions: 514
    Number of Cartesian functions: 533
    Spherical Harmonics?: true
    Max angular momentum: 2

  ==> DFT Potential <==

   => LibXC <=

    Version 7.0.0
    S. Lehtola, C. Steigemann, M. J.T. Oliveira, and M. A.L. Marques.,  SoftwareX 7, 1–5 (2018) (10.1016/j.softx.2017.11.002)

   => Composite Functional: WB97X-D <= 

    wB97X-D Hyb-GGA Exchange-Correlation Functional

    J.-D. Chai and M. Head-Gordon.,  Phys. Chem. Chem. Phys. 10, 6615-6620 (2008) (10.1039/B810189B)

    Deriv               =              1
    GGA                 =           TRUE
    Meta                =          FALSE

    Exchange Hybrid     =           TRUE
    MP2 Hybrid          =          FALSE

   => Exchange-Correlation Functionals <=

    1.0000   wB97X-D range-separated functional

   => Exact (HF) Exchange <=

    0.7780            HF,LR [omega = 0.2000]
    0.2220               HF 

   => LibXC Density Thresholds  <==

    XC_HYB_GGA_XC_WB97X_D:  1.00E-14 

   => Molecular Quadrature <=

    Radial Scheme          =       TREUTLER
    Pruning Scheme         =           NONE
    Nuclear Scheme         =       TREUTLER

    Blocking Scheme        =         OCTREE
    BS radius alpha        =              1
    Pruning alpha          =              1
    Radial Points          =             75
    Spherical Points       =            302
    Total Points           =         730739
    Total Blocks           =           5275
    Max Points             =            256
    Max Functions          =            353
    Weights Tolerance      =       1.00E-15

   => Loading Basis Set <=

    Name: (6-311+G(D,P) AUX)
    Role: JKFIT
    Keyword: DF_BASIS_SCF
    atoms 1-2, 5-6, 8-9, 11, 13, 15-18, 20-21 entry C          line   200 file /home2/shbae/bucket/covalent/.pixi/envs/default/share/psi4/basis/heavy-aug-cc-pvtz-jkfit.gbs 
    atoms 3                                   entry O          line   324 file /home2/shbae/bucket/covalent/.pixi/envs/default/share/psi4/basis/heavy-aug-cc-pvtz-jkfit.gbs 
    atoms 4, 10, 12, 19                       entry N          line   262 file /home2/shbae/bucket/covalent/.pixi/envs/default/share/psi4/basis/heavy-aug-cc-pvtz-jkfit.gbs 
    atoms 7, 14, 22-35                        entry H          line   116 file /home2/shbae/bucket/covalent/.pixi/envs/default/share/psi4/basis/heavy-aug-cc-pvtz-jkfit.gbs 

   => Loading Basis Set <=

    Name: 6-311+G(D,P)
    Role: ORBITAL
    Keyword: BASIS
    atoms 1-2, 5-6, 8-9, 11, 13, 15-18, 20-21 entry C          line   129 file /home2/shbae/bucket/covalent/.pixi/envs/default/share/psi4/basis/6-311pg_d_p_.gbs 
    atoms 3                                   entry O          line   171 file /home2/shbae/bucket/covalent/.pixi/envs/default/share/psi4/basis/6-311pg_d_p_.gbs 
    atoms 4, 10, 12, 19                       entry N          line   150 file /home2/shbae/bucket/covalent/.pixi/envs/default/share/psi4/basis/6-311pg_d_p_.gbs 
    atoms 7, 14, 22-35                        entry H          line    42 file /home2/shbae/bucket/covalent/.pixi/envs/default/share/psi4/basis/6-311pg_d_p_.gbs 

  Reading orbitals from file /tmp/3_reactant.default.2248151.180.npy, no projection.

  ==> Integral Setup <==

  ==> DiskDFJK: Density-Fitted J/K Matrices <==

    J tasked:                  Yes
    K tasked:                  Yes
    wK tasked:                 Yes
    Omega:               2.000E-01
    OpenMP threads:              8
    Integrals threads:           8
    Memory [MiB]:             1950
    Algorithm:                Disk
    Integral Cache:           NONE
    Schwarz Cutoff:          1E-12
    Fitting Condition:       1E-10

   => Auxiliary Basis Set <=

  Basis Set: (6-311+G(D,P) AUX)
    Blend: HEAVY-AUG-CC-PVTZ-JKFIT
    Number of shells: 730
    Number of basis functions: 2456
    Number of Cartesian functions: 3049
    Spherical Harmonics?: true
    Max angular momentum: 4

  Cached 50.0% of DFT collocation blocks in 2.564 [GiB].

  Minimum eigenvalue in the overlap matrix is 1.4218965811E-07.
  Reciprocal condition number of the overlap matrix is 9.7685071327E-09.
    Using symmetric orthogonalization.

  ==> Pre-Iterations <==

  SCF Guess: Orbitals guess was supplied from a previous computation.

   -------------------------------------------------------
    Irrep   Nso     Nmo     Nalpha   Nbeta   Ndocc  Nsocc
   -------------------------------------------------------
     A        514     514      68      68      68       0
   -------------------------------------------------------
    Total     514     514      68      68      68       0
   -------------------------------------------------------

  ==> Iterations <==

                           Total Energy        Delta E     RMS |[F,P]|

   @DF-RKS iter   0:  -837.16258430227845   -8.37163e+02   1.14212e-03 
   @DF-RKS iter   1:  -837.26856737661330   -1.05983e-01   1.41523e-04 DIIS/ADIIS
   @DF-RKS iter   2:  -837.27171577924207   -3.14840e-03   1.31468e-04 DIIS/ADIIS
   @DF-RKS iter   3:  -837.27359534321465   -1.87956e-03   4.07108e-05 DIIS
   @DF-RKS iter   4:  -837.27382621151230   -2.30868e-04   1.59909e-05 DIIS
   @DF-RKS iter   5:  -837.27386237565395   -3.61641e-05   5.40432e-06 DIIS
   @DF-RKS iter   6:  -837.27386641300723   -4.03735e-06   1.83887e-06 DIIS
   @DF-RKS iter   7:  -837.27386705557012   -6.42563e-07   7.35314e-07 DIIS
   @DF-RKS iter   8:  -837.27386715736714   -1.01797e-07   2.76529e-07 DIIS
   @DF-RKS iter   9:  -837.27386717279205   -1.54249e-08   8.03080e-08 DIIS
   @DF-RKS iter  10:  -837.27386717484274   -2.05068e-09   4.26594e-08 DIIS
   @DF-RKS iter  11:  -837.27386717527463   -4.31896e-10   1.42407e-08 DIIS
   @DF-RKS iter  12:  -837.27386717533909   -6.44604e-11   6.28507e-09 DIIS
  Energy and wave function converged.


  ==> Post-Iterations <==

   Electrons on quadrature grid:
      Ntotal   =  136.0000327230 ; deviation = 3.272e-05 

    Orbital Energies [Eh]
    ---------------------

    Doubly Occupied:                                                      

       1A    -19.232976     2A    -14.491037     3A    -14.445090  
       4A    -14.439022     5A    -14.438251     6A    -10.412915  
       7A    -10.358799     8A    -10.351433     9A    -10.344131  
      10A    -10.340134    11A    -10.333076    12A    -10.323516  
      13A    -10.318381    14A    -10.316605    15A    -10.315277  
      16A    -10.314501    17A    -10.312086    18A    -10.307846  
      19A    -10.302456    20A     -1.167994    21A     -1.096627  
      22A     -1.066813    23A     -1.047991    24A     -1.002189  
      25A     -0.969148    26A     -0.924656    27A     -0.889040  
      28A     -0.867812    29A     -0.828299    30A     -0.822590  
      31A     -0.783417    32A     -0.761688    33A     -0.739202  
      34A     -0.726053    35A     -0.694431    36A     -0.681086  
      37A     -0.666003    38A     -0.645952    39A     -0.621854  
      40A     -0.605012    41A     -0.582599    42A     -0.580579  
      43A     -0.570433    44A     -0.564483    45A     -0.549087  
      46A     -0.544875    47A     -0.534437    48A     -0.530698  
      49A     -0.525527    50A     -0.516615    51A     -0.510866  
      52A     -0.504038    53A     -0.494595    54A     -0.490372  
      55A     -0.472601    56A     -0.467929    57A     -0.463531  
      58A     -0.461118    59A     -0.455638    60A     -0.421829  
      61A     -0.398715    62A     -0.390449    63A     -0.375146  
      64A     -0.357124    65A     -0.348033    66A     -0.337366  
      67A     -0.316650    68A     -0.305953  

    Virtual:                                                              

      69A     -0.009701    70A      0.009332    71A      0.037959  
      72A      0.044932    73A      0.058121    74A      0.064784  
      75A      0.068263    76A      0.071635    77A      0.074793  
      78A      0.078940    79A      0.088056    80A      0.090870  
      81A      0.093313    82A      0.096138    83A      0.099496  
      84A      0.102291    85A      0.105900    86A      0.108156  
      87A      0.113574    88A      0.117561    89A      0.124701  
      90A      0.128043    91A      0.130582    92A      0.132741  
      93A      0.137216    94A      0.141164    95A      0.141489  
      96A      0.150200    97A      0.153564    98A      0.156723  
      99A      0.161739   100A      0.162549   101A      0.168385  
     102A      0.176712   103A      0.178925   104A      0.182542  
     105A      0.186940   106A      0.190501   107A      0.194313  
     108A      0.198556   109A      0.201632   110A      0.205925  
     111A      0.213254   112A      0.217545   113A      0.220062  
     114A      0.223626   115A      0.224108   116A      0.235203  
     117A      0.237110   118A      0.241226   119A      0.244813  
     120A      0.247624   121A      0.249642   122A      0.251765  
     123A      0.256869   124A      0.258808   125A      0.262872  
     126A      0.264837   127A      0.265824   128A      0.270159  
     129A      0.273673   130A      0.275031   131A      0.277463  
     132A      0.279997   133A      0.282016   134A      0.287359  
     135A      0.291746   136A      0.293281   137A      0.297275  
     138A      0.298345   139A      0.300823   140A      0.303670  
     141A      0.310358   142A      0.311654   143A      0.312635  
     144A      0.313243   145A      0.319221   146A      0.323604  
     147A      0.325188   148A      0.331018   149A      0.332319  
     150A      0.337136   151A      0.338752   152A      0.342040  
     153A      0.346775   154A      0.350297   155A      0.350747  
     156A      0.352751   157A      0.357208   158A      0.361780  
     159A      0.369270   160A      0.370774   161A      0.376760  
     162A      0.380900   163A      0.386211   164A      0.388990  
     165A      0.396420   166A      0.398714   167A      0.412033  
     168A      0.413031   169A      0.417958   170A      0.422503  
     171A      0.427579   172A      0.436404   173A      0.439998  
     174A      0.445024   175A      0.453464   176A      0.460295  
     177A      0.467030   178A      0.476773   179A      0.489851  
     180A      0.497829   181A      0.502863   182A      0.524368  
     183A      0.530641   184A      0.543148   185A      0.552821  
     186A      0.556748   187A      0.561054   188A      0.584006  
     189A      0.586876   190A      0.593374   191A      0.602709  
     192A      0.604102   193A      0.607324   194A      0.618011  
     195A      0.622470   196A      0.624347   197A      0.632427  
     198A      0.637157   199A      0.646962   200A      0.652506  
     201A      0.656348   202A      0.665481   203A      0.672192  
     204A      0.674753   205A      0.682649   206A      0.692095  
     207A      0.696094   208A      0.699894   209A      0.702306  
     210A      0.710532   211A      0.719513   212A      0.725071  
     213A      0.728705   214A      0.736901   215A      0.738616  
     216A      0.741805   217A      0.751811   218A      0.757133  
     219A      0.771366   220A      0.772918   221A      0.776360  
     222A      0.787780   223A      0.791283   224A      0.793860  
     225A      0.794305   226A      0.805104   227A      0.808568  
     228A      0.813845   229A      0.824264   230A      0.829901  
     231A      0.836454   232A      0.847289   233A      0.854919  
     234A      0.862990   235A      0.868427   236A      0.873917  
     237A      0.893299   238A      0.900705   239A      0.910627  
     240A      0.924870   241A      0.933378   242A      0.937117  
     243A      0.946494   244A      0.958374   245A      0.962304  
     246A      0.973662   247A      0.983749   248A      0.988109  
     249A      0.989907   250A      0.991975   251A      0.994600  
     252A      1.001431   253A      1.018525   254A      1.033409  
     255A      1.043659   256A      1.046110   257A      1.050632  
     258A      1.056903   259A      1.065104   260A      1.076472  
     261A      1.082324   262A      1.084278   263A      1.089207  
     264A      1.094075   265A      1.113961   266A      1.116681  
     267A      1.133916   268A      1.136942   269A      1.154563  
     270A      1.177829   271A      1.187528   272A      1.193723  
     273A      1.204564   274A      1.218327   275A      1.223942  
     276A      1.228216   277A      1.233941   278A      1.245400  
     279A      1.252824   280A      1.266920   281A      1.284773  
     282A      1.301824   283A      1.313679   284A      1.332703  
     285A      1.341707   286A      1.352147   287A      1.378411  
     288A      1.394043   289A      1.398085   290A      1.412482  
     291A      1.438744   292A      1.454906   293A      1.462853  
     294A      1.486538   295A      1.512304   296A      1.524335  
     297A      1.529562   298A      1.538914   299A      1.558808  
     300A      1.565339   301A      1.572486   302A      1.577899  
     303A      1.593383   304A      1.601001   305A      1.603641  
     306A      1.606632   307A      1.614213   308A      1.617262  
     309A      1.626899   310A      1.633906   311A      1.643468  
     312A      1.655384   313A      1.660832   314A      1.673167  
     315A      1.685822   316A      1.688453   317A      1.703619  
     318A      1.714695   319A      1.719769   320A      1.724236  
     321A      1.726765   322A      1.749979   323A      1.758244  
     324A      1.774774   325A      1.777220   326A      1.783737  
     327A      1.791298   328A      1.796191   329A      1.816013  
     330A      1.827128   331A      1.830578   332A      1.840922  
     333A      1.856344   334A      1.859358   335A      1.861375  
     336A      1.867583   337A      1.882636   338A      1.906607  
     339A      1.918222   340A      1.923205   341A      1.951356  
     342A      1.954558   343A      1.968688   344A      1.977848  
     345A      1.986316   346A      2.004956   347A      2.026476  
     348A      2.035267   349A      2.036850   350A      2.051391  
     351A      2.058887   352A      2.078292   353A      2.088837  
     354A      2.095745   355A      2.109982   356A      2.129138  
     357A      2.140774   358A      2.148585   359A      2.154851  
     360A      2.167269   361A      2.178634   362A      2.195438  
     363A      2.205871   364A      2.208843   365A      2.223006  
     366A      2.232595   367A      2.251748   368A      2.260075  
     369A      2.274448   370A      2.297225   371A      2.327046  
     372A      2.331688   373A      2.337429   374A      2.346973  
     375A      2.360588   376A      2.366850   377A      2.395079  
     378A      2.407465   379A      2.427974   380A      2.443855  
     381A      2.491700   382A      2.496250   383A      2.498124  
     384A      2.508182   385A      2.511289   386A      2.515262  
     387A      2.521999   388A      2.540292   389A      2.563947  
     390A      2.569801   391A      2.579414   392A      2.594866  
     393A      2.606252   394A      2.631858   395A      2.662996  
     396A      2.669121   397A      2.680873   398A      2.686871  
     399A      2.702932   400A      2.712598   401A      2.734251  
     402A      2.740001   403A      2.747669   404A      2.755343  
     405A      2.762577   406A      2.772299   407A      2.781850  
     408A      2.785629   409A      2.792980   410A      2.809083  
     411A      2.818209   412A      2.823897   413A      2.841353  
     414A      2.843101   415A      2.856495   416A      2.857934  
     417A      2.878877   418A      2.883995   419A      2.892862  
     420A      2.911567   421A      2.927599   422A      2.939026  
     423A      2.962362   424A      2.963928   425A      2.968716  
     426A      2.970329   427A      2.995328   428A      3.004806  
     429A      3.012730   430A      3.017874   431A      3.029524  
     432A      3.031221   433A      3.041744   434A      3.047607  
     435A      3.067393   436A      3.074533   437A      3.099858  
     438A      3.107197   439A      3.114846   440A      3.121151  
     441A      3.143837   442A      3.178074   443A      3.182675  
     444A      3.275259   445A      3.302880   446A      3.335202  
     447A      3.363265   448A      3.413533   449A      3.448254  
     450A      3.464448   451A      3.472659   452A      3.510818  
     453A      3.521215   454A      3.584780   455A      3.609895  
     456A      3.623588   457A      3.632077   458A      3.665113  
     459A      3.676113   460A      3.711421   461A      3.736904  
     462A      3.764117   463A      3.804948   464A      3.811790  
     465A      3.849137   466A      3.859943   467A      3.866688  
     468A      3.891330   469A      3.907475   470A      3.913843  
     471A      3.923080   472A      3.970936   473A      4.000409  
     474A      4.020188   475A      4.040586   476A      4.052626  
     477A      4.064087   478A      4.156888   479A      4.216381  
     480A      4.280689   481A      4.317400   482A      4.380731  
     483A      4.472160   484A      4.526922   485A      4.599555  
     486A      4.935054   487A      4.952563   488A      4.972036  
     489A      4.985583   490A      5.078527   491A      5.191077  
     492A      5.213567   493A      5.393352   494A      5.416548  
     495A      5.912574   496A     23.747585   497A     23.860535  
     498A     23.992408   499A     24.005836   500A     24.024052  
     501A     24.046116   502A     24.054563   503A     24.067547  
     504A     24.100691   505A     24.118638   506A     24.159453  
     507A     24.252682   508A     24.318070   509A     24.378867  
     510A     35.645681   511A     35.760836   512A     35.780345  
     513A     35.826494   514A     50.165075  

    Final Occupation by Irrep:
              A 
    DOCC [    68 ]
    NA   [    68 ]
    NB   [    68 ]

  @DF-RKS Final Energy:  -837.27386717533909

   => Energetics <=

    Nuclear Repulsion Energy =           1280.9921574192974276
    One-Electron Energy =               -3676.4010222625520328
    Two-Electron Energy =                1639.6757289213317108
    DFT Exchange-Correlation Energy =     -81.5193364164652507
    Empirical Dispersion Energy =          -0.0213948369511869
    VV10 Nonlocal Energy =                  0.0000000000000000
    Total Energy =                       -837.2738671753390918

Computation Completed


Properties will be evaluated at   0.000000,   0.000000,   0.000000 [a0]

Properties computed using the SCF density matrix


 Multipole Moments:

 ------------------------------------------------------------------------------------
     Multipole            Electronic (a.u.)      Nuclear  (a.u.)        Total (a.u.)
 ------------------------------------------------------------------------------------

 L = 1.  Multiply by 2.5417464519 to convert [e a0] to [Debye]
 Dipole X            :        237.7867157         -235.2011128            2.5856030
 Dipole Y            :        -42.4032365           41.4030542           -1.0001822
 Dipole Z            :         -6.7037749            6.5499851           -0.1537898
 Magnitude           :                                                    2.7765732

 ------------------------------------------------------------------------------------

*** tstop() called on eristm01.eisai.local at Wed May 20 08:36:16 2026
Module time:
	user time   =     513.77 seconds =       8.56 minutes
	system time =      21.88 seconds =       0.36 minutes
	total time  =         75 seconds =       1.25 minutes
Total time:
	user time   =    1644.09 seconds =      27.40 minutes
	system time =      79.61 seconds =       1.33 minutes
	total time  =        242 seconds =       4.03 minutes

*** tstart() called on eristm01.eisai.local
*** at Wed May 20 08:36:16 2026


         ------------------------------------------------------------
                                   SCF GRAD                          
                          Rob Parrish, Justin Turney,                
                       Andy Simmonett, and Alex Sokolov              
         ------------------------------------------------------------

  ==> Geometry <==

    Molecular point group: c1
    Full point group: C1

    Geometry (in Angstrom), charge = 0, multiplicity = 1:

       Center              X                  Y                   Z               Mass       
    ------------   -----------------  -----------------  -----------------  -----------------
         C            1.560075101464     1.479758172441     0.376438329831    12.000000000000
         C            0.068533378178     1.517904641002     0.342641715294    12.000000000000
         O           -0.526986508690     2.576167779467     0.353211408400    15.994914619570
         N           -0.559923551057     0.293490301540     0.344965780642    14.003074004430
         C           -1.931985649919     0.016840504762     0.255567137151    12.000000000000
         C           -2.309180878148    -1.354431686027     0.302662565490    12.000000000000
         H           -1.533011662599    -2.107870036743     0.404954340286     1.007825032230
         C           -3.615401845217    -1.743249584945     0.227017576275    12.000000000000
         C           -4.635037842322    -0.770818565215     0.097394615986    12.000000000000
         N           -5.934622189108    -1.151473983572     0.020529167504    14.003074004430
         C           -6.819920336051    -0.195789275685    -0.096617007669    12.000000000000
         N           -6.581236350738     1.135772490411    -0.148950354394    14.003074004430
         C           -5.328555970368     1.511396456442    -0.075617930432    12.000000000000
         H           -5.124428002080     2.579966748826    -0.115579300790     1.007825032230
         C           -4.259422899268     0.593649973024     0.052061699423    12.000000000000
         C           -2.904072281049     0.983424093021     0.132804325473    12.000000000000
         C            2.337429685389     0.591291839597    -0.237580307075    12.000000000000
         C            3.839304563943     0.647890141545    -0.239292602605    12.000000000000
         N            4.433181119033    -0.674715599332    -0.069084398517    14.003074004430
         C            4.453286157339    -1.426893660980    -1.312870671015    12.000000000000
         C            5.761237334940    -0.599385239861     0.518374344298    12.000000000000
         H            1.998431277222     2.331888695454     0.887941089617     1.007825032230
         H            0.038043243778    -0.507024140223     0.468479767070     1.007825032230
         H           -3.899924147274    -2.787748686553     0.264176527137     1.007825032230
         H           -7.863085822008    -0.492662449859    -0.158846054310     1.007825032230
         H           -2.633059290296     2.029217181749     0.100062359219     1.007825032230
         H            1.898780015629    -0.219914458719    -0.815443514183     1.007825032230
         H            4.188321701902     1.123688024261    -1.176213333758     1.007825032230
         H            4.169943370810     1.290073482394     0.579925438880     1.007825032230
         H            5.101947525221    -0.957411204353    -2.074968937865     1.007825032230
         H            4.819457991481    -2.438869607803    -1.126933525716     1.007825032230
         H            3.449219692739    -1.510835347879    -1.734378445219     1.007825032230
         H            5.714739043615    -0.098809872082     1.487962045449     1.007825032230
         H            6.147499276468    -1.608341899103     0.680023686721     1.007825032230
         H            6.480424747043    -0.056175227002    -0.120874674412     1.007825032230

  Nuclear repulsion = 1280.992157419297428

  ==> Basis Set <==

  Basis Set: 6-311+G(D,P)
    Blend: 6-311+G(D,P)
    Number of shells: 254
    Number of basis functions: 514
    Number of Cartesian functions: 533
    Spherical Harmonics?: true
    Max angular momentum: 2

  ==> DFJKGrad: Density-Fitted SCF Gradients <==

    Gradient:                    1
    J tasked:                  Yes
    K tasked:                  Yes
    wK tasked:                 Yes
    Omega:               2.000E-01
    OpenMP threads:              8
    Integrals threads:           8
    Memory [MiB]:             5722
    Schwarz Cutoff:          1E-12
    Fitting Condition:       1E-10

   => Auxiliary Basis Set <=

  Basis Set: (6-311+G(D,P) AUX)
    Blend: HEAVY-AUG-CC-PVTZ-JKFIT
    Number of shells: 730
    Number of basis functions: 2456
    Number of Cartesian functions: 3049
    Spherical Harmonics?: true
    Max angular momentum: 4

  ==> DFT Potential <==

   => LibXC <=

    Version 7.0.0
    S. Lehtola, C. Steigemann, M. J.T. Oliveira, and M. A.L. Marques.,  SoftwareX 7, 1–5 (2018) (10.1016/j.softx.2017.11.002)

   => Composite Functional: WB97X-D <= 

    wB97X-D Hyb-GGA Exchange-Correlation Functional

    J.-D. Chai and M. Head-Gordon.,  Phys. Chem. Chem. Phys. 10, 6615-6620 (2008) (10.1039/B810189B)

    Deriv               =              1
    GGA                 =           TRUE
    Meta                =          FALSE

    Exchange Hybrid     =           TRUE
    MP2 Hybrid          =          FALSE

   => Exchange-Correlation Functionals <=

    1.0000   wB97X-D range-separated functional

   => Exact (HF) Exchange <=

    0.7780            HF,LR [omega = 0.2000]
    0.2220               HF 

   => LibXC Density Thresholds  <==

    XC_HYB_GGA_XC_WB97X_D:  1.00E-14 

   => Molecular Quadrature <=

    Radial Scheme          =       TREUTLER
    Pruning Scheme         =           NONE
    Nuclear Scheme         =       TREUTLER

    Blocking Scheme        =         OCTREE
    BS radius alpha        =              1
    Pruning alpha          =              1
    Radial Points          =             75
    Spherical Points       =            302
    Total Points           =         730739
    Total Blocks           =           5275
    Max Points             =            256
    Max Functions          =            353
    Weights Tolerance      =       1.00E-15


  -Total Gradient:
     Atom            X                  Y                   Z
    ------   -----------------  -----------------  -----------------
       1       -0.000333409770     0.000540633601     0.001144606405
       2        0.000892886793     0.000039095907    -0.003751668897
       3       -0.000324497343    -0.001151746540     0.001712999520
       4       -0.002817301868     0.001142321623     0.002098361218
       5        0.002619877549    -0.002400490349    -0.000617862025
       6       -0.000016842393     0.000723579285    -0.000254943577
       7        0.000210483083     0.000102438690     0.000195793667
       8       -0.000899824560     0.000379037887    -0.000045777846
       9       -0.002079707288    -0.004174150130     0.000136842259
      10        0.002005592308     0.001023060000     0.000091539519
      11       -0.001294739204     0.002324231547    -0.000303850083
      12        0.000004781487    -0.003185079888     0.000208908367
      13        0.000712012380     0.000290657033     0.000029314123
      14       -0.000067568899     0.000035694806     0.000059225116
      15        0.001377025548     0.004335866940    -0.000156281100
      16       -0.001642722657    -0.000495233257     0.000563825499
      17       -0.000045890982     0.000466046281     0.000825565987
      18       -0.000230393948     0.000613082012     0.000107180182
      19        0.000322320421     0.000315724747    -0.000428150777
      20       -0.000564751111    -0.000810183144    -0.001119612452
      21        0.000958202973     0.000044839486     0.001191600378
      22        0.000635343421     0.000017793101    -0.000553838379
      23       -0.000761833629     0.000436161563     0.000101342467
      24       -0.000265345202     0.000055852535    -0.000057555747
      25       -0.000311131957    -0.000351482567    -0.000047674713
      26        0.000319319057     0.000161143907    -0.000217762969
      27        0.001390816825     0.000144602451    -0.000672111500
      28       -0.000080886560    -0.000178627456    -0.000138384547
      29        0.000040499345    -0.000227833566    -0.000208822880
      30       -0.000173128619    -0.000084506097     0.000152199552
      31        0.000081168776    -0.000019854501    -0.000253704802
      32        0.000155288299    -0.000125854886    -0.000256934404
      33        0.000198286087    -0.000046144751     0.000035858521
      34        0.000164089256     0.000101457788     0.000146925944
      35       -0.000221747115    -0.000073234546     0.000161580458


*** tstop() called on eristm01.eisai.local at Wed May 20 08:36:44 2026
Module time:
	user time   =     182.28 seconds =       3.04 minutes
	system time =       3.95 seconds =       0.07 minutes
	total time  =         28 seconds =       0.47 minutes
Total time:
	user time   =    1826.38 seconds =      30.44 minutes
	system time =      83.56 seconds =       1.39 minutes
	total time  =        270 seconds =       4.50 minutes

    			-----------------------------------------

    			 OPTKING 3.0: for geometry optimizations 

    			     By R.A. King, Bethel University     

    			        with contributions from          

    			    A.V. Copan, J. Cayton, A. Heide      

    			-----------------------------------------

    
	                            ===> Fragment 1 <== 

	 Z (Atomic Numbers)          Masses                          Geom                  
	       6.000000            12.000000          2.94811468  2.79633768  0.71136535   
	       6.000000            12.000000          0.12950932  2.86842406  0.64749900   
	       8.000000            15.994915         -0.99586017  4.86825156  0.66747283   
	       7.000000            14.003074         -1.05810216  0.55461629  0.65189085   
	       6.000000            12.000000         -3.65092376  0.03182394  0.48295190   
	       6.000000            12.000000         -4.36371943 -2.55950494  0.57194936   
	       1.000000             1.007825         -2.89697219 -3.98329708  0.76525280   
	       6.000000            12.000000         -6.83211932 -3.29426428  0.42900104   
	       6.000000            12.000000         -8.75895210 -1.45663598  0.18404915   
	       7.000000            14.003074        -11.21481060  -2.17597047   0.03879450 
	       6.000000            12.000000        -12.88778163  -0.36998811  -0.18257968 
	       7.000000            14.003074        -12.43673427   2.14629895  -0.28147538 
	       6.000000            12.000000        -10.06951143   2.85612537  -0.14289718 
	       1.000000             1.007825         -9.68376547  4.87543057 -0.21841322   
	       6.000000            12.000000         -8.04914273  1.12183586  0.09838235   
	       6.000000            12.000000         -5.48790126  1.85840220  0.25096380   
	       6.000000            12.000000          4.41710194  1.11737964 -0.44896171   
	       6.000000            12.000000          7.25523414  1.22433493 -0.45219748   
	       7.000000            14.003074          8.37749818 -1.27502770 -0.13055059   
	       6.000000            12.000000          8.41549120 -2.69643823 -2.48096601   
	       6.000000            12.000000         10.88716071 -1.13267395  0.97958554   
	       1.000000             1.007825          3.77648779  4.40663099  1.67796547   
	       1.000000             1.007825          0.07189131 -0.95813676  0.88529846   
	       1.000000             1.007825         -7.36978855 -5.26808152  0.49922129   
	       1.000000             1.007825        -14.85907870  -0.93099710  -0.30017554 
	       1.000000             1.007825         -4.97576093  3.83466472  0.18909045   
	       1.000000             1.007825          3.58817420 -0.41557810 -1.54096491   
	       1.000000             1.007825          7.91478094  2.12346262 -2.22272107   
	       1.000000             1.007825          7.88005093  2.43788556  1.09590025   
	       1.000000             1.007825          9.64128353 -1.80924497 -3.92112301   
	       1.000000             1.007825          9.10745568 -4.60879561 -2.12959573   
	       1.000000             1.007825          6.51808057 -2.85506503 -3.27750026   
	       1.000000             1.007825         10.79929167 -0.18672360  2.81184075   
	       1.000000             1.007825         11.61708999 -3.03932571  1.28505853   
	       1.000000             1.007825         12.24622795 -0.10615579 -0.22842003   

	 - Coordinate -           - BOHR/RAD -       - ANG/DEG -
	 H(3,26)          =         4.139657           2.190612
	 R(1,2)           =         2.820250           1.492412
	 R(1,17)          =         2.514594           1.330666
	 R(1,22)          =         2.052696           1.086240
	 R(2,3)           =         2.294813           1.214363
	 R(2,4)           =         2.600797           1.376283
	 R(4,5)           =         2.650392           1.402527
	 R(4,23)          =         1.902574           1.006799
	 R(5,6)           =         2.689049           1.422983
	 R(5,16)          =         2.600902           1.376338
	 R(6,7)           =         2.053265           1.086541
	 R(6,8)           =         2.579400           1.364960
	 R(8,9)           =         2.673867           1.414949
	 R(8,24)          =         2.046942           1.083195
	 R(9,10)          =         2.563159           1.356365
	 R(9,15)          =         2.675759           1.415951
	 R(10,11)         =         2.471722           1.307979
	 R(11,12)         =         2.558305           1.353797
	 R(11,25)         =         2.052942           1.086370
	 R(12,13)         =         2.475238           1.309839
	 R(13,14)         =         2.057206           1.088626
	 R(13,15)         =         2.673549           1.414781
	 R(15,16)         =         2.669414           1.412593
	 R(16,26)         =         2.042481           1.080835
	 R(17,18)         =         2.840149           1.502942
	 R(17,27)         =         2.056587           1.088299
	 R(18,19)         =         2.758577           1.459776
	 R(18,28)         =         2.092412           1.107257
	 R(18,29)         =         2.063906           1.092172
	 R(19,20)         =         2.747054           1.453678
	 R(19,21)         =         2.747922           1.454137
	 R(20,30)         =         2.088955           1.105427
	 R(20,31)         =         2.063828           1.092131
	 R(20,32)         =         2.063927           1.092183
	 R(21,33)         =         2.063905           1.092171
	 R(21,34)         =         2.064323           1.092393
	 R(21,35)         =         2.088081           1.104965
	 B(1,2,3)         =         2.108527         120.809722
	 B(1,2,4)         =         2.019268         115.695560
	 B(1,17,18)       =         2.164159         123.997153
	 B(1,17,27)       =         2.102772         120.479978
	 B(2,1,17)        =         2.202426         126.189705
	 B(2,1,22)        =         1.975700         113.199289
	 B(2,4,5)         =         2.242208         128.469083
	 B(2,4,23)        =         2.022357         115.872527
	 B(3,2,4)         =         2.154774         123.459461
	 B(4,5,6)         =         2.034528         116.569886
	 B(4,5,16)        =         2.162893         123.924638
	 B(5,4,23)        =         2.017519         115.595299
	 B(5,6,7)         =         2.073721         118.815455
	 B(5,6,8)         =         2.125084         121.758321
	 B(5,16,15)       =         2.081718         119.273681
	 B(5,16,26)       =         2.100321         120.339515
	 B(6,5,16)        =         2.085756         119.505029
	 B(6,8,9)         =         2.093141         119.928167
	 B(6,8,24)        =         2.122507         121.610717
	 B(7,6,8)         =         2.084375         119.425908
	 B(8,9,10)        =         2.097594         120.183267
	 B(8,9,15)        =         2.064669         118.296824
	 B(9,8,24)        =         2.067536         118.461107
	 B(9,10,11)       =         2.035917         116.649472
	 B(9,15,13)       =         2.012548         115.310530
	 B(9,15,16)       =         2.115998         121.237730
	 B(10,9,15)       =         2.120922         121.519897
	 B(10,11,12)      =         2.217786         127.069750
	 B(10,11,25)      =         2.043606         117.089984
	 B(11,12,13)      =         2.035894         116.648141
	 B(12,11,25)      =         2.021794         115.840256
	 B(12,13,14)      =         2.047395         117.307100
	 B(12,13,15)      =         2.143302         122.802147
	 B(13,15,16)      =         2.154638         123.451673
	 B(14,13,15)      =         2.092488         119.890725
	 B(15,16,26)      =         2.101145         120.386742
	 B(17,1,22)       =         2.100551         120.352706
	 B(17,18,19)      =         1.952267         111.856656
	 B(17,18,28)      =         1.909359         109.398187
	 B(17,18,29)      =         1.900548         108.893388
	 B(18,17,27)      =         2.015554         115.482718
	 B(18,19,20)      =         1.954840         112.004088
	 B(18,19,21)      =         1.951659         111.821842
	 B(19,18,28)      =         1.938803         111.085255
	 B(19,18,29)      =         1.898761         108.790979
	 B(19,20,30)      =         1.958682         112.224210
	 B(19,20,31)      =         1.916036         109.780796
	 B(19,20,32)      =         1.936130         110.932103
	 B(19,21,33)      =         1.921447         110.090777
	 B(19,21,34)      =         1.912262         109.564531
	 B(19,21,35)      =         1.967287         112.717265
	 B(20,19,21)      =         1.938886         111.090001
	 B(28,18,29)      =         1.861476         106.654746
	 B(30,20,31)      =         1.890376         108.310588
	 B(30,20,32)      =         1.881816         107.820092
	 B(31,20,32)      =         1.878343         107.621110
	 B(33,21,34)      =         1.882845         107.879061
	 B(33,21,35)      =         1.892289         108.420155
	 B(34,21,35)      =         1.885491         108.030653
	 D(1,2,4,5)       =        -3.084690        -176.739731
	 D(1,2,4,23)      =         0.110000           6.302514
	 D(1,17,18,19)    =         2.425836         138.990178
	 D(1,17,18,28)    =        -1.701564         -97.492455
	 D(1,17,18,29)    =         0.326689          18.717892
	 D(2,1,17,18)     =         3.073534         176.100515
	 D(2,1,17,27)     =        -0.025979          -1.488507
	 D(2,4,5,6)       =         3.157735         180.924863
	 D(2,4,5,16)      =         0.011864           0.679735
	 D(3,2,1,17)      =        -2.536081        -145.306726
	 D(3,2,1,22)      =         0.503121          28.826712
	 D(3,2,4,5)       =         0.094398           5.408598
	 D(3,2,4,23)      =        -2.994098        -171.549157
	 D(4,2,1,17)      =         0.641933          36.780050
	 D(4,2,1,22)      =        -2.602051        -149.086512
	 D(4,5,6,7)       =         0.001430           0.081915
	 D(4,5,6,8)       =        -3.143756        -180.123963
	 D(4,5,16,15)     =         3.142896         180.074675
	 D(4,5,16,26)     =        -0.000280          -0.016025
	 D(5,6,8,9)       =         0.000574           0.032900
	 D(5,6,8,24)      =         3.142758         180.066762
	 D(5,16,15,9)     =         0.001909           0.109367
	 D(5,16,15,13)    =         3.141782         180.010858
	 D(6,5,4,23)      =        -0.036831          -2.110288
	 D(6,5,16,15)     =        -0.003093          -0.177234
	 D(6,5,16,26)     =         3.136916         179.732065
	 D(6,8,9,10)      =         3.140520         179.938564
	 D(6,8,9,15)      =        -0.001758          -0.100739
	 D(7,6,5,16)      =        -3.136084        -179.684375
	 D(7,6,8,9)       =         3.138552         179.825797
	 D(7,6,8,24)      =        -0.002449          -0.140341
	 D(8,6,5,16)      =         0.001915           0.109747
	 D(8,9,10,11)     =         3.140339         179.928152
	 D(8,9,15,13)     =        -3.139467        -179.878215
	 D(8,9,15,16)     =         0.000539           0.030867
	 D(9,10,11,12)    =        -0.000757          -0.043383
	 D(9,10,11,25)    =         3.141523         179.996036
	 D(9,15,13,12)    =        -0.001182          -0.067736
	 D(9,15,13,14)    =         3.139313         179.869378
	 D(9,15,16,26)    =         3.145085         180.200110
	 D(10,9,8,24)     =        -0.001645          -0.094238
	 D(10,9,15,13)    =         0.001430           0.081931
	 D(10,9,15,16)    =        -3.141750        -180.008988
	 D(10,11,12,13)   =         0.001010           0.057877
	 D(11,10,9,15)    =        -0.000545          -0.031252
	 D(11,12,13,14)   =        -3.140460        -179.935086
	 D(11,12,13,15)   =         0.000062           0.003556
	 D(12,13,15,16)   =         3.142037         180.025435
	 D(13,12,11,25)   =        -3.141263        -179.981116
	 D(13,15,16,26)   =         0.001773           0.101602
	 D(14,13,15,16)   =        -0.000654          -0.037450
	 D(15,9,8,24)     =         3.139262         179.866459
	 D(16,5,4,23)     =         3.100483         177.644583
	 D(17,18,19,20)   =         1.402456          80.354814
	 D(17,18,19,21)   =        -2.691361        -154.203642
	 D(18,17,1,22)    =         0.041027           2.350687
	 D(18,19,20,30)   =         1.127450          64.598108
	 D(18,19,20,31)   =        -3.052535        -174.897369
	 D(18,19,20,32)   =        -0.978803         -56.081259
	 D(18,19,21,33)   =         1.019378          58.406065
	 D(18,19,21,34)   =         3.087321         176.890444
	 D(18,19,21,35)   =        -1.095796         -62.784474
	 D(19,18,17,27)   =        -0.755928         -43.311481
	 D(20,19,18,28)   =        -0.736633         -42.205961
	 D(20,19,18,29)   =        -2.780538        -159.313100
	 D(20,19,21,33)   =        -3.065670        -175.649954
	 D(20,19,21,34)   =        -0.997728         -57.165576
	 D(20,19,21,35)   =         1.102341          63.159506
	 D(21,19,18,28)   =         1.452735          83.235583
	 D(21,19,18,29)   =        -0.591170         -33.871556
	 D(21,19,20,30)   =        -1.068919         -61.244574
	 D(21,19,20,31)   =         1.034281          59.259950
	 D(21,19,20,32)   =         3.108014         178.076060
	 D(22,1,17,27)    =        -3.058486        -175.238335
	 D(27,17,18,28)   =         1.399857          80.205886
	 D(27,17,18,29)   =        -2.855075        -163.583767


	        --- Internal Coordinate Step in ANG or DEG, aJ/ANG or AJ/DEG ---
	-------------------------------------------------------------------------------
	           Coordinate      Previous         Force          Change          New 
	           ----------      --------        ------          ------        ------
	              H(3,26)       2.19061        0.00381        0.00640       2.19701
	               R(1,2)       1.49241       -0.01899       -0.00082       1.49159
	              R(1,17)       1.33067       -0.01063       -0.00037       1.33030
	              R(1,22)       1.08624       -0.00007        0.00117       1.08741
	               R(2,3)       1.21436        0.00778        0.00079       1.21516
	               R(2,4)       1.37628       -0.00984        0.00036       1.37664
	               R(4,5)       1.40253       -0.00026        0.00277       1.40529
	              R(4,23)       1.00680        0.00651       -0.00011       1.00669
	               R(5,6)       1.42298        0.00160        0.00179       1.42477
	              R(5,16)       1.37634       -0.01284       -0.00119       1.37515
	               R(6,7)       1.08654       -0.00079        0.00098       1.08752
	               R(6,8)       1.36496       -0.00939       -0.00058       1.36438
	               R(8,9)       1.41495        0.00536        0.00159       1.41654
	              R(8,24)       1.08320       -0.00007        0.00118       1.08438
	              R(9,10)       1.35637        0.01101        0.00312       1.35948
	              R(9,15)       1.41595       -0.02215       -0.00458       1.41138
	             R(10,11)       1.30798       -0.00357        0.00129       1.30927
	             R(11,12)       1.35380        0.01674        0.00461       1.35841
	             R(11,25)       1.08637       -0.00325        0.00039       1.08676
	             R(12,13)       1.30984       -0.00823        0.00033       1.31017
	             R(13,14)       1.08863       -0.00021        0.00116       1.08978
	             R(13,15)       1.41478        0.00291        0.00066       1.41544
	             R(15,16)       1.41259        0.00474        0.00254       1.41513
	             R(16,26)       1.08083       -0.00021        0.00063       1.08146
	             R(17,18)       1.50294       -0.00528        0.00070       1.50364
	             R(17,27)       1.08830        0.00256        0.00194       1.09024
	             R(18,19)       1.45978       -0.00849       -0.00083       1.45894
	             R(18,28)       1.10726       -0.00011        0.00001       1.10726
	             R(18,29)       1.09217        0.00230        0.00047       1.09264
	             R(19,20)       1.45368       -0.01449       -0.00079       1.45289
	             R(19,21)       1.45414       -0.01358       -0.00054       1.45359
	             R(20,30)       1.10543        0.00215        0.00116       1.10659
	             R(20,31)       1.09213       -0.00015        0.00074       1.09287
	             R(20,32)       1.09218        0.00034        0.00107       1.09326
	             R(21,33)       1.09217       -0.00012        0.00081       1.09298
	             R(21,34)       1.09239        0.00011        0.00084       1.09323
	             R(21,35)       1.10496        0.00230        0.00129       1.10626
	             B(1,2,3)     120.80972        0.00013        0.03458     120.84430
	             B(1,2,4)     115.69556       -0.00032       -0.48218     115.21338
	           B(1,17,18)     123.99715        0.00003        0.11560     124.11276
	           B(1,17,27)     120.47998       -0.00012       -0.61455     119.86543
	            B(2,1,17)     126.18970       -0.00026       -0.67454     125.51516
	            B(2,1,22)     113.19929        0.00008        0.13499     113.33428
	             B(2,4,5)     128.46908       -0.00008       -0.19181     128.27727
	            B(2,4,23)     115.87253        0.00002       -0.15013     115.72240
	             B(3,2,4)     123.45946        0.00020        0.35779     123.81725
	             B(4,5,6)     116.56989       -0.00008       -0.33952     116.23037
	            B(4,5,16)     123.92464        0.00002        0.27484     124.19947
	            B(5,4,23)     115.59530        0.00006        0.29148     115.88678
	             B(5,6,7)     118.81545        0.00003        0.17953     118.99498
	             B(5,6,8)     121.75832       -0.00003       -0.01308     121.74524
	           B(5,16,15)     119.27368       -0.00005       -0.22646     119.04722
	           B(5,16,26)     120.33952        0.00002       -0.01167     120.32785
	            B(6,5,16)     119.50503        0.00006        0.06493     119.56996
	             B(6,8,9)     119.92817       -0.00002       -0.03708     119.89109
	            B(6,8,24)     121.61072       -0.00001       -0.09124     121.51948
	             B(7,6,8)     119.42591       -0.00000       -0.16620     119.25971
	            B(8,9,10)     120.18327       -0.00003       -0.05952     120.12375
	            B(8,9,15)     118.29682        0.00003       -0.03878     118.25805
	            B(9,8,24)     118.46111        0.00003        0.12821     118.58932
	           B(9,10,11)     116.64947       -0.00006       -0.26394     116.38553
	           B(9,15,13)     115.31053        0.00007        0.16703     115.47756
	           B(9,15,16)     121.23773        0.00003        0.25041     121.48814
	           B(10,9,15)     121.51990        0.00000        0.09813     121.61803
	          B(10,11,12)     127.06975        0.00007        0.23079     127.30054
	          B(10,11,25)     117.08998       -0.00001       -0.03490     117.05508
	          B(11,12,13)     116.64814       -0.00010       -0.34645     116.30169
	          B(12,11,25)     115.84026       -0.00005       -0.19588     115.64438
	          B(12,13,14)     117.30710       -0.00001        0.09913     117.40623
	          B(12,13,15)     122.80215        0.00003        0.11437     122.91651
	          B(13,15,16)     123.45167       -0.00009       -0.41765     123.03402
	          B(14,13,15)     119.89072       -0.00002       -0.21353     119.67719
	          B(15,16,26)     120.38674        0.00004        0.23502     120.62177
	           B(17,1,22)     120.35271        0.00019        0.62720     120.97991
	          B(17,18,19)     111.85666       -0.00007       -0.06605     111.79061
	          B(17,18,28)     109.39819        0.00001        0.13073     109.52892
	          B(17,18,29)     108.89339        0.00002        0.04787     108.94126
	          B(18,17,27)     115.48272        0.00009        0.51989     116.00260
	          B(18,19,20)     112.00409        0.00001       -0.18213     111.82196
	          B(18,19,21)     111.82184        0.00002       -0.10257     111.71927
	          B(19,18,28)     111.08525        0.00003        0.04866     111.13392
	          B(19,18,29)     108.79098        0.00002        0.05502     108.84600
	          B(19,20,30)     112.22421        0.00001       -0.00035     112.22386
	          B(19,20,31)     109.78080       -0.00002        0.11997     109.90076
	          B(19,20,32)     110.93210       -0.00003        0.03993     110.97203
	          B(19,21,33)     110.09078       -0.00002        0.10230     110.19308
	          B(19,21,34)     109.56453       -0.00003        0.07343     109.63797
	          B(19,21,35)     112.71726        0.00001        0.01254     112.72980
	          B(20,19,21)     111.09000       -0.00005       -0.27240     110.81760
	          B(28,18,29)     106.65475       -0.00001       -0.22424     106.43050
	          B(30,20,31)     108.31059        0.00001        0.01044     108.32103
	          B(30,20,32)     107.82009        0.00001       -0.05592     107.76417
	          B(31,20,32)     107.62111        0.00002       -0.12329     107.49782
	          B(33,21,34)     107.87906        0.00002       -0.05591     107.82315
	          B(33,21,35)     108.42015        0.00001       -0.04468     108.37547
	          B(34,21,35)     108.03065        0.00000       -0.09582     107.93483
	           D(1,2,4,5)    -176.73973        0.00003        2.10154    -174.63819
	          D(1,2,4,23)       6.30251        0.00004        3.12762       9.43014
	        D(1,17,18,19)     138.99018       -0.00001       -0.54680     138.44338
	        D(1,17,18,28)     -97.49246       -0.00001       -0.43662     -97.92908
	        D(1,17,18,29)      18.71789       -0.00001       -0.60560      18.11229
	         D(2,1,17,18)     176.10052        0.00001        0.63810     176.73862
	         D(2,1,17,27)      -1.48851       -0.00002       -0.11280      -1.60131
	           D(2,4,5,6)     180.92486       -0.00000        0.54856     181.47342
	          D(2,4,5,16)       0.67973        0.00001        0.62930       1.30904
	          D(3,2,1,17)    -145.30673        0.00002        1.69622    -143.61051
	          D(3,2,1,22)      28.82671        0.00006        2.82733      31.65404
	           D(3,2,4,5)       5.40860       -0.00009       -4.09229       1.31631
	          D(3,2,4,23)    -171.54916       -0.00008       -3.06620    -174.61536
	          D(4,2,1,17)      36.78005       -0.00010       -4.30511      32.47494
	          D(4,2,1,22)    -149.08651       -0.00006       -3.17400    -152.26051
	           D(4,5,6,7)       0.08192       -0.00001       -0.31758      -0.23566
	           D(4,5,6,8)    -180.12396        0.00000       -0.21071    -180.33467
	         D(4,5,16,15)     180.07468        0.00000        0.25741     180.33208
	         D(4,5,16,26)      -0.01602       -0.00001       -0.29484      -0.31087
	           D(5,6,8,9)       0.03290       -0.00000        0.01203       0.04493
	          D(5,6,8,24)     180.06676        0.00000        0.10191     180.16867
	         D(5,16,15,9)       0.10937       -0.00001       -0.13160      -0.02223
	        D(5,16,15,13)     180.01086       -0.00001       -0.23491     179.77594
	          D(6,5,4,23)      -2.11029       -0.00001       -0.49028      -2.60057
	         D(6,5,16,15)      -0.17723        0.00001        0.33977       0.16254
	         D(6,5,16,26)     179.73207       -0.00001       -0.21248     179.51959
	          D(6,8,9,10)     179.93856        0.00001        0.30638     180.24494
	          D(6,8,9,15)      -0.10074        0.00000        0.19618       0.09544
	          D(7,6,5,16)    -179.68437       -0.00001       -0.39496    -180.07934
	           D(7,6,8,9)     179.82580        0.00000        0.11987     179.94567
	          D(7,6,8,24)      -0.14034        0.00001        0.20974       0.06940
	          D(8,6,5,16)       0.10975       -0.00001       -0.28810      -0.17835
	         D(8,9,10,11)     179.92815       -0.00000       -0.10074     179.82741
	         D(8,9,15,13)    -179.87821        0.00000       -0.04262    -179.92083
	         D(8,9,15,16)       0.03087       -0.00000       -0.13913      -0.10826
	        D(9,10,11,12)      -0.04338        0.00000        0.15162       0.10824
	        D(9,10,11,25)     179.99604        0.00000        0.12108     180.11711
	        D(9,15,13,12)      -0.06774        0.00000        0.15860       0.09086
	        D(9,15,13,14)     179.86938        0.00000        0.12554     179.99492
	        D(9,15,16,26)     180.20011        0.00001        0.42255     180.62266
	         D(10,9,8,24)      -0.09424        0.00001        0.21905       0.12481
	        D(10,9,15,13)       0.08193       -0.00000       -0.15462      -0.07269
	        D(10,9,15,16)    -180.00899       -0.00000       -0.25112    -180.26011
	       D(10,11,12,13)       0.05788       -0.00000       -0.15001      -0.09213
	        D(11,10,9,15)      -0.03125       -0.00000        0.01330      -0.01795
	       D(11,12,13,14)    -179.93509        0.00000        0.01251    -179.92257
	       D(11,12,13,15)       0.00356       -0.00000       -0.02003      -0.01647
	       D(12,13,15,16)     180.02544        0.00000        0.25607     180.28151
	       D(13,12,11,25)    -179.98112       -0.00000       -0.11978    -180.10089
	       D(13,15,16,26)       0.10160        0.00001        0.31924       0.42084
	       D(14,13,15,16)      -0.03745        0.00000        0.22301       0.18556
	         D(15,9,8,24)     179.86646        0.00000        0.10885     179.97531
	         D(16,5,4,23)     177.64458       -0.00001       -0.40954     177.23505
	       D(17,18,19,20)      80.35481        0.00000       -2.23093      78.12389
	       D(17,18,19,21)    -154.20364       -0.00004       -2.81190    -157.01554
	        D(18,17,1,22)       2.35069       -0.00002       -0.53961       1.81108
	       D(18,19,20,30)      64.59811       -0.00000       -0.08787      64.51023
	       D(18,19,20,31)    -174.89737        0.00001        0.00758    -174.88979
	       D(18,19,20,32)     -56.08126       -0.00001       -0.04406     -56.12532
	       D(18,19,21,33)      58.40607        0.00001        0.31596      58.72203
	       D(18,19,21,34)     176.89044        0.00001        0.35417     177.24462
	       D(18,19,21,35)     -62.78447        0.00000        0.29183     -62.49264
	       D(19,18,17,27)     -43.31148        0.00001        0.15313     -43.15835
	       D(20,19,18,28)     -42.20596        0.00001       -2.38789     -44.59386
	       D(20,19,18,29)    -159.31310        0.00000       -2.17626    -161.48936
	       D(20,19,21,33)    -175.64995       -0.00000       -0.21050    -175.86046
	       D(20,19,21,34)     -57.16558       -0.00001       -0.17229     -57.33787
	       D(20,19,21,35)      63.15951       -0.00001       -0.23464      62.92487
	       D(21,19,18,28)      83.23558       -0.00003       -2.96886      80.26672
	       D(21,19,18,29)     -33.87156       -0.00004       -2.75723     -36.62878
	       D(21,19,20,30)     -61.24457        0.00000        0.39503     -60.84955
	       D(21,19,20,31)      59.25995        0.00001        0.49048      59.75043
	       D(21,19,20,32)     178.07606       -0.00000        0.43884     178.51490
	        D(22,1,17,27)    -175.23834       -0.00004       -1.29051    -176.52885
	       D(27,17,18,28)      80.20589        0.00001        0.26330      80.46919
	       D(27,17,18,29)    -163.58377        0.00001        0.09432    -163.48944
	-------------------------------------------------------------------------------

	                                 ==> Convergence Check <==                                  
    
	Measures of convergence in internal coordinates in au.
    
	Criteria marked as inactive (o), active & met (*), and active & unmet ( ).

	----------------------------------------------------------------------------------------------
	   Step    Total Energy     Delta E     Max Force     RMS Force      Max Disp      RMS Disp   
	----------------------------------------------------------------------------------------------
	  Convergence Criteria     1.00e-06 *    3.00e-04 *             o    1.20e-03 *             o
	----------------------------------------------------------------------------------------------
	     2    -837.27386718   -1.26e-03      4.20e-03      7.96e-04 o    7.51e-02      1.53e-02 o  ~
	----------------------------------------------------------------------------------------------

Next Geometry in Ang 
	Fragment 1 (Ang)

	    C   1.5696510831   1.5255766879   0.4198517392
	    C   0.0784058203   1.5575769465   0.4198628552
	    O  -0.5220990302   2.6134476355   0.3861728905
	    N  -0.5345987705   0.3257673936   0.3750149633
	    C  -1.9056163714   0.0393294415   0.2604918864
	    C  -2.2638687076  -1.3396257616   0.2710591191
	    H  -1.4793802376  -2.0874185301   0.3609664979
	    C  -3.5631254957  -1.7445397031   0.1734823953
	    C  -4.5957202861  -0.7818554356   0.0569847041
	    N  -5.8923329047  -1.1798821845  -0.0355301247
	    C  -6.7869687856  -0.2293217418  -0.1368146911
	    N  -6.5651424165   1.1106138424  -0.1619133304
	    C  -5.3154557791   1.4939265771  -0.0730669859
	    H  -5.1169776310   2.5653468918  -0.0901152519
	    C  -4.2380759221   0.5833903887   0.0437486601
	    C  -2.8879127327   0.9948152682   0.1456771385
	    C   2.3231282200   0.6172427445  -0.1940689713
	    C   3.8258222584   0.6545170329  -0.2322212294
	    N   4.4055424043  -0.6700967624  -0.0376891860
	    C   4.3374441496  -1.4723525909  -1.2470808867
	    C   5.7710206872  -0.5926528579   0.4546601098
	    H   2.0188602202   2.3825447556   0.9161107122
	    H   0.0718173888  -0.4686880988   0.4955506619
	    H  -3.8318944896  -2.7950201423   0.1846140786
	    H  -7.8272370719  -0.5352814927  -0.2094622891
	    H  -2.6305002831   2.0451956595   0.1441361004
	    H   1.8515150124  -0.2040675879  -0.7341145692
	    H   4.1608482904   1.1003706143  -1.1887790896
	    H   4.1844005396   1.3164894070   0.5596617383
	    H   4.9469693507  -1.0465583683  -2.0666628664
	    H   4.6955394522  -2.4844745652  -1.0427524600
	    H   3.3076696383  -1.5540151887  -1.6049955546
	    H   5.8000047755  -0.0495592844   1.4027178045
	    H   6.1544472638  -1.6005182064   0.6345251581
	    H   6.4538203606  -0.0902227845  -0.2560788647


    Structure for next step:
    Molecular point group: c1
    Full point group: C1

    Geometry (in Angstrom), charge = 0, multiplicity = 1:

    C            1.569651083089     1.525576687938     0.419851739156
    C            0.078405820329     1.557576946481     0.419862855151
    O           -0.522099030207     2.613447635480     0.386172890506
    N           -0.534598770543     0.325767393585     0.375014963296
    C           -1.905616371399     0.039329441539     0.260491886408
    C           -2.263868707621    -1.339625761606     0.271059119112
    H           -1.479380237601    -2.087418530104     0.360966497913
    C           -3.563125495739    -1.744539703137     0.173482395261
    C           -4.595720286068    -0.781855435616     0.056984704070
    N           -5.892332904722    -1.179882184455    -0.035530124720
    C           -6.786968785621    -0.229321741819    -0.136814691078
    N           -6.565142416458     1.110613842430    -0.161913330365
    C           -5.315455779141     1.493926577077    -0.073066985912
    H           -5.116977631030     2.565346891830    -0.090115251859
    C           -4.238075922143     0.583390388749     0.043748660068
    C           -2.887912732744     0.994815268156     0.145677138515
    C            2.323128220043     0.617242744485    -0.194068971306
    C            3.825822258365     0.654517032934    -0.232221229406
    N            4.405542404338    -0.670096762378    -0.037689185988
    C            4.337444149598    -1.472352590948    -1.247080886731
    C            5.771020687241    -0.592652857917     0.454660109799
    H            2.018860220216     2.382544755564     0.916110712187
    H            0.071817388808    -0.468688098841     0.495550661880
    H           -3.831894489605    -2.795020142278     0.184614078621
    H           -7.827237071857    -0.535281492712    -0.209462289125
    H           -2.630500283066     2.045195659470     0.144136100426
    H            1.851515012439    -0.204067587892    -0.734114569233
    H            4.160848290384     1.100370614304    -1.188779089643
    H            4.184400539588     1.316489407046     0.559661738300
    H            4.946969350695    -1.046558368270    -2.066662866384
    H            4.695539452157    -2.484474565200    -1.042752460002
    H            3.307669638286    -1.554015188672    -1.604995554593
    H            5.800004775541    -0.049559284364     1.402717804451
    H            6.154447263848    -1.600518206377     0.634525158086
    H            6.453820360601    -0.090222784483    -0.256078864678


Scratch directory: /tmp/
gradient() will perform analytic gradient computation.
   => Libint2 <=

    Primary   basis highest AM E, G, H:  7, 6, 3
    Auxiliary basis highest AM E, G, H:  7, 7, 4
    Onebody   basis highest AM E, G, H:  -, -, -
    Solid Harmonics ordering:            Gaussian

*** tstart() called on eristm01.eisai.local
*** at Wed May 20 08:36:44 2026

   => Loading Basis Set <=

    Name: 6-311+G(D,P)
    Role: ORBITAL
    Keyword: BASIS
    atoms 1-2, 5-6, 8-9, 11, 13, 15-18, 20-21 entry C          line   129 file /home2/shbae/bucket/covalent/.pixi/envs/default/share/psi4/basis/6-311pg_d_p_.gbs 
    atoms 3                                   entry O          line   171 file /home2/shbae/bucket/covalent/.pixi/envs/default/share/psi4/basis/6-311pg_d_p_.gbs 
    atoms 4, 10, 12, 19                       entry N          line   150 file /home2/shbae/bucket/covalent/.pixi/envs/default/share/psi4/basis/6-311pg_d_p_.gbs 
    atoms 7, 14, 22-35                        entry H          line    42 file /home2/shbae/bucket/covalent/.pixi/envs/default/share/psi4/basis/6-311pg_d_p_.gbs 

   => WB97X-D: Empirical Dispersion <=

    Chai and Head-Gordon Dispersion Correction
    Chai, J.-D.; Head-Gordon, M. (2010), J. Chem. Phys., 132: 6615-6620

        s6 =       1.000000


         ---------------------------------------------------------
                                   SCF
               by Justin Turney, Rob Parrish, Andy Simmonett
                          and Daniel G. A. Smith
                              RKS Reference
                        8 Threads,   7629 MiB Core
         ---------------------------------------------------------

  ==> Geometry <==

    Molecular point group: c1
    Full point group: C1

    Geometry (in Angstrom), charge = 0, multiplicity = 1:

       Center              X                  Y                   Z               Mass       
    ------------   -----------------  -----------------  -----------------  -----------------
         C            1.569651083089     1.525576687938     0.419851739156    12.000000000000
         C            0.078405820329     1.557576946481     0.419862855151    12.000000000000
         O           -0.522099030207     2.613447635480     0.386172890506    15.994914619570
         N           -0.534598770543     0.325767393585     0.375014963296    14.003074004430
         C           -1.905616371399     0.039329441539     0.260491886408    12.000000000000
         C           -2.263868707621    -1.339625761606     0.271059119112    12.000000000000
         H           -1.479380237601    -2.087418530104     0.360966497913     1.007825032230
         C           -3.563125495739    -1.744539703137     0.173482395261    12.000000000000
         C           -4.595720286068    -0.781855435616     0.056984704070    12.000000000000
         N           -5.892332904722    -1.179882184455    -0.035530124720    14.003074004430
         C           -6.786968785621    -0.229321741819    -0.136814691078    12.000000000000
         N           -6.565142416458     1.110613842430    -0.161913330365    14.003074004430
         C           -5.315455779141     1.493926577077    -0.073066985912    12.000000000000
         H           -5.116977631030     2.565346891830    -0.090115251859     1.007825032230
         C           -4.238075922143     0.583390388749     0.043748660068    12.000000000000
         C           -2.887912732744     0.994815268156     0.145677138515    12.000000000000
         C            2.323128220043     0.617242744485    -0.194068971306    12.000000000000
         C            3.825822258365     0.654517032934    -0.232221229406    12.000000000000
         N            4.405542404338    -0.670096762378    -0.037689185988    14.003074004430
         C            4.337444149598    -1.472352590948    -1.247080886731    12.000000000000
         C            5.771020687241    -0.592652857917     0.454660109799    12.000000000000
         H            2.018860220216     2.382544755564     0.916110712187     1.007825032230
         H            0.071817388808    -0.468688098841     0.495550661880     1.007825032230
         H           -3.831894489605    -2.795020142278     0.184614078621     1.007825032230
         H           -7.827237071857    -0.535281492712    -0.209462289125     1.007825032230
         H           -2.630500283066     2.045195659470     0.144136100426     1.007825032230
         H            1.851515012439    -0.204067587892    -0.734114569233     1.007825032230
         H            4.160848290384     1.100370614304    -1.188779089643     1.007825032230
         H            4.184400539588     1.316489407046     0.559661738300     1.007825032230
         H            4.946969350695    -1.046558368270    -2.066662866384     1.007825032230
         H            4.695539452157    -2.484474565200    -1.042752460002     1.007825032230
         H            3.307669638286    -1.554015188672    -1.604995554593     1.007825032230
         H            5.800004775541    -0.049559284364     1.402717804451     1.007825032230
         H            6.154447263848    -1.600518206377     0.634525158086     1.007825032230
         H            6.453820360601    -0.090222784483    -0.256078864678     1.007825032230

  Running in c1 symmetry.

  Rotational constants: A =      0.03764  B =      0.00387  C =      0.00357 [cm^-1]
  Rotational constants: A =   1128.41297  B =    116.01343  C =    107.04687 [MHz]
  Nuclear repulsion = 1282.755485126691383

  Charge       = 0
  Multiplicity = 1
  Electrons    = 136
  Nalpha       = 68
  Nbeta        = 68

  ==> Algorithm <==

  SCF Algorithm Type is DF.
  DIIS enabled.
  MOM disabled.
  Fractional occupation disabled.
  Guess Type is READ.
  Energy threshold   = 1.00e-08
  Density threshold  = 1.00e-08
  Integral threshold = 1.00e-12

  ==> Primary Basis <==

  Basis Set: 6-311+G(D,P)
    Blend: 6-311+G(D,P)
    Number of shells: 254
    Number of basis functions: 514
    Number of Cartesian functions: 533
    Spherical Harmonics?: true
    Max angular momentum: 2

  ==> DFT Potential <==

   => LibXC <=

    Version 7.0.0
    S. Lehtola, C. Steigemann, M. J.T. Oliveira, and M. A.L. Marques.,  SoftwareX 7, 1–5 (2018) (10.1016/j.softx.2017.11.002)

   => Composite Functional: WB97X-D <= 

    wB97X-D Hyb-GGA Exchange-Correlation Functional

    J.-D. Chai and M. Head-Gordon.,  Phys. Chem. Chem. Phys. 10, 6615-6620 (2008) (10.1039/B810189B)

    Deriv               =              1
    GGA                 =           TRUE
    Meta                =          FALSE

    Exchange Hybrid     =           TRUE
    MP2 Hybrid          =          FALSE

   => Exchange-Correlation Functionals <=

    1.0000   wB97X-D range-separated functional

   => Exact (HF) Exchange <=

    0.7780            HF,LR [omega = 0.2000]
    0.2220               HF 

   => LibXC Density Thresholds  <==

    XC_HYB_GGA_XC_WB97X_D:  1.00E-14 

   => Molecular Quadrature <=

    Radial Scheme          =       TREUTLER
    Pruning Scheme         =           NONE
    Nuclear Scheme         =       TREUTLER

    Blocking Scheme        =         OCTREE
    BS radius alpha        =              1
    Pruning alpha          =              1
    Radial Points          =             75
    Spherical Points       =            302
    Total Points           =         730520
    Total Blocks           =           5303
    Max Points             =            256
    Max Functions          =            354
    Weights Tolerance      =       1.00E-15

   => Loading Basis Set <=

    Name: (6-311+G(D,P) AUX)
    Role: JKFIT
    Keyword: DF_BASIS_SCF
    atoms 1-2, 5-6, 8-9, 11, 13, 15-18, 20-21 entry C          line   200 file /home2/shbae/bucket/covalent/.pixi/envs/default/share/psi4/basis/heavy-aug-cc-pvtz-jkfit.gbs 
    atoms 3                                   entry O          line   324 file /home2/shbae/bucket/covalent/.pixi/envs/default/share/psi4/basis/heavy-aug-cc-pvtz-jkfit.gbs 
    atoms 4, 10, 12, 19                       entry N          line   262 file /home2/shbae/bucket/covalent/.pixi/envs/default/share/psi4/basis/heavy-aug-cc-pvtz-jkfit.gbs 
    atoms 7, 14, 22-35                        entry H          line   116 file /home2/shbae/bucket/covalent/.pixi/envs/default/share/psi4/basis/heavy-aug-cc-pvtz-jkfit.gbs 

   => Loading Basis Set <=

    Name: 6-311+G(D,P)
    Role: ORBITAL
    Keyword: BASIS
    atoms 1-2, 5-6, 8-9, 11, 13, 15-18, 20-21 entry C          line   129 file /home2/shbae/bucket/covalent/.pixi/envs/default/share/psi4/basis/6-311pg_d_p_.gbs 
    atoms 3                                   entry O          line   171 file /home2/shbae/bucket/covalent/.pixi/envs/default/share/psi4/basis/6-311pg_d_p_.gbs 
    atoms 4, 10, 12, 19                       entry N          line   150 file /home2/shbae/bucket/covalent/.pixi/envs/default/share/psi4/basis/6-311pg_d_p_.gbs 
    atoms 7, 14, 22-35                        entry H          line    42 file /home2/shbae/bucket/covalent/.pixi/envs/default/share/psi4/basis/6-311pg_d_p_.gbs 

  Reading orbitals from file /tmp/3_reactant.default.2248151.180.npy, no projection.

  ==> Integral Setup <==

  ==> DiskDFJK: Density-Fitted J/K Matrices <==

    J tasked:                  Yes
    K tasked:                  Yes
    wK tasked:                 Yes
    Omega:               2.000E-01
    OpenMP threads:              8
    Integrals threads:           8
    Memory [MiB]:             1956
    Algorithm:                Disk
    Integral Cache:           NONE
    Schwarz Cutoff:          1E-12
    Fitting Condition:       1E-10

   => Auxiliary Basis Set <=

  Basis Set: (6-311+G(D,P) AUX)
    Blend: HEAVY-AUG-CC-PVTZ-JKFIT
    Number of shells: 730
    Number of basis functions: 2456
    Number of Cartesian functions: 3049
    Spherical Harmonics?: true
    Max angular momentum: 4

  Cached 50.0% of DFT collocation blocks in 2.598 [GiB].

  Minimum eigenvalue in the overlap matrix is 1.6161562659E-07.
  Reciprocal condition number of the overlap matrix is 1.1106020522E-08.
    Using symmetric orthogonalization.

  ==> Pre-Iterations <==

  SCF Guess: Orbitals guess was supplied from a previous computation.

   -------------------------------------------------------
    Irrep   Nso     Nmo     Nalpha   Nbeta   Ndocc  Nsocc
   -------------------------------------------------------
     A        514     514      68      68      68       0
   -------------------------------------------------------
    Total     514     514      68      68      68       0
   -------------------------------------------------------

  ==> Iterations <==

                           Total Energy        Delta E     RMS |[F,P]|

   @DF-RKS iter   0:  -837.28473406695400   -8.37285e+02   6.67184e-04 
   @DF-RKS iter   1:  -837.27222547746862    1.25086e-02   7.62389e-05 DIIS
   @DF-RKS iter   2:  -837.27323630107389   -1.01082e-03   6.84029e-05 DIIS
   @DF-RKS iter   3:  -837.27372372324248   -4.87422e-04   2.21102e-05 DIIS
   @DF-RKS iter   4:  -837.27378731208967   -6.35888e-05   9.37227e-06 DIIS
   @DF-RKS iter   5:  -837.27379849937631   -1.11873e-05   2.63231e-06 DIIS
   @DF-RKS iter   6:  -837.27379958102154   -1.08165e-06   9.35084e-07 DIIS
   @DF-RKS iter   7:  -837.27379975716792   -1.76146e-07   3.58766e-07 DIIS
   @DF-RKS iter   8:  -837.27379979303566   -3.58677e-08   1.44955e-07 DIIS
   @DF-RKS iter   9:  -837.27379979902912   -5.99346e-09   5.26440e-08 DIIS
   @DF-RKS iter  10:  -837.27379980018179   -1.15267e-09   2.54135e-08 DIIS
   @DF-RKS iter  11:  -837.27379980039473   -2.12935e-10   1.07002e-08 DIIS
   @DF-RKS iter  12:  -837.27379980043145   -3.67208e-11   4.23511e-09 DIIS
  Energy and wave function converged.


  ==> Post-Iterations <==

   Electrons on quadrature grid:
      Ntotal   =  135.9999437601 ; deviation = -5.624e-05 

    Orbital Energies [Eh]
    ---------------------

    Doubly Occupied:                                                      

       1A    -19.233609     2A    -14.491151     3A    -14.445609  
       4A    -14.440056     5A    -14.439352     6A    -10.412898  
       7A    -10.359291     8A    -10.352411     9A    -10.344679  
      10A    -10.340626    11A    -10.333385    12A    -10.323905  
      13A    -10.318789    14A    -10.316962    15A    -10.315648  
      16A    -10.314836    17A    -10.312386    18A    -10.308372  
      19A    -10.303227    20A     -1.167647    21A     -1.096043  
      22A     -1.066701    23A     -1.048912    24A     -1.002178  
      25A     -0.969624    26A     -0.924948    27A     -0.889104  
      28A     -0.867967    29A     -0.828464    30A     -0.822509  
      31A     -0.782875    32A     -0.761513    33A     -0.739745  
      34A     -0.726299    35A     -0.694650    36A     -0.680635  
      37A     -0.666585    38A     -0.645792    39A     -0.621504  
      40A     -0.604855    41A     -0.583064    42A     -0.580882  
      43A     -0.570602    44A     -0.564361    45A     -0.549506  
      46A     -0.544701    47A     -0.534624    48A     -0.530577  
      49A     -0.525317    50A     -0.516401    51A     -0.510378  
      52A     -0.504274    53A     -0.494334    54A     -0.490583  
      55A     -0.473023    56A     -0.468059    57A     -0.463558  
      58A     -0.461509    59A     -0.455540    60A     -0.421844  
      61A     -0.398870    62A     -0.391352    63A     -0.375727  
      64A     -0.356957    65A     -0.348417    66A     -0.338544  
      67A     -0.317468    68A     -0.306717  

    Virtual:                                                              

      69A     -0.009718    70A      0.008973    71A      0.037281  
      72A      0.044307    73A      0.058377    74A      0.063970  
      75A      0.068234    76A      0.071854    77A      0.075069  
      78A      0.078991    79A      0.087975    80A      0.090956  
      81A      0.093536    82A      0.095813    83A      0.099229  
      84A      0.101820    85A      0.106166    86A      0.108450  
      87A      0.113974    88A      0.118142    89A      0.124406  
      90A      0.127264    91A      0.130058    92A      0.133401  
      93A      0.137474    94A      0.141594    95A      0.142488  
      96A      0.149359    97A      0.153327    98A      0.157188  
      99A      0.161841   100A      0.162205   101A      0.168029  
     102A      0.176896   103A      0.179234   104A      0.181913  
     105A      0.187385   106A      0.190251   107A      0.194117  
     108A      0.199015   109A      0.200863   110A      0.206326  
     111A      0.212834   112A      0.216981   113A      0.219798  
     114A      0.223944   115A      0.224207   116A      0.235525  
     117A      0.238525   118A      0.240601   119A      0.245373  
     120A      0.248299   121A      0.249315   122A      0.253236  
     123A      0.256639   124A      0.258150   125A      0.262120  
     126A      0.264843   127A      0.265971   128A      0.269221  
     129A      0.273812   130A      0.274418   131A      0.277770  
     132A      0.280453   133A      0.282174   134A      0.287837  
     135A      0.290611   136A      0.293053   137A      0.297180  
     138A      0.299985   139A      0.301681   140A      0.302995  
     141A      0.309150   142A      0.311260   143A      0.312917  
     144A      0.313450   145A      0.318801   146A      0.322586  
     147A      0.326362   148A      0.330432   149A      0.332181  
     150A      0.335461   151A      0.339211   152A      0.342768  
     153A      0.345710   154A      0.349782   155A      0.350426  
     156A      0.351877   157A      0.356160   158A      0.361796  
     159A      0.367589   160A      0.369684   161A      0.377212  
     162A      0.378860   163A      0.385075   164A      0.389227  
     165A      0.394312   166A      0.397921   167A      0.409830  
     168A      0.412530   169A      0.415963   170A      0.420171  
     171A      0.427531   172A      0.435570   173A      0.440516  
     174A      0.443917   175A      0.452573   176A      0.458129  
     177A      0.464222   178A      0.477425   179A      0.489085  
     180A      0.496959   181A      0.502407   182A      0.516314  
     183A      0.526198   184A      0.547122   185A      0.551720  
     186A      0.555182   187A      0.562627   188A      0.582505  
     189A      0.588675   190A      0.593481   191A      0.599665  
     192A      0.603662   193A      0.608011   194A      0.617692  
     195A      0.621976   196A      0.625751   197A      0.632732  
     198A      0.637509   199A      0.646189   200A      0.650530  
     201A      0.654509   202A      0.664234   203A      0.671276  
     204A      0.674300   205A      0.683298   206A      0.692615  
     207A      0.695036   208A      0.699582   209A      0.706566  
     210A      0.710835   211A      0.719391   212A      0.724280  
     213A      0.726783   214A      0.735025   215A      0.739189  
     216A      0.742271   217A      0.751656   218A      0.755750  
     219A      0.770523   220A      0.773258   221A      0.775363  
     222A      0.788260   223A      0.791561   224A      0.793445  
     225A      0.794936   226A      0.806834   227A      0.807494  
     228A      0.812121   229A      0.827151   230A      0.828472  
     231A      0.836943   232A      0.850656   233A      0.854416  
     234A      0.859744   235A      0.868134   236A      0.875281  
     237A      0.892485   238A      0.900891   239A      0.910295  
     240A      0.926479   241A      0.932986   242A      0.938064  
     243A      0.946486   244A      0.958389   245A      0.964336  
     246A      0.973309   247A      0.986101   248A      0.988110  
     249A      0.990016   250A      0.992648   251A      0.995511  
     252A      1.002138   253A      1.017821   254A      1.029145  
     255A      1.042484   256A      1.044807   257A      1.051297  
     258A      1.059223   259A      1.067656   260A      1.077229  
     261A      1.079301   262A      1.080749   263A      1.090357  
     264A      1.093422   265A      1.112576   266A      1.113806  
     267A      1.133662   268A      1.136649   269A      1.152560  
     270A      1.174070   271A      1.182671   272A      1.201157  
     273A      1.204333   274A      1.217915   275A      1.224897  
     276A      1.228988   277A      1.232742   278A      1.242833  
     279A      1.252563   280A      1.258740   281A      1.283602  
     282A      1.300034   283A      1.312796   284A      1.340050  
     285A      1.341746   286A      1.350659   287A      1.375625  
     288A      1.393896   289A      1.401315   290A      1.412404  
     291A      1.438307   292A      1.453531   293A      1.460476  
     294A      1.485220   295A      1.513411   296A      1.523370  
     297A      1.529147   298A      1.538759   299A      1.558799  
     300A      1.565164   301A      1.570677   302A      1.578583  
     303A      1.590514   304A      1.601175   305A      1.603168  
     306A      1.605506   307A      1.611241   308A      1.618258  
     309A      1.626387   310A      1.632751   311A      1.643105  
     312A      1.654146   313A      1.659327   314A      1.674557  
     315A      1.684930   316A      1.687634   317A      1.703442  
     318A      1.713006   319A      1.718060   320A      1.724383  
     321A      1.728083   322A      1.748422   323A      1.757607  
     324A      1.774420   325A      1.778811   326A      1.784222  
     327A      1.789708   328A      1.797828   329A      1.815025  
     330A      1.826139   331A      1.828232   332A      1.839383  
     333A      1.856487   334A      1.860154   335A      1.863279  
     336A      1.869158   337A      1.882430   338A      1.907688  
     339A      1.916691   340A      1.925145   341A      1.949372  
     342A      1.954500   343A      1.968500   344A      1.976979  
     345A      1.986503   346A      2.006373   347A      2.026123  
     348A      2.034375   349A      2.037008   350A      2.051205  
     351A      2.060473   352A      2.076992   353A      2.088959  
     354A      2.094313   355A      2.110716   356A      2.127379  
     357A      2.139948   358A      2.147445   359A      2.155324  
     360A      2.165820   361A      2.176715   362A      2.195258  
     363A      2.203769   364A      2.207369   365A      2.220859  
     366A      2.231668   367A      2.249638   368A      2.257884  
     369A      2.274445   370A      2.298310   371A      2.324994  
     372A      2.332572   373A      2.336351   374A      2.347952  
     375A      2.363011   376A      2.366122   377A      2.392370  
     378A      2.404260   379A      2.429247   380A      2.443574  
     381A      2.488866   382A      2.493963   383A      2.495130  
     384A      2.505747   385A      2.507846   386A      2.515877  
     387A      2.518524   388A      2.538859   389A      2.564273  
     390A      2.566179   391A      2.580444   392A      2.592760  
     393A      2.609670   394A      2.630840   395A      2.661368  
     396A      2.668257   397A      2.679484   398A      2.687699  
     399A      2.701215   400A      2.712560   401A      2.733560  
     402A      2.743143   403A      2.746992   404A      2.752555  
     405A      2.763345   406A      2.771199   407A      2.780448  
     408A      2.787936   409A      2.791125   410A      2.808618  
     411A      2.818234   412A      2.821892   413A      2.840932  
     414A      2.842928   415A      2.854539   416A      2.858665  
     417A      2.880711   418A      2.886871   419A      2.892789  
     420A      2.910101   421A      2.928518   422A      2.938555  
     423A      2.957765   424A      2.964368   425A      2.967543  
     426A      2.970991   427A      2.997722   428A      3.004316  
     429A      3.012068   430A      3.013762   431A      3.024284  
     432A      3.029147   433A      3.034985   434A      3.043072  
     435A      3.067216   436A      3.073532   437A      3.099890  
     438A      3.111063   439A      3.115223   440A      3.120190  
     441A      3.140907   442A      3.177354   443A      3.182340  
     444A      3.271374   445A      3.302496   446A      3.335703  
     447A      3.362441   448A      3.413366   449A      3.445624  
     450A      3.467722   451A      3.471559   452A      3.508351  
     453A      3.518989   454A      3.585538   455A      3.610392  
     456A      3.626005   457A      3.631152   458A      3.663596  
     459A      3.676060   460A      3.708656   461A      3.733295  
     462A      3.760461   463A      3.806353   464A      3.809511  
     465A      3.847506   466A      3.855392   467A      3.864535  
     468A      3.888809   469A      3.904948   470A      3.909875  
     471A      3.922412   472A      3.967148   473A      4.001218  
     474A      4.019434   475A      4.039250   476A      4.053112  
     477A      4.066302   478A      4.154746   479A      4.216730  
     480A      4.279771   481A      4.316665   482A      4.377896  
     483A      4.471643   484A      4.523984   485A      4.603178  
     486A      4.934353   487A      4.956632   488A      4.970642  
     489A      4.985478   490A      5.075817   491A      5.191912  
     492A      5.212293   493A      5.392644   494A      5.407983  
     495A      5.910461   496A     23.745131   497A     23.859013  
     498A     23.990764   499A     24.004366   500A     24.021074  
     501A     24.044557   502A     24.050344   503A     24.065963  
     504A     24.092981   505A     24.117389   506A     24.162008  
     507A     24.252881   508A     24.316857   509A     24.379050  
     510A     35.645459   511A     35.761566   512A     35.777236  
     513A     35.821088   514A     50.161993  

    Final Occupation by Irrep:
              A 
    DOCC [    68 ]
    NA   [    68 ]
    NB   [    68 ]

  @DF-RKS Final Energy:  -837.27379980043145

   => Energetics <=

    Nuclear Repulsion Energy =           1282.7554851266913829
    One-Electron Energy =               -3679.9001863643366050
    Two-Electron Energy =                1641.4037919706072444
    DFT Exchange-Correlation Energy =     -81.5114634748438363
    Empirical Dispersion Energy =          -0.0214270585496932
    VV10 Nonlocal Energy =                  0.0000000000000000
    Total Energy =                       -837.2737998004314477

Computation Completed


Properties will be evaluated at   0.000000,   0.000000,   0.000000 [a0]

Properties computed using the SCF density matrix


 Multipole Moments:

 ------------------------------------------------------------------------------------
     Multipole            Electronic (a.u.)      Nuclear  (a.u.)        Total (a.u.)
 ------------------------------------------------------------------------------------

 L = 1.  Multiply by 2.5417464519 to convert [e a0] to [Debye]
 Dipole X            :        235.8082227         -233.2493542            2.5588685
 Dipole Y            :        -43.2181364           42.2215502           -0.9965862
 Dipole Z            :         -7.2212480            7.0851053           -0.1361427
 Magnitude           :                                                    2.7494594

 ------------------------------------------------------------------------------------

*** tstop() called on eristm01.eisai.local at Wed May 20 08:37:59 2026
Module time:
	user time   =     518.63 seconds =       8.64 minutes
	system time =      22.27 seconds =       0.37 minutes
	total time  =         75 seconds =       1.25 minutes
Total time:
	user time   =    2357.16 seconds =      39.29 minutes
	system time =     105.87 seconds =       1.76 minutes
	total time  =        345 seconds =       5.75 minutes

*** tstart() called on eristm01.eisai.local
*** at Wed May 20 08:37:59 2026


         ------------------------------------------------------------
                                   SCF GRAD                          
                          Rob Parrish, Justin Turney,                
                       Andy Simmonett, and Alex Sokolov              
         ------------------------------------------------------------

  ==> Geometry <==

    Molecular point group: c1
    Full point group: C1

    Geometry (in Angstrom), charge = 0, multiplicity = 1:

       Center              X                  Y                   Z               Mass       
    ------------   -----------------  -----------------  -----------------  -----------------
         C            1.569651083089     1.525576687938     0.419851739156    12.000000000000
         C            0.078405820329     1.557576946481     0.419862855151    12.000000000000
         O           -0.522099030207     2.613447635480     0.386172890506    15.994914619570
         N           -0.534598770543     0.325767393585     0.375014963296    14.003074004430
         C           -1.905616371399     0.039329441539     0.260491886408    12.000000000000
         C           -2.263868707621    -1.339625761606     0.271059119112    12.000000000000
         H           -1.479380237601    -2.087418530104     0.360966497913     1.007825032230
         C           -3.563125495739    -1.744539703137     0.173482395261    12.000000000000
         C           -4.595720286068    -0.781855435616     0.056984704070    12.000000000000
         N           -5.892332904722    -1.179882184455    -0.035530124720    14.003074004430
         C           -6.786968785621    -0.229321741819    -0.136814691078    12.000000000000
         N           -6.565142416458     1.110613842430    -0.161913330365    14.003074004430
         C           -5.315455779141     1.493926577077    -0.073066985912    12.000000000000
         H           -5.116977631030     2.565346891830    -0.090115251859     1.007825032230
         C           -4.238075922143     0.583390388749     0.043748660068    12.000000000000
         C           -2.887912732744     0.994815268156     0.145677138515    12.000000000000
         C            2.323128220043     0.617242744485    -0.194068971306    12.000000000000
         C            3.825822258365     0.654517032934    -0.232221229406    12.000000000000
         N            4.405542404338    -0.670096762378    -0.037689185988    14.003074004430
         C            4.337444149598    -1.472352590948    -1.247080886731    12.000000000000
         C            5.771020687241    -0.592652857917     0.454660109799    12.000000000000
         H            2.018860220216     2.382544755564     0.916110712187     1.007825032230
         H            0.071817388808    -0.468688098841     0.495550661880     1.007825032230
         H           -3.831894489605    -2.795020142278     0.184614078621     1.007825032230
         H           -7.827237071857    -0.535281492712    -0.209462289125     1.007825032230
         H           -2.630500283066     2.045195659470     0.144136100426     1.007825032230
         H            1.851515012439    -0.204067587892    -0.734114569233     1.007825032230
         H            4.160848290384     1.100370614304    -1.188779089643     1.007825032230
         H            4.184400539588     1.316489407046     0.559661738300     1.007825032230
         H            4.946969350695    -1.046558368270    -2.066662866384     1.007825032230
         H            4.695539452157    -2.484474565200    -1.042752460002     1.007825032230
         H            3.307669638286    -1.554015188672    -1.604995554593     1.007825032230
         H            5.800004775541    -0.049559284364     1.402717804451     1.007825032230
         H            6.154447263848    -1.600518206377     0.634525158086     1.007825032230
         H            6.453820360601    -0.090222784483    -0.256078864678     1.007825032230

  Nuclear repulsion = 1282.755485126691383

  ==> Basis Set <==

  Basis Set: 6-311+G(D,P)
    Blend: 6-311+G(D,P)
    Number of shells: 254
    Number of basis functions: 514
    Number of Cartesian functions: 533
    Spherical Harmonics?: true
    Max angular momentum: 2

  ==> DFJKGrad: Density-Fitted SCF Gradients <==

    Gradient:                    1
    J tasked:                  Yes
    K tasked:                  Yes
    wK tasked:                 Yes
    Omega:               2.000E-01
    OpenMP threads:              8
    Integrals threads:           8
    Memory [MiB]:             5722
    Schwarz Cutoff:          1E-12
    Fitting Condition:       1E-10

   => Auxiliary Basis Set <=

  Basis Set: (6-311+G(D,P) AUX)
    Blend: HEAVY-AUG-CC-PVTZ-JKFIT
    Number of shells: 730
    Number of basis functions: 2456
    Number of Cartesian functions: 3049
    Spherical Harmonics?: true
    Max angular momentum: 4

  ==> DFT Potential <==

   => LibXC <=

    Version 7.0.0
    S. Lehtola, C. Steigemann, M. J.T. Oliveira, and M. A.L. Marques.,  SoftwareX 7, 1–5 (2018) (10.1016/j.softx.2017.11.002)

   => Composite Functional: WB97X-D <= 

    wB97X-D Hyb-GGA Exchange-Correlation Functional

    J.-D. Chai and M. Head-Gordon.,  Phys. Chem. Chem. Phys. 10, 6615-6620 (2008) (10.1039/B810189B)

    Deriv               =              1
    GGA                 =           TRUE
    Meta                =          FALSE

    Exchange Hybrid     =           TRUE
    MP2 Hybrid          =          FALSE

   => Exchange-Correlation Functionals <=

    1.0000   wB97X-D range-separated functional

   => Exact (HF) Exchange <=

    0.7780            HF,LR [omega = 0.2000]
    0.2220               HF 

   => LibXC Density Thresholds  <==

    XC_HYB_GGA_XC_WB97X_D:  1.00E-14 

   => Molecular Quadrature <=

    Radial Scheme          =       TREUTLER
    Pruning Scheme         =           NONE
    Nuclear Scheme         =       TREUTLER

    Blocking Scheme        =         OCTREE
    BS radius alpha        =              1
    Pruning alpha          =              1
    Radial Points          =             75
    Spherical Points       =            302
    Total Points           =         730520
    Total Blocks           =           5303
    Max Points             =            256
    Max Functions          =            354
    Weights Tolerance      =       1.00E-15


  -Total Gradient:
     Atom            X                  Y                   Z
    ------   -----------------  -----------------  -----------------
       1       -0.000398973020     0.000062355518    -0.004135800426
       2        0.000594415901    -0.000002649534     0.010703630501
       3       -0.000137063102     0.000567760745    -0.004064607946
       4        0.000592397518    -0.001379074094    -0.001739361278
       5       -0.000228001585     0.000126735014    -0.000820908260
       6       -0.000183732032     0.000354055708    -0.000014418814
       7        0.000441393525    -0.000699784932     0.000032908630
       8        0.000072375935     0.000659491617     0.000024118303
       9       -0.000877876790    -0.000134839468    -0.000060595556
      10        0.001172380823    -0.002304650689     0.000159879554
      11       -0.001477535439     0.001061476917    -0.000112788729
      12       -0.001179196539     0.000590714047    -0.000130981977
      13        0.001182706387    -0.000361899200     0.000078941039
      14        0.000375493739     0.000721413309     0.000065211406
      15       -0.000014990553     0.000095074750    -0.000046176345
      16       -0.000823422564     0.000232700338    -0.000049060989
      17       -0.000189799833     0.000878069983     0.000166003090
      18        0.000345448568    -0.000049926130     0.000169147456
      19        0.000007141380     0.000408640335    -0.000058344708
      20       -0.000190928744     0.000122899000     0.000448994448
      21       -0.000072652337    -0.000116061837     0.000242609812
      22        0.000318819546     0.000639771334     0.000583828960
      23        0.000155801477     0.000706138619    -0.000661689066
      24       -0.000231749046    -0.000805211967    -0.000002741188
      25       -0.000614030432    -0.000371852716    -0.000034541050
      26        0.000667381541     0.000511580299     0.000156843010
      27       -0.000588819156    -0.001195201717    -0.000518935564
      28        0.000091942311     0.000015585903     0.000363329497
      29        0.000236825286     0.000245057002    -0.000314951724
      30        0.000242073434     0.000297083484    -0.000252971747
      31        0.000026723596    -0.000599682941    -0.000299159935
      32       -0.000694860180    -0.000056980501    -0.000427368393
      33        0.000456079147     0.000204060579     0.000441233437
      34        0.000552146004    -0.000356945257     0.000195954590
      35        0.000306920856     0.000125705307    -0.000310627005


*** tstop() called on eristm01.eisai.local at Wed May 20 08:38:26 2026
Module time:
	user time   =     181.92 seconds =       3.03 minutes
	system time =       3.95 seconds =       0.07 minutes
	total time  =         27 seconds =       0.45 minutes
Total time:
	user time   =    2539.09 seconds =      42.32 minutes
	system time =     109.83 seconds =       1.83 minutes
	total time  =        372 seconds =       6.20 minutes

    			-----------------------------------------

    			 OPTKING 3.0: for geometry optimizations 

    			     By R.A. King, Bethel University     

    			        with contributions from          

    			    A.V. Copan, J. Cayton, A. Heide      

    			-----------------------------------------

    
	                            ===> Fragment 1 <== 

	 Z (Atomic Numbers)          Masses                          Geom                  
	       6.000000            12.000000          2.96621066  2.88292212  0.79340480   
	       6.000000            12.000000          0.14816553  2.94339385  0.79342581   
	       8.000000            15.994915         -0.98662418  4.93870027  0.72976100   
	       7.000000            14.003074         -1.01024526  0.61561115  0.70867557   
	       6.000000            12.000000         -3.60109304  0.07432187  0.49225832   
	       6.000000            12.000000         -4.27809184 -2.53152580  0.51222750   
	       1.000000             1.007825         -2.79562348 -3.94464933  0.68212782   
	       6.000000            12.000000         -6.73333134 -3.29670225  0.32783421   
	       6.000000            12.000000         -8.68465269 -1.47749264  0.10768548   
	       7.000000            14.003074        -11.13489543  -2.22965419  -0.06714220 
	       6.000000            12.000000        -12.82551223  -0.43335529  -0.25854230 
	       7.000000            14.003074        -12.40632114   2.09875599  -0.30597185 
	       6.000000            12.000000        -10.04475565   2.82311208  -0.13807659 
	       1.000000             1.007825         -9.66968631  4.84780304 -0.17029315   
	       6.000000            12.000000         -8.00880279  1.10244806  0.08267299   
	       6.000000            12.000000         -5.45736414  1.87992840  0.27528989   
	       6.000000            12.000000          4.39007609  1.16641974 -0.36673721   
	       6.000000            12.000000          7.22975627  1.23685794 -0.43883452   
	       7.000000            14.003074          8.32526858 -1.26629936 -0.07122224   
	       6.000000            12.000000          8.19658153 -2.78234316 -2.35664133   
	       6.000000            12.000000         10.90564856 -1.11995159  0.85918309   
	       1.000000             1.007825          3.81509290  4.50235707  1.73119835   
	       1.000000             1.007825          0.13571520 -0.88569215  0.93645503   
	       1.000000             1.007825         -7.24123113 -5.28182258  0.34887005   
	       1.000000             1.007825        -14.79133438  -1.01153542  -0.39582636 
	       1.000000             1.007825         -4.97092511  3.86485967  0.27237775   
	       1.000000             1.007825          3.49885629 -0.38563185 -1.38727548   
	       1.000000             1.007825          7.86286372  2.07939910 -2.24646690   
	       1.000000             1.007825          7.90737102  2.48780443  1.05760741   
	       1.000000             1.007825          9.34841722 -1.97770869 -3.90542681   
	       1.000000             1.007825          8.87328358 -4.69497649 -1.97051657   
	       1.000000             1.007825          6.25058973 -2.93666310 -3.03300203   
	       1.000000             1.007825         10.96042055 -0.09365347  2.65075248   
	       1.000000             1.007825         11.63021978 -3.02454107  1.19907877   
	       1.000000             1.007825         12.19595294 -0.17049635 -0.48391892   

	 - Coordinate -           - BOHR/RAD -       - ANG/DEG -
	 H(3,26)          =         4.151745           2.197009
	 R(1,2)           =         2.818694           1.491589
	 R(1,17)          =         2.513902           1.330300
	 R(1,22)          =         2.054903           1.087408
	 R(2,3)           =         2.296312           1.215156
	 R(2,4)           =         2.601475           1.376641
	 R(4,5)           =         2.655621           1.405294
	 R(4,23)          =         1.902372           1.006692
	 R(5,6)           =         2.692428           1.424772
	 R(5,16)          =         2.598660           1.375152
	 R(6,7)           =         2.055115           1.087520
	 R(6,8)           =         2.578313           1.364384
	 R(8,9)           =         2.676872           1.416540
	 R(8,24)          =         2.049172           1.084375
	 R(9,10)          =         2.569047           1.359481
	 R(9,15)          =         2.667113           1.411376
	 R(10,11)         =         2.474168           1.309273
	 R(11,12)         =         2.567013           1.358405
	 R(11,25)         =         2.053679           1.086760
	 R(12,13)         =         2.475858           1.310168
	 R(13,14)         =         2.059390           1.089782
	 R(13,15)         =         2.674793           1.415440
	 R(15,16)         =         2.674213           1.415133
	 R(16,26)         =         2.043669           1.081463
	 R(17,18)         =         2.841468           1.503640
	 R(17,27)         =         2.060251           1.090238
	 R(18,19)         =         2.757006           1.458945
	 R(18,28)         =         2.092423           1.107263
	 R(18,29)         =         2.064792           1.092641
	 R(19,20)         =         2.745558           1.452887
	 R(19,21)         =         2.746895           1.453594
	 R(20,30)         =         2.091148           1.106588
	 R(20,31)         =         2.065232           1.092874
	 R(20,32)         =         2.065953           1.093255
	 R(21,33)         =         2.065432           1.092979
	 R(21,34)         =         2.065912           1.093234
	 R(21,35)         =         2.090520           1.106256
	 B(1,2,3)         =         2.109131         120.844303
	 B(1,2,4)         =         2.010853         115.213381
	 B(1,17,18)       =         2.166176         124.112758
	 B(1,17,27)       =         2.092046         119.865426
	 B(2,1,17)        =         2.190653         125.515164
	 B(2,1,22)        =         1.978056         113.334282
	 B(2,4,5)         =         2.238861         128.277270
	 B(2,4,23)        =         2.019737         115.722400
	 B(3,2,4)         =         2.161019         123.817248
	 B(4,5,6)         =         2.028603         116.230366
	 B(4,5,16)        =         2.167690         124.199474
	 B(5,4,23)        =         2.022606         115.886779
	 B(5,6,7)         =         2.076854         118.994981
	 B(5,6,8)         =         2.124855         121.745240
	 B(5,16,15)       =         2.077766         119.047224
	 B(5,16,26)       =         2.100117         120.327847
	 B(6,5,16)        =         2.086889         119.569959
	 B(6,8,9)         =         2.092494         119.891089
	 B(6,8,24)        =         2.120915         121.519479
	 B(7,6,8)         =         2.081475         119.259706
	 B(8,9,10)        =         2.096555         120.123745
	 B(8,9,15)        =         2.063992         118.258049
	 B(9,8,24)        =         2.069774         118.589320
	 B(9,10,11)       =         2.031311         116.385534
	 B(9,15,13)       =         2.015464         115.477562
	 B(9,15,16)       =         2.120368         121.488138
	 B(10,9,15)       =         2.122635         121.618031
	 B(10,11,12)      =         2.221814         127.300539
	 B(10,11,25)      =         2.042997         117.055084
	 B(11,12,13)      =         2.029847         116.301694
	 B(12,11,25)      =         2.018375         115.644377
	 B(12,13,14)      =         2.049125         117.406226
	 B(12,13,15)      =         2.145298         122.916515
	 B(13,15,16)      =         2.147349         123.034019
	 B(14,13,15)      =         2.088761         119.677193
	 B(15,16,26)      =         2.105247         120.621765
	 B(17,1,22)       =         2.111498         120.979906
	 B(17,18,19)      =         1.951114         111.790606
	 B(17,18,28)      =         1.911640         109.528915
	 B(17,18,29)      =         1.901384         108.941262
	 B(18,17,27)      =         2.024627         116.002605
	 B(18,19,20)      =         1.951661         111.821958
	 B(18,19,21)      =         1.949869         111.719270
	 B(19,18,28)      =         1.939653         111.133918
	 B(19,18,29)      =         1.899721         108.846000
	 B(19,20,30)      =         1.958676         112.223862
	 B(19,20,31)      =         1.918130         109.900762
	 B(19,20,32)      =         1.936827         110.972030
	 B(19,21,33)      =         1.923232         110.193080
	 B(19,21,34)      =         1.913543         109.637965
	 B(19,21,35)      =         1.967506         112.729801
	 B(20,19,21)      =         1.934132         110.817601
	 B(28,18,29)      =         1.857563         106.430505
	 B(30,20,31)      =         1.890559         108.321026
	 B(30,20,32)      =         1.880840         107.764171
	 B(31,20,32)      =         1.876191         107.497824
	 B(33,21,34)      =         1.881869         107.823151
	 B(33,21,35)      =         1.891509         108.375473
	 B(34,21,35)      =         1.883818         107.934834
	 D(1,2,4,5)       =        -3.048011        -174.638194
	 D(1,2,4,23)      =         0.164587           9.430139
	 D(1,17,18,19)    =         2.416293         138.443381
	 D(1,17,18,28)    =        -1.709185         -97.929077
	 D(1,17,18,29)    =         0.316119          18.112289
	 D(2,1,17,18)     =         3.084671         176.738616
	 D(2,1,17,27)     =        -0.027948          -1.601311
	 D(2,4,5,6)       =         3.167309         181.473422
	 D(2,4,5,16)      =         0.022847           1.309035
	 D(3,2,1,17)      =        -2.506476        -143.610505
	 D(3,2,1,22)      =         0.552467          31.654043
	 D(3,2,4,5)       =         0.022974           1.316307
	 D(3,2,4,23)      =        -3.047613        -174.615361
	 D(4,2,1,17)      =         0.566795          32.474943
	 D(4,2,1,22)      =        -2.657447        -152.260508
	 D(4,5,6,7)       =        -0.004113          -0.235662
	 D(4,5,6,8)       =        -3.147434        -180.334671
	 D(4,5,16,15)     =         3.147389         180.332081
	 D(4,5,16,26)     =        -0.005426          -0.310870
	 D(5,6,8,9)       =         0.000784           0.044931
	 D(5,6,8,24)      =         3.144536         180.168669
	 D(5,16,15,9)     =        -0.000388          -0.022232
	 D(5,16,15,13)    =         3.137682         179.775943
	 D(6,5,4,23)      =        -0.045388          -2.600567
	 D(6,5,16,15)     =         0.002837           0.162540
	 D(6,5,16,26)     =         3.133208         179.519590
	 D(6,8,9,10)      =         3.145868         180.244943
	 D(6,8,9,15)      =         0.001666           0.095439
	 D(7,6,5,16)      =        -3.142977        -180.079339
	 D(7,6,8,9)       =         3.140644         179.945667
	 D(7,6,8,24)      =         0.001211           0.069404
	 D(8,6,5,16)      =        -0.003113          -0.178349
	 D(8,9,10,11)     =         3.138580         179.827408
	 D(8,9,15,13)     =        -3.140211        -179.920833
	 D(8,9,15,16)     =        -0.001889          -0.108260
	 D(9,10,11,12)    =         0.001889           0.108242
	 D(9,10,11,25)    =         3.143637         180.117114
	 D(9,15,13,12)    =         0.001586           0.090861
	 D(9,15,13,14)    =         3.141504         179.994916
	 D(9,15,16,26)    =         3.152460         180.622663
	 D(10,9,8,24)     =         0.002178           0.124815
	 D(10,9,15,13)    =        -0.001269          -0.072687
	 D(10,9,15,16)    =        -3.146132        -180.260113
	 D(10,11,12,13)   =        -0.001608          -0.092128
	 D(11,10,9,15)    =        -0.000313          -0.017950
	 D(11,12,13,14)   =        -3.140241        -179.922574
	 D(11,12,13,15)   =        -0.000287          -0.016472
	 D(12,13,15,16)   =         3.146506         180.281507
	 D(13,12,11,25)   =        -3.143354        -180.100892
	 D(13,15,16,26)   =         0.007345           0.420837
	 D(14,13,15,16)   =         0.003239           0.185562
	 D(15,9,8,24)     =         3.141162         179.975311
	 D(16,5,4,23)     =         3.093335         177.235046
	 D(17,18,19,20)   =         1.363519          78.123886
	 D(17,18,19,21)   =        -2.740438        -157.015538
	 D(18,17,1,22)    =         0.031609           1.811081
	 D(18,19,20,30)   =         1.125916          64.510234
	 D(18,19,20,31)   =        -3.052403        -174.889790
	 D(18,19,20,32)   =        -0.979572         -56.125318
	 D(18,19,21,33)   =         1.024893          58.722029
	 D(18,19,21,34)   =         3.093502         177.244618
	 D(18,19,21,35)   =        -1.090702         -62.492642
	 D(19,18,17,27)   =        -0.753255         -43.158352
	 D(20,19,18,28)   =        -0.778310         -44.593856
	 D(20,19,18,29)   =        -2.818521        -161.489359
	 D(20,19,21,33)   =        -3.069344        -175.860458
	 D(20,19,21,34)   =        -1.000735         -57.337869
	 D(20,19,21,35)   =         1.098246          62.924870
	 D(21,19,18,28)   =         1.400919          80.266720
	 D(21,19,18,29)   =        -0.639293         -36.628783
	 D(21,19,20,30)   =        -1.062025         -60.849546
	 D(21,19,20,31)   =         1.042842          59.750430
	 D(21,19,20,32)   =         3.115673         178.514901
	 D(22,1,17,27)    =        -3.081010        -176.528846
	 D(27,17,18,28)   =         1.404452          80.469189
	 D(27,17,18,29)   =        -2.853429        -163.489444


	        --- Internal Coordinate Step in ANG or DEG, aJ/ANG or AJ/DEG ---
	-------------------------------------------------------------------------------
	           Coordinate      Previous         Force          Change          New 
	           ----------      --------        ------          ------        ------
	              H(3,26)       2.19701        0.00006        0.00261       2.19962
	               R(1,2)       1.49159       -0.00389       -0.00157       1.49002
	              R(1,17)       1.33030       -0.00401       -0.00057       1.32973
	              R(1,22)       1.08741       -0.00741       -0.00062       1.08679
	               R(2,3)       1.21516       -0.00550       -0.00000       1.21515
	               R(2,4)       1.37664       -0.01118       -0.00108       1.37556
	               R(4,5)       1.40529       -0.01465       -0.00107       1.40422
	              R(4,23)       1.00669        0.00445        0.00060       1.00729
	               R(5,6)       1.42477       -0.00544       -0.00037       1.42440
	              R(5,16)       1.37515       -0.00642       -0.00089       1.37426
	               R(6,7)       1.08752       -0.00660       -0.00060       1.08692
	               R(6,8)       1.36438       -0.00675       -0.00070       1.36368
	               R(8,9)       1.41654       -0.00350       -0.00002       1.41652
	              R(8,24)       1.08438       -0.00687       -0.00058       1.08380
	              R(9,10)       1.35948       -0.00505        0.00000       1.35948
	              R(9,15)       1.41138       -0.00635       -0.00126       1.41011
	             R(10,11)       1.30927       -0.01990       -0.00099       1.30828
	             R(11,12)       1.35841       -0.00911       -0.00008       1.35833
	             R(11,25)       1.08676       -0.00569       -0.00065       1.08611
	             R(12,13)       1.31017       -0.01385       -0.00087       1.30930
	             R(13,14)       1.08978       -0.00646       -0.00056       1.08922
	             R(13,15)       1.41544        0.00011        0.00012       1.41556
	             R(15,16)       1.41513       -0.00758       -0.00039       1.41474
	             R(16,26)       1.08146       -0.00540       -0.00042       1.08105
	             R(17,18)       1.50364       -0.01080       -0.00128       1.50236
	             R(17,27)       1.09024       -0.01167       -0.00080       1.08944
	             R(18,19)       1.45894       -0.00341       -0.00072       1.45823
	             R(18,28)       1.10726        0.00242        0.00018       1.10744
	             R(18,29)       1.09264        0.00002        0.00013       1.09277
	             R(19,20)       1.45289       -0.00467       -0.00116       1.45173
	             R(19,21)       1.45359       -0.01135       -0.00155       1.45204
	             R(20,30)       1.10659       -0.00335       -0.00019       1.10640
	             R(20,31)       1.09287       -0.00441       -0.00039       1.09249
	             R(20,32)       1.09326       -0.00652       -0.00053       1.09273
	             R(21,33)       1.09298       -0.00419       -0.00037       1.09260
	             R(21,34)       1.09323       -0.00472       -0.00040       1.09283
	             R(21,35)       1.10626       -0.00349       -0.00020       1.10606
	             B(1,2,3)     120.84430        0.00004        0.21665     121.06095
	             B(1,2,4)     115.21338       -0.00004       -0.34392     114.86946
	           B(1,17,18)     124.11276       -0.00002        0.00124     124.11400
	           B(1,17,27)     119.86543        0.00001       -0.14877     119.71665
	            B(2,1,17)     125.51516       -0.00002       -0.31432     125.20084
	            B(2,1,22)     113.33428        0.00002        0.08839     113.42267
	             B(2,4,5)     128.27727        0.00001       -0.10687     128.17040
	            B(2,4,23)     115.72240        0.00003        0.06401     115.78641
	             B(3,2,4)     123.81725        0.00002        0.24127     124.05851
	             B(4,5,6)     116.23037       -0.00004       -0.09593     116.13443
	            B(4,5,16)     124.19947       -0.00000       -0.01540     124.18407
	            B(5,4,23)     115.88678       -0.00004       -0.02246     115.86432
	             B(5,6,7)     118.99498       -0.00001        0.01397     119.00895
	             B(5,6,8)     121.74524       -0.00001       -0.05100     121.69424
	           B(5,16,15)     119.04722       -0.00001       -0.07063     118.97660
	           B(5,16,26)     120.32785        0.00005        0.09525     120.42310
	            B(6,5,16)     119.56996        0.00004        0.11153     119.68149
	             B(6,8,9)     119.89109       -0.00003       -0.06242     119.82867
	            B(6,8,24)     121.51948        0.00001       -0.00239     121.51709
	             B(7,6,8)     119.25971        0.00002        0.03710     119.29680
	            B(8,9,10)     120.12375       -0.00000       -0.03071     120.09304
	            B(8,9,15)     118.25805        0.00004        0.08895     118.34699
	            B(9,8,24)     118.58932        0.00002        0.06472     118.65404
	           B(9,10,11)     116.38553        0.00003       -0.01777     116.36777
	           B(9,15,13)     115.47756       -0.00000        0.06402     115.54158
	           B(9,15,16)     121.48814       -0.00002       -0.01707     121.47107
	           B(10,9,15)     121.61803       -0.00004       -0.05831     121.55973
	          B(10,11,12)     127.30054        0.00003        0.09925     127.39979
	          B(10,11,25)     117.05508       -0.00000        0.00275     117.05784
	          B(11,12,13)     116.30169        0.00000       -0.09124     116.21045
	          B(12,11,25)     115.64438       -0.00003       -0.10201     115.54237
	          B(12,13,14)     117.40623       -0.00001       -0.04055     117.36567
	          B(12,13,15)     122.91651       -0.00002        0.00391     122.92043
	          B(13,15,16)     123.03402        0.00002       -0.04697     122.98705
	          B(14,13,15)     119.67719        0.00003        0.03665     119.71384
	          B(15,16,26)     120.62177       -0.00003       -0.02648     120.59528
	           B(17,1,22)     120.97991        0.00001        0.23257     121.21248
	          B(17,18,19)     111.79061        0.00001       -0.08254     111.70806
	          B(17,18,28)     109.52892        0.00001        0.03658     109.56550
	          B(17,18,29)     108.94126       -0.00003       -0.09106     108.85021
	          B(18,17,27)     116.00260        0.00001        0.15149     116.15410
	          B(18,19,20)     111.82196        0.00006        0.04297     111.86493
	          B(18,19,21)     111.71927       -0.00004       -0.11481     111.60447
	          B(19,18,28)     111.13392        0.00001        0.09499     111.22891
	          B(19,18,29)     108.84600       -0.00001       -0.03611     108.80989
	          B(19,20,30)     112.22386        0.00003        0.08667     112.31053
	          B(19,20,31)     109.90076       -0.00005       -0.14573     109.75503
	          B(19,20,32)     110.97203       -0.00001       -0.08121     110.89082
	          B(19,21,33)     110.19308       -0.00004       -0.12460     110.06847
	          B(19,21,34)     109.63797       -0.00004       -0.12170     109.51627
	          B(19,21,35)     112.72980        0.00001        0.05374     112.78354
	          B(20,19,21)     110.81760       -0.00002       -0.17677     110.64083
	          B(28,18,29)     106.43050        0.00002        0.08142     106.51193
	          B(30,20,31)     108.32103        0.00001        0.03895     108.35998
	          B(30,20,32)     107.76417        0.00000        0.06007     107.82424
	          B(31,20,32)     107.49782        0.00002        0.04613     107.54395
	          B(33,21,34)     107.82315        0.00003        0.08083     107.90398
	          B(33,21,35)     108.37547        0.00002        0.05835     108.43382
	          B(34,21,35)     107.93483        0.00002        0.06070     107.99553
	           D(1,2,4,5)    -174.63819       -0.00018       -3.59209    -178.23029
	          D(1,2,4,23)       9.43014       -0.00014       -2.55642       6.87371
	        D(1,17,18,19)     138.44338       -0.00001       -0.24357     138.19981
	        D(1,17,18,28)     -97.92908        0.00001       -0.15294     -98.08202
	        D(1,17,18,29)      18.11229        0.00002       -0.08639      18.02590
	         D(2,1,17,18)     176.73862       -0.00001        0.05531     176.79392
	         D(2,1,17,27)      -1.60131        0.00000       -0.12782      -1.72913
	           D(2,4,5,6)     181.47342        0.00002        0.42235     181.89578
	          D(2,4,5,16)       1.30904        0.00003        0.57374       1.88278
	          D(3,2,1,17)    -143.61051       -0.00013       -2.71955    -146.33005
	          D(3,2,1,22)      31.65404       -0.00015       -2.61333      29.04071
	           D(3,2,4,5)       1.31631        0.00014        1.65580       2.97211
	          D(3,2,4,23)    -174.61536        0.00018        2.69147    -171.92389
	          D(4,2,1,17)      32.47494        0.00018        2.35788      34.83282
	          D(4,2,1,22)    -152.26051        0.00016        2.46409    -149.79641
	           D(4,5,6,7)      -0.23566        0.00000       -0.03019      -0.26585
	           D(4,5,6,8)    -180.33467        0.00000        0.04462    -180.29005
	         D(4,5,16,15)     180.33208       -0.00000        0.01468     180.34676
	         D(4,5,16,26)      -0.31087        0.00000       -0.15265      -0.46352
	           D(5,6,8,9)       0.04493       -0.00000       -0.03426       0.01067
	          D(5,6,8,24)     180.16867       -0.00000        0.00518     180.17384
	         D(5,16,15,9)      -0.02223       -0.00000       -0.11630      -0.13853
	        D(5,16,15,13)     179.77594       -0.00000       -0.12466     179.65128
	          D(6,5,4,23)      -2.60057       -0.00002       -0.61103      -3.21159
	         D(6,5,16,15)       0.16254        0.00000        0.17079       0.33333
	         D(6,5,16,26)     179.51959        0.00000        0.00345     179.52304
	          D(6,8,9,10)     180.24494        0.00000        0.11591     180.36085
	          D(6,8,9,15)       0.09544        0.00000        0.08877       0.18421
	          D(7,6,5,16)    -180.07934       -0.00000       -0.17414    -180.25348
	           D(7,6,8,9)     179.94567       -0.00000        0.04073     179.98640
	          D(7,6,8,24)       0.06940        0.00000        0.08017       0.14958
	          D(8,6,5,16)      -0.17835       -0.00000       -0.09933      -0.27768
	         D(8,9,10,11)     179.82741        0.00000       -0.03440     179.79301
	         D(8,9,15,13)    -179.92083       -0.00000       -0.00655    -179.92739
	         D(8,9,15,16)      -0.10826        0.00000       -0.01453      -0.12279
	        D(9,10,11,12)       0.10824        0.00000        0.04228       0.15052
	        D(9,10,11,25)     180.11711        0.00000        0.03638     180.15349
	        D(9,15,13,12)       0.09086        0.00000        0.04719       0.13805
	        D(9,15,13,14)     179.99492        0.00000        0.05590     180.05082
	        D(9,15,16,26)     180.62266       -0.00000        0.05053     180.67319
	         D(10,9,8,24)       0.12481        0.00000        0.07752       0.20234
	        D(10,9,15,13)      -0.07269       -0.00000       -0.03406      -0.10675
	        D(10,9,15,16)    -180.26011        0.00000       -0.04204    -180.30215
	       D(10,11,12,13)      -0.09213        0.00000       -0.03042      -0.12254
	        D(11,10,9,15)      -0.01795       -0.00000       -0.00660      -0.02455
	       D(11,12,13,14)    -179.92257       -0.00000       -0.02650    -179.94908
	       D(11,12,13,15)      -0.01647       -0.00000       -0.01791      -0.03438
	       D(12,13,15,16)     180.28151       -0.00000        0.05523     180.33674
	       D(13,12,11,25)    -180.10089       -0.00000       -0.02458    -180.12547
	       D(13,15,16,26)       0.42084       -0.00000        0.04217       0.46300
	       D(14,13,15,16)       0.18556        0.00000        0.06395       0.24951
	         D(15,9,8,24)     179.97531        0.00000        0.05038     180.02569
	         D(16,5,4,23)     177.23505       -0.00002       -0.45964     176.77541
	       D(17,18,19,20)      78.12389        0.00004        0.15044      78.27432
	       D(17,18,19,21)    -157.01554        0.00003       -0.13760    -157.15314
	        D(18,17,1,22)       1.81108        0.00001       -0.04964       1.76144
	       D(18,19,20,30)      64.51023       -0.00001       -0.16571      64.34453
	       D(18,19,20,31)    -174.88979       -0.00001       -0.15947    -175.04926
	       D(18,19,20,32)     -56.12532       -0.00003       -0.24515     -56.37047
	       D(18,19,21,33)      58.72203       -0.00001        0.23681      58.95884
	       D(18,19,21,34)     177.24462       -0.00002        0.18629     177.43090
	       D(18,19,21,35)     -62.49264       -0.00001        0.21415     -62.27849
	       D(19,18,17,27)     -43.15835       -0.00002       -0.07084     -43.22920
	       D(20,19,18,28)     -44.59386        0.00002        0.09359     -44.50026
	       D(20,19,18,29)    -161.48936        0.00000       -0.03876    -161.52812
	       D(20,19,21,33)    -175.86046        0.00002        0.07397    -175.78648
	       D(20,19,21,34)     -57.33787        0.00001        0.02345     -57.31442
	       D(20,19,21,35)      62.92487        0.00002        0.05131      62.97619
	       D(21,19,18,28)      80.26672        0.00001       -0.19445      80.07227
	       D(21,19,18,29)     -36.62878       -0.00001       -0.32680     -36.95559
	       D(21,19,20,30)     -60.84955        0.00002        0.08669     -60.76285
	       D(21,19,20,31)      59.75043        0.00001        0.09293      59.84336
	       D(21,19,20,32)     178.51490        0.00000        0.00725     178.52215
	        D(22,1,17,27)    -176.52885        0.00002       -0.23277    -176.76162
	       D(27,17,18,28)      80.46919       -0.00000        0.01978      80.48897
	       D(27,17,18,29)    -163.48944        0.00001        0.08633    -163.40311
	-------------------------------------------------------------------------------

	                                 ==> Convergence Check <==                                  
    
	Measures of convergence in internal coordinates in au.
    
	Criteria marked as inactive (o), active & met (*), and active & unmet ( ).

	----------------------------------------------------------------------------------------------
	   Step    Total Energy     Delta E     Max Force     RMS Force      Max Disp      RMS Disp   
	----------------------------------------------------------------------------------------------
	  Convergence Criteria     1.00e-06 *    3.00e-04 *             o    1.20e-03 *             o
	----------------------------------------------------------------------------------------------
	     3    -837.27379980    6.74e-05      2.42e-03      6.61e-04 o    6.27e-02      1.02e-02 o  ~
	----------------------------------------------------------------------------------------------

Next Geometry in Ang 
	Fragment 1 (Ang)

	    C   1.5645973601   1.5306736740   0.3805849118
	    C   0.0757876562   1.5672406052   0.3329823676
	    O  -0.5262618468   2.6226484158   0.3487515805
	    N  -0.5323133112   0.3339259173   0.2968887680
	    C  -1.9039736862   0.0447464488   0.2146111144
	    C  -2.2566758179  -1.3351223703   0.2362866345
	    H  -1.4681346747  -2.0796439342   0.3090445865
	    C  -3.5559660548  -1.7436590863   0.1686567438
	    C  -4.5926108734  -0.7829726245   0.0738768745
	    N  -5.8901931626  -1.1840139657   0.0135410932
	    C  -6.7881218838  -0.2360754509  -0.0685218441
	    N  -6.5717901269   1.1044663120  -0.1032003025
	    C  -5.3219267315   1.4902077183  -0.0456352734
	    H  -5.1268945205   2.5615166755  -0.0712276770
	    C  -4.2400949945   0.5821278049   0.0484324899
	    C  -2.8895069760   0.9975949989   0.1176751147
	    C   2.3290302774   0.6286029800  -0.2277660148
	    C   3.8311532545   0.6545110946  -0.2203899433
	    N   4.3926385793  -0.6775441093  -0.0285797661
	    C   4.3577165736  -1.4601250409  -1.2508181650
	    C   5.7428434010  -0.6172553697   0.5022041890
	    H   2.0008331463   2.3749009017   0.9079261134
	    H   0.0776450230  -0.4589938548   0.4146300127
	    H  -3.8212639941  -2.7943034436   0.1881723222
	    H  -7.8286746443  -0.5438697964  -0.1147636225
	    H  -2.6359091729   2.0484295307   0.1079490654
	    H   1.8654455065  -0.1785592214  -0.7938476266
	    H   4.1987715599   1.1133092724  -1.1588885274
	    H   4.1691456905   1.2999677164   0.5940333823
	    H   4.9945593851  -1.0270654631  -2.0451769757
	    H   4.7034078950  -2.4765348652  -1.0484962477
	    H   3.3389576222  -1.5299993790  -1.6397859817
	    H   5.7462183385  -0.0904909641   1.4594359517
	    H   6.1127013911  -1.6309346757   0.6752534362
	    H   6.4488598120  -0.1077064515  -0.1798959223


    Structure for next step:
    Molecular point group: c1
    Full point group: C1

    Geometry (in Angstrom), charge = 0, multiplicity = 1:

    C            1.564597360148     1.530673674008     0.380584911794
    C            0.075787656197     1.567240605232     0.332982367629
    O           -0.526261846791     2.622648415848     0.348751580549
    N           -0.532313311207     0.333925917333     0.296888767951
    C           -1.903973686205     0.044746448798     0.214611114399
    C           -2.256675817878    -1.335122370276     0.236286634533
    H           -1.468134674749    -2.079643934181     0.309044586495
    C           -3.555966054848    -1.743659086326     0.168656743783
    C           -4.592610873403    -0.782972624459     0.073876874469
    N           -5.890193162599    -1.184013965701     0.013541093222
    C           -6.788121883790    -0.236075450857    -0.068521844096
    N           -6.571790126903     1.104466312004    -0.103200302476
    C           -5.321926731462     1.490207718315    -0.045635273441
    H           -5.126894520527     2.561516675502    -0.071227677010
    C           -4.240094994451     0.582127804899     0.048432489941
    C           -2.889506976015     0.997594998934     0.117675114744
    C            2.329030277372     0.628602980010    -0.227766014850
    C            3.831153254540     0.654511094593    -0.220389943251
    N            4.392638579264    -0.677544109309    -0.028579766137
    C            4.357716573577    -1.460125040875    -1.250818164978
    C            5.742843400991    -0.617255369700     0.502204188958
    H            2.000833146276     2.374900901716     0.907926113399
    H            0.077645022955    -0.458993854826     0.414630012705
    H           -3.821263994061    -2.794303443622     0.188172322208
    H           -7.828674644328    -0.543869796422    -0.114763622528
    H           -2.635909172893     2.048429530684     0.107949065356
    H            1.865445506510    -0.178559221367    -0.793847626625
    H            4.198771559878     1.113309272385    -1.158888527380
    H            4.169145690541     1.299967716370     0.594033382254
    H            4.994559385113    -1.027065463114    -2.045176975690
    H            4.703407894961    -2.476534865246    -1.048496247734
    H            3.338957622233    -1.529999378991    -1.639785981671
    H            5.746218338465    -0.090490964105     1.459435951698
    H            6.112701391137    -1.630934675730     0.675253436221
    H            6.448859811953    -0.107706451529    -0.179895922256


Scratch directory: /tmp/
gradient() will perform analytic gradient computation.
   => Libint2 <=

    Primary   basis highest AM E, G, H:  7, 6, 3
    Auxiliary basis highest AM E, G, H:  7, 7, 4
    Onebody   basis highest AM E, G, H:  -, -, -
    Solid Harmonics ordering:            Gaussian

*** tstart() called on eristm01.eisai.local
*** at Wed May 20 08:38:27 2026

   => Loading Basis Set <=

    Name: 6-311+G(D,P)
    Role: ORBITAL
    Keyword: BASIS
    atoms 1-2, 5-6, 8-9, 11, 13, 15-18, 20-21 entry C          line   129 file /home2/shbae/bucket/covalent/.pixi/envs/default/share/psi4/basis/6-311pg_d_p_.gbs 
    atoms 3                                   entry O          line   171 file /home2/shbae/bucket/covalent/.pixi/envs/default/share/psi4/basis/6-311pg_d_p_.gbs 
    atoms 4, 10, 12, 19                       entry N          line   150 file /home2/shbae/bucket/covalent/.pixi/envs/default/share/psi4/basis/6-311pg_d_p_.gbs 
    atoms 7, 14, 22-35                        entry H          line    42 file /home2/shbae/bucket/covalent/.pixi/envs/default/share/psi4/basis/6-311pg_d_p_.gbs 

   => WB97X-D: Empirical Dispersion <=

    Chai and Head-Gordon Dispersion Correction
    Chai, J.-D.; Head-Gordon, M. (2010), J. Chem. Phys., 132: 6615-6620

        s6 =       1.000000


         ---------------------------------------------------------
                                   SCF
               by Justin Turney, Rob Parrish, Andy Simmonett
                          and Daniel G. A. Smith
                              RKS Reference
                        8 Threads,   7629 MiB Core
         ---------------------------------------------------------

  ==> Geometry <==

    Molecular point group: c1
    Full point group: C1

    Geometry (in Angstrom), charge = 0, multiplicity = 1:

       Center              X                  Y                   Z               Mass       
    ------------   -----------------  -----------------  -----------------  -----------------
         C            1.564597360148     1.530673674008     0.380584911794    12.000000000000
         C            0.075787656197     1.567240605232     0.332982367629    12.000000000000
         O           -0.526261846791     2.622648415848     0.348751580549    15.994914619570
         N           -0.532313311207     0.333925917333     0.296888767951    14.003074004430
         C           -1.903973686205     0.044746448798     0.214611114399    12.000000000000
         C           -2.256675817878    -1.335122370276     0.236286634533    12.000000000000
         H           -1.468134674749    -2.079643934181     0.309044586495     1.007825032230
         C           -3.555966054848    -1.743659086326     0.168656743783    12.000000000000
         C           -4.592610873403    -0.782972624459     0.073876874469    12.000000000000
         N           -5.890193162599    -1.184013965701     0.013541093222    14.003074004430
         C           -6.788121883790    -0.236075450857    -0.068521844096    12.000000000000
         N           -6.571790126903     1.104466312004    -0.103200302476    14.003074004430
         C           -5.321926731462     1.490207718315    -0.045635273441    12.000000000000
         H           -5.126894520527     2.561516675502    -0.071227677010     1.007825032230
         C           -4.240094994451     0.582127804899     0.048432489941    12.000000000000
         C           -2.889506976015     0.997594998934     0.117675114744    12.000000000000
         C            2.329030277372     0.628602980010    -0.227766014850    12.000000000000
         C            3.831153254540     0.654511094593    -0.220389943251    12.000000000000
         N            4.392638579264    -0.677544109309    -0.028579766137    14.003074004430
         C            4.357716573577    -1.460125040875    -1.250818164978    12.000000000000
         C            5.742843400991    -0.617255369700     0.502204188958    12.000000000000
         H            2.000833146276     2.374900901716     0.907926113399     1.007825032230
         H            0.077645022955    -0.458993854826     0.414630012705     1.007825032230
         H           -3.821263994061    -2.794303443622     0.188172322208     1.007825032230
         H           -7.828674644328    -0.543869796422    -0.114763622528     1.007825032230
         H           -2.635909172893     2.048429530684     0.107949065356     1.007825032230
         H            1.865445506510    -0.178559221367    -0.793847626625     1.007825032230
         H            4.198771559878     1.113309272385    -1.158888527380     1.007825032230
         H            4.169145690541     1.299967716370     0.594033382254     1.007825032230
         H            4.994559385113    -1.027065463114    -2.045176975690     1.007825032230
         H            4.703407894961    -2.476534865246    -1.048496247734     1.007825032230
         H            3.338957622233    -1.529999378991    -1.639785981671     1.007825032230
         H            5.746218338465    -0.090490964105     1.459435951698     1.007825032230
         H            6.112701391137    -1.630934675730     0.675253436221     1.007825032230
         H            6.448859811953    -0.107706451529    -0.179895922256     1.007825032230

  Running in c1 symmetry.

  Rotational constants: A =      0.03778  B =      0.00387  C =      0.00357 [cm^-1]
  Rotational constants: A =   1132.59571  B =    116.10337  C =    107.08676 [MHz]
  Nuclear repulsion = 1283.454639398333711

  Charge       = 0
  Multiplicity = 1
  Electrons    = 136
  Nalpha       = 68
  Nbeta        = 68

  ==> Algorithm <==

  SCF Algorithm Type is DF.
  DIIS enabled.
  MOM disabled.
  Fractional occupation disabled.
  Guess Type is READ.
  Energy threshold   = 1.00e-08
  Density threshold  = 1.00e-08
  Integral threshold = 1.00e-12

  ==> Primary Basis <==

  Basis Set: 6-311+G(D,P)
    Blend: 6-311+G(D,P)
    Number of shells: 254
    Number of basis functions: 514
    Number of Cartesian functions: 533
    Spherical Harmonics?: true
    Max angular momentum: 2

  ==> DFT Potential <==

   => LibXC <=

    Version 7.0.0
    S. Lehtola, C. Steigemann, M. J.T. Oliveira, and M. A.L. Marques.,  SoftwareX 7, 1–5 (2018) (10.1016/j.softx.2017.11.002)

   => Composite Functional: WB97X-D <= 

    wB97X-D Hyb-GGA Exchange-Correlation Functional

    J.-D. Chai and M. Head-Gordon.,  Phys. Chem. Chem. Phys. 10, 6615-6620 (2008) (10.1039/B810189B)

    Deriv               =              1
    GGA                 =           TRUE
    Meta                =          FALSE

    Exchange Hybrid     =           TRUE
    MP2 Hybrid          =          FALSE

   => Exchange-Correlation Functionals <=

    1.0000   wB97X-D range-separated functional

   => Exact (HF) Exchange <=

    0.7780            HF,LR [omega = 0.2000]
    0.2220               HF 

   => LibXC Density Thresholds  <==

    XC_HYB_GGA_XC_WB97X_D:  1.00E-14 

   => Molecular Quadrature <=

    Radial Scheme          =       TREUTLER
    Pruning Scheme         =           NONE
    Nuclear Scheme         =       TREUTLER

    Blocking Scheme        =         OCTREE
    BS radius alpha        =              1
    Pruning alpha          =              1
    Radial Points          =             75
    Spherical Points       =            302
    Total Points           =         730491
    Total Blocks           =           5293
    Max Points             =            256
    Max Functions          =            353
    Weights Tolerance      =       1.00E-15

   => Loading Basis Set <=

    Name: (6-311+G(D,P) AUX)
    Role: JKFIT
    Keyword: DF_BASIS_SCF
    atoms 1-2, 5-6, 8-9, 11, 13, 15-18, 20-21 entry C          line   200 file /home2/shbae/bucket/covalent/.pixi/envs/default/share/psi4/basis/heavy-aug-cc-pvtz-jkfit.gbs 
    atoms 3                                   entry O          line   324 file /home2/shbae/bucket/covalent/.pixi/envs/default/share/psi4/basis/heavy-aug-cc-pvtz-jkfit.gbs 
    atoms 4, 10, 12, 19                       entry N          line   262 file /home2/shbae/bucket/covalent/.pixi/envs/default/share/psi4/basis/heavy-aug-cc-pvtz-jkfit.gbs 
    atoms 7, 14, 22-35                        entry H          line   116 file /home2/shbae/bucket/covalent/.pixi/envs/default/share/psi4/basis/heavy-aug-cc-pvtz-jkfit.gbs 

   => Loading Basis Set <=

    Name: 6-311+G(D,P)
    Role: ORBITAL
    Keyword: BASIS
    atoms 1-2, 5-6, 8-9, 11, 13, 15-18, 20-21 entry C          line   129 file /home2/shbae/bucket/covalent/.pixi/envs/default/share/psi4/basis/6-311pg_d_p_.gbs 
    atoms 3                                   entry O          line   171 file /home2/shbae/bucket/covalent/.pixi/envs/default/share/psi4/basis/6-311pg_d_p_.gbs 
    atoms 4, 10, 12, 19                       entry N          line   150 file /home2/shbae/bucket/covalent/.pixi/envs/default/share/psi4/basis/6-311pg_d_p_.gbs 
    atoms 7, 14, 22-35                        entry H          line    42 file /home2/shbae/bucket/covalent/.pixi/envs/default/share/psi4/basis/6-311pg_d_p_.gbs 

  Reading orbitals from file /tmp/3_reactant.default.2248151.180.npy, no projection.

  ==> Integral Setup <==

  ==> DiskDFJK: Density-Fitted J/K Matrices <==

    J tasked:                  Yes
    K tasked:                  Yes
    wK tasked:                 Yes
    Omega:               2.000E-01
    OpenMP threads:              8
    Integrals threads:           8
    Memory [MiB]:             1956
    Algorithm:                Disk
    Integral Cache:           NONE
    Schwarz Cutoff:          1E-12
    Fitting Condition:       1E-10

   => Auxiliary Basis Set <=

  Basis Set: (6-311+G(D,P) AUX)
    Blend: HEAVY-AUG-CC-PVTZ-JKFIT
    Number of shells: 730
    Number of basis functions: 2456
    Number of Cartesian functions: 3049
    Spherical Harmonics?: true
    Max angular momentum: 4

  Cached 50.0% of DFT collocation blocks in 2.582 [GiB].

  Minimum eigenvalue in the overlap matrix is 1.5186348631E-07.
  Reciprocal condition number of the overlap matrix is 1.0430124385E-08.
    Using symmetric orthogonalization.

  ==> Pre-Iterations <==

  SCF Guess: Orbitals guess was supplied from a previous computation.

   -------------------------------------------------------
    Irrep   Nso     Nmo     Nalpha   Nbeta   Ndocc  Nsocc
   -------------------------------------------------------
     A        514     514      68      68      68       0
   -------------------------------------------------------
    Total     514     514      68      68      68       0
   -------------------------------------------------------

  ==> Iterations <==

                           Total Energy        Delta E     RMS |[F,P]|

   @DF-RKS iter   0:  -837.26779631872387   -8.37268e+02   4.37405e-04 
   @DF-RKS iter   1:  -837.27319649864603   -5.40018e-03   5.21247e-05 DIIS
   @DF-RKS iter   2:  -837.27390435267682   -7.07854e-04   3.63758e-05 DIIS
   @DF-RKS iter   3:  -837.27406925584580   -1.64903e-04   1.56246e-05 DIIS
   @DF-RKS iter   4:  -837.27410703807550   -3.77822e-05   6.53034e-06 DIIS
   @DF-RKS iter   5:  -837.27411217298152   -5.13491e-06   2.01948e-06 DIIS
   @DF-RKS iter   6:  -837.27411272638210   -5.53401e-07   7.65201e-07 DIIS
   @DF-RKS iter   7:  -837.27411284015045   -1.13768e-07   2.43563e-07 DIIS
   @DF-RKS iter   8:  -837.27411285848655   -1.83361e-08   9.98228e-08 DIIS
   @DF-RKS iter   9:  -837.27411286101585   -2.52930e-09   3.82429e-08 DIIS
   @DF-RKS iter  10:  -837.27411286161976   -6.03904e-10   1.87952e-08 DIIS
   @DF-RKS iter  11:  -837.27411286173879   -1.19030e-10   7.71046e-09 DIIS
  Energy and wave function converged.


  ==> Post-Iterations <==

   Electrons on quadrature grid:
      Ntotal   =  135.9999558840 ; deviation = -4.412e-05 

    Orbital Energies [Eh]
    ---------------------

    Doubly Occupied:                                                      

       1A    -19.233288     2A    -14.490938     3A    -14.445600  
       4A    -14.439899     5A    -14.439153     6A    -10.412384  
       7A    -10.358812     8A    -10.352022     9A    -10.344426  
      10A    -10.340367    11A    -10.333398    12A    -10.323717  
      13A    -10.318455    14A    -10.316872    15A    -10.315374  
      16A    -10.314622    17A    -10.311904    18A    -10.308145  
      19A    -10.302909    20A     -1.167405    21A     -1.096308  
      22A     -1.067102    23A     -1.049886    24A     -1.002436  
      25A     -0.969871    26A     -0.925536    27A     -0.889222  
      28A     -0.868120    29A     -0.828846    30A     -0.822777  
      31A     -0.782965    32A     -0.761542    33A     -0.739908  
      34A     -0.726366    35A     -0.694776    36A     -0.680765  
      37A     -0.666653    38A     -0.645918    39A     -0.621529  
      40A     -0.604887    41A     -0.583627    42A     -0.581234  
      43A     -0.570808    44A     -0.564536    45A     -0.549401  
      46A     -0.544897    47A     -0.534787    48A     -0.530651  
      49A     -0.525453    50A     -0.516659    51A     -0.510640  
      52A     -0.504545    53A     -0.494296    54A     -0.490777  
      55A     -0.473045    56A     -0.467922    57A     -0.463708  
      58A     -0.461684    59A     -0.455687    60A     -0.421813  
      61A     -0.398765    62A     -0.391165    63A     -0.375359  
      64A     -0.357500    65A     -0.348451    66A     -0.338636  
      67A     -0.317986    68A     -0.306577  

    Virtual:                                                              

      69A     -0.009469    70A      0.009194    71A      0.037507  
      72A      0.044464    73A      0.058183    74A      0.063910  
      75A      0.068334    76A      0.071603    77A      0.074873  
      78A      0.078936    79A      0.087990    80A      0.090999  
      81A      0.093150    82A      0.096125    83A      0.099396  
      84A      0.101966    85A      0.105940    86A      0.108253  
      87A      0.113917    88A      0.118190    89A      0.124526  
      90A      0.127504    91A      0.130366    92A      0.133577  
      93A      0.137318    94A      0.141551    95A      0.142335  
      96A      0.149676    97A      0.153480    98A      0.157315  
      99A      0.161809   100A      0.161980   101A      0.168452  
     102A      0.176652   103A      0.179294   104A      0.182455  
     105A      0.187093   106A      0.190186   107A      0.194699  
     108A      0.198749   109A      0.201913   110A      0.205496  
     111A      0.212658   112A      0.216812   113A      0.219224  
     114A      0.222764   115A      0.224379   116A      0.235578  
     117A      0.238144   118A      0.241636   119A      0.245628  
     120A      0.248324   121A      0.249900   122A      0.252441  
     123A      0.256596   124A      0.258620   125A      0.262717  
     126A      0.264378   127A      0.265805   128A      0.269691  
     129A      0.273926   130A      0.274876   131A      0.277918  
     132A      0.280406   133A      0.281952   134A      0.288059  
     135A      0.291169   136A      0.293242   137A      0.297738  
     138A      0.299362   139A      0.302036   140A      0.303816  
     141A      0.309429   142A      0.311387   143A      0.312620  
     144A      0.313582   145A      0.319056   146A      0.322785  
     147A      0.325723   148A      0.331052   149A      0.332348  
     150A      0.336176   151A      0.338255   152A      0.342818  
     153A      0.346088   154A      0.349374   155A      0.350923  
     156A      0.352646   157A      0.356520   158A      0.361268  
     159A      0.367603   160A      0.370348   161A      0.377276  
     162A      0.378748   163A      0.386703   164A      0.389460  
     165A      0.395436   166A      0.398581   167A      0.411321  
     168A      0.412914   169A      0.417483   170A      0.420395  
     171A      0.427906   172A      0.435653   173A      0.440315  
     174A      0.444852   175A      0.452974   176A      0.459272  
     177A      0.466339   178A      0.477587   179A      0.488957  
     180A      0.497307   181A      0.503381   182A      0.523677  
     183A      0.528997   184A      0.544626   185A      0.551399  
     186A      0.556165   187A      0.561649   188A      0.583046  
     189A      0.588267   190A      0.593484   191A      0.602695  
     192A      0.603665   193A      0.607482   194A      0.617655  
     195A      0.622595   196A      0.623980   197A      0.632446  
     198A      0.636066   199A      0.646206   200A      0.652955  
     201A      0.655824   202A      0.664659   203A      0.671201  
     204A      0.674309   205A      0.683021   206A      0.693286  
     207A      0.696299   208A      0.699920   209A      0.702953  
     210A      0.710978   211A      0.720017   212A      0.724194  
     213A      0.729413   214A      0.736334   215A      0.738973  
     216A      0.742664   217A      0.752927   218A      0.755771  
     219A      0.770825   220A      0.773716   221A      0.775829  
     222A      0.788942   223A      0.792256   224A      0.793515  
     225A      0.795257   226A      0.806560   227A      0.808222  
     228A      0.812588   229A      0.826639   230A      0.830685  
     231A      0.836543   232A      0.848748   233A      0.854346  
     234A      0.862290   235A      0.866697   236A      0.874255  
     237A      0.892550   238A      0.901174   239A      0.911354  
     240A      0.924429   241A      0.934608   242A      0.938153  
     243A      0.946262   244A      0.958305   245A      0.964142  
     246A      0.974042   247A      0.986124   248A      0.988243  
     249A      0.990222   250A      0.992142   251A      0.994846  
     252A      1.001025   253A      1.018629   254A      1.032033  
     255A      1.042691   256A      1.043697   257A      1.051724  
     258A      1.059767   259A      1.066772   260A      1.076843  
     261A      1.081430   262A      1.084193   263A      1.090849  
     264A      1.094185   265A      1.113575   266A      1.116221  
     267A      1.134008   268A      1.137018   269A      1.152818  
     270A      1.176376   271A      1.184514   272A      1.196463  
     273A      1.206411   274A      1.216610   275A      1.224149  
     276A      1.227743   277A      1.232787   278A      1.244951  
     279A      1.255283   280A      1.267928   281A      1.285461  
     282A      1.302002   283A      1.313040   284A      1.333541  
     285A      1.341650   286A      1.347192   287A      1.380008  
     288A      1.393452   289A      1.401474   290A      1.413495  
     291A      1.439570   292A      1.454257   293A      1.460574  
     294A      1.487535   295A      1.512673   296A      1.523353  
     297A      1.529081   298A      1.538678   299A      1.558544  
     300A      1.564374   301A      1.572171   302A      1.578371  
     303A      1.593283   304A      1.600798   305A      1.602928  
     306A      1.606265   307A      1.612813   308A      1.618315  
     309A      1.627314   310A      1.634191   311A      1.644026  
     312A      1.654976   313A      1.659937   314A      1.674241  
     315A      1.684700   316A      1.688287   317A      1.703860  
     318A      1.714178   319A      1.718657   320A      1.726595  
     321A      1.727082   322A      1.748774   323A      1.758628  
     324A      1.775681   325A      1.778179   326A      1.786194  
     327A      1.791423   328A      1.795894   329A      1.815306  
     330A      1.827710   331A      1.829142   332A      1.841371  
     333A      1.856422   334A      1.859640   335A      1.863517  
     336A      1.868501   337A      1.883037   338A      1.905705  
     339A      1.917910   340A      1.926764   341A      1.951689  
     342A      1.955162   343A      1.968600   344A      1.978548  
     345A      1.987577   346A      2.004426   347A      2.026265  
     348A      2.034887   349A      2.036555   350A      2.052504  
     351A      2.059825   352A      2.077154   353A      2.089001  
     354A      2.095259   355A      2.111220   356A      2.128471  
     357A      2.140692   358A      2.147338   359A      2.155080  
     360A      2.166821   361A      2.180143   362A      2.194694  
     363A      2.205602   364A      2.208349   365A      2.221143  
     366A      2.233148   367A      2.250706   368A      2.260504  
     369A      2.274645   370A      2.300941   371A      2.326442  
     372A      2.333317   373A      2.337025   374A      2.349116  
     375A      2.363181   376A      2.366689   377A      2.391624  
     378A      2.405895   379A      2.430236   380A      2.444330  
     381A      2.489765   382A      2.494605   383A      2.495661  
     384A      2.504980   385A      2.509037   386A      2.516660  
     387A      2.521674   388A      2.539565   389A      2.564003  
     390A      2.568515   391A      2.580374   392A      2.592585  
     393A      2.609890   394A      2.631511   395A      2.661990  
     396A      2.669626   397A      2.680538   398A      2.689505  
     399A      2.702492   400A      2.713703   401A      2.733569  
     402A      2.742777   403A      2.747207   404A      2.753562  
     405A      2.762759   406A      2.771527   407A      2.782249  
     408A      2.788952   409A      2.791826   410A      2.810162  
     411A      2.818670   412A      2.823106   413A      2.842609  
     414A      2.843320   415A      2.855526   416A      2.859854  
     417A      2.880995   418A      2.887406   419A      2.894407  
     420A      2.911926   421A      2.928118   422A      2.939165  
     423A      2.958444   424A      2.963740   425A      2.967640  
     426A      2.971970   427A      2.996871   428A      3.005330  
     429A      3.011976   430A      3.014491   431A      3.027975  
     432A      3.030647   433A      3.037974   434A      3.044520  
     435A      3.067036   436A      3.075349   437A      3.102192  
     438A      3.112362   439A      3.118045   440A      3.122567  
     441A      3.143153   442A      3.178222   443A      3.182114  
     444A      3.274912   445A      3.304129   446A      3.339660  
     447A      3.369294   448A      3.414501   449A      3.446960  
     450A      3.465547   451A      3.471898   452A      3.509369  
     453A      3.520317   454A      3.586283   455A      3.611076  
     456A      3.627845   457A      3.632456   458A      3.664681  
     459A      3.677953   460A      3.710060   461A      3.734728  
     462A      3.761328   463A      3.807615   464A      3.810191  
     465A      3.848480   466A      3.856376   467A      3.865980  
     468A      3.890397   469A      3.906674   470A      3.910994  
     471A      3.924066   472A      3.968299   473A      4.001618  
     474A      4.019773   475A      4.039510   476A      4.054421  
     477A      4.067134   478A      4.156354   479A      4.219922  
     480A      4.281072   481A      4.319743   482A      4.379444  
     483A      4.475178   484A      4.525160   485A      4.604677  
     486A      4.935812   487A      4.956020   488A      4.972438  
     489A      4.987716   490A      5.077134   491A      5.191086  
     492A      5.211649   493A      5.394352   494A      5.408035  
     495A      5.911673   496A     23.746794   497A     23.861575  
     498A     23.992033   499A     24.007583   500A     24.022645  
     501A     24.045947   502A     24.052250   503A     24.067489  
     504A     24.094882   505A     24.119107   506A     24.164362  
     507A     24.256081   508A     24.319401   509A     24.381423  
     510A     35.646600   511A     35.760620   512A     35.778516  
     513A     35.822170   514A     50.165478  

    Final Occupation by Irrep:
              A 
    DOCC [    68 ]
    NA   [    68 ]
    NB   [    68 ]

  @DF-RKS Final Energy:  -837.27411286173879

   => Energetics <=

    Nuclear Repulsion Energy =           1283.4546393983337111
    One-Electron Energy =               -3681.2880013022127059
    Two-Electron Energy =                1642.1006065143383239
    DFT Exchange-Correlation Energy =     -81.5199237345279499
    Empirical Dispersion Energy =          -0.0214337376700241
    VV10 Nonlocal Energy =                  0.0000000000000000
    Total Energy =                       -837.2741128617386721

Computation Completed


Properties will be evaluated at   0.000000,   0.000000,   0.000000 [a0]

Properties computed using the SCF density matrix


 Multipole Moments:

 ------------------------------------------------------------------------------------
     Multipole            Electronic (a.u.)      Nuclear  (a.u.)        Total (a.u.)
 ------------------------------------------------------------------------------------

 L = 1.  Multiply by 2.5417464519 to convert [e a0] to [Debye]
 Dipole X            :        236.0177643         -233.4426371            2.5751272
 Dipole Y            :        -43.3686312           42.3714784           -0.9971528
 Dipole Z            :         -6.2468641            6.0811362           -0.1657279
 Magnitude           :                                                    2.7664164

 ------------------------------------------------------------------------------------

*** tstop() called on eristm01.eisai.local at Wed May 20 08:39:39 2026
Module time:
	user time   =     486.21 seconds =       8.10 minutes
	system time =      20.81 seconds =       0.35 minutes
	total time  =         72 seconds =       1.20 minutes
Total time:
	user time   =    3037.98 seconds =      50.63 minutes
	system time =     130.69 seconds =       2.18 minutes
	total time  =        445 seconds =       7.42 minutes

*** tstart() called on eristm01.eisai.local
*** at Wed May 20 08:39:39 2026


         ------------------------------------------------------------
                                   SCF GRAD                          
                          Rob Parrish, Justin Turney,                
                       Andy Simmonett, and Alex Sokolov              
         ------------------------------------------------------------

  ==> Geometry <==

    Molecular point group: c1
    Full point group: C1

    Geometry (in Angstrom), charge = 0, multiplicity = 1:

       Center              X                  Y                   Z               Mass       
    ------------   -----------------  -----------------  -----------------  -----------------
         C            1.564597360148     1.530673674008     0.380584911794    12.000000000000
         C            0.075787656197     1.567240605232     0.332982367629    12.000000000000
         O           -0.526261846791     2.622648415848     0.348751580549    15.994914619570
         N           -0.532313311207     0.333925917333     0.296888767951    14.003074004430
         C           -1.903973686205     0.044746448798     0.214611114399    12.000000000000
         C           -2.256675817878    -1.335122370276     0.236286634533    12.000000000000
         H           -1.468134674749    -2.079643934181     0.309044586495     1.007825032230
         C           -3.555966054848    -1.743659086326     0.168656743783    12.000000000000
         C           -4.592610873403    -0.782972624459     0.073876874469    12.000000000000
         N           -5.890193162599    -1.184013965701     0.013541093222    14.003074004430
         C           -6.788121883790    -0.236075450857    -0.068521844096    12.000000000000
         N           -6.571790126903     1.104466312004    -0.103200302476    14.003074004430
         C           -5.321926731462     1.490207718315    -0.045635273441    12.000000000000
         H           -5.126894520527     2.561516675502    -0.071227677010     1.007825032230
         C           -4.240094994451     0.582127804899     0.048432489941    12.000000000000
         C           -2.889506976015     0.997594998934     0.117675114744    12.000000000000
         C            2.329030277372     0.628602980010    -0.227766014850    12.000000000000
         C            3.831153254540     0.654511094593    -0.220389943251    12.000000000000
         N            4.392638579264    -0.677544109309    -0.028579766137    14.003074004430
         C            4.357716573577    -1.460125040875    -1.250818164978    12.000000000000
         C            5.742843400991    -0.617255369700     0.502204188958    12.000000000000
         H            2.000833146276     2.374900901716     0.907926113399     1.007825032230
         H            0.077645022955    -0.458993854826     0.414630012705     1.007825032230
         H           -3.821263994061    -2.794303443622     0.188172322208     1.007825032230
         H           -7.828674644328    -0.543869796422    -0.114763622528     1.007825032230
         H           -2.635909172893     2.048429530684     0.107949065356     1.007825032230
         H            1.865445506510    -0.178559221367    -0.793847626625     1.007825032230
         H            4.198771559878     1.113309272385    -1.158888527380     1.007825032230
         H            4.169145690541     1.299967716370     0.594033382254     1.007825032230
         H            4.994559385113    -1.027065463114    -2.045176975690     1.007825032230
         H            4.703407894961    -2.476534865246    -1.048496247734     1.007825032230
         H            3.338957622233    -1.529999378991    -1.639785981671     1.007825032230
         H            5.746218338465    -0.090490964105     1.459435951698     1.007825032230
         H            6.112701391137    -1.630934675730     0.675253436221     1.007825032230
         H            6.448859811953    -0.107706451529    -0.179895922256     1.007825032230

  Nuclear repulsion = 1283.454639398333711

  ==> Basis Set <==

  Basis Set: 6-311+G(D,P)
    Blend: 6-311+G(D,P)
    Number of shells: 254
    Number of basis functions: 514
    Number of Cartesian functions: 533
    Spherical Harmonics?: true
    Max angular momentum: 2

  ==> DFJKGrad: Density-Fitted SCF Gradients <==

    Gradient:                    1
    J tasked:                  Yes
    K tasked:                  Yes
    wK tasked:                 Yes
    Omega:               2.000E-01
    OpenMP threads:              8
    Integrals threads:           8
    Memory [MiB]:             5722
    Schwarz Cutoff:          1E-12
    Fitting Condition:       1E-10

   => Auxiliary Basis Set <=

  Basis Set: (6-311+G(D,P) AUX)
    Blend: HEAVY-AUG-CC-PVTZ-JKFIT
    Number of shells: 730
    Number of basis functions: 2456
    Number of Cartesian functions: 3049
    Spherical Harmonics?: true
    Max angular momentum: 4

  ==> DFT Potential <==

   => LibXC <=

    Version 7.0.0
    S. Lehtola, C. Steigemann, M. J.T. Oliveira, and M. A.L. Marques.,  SoftwareX 7, 1–5 (2018) (10.1016/j.softx.2017.11.002)

   => Composite Functional: WB97X-D <= 

    wB97X-D Hyb-GGA Exchange-Correlation Functional

    J.-D. Chai and M. Head-Gordon.,  Phys. Chem. Chem. Phys. 10, 6615-6620 (2008) (10.1039/B810189B)

    Deriv               =              1
    GGA                 =           TRUE
    Meta                =          FALSE

    Exchange Hybrid     =           TRUE
    MP2 Hybrid          =          FALSE

   => Exchange-Correlation Functionals <=

    1.0000   wB97X-D range-separated functional

   => Exact (HF) Exchange <=

    0.7780            HF,LR [omega = 0.2000]
    0.2220               HF 

   => LibXC Density Thresholds  <==

    XC_HYB_GGA_XC_WB97X_D:  1.00E-14 

   => Molecular Quadrature <=

    Radial Scheme          =       TREUTLER
    Pruning Scheme         =           NONE
    Nuclear Scheme         =       TREUTLER

    Blocking Scheme        =         OCTREE
    BS radius alpha        =              1
    Pruning alpha          =              1
    Radial Points          =             75
    Spherical Points       =            302
    Total Points           =         730491
    Total Blocks           =           5293
    Max Points             =            256
    Max Functions          =            353
    Weights Tolerance      =       1.00E-15


  -Total Gradient:
     Atom            X                  Y                   Z
    ------   -----------------  -----------------  -----------------
       1       -0.000433575402    -0.000333490153    -0.000137293760
       2        0.000156520884    -0.000475005282    -0.002047602543
       3        0.000010863177     0.000943091418     0.000770613062
       4        0.001027105983    -0.000844391801     0.000902634447
       5       -0.000706901546     0.000618387614    -0.000124227234
       6       -0.000014308846     0.000150112222     0.000043983810
       7        0.000181528374    -0.000425492280    -0.000040742529
       8        0.000364241968     0.000391765817    -0.000081134819
       9       -0.000450967775     0.000661369833    -0.000061525215
      10        0.000742619245    -0.001803946483     0.000101303038
      11       -0.000451691730     0.000787936084     0.000013756025
      12       -0.000875155902     0.000781802635    -0.000094242972
      13        0.000675936925    -0.000445031366     0.000056506960
      14        0.000151677849     0.000359591245     0.000022176352
      15       -0.000199456097    -0.000682711525    -0.000020927009
      16       -0.000330794674     0.000159500664    -0.000218739015
      17       -0.000667272830     0.000387062488     0.000080625390
      18        0.000571262797    -0.000013002486    -0.000192207958
      19       -0.000234192880     0.000074886502     0.000213207478
      20        0.000260563842     0.000431160534     0.000638379225
      21       -0.000502700986    -0.000041362488    -0.000413782271
      22        0.000115234673     0.000263938509     0.000669467029
      23        0.000383687380     0.000070847980    -0.000213896124
      24       -0.000018619295    -0.000464150097     0.000019970064
      25       -0.000155386189    -0.000155706897     0.000019191600
      26        0.000480269364     0.000275194123     0.000178422301
      27       -0.000495523781    -0.000872607418     0.000090284884
      28        0.000054632340     0.000070733266     0.000204459038
      29        0.000147947878     0.000135447090    -0.000124196687
      30        0.000165713797     0.000147795213    -0.000235691821
      31       -0.000014595504    -0.000277783558    -0.000075050139
      32       -0.000440229129     0.000090464781    -0.000076577399
      33        0.000007912252     0.000068050517     0.000219677589
      34        0.000140310676    -0.000241851817     0.000032857272
      35        0.000272369318     0.000133928615    -0.000166626946


*** tstop() called on eristm01.eisai.local at Wed May 20 08:40:06 2026
Module time:
	user time   =     183.41 seconds =       3.06 minutes
	system time =       3.86 seconds =       0.06 minutes
	total time  =         27 seconds =       0.45 minutes
Total time:
	user time   =    3221.40 seconds =      53.69 minutes
	system time =     134.55 seconds =       2.24 minutes
	total time  =        472 seconds =       7.87 minutes

    			-----------------------------------------

    			 OPTKING 3.0: for geometry optimizations 

    			     By R.A. King, Bethel University     

    			        with contributions from          

    			    A.V. Copan, J. Cayton, A. Heide      

    			-----------------------------------------

    
	                            ===> Fragment 1 <== 

	 Z (Atomic Numbers)          Masses                          Geom                  
	       6.000000            12.000000          2.95666051  2.89255403  0.71920125   
	       6.000000            12.000000          0.14321791  2.96165552  0.62924548   
	       8.000000            15.994915         -0.99449076  4.95608723  0.65904497   
	       7.000000            14.003074         -1.00592637  0.63102853  0.56103846   
	       6.000000            12.000000         -3.59798882  0.08455853  0.40555623   
	       6.000000            12.000000         -4.26449925 -2.52301562  0.44651703   
	       1.000000             1.007825         -2.77437245 -3.92995747  0.58400963   
	       6.000000            12.000000         -6.71980196 -3.29503813  0.31871505   
	       6.000000            12.000000         -8.67877675 -1.47960382  0.13960706   
	       7.000000            14.003074        -11.13085190  -2.23746212   0.02558896 
	       6.000000            12.000000        -12.82769127  -0.44611795  -0.12948752 
	       7.000000            14.003074        -12.41888349   2.08713884  -0.19502031 
	       6.000000            12.000000        -10.05698398   2.81608446  -0.08623817 
	       1.000000             1.007825         -9.68842652  4.84056498 -0.13460080   
	       6.000000            12.000000         -8.01261829  1.10006212  0.09152414   
	       6.000000            12.000000         -5.46037682  1.88518133  0.22237374   
	       6.000000            12.000000          4.40122936  1.18788747 -0.43041539   
	       6.000000            12.000000          7.23983040  1.23684671 -0.41647663   
	       7.000000            14.003074          8.30088388 -1.28037280 -0.05400793   
	       6.000000            12.000000          8.23489086 -2.75923644 -2.36370376   
	       6.000000            12.000000         10.85240121 -1.16644360  0.94902838   
	       1.000000             1.007825          3.78102667  4.48791228  1.71573170   
	       1.000000             1.007825          0.14672783 -0.86737268  0.78353717   
	       1.000000             1.007825         -7.22114240 -5.28046822  0.35559415   
	       1.000000             1.007825        -14.79405100  -1.02776496  -0.21687182 
	       1.000000             1.007825         -4.98114643  3.87097080  0.20399417   
	       1.000000             1.007825          3.52518111 -0.33742803 -1.50015460   
	       1.000000             1.007825          7.93452831  2.10384962 -2.18998193   
	       1.000000             1.007825          7.87854353  2.45658296  1.12256040   
	       1.000000             1.007825          9.43834936 -1.94087244 -3.86482436   
	       1.000000             1.007825          8.88815278 -4.67997264 -1.98137075   
	       1.000000             1.007825          6.30971545 -2.89127980 -3.09874641   
	       1.000000             1.007825         10.85877892 -0.17100314  2.75793425   
	       1.000000             1.007825         11.55133152 -3.08201987  1.27604406   
	       1.000000             1.007825         12.18657887 -0.20353570 -0.33995402   

	 - Coordinate -           - BOHR/RAD -       - ANG/DEG -
	 H(3,26)          =         4.156678           2.199619
	 R(1,2)           =         2.815728           1.490019
	 R(1,17)          =         2.512824           1.329729
	 R(1,22)          =         2.053733           1.086789
	 R(2,3)           =         2.296307           1.215153
	 R(2,4)           =         2.599424           1.375556
	 R(4,5)           =         2.653600           1.404225
	 R(4,23)          =         1.903503           1.007290
	 R(5,6)           =         2.691720           1.424397
	 R(5,16)          =         2.596977           1.374261
	 R(6,7)           =         2.053988           1.086924
	 R(6,8)           =         2.576987           1.363683
	 R(8,9)           =         2.676838           1.416522
	 R(8,24)          =         2.048081           1.083798
	 R(9,10)          =         2.569051           1.359483
	 R(9,15)          =         2.664724           1.410111
	 R(10,11)         =         2.472292           1.308280
	 R(11,12)         =         2.566867           1.358328
	 R(11,25)         =         2.052442           1.086106
	 R(12,13)         =         2.474220           1.309301
	 R(13,14)         =         2.058323           1.089218
	 R(13,15)         =         2.675026           1.415563
	 R(15,16)         =         2.673475           1.414742
	 R(16,26)         =         2.042880           1.081046
	 R(17,18)         =         2.839057           1.502364
	 R(17,27)         =         2.058735           1.089436
	 R(18,19)         =         2.755651           1.458228
	 R(18,28)         =         2.092754           1.107438
	 R(18,29)         =         2.065029           1.092766
	 R(19,20)         =         2.743372           1.451730
	 R(19,21)         =         2.743957           1.452040
	 R(20,30)         =         2.090788           1.106397
	 R(20,31)         =         2.064499           1.092486
	 R(20,32)         =         2.064951           1.092725
	 R(21,33)         =         2.064723           1.092605
	 R(21,34)         =         2.065157           1.092834
	 R(21,35)         =         2.090143           1.106056
	 B(1,2,3)         =         2.112912         121.060952
	 B(1,2,4)         =         2.004850         114.869464
	 B(1,17,18)       =         2.166198         124.114000
	 B(1,17,27)       =         2.089450         119.716654
	 B(2,1,17)        =         2.185167         125.200843
	 B(2,1,22)        =         1.979599         113.422673
	 B(2,4,5)         =         2.236996         128.170403
	 B(2,4,23)        =         2.020854         115.786414
	 B(3,2,4)         =         2.165230         124.058514
	 B(4,5,6)         =         2.026928         116.134435
	 B(4,5,16)        =         2.167421         124.184074
	 B(5,4,23)        =         2.022214         115.864321
	 B(5,6,7)         =         2.077098         119.008950
	 B(5,6,8)         =         2.123965         121.694242
	 B(5,16,15)       =         2.076533         118.976597
	 B(5,16,26)       =         2.101780         120.423100
	 B(6,5,16)        =         2.088836         119.681490
	 B(6,8,9)         =         2.091405         119.828674
	 B(6,8,24)        =         2.120873         121.517091
	 B(7,6,8)         =         2.082122         119.296803
	 B(8,9,10)        =         2.096019         120.093037
	 B(8,9,15)        =         2.065545         118.346994
	 B(9,8,24)        =         2.070904         118.654039
	 B(9,10,11)       =         2.031001         116.367768
	 B(9,15,13)       =         2.016581         115.541580
	 B(9,15,16)       =         2.120070         121.471067
	 B(10,9,15)       =         2.121617         121.559726
	 B(10,11,12)      =         2.223546         127.399793
	 B(10,11,25)      =         2.043045         117.057837
	 B(11,12,13)      =         2.028255         116.210449
	 B(12,11,25)      =         2.016595         115.542370
	 B(12,13,14)      =         2.048417         117.365675
	 B(12,13,15)      =         2.145366         122.920428
	 B(13,15,16)      =         2.146529         122.987047
	 B(14,13,15)      =         2.089401         119.713843
	 B(15,16,26)      =         2.104785         120.595281
	 B(17,1,22)       =         2.115557         121.212478
	 B(17,18,19)      =         1.949674         111.708063
	 B(17,18,28)      =         1.912279         109.565497
	 B(17,18,29)      =         1.899794         108.850206
	 B(18,17,27)      =         2.027271         116.154097
	 B(18,19,20)      =         1.952411         111.864931
	 B(18,19,21)      =         1.947865         111.604465
	 B(19,18,28)      =         1.941311         111.228907
	 B(19,18,29)      =         1.899091         108.809886
	 B(19,20,30)      =         1.960189         112.310532
	 B(19,20,31)      =         1.915587         109.755032
	 B(19,20,32)      =         1.935410         110.890819
	 B(19,21,33)      =         1.921057         110.068475
	 B(19,21,34)      =         1.911419         109.516268
	 B(19,21,35)      =         1.968444         112.783537
	 B(20,19,21)      =         1.931047         110.640827
	 B(28,18,29)      =         1.858984         106.511925
	 B(30,20,31)      =         1.891238         108.359976
	 B(30,20,32)      =         1.881888         107.824243
	 B(31,20,32)      =         1.876996         107.543951
	 B(33,21,34)      =         1.883280         107.903979
	 B(33,21,35)      =         1.892527         108.433819
	 B(34,21,35)      =         1.884878         107.995533
	 D(1,2,4,5)       =        -3.110705        -178.230285
	 D(1,2,4,23)      =         0.119969           6.873715
	 D(1,17,18,19)    =         2.412042         138.199814
	 D(1,17,18,28)    =        -1.711854         -98.082016
	 D(1,17,18,29)    =         0.314611          18.025900
	 D(2,1,17,18)     =         3.085636         176.793925
	 D(2,1,17,27)     =        -0.030179          -1.729133
	 D(2,4,5,6)       =         3.174680         181.895776
	 D(2,4,5,16)      =         0.032861           1.882776
	 D(3,2,1,17)      =        -2.553941        -146.330053
	 D(3,2,1,22)      =         0.506856          29.040711
	 D(3,2,4,5)       =         0.051873           2.972111
	 D(3,2,4,23)      =        -3.000638        -171.923889
	 D(4,2,1,17)      =         0.607947          34.832821
	 D(4,2,1,22)      =        -2.614441        -149.796415
	 D(4,5,6,7)       =        -0.004640          -0.265853
	 D(4,5,6,8)       =        -3.146655        -180.290054
	 D(4,5,16,15)     =         3.147645         180.346765
	 D(4,5,16,26)     =        -0.008090          -0.463522
	 D(5,6,8,9)       =         0.000186           0.010669
	 D(5,6,8,24)      =         3.144627         180.173844
	 D(5,16,15,9)     =        -0.002418          -0.138531
	 D(5,16,15,13)    =         3.135506         179.651281
	 D(6,5,4,23)      =        -0.056053          -3.211593
	 D(6,5,16,15)     =         0.005818           0.333332
	 D(6,5,16,26)     =         3.133268         179.523044
	 D(6,8,9,10)      =         3.147891         180.360854
	 D(6,8,9,15)      =         0.003215           0.184210
	 D(7,6,5,16)      =        -3.146017        -180.253475
	 D(7,6,8,9)       =         3.141355         179.986401
	 D(7,6,8,24)      =         0.002611           0.149576
	 D(8,6,5,16)      =        -0.004846          -0.277676
	 D(8,9,10,11)     =         3.137980         179.793005
	 D(8,9,15,13)     =        -3.140325        -179.927386
	 D(8,9,15,16)     =        -0.002143          -0.122787
	 D(9,10,11,12)    =         0.002627           0.150521
	 D(9,10,11,25)    =         3.144272         180.153490
	 D(9,15,13,12)    =         0.002409           0.138050
	 D(9,15,13,14)    =         3.142480         180.050821
	 D(9,15,16,26)    =         3.153342         180.673193
	 D(10,9,8,24)     =         0.003531           0.202336
	 D(10,9,15,13)    =        -0.001863          -0.106750
	 D(10,9,15,16)    =        -3.146866        -180.302151
	 D(10,11,12,13)   =        -0.002139          -0.122544
	 D(11,10,9,15)    =        -0.000428          -0.024548
	 D(11,12,13,14)   =        -3.140704        -179.949078
	 D(11,12,13,15)   =        -0.000600          -0.034385
	 D(12,13,15,16)   =         3.147470         180.336739
	 D(13,12,11,25)   =        -3.143783        -180.125475
	 D(13,15,16,26)   =         0.008081           0.463004
	 D(14,13,15,16)   =         0.004355           0.249509
	 D(15,9,8,24)     =         3.142041         180.025692
	 D(16,5,4,23)     =         3.085313         176.775407
	 D(17,18,19,20)   =         1.366145          78.274325
	 D(17,18,19,21)   =        -2.742840        -157.153140
	 D(18,17,1,22)    =         0.030743           1.761441
	 D(18,19,20,30)   =         1.123024          64.344527
	 D(18,19,20,31)   =        -3.055186        -175.049264
	 D(18,19,20,32)   =        -0.983850         -56.370472
	 D(18,19,21,33)   =         1.029026          58.958837
	 D(18,19,21,34)   =         3.096753         177.430904
	 D(18,19,21,35)   =        -1.086965         -62.278494
	 D(19,18,17,27)   =        -0.754492         -43.229196
	 D(20,19,18,28)   =        -0.776676         -44.500263
	 D(20,19,18,29)   =        -2.819198        -161.528122
	 D(20,19,21,33)   =        -3.068053        -175.786484
	 D(20,19,21,34)   =        -1.000325         -57.314416
	 D(20,19,21,35)   =         1.099142          62.976185
	 D(21,19,18,28)   =         1.397525          80.072272
	 D(21,19,18,29)   =        -0.644997         -36.955587
	 D(21,19,20,30)   =        -1.060512         -60.762854
	 D(21,19,20,31)   =         1.044464          59.843355
	 D(21,19,20,32)   =         3.115799         178.522147
	 D(22,1,17,27)    =        -3.085072        -176.761617
	 D(27,17,18,28)   =         1.404798          80.488974
	 D(27,17,18,29)   =        -2.851922        -163.403111


	        --- Internal Coordinate Step in ANG or DEG, aJ/ANG or AJ/DEG ---
	-------------------------------------------------------------------------------
	           Coordinate      Previous         Force          Change          New 
	           ----------      --------        ------          ------        ------
	              H(3,26)       2.19962       -0.00065       -0.00043       2.19919
	               R(1,2)       1.49002        0.00814        0.00060       1.49062
	              R(1,17)       1.32973        0.00444        0.00018       1.32991
	              R(1,22)       1.08679       -0.00475       -0.00072       1.08607
	               R(2,3)       1.21515       -0.00696       -0.00032       1.21483
	               R(2,4)       1.37556        0.00053       -0.00021       1.37534
	               R(4,5)       1.40422       -0.00349       -0.00067       1.40355
	              R(4,23)       1.00729       -0.00123        0.00004       1.00733
	               R(5,6)       1.42440       -0.00079       -0.00026       1.42414
	              R(5,16)       1.37426        0.00057       -0.00009       1.37417
	               R(6,7)       1.08692       -0.00343       -0.00056       1.08636
	               R(6,8)       1.36368        0.00055       -0.00008       1.36360
	               R(8,9)       1.41652       -0.00276       -0.00033       1.41619
	              R(8,24)       1.08380       -0.00368       -0.00059       1.08321
	              R(9,10)       1.35948       -0.00113       -0.00025       1.35923
	              R(9,15)       1.41011        0.00039        0.00007       1.41018
	             R(10,11)       1.30828       -0.01256       -0.00106       1.30722
	             R(11,12)       1.35833       -0.00566       -0.00071       1.35762
	             R(11,25)       1.08611       -0.00154       -0.00033       1.08577
	             R(12,13)       1.30930       -0.00544       -0.00054       1.30877
	             R(13,14)       1.08922       -0.00322       -0.00054       1.08868
	             R(13,15)       1.41556        0.00076        0.00011       1.41567
	             R(15,16)       1.41474       -0.00323       -0.00051       1.41423
	             R(16,26)       1.08105       -0.00350       -0.00050       1.08054
	             R(17,18)       1.50236       -0.00377       -0.00077       1.50160
	             R(17,27)       1.08944       -0.00669       -0.00100       1.08843
	             R(18,19)       1.45823        0.00317        0.00022       1.45845
	             R(18,28)       1.10744        0.00104        0.00015       1.10759
	             R(18,29)       1.09277       -0.00025       -0.00002       1.09274
	             R(19,20)       1.45173        0.00364        0.00014       1.45187
	             R(19,21)       1.45204        0.00151       -0.00015       1.45189
	             R(20,30)       1.10640       -0.00254       -0.00040       1.10599
	             R(20,31)       1.09249       -0.00210       -0.00036       1.09213
	             R(20,32)       1.09273       -0.00352       -0.00057       1.09216
	             R(21,33)       1.09260       -0.00191       -0.00034       1.09226
	             R(21,34)       1.09283       -0.00232       -0.00039       1.09244
	             R(21,35)       1.10606       -0.00274       -0.00044       1.10562
	             B(1,2,3)     121.06095       -0.00001        0.03123     121.09218
	             B(1,2,4)     114.86946        0.00009        0.10324     114.97271
	           B(1,17,18)     124.11400       -0.00001       -0.03289     124.08111
	           B(1,17,27)     119.71665        0.00002        0.04158     119.75824
	            B(2,1,17)     125.20084        0.00008        0.11332     125.31416
	            B(2,1,22)     113.42267       -0.00003       -0.04610     113.37657
	             B(2,4,5)     128.17040        0.00003        0.04359     128.21399
	            B(2,4,23)     115.78641        0.00001        0.04668     115.83310
	             B(3,2,4)     124.05851       -0.00008       -0.12455     123.93397
	             B(4,5,6)     116.13443        0.00002        0.02823     116.16267
	            B(4,5,16)     124.18407       -0.00001       -0.03051     124.15357
	            B(5,4,23)     115.86432       -0.00004       -0.13128     115.73304
	             B(5,6,7)     119.00895       -0.00002       -0.05352     118.95543
	             B(5,6,8)     121.69424        0.00001        0.00182     121.69606
	           B(5,16,15)     118.97660        0.00001        0.02415     119.00074
	           B(5,16,26)     120.42310        0.00003        0.11564     120.53874
	            B(6,5,16)     119.68149       -0.00001        0.00226     119.68375
	             B(6,8,9)     119.82867       -0.00001       -0.03119     119.79748
	            B(6,8,24)     121.51709        0.00001        0.03517     121.55227
	             B(7,6,8)     119.29680        0.00001        0.05170     119.34850
	            B(8,9,10)     120.09304        0.00001        0.00460     120.09764
	            B(8,9,15)     118.34699        0.00002        0.05093     118.39792
	            B(9,8,24)     118.65404       -0.00000       -0.00383     118.65021
	           B(9,10,11)     116.36777        0.00004        0.07839     116.44616
	           B(9,15,13)     115.54158       -0.00002       -0.00734     115.53424
	           B(9,15,16)     121.47107       -0.00001       -0.04759     121.42348
	           B(10,9,15)     121.55973       -0.00003       -0.05537     121.50435
	          B(10,11,12)     127.39979       -0.00002       -0.04286     127.35693
	          B(10,11,25)     117.05784        0.00002        0.04980     117.10763
	          B(11,12,13)     116.21045        0.00004        0.05339     116.26384
	          B(12,11,25)     115.54237        0.00000       -0.00693     115.53544
	          B(12,13,14)     117.36567        0.00000       -0.02420     117.34147
	          B(12,13,15)     122.92043       -0.00002       -0.02608     122.89435
	          B(13,15,16)     122.98705        0.00003        0.05512     123.04216
	          B(14,13,15)     119.71384        0.00002        0.05033     119.76417
	          B(15,16,26)     120.59528       -0.00004       -0.13765     120.45763
	           B(17,1,22)     121.21248       -0.00005       -0.10365     121.10883
	          B(17,18,19)     111.70806        0.00007        0.11830     111.82636
	          B(17,18,28)     109.56550       -0.00001        0.00202     109.56752
	          B(17,18,29)     108.85021       -0.00003       -0.13847     108.71173
	          B(18,17,27)     116.15410       -0.00001       -0.01810     116.13600
	          B(18,19,20)     111.86493        0.00003        0.13023     111.99516
	          B(18,19,21)     111.60447       -0.00003       -0.05786     111.54660
	          B(19,18,28)     111.22891       -0.00002        0.01060     111.23950
	          B(19,18,29)     108.80989       -0.00002       -0.07692     108.73296
	          B(19,20,30)     112.31053       -0.00000        0.01263     112.32316
	          B(19,20,31)     109.75503       -0.00002       -0.09923     109.65580
	          B(19,20,32)     110.89082        0.00002        0.04738     110.93820
	          B(19,21,33)     110.06847        0.00000       -0.02987     110.03861
	          B(19,21,34)     109.51627       -0.00000       -0.03544     109.48083
	          B(19,21,35)     112.78354       -0.00001       -0.01758     112.76595
	          B(20,19,21)     110.64083       -0.00000       -0.00774     110.63309
	          B(28,18,29)     106.51193        0.00002        0.07745     106.58937
	          B(30,20,31)     108.35998        0.00000       -0.00744     108.35254
	          B(30,20,32)     107.82424       -0.00000        0.02295     107.84720
	          B(31,20,32)     107.54395        0.00000        0.02532     107.56927
	          B(33,21,34)     107.90398        0.00000        0.03673     107.94071
	          B(33,21,35)     108.43382        0.00000        0.01616     108.44998
	          B(34,21,35)     107.99553        0.00001        0.03410     108.02963
	           D(1,2,4,5)    -178.23029        0.00002        0.26834    -177.96195
	          D(1,2,4,23)       6.87371        0.00004        0.82921       7.70292
	        D(1,17,18,19)     138.19981        0.00000        0.16793     138.36775
	        D(1,17,18,28)     -98.08202        0.00001        0.26512     -97.81689
	        D(1,17,18,29)      18.02590        0.00001        0.28103      18.30693
	         D(2,1,17,18)     176.79392        0.00001       -0.06399     176.72993
	         D(2,1,17,27)      -1.72913        0.00002        0.33688      -1.39226
	           D(2,4,5,6)     181.89578        0.00001        0.42071     182.31648
	          D(2,4,5,16)       1.88278        0.00001        0.48665       2.36943
	          D(3,2,1,17)    -146.33005        0.00005        1.70971    -144.62035
	          D(3,2,1,22)      29.04071        0.00003        1.21595      30.25666
	           D(3,2,4,5)       2.97211       -0.00002       -0.54713       2.42498
	          D(3,2,4,23)    -171.92389       -0.00001        0.01374    -171.91015
	          D(4,2,1,17)      34.83282        0.00001        0.92171      35.75454
	          D(4,2,1,22)    -149.79641       -0.00001        0.42796    -149.36845
	           D(4,5,6,7)      -0.26585        0.00000        0.10075      -0.16510
	           D(4,5,6,8)    -180.29005        0.00000        0.10441    -180.18564
	         D(4,5,16,15)     180.34676       -0.00000       -0.13438     180.21238
	         D(4,5,16,26)      -0.46352        0.00000        0.06081      -0.40271
	           D(5,6,8,9)       0.01067        0.00000        0.02830       0.03897
	          D(5,6,8,24)     180.17384       -0.00000       -0.05347     180.12037
	         D(5,16,15,9)      -0.13853        0.00000        0.02376      -0.11477
	        D(5,16,15,13)     179.65128        0.00000        0.10485     179.75613
	          D(6,5,4,23)      -3.21159       -0.00000       -0.13200      -3.34359
	         D(6,5,16,15)       0.33333       -0.00000       -0.06625       0.26708
	         D(6,5,16,26)     179.52304        0.00000        0.12894     179.65199
	          D(6,8,9,10)     180.36085       -0.00001       -0.13700     180.22385
	          D(6,8,9,15)       0.18421       -0.00000       -0.06965       0.11456
	          D(7,6,5,16)    -180.25348        0.00000        0.03794    -180.21553
	           D(7,6,8,9)     179.98640        0.00000        0.03195     180.01835
	          D(7,6,8,24)       0.14958       -0.00000       -0.04983       0.09975
	          D(8,6,5,16)      -0.27768        0.00000        0.04160      -0.23608
	         D(8,9,10,11)     179.79301        0.00000        0.06828     179.86129
	         D(8,9,15,13)    -179.92739       -0.00000       -0.03104    -179.95843
	         D(8,9,15,16)      -0.12279        0.00000        0.04443      -0.07836
	        D(9,10,11,12)       0.15052       -0.00000       -0.04319       0.10733
	        D(9,10,11,25)     180.15349       -0.00000       -0.03317     180.12032
	        D(9,15,13,12)       0.13805       -0.00000       -0.03611       0.10194
	        D(9,15,13,14)     180.05082        0.00000        0.01942     180.07024
	        D(9,15,16,26)     180.67319       -0.00001       -0.17338     180.49981
	         D(10,9,8,24)       0.20234       -0.00000       -0.05753       0.14481
	        D(10,9,15,13)      -0.10675        0.00000        0.03742      -0.06933
	        D(10,9,15,16)    -180.30215        0.00000        0.11289    -180.18926
	       D(10,11,12,13)      -0.12254        0.00000        0.04493      -0.07761
	        D(11,10,9,15)      -0.02455        0.00000       -0.00140      -0.02595
	       D(11,12,13,14)    -179.94908       -0.00000       -0.05552    -180.00460
	       D(11,12,13,15)      -0.03438       -0.00000       -0.00119      -0.03558
	       D(12,13,15,16)     180.33674       -0.00000       -0.11271     180.22403
	       D(13,12,11,25)    -180.12547        0.00000        0.03505    -180.09043
	       D(13,15,16,26)       0.46300       -0.00000       -0.09229       0.37071
	       D(14,13,15,16)       0.24951       -0.00000       -0.05718       0.19233
	         D(15,9,8,24)     180.02569        0.00000        0.00983     180.03552
	         D(16,5,4,23)     176.77541       -0.00000       -0.06606     176.70935
	       D(17,18,19,20)      78.27432        0.00002        1.00814      79.28246
	       D(17,18,19,21)    -157.15314        0.00002        1.05258    -156.10056
	        D(18,17,1,22)       1.76144        0.00003        0.46194       2.22338
	       D(18,19,20,30)      64.34453       -0.00000       -0.18558      64.15895
	       D(18,19,20,31)    -175.04926       -0.00001       -0.25498    -175.30424
	       D(18,19,20,32)     -56.37047       -0.00001       -0.25711     -56.62758
	       D(18,19,21,33)      58.95884       -0.00001       -0.12588      58.83296
	       D(18,19,21,34)     177.43090       -0.00001       -0.12044     177.31046
	       D(18,19,21,35)     -62.27849       -0.00001       -0.11332     -62.39181
	       D(19,18,17,27)     -43.22920       -0.00001       -0.21888     -43.44808
	       D(20,19,18,28)     -44.50026        0.00000        0.91266     -43.58760
	       D(20,19,18,29)    -161.52812        0.00000        0.85897    -160.66915
	       D(20,19,21,33)    -175.78648        0.00001       -0.00449    -175.79098
	       D(20,19,21,34)     -57.31442        0.00001        0.00094     -57.31347
	       D(20,19,21,35)      62.97619        0.00001        0.00807      62.98425
	       D(21,19,18,28)      80.07227        0.00000        0.95711      81.02938
	       D(21,19,18,29)     -36.95559        0.00000        0.90342     -36.05217
	       D(21,19,20,30)     -60.76285        0.00001       -0.20077     -60.96362
	       D(21,19,20,31)      59.84336       -0.00000       -0.27017      59.57319
	       D(21,19,20,32)     178.52215        0.00000       -0.27230     178.24985
	        D(22,1,17,27)    -176.76162        0.00004        0.86280    -175.89881
	       D(27,17,18,28)      80.48897       -0.00000       -0.12169      80.36728
	       D(27,17,18,29)    -163.40311       -0.00001       -0.10579    -163.50890
	-------------------------------------------------------------------------------

	                                 ==> Convergence Check <==                                  
    
	Measures of convergence in internal coordinates in au.
    
	Criteria marked as inactive (o), active & met (*), and active & unmet ( ).

	----------------------------------------------------------------------------------------------
	   Step    Total Energy     Delta E     Max Force     RMS Force      Max Disp      RMS Disp   
	----------------------------------------------------------------------------------------------
	  Convergence Criteria     1.00e-06 *    3.00e-04 *             o    1.20e-03 *             o
	----------------------------------------------------------------------------------------------
	     4    -837.27411286   -3.13e-04      1.52e-03      3.31e-04 o    2.98e-02      5.09e-03 o  ~
	----------------------------------------------------------------------------------------------

Next Geometry in Ang 
	Fragment 1 (Ang)

	    C   1.5635828926   1.5177354615   0.3895609754
	    C   0.0741513325   1.5564702135   0.3442706543
	    O  -0.5261536781   2.6126148830   0.3413250625
	    N  -0.5381088565   0.3252588883   0.3154674454
	    C  -1.9097011064   0.0394027676   0.2318962594
	    C  -2.2675395607  -1.3384659411   0.2719007925
	    H  -1.4818807341  -2.0835454170   0.3601221356
	    C  -3.5678297779  -1.7432965558   0.2027938841
	    C  -4.5995889871  -0.7801140271   0.0872607349
	    N  -5.8980868263  -1.1766269231   0.0224925556
	    C  -6.7919351108  -0.2283328627  -0.0804615102
	    N  -6.5707123102   1.1101436417  -0.1321992132
	    C  -5.3208304777   1.4933663036  -0.0705388575
	    H  -5.1233000901   2.5632206998  -0.1106365624
	    C  -4.2424569174   0.5834308160   0.0445693762
	    C  -2.8911056720   0.9942740112   0.1160604876
	    C   2.3284874618   0.6225912876  -0.2287444998
	    C   3.8298076370   0.6506460567  -0.2219397810
	    N   4.3962679183  -0.6820168626  -0.0481265040
	    C   4.3858509282  -1.4428126701  -1.2846597692
	    C   5.7372928523  -0.6233783398   0.5052137289
	    H   2.0006822448   2.3598859713   0.9180250512
	    H   0.0668399879  -0.4690276514   0.4490910092
	    H  -3.8375094200  -2.7918922820   0.2353631738
	    H  -7.8328672858  -0.5329781918  -0.1309780071
	    H  -2.6356113722   2.0438529880   0.0900364674
	    H   1.8664676581  -0.1749273041  -0.8076984886
	    H   4.1962070544   1.1239572824  -1.1538657575
	    H   4.1648468204   1.2846652335   0.6025928477
	    H   5.0296051088  -0.9902063698  -2.0618037188
	    H   4.7392217533  -2.4584632474  -1.0940739405
	    H   3.3740419101  -1.5162587808  -1.6892112035
	    H   5.7216125809  -0.1138985297   1.4712498080
	    H   6.1098501572  -1.6377082070   0.6657322956
	    H   6.4504018847  -0.0975663424  -0.1561440700


    Structure for next step:
    Molecular point group: c1
    Full point group: C1

    Geometry (in Angstrom), charge = 0, multiplicity = 1:

    C            1.563582892639     1.517735461487     0.389560975441
    C            0.074151332473     1.556470213527     0.344270654313
    O           -0.526153678065     2.612614883034     0.341325062487
    N           -0.538108856461     0.325258888292     0.315467445421
    C           -1.909701106374     0.039402767641     0.231896259448
    C           -2.267539560657    -1.338465941077     0.271900792540
    H           -1.481880734115    -2.083545417030     0.360122135567
    C           -3.567829777915    -1.743296555809     0.202793884121
    C           -4.599588987128    -0.780114027065     0.087260734899
    N           -5.898086826304    -1.176626923102     0.022492555605
    C           -6.791935110814    -0.228332862655    -0.080461510170
    N           -6.570712310212     1.110143641731    -0.132199213183
    C           -5.320830477659     1.493366303554    -0.070538857454
    H           -5.123300090103     2.563220699795    -0.110636562367
    C           -4.242456917423     0.583430816040     0.044569376201
    C           -2.891105671971     0.994274011204     0.116060487575
    C            2.328487461840     0.622591287552    -0.228744499769
    C            3.829807637035     0.650646056742    -0.221939781004
    N            4.396267918282    -0.682016862649    -0.048126504020
    C            4.385850928191    -1.442812670123    -1.284659769239
    C            5.737292852299    -0.623378339828     0.505213728894
    H            2.000682244769     2.359885971264     0.918025051231
    H            0.066839987860    -0.469027651408     0.449091009163
    H           -3.837509419982    -2.791892281965     0.235363173798
    H           -7.832867285753    -0.532978191790    -0.130978007089
    H           -2.635611372225     2.043852987997     0.090036467407
    H            1.866467658082    -0.174927304073    -0.807698488559
    H            4.196207054405     1.123957282416    -1.153865757544
    H            4.164846820354     1.284665233507     0.602592847747
    H            5.029605108777    -0.990206369847    -2.061803718822
    H            4.739221753323    -2.458463247402    -1.094073940523
    H            3.374041910099    -1.516258780782    -1.689211203472
    H            5.721612580868    -0.113898529742     1.471249807987
    H            6.109850157159    -1.637708207001     0.665732295592
    H            6.450401884709    -0.097566342436    -0.156144070036


Scratch directory: /tmp/
gradient() will perform analytic gradient computation.
   => Libint2 <=

    Primary   basis highest AM E, G, H:  7, 6, 3
    Auxiliary basis highest AM E, G, H:  7, 7, 4
    Onebody   basis highest AM E, G, H:  -, -, -
    Solid Harmonics ordering:            Gaussian

*** tstart() called on eristm01.eisai.local
*** at Wed May 20 08:40:07 2026

   => Loading Basis Set <=

    Name: 6-311+G(D,P)
    Role: ORBITAL
    Keyword: BASIS
    atoms 1-2, 5-6, 8-9, 11, 13, 15-18, 20-21 entry C          line   129 file /home2/shbae/bucket/covalent/.pixi/envs/default/share/psi4/basis/6-311pg_d_p_.gbs 
    atoms 3                                   entry O          line   171 file /home2/shbae/bucket/covalent/.pixi/envs/default/share/psi4/basis/6-311pg_d_p_.gbs 
    atoms 4, 10, 12, 19                       entry N          line   150 file /home2/shbae/bucket/covalent/.pixi/envs/default/share/psi4/basis/6-311pg_d_p_.gbs 
    atoms 7, 14, 22-35                        entry H          line    42 file /home2/shbae/bucket/covalent/.pixi/envs/default/share/psi4/basis/6-311pg_d_p_.gbs 

   => WB97X-D: Empirical Dispersion <=

    Chai and Head-Gordon Dispersion Correction
    Chai, J.-D.; Head-Gordon, M. (2010), J. Chem. Phys., 132: 6615-6620

        s6 =       1.000000


         ---------------------------------------------------------
                                   SCF
               by Justin Turney, Rob Parrish, Andy Simmonett
                          and Daniel G. A. Smith
                              RKS Reference
                        8 Threads,   7629 MiB Core
         ---------------------------------------------------------

  ==> Geometry <==

    Molecular point group: c1
    Full point group: C1

    Geometry (in Angstrom), charge = 0, multiplicity = 1:

       Center              X                  Y                   Z               Mass       
    ------------   -----------------  -----------------  -----------------  -----------------
         C            1.563582892639     1.517735461487     0.389560975441    12.000000000000
         C            0.074151332473     1.556470213527     0.344270654313    12.000000000000
         O           -0.526153678065     2.612614883034     0.341325062487    15.994914619570
         N           -0.538108856461     0.325258888292     0.315467445421    14.003074004430
         C           -1.909701106374     0.039402767641     0.231896259448    12.000000000000
         C           -2.267539560657    -1.338465941077     0.271900792540    12.000000000000
         H           -1.481880734115    -2.083545417030     0.360122135567     1.007825032230
         C           -3.567829777915    -1.743296555809     0.202793884121    12.000000000000
         C           -4.599588987128    -0.780114027065     0.087260734899    12.000000000000
         N           -5.898086826304    -1.176626923102     0.022492555605    14.003074004430
         C           -6.791935110814    -0.228332862655    -0.080461510170    12.000000000000
         N           -6.570712310212     1.110143641731    -0.132199213183    14.003074004430
         C           -5.320830477659     1.493366303554    -0.070538857454    12.000000000000
         H           -5.123300090103     2.563220699795    -0.110636562367     1.007825032230
         C           -4.242456917423     0.583430816040     0.044569376201    12.000000000000
         C           -2.891105671971     0.994274011204     0.116060487575    12.000000000000
         C            2.328487461840     0.622591287552    -0.228744499769    12.000000000000
         C            3.829807637035     0.650646056742    -0.221939781004    12.000000000000
         N            4.396267918282    -0.682016862649    -0.048126504020    14.003074004430
         C            4.385850928191    -1.442812670123    -1.284659769239    12.000000000000
         C            5.737292852299    -0.623378339828     0.505213728894    12.000000000000
         H            2.000682244769     2.359885971264     0.918025051231     1.007825032230
         H            0.066839987860    -0.469027651408     0.449091009163     1.007825032230
         H           -3.837509419982    -2.791892281965     0.235363173798     1.007825032230
         H           -7.832867285753    -0.532978191790    -0.130978007089     1.007825032230
         H           -2.635611372225     2.043852987997     0.090036467407     1.007825032230
         H            1.866467658082    -0.174927304073    -0.807698488559     1.007825032230
         H            4.196207054405     1.123957282416    -1.153865757544     1.007825032230
         H            4.164846820354     1.284665233507     0.602592847747     1.007825032230
         H            5.029605108777    -0.990206369847    -2.061803718822     1.007825032230
         H            4.739221753323    -2.458463247402    -1.094073940523     1.007825032230
         H            3.374041910099    -1.516258780782    -1.689211203472     1.007825032230
         H            5.721612580868    -0.113898529742     1.471249807987     1.007825032230
         H            6.109850157159    -1.637708207001     0.665732295592     1.007825032230
         H            6.450401884709    -0.097566342436    -0.156144070036     1.007825032230

  Running in c1 symmetry.

  Rotational constants: A =      0.03781  B =      0.00386  C =      0.00357 [cm^-1]
  Rotational constants: A =   1133.64525  B =    115.81259  C =    106.97819 [MHz]
  Nuclear repulsion = 1283.181676259809819

  Charge       = 0
  Multiplicity = 1
  Electrons    = 136
  Nalpha       = 68
  Nbeta        = 68

  ==> Algorithm <==

  SCF Algorithm Type is DF.
  DIIS enabled.
  MOM disabled.
  Fractional occupation disabled.
  Guess Type is READ.
  Energy threshold   = 1.00e-08
  Density threshold  = 1.00e-08
  Integral threshold = 1.00e-12

  ==> Primary Basis <==

  Basis Set: 6-311+G(D,P)
    Blend: 6-311+G(D,P)
    Number of shells: 254
    Number of basis functions: 514
    Number of Cartesian functions: 533
    Spherical Harmonics?: true
    Max angular momentum: 2

  ==> DFT Potential <==

   => LibXC <=

    Version 7.0.0
    S. Lehtola, C. Steigemann, M. J.T. Oliveira, and M. A.L. Marques.,  SoftwareX 7, 1–5 (2018) (10.1016/j.softx.2017.11.002)

   => Composite Functional: WB97X-D <= 

    wB97X-D Hyb-GGA Exchange-Correlation Functional

    J.-D. Chai and M. Head-Gordon.,  Phys. Chem. Chem. Phys. 10, 6615-6620 (2008) (10.1039/B810189B)

    Deriv               =              1
    GGA                 =           TRUE
    Meta                =          FALSE

    Exchange Hybrid     =           TRUE
    MP2 Hybrid          =          FALSE

   => Exchange-Correlation Functionals <=

    1.0000   wB97X-D range-separated functional

   => Exact (HF) Exchange <=

    0.7780            HF,LR [omega = 0.2000]
    0.2220               HF 

   => LibXC Density Thresholds  <==

    XC_HYB_GGA_XC_WB97X_D:  1.00E-14 

   => Molecular Quadrature <=

    Radial Scheme          =       TREUTLER
    Pruning Scheme         =           NONE
    Nuclear Scheme         =       TREUTLER

    Blocking Scheme        =         OCTREE
    BS radius alpha        =              1
    Pruning alpha          =              1
    Radial Points          =             75
    Spherical Points       =            302
    Total Points           =         730519
    Total Blocks           =           5291
    Max Points             =            256
    Max Functions          =            353
    Weights Tolerance      =       1.00E-15

   => Loading Basis Set <=

    Name: (6-311+G(D,P) AUX)
    Role: JKFIT
    Keyword: DF_BASIS_SCF
    atoms 1-2, 5-6, 8-9, 11, 13, 15-18, 20-21 entry C          line   200 file /home2/shbae/bucket/covalent/.pixi/envs/default/share/psi4/basis/heavy-aug-cc-pvtz-jkfit.gbs 
    atoms 3                                   entry O          line   324 file /home2/shbae/bucket/covalent/.pixi/envs/default/share/psi4/basis/heavy-aug-cc-pvtz-jkfit.gbs 
    atoms 4, 10, 12, 19                       entry N          line   262 file /home2/shbae/bucket/covalent/.pixi/envs/default/share/psi4/basis/heavy-aug-cc-pvtz-jkfit.gbs 
    atoms 7, 14, 22-35                        entry H          line   116 file /home2/shbae/bucket/covalent/.pixi/envs/default/share/psi4/basis/heavy-aug-cc-pvtz-jkfit.gbs 

   => Loading Basis Set <=

    Name: 6-311+G(D,P)
    Role: ORBITAL
    Keyword: BASIS
    atoms 1-2, 5-6, 8-9, 11, 13, 15-18, 20-21 entry C          line   129 file /home2/shbae/bucket/covalent/.pixi/envs/default/share/psi4/basis/6-311pg_d_p_.gbs 
    atoms 3                                   entry O          line   171 file /home2/shbae/bucket/covalent/.pixi/envs/default/share/psi4/basis/6-311pg_d_p_.gbs 
    atoms 4, 10, 12, 19                       entry N          line   150 file /home2/shbae/bucket/covalent/.pixi/envs/default/share/psi4/basis/6-311pg_d_p_.gbs 
    atoms 7, 14, 22-35                        entry H          line    42 file /home2/shbae/bucket/covalent/.pixi/envs/default/share/psi4/basis/6-311pg_d_p_.gbs 

  Reading orbitals from file /tmp/3_reactant.default.2248151.180.npy, no projection.

  ==> Integral Setup <==

  ==> DiskDFJK: Density-Fitted J/K Matrices <==

    J tasked:                  Yes
    K tasked:                  Yes
    wK tasked:                 Yes
    Omega:               2.000E-01
    OpenMP threads:              8
    Integrals threads:           8
    Memory [MiB]:             1955
    Algorithm:                Disk
    Integral Cache:           NONE
    Schwarz Cutoff:          1E-12
    Fitting Condition:       1E-10

   => Auxiliary Basis Set <=

  Basis Set: (6-311+G(D,P) AUX)
    Blend: HEAVY-AUG-CC-PVTZ-JKFIT
    Number of shells: 730
    Number of basis functions: 2456
    Number of Cartesian functions: 3049
    Spherical Harmonics?: true
    Max angular momentum: 4

  Cached 50.0% of DFT collocation blocks in 2.588 [GiB].

  Minimum eigenvalue in the overlap matrix is 1.5396746824E-07.
  Reciprocal condition number of the overlap matrix is 1.0572287172E-08.
    Using symmetric orthogonalization.

  ==> Pre-Iterations <==

  SCF Guess: Orbitals guess was supplied from a previous computation.

   -------------------------------------------------------
    Irrep   Nso     Nmo     Nalpha   Nbeta   Ndocc  Nsocc
   -------------------------------------------------------
     A        514     514      68      68      68       0
   -------------------------------------------------------
    Total     514     514      68      68      68       0
   -------------------------------------------------------

  ==> Iterations <==

                           Total Energy        Delta E     RMS |[F,P]|

   @DF-RKS iter   0:  -837.26850724566623   -8.37269e+02   2.45184e-04 
   @DF-RKS iter   1:  -837.27391513306281   -5.40789e-03   2.95922e-05 DIIS
   @DF-RKS iter   2:  -837.27409489576928   -1.79763e-04   2.37003e-05 DIIS
   @DF-RKS iter   3:  -837.27415306347439   -5.81677e-05   9.89265e-06 DIIS
   @DF-RKS iter   4:  -837.27416596834314   -1.29049e-05   3.48865e-06 DIIS
   @DF-RKS iter   5:  -837.27416761250981   -1.64417e-06   1.25078e-06 DIIS
   @DF-RKS iter   6:  -837.27416782371006   -2.11200e-07   3.38416e-07 DIIS
   @DF-RKS iter   7:  -837.27416784984325   -2.61332e-08   1.34350e-07 DIIS
   @DF-RKS iter   8:  -837.27416785399896   -4.15571e-09   5.36965e-08 DIIS
   @DF-RKS iter   9:  -837.27416785461651   -6.17547e-10   1.70107e-08 DIIS
   @DF-RKS iter  10:  -837.27416785472917   -1.12664e-10   7.32016e-09 DIIS
  Energy and wave function converged.


  ==> Post-Iterations <==

   Electrons on quadrature grid:
      Ntotal   =  136.0000031099 ; deviation = 3.110e-06 

    Orbital Energies [Eh]
    ---------------------

    Doubly Occupied:                                                      

       1A    -19.233170     2A    -14.490887     3A    -14.445352  
       4A    -14.439646     5A    -14.438881     6A    -10.412345  
       7A    -10.358661     8A    -10.351733     9A    -10.344277  
      10A    -10.340220    11A    -10.333100    12A    -10.323234  
      13A    -10.318326    14A    -10.316538    15A    -10.315222  
      16A    -10.314357    17A    -10.311737    18A    -10.308019  
      19A    -10.302711    20A     -1.167570    21A     -1.096569  
      22A     -1.067132    23A     -1.049594    24A     -1.002516  
      25A     -0.969864    26A     -0.925372    27A     -0.889262  
      28A     -0.868167    29A     -0.828752    30A     -0.822620  
      31A     -0.783083    32A     -0.761608    33A     -0.739814  
      34A     -0.726308    35A     -0.694610    36A     -0.680880  
      37A     -0.666370    38A     -0.646056    39A     -0.621530  
      40A     -0.604844    41A     -0.583428    42A     -0.581218  
      43A     -0.570800    44A     -0.564580    45A     -0.549334  
      46A     -0.544902    47A     -0.534904    48A     -0.530770  
      49A     -0.525482    50A     -0.516559    51A     -0.510792  
      52A     -0.504342    53A     -0.494360    54A     -0.490582  
      55A     -0.472598    56A     -0.467832    57A     -0.463678  
      58A     -0.461725    59A     -0.455621    60A     -0.421850  
      61A     -0.398832    62A     -0.390967    63A     -0.375445  
      64A     -0.357060    65A     -0.348425    66A     -0.338404  
      67A     -0.317746    68A     -0.306571  

    Virtual:                                                              

      69A     -0.009345    70A      0.009497    71A      0.037876  
      72A      0.044791    73A      0.058249    74A      0.064027  
      75A      0.068232    76A      0.071592    77A      0.074877  
      78A      0.078966    79A      0.087985    80A      0.090955  
      81A      0.093383    82A      0.096016    83A      0.099499  
      84A      0.102054    85A      0.105935    86A      0.108185  
      87A      0.113829    88A      0.118034    89A      0.124641  
      90A      0.127477    91A      0.130380    92A      0.133296  
      93A      0.137400    94A      0.141300    95A      0.141920  
      96A      0.150030    97A      0.153594    98A      0.156957  
      99A      0.161664   100A      0.162250   101A      0.168602  
     102A      0.176739   103A      0.179318   104A      0.182280  
     105A      0.187010   106A      0.190352   107A      0.194620  
     108A      0.198473   109A      0.201996   110A      0.205741  
     111A      0.213158   112A      0.217179   113A      0.219424  
     114A      0.223157   115A      0.224314   116A      0.235608  
     117A      0.237921   118A      0.241668   119A      0.245322  
     120A      0.247660   121A      0.249842   122A      0.252356  
     123A      0.256689   124A      0.258820   125A      0.263166  
     126A      0.264614   127A      0.265940   128A      0.269980  
     129A      0.273924   130A      0.274974   131A      0.277902  
     132A      0.280383   133A      0.282100   134A      0.287769  
     135A      0.291428   136A      0.293394   137A      0.297906  
     138A      0.299329   139A      0.301690   140A      0.303787  
     141A      0.309937   142A      0.311450   143A      0.312603  
     144A      0.313380   145A      0.319108   146A      0.323124  
     147A      0.325791   148A      0.331270   149A      0.332259  
     150A      0.336830   151A      0.338646   152A      0.342689  
     153A      0.346112   154A      0.349739   155A      0.351058  
     156A      0.352617   157A      0.356898   158A      0.361400  
     159A      0.367862   160A      0.370662   161A      0.377154  
     162A      0.380154   163A      0.386442   164A      0.389615  
     165A      0.395795   166A      0.398435   167A      0.411102  
     168A      0.413099   169A      0.417371   170A      0.421613  
     171A      0.427987   172A      0.435781   173A      0.440560  
     174A      0.444637   175A      0.453058   176A      0.459642  
     177A      0.466169   178A      0.477394   179A      0.488869  
     180A      0.497343   181A      0.503378   182A      0.522686  
     183A      0.528136   184A      0.544745   185A      0.551878  
     186A      0.555751   187A      0.561502   188A      0.583544  
     189A      0.587859   190A      0.593349   191A      0.602453  
     192A      0.603287   193A      0.607537   194A      0.617855  
     195A      0.623065   196A      0.623469   197A      0.632690  
     198A      0.636527   199A      0.646528   200A      0.652575  
     201A      0.656131   202A      0.664776   203A      0.671391  
     204A      0.674690   205A      0.683053   206A      0.693133  
     207A      0.696609   208A      0.700075   209A      0.703298  
     210A      0.710930   211A      0.720005   212A      0.724718  
     213A      0.729003   214A      0.736978   215A      0.739001  
     216A      0.742728   217A      0.752809   218A      0.755858  
     219A      0.771485   220A      0.773815   221A      0.776071  
     222A      0.788738   223A      0.792335   224A      0.793631  
     225A      0.795309   226A      0.806244   227A      0.808392  
     228A      0.812969   229A      0.826513   230A      0.830384  
     231A      0.836955   232A      0.848082   233A      0.854581  
     234A      0.861582   235A      0.867860   236A      0.874400  
     237A      0.892722   238A      0.901311   239A      0.909860  
     240A      0.924329   241A      0.933386   242A      0.937819  
     243A      0.946463   244A      0.958339   245A      0.964096  
     246A      0.973979   247A      0.985788   248A      0.988174  
     249A      0.990395   250A      0.992005   251A      0.995169  
     252A      1.001027   253A      1.018660   254A      1.031685  
     255A      1.043292   256A      1.044810   257A      1.052409  
     258A      1.058645   259A      1.066312   260A      1.075695  
     261A      1.081554   262A      1.084043   263A      1.090351  
     264A      1.094149   265A      1.113331   266A      1.116143  
     267A      1.134326   268A      1.137857   269A      1.151925  
     270A      1.176163   271A      1.185055   272A      1.197640  
     273A      1.206300   274A      1.217763   275A      1.225205  
     276A      1.228103   277A      1.232992   278A      1.244441  
     279A      1.254836   280A      1.267409   281A      1.285611  
     282A      1.302329   283A      1.313538   284A      1.335476  
     285A      1.341648   286A      1.348108   287A      1.380885  
     288A      1.394438   289A      1.400342   290A      1.413361  
     291A      1.438673   292A      1.454108   293A      1.461183  
     294A      1.487141   295A      1.512565   296A      1.524228  
     297A      1.529525   298A      1.539222   299A      1.558574  
     300A      1.564375   301A      1.572287   302A      1.578625  
     303A      1.592899   304A      1.600862   305A      1.603433  
     306A      1.606538   307A      1.613095   308A      1.618075  
     309A      1.627493   310A      1.634130   311A      1.644309  
     312A      1.655031   313A      1.660348   314A      1.674212  
     315A      1.685368   316A      1.688351   317A      1.704120  
     318A      1.714436   319A      1.719321   320A      1.726584  
     321A      1.727048   322A      1.749279   323A      1.759105  
     324A      1.775728   325A      1.777186   326A      1.786926  
     327A      1.792517   328A      1.795662   329A      1.815637  
     330A      1.828197   331A      1.829712   332A      1.841178  
     333A      1.856860   334A      1.859745   335A      1.863564  
     336A      1.868000   337A      1.883272   338A      1.906560  
     339A      1.918524   340A      1.926614   341A      1.951052  
     342A      1.955110   343A      1.968930   344A      1.978808  
     345A      1.987172   346A      2.005463   347A      2.026673  
     348A      2.035423   349A      2.036785   350A      2.052047  
     351A      2.059699   352A      2.077984   353A      2.089032  
     354A      2.095639   355A      2.111251   356A      2.128873  
     357A      2.141124   358A      2.147916   359A      2.155300  
     360A      2.167262   361A      2.179907   362A      2.194290  
     363A      2.205872   364A      2.208548   365A      2.222030  
     366A      2.233025   367A      2.252839   368A      2.260984  
     369A      2.274821   370A      2.300067   371A      2.326852  
     372A      2.333918   373A      2.337270   374A      2.349215  
     375A      2.362316   376A      2.367161   377A      2.392862  
     378A      2.406001   379A      2.430237   380A      2.445056  
     381A      2.491017   382A      2.495101   383A      2.497913  
     384A      2.505366   385A      2.510116   386A      2.517239  
     387A      2.522214   388A      2.541014   389A      2.564260  
     390A      2.569760   391A      2.580967   392A      2.593580  
     393A      2.608098   394A      2.632566   395A      2.662007  
     396A      2.669974   397A      2.681146   398A      2.689247  
     399A      2.703291   400A      2.713814   401A      2.733920  
     402A      2.742299   403A      2.747354   404A      2.754245  
     405A      2.763577   406A      2.772090   407A      2.783254  
     408A      2.788739   409A      2.792561   410A      2.810029  
     411A      2.818143   412A      2.823130   413A      2.843105  
     414A      2.843416   415A      2.856980   416A      2.859409  
     417A      2.881614   418A      2.887168   419A      2.893981  
     420A      2.912500   421A      2.928992   422A      2.939669  
     423A      2.959489   424A      2.964132   425A      2.968160  
     426A      2.971194   427A      2.996998   428A      3.006080  
     429A      3.012875   430A      3.015481   431A      3.027551  
     432A      3.031190   433A      3.038855   434A      3.046053  
     435A      3.067508   436A      3.075508   437A      3.102311  
     438A      3.112649   439A      3.116134   440A      3.122992  
     441A      3.143728   442A      3.178523   443A      3.182399  
     444A      3.275167   445A      3.304489   446A      3.339729  
     447A      3.368570   448A      3.414686   449A      3.447376  
     450A      3.466477   451A      3.472650   452A      3.510177  
     453A      3.520699   454A      3.586311   455A      3.611143  
     456A      3.627131   457A      3.632579   458A      3.665333  
     459A      3.678548   460A      3.710641   461A      3.735564  
     462A      3.762402   463A      3.807685   464A      3.811074  
     465A      3.849428   466A      3.857755   467A      3.867464  
     468A      3.891315   469A      3.907760   470A      3.912582  
     471A      3.924971   472A      3.968665   473A      4.002190  
     474A      4.020052   475A      4.039857   476A      4.055115  
     477A      4.067097   478A      4.157161   479A      4.218333  
     480A      4.281418   481A      4.319173   482A      4.380389  
     483A      4.474759   484A      4.525699   485A      4.603927  
     486A      4.936153   487A      4.955277   488A      4.973129  
     489A      4.988198   490A      5.078106   491A      5.192073  
     492A      5.212111   493A      5.394001   494A      5.410230  
     495A      5.911695   496A     23.747453   497A     23.862729  
     498A     23.992873   499A     24.007854   500A     24.023574  
     501A     24.046802   502A     24.053701   503A     24.068380  
     504A     24.096823   505A     24.120064   506A     24.164624  
     507A     24.257029   508A     24.320354   509A     24.381660  
     510A     35.647047   511A     35.761032   512A     35.779453  
     513A     35.823728   514A     50.164574  

    Final Occupation by Irrep:
              A 
    DOCC [    68 ]
    NA   [    68 ]
    NB   [    68 ]

  @DF-RKS Final Energy:  -837.27416785472917

   => Energetics <=

    Nuclear Repulsion Energy =           1283.1816762598098194
    One-Electron Energy =               -3680.7516688428313500
    Two-Electron Energy =                1641.8408308082498479
    DFT Exchange-Correlation Energy =     -81.5235713487830225
    Empirical Dispersion Energy =          -0.0214347311747203
    VV10 Nonlocal Energy =                  0.0000000000000000
    Total Energy =                       -837.2741678547291713

Computation Completed


Properties will be evaluated at   0.000000,   0.000000,   0.000000 [a0]

Properties computed using the SCF density matrix


 Multipole Moments:

 ------------------------------------------------------------------------------------
     Multipole            Electronic (a.u.)      Nuclear  (a.u.)        Total (a.u.)
 ------------------------------------------------------------------------------------

 L = 1.  Multiply by 2.5417464519 to convert [e a0] to [Debye]
 Dipole X            :        236.3414275         -233.7704388            2.5709887
 Dipole Y            :        -43.0539130           42.0585747           -0.9953383
 Dipole Z            :         -6.3144853            6.1698356           -0.1446497
 Magnitude           :                                                    2.7607254

 ------------------------------------------------------------------------------------

*** tstop() called on eristm01.eisai.local at Wed May 20 08:41:13 2026
Module time:
	user time   =     454.45 seconds =       7.57 minutes
	system time =      19.65 seconds =       0.33 minutes
	total time  =         66 seconds =       1.10 minutes
Total time:
	user time   =    3688.12 seconds =      61.47 minutes
	system time =     154.25 seconds =       2.57 minutes
	total time  =        539 seconds =       8.98 minutes

*** tstart() called on eristm01.eisai.local
*** at Wed May 20 08:41:13 2026


         ------------------------------------------------------------
                                   SCF GRAD                          
                          Rob Parrish, Justin Turney,                
                       Andy Simmonett, and Alex Sokolov              
         ------------------------------------------------------------

  ==> Geometry <==

    Molecular point group: c1
    Full point group: C1

    Geometry (in Angstrom), charge = 0, multiplicity = 1:

       Center              X                  Y                   Z               Mass       
    ------------   -----------------  -----------------  -----------------  -----------------
         C            1.563582892639     1.517735461487     0.389560975441    12.000000000000
         C            0.074151332473     1.556470213527     0.344270654313    12.000000000000
         O           -0.526153678065     2.612614883034     0.341325062487    15.994914619570
         N           -0.538108856461     0.325258888292     0.315467445421    14.003074004430
         C           -1.909701106374     0.039402767641     0.231896259448    12.000000000000
         C           -2.267539560657    -1.338465941077     0.271900792540    12.000000000000
         H           -1.481880734115    -2.083545417030     0.360122135567     1.007825032230
         C           -3.567829777915    -1.743296555809     0.202793884121    12.000000000000
         C           -4.599588987128    -0.780114027065     0.087260734899    12.000000000000
         N           -5.898086826304    -1.176626923102     0.022492555605    14.003074004430
         C           -6.791935110814    -0.228332862655    -0.080461510170    12.000000000000
         N           -6.570712310212     1.110143641731    -0.132199213183    14.003074004430
         C           -5.320830477659     1.493366303554    -0.070538857454    12.000000000000
         H           -5.123300090103     2.563220699795    -0.110636562367     1.007825032230
         C           -4.242456917423     0.583430816040     0.044569376201    12.000000000000
         C           -2.891105671971     0.994274011204     0.116060487575    12.000000000000
         C            2.328487461840     0.622591287552    -0.228744499769    12.000000000000
         C            3.829807637035     0.650646056742    -0.221939781004    12.000000000000
         N            4.396267918282    -0.682016862649    -0.048126504020    14.003074004430
         C            4.385850928191    -1.442812670123    -1.284659769239    12.000000000000
         C            5.737292852299    -0.623378339828     0.505213728894    12.000000000000
         H            2.000682244769     2.359885971264     0.918025051231     1.007825032230
         H            0.066839987860    -0.469027651408     0.449091009163     1.007825032230
         H           -3.837509419982    -2.791892281965     0.235363173798     1.007825032230
         H           -7.832867285753    -0.532978191790    -0.130978007089     1.007825032230
         H           -2.635611372225     2.043852987997     0.090036467407     1.007825032230
         H            1.866467658082    -0.174927304073    -0.807698488559     1.007825032230
         H            4.196207054405     1.123957282416    -1.153865757544     1.007825032230
         H            4.164846820354     1.284665233507     0.602592847747     1.007825032230
         H            5.029605108777    -0.990206369847    -2.061803718822     1.007825032230
         H            4.739221753323    -2.458463247402    -1.094073940523     1.007825032230
         H            3.374041910099    -1.516258780782    -1.689211203472     1.007825032230
         H            5.721612580868    -0.113898529742     1.471249807987     1.007825032230
         H            6.109850157159    -1.637708207001     0.665732295592     1.007825032230
         H            6.450401884709    -0.097566342436    -0.156144070036     1.007825032230

  Nuclear repulsion = 1283.181676259809819

  ==> Basis Set <==

  Basis Set: 6-311+G(D,P)
    Blend: 6-311+G(D,P)
    Number of shells: 254
    Number of basis functions: 514
    Number of Cartesian functions: 533
    Spherical Harmonics?: true
    Max angular momentum: 2

  ==> DFJKGrad: Density-Fitted SCF Gradients <==

    Gradient:                    1
    J tasked:                  Yes
    K tasked:                  Yes
    wK tasked:                 Yes
    Omega:               2.000E-01
    OpenMP threads:              8
    Integrals threads:           8
    Memory [MiB]:             5722
    Schwarz Cutoff:          1E-12
    Fitting Condition:       1E-10

   => Auxiliary Basis Set <=

  Basis Set: (6-311+G(D,P) AUX)
    Blend: HEAVY-AUG-CC-PVTZ-JKFIT
    Number of shells: 730
    Number of basis functions: 2456
    Number of Cartesian functions: 3049
    Spherical Harmonics?: true
    Max angular momentum: 4

  ==> DFT Potential <==

   => LibXC <=

    Version 7.0.0
    S. Lehtola, C. Steigemann, M. J.T. Oliveira, and M. A.L. Marques.,  SoftwareX 7, 1–5 (2018) (10.1016/j.softx.2017.11.002)

   => Composite Functional: WB97X-D <= 

    wB97X-D Hyb-GGA Exchange-Correlation Functional

    J.-D. Chai and M. Head-Gordon.,  Phys. Chem. Chem. Phys. 10, 6615-6620 (2008) (10.1039/B810189B)

    Deriv               =              1
    GGA                 =           TRUE
    Meta                =          FALSE

    Exchange Hybrid     =           TRUE
    MP2 Hybrid          =          FALSE

   => Exchange-Correlation Functionals <=

    1.0000   wB97X-D range-separated functional

   => Exact (HF) Exchange <=

    0.7780            HF,LR [omega = 0.2000]
    0.2220               HF 

   => LibXC Density Thresholds  <==

    XC_HYB_GGA_XC_WB97X_D:  1.00E-14 

   => Molecular Quadrature <=

    Radial Scheme          =       TREUTLER
    Pruning Scheme         =           NONE
    Nuclear Scheme         =       TREUTLER

    Blocking Scheme        =         OCTREE
    BS radius alpha        =              1
    Pruning alpha          =              1
    Radial Points          =             75
    Spherical Points       =            302
    Total Points           =         730519
    Total Blocks           =           5291
    Max Points             =            256
    Max Functions          =            353
    Weights Tolerance      =       1.00E-15


  -Total Gradient:
     Atom            X                  Y                   Z
    ------   -----------------  -----------------  -----------------
       1       -0.000051153247    -0.000130038516    -0.000285609925
       2        0.000047667157    -0.000346091540     0.000116572539
       3       -0.000074984069     0.000296005823    -0.000013269477
       4        0.000136167788    -0.000112821911     0.000276429302
       5       -0.000261818533     0.000258776263    -0.000137727076
       6        0.000036125973    -0.000038703286    -0.000000018970
       7       -0.000036461227    -0.000095926266    -0.000038744094
       8        0.000213497157     0.000066997659    -0.000018738248
       9       -0.000208552482     0.000309305268     0.000001065157
      10        0.000351058802    -0.000581941807     0.000043528151
      11       -0.000069703089     0.000518437610    -0.000039023449
      12       -0.000357116243     0.000094699911    -0.000016115671
      13        0.000317363517    -0.000183326713     0.000097079141
      14       -0.000028775597     0.000019391343    -0.000007881195
      15       -0.000127121676    -0.000289250260    -0.000082289962
      16       -0.000056259178     0.000069678280     0.000038777260
      17       -0.000067844332     0.000156090350     0.000301128224
      18        0.000141359860    -0.000260246144    -0.000144134335
      19       -0.000033243051    -0.000081401272     0.000167063059
      20        0.000237170865     0.000146431686     0.000179260603
      21       -0.000323479586     0.000018286900    -0.000258118076
      22       -0.000130330158     0.000044756984     0.000014666967
      23        0.000003236824    -0.000022351509    -0.000068439564
      24        0.000042359714    -0.000078501252    -0.000021987568
      25        0.000064651021    -0.000023798934     0.000013054402
      26        0.000161739990     0.000029788725     0.000061105174
      27        0.000024561532     0.000007680381    -0.000020740894
      28       -0.000007562964     0.000139042553    -0.000019769318
      29       -0.000007613424    -0.000001904631     0.000044163269
      30       -0.000000001336    -0.000000389169    -0.000134939937
      31        0.000005097103     0.000006957984    -0.000011853944
      32        0.000064915036    -0.000049723608    -0.000038728031
      33       -0.000111070982    -0.000020977647     0.000028497380
      34       -0.000048947223    -0.000034504929    -0.000023795012
      35        0.000066428829     0.000060628057    -0.000007888243


*** tstop() called on eristm01.eisai.local at Wed May 20 08:41:40 2026
Module time:
	user time   =     183.02 seconds =       3.05 minutes
	system time =       3.86 seconds =       0.06 minutes
	total time  =         27 seconds =       0.45 minutes
Total time:
	user time   =    3871.15 seconds =      64.52 minutes
	system time =     158.11 seconds =       2.64 minutes
	total time  =        566 seconds =       9.43 minutes

    			-----------------------------------------

    			 OPTKING 3.0: for geometry optimizations 

    			     By R.A. King, Bethel University     

    			        with contributions from          

    			    A.V. Copan, J. Cayton, A. Heide      

    			-----------------------------------------

    
	                            ===> Fragment 1 <== 

	 Z (Atomic Numbers)          Masses                          Geom                  
	       6.000000            12.000000          2.95474344  2.86810435  0.73616355   
	       6.000000            12.000000          0.14012571  2.94130243  0.65057725   
	       8.000000            15.994915         -0.99428635  4.93712660  0.64501089   
	       7.000000            14.003074         -1.01687836  0.61465022  0.59614707   
	       6.000000            12.000000         -3.60881207  0.07446044  0.43822042   
	       6.000000            12.000000         -4.28502875 -2.52933406  0.51381803   
	       1.000000             1.007825         -2.80034874 -3.93733021  0.68053221   
	       6.000000            12.000000         -6.74222114 -3.29435305  0.38322490   
	       6.000000            12.000000         -8.69196348 -1.47420186  0.16489889   
	       7.000000            14.003074        -11.14576877  -2.22350264   0.04250477 
	       6.000000            12.000000        -12.83489722  -0.43148658  -0.15205022 
	       7.000000            14.003074        -12.41684672   2.09786744  -0.24982031 
	       6.000000            12.000000        -10.05491236   2.82205332  -0.13329912 
	       1.000000             1.007825         -9.68163403  4.84378512 -0.20907280   
	       6.000000            12.000000         -8.01708167  1.10252446  0.08422391   
	       6.000000            12.000000         -5.46339792  1.87890557  0.21932254   
	       6.000000            12.000000          4.40020359  1.17652702 -0.43226446   
	       6.000000            12.000000          7.23728755  1.22954285 -0.41940540   
	       7.000000            14.003074          8.30774234 -1.28882508 -0.09094591   
	       6.000000            12.000000          8.28805708 -2.72652080 -2.42765513   
	       6.000000            12.000000         10.84191219 -1.17801433  0.95471558   
	       1.000000             1.007825          3.78074151  4.45953817  1.73481592   
	       1.000000             1.007825          0.12630927 -0.88633381  0.84865901   
	       1.000000             1.007825         -7.25184181 -5.27591178  0.44477194   
	       1.000000             1.007825        -14.80197395  -1.00718281  -0.24751256 
	       1.000000             1.007825         -4.98058367  3.86232239  0.17014426   
	       1.000000             1.007825          3.52711270 -0.33056470 -1.52632894   
	       1.000000             1.007825          7.92968210  2.12397144 -2.18049027   
	       1.000000             1.007825          7.87041984  2.42766545  1.13873545   
	       1.000000             1.007825          9.50457617 -1.87121885 -3.89624435   
	       1.000000             1.007825          8.95583116 -4.64582223 -2.06750011   
	       1.000000             1.007825          6.37601515 -2.86531383 -3.19214654   
	       1.000000             1.007825         10.81228077 -0.21523703  2.78025920   
	       1.000000             1.007825         11.54594346 -3.09481998  1.25805171   
	       1.000000             1.007825         12.18949296 -0.18437367 -0.29506953   

	 - Coordinate -           - BOHR/RAD -       - ANG/DEG -
	 H(3,26)          =         4.155872           2.199193
	 R(1,2)           =         2.816870           1.490623
	 R(1,17)          =         2.513168           1.329911
	 R(1,22)          =         2.052374           1.086070
	 R(2,3)           =         2.295699           1.214832
	 R(2,4)           =         2.599025           1.375345
	 R(4,5)           =         2.652332           1.403554
	 R(4,23)          =         1.903574           1.007328
	 R(5,6)           =         2.691232           1.424139
	 R(5,16)          =         2.596811           1.374173
	 R(6,7)           =         2.052930           1.086364
	 R(6,8)           =         2.576840           1.363605
	 R(8,9)           =         2.676212           1.416191
	 R(8,24)          =         2.046968           1.083209
	 R(9,10)          =         2.568578           1.359233
	 R(9,15)          =         2.664863           1.410185
	 R(10,11)         =         2.470289           1.307221
	 R(11,12)         =         2.565532           1.357621
	 R(11,25)         =         2.051811           1.085772
	 R(12,13)         =         2.473208           1.308765
	 R(13,14)         =         2.057299           1.088676
	 R(13,15)         =         2.675229           1.415670
	 R(15,16)         =         2.672512           1.414232
	 R(16,26)         =         2.041928           1.080542
	 R(17,18)         =         2.837608           1.501598
	 R(17,27)         =         2.056840           1.088433
	 R(18,19)         =         2.756073           1.458451
	 R(18,28)         =         2.093044           1.107591
	 R(18,29)         =         2.064984           1.092742
	 R(19,20)         =         2.743641           1.451872
	 R(19,21)         =         2.743666           1.451886
	 R(20,30)         =         2.090027           1.105995
	 R(20,31)         =         2.063820           1.092126
	 R(20,32)         =         2.063883           1.092160
	 R(21,33)         =         2.064080           1.092264
	 R(21,34)         =         2.064417           1.092442
	 R(21,35)         =         2.089320           1.105621
	 B(1,2,3)         =         2.113457         121.092178
	 B(1,2,4)         =         2.006652         114.972708
	 B(1,17,18)       =         2.165624         124.081114
	 B(1,17,27)       =         2.090176         119.758239
	 B(2,1,17)        =         2.187145         125.314164
	 B(2,1,22)        =         1.978794         113.376568
	 B(2,4,5)         =         2.237756         128.213993
	 B(2,4,23)        =         2.021669         115.833097
	 B(3,2,4)         =         2.163056         123.933966
	 B(4,5,6)         =         2.027421         116.162666
	 B(4,5,16)        =         2.166889         124.153566
	 B(5,4,23)        =         2.019923         115.733038
	 B(5,6,7)         =         2.076164         118.955433
	 B(5,6,8)         =         2.123997         121.696064
	 B(5,16,15)       =         2.076955         119.000742
	 B(5,16,26)       =         2.103798         120.538740
	 B(6,5,16)        =         2.088875         119.683747
	 B(6,8,9)         =         2.090860         119.797480
	 B(6,8,24)        =         2.121487         121.552265
	 B(7,6,8)         =         2.083024         119.348500
	 B(8,9,10)        =         2.096099         120.097635
	 B(8,9,15)        =         2.066434         118.397919
	 B(9,8,24)        =         2.070837         118.650206
	 B(9,10,11)       =         2.032369         116.446158
	 B(9,15,13)       =         2.016453         115.534242
	 B(9,15,16)       =         2.119240         121.423480
	 B(10,9,15)       =         2.120651         121.504352
	 B(10,11,12)      =         2.222798         127.356931
	 B(10,11,25)      =         2.043914         117.107632
	 B(11,12,13)      =         2.029187         116.263839
	 B(12,11,25)      =         2.016474         115.535436
	 B(12,13,14)      =         2.047995         117.341473
	 B(12,13,15)      =         2.144911         122.894350
	 B(13,15,16)      =         2.147491         123.042164
	 B(14,13,15)      =         2.090279         119.764169
	 B(15,16,26)      =         2.102382         120.457632
	 B(17,1,22)       =         2.113748         121.108827
	 B(17,18,19)      =         1.951738         111.826363
	 B(17,18,28)      =         1.912314         109.567515
	 B(17,18,29)      =         1.897378         108.711733
	 B(18,17,27)      =         2.026956         116.136002
	 B(18,19,20)      =         1.954684         111.995157
	 B(18,19,21)      =         1.946855         111.546601
	 B(19,18,28)      =         1.941496         111.239505
	 B(19,18,29)      =         1.897748         108.732961
	 B(19,20,30)      =         1.960409         112.323164
	 B(19,20,31)      =         1.913855         109.655800
	 B(19,20,32)      =         1.936237         110.938201
	 B(19,21,33)      =         1.920536         110.038606
	 B(19,21,34)      =         1.910801         109.480830
	 B(19,21,35)      =         1.968137         112.765952
	 B(20,19,21)      =         1.930912         110.633092
	 B(28,18,29)      =         1.860336         106.589373
	 B(30,20,31)      =         1.891109         108.352537
	 B(30,20,32)      =         1.882289         107.847195
	 B(31,20,32)      =         1.877438         107.569271
	 B(33,21,34)      =         1.883921         107.940714
	 B(33,21,35)      =         1.892809         108.449980
	 B(34,21,35)      =         1.885473         108.029633
	 D(1,2,4,5)       =        -3.106022        -177.961949
	 D(1,2,4,23)      =         0.134441           7.702921
	 D(1,17,18,19)    =         2.414973         138.367748
	 D(1,17,18,28)    =        -1.707227         -97.816892
	 D(1,17,18,29)    =         0.319516          18.306925
	 D(2,1,17,18)     =         3.084519         176.729934
	 D(2,1,17,27)     =        -0.024299          -1.392257
	 D(2,4,5,6)       =         3.182023         182.316483
	 D(2,4,5,16)      =         0.041354           2.369429
	 D(3,2,1,17)      =        -2.524101        -144.620346
	 D(3,2,1,22)      =         0.528078          30.256665
	 D(3,2,4,5)       =         0.042324           2.424977
	 D(3,2,4,23)      =        -3.000398        -171.910154
	 D(4,2,1,17)      =         0.624034          35.754536
	 D(4,2,1,22)      =        -2.606971        -149.368454
	 D(4,5,6,7)       =        -0.002882          -0.165101
	 D(4,5,6,8)       =        -3.144833        -180.185643
	 D(4,5,16,15)     =         3.145299         180.212381
	 D(4,5,16,26)     =        -0.007029          -0.402713
	 D(5,6,8,9)       =         0.000680           0.038972
	 D(5,6,8,24)      =         3.143694         180.120371
	 D(5,16,15,9)     =        -0.002003          -0.114772
	 D(5,16,15,13)    =         3.137336         179.756133
	 D(6,5,4,23)      =        -0.058357          -3.343594
	 D(6,5,16,15)     =         0.004661           0.267081
	 D(6,5,16,26)     =         3.135519         179.651987
	 D(6,8,9,10)      =         3.145500         180.223854
	 D(6,8,9,15)      =         0.001999           0.114561
	 D(7,6,5,16)      =        -3.145354        -180.215535
	 D(7,6,8,9)       =         3.141913         180.018352
	 D(7,6,8,24)      =         0.001741           0.099751
	 D(8,6,5,16)      =        -0.004120          -0.236076
	 D(8,9,10,11)     =         3.139172         179.861290
	 D(8,9,15,13)     =        -3.140867        -179.958430
	 D(8,9,15,16)     =        -0.001368          -0.078359
	 D(9,10,11,12)    =         0.001873           0.107335
	 D(9,10,11,25)    =         3.143693         180.120321
	 D(9,15,13,12)    =         0.001779           0.101942
	 D(9,15,13,14)    =         3.142819         180.070241
	 D(9,15,16,26)    =         3.150316         180.499809
	 D(10,9,8,24)     =         0.002527           0.144811
	 D(10,9,15,13)    =        -0.001210          -0.069334
	 D(10,9,15,16)    =        -3.144896        -180.189264
	 D(10,11,12,13)   =        -0.001355          -0.077615
	 D(11,10,9,15)    =        -0.000453          -0.025947
	 D(11,12,13,14)   =        -3.141673        -180.004597
	 D(11,12,13,15)   =        -0.000621          -0.035577
	 D(12,13,15,16)   =         3.145503         180.224027
	 D(13,12,11,25)   =        -3.143171        -180.090426
	 D(13,15,16,26)   =         0.006470           0.370715
	 D(14,13,15,16)   =         0.003357           0.192326
	 D(15,9,8,24)     =         3.142213         180.035518
	 D(16,5,4,23)     =         3.084160         176.709352
	 D(17,18,19,20)   =         1.383740          79.282463
	 D(17,18,19,21)   =        -2.724469        -156.100560
	 D(18,17,1,22)    =         0.038805           2.223379
	 D(18,19,20,30)   =         1.119785          64.158950
	 D(18,19,20,31)   =        -3.059636        -175.304241
	 D(18,19,20,32)   =        -0.988338         -56.627577
	 D(18,19,21,33)   =         1.026829          58.832958
	 D(18,19,21,34)   =         3.094651         177.310461
	 D(18,19,21,35)   =        -1.088943         -62.391813
	 D(19,18,17,27)   =        -0.758312         -43.448077
	 D(20,19,18,28)   =        -0.760747         -43.587599
	 D(20,19,18,29)   =        -2.804206        -160.669148
	 D(20,19,21,33)   =        -3.068131        -175.790976
	 D(20,19,21,34)   =        -1.000309         -57.313473
	 D(20,19,21,35)   =         1.099283          62.984253
	 D(21,19,18,28)   =         1.414229          81.029377
	 D(21,19,18,29)   =        -0.629229         -36.052171
	 D(21,19,20,30)   =        -1.064016         -60.963624
	 D(21,19,20,31)   =         1.039748          59.573185
	 D(21,19,20,32)   =         3.111047         178.249849
	 D(22,1,17,27)    =        -3.070013        -175.898812
	 D(27,17,18,28)   =         1.402674          80.367284
	 D(27,17,18,29)   =        -2.853769        -163.508900


	        --- Internal Coordinate Step in ANG or DEG, aJ/ANG or AJ/DEG ---
	-------------------------------------------------------------------------------
	           Coordinate      Previous         Force          Change          New 
	           ----------      --------        ------          ------        ------
	              H(3,26)       2.19919        0.00060        0.00194       2.20113
	               R(1,2)       1.49062        0.00171        0.00045       1.49107
	              R(1,17)       1.32991        0.00074        0.00009       1.33000
	              R(1,22)       1.08607        0.00009       -0.00022       1.08585
	               R(2,3)       1.21483       -0.00231       -0.00018       1.21465
	               R(2,4)       1.37534        0.00102       -0.00003       1.37532
	               R(4,5)       1.40355        0.00032        0.00002       1.40357
	              R(4,23)       1.00733       -0.00005        0.00002       1.00735
	               R(5,6)       1.42414        0.00018        0.00014       1.42428
	              R(5,16)       1.37417        0.00086       -0.00021       1.37396
	               R(6,7)       1.08636       -0.00027       -0.00023       1.08614
	               R(6,8)       1.36360        0.00166        0.00001       1.36362
	               R(8,9)       1.41619       -0.00093       -0.00004       1.41615
	              R(8,24)       1.08321       -0.00047       -0.00024       1.08297
	              R(9,10)       1.35923        0.00112        0.00048       1.35971
	              R(9,15)       1.41018        0.00130       -0.00054       1.40964
	             R(10,11)       1.30722       -0.00406       -0.00080       1.30642
	             R(11,12)       1.35762        0.00038        0.00037       1.35799
	             R(11,25)       1.08577        0.00050       -0.00007       1.08570
	             R(12,13)       1.30877       -0.00102       -0.00038       1.30839
	             R(13,14)       1.08868       -0.00019       -0.00018       1.08850
	             R(13,15)       1.41567        0.00101        0.00033       1.41600
	             R(15,16)       1.41423       -0.00007        0.00009       1.41433
	             R(16,26)       1.08054       -0.00032       -0.00024       1.08031
	             R(17,18)       1.50160       -0.00003       -0.00039       1.50121
	             R(17,27)       1.08843        0.00002       -0.00030       1.08813
	             R(18,19)       1.45845        0.00044        0.00002       1.45847
	             R(18,28)       1.10759       -0.00065       -0.00001       1.10758
	             R(18,29)       1.09274       -0.00021        0.00003       1.09277
	             R(19,20)       1.45187        0.00057        0.00000       1.45188
	             R(19,21)       1.45189        0.00385        0.00033       1.45221
	             R(20,30)       1.10599       -0.00067       -0.00016       1.10583
	             R(20,31)       1.09213       -0.00006       -0.00011       1.09202
	             R(20,32)       1.09216        0.00039       -0.00011       1.09205
	             R(21,33)       1.09226       -0.00019       -0.00011       1.09215
	             R(21,34)       1.09244       -0.00009       -0.00012       1.09232
	             R(21,35)       1.10562       -0.00062       -0.00015       1.10547
	             B(1,2,3)     121.09218        0.00002        0.07125     121.16343
	             B(1,2,4)     114.97271       -0.00000       -0.03003     114.94267
	           B(1,17,18)     124.08111        0.00002        0.04509     124.12620
	           B(1,17,27)     119.75824       -0.00001       -0.11032     119.64792
	            B(2,1,17)     125.31416       -0.00003       -0.14509     125.16908
	            B(2,1,22)     113.37657        0.00002        0.08300     113.45957
	             B(2,4,5)     128.21399        0.00001       -0.00014     128.21386
	            B(2,4,23)     115.83310       -0.00001       -0.01942     115.81368
	             B(3,2,4)     123.93397       -0.00001       -0.04064     123.89332
	             B(4,5,6)     116.16267        0.00002        0.00268     116.16535
	            B(4,5,16)     124.15357       -0.00001        0.00022     124.15378
	            B(5,4,23)     115.73304       -0.00000       -0.04900     115.68404
	             B(5,6,7)     118.95543       -0.00001       -0.03668     118.91875
	             B(5,6,8)     121.69606        0.00000        0.00925     121.70531
	           B(5,16,15)     119.00074        0.00001       -0.00619     118.99455
	           B(5,16,26)     120.53874        0.00000        0.08589     120.62463
	            B(6,5,16)     119.68375       -0.00001       -0.00310     119.68065
	             B(6,8,9)     119.79748       -0.00000       -0.03153     119.76595
	            B(6,8,24)     121.55227        0.00001        0.02668     121.57894
	             B(7,6,8)     119.34850        0.00000        0.02744     119.37594
	            B(8,9,10)     120.09764        0.00000       -0.00429     120.09335
	            B(8,9,15)     118.39792        0.00000        0.03132     118.42924
	            B(9,8,24)     118.65021       -0.00000        0.00489     118.65510
	           B(9,10,11)     116.44616        0.00002        0.03975     116.48591
	           B(9,15,13)     115.53424       -0.00001        0.01079     115.54503
	           B(9,15,16)     121.42348       -0.00000        0.00027     121.42375
	           B(10,9,15)     121.50435       -0.00000       -0.02700     121.47735
	          B(10,11,12)     127.35693       -0.00001       -0.02958     127.32735
	          B(10,11,25)     117.10763        0.00001        0.05659     117.16422
	          B(11,12,13)     116.26384        0.00002        0.01693     116.28077
	          B(12,11,25)     115.53544        0.00000       -0.02701     115.50842
	          B(12,13,14)     117.34147        0.00001        0.01797     117.35945
	          B(12,13,15)     122.89435       -0.00001       -0.01092     122.88343
	          B(13,15,16)     123.04216        0.00001       -0.01095     123.03121
	          B(14,13,15)     119.76417        0.00000       -0.00705     119.75712
	          B(15,16,26)     120.45763       -0.00001       -0.07896     120.37868
	           B(17,1,22)     121.10883        0.00000        0.04037     121.14919
	          B(17,18,19)     111.82636       -0.00002       -0.01082     111.81555
	          B(17,18,28)     109.56752       -0.00000       -0.04670     109.52081
	          B(17,18,29)     108.71173        0.00002        0.04971     108.76144
	          B(18,17,27)     116.13600       -0.00001        0.06031     116.19631
	          B(18,19,20)     111.99516       -0.00002       -0.00051     111.99465
	          B(18,19,21)     111.54660        0.00001        0.01974     111.56634
	          B(19,18,28)     111.23950       -0.00000       -0.05482     111.18468
	          B(19,18,29)     108.73296        0.00001        0.02912     108.76208
	          B(19,20,30)     112.32316       -0.00001       -0.03342     112.28975
	          B(19,20,31)     109.65580        0.00000       -0.01843     109.63737
	          B(19,20,32)     110.93820       -0.00001        0.00112     110.93933
	          B(19,21,33)     110.03861        0.00001        0.04950     110.08810
	          B(19,21,34)     109.48083        0.00001        0.01019     109.49102
	          B(19,21,35)     112.76595       -0.00001       -0.04672     112.71924
	          B(20,19,21)     110.63309        0.00001        0.02583     110.65893
	          B(28,18,29)     106.58937       -0.00000        0.03924     106.62861
	          B(30,20,31)     108.35254        0.00000        0.00971     108.36225
	          B(30,20,32)     107.84720        0.00001        0.02445     107.87165
	          B(31,20,32)     107.56927        0.00000        0.01955     107.58882
	          B(33,21,34)     107.94071       -0.00000        0.01240     107.95312
	          B(33,21,35)     108.44998       -0.00000       -0.01048     108.43950
	          B(34,21,35)     108.02963       -0.00000       -0.01386     108.01577
	           D(1,2,4,5)    -177.96195        0.00000       -0.21547    -178.17742
	          D(1,2,4,23)       7.70292        0.00001        0.60856       8.31148
	        D(1,17,18,19)     138.36775        0.00001       -0.12849     138.23926
	        D(1,17,18,28)     -97.81689       -0.00001       -0.23985     -98.05674
	        D(1,17,18,29)      18.30693       -0.00000       -0.19076      18.11616
	         D(2,1,17,18)     176.72993       -0.00001       -0.22527     176.50467
	         D(2,1,17,27)      -1.39226       -0.00001       -0.04750      -1.43975
	           D(2,4,5,6)     182.31648        0.00001        0.66411     182.98059
	          D(2,4,5,16)       2.36943        0.00001        0.78342       3.15285
	          D(3,2,1,17)    -144.62035        0.00000        0.68305    -143.93729
	          D(3,2,1,22)      30.25666       -0.00000        0.41700      30.67366
	           D(3,2,4,5)       2.42498        0.00000       -0.32841       2.09657
	          D(3,2,4,23)    -171.91015        0.00000        0.49562    -171.41453
	          D(4,2,1,17)      35.75454        0.00000        0.57396      36.32849
	          D(4,2,1,22)    -149.36845       -0.00000        0.30790    -149.06055
	           D(4,5,6,7)      -0.16510        0.00000        0.09342      -0.07169
	           D(4,5,6,8)    -180.18564        0.00000        0.10799    -180.07765
	         D(4,5,16,15)     180.21238       -0.00000       -0.11195     180.10043
	         D(4,5,16,26)      -0.40271       -0.00000       -0.02805      -0.43077
	           D(5,6,8,9)       0.03897        0.00000        0.02700       0.06597
	          D(5,6,8,24)     180.12037       -0.00000       -0.02343     180.09694
	         D(5,16,15,9)      -0.11477       -0.00000       -0.03948      -0.15426
	        D(5,16,15,13)     179.75613        0.00000        0.07173     179.82786
	          D(6,5,4,23)      -3.34359        0.00000       -0.15761      -3.50120
	         D(6,5,16,15)       0.26708       -0.00000        0.01130       0.27838
	         D(6,5,16,26)     179.65199        0.00000        0.09520     179.74719
	          D(6,8,9,10)     180.22385       -0.00000       -0.07582     180.14804
	          D(6,8,9,15)       0.11456       -0.00000       -0.05318       0.06138
	          D(7,6,5,16)    -180.21553        0.00000       -0.02023    -180.23576
	           D(7,6,8,9)     180.01835        0.00000        0.04163     180.05998
	          D(7,6,8,24)       0.09975       -0.00000       -0.00881       0.09094
	          D(8,6,5,16)      -0.23608        0.00000       -0.00565      -0.24173
	         D(8,9,10,11)     179.86129        0.00000        0.03623     179.89752
	         D(8,9,15,13)    -179.95843       -0.00000       -0.04328    -180.00171
	         D(8,9,15,16)      -0.07836        0.00000        0.06003      -0.01833
	        D(9,10,11,12)       0.10733       -0.00000       -0.00432       0.10301
	        D(9,10,11,25)     180.12032       -0.00000       -0.02597     180.09435
	        D(9,15,13,12)       0.10194        0.00000        0.02047       0.12241
	        D(9,15,13,14)     180.07024       -0.00000        0.01399     180.08423
	        D(9,15,16,26)     180.49981       -0.00000       -0.12421     180.37560
	         D(10,9,8,24)       0.14481       -0.00000       -0.02684       0.11798
	        D(10,9,15,13)      -0.06933       -0.00000       -0.02029      -0.08962
	        D(10,9,15,16)    -180.18926        0.00000        0.08302    -180.10624
	       D(10,11,12,13)      -0.07761        0.00000        0.00421      -0.07340
	        D(11,10,9,15)      -0.02595        0.00000        0.01283      -0.01312
	       D(11,12,13,14)    -180.00460        0.00000       -0.00630    -180.01089
	       D(11,12,13,15)      -0.03558       -0.00000       -0.01264      -0.04821
	       D(12,13,15,16)     180.22403       -0.00000       -0.08470     180.13933
	       D(13,12,11,25)    -180.09043        0.00000        0.02556    -180.06486
	       D(13,15,16,26)       0.37071       -0.00000       -0.01300       0.35771
	       D(14,13,15,16)       0.19233       -0.00000       -0.09118       0.10115
	         D(15,9,8,24)     180.03552       -0.00000       -0.00420     180.03132
	         D(16,5,4,23)     176.70935        0.00000       -0.03830     176.67106
	       D(17,18,19,20)      79.28246       -0.00002       -1.57100      77.71146
	       D(17,18,19,21)    -156.10056       -0.00001       -1.52223    -157.62279
	        D(18,17,1,22)       2.22338       -0.00000        0.05898       2.28236
	       D(18,19,20,30)      64.15895        0.00001        0.11985      64.27880
	       D(18,19,20,31)    -175.30424        0.00001        0.09755    -175.20669
	       D(18,19,20,32)     -56.62758        0.00001        0.11076     -56.51682
	       D(18,19,21,33)      58.83296        0.00000       -0.22821      58.60474
	       D(18,19,21,34)     177.31046        0.00001       -0.17711     177.13335
	       D(18,19,21,35)     -62.39181        0.00000       -0.21819     -62.61000
	       D(19,18,17,27)     -43.44808        0.00000       -0.30361     -43.75168
	       D(20,19,18,28)     -43.58760       -0.00001       -1.46286     -45.05046
	       D(20,19,18,29)    -160.66915       -0.00001       -1.49667    -162.16582
	       D(20,19,21,33)    -175.79098       -0.00001       -0.19478    -175.98575
	       D(20,19,21,34)     -57.31347       -0.00000       -0.14368     -57.45715
	       D(20,19,21,35)      62.98425       -0.00001       -0.18475      62.79950
	       D(21,19,18,28)      81.02938        0.00000       -1.41409      79.61528
	       D(21,19,18,29)     -36.05217       -0.00000       -1.44790     -37.50007
	       D(21,19,20,30)     -60.96362       -0.00000        0.07474     -60.88888
	       D(21,19,20,31)      59.57319       -0.00000        0.05244      59.62562
	       D(21,19,20,32)     178.24985       -0.00000        0.06565     178.31550
	        D(22,1,17,27)    -175.89881       -0.00000        0.23675    -175.66206
	       D(27,17,18,28)      80.36728       -0.00001       -0.41496      79.95232
	       D(27,17,18,29)    -163.50890       -0.00000       -0.36588    -163.87478
	-------------------------------------------------------------------------------

	                                 ==> Convergence Check <==                                  
    
	Measures of convergence in internal coordinates in au.
    
	Criteria marked as inactive (o), active & met (*), and active & unmet ( ).

	----------------------------------------------------------------------------------------------
	   Step    Total Energy     Delta E     Max Force     RMS Force      Max Disp      RMS Disp   
	----------------------------------------------------------------------------------------------
	  Convergence Criteria     1.00e-06 *    3.00e-04 *             o    1.20e-03 *             o
	----------------------------------------------------------------------------------------------
	     5    -837.27416785   -5.50e-05      4.93e-04      1.12e-04 o    2.74e-02      5.54e-03 o  ~
	----------------------------------------------------------------------------------------------

Next Geometry in Ang 
	Fragment 1 (Ang)

	    C   1.5658404043   1.5173987465   0.4130858987
	    C   0.0761813392   1.5562944749   0.3610981077
	    O  -0.5252551651   2.6115818615   0.3563570527
	    N  -0.5352865633   0.3248800979   0.3260511379
	    C  -1.9066206456   0.0385775289   0.2395553057
	    C  -2.2648547186  -1.3390689452   0.2877210600
	    H  -1.4794323693  -2.0828902425   0.3853711096
	    C  -3.5647467868  -1.7445173646   0.2145915195
	    C  -4.5953127879  -0.7817935041   0.0858878338
	    N  -5.8939531272  -1.1784971719   0.0154209695
	    C  -6.7868649704  -0.2319030206  -0.1003986353
	    N  -6.5649930758   1.1064890917  -0.1605091351
	    C  -5.3159442612   1.4902373881  -0.0934610948
	    H  -5.1179566785   2.5595596174  -0.1401983560
	    C  -4.2382005812   0.5809392623   0.0357263952
	    C  -2.8871754954   0.9924386344   0.1113497232
	    C   2.3313300968   0.6289429334  -0.2142606732
	    C   3.8322762689   0.6561368101  -0.2068213114
	    N   4.3977388946  -0.6783647325  -0.0440780337
	    C   4.3537462652  -1.4417825987  -1.2782587464
	    C   5.7521994609  -0.6242976943   0.4769170018
	    H   2.0016446625   2.3545150785   0.9500892970
	    H   0.0682055086  -0.4687850265   0.4697397314
	    H  -3.8349428538  -2.7925335599   0.2529697873
	    H  -7.8275394417  -0.5362784225  -0.1560179836
	    H  -2.6329863601   2.0418634896   0.0773361637
	    H   1.8681011162  -0.1597211715  -0.8037213082
	    H   4.1983608939   1.1353987545  -1.1358153862
	    H   4.1683239327   1.2837582082   0.6222197388
	    H   4.9815286711  -0.9941319235  -2.0709501913
	    H   4.7061943050  -2.4587120049  -1.0935093750
	    H   3.3323242286  -1.5104943018  -1.6584650692
	    H   5.7633252495  -0.1097176584   1.4401842950
	    H   6.1233466849  -1.6396614093   0.6332939866
	    H   6.4513978990  -0.1058612252  -0.2045579538


    Structure for next step:
    Molecular point group: c1
    Full point group: C1

    Geometry (in Angstrom), charge = 0, multiplicity = 1:

    C            1.565840404343     1.517398746513     0.413085898711
    C            0.076181339213     1.556294474944     0.361098107716
    O           -0.525255165125     2.611581861479     0.356357052692
    N           -0.535286563346     0.324880097911     0.326051137933
    C           -1.906620645617     0.038577528867     0.239555305686
    C           -2.264854718601    -1.339068945240     0.287721060027
    H           -1.479432369288    -2.082890242502     0.385371109614
    C           -3.564746786839    -1.744517364647     0.214591519524
    C           -4.595312787942    -0.781793504127     0.085887833814
    N           -5.893953127187    -1.178497171908     0.015420969536
    C           -6.786864970367    -0.231903020636    -0.100398635264
    N           -6.564993075794     1.106489091729    -0.160509135086
    C           -5.315944261189     1.490237388070    -0.093461094789
    H           -5.117956678538     2.559559617406    -0.140198356001
    C           -4.238200581161     0.580939262343     0.035726395192
    C           -2.887175495433     0.992438634361     0.111349723156
    C            2.331330096785     0.628942933378    -0.214260673247
    C            3.832276268948     0.656136810077    -0.206821311368
    N            4.397738894573    -0.678364732512    -0.044078033684
    C            4.353746265238    -1.441782598745    -1.278258746379
    C            5.752199460897    -0.624297694312     0.476917001784
    H            2.001644662534     2.354515078502     0.950089297050
    H            0.068205508583    -0.468785026485     0.469739731415
    H           -3.834942853816    -2.792533559875     0.252969787317
    H           -7.827539441705    -0.536278422516    -0.156017983648
    H           -2.632986360125     2.041863489627     0.077336163726
    H            1.868101116177    -0.159721171469    -0.803721308158
    H            4.198360893926     1.135398754527    -1.135815386226
    H            4.168323932727     1.283758208229     0.622219738789
    H            4.981528671147    -0.994131923469    -2.070950191282
    H            4.706194305000    -2.458712004875    -1.093509375048
    H            3.332324228624    -1.510494301765    -1.658465069171
    H            5.763325249500    -0.109717658408     1.440184294997
    H            6.123346684897    -1.639661409284     0.633293986615
    H            6.451397898963    -0.105861225190    -0.204557953759


Scratch directory: /tmp/
gradient() will perform analytic gradient computation.
   => Libint2 <=

    Primary   basis highest AM E, G, H:  7, 6, 3
    Auxiliary basis highest AM E, G, H:  7, 7, 4
    Onebody   basis highest AM E, G, H:  -, -, -
    Solid Harmonics ordering:            Gaussian

*** tstart() called on eristm01.eisai.local
*** at Wed May 20 08:41:41 2026

   => Loading Basis Set <=

    Name: 6-311+G(D,P)
    Role: ORBITAL
    Keyword: BASIS
    atoms 1-2, 5-6, 8-9, 11, 13, 15-18, 20-21 entry C          line   129 file /home2/shbae/bucket/covalent/.pixi/envs/default/share/psi4/basis/6-311pg_d_p_.gbs 
    atoms 3                                   entry O          line   171 file /home2/shbae/bucket/covalent/.pixi/envs/default/share/psi4/basis/6-311pg_d_p_.gbs 
    atoms 4, 10, 12, 19                       entry N          line   150 file /home2/shbae/bucket/covalent/.pixi/envs/default/share/psi4/basis/6-311pg_d_p_.gbs 
    atoms 7, 14, 22-35                        entry H          line    42 file /home2/shbae/bucket/covalent/.pixi/envs/default/share/psi4/basis/6-311pg_d_p_.gbs 

   => WB97X-D: Empirical Dispersion <=

    Chai and Head-Gordon Dispersion Correction
    Chai, J.-D.; Head-Gordon, M. (2010), J. Chem. Phys., 132: 6615-6620

        s6 =       1.000000


         ---------------------------------------------------------
                                   SCF
               by Justin Turney, Rob Parrish, Andy Simmonett
                          and Daniel G. A. Smith
                              RKS Reference
                        8 Threads,   7629 MiB Core
         ---------------------------------------------------------

  ==> Geometry <==

    Molecular point group: c1
    Full point group: C1

    Geometry (in Angstrom), charge = 0, multiplicity = 1:

       Center              X                  Y                   Z               Mass       
    ------------   -----------------  -----------------  -----------------  -----------------
         C            1.565840404343     1.517398746513     0.413085898711    12.000000000000
         C            0.076181339213     1.556294474944     0.361098107716    12.000000000000
         O           -0.525255165125     2.611581861479     0.356357052692    15.994914619570
         N           -0.535286563346     0.324880097911     0.326051137933    14.003074004430
         C           -1.906620645617     0.038577528867     0.239555305686    12.000000000000
         C           -2.264854718601    -1.339068945240     0.287721060027    12.000000000000
         H           -1.479432369288    -2.082890242502     0.385371109614     1.007825032230
         C           -3.564746786839    -1.744517364647     0.214591519524    12.000000000000
         C           -4.595312787942    -0.781793504127     0.085887833814    12.000000000000
         N           -5.893953127187    -1.178497171908     0.015420969536    14.003074004430
         C           -6.786864970367    -0.231903020636    -0.100398635264    12.000000000000
         N           -6.564993075794     1.106489091729    -0.160509135086    14.003074004430
         C           -5.315944261189     1.490237388070    -0.093461094789    12.000000000000
         H           -5.117956678538     2.559559617406    -0.140198356001     1.007825032230
         C           -4.238200581161     0.580939262343     0.035726395192    12.000000000000
         C           -2.887175495433     0.992438634361     0.111349723156    12.000000000000
         C            2.331330096785     0.628942933378    -0.214260673247    12.000000000000
         C            3.832276268948     0.656136810077    -0.206821311368    12.000000000000
         N            4.397738894573    -0.678364732512    -0.044078033684    14.003074004430
         C            4.353746265238    -1.441782598745    -1.278258746379    12.000000000000
         C            5.752199460897    -0.624297694312     0.476917001784    12.000000000000
         H            2.001644662534     2.354515078502     0.950089297050     1.007825032230
         H            0.068205508583    -0.468785026485     0.469739731415     1.007825032230
         H           -3.834942853816    -2.792533559875     0.252969787317     1.007825032230
         H           -7.827539441705    -0.536278422516    -0.156017983648     1.007825032230
         H           -2.632986360125     2.041863489627     0.077336163726     1.007825032230
         H            1.868101116177    -0.159721171469    -0.803721308158     1.007825032230
         H            4.198360893926     1.135398754527    -1.135815386226     1.007825032230
         H            4.168323932727     1.283758208229     0.622219738789     1.007825032230
         H            4.981528671147    -0.994131923469    -2.070950191282     1.007825032230
         H            4.706194305000    -2.458712004875    -1.093509375048     1.007825032230
         H            3.332324228624    -1.510494301765    -1.658465069171     1.007825032230
         H            5.763325249500    -0.109717658408     1.440184294997     1.007825032230
         H            6.123346684897    -1.639661409284     0.633293986615     1.007825032230
         H            6.451397898963    -0.105861225190    -0.204557953759     1.007825032230

  Running in c1 symmetry.

  Rotational constants: A =      0.03778  B =      0.00387  C =      0.00357 [cm^-1]
  Rotational constants: A =   1132.48827  B =    115.97777  C =    107.12425 [MHz]
  Nuclear repulsion = 1283.481687074855017

  Charge       = 0
  Multiplicity = 1
  Electrons    = 136
  Nalpha       = 68
  Nbeta        = 68

  ==> Algorithm <==

  SCF Algorithm Type is DF.
  DIIS enabled.
  MOM disabled.
  Fractional occupation disabled.
  Guess Type is READ.
  Energy threshold   = 1.00e-08
  Density threshold  = 1.00e-08
  Integral threshold = 1.00e-12

  ==> Primary Basis <==

  Basis Set: 6-311+G(D,P)
    Blend: 6-311+G(D,P)
    Number of shells: 254
    Number of basis functions: 514
    Number of Cartesian functions: 533
    Spherical Harmonics?: true
    Max angular momentum: 2

  ==> DFT Potential <==

   => LibXC <=

    Version 7.0.0
    S. Lehtola, C. Steigemann, M. J.T. Oliveira, and M. A.L. Marques.,  SoftwareX 7, 1–5 (2018) (10.1016/j.softx.2017.11.002)

   => Composite Functional: WB97X-D <= 

    wB97X-D Hyb-GGA Exchange-Correlation Functional

    J.-D. Chai and M. Head-Gordon.,  Phys. Chem. Chem. Phys. 10, 6615-6620 (2008) (10.1039/B810189B)

    Deriv               =              1
    GGA                 =           TRUE
    Meta                =          FALSE

    Exchange Hybrid     =           TRUE
    MP2 Hybrid          =          FALSE

   => Exchange-Correlation Functionals <=

    1.0000   wB97X-D range-separated functional

   => Exact (HF) Exchange <=

    0.7780            HF,LR [omega = 0.2000]
    0.2220               HF 

   => LibXC Density Thresholds  <==

    XC_HYB_GGA_XC_WB97X_D:  1.00E-14 

   => Molecular Quadrature <=

    Radial Scheme          =       TREUTLER
    Pruning Scheme         =           NONE
    Nuclear Scheme         =       TREUTLER

    Blocking Scheme        =         OCTREE
    BS radius alpha        =              1
    Pruning alpha          =              1
    Radial Points          =             75
    Spherical Points       =            302
    Total Points           =         730507
    Total Blocks           =           5298
    Max Points             =            256
    Max Functions          =            353
    Weights Tolerance      =       1.00E-15

   => Loading Basis Set <=

    Name: (6-311+G(D,P) AUX)
    Role: JKFIT
    Keyword: DF_BASIS_SCF
    atoms 1-2, 5-6, 8-9, 11, 13, 15-18, 20-21 entry C          line   200 file /home2/shbae/bucket/covalent/.pixi/envs/default/share/psi4/basis/heavy-aug-cc-pvtz-jkfit.gbs 
    atoms 3                                   entry O          line   324 file /home2/shbae/bucket/covalent/.pixi/envs/default/share/psi4/basis/heavy-aug-cc-pvtz-jkfit.gbs 
    atoms 4, 10, 12, 19                       entry N          line   262 file /home2/shbae/bucket/covalent/.pixi/envs/default/share/psi4/basis/heavy-aug-cc-pvtz-jkfit.gbs 
    atoms 7, 14, 22-35                        entry H          line   116 file /home2/shbae/bucket/covalent/.pixi/envs/default/share/psi4/basis/heavy-aug-cc-pvtz-jkfit.gbs 

   => Loading Basis Set <=

    Name: 6-311+G(D,P)
    Role: ORBITAL
    Keyword: BASIS
    atoms 1-2, 5-6, 8-9, 11, 13, 15-18, 20-21 entry C          line   129 file /home2/shbae/bucket/covalent/.pixi/envs/default/share/psi4/basis/6-311pg_d_p_.gbs 
    atoms 3                                   entry O          line   171 file /home2/shbae/bucket/covalent/.pixi/envs/default/share/psi4/basis/6-311pg_d_p_.gbs 
    atoms 4, 10, 12, 19                       entry N          line   150 file /home2/shbae/bucket/covalent/.pixi/envs/default/share/psi4/basis/6-311pg_d_p_.gbs 
    atoms 7, 14, 22-35                        entry H          line    42 file /home2/shbae/bucket/covalent/.pixi/envs/default/share/psi4/basis/6-311pg_d_p_.gbs 

  Reading orbitals from file /tmp/3_reactant.default.2248151.180.npy, no projection.

  ==> Integral Setup <==

  ==> DiskDFJK: Density-Fitted J/K Matrices <==

    J tasked:                  Yes
    K tasked:                  Yes
    wK tasked:                 Yes
    Omega:               2.000E-01
    OpenMP threads:              8
    Integrals threads:           8
    Memory [MiB]:             1956
    Algorithm:                Disk
    Integral Cache:           NONE
    Schwarz Cutoff:          1E-12
    Fitting Condition:       1E-10

   => Auxiliary Basis Set <=

  Basis Set: (6-311+G(D,P) AUX)
    Blend: HEAVY-AUG-CC-PVTZ-JKFIT
    Number of shells: 730
    Number of basis functions: 2456
    Number of Cartesian functions: 3049
    Spherical Harmonics?: true
    Max angular momentum: 4

  Cached 50.0% of DFT collocation blocks in 2.599 [GiB].

  Minimum eigenvalue in the overlap matrix is 1.5883044759E-07.
  Reciprocal condition number of the overlap matrix is 1.0905758596E-08.
    Using symmetric orthogonalization.

  ==> Pre-Iterations <==

  SCF Guess: Orbitals guess was supplied from a previous computation.

   -------------------------------------------------------
    Irrep   Nso     Nmo     Nalpha   Nbeta   Ndocc  Nsocc
   -------------------------------------------------------
     A        514     514      68      68      68       0
   -------------------------------------------------------
    Total     514     514      68      68      68       0
   -------------------------------------------------------

  ==> Iterations <==

                           Total Energy        Delta E     RMS |[F,P]|

   @DF-RKS iter   0:  -837.27055371940594   -8.37271e+02   1.45027e-04 
   @DF-RKS iter   1:  -837.27406122518880   -3.50751e-03   2.06565e-05 DIIS
   @DF-RKS iter   2:  -837.27413992903394   -7.87038e-05   1.83058e-05 DIIS
   @DF-RKS iter   3:  -837.27417591890378   -3.59899e-05   6.71399e-06 DIIS
   @DF-RKS iter   4:  -837.27418202428055   -6.10538e-06   2.36557e-06 DIIS
   @DF-RKS iter   5:  -837.27418279544565   -7.71165e-07   7.72308e-07 DIIS
   @DF-RKS iter   6:  -837.27418288433159   -8.88859e-08   2.43449e-07 DIIS
   @DF-RKS iter   7:  -837.27418289983234   -1.55007e-08   8.57113e-08 DIIS
   @DF-RKS iter   8:  -837.27418290207163   -2.23929e-09   3.41124e-08 DIIS
   @DF-RKS iter   9:  -837.27418290241224   -3.40606e-10   1.45777e-08 DIIS
   @DF-RKS iter  10:  -837.27418290249943   -8.71978e-11   7.06040e-09 DIIS
  Energy and wave function converged.


  ==> Post-Iterations <==

   Electrons on quadrature grid:
      Ntotal   =  136.0000383794 ; deviation = 3.838e-05 

    Orbital Energies [Eh]
    ---------------------

    Doubly Occupied:                                                      

       1A    -19.233249     2A    -14.490904     3A    -14.445291  
       4A    -14.439626     5A    -14.438868     6A    -10.412406  
       7A    -10.358690     8A    -10.351723     9A    -10.344302  
      10A    -10.340229    11A    -10.333042    12A    -10.323158  
      13A    -10.318365    14A    -10.316458    15A    -10.315223  
      16A    -10.314301    17A    -10.311857    18A    -10.308071  
      19A    -10.302755    20A     -1.167722    21A     -1.096664  
      22A     -1.067177    23A     -1.049474    24A     -1.002533  
      25A     -0.969968    26A     -0.925401    27A     -0.889284  
      28A     -0.868266    29A     -0.828766    30A     -0.822642  
      31A     -0.783093    32A     -0.761660    33A     -0.739862  
      34A     -0.726415    35A     -0.694421    36A     -0.680907  
      37A     -0.666328    38A     -0.646152    39A     -0.621671  
      40A     -0.604944    41A     -0.583448    42A     -0.581246  
      43A     -0.570858    44A     -0.564705    45A     -0.549379  
      46A     -0.544830    47A     -0.535054    48A     -0.530703  
      49A     -0.525542    50A     -0.516683    51A     -0.510381  
      52A     -0.504510    53A     -0.494428    54A     -0.490746  
      55A     -0.472911    56A     -0.467931    57A     -0.463712  
      58A     -0.461816    59A     -0.455353    60A     -0.421887  
      61A     -0.398929    62A     -0.390952    63A     -0.375613  
      64A     -0.357098    65A     -0.348442    66A     -0.338371  
      67A     -0.317552    68A     -0.306727  

    Virtual:                                                              

      69A     -0.009295    70A      0.009513    71A      0.037925  
      72A      0.044803    73A      0.058353    74A      0.063903  
      75A      0.068223    76A      0.071570    77A      0.074877  
      78A      0.079029    79A      0.087913    80A      0.091014  
      81A      0.093345    82A      0.095932    83A      0.099492  
      84A      0.101907    85A      0.105954    86A      0.108121  
      87A      0.113853    88A      0.118396    89A      0.124525  
      90A      0.127095    91A      0.130425    92A      0.133368  
      93A      0.137498    94A      0.141067    95A      0.142289  
      96A      0.150003    97A      0.153662    98A      0.157316  
      99A      0.161584   100A      0.162070   101A      0.168558  
     102A      0.176692   103A      0.179269   104A      0.181942  
     105A      0.187033   106A      0.190308   107A      0.194537  
     108A      0.198527   109A      0.201859   110A      0.205543  
     111A      0.213110   112A      0.217054   113A      0.219736  
     114A      0.223224   115A      0.224466   116A      0.235450  
     117A      0.238141   118A      0.241993   119A      0.245412  
     120A      0.247505   121A      0.249749   122A      0.252507  
     123A      0.256822   124A      0.258893   125A      0.263152  
     126A      0.264696   127A      0.265945   128A      0.270095  
     129A      0.273958   130A      0.274968   131A      0.278380  
     132A      0.280643   133A      0.282149   134A      0.287776  
     135A      0.291475   136A      0.293317   137A      0.297993  
     138A      0.300006   139A      0.301681   140A      0.304102  
     141A      0.309552   142A      0.311777   143A      0.312694  
     144A      0.313391   145A      0.319308   146A      0.322418  
     147A      0.326029   148A      0.331434   149A      0.332145  
     150A      0.336826   151A      0.339180   152A      0.343112  
     153A      0.345621   154A      0.349363   155A      0.350767  
     156A      0.352445   157A      0.356696   158A      0.361214  
     159A      0.367615   160A      0.370387   161A      0.377119  
     162A      0.380619   163A      0.386657   164A      0.389916  
     165A      0.395760   166A      0.398559   167A      0.410646  
     168A      0.412847   169A      0.416872   170A      0.421428  
     171A      0.428595   172A      0.435540   173A      0.439438  
     174A      0.444009   175A      0.452824   176A      0.458843  
     177A      0.465559   178A      0.477456   179A      0.488844  
     180A      0.496972   181A      0.503987   182A      0.521149  
     183A      0.527186   184A      0.544079   185A      0.551921  
     186A      0.555088   187A      0.561234   188A      0.582829  
     189A      0.588491   190A      0.593387   191A      0.602042  
     192A      0.603048   193A      0.607334   194A      0.618126  
     195A      0.622591   196A      0.623954   197A      0.632744  
     198A      0.636475   199A      0.646560   200A      0.652743  
     201A      0.656239   202A      0.664824   203A      0.671335  
     204A      0.674775   205A      0.683143   206A      0.694013  
     207A      0.696930   208A      0.701387   209A      0.703481  
     210A      0.711177   211A      0.720209   212A      0.724667  
     213A      0.728946   214A      0.737306   215A      0.738922  
     216A      0.742475   217A      0.753057   218A      0.755266  
     219A      0.772027   220A      0.774208   221A      0.776093  
     222A      0.788624   223A      0.792686   224A      0.793642  
     225A      0.795475   226A      0.806693   227A      0.808232  
     228A      0.812660   229A      0.826921   230A      0.830228  
     231A      0.836989   232A      0.847942   233A      0.854274  
     234A      0.860578   235A      0.866552   236A      0.873930  
     237A      0.892502   238A      0.901317   239A      0.909617  
     240A      0.923936   241A      0.932867   242A      0.938391  
     243A      0.946529   244A      0.958365   245A      0.964417  
     246A      0.973956   247A      0.985779   248A      0.987893  
     249A      0.990626   250A      0.992023   251A      0.995232  
     252A      1.000356   253A      1.019018   254A      1.030870  
     255A      1.043717   256A      1.046528   257A      1.053332  
     258A      1.059972   259A      1.066377   260A      1.075799  
     261A      1.081311   262A      1.083604   263A      1.091109  
     264A      1.094239   265A      1.114093   266A      1.115930  
     267A      1.134446   268A      1.137247   269A      1.150709  
     270A      1.175300   271A      1.185391   272A      1.197945  
     273A      1.206415   274A      1.217425   275A      1.224893  
     276A      1.228214   277A      1.232904   278A      1.244301  
     279A      1.255301   280A      1.267078   281A      1.285686  
     282A      1.301547   283A      1.313726   284A      1.334900  
     285A      1.342559   286A      1.347602   287A      1.382756  
     288A      1.394471   289A      1.402342   290A      1.414529  
     291A      1.438929   292A      1.454041   293A      1.461368  
     294A      1.487100   295A      1.513869   296A      1.523737  
     297A      1.529480   298A      1.539317   299A      1.558061  
     300A      1.563948   301A      1.572273   302A      1.579764  
     303A      1.592620   304A      1.600493   305A      1.603481  
     306A      1.606486   307A      1.612628   308A      1.617961  
     309A      1.627568   310A      1.634189   311A      1.644569  
     312A      1.655197   313A      1.660131   314A      1.675069  
     315A      1.684550   316A      1.688303   317A      1.704056  
     318A      1.713791   319A      1.719431   320A      1.726762  
     321A      1.726891   322A      1.748934   323A      1.759607  
     324A      1.775421   325A      1.776181   326A      1.786379  
     327A      1.791832   328A      1.796358   329A      1.815765  
     330A      1.828371   331A      1.829593   332A      1.841324  
     333A      1.857088   334A      1.859442   335A      1.864468  
     336A      1.867112   337A      1.883263   338A      1.906650  
     339A      1.918377   340A      1.927323   341A      1.950172  
     342A      1.955045   343A      1.968964   344A      1.979665  
     345A      1.987213   346A      2.006047   347A      2.026378  
     348A      2.035581   349A      2.036732   350A      2.052895  
     351A      2.059826   352A      2.077884   353A      2.089109  
     354A      2.095147   355A      2.111369   356A      2.128531  
     357A      2.141221   358A      2.148240   359A      2.155320  
     360A      2.167929   361A      2.180259   362A      2.193614  
     363A      2.204269   364A      2.209287   365A      2.221107  
     366A      2.232408   367A      2.251309   368A      2.260206  
     369A      2.274243   370A      2.300692   371A      2.326704  
     372A      2.334929   373A      2.338011   374A      2.350494  
     375A      2.361406   376A      2.367313   377A      2.393031  
     378A      2.405755   379A      2.430255   380A      2.445103  
     381A      2.490215   382A      2.494415   383A      2.498818  
     384A      2.504834   385A      2.509598   386A      2.517277  
     387A      2.522978   388A      2.540668   389A      2.563910  
     390A      2.570220   391A      2.581547   392A      2.593289  
     393A      2.609594   394A      2.631846   395A      2.661675  
     396A      2.670176   397A      2.680862   398A      2.690071  
     399A      2.702016   400A      2.714235   401A      2.734013  
     402A      2.743571   403A      2.746742   404A      2.752733  
     405A      2.763804   406A      2.772334   407A      2.783141  
     408A      2.789202   409A      2.792853   410A      2.809600  
     411A      2.817794   412A      2.823508   413A      2.843251  
     414A      2.844415   415A      2.857633   416A      2.860345  
     417A      2.881942   418A      2.888239   419A      2.894850  
     420A      2.913288   421A      2.928814   422A      2.940131  
     423A      2.959501   424A      2.964330   425A      2.968187  
     426A      2.971740   427A      2.996865   428A      3.005529  
     429A      3.011120   430A      3.015453   431A      3.027727  
     432A      3.031469   433A      3.038235   434A      3.045905  
     435A      3.067629   436A      3.075530   437A      3.103094  
     438A      3.114326   439A      3.119219   440A      3.123482  
     441A      3.143565   442A      3.178600   443A      3.182168  
     444A      3.275268   445A      3.304478   446A      3.339737  
     447A      3.368793   448A      3.414528   449A      3.447109  
     450A      3.466877   451A      3.472726   452A      3.510206  
     453A      3.520553   454A      3.586225   455A      3.611429  
     456A      3.627859   457A      3.632282   458A      3.665187  
     459A      3.678648   460A      3.710511   461A      3.735483  
     462A      3.762474   463A      3.808299   464A      3.811376  
     465A      3.849862   466A      3.858049   467A      3.867750  
     468A      3.891982   469A      3.908373   470A      3.912269  
     471A      3.925613   472A      3.968283   473A      4.002549  
     474A      4.020071   475A      4.039902   476A      4.055690  
     477A      4.067790   478A      4.157329   479A      4.219338  
     480A      4.281617   481A      4.318400   482A      4.380508  
     483A      4.474536   484A      4.525643   485A      4.603346  
     486A      4.936019   487A      4.954831   488A      4.972665  
     489A      4.987994   490A      5.077966   491A      5.192768  
     492A      5.211465   493A      5.393302   494A      5.410821  
     495A      5.911304   496A     23.747484   497A     23.862953  
     498A     23.992678   499A     24.007850   500A     24.023607  
     501A     24.047100   502A     24.053963   503A     24.068707  
     504A     24.096934   505A     24.120337   506A     24.164939  
     507A     24.257463   508A     24.320442   509A     24.381473  
     510A     35.646582   511A     35.760767   512A     35.779555  
     513A     35.824061   514A     50.163963  

    Final Occupation by Irrep:
              A 
    DOCC [    68 ]
    NA   [    68 ]
    NB   [    68 ]

  @DF-RKS Final Energy:  -837.27418290249943

   => Energetics <=

    Nuclear Repulsion Energy =           1283.4816870748550173
    One-Electron Energy =               -3681.3472672067537133
    Two-Electron Energy =                1642.1372935224210323
    DFT Exchange-Correlation Energy =     -81.5244566383152147
    Empirical Dispersion Energy =          -0.0214396547065243
    VV10 Nonlocal Energy =                  0.0000000000000000
    Total Energy =                       -837.2741829024994331

Computation Completed


Properties will be evaluated at   0.000000,   0.000000,   0.000000 [a0]

Properties computed using the SCF density matrix


 Multipole Moments:

 ------------------------------------------------------------------------------------
     Multipole            Electronic (a.u.)      Nuclear  (a.u.)        Total (a.u.)
 ------------------------------------------------------------------------------------

 L = 1.  Multiply by 2.5417464519 to convert [e a0] to [Debye]
 Dipole X            :        235.9345689         -233.3745274            2.5600416
 Dipole Y            :        -42.9749386           41.9824013           -0.9925374
 Dipole Z            :         -6.5147842            6.3748282           -0.1399560
 Magnitude           :                                                    2.7492783

 ------------------------------------------------------------------------------------

*** tstop() called on eristm01.eisai.local at Wed May 20 08:42:46 2026
Module time:
	user time   =     453.52 seconds =       7.56 minutes
	system time =      19.66 seconds =       0.33 minutes
	total time  =         65 seconds =       1.08 minutes
Total time:
	user time   =    4336.98 seconds =      72.28 minutes
	system time =     177.82 seconds =       2.96 minutes
	total time  =        632 seconds =      10.53 minutes

*** tstart() called on eristm01.eisai.local
*** at Wed May 20 08:42:46 2026


         ------------------------------------------------------------
                                   SCF GRAD                          
                          Rob Parrish, Justin Turney,                
                       Andy Simmonett, and Alex Sokolov              
         ------------------------------------------------------------

  ==> Geometry <==

    Molecular point group: c1
    Full point group: C1

    Geometry (in Angstrom), charge = 0, multiplicity = 1:

       Center              X                  Y                   Z               Mass       
    ------------   -----------------  -----------------  -----------------  -----------------
         C            1.565840404343     1.517398746513     0.413085898711    12.000000000000
         C            0.076181339213     1.556294474944     0.361098107716    12.000000000000
         O           -0.525255165125     2.611581861479     0.356357052692    15.994914619570
         N           -0.535286563346     0.324880097911     0.326051137933    14.003074004430
         C           -1.906620645617     0.038577528867     0.239555305686    12.000000000000
         C           -2.264854718601    -1.339068945240     0.287721060027    12.000000000000
         H           -1.479432369288    -2.082890242502     0.385371109614     1.007825032230
         C           -3.564746786839    -1.744517364647     0.214591519524    12.000000000000
         C           -4.595312787942    -0.781793504127     0.085887833814    12.000000000000
         N           -5.893953127187    -1.178497171908     0.015420969536    14.003074004430
         C           -6.786864970367    -0.231903020636    -0.100398635264    12.000000000000
         N           -6.564993075794     1.106489091729    -0.160509135086    14.003074004430
         C           -5.315944261189     1.490237388070    -0.093461094789    12.000000000000
         H           -5.117956678538     2.559559617406    -0.140198356001     1.007825032230
         C           -4.238200581161     0.580939262343     0.035726395192    12.000000000000
         C           -2.887175495433     0.992438634361     0.111349723156    12.000000000000
         C            2.331330096785     0.628942933378    -0.214260673247    12.000000000000
         C            3.832276268948     0.656136810077    -0.206821311368    12.000000000000
         N            4.397738894573    -0.678364732512    -0.044078033684    14.003074004430
         C            4.353746265238    -1.441782598745    -1.278258746379    12.000000000000
         C            5.752199460897    -0.624297694312     0.476917001784    12.000000000000
         H            2.001644662534     2.354515078502     0.950089297050     1.007825032230
         H            0.068205508583    -0.468785026485     0.469739731415     1.007825032230
         H           -3.834942853816    -2.792533559875     0.252969787317     1.007825032230
         H           -7.827539441705    -0.536278422516    -0.156017983648     1.007825032230
         H           -2.632986360125     2.041863489627     0.077336163726     1.007825032230
         H            1.868101116177    -0.159721171469    -0.803721308158     1.007825032230
         H            4.198360893926     1.135398754527    -1.135815386226     1.007825032230
         H            4.168323932727     1.283758208229     0.622219738789     1.007825032230
         H            4.981528671147    -0.994131923469    -2.070950191282     1.007825032230
         H            4.706194305000    -2.458712004875    -1.093509375048     1.007825032230
         H            3.332324228624    -1.510494301765    -1.658465069171     1.007825032230
         H            5.763325249500    -0.109717658408     1.440184294997     1.007825032230
         H            6.123346684897    -1.639661409284     0.633293986615     1.007825032230
         H            6.451397898963    -0.105861225190    -0.204557953759     1.007825032230

  Nuclear repulsion = 1283.481687074855017

  ==> Basis Set <==

  Basis Set: 6-311+G(D,P)
    Blend: 6-311+G(D,P)
    Number of shells: 254
    Number of basis functions: 514
    Number of Cartesian functions: 533
    Spherical Harmonics?: true
    Max angular momentum: 2

  ==> DFJKGrad: Density-Fitted SCF Gradients <==

    Gradient:                    1
    J tasked:                  Yes
    K tasked:                  Yes
    wK tasked:                 Yes
    Omega:               2.000E-01
    OpenMP threads:              8
    Integrals threads:           8
    Memory [MiB]:             5722
    Schwarz Cutoff:          1E-12
    Fitting Condition:       1E-10

   => Auxiliary Basis Set <=

  Basis Set: (6-311+G(D,P) AUX)
    Blend: HEAVY-AUG-CC-PVTZ-JKFIT
    Number of shells: 730
    Number of basis functions: 2456
    Number of Cartesian functions: 3049
    Spherical Harmonics?: true
    Max angular momentum: 4

  ==> DFT Potential <==

   => LibXC <=

    Version 7.0.0
    S. Lehtola, C. Steigemann, M. J.T. Oliveira, and M. A.L. Marques.,  SoftwareX 7, 1–5 (2018) (10.1016/j.softx.2017.11.002)

   => Composite Functional: WB97X-D <= 

    wB97X-D Hyb-GGA Exchange-Correlation Functional

    J.-D. Chai and M. Head-Gordon.,  Phys. Chem. Chem. Phys. 10, 6615-6620 (2008) (10.1039/B810189B)

    Deriv               =              1
    GGA                 =           TRUE
    Meta                =          FALSE

    Exchange Hybrid     =           TRUE
    MP2 Hybrid          =          FALSE

   => Exchange-Correlation Functionals <=

    1.0000   wB97X-D range-separated functional

   => Exact (HF) Exchange <=

    0.7780            HF,LR [omega = 0.2000]
    0.2220               HF 

   => LibXC Density Thresholds  <==

    XC_HYB_GGA_XC_WB97X_D:  1.00E-14 

   => Molecular Quadrature <=

    Radial Scheme          =       TREUTLER
    Pruning Scheme         =           NONE
    Nuclear Scheme         =       TREUTLER

    Blocking Scheme        =         OCTREE
    BS radius alpha        =              1
    Pruning alpha          =              1
    Radial Points          =             75
    Spherical Points       =            302
    Total Points           =         730507
    Total Blocks           =           5298
    Max Points             =            256
    Max Functions          =            353
    Weights Tolerance      =       1.00E-15


  -Total Gradient:
     Atom            X                  Y                   Z
    ------   -----------------  -----------------  -----------------
       1        0.000133683468    -0.000090828938    -0.000013113928
       2       -0.000028182720    -0.000313761995     0.000170889444
       3       -0.000173538319     0.000049608185    -0.000033156130
       4        0.000094716299     0.000202543003    -0.000000815987
       5       -0.000299367973     0.000351604543    -0.000033978997
       6        0.000007967626    -0.000245053779    -0.000029269581
       7       -0.000116581192     0.000041612438    -0.000057909243
       8        0.000157317056    -0.000181660451     0.000027053609
       9        0.000239967310     0.000581542534    -0.000007408719
      10       -0.000232710369     0.000008450363    -0.000041482415
      11        0.000100451819    -0.000134889012     0.000016094112
      12       -0.000051118137     0.000111768836     0.000013435662
      13        0.000079183324     0.000033110662     0.000035941482
      14       -0.000052917038    -0.000098791560     0.000005435826
      15       -0.000282708737    -0.000587817719    -0.000022306112
      16        0.000351801844     0.000081187718     0.000144033914
      17        0.000160477123    -0.000171036568     0.000071632691
      18       -0.000047264294     0.000039482012    -0.000063366235
      19        0.000119152974    -0.000036578151    -0.000164134339
      20       -0.000029376778     0.000041940373     0.000073844473
      21       -0.000021004304    -0.000036890895     0.000004657317
      22       -0.000169250469    -0.000017536911    -0.000146012649
      23       -0.000082862000    -0.000035261144     0.000065067614
      24        0.000056106372     0.000072291017    -0.000045155705
      25        0.000096991088     0.000043990538    -0.000009030272
      26       -0.000009076952    -0.000075332075    -0.000011597645
      27        0.000151322843     0.000079208233    -0.000064228749
      28       -0.000026785380     0.000021179700     0.000127804692
      29       -0.000078844208     0.000091005311     0.000022965102
      30       -0.000018662091     0.000019986705     0.000043570372
      31       -0.000027459278     0.000071201738     0.000007787157
      32       -0.000084927938     0.000127562100     0.000021680055
      33        0.000045324700    -0.000036998975    -0.000014061361
      34       -0.000032160792     0.000051370489    -0.000025893789
      35       -0.000040468440    -0.000040611997    -0.000008256595


*** tstop() called on eristm01.eisai.local at Wed May 20 08:43:14 2026
Module time:
	user time   =     182.53 seconds =       3.04 minutes
	system time =       3.80 seconds =       0.06 minutes
	total time  =         28 seconds =       0.47 minutes
Total time:
	user time   =    4519.53 seconds =      75.33 minutes
	system time =     181.62 seconds =       3.03 minutes
	total time  =        660 seconds =      11.00 minutes

    			-----------------------------------------

    			 OPTKING 3.0: for geometry optimizations 

    			     By R.A. King, Bethel University     

    			        with contributions from          

    			    A.V. Copan, J. Cayton, A. Heide      

    			-----------------------------------------

    
	                            ===> Fragment 1 <== 

	 Z (Atomic Numbers)          Masses                          Geom                  
	       6.000000            12.000000          2.95900952  2.86746805  0.78061921   
	       6.000000            12.000000          0.14396187  2.94097033  0.68237653   
	       8.000000            15.994915         -0.99258841  4.93517447  0.67341723   
	       7.000000            14.003074         -1.01154500  0.61393441  0.61614735   
	       6.000000            12.000000         -3.60299085  0.07290096  0.45269392   
	       6.000000            12.000000         -4.27995513 -2.53047357  0.54371400   
	       1.000000             1.007825         -2.79572200 -3.93609211  0.72824585   
	       6.000000            12.000000         -6.73639513 -3.29666004  0.40551920   
	       6.000000            12.000000         -8.68388263 -1.47737561  0.16230448   
	       7.000000            14.003074        -11.13795721  -2.22703689   0.02914141 
	       6.000000            12.000000        -12.82531604  -0.43823320  -0.18972592 
	       7.000000            14.003074        -12.40603893   2.09096134  -0.30331831 
	       6.000000            12.000000        -10.04567875   2.81614053  -0.17661587 
	       1.000000             1.007825         -9.67153644  4.83686668 -0.26493650   
	       6.000000            12.000000         -8.00903836  1.09781610  0.06751310   
	       6.000000            12.000000         -5.45597096  1.87543722  0.21042048   
	       6.000000            12.000000          4.40557539  1.18852989 -0.40489399   
	       6.000000            12.000000          7.24195259  1.23991887 -0.39083564   
	       7.000000            14.003074          8.31052208 -1.28192356 -0.08329541   
	       6.000000            12.000000          8.22738806 -2.72457424 -2.41555895   
	       6.000000            12.000000         10.87008160 -1.17975166  0.90124252   
	       1.000000             1.007825          3.78256021  4.44938866  1.79540857   
	       1.000000             1.007825          0.12888973 -0.88587531  0.88767944   
	       1.000000             1.007825         -7.24699170 -5.27712362  0.47804362   
	       1.000000             1.007825        -14.79190578  -1.01341935  -0.29483126 
	       1.000000             1.007825         -4.97562311  3.85856278  0.14614417   
	       1.000000             1.007825          3.53019948 -0.30182927 -1.51881315   
	       1.000000             1.007825          7.93375227  2.14559269 -2.14638001   
	       1.000000             1.007825          7.87699064  2.42595142  1.17582490   
	       1.000000             1.007825          9.41372487 -1.87863707 -3.91352868   
	       1.000000             1.007825          8.89341833 -4.64629231 -2.06643323   
	       1.000000             1.007825          6.29718015 -2.85442054 -3.13404477   
	       1.000000             1.007825         10.89110629 -0.20733633  2.72155389   
	       1.000000             1.007825         11.57144821 -3.09851100  1.19675219   
	       1.000000             1.007825         12.19137516 -0.20004872 -0.38655851   

	 - Coordinate -           - BOHR/RAD -       - ANG/DEG -
	 H(3,26)          =         4.159528           2.201128
	 R(1,2)           =         2.817720           1.491073
	 R(1,17)          =         2.513330           1.329997
	 R(1,22)          =         2.051952           1.085846
	 R(2,3)           =         2.295360           1.214652
	 R(2,4)           =         2.598976           1.375319
	 R(4,5)           =         2.652362           1.403570
	 R(4,23)          =         1.903615           1.007350
	 R(5,6)           =         2.691491           1.424276
	 R(5,16)          =         2.596415           1.373963
	 R(6,7)           =         2.052502           1.086137
	 R(6,8)           =         2.576866           1.363619
	 R(8,9)           =         2.676127           1.416146
	 R(8,24)          =         2.046510           1.082967
	 R(9,10)          =         2.569476           1.359708
	 R(9,15)          =         2.663834           1.409640
	 R(10,11)         =         2.468785           1.306425
	 R(11,12)         =         2.566227           1.357989
	 R(11,25)         =         2.051673           1.085699
	 R(12,13)         =         2.472496           1.308389
	 R(13,14)         =         2.056968           1.088501
	 R(13,15)         =         2.675844           1.415996
	 R(15,16)         =         2.672690           1.414326
	 R(16,26)         =         2.041483           1.080306
	 R(17,18)         =         2.836878           1.501211
	 R(17,27)         =         2.056276           1.088134
	 R(18,19)         =         2.756104           1.458468
	 R(18,28)         =         2.093028           1.107583
	 R(18,29)         =         2.065036           1.092770
	 R(19,20)         =         2.743648           1.451876
	 R(19,21)         =         2.744285           1.452213
	 R(20,30)         =         2.089717           1.105831
	 R(20,31)         =         2.063610           1.092015
	 R(20,32)         =         2.063682           1.092054
	 R(21,33)         =         2.063872           1.092154
	 R(21,34)         =         2.064190           1.092322
	 R(21,35)         =         2.089035           1.105470
	 B(1,2,3)         =         2.114701         121.163426
	 B(1,2,4)         =         2.006128         114.942673
	 B(1,17,18)       =         2.166411         124.126205
	 B(1,17,27)       =         2.088250         119.647919
	 B(2,1,17)        =         2.184613         125.169077
	 B(2,1,22)        =         1.980243         113.459566
	 B(2,4,5)         =         2.237754         128.213855
	 B(2,4,23)        =         2.021330         115.813676
	 B(3,2,4)         =         2.162346         123.893325
	 B(4,5,6)         =         2.027468         116.165346
	 B(4,5,16)        =         2.166892         124.153782
	 B(5,4,23)        =         2.019067         115.684038
	 B(5,6,7)         =         2.075524         118.918751
	 B(5,6,8)         =         2.124158         121.705311
	 B(5,16,15)       =         2.076847         118.994549
	 B(5,16,26)       =         2.105297         120.624627
	 B(6,5,16)        =         2.088821         119.680651
	 B(6,8,9)         =         2.090310         119.765953
	 B(6,8,24)        =         2.121953         121.578941
	 B(7,6,8)         =         2.083503         119.375937
	 B(8,9,10)        =         2.096024         120.093348
	 B(8,9,15)        =         2.066980         118.429239
	 B(9,8,24)        =         2.070922         118.655099
	 B(9,10,11)       =         2.033063         116.485908
	 B(9,15,13)       =         2.016641         115.545033
	 B(9,15,16)       =         2.119244         121.423750
	 B(10,9,15)       =         2.120180         121.477355
	 B(10,11,12)      =         2.222282         127.327353
	 B(10,11,25)      =         2.044901         117.164224
	 B(11,12,13)      =         2.029482         116.280770
	 B(12,11,25)      =         2.016002         115.508422
	 B(12,13,14)      =         2.048309         117.359446
	 B(12,13,15)      =         2.144720         122.883428
	 B(13,15,16)      =         2.147300         123.031215
	 B(14,13,15)      =         2.090156         119.757115
	 B(15,16,26)      =         2.101004         120.378675
	 B(17,1,22)       =         2.114452         121.149194
	 B(17,18,19)      =         1.951549         111.815547
	 B(17,18,28)      =         1.911499         109.520813
	 B(17,18,29)      =         1.898245         108.761439
	 B(18,17,27)      =         2.028008         116.196311
	 B(18,19,20)      =         1.954675         111.994651
	 B(18,19,21)      =         1.947200         111.566338
	 B(19,18,28)      =         1.940539         111.184681
	 B(19,18,29)      =         1.898256         108.762078
	 B(19,20,30)      =         1.959826         112.289749
	 B(19,20,31)      =         1.913533         109.637374
	 B(19,20,32)      =         1.936257         110.939326
	 B(19,21,33)      =         1.921400         110.088101
	 B(19,21,34)      =         1.910979         109.491020
	 B(19,21,35)      =         1.967322         112.719236
	 B(20,19,21)      =         1.931363         110.658927
	 B(28,18,29)      =         1.861020         106.628613
	 B(30,20,31)      =         1.891278         108.362250
	 B(30,20,32)      =         1.882715         107.871650
	 B(31,20,32)      =         1.877779         107.588819
	 B(33,21,34)      =         1.884137         107.953116
	 B(33,21,35)      =         1.892626         108.439500
	 B(34,21,35)      =         1.885231         108.015771
	 D(1,2,4,5)       =        -3.109783        -178.177418
	 D(1,2,4,23)      =         0.145063           8.311483
	 D(1,17,18,19)    =         2.412730         138.239257
	 D(1,17,18,28)    =        -1.711413         -98.056738
	 D(1,17,18,29)    =         0.316187          18.116164
	 D(2,1,17,18)     =         3.080588         176.504666
	 D(2,1,17,27)     =        -0.025128          -1.439753
	 D(2,4,5,6)       =         3.193614         182.980592
	 D(2,4,5,16)      =         0.055028           3.152848
	 D(3,2,1,17)      =        -2.512180        -143.937293
	 D(3,2,1,22)      =         0.535356          30.673665
	 D(3,2,4,5)       =         0.036592           2.096569
	 D(3,2,4,23)      =        -2.991748        -171.414530
	 D(4,2,1,17)      =         0.634052          36.328492
	 D(4,2,1,22)      =        -2.601597        -149.060550
	 D(4,5,6,7)       =        -0.001251          -0.071686
	 D(4,5,6,8)       =        -3.142948        -180.077653
	 D(4,5,16,15)     =         3.143345         180.100430
	 D(4,5,16,26)     =        -0.007518          -0.430765
	 D(5,6,8,9)       =         0.001151           0.065972
	 D(5,6,8,24)      =         3.143285         180.096938
	 D(5,16,15,9)     =        -0.002692          -0.154257
	 D(5,16,15,13)    =         3.138588         179.827859
	 D(6,5,4,23)      =        -0.061107          -3.501201
	 D(6,5,16,15)     =         0.004859           0.278382
	 D(6,5,16,26)     =         3.137180         179.747187
	 D(6,8,9,10)      =         3.144176         180.148037
	 D(6,8,9,15)      =         0.001071           0.061380
	 D(7,6,5,16)      =        -3.145707        -180.235761
	 D(7,6,8,9)       =         3.142639         180.059979
	 D(7,6,8,24)      =         0.001587           0.090944
	 D(8,6,5,16)      =        -0.004219          -0.241728
	 D(8,9,10,11)     =         3.139804         179.897524
	 D(8,9,15,13)     =        -3.141623        -180.001711
	 D(8,9,15,16)     =        -0.000320          -0.018330
	 D(9,10,11,12)    =         0.001798           0.103014
	 D(9,10,11,25)    =         3.143239         180.094348
	 D(9,15,13,12)    =         0.002136           0.122412
	 D(9,15,13,14)    =         3.143063         180.084233
	 D(9,15,16,26)    =         3.148148         180.375597
	 D(10,9,8,24)     =         0.002059           0.117975
	 D(10,9,15,13)    =        -0.001564          -0.089625
	 D(10,9,15,16)    =        -3.143447        -180.106243
	 D(10,11,12,13)   =        -0.001281          -0.073404
	 D(11,10,9,15)    =        -0.000229          -0.013120
	 D(11,12,13,14)   =        -3.141783        -180.010894
	 D(11,12,13,15)   =        -0.000841          -0.048213
	 D(12,13,15,16)   =         3.144024         180.139326
	 D(13,12,11,25)   =        -3.142725        -180.064862
	 D(13,15,16,26)   =         0.006243           0.357712
	 D(14,13,15,16)   =         0.001765           0.101147
	 D(15,9,8,24)     =         3.142139         180.031318
	 D(16,5,4,23)     =         3.083492         176.671055
	 D(17,18,19,20)   =         1.356321          77.711463
	 D(17,18,19,21)   =        -2.751037        -157.622793
	 D(18,17,1,22)    =         0.039835           2.282355
	 D(18,19,20,30)   =         1.121877          64.278805
	 D(18,19,20,31)   =        -3.057934        -175.206691
	 D(18,19,20,32)   =        -0.986405         -56.516820
	 D(18,19,21,33)   =         1.022846          58.604745
	 D(18,19,21,34)   =         3.091560         177.133348
	 D(18,19,21,35)   =        -1.092751         -62.610004
	 D(19,18,17,27)   =        -0.763611         -43.751683
	 D(20,19,18,28)   =        -0.786279         -45.050462
	 D(20,19,18,29)   =        -2.830327        -162.165819
	 D(20,19,21,33)   =        -3.071531        -175.985753
	 D(20,19,21,34)   =        -1.002816         -57.457149
	 D(20,19,21,35)   =         1.096058          62.799498
	 D(21,19,18,28)   =         1.389549          79.615283
	 D(21,19,18,29)   =        -0.654500         -37.500075
	 D(21,19,20,30)   =        -1.062711         -60.888879
	 D(21,19,20,31)   =         1.040663          59.625625
	 D(21,19,20,32)   =         3.112193         178.315496
	 D(22,1,17,27)    =        -3.065881        -175.662064
	 D(27,17,18,28)   =         1.395431          79.952322
	 D(27,17,18,29)   =        -2.860154        -163.874776


	        --- Internal Coordinate Step in ANG or DEG, aJ/ANG or AJ/DEG ---
	-------------------------------------------------------------------------------
	           Coordinate      Previous         Force          Change          New 
	           ----------      --------        ------          ------        ------
	              H(3,26)       2.20113        0.00099        0.00106       2.20219
	               R(1,2)       1.49107       -0.00063        0.00000       1.49108
	              R(1,17)       1.33000        0.00014        0.00003       1.33003
	              R(1,22)       1.08585        0.00131        0.00015       1.08599
	               R(2,3)       1.21465       -0.00082       -0.00007       1.21458
	               R(2,4)       1.37532        0.00184        0.00019       1.37551
	               R(4,5)       1.40357       -0.00008       -0.00001       1.40356
	              R(4,23)       1.00735        0.00012        0.00001       1.00736
	               R(5,6)       1.42428       -0.00109       -0.00012       1.42415
	              R(5,16)       1.37396        0.00195        0.00022       1.37418
	               R(6,7)       1.08614        0.00099        0.00010       1.08623
	               R(6,8)       1.36362        0.00146        0.00017       1.36379
	               R(8,9)       1.41615       -0.00096       -0.00014       1.41600
	              R(8,24)       1.08297        0.00076        0.00006       1.08303
	              R(9,10)       1.35971       -0.00108       -0.00010       1.35960
	              R(9,15)       1.40964        0.00369        0.00050       1.41014
	             R(10,11)       1.30642        0.00095       -0.00002       1.30640
	             R(11,12)       1.35799       -0.00000       -0.00007       1.35792
	             R(11,25)       1.08570        0.00091        0.00012       1.08582
	             R(12,13)       1.30839        0.00064        0.00003       1.30842
	             R(13,14)       1.08850        0.00081        0.00008       1.08858
	             R(13,15)       1.41600        0.00028        0.00005       1.41604
	             R(15,16)       1.41433       -0.00055       -0.00008       1.41425
	             R(16,26)       1.08031        0.00103        0.00009       1.08040
	             R(17,18)       1.50121        0.00174        0.00022       1.50143
	             R(17,27)       1.08813        0.00066        0.00007       1.08820
	             R(18,19)       1.45847        0.00065        0.00010       1.45857
	             R(18,28)       1.10758        0.00084        0.00006       1.10765
	             R(18,29)       1.09277       -0.00029       -0.00005       1.09272
	             R(19,20)       1.45188        0.00212        0.00025       1.45213
	             R(19,21)       1.45221        0.00041        0.00021       1.45242
	             R(20,30)       1.10583        0.00041        0.00001       1.10584
	             R(20,31)       1.09202        0.00044        0.00005       1.09206
	             R(20,32)       1.09205       -0.00050       -0.00004       1.09201
	             R(21,33)       1.09215        0.00023        0.00001       1.09217
	             R(21,34)       1.09232        0.00047        0.00005       1.09237
	             R(21,35)       1.10547        0.00035        0.00000       1.10547
	             B(1,2,3)     121.16343        0.00001        0.02391     121.18734
	             B(1,2,4)     114.94267       -0.00002       -0.03736     114.90532
	           B(1,17,18)     124.12620       -0.00001       -0.00821     124.11800
	           B(1,17,27)     119.64792       -0.00001       -0.01452     119.63340
	            B(2,1,17)     125.16908       -0.00002       -0.04830     125.12078
	            B(2,1,22)     113.45957        0.00002        0.06633     113.52590
	             B(2,4,5)     128.21386        0.00000        0.02678     128.24063
	            B(2,4,23)     115.81368       -0.00001       -0.03071     115.78297
	             B(3,2,4)     123.89332        0.00001        0.01309     123.90641
	             B(4,5,6)     116.16535        0.00001        0.02959     116.19494
	            B(4,5,16)     124.15378       -0.00001       -0.01295     124.14083
	            B(5,4,23)     115.68404        0.00000        0.00145     115.68549
	             B(5,6,7)     118.91875       -0.00000       -0.02355     118.89520
	             B(5,6,8)     121.70531        0.00000        0.00888     121.71419
	           B(5,16,15)     118.99455        0.00000        0.02084     119.01539
	           B(5,16,26)     120.62463       -0.00001       -0.01974     120.60488
	            B(6,5,16)     119.68065       -0.00000       -0.01654     119.66411
	             B(6,8,9)     119.76595        0.00000        0.00908     119.77503
	            B(6,8,24)     121.57894        0.00000        0.00907     121.58801
	             B(7,6,8)     119.37594        0.00000        0.01466     119.39060
	            B(8,9,10)     120.09335        0.00000        0.00290     120.09625
	            B(8,9,15)     118.42924       -0.00000       -0.00746     118.42178
	            B(9,8,24)     118.65510       -0.00000       -0.01817     118.63693
	           B(9,10,11)     116.48591        0.00000        0.01625     116.50215
	           B(9,15,13)     115.54503       -0.00001       -0.02017     115.52486
	           B(9,15,16)     121.42375       -0.00001       -0.01475     121.40900
	           B(10,9,15)     121.47735        0.00000        0.00451     121.48187
	          B(10,11,12)     127.32735       -0.00000       -0.02665     127.30070
	          B(10,11,25)     117.16422        0.00000        0.00775     117.17197
	          B(11,12,13)     116.28077        0.00001        0.03473     116.31550
	          B(12,11,25)     115.50842        0.00000        0.01890     115.52733
	          B(12,13,14)     117.35945        0.00000        0.01168     117.37112
	          B(12,13,15)     122.88343       -0.00000       -0.00866     122.87477
	          B(13,15,16)     123.03121        0.00001        0.03493     123.06614
	          B(14,13,15)     119.75712       -0.00000       -0.00304     119.75407
	          B(15,16,26)     120.37868        0.00000       -0.00145     120.37723
	           B(17,1,22)     121.14919        0.00000       -0.00757     121.14162
	          B(17,18,19)     111.81555        0.00004        0.07488     111.89043
	          B(17,18,28)     109.52081       -0.00001        0.00590     109.52672
	          B(17,18,29)     108.76144       -0.00001       -0.00763     108.75381
	          B(18,17,27)     116.19631        0.00001        0.02630     116.22261
	          B(18,19,20)     111.99465        0.00002        0.02272     112.01737
	          B(18,19,21)     111.56634       -0.00002       -0.04296     111.52337
	          B(19,18,28)     111.18468       -0.00001       -0.01918     111.16550
	          B(19,18,29)     108.76208       -0.00002       -0.06145     108.70063
	          B(19,20,30)     112.28975       -0.00000       -0.01252     112.27722
	          B(19,20,31)     109.63737        0.00000        0.00563     109.64300
	          B(19,20,32)     110.93933        0.00001        0.02946     110.96878
	          B(19,21,33)     110.08810       -0.00001       -0.01145     110.07666
	          B(19,21,34)     109.49102        0.00000        0.01804     109.50906
	          B(19,21,35)     112.71924        0.00000        0.00031     112.71955
	          B(20,19,21)     110.65893       -0.00000       -0.00309     110.65584
	          B(28,18,29)     106.62861        0.00001        0.00349     106.63210
	          B(30,20,31)     108.36225       -0.00000       -0.01168     108.35057
	          B(30,20,32)     107.87165       -0.00000        0.00064     107.87229
	          B(31,20,32)     107.58882       -0.00001       -0.01259     107.57623
	          B(33,21,34)     107.95312        0.00000        0.00249     107.95560
	          B(33,21,35)     108.43950       -0.00000       -0.01182     108.42768
	          B(34,21,35)     108.01577       -0.00000        0.00257     108.01834
	           D(1,2,4,5)    -178.17742       -0.00001       -0.09040    -178.26782
	          D(1,2,4,23)       8.31148       -0.00000       -0.06228       8.24920
	        D(1,17,18,19)     138.23926       -0.00001       -0.28946     137.94980
	        D(1,17,18,28)     -98.05674        0.00000       -0.25783     -98.31457
	        D(1,17,18,29)      18.11616       -0.00000       -0.25468      17.86148
	         D(2,1,17,18)     176.50467        0.00000        0.04713     176.55180
	         D(2,1,17,27)      -1.43975       -0.00000       -0.08135      -1.52110
	           D(2,4,5,6)     182.98059        0.00001        0.19904     183.17963
	          D(2,4,5,16)       3.15285        0.00000        0.15219       3.30504
	          D(3,2,1,17)    -143.93729       -0.00001       -0.19067    -144.12797
	          D(3,2,1,22)      30.67366       -0.00000       -0.06227      30.61139
	           D(3,2,4,5)       2.09657       -0.00000       -0.01647       2.08009
	          D(3,2,4,23)    -171.41453        0.00000        0.01165    -171.40288
	          D(4,2,1,17)      36.32849       -0.00000       -0.11893      36.20957
	          D(4,2,1,22)    -149.06055        0.00000        0.00948    -149.05108
	           D(4,5,6,7)      -0.07169       -0.00000        0.01339      -0.05830
	           D(4,5,6,8)    -180.07765       -0.00000       -0.02177    -180.09942
	         D(4,5,16,15)     180.10043        0.00000        0.04227     180.14270
	         D(4,5,16,26)      -0.43077       -0.00000        0.00061      -0.43016
	           D(5,6,8,9)       0.06597       -0.00000       -0.00925       0.05672
	          D(5,6,8,24)     180.09694        0.00000        0.02003     180.11697
	         D(5,16,15,9)      -0.15426       -0.00000       -0.02348      -0.17774
	        D(5,16,15,13)     179.82786       -0.00000       -0.01107     179.81679
	          D(6,5,4,23)      -3.50120        0.00000        0.16918      -3.33202
	         D(6,5,16,15)       0.27838        0.00000       -0.00619       0.27220
	         D(6,5,16,26)     179.74719       -0.00000       -0.04785     179.69934
	          D(6,8,9,10)     180.14804        0.00000        0.01048     180.15851
	          D(6,8,9,15)       0.06138        0.00000       -0.01988       0.04150
	          D(7,6,5,16)    -180.23576        0.00000        0.05801    -180.17775
	           D(7,6,8,9)     180.05998       -0.00000       -0.04459     180.01539
	          D(7,6,8,24)       0.09094       -0.00000       -0.01530       0.07565
	          D(8,6,5,16)      -0.24173        0.00000        0.02286      -0.21887
	         D(8,9,10,11)     179.89752       -0.00000       -0.01733     179.88020
	         D(8,9,15,13)    -180.00171        0.00000        0.02504    -179.97667
	         D(8,9,15,16)      -0.01833        0.00000        0.03657       0.01824
	        D(9,10,11,12)       0.10301       -0.00000       -0.01402       0.08900
	        D(9,10,11,25)     180.09435        0.00000       -0.00088     180.09346
	        D(9,15,13,12)       0.12241       -0.00000       -0.00413       0.11828
	        D(9,15,13,14)     180.08423       -0.00000       -0.03452     180.04971
	        D(9,15,16,26)     180.37560        0.00000        0.01818     180.39378
	         D(10,9,8,24)       0.11798       -0.00000       -0.01794       0.10003
	        D(10,9,15,13)      -0.08962       -0.00000       -0.00576      -0.09539
	        D(10,9,15,16)    -180.10624       -0.00000        0.00577    -180.10047
	       D(10,11,12,13)      -0.07340        0.00000        0.00464      -0.06876
	        D(11,10,9,15)      -0.01312        0.00000        0.01399       0.00087
	       D(11,12,13,14)    -180.01089        0.00000        0.03465    -179.97625
	       D(11,12,13,15)      -0.04821        0.00000        0.00493      -0.04328
	       D(12,13,15,16)     180.13933        0.00000       -0.01587     180.12346
	       D(13,12,11,25)    -180.06486       -0.00000       -0.00830    -180.07316
	       D(13,15,16,26)       0.35771        0.00000        0.03059       0.38830
	       D(14,13,15,16)       0.10115       -0.00000       -0.04626       0.05489
	         D(15,9,8,24)     180.03132       -0.00000       -0.04830     179.98302
	         D(16,5,4,23)     176.67106        0.00000        0.12233     176.79338
	       D(17,18,19,20)      77.71146        0.00002        0.51781      78.22927
	       D(17,18,19,21)    -157.62279        0.00001        0.49815    -157.12464
	        D(18,17,1,22)       2.28236       -0.00000       -0.09388       2.18847
	       D(18,19,20,30)      64.27880       -0.00001       -0.13774      64.14107
	       D(18,19,20,31)    -175.20669       -0.00001       -0.15685    -175.36354
	       D(18,19,20,32)     -56.51682       -0.00001       -0.15069     -56.66751
	       D(18,19,21,33)      58.60474       -0.00000        0.00511      58.60985
	       D(18,19,21,34)     177.13335       -0.00001        0.01224     177.14559
	       D(18,19,21,35)     -62.61000       -0.00000        0.02817     -62.58184
	       D(19,18,17,27)     -43.75168       -0.00001       -0.16571     -43.91739
	       D(20,19,18,28)     -45.05046        0.00000        0.47025     -44.58021
	       D(20,19,18,29)    -162.16582        0.00001        0.51450    -161.65132
	       D(20,19,21,33)    -175.98575        0.00000        0.00055    -175.98521
	       D(20,19,21,34)     -57.45715        0.00000        0.00768     -57.44947
	       D(20,19,21,35)      62.79950        0.00001        0.02361      62.82310
	       D(21,19,18,28)      79.61528       -0.00000        0.45060      80.06588
	       D(21,19,18,29)     -37.50007        0.00001        0.49484     -37.00523
	       D(21,19,20,30)     -60.88888        0.00001       -0.09600     -60.98488
	       D(21,19,20,31)      59.62562        0.00000       -0.11511      59.51051
	       D(21,19,20,32)     178.31550        0.00000       -0.10895     178.20654
	        D(22,1,17,27)    -175.66206       -0.00001       -0.22237    -175.88443
	       D(27,17,18,28)      79.95232        0.00000       -0.13408      79.81824
	       D(27,17,18,29)    -163.87478        0.00000       -0.13093    -164.00571
	-------------------------------------------------------------------------------

	                                 ==> Convergence Check <==                                  
    
	Measures of convergence in internal coordinates in au.
    
	Criteria marked as inactive (o), active & met (*), and active & unmet ( ).

	----------------------------------------------------------------------------------------------
	   Step    Total Energy     Delta E     Max Force     RMS Force      Max Disp      RMS Disp   
	----------------------------------------------------------------------------------------------
	  Convergence Criteria     1.00e-06 *    3.00e-04 *             o    1.20e-03 *             o
	----------------------------------------------------------------------------------------------
	     6    -837.27418290   -1.50e-05      5.32e-04      1.08e-04 o    9.04e-03      1.95e-03 o  ~
	----------------------------------------------------------------------------------------------

Next Geometry in Ang 
	Fragment 1 (Ang)

	    C   1.5658063702   1.5179015669   0.4102503619
	    C   0.0761266870   1.5576828708   0.3594123601
	    O  -0.5252560335   2.6129282313   0.3599042221
	    N  -0.5352360617   0.3261186427   0.3206682866
	    C  -1.9065439856   0.0392261992   0.2358888833
	    C  -2.2647438437  -1.3383171369   0.2836402839
	    H  -1.4788622871  -2.0819669231   0.3799808050
	    C  -3.5648806149  -1.7438884821   0.2124495777
	    C  -4.5958248076  -0.7814201571   0.0864404072
	    N  -5.8944206333  -1.1782970388   0.0181565709
	    C  -6.7880135795  -0.2320459280  -0.0949053409
	    N  -6.5663311033   1.1063595261  -0.1537873036
	    C  -5.3173771060   1.4908537361  -0.0886796553
	    H  -5.1199850336   2.5604289162  -0.1339319382
	    C  -4.2388883584   0.5819070966   0.0372626130
	    C  -2.8877309968   0.9931316548   0.1105279815
	    C   2.3294464212   0.6293175223  -0.2192357806
	    C   3.8306590068   0.6542601276  -0.2126693915
	    N   4.3959800385  -0.6799213539  -0.0459404650
	    C   4.3622029522  -1.4436578420  -1.2805436876
	    C   5.7467136341  -0.6237825935   0.4849950915
	    H   2.0035797324   2.3525714436   0.9497491539
	    H   0.0690762882  -0.4676382448   0.4603858759
	    H  -3.8351128499  -2.7919581016   0.2508347369
	    H  -7.8288067368  -0.5367754574  -0.1487751635
	    H  -2.6335193541   2.0426813919   0.0776425952
	    H   1.8642107270  -0.1587469029  -0.8080474110
	    H   4.1970988568   1.1304632983  -1.1431724331
	    H   4.1679487210   1.2835643598   0.6145233468
	    H   4.9938422705  -0.9940188411  -2.0690473188
	    H   4.7167606857  -2.4595046105  -1.0936183174
	    H   3.3436588000  -1.5158858334  -1.6676364643
	    H   5.7498262676  -0.1090750070   1.4482698123
	    H   6.1185857045  -1.6384962122   0.6441705883
	    H   6.4500102221  -0.1039999181  -0.1912200212


    Structure for next step:
    Molecular point group: c1
    Full point group: C1

    Geometry (in Angstrom), charge = 0, multiplicity = 1:

    C            1.565806370210     1.517901566943     0.410250361894
    C            0.076126687007     1.557682870753     0.359412360068
    O           -0.525256033525     2.612928231298     0.359904222116
    N           -0.535236061695     0.326118642712     0.320668286606
    C           -1.906543985614     0.039226199247     0.235888883300
    C           -2.264743843728    -1.338317136903     0.283640283938
    H           -1.478862287087    -2.081966923112     0.379980805017
    C           -3.564880614897    -1.743888482087     0.212449577744
    C           -4.595824807562    -0.781420157075     0.086440407224
    N           -5.894420633250    -1.178297038788     0.018156570874
    C           -6.788013579486    -0.232045927971    -0.094905340924
    N           -6.566331103268     1.106359526126    -0.153787303550
    C           -5.317377106016     1.490853736075    -0.088679655299
    H           -5.119985033553     2.560428916188    -0.133931938200
    C           -4.238888358449     0.581907096613     0.037262613019
    C           -2.887730996773     0.993131654805     0.110527981454
    C            2.329446421165     0.629317522280    -0.219235780644
    C            3.830659006842     0.654260127559    -0.212669391542
    N            4.395980038470    -0.679921353925    -0.045940464972
    C            4.362202952213    -1.443657841974    -1.280543687575
    C            5.746713634073    -0.623782593504     0.484995091504
    H            2.003579732380     2.352571443589     0.949749153935
    H            0.069076288158    -0.467638244823     0.460385875936
    H           -3.835112849890    -2.791958101571     0.250834736869
    H           -7.828806736850    -0.536775457376    -0.148775163523
    H           -2.633519354077     2.042681391874     0.077642595162
    H            1.864210726970    -0.158746902908    -0.808047410966
    H            4.197098856840     1.130463298322    -1.143172433085
    H            4.167948720995     1.283564359816     0.614523346844
    H            4.993842270499    -0.994018841105    -2.069047318754
    H            4.716760685731    -2.459504610501    -1.093618317417
    H            3.343658799981    -1.515885833362    -1.667636464257
    H            5.749826267596    -0.109075006975     1.448269812276
    H            6.118585704507    -1.638496212186     0.644170588315
    H            6.450010222085    -0.103999918052    -0.191220021201


Scratch directory: /tmp/
gradient() will perform analytic gradient computation.
   => Libint2 <=

    Primary   basis highest AM E, G, H:  7, 6, 3
    Auxiliary basis highest AM E, G, H:  7, 7, 4
    Onebody   basis highest AM E, G, H:  -, -, -
    Solid Harmonics ordering:            Gaussian

*** tstart() called on eristm01.eisai.local
*** at Wed May 20 08:43:15 2026

   => Loading Basis Set <=

    Name: 6-311+G(D,P)
    Role: ORBITAL
    Keyword: BASIS
    atoms 1-2, 5-6, 8-9, 11, 13, 15-18, 20-21 entry C          line   129 file /home2/shbae/bucket/covalent/.pixi/envs/default/share/psi4/basis/6-311pg_d_p_.gbs 
    atoms 3                                   entry O          line   171 file /home2/shbae/bucket/covalent/.pixi/envs/default/share/psi4/basis/6-311pg_d_p_.gbs 
    atoms 4, 10, 12, 19                       entry N          line   150 file /home2/shbae/bucket/covalent/.pixi/envs/default/share/psi4/basis/6-311pg_d_p_.gbs 
    atoms 7, 14, 22-35                        entry H          line    42 file /home2/shbae/bucket/covalent/.pixi/envs/default/share/psi4/basis/6-311pg_d_p_.gbs 

   => WB97X-D: Empirical Dispersion <=

    Chai and Head-Gordon Dispersion Correction
    Chai, J.-D.; Head-Gordon, M. (2010), J. Chem. Phys., 132: 6615-6620

        s6 =       1.000000


         ---------------------------------------------------------
                                   SCF
               by Justin Turney, Rob Parrish, Andy Simmonett
                          and Daniel G. A. Smith
                              RKS Reference
                        8 Threads,   7629 MiB Core
         ---------------------------------------------------------

  ==> Geometry <==

    Molecular point group: c1
    Full point group: C1

    Geometry (in Angstrom), charge = 0, multiplicity = 1:

       Center              X                  Y                   Z               Mass       
    ------------   -----------------  -----------------  -----------------  -----------------
         C            1.565806370210     1.517901566943     0.410250361894    12.000000000000
         C            0.076126687007     1.557682870753     0.359412360068    12.000000000000
         O           -0.525256033525     2.612928231298     0.359904222116    15.994914619570
         N           -0.535236061695     0.326118642712     0.320668286606    14.003074004430
         C           -1.906543985614     0.039226199247     0.235888883300    12.000000000000
         C           -2.264743843728    -1.338317136903     0.283640283938    12.000000000000
         H           -1.478862287087    -2.081966923112     0.379980805017     1.007825032230
         C           -3.564880614897    -1.743888482087     0.212449577744    12.000000000000
         C           -4.595824807562    -0.781420157075     0.086440407224    12.000000000000
         N           -5.894420633250    -1.178297038788     0.018156570874    14.003074004430
         C           -6.788013579486    -0.232045927971    -0.094905340924    12.000000000000
         N           -6.566331103268     1.106359526126    -0.153787303550    14.003074004430
         C           -5.317377106016     1.490853736075    -0.088679655299    12.000000000000
         H           -5.119985033553     2.560428916188    -0.133931938200     1.007825032230
         C           -4.238888358449     0.581907096613     0.037262613019    12.000000000000
         C           -2.887730996773     0.993131654805     0.110527981454    12.000000000000
         C            2.329446421165     0.629317522280    -0.219235780644    12.000000000000
         C            3.830659006842     0.654260127559    -0.212669391542    12.000000000000
         N            4.395980038470    -0.679921353925    -0.045940464972    14.003074004430
         C            4.362202952213    -1.443657841974    -1.280543687575    12.000000000000
         C            5.746713634073    -0.623782593504     0.484995091504    12.000000000000
         H            2.003579732380     2.352571443589     0.949749153935     1.007825032230
         H            0.069076288158    -0.467638244823     0.460385875936     1.007825032230
         H           -3.835112849890    -2.791958101571     0.250834736869     1.007825032230
         H           -7.828806736850    -0.536775457376    -0.148775163523     1.007825032230
         H           -2.633519354077     2.042681391874     0.077642595162     1.007825032230
         H            1.864210726970    -0.158746902908    -0.808047410966     1.007825032230
         H            4.197098856840     1.130463298322    -1.143172433085     1.007825032230
         H            4.167948720995     1.283564359816     0.614523346844     1.007825032230
         H            4.993842270499    -0.994018841105    -2.069047318754     1.007825032230
         H            4.716760685731    -2.459504610501    -1.093618317417     1.007825032230
         H            3.343658799981    -1.515885833362    -1.667636464257     1.007825032230
         H            5.749826267596    -0.109075006975     1.448269812276     1.007825032230
         H            6.118585704507    -1.638496212186     0.644170588315     1.007825032230
         H            6.450010222085    -0.103999918052    -0.191220021201     1.007825032230

  Running in c1 symmetry.

  Rotational constants: A =      0.03775  B =      0.00387  C =      0.00357 [cm^-1]
  Rotational constants: A =   1131.84839  B =    115.95885  C =    107.10290 [MHz]
  Nuclear repulsion = 1283.372358927123969

  Charge       = 0
  Multiplicity = 1
  Electrons    = 136
  Nalpha       = 68
  Nbeta        = 68

  ==> Algorithm <==

  SCF Algorithm Type is DF.
  DIIS enabled.
  MOM disabled.
  Fractional occupation disabled.
  Guess Type is READ.
  Energy threshold   = 1.00e-08
  Density threshold  = 1.00e-08
  Integral threshold = 1.00e-12

  ==> Primary Basis <==

  Basis Set: 6-311+G(D,P)
    Blend: 6-311+G(D,P)
    Number of shells: 254
    Number of basis functions: 514
    Number of Cartesian functions: 533
    Spherical Harmonics?: true
    Max angular momentum: 2

  ==> DFT Potential <==

   => LibXC <=

    Version 7.0.0
    S. Lehtola, C. Steigemann, M. J.T. Oliveira, and M. A.L. Marques.,  SoftwareX 7, 1–5 (2018) (10.1016/j.softx.2017.11.002)

   => Composite Functional: WB97X-D <= 

    wB97X-D Hyb-GGA Exchange-Correlation Functional

    J.-D. Chai and M. Head-Gordon.,  Phys. Chem. Chem. Phys. 10, 6615-6620 (2008) (10.1039/B810189B)

    Deriv               =              1
    GGA                 =           TRUE
    Meta                =          FALSE

    Exchange Hybrid     =           TRUE
    MP2 Hybrid          =          FALSE

   => Exchange-Correlation Functionals <=

    1.0000   wB97X-D range-separated functional

   => Exact (HF) Exchange <=

    0.7780            HF,LR [omega = 0.2000]
    0.2220               HF 

   => LibXC Density Thresholds  <==

    XC_HYB_GGA_XC_WB97X_D:  1.00E-14 

   => Molecular Quadrature <=

    Radial Scheme          =       TREUTLER
    Pruning Scheme         =           NONE
    Nuclear Scheme         =       TREUTLER

    Blocking Scheme        =         OCTREE
    BS radius alpha        =              1
    Pruning alpha          =              1
    Radial Points          =             75
    Spherical Points       =            302
    Total Points           =         730519
    Total Blocks           =           5294
    Max Points             =            256
    Max Functions          =            353
    Weights Tolerance      =       1.00E-15

   => Loading Basis Set <=

    Name: (6-311+G(D,P) AUX)
    Role: JKFIT
    Keyword: DF_BASIS_SCF
    atoms 1-2, 5-6, 8-9, 11, 13, 15-18, 20-21 entry C          line   200 file /home2/shbae/bucket/covalent/.pixi/envs/default/share/psi4/basis/heavy-aug-cc-pvtz-jkfit.gbs 
    atoms 3                                   entry O          line   324 file /home2/shbae/bucket/covalent/.pixi/envs/default/share/psi4/basis/heavy-aug-cc-pvtz-jkfit.gbs 
    atoms 4, 10, 12, 19                       entry N          line   262 file /home2/shbae/bucket/covalent/.pixi/envs/default/share/psi4/basis/heavy-aug-cc-pvtz-jkfit.gbs 
    atoms 7, 14, 22-35                        entry H          line   116 file /home2/shbae/bucket/covalent/.pixi/envs/default/share/psi4/basis/heavy-aug-cc-pvtz-jkfit.gbs 

   => Loading Basis Set <=

    Name: 6-311+G(D,P)
    Role: ORBITAL
    Keyword: BASIS
    atoms 1-2, 5-6, 8-9, 11, 13, 15-18, 20-21 entry C          line   129 file /home2/shbae/bucket/covalent/.pixi/envs/default/share/psi4/basis/6-311pg_d_p_.gbs 
    atoms 3                                   entry O          line   171 file /home2/shbae/bucket/covalent/.pixi/envs/default/share/psi4/basis/6-311pg_d_p_.gbs 
    atoms 4, 10, 12, 19                       entry N          line   150 file /home2/shbae/bucket/covalent/.pixi/envs/default/share/psi4/basis/6-311pg_d_p_.gbs 
    atoms 7, 14, 22-35                        entry H          line    42 file /home2/shbae/bucket/covalent/.pixi/envs/default/share/psi4/basis/6-311pg_d_p_.gbs 

  Reading orbitals from file /tmp/3_reactant.default.2248151.180.npy, no projection.

  ==> Integral Setup <==

  ==> DiskDFJK: Density-Fitted J/K Matrices <==

    J tasked:                  Yes
    K tasked:                  Yes
    wK tasked:                 Yes
    Omega:               2.000E-01
    OpenMP threads:              8
    Integrals threads:           8
    Memory [MiB]:             1956
    Algorithm:                Disk
    Integral Cache:           NONE
    Schwarz Cutoff:          1E-12
    Fitting Condition:       1E-10

   => Auxiliary Basis Set <=

  Basis Set: (6-311+G(D,P) AUX)
    Blend: HEAVY-AUG-CC-PVTZ-JKFIT
    Number of shells: 730
    Number of basis functions: 2456
    Number of Cartesian functions: 3049
    Spherical Harmonics?: true
    Max angular momentum: 4

  Cached 50.0% of DFT collocation blocks in 2.587 [GiB].

  Minimum eigenvalue in the overlap matrix is 1.6041951445E-07.
  Reciprocal condition number of the overlap matrix is 1.1015682777E-08.
    Using symmetric orthogonalization.

  ==> Pre-Iterations <==

  SCF Guess: Orbitals guess was supplied from a previous computation.

   -------------------------------------------------------
    Irrep   Nso     Nmo     Nalpha   Nbeta   Ndocc  Nsocc
   -------------------------------------------------------
     A        514     514      68      68      68       0
   -------------------------------------------------------
    Total     514     514      68      68      68       0
   -------------------------------------------------------

  ==> Iterations <==

                           Total Energy        Delta E     RMS |[F,P]|

   @DF-RKS iter   0:  -837.27285092133502   -8.37273e+02   4.35506e-05 
   @DF-RKS iter   1:  -837.27417838511315   -1.32746e-03   5.44187e-06 DIIS
   @DF-RKS iter   2:  -837.27418575725926   -7.37215e-06   3.48981e-06 DIIS
   @DF-RKS iter   3:  -837.27418699013469   -1.23288e-06   1.99404e-06 DIIS
   @DF-RKS iter   4:  -837.27418747561580   -4.85481e-07   6.50381e-07 DIIS
   @DF-RKS iter   5:  -837.27418752522362   -4.96078e-08   2.14097e-07 DIIS
   @DF-RKS iter   6:  -837.27418753123027   -6.00664e-09   5.93553e-08 DIIS
   @DF-RKS iter   7:  -837.27418753206177   -8.31506e-10   2.27430e-08 DIIS
   @DF-RKS iter   8:  -837.27418753220593   -1.44155e-10   8.86778e-09 DIIS
  Energy and wave function converged.


  ==> Post-Iterations <==

   Electrons on quadrature grid:
      Ntotal   =  136.0000167082 ; deviation = 1.671e-05 

    Orbital Energies [Eh]
    ---------------------

    Doubly Occupied:                                                      

       1A    -19.233286     2A    -14.490877     3A    -14.445323  
       4A    -14.439590     5A    -14.438840     6A    -10.412434  
       7A    -10.358709     8A    -10.351731     9A    -10.344313  
      10A    -10.340231    11A    -10.333077    12A    -10.323195  
      13A    -10.318372    14A    -10.316491    15A    -10.315257  
      16A    -10.314337    17A    -10.311902    18A    -10.308070  
      19A    -10.302783    20A     -1.167738    21A     -1.096639  
      22A     -1.067166    23A     -1.049372    24A     -1.002492  
      25A     -0.969934    26A     -0.925407    27A     -0.889231  
      28A     -0.868234    29A     -0.828745    30A     -0.822603  
      31A     -0.783078    32A     -0.761638    33A     -0.739811  
      34A     -0.726363    35A     -0.694471    36A     -0.680875  
      37A     -0.666322    38A     -0.646122    39A     -0.621604  
      40A     -0.604891    41A     -0.583402    42A     -0.581251  
      43A     -0.570811    44A     -0.564684    45A     -0.549356  
      46A     -0.544834    47A     -0.535011    48A     -0.530719  
      49A     -0.525563    50A     -0.516688    51A     -0.510471  
      52A     -0.504401    53A     -0.494450    54A     -0.490733  
      55A     -0.472776    56A     -0.467923    57A     -0.463744  
      58A     -0.461756    59A     -0.455508    60A     -0.421882  
      61A     -0.398916    62A     -0.390920    63A     -0.375608  
      64A     -0.357167    65A     -0.348392    66A     -0.338289  
      67A     -0.317583    68A     -0.306676  

    Virtual:                                                              

      69A     -0.009321    70A      0.009486    71A      0.037916  
      72A      0.044812    73A      0.058318    74A      0.063946  
      75A      0.068213    76A      0.071554    77A      0.074878  
      78A      0.079022    79A      0.087902    80A      0.090987  
      81A      0.093332    82A      0.095968    83A      0.099487  
      84A      0.101951    85A      0.105939    86A      0.108150  
      87A      0.113833    88A      0.118326    89A      0.124563  
      90A      0.127111    91A      0.130398    92A      0.133372  
      93A      0.137477    94A      0.141067    95A      0.142096  
      96A      0.150046    97A      0.153674    98A      0.157223  
      99A      0.161638   100A      0.162106   101A      0.168611  
     102A      0.176643   103A      0.179295   104A      0.181983  
     105A      0.186996   106A      0.190367   107A      0.194614  
     108A      0.198534   109A      0.201893   110A      0.205542  
     111A      0.213104   112A      0.217085   113A      0.219594  
     114A      0.223228   115A      0.224403   116A      0.235474  
     117A      0.238070   118A      0.241901   119A      0.245417  
     120A      0.247476   121A      0.249750   122A      0.252507  
     123A      0.256675   124A      0.258841   125A      0.263122  
     126A      0.264685   127A      0.265912   128A      0.270124  
     129A      0.273861   130A      0.274967   131A      0.278223  
     132A      0.280528   133A      0.282126   134A      0.287727  
     135A      0.291309   136A      0.293287   137A      0.297994  
     138A      0.299833   139A      0.301618   140A      0.304030  
     141A      0.309583   142A      0.311735   143A      0.312649  
     144A      0.313333   145A      0.319251   146A      0.322621  
     147A      0.325915   148A      0.331439   149A      0.332167  
     150A      0.336855   151A      0.339087   152A      0.343147  
     153A      0.345706   154A      0.349544   155A      0.350772  
     156A      0.352451   157A      0.356675   158A      0.361191  
     159A      0.367594   160A      0.370359   161A      0.377099  
     162A      0.380537   163A      0.386556   164A      0.389908  
     165A      0.395688   166A      0.398474   167A      0.410659  
     168A      0.412777   169A      0.416920   170A      0.421559  
     171A      0.428537   172A      0.435526   173A      0.439666  
     174A      0.443996   175A      0.452757   176A      0.459114  
     177A      0.465412   178A      0.477398   179A      0.488731  
     180A      0.496923   181A      0.503893   182A      0.520602  
     183A      0.527006   184A      0.544002   185A      0.551972  
     186A      0.554915   187A      0.561236   188A      0.582984  
     189A      0.588205   190A      0.593231   191A      0.601756  
     192A      0.603022   193A      0.607394   194A      0.618046  
     195A      0.622553   196A      0.623963   197A      0.632744  
     198A      0.636455   199A      0.646549   200A      0.652892  
     201A      0.656247   202A      0.664919   203A      0.671174  
     204A      0.674762   205A      0.683022   206A      0.693775  
     207A      0.696967   208A      0.701223   209A      0.703736  
     210A      0.711106   211A      0.719994   212A      0.724671  
     213A      0.728830   214A      0.737306   215A      0.738895  
     216A      0.742468   217A      0.753092   218A      0.755332  
     219A      0.771949   220A      0.774096   221A      0.776013  
     222A      0.788692   223A      0.792670   224A      0.793711  
     225A      0.795624   226A      0.806531   227A      0.808102  
     228A      0.812743   229A      0.826874   230A      0.830233  
     231A      0.836941   232A      0.847867   233A      0.854243  
     234A      0.860783   235A      0.866661   236A      0.873854  
     237A      0.892475   238A      0.901401   239A      0.909621  
     240A      0.923880   241A      0.932756   242A      0.938299  
     243A      0.946499   244A      0.958403   245A      0.964284  
     246A      0.973884   247A      0.985852   248A      0.987843  
     249A      0.990688   250A      0.991954   251A      0.995097  
     252A      1.000577   253A      1.018841   254A      1.030617  
     255A      1.043734   256A      1.045750   257A      1.053375  
     258A      1.059253   259A      1.066073   260A      1.075368  
     261A      1.081308   262A      1.083902   263A      1.091017  
     264A      1.094252   265A      1.113815   266A      1.115883  
     267A      1.134403   268A      1.137487   269A      1.150771  
     270A      1.175110   271A      1.185397   272A      1.197708  
     273A      1.206392   274A      1.217436   275A      1.224960  
     276A      1.227910   277A      1.232966   278A      1.244353  
     279A      1.255188   280A      1.267425   281A      1.285636  
     282A      1.301662   283A      1.313748   284A      1.334814  
     285A      1.342026   286A      1.347601   287A      1.382754  
     288A      1.394479   289A      1.401692   290A      1.414418  
     291A      1.438709   292A      1.454125   293A      1.461493  
     294A      1.487021   295A      1.513668   296A      1.523823  
     297A      1.529603   298A      1.539163   299A      1.557971  
     300A      1.564098   301A      1.572212   302A      1.579598  
     303A      1.592677   304A      1.600402   305A      1.603339  
     306A      1.606484   307A      1.612909   308A      1.618054  
     309A      1.627516   310A      1.634166   311A      1.644709  
     312A      1.655281   313A      1.660106   314A      1.674826  
     315A      1.684770   316A      1.688308   317A      1.704100  
     318A      1.713855   319A      1.719298   320A      1.726665  
     321A      1.727094   322A      1.748934   323A      1.759481  
     324A      1.775389   325A      1.776236   326A      1.786347  
     327A      1.792263   328A      1.795534   329A      1.815793  
     330A      1.828629   331A      1.829630   332A      1.841156  
     333A      1.856930   334A      1.859323   335A      1.864163  
     336A      1.867313   337A      1.883160   338A      1.906528  
     339A      1.918246   340A      1.926887   341A      1.949899  
     342A      1.954980   343A      1.968955   344A      1.979389  
     345A      1.987118   346A      2.006002   347A      2.026417  
     348A      2.035492   349A      2.036753   350A      2.052625  
     351A      2.059696   352A      2.077999   353A      2.089163  
     354A      2.095395   355A      2.111006   356A      2.128758  
     357A      2.141128   358A      2.148062   359A      2.155416  
     360A      2.167798   361A      2.179901   362A      2.193367  
     363A      2.204755   364A      2.209265   365A      2.221369  
     366A      2.232647   367A      2.252170   368A      2.260469  
     369A      2.274149   370A      2.300362   371A      2.326449  
     372A      2.334648   373A      2.337646   374A      2.350015  
     375A      2.361434   376A      2.367044   377A      2.392947  
     378A      2.405626   379A      2.430082   380A      2.444796  
     381A      2.490528   382A      2.494306   383A      2.498467  
     384A      2.504726   385A      2.509612   386A      2.517292  
     387A      2.522771   388A      2.540942   389A      2.563920  
     390A      2.570045   391A      2.581215   392A      2.593308  
     393A      2.608809   394A      2.632134   395A      2.661779  
     396A      2.670109   397A      2.680776   398A      2.689627  
     399A      2.702405   400A      2.714098   401A      2.733961  
     402A      2.742839   403A      2.746879   404A      2.753268  
     405A      2.763740   406A      2.772315   407A      2.783117  
     408A      2.788599   409A      2.792779   410A      2.809516  
     411A      2.817780   412A      2.823253   413A      2.843174  
     414A      2.844073   415A      2.857430   416A      2.860220  
     417A      2.881891   418A      2.887942   419A      2.894401  
     420A      2.913036   421A      2.928845   422A      2.940241  
     423A      2.959586   424A      2.964217   425A      2.968221  
     426A      2.971158   427A      2.996501   428A      3.005780  
     429A      3.011572   430A      3.015608   431A      3.027674  
     432A      3.031466   433A      3.038309   434A      3.045759  
     435A      3.067623   436A      3.075260   437A      3.102930  
     438A      3.114120   439A      3.118075   440A      3.122952  
     441A      3.143539   442A      3.178568   443A      3.182230  
     444A      3.274901   445A      3.304271   446A      3.339506  
     447A      3.369148   448A      3.414304   449A      3.447041  
     450A      3.466935   451A      3.472717   452A      3.510147  
     453A      3.520577   454A      3.586141   455A      3.611268  
     456A      3.627291   457A      3.632048   458A      3.664744  
     459A      3.678404   460A      3.710351   461A      3.735309  
     462A      3.762236   463A      3.807903   464A      3.811197  
     465A      3.849728   466A      3.858067   467A      3.867766  
     468A      3.891538   469A      3.908058   470A      3.912389  
     471A      3.925530   472A      3.968250   473A      4.002393  
     474A      4.020034   475A      4.039934   476A      4.055627  
     477A      4.067767   478A      4.157224   479A      4.218999  
     480A      4.281446   481A      4.318312   482A      4.380421  
     483A      4.474584   484A      4.525664   485A      4.602889  
     486A      4.935895   487A      4.954777   488A      4.972426  
     489A      4.987322   490A      5.077825   491A      5.192840  
     492A      5.211362   493A      5.393178   494A      5.411194  
     495A      5.911185   496A     23.747438   497A     23.862790  
     498A     23.992645   499A     24.007739   500A     24.023676  
     501A     24.046952   502A     24.053924   503A     24.068512  
     504A     24.097005   505A     24.120134   506A     24.164175  
     507A     24.256874   508A     24.320082   509A     24.381098  
     510A     35.646465   511A     35.760684   512A     35.779529  
     513A     35.824185   514A     50.164070  

    Final Occupation by Irrep:
              A 
    DOCC [    68 ]
    NA   [    68 ]
    NB   [    68 ]

  @DF-RKS Final Energy:  -837.27418753220593

   => Energetics <=

    Nuclear Repulsion Energy =           1283.3723589271239689
    One-Electron Energy =               -3681.1303681721929024
    Two-Electron Energy =                1642.0288917686616514
    DFT Exchange-Correlation Energy =     -81.5236309499497196
    Empirical Dispersion Energy =          -0.0214391058489999
    VV10 Nonlocal Energy =                  0.0000000000000000
    Total Energy =                       -837.2741875322060423

Computation Completed


Properties will be evaluated at   0.000000,   0.000000,   0.000000 [a0]

Properties computed using the SCF density matrix


 Multipole Moments:

 ------------------------------------------------------------------------------------
     Multipole            Electronic (a.u.)      Nuclear  (a.u.)        Total (a.u.)
 ------------------------------------------------------------------------------------

 L = 1.  Multiply by 2.5417464519 to convert [e a0] to [Debye]
 Dipole X            :        236.0237411         -233.4606960            2.5630451
 Dipole Y            :        -43.0238811           42.0310985           -0.9927827
 Dipole Z            :         -6.5172611            6.3722008           -0.1450603
 Magnitude           :                                                    2.7524281

 ------------------------------------------------------------------------------------

*** tstop() called on eristm01.eisai.local at Wed May 20 08:44:11 2026
Module time:
	user time   =     392.83 seconds =       6.55 minutes
	system time =      17.03 seconds =       0.28 minutes
	total time  =         56 seconds =       0.93 minutes
Total time:
	user time   =    4923.93 seconds =      82.07 minutes
	system time =     198.69 seconds =       3.31 minutes
	total time  =        717 seconds =      11.95 minutes

*** tstart() called on eristm01.eisai.local
*** at Wed May 20 08:44:11 2026


         ------------------------------------------------------------
                                   SCF GRAD                          
                          Rob Parrish, Justin Turney,                
                       Andy Simmonett, and Alex Sokolov              
         ------------------------------------------------------------

  ==> Geometry <==

    Molecular point group: c1
    Full point group: C1

    Geometry (in Angstrom), charge = 0, multiplicity = 1:

       Center              X                  Y                   Z               Mass       
    ------------   -----------------  -----------------  -----------------  -----------------
         C            1.565806370210     1.517901566943     0.410250361894    12.000000000000
         C            0.076126687007     1.557682870753     0.359412360068    12.000000000000
         O           -0.525256033525     2.612928231298     0.359904222116    15.994914619570
         N           -0.535236061695     0.326118642712     0.320668286606    14.003074004430
         C           -1.906543985614     0.039226199247     0.235888883300    12.000000000000
         C           -2.264743843728    -1.338317136903     0.283640283938    12.000000000000
         H           -1.478862287087    -2.081966923112     0.379980805017     1.007825032230
         C           -3.564880614897    -1.743888482087     0.212449577744    12.000000000000
         C           -4.595824807562    -0.781420157075     0.086440407224    12.000000000000
         N           -5.894420633250    -1.178297038788     0.018156570874    14.003074004430
         C           -6.788013579486    -0.232045927971    -0.094905340924    12.000000000000
         N           -6.566331103268     1.106359526126    -0.153787303550    14.003074004430
         C           -5.317377106016     1.490853736075    -0.088679655299    12.000000000000
         H           -5.119985033553     2.560428916188    -0.133931938200     1.007825032230
         C           -4.238888358449     0.581907096613     0.037262613019    12.000000000000
         C           -2.887730996773     0.993131654805     0.110527981454    12.000000000000
         C            2.329446421165     0.629317522280    -0.219235780644    12.000000000000
         C            3.830659006842     0.654260127559    -0.212669391542    12.000000000000
         N            4.395980038470    -0.679921353925    -0.045940464972    14.003074004430
         C            4.362202952213    -1.443657841974    -1.280543687575    12.000000000000
         C            5.746713634073    -0.623782593504     0.484995091504    12.000000000000
         H            2.003579732380     2.352571443589     0.949749153935     1.007825032230
         H            0.069076288158    -0.467638244823     0.460385875936     1.007825032230
         H           -3.835112849890    -2.791958101571     0.250834736869     1.007825032230
         H           -7.828806736850    -0.536775457376    -0.148775163523     1.007825032230
         H           -2.633519354077     2.042681391874     0.077642595162     1.007825032230
         H            1.864210726970    -0.158746902908    -0.808047410966     1.007825032230
         H            4.197098856840     1.130463298322    -1.143172433085     1.007825032230
         H            4.167948720995     1.283564359816     0.614523346844     1.007825032230
         H            4.993842270499    -0.994018841105    -2.069047318754     1.007825032230
         H            4.716760685731    -2.459504610501    -1.093618317417     1.007825032230
         H            3.343658799981    -1.515885833362    -1.667636464257     1.007825032230
         H            5.749826267596    -0.109075006975     1.448269812276     1.007825032230
         H            6.118585704507    -1.638496212186     0.644170588315     1.007825032230
         H            6.450010222085    -0.103999918052    -0.191220021201     1.007825032230

  Nuclear repulsion = 1283.372358927123969

  ==> Basis Set <==

  Basis Set: 6-311+G(D,P)
    Blend: 6-311+G(D,P)
    Number of shells: 254
    Number of basis functions: 514
    Number of Cartesian functions: 533
    Spherical Harmonics?: true
    Max angular momentum: 2

  ==> DFJKGrad: Density-Fitted SCF Gradients <==

    Gradient:                    1
    J tasked:                  Yes
    K tasked:                  Yes
    wK tasked:                 Yes
    Omega:               2.000E-01
    OpenMP threads:              8
    Integrals threads:           8
    Memory [MiB]:             5722
    Schwarz Cutoff:          1E-12
    Fitting Condition:       1E-10

   => Auxiliary Basis Set <=

  Basis Set: (6-311+G(D,P) AUX)
    Blend: HEAVY-AUG-CC-PVTZ-JKFIT
    Number of shells: 730
    Number of basis functions: 2456
    Number of Cartesian functions: 3049
    Spherical Harmonics?: true
    Max angular momentum: 4

  ==> DFT Potential <==

   => LibXC <=

    Version 7.0.0
    S. Lehtola, C. Steigemann, M. J.T. Oliveira, and M. A.L. Marques.,  SoftwareX 7, 1–5 (2018) (10.1016/j.softx.2017.11.002)

   => Composite Functional: WB97X-D <= 

    wB97X-D Hyb-GGA Exchange-Correlation Functional

    J.-D. Chai and M. Head-Gordon.,  Phys. Chem. Chem. Phys. 10, 6615-6620 (2008) (10.1039/B810189B)

    Deriv               =              1
    GGA                 =           TRUE
    Meta                =          FALSE

    Exchange Hybrid     =           TRUE
    MP2 Hybrid          =          FALSE

   => Exchange-Correlation Functionals <=

    1.0000   wB97X-D range-separated functional

   => Exact (HF) Exchange <=

    0.7780            HF,LR [omega = 0.2000]
    0.2220               HF 

   => LibXC Density Thresholds  <==

    XC_HYB_GGA_XC_WB97X_D:  1.00E-14 

   => Molecular Quadrature <=

    Radial Scheme          =       TREUTLER
    Pruning Scheme         =           NONE
    Nuclear Scheme         =       TREUTLER

    Blocking Scheme        =         OCTREE
    BS radius alpha        =              1
    Pruning alpha          =              1
    Radial Points          =             75
    Spherical Points       =            302
    Total Points           =         730519
    Total Blocks           =           5294
    Max Points             =            256
    Max Functions          =            353
    Weights Tolerance      =       1.00E-15


  -Total Gradient:
     Atom            X                  Y                   Z
    ------   -----------------  -----------------  -----------------
       1        0.000033168700    -0.000029725778    -0.000009985687
       2        0.000007391910    -0.000199565937    -0.000052441773
       3       -0.000126392231     0.000019368738     0.000040533096
       4        0.000092653556     0.000178516655     0.000049702082
       5       -0.000103162687     0.000146275908    -0.000064345547
       6       -0.000013706337    -0.000127319118    -0.000045200249
       7       -0.000042167086     0.000041172445    -0.000032199469
       8        0.000044136471    -0.000136671402     0.000014668919
       9        0.000127601677     0.000206042285    -0.000032430121
      10       -0.000177158184     0.000128885773    -0.000031258889
      11        0.000010512402    -0.000162896892     0.000004604200
      12        0.000035772192    -0.000037335655     0.000024540863
      13        0.000025246571     0.000091008231    -0.000013129901
      14       -0.000019703275    -0.000051866808     0.000030425488
      15       -0.000135918876    -0.000220922539     0.000038721336
      16        0.000199771171     0.000012278020     0.000101004707
      17       -0.000024249750    -0.000004422195     0.000004463800
      18       -0.000051263025    -0.000013806775    -0.000027458932
      19        0.000072298935     0.000047523670    -0.000085589814
      20       -0.000052816166    -0.000036579771    -0.000033751349
      21        0.000001342522    -0.000000240619     0.000038582197
      22       -0.000056167156    -0.000014658414    -0.000007249289
      23       -0.000029715670    -0.000017342497     0.000038857387
      24        0.000011789846     0.000046722046    -0.000034323796
      25        0.000013410682     0.000001310317    -0.000004669615
      26        0.000013067833    -0.000038385878     0.000002494993
      27        0.000026395908     0.000043543328     0.000074405826
      28        0.000019060557     0.000015120846     0.000036583901
      29       -0.000007960517    -0.000017483618     0.000041501292
      30       -0.000016632060     0.000019857837     0.000029108882
      31       -0.000005079131     0.000038989255    -0.000022143622
      32        0.000048591707     0.000007394857    -0.000031390473
      33        0.000019773295    -0.000005286927    -0.000018297277
      34        0.000002777965     0.000026247515    -0.000018558786
      35       -0.000031430502    -0.000015312005     0.000008890219


*** tstop() called on eristm01.eisai.local at Wed May 20 08:44:39 2026
Module time:
	user time   =     183.91 seconds =       3.07 minutes
	system time =       3.84 seconds =       0.06 minutes
	total time  =         28 seconds =       0.47 minutes
Total time:
	user time   =    5107.86 seconds =      85.13 minutes
	system time =     202.53 seconds =       3.38 minutes
	total time  =        745 seconds =      12.42 minutes

    			-----------------------------------------

    			 OPTKING 3.0: for geometry optimizations 

    			     By R.A. King, Bethel University     

    			        with contributions from          

    			    A.V. Copan, J. Cayton, A. Heide      

    			-----------------------------------------

    
	                            ===> Fragment 1 <== 

	 Z (Atomic Numbers)          Masses                          Geom                  
	       6.000000            12.000000          2.95894521  2.86841825  0.77526083   
	       6.000000            12.000000          0.14385859  2.94359402  0.67919093   
	       8.000000            15.994915         -0.99259005  4.93771874  0.68012041   
	       7.000000            14.003074         -1.01144957  0.61627492  0.60597524   
	       6.000000            12.000000         -3.60284598  0.07412677  0.44576539   
	       6.000000            12.000000         -4.27974561 -2.52905286  0.53600245   
	       1.000000             1.007825         -2.79464470 -3.93434729  0.71805965   
	       6.000000            12.000000         -6.73664803 -3.29547162  0.40147152   
	       6.000000            12.000000         -8.68485021 -1.47667009  0.16334870   
	       7.000000            14.003074        -11.13884067  -2.22665870   0.03431095 
	       6.000000            12.000000        -12.82748660  -0.43850325  -0.17934510 
	       7.000000            14.003074        -12.40856743   2.09071650  -0.29061589 
	       6.000000            12.000000        -10.04838644   2.81730525  -0.16758026 
	       1.000000             1.007825         -9.67536948  4.83850942 -0.25309468   
	       6.000000            12.000000         -8.01033807  1.09964504  0.07041613   
	       6.000000            12.000000         -5.45702071  1.87674683  0.20886761   
	       6.000000            12.000000          4.40201576  1.18923776 -0.41429558   
	       6.000000            12.000000          7.23889640  1.23637246 -0.40188691   
	       7.000000            14.003074          8.30719833 -1.28486515 -0.08681490   
	       6.000000            12.000000          8.24336888 -2.72811794 -2.41987686   
	       6.000000            12.000000         10.85971489 -1.17877826  0.91650790   
	       1.000000             1.007825          3.78621696  4.44571572  1.79476579   
	       1.000000             1.007825          0.13053527 -0.88370821  0.87000322   
	       1.000000             1.007825         -7.24731295 -5.27603617  0.47400896   
	       1.000000             1.007825        -14.79430062  -1.01435861  -0.28114431 
	       1.000000             1.007825         -4.97663033  3.86010839  0.14672324   
	       1.000000             1.007825          3.52284771 -0.29998817 -1.52698830   
	       1.000000             1.007825          7.93136736  2.13626603 -2.16028281   
	       1.000000             1.007825          7.87628159  2.42558510  1.16128082   
	       1.000000             1.007825          9.43699420 -1.87842337 -3.90993277   
	       1.000000             1.007825          8.91338590 -4.64779012 -2.06663911   
	       1.000000             1.007825          6.31859939 -2.86460906 -3.15137619   
	       1.000000             1.007825         10.86559691 -0.20612189  2.73683330   
	       1.000000             1.007825         11.56245126 -3.09630910  1.21730599   
	       1.000000             1.007825         12.18875283 -0.19653136 -0.36135347   

	 - Coordinate -           - BOHR/RAD -       - ANG/DEG -
	 H(3,26)          =         4.161530           2.202187
	 R(1,2)           =         2.817728           1.491078
	 R(1,17)          =         2.513393           1.330030
	 R(1,22)          =         2.052227           1.085992
	 R(2,3)           =         2.295223           1.214580
	 R(2,4)           =         2.599329           1.375506
	 R(4,5)           =         2.652344           1.403560
	 R(4,23)          =         1.903625           1.007355
	 R(5,6)           =         2.691260           1.424153
	 R(5,16)          =         2.596830           1.374183
	 R(6,7)           =         2.052687           1.086235
	 R(6,8)           =         2.577182           1.363786
	 R(8,9)           =         2.675861           1.416005
	 R(8,24)          =         2.046626           1.083028
	 R(9,10)          =         2.569281           1.359605
	 R(9,15)          =         2.664771           1.410136
	 R(10,11)         =         2.468739           1.306401
	 R(11,12)         =         2.566092           1.357917
	 R(11,25)         =         2.051909           1.085823
	 R(12,13)         =         2.472554           1.308419
	 R(13,14)         =         2.057115           1.088578
	 R(13,15)         =         2.675937           1.416045
	 R(15,16)         =         2.672543           1.414249
	 R(16,26)         =         2.041656           1.080398
	 R(17,18)         =         2.837299           1.501434
	 R(17,27)         =         2.056408           1.088204
	 R(18,19)         =         2.756298           1.458570
	 R(18,28)         =         2.093151           1.107648
	 R(18,29)         =         2.064941           1.092720
	 R(19,20)         =         2.744127           1.452129
	 R(19,21)         =         2.744677           1.452421
	 R(20,30)         =         2.089734           1.105840
	 R(20,31)         =         2.063696           1.092061
	 R(20,32)         =         2.063603           1.092012
	 R(21,33)         =         2.063899           1.092168
	 R(21,34)         =         2.064278           1.092369
	 R(21,35)         =         2.089038           1.105471
	 B(1,2,3)         =         2.115118         121.187341
	 B(1,2,4)         =         2.005476         114.905316
	 B(1,17,18)       =         2.166268         124.117997
	 B(1,17,27)       =         2.087997         119.633396
	 B(2,1,17)        =         2.183769         125.120776
	 B(2,1,22)        =         1.981401         113.525901
	 B(2,4,5)         =         2.238221         128.240634
	 B(2,4,23)        =         2.020794         115.782970
	 B(3,2,4)         =         2.162575         123.906414
	 B(4,5,6)         =         2.027984         116.194937
	 B(4,5,16)        =         2.166666         124.140831
	 B(5,4,23)        =         2.019093         115.685489
	 B(5,6,7)         =         2.075113         118.895199
	 B(5,6,8)         =         2.124313         121.714191
	 B(5,16,15)       =         2.077210         119.015390
	 B(5,16,26)       =         2.104952         120.604883
	 B(6,5,16)        =         2.088533         119.664115
	 B(6,8,9)         =         2.090469         119.775030
	 B(6,8,24)        =         2.122111         121.588010
	 B(7,6,8)         =         2.083759         119.390598
	 B(8,9,10)        =         2.096075         120.096247
	 B(8,9,15)        =         2.066850         118.421779
	 B(9,8,24)        =         2.070605         118.636933
	 B(9,10,11)       =         2.033346         116.502155
	 B(9,15,13)       =         2.016289         115.524861
	 B(9,15,16)       =         2.118987         121.408997
	 B(10,9,15)       =         2.120259         121.481867
	 B(10,11,12)      =         2.221816         127.300705
	 B(10,11,25)      =         2.045037         117.171970
	 B(11,12,13)      =         2.030089         116.315504
	 B(12,11,25)      =         2.016332         115.527325
	 B(12,13,14)      =         2.048513         117.371123
	 B(12,13,15)      =         2.144569         122.874770
	 B(13,15,16)      =         2.147909         123.066142
	 B(14,13,15)      =         2.090103         119.754073
	 B(15,16,26)      =         2.100979         120.377229
	 B(17,1,22)       =         2.114320         121.141623
	 B(17,18,19)      =         1.952856         111.890426
	 B(17,18,28)      =         1.911602         109.526717
	 B(17,18,29)      =         1.898112         108.753806
	 B(18,17,27)      =         2.028467         116.222610
	 B(18,19,20)      =         1.955072         112.017368
	 B(18,19,21)      =         1.946450         111.523373
	 B(19,18,28)      =         1.940204         111.165502
	 B(19,18,29)      =         1.897184         108.700629
	 B(19,20,30)      =         1.959607         112.277224
	 B(19,20,31)      =         1.913631         109.642999
	 B(19,20,32)      =         1.936771         110.968784
	 B(19,21,33)      =         1.921200         110.076656
	 B(19,21,34)      =         1.911294         109.509057
	 B(19,21,35)      =         1.967327         112.719547
	 B(20,19,21)      =         1.931309         110.655841
	 B(28,18,29)      =         1.861081         106.632104
	 B(30,20,31)      =         1.891074         108.350572
	 B(30,20,32)      =         1.882727         107.872290
	 B(31,20,32)      =         1.877559         107.576230
	 B(33,21,34)      =         1.884181         107.955603
	 B(33,21,35)      =         1.892420         108.427680
	 B(34,21,35)      =         1.885276         108.018340
	 D(1,2,4,5)       =        -3.111360        -178.267820
	 D(1,2,4,23)      =         0.143976           8.249203
	 D(1,17,18,19)    =         2.407678         137.949798
	 D(1,17,18,28)    =        -1.715913         -98.314569
	 D(1,17,18,29)    =         0.311742          17.861483
	 D(2,1,17,18)     =         3.081410         176.551800
	 D(2,1,17,27)     =        -0.026548          -1.521100
	 D(2,4,5,6)       =         3.197088         183.179635
	 D(2,4,5,16)      =         0.057684           3.305040
	 D(3,2,1,17)      =        -2.515508        -144.127966
	 D(3,2,1,22)      =         0.534270          30.611393
	 D(3,2,4,5)       =         0.036305           2.080095
	 D(3,2,4,23)      =        -2.991545        -171.402882
	 D(4,2,1,17)      =         0.631976          36.209566
	 D(4,2,1,22)      =        -2.601432        -149.051075
	 D(4,5,6,7)       =        -0.001018          -0.058299
	 D(4,5,6,8)       =        -3.143328        -180.099425
	 D(4,5,16,15)     =         3.144083         180.142699
	 D(4,5,16,26)     =        -0.007508          -0.430158
	 D(5,6,8,9)       =         0.000990           0.056718
	 D(5,6,8,24)      =         3.143634         180.116973
	 D(5,16,15,9)     =        -0.003102          -0.177737
	 D(5,16,15,13)    =         3.138395         179.816786
	 D(6,5,4,23)      =        -0.058155          -3.332023
	 D(6,5,16,15)     =         0.004751           0.272197
	 D(6,5,16,26)     =         3.136345         179.699340
	 D(6,8,9,10)      =         3.144359         180.158513
	 D(6,8,9,15)      =         0.000724           0.041498
	 D(7,6,5,16)      =        -3.144695        -180.177747
	 D(7,6,8,9)       =         3.141861         180.015394
	 D(7,6,8,24)      =         0.001320           0.075648
	 D(8,6,5,16)      =        -0.003820          -0.218872
	 D(8,9,10,11)     =         3.139502         179.880197
	 D(8,9,15,13)     =        -3.141186        -179.976673
	 D(8,9,15,16)     =         0.000318           0.018241
	 D(9,10,11,12)    =         0.001553           0.088999
	 D(9,10,11,25)    =         3.143224         180.093464
	 D(9,15,13,12)    =         0.002064           0.118278
	 D(9,15,13,14)    =         3.142460         180.049710
	 D(9,15,16,26)    =         3.148465         180.393781
	 D(10,9,8,24)     =         0.001746           0.100032
	 D(10,9,15,13)    =        -0.001665          -0.095386
	 D(10,9,15,16)    =        -3.143346        -180.100472
	 D(10,11,12,13)   =        -0.001200          -0.068762
	 D(11,10,9,15)    =         0.000015           0.000870
	 D(11,12,13,14)   =        -3.141178        -179.976248
	 D(11,12,13,15)   =        -0.000755          -0.043280
	 D(12,13,15,16)   =         3.143747         180.123457
	 D(13,12,11,25)   =        -3.142870        -180.073164
	 D(13,15,16,26)   =         0.006777           0.388305
	 D(14,13,15,16)   =         0.000958           0.054890
	 D(15,9,8,24)     =         3.141296         179.983017
	 D(16,5,4,23)     =         3.085627         176.793382
	 D(17,18,19,20)   =         1.365358          78.229271
	 D(17,18,19,21)   =        -2.742342        -157.124640
	 D(18,17,1,22)    =         0.038196           2.188471
	 D(18,19,20,30)   =         1.119473          64.141067
	 D(18,19,20,31)   =        -3.060671        -175.363544
	 D(18,19,20,32)   =        -0.989035         -56.667514
	 D(18,19,21,33)   =         1.022935          58.609855
	 D(18,19,21,34)   =         3.091774         177.145589
	 D(18,19,21,35)   =        -1.092259         -62.581836
	 D(19,18,17,27)   =        -0.766503         -43.917395
	 D(20,19,18,28)   =        -0.778071         -44.580210
	 D(20,19,18,29)   =        -2.821348        -161.651319
	 D(20,19,21,33)   =        -3.071521        -175.985206
	 D(20,19,21,34)   =        -1.002682         -57.449471
	 D(20,19,21,35)   =         1.096470          62.823104
	 D(21,19,18,28)   =         1.397413          80.065879
	 D(21,19,18,29)   =        -0.645863         -37.005230
	 D(21,19,20,30)   =        -1.064387         -60.984876
	 D(21,19,20,31)   =         1.038654          59.510514
	 D(21,19,20,32)   =         3.110291         178.206543
	 D(22,1,17,27)    =        -3.069762        -175.884430
	 D(27,17,18,28)   =         1.393091          79.818239
	 D(27,17,18,29)   =        -2.862440        -164.005710


	        --- Internal Coordinate Step in ANG or DEG, aJ/ANG or AJ/DEG ---
	-------------------------------------------------------------------------------
	           Coordinate      Previous         Force          Change          New 
	           ----------      --------        ------          ------        ------
	              H(3,26)       2.20219        0.00067        0.00268       2.20487
	               R(1,2)       1.49108       -0.00013        0.00012       1.49120
	              R(1,17)       1.33003        0.00007        0.00005       1.33008
	              R(1,22)       1.08599        0.00033        0.00004       1.08603
	               R(2,3)       1.21458       -0.00051       -0.00014       1.21444
	               R(2,4)       1.37551        0.00134        0.00028       1.37579
	               R(4,5)       1.40356       -0.00044       -0.00011       1.40345
	              R(4,23)       1.00736        0.00002        0.00002       1.00737
	               R(5,6)       1.42415       -0.00074       -0.00017       1.42398
	              R(5,16)       1.37418        0.00087        0.00016       1.37434
	               R(6,7)       1.08623        0.00054        0.00008       1.08631
	               R(6,8)       1.36379        0.00019        0.00009       1.36388
	               R(8,9)       1.41600       -0.00049       -0.00018       1.41582
	              R(8,24)       1.08303        0.00047        0.00004       1.08306
	              R(9,10)       1.35960       -0.00089       -0.00002       1.35959
	              R(9,15)       1.41014        0.00130        0.00028       1.41042
	             R(10,11)       1.30640        0.00125       -0.00016       1.30624
	             R(11,12)       1.35792       -0.00002        0.00009       1.35800
	             R(11,25)       1.08582        0.00015        0.00005       1.08587
	             R(12,13)       1.30842       -0.00004       -0.00015       1.30827
	             R(13,14)       1.08858        0.00038        0.00005       1.08863
	             R(13,15)       1.41604       -0.00006        0.00013       1.41617
	             R(15,16)       1.41425       -0.00062       -0.00013       1.41412
	             R(16,26)       1.08040        0.00053        0.00007       1.08047
	             R(17,18)       1.50143       -0.00017       -0.00011       1.50133
	             R(17,27)       1.08820        0.00065        0.00004       1.08825
	             R(18,19)       1.45857       -0.00003        0.00005       1.45862
	             R(18,28)       1.10765        0.00011        0.00007       1.10772
	             R(18,29)       1.09272       -0.00010       -0.00004       1.09268
	             R(19,20)       1.45213       -0.00019        0.00008       1.45221
	             R(19,21)       1.45242       -0.00009        0.00014       1.45256
	             R(20,30)       1.10584        0.00030        0.00002       1.10586
	             R(20,31)       1.09206        0.00021        0.00002       1.09208
	             R(20,32)       1.09201        0.00032       -0.00001       1.09200
	             R(21,33)       1.09217        0.00012       -0.00001       1.09215
	             R(21,34)       1.09237        0.00020        0.00002       1.09238
	             R(21,35)       1.10547        0.00029        0.00001       1.10548
	             B(1,2,3)     121.18734        0.00000        0.04877     121.23611
	             B(1,2,4)     114.90532       -0.00001       -0.06690     114.83841
	           B(1,17,18)     124.11800        0.00000        0.01799     124.13598
	           B(1,17,27)     119.63340       -0.00000       -0.04938     119.58401
	            B(2,1,17)     125.12078       -0.00001       -0.11216     125.00861
	            B(2,1,22)     113.52590        0.00001        0.09953     113.62543
	             B(2,4,5)     128.24063        0.00000        0.01986     128.26049
	            B(2,4,23)     115.78297       -0.00000       -0.04033     115.74264
	             B(3,2,4)     123.90641        0.00001        0.01833     123.92474
	             B(4,5,6)     116.19494        0.00000        0.01268     116.20761
	            B(4,5,16)     124.14083       -0.00000       -0.00856     124.13227
	            B(5,4,23)     115.68549        0.00000       -0.01434     115.67115
	             B(5,6,7)     118.89520        0.00000       -0.01894     118.87626
	             B(5,6,8)     121.71419       -0.00000        0.00255     121.71674
	           B(5,16,15)     119.01539        0.00000        0.00961     119.02500
	           B(5,16,26)     120.60488       -0.00000        0.00486     120.60975
	            B(6,5,16)     119.66411        0.00000       -0.00417     119.65994
	             B(6,8,9)     119.77503        0.00000        0.00143     119.77646
	            B(6,8,24)     121.58801       -0.00000        0.00691     121.59492
	             B(7,6,8)     119.39060       -0.00000        0.01637     119.40697
	            B(8,9,10)     120.09625       -0.00000       -0.00101     120.09524
	            B(8,9,15)     118.42178       -0.00000        0.00477     118.42655
	            B(9,8,24)     118.63693       -0.00000       -0.00837     118.62856
	           B(9,10,11)     116.50215       -0.00000        0.00796     116.51012
	           B(9,15,13)     115.52486       -0.00000       -0.00925     115.51561
	           B(9,15,16)     121.40900       -0.00000       -0.01422     121.39478
	           B(10,9,15)     121.48187        0.00000       -0.00376     121.47811
	          B(10,11,12)     127.30070        0.00000       -0.00378     127.29692
	          B(10,11,25)     117.17197       -0.00000        0.01189     117.18386
	          B(11,12,13)     116.31550       -0.00000        0.00989     116.32539
	          B(12,11,25)     115.52733       -0.00000       -0.00811     115.51921
	          B(12,13,14)     117.37112       -0.00000        0.00959     117.38072
	          B(12,13,15)     122.87477        0.00000       -0.00103     122.87374
	          B(13,15,16)     123.06614        0.00000        0.02347     123.08961
	          B(14,13,15)     119.75407       -0.00000       -0.00855     119.74552
	          B(15,16,26)     120.37723        0.00000       -0.01484     120.36239
	           B(17,1,22)     121.14162        0.00000        0.01511     121.15673
	          B(17,18,19)     111.89043       -0.00001        0.00398     111.89441
	          B(17,18,28)     109.52672        0.00000       -0.02623     109.50049
	          B(17,18,29)     108.75381        0.00000        0.02063     108.77444
	          B(18,17,27)     116.22261       -0.00000        0.03176     116.25437
	          B(18,19,20)     112.01737       -0.00000       -0.01116     112.00621
	          B(18,19,21)     111.52337        0.00000       -0.01781     111.50556
	          B(19,18,28)     111.16550        0.00000       -0.01176     111.15374
	          B(19,18,29)     108.70063        0.00000       -0.00684     108.69379
	          B(19,20,30)     112.27722        0.00000        0.00687     112.28409
	          B(19,20,31)     109.64300        0.00000       -0.00440     109.63860
	          B(19,20,32)     110.96878       -0.00000       -0.01365     110.95513
	          B(19,21,33)     110.07666       -0.00000       -0.01309     110.06357
	          B(19,21,34)     109.50906       -0.00000        0.00070     109.50976
	          B(19,21,35)     112.71955        0.00000        0.00463     112.72417
	          B(20,19,21)     110.65584        0.00000       -0.00213     110.65371
	          B(28,18,29)     106.63210       -0.00000        0.02214     106.65425
	          B(30,20,31)     108.35057       -0.00000       -0.00063     108.34995
	          B(30,20,32)     107.87229        0.00000        0.01333     107.88562
	          B(31,20,32)     107.57623        0.00000       -0.00137     107.57486
	          B(33,21,34)     107.95560        0.00000        0.00428     107.95988
	          B(33,21,35)     108.42768        0.00000       -0.00334     108.42434
	          B(34,21,35)     108.01834        0.00000        0.00721     108.02556
	           D(1,2,4,5)    -178.26782        0.00000       -0.13201    -178.39983
	          D(1,2,4,23)       8.24920        0.00000        0.24703       8.49623
	        D(1,17,18,19)     137.94980       -0.00000       -0.37142     137.57838
	        D(1,17,18,28)     -98.31457       -0.00000       -0.40261     -98.71718
	        D(1,17,18,29)      17.86148       -0.00000       -0.37902      17.48246
	         D(2,1,17,18)     176.55180        0.00000        0.05996     176.61176
	         D(2,1,17,27)      -1.52110        0.00000        0.04593      -1.47517
	           D(2,4,5,6)     183.17963        0.00000        0.67024     183.84987
	          D(2,4,5,16)       3.30504        0.00000        0.69759       4.00263
	          D(3,2,1,17)    -144.12797        0.00000        0.39585    -143.73211
	          D(3,2,1,22)      30.61139        0.00000        0.42877      31.04016
	           D(3,2,4,5)       2.08009       -0.00000       -0.17079       1.90931
	          D(3,2,4,23)    -171.40288        0.00000        0.20825    -171.19463
	          D(4,2,1,17)      36.20957        0.00000        0.35832      36.56789
	          D(4,2,1,22)    -149.05108        0.00000        0.39124    -148.65984
	           D(4,5,6,7)      -0.05830        0.00000        0.05637      -0.00193
	           D(4,5,6,8)    -180.09942        0.00000        0.02663    -180.07280
	         D(4,5,16,15)     180.14270       -0.00000       -0.01914     180.12356
	         D(4,5,16,26)      -0.43016       -0.00000       -0.05916      -0.48932
	           D(5,6,8,9)       0.05672       -0.00000       -0.00268       0.05404
	          D(5,6,8,24)     180.11697        0.00000        0.02212     180.13909
	         D(5,16,15,9)      -0.17774        0.00000       -0.01690      -0.19464
	        D(5,16,15,13)     179.81679       -0.00000       -0.00737     179.80941
	          D(6,5,4,23)      -3.33202        0.00000        0.28999      -3.04203
	         D(6,5,16,15)       0.27220        0.00000        0.00908       0.28127
	         D(6,5,16,26)     179.69934       -0.00000       -0.03095     179.66839
	          D(6,8,9,10)     180.15851        0.00000       -0.00632     180.15219
	          D(6,8,9,15)       0.04150        0.00000       -0.00484       0.03666
	          D(7,6,5,16)    -180.17775        0.00000        0.03031    -180.14744
	           D(7,6,8,9)     180.01539       -0.00000       -0.03259     179.98281
	          D(7,6,8,24)       0.07565        0.00000       -0.00779       0.06786
	          D(8,6,5,16)      -0.21887       -0.00000        0.00057      -0.21830
	         D(8,9,10,11)     179.88020        0.00000        0.01023     179.89042
	         D(8,9,15,13)    -179.97667        0.00000        0.00587    -179.97080
	         D(8,9,15,16)       0.01824       -0.00000        0.01472       0.03296
	        D(9,10,11,12)       0.08900       -0.00000       -0.01217       0.07683
	        D(9,10,11,25)     180.09346       -0.00000       -0.01210     180.08137
	        D(9,15,13,12)       0.11828       -0.00000       -0.02297       0.09531
	        D(9,15,13,14)     180.04971        0.00000       -0.00806     180.04165
	        D(9,15,16,26)     180.39378        0.00000        0.02290     180.41668
	         D(10,9,8,24)       0.10003       -0.00000       -0.03038       0.06965
	        D(10,9,15,13)      -0.09539        0.00000        0.00738      -0.08801
	        D(10,9,15,16)    -180.10047       -0.00000        0.01623    -180.08424
	       D(10,11,12,13)      -0.06876       -0.00000       -0.00237      -0.07113
	        D(11,10,9,15)       0.00087       -0.00000        0.00869       0.00956
	       D(11,12,13,14)    -179.97625       -0.00000        0.00609    -179.97016
	       D(11,12,13,15)      -0.04328        0.00000        0.02066      -0.02262
	       D(12,13,15,16)     180.12346        0.00000       -0.03199     180.09147
	       D(13,12,11,25)    -180.07316       -0.00000       -0.00245    -180.07561
	       D(13,15,16,26)       0.38830        0.00000        0.03243       0.42074
	       D(14,13,15,16)       0.05489        0.00000       -0.01708       0.03781
	         D(15,9,8,24)     179.98302       -0.00000       -0.02890     179.95412
	         D(16,5,4,23)     176.79338        0.00000        0.31734     177.11072
	       D(17,18,19,20)      78.22927       -0.00000       -0.13773      78.09155
	       D(17,18,19,21)    -157.12464       -0.00000       -0.16260    -157.28724
	        D(18,17,1,22)       2.18847        0.00000        0.02132       2.20979
	       D(18,19,20,30)      64.14107       -0.00000       -0.10554      64.03553
	       D(18,19,20,31)    -175.36354        0.00000       -0.10484    -175.46839
	       D(18,19,20,32)     -56.66751       -0.00000       -0.11773     -56.78525
	       D(18,19,21,33)      58.60985        0.00000        0.05317      58.66302
	       D(18,19,21,34)     177.14559        0.00000        0.05095     177.19653
	       D(18,19,21,35)     -62.58184        0.00000        0.06360     -62.51824
	       D(19,18,17,27)     -43.91739       -0.00000       -0.35924     -44.27663
	       D(20,19,18,28)     -44.58021        0.00000       -0.09805     -44.67826
	       D(20,19,18,29)    -161.65132       -0.00000       -0.11407    -161.76538
	       D(20,19,21,33)    -175.98521       -0.00000        0.02376    -175.96144
	       D(20,19,21,34)     -57.44947       -0.00000        0.02154     -57.42793
	       D(20,19,21,35)      62.82310       -0.00000        0.03419      62.85730
	       D(21,19,18,28)      80.06588        0.00000       -0.12292      79.94296
	       D(21,19,18,29)     -37.00523       -0.00000       -0.13894     -37.14417
	       D(21,19,20,30)     -60.98488       -0.00000       -0.07226     -61.05713
	       D(21,19,20,31)      59.51051        0.00000       -0.07156      59.43895
	       D(21,19,20,32)     178.20654       -0.00000       -0.08446     178.12209
	        D(22,1,17,27)    -175.88443        0.00000        0.00729    -175.87714
	       D(27,17,18,28)      79.81824       -0.00000       -0.39043      79.42781
	       D(27,17,18,29)    -164.00571       -0.00000       -0.36685    -164.37256
	-------------------------------------------------------------------------------

	                                 ==> Convergence Check <==                                  
    
	Measures of convergence in internal coordinates in au.
    
	Criteria marked as inactive (o), active & met (*), and active & unmet ( ).

	----------------------------------------------------------------------------------------------
	   Step    Total Energy     Delta E     Max Force     RMS Force      Max Disp      RMS Disp   
	----------------------------------------------------------------------------------------------
	  Convergence Criteria     1.00e-06 *    3.00e-04 *             o    1.20e-03 *             o
	----------------------------------------------------------------------------------------------
	     7    -837.27418753   -4.63e-06      1.63e-04 *    4.00e-05 o    1.22e-02      2.33e-03 o  ~
	----------------------------------------------------------------------------------------------

Next Geometry in Ang 
	Fragment 1 (Ang)

	    C   1.5671350765   1.5187539419   0.4202212457
	    C   0.0774191880   1.5595446492   0.3677242795
	    O  -0.5241945630   2.6144914976   0.3707443216
	    N  -0.5332519779   0.3275008901   0.3236223978
	    C  -1.9042279613   0.0396095266   0.2386273982
	    C  -2.2623163594  -1.3374620756   0.2950052721
	    H  -1.4762778977  -2.0800960758   0.3984903286
	    C  -3.5623279554  -1.7437668352   0.2239372150
	    C  -4.5930685150  -0.7825068905   0.0893759121
	    N  -5.8914136512  -1.1801276348   0.0210402305
	    C  -6.7849852326  -0.2351124065  -0.1003920751
	    N  -6.5635579138   1.1030220714  -0.1677468975
	    C  -5.3150815583   1.4885143529  -0.1023442272
	    H  -5.1179124900   2.5578806314  -0.1542177014
	    C  -4.2363451393   0.5808364261   0.0317891812
	    C  -2.8854585381   0.9925505810   0.1047945243
	    C   2.3292620133   0.6351038539  -0.2180974533
	    C   3.8304236850   0.6560081817  -0.2102188917
	    N   4.3921594493  -0.6803732723  -0.0486722649
	    C   4.3543449636  -1.4397565119  -1.2859319945
	    C   5.7441109160  -0.6293797803   0.4800653271
	    H   2.0061454261   2.3468713579   0.9688209129
	    H   0.0713021515  -0.4657938967   0.4650507190
	    H  -3.8326269387  -2.7915807336   0.2692440984
	    H  -7.8256513432  -0.5403924658  -0.1546072194
	    H  -2.6314962091   2.0420196573   0.0657756909
	    H   1.8618167136  -0.1453353792  -0.8153364135
	    H   4.1984459999   1.1347520234  -1.1388805974
	    H   4.1690775788   1.2809297335   0.6196870751
	    H   4.9846497410  -0.9882863966  -2.0744833250
	    H   4.7079871492  -2.4567345342  -1.1033552081
	    H   3.3346584906  -1.5092946930  -1.6704754637
	    H   5.7499051609  -0.1183947336   1.4452911173
	    H   6.1139438009  -1.6455601775   0.6346732283
	    H   6.4474067402  -0.1084348828  -0.1952778806


    Structure for next step:
    Molecular point group: c1
    Full point group: C1

    Geometry (in Angstrom), charge = 0, multiplicity = 1:

    C            1.567135076457     1.518753941855     0.420221245652
    C            0.077419187984     1.559544649192     0.367724279531
    O           -0.524194563010     2.614491497593     0.370744321560
    N           -0.533251977901     0.327500890134     0.323622397793
    C           -1.904227961306     0.039609526573     0.238627398209
    C           -2.262316359359    -1.337462075578     0.295005272065
    H           -1.476277897747    -2.080096075763     0.398490328609
    C           -3.562327955399    -1.743766835169     0.223937215033
    C           -4.593068515001    -0.782506890511     0.089375912086
    N           -5.891413651228    -1.180127634823     0.021040230515
    C           -6.784985232633    -0.235112406477    -0.100392075072
    N           -6.563557913803     1.103022071436    -0.167746897536
    C           -5.315081558342     1.488514352918    -0.102344227194
    H           -5.117912489950     2.557880631363    -0.154217701446
    C           -4.236345139337     0.580836426089     0.031789181220
    C           -2.885458538146     0.992550580974     0.104794524256
    C            2.329262013333     0.635103853860    -0.218097453334
    C            3.830423685024     0.656008181693    -0.210218891738
    N            4.392159449327    -0.680373272314    -0.048672264859
    C            4.354344963569    -1.439756511865    -1.285931994475
    C            5.744110915952    -0.629379780263     0.480065327094
    H            2.006145426107     2.346871357892     0.968820912863
    H            0.071302151466    -0.465793896676     0.465050718982
    H           -3.832626938720    -2.791580733611     0.269244098368
    H           -7.825651343190    -0.540392465787    -0.154607219404
    H           -2.631496209127     2.042019657294     0.065775690944
    H            1.861816713559    -0.145335379190    -0.815336413451
    H            4.198445999890     1.134752023363    -1.138880597384
    H            4.169077578778     1.280929733542     0.619687075119
    H            4.984649741013    -0.988286396606    -2.074483324951
    H            4.707987149195    -2.456734534206    -1.103355208124
    H            3.334658490622    -1.509294693029    -1.670475463730
    H            5.749905160888    -0.118394733558     1.445291117330
    H            6.113943800875    -1.645560177532     0.634673228271
    H            6.447406740162    -0.108434882812    -0.195277880618


Scratch directory: /tmp/
gradient() will perform analytic gradient computation.
   => Libint2 <=

    Primary   basis highest AM E, G, H:  7, 6, 3
    Auxiliary basis highest AM E, G, H:  7, 7, 4
    Onebody   basis highest AM E, G, H:  -, -, -
    Solid Harmonics ordering:            Gaussian

*** tstart() called on eristm01.eisai.local
*** at Wed May 20 08:44:40 2026

   => Loading Basis Set <=

    Name: 6-311+G(D,P)
    Role: ORBITAL
    Keyword: BASIS
    atoms 1-2, 5-6, 8-9, 11, 13, 15-18, 20-21 entry C          line   129 file /home2/shbae/bucket/covalent/.pixi/envs/default/share/psi4/basis/6-311pg_d_p_.gbs 
    atoms 3                                   entry O          line   171 file /home2/shbae/bucket/covalent/.pixi/envs/default/share/psi4/basis/6-311pg_d_p_.gbs 
    atoms 4, 10, 12, 19                       entry N          line   150 file /home2/shbae/bucket/covalent/.pixi/envs/default/share/psi4/basis/6-311pg_d_p_.gbs 
    atoms 7, 14, 22-35                        entry H          line    42 file /home2/shbae/bucket/covalent/.pixi/envs/default/share/psi4/basis/6-311pg_d_p_.gbs 

   => WB97X-D: Empirical Dispersion <=

    Chai and Head-Gordon Dispersion Correction
    Chai, J.-D.; Head-Gordon, M. (2010), J. Chem. Phys., 132: 6615-6620

        s6 =       1.000000


         ---------------------------------------------------------
                                   SCF
               by Justin Turney, Rob Parrish, Andy Simmonett
                          and Daniel G. A. Smith
                              RKS Reference
                        8 Threads,   7629 MiB Core
         ---------------------------------------------------------

  ==> Geometry <==

    Molecular point group: c1
    Full point group: C1

    Geometry (in Angstrom), charge = 0, multiplicity = 1:

       Center              X                  Y                   Z               Mass       
    ------------   -----------------  -----------------  -----------------  -----------------
         C            1.567135076457     1.518753941855     0.420221245652    12.000000000000
         C            0.077419187984     1.559544649192     0.367724279531    12.000000000000
         O           -0.524194563010     2.614491497593     0.370744321560    15.994914619570
         N           -0.533251977901     0.327500890134     0.323622397793    14.003074004430
         C           -1.904227961306     0.039609526573     0.238627398209    12.000000000000
         C           -2.262316359359    -1.337462075578     0.295005272065    12.000000000000
         H           -1.476277897747    -2.080096075763     0.398490328609     1.007825032230
         C           -3.562327955399    -1.743766835169     0.223937215033    12.000000000000
         C           -4.593068515001    -0.782506890511     0.089375912086    12.000000000000
         N           -5.891413651228    -1.180127634823     0.021040230515    14.003074004430
         C           -6.784985232633    -0.235112406477    -0.100392075072    12.000000000000
         N           -6.563557913803     1.103022071436    -0.167746897536    14.003074004430
         C           -5.315081558342     1.488514352918    -0.102344227194    12.000000000000
         H           -5.117912489950     2.557880631363    -0.154217701446     1.007825032230
         C           -4.236345139337     0.580836426089     0.031789181220    12.000000000000
         C           -2.885458538146     0.992550580974     0.104794524256    12.000000000000
         C            2.329262013333     0.635103853860    -0.218097453334    12.000000000000
         C            3.830423685024     0.656008181693    -0.210218891738    12.000000000000
         N            4.392159449327    -0.680373272314    -0.048672264859    14.003074004430
         C            4.354344963569    -1.439756511865    -1.285931994475    12.000000000000
         C            5.744110915952    -0.629379780263     0.480065327094    12.000000000000
         H            2.006145426107     2.346871357892     0.968820912863     1.007825032230
         H            0.071302151466    -0.465793896676     0.465050718982     1.007825032230
         H           -3.832626938720    -2.791580733611     0.269244098368     1.007825032230
         H           -7.825651343190    -0.540392465787    -0.154607219404     1.007825032230
         H           -2.631496209127     2.042019657294     0.065775690944     1.007825032230
         H            1.861816713559    -0.145335379190    -0.815336413451     1.007825032230
         H            4.198445999890     1.134752023363    -1.138880597384     1.007825032230
         H            4.169077578778     1.280929733542     0.619687075119     1.007825032230
         H            4.984649741013    -0.988286396606    -2.074483324951     1.007825032230
         H            4.707987149195    -2.456734534206    -1.103355208124     1.007825032230
         H            3.334658490622    -1.509294693029    -1.670475463730     1.007825032230
         H            5.749905160888    -0.118394733558     1.445291117330     1.007825032230
         H            6.113943800875    -1.645560177532     0.634673228271     1.007825032230
         H            6.447406740162    -0.108434882812    -0.195277880618     1.007825032230

  Running in c1 symmetry.

  Rotational constants: A =      0.03767  B =      0.00387  C =      0.00358 [cm^-1]
  Rotational constants: A =   1129.32632  B =    116.07377  C =    107.21741 [MHz]
  Nuclear repulsion = 1283.497363132597684

  Charge       = 0
  Multiplicity = 1
  Electrons    = 136
  Nalpha       = 68
  Nbeta        = 68

  ==> Algorithm <==

  SCF Algorithm Type is DF.
  DIIS enabled.
  MOM disabled.
  Fractional occupation disabled.
  Guess Type is READ.
  Energy threshold   = 1.00e-08
  Density threshold  = 1.00e-08
  Integral threshold = 1.00e-12

  ==> Primary Basis <==

  Basis Set: 6-311+G(D,P)
    Blend: 6-311+G(D,P)
    Number of shells: 254
    Number of basis functions: 514
    Number of Cartesian functions: 533
    Spherical Harmonics?: true
    Max angular momentum: 2

  ==> DFT Potential <==

   => LibXC <=

    Version 7.0.0
    S. Lehtola, C. Steigemann, M. J.T. Oliveira, and M. A.L. Marques.,  SoftwareX 7, 1–5 (2018) (10.1016/j.softx.2017.11.002)

   => Composite Functional: WB97X-D <= 

    wB97X-D Hyb-GGA Exchange-Correlation Functional

    J.-D. Chai and M. Head-Gordon.,  Phys. Chem. Chem. Phys. 10, 6615-6620 (2008) (10.1039/B810189B)

    Deriv               =              1
    GGA                 =           TRUE
    Meta                =          FALSE

    Exchange Hybrid     =           TRUE
    MP2 Hybrid          =          FALSE

   => Exchange-Correlation Functionals <=

    1.0000   wB97X-D range-separated functional

   => Exact (HF) Exchange <=

    0.7780            HF,LR [omega = 0.2000]
    0.2220               HF 

   => LibXC Density Thresholds  <==

    XC_HYB_GGA_XC_WB97X_D:  1.00E-14 

   => Molecular Quadrature <=

    Radial Scheme          =       TREUTLER
    Pruning Scheme         =           NONE
    Nuclear Scheme         =       TREUTLER

    Blocking Scheme        =         OCTREE
    BS radius alpha        =              1
    Pruning alpha          =              1
    Radial Points          =             75
    Spherical Points       =            302
    Total Points           =         730562
    Total Blocks           =           5298
    Max Points             =            256
    Max Functions          =            353
    Weights Tolerance      =       1.00E-15

   => Loading Basis Set <=

    Name: (6-311+G(D,P) AUX)
    Role: JKFIT
    Keyword: DF_BASIS_SCF
    atoms 1-2, 5-6, 8-9, 11, 13, 15-18, 20-21 entry C          line   200 file /home2/shbae/bucket/covalent/.pixi/envs/default/share/psi4/basis/heavy-aug-cc-pvtz-jkfit.gbs 
    atoms 3                                   entry O          line   324 file /home2/shbae/bucket/covalent/.pixi/envs/default/share/psi4/basis/heavy-aug-cc-pvtz-jkfit.gbs 
    atoms 4, 10, 12, 19                       entry N          line   262 file /home2/shbae/bucket/covalent/.pixi/envs/default/share/psi4/basis/heavy-aug-cc-pvtz-jkfit.gbs 
    atoms 7, 14, 22-35                        entry H          line   116 file /home2/shbae/bucket/covalent/.pixi/envs/default/share/psi4/basis/heavy-aug-cc-pvtz-jkfit.gbs 

   => Loading Basis Set <=

    Name: 6-311+G(D,P)
    Role: ORBITAL
    Keyword: BASIS
    atoms 1-2, 5-6, 8-9, 11, 13, 15-18, 20-21 entry C          line   129 file /home2/shbae/bucket/covalent/.pixi/envs/default/share/psi4/basis/6-311pg_d_p_.gbs 
    atoms 3                                   entry O          line   171 file /home2/shbae/bucket/covalent/.pixi/envs/default/share/psi4/basis/6-311pg_d_p_.gbs 
    atoms 4, 10, 12, 19                       entry N          line   150 file /home2/shbae/bucket/covalent/.pixi/envs/default/share/psi4/basis/6-311pg_d_p_.gbs 
    atoms 7, 14, 22-35                        entry H          line    42 file /home2/shbae/bucket/covalent/.pixi/envs/default/share/psi4/basis/6-311pg_d_p_.gbs 

  Reading orbitals from file /tmp/3_reactant.default.2248151.180.npy, no projection.

  ==> Integral Setup <==

  ==> DiskDFJK: Density-Fitted J/K Matrices <==

    J tasked:                  Yes
    K tasked:                  Yes
    wK tasked:                 Yes
    Omega:               2.000E-01
    OpenMP threads:              8
    Integrals threads:           8
    Memory [MiB]:             1957
    Algorithm:                Disk
    Integral Cache:           NONE
    Schwarz Cutoff:          1E-12
    Fitting Condition:       1E-10

   => Auxiliary Basis Set <=

  Basis Set: (6-311+G(D,P) AUX)
    Blend: HEAVY-AUG-CC-PVTZ-JKFIT
    Number of shells: 730
    Number of basis functions: 2456
    Number of Cartesian functions: 3049
    Spherical Harmonics?: true
    Max angular momentum: 4

  Cached 50.0% of DFT collocation blocks in 2.593 [GiB].

  Minimum eigenvalue in the overlap matrix is 1.6565969717E-07.
  Reciprocal condition number of the overlap matrix is 1.1375792453E-08.
    Using symmetric orthogonalization.

  ==> Pre-Iterations <==

  SCF Guess: Orbitals guess was supplied from a previous computation.

   -------------------------------------------------------
    Irrep   Nso     Nmo     Nalpha   Nbeta   Ndocc  Nsocc
   -------------------------------------------------------
     A        514     514      68      68      68       0
   -------------------------------------------------------
    Total     514     514      68      68      68       0
   -------------------------------------------------------

  ==> Iterations <==

                           Total Energy        Delta E     RMS |[F,P]|

   @DF-RKS iter   0:  -837.26835625338686   -8.37268e+02   9.40593e-05 
   @DF-RKS iter   1:  -837.27414060951446   -5.78436e-03   1.32756e-05 DIIS
   @DF-RKS iter   2:  -837.27417058835908   -2.99788e-05   1.24025e-05 DIIS
   @DF-RKS iter   3:  -837.27418864660183   -1.80582e-05   3.80177e-06 DIIS
   @DF-RKS iter   4:  -837.27419079648098   -2.14988e-06   1.70156e-06 DIIS
   @DF-RKS iter   5:  -837.27419120594766   -4.09467e-07   5.76168e-07 DIIS
   @DF-RKS iter   6:  -837.27419125440508   -4.84574e-08   1.66546e-07 DIIS
   @DF-RKS iter   7:  -837.27419126161328   -7.20820e-09   5.98393e-08 DIIS
   @DF-RKS iter   8:  -837.27419126253494   -9.21659e-10   2.28411e-08 DIIS
   @DF-RKS iter   9:  -837.27419126267318   -1.38243e-10   8.30765e-09 DIIS
  Energy and wave function converged.


  ==> Post-Iterations <==

   Electrons on quadrature grid:
      Ntotal   =  136.0000235434 ; deviation = 2.354e-05 

    Orbital Energies [Eh]
    ---------------------

    Doubly Occupied:                                                      

       1A    -19.233361     2A    -14.490854     3A    -14.445322  
       4A    -14.439592     5A    -14.438840     6A    -10.412472  
       7A    -10.358709     8A    -10.351743     9A    -10.344339  
      10A    -10.340236    11A    -10.333034    12A    -10.323107  
      13A    -10.318375    14A    -10.316463    15A    -10.315298  
      16A    -10.314333    17A    -10.311946    18A    -10.308074  
      19A    -10.302852    20A     -1.167791    21A     -1.096667  
      22A     -1.067191    23A     -1.049321    24A     -1.002528  
      25A     -0.969947    26A     -0.925394    27A     -0.889214  
      28A     -0.868232    29A     -0.828730    30A     -0.822574  
      31A     -0.783071    32A     -0.761644    33A     -0.739778  
      34A     -0.726326    35A     -0.694397    36A     -0.680822  
      37A     -0.666273    38A     -0.646127    39A     -0.621615  
      40A     -0.604881    41A     -0.583368    42A     -0.581283  
      43A     -0.570797    44A     -0.564748    45A     -0.549364  
      46A     -0.544745    47A     -0.535019    48A     -0.530696  
      49A     -0.525603    50A     -0.516793    51A     -0.510324  
      52A     -0.504407    53A     -0.494466    54A     -0.490767  
      55A     -0.472749    56A     -0.467921    57A     -0.463725  
      58A     -0.461745    59A     -0.455437    60A     -0.421925  
      61A     -0.398943    62A     -0.390931    63A     -0.375708  
      64A     -0.357172    65A     -0.348371    66A     -0.338281  
      67A     -0.317586    68A     -0.306674  

    Virtual:                                                              

      69A     -0.009332    70A      0.009518    71A      0.038006  
      72A      0.044879    73A      0.058352    74A      0.063917  
      75A      0.068164    76A      0.071500    77A      0.074879  
      78A      0.079053    79A      0.087846    80A      0.090983  
      81A      0.093314    82A      0.095949    83A      0.099524  
      84A      0.101943    85A      0.105925    86A      0.108130  
      87A      0.113803    88A      0.118399    89A      0.124561  
      90A      0.126894    91A      0.130403    92A      0.133376  
      93A      0.137533    94A      0.140908    95A      0.142052  
      96A      0.150108    97A      0.153746    98A      0.157236  
      99A      0.161610   100A      0.162093   101A      0.168675  
     102A      0.176556   103A      0.179314   104A      0.181834  
     105A      0.186944   106A      0.190414   107A      0.194619  
     108A      0.198498   109A      0.201909   110A      0.205486  
     111A      0.213159   112A      0.217071   113A      0.219603  
     114A      0.223278   115A      0.224442   116A      0.235443  
     117A      0.238074   118A      0.242032   119A      0.245370  
     120A      0.247295   121A      0.249729   122A      0.252537  
     123A      0.256516   124A      0.258874   125A      0.263175  
     126A      0.264796   127A      0.265925   128A      0.270262  
     129A      0.273764   130A      0.274967   131A      0.278283  
     132A      0.280581   133A      0.282129   134A      0.287563  
     135A      0.291179   136A      0.293220   137A      0.298090  
     138A      0.299982   139A      0.301633   140A      0.304143  
     141A      0.309471   142A      0.311826   143A      0.312589  
     144A      0.313239   145A      0.319253   146A      0.322494  
     147A      0.325978   148A      0.331502   149A      0.332220  
     150A      0.336952   151A      0.339405   152A      0.343345  
     153A      0.345450   154A      0.349699   155A      0.350701  
     156A      0.352408   157A      0.356566   158A      0.361098  
     159A      0.367439   160A      0.370317   161A      0.377051  
     162A      0.380953   163A      0.386613   164A      0.390069  
     165A      0.395618   166A      0.398471   167A      0.410298  
     168A      0.412474   169A      0.416717   170A      0.421719  
     171A      0.428830   172A      0.435390   173A      0.439256  
     174A      0.443536   175A      0.452641   176A      0.458952  
     177A      0.465098   178A      0.477316   179A      0.488523  
     180A      0.496543   181A      0.503963   182A      0.518472  
     183A      0.526363   184A      0.543405   185A      0.552011  
     186A      0.554295   187A      0.561014   188A      0.582774  
     189A      0.588056   190A      0.593046   191A      0.601069  
     192A      0.602912   193A      0.607386   194A      0.618156  
     195A      0.622201   196A      0.624254   197A      0.632807  
     198A      0.636538   199A      0.646650   200A      0.652950  
     201A      0.656371   202A      0.665036   203A      0.670983  
     204A      0.674833   205A      0.683019   206A      0.694012  
     207A      0.697134   208A      0.701910   209A      0.704179  
     210A      0.711107   211A      0.719913   212A      0.724579  
     213A      0.728599   214A      0.737471   215A      0.738826  
     216A      0.742437   217A      0.753116   218A      0.755236  
     219A      0.772234   220A      0.774029   221A      0.775937  
     222A      0.788667   223A      0.792740   224A      0.793740  
     225A      0.795970   226A      0.806577   227A      0.808015  
     228A      0.812679   229A      0.826955   230A      0.830213  
     231A      0.837035   232A      0.847490   233A      0.854062  
     234A      0.860399   235A      0.866260   236A      0.873577  
     237A      0.892381   238A      0.901514   239A      0.909347  
     240A      0.923596   241A      0.932282   242A      0.938360  
     243A      0.946584   244A      0.958417   245A      0.964433  
     246A      0.973909   247A      0.985774   248A      0.987672  
     249A      0.990814   250A      0.991918   251A      0.995042  
     252A      1.000289   253A      1.018888   254A      1.029686  
     255A      1.043864   256A      1.046092   257A      1.053934  
     258A      1.059130   259A      1.065897   260A      1.074952  
     261A      1.081172   262A      1.083906   263A      1.091249  
     264A      1.094221   265A      1.113840   266A      1.115612  
     267A      1.134458   268A      1.137765   269A      1.150245  
     270A      1.174492   271A      1.185651   272A      1.197569  
     273A      1.206321   274A      1.217418   275A      1.224888  
     276A      1.227687   277A      1.232986   278A      1.244378  
     279A      1.255257   280A      1.267916   281A      1.285584  
     282A      1.301539   283A      1.313819   284A      1.334550  
     285A      1.341952   286A      1.347639   287A      1.383276  
     288A      1.394527   289A      1.402087   290A      1.414744  
     291A      1.438612   292A      1.454202   293A      1.461546  
     294A      1.486801   295A      1.514033   296A      1.523785  
     297A      1.529640   298A      1.539086   299A      1.557398  
     300A      1.564010   301A      1.572138   302A      1.579861  
     303A      1.592582   304A      1.600146   305A      1.603280  
     306A      1.606460   307A      1.612843   308A      1.618040  
     309A      1.627439   310A      1.634176   311A      1.645009  
     312A      1.655392   313A      1.659943   314A      1.674934  
     315A      1.684720   316A      1.688278   317A      1.704162  
     318A      1.713693   319A      1.719290   320A      1.726612  
     321A      1.727411   322A      1.748786   323A      1.759875  
     324A      1.775158   325A      1.775715   326A      1.786247  
     327A      1.792559   328A      1.795106   329A      1.815823  
     330A      1.828878   331A      1.829861   332A      1.841054  
     333A      1.856958   334A      1.859053   335A      1.864381  
     336A      1.866981   337A      1.883138   338A      1.906713  
     339A      1.917984   340A      1.926922   341A      1.948957  
     342A      1.954902   343A      1.969054   344A      1.979548  
     345A      1.986933   346A      2.006110   347A      2.026368  
     348A      2.035435   349A      2.036724   350A      2.052719  
     351A      2.059611   352A      2.078104   353A      2.089169  
     354A      2.095380   355A      2.110703   356A      2.128890  
     357A      2.141136   358A      2.148067   359A      2.155427  
     360A      2.168085   361A      2.179870   362A      2.192648  
     363A      2.204511   364A      2.209615   365A      2.221083  
     366A      2.232497   367A      2.252078   368A      2.260476  
     369A      2.273692   370A      2.300303   371A      2.326134  
     372A      2.334830   373A      2.337650   374A      2.350197  
     375A      2.360955   376A      2.366928   377A      2.392954  
     378A      2.405489   379A      2.430135   380A      2.444654  
     381A      2.490341   382A      2.494088   383A      2.498834  
     384A      2.504382   385A      2.509451   386A      2.517264  
     387A      2.522960   388A      2.541005   389A      2.563868  
     390A      2.570166   391A      2.581123   392A      2.593227  
     393A      2.608677   394A      2.631924   395A      2.661644  
     396A      2.670234   397A      2.680724   398A      2.689532  
     399A      2.702147   400A      2.714206   401A      2.733961  
     402A      2.742886   403A      2.746887   404A      2.753266  
     405A      2.763866   406A      2.772452   407A      2.783075  
     408A      2.788413   409A      2.792881   410A      2.809334  
     411A      2.817684   412A      2.823173   413A      2.843175  
     414A      2.844460   415A      2.857764   416A      2.860535  
     417A      2.882003   418A      2.888223   419A      2.894534  
     420A      2.913154   421A      2.928911   422A      2.940727  
     423A      2.959512   424A      2.964265   425A      2.968250  
     426A      2.970875   427A      2.996194   428A      3.005741  
     429A      3.011365   430A      3.015636   431A      3.027786  
     432A      3.031662   433A      3.038254   434A      3.045817  
     435A      3.067720   436A      3.075260   437A      3.102994  
     438A      3.114678   439A      3.118284   440A      3.122942  
     441A      3.143557   442A      3.178601   443A      3.182159  
     444A      3.274655   445A      3.304082   446A      3.339545  
     447A      3.369634   448A      3.414036   449A      3.446842  
     450A      3.467293   451A      3.472760   452A      3.510090  
     453A      3.520368   454A      3.586019   455A      3.611385  
     456A      3.627323   457A      3.631744   458A      3.664282  
     459A      3.678281   460A      3.710179   461A      3.735002  
     462A      3.761931   463A      3.807775   464A      3.811057  
     465A      3.849658   466A      3.858016   467A      3.867930  
     468A      3.891509   469A      3.908045   470A      3.912387  
     471A      3.925734   472A      3.967760   473A      4.002402  
     474A      4.020020   475A      4.039953   476A      4.055672  
     477A      4.067912   478A      4.157133   479A      4.218979  
     480A      4.281310   481A      4.317915   482A      4.380329  
     483A      4.474898   484A      4.525617   485A      4.602736  
     486A      4.935738   487A      4.954422   488A      4.972214  
     489A      4.986851   490A      5.077698   491A      5.193471  
     492A      5.210693   493A      5.392542   494A      5.411223  
     495A      5.910600   496A     23.747442   497A     23.862806  
     498A     23.992698   499A     24.007688   500A     24.023863  
     501A     24.046944   502A     24.054021   503A     24.068487  
     504A     24.097027   505A     24.120106   506A     24.163629  
     507A     24.256458   508A     24.319929   509A     24.380857  
     510A     35.646369   511A     35.760396   512A     35.779557  
     513A     35.824289   514A     50.163733  

    Final Occupation by Irrep:
              A 
    DOCC [    68 ]
    NA   [    68 ]
    NB   [    68 ]

  @DF-RKS Final Energy:  -837.27419126267318

   => Energetics <=

    Nuclear Repulsion Energy =           1283.4973631325976839
    One-Electron Energy =               -3681.3806115867605513
    Two-Electron Energy =                1642.1539063435147909
    DFT Exchange-Correlation Energy =     -81.5234049213771499
    Empirical Dispersion Energy =          -0.0214442306480129
    VV10 Nonlocal Energy =                  0.0000000000000000
    Total Energy =                       -837.2741912626730709

Computation Completed


Properties will be evaluated at   0.000000,   0.000000,   0.000000 [a0]

Properties computed using the SCF density matrix


 Multipole Moments:

 ------------------------------------------------------------------------------------
     Multipole            Electronic (a.u.)      Nuclear  (a.u.)        Total (a.u.)
 ------------------------------------------------------------------------------------

 L = 1.  Multiply by 2.5417464519 to convert [e a0] to [Debye]
 Dipole X            :        235.8498705         -233.2891914            2.5606791
 Dipole Y            :        -43.0115479           42.0204374           -0.9911105
 Dipole Z            :         -6.6300078            6.4843920           -0.1456158
 Magnitude           :                                                    2.7496512

 ------------------------------------------------------------------------------------

*** tstop() called on eristm01.eisai.local at Wed May 20 08:45:40 2026
Module time:
	user time   =     424.98 seconds =       7.08 minutes
	system time =      18.17 seconds =       0.30 minutes
	total time  =         60 seconds =       1.00 minutes
Total time:
	user time   =    5544.73 seconds =      92.41 minutes
	system time =     220.77 seconds =       3.68 minutes
	total time  =        806 seconds =      13.43 minutes

*** tstart() called on eristm01.eisai.local
*** at Wed May 20 08:45:40 2026


         ------------------------------------------------------------
                                   SCF GRAD                          
                          Rob Parrish, Justin Turney,                
                       Andy Simmonett, and Alex Sokolov              
         ------------------------------------------------------------

  ==> Geometry <==

    Molecular point group: c1
    Full point group: C1

    Geometry (in Angstrom), charge = 0, multiplicity = 1:

       Center              X                  Y                   Z               Mass       
    ------------   -----------------  -----------------  -----------------  -----------------
         C            1.567135076457     1.518753941855     0.420221245652    12.000000000000
         C            0.077419187984     1.559544649192     0.367724279531    12.000000000000
         O           -0.524194563010     2.614491497593     0.370744321560    15.994914619570
         N           -0.533251977901     0.327500890134     0.323622397793    14.003074004430
         C           -1.904227961306     0.039609526573     0.238627398209    12.000000000000
         C           -2.262316359359    -1.337462075578     0.295005272065    12.000000000000
         H           -1.476277897747    -2.080096075763     0.398490328609     1.007825032230
         C           -3.562327955399    -1.743766835169     0.223937215033    12.000000000000
         C           -4.593068515001    -0.782506890511     0.089375912086    12.000000000000
         N           -5.891413651228    -1.180127634823     0.021040230515    14.003074004430
         C           -6.784985232633    -0.235112406477    -0.100392075072    12.000000000000
         N           -6.563557913803     1.103022071436    -0.167746897536    14.003074004430
         C           -5.315081558342     1.488514352918    -0.102344227194    12.000000000000
         H           -5.117912489950     2.557880631363    -0.154217701446     1.007825032230
         C           -4.236345139337     0.580836426089     0.031789181220    12.000000000000
         C           -2.885458538146     0.992550580974     0.104794524256    12.000000000000
         C            2.329262013333     0.635103853860    -0.218097453334    12.000000000000
         C            3.830423685024     0.656008181693    -0.210218891738    12.000000000000
         N            4.392159449327    -0.680373272314    -0.048672264859    14.003074004430
         C            4.354344963569    -1.439756511865    -1.285931994475    12.000000000000
         C            5.744110915952    -0.629379780263     0.480065327094    12.000000000000
         H            2.006145426107     2.346871357892     0.968820912863     1.007825032230
         H            0.071302151466    -0.465793896676     0.465050718982     1.007825032230
         H           -3.832626938720    -2.791580733611     0.269244098368     1.007825032230
         H           -7.825651343190    -0.540392465787    -0.154607219404     1.007825032230
         H           -2.631496209127     2.042019657294     0.065775690944     1.007825032230
         H            1.861816713559    -0.145335379190    -0.815336413451     1.007825032230
         H            4.198445999890     1.134752023363    -1.138880597384     1.007825032230
         H            4.169077578778     1.280929733542     0.619687075119     1.007825032230
         H            4.984649741013    -0.988286396606    -2.074483324951     1.007825032230
         H            4.707987149195    -2.456734534206    -1.103355208124     1.007825032230
         H            3.334658490622    -1.509294693029    -1.670475463730     1.007825032230
         H            5.749905160888    -0.118394733558     1.445291117330     1.007825032230
         H            6.113943800875    -1.645560177532     0.634673228271     1.007825032230
         H            6.447406740162    -0.108434882812    -0.195277880618     1.007825032230

  Nuclear repulsion = 1283.497363132597684

  ==> Basis Set <==

  Basis Set: 6-311+G(D,P)
    Blend: 6-311+G(D,P)
    Number of shells: 254
    Number of basis functions: 514
    Number of Cartesian functions: 533
    Spherical Harmonics?: true
    Max angular momentum: 2

  ==> DFJKGrad: Density-Fitted SCF Gradients <==

    Gradient:                    1
    J tasked:                  Yes
    K tasked:                  Yes
    wK tasked:                 Yes
    Omega:               2.000E-01
    OpenMP threads:              8
    Integrals threads:           8
    Memory [MiB]:             5722
    Schwarz Cutoff:          1E-12
    Fitting Condition:       1E-10

   => Auxiliary Basis Set <=

  Basis Set: (6-311+G(D,P) AUX)
    Blend: HEAVY-AUG-CC-PVTZ-JKFIT
    Number of shells: 730
    Number of basis functions: 2456
    Number of Cartesian functions: 3049
    Spherical Harmonics?: true
    Max angular momentum: 4

  ==> DFT Potential <==

   => LibXC <=

    Version 7.0.0
    S. Lehtola, C. Steigemann, M. J.T. Oliveira, and M. A.L. Marques.,  SoftwareX 7, 1–5 (2018) (10.1016/j.softx.2017.11.002)

   => Composite Functional: WB97X-D <= 

    wB97X-D Hyb-GGA Exchange-Correlation Functional

    J.-D. Chai and M. Head-Gordon.,  Phys. Chem. Chem. Phys. 10, 6615-6620 (2008) (10.1039/B810189B)

    Deriv               =              1
    GGA                 =           TRUE
    Meta                =          FALSE

    Exchange Hybrid     =           TRUE
    MP2 Hybrid          =          FALSE

   => Exchange-Correlation Functionals <=

    1.0000   wB97X-D range-separated functional

   => Exact (HF) Exchange <=

    0.7780            HF,LR [omega = 0.2000]
    0.2220               HF 

   => LibXC Density Thresholds  <==

    XC_HYB_GGA_XC_WB97X_D:  1.00E-14 

   => Molecular Quadrature <=

    Radial Scheme          =       TREUTLER
    Pruning Scheme         =           NONE
    Nuclear Scheme         =       TREUTLER

    Blocking Scheme        =         OCTREE
    BS radius alpha        =              1
    Pruning alpha          =              1
    Radial Points          =             75
    Spherical Points       =            302
    Total Points           =         730562
    Total Blocks           =           5298
    Max Points             =            256
    Max Functions          =            353
    Weights Tolerance      =       1.00E-15


  -Total Gradient:
     Atom            X                  Y                   Z
    ------   -----------------  -----------------  -----------------
       1        0.000001951340     0.000077003752     0.000014742716
       2       -0.000018791300    -0.000079840465    -0.000004793630
       3       -0.000045894905    -0.000036029825     0.000029704334
       4       -0.000000210650     0.000122781185    -0.000045664778
       5        0.000054404628    -0.000034905819    -0.000024196936
       6       -0.000045853617    -0.000043185695    -0.000061488229
       7        0.000013018080     0.000031032940    -0.000017873883
       8       -0.000044181857    -0.000065125681    -0.000009976892
       9        0.000108275970    -0.000046414629     0.000005642999
      10       -0.000206440979     0.000240382854    -0.000038377312
      11        0.000100398807    -0.000279322787     0.000020711722
      12        0.000151352057    -0.000019813539     0.000013922368
      13       -0.000162992610     0.000085667824     0.000010449984
      14       -0.000008433302    -0.000024369531     0.000029234122
      15       -0.000038573723    -0.000001176065    -0.000011065022
      16        0.000115284941    -0.000039200203     0.000093896868
      17        0.000031469234    -0.000011995785    -0.000092131633
      18       -0.000053218500    -0.000016768081     0.000074009679
      19       -0.000010605634     0.000072261746    -0.000035228861
      20       -0.000054169794    -0.000024327775    -0.000080277852
      21        0.000076202740    -0.000014489761     0.000064105468
      22        0.000000930636    -0.000012712858     0.000018870435
      23       -0.000040293630    -0.000021793755     0.000070303746
      24       -0.000015127091     0.000026157956    -0.000028904952
      25       -0.000023049442     0.000003794236    -0.000010056618
      26        0.000000320964    -0.000001566609     0.000002274145
      27       -0.000000682326     0.000020119559     0.000045625676
      28       -0.000009620589     0.000014416725    -0.000009071110
      29        0.000000738095    -0.000039720700     0.000030350811
      30       -0.000009573266     0.000019897608     0.000013704261
      31        0.000005683883     0.000028380922    -0.000014831976
      32        0.000028037009     0.000024615879    -0.000005210019
      33        0.000012313935    -0.000016254544    -0.000025737022
      34        0.000008553792     0.000011063797    -0.000008530170
      35       -0.000015501904     0.000000423815     0.000016049203


*** tstop() called on eristm01.eisai.local at Wed May 20 08:46:07 2026
Module time:
	user time   =     183.55 seconds =       3.06 minutes
	system time =       3.83 seconds =       0.06 minutes
	total time  =         27 seconds =       0.45 minutes
Total time:
	user time   =    5728.30 seconds =      95.47 minutes
	system time =     224.60 seconds =       3.74 minutes
	total time  =        833 seconds =      13.88 minutes

    			-----------------------------------------

    			 OPTKING 3.0: for geometry optimizations 

    			     By R.A. King, Bethel University     

    			        with contributions from          

    			    A.V. Copan, J. Cayton, A. Heide      

    			-----------------------------------------

    
	                            ===> Fragment 1 <== 

	 Z (Atomic Numbers)          Masses                          Geom                  
	       6.000000            12.000000          2.96145610  2.87002900  0.79410307   
	       6.000000            12.000000          0.14630106  2.94711227  0.69489818   
	       8.000000            15.994915         -0.99058416  4.94067289  0.70060523   
	       7.000000            14.003074         -1.00770019  0.61888699  0.61155770   
	       6.000000            12.000000         -3.59846933  0.07485116  0.45094043   
	       6.000000            12.000000         -4.27515833 -2.52743703  0.55747917   
	       1.000000             1.007825         -2.78976091 -3.93081190  0.75303758   
	       6.000000            12.000000         -6.73182420 -3.29524175  0.42318001   
	       6.000000            12.000000         -8.67964157 -1.47872371  0.16889600   
	       7.000000            14.003074        -11.13315829  -2.23011802   0.03976027 
	       6.000000            12.000000        -12.82176385  -0.44429806  -0.18971353 
	       7.000000            14.003074        -12.40332687   2.08440963  -0.31699569 
	       6.000000            12.000000        -10.04404848   2.81288446  -0.19340256 
	       1.000000             1.007825         -9.67145294  4.83369385 -0.29142922   
	       6.000000            12.000000         -8.00553209  1.09762177  0.06007285   
	       6.000000            12.000000         -5.45272638  1.87564876  0.19803295   
	       6.000000            12.000000          4.40166728  1.20017235 -0.41214446   
	       6.000000            12.000000          7.23845171  1.23967580 -0.39725613   
	       7.000000            14.003074          8.29997846 -1.28571915 -0.09197725   
	       6.000000            12.000000          8.22851944 -2.72074549 -2.43005929   
	       6.000000            12.000000         10.85479647 -1.18935541  0.90719199   
	       1.000000             1.007825          3.79106542  4.43494412  1.83080619   
	       1.000000             1.007825          0.13474154 -0.88022290  0.87881849   
	       1.000000             1.007825         -7.24261526 -5.27532304  0.50879761   
	       1.000000             1.007825        -14.78833779  -1.02119376  -0.29216530 
	       1.000000             1.007825         -4.97280714  3.85885790  0.12429804   
	       1.000000             1.007825          3.51832368 -0.27464406 -1.54076252   
	       1.000000             1.007825          7.93391309  2.14437054 -2.15217242   
	       1.000000             1.007825          7.87841482  2.42060638  1.17103886   
	       1.000000             1.007825          9.41962284 -1.86759062 -3.92020534   
	       1.000000             1.007825          8.89680631 -4.64255543 -2.08503916   
	       1.000000             1.007825          6.30159127 -2.85215361 -3.15674113   
	       1.000000             1.007825         10.86574600 -0.22373362  2.73120438   
	       1.000000             1.007825         11.55367933 -3.10965806  1.19935858   
	       1.000000             1.007825         12.18383296 -0.20491223 -0.36902171   

	 - Coordinate -           - BOHR/RAD -       - ANG/DEG -
	 H(3,26)          =         4.166600           2.204870
	 R(1,2)           =         2.817957           1.491199
	 R(1,17)          =         2.513496           1.330085
	 R(1,22)          =         2.052307           1.086034
	 R(2,3)           =         2.294956           1.214439
	 R(2,4)           =         2.599865           1.375789
	 R(4,5)           =         2.652142           1.403453
	 R(4,23)          =         1.903663           1.007375
	 R(5,6)           =         2.690941           1.423985
	 R(5,16)          =         2.597134           1.374344
	 R(6,7)           =         2.052830           1.086311
	 R(6,8)           =         2.577357           1.363878
	 R(8,9)           =         2.675517           1.415823
	 R(8,24)          =         2.046695           1.083064
	 R(9,10)          =         2.569244           1.359585
	 R(9,15)          =         2.665300           1.410416
	 R(10,11)         =         2.468441           1.306243
	 R(11,12)         =         2.566253           1.358002
	 R(11,25)         =         2.052003           1.085873
	 R(12,13)         =         2.472275           1.308272
	 R(13,14)         =         2.057209           1.088628
	 R(13,15)         =         2.676177           1.416172
	 R(15,16)         =         2.672298           1.414119
	 R(16,26)         =         2.041783           1.080465
	 R(17,18)         =         2.837099           1.501328
	 R(17,27)         =         2.056492           1.088249
	 R(18,19)         =         2.756384           1.458616
	 R(18,28)         =         2.093292           1.107722
	 R(18,29)         =         2.064873           1.092684
	 R(19,20)         =         2.744273           1.452207
	 R(19,21)         =         2.744944           1.452562
	 R(20,30)         =         2.089769           1.105858
	 R(20,31)         =         2.063734           1.092081
	 R(20,32)         =         2.063586           1.092003
	 R(21,33)         =         2.063872           1.092154
	 R(21,34)         =         2.064306           1.092384
	 R(21,35)         =         2.089064           1.105485
	 B(1,2,3)         =         2.115969         121.236112
	 B(1,2,4)         =         2.004308         114.838413
	 B(1,17,18)       =         2.166582         124.135983
	 B(1,17,27)       =         2.087135         119.584014
	 B(2,1,17)        =         2.181812         125.008611
	 B(2,1,22)        =         1.983138         113.625435
	 B(2,4,5)         =         2.238568         128.260489
	 B(2,4,23)        =         2.020090         115.742643
	 B(3,2,4)         =         2.162895         123.924740
	 B(4,5,6)         =         2.028205         116.207614
	 B(4,5,16)        =         2.166517         124.132268
	 B(5,4,23)        =         2.018842         115.671149
	 B(5,6,7)         =         2.074782         118.876256
	 B(5,6,8)         =         2.124358         121.716739
	 B(5,16,15)       =         2.077378         119.025003
	 B(5,16,26)       =         2.105037         120.609746
	 B(6,5,16)        =         2.088460         119.659944
	 B(6,8,9)         =         2.090494         119.776464
	 B(6,8,24)        =         2.122232         121.594922
	 B(7,6,8)         =         2.084045         119.406968
	 B(8,9,10)        =         2.096057         120.095239
	 B(8,9,15)        =         2.066933         118.426545
	 B(9,8,24)        =         2.070459         118.628561
	 B(9,10,11)       =         2.033485         116.510116
	 B(9,15,13)       =         2.016128         115.515614
	 B(9,15,16)       =         2.118739         121.394777
	 B(10,9,15)       =         2.120193         121.478112
	 B(10,11,12)      =         2.221750         127.296925
	 B(10,11,25)      =         2.045244         117.183862
	 B(11,12,13)      =         2.030261         116.325391
	 B(12,11,25)      =         2.016191         115.519213
	 B(12,13,14)      =         2.048680         117.380718
	 B(12,13,15)      =         2.144551         122.873738
	 B(13,15,16)      =         2.148319         123.089609
	 B(14,13,15)      =         2.089954         119.745524
	 B(15,16,26)      =         2.100720         120.362392
	 B(17,1,22)       =         2.114584         121.156733
	 B(17,18,19)      =         1.952926         111.894406
	 B(17,18,28)      =         1.911144         109.500488
	 B(17,18,29)      =         1.898472         108.774436
	 B(18,17,27)      =         2.029022         116.254369
	 B(18,19,20)      =         1.954877         112.006207
	 B(18,19,21)      =         1.946139         111.505564
	 B(19,18,28)      =         1.939999         111.153740
	 B(19,18,29)      =         1.897064         108.693789
	 B(19,20,30)      =         1.959727         112.284091
	 B(19,20,31)      =         1.913555         109.638600
	 B(19,20,32)      =         1.936532         110.955131
	 B(19,21,33)      =         1.920972         110.063566
	 B(19,21,34)      =         1.911306         109.509757
	 B(19,21,35)      =         1.967408         112.724173
	 B(20,19,21)      =         1.931272         110.653712
	 B(28,18,29)      =         1.861468         106.654246
	 B(30,20,31)      =         1.891063         108.349945
	 B(30,20,32)      =         1.882959         107.885616
	 B(31,20,32)      =         1.877535         107.574859
	 B(33,21,34)      =         1.884255         107.959881
	 B(33,21,35)      =         1.892362         108.424339
	 B(34,21,35)      =         1.885402         108.025555
	 D(1,2,4,5)       =        -3.113664        -178.399832
	 D(1,2,4,23)      =         0.148287           8.496234
	 D(1,17,18,19)    =         2.401196         137.578382
	 D(1,17,18,28)    =        -1.722940         -98.717176
	 D(1,17,18,29)    =         0.305126          17.482458
	 D(2,1,17,18)     =         3.082457         176.611764
	 D(2,1,17,27)     =        -0.025747          -1.475167
	 D(2,4,5,6)       =         3.208786         183.849872
	 D(2,4,5,16)      =         0.069859           4.002627
	 D(3,2,1,17)      =        -2.508599        -143.732112
	 D(3,2,1,22)      =         0.541753          31.040161
	 D(3,2,4,5)       =         0.033324           1.909305
	 D(3,2,4,23)      =        -2.987910        -171.194628
	 D(4,2,1,17)      =         0.638230          36.567891
	 D(4,2,1,22)      =        -2.594604        -148.659836
	 D(4,5,6,7)       =        -0.000034          -0.001934
	 D(4,5,6,8)       =        -3.142863        -180.072798
	 D(4,5,16,15)     =         3.143749         180.123558
	 D(4,5,16,26)     =        -0.008540          -0.489322
	 D(5,6,8,9)       =         0.000943           0.054038
	 D(5,6,8,24)      =         3.144020         180.139091
	 D(5,16,15,9)     =        -0.003397          -0.194639
	 D(5,16,15,13)    =         3.138266         179.809414
	 D(6,5,4,23)      =        -0.053093          -3.042033
	 D(6,5,16,15)     =         0.004909           0.281274
	 D(6,5,16,26)     =         3.135805         179.668394
	 D(6,8,9,10)      =         3.144249         180.152189
	 D(6,8,9,15)      =         0.000640           0.036658
	 D(7,6,5,16)      =        -3.144166        -180.147441
	 D(7,6,8,9)       =         3.141293         179.982807
	 D(7,6,8,24)      =         0.001184           0.067861
	 D(8,6,5,16)      =        -0.003810          -0.218304
	 D(8,9,10,11)     =         3.139680         179.890424
	 D(8,9,15,13)     =        -3.141083        -179.970803
	 D(8,9,15,16)     =         0.000575           0.032960
	 D(9,10,11,12)    =         0.001341           0.076829
	 D(9,10,11,25)    =         3.143013         180.081369
	 D(9,15,13,12)    =         0.001663           0.095306
	 D(9,15,13,14)    =         3.142320         180.041647
	 D(9,15,16,26)    =         3.148865         180.416685
	 D(10,9,8,24)     =         0.001216           0.069652
	 D(10,9,15,13)    =        -0.001536          -0.088008
	 D(10,9,15,16)    =        -3.143063        -180.084245
	 D(10,11,12,13)   =        -0.001242          -0.071135
	 D(11,10,9,15)    =         0.000167           0.009556
	 D(11,12,13,14)   =        -3.141072        -179.970157
	 D(11,12,13,15)   =        -0.000395          -0.022624
	 D(12,13,15,16)   =         3.143189         180.091472
	 D(13,12,11,25)   =        -3.142912        -180.075610
	 D(13,15,16,26)   =         0.007343           0.420738
	 D(14,13,15,16)   =         0.000660           0.037813
	 D(15,9,8,24)     =         3.140792         179.954121
	 D(16,5,4,23)     =         3.091165         177.110722
	 D(17,18,19,20)   =         1.362955          78.091545
	 D(17,18,19,21)   =        -2.745180        -157.287236
	 D(18,17,1,22)    =         0.038568           2.209790
	 D(18,19,20,30)   =         1.117631          64.035531
	 D(18,19,20,31)   =        -3.062501        -175.468387
	 D(18,19,20,32)   =        -0.991090         -56.785248
	 D(18,19,21,33)   =         1.023863          58.663020
	 D(18,19,21,34)   =         3.092663         177.196535
	 D(18,19,21,35)   =        -1.091149         -62.518240
	 D(19,18,17,27)   =        -0.772773         -44.276632
	 D(20,19,18,28)   =        -0.779783         -44.678259
	 D(20,19,18,29)   =        -2.823339        -161.765385
	 D(20,19,21,33)   =        -3.071107        -175.961443
	 D(20,19,21,34)   =        -1.002306         -57.427928
	 D(20,19,21,35)   =         1.097067          62.857297
	 D(21,19,18,28)   =         1.395268          79.942960
	 D(21,19,18,29)   =        -0.648288         -37.144166
	 D(21,19,20,30)   =        -1.065648         -61.057134
	 D(21,19,20,31)   =         1.037405          59.438949
	 D(21,19,20,32)   =         3.108817         178.122087
	 D(22,1,17,27)    =        -3.069635        -175.877141
	 D(27,17,18,28)   =         1.386277          79.427810
	 D(27,17,18,29)   =        -2.868842        -164.372556


	        --- Internal Coordinate Step in ANG or DEG, aJ/ANG or AJ/DEG ---
	-------------------------------------------------------------------------------
	           Coordinate      Previous         Force          Change          New 
	           ----------      --------        ------          ------        ------
	              H(3,26)       2.20487        0.00033        0.00335       2.20822
	               R(1,2)       1.49120       -0.00042        0.00000       1.49120
	              R(1,17)       1.33008       -0.00037       -0.00001       1.33008
	              R(1,22)       1.08603        0.00002        0.00006       1.08609
	               R(2,3)       1.21444        0.00013       -0.00011       1.21433
	               R(2,4)       1.37579        0.00024        0.00028       1.37607
	               R(4,5)       1.40345       -0.00012       -0.00014       1.40331
	              R(4,23)       1.00737        0.00000        0.00002       1.00739
	               R(5,6)       1.42398       -0.00033       -0.00023       1.42375
	              R(5,16)       1.37434        0.00011        0.00016       1.37450
	               R(6,7)       1.08631        0.00014        0.00010       1.08642
	               R(6,8)       1.36388       -0.00032        0.00005       1.36393
	               R(8,9)       1.41582        0.00021       -0.00012       1.41571
	              R(8,24)       1.08306        0.00025        0.00010       1.08316
	              R(9,10)       1.35959       -0.00051       -0.00011       1.35948
	              R(9,15)       1.41042       -0.00008        0.00025       1.41067
	             R(10,11)       1.30624        0.00217        0.00018       1.30642
	             R(11,12)       1.35800       -0.00026        0.00003       1.35804
	             R(11,25)       1.08587       -0.00014        0.00002       1.08589
	             R(12,13)       1.30827        0.00071       -0.00002       1.30826
	             R(13,14)       1.08863        0.00015        0.00009       1.08872
	             R(13,15)       1.41617       -0.00058       -0.00003       1.41614
	             R(15,16)       1.41412       -0.00057       -0.00025       1.41387
	             R(16,26)       1.08047        0.00011        0.00010       1.08057
	             R(17,18)       1.50133       -0.00002       -0.00006       1.50127
	             R(17,27)       1.08825        0.00028        0.00011       1.08836
	             R(18,19)       1.45862        0.00005        0.00007       1.45869
	             R(18,28)       1.10772       -0.00014        0.00003       1.10775
	             R(18,29)       1.09268        0.00006       -0.00002       1.09266
	             R(19,20)       1.45221       -0.00035        0.00002       1.45223
	             R(19,21)       1.45256       -0.00086       -0.00006       1.45250
	             R(20,30)       1.10586        0.00018        0.00006       1.10592
	             R(20,31)       1.09208        0.00009        0.00004       1.09212
	             R(20,32)       1.09200        0.00024        0.00005       1.09205
	             R(21,33)       1.09215        0.00023        0.00005       1.09221
	             R(21,34)       1.09238        0.00006        0.00003       1.09241
	             R(21,35)       1.10548        0.00017        0.00005       1.10554
	             B(1,2,3)     121.23611        0.00000        0.05714     121.29325
	             B(1,2,4)     114.83841       -0.00001       -0.08570     114.75271
	           B(1,17,18)     124.13598        0.00000        0.02036     124.15634
	           B(1,17,27)     119.58401        0.00000       -0.04210     119.54191
	            B(2,1,17)     125.00861       -0.00000       -0.11660     124.89202
	            B(2,1,22)     113.62543        0.00000        0.09285     113.71828
	             B(2,4,5)     128.26049       -0.00000        0.00800     128.26849
	            B(2,4,23)     115.74264       -0.00000       -0.04458     115.69806
	             B(3,2,4)     123.92474        0.00000        0.02878     123.95352
	             B(4,5,6)     116.20761       -0.00000        0.00065     116.20826
	            B(4,5,16)     124.13227        0.00000       -0.00619     124.12607
	            B(5,4,23)     115.67115        0.00000        0.02248     115.69363
	             B(5,6,7)     118.87626        0.00000        0.00549     118.88175
	             B(5,6,8)     121.71674       -0.00000       -0.00591     121.71083
	           B(5,16,15)     119.02500       -0.00000        0.00184     119.02684
	           B(5,16,26)     120.60975       -0.00000       -0.01028     120.59947
	            B(6,5,16)     119.65994        0.00000        0.00528     119.66522
	             B(6,8,9)     119.77646        0.00000        0.00849     119.78495
	            B(6,8,24)     121.59492       -0.00000       -0.00899     121.58593
	             B(7,6,8)     119.40697       -0.00000        0.00041     119.40738
	            B(8,9,10)     120.09524        0.00000        0.00342     120.09866
	            B(8,9,15)     118.42655       -0.00000       -0.00616     118.42038
	            B(9,8,24)     118.62856        0.00000        0.00049     118.62905
	           B(9,10,11)     116.51012       -0.00001       -0.00971     116.50040
	           B(9,15,13)     115.51561        0.00000       -0.00532     115.51030
	           B(9,15,16)     121.39478        0.00000       -0.00354     121.39123
	           B(10,9,15)     121.47811        0.00000        0.00274     121.48085
	          B(10,11,12)     127.29692        0.00000        0.01296     127.30988
	          B(10,11,25)     117.18386       -0.00000       -0.00906     117.17480
	          B(11,12,13)     116.32539       -0.00001       -0.01216     116.31323
	          B(12,11,25)     115.51921       -0.00000       -0.00389     115.51532
	          B(12,13,14)     117.38072       -0.00000        0.00280     117.38352
	          B(12,13,15)     122.87374        0.00000        0.01147     122.88520
	          B(13,15,16)     123.08961       -0.00000        0.00884     123.09845
	          B(14,13,15)     119.74552       -0.00000       -0.01427     119.73126
	          B(15,16,26)     120.36239        0.00000        0.00798     120.37037
	           B(17,1,22)     121.15673        0.00000        0.01869     121.17543
	          B(17,18,19)     111.89441       -0.00000       -0.00592     111.88849
	          B(17,18,28)     109.50049        0.00000       -0.00272     109.49777
	          B(17,18,29)     108.77444        0.00000        0.00584     108.78028
	          B(18,17,27)     116.25437       -0.00000        0.01905     116.27342
	          B(18,19,20)     112.00621        0.00000       -0.00659     111.99961
	          B(18,19,21)     111.50556       -0.00000       -0.04530     111.46027
	          B(19,18,28)     111.15374        0.00000       -0.00175     111.15199
	          B(19,18,29)     108.69379        0.00000        0.00159     108.69538
	          B(19,20,30)     112.28409        0.00000        0.00967     112.29376
	          B(19,20,31)     109.63860        0.00000        0.00375     109.64235
	          B(19,20,32)     110.95513       -0.00000       -0.00920     110.94593
	          B(19,21,33)     110.06357       -0.00000       -0.02022     110.04335
	          B(19,21,34)     109.50976       -0.00000       -0.00832     109.50144
	          B(19,21,35)     112.72417        0.00000        0.00793     112.73210
	          B(20,19,21)     110.65371       -0.00000       -0.01718     110.63653
	          B(28,18,29)     106.65425       -0.00000        0.00366     106.65790
	          B(30,20,31)     108.34995       -0.00000       -0.00236     108.34759
	          B(30,20,32)     107.88562       -0.00000        0.00964     107.89525
	          B(31,20,32)     107.57486       -0.00000       -0.01228     107.56258
	          B(33,21,34)     107.95988        0.00000        0.00688     107.96676
	          B(33,21,35)     108.42434        0.00000        0.00494     108.42928
	          B(34,21,35)     108.02556        0.00000        0.00950     108.03505
	           D(1,2,4,5)    -178.39983        0.00000        0.05009    -178.34974
	          D(1,2,4,23)       8.49623        0.00000        0.19621       8.69245
	        D(1,17,18,19)     137.57838       -0.00000       -0.48644     137.09194
	        D(1,17,18,28)     -98.71718        0.00000       -0.49474     -99.21192
	        D(1,17,18,29)      17.48246       -0.00000       -0.48859      16.99387
	         D(2,1,17,18)     176.61176       -0.00000       -0.11638     176.49538
	         D(2,1,17,27)      -1.47517       -0.00000       -0.01878      -1.49395
	           D(2,4,5,6)     183.84987        0.00000        0.79649     184.64636
	          D(2,4,5,16)       4.00263        0.00000        0.88805       4.89068
	          D(3,2,1,17)    -143.73211        0.00000        0.45518    -143.27693
	          D(3,2,1,22)      31.04016        0.00000        0.39485      31.43501
	           D(3,2,4,5)       1.90931        0.00000        0.00017       1.90948
	          D(3,2,4,23)    -171.19463       -0.00000        0.14629    -171.04833
	          D(4,2,1,17)      36.56789        0.00000        0.40681      36.97470
	          D(4,2,1,22)    -148.65984       -0.00000        0.34647    -148.31337
	           D(4,5,6,7)      -0.00193        0.00000        0.10093       0.09899
	           D(4,5,6,8)    -180.07280        0.00000        0.10011    -179.97269
	         D(4,5,16,15)     180.12356       -0.00000       -0.09308     180.03048
	         D(4,5,16,26)      -0.48932       -0.00000       -0.14002      -0.62935
	           D(5,6,8,9)       0.05404       -0.00000       -0.00782       0.04622
	          D(5,6,8,24)     180.13909       -0.00000        0.00552     180.14462
	         D(5,16,15,9)      -0.19464        0.00000       -0.02065      -0.21529
	        D(5,16,15,13)     179.80941        0.00000        0.02432     179.83373
	          D(6,5,4,23)      -3.04203        0.00000        0.64647      -2.39556
	         D(6,5,16,15)       0.28127       -0.00000        0.00147       0.28274
	         D(6,5,16,26)     179.66839       -0.00000       -0.04548     179.62292
	          D(6,8,9,10)     180.15219       -0.00000       -0.01029     180.14190
	          D(6,8,9,15)       0.03666       -0.00000       -0.01105       0.02561
	          D(7,6,5,16)    -180.14744       -0.00000        0.01368    -180.13376
	           D(7,6,8,9)     179.98281        0.00000       -0.00863     179.97417
	          D(7,6,8,24)       0.06786        0.00000        0.00471       0.07257
	          D(8,6,5,16)      -0.21830        0.00000        0.01287      -0.20544
	         D(8,9,10,11)     179.89042       -0.00000        0.00868     179.89910
	         D(8,9,15,13)    -179.97080       -0.00000       -0.01626    -179.98706
	         D(8,9,15,16)       0.03296        0.00000        0.02549       0.05845
	        D(9,10,11,12)       0.07683        0.00000        0.00192       0.07874
	        D(9,10,11,25)     180.08137        0.00000       -0.00268     180.07869
	        D(9,15,13,12)       0.09531        0.00000        0.01463       0.10994
	        D(9,15,13,14)     180.04165        0.00000        0.01380     180.05545
	        D(9,15,16,26)     180.41668        0.00000        0.02630     180.44298
	         D(10,9,8,24)       0.06965        0.00000       -0.02324       0.04641
	        D(10,9,15,13)      -0.08801       -0.00000       -0.01703      -0.10503
	        D(10,9,15,16)    -180.08424        0.00000        0.02472    -180.05953
	       D(10,11,12,13)      -0.07113       -0.00000       -0.00441      -0.07555
	        D(11,10,9,15)       0.00956       -0.00000        0.00947       0.01903
	       D(11,12,13,14)    -179.97016       -0.00000       -0.00379    -179.97395
	       D(11,12,13,15)      -0.02262       -0.00000       -0.00461      -0.02723
	       D(12,13,15,16)     180.09147        0.00000       -0.02790     180.06357
	       D(13,12,11,25)    -180.07561        0.00000        0.00012    -180.07549
	       D(13,15,16,26)       0.42074        0.00000        0.07127       0.49201
	       D(14,13,15,16)       0.03781        0.00000       -0.02873       0.00908
	         D(15,9,8,24)     179.95412        0.00000       -0.02400     179.93012
	         D(16,5,4,23)     177.11072        0.00001        0.73803     177.84875
	       D(17,18,19,20)      78.09155        0.00000        0.04300      78.13455
	       D(17,18,19,21)    -157.28724        0.00000       -0.01915    -157.30639
	        D(18,17,1,22)       2.20979       -0.00000       -0.05466       2.15513
	       D(18,19,20,30)      64.03553       -0.00000       -0.13246      63.90308
	       D(18,19,20,31)    -175.46839       -0.00000       -0.12653    -175.59491
	       D(18,19,20,32)     -56.78525       -0.00000       -0.14500     -56.93025
	       D(18,19,21,33)      58.66302        0.00000        0.09085      58.75387
	       D(18,19,21,34)     177.19653       -0.00000        0.08204     177.27857
	       D(18,19,21,35)     -62.51824       -0.00000        0.09350     -62.42474
	       D(19,18,17,27)     -44.27663       -0.00000       -0.58221     -44.85884
	       D(20,19,18,28)     -44.67826        0.00000        0.05205     -44.62621
	       D(20,19,18,29)    -161.76538        0.00000        0.04764    -161.71774
	       D(20,19,21,33)    -175.96144        0.00000        0.03579    -175.92565
	       D(20,19,21,34)     -57.42793       -0.00000        0.02698     -57.40095
	       D(20,19,21,35)      62.85730       -0.00000        0.03845      62.89574
	       D(21,19,18,28)      79.94296       -0.00000       -0.01010      79.93286
	       D(21,19,18,29)     -37.14417       -0.00000       -0.01451     -37.15868
	       D(21,19,20,30)     -61.05713        0.00000       -0.05518     -61.11232
	       D(21,19,20,31)      59.43895        0.00000       -0.04926      59.38969
	       D(21,19,20,32)     178.12209        0.00000       -0.06773     178.05436
	        D(22,1,17,27)    -175.87714        0.00000        0.04294    -175.83420
	       D(27,17,18,28)      79.42781       -0.00000       -0.59051      78.83730
	       D(27,17,18,29)    -164.37256       -0.00000       -0.58436    -164.95691
	-------------------------------------------------------------------------------

	                                 ==> Convergence Check <==                                  
    
	Measures of convergence in internal coordinates in au.
    
	Criteria marked as inactive (o), active & met (*), and active & unmet ( ).

	----------------------------------------------------------------------------------------------
	   Step    Total Energy     Delta E     Max Force     RMS Force      Max Disp      RMS Disp   
	----------------------------------------------------------------------------------------------
	  Convergence Criteria     1.00e-06 *    3.00e-04 *             o    1.20e-03 *             o
	----------------------------------------------------------------------------------------------
	     8    -837.27419126   -3.73e-06      2.64e-04 *    3.43e-05 o    1.55e-02      3.04e-03 o  ~
	----------------------------------------------------------------------------------------------

Next Geometry in Ang 
	Fragment 1 (Ang)

	    C   1.5685629493   1.5167388797   0.4368420433
	    C   0.0788725647   1.5595084976   0.3851254194
	    O  -0.5225049362   2.6144356670   0.3932173377
	    N  -0.5314998405   0.3272489518   0.3345375052
	    C  -1.9021618672   0.0391796472   0.2474936351
	    C  -2.2609413077  -1.3369998934   0.3144499534
	    H  -1.4756804458  -2.0790541026   0.4285507059
	    C  -3.5608093189  -1.7434201209   0.2405372390
	    C  -4.5905078535  -0.7832157305   0.0923787219
	    N  -5.8885210654  -1.1810129867   0.0209384043
	    C  -6.7810997752  -0.2365670607  -0.1134595554
	    N  -6.5589425830   1.1008952125  -0.1915945510
	    C  -5.3106456501   1.4863891326  -0.1231607229
	    H  -5.1126086886   2.5552350137  -0.1835867601
	    C  -4.2329159820   0.5797005246   0.0247157623
	    C  -2.8824325961   0.9913907379   0.1004569881
	    C   2.3275749077   0.6393594631  -0.2137032396
	    C   3.8287268036   0.6575036404  -0.2100684147
	    N   4.3883639132  -0.6805040694  -0.0541384026
	    C   4.3463960519  -1.4356119223  -1.2939076573
	    C   5.7419664138  -0.6325423600   0.4704736835
	    H   2.0100769217   2.3374801749   0.9945518455
	    H   0.0734830216  -0.4659810589   0.4746029459
	    H  -3.8316655179  -2.7908061306   0.2940111074
	    H  -7.8215990185  -0.5420062260  -0.1703337805
	    H  -2.6276734627   2.0404697074   0.0540355966
	    H   1.8565649872  -0.1322734907  -0.8197188835
	    H   4.1949263397   1.1382559940  -1.1384476450
	    H   4.1709986190   1.2793048597   0.6206713913
	    H   4.9739510740  -0.9814590303  -2.0831959649
	    H   4.7006550630  -2.4532676685  -1.1161037576
	    H   3.3252770575  -1.5040190025  -1.6749729508
	    H   5.7507876017  -0.1254208297   1.4377714787
	    H   6.1114332108  -1.6496691061   0.6198638669
	    H   6.4435924090  -0.1092653144  -0.2048904833


    Structure for next step:
    Molecular point group: c1
    Full point group: C1

    Geometry (in Angstrom), charge = 0, multiplicity = 1:

    C            1.568562949277     1.516738879746     0.436842043274
    C            0.078872564684     1.559508497590     0.385125419417
    O           -0.522504936211     2.614435666975     0.393217337654
    N           -0.531499840503     0.327248951802     0.334537505244
    C           -1.902161867164     0.039179647188     0.247493635089
    C           -2.260941307652    -1.336999893450     0.314449953368
    H           -1.475680445809    -2.079054102555     0.428550705947
    C           -3.560809318916    -1.743420120915     0.240537239002
    C           -4.590507853460    -0.783215730456     0.092378721874
    N           -5.888521065397    -1.181012986714     0.020938404311
    C           -6.781099775171    -0.236567060698    -0.113459555418
    N           -6.558942583033     1.100895212476    -0.191594551015
    C           -5.310645650135     1.486389132632    -0.123160722867
    H           -5.112608688600     2.555235013727    -0.183586760120
    C           -4.232915982037     0.579700524589     0.024715762269
    C           -2.882432596078     0.991390737872     0.100456988110
    C            2.327574907730     0.639359463104    -0.213703239572
    C            3.828726803643     0.657503640367    -0.210068414703
    N            4.388363913163    -0.680504069416    -0.054138402570
    C            4.346396051858    -1.435611922301    -1.293907657296
    C            5.741966413824    -0.632542359993     0.470473683464
    H            2.010076921720     2.337480174895     0.994551845550
    H            0.073483021612    -0.465981058905     0.474602945937
    H           -3.831665517940    -2.790806130645     0.294011107390
    H           -7.821599018540    -0.542006225988    -0.170333780476
    H           -2.627673462655     2.040469707404     0.054035596600
    H            1.856564987156    -0.132273490674    -0.819718883499
    H            4.194926339654     1.138255994040    -1.138447645037
    H            4.170998618978     1.279304859723     0.620671391303
    H            4.973951074006    -0.981459030328    -2.083195964926
    H            4.700655062997    -2.453267668506    -1.116103757639
    H            3.325277057510    -1.504019002475    -1.674972950773
    H            5.750787601682    -0.125420829693     1.437771478689
    H            6.111433210794    -1.649669106052     0.619863866857
    H            6.443592409013    -0.109265314365    -0.204890483252


Scratch directory: /tmp/
gradient() will perform analytic gradient computation.
   => Libint2 <=

    Primary   basis highest AM E, G, H:  7, 6, 3
    Auxiliary basis highest AM E, G, H:  7, 7, 4
    Onebody   basis highest AM E, G, H:  -, -, -
    Solid Harmonics ordering:            Gaussian

*** tstart() called on eristm01.eisai.local
*** at Wed May 20 08:46:08 2026

   => Loading Basis Set <=

    Name: 6-311+G(D,P)
    Role: ORBITAL
    Keyword: BASIS
    atoms 1-2, 5-6, 8-9, 11, 13, 15-18, 20-21 entry C          line   129 file /home2/shbae/bucket/covalent/.pixi/envs/default/share/psi4/basis/6-311pg_d_p_.gbs 
    atoms 3                                   entry O          line   171 file /home2/shbae/bucket/covalent/.pixi/envs/default/share/psi4/basis/6-311pg_d_p_.gbs 
    atoms 4, 10, 12, 19                       entry N          line   150 file /home2/shbae/bucket/covalent/.pixi/envs/default/share/psi4/basis/6-311pg_d_p_.gbs 
    atoms 7, 14, 22-35                        entry H          line    42 file /home2/shbae/bucket/covalent/.pixi/envs/default/share/psi4/basis/6-311pg_d_p_.gbs 

   => WB97X-D: Empirical Dispersion <=

    Chai and Head-Gordon Dispersion Correction
    Chai, J.-D.; Head-Gordon, M. (2010), J. Chem. Phys., 132: 6615-6620

        s6 =       1.000000


         ---------------------------------------------------------
                                   SCF
               by Justin Turney, Rob Parrish, Andy Simmonett
                          and Daniel G. A. Smith
                              RKS Reference
                        8 Threads,   7629 MiB Core
         ---------------------------------------------------------

  ==> Geometry <==

    Molecular point group: c1
    Full point group: C1

    Geometry (in Angstrom), charge = 0, multiplicity = 1:

       Center              X                  Y                   Z               Mass       
    ------------   -----------------  -----------------  -----------------  -----------------
         C            1.568562949277     1.516738879746     0.436842043274    12.000000000000
         C            0.078872564684     1.559508497590     0.385125419417    12.000000000000
         O           -0.522504936211     2.614435666975     0.393217337654    15.994914619570
         N           -0.531499840503     0.327248951802     0.334537505244    14.003074004430
         C           -1.902161867164     0.039179647188     0.247493635089    12.000000000000
         C           -2.260941307652    -1.336999893450     0.314449953368    12.000000000000
         H           -1.475680445809    -2.079054102555     0.428550705947     1.007825032230
         C           -3.560809318916    -1.743420120915     0.240537239002    12.000000000000
         C           -4.590507853460    -0.783215730456     0.092378721874    12.000000000000
         N           -5.888521065397    -1.181012986714     0.020938404311    14.003074004430
         C           -6.781099775171    -0.236567060698    -0.113459555418    12.000000000000
         N           -6.558942583033     1.100895212476    -0.191594551015    14.003074004430
         C           -5.310645650135     1.486389132632    -0.123160722867    12.000000000000
         H           -5.112608688600     2.555235013727    -0.183586760120     1.007825032230
         C           -4.232915982037     0.579700524589     0.024715762269    12.000000000000
         C           -2.882432596078     0.991390737872     0.100456988110    12.000000000000
         C            2.327574907730     0.639359463104    -0.213703239572    12.000000000000
         C            3.828726803643     0.657503640367    -0.210068414703    12.000000000000
         N            4.388363913163    -0.680504069416    -0.054138402570    14.003074004430
         C            4.346396051858    -1.435611922301    -1.293907657296    12.000000000000
         C            5.741966413824    -0.632542359993     0.470473683464    12.000000000000
         H            2.010076921720     2.337480174895     0.994551845550     1.007825032230
         H            0.073483021612    -0.465981058905     0.474602945937     1.007825032230
         H           -3.831665517940    -2.790806130645     0.294011107390     1.007825032230
         H           -7.821599018540    -0.542006225988    -0.170333780476     1.007825032230
         H           -2.627673462655     2.040469707404     0.054035596600     1.007825032230
         H            1.856564987156    -0.132273490674    -0.819718883499     1.007825032230
         H            4.194926339654     1.138255994040    -1.138447645037     1.007825032230
         H            4.170998618978     1.279304859723     0.620671391303     1.007825032230
         H            4.973951074006    -0.981459030328    -2.083195964926     1.007825032230
         H            4.700655062997    -2.453267668506    -1.116103757639     1.007825032230
         H            3.325277057510    -1.504019002475    -1.674972950773     1.007825032230
         H            5.750787601682    -0.125420829693     1.437771478689     1.007825032230
         H            6.111433210794    -1.649669106052     0.619863866857     1.007825032230
         H            6.443592409013    -0.109265314365    -0.204890483252     1.007825032230

  Running in c1 symmetry.

  Rotational constants: A =      0.03756  B =      0.00388  C =      0.00358 [cm^-1]
  Rotational constants: A =   1126.13650  B =    116.19785  C =    107.36149 [MHz]
  Nuclear repulsion = 1283.649206914263232

  Charge       = 0
  Multiplicity = 1
  Electrons    = 136
  Nalpha       = 68
  Nbeta        = 68

  ==> Algorithm <==

  SCF Algorithm Type is DF.
  DIIS enabled.
  MOM disabled.
  Fractional occupation disabled.
  Guess Type is READ.
  Energy threshold   = 1.00e-08
  Density threshold  = 1.00e-08
  Integral threshold = 1.00e-12

  ==> Primary Basis <==

  Basis Set: 6-311+G(D,P)
    Blend: 6-311+G(D,P)
    Number of shells: 254
    Number of basis functions: 514
    Number of Cartesian functions: 533
    Spherical Harmonics?: true
    Max angular momentum: 2

  ==> DFT Potential <==

   => LibXC <=

    Version 7.0.0
    S. Lehtola, C. Steigemann, M. J.T. Oliveira, and M. A.L. Marques.,  SoftwareX 7, 1–5 (2018) (10.1016/j.softx.2017.11.002)

   => Composite Functional: WB97X-D <= 

    wB97X-D Hyb-GGA Exchange-Correlation Functional

    J.-D. Chai and M. Head-Gordon.,  Phys. Chem. Chem. Phys. 10, 6615-6620 (2008) (10.1039/B810189B)

    Deriv               =              1
    GGA                 =           TRUE
    Meta                =          FALSE

    Exchange Hybrid     =           TRUE
    MP2 Hybrid          =          FALSE

   => Exchange-Correlation Functionals <=

    1.0000   wB97X-D range-separated functional

   => Exact (HF) Exchange <=

    0.7780            HF,LR [omega = 0.2000]
    0.2220               HF 

   => LibXC Density Thresholds  <==

    XC_HYB_GGA_XC_WB97X_D:  1.00E-14 

   => Molecular Quadrature <=

    Radial Scheme          =       TREUTLER
    Pruning Scheme         =           NONE
    Nuclear Scheme         =       TREUTLER

    Blocking Scheme        =         OCTREE
    BS radius alpha        =              1
    Pruning alpha          =              1
    Radial Points          =             75
    Spherical Points       =            302
    Total Points           =         730566
    Total Blocks           =           5306
    Max Points             =            256
    Max Functions          =            353
    Weights Tolerance      =       1.00E-15

   => Loading Basis Set <=

    Name: (6-311+G(D,P) AUX)
    Role: JKFIT
    Keyword: DF_BASIS_SCF
    atoms 1-2, 5-6, 8-9, 11, 13, 15-18, 20-21 entry C          line   200 file /home2/shbae/bucket/covalent/.pixi/envs/default/share/psi4/basis/heavy-aug-cc-pvtz-jkfit.gbs 
    atoms 3                                   entry O          line   324 file /home2/shbae/bucket/covalent/.pixi/envs/default/share/psi4/basis/heavy-aug-cc-pvtz-jkfit.gbs 
    atoms 4, 10, 12, 19                       entry N          line   262 file /home2/shbae/bucket/covalent/.pixi/envs/default/share/psi4/basis/heavy-aug-cc-pvtz-jkfit.gbs 
    atoms 7, 14, 22-35                        entry H          line   116 file /home2/shbae/bucket/covalent/.pixi/envs/default/share/psi4/basis/heavy-aug-cc-pvtz-jkfit.gbs 

   => Loading Basis Set <=

    Name: 6-311+G(D,P)
    Role: ORBITAL
    Keyword: BASIS
    atoms 1-2, 5-6, 8-9, 11, 13, 15-18, 20-21 entry C          line   129 file /home2/shbae/bucket/covalent/.pixi/envs/default/share/psi4/basis/6-311pg_d_p_.gbs 
    atoms 3                                   entry O          line   171 file /home2/shbae/bucket/covalent/.pixi/envs/default/share/psi4/basis/6-311pg_d_p_.gbs 
    atoms 4, 10, 12, 19                       entry N          line   150 file /home2/shbae/bucket/covalent/.pixi/envs/default/share/psi4/basis/6-311pg_d_p_.gbs 
    atoms 7, 14, 22-35                        entry H          line    42 file /home2/shbae/bucket/covalent/.pixi/envs/default/share/psi4/basis/6-311pg_d_p_.gbs 

  Reading orbitals from file /tmp/3_reactant.default.2248151.180.npy, no projection.

  ==> Integral Setup <==

  ==> DiskDFJK: Density-Fitted J/K Matrices <==

    J tasked:                  Yes
    K tasked:                  Yes
    wK tasked:                 Yes
    Omega:               2.000E-01
    OpenMP threads:              8
    Integrals threads:           8
    Memory [MiB]:             1957
    Algorithm:                Disk
    Integral Cache:           NONE
    Schwarz Cutoff:          1E-12
    Fitting Condition:       1E-10

   => Auxiliary Basis Set <=

  Basis Set: (6-311+G(D,P) AUX)
    Blend: HEAVY-AUG-CC-PVTZ-JKFIT
    Number of shells: 730
    Number of basis functions: 2456
    Number of Cartesian functions: 3049
    Spherical Harmonics?: true
    Max angular momentum: 4

  Cached 50.0% of DFT collocation blocks in 2.597 [GiB].

  Minimum eigenvalue in the overlap matrix is 1.7342390110E-07.
  Reciprocal condition number of the overlap matrix is 1.1908786304E-08.
    Using symmetric orthogonalization.

  ==> Pre-Iterations <==

  SCF Guess: Orbitals guess was supplied from a previous computation.

   -------------------------------------------------------
    Irrep   Nso     Nmo     Nalpha   Nbeta   Ndocc  Nsocc
   -------------------------------------------------------
     A        514     514      68      68      68       0
   -------------------------------------------------------
    Total     514     514      68      68      68       0
   -------------------------------------------------------

  ==> Iterations <==

                           Total Energy        Delta E     RMS |[F,P]|

   @DF-RKS iter   0:  -837.26782959291893   -8.37268e+02   1.27032e-04 
   @DF-RKS iter   1:  -837.27410889983832   -6.27931e-03   1.73354e-05 DIIS
   @DF-RKS iter   2:  -837.27416735415727   -5.84543e-05   1.54808e-05 DIIS
   @DF-RKS iter   3:  -837.27419377818546   -2.64240e-05   5.44656e-06 DIIS
   @DF-RKS iter   4:  -837.27419804769352   -4.26951e-06   2.07042e-06 DIIS
   @DF-RKS iter   5:  -837.27419867631238   -6.28619e-07   7.24337e-07 DIIS
   @DF-RKS iter   6:  -837.27419875165049   -7.53381e-08   2.15052e-07 DIIS
   @DF-RKS iter   7:  -837.27419876411693   -1.24664e-08   7.22556e-08 DIIS
   @DF-RKS iter   8:  -837.27419876552801   -1.41108e-09   3.09176e-08 DIIS
   @DF-RKS iter   9:  -837.27419876576050   -2.32490e-10   1.23195e-08 DIIS
   @DF-RKS iter  10:  -837.27419876582132   -6.08225e-11   5.78324e-09 DIIS
  Energy and wave function converged.


  ==> Post-Iterations <==

   Electrons on quadrature grid:
      Ntotal   =  136.0000230568 ; deviation = 2.306e-05 

    Orbital Energies [Eh]
    ---------------------

    Doubly Occupied:                                                      

       1A    -19.233448     2A    -14.490813     3A    -14.445310  
       4A    -14.439641     5A    -14.438876     6A    -10.412496  
       7A    -10.358698     8A    -10.351783     9A    -10.344366  
      10A    -10.340252    11A    -10.332987    12A    -10.323021  
      13A    -10.318367    14A    -10.316443    15A    -10.315328  
      16A    -10.314306    17A    -10.311972    18A    -10.308075  
      19A    -10.302935    20A     -1.167827    21A     -1.096669  
      22A     -1.067222    23A     -1.049322    24A     -1.002574  
      25A     -0.969969    26A     -0.925398    27A     -0.889237  
      28A     -0.868220    29A     -0.828720    30A     -0.822529  
      31A     -0.783069    32A     -0.761652    33A     -0.739749  
      34A     -0.726272    35A     -0.694345    36A     -0.680751  
      37A     -0.666262    38A     -0.646126    39A     -0.621609  
      40A     -0.604861    41A     -0.583354    42A     -0.581331  
      43A     -0.570785    44A     -0.564802    45A     -0.549430  
      46A     -0.544627    47A     -0.535015    48A     -0.530675  
      49A     -0.525658    50A     -0.516943    51A     -0.510184  
      52A     -0.504358    53A     -0.494451    54A     -0.490762  
      55A     -0.472646    56A     -0.467907    57A     -0.463695  
      58A     -0.461740    59A     -0.455351    60A     -0.421973  
      61A     -0.398955    62A     -0.390986    63A     -0.375799  
      64A     -0.357229    65A     -0.348365    66A     -0.338333  
      67A     -0.317634    68A     -0.306646  

    Virtual:                                                              

      69A     -0.009367    70A      0.009550    71A      0.038123  
      72A      0.044948    73A      0.058379    74A      0.063860  
      75A      0.068104    76A      0.071436    77A      0.074879  
      78A      0.079081    79A      0.087776    80A      0.090964  
      81A      0.093291    82A      0.095926    83A      0.099568  
      84A      0.101948    85A      0.105908    86A      0.108112  
      87A      0.113774    88A      0.118469    89A      0.124572  
      90A      0.126629    91A      0.130460    92A      0.133339  
      93A      0.137600    94A      0.140678    95A      0.141939  
      96A      0.150194    97A      0.153836    98A      0.157272  
      99A      0.161600   100A      0.162094   101A      0.168750  
     102A      0.176481   103A      0.179310   104A      0.181658  
     105A      0.186873   106A      0.190493   107A      0.194593  
     108A      0.198504   109A      0.201863   110A      0.205474  
     111A      0.213241   112A      0.217079   113A      0.219666  
     114A      0.223439   115A      0.224453   116A      0.235377  
     117A      0.238033   118A      0.242118   119A      0.245253  
     120A      0.247016   121A      0.249625   122A      0.252637  
     123A      0.256290   124A      0.258905   125A      0.263217  
     126A      0.265011   127A      0.265946   128A      0.270395  
     129A      0.273656   130A      0.274978   131A      0.278218  
     132A      0.280615   133A      0.282232   134A      0.287335  
     135A      0.290958   136A      0.293129   137A      0.298173  
     138A      0.300094   139A      0.301547   140A      0.304290  
     141A      0.309449   142A      0.311926   143A      0.312520  
     144A      0.313116   145A      0.319208   146A      0.322415  
     147A      0.326097   148A      0.331460   149A      0.332337  
     150A      0.337018   151A      0.339887   152A      0.343539  
     153A      0.345076   154A      0.349964   155A      0.350548  
     156A      0.352399   157A      0.356462   158A      0.361028  
     159A      0.367360   160A      0.370220   161A      0.376912  
     162A      0.381384   163A      0.386511   164A      0.390234  
     165A      0.395411   166A      0.398365   167A      0.409930  
     168A      0.412007   169A      0.416528   170A      0.421831  
     171A      0.429156   172A      0.435177   173A      0.438626  
     174A      0.442982   175A      0.452371   176A      0.458799  
     177A      0.464408   178A      0.477187   179A      0.488351  
     180A      0.496062   181A      0.504099   182A      0.515017  
     183A      0.525786   184A      0.542512   185A      0.552091  
     186A      0.553598   187A      0.560781   188A      0.582573  
     189A      0.587702   190A      0.592856   191A      0.600158  
     192A      0.602855   193A      0.607481   194A      0.618199  
     195A      0.621844   196A      0.624657   197A      0.632873  
     198A      0.636798   199A      0.646795   200A      0.653069  
     201A      0.656552   202A      0.665326   203A      0.670753  
     204A      0.674962   205A      0.683055   206A      0.694138  
     207A      0.697273   208A      0.702794   209A      0.704852  
     210A      0.711086   211A      0.719765   212A      0.724502  
     213A      0.728260   214A      0.737602   215A      0.738563  
     216A      0.742311   217A      0.753064   218A      0.755337  
     219A      0.772419   220A      0.773919   221A      0.775807  
     222A      0.788522   223A      0.792680   224A      0.793895  
     225A      0.796337   226A      0.806591   227A      0.807816  
     228A      0.812661   229A      0.826814   230A      0.830208  
     231A      0.837239   232A      0.847234   233A      0.853772  
     234A      0.860088   235A      0.865933   236A      0.873145  
     237A      0.892217   238A      0.901679   239A      0.909226  
     240A      0.923340   241A      0.931592   242A      0.938477  
     243A      0.946707   244A      0.958463   245A      0.964559  
     246A      0.973854   247A      0.985629   248A      0.987341  
     249A      0.990960   250A      0.991941   251A      0.994994  
     252A      0.999964   253A      1.018874   254A      1.028396  
     255A      1.044151   256A      1.046539   257A      1.054337  
     258A      1.058799   259A      1.065734   260A      1.074375  
     261A      1.080882   262A      1.083885   263A      1.091650  
     264A      1.094147   265A      1.113781   266A      1.115215  
     267A      1.134556   268A      1.138063   269A      1.149701  
     270A      1.173755   271A      1.186264   272A      1.197444  
     273A      1.205941   274A      1.217521   275A      1.224803  
     276A      1.227383   277A      1.233025   278A      1.244519  
     279A      1.255049   280A      1.268390   281A      1.285513  
     282A      1.301250   283A      1.313881   284A      1.334362  
     285A      1.341651   286A      1.347919   287A      1.383201  
     288A      1.394374   289A      1.402223   290A      1.414939  
     291A      1.438351   292A      1.454298   293A      1.461472  
     294A      1.486487   295A      1.514368   296A      1.523826  
     297A      1.529701   298A      1.538959   299A      1.556898  
     300A      1.564068   301A      1.571944   302A      1.580109  
     303A      1.592422   304A      1.599949   305A      1.603160  
     306A      1.606456   307A      1.612715   308A      1.618108  
     309A      1.627300   310A      1.634167   311A      1.645273  
     312A      1.655422   313A      1.659819   314A      1.674978  
     315A      1.684825   316A      1.688182   317A      1.704245  
     318A      1.713769   319A      1.719291   320A      1.726661  
     321A      1.727729   322A      1.748660   323A      1.760330  
     324A      1.774803   325A      1.775302   326A      1.786339  
     327A      1.793065   328A      1.794680   329A      1.815822  
     330A      1.828809   331A      1.830432   332A      1.840858  
     333A      1.857023   334A      1.858817   335A      1.864450  
     336A      1.866840   337A      1.883169   338A      1.907024  
     339A      1.917630   340A      1.926833   341A      1.947888  
     342A      1.954935   343A      1.969270   344A      1.979383  
     345A      1.986584   346A      2.006300   347A      2.026312  
     348A      2.035435   349A      2.036778   350A      2.052703  
     351A      2.059497   352A      2.078173   353A      2.089101  
     354A      2.095352   355A      2.110246   356A      2.129044  
     357A      2.141260   358A      2.148155   359A      2.155319  
     360A      2.168446   361A      2.179759   362A      2.192028  
     363A      2.204460   364A      2.209950   365A      2.220940  
     366A      2.232416   367A      2.252295   368A      2.260350  
     369A      2.273191   370A      2.300300   371A      2.325842  
     372A      2.334854   373A      2.337548   374A      2.350285  
     375A      2.360673   376A      2.366830   377A      2.392874  
     378A      2.405416   379A      2.430255   380A      2.444548  
     381A      2.490138   382A      2.494142   383A      2.498907  
     384A      2.504308   385A      2.509279   386A      2.517216  
     387A      2.522770   388A      2.541013   389A      2.564023  
     390A      2.570154   391A      2.580877   392A      2.593117  
     393A      2.608226   394A      2.631782   395A      2.661477  
     396A      2.670558   397A      2.680786   398A      2.689387  
     399A      2.702059   400A      2.714366   401A      2.733946  
     402A      2.742860   403A      2.747037   404A      2.753419  
     405A      2.764061   406A      2.772732   407A      2.783108  
     408A      2.788169   409A      2.793023   410A      2.809304  
     411A      2.817640   412A      2.823209   413A      2.843172  
     414A      2.844716   415A      2.857929   416A      2.860810  
     417A      2.882153   418A      2.888370   419A      2.894646  
     420A      2.913246   421A      2.928945   422A      2.941396  
     423A      2.959262   424A      2.964361   425A      2.968184  
     426A      2.970452   427A      2.995695   428A      3.005459  
     429A      3.011552   430A      3.015494   431A      3.028024  
     432A      3.031930   433A      3.038457   434A      3.046138  
     435A      3.067913   436A      3.075455   437A      3.103001  
     438A      3.115268   439A      3.118229   440A      3.122998  
     441A      3.143569   442A      3.178662   443A      3.182081  
     444A      3.274334   445A      3.303871   446A      3.339805  
     447A      3.370291   448A      3.413860   449A      3.446628  
     450A      3.467753   451A      3.472830   452A      3.510010  
     453A      3.520080   454A      3.585864   455A      3.611613  
     456A      3.627468   457A      3.631428   458A      3.663785  
     459A      3.678230   460A      3.710039   461A      3.734628  
     462A      3.761455   463A      3.807653   464A      3.810791  
     465A      3.849584   466A      3.857798   467A      3.868086  
     468A      3.891281   469A      3.907887   470A      3.912357  
     471A      3.926014   472A      3.967218   473A      4.002054  
     474A      4.019976   475A      4.039924   476A      4.055477  
     477A      4.068240   478A      4.156993   479A      4.219048  
     480A      4.281115   481A      4.317546   482A      4.380156  
     483A      4.475339   484A      4.525489   485A      4.602949  
     486A      4.935595   487A      4.954174   488A      4.972169  
     489A      4.986311   490A      5.077515   491A      5.194303  
     492A      5.209810   493A      5.391745   494A      5.410810  
     495A      5.909810   496A     23.747479   497A     23.862777  
     498A     23.992814   499A     24.007693   500A     24.024096  
     501A     24.046918   502A     24.054030   503A     24.068412  
     504A     24.096816   505A     24.120051   506A     24.163320  
     507A     24.256103   508A     24.319847   509A     24.380861  
     510A     35.646435   511A     35.760131   512A     35.779499  
     513A     35.824119   514A     50.163422  

    Final Occupation by Irrep:
              A 
    DOCC [    68 ]
    NA   [    68 ]
    NB   [    68 ]

  @DF-RKS Final Energy:  -837.27419876582132

   => Energetics <=

    Nuclear Repulsion Energy =           1283.6492069142632317
    One-Electron Energy =               -3681.6842369321907427
    Two-Electron Energy =                1642.3054730860033033
    DFT Exchange-Correlation Energy =     -81.5231908110264101
    Empirical Dispersion Energy =          -0.0214510228707633
    VV10 Nonlocal Energy =                  0.0000000000000000
    Total Energy =                       -837.2741987658214384

Computation Completed


Properties will be evaluated at   0.000000,   0.000000,   0.000000 [a0]

Properties computed using the SCF density matrix


 Multipole Moments:

 ------------------------------------------------------------------------------------
     Multipole            Electronic (a.u.)      Nuclear  (a.u.)        Total (a.u.)
 ------------------------------------------------------------------------------------

 L = 1.  Multiply by 2.5417464519 to convert [e a0] to [Debye]
 Dipole X            :        235.6521108         -233.0943261            2.5577847
 Dipole Y            :        -42.9564188           41.9668101           -0.9896087
 Dipole Z            :         -6.9450751            6.7950607           -0.1500144
 Magnitude           :                                                    2.7466511

 ------------------------------------------------------------------------------------

*** tstop() called on eristm01.eisai.local at Wed May 20 08:47:12 2026
Module time:
	user time   =     455.78 seconds =       7.60 minutes
	system time =      19.71 seconds =       0.33 minutes
	total time  =         64 seconds =       1.07 minutes
Total time:
	user time   =    6195.72 seconds =     103.26 minutes
	system time =     244.35 seconds =       4.07 minutes
	total time  =        898 seconds =      14.97 minutes

*** tstart() called on eristm01.eisai.local
*** at Wed May 20 08:47:12 2026


         ------------------------------------------------------------
                                   SCF GRAD                          
                          Rob Parrish, Justin Turney,                
                       Andy Simmonett, and Alex Sokolov              
         ------------------------------------------------------------

  ==> Geometry <==

    Molecular point group: c1
    Full point group: C1

    Geometry (in Angstrom), charge = 0, multiplicity = 1:

       Center              X                  Y                   Z               Mass       
    ------------   -----------------  -----------------  -----------------  -----------------
         C            1.568562949277     1.516738879746     0.436842043274    12.000000000000
         C            0.078872564684     1.559508497590     0.385125419417    12.000000000000
         O           -0.522504936211     2.614435666975     0.393217337654    15.994914619570
         N           -0.531499840503     0.327248951802     0.334537505244    14.003074004430
         C           -1.902161867164     0.039179647188     0.247493635089    12.000000000000
         C           -2.260941307652    -1.336999893450     0.314449953368    12.000000000000
         H           -1.475680445809    -2.079054102555     0.428550705947     1.007825032230
         C           -3.560809318916    -1.743420120915     0.240537239002    12.000000000000
         C           -4.590507853460    -0.783215730456     0.092378721874    12.000000000000
         N           -5.888521065397    -1.181012986714     0.020938404311    14.003074004430
         C           -6.781099775171    -0.236567060698    -0.113459555418    12.000000000000
         N           -6.558942583033     1.100895212476    -0.191594551015    14.003074004430
         C           -5.310645650135     1.486389132632    -0.123160722867    12.000000000000
         H           -5.112608688600     2.555235013727    -0.183586760120     1.007825032230
         C           -4.232915982037     0.579700524589     0.024715762269    12.000000000000
         C           -2.882432596078     0.991390737872     0.100456988110    12.000000000000
         C            2.327574907730     0.639359463104    -0.213703239572    12.000000000000
         C            3.828726803643     0.657503640367    -0.210068414703    12.000000000000
         N            4.388363913163    -0.680504069416    -0.054138402570    14.003074004430
         C            4.346396051858    -1.435611922301    -1.293907657296    12.000000000000
         C            5.741966413824    -0.632542359993     0.470473683464    12.000000000000
         H            2.010076921720     2.337480174895     0.994551845550     1.007825032230
         H            0.073483021612    -0.465981058905     0.474602945937     1.007825032230
         H           -3.831665517940    -2.790806130645     0.294011107390     1.007825032230
         H           -7.821599018540    -0.542006225988    -0.170333780476     1.007825032230
         H           -2.627673462655     2.040469707404     0.054035596600     1.007825032230
         H            1.856564987156    -0.132273490674    -0.819718883499     1.007825032230
         H            4.194926339654     1.138255994040    -1.138447645037     1.007825032230
         H            4.170998618978     1.279304859723     0.620671391303     1.007825032230
         H            4.973951074006    -0.981459030328    -2.083195964926     1.007825032230
         H            4.700655062997    -2.453267668506    -1.116103757639     1.007825032230
         H            3.325277057510    -1.504019002475    -1.674972950773     1.007825032230
         H            5.750787601682    -0.125420829693     1.437771478689     1.007825032230
         H            6.111433210794    -1.649669106052     0.619863866857     1.007825032230
         H            6.443592409013    -0.109265314365    -0.204890483252     1.007825032230

  Nuclear repulsion = 1283.649206914263232

  ==> Basis Set <==

  Basis Set: 6-311+G(D,P)
    Blend: 6-311+G(D,P)
    Number of shells: 254
    Number of basis functions: 514
    Number of Cartesian functions: 533
    Spherical Harmonics?: true
    Max angular momentum: 2

  ==> DFJKGrad: Density-Fitted SCF Gradients <==

    Gradient:                    1
    J tasked:                  Yes
    K tasked:                  Yes
    wK tasked:                 Yes
    Omega:               2.000E-01
    OpenMP threads:              8
    Integrals threads:           8
    Memory [MiB]:             5722
    Schwarz Cutoff:          1E-12
    Fitting Condition:       1E-10

   => Auxiliary Basis Set <=

  Basis Set: (6-311+G(D,P) AUX)
    Blend: HEAVY-AUG-CC-PVTZ-JKFIT
    Number of shells: 730
    Number of basis functions: 2456
    Number of Cartesian functions: 3049
    Spherical Harmonics?: true
    Max angular momentum: 4

  ==> DFT Potential <==

   => LibXC <=

    Version 7.0.0
    S. Lehtola, C. Steigemann, M. J.T. Oliveira, and M. A.L. Marques.,  SoftwareX 7, 1–5 (2018) (10.1016/j.softx.2017.11.002)

   => Composite Functional: WB97X-D <= 

    wB97X-D Hyb-GGA Exchange-Correlation Functional

    J.-D. Chai and M. Head-Gordon.,  Phys. Chem. Chem. Phys. 10, 6615-6620 (2008) (10.1039/B810189B)

    Deriv               =              1
    GGA                 =           TRUE
    Meta                =          FALSE

    Exchange Hybrid     =           TRUE
    MP2 Hybrid          =          FALSE

   => Exchange-Correlation Functionals <=

    1.0000   wB97X-D range-separated functional

   => Exact (HF) Exchange <=

    0.7780            HF,LR [omega = 0.2000]
    0.2220               HF 

   => LibXC Density Thresholds  <==

    XC_HYB_GGA_XC_WB97X_D:  1.00E-14 

   => Molecular Quadrature <=

    Radial Scheme          =       TREUTLER
    Pruning Scheme         =           NONE
    Nuclear Scheme         =       TREUTLER

    Blocking Scheme        =         OCTREE
    BS radius alpha        =              1
    Pruning alpha          =              1
    Radial Points          =             75
    Spherical Points       =            302
    Total Points           =         730566
    Total Blocks           =           5306
    Max Points             =            256
    Max Functions          =            353
    Weights Tolerance      =       1.00E-15


  -Total Gradient:
     Atom            X                  Y                   Z
    ------   -----------------  -----------------  -----------------
       1       -0.000057377312     0.000022551620     0.000015635362
       2       -0.000000230599     0.000108743531    -0.000009285049
       3        0.000003567620    -0.000026146189     0.000034158626
       4       -0.000069017972    -0.000064781661    -0.000098615648
       5        0.000126333168    -0.000161687351     0.000065596489
       6       -0.000015945677     0.000083337509    -0.000051403812
       7        0.000052540856    -0.000033670206    -0.000021760588
       8       -0.000072716974     0.000078535091    -0.000023234361
       9        0.000003397200    -0.000217378337     0.000002018529
      10       -0.000037201004     0.000066615910    -0.000017815569
      11        0.000082965328    -0.000152812316     0.000011437363
      12        0.000114468517     0.000079881968     0.000015183996
      13       -0.000221378941    -0.000037219851    -0.000004056121
      14        0.000006056641     0.000027693181     0.000027614600
      15        0.000141746275     0.000188117132     0.000005286427
      16       -0.000155386420    -0.000070997985     0.000011472142
      17        0.000007589485    -0.000025325416     0.000042811667
      18        0.000051084645    -0.000004724914     0.000031110286
      19       -0.000104641296     0.000023866223     0.000069992691
      20        0.000031304138     0.000017165090    -0.000042260518
      21        0.000026263719     0.000013948324    -0.000026824565
      22        0.000038864280     0.000004858423     0.000049983279
      23       -0.000000805146    -0.000009279285     0.000060859556
      24       -0.000025153376    -0.000040948333    -0.000024579410
      25       -0.000037420553     0.000001978823    -0.000015789515
      26        0.000030900195     0.000047312091     0.000011048561
      27       -0.000040869243    -0.000004313211    -0.000022194742
      28       -0.000007039443     0.000032325641    -0.000034155130
      29       -0.000001083008    -0.000035225137     0.000011794954
      30        0.000009189071     0.000029512351    -0.000022712833
      31        0.000014588774    -0.000001207126    -0.000020990969
      32        0.000004430785     0.000010168194    -0.000001671452
      33       -0.000022086860    -0.000003146859     0.000003981480
      34       -0.000011838726    -0.000020266288    -0.000010219958
      35        0.000005658589     0.000023952617     0.000000449859


*** tstop() called on eristm01.eisai.local at Wed May 20 08:47:40 2026
Module time:
	user time   =     182.16 seconds =       3.04 minutes
	system time =       3.86 seconds =       0.06 minutes
	total time  =         28 seconds =       0.47 minutes
Total time:
	user time   =    6377.89 seconds =     106.30 minutes
	system time =     248.21 seconds =       4.14 minutes
	total time  =        926 seconds =      15.43 minutes

    			-----------------------------------------

    			 OPTKING 3.0: for geometry optimizations 

    			     By R.A. King, Bethel University     

    			        with contributions from          

    			    A.V. Copan, J. Cayton, A. Heide      

    			-----------------------------------------

    
	                            ===> Fragment 1 <== 

	 Z (Atomic Numbers)          Masses                          Geom                  
	       6.000000            12.000000          2.96415438  2.86622109  0.82551182   
	       6.000000            12.000000          0.14904755  2.94704395  0.72778157   
	       8.000000            15.994915         -0.98739123  4.94056738  0.74307308   
	       7.000000            14.003074         -1.00438913  0.61841089  0.63218426   
	       6.000000            12.000000         -3.59456498  0.07403880  0.46769519   
	       6.000000            12.000000         -4.27255986 -2.52656363  0.59422429   
	       1.000000             1.007825         -2.78863189 -3.92884285  0.80984347   
	       6.000000            12.000000         -6.72895440 -3.29458655  0.45454950   
	       6.000000            12.000000         -8.67480262 -1.48006323  0.17457048   
	       7.000000            14.003074        -11.12769210  -2.23179110   0.03956785 
	       6.000000            12.000000        -12.81442140  -0.44704696  -0.21440749 
	       7.000000            14.003074        -12.39460515   2.08039044  -0.36206123 
	       6.000000            12.000000        -10.03566583   2.80886838  -0.23274004 
	       1.000000             1.007825         -9.66143021  4.82869436 -0.34692870   
	       6.000000            12.000000         -7.99905192  1.09547523  0.04670602   
	       6.000000            12.000000         -5.44700818  1.87345698  0.18983619   
	       6.000000            12.000000          4.39847911  1.20821428 -0.40384059   
	       6.000000            12.000000          7.23524507  1.24250181 -0.39697177   
	       7.000000            14.003074          8.29280593 -1.28596632 -0.10230675   
	       6.000000            12.000000          8.21349817 -2.71291336 -2.44513110   
	       6.000000            12.000000         10.85074394 -1.19533182  0.88906641   
	       1.000000             1.007825          3.79849487  4.41719735  1.87943061   
	       1.000000             1.007825          0.13886279 -0.88057658  0.89686959   
	       1.000000             1.007825         -7.24079843 -5.27385926  0.55560047   
	       1.000000             1.007825        -14.78068001  -1.02424333  -0.32188420 
	       1.000000             1.007825         -4.96558319  3.85592891  0.10211248   
	       1.000000             1.007825          3.50839936 -0.24996067 -1.54904419   
	       1.000000             1.007825          7.92726190  2.15099209 -2.15135426   
	       1.000000             1.007825          7.88204506  2.41753582  1.17289894   
	       1.000000             1.007825          9.39940529 -1.85468877 -3.93666984   
	       1.000000             1.007825          8.88295068 -4.63600401 -2.10913043   
	       1.000000             1.007825          6.28386293 -2.84218400 -3.16524014   
	       1.000000             1.007825         10.86741357 -0.23701102  2.71699433   
	       1.000000             1.007825         11.54893500 -3.11742281  1.17137294   
	       1.000000             1.007825         12.17662492 -0.20648152 -0.38718690   

	 - Coordinate -           - BOHR/RAD -       - ANG/DEG -
	 H(3,26)          =         4.172923           2.208216
	 R(1,2)           =         2.817962           1.491201
	 R(1,17)          =         2.513480           1.330076
	 R(1,22)          =         2.052412           1.086090
	 R(2,3)           =         2.294747           1.214328
	 R(2,4)           =         2.600401           1.376073
	 R(4,5)           =         2.651869           1.403309
	 R(4,23)          =         1.903693           1.007391
	 R(5,6)           =         2.690505           1.423754
	 R(5,16)          =         2.597433           1.374502
	 R(6,7)           =         2.053027           1.086415
	 R(6,8)           =         2.577449           1.363927
	 R(8,9)           =         2.675296           1.415706
	 R(8,24)          =         2.046880           1.083162
	 R(9,10)          =         2.569044           1.359480
	 R(9,15)          =         2.665781           1.410670
	 R(10,11)         =         2.468779           1.306422
	 R(11,12)         =         2.566318           1.358037
	 R(11,25)         =         2.052043           1.085894
	 R(12,13)         =         2.472246           1.308256
	 R(13,14)         =         2.057374           1.088716
	 R(13,15)         =         2.676117           1.416140
	 R(15,16)         =         2.671829           1.413871
	 R(16,26)         =         2.041975           1.080566
	 R(17,18)         =         2.836981           1.501266
	 R(17,27)         =         2.056698           1.088358
	 R(18,19)         =         2.756522           1.458689
	 R(18,28)         =         2.093347           1.107751
	 R(18,29)         =         2.064836           1.092664
	 R(19,20)         =         2.744320           1.452232
	 R(19,21)         =         2.744828           1.452501
	 R(20,30)         =         2.089883           1.105919
	 R(20,31)         =         2.063817           1.092125
	 R(20,32)         =         2.063676           1.092050
	 R(21,33)         =         2.063971           1.092207
	 R(21,34)         =         2.064365           1.092415
	 R(21,35)         =         2.089164           1.105538
	 B(1,2,3)         =         2.116967         121.293253
	 B(1,2,4)         =         2.002813         114.752713
	 B(1,17,18)       =         2.166937         124.156339
	 B(1,17,27)       =         2.086400         119.541915
	 B(2,1,17)        =         2.179777         124.892015
	 B(2,1,22)        =         1.984758         113.718284
	 B(2,4,5)         =         2.238707         128.268486
	 B(2,4,23)        =         2.019312         115.698059
	 B(3,2,4)         =         2.163397         123.953517
	 B(4,5,6)         =         2.028217         116.208260
	 B(4,5,16)        =         2.166409         124.126074
	 B(5,4,23)        =         2.019235         115.693629
	 B(5,6,7)         =         2.074878         118.881750
	 B(5,6,8)         =         2.124255         121.710833
	 B(5,16,15)       =         2.077410         119.026843
	 B(5,16,26)       =         2.104858         120.599470
	 B(6,5,16)        =         2.088552         119.665221
	 B(6,8,9)         =         2.090642         119.784950
	 B(6,8,24)        =         2.122075         121.585932
	 B(7,6,8)         =         2.084052         119.407378
	 B(8,9,10)        =         2.096117         120.098661
	 B(8,9,15)        =         2.066826         118.420384
	 B(9,8,24)        =         2.070467         118.629047
	 B(9,10,11)       =         2.033316         116.500402
	 B(9,15,13)       =         2.016035         115.510296
	 B(9,15,16)       =         2.118677         121.391235
	 B(10,9,15)       =         2.120241         121.480851
	 B(10,11,12)      =         2.221977         127.309884
	 B(10,11,25)      =         2.045086         117.174798
	 B(11,12,13)      =         2.030049         116.313230
	 B(12,11,25)      =         2.016123         115.515318
	 B(12,13,14)      =         2.048729         117.383517
	 B(12,13,15)      =         2.144751         122.885205
	 B(13,15,16)      =         2.148473         123.098452
	 B(14,13,15)      =         2.089705         119.731257
	 B(15,16,26)      =         2.100859         120.370373
	 B(17,1,22)       =         2.114910         121.175425
	 B(17,18,19)      =         1.952823         111.888487
	 B(17,18,28)      =         1.911097         109.497767
	 B(17,18,29)      =         1.898574         108.780281
	 B(18,17,27)      =         2.029354         116.273420
	 B(18,19,20)      =         1.954762         111.999615
	 B(18,19,21)      =         1.945349         111.460268
	 B(19,18,28)      =         1.939968         111.151992
	 B(19,18,29)      =         1.897092         108.695380
	 B(19,20,30)      =         1.959896         112.293760
	 B(19,20,31)      =         1.913620         109.642347
	 B(19,20,32)      =         1.936372         110.945928
	 B(19,21,33)      =         1.920619         110.043348
	 B(19,21,34)      =         1.911161         109.501439
	 B(19,21,35)      =         1.967546         112.732099
	 B(20,19,21)      =         1.930972         110.636529
	 B(28,18,29)      =         1.861532         106.657905
	 B(30,20,31)      =         1.891022         108.347588
	 B(30,20,32)      =         1.883127         107.895254
	 B(31,20,32)      =         1.877321         107.562582
	 B(33,21,34)      =         1.884375         107.966761
	 B(33,21,35)      =         1.892448         108.429277
	 B(34,21,35)      =         1.885567         108.035052
	 D(1,2,4,5)       =        -3.112790        -178.349740
	 D(1,2,4,23)      =         0.151712           8.692449
	 D(1,17,18,19)    =         2.392706         137.091940
	 D(1,17,18,28)    =        -1.731575         -99.211920
	 D(1,17,18,29)    =         0.296599          16.993871
	 D(2,1,17,18)     =         3.080426         176.495381
	 D(2,1,17,27)     =        -0.026074          -1.493948
	 D(2,4,5,6)       =         3.222687         184.646361
	 D(2,4,5,16)      =         0.085358           4.890677
	 D(3,2,1,17)      =        -2.500654        -143.276928
	 D(3,2,1,22)      =         0.548644          31.435007
	 D(3,2,4,5)       =         0.033327           1.909477
	 D(3,2,4,23)      =        -2.985357        -171.048335
	 D(4,2,1,17)      =         0.645330          36.974696
	 D(4,2,1,22)      =        -2.588557        -148.313369
	 D(4,5,6,7)       =         0.001728           0.098995
	 D(4,5,6,8)       =        -3.141116        -179.972686
	 D(4,5,16,15)     =         3.142125         180.030482
	 D(4,5,16,26)     =        -0.010984          -0.629346
	 D(5,6,8,9)       =         0.000807           0.046221
	 D(5,6,8,24)      =         3.144117         180.144616
	 D(5,16,15,9)     =        -0.003758          -0.215292
	 D(5,16,15,13)    =         3.138691         179.833733
	 D(6,5,4,23)      =        -0.041810          -2.395564
	 D(6,5,16,15)     =         0.004935           0.282744
	 D(6,5,16,26)     =         3.135011         179.622916
	 D(6,8,9,10)      =         3.144069         180.141901
	 D(6,8,9,15)      =         0.000447           0.025611
	 D(7,6,5,16)      =        -3.143927        -180.133757
	 D(7,6,8,9)       =         3.141142         179.974172
	 D(7,6,8,24)      =         0.001267           0.072567
	 D(8,6,5,16)      =        -0.003586          -0.205438
	 D(8,9,10,11)     =         3.139832         179.899103
	 D(8,9,15,13)     =        -3.141367        -179.987060
	 D(8,9,15,16)     =         0.001020           0.058447
	 D(9,10,11,12)    =         0.001374           0.078744
	 D(9,10,11,25)    =         3.142966         180.078689
	 D(9,15,13,12)    =         0.001919           0.109938
	 D(9,15,13,14)    =         3.142560         180.055449
	 D(9,15,16,26)    =         3.149324         180.442985
	 D(10,9,8,24)     =         0.000810           0.046408
	 D(10,9,15,13)    =        -0.001833          -0.105033
	 D(10,9,15,16)    =        -3.142632        -180.059527
	 D(10,11,12,13)   =        -0.001319          -0.075549
	 D(11,10,9,15)    =         0.000332           0.019029
	 D(11,12,13,14)   =        -3.141138        -179.973945
	 D(11,12,13,15)   =        -0.000475          -0.027233
	 D(12,13,15,16)   =         3.142702         180.063568
	 D(13,12,11,25)   =        -3.142910        -180.075495
	 D(13,15,16,26)   =         0.008587           0.492010
	 D(14,13,15,16)   =         0.000158           0.009079
	 D(15,9,8,24)     =         3.140373         179.930118
	 D(16,5,4,23)     =         3.104046         177.848752
	 D(17,18,19,20)   =         1.363705          78.134550
	 D(17,18,19,21)   =        -2.745514        -157.306386
	 D(18,17,1,22)    =         0.037614           2.155132
	 D(18,19,20,30)   =         1.115319          63.903075
	 D(18,19,20,31)   =        -3.064709        -175.594913
	 D(18,19,20,32)   =        -0.993620         -56.930245
	 D(18,19,21,33)   =         1.025448          58.753869
	 D(18,19,21,34)   =         3.094095         177.278575
	 D(18,19,21,35)   =        -1.089517         -62.424736
	 D(19,18,17,27)   =        -0.782935         -44.858845
	 D(20,19,18,28)   =        -0.778874         -44.626205
	 D(20,19,18,29)   =        -2.822507        -161.717744
	 D(20,19,21,33)   =        -3.070482        -175.925650
	 D(20,19,21,34)   =        -1.001835         -57.400945
	 D(20,19,21,35)   =         1.097738          62.895744
	 D(21,19,18,28)   =         1.395092          79.932859
	 D(21,19,18,29)   =        -0.648541         -37.158680
	 D(21,19,20,30)   =        -1.066611         -61.112318
	 D(21,19,20,31)   =         1.036546          59.389694
	 D(21,19,20,32)   =         3.107635         178.054362
	 D(22,1,17,27)    =        -3.068886        -175.834197
	 D(27,17,18,28)   =         1.375970          78.837295
	 D(27,17,18,29)   =        -2.879041        -164.956914


	        --- Internal Coordinate Step in ANG or DEG, aJ/ANG or AJ/DEG ---
	-------------------------------------------------------------------------------
	           Coordinate      Previous         Force          Change          New 
	           ----------      --------        ------          ------        ------
	              H(3,26)       2.20822        0.00006        0.00130       2.20951
	               R(1,2)       1.49120        0.00000       -0.00001       1.49119
	              R(1,17)       1.33008       -0.00027       -0.00003       1.33004
	              R(1,22)       1.08609       -0.00035       -0.00004       1.08605
	               R(2,3)       1.21433        0.00020       -0.00002       1.21431
	               R(2,4)       1.37607       -0.00077       -0.00003       1.37604
	               R(4,5)       1.40331        0.00029       -0.00002       1.40329
	              R(4,23)       1.00739       -0.00011       -0.00001       1.00738
	               R(5,6)       1.42375        0.00050        0.00001       1.42376
	              R(5,16)       1.37450       -0.00083       -0.00008       1.37442
	               R(6,7)       1.08642       -0.00047       -0.00006       1.08636
	               R(6,8)       1.36393       -0.00038       -0.00003       1.36390
	               R(8,9)       1.41571        0.00061        0.00006       1.41577
	              R(8,24)       1.08316       -0.00031       -0.00003       1.08313
	              R(9,10)       1.35948        0.00020       -0.00001       1.35947
	              R(9,15)       1.41067       -0.00115       -0.00011       1.41056
	             R(10,11)       1.30642        0.00069        0.00012       1.30654
	             R(11,12)       1.35804       -0.00058       -0.00005       1.35799
	             R(11,25)       1.08589       -0.00025       -0.00004       1.08586
	             R(12,13)       1.30826        0.00095        0.00010       1.30835
	             R(13,14)       1.08872       -0.00029       -0.00003       1.08869
	             R(13,15)       1.41614       -0.00066       -0.00012       1.41602
	             R(15,16)       1.41387        0.00048        0.00001       1.41388
	             R(16,26)       1.08057       -0.00047       -0.00005       1.08052
	             R(17,18)       1.50127       -0.00025       -0.00006       1.50121
	             R(17,27)       1.08836       -0.00031       -0.00004       1.08832
	             R(18,19)       1.45869        0.00022        0.00007       1.45876
	             R(18,28)       1.10775       -0.00039       -0.00005       1.10770
	             R(18,29)       1.09266        0.00016        0.00003       1.09269
	             R(19,20)       1.45223       -0.00032       -0.00002       1.45221
	             R(19,21)       1.45250       -0.00002       -0.00003       1.45247
	             R(20,30)       1.10592       -0.00016       -0.00001       1.10591
	             R(20,31)       1.09212       -0.00016       -0.00002       1.09211
	             R(20,32)       1.09205        0.00007        0.00001       1.09206
	             R(21,33)       1.09221       -0.00003        0.00001       1.09221
	             R(21,34)       1.09241       -0.00012       -0.00001       1.09240
	             R(21,35)       1.10554       -0.00012       -0.00001       1.10553
	             B(1,2,3)     121.29325       -0.00000        0.01581     121.30906
	             B(1,2,4)     114.75271        0.00000       -0.01564     114.73707
	           B(1,17,18)     124.15634        0.00000        0.01665     124.17299
	           B(1,17,27)     119.54191       -0.00000       -0.01399     119.52792
	            B(2,1,17)     124.89202        0.00000       -0.03599     124.85602
	            B(2,1,22)     113.71828       -0.00000        0.01686     113.73515
	             B(2,4,5)     128.26849       -0.00000       -0.00302     128.26547
	            B(2,4,23)     115.69806        0.00000       -0.00340     115.69466
	             B(3,2,4)     123.95352       -0.00000       -0.00008     123.95344
	             B(4,5,6)     116.20826       -0.00000       -0.00707     116.20119
	            B(4,5,16)     124.12607        0.00000        0.00174     124.12781
	            B(5,4,23)     115.69363        0.00000        0.01626     115.70988
	             B(5,6,7)     118.88175        0.00000        0.00651     118.88826
	             B(5,6,8)     121.71083        0.00000       -0.00044     121.71039
	           B(5,16,15)     119.02684       -0.00000       -0.00871     119.01814
	           B(5,16,26)     120.59947        0.00000        0.00540     120.60487
	            B(6,5,16)     119.66522        0.00000        0.00529     119.67051
	             B(6,8,9)     119.78495       -0.00000       -0.00211     119.78284
	            B(6,8,24)     121.58593       -0.00000       -0.00586     121.58008
	             B(7,6,8)     119.40738       -0.00000       -0.00607     119.40131
	            B(8,9,10)     120.09866        0.00000        0.00268     120.10134
	            B(8,9,15)     118.42038       -0.00000       -0.00472     118.41566
	            B(9,8,24)     118.62905        0.00000        0.00795     118.63700
	           B(9,10,11)     116.50040       -0.00000       -0.00351     116.49690
	           B(9,15,13)     115.51030        0.00000        0.00357     115.51387
	           B(9,15,16)     121.39123        0.00000        0.01079     121.40203
	           B(10,9,15)     121.48085        0.00000        0.00203     121.48288
	          B(10,11,12)     127.30988       -0.00000        0.00047     127.31036
	          B(10,11,25)     117.17480       -0.00000       -0.00959     117.16521
	          B(11,12,13)     116.31323       -0.00000       -0.00609     116.30714
	          B(12,11,25)     115.51532        0.00000        0.00912     115.52443
	          B(12,13,14)     117.38352       -0.00000       -0.00135     117.38217
	          B(12,13,15)     122.88520        0.00000        0.00349     122.88870
	          B(13,15,16)     123.09845       -0.00001       -0.01438     123.08408
	          B(14,13,15)     119.73126        0.00000       -0.00214     119.72912
	          B(15,16,26)     120.37037       -0.00000        0.00319     120.37356
	           B(17,1,22)     121.17543        0.00000        0.01661     121.19204
	          B(17,18,19)     111.88849       -0.00001       -0.00397     111.88452
	          B(17,18,28)     109.49777        0.00000        0.00131     109.49908
	          B(17,18,29)     108.78028        0.00000        0.00515     108.78543
	          B(18,17,27)     116.27342       -0.00000       -0.00162     116.27180
	          B(18,19,20)     111.99961       -0.00000        0.00671     112.00633
	          B(18,19,21)     111.46027        0.00000        0.00217     111.46244
	          B(19,18,28)     111.15199        0.00000       -0.00881     111.14318
	          B(19,18,29)     108.69538        0.00000        0.01116     108.70654
	          B(19,20,30)     112.29376       -0.00000        0.00187     112.29563
	          B(19,20,31)     109.64235        0.00000       -0.00082     109.64153
	          B(19,20,32)     110.94593        0.00000        0.00618     110.95211
	          B(19,21,33)     110.04335        0.00000        0.00174     110.04508
	          B(19,21,34)     109.50144        0.00000        0.00490     109.50634
	          B(19,21,35)     112.73210       -0.00000       -0.00183     112.73027
	          B(20,19,21)     110.63653        0.00000        0.01573     110.65226
	          B(28,18,29)     106.65790       -0.00000       -0.00447     106.65343
	          B(30,20,31)     108.34759        0.00000        0.00024     108.34783
	          B(30,20,32)     107.89525       -0.00000       -0.00157     107.89369
	          B(31,20,32)     107.56258        0.00000       -0.00640     107.55618
	          B(33,21,34)     107.96676       -0.00000       -0.00039     107.96638
	          B(33,21,35)     108.42928       -0.00000        0.00009     108.42936
	          B(34,21,35)     108.03505       -0.00000       -0.00461     108.03044
	           D(1,2,4,5)    -178.34974        0.00000        0.11456    -178.23518
	          D(1,2,4,23)       8.69245       -0.00000        0.01120       8.70365
	        D(1,17,18,19)     137.09194        0.00000       -0.15818     136.93376
	        D(1,17,18,28)     -99.21192       -0.00000       -0.17128     -99.38320
	        D(1,17,18,29)      16.99387       -0.00000       -0.17301      16.82086
	         D(2,1,17,18)     176.49538       -0.00000        0.00204     176.49742
	         D(2,1,17,27)      -1.49395       -0.00000       -0.03501      -1.52896
	           D(2,4,5,6)     184.64636        0.00000        0.31282     184.95918
	          D(2,4,5,16)       4.89068        0.00000        0.32454       5.21522
	          D(3,2,1,17)    -143.27693        0.00000        0.18243    -143.09450
	          D(3,2,1,22)      31.43501        0.00000        0.15270      31.58771
	           D(3,2,4,5)       1.90948        0.00000        0.09319       2.00267
	          D(3,2,4,23)    -171.04833       -0.00000       -0.01017    -171.05850
	          D(4,2,1,17)      36.97470        0.00000        0.16173      37.13642
	          D(4,2,1,22)    -148.31337       -0.00000        0.13200    -148.18137
	           D(4,5,6,7)       0.09899        0.00000        0.04340       0.14240
	           D(4,5,6,8)    -179.97269        0.00000        0.04047    -179.93222
	         D(4,5,16,15)     180.03048       -0.00000       -0.03937     179.99111
	         D(4,5,16,26)      -0.62935       -0.00000       -0.05062      -0.67997
	           D(5,6,8,9)       0.04622       -0.00000       -0.01350       0.03272
	          D(5,6,8,24)     180.14462       -0.00000       -0.00349     180.14113
	         D(5,16,15,9)      -0.21529        0.00000        0.01094      -0.20435
	        D(5,16,15,13)     179.83373        0.00000        0.02720     179.86094
	          D(6,5,4,23)      -2.39556        0.00000        0.41503      -1.98053
	         D(6,5,16,15)       0.28274       -0.00000       -0.02724       0.25551
	         D(6,5,16,26)     179.62292       -0.00000       -0.03849     179.58442
	          D(6,8,9,10)     180.14190       -0.00000        0.00202     180.14393
	          D(6,8,9,15)       0.02561       -0.00000       -0.00322       0.02239
	          D(7,6,5,16)    -180.13376        0.00000        0.03223    -180.10153
	           D(7,6,8,9)     179.97417       -0.00000       -0.01644     179.95774
	          D(7,6,8,24)       0.07257       -0.00000       -0.00642       0.06614
	          D(8,6,5,16)      -0.20544        0.00000        0.02930      -0.17614
	         D(8,9,10,11)     179.89910        0.00000        0.00246     179.90156
	         D(8,9,15,13)    -179.98706       -0.00000       -0.01050    -179.99756
	         D(8,9,15,16)       0.05845       -0.00000        0.00461       0.06305
	        D(9,10,11,12)       0.07874        0.00000        0.00706       0.08581
	        D(9,10,11,25)     180.07869        0.00000        0.01146     180.09015
	        D(9,15,13,12)       0.10994        0.00000        0.01040       0.12034
	        D(9,15,13,14)     180.05545        0.00000        0.01972     180.07517
	        D(9,15,16,26)     180.44298        0.00000        0.02215     180.46514
	         D(10,9,8,24)       0.04641        0.00000       -0.00771       0.03870
	        D(10,9,15,13)      -0.10503       -0.00000       -0.01582      -0.12086
	        D(10,9,15,16)    -180.05953       -0.00000       -0.00071    -180.06024
	       D(10,11,12,13)      -0.07555       -0.00000       -0.01237      -0.08792
	        D(11,10,9,15)       0.01903        0.00000        0.00788       0.02690
	       D(11,12,13,14)    -179.97395       -0.00000       -0.00655    -179.98050
	       D(11,12,13,15)      -0.02723        0.00000        0.00256      -0.02467
	       D(12,13,15,16)     180.06357        0.00000       -0.00498     180.05859
	       D(13,12,11,25)    -180.07549       -0.00000       -0.01670    -180.09220
	       D(13,15,16,26)       0.49201        0.00000        0.03842       0.53043
	       D(14,13,15,16)       0.00908        0.00000        0.00434       0.01342
	         D(15,9,8,24)     179.93012        0.00000       -0.01295     179.91716
	         D(16,5,4,23)     177.84875        0.00000        0.42675     178.27550
	       D(17,18,19,20)      78.13455       -0.00000       -0.12740      78.00715
	       D(17,18,19,21)    -157.30639       -0.00000       -0.09996    -157.40634
	        D(18,17,1,22)       2.15513        0.00000        0.03413       2.18926
	       D(18,19,20,30)      63.90308        0.00000        0.02694      63.93002
	       D(18,19,20,31)    -175.59491        0.00000        0.02791    -175.56701
	       D(18,19,20,32)     -56.93025        0.00000        0.02329     -56.90695
	       D(18,19,21,33)      58.75387        0.00000        0.00497      58.75884
	       D(18,19,21,34)     177.27857        0.00000        0.00852     177.28710
	       D(18,19,21,35)     -62.42474       -0.00000        0.00487     -62.41986
	       D(19,18,17,27)     -44.85884        0.00000       -0.12247     -44.98131
	       D(20,19,18,28)     -44.62621       -0.00000       -0.11985     -44.74605
	       D(20,19,18,29)    -161.71774       -0.00000       -0.11609    -161.83383
	       D(20,19,21,33)    -175.92565       -0.00000        0.02712    -175.89853
	       D(20,19,21,34)     -57.40095        0.00000        0.03067     -57.37027
	       D(20,19,21,35)      62.89574       -0.00000        0.02702      62.92277
	       D(21,19,18,28)      79.93286        0.00000       -0.09240      79.84046
	       D(21,19,18,29)     -37.15868       -0.00000       -0.08864     -37.24732
	       D(21,19,20,30)     -61.11232       -0.00000        0.00719     -61.10513
	       D(21,19,20,31)      59.38969       -0.00000        0.00816      59.39785
	       D(21,19,20,32)     178.05436       -0.00000        0.00354     178.05790
	        D(22,1,17,27)    -175.83420        0.00000       -0.00292    -175.83712
	       D(27,17,18,28)      78.83730       -0.00000       -0.13557      78.70172
	       D(27,17,18,29)    -164.95691       -0.00000       -0.13730    -165.09422
	-------------------------------------------------------------------------------

	                                 ==> Convergence Check <==                                  
    
	Measures of convergence in internal coordinates in au.
    
	Criteria marked as inactive (o), active & met (*), and active & unmet ( ).

	----------------------------------------------------------------------------------------------
	   Step    Total Energy     Delta E     Max Force     RMS Force      Max Disp      RMS Disp   
	----------------------------------------------------------------------------------------------
	  Convergence Criteria     1.00e-06 *    3.00e-04 *             o    1.20e-03 *             o
	----------------------------------------------------------------------------------------------
	     9    -837.27419877   -7.50e-06      1.40e-04 *    3.15e-05 o    7.45e-03      1.29e-03 o  ~
	----------------------------------------------------------------------------------------------

Next Geometry in Ang 
	Fragment 1 (Ang)

	    C   1.5692437572   1.5163117014   0.4445942772
	    C   0.0795275882   1.5592959195   0.3939968968
	    O  -0.5220353374   2.6140785578   0.4042906489
	    N  -0.5306210579   0.3270477493   0.3412987176
	    C  -1.9011463979   0.0389868509   0.2524049724
	    C  -2.2602853013  -1.3368580518   0.3243080642
	    H  -1.4755771542  -2.0785402292   0.4439546587
	    C  -3.5599596107  -1.7434387845   0.2483958636
	    C  -4.5891348890  -0.7836683887   0.0933567822
	    N  -5.8870160007  -1.1815108370   0.0199160016
	    C  -6.7790438365  -0.2373228103  -0.1209673712
	    N  -6.5563219987   1.0996882712  -0.2041949221
	    C  -5.3079996862   1.4850650554  -0.1337161584
	    H  -5.1094189836   2.5535417619  -0.1982539336
	    C  -4.2310687321   0.5787789382   0.0211747541
	    C  -2.8807771989   0.9907332606   0.0990015909
	    C   2.3271734107   0.6418057897  -0.2109954222
	    C   3.8282852483   0.6588562667  -0.2090012928
	    N   4.3870606806  -0.6799968514  -0.0565870429
	    C   4.3404831004  -1.4335502134  -1.2971161232
	    C   5.7421014636  -0.6341986710   0.4644114098
	    H   2.0113772877   2.3344665594   1.0055212959
	    H   0.0746259757  -0.4662950772   0.4795010012
	    H  -3.8309844899  -2.7905543596   0.3055933567
	    H  -7.8193895043  -0.5428839670  -0.1792968838
	    H  -2.6258251449   2.0395716382   0.0493868626
	    H   1.8549585785  -0.1268559096  -0.8197752619
	    H   4.1938045567   1.1411171114  -1.1368026029
	    H   4.1720350737   1.2788185244   0.6225356187
	    H   4.9663939629  -0.9793620886  -2.0876708963
	    H   4.6938027223  -2.4518974634  -1.1215277122
	    H   3.3182045859  -1.5001901192  -1.6753952769
	    H   5.7540801921  -0.1286318432   1.4324956458
	    H   6.1110715426  -1.6518776020   0.6111466652
	    H   6.4423755969  -0.1105306890  -0.2120413216


    Structure for next step:
    Molecular point group: c1
    Full point group: C1

    Geometry (in Angstrom), charge = 0, multiplicity = 1:

    C            1.569243757240     1.516311701423     0.444594277159
    C            0.079527588241     1.559295919484     0.393996896755
    O           -0.522035337378     2.614078557828     0.404290648890
    N           -0.530621057852     0.327047749333     0.341298717618
    C           -1.901146397865     0.038986850885     0.252404972448
    C           -2.260285301261    -1.336858051818     0.324308064200
    H           -1.475577154222    -2.078540229215     0.443954658722
    C           -3.559959610672    -1.743438784500     0.248395863598
    C           -4.589134888997    -0.783668388707     0.093356782237
    N           -5.887016000687    -1.181510836999     0.019916001646
    C           -6.779043836494    -0.237322810328    -0.120967371192
    N           -6.556321998722     1.099688271247    -0.204194922148
    C           -5.307999686210     1.485065055360    -0.133716158429
    H           -5.109418983604     2.553541761928    -0.198253933644
    C           -4.231068732089     0.578778938231     0.021174754076
    C           -2.880777198948     0.990733260602     0.099001590884
    C            2.327173410713     0.641805789683    -0.210995422211
    C            3.828285248277     0.658856266748    -0.209001292817
    N            4.387060680631    -0.679996851415    -0.056587042866
    C            4.340483100443    -1.433550213404    -1.297116123191
    C            5.742101463598    -0.634198670977     0.464411409778
    H            2.011377287694     2.334466559440     1.005521295913
    H            0.074625975708    -0.466295077223     0.479501001242
    H           -3.830984489933    -2.790554359600     0.305593356712
    H           -7.819389504254    -0.542883967035    -0.179296883782
    H           -2.625825144928     2.039571638169     0.049386862611
    H            1.854958578511    -0.126855909614    -0.819775261917
    H            4.193804556749     1.141117111433    -1.136802602868
    H            4.172035073666     1.278818524388     0.622535618695
    H            4.966393962904    -0.979362088593    -2.087670896253
    H            4.693802722313    -2.451897463394    -1.121527712224
    H            3.318204585854    -1.500190119204    -1.675395276852
    H            5.754080192092    -0.128631843157     1.432495645824
    H            6.111071542597    -1.651877602004     0.611146665171
    H            6.442375596886    -0.110530688995    -0.212041321599


Scratch directory: /tmp/
gradient() will perform analytic gradient computation.
   => Libint2 <=

    Primary   basis highest AM E, G, H:  7, 6, 3
    Auxiliary basis highest AM E, G, H:  7, 7, 4
    Onebody   basis highest AM E, G, H:  -, -, -
    Solid Harmonics ordering:            Gaussian

*** tstart() called on eristm01.eisai.local
*** at Wed May 20 08:47:40 2026

   => Loading Basis Set <=

    Name: 6-311+G(D,P)
    Role: ORBITAL
    Keyword: BASIS
    atoms 1-2, 5-6, 8-9, 11, 13, 15-18, 20-21 entry C          line   129 file /home2/shbae/bucket/covalent/.pixi/envs/default/share/psi4/basis/6-311pg_d_p_.gbs 
    atoms 3                                   entry O          line   171 file /home2/shbae/bucket/covalent/.pixi/envs/default/share/psi4/basis/6-311pg_d_p_.gbs 
    atoms 4, 10, 12, 19                       entry N          line   150 file /home2/shbae/bucket/covalent/.pixi/envs/default/share/psi4/basis/6-311pg_d_p_.gbs 
    atoms 7, 14, 22-35                        entry H          line    42 file /home2/shbae/bucket/covalent/.pixi/envs/default/share/psi4/basis/6-311pg_d_p_.gbs 

   => WB97X-D: Empirical Dispersion <=

    Chai and Head-Gordon Dispersion Correction
    Chai, J.-D.; Head-Gordon, M. (2010), J. Chem. Phys., 132: 6615-6620

        s6 =       1.000000


         ---------------------------------------------------------
                                   SCF
               by Justin Turney, Rob Parrish, Andy Simmonett
                          and Daniel G. A. Smith
                              RKS Reference
                        8 Threads,   7629 MiB Core
         ---------------------------------------------------------

  ==> Geometry <==

    Molecular point group: c1
    Full point group: C1

    Geometry (in Angstrom), charge = 0, multiplicity = 1:

       Center              X                  Y                   Z               Mass       
    ------------   -----------------  -----------------  -----------------  -----------------
         C            1.569243757240     1.516311701423     0.444594277159    12.000000000000
         C            0.079527588241     1.559295919484     0.393996896755    12.000000000000
         O           -0.522035337378     2.614078557828     0.404290648890    15.994914619570
         N           -0.530621057852     0.327047749333     0.341298717618    14.003074004430
         C           -1.901146397865     0.038986850885     0.252404972448    12.000000000000
         C           -2.260285301261    -1.336858051818     0.324308064200    12.000000000000
         H           -1.475577154222    -2.078540229215     0.443954658722     1.007825032230
         C           -3.559959610672    -1.743438784500     0.248395863598    12.000000000000
         C           -4.589134888997    -0.783668388707     0.093356782237    12.000000000000
         N           -5.887016000687    -1.181510836999     0.019916001646    14.003074004430
         C           -6.779043836494    -0.237322810328    -0.120967371192    12.000000000000
         N           -6.556321998722     1.099688271247    -0.204194922148    14.003074004430
         C           -5.307999686210     1.485065055360    -0.133716158429    12.000000000000
         H           -5.109418983604     2.553541761928    -0.198253933644     1.007825032230
         C           -4.231068732089     0.578778938231     0.021174754076    12.000000000000
         C           -2.880777198948     0.990733260602     0.099001590884    12.000000000000
         C            2.327173410713     0.641805789683    -0.210995422211    12.000000000000
         C            3.828285248277     0.658856266748    -0.209001292817    12.000000000000
         N            4.387060680631    -0.679996851415    -0.056587042866    14.003074004430
         C            4.340483100443    -1.433550213404    -1.297116123191    12.000000000000
         C            5.742101463598    -0.634198670977     0.464411409778    12.000000000000
         H            2.011377287694     2.334466559440     1.005521295913     1.007825032230
         H            0.074625975708    -0.466295077223     0.479501001242     1.007825032230
         H           -3.830984489933    -2.790554359600     0.305593356712     1.007825032230
         H           -7.819389504254    -0.542883967035    -0.179296883782     1.007825032230
         H           -2.625825144928     2.039571638169     0.049386862611     1.007825032230
         H            1.854958578511    -0.126855909614    -0.819775261917     1.007825032230
         H            4.193804556749     1.141117111433    -1.136802602868     1.007825032230
         H            4.172035073666     1.278818524388     0.622535618695     1.007825032230
         H            4.966393962904    -0.979362088593    -2.087670896253     1.007825032230
         H            4.693802722313    -2.451897463394    -1.121527712224     1.007825032230
         H            3.318204585854    -1.500190119204    -1.675395276852     1.007825032230
         H            5.754080192092    -0.128631843157     1.432495645824     1.007825032230
         H            6.111071542597    -1.651877602004     0.611146665171     1.007825032230
         H            6.442375596886    -0.110530688995    -0.212041321599     1.007825032230

  Running in c1 symmetry.

  Rotational constants: A =      0.03751  B =      0.00388  C =      0.00358 [cm^-1]
  Rotational constants: A =   1124.55082  B =    116.26333  C =    107.43576 [MHz]
  Nuclear repulsion = 1283.738353608119041

  Charge       = 0
  Multiplicity = 1
  Electrons    = 136
  Nalpha       = 68
  Nbeta        = 68

  ==> Algorithm <==

  SCF Algorithm Type is DF.
  DIIS enabled.
  MOM disabled.
  Fractional occupation disabled.
  Guess Type is READ.
  Energy threshold   = 1.00e-08
  Density threshold  = 1.00e-08
  Integral threshold = 1.00e-12

  ==> Primary Basis <==

  Basis Set: 6-311+G(D,P)
    Blend: 6-311+G(D,P)
    Number of shells: 254
    Number of basis functions: 514
    Number of Cartesian functions: 533
    Spherical Harmonics?: true
    Max angular momentum: 2

  ==> DFT Potential <==

   => LibXC <=

    Version 7.0.0
    S. Lehtola, C. Steigemann, M. J.T. Oliveira, and M. A.L. Marques.,  SoftwareX 7, 1–5 (2018) (10.1016/j.softx.2017.11.002)

   => Composite Functional: WB97X-D <= 

    wB97X-D Hyb-GGA Exchange-Correlation Functional

    J.-D. Chai and M. Head-Gordon.,  Phys. Chem. Chem. Phys. 10, 6615-6620 (2008) (10.1039/B810189B)

    Deriv               =              1
    GGA                 =           TRUE
    Meta                =          FALSE

    Exchange Hybrid     =           TRUE
    MP2 Hybrid          =          FALSE

   => Exchange-Correlation Functionals <=

    1.0000   wB97X-D range-separated functional

   => Exact (HF) Exchange <=

    0.7780            HF,LR [omega = 0.2000]
    0.2220               HF 

   => LibXC Density Thresholds  <==

    XC_HYB_GGA_XC_WB97X_D:  1.00E-14 

   => Molecular Quadrature <=

    Radial Scheme          =       TREUTLER
    Pruning Scheme         =           NONE
    Nuclear Scheme         =       TREUTLER

    Blocking Scheme        =         OCTREE
    BS radius alpha        =              1
    Pruning alpha          =              1
    Radial Points          =             75
    Spherical Points       =            302
    Total Points           =         730564
    Total Blocks           =           5304
    Max Points             =            256
    Max Functions          =            353
    Weights Tolerance      =       1.00E-15

   => Loading Basis Set <=

    Name: (6-311+G(D,P) AUX)
    Role: JKFIT
    Keyword: DF_BASIS_SCF
    atoms 1-2, 5-6, 8-9, 11, 13, 15-18, 20-21 entry C          line   200 file /home2/shbae/bucket/covalent/.pixi/envs/default/share/psi4/basis/heavy-aug-cc-pvtz-jkfit.gbs 
    atoms 3                                   entry O          line   324 file /home2/shbae/bucket/covalent/.pixi/envs/default/share/psi4/basis/heavy-aug-cc-pvtz-jkfit.gbs 
    atoms 4, 10, 12, 19                       entry N          line   262 file /home2/shbae/bucket/covalent/.pixi/envs/default/share/psi4/basis/heavy-aug-cc-pvtz-jkfit.gbs 
    atoms 7, 14, 22-35                        entry H          line   116 file /home2/shbae/bucket/covalent/.pixi/envs/default/share/psi4/basis/heavy-aug-cc-pvtz-jkfit.gbs 

   => Loading Basis Set <=

    Name: 6-311+G(D,P)
    Role: ORBITAL
    Keyword: BASIS
    atoms 1-2, 5-6, 8-9, 11, 13, 15-18, 20-21 entry C          line   129 file /home2/shbae/bucket/covalent/.pixi/envs/default/share/psi4/basis/6-311pg_d_p_.gbs 
    atoms 3                                   entry O          line   171 file /home2/shbae/bucket/covalent/.pixi/envs/default/share/psi4/basis/6-311pg_d_p_.gbs 
    atoms 4, 10, 12, 19                       entry N          line   150 file /home2/shbae/bucket/covalent/.pixi/envs/default/share/psi4/basis/6-311pg_d_p_.gbs 
    atoms 7, 14, 22-35                        entry H          line    42 file /home2/shbae/bucket/covalent/.pixi/envs/default/share/psi4/basis/6-311pg_d_p_.gbs 

  Reading orbitals from file /tmp/3_reactant.default.2248151.180.npy, no projection.

  ==> Integral Setup <==

  ==> DiskDFJK: Density-Fitted J/K Matrices <==

    J tasked:                  Yes
    K tasked:                  Yes
    wK tasked:                 Yes
    Omega:               2.000E-01
    OpenMP threads:              8
    Integrals threads:           8
    Memory [MiB]:             1957
    Algorithm:                Disk
    Integral Cache:           NONE
    Schwarz Cutoff:          1E-12
    Fitting Condition:       1E-10

   => Auxiliary Basis Set <=

  Basis Set: (6-311+G(D,P) AUX)
    Blend: HEAVY-AUG-CC-PVTZ-JKFIT
    Number of shells: 730
    Number of basis functions: 2456
    Number of Cartesian functions: 3049
    Spherical Harmonics?: true
    Max angular momentum: 4

  Cached 50.0% of DFT collocation blocks in 2.586 [GiB].

  Minimum eigenvalue in the overlap matrix is 1.7686411362E-07.
  Reciprocal condition number of the overlap matrix is 1.2144682201E-08.
    Using symmetric orthogonalization.

  ==> Pre-Iterations <==

  SCF Guess: Orbitals guess was supplied from a previous computation.

   -------------------------------------------------------
    Irrep   Nso     Nmo     Nalpha   Nbeta   Ndocc  Nsocc
   -------------------------------------------------------
     A        514     514      68      68      68       0
   -------------------------------------------------------
    Total     514     514      68      68      68       0
   -------------------------------------------------------

  ==> Iterations <==

                           Total Energy        Delta E     RMS |[F,P]|

   @DF-RKS iter   0:  -837.27217492266743   -8.37272e+02   6.15720e-05 
   @DF-RKS iter   1:  -837.27418534052458   -2.01042e-03   8.17783e-06 DIIS
   @DF-RKS iter   2:  -837.27420001033852   -1.46698e-05   6.58831e-06 DIIS
   @DF-RKS iter   3:  -837.27420480841784   -4.79808e-06   2.71933e-06 DIIS
   @DF-RKS iter   4:  -837.27420582576076   -1.01734e-06   1.01747e-06 DIIS
   @DF-RKS iter   5:  -837.27420597018033   -1.44420e-07   3.29685e-07 DIIS
   @DF-RKS iter   6:  -837.27420598579351   -1.56132e-08   1.03626e-07 DIIS
   @DF-RKS iter   7:  -837.27420598862284   -2.82932e-09   3.62517e-08 DIIS
   @DF-RKS iter   8:  -837.27420598895912   -3.36286e-10   1.55831e-08 DIIS
   @DF-RKS iter   9:  -837.27420598902017   -6.10498e-11   6.10049e-09 DIIS
  Energy and wave function converged.


  ==> Post-Iterations <==

   Electrons on quadrature grid:
      Ntotal   =  136.0000249013 ; deviation = 2.490e-05 

    Orbital Energies [Eh]
    ---------------------

    Doubly Occupied:                                                      

       1A    -19.233444     2A    -14.490801     3A    -14.445295  
       4A    -14.439662     5A    -14.438895     6A    -10.412478  
       7A    -10.358690     8A    -10.351798     9A    -10.344371  
      10A    -10.340268    11A    -10.332970    12A    -10.322982  
      13A    -10.318364    14A    -10.316433    15A    -10.315330  
      16A    -10.314296    17A    -10.311971    18A    -10.308083  
      19A    -10.302956    20A     -1.167825    21A     -1.096667  
      22A     -1.067228    23A     -1.049290    24A     -1.002569  
      25A     -0.969990    26A     -0.925402    27A     -0.889269  
      28A     -0.868233    29A     -0.828725    30A     -0.822534  
      31A     -0.783077    32A     -0.761665    33A     -0.739760  
      34A     -0.726279    35A     -0.694326    36A     -0.680738  
      37A     -0.666277    38A     -0.646142    39A     -0.621615  
      40A     -0.604877    41A     -0.583343    42A     -0.581351  
      43A     -0.570789    44A     -0.564808    45A     -0.549484  
      46A     -0.544575    47A     -0.535044    48A     -0.530659  
      49A     -0.525686    50A     -0.516996    51A     -0.510097  
      52A     -0.504351    53A     -0.494452    54A     -0.490767  
      55A     -0.472649    56A     -0.467910    57A     -0.463697  
      58A     -0.461762    59A     -0.455323    60A     -0.421973  
      61A     -0.398952    62A     -0.391010    63A     -0.375832  
      64A     -0.357229    65A     -0.348370    66A     -0.338360  
      67A     -0.317586    68A     -0.306660  

    Virtual:                                                              

      69A     -0.009379    70A      0.009562    71A      0.038185  
      72A      0.044962    73A      0.058397    74A      0.063811  
      75A      0.068083    76A      0.071413    77A      0.074881  
      78A      0.079099    79A      0.087752    80A      0.090965  
      81A      0.093277    82A      0.095921    83A      0.099593  
      84A      0.101943    85A      0.105900    86A      0.108113  
      87A      0.113768    88A      0.118506    89A      0.124575  
      90A      0.126511    91A      0.130503    92A      0.133321  
      93A      0.137634    94A      0.140592    95A      0.141935  
      96A      0.150206    97A      0.153872    98A      0.157328  
      99A      0.161596   100A      0.162090   101A      0.168770  
     102A      0.176450   103A      0.179325   104A      0.181562  
     105A      0.186853   106A      0.190537   107A      0.194554  
     108A      0.198521   109A      0.201838   110A      0.205485  
     111A      0.213280   112A      0.217079   113A      0.219725  
     114A      0.223493   115A      0.224471   116A      0.235365  
     117A      0.238025   118A      0.242166   119A      0.245218  
     120A      0.246915   121A      0.249573   122A      0.252663  
     123A      0.256206   124A      0.258932   125A      0.263249  
     126A      0.265147   127A      0.265960   128A      0.270482  
     129A      0.273623   130A      0.274981   131A      0.278188  
     132A      0.280651   133A      0.282310   134A      0.287245  
     135A      0.290881   136A      0.293111   137A      0.298188  
     138A      0.300193   139A      0.301556   140A      0.304394  
     141A      0.309425   142A      0.311958   143A      0.312489  
     144A      0.313095   145A      0.319198   146A      0.322326  
     147A      0.326183   148A      0.331433   149A      0.332471  
     150A      0.337037   151A      0.340127   152A      0.343619  
     153A      0.344897   154A      0.350138   155A      0.350488  
     156A      0.352437   157A      0.356485   158A      0.361028  
     159A      0.367346   160A      0.370207   161A      0.376902  
     162A      0.381589   163A      0.386531   164A      0.390238  
     165A      0.395314   166A      0.398365   167A      0.409776  
     168A      0.411779   169A      0.416474   170A      0.421787  
     171A      0.429301   172A      0.435069   173A      0.438252  
     174A      0.442685   175A      0.452381   176A      0.458696  
     177A      0.464134   178A      0.477115   179A      0.488348  
     180A      0.495886   181A      0.504176   182A      0.513709  
     183A      0.525609   184A      0.542236   185A      0.552147  
     186A      0.553318   187A      0.560631   188A      0.582445  
     189A      0.587659   190A      0.592859   191A      0.599761  
     192A      0.602799   193A      0.607550   194A      0.618202  
     195A      0.621773   196A      0.624847   197A      0.632909  
     198A      0.636960   199A      0.646876   200A      0.653048  
     201A      0.656670   202A      0.665384   203A      0.670697  
     204A      0.675034   205A      0.683136   206A      0.694224  
     207A      0.697292   208A      0.703176   209A      0.705242  
     210A      0.711087   211A      0.719710   212A      0.724467  
     213A      0.728083   214A      0.737607   215A      0.738441  
     216A      0.742250   217A      0.753008   218A      0.755449  
     219A      0.772380   220A      0.773933   221A      0.775729  
     222A      0.788481   223A      0.792616   224A      0.793964  
     225A      0.796479   226A      0.806633   227A      0.807787  
     228A      0.812609   229A      0.826717   230A      0.830236  
     231A      0.837363   232A      0.847151   233A      0.853637  
     234A      0.859993   235A      0.865757   236A      0.872934  
     237A      0.892154   238A      0.901713   239A      0.909216  
     240A      0.923268   241A      0.931354   242A      0.938540  
     243A      0.946808   244A      0.958488   245A      0.964653  
     246A      0.973904   247A      0.985575   248A      0.987205  
     249A      0.991008   250A      0.991967   251A      0.995074  
     252A      0.999791   253A      1.018842   254A      1.027912  
     255A      1.044348   256A      1.046721   257A      1.054392  
     258A      1.058854   259A      1.065742   260A      1.074297  
     261A      1.080754   262A      1.083784   263A      1.091840  
     264A      1.094108   265A      1.113739   266A      1.115059  
     267A      1.134589   268A      1.138143   269A      1.149633  
     270A      1.173537   271A      1.186598   272A      1.197329  
     273A      1.205633   274A      1.217591   275A      1.224630  
     276A      1.227360   277A      1.233057   278A      1.244716  
     279A      1.254973   280A      1.268432   281A      1.285484  
     282A      1.301062   283A      1.313910   284A      1.334413  
     285A      1.341677   286A      1.348159   287A      1.382907  
     288A      1.394218   289A      1.402395   290A      1.415020  
     291A      1.438362   292A      1.454335   293A      1.461448  
     294A      1.486346   295A      1.514499   296A      1.523838  
     297A      1.529726   298A      1.538947   299A      1.556761  
     300A      1.564085   301A      1.571879   302A      1.580232  
     303A      1.592386   304A      1.599930   305A      1.603161  
     306A      1.606480   307A      1.612621   308A      1.618103  
     309A      1.627243   310A      1.634193   311A      1.645295  
     312A      1.655378   313A      1.659779   314A      1.675046  
     315A      1.684812   316A      1.688137   317A      1.704264  
     318A      1.713786   319A      1.719280   320A      1.726730  
     321A      1.727749   322A      1.748583   323A      1.760501  
     324A      1.774652   325A      1.775220   326A      1.786271  
     327A      1.793175   328A      1.794634   329A      1.815849  
     330A      1.828724   331A      1.830595   332A      1.840793  
     333A      1.857092   334A      1.858778   335A      1.864456  
     336A      1.866832   337A      1.883205   338A      1.907107  
     339A      1.917518   340A      1.926792   341A      1.947482  
     342A      1.955024   343A      1.969405   344A      1.979425  
     345A      1.986481   346A      2.006362   347A      2.026313  
     348A      2.035518   349A      2.036804   350A      2.052741  
     351A      2.059498   352A      2.078221   353A      2.089124  
     354A      2.095341   355A      2.110105   356A      2.129057  
     357A      2.141383   358A      2.148257   359A      2.155331  
     360A      2.168626   361A      2.179710   362A      2.192023  
     363A      2.204375   364A      2.210034   365A      2.220903  
     366A      2.232440   367A      2.252096   368A      2.260294  
     369A      2.273017   370A      2.300367   371A      2.325810  
     372A      2.334900   373A      2.337587   374A      2.350424  
     375A      2.360689   376A      2.366851   377A      2.392802  
     378A      2.405410   379A      2.430239   380A      2.444558  
     381A      2.490081   382A      2.494374   383A      2.498783  
     384A      2.504493   385A      2.509214   386A      2.517245  
     387A      2.522582   388A      2.540891   389A      2.564177  
     390A      2.570052   391A      2.580737   392A      2.593103  
     393A      2.608298   394A      2.631652   395A      2.661436  
     396A      2.670633   397A      2.680833   398A      2.689347  
     399A      2.701883   400A      2.714422   401A      2.733960  
     402A      2.742969   403A      2.747121   404A      2.753321  
     405A      2.764174   406A      2.772871   407A      2.783068  
     408A      2.788197   409A      2.793112   410A      2.809272  
     411A      2.817642   412A      2.823346   413A      2.843183  
     414A      2.844859   415A      2.857905   416A      2.860937  
     417A      2.882191   418A      2.888378   419A      2.894744  
     420A      2.913366   421A      2.929008   422A      2.941638  
     423A      2.959176   424A      2.964437   425A      2.968157  
     426A      2.970443   427A      2.995539   428A      3.005178  
     429A      3.011415   430A      3.015409   431A      3.028228  
     432A      3.032050   433A      3.038561   434A      3.046271  
     435A      3.068010   436A      3.075656   437A      3.103029  
     438A      3.115562   439A      3.118454   440A      3.123156  
     441A      3.143532   442A      3.178700   443A      3.182111  
     444A      3.274244   445A      3.303805   446A      3.339987  
     447A      3.370549   448A      3.413906   449A      3.446596  
     450A      3.467959   451A      3.472822   452A      3.510025  
     453A      3.519927   454A      3.585852   455A      3.611739  
     456A      3.627563   457A      3.631338   458A      3.663734  
     459A      3.678320   460A      3.710026   461A      3.734556  
     462A      3.761323   463A      3.807704   464A      3.810737  
     465A      3.849592   466A      3.857791   467A      3.868152  
     468A      3.891266   469A      3.907967   470A      3.912381  
     471A      3.926147   472A      3.967076   473A      4.001808  
     474A      4.019950   475A      4.039908   476A      4.055367  
     477A      4.068396   478A      4.157012   479A      4.219072  
     480A      4.281105   481A      4.317342   482A      4.380103  
     483A      4.475359   484A      4.525439   485A      4.603020  
     486A      4.935532   487A      4.954192   488A      4.972266  
     489A      4.986174   490A      5.077437   491A      5.194672  
     492A      5.209504   493A      5.391426   494A      5.410698  
     495A      5.909552   496A     23.747511   497A     23.862831  
     498A     23.992866   499A     24.007775   500A     24.024099  
     501A     24.046939   502A     24.053931   503A     24.068436  
     504A     24.096640   505A     24.120080   506A     24.163598  
     507A     24.256270   508A     24.319907   509A     24.381045  
     510A     35.646408   511A     35.760124   512A     35.779426  
     513A     35.824011   514A     50.163384  

    Final Occupation by Irrep:
              A 
    DOCC [    68 ]
    NA   [    68 ]
    NB   [    68 ]

  @DF-RKS Final Energy:  -837.27420598902017

   => Energetics <=

    Nuclear Repulsion Energy =           1283.7383536081190414
    One-Electron Energy =               -3681.8621149908562984
    Two-Electron Energy =                1642.3943533253554961
    DFT Exchange-Correlation Energy =     -81.5233446058778952
    Empirical Dispersion Energy =          -0.0214533257606241
    VV10 Nonlocal Energy =                  0.0000000000000000
    Total Energy =                       -837.2742059890200608

Computation Completed


Properties will be evaluated at   0.000000,   0.000000,   0.000000 [a0]

Properties computed using the SCF density matrix


 Multipole Moments:

 ------------------------------------------------------------------------------------
     Multipole            Electronic (a.u.)      Nuclear  (a.u.)        Total (a.u.)
 ------------------------------------------------------------------------------------

 L = 1.  Multiply by 2.5417464519 to convert [e a0] to [Debye]
 Dipole X            :        235.5377737         -232.9817697            2.5560040
 Dipole Y            :        -42.9298668           41.9404006           -0.9894662
 Dipole Z            :         -7.0981449            6.9462839           -0.1518610
 Magnitude           :                                                    2.7450431

 ------------------------------------------------------------------------------------

*** tstop() called on eristm01.eisai.local at Wed May 20 08:48:41 2026
Module time:
	user time   =     427.16 seconds =       7.12 minutes
	system time =      18.34 seconds =       0.31 minutes
	total time  =         61 seconds =       1.02 minutes
Total time:
	user time   =    6816.58 seconds =     113.61 minutes
	system time =     266.60 seconds =       4.44 minutes
	total time  =        987 seconds =      16.45 minutes

*** tstart() called on eristm01.eisai.local
*** at Wed May 20 08:48:41 2026


         ------------------------------------------------------------
                                   SCF GRAD                          
                          Rob Parrish, Justin Turney,                
                       Andy Simmonett, and Alex Sokolov              
         ------------------------------------------------------------

  ==> Geometry <==

    Molecular point group: c1
    Full point group: C1

    Geometry (in Angstrom), charge = 0, multiplicity = 1:

       Center              X                  Y                   Z               Mass       
    ------------   -----------------  -----------------  -----------------  -----------------
         C            1.569243757240     1.516311701423     0.444594277159    12.000000000000
         C            0.079527588241     1.559295919484     0.393996896755    12.000000000000
         O           -0.522035337378     2.614078557828     0.404290648890    15.994914619570
         N           -0.530621057852     0.327047749333     0.341298717618    14.003074004430
         C           -1.901146397865     0.038986850885     0.252404972448    12.000000000000
         C           -2.260285301261    -1.336858051818     0.324308064200    12.000000000000
         H           -1.475577154222    -2.078540229215     0.443954658722     1.007825032230
         C           -3.559959610672    -1.743438784500     0.248395863598    12.000000000000
         C           -4.589134888997    -0.783668388707     0.093356782237    12.000000000000
         N           -5.887016000687    -1.181510836999     0.019916001646    14.003074004430
         C           -6.779043836494    -0.237322810328    -0.120967371192    12.000000000000
         N           -6.556321998722     1.099688271247    -0.204194922148    14.003074004430
         C           -5.307999686210     1.485065055360    -0.133716158429    12.000000000000
         H           -5.109418983604     2.553541761928    -0.198253933644     1.007825032230
         C           -4.231068732089     0.578778938231     0.021174754076    12.000000000000
         C           -2.880777198948     0.990733260602     0.099001590884    12.000000000000
         C            2.327173410713     0.641805789683    -0.210995422211    12.000000000000
         C            3.828285248277     0.658856266748    -0.209001292817    12.000000000000
         N            4.387060680631    -0.679996851415    -0.056587042866    14.003074004430
         C            4.340483100443    -1.433550213404    -1.297116123191    12.000000000000
         C            5.742101463598    -0.634198670977     0.464411409778    12.000000000000
         H            2.011377287694     2.334466559440     1.005521295913     1.007825032230
         H            0.074625975708    -0.466295077223     0.479501001242     1.007825032230
         H           -3.830984489933    -2.790554359600     0.305593356712     1.007825032230
         H           -7.819389504254    -0.542883967035    -0.179296883782     1.007825032230
         H           -2.625825144928     2.039571638169     0.049386862611     1.007825032230
         H            1.854958578511    -0.126855909614    -0.819775261917     1.007825032230
         H            4.193804556749     1.141117111433    -1.136802602868     1.007825032230
         H            4.172035073666     1.278818524388     0.622535618695     1.007825032230
         H            4.966393962904    -0.979362088593    -2.087670896253     1.007825032230
         H            4.693802722313    -2.451897463394    -1.121527712224     1.007825032230
         H            3.318204585854    -1.500190119204    -1.675395276852     1.007825032230
         H            5.754080192092    -0.128631843157     1.432495645824     1.007825032230
         H            6.111071542597    -1.651877602004     0.611146665171     1.007825032230
         H            6.442375596886    -0.110530688995    -0.212041321599     1.007825032230

  Nuclear repulsion = 1283.738353608119041

  ==> Basis Set <==

  Basis Set: 6-311+G(D,P)
    Blend: 6-311+G(D,P)
    Number of shells: 254
    Number of basis functions: 514
    Number of Cartesian functions: 533
    Spherical Harmonics?: true
    Max angular momentum: 2

  ==> DFJKGrad: Density-Fitted SCF Gradients <==

    Gradient:                    1
    J tasked:                  Yes
    K tasked:                  Yes
    wK tasked:                 Yes
    Omega:               2.000E-01
    OpenMP threads:              8
    Integrals threads:           8
    Memory [MiB]:             5722
    Schwarz Cutoff:          1E-12
    Fitting Condition:       1E-10

   => Auxiliary Basis Set <=

  Basis Set: (6-311+G(D,P) AUX)
    Blend: HEAVY-AUG-CC-PVTZ-JKFIT
    Number of shells: 730
    Number of basis functions: 2456
    Number of Cartesian functions: 3049
    Spherical Harmonics?: true
    Max angular momentum: 4

  ==> DFT Potential <==

   => LibXC <=

    Version 7.0.0
    S. Lehtola, C. Steigemann, M. J.T. Oliveira, and M. A.L. Marques.,  SoftwareX 7, 1–5 (2018) (10.1016/j.softx.2017.11.002)

   => Composite Functional: WB97X-D <= 

    wB97X-D Hyb-GGA Exchange-Correlation Functional

    J.-D. Chai and M. Head-Gordon.,  Phys. Chem. Chem. Phys. 10, 6615-6620 (2008) (10.1039/B810189B)

    Deriv               =              1
    GGA                 =           TRUE
    Meta                =          FALSE

    Exchange Hybrid     =           TRUE
    MP2 Hybrid          =          FALSE

   => Exchange-Correlation Functionals <=

    1.0000   wB97X-D range-separated functional

   => Exact (HF) Exchange <=

    0.7780            HF,LR [omega = 0.2000]
    0.2220               HF 

   => LibXC Density Thresholds  <==

    XC_HYB_GGA_XC_WB97X_D:  1.00E-14 

   => Molecular Quadrature <=

    Radial Scheme          =       TREUTLER
    Pruning Scheme         =           NONE
    Nuclear Scheme         =       TREUTLER

    Blocking Scheme        =         OCTREE
    BS radius alpha        =              1
    Pruning alpha          =              1
    Radial Points          =             75
    Spherical Points       =            302
    Total Points           =         730564
    Total Blocks           =           5304
    Max Points             =            256
    Max Functions          =            353
    Weights Tolerance      =       1.00E-15


  -Total Gradient:
     Atom            X                  Y                   Z
    ------   -----------------  -----------------  -----------------
       1       -0.000041256182    -0.000008929915     0.000016923415
       2        0.000018380529     0.000097979413     0.000030494731
       3        0.000006556401    -0.000039702778     0.000025517039
       4       -0.000065914541    -0.000071897822    -0.000058683054
       5        0.000049761082    -0.000106686361     0.000020796124
       6        0.000030810652     0.000073736518    -0.000023106391
       7        0.000006403095    -0.000024435360    -0.000026347189
       8       -0.000046497509     0.000041968334    -0.000024583674
       9        0.000004019369    -0.000106118875     0.000001987607
      10       -0.000001319249    -0.000009790419    -0.000007301568
      11        0.000000427597    -0.000068038992    -0.000010306764
      12        0.000035365167     0.000062118782     0.000008987563
      13       -0.000091091183    -0.000038334925     0.000014015500
      14        0.000005272282     0.000009195787     0.000022896248
      15        0.000119640918     0.000081870058    -0.000017963844
      16       -0.000153842344    -0.000013897253     0.000023131413
      17       -0.000016274866     0.000021596851    -0.000007609730
      18        0.000013245281     0.000014826550     0.000029893531
      19       -0.000027547711     0.000001599790     0.000023748455
      20        0.000003737397     0.000004972966    -0.000033343280
      21        0.000026867195    -0.000000189884    -0.000002508266
      22        0.000011286473    -0.000010371858     0.000035495653
      23        0.000007726344     0.000005669186     0.000033300607
      24       -0.000006566162    -0.000024106110    -0.000027395892
      25       -0.000010449698    -0.000002559481    -0.000007097503
      26        0.000027867053     0.000010991816     0.000017470820
      27       -0.000016729010    -0.000004150918    -0.000005932997
      28       -0.000013742991     0.000014812805     0.000005878031
      29       -0.000008954988     0.000000831159     0.000008790934
      30        0.000004339558     0.000027690232    -0.000010413695
      31        0.000000693799     0.000009837634    -0.000022679344
      32       -0.000008601882     0.000011817719    -0.000013426422
      33       -0.000008822661    -0.000007571924     0.000011428370
      34       -0.000005189697    -0.000006534454    -0.000008872450
      35       -0.000003270601     0.000015235207     0.000000760565


*** tstop() called on eristm01.eisai.local at Wed May 20 08:49:09 2026
Module time:
	user time   =     182.47 seconds =       3.04 minutes
	system time =       3.87 seconds =       0.06 minutes
	total time  =         28 seconds =       0.47 minutes
Total time:
	user time   =    6999.06 seconds =     116.65 minutes
	system time =     270.47 seconds =       4.51 minutes
	total time  =       1015 seconds =      16.92 minutes

    			-----------------------------------------

    			 OPTKING 3.0: for geometry optimizations 

    			     By R.A. King, Bethel University     

    			        with contributions from          

    			    A.V. Copan, J. Cayton, A. Heide      

    			-----------------------------------------

    
	                            ===> Fragment 1 <== 

	 Z (Atomic Numbers)          Masses                          Geom                  
	       6.000000            12.000000          2.96544093  2.86541384  0.84016142   
	       6.000000            12.000000          0.15028536  2.94664224  0.74454623   
	       8.000000            15.994915         -0.98650382  4.93989254  0.76399860   
	       7.000000            14.003074         -1.00272848  0.61803068  0.64496110   
	       6.000000            12.000000         -3.59264602  0.07367447  0.47697627   
	       6.000000            12.000000         -4.27132018 -2.52629559  0.61285342   
	       1.000000             1.007825         -2.78843670 -3.92787177  0.83895272   
	       6.000000            12.000000         -6.72734868 -3.29462182  0.46940015   
	       6.000000            12.000000         -8.67220809 -1.48091863  0.17641875   
	       7.000000            14.003074        -11.12484794  -2.23273190   0.03763579 
	       6.000000            12.000000        -12.81053624  -0.44847511  -0.22859520 
	       7.000000            14.003074        -12.38965297   2.07810966  -0.38587248 
	       6.000000            12.000000        -10.03066568   2.80636623  -0.25268692 
	       1.000000             1.007825         -9.65540254  4.82549458 -0.37464564   
	       6.000000            12.000000         -7.99556112  1.09373368  0.04001449   
	       6.000000            12.000000         -5.44387993  1.87221453  0.18708589   
	       6.000000            12.000000          4.39772039  1.21283717 -0.39872356   
	       6.000000            12.000000          7.23441065  1.24505790 -0.39495520   
	       7.000000            14.003074          8.29034318 -1.28500782 -0.10693401   
	       6.000000            12.000000          8.20232431 -2.70901729 -2.45119423   
	       6.000000            12.000000         10.85099915 -1.19846180  0.87761037   
	       1.000000             1.007825          3.80095221  4.41150245  1.90015986   
	       1.000000             1.007825          0.14102266 -0.88116999  0.90612557   
	       1.000000             1.007825         -7.23951148 -5.27338348  0.57748775   
	       1.000000             1.007825        -14.77650463  -1.02590202  -0.33882201 
	       1.000000             1.007825         -4.96209038  3.85423181  0.09332764   
	       1.000000             1.007825          3.50536369 -0.23972293 -1.54915073   
	       1.000000             1.007825          7.92514204  2.15639882 -2.14824558   
	       1.000000             1.007825          7.88400368  2.41661678  1.17642182   
	       1.000000             1.007825          9.38512442 -1.85072613 -3.94512623   
	       1.000000             1.007825          8.87000163 -4.63341469 -2.11938022   
	       1.000000             1.007825          6.27049790 -2.83494846 -3.16603823   
	       1.000000             1.007825         10.87363567 -0.24307895  2.70702445   
	       1.000000             1.007825         11.54825155 -3.12159626  1.15489982   
	       1.000000             1.007825         12.17432548 -0.20887273 -0.40070003   

	 - Coordinate -           - BOHR/RAD -       - ANG/DEG -
	 H(3,26)          =         4.175374           2.209513
	 R(1,2)           =         2.817950           1.491195
	 R(1,17)          =         2.513418           1.330044
	 R(1,22)          =         2.052332           1.086047
	 R(2,3)           =         2.294715           1.214311
	 R(2,4)           =         2.600344           1.376043
	 R(4,5)           =         2.651832           1.403289
	 R(4,23)          =         1.903674           1.007381
	 R(5,6)           =         2.690521           1.423763
	 R(5,16)          =         2.597277           1.374420
	 R(6,7)           =         2.052920           1.086358
	 R(6,8)           =         2.577398           1.363900
	 R(8,9)           =         2.675413           1.415768
	 R(8,24)          =         2.046825           1.083133
	 R(9,10)          =         2.569032           1.359473
	 R(9,15)          =         2.665575           1.410562
	 R(10,11)         =         2.469007           1.306542
	 R(11,12)         =         2.566225           1.357988
	 R(11,25)         =         2.051976           1.085859
	 R(12,13)         =         2.472431           1.308354
	 R(13,14)         =         2.057322           1.088688
	 R(13,15)         =         2.675899           1.416025
	 R(15,16)         =         2.671842           1.413878
	 R(16,26)         =         2.041887           1.080520
	 R(17,18)         =         2.836876           1.501210
	 R(17,27)         =         2.056627           1.088320
	 R(18,19)         =         2.756661           1.458762
	 R(18,28)         =         2.093246           1.107698
	 R(18,29)         =         2.064884           1.092690
	 R(19,20)         =         2.744286           1.452214
	 R(19,21)         =         2.744773           1.452471
	 R(20,30)         =         2.089859           1.105906
	 R(20,31)         =         2.063783           1.092107
	 R(20,32)         =         2.063689           1.092057
	 R(21,33)         =         2.063983           1.092213
	 R(21,34)         =         2.064339           1.092401
	 R(21,35)         =         2.089152           1.105532
	 B(1,2,3)         =         2.117242         121.309059
	 B(1,2,4)         =         2.002540         114.737070
	 B(1,17,18)       =         2.167228         124.172993
	 B(1,17,27)       =         2.086156         119.527920
	 B(2,1,17)        =         2.179149         124.856020
	 B(2,1,22)        =         1.985053         113.735146
	 B(2,4,5)         =         2.238655         128.265467
	 B(2,4,23)        =         2.019253         115.694658
	 B(3,2,4)         =         2.163396         123.953436
	 B(4,5,6)         =         2.028093         116.201194
	 B(4,5,16)        =         2.166439         124.127811
	 B(5,4,23)        =         2.019518         115.709885
	 B(5,6,7)         =         2.074992         118.888260
	 B(5,6,8)         =         2.124247         121.710390
	 B(5,16,15)       =         2.077258         119.018135
	 B(5,16,26)       =         2.104952         120.604872
	 B(6,5,16)        =         2.088644         119.670506
	 B(6,8,9)         =         2.090605         119.782841
	 B(6,8,24)        =         2.121973         121.580076
	 B(7,6,8)         =         2.083946         119.401308
	 B(8,9,10)        =         2.096164         120.101345
	 B(8,9,15)        =         2.066743         118.415660
	 B(9,8,24)        =         2.070606         118.636997
	 B(9,10,11)       =         2.033254         116.496895
	 B(9,15,13)       =         2.016097         115.513865
	 B(9,15,16)       =         2.118865         121.402029
	 B(10,9,15)       =         2.120276         121.482880
	 B(10,11,12)      =         2.221985         127.310358
	 B(10,11,25)      =         2.044919         117.165208
	 B(11,12,13)      =         2.029943         116.307138
	 B(12,11,25)      =         2.016282         115.524434
	 B(12,13,14)      =         2.048705         117.382167
	 B(12,13,15)      =         2.144812         122.888697
	 B(13,15,16)      =         2.148222         123.084077
	 B(14,13,15)      =         2.089667         119.729121
	 B(15,16,26)      =         2.100915         120.373565
	 B(17,1,22)       =         2.115200         121.192036
	 B(17,18,19)      =         1.952753         111.884522
	 B(17,18,28)      =         1.911119         109.499076
	 B(17,18,29)      =         1.898664         108.785429
	 B(18,17,27)      =         2.029326         116.271797
	 B(18,19,20)      =         1.954879         112.006328
	 B(18,19,21)      =         1.945387         111.462439
	 B(19,18,28)      =         1.939814         111.143178
	 B(19,18,29)      =         1.897287         108.706542
	 B(19,20,30)      =         1.959929         112.295631
	 B(19,20,31)      =         1.913606         109.641528
	 B(19,20,32)      =         1.936480         110.952111
	 B(19,21,33)      =         1.920649         110.045084
	 B(19,21,34)      =         1.911246         109.506336
	 B(19,21,35)      =         1.967514         112.730268
	 B(20,19,21)      =         1.931246         110.652260
	 B(28,18,29)      =         1.861454         106.653434
	 B(30,20,31)      =         1.891026         108.347826
	 B(30,20,32)      =         1.883100         107.893686
	 B(31,20,32)      =         1.877210         107.556183
	 B(33,21,34)      =         1.884369         107.966375
	 B(33,21,35)      =         1.892449         108.429364
	 B(34,21,35)      =         1.885487         108.030441
	 D(1,2,4,5)       =        -3.110791        -178.235178
	 D(1,2,4,23)      =         0.151907           8.703650
	 D(1,17,18,19)    =         2.389945         136.933764
	 D(1,17,18,28)    =        -1.734564         -99.383199
	 D(1,17,18,29)    =         0.293579          16.820860
	 D(2,1,17,18)     =         3.080461         176.497418
	 D(2,1,17,27)     =        -0.026685          -1.528961
	 D(2,4,5,6)       =         3.228147         184.959185
	 D(2,4,5,16)      =         0.091023           5.215218
	 D(3,2,1,17)      =        -2.497470        -143.094497
	 D(3,2,1,22)      =         0.551310          31.587712
	 D(3,2,4,5)       =         0.034953           2.002668
	 D(3,2,4,23)      =        -2.985534        -171.058504
	 D(4,2,1,17)      =         0.648153          37.136422
	 D(4,2,1,22)      =        -2.586253        -148.181370
	 D(4,5,6,7)       =         0.002485           0.142396
	 D(4,5,6,8)       =        -3.140410        -179.932216
	 D(4,5,16,15)     =         3.141438         179.991115
	 D(4,5,16,26)     =        -0.011868          -0.679969
	 D(5,6,8,9)       =         0.000571           0.032721
	 D(5,6,8,24)      =         3.144056         180.141130
	 D(5,16,15,9)     =        -0.003567          -0.204355
	 D(5,16,15,13)    =         3.139166         179.860936
	 D(6,5,4,23)      =        -0.034567          -1.980535
	 D(6,5,16,15)     =         0.004459           0.255505
	 D(6,5,16,26)     =         3.134339         179.584421
	 D(6,8,9,10)      =         3.144105         180.143926
	 D(6,8,9,15)      =         0.000391           0.022391
	 D(7,6,5,16)      =        -3.143365        -180.101527
	 D(7,6,8,9)       =         3.140855         179.957736
	 D(7,6,8,24)      =         0.001154           0.066145
	 D(8,6,5,16)      =        -0.003074          -0.176138
	 D(8,9,10,11)     =         3.139875         179.901561
	 D(8,9,15,13)     =        -3.141550        -179.997564
	 D(8,9,15,16)     =         0.001100           0.063053
	 D(9,10,11,12)    =         0.001498           0.085807
	 D(9,10,11,25)    =         3.143166         180.090148
	 D(9,15,13,12)    =         0.002100           0.120337
	 D(9,15,13,14)    =         3.142905         180.075171
	 D(9,15,16,26)    =         3.149711         180.465136
	 D(10,9,8,24)     =         0.000675           0.038700
	 D(10,9,15,13)    =        -0.002109          -0.120858
	 D(10,9,15,16)    =        -3.142644        -180.060241
	 D(10,11,12,13)   =        -0.001534          -0.087920
	 D(11,10,9,15)    =         0.000470           0.026904
	 D(11,12,13,14)   =        -3.141252        -179.980499
	 D(11,12,13,15)   =        -0.000431          -0.024670
	 D(12,13,15,16)   =         3.142615         180.058587
	 D(13,12,11,25)   =        -3.143202        -180.092200
	 D(13,15,16,26)   =         0.009258           0.530427
	 D(14,13,15,16)   =         0.000234           0.013421
	 D(15,9,8,24)     =         3.140147         179.917165
	 D(16,5,4,23)     =         3.111494         178.275498
	 D(17,18,19,20)   =         1.361482          78.007147
	 D(17,18,19,21)   =        -2.747259        -157.406341
	 D(18,17,1,22)    =         0.038210           2.189262
	 D(18,19,20,30)   =         1.115789          63.930016
	 D(18,19,20,31)   =        -3.064222        -175.567006
	 D(18,19,20,32)   =        -0.993214         -56.906951
	 D(18,19,21,33)   =         1.025535          58.758843
	 D(18,19,21,34)   =         3.094244         177.287097
	 D(18,19,21,35)   =        -1.089432         -62.419863
	 D(19,18,17,27)   =        -0.785072         -44.981314
	 D(20,19,18,28)   =        -0.780966         -44.746051
	 D(20,19,18,29)   =        -2.824533        -161.833831
	 D(20,19,21,33)   =        -3.070008        -175.898527
	 D(20,19,21,34)   =        -1.001300         -57.370272
	 D(20,19,21,35)   =         1.098209          62.922768
	 D(21,19,18,28)   =         1.393479          79.840461
	 D(21,19,18,29)   =        -0.650088         -37.247319
	 D(21,19,20,30)   =        -1.066486         -61.105128
	 D(21,19,20,31)   =         1.036688          59.397851
	 D(21,19,20,32)   =         3.107697         178.057905
	 D(22,1,17,27)    =        -3.068937        -175.837117
	 D(27,17,18,28)   =         1.373604          78.701723
	 D(27,17,18,29)   =        -2.881438        -165.094218


	        --- Internal Coordinate Step in ANG or DEG, aJ/ANG or AJ/DEG ---
	-------------------------------------------------------------------------------
	           Coordinate      Previous         Force          Change          New 
	           ----------      --------        ------          ------        ------
	              H(3,26)       2.20951       -0.00001        0.00062       2.21013
	               R(1,2)       1.49119        0.00020        0.00003       1.49122
	              R(1,17)       1.33004       -0.00003       -0.00002       1.33003
	              R(1,22)       1.08605       -0.00010       -0.00002       1.08603
	               R(2,3)       1.21431        0.00030        0.00002       1.21433
	               R(2,4)       1.37604       -0.00049       -0.00007       1.37597
	               R(4,5)       1.40329        0.00028        0.00003       1.40331
	              R(4,23)       1.00738       -0.00002       -0.00000       1.00738
	               R(5,6)       1.42376        0.00055        0.00009       1.42385
	              R(5,16)       1.37442       -0.00043       -0.00008       1.37434
	               R(6,7)       1.08636       -0.00014       -0.00003       1.08633
	               R(6,8)       1.36390       -0.00016       -0.00002       1.36388
	               R(8,9)       1.41577        0.00038        0.00008       1.41585
	              R(8,24)       1.08313       -0.00013       -0.00002       1.08311
	              R(9,10)       1.35947        0.00002       -0.00002       1.35945
	              R(9,15)       1.41056       -0.00053       -0.00009       1.41047
	             R(10,11)       1.30654       -0.00001        0.00006       1.30660
	             R(11,12)       1.35799       -0.00045       -0.00008       1.35791
	             R(11,25)       1.08586       -0.00004       -0.00001       1.08585
	             R(12,13)       1.30835        0.00034        0.00008       1.30843
	             R(13,14)       1.08869       -0.00014       -0.00003       1.08866
	             R(13,15)       1.41602       -0.00020       -0.00007       1.41595
	             R(15,16)       1.41388        0.00062        0.00010       1.41398
	             R(16,26)       1.08052       -0.00020       -0.00004       1.08049
	             R(17,18)       1.50121       -0.00013       -0.00003       1.50118
	             R(17,27)       1.08832       -0.00015       -0.00003       1.08829
	             R(18,19)       1.45876       -0.00021       -0.00002       1.45874
	             R(18,28)       1.10770       -0.00004       -0.00001       1.10768
	             R(18,29)       1.09269        0.00003        0.00001       1.09270
	             R(19,20)       1.45221       -0.00030       -0.00006       1.45215
	             R(19,21)       1.45247       -0.00022       -0.00006       1.45241
	             R(20,30)       1.10591       -0.00006       -0.00001       1.10590
	             R(20,31)       1.09211       -0.00004       -0.00001       1.09210
	             R(20,32)       1.09206       -0.00006       -0.00001       1.09205
	             R(21,33)       1.09221       -0.00007       -0.00001       1.09220
	             R(21,34)       1.09240       -0.00004       -0.00001       1.09239
	             R(21,35)       1.10553       -0.00004       -0.00000       1.10553
	             B(1,2,3)     121.30906       -0.00000       -0.00034     121.30872
	             B(1,2,4)     114.73707        0.00000        0.00309     114.74016
	           B(1,17,18)     124.17299        0.00000        0.00931     124.18231
	           B(1,17,27)     119.52792       -0.00000       -0.00715     119.52077
	            B(2,1,17)     124.85602        0.00000       -0.01289     124.84313
	            B(2,1,22)     113.73515       -0.00000        0.00090     113.73604
	             B(2,4,5)     128.26547       -0.00000       -0.00586     128.25960
	            B(2,4,23)     115.69466        0.00000        0.01127     115.70593
	             B(3,2,4)     123.95344       -0.00000       -0.00276     123.95068
	             B(4,5,6)     116.20119       -0.00000       -0.00171     116.19948
	            B(4,5,16)     124.12781        0.00000        0.00118     124.12899
	            B(5,4,23)     115.70988       -0.00000        0.00703     115.71692
	             B(5,6,7)     118.88826       -0.00000       -0.00213     118.88613
	             B(5,6,8)     121.71039        0.00000        0.00119     121.71158
	           B(5,16,15)     119.01814       -0.00000       -0.00318     119.01495
	           B(5,16,26)     120.60487        0.00000        0.01161     120.61648
	            B(6,5,16)     119.67051       -0.00000        0.00051     119.67102
	             B(6,8,9)     119.78284       -0.00000       -0.00186     119.78099
	            B(6,8,24)     121.58008        0.00000       -0.00151     121.57856
	             B(7,6,8)     119.40131        0.00000        0.00093     119.40224
	            B(8,9,10)     120.10134       -0.00000        0.00047     120.10182
	            B(8,9,15)     118.41566        0.00000       -0.00142     118.41424
	            B(9,8,24)     118.63700        0.00000        0.00335     118.64035
	           B(9,10,11)     116.49690        0.00000       -0.00156     116.49533
	           B(9,15,13)     115.51387        0.00000        0.00376     115.51762
	           B(9,15,16)     121.40203        0.00000        0.00476     121.40679
	           B(10,9,15)     121.48288       -0.00000        0.00094     121.48382
	          B(10,11,12)     127.31036       -0.00000       -0.00043     127.30992
	          B(10,11,25)     117.16521       -0.00000       -0.00717     117.15804
	          B(11,12,13)     116.30714       -0.00000       -0.00073     116.30641
	          B(12,11,25)     115.52443        0.00000        0.00760     115.53204
	          B(12,13,14)     117.38217       -0.00000       -0.00288     117.37928
	          B(12,13,15)     122.88870       -0.00000       -0.00201     122.88669
	          B(13,15,16)     123.08408       -0.00000       -0.00855     123.07552
	          B(14,13,15)     119.72912        0.00000        0.00490     119.73402
	          B(15,16,26)     120.37356       -0.00000       -0.00864     120.36492
	           B(17,1,22)     121.19204        0.00000        0.00960     121.20163
	          B(17,18,19)     111.88452       -0.00000       -0.00315     111.88137
	          B(17,18,28)     109.49908        0.00000        0.00702     109.50609
	          B(17,18,29)     108.78543        0.00000        0.00465     108.79008
	          B(18,17,27)     116.27180       -0.00000       -0.00268     116.26912
	          B(18,19,20)     112.00633       -0.00000        0.00025     112.00658
	          B(18,19,21)     111.46244        0.00000       -0.00247     111.45997
	          B(19,18,28)     111.14318       -0.00000       -0.00559     111.13758
	          B(19,18,29)     108.70654        0.00000       -0.00121     108.70533
	          B(19,20,30)     112.29563        0.00000        0.00246     112.29809
	          B(19,20,31)     109.64153       -0.00000       -0.00012     109.64141
	          B(19,20,32)     110.95211       -0.00000        0.00026     110.95237
	          B(19,21,33)     110.04508        0.00000       -0.00013     110.04496
	          B(19,21,34)     109.50634        0.00000        0.00267     109.50901
	          B(19,21,35)     112.73027        0.00000        0.00123     112.73150
	          B(20,19,21)     110.65226        0.00000        0.00376     110.65602
	          B(28,18,29)     106.65343       -0.00000       -0.00149     106.65194
	          B(30,20,31)     108.34783        0.00000        0.00080     108.34863
	          B(30,20,32)     107.89369       -0.00000       -0.00278     107.89090
	          B(31,20,32)     107.55618        0.00000       -0.00076     107.55542
	          B(33,21,34)     107.96638       -0.00000        0.00157     107.96794
	          B(33,21,35)     108.42936       -0.00000       -0.00095     108.42841
	          B(34,21,35)     108.03044       -0.00000       -0.00446     108.02598
	           D(1,2,4,5)    -178.23518        0.00000        0.07574    -178.15943
	          D(1,2,4,23)       8.70365       -0.00000       -0.05641       8.64724
	        D(1,17,18,19)     136.93376        0.00000        0.01026     136.94402
	        D(1,17,18,28)     -99.38320        0.00000        0.00595     -99.37725
	        D(1,17,18,29)      16.82086        0.00000        0.01066      16.83152
	         D(2,1,17,18)     176.49742       -0.00000       -0.03013     176.46729
	         D(2,1,17,27)      -1.52896       -0.00000       -0.01161      -1.54057
	           D(2,4,5,6)     184.95918        0.00000        0.14848     185.10767
	          D(2,4,5,16)       5.21522        0.00000        0.15462       5.36984
	          D(3,2,1,17)    -143.09450        0.00000        0.08083    -143.01366
	          D(3,2,1,22)      31.58771       -0.00000        0.05222      31.63994
	           D(3,2,4,5)       2.00267        0.00000        0.07704       2.07971
	          D(3,2,4,23)    -171.05850       -0.00000       -0.05510    -171.11361
	          D(4,2,1,17)      37.13642        0.00000        0.08210      37.21852
	          D(4,2,1,22)    -148.18137       -0.00000        0.05349    -148.12788
	           D(4,5,6,7)       0.14240        0.00000        0.03259       0.17499
	           D(4,5,6,8)    -179.93222        0.00000        0.02609    -179.90612
	         D(4,5,16,15)     179.99111       -0.00000       -0.01091     179.98021
	         D(4,5,16,26)      -0.67997       -0.00000       -0.03180      -0.71177
	           D(5,6,8,9)       0.03272       -0.00000       -0.01434       0.01838
	          D(5,6,8,24)     180.14113       -0.00000       -0.00504     180.13609
	         D(5,16,15,9)      -0.20435       -0.00000       -0.01651      -0.22086
	        D(5,16,15,13)     179.86094        0.00000        0.01498     179.87591
	          D(6,5,4,23)      -1.98053        0.00000        0.28089      -1.69964
	         D(6,5,16,15)       0.25551        0.00000       -0.00456       0.25094
	         D(6,5,16,26)     179.58442       -0.00000       -0.02545     179.55897
	          D(6,8,9,10)     180.14393       -0.00000       -0.00163     180.14229
	          D(6,8,9,15)       0.02239       -0.00000       -0.00663       0.01576
	          D(7,6,5,16)    -180.10153        0.00000        0.02674    -180.07478
	           D(7,6,8,9)     179.95774       -0.00000       -0.02087     179.93686
	          D(7,6,8,24)       0.06614       -0.00000       -0.01157       0.05457
	          D(8,6,5,16)      -0.17614        0.00000        0.02025      -0.15589
	         D(8,9,10,11)     179.90156       -0.00000       -0.00427     179.89729
	         D(8,9,15,13)    -179.99756       -0.00000       -0.00704    -180.00460
	         D(8,9,15,16)       0.06305        0.00000        0.02221       0.08526
	        D(9,10,11,12)       0.08581        0.00000        0.01334       0.09914
	        D(9,10,11,25)     180.09015       -0.00000       -0.00542     180.08473
	        D(9,15,13,12)       0.12034        0.00000        0.01131       0.13164
	        D(9,15,13,14)     180.07517        0.00000        0.01492     180.09009
	        D(9,15,16,26)     180.46514       -0.00000        0.00419     180.46933
	         D(10,9,8,24)       0.03870       -0.00000       -0.01067       0.02803
	        D(10,9,15,13)      -0.12086       -0.00000       -0.01210      -0.13296
	        D(10,9,15,16)    -180.06024        0.00000        0.01714    -180.04310
	       D(10,11,12,13)      -0.08792       -0.00000       -0.01423      -0.10215
	        D(11,10,9,15)       0.02690       -0.00000        0.00089       0.02779
	       D(11,12,13,14)    -179.98050       -0.00000       -0.00288    -179.98338
	       D(11,12,13,15)      -0.02467       -0.00000        0.00065      -0.02402
	       D(12,13,15,16)     180.05859       -0.00000       -0.01847     180.04012
	       D(13,12,11,25)    -180.09220        0.00000        0.00426    -180.08794
	       D(13,15,16,26)       0.53043        0.00000        0.03567       0.56610
	       D(14,13,15,16)       0.01342       -0.00000       -0.01486      -0.00144
	         D(15,9,8,24)     179.91716       -0.00000       -0.01566     179.90150
	         D(16,5,4,23)     178.27550        0.00000        0.28703     178.56253
	       D(17,18,19,20)      78.00715       -0.00000       -0.03623      77.97092
	       D(17,18,19,21)    -157.40634       -0.00000       -0.03296    -157.43930
	        D(18,17,1,22)       2.18926        0.00000        0.00104       2.19031
	       D(18,19,20,30)      63.93002        0.00000        0.00645      63.93646
	       D(18,19,20,31)    -175.56701        0.00000        0.00899    -175.55801
	       D(18,19,20,32)     -56.90695        0.00000        0.00814     -56.89882
	       D(18,19,21,33)      58.75884       -0.00000       -0.00540      58.75345
	       D(18,19,21,34)     177.28710        0.00000       -0.00193     177.28517
	       D(18,19,21,35)     -62.41986       -0.00000       -0.00493     -62.42479
	       D(19,18,17,27)     -44.98131        0.00000       -0.00781     -44.98912
	       D(20,19,18,28)     -44.74605       -0.00000       -0.03899     -44.78504
	       D(20,19,18,29)    -161.83383       -0.00000       -0.03320    -161.86703
	       D(20,19,21,33)    -175.89853       -0.00000       -0.00408    -175.90260
	       D(20,19,21,34)     -57.37027       -0.00000       -0.00061     -57.37088
	       D(20,19,21,35)      62.92277       -0.00000       -0.00361      62.91916
	       D(21,19,18,28)      79.84046       -0.00000       -0.03573      79.80473
	       D(21,19,18,29)     -37.24732       -0.00000       -0.02994     -37.27726
	       D(21,19,20,30)     -61.10513       -0.00000        0.00664     -61.09849
	       D(21,19,20,31)      59.39785       -0.00000        0.00919      59.40704
	       D(21,19,20,32)     178.05790        0.00000        0.00833     178.06623
	        D(22,1,17,27)    -175.83712        0.00000        0.01957    -175.81755
	       D(27,17,18,28)      78.70172       -0.00000       -0.01212      78.68960
	       D(27,17,18,29)    -165.09422        0.00000       -0.00740    -165.10162
	-------------------------------------------------------------------------------

	                                 ==> Convergence Check <==                                  
    
	Measures of convergence in internal coordinates in au.
    
	Criteria marked as inactive (o), active & met (*), and active & unmet ( ).

	----------------------------------------------------------------------------------------------
	   Step    Total Energy     Delta E     Max Force     RMS Force      Max Disp      RMS Disp   
	----------------------------------------------------------------------------------------------
	  Convergence Criteria     1.00e-06 *    3.00e-04 *             o    1.20e-03 *             o
	----------------------------------------------------------------------------------------------
	    10    -837.27420599   -7.22e-06      7.51e-05 *    1.71e-05 o    5.01e-03      6.92e-04 o  ~
	----------------------------------------------------------------------------------------------

Next Geometry in Ang 
	Fragment 1 (Ang)

	    C   1.5694896084   1.5155281026   0.4487580380
	    C   0.0797311320   1.5585249504   0.3986259665
	    O  -0.5218378312   2.6133202335   0.4095244910
	    N  -0.5304616669   0.3263922039   0.3456465745
	    C  -1.9009911019   0.0385851755   0.2556035844
	    C  -2.2607204375  -1.3370237028   0.3307640951
	    H  -1.4764731275  -2.0785479888   0.4540765567
	    C  -3.5603497292  -1.7434339853   0.2536106801
	    C  -4.5890056492  -0.7836982733   0.0942331918
	    N  -5.8868622186  -1.1813161187   0.0194924859
	    C  -6.7783539469  -0.2371438173  -0.1253532017
	    N  -6.5550108601   1.0994780057  -0.2117886473
	    C  -5.3066042895   1.4846087564  -0.1400368141
	    H  -5.1075611394   2.5528139422  -0.2071547214
	    C  -4.2303860244   0.5783582979   0.0192853515
	    C  -2.8800046073   0.9901804460   0.0981084238
	    C   2.3270401091   0.6421350562  -0.2087188300
	    C   3.8281204150   0.6591936151  -0.2079654763
	    N   4.3869503454  -0.6799216195  -0.0582977151
	    C   4.3385300719  -1.4316354146  -1.2998010325
	    C   5.7426444104  -0.6349771280   0.4608926665
	    H   2.0117564159   2.3329437017   1.0106239534
	    H   0.0747823847  -0.4671887754   0.4824612175
	    H  -3.8317496202  -2.7902946123   0.3132111796
	    H  -7.8186453307  -0.5426340343  -0.1848391271
	    H  -2.6248756127   2.0388372976   0.0463757399
	    H   1.8543722159  -0.1254099121  -0.8185067076
	    H   4.1929757417   1.1429372893  -1.1352384117
	    H   4.1726574608   1.2777297363   0.6243226611
	    H   4.9634421814  -0.9764700021  -2.0905711299
	    H   4.6918306719  -2.4503151514  -1.1261583794
	    H   3.3157404440  -1.4974919670  -1.6768007801
	    H   5.7559914211  -0.1307473731   1.4296457797
	    H   6.1117752463  -1.6528694443   0.6056830454
	    H   6.4420629176  -0.1104474903  -0.2157718454


    Structure for next step:
    Molecular point group: c1
    Full point group: C1

    Geometry (in Angstrom), charge = 0, multiplicity = 1:

    C            1.569489608448     1.515528102605     0.448758037950
    C            0.079731131966     1.558524950371     0.398625966456
    O           -0.521837831235     2.613320233532     0.409524490960
    N           -0.530461666932     0.326392203869     0.345646574464
    C           -1.900991101930     0.038585175520     0.255603584353
    C           -2.260720437501    -1.337023702794     0.330764095135
    H           -1.476473127543    -2.078547988781     0.454076556678
    C           -3.560349729173    -1.743433985306     0.253610680131
    C           -4.589005649248    -0.783698273323     0.094233191832
    N           -5.886862218586    -1.181316118711     0.019492485928
    C           -6.778353946902    -0.237143817337    -0.125353201749
    N           -6.555010860067     1.099478005741    -0.211788647294
    C           -5.306604289459     1.484608756351    -0.140036814146
    H           -5.107561139411     2.552813942196    -0.207154721449
    C           -4.230386024394     0.578358297912     0.019285351459
    C           -2.880004607330     0.990180446027     0.098108423782
    C            2.327040109051     0.642135056201    -0.208718830037
    C            3.828120415049     0.659193615091    -0.207965476264
    N            4.386950345367    -0.679921619455    -0.058297715053
    C            4.338530071915    -1.431635414555    -1.299801032510
    C            5.742644410386    -0.634977127954     0.460892666469
    H            2.011756415914     2.332943701674     1.010623953388
    H            0.074782384691    -0.467188775353     0.482461217483
    H           -3.831749620162    -2.790294612293     0.313211179556
    H           -7.818645330678    -0.542634034291    -0.184839127137
    H           -2.624875612745     2.038837297569     0.046375739873
    H            1.854372215873    -0.125409912058    -0.818506707641
    H            4.192975741655     1.142937289338    -1.135238411711
    H            4.172657460768     1.277729736314     0.624322661056
    H            4.963442181425    -0.976470002090    -2.090571129929
    H            4.691830671866    -2.450315151382    -1.126158379424
    H            3.315740443991    -1.497491966959    -1.676800780088
    H            5.755991421097    -0.130747373075     1.429645779670
    H            6.111775246252    -1.652869444327     0.605683045401
    H            6.442062917585    -0.110447490267    -0.215771845405


Scratch directory: /tmp/
gradient() will perform analytic gradient computation.
   => Libint2 <=

    Primary   basis highest AM E, G, H:  7, 6, 3
    Auxiliary basis highest AM E, G, H:  7, 7, 4
    Onebody   basis highest AM E, G, H:  -, -, -
    Solid Harmonics ordering:            Gaussian

*** tstart() called on eristm01.eisai.local
*** at Wed May 20 08:49:10 2026

   => Loading Basis Set <=

    Name: 6-311+G(D,P)
    Role: ORBITAL
    Keyword: BASIS
    atoms 1-2, 5-6, 8-9, 11, 13, 15-18, 20-21 entry C          line   129 file /home2/shbae/bucket/covalent/.pixi/envs/default/share/psi4/basis/6-311pg_d_p_.gbs 
    atoms 3                                   entry O          line   171 file /home2/shbae/bucket/covalent/.pixi/envs/default/share/psi4/basis/6-311pg_d_p_.gbs 
    atoms 4, 10, 12, 19                       entry N          line   150 file /home2/shbae/bucket/covalent/.pixi/envs/default/share/psi4/basis/6-311pg_d_p_.gbs 
    atoms 7, 14, 22-35                        entry H          line    42 file /home2/shbae/bucket/covalent/.pixi/envs/default/share/psi4/basis/6-311pg_d_p_.gbs 

   => WB97X-D: Empirical Dispersion <=

    Chai and Head-Gordon Dispersion Correction
    Chai, J.-D.; Head-Gordon, M. (2010), J. Chem. Phys., 132: 6615-6620

        s6 =       1.000000


         ---------------------------------------------------------
                                   SCF
               by Justin Turney, Rob Parrish, Andy Simmonett
                          and Daniel G. A. Smith
                              RKS Reference
                        8 Threads,   7629 MiB Core
         ---------------------------------------------------------

  ==> Geometry <==

    Molecular point group: c1
    Full point group: C1

    Geometry (in Angstrom), charge = 0, multiplicity = 1:

       Center              X                  Y                   Z               Mass       
    ------------   -----------------  -----------------  -----------------  -----------------
         C            1.569489608448     1.515528102605     0.448758037950    12.000000000000
         C            0.079731131966     1.558524950371     0.398625966456    12.000000000000
         O           -0.521837831235     2.613320233532     0.409524490960    15.994914619570
         N           -0.530461666932     0.326392203869     0.345646574464    14.003074004430
         C           -1.900991101930     0.038585175520     0.255603584353    12.000000000000
         C           -2.260720437501    -1.337023702794     0.330764095135    12.000000000000
         H           -1.476473127543    -2.078547988781     0.454076556678     1.007825032230
         C           -3.560349729173    -1.743433985306     0.253610680131    12.000000000000
         C           -4.589005649248    -0.783698273323     0.094233191832    12.000000000000
         N           -5.886862218586    -1.181316118711     0.019492485928    14.003074004430
         C           -6.778353946902    -0.237143817337    -0.125353201749    12.000000000000
         N           -6.555010860067     1.099478005741    -0.211788647294    14.003074004430
         C           -5.306604289459     1.484608756351    -0.140036814146    12.000000000000
         H           -5.107561139411     2.552813942196    -0.207154721449     1.007825032230
         C           -4.230386024394     0.578358297912     0.019285351459    12.000000000000
         C           -2.880004607330     0.990180446027     0.098108423782    12.000000000000
         C            2.327040109051     0.642135056201    -0.208718830037    12.000000000000
         C            3.828120415049     0.659193615091    -0.207965476264    12.000000000000
         N            4.386950345367    -0.679921619455    -0.058297715053    14.003074004430
         C            4.338530071915    -1.431635414555    -1.299801032510    12.000000000000
         C            5.742644410386    -0.634977127954     0.460892666469    12.000000000000
         H            2.011756415914     2.332943701674     1.010623953388     1.007825032230
         H            0.074782384691    -0.467188775353     0.482461217483     1.007825032230
         H           -3.831749620162    -2.790294612293     0.313211179556     1.007825032230
         H           -7.818645330678    -0.542634034291    -0.184839127137     1.007825032230
         H           -2.624875612745     2.038837297569     0.046375739873     1.007825032230
         H            1.854372215873    -0.125409912058    -0.818506707641     1.007825032230
         H            4.192975741655     1.142937289338    -1.135238411711     1.007825032230
         H            4.172657460768     1.277729736314     0.624322661056     1.007825032230
         H            4.963442181425    -0.976470002090    -2.090571129929     1.007825032230
         H            4.691830671866    -2.450315151382    -1.126158379424     1.007825032230
         H            3.315740443991    -1.497491966959    -1.676800780088     1.007825032230
         H            5.755991421097    -0.130747373075     1.429645779670     1.007825032230
         H            6.111775246252    -1.652869444327     0.605683045401     1.007825032230
         H            6.442062917585    -0.110447490267    -0.215771845405     1.007825032230

  Running in c1 symmetry.

  Rotational constants: A =      0.03749  B =      0.00388  C =      0.00358 [cm^-1]
  Rotational constants: A =   1123.94403  B =    116.27518  C =    107.46170 [MHz]
  Nuclear repulsion = 1283.760397946887906

  Charge       = 0
  Multiplicity = 1
  Electrons    = 136
  Nalpha       = 68
  Nbeta        = 68

  ==> Algorithm <==

  SCF Algorithm Type is DF.
  DIIS enabled.
  MOM disabled.
  Fractional occupation disabled.
  Guess Type is READ.
  Energy threshold   = 1.00e-08
  Density threshold  = 1.00e-08
  Integral threshold = 1.00e-12

  ==> Primary Basis <==

  Basis Set: 6-311+G(D,P)
    Blend: 6-311+G(D,P)
    Number of shells: 254
    Number of basis functions: 514
    Number of Cartesian functions: 533
    Spherical Harmonics?: true
    Max angular momentum: 2

  ==> DFT Potential <==

   => LibXC <=

    Version 7.0.0
    S. Lehtola, C. Steigemann, M. J.T. Oliveira, and M. A.L. Marques.,  SoftwareX 7, 1–5 (2018) (10.1016/j.softx.2017.11.002)

   => Composite Functional: WB97X-D <= 

    wB97X-D Hyb-GGA Exchange-Correlation Functional

    J.-D. Chai and M. Head-Gordon.,  Phys. Chem. Chem. Phys. 10, 6615-6620 (2008) (10.1039/B810189B)

    Deriv               =              1
    GGA                 =           TRUE
    Meta                =          FALSE

    Exchange Hybrid     =           TRUE
    MP2 Hybrid          =          FALSE

   => Exchange-Correlation Functionals <=

    1.0000   wB97X-D range-separated functional

   => Exact (HF) Exchange <=

    0.7780            HF,LR [omega = 0.2000]
    0.2220               HF 

   => LibXC Density Thresholds  <==

    XC_HYB_GGA_XC_WB97X_D:  1.00E-14 

   => Molecular Quadrature <=

    Radial Scheme          =       TREUTLER
    Pruning Scheme         =           NONE
    Nuclear Scheme         =       TREUTLER

    Blocking Scheme        =         OCTREE
    BS radius alpha        =              1
    Pruning alpha          =              1
    Radial Points          =             75
    Spherical Points       =            302
    Total Points           =         730543
    Total Blocks           =           5298
    Max Points             =            256
    Max Functions          =            353
    Weights Tolerance      =       1.00E-15

   => Loading Basis Set <=

    Name: (6-311+G(D,P) AUX)
    Role: JKFIT
    Keyword: DF_BASIS_SCF
    atoms 1-2, 5-6, 8-9, 11, 13, 15-18, 20-21 entry C          line   200 file /home2/shbae/bucket/covalent/.pixi/envs/default/share/psi4/basis/heavy-aug-cc-pvtz-jkfit.gbs 
    atoms 3                                   entry O          line   324 file /home2/shbae/bucket/covalent/.pixi/envs/default/share/psi4/basis/heavy-aug-cc-pvtz-jkfit.gbs 
    atoms 4, 10, 12, 19                       entry N          line   262 file /home2/shbae/bucket/covalent/.pixi/envs/default/share/psi4/basis/heavy-aug-cc-pvtz-jkfit.gbs 
    atoms 7, 14, 22-35                        entry H          line   116 file /home2/shbae/bucket/covalent/.pixi/envs/default/share/psi4/basis/heavy-aug-cc-pvtz-jkfit.gbs 

   => Loading Basis Set <=

    Name: 6-311+G(D,P)
    Role: ORBITAL
    Keyword: BASIS
    atoms 1-2, 5-6, 8-9, 11, 13, 15-18, 20-21 entry C          line   129 file /home2/shbae/bucket/covalent/.pixi/envs/default/share/psi4/basis/6-311pg_d_p_.gbs 
    atoms 3                                   entry O          line   171 file /home2/shbae/bucket/covalent/.pixi/envs/default/share/psi4/basis/6-311pg_d_p_.gbs 
    atoms 4, 10, 12, 19                       entry N          line   150 file /home2/shbae/bucket/covalent/.pixi/envs/default/share/psi4/basis/6-311pg_d_p_.gbs 
    atoms 7, 14, 22-35                        entry H          line    42 file /home2/shbae/bucket/covalent/.pixi/envs/default/share/psi4/basis/6-311pg_d_p_.gbs 

  Reading orbitals from file /tmp/3_reactant.default.2248151.180.npy, no projection.

  ==> Integral Setup <==

  ==> DiskDFJK: Density-Fitted J/K Matrices <==

    J tasked:                  Yes
    K tasked:                  Yes
    wK tasked:                 Yes
    Omega:               2.000E-01
    OpenMP threads:              8
    Integrals threads:           8
    Memory [MiB]:             1957
    Algorithm:                Disk
    Integral Cache:           NONE
    Schwarz Cutoff:          1E-12
    Fitting Condition:       1E-10

   => Auxiliary Basis Set <=

  Basis Set: (6-311+G(D,P) AUX)
    Blend: HEAVY-AUG-CC-PVTZ-JKFIT
    Number of shells: 730
    Number of basis functions: 2456
    Number of Cartesian functions: 3049
    Spherical Harmonics?: true
    Max angular momentum: 4

  Cached 50.0% of DFT collocation blocks in 2.608 [GiB].

  Minimum eigenvalue in the overlap matrix is 1.7926318449E-07.
  Reciprocal condition number of the overlap matrix is 1.2309343296E-08.
    Using symmetric orthogonalization.

  ==> Pre-Iterations <==

  SCF Guess: Orbitals guess was supplied from a previous computation.

   -------------------------------------------------------
    Irrep   Nso     Nmo     Nalpha   Nbeta   Ndocc  Nsocc
   -------------------------------------------------------
     A        514     514      68      68      68       0
   -------------------------------------------------------
    Total     514     514      68      68      68       0
   -------------------------------------------------------

  ==> Iterations <==

                           Total Energy        Delta E     RMS |[F,P]|

   @DF-RKS iter   0:  -837.27276586567314   -8.37273e+02   3.86479e-05 
   @DF-RKS iter   1:  -837.27419851058198   -1.43264e-03   5.14059e-06 DIIS
   @DF-RKS iter   2:  -837.27420413387358   -5.62329e-06   4.27916e-06 DIIS
   @DF-RKS iter   3:  -837.27420607716749   -1.94329e-06   1.70018e-06 DIIS
   @DF-RKS iter   4:  -837.27420646847656   -3.91309e-07   6.09592e-07 DIIS
   @DF-RKS iter   5:  -837.27420652305932   -5.45828e-08   1.97858e-07 DIIS
   @DF-RKS iter   6:  -837.27420652867249   -5.61317e-09   6.30276e-08 DIIS
   @DF-RKS iter   7:  -837.27420652972796   -1.05547e-09   2.27742e-08 DIIS
   @DF-RKS iter   8:  -837.27420652986166   -1.33696e-10   9.81602e-09 DIIS
  Energy and wave function converged.


  ==> Post-Iterations <==

   Electrons on quadrature grid:
      Ntotal   =  136.0000290794 ; deviation = 2.908e-05 

    Orbital Energies [Eh]
    ---------------------

    Doubly Occupied:                                                      

       1A    -19.233423     2A    -14.490806     3A    -14.445280  
       4A    -14.439671     5A    -14.438898     6A    -10.412466  
       7A    -10.358695     8A    -10.351802     9A    -10.344377  
      10A    -10.340282    11A    -10.332959    12A    -10.322963  
      13A    -10.318375    14A    -10.316418    15A    -10.315332  
      16A    -10.314284    17A    -10.311967    18A    -10.308092  
      19A    -10.302971    20A     -1.167808    21A     -1.096675  
      22A     -1.067224    23A     -1.049310    24A     -1.002566  
      25A     -0.969993    26A     -0.925399    27A     -0.889283  
      28A     -0.868240    29A     -0.828728    30A     -0.822542  
      31A     -0.783084    32A     -0.761671    33A     -0.739772  
      34A     -0.726280    35A     -0.694323    36A     -0.680739  
      37A     -0.666288    38A     -0.646152    39A     -0.621612  
      40A     -0.604890    41A     -0.583353    42A     -0.581367  
      43A     -0.570798    44A     -0.564802    45A     -0.549505  
      46A     -0.544548    47A     -0.535067    48A     -0.530652  
      49A     -0.525708    50A     -0.517010    51A     -0.510061  
      52A     -0.504353    53A     -0.494458    54A     -0.490760  
      55A     -0.472645    56A     -0.467903    57A     -0.463693  
      58A     -0.461775    59A     -0.455312    60A     -0.421969  
      61A     -0.398942    62A     -0.391015    63A     -0.375829  
      64A     -0.357220    65A     -0.348374    66A     -0.338374  
      67A     -0.317575    68A     -0.306675  

    Virtual:                                                              

      69A     -0.009385    70A      0.009573    71A      0.038219  
      72A      0.044973    73A      0.058406    74A      0.063777  
      75A      0.068071    76A      0.071407    77A      0.074881  
      78A      0.079109    79A      0.087740    80A      0.090958  
      81A      0.093274    82A      0.095927    83A      0.099608  
      84A      0.101942    85A      0.105896    86A      0.108111  
      87A      0.113764    88A      0.118510    89A      0.124579  
      90A      0.126468    91A      0.130527    92A      0.133296  
      93A      0.137651    94A      0.140543    95A      0.141931  
      96A      0.150208    97A      0.153887    98A      0.157349  
      99A      0.161595   100A      0.162094   101A      0.168773  
     102A      0.176449   103A      0.179337   104A      0.181500  
     105A      0.186841   106A      0.190556   107A      0.194530  
     108A      0.198525   109A      0.201829   110A      0.205497  
     111A      0.213315   112A      0.217096   113A      0.219769  
     114A      0.223514   115A      0.224470   116A      0.235350  
     117A      0.238017   118A      0.242195   119A      0.245174  
     120A      0.246835   121A      0.249538   122A      0.252668  
     123A      0.256183   124A      0.258940   125A      0.263254  
     126A      0.265221   127A      0.265964   128A      0.270516  
     129A      0.273619   130A      0.274989   131A      0.278160  
     132A      0.280666   133A      0.282360   134A      0.287202  
     135A      0.290886   136A      0.293120   137A      0.298194  
     138A      0.300240   139A      0.301540   140A      0.304461  
     141A      0.309424   142A      0.311967   143A      0.312455  
     144A      0.313080   145A      0.319208   146A      0.322284  
     147A      0.326222   148A      0.331418   149A      0.332507  
     150A      0.337058   151A      0.340264   152A      0.343620  
     153A      0.344758   154A      0.350179   155A      0.350450  
     156A      0.352487   157A      0.356514   158A      0.361032  
     159A      0.367356   160A      0.370192   161A      0.376858  
     162A      0.381668   163A      0.386483   164A      0.390209  
     165A      0.395264   166A      0.398320   167A      0.409725  
     168A      0.411644   169A      0.416453   170A      0.421749  
     171A      0.429382   172A      0.435010   173A      0.438082  
     174A      0.442527   175A      0.452321   176A      0.458620  
     177A      0.463862   178A      0.477076   179A      0.488347  
     180A      0.495808   181A      0.504228   182A      0.512927  
     183A      0.525511   184A      0.542131   185A      0.552179  
     186A      0.553140   187A      0.560535   188A      0.582386  
     189A      0.587635   190A      0.592850   191A      0.599558  
     192A      0.602783   193A      0.607630   194A      0.618192  
     195A      0.621751   196A      0.624933   197A      0.632927  
     198A      0.637030   199A      0.646918   200A      0.653052  
     201A      0.656745   202A      0.665431   203A      0.670659  
     204A      0.675085   205A      0.683175   206A      0.694239  
     207A      0.697291   208A      0.703339   209A      0.705485  
     210A      0.711075   211A      0.719693   212A      0.724475  
     213A      0.727978   214A      0.737570   215A      0.738349  
     216A      0.742212   217A      0.752988   218A      0.755504  
     219A      0.772283   220A      0.773985   221A      0.775684  
     222A      0.788435   223A      0.792586   224A      0.793994  
     225A      0.796513   226A      0.806682   227A      0.807735  
     228A      0.812604   229A      0.826640   230A      0.830226  
     231A      0.837415   232A      0.847080   233A      0.853540  
     234A      0.860006   235A      0.865765   236A      0.872857  
     237A      0.892099   238A      0.901734   239A      0.909234  
     240A      0.923253   241A      0.931200   242A      0.938579  
     243A      0.946847   244A      0.958514   245A      0.964667  
     246A      0.973899   247A      0.985576   248A      0.987102  
     249A      0.990988   250A      0.991993   251A      0.995113  
     252A      0.999718   253A      1.018799   254A      1.027624  
     255A      1.044501   256A      1.046817   257A      1.054406  
     258A      1.058903   259A      1.065753   260A      1.074250  
     261A      1.080650   262A      1.083740   263A      1.091958  
     264A      1.094137   265A      1.113643   266A      1.115002  
     267A      1.134584   268A      1.138152   269A      1.149667  
     270A      1.173460   271A      1.186827   272A      1.197281  
     273A      1.205438   274A      1.217609   275A      1.224507  
     276A      1.227393   277A      1.233094   278A      1.244855  
     279A      1.254898   280A      1.268446   281A      1.285460  
     282A      1.300944   283A      1.313937   284A      1.334491  
     285A      1.341699   286A      1.348346   287A      1.382596  
     288A      1.394077   289A      1.402400   290A      1.415041  
     291A      1.438309   292A      1.454299   293A      1.461455  
     294A      1.486246   295A      1.514512   296A      1.523837  
     297A      1.529733   298A      1.538941   299A      1.556727  
     300A      1.564110   301A      1.571857   302A      1.580287  
     303A      1.592379   304A      1.599924   305A      1.603139  
     306A      1.606496   307A      1.612550   308A      1.618095  
     309A      1.627189   310A      1.634187   311A      1.645232  
     312A      1.655326   313A      1.659776   314A      1.675081  
     315A      1.684840   316A      1.688114   317A      1.704252  
     318A      1.713846   319A      1.719269   320A      1.726723  
     321A      1.727757   322A      1.748539   323A      1.760576  
     324A      1.774603   325A      1.775186   326A      1.786284  
     327A      1.793242   328A      1.794666   329A      1.815860  
     330A      1.828658   331A      1.830593   332A      1.840751  
     333A      1.857116   334A      1.858768   335A      1.864432  
     336A      1.866876   337A      1.883220   338A      1.907167  
     339A      1.917456   340A      1.926817   341A      1.947288  
     342A      1.955059   343A      1.969509   344A      1.979450  
     345A      1.986418   346A      2.006401   347A      2.026316  
     348A      2.035576   349A      2.036836   350A      2.052712  
     351A      2.059466   352A      2.078218   353A      2.089108  
     354A      2.095319   355A      2.110037   356A      2.129025  
     357A      2.141449   358A      2.148312   359A      2.155330  
     360A      2.168666   361A      2.179714   362A      2.192135  
     363A      2.204361   364A      2.210014   365A      2.220921  
     366A      2.232476   367A      2.252053   368A      2.260267  
     369A      2.272931   370A      2.300384   371A      2.325823  
     372A      2.334876   373A      2.337603   374A      2.350524  
     375A      2.360738   376A      2.366865   377A      2.392751  
     378A      2.405400   379A      2.430194   380A      2.444554  
     381A      2.490060   382A      2.494549   383A      2.498667  
     384A      2.504688   385A      2.509230   386A      2.517275  
     387A      2.522414   388A      2.540831   389A      2.564239  
     390A      2.569971   391A      2.580639   392A      2.593114  
     393A      2.608343   394A      2.631628   395A      2.661388  
     396A      2.670697   397A      2.680849   398A      2.689341  
     399A      2.701834   400A      2.714460   401A      2.733974  
     402A      2.743014   403A      2.747175   404A      2.753272  
     405A      2.764227   406A      2.772978   407A      2.783087  
     408A      2.788298   409A      2.793172   410A      2.809319  
     411A      2.817648   412A      2.823442   413A      2.843162  
     414A      2.844918   415A      2.857847   416A      2.860964  
     417A      2.882178   418A      2.888375   419A      2.894787  
     420A      2.913391   421A      2.928972   422A      2.941750  
     423A      2.959155   424A      2.964483   425A      2.968146  
     426A      2.970495   427A      2.995498   428A      3.004990  
     429A      3.011309   430A      3.015388   431A      3.028332  
     432A      3.032111   433A      3.038662   434A      3.046359  
     435A      3.068063   436A      3.075813   437A      3.103039  
     438A      3.115679   439A      3.118549   440A      3.123231  
     441A      3.143538   442A      3.178697   443A      3.182097  
     444A      3.274208   445A      3.303705   446A      3.340050  
     447A      3.370703   448A      3.413920   449A      3.446552  
     450A      3.468030   451A      3.472751   452A      3.510023  
     453A      3.519800   454A      3.585823   455A      3.611787  
     456A      3.627660   457A      3.631330   458A      3.663773  
     459A      3.678339   460A      3.710014   461A      3.734520  
     462A      3.761266   463A      3.807761   464A      3.810704  
     465A      3.849596   466A      3.857806   467A      3.868181  
     468A      3.891293   469A      3.908025   470A      3.912423  
     471A      3.926202   472A      3.967045   473A      4.001616  
     474A      4.019938   475A      4.039902   476A      4.055252  
     477A      4.068471   478A      4.157000   479A      4.219085  
     480A      4.281104   481A      4.317298   482A      4.380092  
     483A      4.475353   484A      4.525424   485A      4.603022  
     486A      4.935436   487A      4.954216   488A      4.972413  
     489A      4.986245   490A      5.077405   491A      5.194850  
     492A      5.209340   493A      5.391273   494A      5.410692  
     495A      5.909443   496A     23.747530   497A     23.862843  
     498A     23.992889   499A     24.007812   500A     24.023960  
     501A     24.046994   502A     24.053788   503A     24.068486  
     504A     24.096530   505A     24.120080   506A     24.163790  
     507A     24.256390   508A     24.319902   509A     24.381145  
     510A     35.646467   511A     35.760128   512A     35.779389  
     513A     35.823980   514A     50.163400  

    Final Occupation by Irrep:
              A 
    DOCC [    68 ]
    NA   [    68 ]
    NB   [    68 ]

  @DF-RKS Final Energy:  -837.27420652986166

   => Energetics <=

    Nuclear Repulsion Energy =           1283.7603979468879061
    One-Electron Energy =               -3681.9059425889822705
    Two-Electron Energy =                1642.4162418986452394
    DFT Exchange-Correlation Energy =     -81.5234500735109009
    Empirical Dispersion Energy =          -0.0214537129020306
    VV10 Nonlocal Energy =                  0.0000000000000000
    Total Energy =                       -837.2742065298618854

Computation Completed


Properties will be evaluated at   0.000000,   0.000000,   0.000000 [a0]

Properties computed using the SCF density matrix


 Multipole Moments:

 ------------------------------------------------------------------------------------
     Multipole            Electronic (a.u.)      Nuclear  (a.u.)        Total (a.u.)
 ------------------------------------------------------------------------------------

 L = 1.  Multiply by 2.5417464519 to convert [e a0] to [Debye]
 Dipole X            :        235.5004991         -232.9455406            2.5549585
 Dipole Y            :        -42.8979717           41.9085448           -0.9894269
 Dipole Z            :         -7.1840574            7.0316023           -0.1524551
 Magnitude           :                                                    2.7440884

 ------------------------------------------------------------------------------------

*** tstop() called on eristm01.eisai.local at Wed May 20 08:50:07 2026
Module time:
	user time   =     393.32 seconds =       6.56 minutes
	system time =      17.34 seconds =       0.29 minutes
	total time  =         57 seconds =       0.95 minutes
Total time:
	user time   =    7403.92 seconds =     123.40 minutes
	system time =     287.86 seconds =       4.80 minutes
	total time  =       1073 seconds =      17.88 minutes

*** tstart() called on eristm01.eisai.local
*** at Wed May 20 08:50:07 2026


         ------------------------------------------------------------
                                   SCF GRAD                          
                          Rob Parrish, Justin Turney,                
                       Andy Simmonett, and Alex Sokolov              
         ------------------------------------------------------------

  ==> Geometry <==

    Molecular point group: c1
    Full point group: C1

    Geometry (in Angstrom), charge = 0, multiplicity = 1:

       Center              X                  Y                   Z               Mass       
    ------------   -----------------  -----------------  -----------------  -----------------
         C            1.569489608448     1.515528102605     0.448758037950    12.000000000000
         C            0.079731131966     1.558524950371     0.398625966456    12.000000000000
         O           -0.521837831235     2.613320233532     0.409524490960    15.994914619570
         N           -0.530461666932     0.326392203869     0.345646574464    14.003074004430
         C           -1.900991101930     0.038585175520     0.255603584353    12.000000000000
         C           -2.260720437501    -1.337023702794     0.330764095135    12.000000000000
         H           -1.476473127543    -2.078547988781     0.454076556678     1.007825032230
         C           -3.560349729173    -1.743433985306     0.253610680131    12.000000000000
         C           -4.589005649248    -0.783698273323     0.094233191832    12.000000000000
         N           -5.886862218586    -1.181316118711     0.019492485928    14.003074004430
         C           -6.778353946902    -0.237143817337    -0.125353201749    12.000000000000
         N           -6.555010860067     1.099478005741    -0.211788647294    14.003074004430
         C           -5.306604289459     1.484608756351    -0.140036814146    12.000000000000
         H           -5.107561139411     2.552813942196    -0.207154721449     1.007825032230
         C           -4.230386024394     0.578358297912     0.019285351459    12.000000000000
         C           -2.880004607330     0.990180446027     0.098108423782    12.000000000000
         C            2.327040109051     0.642135056201    -0.208718830037    12.000000000000
         C            3.828120415049     0.659193615091    -0.207965476264    12.000000000000
         N            4.386950345367    -0.679921619455    -0.058297715053    14.003074004430
         C            4.338530071915    -1.431635414555    -1.299801032510    12.000000000000
         C            5.742644410386    -0.634977127954     0.460892666469    12.000000000000
         H            2.011756415914     2.332943701674     1.010623953388     1.007825032230
         H            0.074782384691    -0.467188775353     0.482461217483     1.007825032230
         H           -3.831749620162    -2.790294612293     0.313211179556     1.007825032230
         H           -7.818645330678    -0.542634034291    -0.184839127137     1.007825032230
         H           -2.624875612745     2.038837297569     0.046375739873     1.007825032230
         H            1.854372215873    -0.125409912058    -0.818506707641     1.007825032230
         H            4.192975741655     1.142937289338    -1.135238411711     1.007825032230
         H            4.172657460768     1.277729736314     0.624322661056     1.007825032230
         H            4.963442181425    -0.976470002090    -2.090571129929     1.007825032230
         H            4.691830671866    -2.450315151382    -1.126158379424     1.007825032230
         H            3.315740443991    -1.497491966959    -1.676800780088     1.007825032230
         H            5.755991421097    -0.130747373075     1.429645779670     1.007825032230
         H            6.111775246252    -1.652869444327     0.605683045401     1.007825032230
         H            6.442062917585    -0.110447490267    -0.215771845405     1.007825032230

  Nuclear repulsion = 1283.760397946887906

  ==> Basis Set <==

  Basis Set: 6-311+G(D,P)
    Blend: 6-311+G(D,P)
    Number of shells: 254
    Number of basis functions: 514
    Number of Cartesian functions: 533
    Spherical Harmonics?: true
    Max angular momentum: 2

  ==> DFJKGrad: Density-Fitted SCF Gradients <==

    Gradient:                    1
    J tasked:                  Yes
    K tasked:                  Yes
    wK tasked:                 Yes
    Omega:               2.000E-01
    OpenMP threads:              8
    Integrals threads:           8
    Memory [MiB]:             5722
    Schwarz Cutoff:          1E-12
    Fitting Condition:       1E-10

   => Auxiliary Basis Set <=

  Basis Set: (6-311+G(D,P) AUX)
    Blend: HEAVY-AUG-CC-PVTZ-JKFIT
    Number of shells: 730
    Number of basis functions: 2456
    Number of Cartesian functions: 3049
    Spherical Harmonics?: true
    Max angular momentum: 4

  ==> DFT Potential <==

   => LibXC <=

    Version 7.0.0
    S. Lehtola, C. Steigemann, M. J.T. Oliveira, and M. A.L. Marques.,  SoftwareX 7, 1–5 (2018) (10.1016/j.softx.2017.11.002)

   => Composite Functional: WB97X-D <= 

    wB97X-D Hyb-GGA Exchange-Correlation Functional

    J.-D. Chai and M. Head-Gordon.,  Phys. Chem. Chem. Phys. 10, 6615-6620 (2008) (10.1039/B810189B)

    Deriv               =              1
    GGA                 =           TRUE
    Meta                =          FALSE

    Exchange Hybrid     =           TRUE
    MP2 Hybrid          =          FALSE

   => Exchange-Correlation Functionals <=

    1.0000   wB97X-D range-separated functional

   => Exact (HF) Exchange <=

    0.7780            HF,LR [omega = 0.2000]
    0.2220               HF 

   => LibXC Density Thresholds  <==

    XC_HYB_GGA_XC_WB97X_D:  1.00E-14 

   => Molecular Quadrature <=

    Radial Scheme          =       TREUTLER
    Pruning Scheme         =           NONE
    Nuclear Scheme         =       TREUTLER

    Blocking Scheme        =         OCTREE
    BS radius alpha        =              1
    Pruning alpha          =              1
    Radial Points          =             75
    Spherical Points       =            302
    Total Points           =         730543
    Total Blocks           =           5298
    Max Points             =            256
    Max Functions          =            353
    Weights Tolerance      =       1.00E-15


  -Total Gradient:
     Atom            X                  Y                   Z
    ------   -----------------  -----------------  -----------------
       1       -0.000011986413    -0.000020711621     0.000023832840
       2        0.000002792391     0.000036832386     0.000017405976
       3       -0.000009208529    -0.000019410067     0.000027273334
       4       -0.000029791233    -0.000031609121    -0.000006406172
       5        0.000015743607    -0.000037866824     0.000004328777
       6        0.000030209829     0.000013863940    -0.000011268551
       7       -0.000011750666    -0.000015008648    -0.000023091703
       8       -0.000037433436     0.000009544153    -0.000023883370
       9       -0.000004593590    -0.000022977471    -0.000014053239
      10        0.000006139213    -0.000029947296    -0.000021999115
      11       -0.000030595310    -0.000002211401     0.000013874879
      12       -0.000010721437     0.000012409963    -0.000002570007
      13       -0.000003577615    -0.000026069634     0.000012490040
      14       -0.000003636783    -0.000004058799     0.000021740869
      15        0.000043074450     0.000017941167     0.000024772696
      16       -0.000069208955     0.000007812795    -0.000011882762
      17       -0.000012237869     0.000006032713     0.000008371858
      18       -0.000001080850     0.000017236573     0.000004368751
      19       -0.000003680641    -0.000003718256     0.000000870350
      20        0.000002004000     0.000024551133    -0.000012259491
      21       -0.000003436768     0.000004360520    -0.000005875370
      22       -0.000004638969    -0.000010479128     0.000025526893
      23        0.000006593344    -0.000000304459     0.000003520167
      24        0.000001482976    -0.000014683663    -0.000027587453
      25       -0.000000435859    -0.000012797061    -0.000014690804
      26        0.000009196837    -0.000007623829     0.000023735885
      27       -0.000003718578     0.000013847860    -0.000006307773
      28       -0.000004888164     0.000006552419     0.000019928770
      29       -0.000002270757     0.000003105797     0.000011809653
      30       -0.000003476976     0.000023119937    -0.000006563757
      31       -0.000003036578     0.000016398828    -0.000018426694
      32       -0.000004174825     0.000018564748    -0.000012105143
      33       -0.000007132598    -0.000010538906     0.000006387917
      34       -0.000004452155     0.000000385829    -0.000009835479
      35       -0.000005359285     0.000007169089     0.000005145290


*** tstop() called on eristm01.eisai.local at Wed May 20 08:50:34 2026
Module time:
	user time   =     182.41 seconds =       3.04 minutes
	system time =       3.95 seconds =       0.07 minutes
	total time  =         27 seconds =       0.45 minutes
Total time:
	user time   =    7586.34 seconds =     126.44 minutes
	system time =     291.81 seconds =       4.86 minutes
	total time  =       1100 seconds =      18.33 minutes

    			-----------------------------------------

    			 OPTKING 3.0: for geometry optimizations 

    			     By R.A. King, Bethel University     

    			        with contributions from          

    			    A.V. Copan, J. Cayton, A. Heide      

    			-----------------------------------------

    
	                            ===> Fragment 1 <== 

	 Z (Atomic Numbers)          Masses                          Geom                  
	       6.000000            12.000000          2.96590552  2.86393305  0.84802979   
	       6.000000            12.000000          0.15067000  2.94518532  0.75329390   
	       8.000000            15.994915         -0.98613058  4.93845952  0.77388913   
	       7.000000            14.003074         -1.00242727  0.61679187  0.65317736   
	       6.000000            12.000000         -3.59235255  0.07291541  0.48302077   
	       6.000000            12.000000         -4.27214247 -2.52660862  0.62505355   
	       1.000000             1.007825         -2.79012984 -3.92788644  0.85808033   
	       6.000000            12.000000         -6.72808590 -3.29461275  0.47925473   
	       6.000000            12.000000         -8.67196387 -1.48097510  0.17807492   
	       7.000000            14.003074        -11.12455733  -2.23236393   0.03683546 
	       6.000000            12.000000        -12.80923254  -0.44813687  -0.23688322 
	       7.000000            14.003074        -12.38717527   2.07771231  -0.40022254 
	       6.000000            12.000000        -10.02802876   2.80550395  -0.26463123 
	       1.000000             1.007825         -9.65189172  4.82411920 -0.39146569   
	       6.000000            12.000000         -7.99427099  1.09293879  0.03644403   
	       6.000000            12.000000         -5.44241995  1.87116986  0.18539805   
	       6.000000            12.000000          4.39746849  1.21345939 -0.39442143   
	       6.000000            12.000000          7.23409916  1.24569540 -0.39299779   
	       7.000000            14.003074          8.29013468 -1.28486565 -0.11016672   
	       6.000000            12.000000          8.19863362 -2.70539885 -2.45626797   
	       6.000000            12.000000         10.85202517 -1.19993287  0.87096091   
	       1.000000             1.007825          3.80166866  4.40862466  1.90980249   
	       1.000000             1.007825          0.14131823 -0.88285883  0.91171957   
	       1.000000             1.007825         -7.24095736 -5.27289263  0.59188335   
	       1.000000             1.007825        -14.77509835  -1.02542971  -0.34929533 
	       1.000000             1.007825         -4.96029602  3.85284411  0.08763745   
	       1.000000             1.007825          3.50425562 -0.23699039 -1.54675351   
	       1.000000             1.007825          7.92357580  2.15983846 -2.14528969   
	       1.000000             1.007825          7.88517982  2.41455926  1.17979884   
	       1.000000             1.007825          9.37954636 -1.84526087 -3.95060688   
	       1.000000             1.007825          8.86627500 -4.63042456 -2.12813091   
	       1.000000             1.007825          6.26584134 -2.82984969 -3.16869424   
	       1.000000             1.007825         10.87724737 -0.24707673  2.70163898   
	       1.000000             1.007825         11.54958136 -3.12347057  1.14457507   
	       1.000000             1.007825         12.17373460 -0.20871551 -0.40774969   

	 - Coordinate -           - BOHR/RAD -       - ANG/DEG -
	 H(3,26)          =         4.176541           2.210130
	 R(1,2)           =         2.818001           1.491222
	 R(1,17)          =         2.513388           1.330028
	 R(1,22)          =         2.052300           1.086030
	 R(2,3)           =         2.294751           1.214330
	 R(2,4)           =         2.600206           1.375970
	 R(4,5)           =         2.651880           1.403314
	 R(4,23)          =         1.903668           1.007377
	 R(5,6)           =         2.690690           1.423852
	 R(5,16)          =         2.597123           1.374338
	 R(6,7)           =         2.052862           1.086328
	 R(6,8)           =         2.577352           1.363876
	 R(8,9)           =         2.675566           1.415848
	 R(8,24)          =         2.046781           1.083110
	 R(9,10)          =         2.568998           1.359455
	 R(9,15)          =         2.665400           1.410469
	 R(10,11)         =         2.469113           1.306598
	 R(11,12)         =         2.566072           1.357907
	 R(11,25)         =         2.051958           1.085849
	 R(12,13)         =         2.472577           1.308431
	 R(13,14)         =         2.057273           1.088662
	 R(13,15)         =         2.675761           1.415952
	 R(15,16)         =         2.672036           1.413980
	 R(16,26)         =         2.041821           1.080485
	 R(17,18)         =         2.836814           1.501177
	 R(17,27)         =         2.056576           1.088293
	 R(18,19)         =         2.756618           1.458740
	 R(18,28)         =         2.093218           1.107683
	 R(18,29)         =         2.064906           1.092701
	 R(19,20)         =         2.744172           1.452153
	 R(19,21)         =         2.744651           1.452407
	 R(20,30)         =         2.089842           1.105897
	 R(20,31)         =         2.063769           1.092100
	 R(20,32)         =         2.063668           1.092046
	 R(21,33)         =         2.063965           1.092203
	 R(21,34)         =         2.064327           1.092395
	 R(21,35)         =         2.089145           1.105528
	 B(1,2,3)         =         2.117237         121.308721
	 B(1,2,4)         =         2.002594         114.740163
	 B(1,17,18)       =         2.167390         124.182306
	 B(1,17,27)       =         2.086031         119.520774
	 B(2,1,17)        =         2.178924         124.843129
	 B(2,1,22)        =         1.985068         113.736045
	 B(2,4,5)         =         2.238552         128.259602
	 B(2,4,23)        =         2.019449         115.705927
	 B(3,2,4)         =         2.163347         123.950675
	 B(4,5,6)         =         2.028064         116.199481
	 B(4,5,16)        =         2.166460         124.128987
	 B(5,4,23)        =         2.019641         115.716917
	 B(5,6,7)         =         2.074954         118.886133
	 B(5,6,8)         =         2.124268         121.711576
	 B(5,16,15)       =         2.077203         119.014951
	 B(5,16,26)       =         2.105155         120.616482
	 B(6,5,16)        =         2.088653         119.671019
	 B(6,8,9)         =         2.090573         119.780985
	 B(6,8,24)        =         2.121946         121.578561
	 B(7,6,8)         =         2.083962         119.402242
	 B(8,9,10)        =         2.096172         120.101818
	 B(8,9,15)        =         2.066718         118.414239
	 B(9,8,24)        =         2.070665         118.640351
	 B(9,10,11)       =         2.033227         116.495332
	 B(9,15,13)       =         2.016163         115.517621
	 B(9,15,16)       =         2.118948         121.406790
	 B(10,9,15)       =         2.120293         121.483818
	 B(10,11,12)      =         2.221977         127.309924
	 B(10,11,25)      =         2.044794         117.158038
	 B(11,12,13)      =         2.029930         116.306410
	 B(12,11,25)      =         2.016414         115.532037
	 B(12,13,14)      =         2.048655         117.379283
	 B(12,13,15)      =         2.144777         122.886687
	 B(13,15,16)      =         2.148073         123.075524
	 B(14,13,15)      =         2.089753         119.734018
	 B(15,16,26)      =         2.100764         120.364922
	 B(17,1,22)       =         2.115368         121.201633
	 B(17,18,19)      =         1.952698         111.881371
	 B(17,18,28)      =         1.911242         109.506095
	 B(17,18,29)      =         1.898745         108.790084
	 B(18,17,27)      =         2.029279         116.269117
	 B(18,19,20)      =         1.954884         112.006582
	 B(18,19,21)      =         1.945344         111.459974
	 B(19,18,28)      =         1.939717         111.137584
	 B(19,18,29)      =         1.897266         108.705329
	 B(19,20,30)      =         1.959971         112.298091
	 B(19,20,31)      =         1.913604         109.641406
	 B(19,20,32)      =         1.936484         110.952372
	 B(19,21,33)      =         1.920647         110.044958
	 B(19,21,34)      =         1.911293         109.509007
	 B(19,21,35)      =         1.967536         112.731500
	 B(20,19,21)      =         1.931312         110.656019
	 B(28,18,29)      =         1.861427         106.651940
	 B(30,20,31)      =         1.891040         108.348631
	 B(30,20,32)      =         1.883051         107.890901
	 B(31,20,32)      =         1.877196         107.555421
	 B(33,21,34)      =         1.884396         107.967945
	 B(33,21,35)      =         1.892433         108.428414
	 B(34,21,35)      =         1.885409         108.025976
	 D(1,2,4,5)       =        -3.109469        -178.159434
	 D(1,2,4,23)      =         0.150923           8.647245
	 D(1,17,18,19)    =         2.390124         136.944023
	 D(1,17,18,28)    =        -1.734460         -99.377249
	 D(1,17,18,29)    =         0.293766          16.831525
	 D(2,1,17,18)     =         3.079935         176.467286
	 D(2,1,17,27)     =        -0.026888          -1.540567
	 D(2,4,5,6)       =         3.230738         185.107670
	 D(2,4,5,16)      =         0.093721           5.369842
	 D(3,2,1,17)      =        -2.496059        -143.013664
	 D(3,2,1,22)      =         0.552221          31.639936
	 D(3,2,4,5)       =         0.036298           2.079712
	 D(3,2,4,23)      =        -2.986496        -171.113609
	 D(4,2,1,17)      =         0.649586          37.218523
	 D(4,2,1,22)      =        -2.585319        -148.127877
	 D(4,5,6,7)       =         0.003054           0.174987
	 D(4,5,6,8)       =        -3.139954        -179.906122
	 D(4,5,16,15)     =         3.141247         179.980209
	 D(4,5,16,26)     =        -0.012423          -0.711766
	 D(5,6,8,9)       =         0.000321           0.018383
	 D(5,6,8,24)      =         3.143968         180.136091
	 D(5,16,15,9)     =        -0.003855          -0.220862
	 D(5,16,15,13)    =         3.139427         179.875913
	 D(6,5,4,23)      =        -0.029664          -1.699641
	 D(6,5,16,15)     =         0.004380           0.250944
	 D(6,5,16,26)     =         3.133895         179.558970
	 D(6,8,9,10)      =         3.144076         180.142291
	 D(6,8,9,15)      =         0.000275           0.015762
	 D(7,6,5,16)      =        -3.142898        -180.074782
	 D(7,6,8,9)       =         3.140491         179.936865
	 D(7,6,8,24)      =         0.000952           0.054573
	 D(8,6,5,16)      =        -0.002721          -0.155892
	 D(8,9,10,11)     =         3.139800         179.897294
	 D(8,9,15,13)     =        -3.141673        -180.004600
	 D(8,9,15,16)     =         0.001488           0.085259
	 D(9,10,11,12)    =         0.001730           0.099144
	 D(9,10,11,25)    =         3.143071         180.084726
	 D(9,15,13,12)    =         0.002298           0.131645
	 D(9,15,13,14)    =         3.143165         180.090087
	 D(9,15,16,26)    =         3.149784         180.469326
	 D(10,9,8,24)     =         0.000489           0.028033
	 D(10,9,15,13)    =        -0.002321          -0.132961
	 D(10,9,15,16)    =        -3.142345        -180.043103
	 D(10,11,12,13)   =        -0.001783          -0.102155
	 D(11,10,9,15)    =         0.000485           0.027791
	 D(11,12,13,14)   =        -3.141303        -179.983382
	 D(11,12,13,15)   =        -0.000419          -0.024021
	 D(12,13,15,16)   =         3.142293         180.040120
	 D(13,12,11,25)   =        -3.143127        -180.087938
	 D(13,15,16,26)   =         0.009880           0.566101
	 D(14,13,15,16)   =        -0.000025          -0.001438
	 D(15,9,8,24)     =         3.139874         179.901504
	 D(16,5,4,23)     =         3.116504         178.562531
	 D(17,18,19,20)   =         1.360849          77.970919
	 D(17,18,19,21)   =        -2.747834        -157.439305
	 D(18,17,1,22)    =         0.038228           2.190305
	 D(18,19,20,30)   =         1.115902          63.936463
	 D(18,19,20,31)   =        -3.064065        -175.558012
	 D(18,19,20,32)   =        -0.993072         -56.898815
	 D(18,19,21,33)   =         1.025441          58.753446
	 D(18,19,21,34)   =         3.094210         177.285167
	 D(18,19,21,35)   =        -1.089518         -62.424793
	 D(19,18,17,27)   =        -0.785208         -44.989124
	 D(20,19,18,28)   =        -0.781646         -44.785043
	 D(20,19,18,29)   =        -2.825113        -161.867032
	 D(20,19,21,33)   =        -3.070080        -175.902602
	 D(20,19,21,34)   =        -1.001311         -57.370881
	 D(20,19,21,35)   =         1.098146          62.919159
	 D(21,19,18,28)   =         1.392855          79.804734
	 D(21,19,18,29)   =        -0.650611         -37.277255
	 D(21,19,20,30)   =        -1.066370         -61.098489
	 D(21,19,20,31)   =         1.036848          59.407037
	 D(21,19,20,32)   =         3.107842         178.066233
	 D(22,1,17,27)    =        -3.068595        -175.817547
	 D(27,17,18,28)   =         1.373393          78.689605
	 D(27,17,18,29)   =        -2.881567        -165.101622


	        --- Internal Coordinate Step in ANG or DEG, aJ/ANG or AJ/DEG ---
	-------------------------------------------------------------------------------
	           Coordinate      Previous         Force          Change          New 
	           ----------      --------        ------          ------        ------
	              H(3,26)       2.21013        0.00007       -0.00006       2.21007
	               R(1,2)       1.49122        0.00001       -0.00000       1.49122
	              R(1,17)       1.33003        0.00005        0.00000       1.33003
	              R(1,22)       1.08603       -0.00000       -0.00000       1.08603
	               R(2,3)       1.21433        0.00011        0.00003       1.21436
	               R(2,4)       1.37597       -0.00026       -0.00007       1.37590
	               R(4,5)       1.40331       -0.00003        0.00002       1.40333
	              R(4,23)       1.00738       -0.00003       -0.00001       1.00737
	               R(5,6)       1.42385        0.00009        0.00005       1.42390
	              R(5,16)       1.37434       -0.00023       -0.00006       1.37428
	               R(6,7)       1.08633        0.00001       -0.00000       1.08632
	               R(6,8)       1.36388       -0.00020       -0.00004       1.36384
	               R(8,9)       1.41585        0.00013        0.00005       1.41590
	              R(8,24)       1.08311       -0.00004       -0.00001       1.08310
	              R(9,10)       1.35945       -0.00006       -0.00001       1.35944
	              R(9,15)       1.41047       -0.00008       -0.00004       1.41042
	             R(10,11)       1.30660       -0.00018        0.00000       1.30660
	             R(11,12)       1.35791       -0.00012       -0.00004       1.35787
	             R(11,25)       1.08585        0.00002        0.00000       1.08585
	             R(12,13)       1.30843       -0.00007        0.00002       1.30845
	             R(13,14)       1.08866       -0.00002       -0.00001       1.08865
	             R(13,15)       1.41595        0.00004       -0.00001       1.41594
	             R(15,16)       1.41398        0.00026        0.00008       1.41406
	             R(16,26)       1.08049        0.00002       -0.00001       1.08048
	             R(17,18)       1.50118       -0.00006       -0.00001       1.50117
	             R(17,27)       1.08829       -0.00000       -0.00001       1.08829
	             R(18,19)       1.45874       -0.00001       -0.00002       1.45872
	             R(18,28)       1.10768        0.00006        0.00001       1.10769
	             R(18,29)       1.09270       -0.00001        0.00000       1.09270
	             R(19,20)       1.45215        0.00002       -0.00002       1.45214
	             R(19,21)       1.45241        0.00001       -0.00002       1.45239
	             R(20,30)       1.10590        0.00001        0.00000       1.10590
	             R(20,31)       1.09210        0.00001        0.00000       1.09210
	             R(20,32)       1.09205       -0.00002       -0.00000       1.09204
	             R(21,33)       1.09220       -0.00002       -0.00001       1.09220
	             R(21,34)       1.09239        0.00000        0.00000       1.09240
	             R(21,35)       1.10553        0.00002        0.00000       1.10553
	             B(1,2,3)     121.30872       -0.00000       -0.00769     121.30103
	             B(1,2,4)     114.74016        0.00000        0.00981     114.74997
	           B(1,17,18)     124.18231        0.00000        0.00050     124.18280
	           B(1,17,27)     119.52077       -0.00000        0.00377     119.52454
	            B(2,1,17)     124.84313       -0.00000        0.00820     124.85133
	            B(2,1,22)     113.73604        0.00000       -0.01075     113.72529
	             B(2,4,5)     128.25960        0.00000       -0.00063     128.25897
	            B(2,4,23)     115.70593        0.00000        0.01225     115.71818
	             B(3,2,4)     123.95068       -0.00000       -0.00213     123.94854
	             B(4,5,6)     116.19948       -0.00000       -0.00581     116.19368
	            B(4,5,16)     124.12899        0.00000        0.00420     124.13318
	            B(5,4,23)     115.71692       -0.00000       -0.00320     115.71372
	             B(5,6,7)     118.88613       -0.00000       -0.00463     118.88151
	             B(5,6,8)     121.71158        0.00000        0.00124     121.71282
	           B(5,16,15)     119.01495       -0.00000       -0.00190     119.01305
	           B(5,16,26)     120.61648        0.00000        0.00623     120.62271
	            B(6,5,16)     119.67102        0.00000        0.00159     119.67261
	             B(6,8,9)     119.78099       -0.00000       -0.00252     119.77846
	            B(6,8,24)     121.57856        0.00000        0.00250     121.58107
	             B(7,6,8)     119.40224        0.00000        0.00338     119.40562
	            B(8,9,10)     120.10182       -0.00000       -0.00085     120.10097
	            B(8,9,15)     118.41424        0.00000        0.00200     118.41624
	            B(9,8,24)     118.64035       -0.00000        0.00002     118.64038
	           B(9,10,11)     116.49533        0.00000       -0.00093     116.49440
	           B(9,15,13)     115.51762        0.00000        0.00407     115.52169
	           B(9,15,16)     121.40679       -0.00000       -0.00037     121.40642
	           B(10,9,15)     121.48382       -0.00000       -0.00115     121.48267
	          B(10,11,12)     127.30992        0.00000        0.00156     127.31149
	          B(10,11,25)     117.15804        0.00000       -0.00121     117.15683
	          B(11,12,13)     116.30641        0.00000        0.00059     116.30700
	          B(12,11,25)     115.53204       -0.00000       -0.00035     115.53169
	          B(12,13,14)     117.37928        0.00000       -0.00134     117.37795
	          B(12,13,15)     122.88669       -0.00000       -0.00410     122.88259
	          B(13,15,16)     123.07552        0.00000       -0.00368     123.07184
	          B(14,13,15)     119.73402        0.00000        0.00544     119.73946
	          B(15,16,26)     120.36492       -0.00000       -0.00418     120.36074
	           B(17,1,22)     121.20163        0.00000        0.00243     121.20406
	          B(17,18,19)     111.88137        0.00000        0.00251     111.88388
	          B(17,18,28)     109.50609       -0.00000       -0.00042     109.50568
	          B(17,18,29)     108.79008       -0.00000       -0.00230     108.78779
	          B(18,17,27)     116.26912       -0.00000       -0.00455     116.26456
	          B(18,19,20)     112.00658        0.00000       -0.00036     112.00622
	          B(18,19,21)     111.45997       -0.00000        0.00121     111.46119
	          B(19,18,28)     111.13758       -0.00000        0.00009     111.13767
	          B(19,18,29)     108.70533       -0.00000        0.00076     108.70609
	          B(19,20,30)     112.29809       -0.00000       -0.00178     112.29631
	          B(19,20,31)     109.64141        0.00000        0.00237     109.64378
	          B(19,20,32)     110.95237        0.00000        0.00058     110.95295
	          B(19,21,33)     110.04496        0.00000        0.00148     110.04643
	          B(19,21,34)     109.50901        0.00000        0.00104     109.51005
	          B(19,21,35)     112.73150       -0.00000       -0.00045     112.73105
	          B(20,19,21)     110.65602       -0.00000       -0.00175     110.65427
	          B(28,18,29)     106.65194        0.00000       -0.00086     106.65108
	          B(30,20,31)     108.34863       -0.00000       -0.00019     108.34845
	          B(30,20,32)     107.89090        0.00000       -0.00233     107.88858
	          B(31,20,32)     107.55542       -0.00000        0.00140     107.55682
	          B(33,21,34)     107.96794        0.00000        0.00106     107.96901
	          B(33,21,35)     108.42841       -0.00000       -0.00123     108.42719
	          B(34,21,35)     108.02598       -0.00000       -0.00191     108.02406
	           D(1,2,4,5)    -178.15943        0.00000        0.04216    -178.11727
	          D(1,2,4,23)       8.64724        0.00000       -0.04833       8.59891
	        D(1,17,18,19)     136.94402        0.00000        0.13170     137.07572
	        D(1,17,18,28)     -99.37725        0.00000        0.13325     -99.24399
	        D(1,17,18,29)      16.83152        0.00000        0.13070      16.96222
	         D(2,1,17,18)     176.46729       -0.00000       -0.00844     176.45884
	         D(2,1,17,27)      -1.54057       -0.00000        0.00201      -1.53856
	           D(2,4,5,6)     185.10767       -0.00000       -0.07712     185.03055
	          D(2,4,5,16)       5.36984       -0.00000       -0.07183       5.29801
	          D(3,2,1,17)    -143.01366        0.00000       -0.04491    -143.05857
	          D(3,2,1,22)      31.63994        0.00000       -0.04636      31.59358
	           D(3,2,4,5)       2.07971        0.00000        0.04434       2.12405
	          D(3,2,4,23)    -171.11361       -0.00000       -0.04616    -171.15977
	          D(4,2,1,17)      37.21852       -0.00000       -0.04280      37.17572
	          D(4,2,1,22)    -148.12788       -0.00000       -0.04426    -148.17213
	           D(4,5,6,7)       0.17499        0.00000        0.01095       0.18594
	           D(4,5,6,8)    -179.90612        0.00000        0.01202    -179.89411
	         D(4,5,16,15)     179.98021       -0.00000       -0.01853     179.96168
	         D(4,5,16,26)      -0.71177       -0.00000       -0.00410      -0.71587
	           D(5,6,8,9)       0.01838        0.00000        0.00007       0.01845
	          D(5,6,8,24)     180.13609       -0.00000       -0.00451     180.13158
	         D(5,16,15,9)      -0.22086        0.00000        0.01267      -0.20819
	        D(5,16,15,13)     179.87591        0.00000        0.00141     179.87732
	          D(6,5,4,23)      -1.69964        0.00000        0.01427      -1.68537
	         D(6,5,16,15)       0.25094       -0.00000       -0.01306       0.23788
	         D(6,5,16,26)     179.55897        0.00000        0.00137     179.56034
	          D(6,8,9,10)     180.14229       -0.00000       -0.00405     180.13824
	          D(6,8,9,15)       0.01576       -0.00000       -0.00068       0.01509
	          D(7,6,5,16)    -180.07478        0.00000        0.00592    -180.06886
	           D(7,6,8,9)     179.93686        0.00000        0.00114     179.93800
	          D(7,6,8,24)       0.05457       -0.00000       -0.00344       0.05113
	          D(8,6,5,16)      -0.15589        0.00000        0.00699      -0.14890
	         D(8,9,10,11)     179.89729        0.00000        0.00707     179.90436
	         D(8,9,15,13)    -180.00460        0.00000        0.00460    -180.00000
	         D(8,9,15,16)       0.08526       -0.00000       -0.00569       0.07957
	        D(9,10,11,12)       0.09914       -0.00000       -0.01766       0.08149
	        D(9,10,11,25)     180.08473        0.00000        0.01373     180.09846
	        D(9,15,13,12)       0.13164       -0.00000       -0.00826       0.12338
	        D(9,15,13,14)     180.09009       -0.00000       -0.00983     180.08026
	        D(9,15,16,26)     180.46933       -0.00000       -0.00179     180.46753
	         D(10,9,8,24)       0.02803        0.00000        0.00040       0.02843
	        D(10,9,15,13)      -0.13296        0.00000        0.00819      -0.12477
	        D(10,9,15,16)    -180.04310       -0.00000       -0.00227    -180.04537
	       D(10,11,12,13)      -0.10215        0.00000        0.01768      -0.08447
	        D(11,10,9,15)       0.02779        0.00000        0.00358       0.03137
	       D(11,12,13,14)    -179.98338       -0.00000       -0.00179    -179.98517
	       D(11,12,13,15)      -0.02402       -0.00000       -0.00332      -0.02734
	       D(12,13,15,16)     180.04012        0.00000        0.00239     180.04251
	       D(13,12,11,25)    -180.08794       -0.00000       -0.01327    -180.10121
	       D(13,15,16,26)       0.56610       -0.00000       -0.01306       0.55304
	       D(14,13,15,16)      -0.00144       -0.00000        0.00144      -0.00000
	         D(15,9,8,24)     179.90150        0.00000        0.00377     179.90528
	         D(16,5,4,23)     178.56253        0.00000        0.01955     178.58208
	       D(17,18,19,20)      77.97092       -0.00000       -0.00286      77.96806
	       D(17,18,19,21)    -157.43930       -0.00000       -0.00451    -157.44382
	        D(18,17,1,22)       2.19031       -0.00000       -0.00627       2.18403
	       D(18,19,20,30)      63.93646       -0.00000        0.00272      63.93918
	       D(18,19,20,31)    -175.55801       -0.00000        0.00295    -175.55506
	       D(18,19,20,32)     -56.89882        0.00000        0.00653     -56.89229
	       D(18,19,21,33)      58.75345       -0.00000       -0.00398      58.74946
	       D(18,19,21,34)     177.28517        0.00000       -0.00116     177.28400
	       D(18,19,21,35)     -62.42479       -0.00000       -0.00316     -62.42795
	       D(19,18,17,27)     -44.98912        0.00000        0.12170     -44.86742
	       D(20,19,18,28)     -44.78504        0.00000       -0.00419     -44.78923
	       D(20,19,18,29)    -161.86703       -0.00000       -0.00365    -161.87068
	       D(20,19,21,33)    -175.90260       -0.00000       -0.00487    -175.90747
	       D(20,19,21,34)     -57.37088        0.00000       -0.00204     -57.37293
	       D(20,19,21,35)      62.91916        0.00000       -0.00404      62.91512
	       D(21,19,18,28)      79.80473       -0.00000       -0.00584      79.79889
	       D(21,19,18,29)     -37.27726       -0.00000       -0.00530     -37.28256
	       D(21,19,20,30)     -61.09849       -0.00000        0.00273     -61.09576
	       D(21,19,20,31)      59.40704       -0.00000        0.00295      59.40999
	       D(21,19,20,32)     178.06623        0.00000        0.00653     178.07277
	        D(22,1,17,27)    -175.81755        0.00000        0.00418    -175.81336
	       D(27,17,18,28)      78.68960        0.00000        0.12326      78.81286
	       D(27,17,18,29)    -165.10162        0.00000        0.12070    -164.98092
	-------------------------------------------------------------------------------

	                                 ==> Convergence Check <==                                  
    
	Measures of convergence in internal coordinates in au.
    
	Criteria marked as inactive (o), active & met (*), and active & unmet ( ).

	----------------------------------------------------------------------------------------------
	   Step    Total Energy     Delta E     Max Force     RMS Force      Max Disp      RMS Disp   
	----------------------------------------------------------------------------------------------
	  Convergence Criteria     1.00e-06 *    3.00e-04 *             o    1.20e-03 *             o
	----------------------------------------------------------------------------------------------
	    11    -837.27420653   -5.41e-07 *    3.15e-05 *    7.12e-06 o    2.33e-03      4.78e-04 o  ~
	----------------------------------------------------------------------------------------------

Next Geometry in Ang 
	Fragment 1 (Ang)

	    C   1.5693935904   1.5157876308   0.4483738119
	    C   0.0796244646   1.5586225573   0.3984947485
	    O  -0.5218958873   2.6134852479   0.4085322284
	    N  -0.5306635391   0.3265629275   0.3468321097
	    C  -1.9012062814   0.0388197561   0.2565339291
	    C  -2.2608881954  -1.3368578403   0.3316152493
	    H  -1.4765815048  -2.0782612108   0.4552331160
	    C  -3.5604154262  -1.7433707771   0.2539945083
	    C  -4.5890885503  -0.7836496602   0.0941861461
	    N  -5.8868747853  -1.1813465873   0.0188903651
	    C  -6.7783389325  -0.2372264946  -0.1264655766
	    N  -6.5550814767   1.0993862040  -0.2126072562
	    C  -5.3067206302   1.4846282254  -0.1403234722
	    H  -5.1077765942   2.5528539625  -0.2072337809
	    C  -4.2305578433   0.5783896363   0.0193339310
	    C  -2.8801663499   0.9903444918   0.0987856778
	    C   2.3270013691   0.6413842908  -0.2076945697
	    C   3.8280719278   0.6587866644  -0.2073205317
	    N   4.3872995277  -0.6802323261  -0.0584572134
	    C   4.3386935104  -1.4313597468  -1.3002895822
	    C   5.7431375265  -0.6351984982   0.4602906127
	    H   2.0115556094   2.3342752343   1.0087531334
	    H   0.0744888418  -0.4671020383   0.4835130896
	    H  -3.8317841664  -2.7902340801   0.3134583120
	    H  -7.8186029576  -0.5427705215  -0.1861677794
	    H  -2.6251685743   2.0390286609   0.0470793385
	    H   1.8544469032  -0.1272891640  -0.8161370935
	    H   4.1925716731   1.1430978655  -1.1344471674
	    H   4.1726409799   1.2770176258   0.6251831925
	    H   4.9632859435  -0.9756528333  -2.0910014682
	    H   4.6922630454  -2.4500531203  -1.1272742874
	    H   3.3158280545  -1.4972165064  -1.6770694431
	    H   5.7567251149  -0.1313615563   1.4292385410
	    H   6.1125764157  -1.6530610106   0.6045077609
	    H   6.4422071971  -0.1102270090  -0.2163977177


    Final optimized geometry and variables:
    Molecular point group: c1
    Full point group: C1

    Geometry (in Angstrom), charge = 0, multiplicity = 1:

    C            1.569489608448     1.515528102605     0.448758037950
    C            0.079731131966     1.558524950371     0.398625966456
    O           -0.521837831235     2.613320233532     0.409524490960
    N           -0.530461666932     0.326392203869     0.345646574464
    C           -1.900991101930     0.038585175520     0.255603584353
    C           -2.260720437501    -1.337023702794     0.330764095135
    H           -1.476473127543    -2.078547988781     0.454076556678
    C           -3.560349729173    -1.743433985306     0.253610680131
    C           -4.589005649248    -0.783698273323     0.094233191832
    N           -5.886862218586    -1.181316118711     0.019492485928
    C           -6.778353946902    -0.237143817337    -0.125353201749
    N           -6.555010860067     1.099478005741    -0.211788647294
    C           -5.306604289459     1.484608756351    -0.140036814146
    H           -5.107561139411     2.552813942196    -0.207154721449
    C           -4.230386024394     0.578358297912     0.019285351459
    C           -2.880004607330     0.990180446027     0.098108423782
    C            2.327040109051     0.642135056201    -0.208718830037
    C            3.828120415049     0.659193615091    -0.207965476264
    N            4.386950345367    -0.679921619455    -0.058297715053
    C            4.338530071915    -1.431635414555    -1.299801032510
    C            5.742644410386    -0.634977127954     0.460892666469
    H            2.011756415914     2.332943701674     1.010623953388
    H            0.074782384691    -0.467188775353     0.482461217483
    H           -3.831749620162    -2.790294612293     0.313211179556
    H           -7.818645330678    -0.542634034291    -0.184839127137
    H           -2.624875612745     2.038837297569     0.046375739873
    H            1.854372215873    -0.125409912058    -0.818506707641
    H            4.192975741655     1.142937289338    -1.135238411711
    H            4.172657460768     1.277729736314     0.624322661056
    H            4.963442181425    -0.976470002090    -2.090571129929
    H            4.691830671866    -2.450315151382    -1.126158379424
    H            3.315740443991    -1.497491966959    -1.676800780088
    H            5.755991421097    -0.130747373075     1.429645779670
    H            6.111775246252    -1.652869444327     0.605683045401
    H            6.442062917585    -0.110447490267    -0.215771845405


Scratch directory: /tmp/
   => Libint2 <=

    Primary   basis highest AM E, G, H:  7, 6, 3
    Auxiliary basis highest AM E, G, H:  7, 7, 4
    Onebody   basis highest AM E, G, H:  -, -, -
    Solid Harmonics ordering:            Gaussian

*** tstart() called on eristm01.eisai.local
*** at Wed May 20 08:50:36 2026

   => Loading Basis Set <=

    Name: 6-311+G(D,P)
    Role: ORBITAL
    Keyword: BASIS
    atoms 1-2, 5-6, 8-9, 11, 13, 15-18, 20-21 entry C          line   129 file /home2/shbae/bucket/covalent/.pixi/envs/default/share/psi4/basis/6-311pg_d_p_.gbs 
    atoms 3                                   entry O          line   171 file /home2/shbae/bucket/covalent/.pixi/envs/default/share/psi4/basis/6-311pg_d_p_.gbs 
    atoms 4, 10, 12, 19                       entry N          line   150 file /home2/shbae/bucket/covalent/.pixi/envs/default/share/psi4/basis/6-311pg_d_p_.gbs 
    atoms 7, 14, 22-35                        entry H          line    42 file /home2/shbae/bucket/covalent/.pixi/envs/default/share/psi4/basis/6-311pg_d_p_.gbs 

   => WB97X-D: Empirical Dispersion <=

    Chai and Head-Gordon Dispersion Correction
    Chai, J.-D.; Head-Gordon, M. (2010), J. Chem. Phys., 132: 6615-6620

        s6 =       1.000000


         ---------------------------------------------------------
                                   SCF
               by Justin Turney, Rob Parrish, Andy Simmonett
                          and Daniel G. A. Smith
                              RKS Reference
                        8 Threads,   7629 MiB Core
         ---------------------------------------------------------

  ==> Geometry <==

    Molecular point group: c1
    Full point group: C1

    Geometry (in Angstrom), charge = 0, multiplicity = 1:

       Center              X                  Y                   Z               Mass       
    ------------   -----------------  -----------------  -----------------  -----------------
         C            1.569489608448     1.515528102605     0.448758037950    12.000000000000
         C            0.079731131966     1.558524950371     0.398625966456    12.000000000000
         O           -0.521837831235     2.613320233532     0.409524490960    15.994914619570
         N           -0.530461666932     0.326392203869     0.345646574464    14.003074004430
         C           -1.900991101930     0.038585175520     0.255603584353    12.000000000000
         C           -2.260720437501    -1.337023702794     0.330764095135    12.000000000000
         H           -1.476473127543    -2.078547988781     0.454076556678     1.007825032230
         C           -3.560349729173    -1.743433985306     0.253610680131    12.000000000000
         C           -4.589005649248    -0.783698273323     0.094233191832    12.000000000000
         N           -5.886862218586    -1.181316118711     0.019492485928    14.003074004430
         C           -6.778353946902    -0.237143817337    -0.125353201749    12.000000000000
         N           -6.555010860067     1.099478005741    -0.211788647294    14.003074004430
         C           -5.306604289459     1.484608756351    -0.140036814146    12.000000000000
         H           -5.107561139411     2.552813942196    -0.207154721449     1.007825032230
         C           -4.230386024394     0.578358297912     0.019285351459    12.000000000000
         C           -2.880004607330     0.990180446027     0.098108423782    12.000000000000
         C            2.327040109051     0.642135056201    -0.208718830037    12.000000000000
         C            3.828120415049     0.659193615091    -0.207965476264    12.000000000000
         N            4.386950345367    -0.679921619455    -0.058297715053    14.003074004430
         C            4.338530071915    -1.431635414555    -1.299801032510    12.000000000000
         C            5.742644410386    -0.634977127954     0.460892666469    12.000000000000
         H            2.011756415914     2.332943701674     1.010623953388     1.007825032230
         H            0.074782384691    -0.467188775353     0.482461217483     1.007825032230
         H           -3.831749620162    -2.790294612293     0.313211179556     1.007825032230
         H           -7.818645330678    -0.542634034291    -0.184839127137     1.007825032230
         H           -2.624875612745     2.038837297569     0.046375739873     1.007825032230
         H            1.854372215873    -0.125409912058    -0.818506707641     1.007825032230
         H            4.192975741655     1.142937289338    -1.135238411711     1.007825032230
         H            4.172657460768     1.277729736314     0.624322661056     1.007825032230
         H            4.963442181425    -0.976470002090    -2.090571129929     1.007825032230
         H            4.691830671866    -2.450315151382    -1.126158379424     1.007825032230
         H            3.315740443991    -1.497491966959    -1.676800780088     1.007825032230
         H            5.755991421097    -0.130747373075     1.429645779670     1.007825032230
         H            6.111775246252    -1.652869444327     0.605683045401     1.007825032230
         H            6.442062917585    -0.110447490267    -0.215771845405     1.007825032230

  Running in c1 symmetry.

  Rotational constants: A =      0.03749  B =      0.00388  C =      0.00358 [cm^-1]
  Rotational constants: A =   1123.94403  B =    116.27518  C =    107.46170 [MHz]
  Nuclear repulsion = 1283.760397946887224

  Charge       = 0
  Multiplicity = 1
  Electrons    = 136
  Nalpha       = 68
  Nbeta        = 68

  ==> Algorithm <==

  SCF Algorithm Type is DF.
  DIIS enabled.
  MOM disabled.
  Fractional occupation disabled.
  Guess Type is SAD.
  Energy threshold   = 1.00e-06
  Density threshold  = 1.00e-06
  Integral threshold = 1.00e-12

  ==> Primary Basis <==

  Basis Set: 6-311+G(D,P)
    Blend: 6-311+G(D,P)
    Number of shells: 254
    Number of basis functions: 514
    Number of Cartesian functions: 533
    Spherical Harmonics?: true
    Max angular momentum: 2

  ==> DFT Potential <==

   => LibXC <=

    Version 7.0.0
    S. Lehtola, C. Steigemann, M. J.T. Oliveira, and M. A.L. Marques.,  SoftwareX 7, 1–5 (2018) (10.1016/j.softx.2017.11.002)

   => Composite Functional: WB97X-D <= 

    wB97X-D Hyb-GGA Exchange-Correlation Functional

    J.-D. Chai and M. Head-Gordon.,  Phys. Chem. Chem. Phys. 10, 6615-6620 (2008) (10.1039/B810189B)

    Deriv               =              1
    GGA                 =           TRUE
    Meta                =          FALSE

    Exchange Hybrid     =           TRUE
    MP2 Hybrid          =          FALSE

   => Exchange-Correlation Functionals <=

    1.0000   wB97X-D range-separated functional

   => Exact (HF) Exchange <=

    0.7780            HF,LR [omega = 0.2000]
    0.2220               HF 

   => LibXC Density Thresholds  <==

    XC_HYB_GGA_XC_WB97X_D:  1.00E-14 

   => Molecular Quadrature <=

    Radial Scheme          =       TREUTLER
    Pruning Scheme         =           NONE
    Nuclear Scheme         =       TREUTLER

    Blocking Scheme        =         OCTREE
    BS radius alpha        =              1
    Pruning alpha          =              1
    Radial Points          =             75
    Spherical Points       =            302
    Total Points           =         730545
    Total Blocks           =           5297
    Max Points             =            256
    Max Functions          =            353
    Weights Tolerance      =       1.00E-15

   => Loading Basis Set <=

    Name: (6-311+G(D,P) AUX)
    Role: JKFIT
    Keyword: DF_BASIS_SCF
    atoms 1-2, 5-6, 8-9, 11, 13, 15-18, 20-21 entry C          line   200 file /home2/shbae/bucket/covalent/.pixi/envs/default/share/psi4/basis/heavy-aug-cc-pvtz-jkfit.gbs 
    atoms 3                                   entry O          line   324 file /home2/shbae/bucket/covalent/.pixi/envs/default/share/psi4/basis/heavy-aug-cc-pvtz-jkfit.gbs 
    atoms 4, 10, 12, 19                       entry N          line   262 file /home2/shbae/bucket/covalent/.pixi/envs/default/share/psi4/basis/heavy-aug-cc-pvtz-jkfit.gbs 
    atoms 7, 14, 22-35                        entry H          line   116 file /home2/shbae/bucket/covalent/.pixi/envs/default/share/psi4/basis/heavy-aug-cc-pvtz-jkfit.gbs 

  ==> Integral Setup <==

  ==> DiskDFJK: Density-Fitted J/K Matrices <==

    J tasked:                  Yes
    K tasked:                  Yes
    wK tasked:                 Yes
    Omega:               2.000E-01
    OpenMP threads:              8
    Integrals threads:           8
    Memory [MiB]:             1957
    Algorithm:                Disk
    Integral Cache:           NONE
    Schwarz Cutoff:          1E-12
    Fitting Condition:       1E-10

   => Auxiliary Basis Set <=

  Basis Set: (6-311+G(D,P) AUX)
    Blend: HEAVY-AUG-CC-PVTZ-JKFIT
    Number of shells: 730
    Number of basis functions: 2456
    Number of Cartesian functions: 3049
    Spherical Harmonics?: true
    Max angular momentum: 4

  Cached 50.0% of DFT collocation blocks in 2.611 [GiB].

  Minimum eigenvalue in the overlap matrix is 1.7926318436E-07.
  Reciprocal condition number of the overlap matrix is 1.2309343287E-08.
    Using symmetric orthogonalization.

  ==> Pre-Iterations <==

  SCF Guess: Superposition of Atomic Densities via on-the-fly atomic UHF (no occupation information).

   -------------------------
    Irrep   Nso     Nmo    
   -------------------------
     A        514     514 
   -------------------------
    Total     514     514
   -------------------------

  ==> Iterations <==

                           Total Energy        Delta E     RMS |[F,P]|

   @DF-RKS iter SAD:  -794.12467100590050   -7.94125e+02   0.00000e+00 
   @DF-RKS iter   1:  -568.42425565864175    2.25700e+02   2.14671e-02 DIIS/ADIIS
   @DF-RKS iter   2:  -350.68218300653979    2.17742e+02   4.63521e-02 DIIS/ADIIS
   @DF-RKS iter   3:  -682.63041360365878   -3.31948e+02   2.92886e-02 DIIS/ADIIS
   @DF-RKS iter   4:  -566.88391661998025    1.15746e+02   3.37409e-02 DIIS/ADIIS
   @DF-RKS iter   5:  -785.04064383869081   -2.18157e+02   1.55252e-02 DIIS/ADIIS
   @DF-RKS iter   6:  -428.73217070255805    3.56308e+02   3.38253e-02 DIIS/ADIIS
   @DF-RKS iter   7:  -825.00664755441846   -3.96274e+02   7.71590e-03 DIIS/ADIIS
   @DF-RKS iter   8:  -807.28629284766873    1.77204e+01   1.20088e-02 DIIS/ADIIS
   @DF-RKS iter   9:  -833.41086649312285   -2.61246e+01   4.33942e-03 DIIS/ADIIS
   @DF-RKS iter  10:  -835.14112480091660   -1.73026e+00   2.89209e-03 DIIS/ADIIS
   @DF-RKS iter  11:  -837.01009200882538   -1.86897e+00   1.45124e-03 DIIS/ADIIS
   @DF-RKS iter  12:  -837.20006063530434   -1.89969e-01   7.13273e-04 DIIS/ADIIS
   @DF-RKS iter  13:  -837.24786780206944   -4.78072e-02   4.04777e-04 DIIS/ADIIS
   @DF-RKS iter  14:  -837.26935265240240   -2.14849e-02   1.72077e-04 DIIS/ADIIS
   @DF-RKS iter  15:  -837.27362023343301   -4.26758e-03   5.29256e-05 DIIS
   @DF-RKS iter  16:  -837.27413708723111   -5.16854e-04   2.05125e-05 DIIS
   @DF-RKS iter  17:  -837.27419550724778   -5.84200e-05   6.61467e-06 DIIS
   @DF-RKS iter  18:  -837.27420457202379   -9.06478e-06   2.75491e-06 DIIS
   @DF-RKS iter  19:  -837.27420675175699   -2.17973e-06   1.19129e-06 DIIS
   @DF-RKS iter  20:  -837.27420717836014   -4.26603e-07   5.15553e-07 DIIS
  Energy and wave function converged.


  ==> Post-Iterations <==

   Electrons on quadrature grid:
      Ntotal   =  136.0000290749 ; deviation = 2.907e-05 

    Orbital Energies [Eh]
    ---------------------

    Doubly Occupied:                                                      

       1A    -19.233423     2A    -14.490810     3A    -14.445296  
       4A    -14.439708     5A    -14.438883     6A    -10.412466  
       7A    -10.358693     8A    -10.351830     9A    -10.344388  
      10A    -10.340263    11A    -10.332976    12A    -10.322995  
      13A    -10.318393    14A    -10.316416    15A    -10.315315  
      16A    -10.314270    17A    -10.311946    18A    -10.308070  
      19A    -10.302967    20A     -1.167807    21A     -1.096680  
      22A     -1.067224    23A     -1.049317    24A     -1.002569  
      25A     -0.969991    26A     -0.925402    27A     -0.889282  
      28A     -0.868238    29A     -0.828731    30A     -0.822543  
      31A     -0.783086    32A     -0.761669    33A     -0.739773  
      34A     -0.726280    35A     -0.694325    36A     -0.680740  
      37A     -0.666286    38A     -0.646153    39A     -0.621614  
      40A     -0.604891    41A     -0.583358    42A     -0.581371  
      43A     -0.570800    44A     -0.564803    45A     -0.549503  
      46A     -0.544548    47A     -0.535063    48A     -0.530652  
      49A     -0.525707    50A     -0.517010    51A     -0.510064  
      52A     -0.504355    53A     -0.494458    54A     -0.490760  
      55A     -0.472647    56A     -0.467904    57A     -0.463697  
      58A     -0.461771    59A     -0.455316    60A     -0.421967  
      61A     -0.398940    62A     -0.391017    63A     -0.375831  
      64A     -0.357218    65A     -0.348376    66A     -0.338375  
      67A     -0.317583    68A     -0.306673  

    Virtual:                                                              

      69A     -0.009385    70A      0.009573    71A      0.038218  
      72A      0.044972    73A      0.058403    74A      0.063782  
      75A      0.068069    76A      0.071406    77A      0.074882  
      78A      0.079110    79A      0.087740    80A      0.090958  
      81A      0.093273    82A      0.095926    83A      0.099608  
      84A      0.101940    85A      0.105897    86A      0.108111  
      87A      0.113764    88A      0.118508    89A      0.124580  
      90A      0.126468    91A      0.130526    92A      0.133296  
      93A      0.137652    94A      0.140542    95A      0.141930  
      96A      0.150208    97A      0.153885    98A      0.157348  
      99A      0.161596   100A      0.162094   101A      0.168772  
     102A      0.176447   103A      0.179337   104A      0.181501  
     105A      0.186840   106A      0.190548   107A      0.194531  
     108A      0.198526   109A      0.201828   110A      0.205497  
     111A      0.213315   112A      0.217095   113A      0.219769  
     114A      0.223513   115A      0.224471   116A      0.235351  
     117A      0.238015   118A      0.242194   119A      0.245176  
     120A      0.246839   121A      0.249542   122A      0.252667  
     123A      0.256183   124A      0.258940   125A      0.263255  
     126A      0.265221   127A      0.265964   128A      0.270519  
     129A      0.273617   130A      0.274991   131A      0.278160  
     132A      0.280666   133A      0.282361   134A      0.287195  
     135A      0.290883   136A      0.293116   137A      0.298193  
     138A      0.300237   139A      0.301538   140A      0.304459  
     141A      0.309421   142A      0.311968   143A      0.312456  
     144A      0.313081   145A      0.319196   146A      0.322279  
     147A      0.326219   148A      0.331420   149A      0.332488  
     150A      0.337059   151A      0.340259   152A      0.343616  
     153A      0.344747   154A      0.350151   155A      0.350447  
     156A      0.352483   157A      0.356502   158A      0.361032  
     159A      0.367352   160A      0.370183   161A      0.376831  
     162A      0.381665   163A      0.386471   164A      0.390206  
     165A      0.395264   166A      0.398300   167A      0.409719  
     168A      0.411647   169A      0.416452   170A      0.421748  
     171A      0.429380   172A      0.435008   173A      0.438064  
     174A      0.442532   175A      0.452306   176A      0.458616  
     177A      0.463849   178A      0.477074   179A      0.488343  
     180A      0.495808   181A      0.504226   182A      0.512847  
     183A      0.525504   184A      0.542117   185A      0.552178  
     186A      0.553134   187A      0.560531   188A      0.582384  
     189A      0.587640   190A      0.592847   191A      0.599561  
     192A      0.602780   193A      0.607628   194A      0.618187  
     195A      0.621739   196A      0.624931   197A      0.632928  
     198A      0.637030   199A      0.646917   200A      0.653050  
     201A      0.656746   202A      0.665430   203A      0.670658  
     204A      0.675083   205A      0.683174   206A      0.694237  
     207A      0.697293   208A      0.703338   209A      0.705474  
     210A      0.711075   211A      0.719692   212A      0.724475  
     213A      0.727975   214A      0.737572   215A      0.738344  
     216A      0.742212   217A      0.752990   218A      0.755501  
     219A      0.772283   220A      0.773985   221A      0.775685  
     222A      0.788434   223A      0.792584   224A      0.793996  
     225A      0.796513   226A      0.806679   227A      0.807733  
     228A      0.812601   229A      0.826639   230A      0.830225  
     231A      0.837416   232A      0.847078   233A      0.853534  
     234A      0.860004   235A      0.865763   236A      0.872854  
     237A      0.892100   238A      0.901735   239A      0.909232  
     240A      0.923252   241A      0.931198   242A      0.938575  
     243A      0.946848   244A      0.958512   245A      0.964669  
     246A      0.973899   247A      0.985578   248A      0.987104  
     249A      0.990987   250A      0.991993   251A      0.995101  
     252A      0.999718   253A      1.018798   254A      1.027587  
     255A      1.044502   256A      1.046813   257A      1.054404  
     258A      1.058900   259A      1.065752   260A      1.074251  
     261A      1.080652   262A      1.083733   263A      1.091958  
     264A      1.094137   265A      1.113645   266A      1.115002  
     267A      1.134585   268A      1.138151   269A      1.149662  
     270A      1.173462   271A      1.186827   272A      1.197279  
     273A      1.205438   274A      1.217609   275A      1.224506  
     276A      1.227390   277A      1.233090   278A      1.244855  
     279A      1.254896   280A      1.268447   281A      1.285463  
     282A      1.300943   283A      1.313938   284A      1.334493  
     285A      1.341694   286A      1.348347   287A      1.382598  
     288A      1.394078   289A      1.402399   290A      1.415042  
     291A      1.438307   292A      1.454299   293A      1.461450  
     294A      1.486244   295A      1.514508   296A      1.523833  
     297A      1.529731   298A      1.538940   299A      1.556727  
     300A      1.564107   301A      1.571856   302A      1.580285  
     303A      1.592379   304A      1.599925   305A      1.603139  
     306A      1.606498   307A      1.612550   308A      1.618095  
     309A      1.627188   310A      1.634185   311A      1.645231  
     312A      1.655333   313A      1.659777   314A      1.675079  
     315A      1.684838   316A      1.688112   317A      1.704252  
     318A      1.713843   319A      1.719269   320A      1.726721  
     321A      1.727755   322A      1.748539   323A      1.760574  
     324A      1.774598   325A      1.775189   326A      1.786283  
     327A      1.793240   328A      1.794663   329A      1.815863  
     330A      1.828653   331A      1.830592   332A      1.840752  
     333A      1.857118   334A      1.858769   335A      1.864431  
     336A      1.866876   337A      1.883217   338A      1.907163  
     339A      1.917455   340A      1.926814   341A      1.947289  
     342A      1.955062   343A      1.969512   344A      1.979448  
     345A      1.986418   346A      2.006400   347A      2.026315  
     348A      2.035576   349A      2.036834   350A      2.052712  
     351A      2.059470   352A      2.078218   353A      2.089108  
     354A      2.095319   355A      2.110035   356A      2.129022  
     357A      2.141451   358A      2.148312   359A      2.155329  
     360A      2.168664   361A      2.179715   362A      2.192136  
     363A      2.204360   364A      2.210016   365A      2.220920  
     366A      2.232476   367A      2.252051   368A      2.260264  
     369A      2.272929   370A      2.300381   371A      2.325823  
     372A      2.334875   373A      2.337601   374A      2.350520  
     375A      2.360739   376A      2.366866   377A      2.392747  
     378A      2.405398   379A      2.430193   380A      2.444553  
     381A      2.490056   382A      2.494550   383A      2.498666  
     384A      2.504690   385A      2.509230   386A      2.517274  
     387A      2.522414   388A      2.540828   389A      2.564240  
     390A      2.569970   391A      2.580636   392A      2.593114  
     393A      2.608339   394A      2.631628   395A      2.661391  
     396A      2.670694   397A      2.680851   398A      2.689339  
     399A      2.701831   400A      2.714458   401A      2.733972  
     402A      2.743012   403A      2.747174   404A      2.753268  
     405A      2.764229   406A      2.772980   407A      2.783086  
     408A      2.788295   409A      2.793172   410A      2.809317  
     411A      2.817652   412A      2.823443   413A      2.843166  
     414A      2.844917   415A      2.857845   416A      2.860963  
     417A      2.882179   418A      2.888375   419A      2.894784  
     420A      2.913390   421A      2.928971   422A      2.941749  
     423A      2.959153   424A      2.964484   425A      2.968139  
     426A      2.970492   427A      2.995495   428A      3.004989  
     429A      3.011305   430A      3.015386   431A      3.028333  
     432A      3.032113   433A      3.038661   434A      3.046358  
     435A      3.068064   436A      3.075810   437A      3.103039  
     438A      3.115679   439A      3.118546   440A      3.123229  
     441A      3.143537   442A      3.178701   443A      3.182097  
     444A      3.274206   445A      3.303710   446A      3.340052  
     447A      3.370697   448A      3.413924   449A      3.446553  
     450A      3.468032   451A      3.472754   452A      3.510026  
     453A      3.519801   454A      3.585825   455A      3.611786  
     456A      3.627656   457A      3.631327   458A      3.663771  
     459A      3.678339   460A      3.710006   461A      3.734517  
     462A      3.761263   463A      3.807758   464A      3.810702  
     465A      3.849598   466A      3.857796   467A      3.868177  
     468A      3.891291   469A      3.908023   470A      3.912419  
     471A      3.926200   472A      3.967048   473A      4.001615  
     474A      4.019924   475A      4.039906   476A      4.055256  
     477A      4.068471   478A      4.157002   479A      4.219080  
     480A      4.281107   481A      4.317297   482A      4.380089  
     483A      4.475345   484A      4.525426   485A      4.603016  
     486A      4.935440   487A      4.954217   488A      4.972406  
     489A      4.986234   490A      5.077400   491A      5.194851  
     492A      5.209339   493A      5.391274   494A      5.410689  
     495A      5.909445   496A     23.747535   497A     23.862838  
     498A     23.992879   499A     24.007810   500A     24.023963  
     501A     24.047000   502A     24.053782   503A     24.068492  
     504A     24.096519   505A     24.120079   506A     24.163799  
     507A     24.256394   508A     24.319906   509A     24.381141  
     510A     35.646451   511A     35.760124   512A     35.779359  
     513A     35.823988   514A     50.163401  

    Final Occupation by Irrep:
              A 
    DOCC [    68 ]
    NA   [    68 ]
    NB   [    68 ]

  @DF-RKS Final Energy:  -837.27420717836014

   => Energetics <=

    Nuclear Repulsion Energy =           1283.7603979468872240
    One-Electron Energy =               -3681.9068967038438132
    Two-Electron Energy =                1642.4172306138957538
    DFT Exchange-Correlation Energy =     -81.5234853223972635
    Empirical Dispersion Energy =          -0.0214537129020306
    VV10 Nonlocal Energy =                  0.0000000000000000
    Total Energy =                       -837.2742071783601432

Computation Completed


Properties will be evaluated at   0.000000,   0.000000,   0.000000 [a0]

Properties computed using the SCF density matrix


 Multipole Moments:

 ------------------------------------------------------------------------------------
     Multipole            Electronic (a.u.)      Nuclear  (a.u.)        Total (a.u.)
 ------------------------------------------------------------------------------------

 L = 1.  Multiply by 2.5417464519 to convert [e a0] to [Debye]
 Dipole X            :        235.5007463         -232.9455406            2.5552057
 Dipole Y            :        -42.8982520           41.9085448           -0.9897072
 Dipole Z            :         -7.1839382            7.0316023           -0.1523359
 Magnitude           :                                                    2.7444130

 ------------------------------------------------------------------------------------

*** tstop() called on eristm01.eisai.local at Wed May 20 08:52:27 2026
Module time:
	user time   =     778.21 seconds =      12.97 minutes
	system time =      32.09 seconds =       0.53 minutes
	total time  =        111 seconds =       1.85 minutes
Total time:
	user time   =    8379.06 seconds =     139.65 minutes
	system time =     324.34 seconds =       5.41 minutes
	total time  =       1213 seconds =      20.22 minutes
