
Scratch directory: /tmp/
gradient() will perform analytic gradient computation.
   => Libint2 <=

    Primary   basis highest AM E, G, H:  7, 6, 3
    Auxiliary basis highest AM E, G, H:  7, 7, 4
    Onebody   basis highest AM E, G, H:  -, -, -
    Solid Harmonics ordering:            Gaussian

*** tstart() called on eristm01.eisai.local
*** at Wed May 20 10:20:57 2026

   => Loading Basis Set <=

    Name: 6-311+G(D,P)
    Role: ORBITAL
    Keyword: BASIS
    atoms 1, 3, 5-8, 10-12, 14-15, 26 entry C          line   129 file /home2/shbae/bucket/covalent/.pixi/envs/default/share/psi4/basis/6-311pg_d_p_.gbs 
    atoms 2, 4, 9                     entry N          line   150 file /home2/shbae/bucket/covalent/.pixi/envs/default/share/psi4/basis/6-311pg_d_p_.gbs 
    atoms 13                          entry O          line   171 file /home2/shbae/bucket/covalent/.pixi/envs/default/share/psi4/basis/6-311pg_d_p_.gbs 
    atoms 16-24, 27-29                entry H          line    42 file /home2/shbae/bucket/covalent/.pixi/envs/default/share/psi4/basis/6-311pg_d_p_.gbs 
    atoms 25                          entry S          line   429 file /home2/shbae/bucket/covalent/.pixi/envs/default/share/psi4/basis/6-311pg_d_p_.gbs 

   => WB97X-D: Empirical Dispersion <=

    Chai and Head-Gordon Dispersion Correction
    Chai, J.-D.; Head-Gordon, M. (2010), J. Chem. Phys., 132: 6615-6620

        s6 =       1.000000


         ---------------------------------------------------------
                                   SCF
               by Justin Turney, Rob Parrish, Andy Simmonett
                          and Daniel G. A. Smith
                              RKS Reference
                        8 Threads,   7629 MiB Core
         ---------------------------------------------------------

  ==> Geometry <==

    Molecular point group: c1
    Full point group: C1

    Geometry (in Angstrom), charge = -1, multiplicity = 1:

       Center              X                  Y                   Z               Mass       
    ------------   -----------------  -----------------  -----------------  -----------------
         C           -3.181098211957    -1.047218595570     1.746348569211    12.000000000000
         N           -4.480339289965    -1.085836658275     1.908468150328    14.003074004430
         C           -5.227824349792    -0.684268398726     0.870487541478    12.000000000000
         N           -4.807368085814    -0.253798930823    -0.289306358572    14.003074004430
         C           -3.474418181779    -0.207029453151    -0.475307332136    12.000000000000
         C           -2.564266254045    -0.610592443983     0.549487266870    12.000000000000
         C           -1.186523237929    -0.562981849631     0.344639841679    12.000000000000
         C           -0.673249158956    -0.116230606556    -0.870059428583    12.000000000000
         N            0.650596593163    -0.040628100944    -1.145528637858    14.003074004430
         C            1.797842466994    -0.373314836855    -0.325842452856    12.000000000000
         C            2.987067423531    -0.190699278073    -1.009456834227    12.000000000000
         C            4.272287743233    -0.417005034912    -0.382074433465    12.000000000000
         O            1.624119299631    -0.807329534756     0.822092693882    15.994914619570
         C           -1.591038109747     0.287717183395    -1.881525247676    12.000000000000
         C           -2.940191074786     0.246014213397    -1.699893985916    12.000000000000
         H           -6.301536104270    -0.722196949057     1.019688934820     1.007825032230
         H           -0.500118075235    -0.869809358957     1.117262996057     1.007825032230
         H            0.888577116373     0.301062006483    -2.066122708510     1.007825032230
         H            2.982160919056     0.213122225547    -2.013766320386     1.007825032230
         H            5.028937840481    -0.855908799606    -1.031230184934     1.007825032230
         H            4.174550872501    -0.972992813776     0.547565988689     1.007825032230
         H           -3.624324075796     0.553604716375    -2.477348125381     1.007825032230
         H           -2.576443563428    -1.372009163668     2.586031853933     1.007825032230
         H           -1.186089151142     0.636922331340    -2.824657933992     1.007825032230
         S            5.170277204839     1.202279457977     0.154674126283    31.972071174400
         C            3.874175538199     1.845865251735     1.235327787559    12.000000000000
         H            3.961497379116     1.395172194774     2.221236629840     1.007825032230
         H            3.985466975028     2.924517735969     1.300027033762     1.007825032230
         H            2.917269552486     1.583573490338     0.788346033099     1.007825032230

  Running in c1 symmetry.

  Rotational constants: A =      0.04268  B =      0.00526  C =      0.00495 [cm^-1]
  Rotational constants: A =   1279.42346  B =    157.81913  C =    148.51268 [MHz]
  Nuclear repulsion = 1191.562395426059766

  Charge       = -1
  Multiplicity = 1
  Electrons    = 130
  Nalpha       = 65
  Nbeta        = 65

  ==> Algorithm <==

  SCF Algorithm Type is DF.
  DIIS enabled.
  MOM disabled.
  Fractional occupation disabled.
  Guess Type is SAD.
  Energy threshold   = 1.00e-08
  Density threshold  = 1.00e-08
  Integral threshold = 1.00e-12

  ==> Primary Basis <==

  Basis Set: 6-311+G(D,P)
    Blend: 6-311+G(D,P)
    Number of shells: 222
    Number of basis functions: 454
    Number of Cartesian functions: 471
    Spherical Harmonics?: true
    Max angular momentum: 2

  ==> DFT Potential <==

   => LibXC <=

    Version 7.0.0
    S. Lehtola, C. Steigemann, M. J.T. Oliveira, and M. A.L. Marques.,  SoftwareX 7, 1–5 (2018) (10.1016/j.softx.2017.11.002)

   => Composite Functional: WB97X-D <= 

    wB97X-D Hyb-GGA Exchange-Correlation Functional

    J.-D. Chai and M. Head-Gordon.,  Phys. Chem. Chem. Phys. 10, 6615-6620 (2008) (10.1039/B810189B)

    Deriv               =              1
    GGA                 =           TRUE
    Meta                =          FALSE

    Exchange Hybrid     =           TRUE
    MP2 Hybrid          =          FALSE

   => Exchange-Correlation Functionals <=

    1.0000   wB97X-D range-separated functional

   => Exact (HF) Exchange <=

    0.7780            HF,LR [omega = 0.2000]
    0.2220               HF 

   => LibXC Density Thresholds  <==

    XC_HYB_GGA_XC_WB97X_D:  1.00E-14 

   => Molecular Quadrature <=

    Radial Scheme          =       TREUTLER
    Pruning Scheme         =           NONE
    Nuclear Scheme         =       TREUTLER

    Blocking Scheme        =         OCTREE
    BS radius alpha        =              1
    Pruning alpha          =              1
    Radial Points          =             75
    Spherical Points       =            302
    Total Points           =         605740
    Total Blocks           =           4332
    Max Points             =            256
    Max Functions          =            333
    Weights Tolerance      =       1.00E-15

   => Loading Basis Set <=

    Name: (6-311+G(D,P) AUX)
    Role: JKFIT
    Keyword: DF_BASIS_SCF
    atoms 1, 3, 5-8, 10-12, 14-15, 26 entry C          line   200 file /home2/shbae/bucket/covalent/.pixi/envs/default/share/psi4/basis/heavy-aug-cc-pvtz-jkfit.gbs 
    atoms 2, 4, 9                     entry N          line   262 file /home2/shbae/bucket/covalent/.pixi/envs/default/share/psi4/basis/heavy-aug-cc-pvtz-jkfit.gbs 
    atoms 13                          entry O          line   324 file /home2/shbae/bucket/covalent/.pixi/envs/default/share/psi4/basis/heavy-aug-cc-pvtz-jkfit.gbs 
    atoms 16-24, 27-29                entry H          line   116 file /home2/shbae/bucket/covalent/.pixi/envs/default/share/psi4/basis/heavy-aug-cc-pvtz-jkfit.gbs 
    atoms 25                          entry S          line   768 file /home2/shbae/bucket/covalent/.pixi/envs/default/share/psi4/basis/heavy-aug-cc-pvtz-jkfit.gbs 

  ==> Integral Setup <==

  ==> DiskDFJK: Density-Fitted J/K Matrices <==

    J tasked:                  Yes
    K tasked:                  Yes
    wK tasked:                 Yes
    Omega:               2.000E-01
    OpenMP threads:              8
    Integrals threads:           8
    Memory [MiB]:             1468
    Algorithm:                Disk
    Integral Cache:           NONE
    Schwarz Cutoff:          1E-12
    Fitting Condition:       1E-10

   => Auxiliary Basis Set <=

  Basis Set: (6-311+G(D,P) AUX)
    Blend: HEAVY-AUG-CC-PVTZ-JKFIT
    Number of shells: 642
    Number of basis functions: 2170
    Number of Cartesian functions: 2696
    Spherical Harmonics?: true
    Max angular momentum: 4

  Cached 50.0% of DFT collocation blocks in 2.077 [GiB].

  Minimum eigenvalue in the overlap matrix is 1.4063646719E-07.
  Reciprocal condition number of the overlap matrix is 9.6533515448E-09.
    Using symmetric orthogonalization.

  ==> Pre-Iterations <==

  SCF Guess: Superposition of Atomic Densities via on-the-fly atomic UHF (no occupation information).

   -------------------------
    Irrep   Nso     Nmo    
   -------------------------
     A        454     454 
   -------------------------
    Total     454     454
   -------------------------

  ==> Iterations <==

                           Total Energy        Delta E     RMS |[F,P]|

   @DF-RKS iter SAD: -1070.25426374960807   -1.07025e+03   0.00000e+00 
   @DF-RKS iter   1:  -858.50224127393369    2.11752e+02   2.36218e-02 DIIS/ADIIS
   @DF-RKS iter   2:  -638.89959365361199    2.19603e+02   4.61977e-02 DIIS/ADIIS
   @DF-RKS iter   3:  -992.28392718377586   -3.53384e+02   2.77497e-02 DIIS/ADIIS
   @DF-RKS iter   4:  -899.49383742511213    9.27901e+01   3.48253e-02 DIIS/ADIIS
   @DF-RKS iter   5: -1097.02376452048429   -1.97530e+02   6.47782e-03 DIIS/ADIIS
   @DF-RKS iter   6: -1088.19099092938382    8.83277e+00   8.23965e-03 DIIS/ADIIS
   @DF-RKS iter   7: -1092.20234978917097   -4.01136e+00   5.73989e-03 DIIS/ADIIS
   @DF-RKS iter   8: -1097.44552904105194   -5.24318e+00   4.25446e-03 DIIS/ADIIS
   @DF-RKS iter   9: -1101.95444870034589   -4.50892e+00   1.27675e-03 DIIS/ADIIS
   @DF-RKS iter  10: -1102.13897922064712   -1.84531e-01   6.27060e-04 DIIS/ADIIS
   @DF-RKS iter  11: -1102.16861721399800   -2.96380e-02   2.43028e-04 DIIS/ADIIS
   @DF-RKS iter  12: -1102.17422701224223   -5.60980e-03   6.87048e-05 DIIS
   @DF-RKS iter  13: -1102.17471394242216   -4.86930e-04   2.92699e-05 DIIS
   @DF-RKS iter  14: -1102.17482050759531   -1.06565e-04   1.27190e-05 DIIS
   @DF-RKS iter  15: -1102.17484820854179   -2.77009e-05   6.87428e-06 DIIS
   @DF-RKS iter  16: -1102.17485634669720   -8.13816e-06   2.82231e-06 DIIS
   @DF-RKS iter  17: -1102.17485809892378   -1.75223e-06   1.11450e-06 DIIS
   @DF-RKS iter  18: -1102.17485837628351   -2.77360e-07   4.63653e-07 DIIS
   @DF-RKS iter  19: -1102.17485842993983   -5.36563e-08   1.70642e-07 DIIS
   @DF-RKS iter  20: -1102.17485843934992   -9.41009e-09   1.05673e-07 DIIS
   @DF-RKS iter  21: -1102.17485844218413   -2.83421e-09   3.53318e-08 DIIS
   @DF-RKS iter  22: -1102.17485844259181   -4.07681e-10   1.42459e-08 DIIS
   @DF-RKS iter  23: -1102.17485844263456   -4.27463e-11   5.73822e-09 DIIS
  Energy and wave function converged.


  ==> Post-Iterations <==

   Electrons on quadrature grid:
      Ntotal   =  130.0000412375 ; deviation = 4.124e-05 

    Orbital Energies [Eh]
    ---------------------

    Doubly Occupied:                                                      

       1A    -88.859865     2A    -19.042549     3A    -14.339258  
       4A    -14.338586     5A    -14.332964     6A    -10.246747  
       7A    -10.238713     8A    -10.235207     9A    -10.228571  
      10A    -10.223845    11A    -10.205071    12A    -10.203877  
      13A    -10.199412    14A    -10.171660    15A    -10.170782  
      16A    -10.168354    17A    -10.098841    18A     -7.900451  
      19A     -5.849455    20A     -5.846015    21A     -5.839765  
      22A     -0.997647    23A     -0.978389    24A     -0.916121  
      25A     -0.901290    26A     -0.848318    27A     -0.778319  
      28A     -0.763937    29A     -0.745484    30A     -0.704049  
      31A     -0.671463    32A     -0.652641    33A     -0.623982  
      34A     -0.606835    35A     -0.561565    36A     -0.540598  
      37A     -0.529597    38A     -0.519173    39A     -0.492178  
      40A     -0.455826    41A     -0.448255    42A     -0.432484  
      43A     -0.425117    44A     -0.422870    45A     -0.410015  
      46A     -0.400086    47A     -0.391762    48A     -0.384569  
      49A     -0.379636    50A     -0.359375    51A     -0.352815  
      52A     -0.343658    53A     -0.335939    54A     -0.313713  
      55A     -0.311138    56A     -0.301849    57A     -0.290720  
      58A     -0.270371    59A     -0.255604    60A     -0.239588  
      61A     -0.237192    62A     -0.188773    63A     -0.174401  
      64A     -0.164309    65A     -0.103864  

    Virtual:                                                              

      66A      0.096682    67A      0.138293    68A      0.141133  
      69A      0.148605    70A      0.159594    71A      0.166023  
      72A      0.168410    73A      0.170939    74A      0.172327  
      75A      0.181783    76A      0.186615    77A      0.190387  
      78A      0.193867    79A      0.198493    80A      0.204181  
      81A      0.211437    82A      0.218466    83A      0.221986  
      84A      0.222822    85A      0.227047    86A      0.232442  
      87A      0.236969    88A      0.241691    89A      0.245524  
      90A      0.245814    91A      0.255600    92A      0.259367  
      93A      0.264395    94A      0.265069    95A      0.269585  
      96A      0.274153    97A      0.276439    98A      0.283467  
      99A      0.286472   100A      0.294627   101A      0.296619  
     102A      0.298715   103A      0.302377   104A      0.308375  
     105A      0.313049   106A      0.320776   107A      0.325452  
     108A      0.327801   109A      0.330191   110A      0.332938  
     111A      0.338041   112A      0.339994   113A      0.348199  
     114A      0.349870   115A      0.354697   116A      0.361280  
     117A      0.365216   118A      0.369159   119A      0.370639  
     120A      0.372682   121A      0.377310   122A      0.380142  
     123A      0.382561   124A      0.385395   125A      0.390055  
     126A      0.394941   127A      0.400285   128A      0.403165  
     129A      0.406362   130A      0.408598   131A      0.414447  
     132A      0.417655   133A      0.425751   134A      0.428998  
     135A      0.434539   136A      0.438144   137A      0.439726  
     138A      0.442831   139A      0.451275   140A      0.455207  
     141A      0.457315   142A      0.463436   143A      0.466967  
     144A      0.469572   145A      0.479203   146A      0.491053  
     147A      0.492513   148A      0.498445   149A      0.501935  
     150A      0.507898   151A      0.511911   152A      0.516571  
     153A      0.523511   154A      0.527408   155A      0.536477  
     156A      0.537283   157A      0.544233   158A      0.547898  
     159A      0.553019   160A      0.559674   161A      0.568922  
     162A      0.577678   163A      0.604205   164A      0.611466  
     165A      0.613902   166A      0.628474   167A      0.640063  
     168A      0.647532   169A      0.662248   170A      0.678907  
     171A      0.689740   172A      0.710443   173A      0.715288  
     174A      0.717509   175A      0.726144   176A      0.730212  
     177A      0.734798   178A      0.738071   179A      0.750217  
     180A      0.756081   181A      0.765743   182A      0.768590  
     183A      0.771987   184A      0.772397   185A      0.796863  
     186A      0.801080   187A      0.810807   188A      0.820940  
     189A      0.824107   190A      0.833305   191A      0.848045  
     192A      0.850273   193A      0.863682   194A      0.873614  
     195A      0.878114   196A      0.887722   197A      0.895407  
     198A      0.898381   199A      0.906511   200A      0.908527  
     201A      0.911019   202A      0.911594   203A      0.926768  
     204A      0.937033   205A      0.938713   206A      0.944374  
     207A      0.959822   208A      0.973173   209A      0.974434  
     210A      0.987181   211A      0.990551   212A      0.999362  
     213A      1.012313   214A      1.016945   215A      1.038354  
     216A      1.048007   217A      1.049898   218A      1.063996  
     219A      1.074100   220A      1.079276   221A      1.083937  
     222A      1.085924   223A      1.089808   224A      1.099452  
     225A      1.106644   226A      1.117883   227A      1.124060  
     228A      1.135188   229A      1.136697   230A      1.143550  
     231A      1.159696   232A      1.168160   233A      1.174806  
     234A      1.178364   235A      1.187530   236A      1.190652  
     237A      1.195635   238A      1.215208   239A      1.232566  
     240A      1.239758   241A      1.242795   242A      1.270188  
     243A      1.279056   244A      1.290371   245A      1.295493  
     246A      1.305795   247A      1.311939   248A      1.317923  
     249A      1.330391   250A      1.340387   251A      1.346854  
     252A      1.348490   253A      1.365224   254A      1.389431  
     255A      1.394252   256A      1.418717   257A      1.422043  
     258A      1.437955   259A      1.476611   260A      1.491610  
     261A      1.507156   262A      1.527028   263A      1.548715  
     264A      1.552023   265A      1.565965   266A      1.581973  
     267A      1.607082   268A      1.661607   269A      1.680548  
     270A      1.685830   271A      1.707236   272A      1.717632  
     273A      1.719926   274A      1.732486   275A      1.747967  
     276A      1.752613   277A      1.760738   278A      1.766366  
     279A      1.771225   280A      1.779534   281A      1.785677  
     282A      1.812269   283A      1.829019   284A      1.835916  
     285A      1.853829   286A      1.855783   287A      1.867419  
     288A      1.876124   289A      1.888468   290A      1.894844  
     291A      1.910937   292A      1.920434   293A      1.924112  
     294A      1.931184   295A      1.952106   296A      1.953889  
     297A      1.963540   298A      1.983600   299A      1.989229  
     300A      1.995673   301A      2.019098   302A      2.036517  
     303A      2.043610   304A      2.056133   305A      2.068806  
     306A      2.076428   307A      2.080442   308A      2.086994  
     309A      2.128029   310A      2.139513   311A      2.150903  
     312A      2.163942   313A      2.170597   314A      2.172676  
     315A      2.187350   316A      2.211622   317A      2.218774  
     318A      2.226597   319A      2.240648   320A      2.251315  
     321A      2.254212   322A      2.290053   323A      2.309069  
     324A      2.317987   325A      2.326056   326A      2.334578  
     327A      2.363311   328A      2.386416   329A      2.397500  
     330A      2.436217   331A      2.450263   332A      2.455273  
     333A      2.471796   334A      2.481143   335A      2.506855  
     336A      2.513151   337A      2.532261   338A      2.536181  
     339A      2.555258   340A      2.592521   341A      2.609660  
     342A      2.619825   343A      2.651129   344A      2.664845  
     345A      2.690676   346A      2.704916   347A      2.705736  
     348A      2.738413   349A      2.765504   350A      2.777278  
     351A      2.782621   352A      2.800602   353A      2.804069  
     354A      2.835119   355A      2.858778   356A      2.861910  
     357A      2.880811   358A      2.888506   359A      2.900171  
     360A      2.910986   361A      2.926217   362A      2.928486  
     363A      2.942430   364A      2.953450   365A      2.959488  
     366A      2.977246   367A      2.993152   368A      3.011290  
     369A      3.031383   370A      3.047570   371A      3.050910  
     372A      3.071559   373A      3.072031   374A      3.080184  
     375A      3.089286   376A      3.120888   377A      3.135876  
     378A      3.143729   379A      3.155784   380A      3.156926  
     381A      3.172752   382A      3.179988   383A      3.192176  
     384A      3.200465   385A      3.233373   386A      3.243695  
     387A      3.250925   388A      3.290405   389A      3.335302  
     390A      3.370317   391A      3.418657   392A      3.434961  
     393A      3.466251   394A      3.523143   395A      3.543540  
     396A      3.560397   397A      3.601634   398A      3.617166  
     399A      3.632726   400A      3.661264   401A      3.714821  
     402A      3.735367   403A      3.775829   404A      3.823118  
     405A      3.828570   406A      3.862835   407A      3.875677  
     408A      3.924217   409A      3.965854   410A      3.979565  
     411A      3.997457   412A      4.040743   413A      4.112204  
     414A      4.116065   415A      4.138319   416A      4.155764  
     417A      4.162889   418A      4.198276   419A      4.275135  
     420A      4.289212   421A      4.403402   422A      4.490310  
     423A      4.579556   424A      4.632865   425A      4.704365  
     426A      5.052173   427A      5.087261   428A      5.195231  
     429A      5.366508   430A      5.374402   431A      5.525508  
     432A      5.611637   433A      6.101977   434A      8.160186  
     435A     17.623037   436A     17.728606   437A     17.742686  
     438A     23.888155   439A     24.074599   440A     24.135426  
     441A     24.188769   442A     24.196023   443A     24.211963  
     444A     24.228656   445A     24.236167   446A     24.263265  
     447A     24.375744   448A     24.400401   449A     24.442708  
     450A     35.885780   451A     35.916572   452A     35.942153  
     453A     50.359174   454A    189.408805  

    Final Occupation by Irrep:
              A 
    DOCC [    65 ]
    NA   [    65 ]
    NB   [    65 ]

  @DF-RKS Final Energy: -1102.17485844263456

   => Energetics <=

    Nuclear Repulsion Energy =           1191.5623954260597657
    One-Electron Energy =               -3888.1059821590624779
    Two-Electron Energy =                1681.6333752658003959
    DFT Exchange-Correlation Energy =     -87.2476528707440622
    Empirical Dispersion Energy =          -0.0169941046886661
    VV10 Nonlocal Energy =                  0.0000000000000000
    Total Energy =                      -1102.1748584426347861

Computation Completed


Properties will be evaluated at   0.000000,   0.000000,   0.000000 [a0]

Properties computed using the SCF density matrix


 Multipole Moments:

 ------------------------------------------------------------------------------------
     Multipole            Electronic (a.u.)      Nuclear  (a.u.)        Total (a.u.)
 ------------------------------------------------------------------------------------

 L = 1.  Multiply by 2.5417464519 to convert [e a0] to [Debye]
 Dipole X            :          2.5971386           -4.6030867           -2.0059480
 Dipole Y            :          9.9850281           -9.5382344            0.4467937
 Dipole Z            :         -1.2550528            0.2773770           -0.9776758
 Magnitude           :                                                    2.2758080

 ------------------------------------------------------------------------------------

*** tstop() called on eristm01.eisai.local at Wed May 20 10:22:24 2026
Module time:
	user time   =     650.79 seconds =      10.85 minutes
	system time =      27.34 seconds =       0.46 minutes
	total time  =         87 seconds =       1.45 minutes
Total time:
	user time   =   46176.08 seconds =     769.60 minutes
	system time =    1610.52 seconds =      26.84 minutes
	total time  =       6610 seconds =     110.17 minutes

*** tstart() called on eristm01.eisai.local
*** at Wed May 20 10:22:24 2026


         ------------------------------------------------------------
                                   SCF GRAD                          
                          Rob Parrish, Justin Turney,                
                       Andy Simmonett, and Alex Sokolov              
         ------------------------------------------------------------

  ==> Geometry <==

    Molecular point group: c1
    Full point group: C1

    Geometry (in Angstrom), charge = -1, multiplicity = 1:

       Center              X                  Y                   Z               Mass       
    ------------   -----------------  -----------------  -----------------  -----------------
         C           -3.181098211957    -1.047218595570     1.746348569211    12.000000000000
         N           -4.480339289965    -1.085836658275     1.908468150328    14.003074004430
         C           -5.227824349792    -0.684268398726     0.870487541478    12.000000000000
         N           -4.807368085814    -0.253798930823    -0.289306358572    14.003074004430
         C           -3.474418181779    -0.207029453151    -0.475307332136    12.000000000000
         C           -2.564266254045    -0.610592443983     0.549487266870    12.000000000000
         C           -1.186523237929    -0.562981849631     0.344639841679    12.000000000000
         C           -0.673249158956    -0.116230606556    -0.870059428583    12.000000000000
         N            0.650596593163    -0.040628100944    -1.145528637858    14.003074004430
         C            1.797842466994    -0.373314836855    -0.325842452856    12.000000000000
         C            2.987067423531    -0.190699278073    -1.009456834227    12.000000000000
         C            4.272287743233    -0.417005034912    -0.382074433465    12.000000000000
         O            1.624119299631    -0.807329534756     0.822092693882    15.994914619570
         C           -1.591038109747     0.287717183395    -1.881525247676    12.000000000000
         C           -2.940191074786     0.246014213397    -1.699893985916    12.000000000000
         H           -6.301536104270    -0.722196949057     1.019688934820     1.007825032230
         H           -0.500118075235    -0.869809358957     1.117262996057     1.007825032230
         H            0.888577116373     0.301062006483    -2.066122708510     1.007825032230
         H            2.982160919056     0.213122225547    -2.013766320386     1.007825032230
         H            5.028937840481    -0.855908799606    -1.031230184934     1.007825032230
         H            4.174550872501    -0.972992813776     0.547565988689     1.007825032230
         H           -3.624324075796     0.553604716375    -2.477348125381     1.007825032230
         H           -2.576443563428    -1.372009163668     2.586031853933     1.007825032230
         H           -1.186089151142     0.636922331340    -2.824657933992     1.007825032230
         S            5.170277204839     1.202279457977     0.154674126283    31.972071174400
         C            3.874175538199     1.845865251735     1.235327787559    12.000000000000
         H            3.961497379116     1.395172194774     2.221236629840     1.007825032230
         H            3.985466975028     2.924517735969     1.300027033762     1.007825032230
         H            2.917269552486     1.583573490338     0.788346033099     1.007825032230

  Nuclear repulsion = 1191.562395426059766

  ==> Basis Set <==

  Basis Set: 6-311+G(D,P)
    Blend: 6-311+G(D,P)
    Number of shells: 222
    Number of basis functions: 454
    Number of Cartesian functions: 471
    Spherical Harmonics?: true
    Max angular momentum: 2

  ==> DFJKGrad: Density-Fitted SCF Gradients <==

    Gradient:                    1
    J tasked:                  Yes
    K tasked:                  Yes
    wK tasked:                 Yes
    Omega:               2.000E-01
    OpenMP threads:              8
    Integrals threads:           8
    Memory [MiB]:             5722
    Schwarz Cutoff:          1E-12
    Fitting Condition:       1E-10

   => Auxiliary Basis Set <=

  Basis Set: (6-311+G(D,P) AUX)
    Blend: HEAVY-AUG-CC-PVTZ-JKFIT
    Number of shells: 642
    Number of basis functions: 2170
    Number of Cartesian functions: 2696
    Spherical Harmonics?: true
    Max angular momentum: 4

  ==> DFT Potential <==

   => LibXC <=

    Version 7.0.0
    S. Lehtola, C. Steigemann, M. J.T. Oliveira, and M. A.L. Marques.,  SoftwareX 7, 1–5 (2018) (10.1016/j.softx.2017.11.002)

   => Composite Functional: WB97X-D <= 

    wB97X-D Hyb-GGA Exchange-Correlation Functional

    J.-D. Chai and M. Head-Gordon.,  Phys. Chem. Chem. Phys. 10, 6615-6620 (2008) (10.1039/B810189B)

    Deriv               =              1
    GGA                 =           TRUE
    Meta                =          FALSE

    Exchange Hybrid     =           TRUE
    MP2 Hybrid          =          FALSE

   => Exchange-Correlation Functionals <=

    1.0000   wB97X-D range-separated functional

   => Exact (HF) Exchange <=

    0.7780            HF,LR [omega = 0.2000]
    0.2220               HF 

   => LibXC Density Thresholds  <==

    XC_HYB_GGA_XC_WB97X_D:  1.00E-14 

   => Molecular Quadrature <=

    Radial Scheme          =       TREUTLER
    Pruning Scheme         =           NONE
    Nuclear Scheme         =       TREUTLER

    Blocking Scheme        =         OCTREE
    BS radius alpha        =              1
    Pruning alpha          =              1
    Radial Points          =             75
    Spherical Points       =            302
    Total Points           =         605740
    Total Blocks           =           4332
    Max Points             =            256
    Max Functions          =            333
    Weights Tolerance      =       1.00E-15


  -Total Gradient:
     Atom            X                  Y                   Z
    ------   -----------------  -----------------  -----------------
       1       -0.001646227491    -0.000312762113     0.001342241674
       2       -0.003125531581     0.003781001381    -0.009852496397
       3        0.008536647456    -0.002586406943     0.005899129325
       4        0.008250654661    -0.001033721666     0.002498630893
       5       -0.007936705302     0.002368902137    -0.005661084684
       6        0.010671735950    -0.003288148377     0.007381132249
       7       -0.005383119038     0.000642751110    -0.000417378793
       8        0.000208968108     0.003299983421    -0.009772048327
       9       -0.002303288686    -0.003268473258     0.005441541860
      10       -0.002451959525     0.002716213497     0.011454524323
      11        0.001242549533    -0.000203978901     0.005624312598
      12       -0.009200181143    -0.010580599964    -0.006841259976
      13        0.005246456000     0.001050367749    -0.010493284879
      14        0.002064337734    -0.000669190192     0.002319810246
      15       -0.001008858077    -0.000067384645     0.000299820525
      16        0.001898729091     0.000114806644    -0.000160560138
      17       -0.002736395546     0.000479903198    -0.001325480693
      18        0.000281488831     0.001201131042    -0.003372128886
      19        0.000788240064    -0.001275329273     0.002618329501
      20       -0.000990849019     0.003336429097     0.000232835088
      21       -0.000313648016     0.004761665982     0.000535418982
      22        0.001668008155    -0.000758468102     0.001918390319
      23       -0.003273450472     0.000463969962    -0.001161868603
      24       -0.000057370943    -0.000745117623     0.002010390707
      25       -0.001932529821     0.003730861163     0.003230592479
      26       -0.005204674590     0.002379800465     0.000581336016
      27        0.002708957322    -0.000480009796    -0.003097808860
      28        0.001215599411    -0.003207053066    -0.001122917846
      29        0.003280744218    -0.001864136553    -0.000105270215


*** tstop() called on eristm01.eisai.local at Wed May 20 10:22:43 2026
Module time:
	user time   =     136.54 seconds =       2.28 minutes
	system time =       1.61 seconds =       0.03 minutes
	total time  =         19 seconds =       0.32 minutes
Total time:
	user time   =   46312.63 seconds =     771.88 minutes
	system time =    1612.13 seconds =      26.87 minutes
	total time  =       6629 seconds =     110.48 minutes

    			-----------------------------------------

    			 OPTKING 3.0: for geometry optimizations 

    			     By R.A. King, Bethel University     

    			        with contributions from          

    			    A.V. Copan, J. Cayton, A. Heide      

    			-----------------------------------------

    
	                            ===> Fragment 1 <== 

	 Z (Atomic Numbers)          Masses                          Geom                  
	       6.000000            12.000000         -6.01140440 -1.97895634  3.30012052   
	       7.000000            14.003074         -8.46661421 -2.05193390  3.60648212   
	       6.000000            12.000000         -9.87915625 -1.29307987  1.64498305   
	       7.000000            14.003074         -9.08460907 -0.47961047 -0.54670978   
	       6.000000            12.000000         -6.56569881 -0.39122897 -0.89820068   
	       6.000000            12.000000         -4.84576093 -1.15385249  1.03838044   
	       6.000000            12.000000         -2.24220396 -1.06388151  0.65127491   
	       6.000000            12.000000         -1.27225652 -0.21964401 -1.64417403   
	       7.000000            14.003074          1.22944938 -0.07677598 -2.16473539   
	       6.000000            12.000000          3.39742988 -0.70546280 -0.61575300   
	       6.000000            12.000000          5.64473935 -0.36036941 -1.90759695   
	       6.000000            12.000000          8.07345376 -0.78802531 -0.72201604   
	       8.000000            15.994915          3.06914067 -1.52563171  1.55353004   
	       6.000000            12.000000         -3.00662628  0.54370668 -3.55556742   
	       6.000000            12.000000         -5.55615589  0.46489949 -3.21233408   
	       1.000000             1.007825        -11.90817741  -1.36475444   1.92693282 
	       1.000000             1.007825         -0.94508619 -1.64370147  2.11132107   
	       1.000000             1.007825          1.67916739  0.56892474 -3.90440606   
	       1.000000             1.007825          5.63546740  0.40274264 -3.80546683   
	       1.000000             1.007825          9.50331522 -1.61743322 -1.94874262   
	       1.000000             1.007825          7.88875785 -1.83868994  1.03474975   
	       1.000000             1.007825         -6.84897989  1.04616130 -4.68150947   
	       1.000000             1.007825         -4.86877271 -2.59272156  4.88689196   
	       1.000000             1.007825         -2.24138366  1.20360877 -5.33782989   
	      16.000000            31.972071          9.77040791  2.27197890  0.29229174   
	       6.000000            12.000000          7.32113073  3.48817979  2.33443119   
	       1.000000             1.007825          7.48614509  2.63649335  4.19752889   
	       1.000000             1.007825          7.53144106  5.52653757  2.45669505   
	       1.000000             1.007825          5.51284049  2.99252020  1.48975809   

	 - Coordinate -           - BOHR/RAD -       - ANG/DEG -
	 H(2,23)          =         3.856989           2.041031
	 H(13,17)         =         4.054515           2.145557
	 R(1,2)           =         2.475326           1.309886
	 R(1,6)           =         2.674881           1.415486
	 R(1,23)          =         2.049429           1.084511
	 R(2,3)           =         2.533498           1.340670
	 R(3,4)           =         2.469120           1.306602
	 R(3,16)          =         2.049771           1.084692
	 R(4,5)           =         2.544851           1.346677
	 R(5,6)           =         2.700024           1.428791
	 R(5,15)          =         2.665961           1.410766
	 R(6,7)           =         2.633715           1.393702
	 R(7,8)           =         2.631087           1.392311
	 R(7,17)          =         2.037263           1.078073
	 R(8,9)           =         2.559283           1.354314
	 R(8,14)          =         2.691499           1.424280
	 R(9,10)          =         2.737651           1.448703
	 R(9,18)          =         1.909353           1.010386
	 R(10,11)         =         2.615024           1.383811
	 R(10,13)         =         2.342272           1.239477
	 R(11,12)         =         2.736265           1.447969
	 R(11,19)         =         2.045565           1.082466
	 R(12,20)         =         2.058465           1.089293
	 R(12,21)         =         2.055294           1.087615
	 R(12,25)         =         3.643089           1.927840
	 R(14,15)         =         2.573737           1.361963
	 R(14,24)         =         2.048787           1.084171
	 R(15,22)         =         2.041503           1.080317
	 R(25,26)         =         3.412981           1.806072
	 R(26,27)         =         2.055172           1.087550
	 R(26,28)         =         2.052823           1.086307
	 R(26,29)         =         2.056469           1.088237
	 B(1,2,3)         =         2.035728         116.638608
	 B(1,6,5)         =         1.999838         114.582304
	 B(1,6,7)         =         2.171958         124.444023
	 B(2,1,6)         =         2.148351         123.091447
	 B(2,1,23)        =         2.035715         116.637898
	 B(2,3,4)         =         2.222449         127.336959
	 B(2,3,16)        =         2.020759         115.780989
	 B(3,4,5)         =         2.040425         116.907728
	 B(4,3,16)        =         2.039974         116.881904
	 B(4,5,6)         =         2.119569         121.442384
	 B(4,5,15)        =         2.101178         120.388630
	 B(5,6,7)         =         2.111389         120.973662
	 B(5,15,14)       =         2.095216         120.047025
	 B(5,15,22)       =         2.067248         118.444583
	 B(6,1,23)        =         2.099119         120.270635
	 B(6,5,15)        =         2.062438         118.168982
	 B(6,7,8)         =         2.098580         120.239781
	 B(6,7,17)        =         2.111042         120.953771
	 B(7,8,9)         =         2.160027         123.760424
	 B(7,8,14)        =         2.063509         118.230362
	 B(8,7,17)        =         2.073563         118.806427
	 B(8,9,10)        =         2.273380         130.255060
	 B(8,9,18)        =         2.020211         115.749588
	 B(8,14,15)       =         2.135229         122.339586
	 B(8,14,24)       =         2.058322         117.933147
	 B(9,8,14)        =         2.059647         118.009071
	 B(9,10,11)       =         1.950600         111.761157
	 B(9,10,13)       =         2.086835         119.566819
	 B(10,9,18)       =         1.989594         113.995349
	 B(10,11,12)      =         2.127181         121.878493
	 B(10,11,19)      =         2.098644         120.243445
	 B(11,10,13)      =         2.244881         128.622191
	 B(11,12,20)      =         2.005688         114.917450
	 B(11,12,21)      =         1.950326         111.745452
	 B(11,12,25)      =         1.985374         113.753573
	 B(12,11,19)      =         2.053673         117.666814
	 B(12,25,26)      =         1.702807          97.563638
	 B(14,15,22)      =         2.120721         121.508383
	 B(15,14,24)      =         2.089634         119.727193
	 B(20,12,21)      =         1.945320         111.458603
	 B(20,12,25)      =         1.752598         100.416441
	 B(21,12,25)      =         1.806224         103.489039
	 B(25,26,27)      =         1.914663         109.702107
	 B(25,26,28)      =         1.892254         108.418184
	 B(25,26,29)      =         1.874837         107.420258
	 B(27,26,28)      =         1.927591         110.442835
	 B(27,26,29)      =         1.920981         110.064106
	 B(28,26,29)      =         1.932507         110.724510
	 D(1,2,3,4)       =        -0.002837          -0.162550
	 D(1,2,3,16)      =         3.141294         179.982914
	 D(1,6,5,4)       =        -0.003639          -0.208502
	 D(1,6,5,15)      =         3.138355         179.814502
	 D(1,6,7,8)       =        -3.140648        -179.945878
	 D(1,6,7,17)      =         0.001869           0.107089
	 D(2,1,6,5)       =         0.003911           0.224090
	 D(2,1,6,7)       =        -3.136995        -179.736583
	 D(2,3,4,5)       =         0.003038           0.174058
	 D(3,2,1,6)       =        -0.000978          -0.056057
	 D(3,2,1,23)      =         3.141534         179.996624
	 D(3,4,5,6)       =         0.000498           0.028538
	 D(3,4,5,15)      =        -3.141505        -179.994971
	 D(4,5,6,7)       =         3.137293         179.753673
	 D(4,5,15,14)     =        -3.139108        -179.857665
	 D(4,5,15,22)     =         0.001918           0.109871
	 D(5,4,3,16)      =        -3.141118        -179.972796
	 D(5,6,1,23)      =        -3.138633        -179.830434
	 D(5,6,7,8)       =         0.001673           0.095832
	 D(5,6,7,17)      =        -3.138996        -179.851201
	 D(5,15,14,8)     =         0.001917           0.109861
	 D(5,15,14,24)    =        -3.141437        -179.991076
	 D(6,5,15,14)     =         0.002087           0.119583
	 D(6,5,15,22)     =        -3.140072        -179.912881
	 D(6,7,8,9)       =         3.141410         179.989540
	 D(6,7,8,14)      =         0.002277           0.130448
	 D(7,6,1,23)      =         0.003646           0.208893
	 D(7,6,5,15)      =        -0.003898          -0.223324
	 D(7,8,9,10)      =        -0.000498          -0.028549
	 D(7,8,9,18)      =         3.141481         179.993595
	 D(7,8,14,15)     =        -0.004158          -0.238245
	 D(7,8,14,24)     =         3.139166         179.860967
	 D(8,9,10,11)     =         3.105620         177.938946
	 D(8,9,10,13)     =         0.005041           0.288811
	 D(8,14,15,22)    =        -3.139091        -179.856658
	 D(9,8,7,17)      =        -0.001087          -0.062299
	 D(9,8,14,15)     =         3.139750         179.894443
	 D(9,8,14,24)     =        -0.000111          -0.006345
	 D(9,10,11,12)    =         3.105991         177.960169
	 D(9,10,11,19)    =         0.058741           3.365598
	 D(10,9,8,14)     =         3.138640         179.830833
	 D(10,11,12,20)   =         2.497170         143.077327
	 D(10,11,12,21)   =         0.258171          14.792103
	 D(10,11,12,25)   =        -1.779289        -101.945728
	 D(11,10,9,18)    =        -0.036353          -2.082886
	 D(11,12,25,26)   =         1.004960          57.579981
	 D(12,11,10,13)   =        -0.081264          -4.656061
	 D(12,25,26,27)   =         1.460572          83.684631
	 D(12,25,26,28)   =        -2.716319        -155.633622
	 D(12,25,26,29)   =        -0.627230         -35.937646
	 D(13,10,9,18)    =        -3.136933        -179.733021
	 D(13,10,11,19)   =        -3.128514        -179.250631
	 D(14,8,7,17)     =        -3.140221        -179.921390
	 D(14,8,9,18)     =        -0.002566          -0.147023
	 D(19,11,12,20)   =        -0.736439         -42.194856
	 D(19,11,12,21)   =        -2.975439        -170.480079
	 D(19,11,12,25)   =         1.270287          72.782090
	 D(20,12,25,26)   =        -3.126356        -179.127024
	 D(21,12,25,26)   =        -1.114822         -63.874578
	 D(22,15,14,24)   =         0.000740           0.042405


	        --- Internal Coordinate Step in ANG or DEG, aJ/ANG or AJ/DEG ---
	-------------------------------------------------------------------------------
	           Coordinate      Previous         Force          Change          New 
	           ----------      --------        ------          ------        ------
	              H(2,23)       2.04103        0.02041        0.01053       2.05156
	             H(13,17)       2.14556       -0.00117       -0.00361       2.14194
	               R(1,2)       1.30989        0.02295        0.00353       1.31342
	               R(1,6)       1.41549        0.00646        0.00029       1.41578
	              R(1,23)       1.08451        0.00692        0.00336       1.08787
	               R(2,3)       1.34067        0.10192        0.01190       1.35257
	               R(3,4)       1.30660        0.03181        0.00357       1.31017
	              R(3,16)       1.08469        0.01557        0.00278       1.08747
	               R(4,5)       1.34668        0.08734        0.00997       1.35664
	               R(5,6)       1.42879       -0.02886       -0.00544       1.42335
	              R(5,15)       1.41077        0.02581        0.00344       1.41420
	               R(6,7)       1.39370        0.08191        0.01114       1.40484
	               R(7,8)       1.39231        0.00229        0.00066       1.39297
	              R(7,17)       1.07807        0.02277        0.00388       1.08195
	               R(8,9)       1.35431        0.07326        0.00874       1.36305
	              R(8,14)       1.42428        0.05809        0.00910       1.43338
	              R(9,10)       1.44870        0.02765        0.00467       1.45338
	              R(9,18)       1.01039       -0.02918       -0.00403       1.00635
	             R(10,11)       1.38381        0.07112        0.00932       1.39314
	             R(10,13)       1.23948        0.08883        0.00647       1.24595
	             R(11,12)       1.44797        0.09863        0.01621       1.46418
	             R(11,19)       1.08247        0.02393        0.00424       1.08670
	             R(12,20)       1.08929        0.01801        0.00326       1.09255
	             R(12,21)       1.08761        0.01610        0.00290       1.09051
	             R(12,25)       1.92784       -0.00290       -0.00099       1.92685
	             R(14,15)       1.36196        0.02774        0.00335       1.36531
	             R(14,24)       1.08417        0.01663        0.00296       1.08713
	             R(15,22)       1.08032        0.02178        0.00383       1.08415
	             R(25,26)       1.80607        0.03899        0.00955       1.81562
	             R(26,27)       1.08755        0.01976        0.00356       1.09111
	             R(26,28)       1.08631        0.02570        0.00461       1.09091
	             R(26,29)       1.08824        0.01957        0.00353       1.09177
	             B(1,2,3)     116.63861       -0.00007       -0.04139     116.59722
	             B(1,6,5)     114.58230        0.00006       -0.04511     114.53719
	             B(1,6,7)     124.44402       -0.00035       -0.86253     123.58149
	             B(2,1,6)     123.09145        0.00018        0.28959     123.38104
	            B(2,1,23)     116.63790       -0.00004        0.43030     117.06820
	             B(2,3,4)     127.33696       -0.00022       -0.47071     126.86625
	            B(2,3,16)     115.78099        0.00012        0.26515     116.04614
	             B(3,4,5)     116.90773       -0.00009       -0.09126     116.81647
	            B(4,3,16)     116.88190        0.00010        0.20560     117.08750
	             B(4,5,6)     121.44238        0.00014        0.35937     121.80175
	            B(4,5,15)     120.38863        0.00005        0.27747     120.66610
	             B(5,6,7)     120.97366        0.00029        0.90758     121.88124
	           B(5,15,14)     120.04703        0.00008        0.16284     120.20986
	           B(5,15,22)     118.44458       -0.00004       -0.06982     118.37476
	            B(6,1,23)     120.27063       -0.00014       -0.71992     119.55072
	            B(6,5,15)     118.16898       -0.00019       -0.63684     117.53214
	             B(6,7,8)     120.23978       -0.00008       -0.26394     119.97584
	            B(6,7,17)     120.95377        0.00013        0.48609     121.43986
	             B(7,8,9)     123.76042        0.00033        0.99861     124.75904
	            B(7,8,14)     118.23036       -0.00022       -0.59045     117.63991
	            B(8,7,17)     118.80643       -0.00004       -0.22268     118.58374
	            B(8,9,10)     130.25506       -0.00009       -0.20510     130.04996
	            B(8,9,18)     115.74959        0.00009        0.29621     116.04580
	           B(8,14,15)     122.33959        0.00012        0.42064     122.76023
	           B(8,14,24)     117.93315       -0.00000        0.04803     117.98118
	            B(9,8,14)     118.00907       -0.00011       -0.40802     117.60105
	           B(9,10,11)     111.76116        0.00060        1.72551     113.48667
	           B(9,10,13)     119.56682       -0.00063       -1.84396     117.72286
	           B(10,9,18)     113.99535        0.00000       -0.09111     113.90424
	          B(10,11,12)     121.87849       -0.00014       -0.45083     121.42767
	          B(10,11,19)     120.24344        0.00001        0.00265     120.24610
	          B(11,10,13)     128.62219        0.00004        0.06958     128.69177
	          B(11,12,20)     114.91745       -0.00013       -0.85267     114.06478
	          B(11,12,21)     111.74545       -0.00018       -0.73438     111.01107
	          B(11,12,25)     113.75357        0.00062        2.54798     116.30155
	          B(12,11,19)     117.66681        0.00013        0.55176     118.21857
	          B(12,25,26)      97.56364        0.00070        2.06514      99.62878
	          B(14,15,22)     121.50838       -0.00004       -0.09304     121.41534
	          B(15,14,24)     119.72719       -0.00012       -0.46861     119.25859
	          B(20,12,21)     111.45860       -0.00012       -1.98476     109.47384
	          B(20,12,25)     100.41644       -0.00017       -0.09164     100.32481
	          B(21,12,25)     103.48904        0.00002        1.31278     104.80182
	          B(25,26,27)     109.70211        0.00035        1.69931     111.40141
	          B(25,26,28)     108.41818        0.00007        0.24944     108.66762
	          B(25,26,29)     107.42026        0.00019        0.81471     108.23497
	          B(27,26,28)     110.44284       -0.00018       -0.77082     109.67202
	          B(27,26,29)     110.06411       -0.00017       -0.62308     109.44103
	          B(28,26,29)     110.72451       -0.00024       -1.33679     109.38772
	           D(1,2,3,4)      -0.16255        0.00000        0.12714      -0.03541
	          D(1,2,3,16)     179.98291       -0.00001       -0.14238     179.84053
	           D(1,6,5,4)      -0.20850        0.00000        0.10431      -0.10420
	          D(1,6,5,15)     179.81450        0.00000        0.04270     179.85720
	           D(1,6,7,8)    -179.94588        0.00001        0.18302    -179.76286
	          D(1,6,7,17)       0.10709       -0.00000       -0.14450      -0.03742
	           D(2,1,6,5)       0.22409       -0.00000       -0.14165       0.08244
	           D(2,1,6,7)    -179.73658       -0.00000       -0.08302    -179.81961
	           D(2,3,4,5)       0.17406       -0.00001       -0.16074       0.01332
	           D(3,2,1,6)      -0.05606        0.00000        0.03818      -0.01787
	          D(3,2,1,23)     179.99662       -0.00000       -0.08891     179.90771
	           D(3,4,5,6)       0.02854        0.00000        0.03248       0.06102
	          D(3,4,5,15)    -179.99497        0.00000        0.09579    -179.89918
	           D(4,5,6,7)     179.75367        0.00000        0.04603     179.79970
	         D(4,5,15,14)    -179.85767       -0.00001       -0.17288    -180.03055
	         D(4,5,15,22)       0.10987       -0.00000       -0.07738       0.03249
	          D(5,4,3,16)    -179.97280        0.00000        0.11131    -179.86149
	          D(5,6,1,23)    -179.83043       -0.00000       -0.01096    -179.84139
	           D(5,6,7,8)       0.09583        0.00001        0.24625       0.34208
	          D(5,6,7,17)    -179.85120       -0.00000       -0.08127    -179.93247
	         D(5,15,14,8)       0.10986        0.00000        0.01210       0.12196
	        D(5,15,14,24)    -179.99108        0.00000        0.08710    -179.90398
	         D(6,5,15,14)       0.11958       -0.00000       -0.11199       0.00760
	         D(6,5,15,22)    -179.91288       -0.00000       -0.01649    -179.92937
	           D(6,7,8,9)     179.98954       -0.00001       -0.21498     179.77456
	          D(6,7,8,14)       0.13045       -0.00001       -0.33550      -0.20505
	          D(7,6,1,23)       0.20889        0.00000        0.04767       0.25656
	          D(7,6,5,15)      -0.22332       -0.00000       -0.01558      -0.23891
	          D(7,8,9,10)      -0.02855        0.00001        0.31387       0.28532
	          D(7,8,9,18)     179.99359        0.00001        0.29316     180.28675
	         D(7,8,14,15)      -0.23825        0.00001        0.21515      -0.02310
	         D(7,8,14,24)     179.86097        0.00000        0.14156     180.00253
	         D(8,9,10,11)     177.93895        0.00008        3.31349     181.25244
	         D(8,9,10,13)       0.28881       -0.00007       -2.33326      -2.04445
	        D(8,14,15,22)    -179.85666       -0.00000       -0.08637    -179.94303
	          D(9,8,7,17)      -0.06230        0.00000        0.10362       0.04132
	         D(9,8,14,15)     179.89444        0.00000        0.10136     179.99581
	         D(9,8,14,24)      -0.00634        0.00000        0.02777       0.02143
	        D(9,10,11,12)     177.96017       -0.00001       -1.10924     176.85093
	        D(9,10,11,19)       3.36560       -0.00006       -2.67472       0.69088
	         D(10,9,8,14)     179.83083        0.00001        0.43411     180.26494
	       D(10,11,12,20)     143.07733       -0.00023       -3.13947     139.93786
	       D(10,11,12,21)      14.79210        0.00021        0.90709      15.69919
	       D(10,11,12,25)    -101.94573       -0.00009       -2.03251    -103.97824
	        D(11,10,9,18)      -2.08289        0.00008        3.33392       1.25103
	       D(11,12,25,26)      57.57998       -0.00001       -3.32438      54.25561
	       D(12,11,10,13)      -4.65606        0.00015        5.24667       0.59061
	       D(12,25,26,27)      83.68463       -0.00006       -7.46788      76.21675
	       D(12,25,26,28)    -155.63362       -0.00003       -7.21521    -162.84883
	       D(12,25,26,29)     -35.93765       -0.00017       -8.21090     -44.14855
	        D(13,10,9,18)    -179.73302       -0.00007       -2.31283    -182.04585
	       D(13,10,11,19)    -179.25063        0.00010        3.68119    -175.56944
	         D(14,8,7,17)    -179.92139       -0.00000       -0.01690    -179.93829
	         D(14,8,9,18)      -0.14702        0.00001        0.41339       0.26637
	       D(19,11,12,20)     -42.19486       -0.00019       -1.63182     -43.82668
	       D(19,11,12,21)    -170.48008        0.00025        2.41474    -168.06534
	       D(19,11,12,25)      72.78209       -0.00005       -0.52486      72.25723
	       D(20,12,25,26)    -179.12702        0.00004       -3.08627    -182.21330
	       D(21,12,25,26)     -63.87458       -0.00014       -4.84589     -68.72047
	       D(22,15,14,24)       0.04240       -0.00000       -0.01137       0.03103
	-------------------------------------------------------------------------------

	                                 ==> Convergence Check <==                                  
    
	Measures of convergence in internal coordinates in au.
    
	Criteria marked as inactive (o), active & met (*), and active & unmet ( ).

	----------------------------------------------------------------------------------------------~
	   Step    Total Energy     Delta E     Max Force     RMS Force      Max Disp      RMS Disp   ~
	----------------------------------------------------------------------------------------------~
	  Convergence Criteria     1.00e-06 *    3.00e-04 *             o    1.20e-03 *             o~
	----------------------------------------------------------------------------------------------~
	     1   -1102.17485844   -1.10e+03      1.24e-02      3.29e-03 o    1.43e-01      2.87e-02 o  ~
	----------------------------------------------------------------------------------------------

Next Geometry in Ang 
	Fragment 1 (Ang)

	    C  -3.1921364399  -1.0625109825   1.7415590679
	    N  -4.4918495084  -1.0900602105   1.9287781812
	    C  -5.2611729238  -0.6722840677   0.8977385688
	    N  -4.8467498802  -0.2421958885  -0.2683759807
	    C  -3.5051941560  -0.2109419307  -0.4677111694
	    C  -2.5875574902  -0.6257258997   0.5381771126
	    C  -1.1981937650  -0.5979532907   0.3320759770
	    C  -0.6835161983  -0.1485301111  -0.8817989896
	    N   0.6436136665  -0.0765309487  -1.1842122758
	    C   1.8053372262  -0.4284233884  -0.3849149646
	    C   3.0165236492  -0.1887154491  -1.0302020464
	    C   4.2975244886  -0.4164666646  -0.3586521164
	    O   1.6085347885  -0.8325049850   0.7771378835
	    C  -1.6170955550   0.2690942499  -1.8860825671
	    C  -2.9687824977   0.2409444194  -1.6957323647
	    H  -6.3358575336  -0.7013555849   1.0614381981
	    H  -0.5070780478  -0.9159618194   1.1013935202
	    H   0.8697108513   0.2729576146  -2.1004469911
	    H   3.0291560961   0.2339348145  -2.0312671020
	    H   5.0621923916  -0.8642069925  -0.9977823530
	    H   4.1672518321  -1.0276008084   0.5350849461
	    H  -3.6554456728   0.5612674481  -2.4711423836
	    H  -2.5659935294  -1.3954652189   2.5665086314
	    H  -1.2214415706   0.6208328804  -2.8356062438
	    S   5.2330494935   1.1538897562   0.2508679378
	    C   3.9253873515   1.9164288467   1.2533836473
	    H   3.8072449358   1.4045474747   2.2096984065
	    H   4.1828616432   2.9623689830   1.4260428402
	    H   2.9896763547   1.8611677538   0.6936080928


    Structure for next step:
    Molecular point group: c1
    Full point group: C1

    Geometry (in Angstrom), charge = -1, multiplicity = 1:

    C           -3.192136439946    -1.062510982476     1.741559067922
    N           -4.491849508385    -1.090060210529     1.928778181151
    C           -5.261172923756    -0.672284067726     0.897738568821
    N           -4.846749880218    -0.242195888492    -0.268375980747
    C           -3.505194155968    -0.210941930707    -0.467711169437
    C           -2.587557490189    -0.625725899678     0.538177112551
    C           -1.198193764959    -0.597953290740     0.332075976966
    C           -0.683516198274    -0.148530111102    -0.881798989580
    N            0.643613666513    -0.076530948668    -1.184212275839
    C            1.805337226154    -0.428423388429    -0.384914964607
    C            3.016523649152    -0.188715449052    -1.030202046397
    C            4.297524488621    -0.416466664565    -0.358652116383
    O            1.608534788477    -0.832504985008     0.777137883467
    C           -1.617095555011     0.269094249891    -1.886082567094
    C           -2.968782497662     0.240944419419    -1.695732364676
    H           -6.335857533622    -0.701355584922     1.061438198105
    H           -0.507078047837    -0.915961819426     1.101393520180
    H            0.869710851311     0.272957614622    -2.100446991131
    H            3.029156096100     0.233934814524    -2.031267101970
    H            5.062192391633    -0.864206992527    -0.997782353043
    H            4.167251832144    -1.027600808439     0.535084946108
    H           -3.655445672838     0.561267448106    -2.471142383586
    H           -2.565993529445    -1.395465218903     2.566508631416
    H           -1.221441570607     0.620832880445    -2.835606243808
    S            5.233049493464     1.153889756172     0.250867937778
    C            3.925387351499     1.916428846654     1.253383647275
    H            3.807244935776     1.404547474731     2.209698406492
    H            4.182861643190     2.962368982996     1.426042840228
    H            2.989676354675     1.861167753841     0.693608092834


Scratch directory: /tmp/
gradient() will perform analytic gradient computation.
   => Libint2 <=

    Primary   basis highest AM E, G, H:  7, 6, 3
    Auxiliary basis highest AM E, G, H:  7, 7, 4
    Onebody   basis highest AM E, G, H:  -, -, -
    Solid Harmonics ordering:            Gaussian

*** tstart() called on eristm01.eisai.local
*** at Wed May 20 10:22:44 2026

   => Loading Basis Set <=

    Name: 6-311+G(D,P)
    Role: ORBITAL
    Keyword: BASIS
    atoms 1, 3, 5-8, 10-12, 14-15, 26 entry C          line   129 file /home2/shbae/bucket/covalent/.pixi/envs/default/share/psi4/basis/6-311pg_d_p_.gbs 
    atoms 2, 4, 9                     entry N          line   150 file /home2/shbae/bucket/covalent/.pixi/envs/default/share/psi4/basis/6-311pg_d_p_.gbs 
    atoms 13                          entry O          line   171 file /home2/shbae/bucket/covalent/.pixi/envs/default/share/psi4/basis/6-311pg_d_p_.gbs 
    atoms 16-24, 27-29                entry H          line    42 file /home2/shbae/bucket/covalent/.pixi/envs/default/share/psi4/basis/6-311pg_d_p_.gbs 
    atoms 25                          entry S          line   429 file /home2/shbae/bucket/covalent/.pixi/envs/default/share/psi4/basis/6-311pg_d_p_.gbs 

   => WB97X-D: Empirical Dispersion <=

    Chai and Head-Gordon Dispersion Correction
    Chai, J.-D.; Head-Gordon, M. (2010), J. Chem. Phys., 132: 6615-6620

        s6 =       1.000000


         ---------------------------------------------------------
                                   SCF
               by Justin Turney, Rob Parrish, Andy Simmonett
                          and Daniel G. A. Smith
                              RKS Reference
                        8 Threads,   7629 MiB Core
         ---------------------------------------------------------

  ==> Geometry <==

    Molecular point group: c1
    Full point group: C1

    Geometry (in Angstrom), charge = -1, multiplicity = 1:

       Center              X                  Y                   Z               Mass       
    ------------   -----------------  -----------------  -----------------  -----------------
         C           -3.192136439946    -1.062510982476     1.741559067922    12.000000000000
         N           -4.491849508385    -1.090060210529     1.928778181151    14.003074004430
         C           -5.261172923756    -0.672284067726     0.897738568821    12.000000000000
         N           -4.846749880218    -0.242195888492    -0.268375980747    14.003074004430
         C           -3.505194155968    -0.210941930707    -0.467711169437    12.000000000000
         C           -2.587557490189    -0.625725899678     0.538177112551    12.000000000000
         C           -1.198193764959    -0.597953290740     0.332075976966    12.000000000000
         C           -0.683516198274    -0.148530111102    -0.881798989580    12.000000000000
         N            0.643613666513    -0.076530948668    -1.184212275839    14.003074004430
         C            1.805337226154    -0.428423388429    -0.384914964607    12.000000000000
         C            3.016523649152    -0.188715449052    -1.030202046397    12.000000000000
         C            4.297524488621    -0.416466664565    -0.358652116383    12.000000000000
         O            1.608534788477    -0.832504985008     0.777137883467    15.994914619570
         C           -1.617095555011     0.269094249891    -1.886082567094    12.000000000000
         C           -2.968782497662     0.240944419419    -1.695732364676    12.000000000000
         H           -6.335857533622    -0.701355584922     1.061438198105     1.007825032230
         H           -0.507078047837    -0.915961819426     1.101393520180     1.007825032230
         H            0.869710851311     0.272957614622    -2.100446991131     1.007825032230
         H            3.029156096100     0.233934814524    -2.031267101970     1.007825032230
         H            5.062192391633    -0.864206992527    -0.997782353043     1.007825032230
         H            4.167251832144    -1.027600808439     0.535084946108     1.007825032230
         H           -3.655445672838     0.561267448106    -2.471142383586     1.007825032230
         H           -2.565993529445    -1.395465218903     2.566508631416     1.007825032230
         H           -1.221441570607     0.620832880445    -2.835606243808     1.007825032230
         S            5.233049493464     1.153889756172     0.250867937778    31.972071174400
         C            3.925387351499     1.916428846654     1.253383647275    12.000000000000
         H            3.807244935776     1.404547474731     2.209698406492     1.007825032230
         H            4.182861643190     2.962368982996     1.426042840228     1.007825032230
         H            2.989676354675     1.861167753841     0.693608092834     1.007825032230

  Running in c1 symmetry.

  Rotational constants: A =      0.04171  B =      0.00518  C =      0.00488 [cm^-1]
  Rotational constants: A =   1250.37924  B =    155.16032  C =    146.23026 [MHz]
  Nuclear repulsion = 1183.720377360195471

  Charge       = -1
  Multiplicity = 1
  Electrons    = 130
  Nalpha       = 65
  Nbeta        = 65

  ==> Algorithm <==

  SCF Algorithm Type is DF.
  DIIS enabled.
  MOM disabled.
  Fractional occupation disabled.
  Guess Type is READ.
  Energy threshold   = 1.00e-08
  Density threshold  = 1.00e-08
  Integral threshold = 1.00e-12

  ==> Primary Basis <==

  Basis Set: 6-311+G(D,P)
    Blend: 6-311+G(D,P)
    Number of shells: 222
    Number of basis functions: 454
    Number of Cartesian functions: 471
    Spherical Harmonics?: true
    Max angular momentum: 2

  ==> DFT Potential <==

   => LibXC <=

    Version 7.0.0
    S. Lehtola, C. Steigemann, M. J.T. Oliveira, and M. A.L. Marques.,  SoftwareX 7, 1–5 (2018) (10.1016/j.softx.2017.11.002)

   => Composite Functional: WB97X-D <= 

    wB97X-D Hyb-GGA Exchange-Correlation Functional

    J.-D. Chai and M. Head-Gordon.,  Phys. Chem. Chem. Phys. 10, 6615-6620 (2008) (10.1039/B810189B)

    Deriv               =              1
    GGA                 =           TRUE
    Meta                =          FALSE

    Exchange Hybrid     =           TRUE
    MP2 Hybrid          =          FALSE

   => Exchange-Correlation Functionals <=

    1.0000   wB97X-D range-separated functional

   => Exact (HF) Exchange <=

    0.7780            HF,LR [omega = 0.2000]
    0.2220               HF 

   => LibXC Density Thresholds  <==

    XC_HYB_GGA_XC_WB97X_D:  1.00E-14 

   => Molecular Quadrature <=

    Radial Scheme          =       TREUTLER
    Pruning Scheme         =           NONE
    Nuclear Scheme         =       TREUTLER

    Blocking Scheme        =         OCTREE
    BS radius alpha        =              1
    Pruning alpha          =              1
    Radial Points          =             75
    Spherical Points       =            302
    Total Points           =         606393
    Total Blocks           =           4346
    Max Points             =            256
    Max Functions          =            328
    Weights Tolerance      =       1.00E-15

   => Loading Basis Set <=

    Name: (6-311+G(D,P) AUX)
    Role: JKFIT
    Keyword: DF_BASIS_SCF
    atoms 1, 3, 5-8, 10-12, 14-15, 26 entry C          line   200 file /home2/shbae/bucket/covalent/.pixi/envs/default/share/psi4/basis/heavy-aug-cc-pvtz-jkfit.gbs 
    atoms 2, 4, 9                     entry N          line   262 file /home2/shbae/bucket/covalent/.pixi/envs/default/share/psi4/basis/heavy-aug-cc-pvtz-jkfit.gbs 
    atoms 13                          entry O          line   324 file /home2/shbae/bucket/covalent/.pixi/envs/default/share/psi4/basis/heavy-aug-cc-pvtz-jkfit.gbs 
    atoms 16-24, 27-29                entry H          line   116 file /home2/shbae/bucket/covalent/.pixi/envs/default/share/psi4/basis/heavy-aug-cc-pvtz-jkfit.gbs 
    atoms 25                          entry S          line   768 file /home2/shbae/bucket/covalent/.pixi/envs/default/share/psi4/basis/heavy-aug-cc-pvtz-jkfit.gbs 

   => Loading Basis Set <=

    Name: 6-311+G(D,P)
    Role: ORBITAL
    Keyword: BASIS
    atoms 1, 3, 5-8, 10-12, 14-15, 26 entry C          line   129 file /home2/shbae/bucket/covalent/.pixi/envs/default/share/psi4/basis/6-311pg_d_p_.gbs 
    atoms 2, 4, 9                     entry N          line   150 file /home2/shbae/bucket/covalent/.pixi/envs/default/share/psi4/basis/6-311pg_d_p_.gbs 
    atoms 13                          entry O          line   171 file /home2/shbae/bucket/covalent/.pixi/envs/default/share/psi4/basis/6-311pg_d_p_.gbs 
    atoms 16-24, 27-29                entry H          line    42 file /home2/shbae/bucket/covalent/.pixi/envs/default/share/psi4/basis/6-311pg_d_p_.gbs 
    atoms 25                          entry S          line   429 file /home2/shbae/bucket/covalent/.pixi/envs/default/share/psi4/basis/6-311pg_d_p_.gbs 

  Reading orbitals from file /tmp/4_intermediate.default.2248151.180.npy, no projection.

  ==> Integral Setup <==

  ==> DiskDFJK: Density-Fitted J/K Matrices <==

    J tasked:                  Yes
    K tasked:                  Yes
    wK tasked:                 Yes
    Omega:               2.000E-01
    OpenMP threads:              8
    Integrals threads:           8
    Memory [MiB]:             1488
    Algorithm:                Disk
    Integral Cache:           NONE
    Schwarz Cutoff:          1E-12
    Fitting Condition:       1E-10

   => Auxiliary Basis Set <=

  Basis Set: (6-311+G(D,P) AUX)
    Blend: HEAVY-AUG-CC-PVTZ-JKFIT
    Number of shells: 642
    Number of basis functions: 2170
    Number of Cartesian functions: 2696
    Spherical Harmonics?: true
    Max angular momentum: 4

  Cached 100.0% of DFT collocation blocks in 4.134 [GiB].

  Minimum eigenvalue in the overlap matrix is 1.5368958911E-07.
  Reciprocal condition number of the overlap matrix is 1.0596229976E-08.
    Using symmetric orthogonalization.

  ==> Pre-Iterations <==

  SCF Guess: Orbitals guess was supplied from a previous computation.

   -------------------------------------------------------
    Irrep   Nso     Nmo     Nalpha   Nbeta   Ndocc  Nsocc
   -------------------------------------------------------
     A        454     454      65      65      65       0
   -------------------------------------------------------
    Total     454     454      65      65      65       0
   -------------------------------------------------------

  ==> Iterations <==

                           Total Energy        Delta E     RMS |[F,P]|

   @DF-RKS iter   0: -1102.07195771928400   -1.10207e+03   6.62370e-04 
   @DF-RKS iter   1: -1102.17469824130467   -1.02741e-01   1.15226e-04 DIIS/ADIIS
   @DF-RKS iter   2: -1102.17618264434986   -1.48440e-03   9.34263e-05 DIIS
   @DF-RKS iter   3: -1102.17705991349794   -8.77269e-04   1.86072e-05 DIIS
   @DF-RKS iter   4: -1102.17710364333857   -4.37298e-05   1.36663e-05 DIIS
   @DF-RKS iter   5: -1102.17712229516269   -1.86518e-05   3.16960e-06 DIIS
   @DF-RKS iter   6: -1102.17712374901612   -1.45385e-06   1.25526e-06 DIIS
   @DF-RKS iter   7: -1102.17712400524579   -2.56230e-07   3.44929e-07 DIIS
   @DF-RKS iter   8: -1102.17712404967506   -4.44293e-08   2.43476e-07 DIIS
   @DF-RKS iter   9: -1102.17712405970155   -1.00265e-08   7.43715e-08 DIIS
   @DF-RKS iter  10: -1102.17712406163901   -1.93745e-09   2.93283e-08 DIIS
   @DF-RKS iter  11: -1102.17712406190685   -2.67846e-10   1.26539e-08 DIIS
   @DF-RKS iter  12: -1102.17712406196961   -6.27551e-11   4.41657e-09 DIIS
  Energy and wave function converged.


  ==> Post-Iterations <==

   Electrons on quadrature grid:
      Ntotal   =  130.0000712659 ; deviation = 7.127e-05 

    Orbital Energies [Eh]
    ---------------------

    Doubly Occupied:                                                      

       1A    -88.863807     2A    -19.041307     3A    -14.341325  
       4A    -14.341311     5A    -14.333390     6A    -10.250643  
       7A    -10.240614     8A    -10.237694     9A    -10.230720  
      10A    -10.225628    11A    -10.206667    12A    -10.205961  
      13A    -10.201024    14A    -10.173881    15A    -10.173625  
      16A    -10.173395    17A    -10.102275    18A     -7.903988  
      19A     -5.853144    20A     -5.849508    21A     -5.843277  
      22A     -0.994855    23A     -0.974575    24A     -0.911791  
      25A     -0.898736    26A     -0.847488    27A     -0.776864  
      28A     -0.760125    29A     -0.744963    30A     -0.702766  
      31A     -0.669638    32A     -0.651798    33A     -0.624185  
      34A     -0.606906    35A     -0.562609    36A     -0.539519  
      37A     -0.527886    38A     -0.519876    39A     -0.491164  
      40A     -0.455259    41A     -0.445139    42A     -0.431035  
      43A     -0.424778    44A     -0.422560    45A     -0.408251  
      46A     -0.396339    47A     -0.391974    48A     -0.383256  
      49A     -0.379249    50A     -0.357647    51A     -0.351684  
      52A     -0.342299    53A     -0.335634    54A     -0.314064  
      55A     -0.309367    56A     -0.303493    57A     -0.292767  
      58A     -0.269813    59A     -0.256178    60A     -0.240365  
      61A     -0.236313    62A     -0.187205    63A     -0.174885  
      64A     -0.166201    65A     -0.104723  

    Virtual:                                                              

      66A      0.096136    67A      0.136416    68A      0.141094  
      69A      0.148167    70A      0.159578    71A      0.166122  
      72A      0.167239    73A      0.169256    74A      0.172191  
      75A      0.181719    76A      0.185647    77A      0.190543  
      78A      0.193825    79A      0.197258    80A      0.204858  
      81A      0.211451    82A      0.218438    83A      0.220200  
      84A      0.221578    85A      0.227081    86A      0.232711  
      87A      0.235092    88A      0.240585    89A      0.244613  
      90A      0.246036    91A      0.255066    92A      0.258064  
      93A      0.263402    94A      0.265035    95A      0.268444  
      96A      0.273982    97A      0.275769    98A      0.281978  
      99A      0.287257   100A      0.293408   101A      0.295855  
     102A      0.296616   103A      0.302887   104A      0.306895  
     105A      0.312755   106A      0.316900   107A      0.323617  
     108A      0.327990   109A      0.329360   110A      0.332561  
     111A      0.337279   112A      0.339152   113A      0.345662  
     114A      0.347834   115A      0.352456   116A      0.359087  
     117A      0.365315   118A      0.367489   119A      0.368401  
     120A      0.369772   121A      0.374944   122A      0.378539  
     123A      0.380639   124A      0.385693   125A      0.388594  
     126A      0.392314   127A      0.396685   128A      0.400936  
     129A      0.407034   130A      0.408001   131A      0.411263  
     132A      0.413942   133A      0.424298   134A      0.428520  
     135A      0.433121   136A      0.434603   137A      0.438290  
     138A      0.442004   139A      0.446892   140A      0.450097  
     141A      0.455838   142A      0.460738   143A      0.464790  
     144A      0.466978   145A      0.479356   146A      0.487586  
     147A      0.488897   148A      0.493341   149A      0.497466  
     150A      0.504571   151A      0.508789   152A      0.513962  
     153A      0.521480   154A      0.528131   155A      0.534509  
     156A      0.537757   157A      0.541301   158A      0.542827  
     159A      0.548047   160A      0.556298   161A      0.566701  
     162A      0.573812   163A      0.601589   164A      0.605175  
     165A      0.609333   166A      0.628038   167A      0.635064  
     168A      0.643520   169A      0.658759   170A      0.681180  
     171A      0.686264   172A      0.708984   173A      0.711266  
     174A      0.717640   175A      0.721758   176A      0.730238  
     177A      0.732585   178A      0.736140   179A      0.745177  
     180A      0.751900   181A      0.761376   182A      0.767263  
     183A      0.769588   184A      0.771211   185A      0.796645  
     186A      0.798937   187A      0.810049   188A      0.819182  
     189A      0.826273   190A      0.829746   191A      0.840899  
     192A      0.845883   193A      0.859212   194A      0.872741  
     195A      0.878986   196A      0.884675   197A      0.885688  
     198A      0.894177   199A      0.901667   200A      0.902145  
     201A      0.908084   202A      0.909701   203A      0.925113  
     204A      0.933942   205A      0.935906   206A      0.947971  
     207A      0.957402   208A      0.970173   209A      0.975219  
     210A      0.983478   211A      0.988593   212A      0.996461  
     213A      1.002930   214A      1.016412   215A      1.036797  
     216A      1.047146   217A      1.048516   218A      1.058564  
     219A      1.075265   220A      1.076841   221A      1.082019  
     222A      1.084934   223A      1.092741   224A      1.100197  
     225A      1.101619   226A      1.116189   227A      1.121673  
     228A      1.129187   229A      1.133559   230A      1.140787  
     231A      1.155215   232A      1.160021   233A      1.171291  
     234A      1.174108   235A      1.184787   236A      1.189443  
     237A      1.191055   238A      1.210604   239A      1.231384  
     240A      1.237056   241A      1.241099   242A      1.259202  
     243A      1.269159   244A      1.279713   245A      1.286997  
     246A      1.301811   247A      1.305700   248A      1.310752  
     249A      1.325108   250A      1.335814   251A      1.337558  
     252A      1.342461   253A      1.362018   254A      1.379335  
     255A      1.389970   256A      1.403394   257A      1.417853  
     258A      1.426666   259A      1.476904   260A      1.481604  
     261A      1.503575   262A      1.528338   263A      1.542797  
     264A      1.556066   265A      1.561854   266A      1.583416  
     267A      1.607610   268A      1.665685   269A      1.677420  
     270A      1.682639   271A      1.708691   272A      1.714786  
     273A      1.715534   274A      1.724140   275A      1.740083  
     276A      1.749821   277A      1.757155   278A      1.762068  
     279A      1.767867   280A      1.775910   281A      1.790111  
     282A      1.809924   283A      1.823778   284A      1.829533  
     285A      1.838601   286A      1.846877   287A      1.862182  
     288A      1.868508   289A      1.882064   290A      1.893643  
     291A      1.903679   292A      1.913114   293A      1.922247  
     294A      1.922856   295A      1.942645   296A      1.945247  
     297A      1.960403   298A      1.979821   299A      1.984058  
     300A      1.988319   301A      2.011083   302A      2.028322  
     303A      2.034988   304A      2.053783   305A      2.056986  
     306A      2.069791   307A      2.075017   308A      2.083221  
     309A      2.118114   310A      2.133544   311A      2.145867  
     312A      2.157690   313A      2.164256   314A      2.172751  
     315A      2.180997   316A      2.206484   317A      2.212055  
     318A      2.226902   319A      2.240380   320A      2.247609  
     321A      2.250705   322A      2.283720   323A      2.297281  
     324A      2.311987   325A      2.318198   326A      2.333811  
     327A      2.355923   328A      2.380950   329A      2.392160  
     330A      2.432135   331A      2.438472   332A      2.448358  
     333A      2.463128   334A      2.471530   335A      2.495187  
     336A      2.502015   337A      2.527039   338A      2.529838  
     339A      2.547934   340A      2.579065   341A      2.602885  
     342A      2.615939   343A      2.642506   344A      2.660456  
     345A      2.671244   346A      2.693781   347A      2.698413  
     348A      2.719464   349A      2.759991   350A      2.761964  
     351A      2.775568   352A      2.785634   353A      2.791715  
     354A      2.817064   355A      2.831242   356A      2.850425  
     357A      2.868128   358A      2.880893   359A      2.886238  
     360A      2.902684   361A      2.917895   362A      2.923021  
     363A      2.938890   364A      2.951548   365A      2.959351  
     366A      2.971587   367A      2.989436   368A      3.000421  
     369A      3.019013   370A      3.031871   371A      3.042002  
     372A      3.060752   373A      3.065233   374A      3.074211  
     375A      3.082076   376A      3.111601   377A      3.127382  
     378A      3.131742   379A      3.143033   380A      3.151354  
     381A      3.170580   382A      3.176610   383A      3.186712  
     384A      3.199209   385A      3.222818   386A      3.230014  
     387A      3.239545   388A      3.286863   389A      3.322503  
     390A      3.370812   391A      3.412376   392A      3.432193  
     393A      3.445933   394A      3.515298   395A      3.527303  
     396A      3.549565   397A      3.589376   398A      3.608823  
     399A      3.617288   400A      3.641296   401A      3.693354  
     402A      3.724786   403A      3.756484   404A      3.801264  
     405A      3.816418   406A      3.848496   407A      3.863949  
     408A      3.914610   409A      3.955307   410A      3.971310  
     411A      3.978645   412A      4.029284   413A      4.102802  
     414A      4.112110   415A      4.134675   416A      4.143112  
     417A      4.155366   418A      4.186459   419A      4.267359  
     420A      4.282548   421A      4.395612   422A      4.479904  
     423A      4.571962   424A      4.624278   425A      4.699862  
     426A      5.042448   427A      5.087372   428A      5.178900  
     429A      5.354015   430A      5.373701   431A      5.513124  
     432A      5.597987   433A      6.096218   434A      8.147695  
     435A     17.618906   436A     17.727880   437A     17.732356  
     438A     23.877978   439A     24.063838   440A     24.125828  
     441A     24.169411   442A     24.176087   443A     24.182915  
     444A     24.209930   445A     24.222184   446A     24.255641  
     447A     24.356156   448A     24.365129   449A     24.424642  
     450A     35.875023   451A     35.908384   452A     35.928716  
     453A     50.350192   454A    189.394584  

    Final Occupation by Irrep:
              A 
    DOCC [    65 ]
    NA   [    65 ]
    NB   [    65 ]

  @DF-RKS Final Energy: -1102.17712406196961

   => Energetics <=

    Nuclear Repulsion Energy =           1183.7203773601954708
    One-Electron Energy =               -3872.4397438415276156
    Two-Electron Energy =                1673.7443891839470780
    DFT Exchange-Correlation Energy =     -87.1853057024944889
    Empirical Dispersion Energy =          -0.0168410620899089
    VV10 Nonlocal Energy =                  0.0000000000000000
    Total Energy =                      -1102.1771240619696073

Computation Completed


Properties will be evaluated at   0.000000,   0.000000,   0.000000 [a0]

Properties computed using the SCF density matrix


 Multipole Moments:

 ------------------------------------------------------------------------------------
     Multipole            Electronic (a.u.)      Nuclear  (a.u.)        Total (a.u.)
 ------------------------------------------------------------------------------------

 L = 1.  Multiply by 2.5417464519 to convert [e a0] to [Debye]
 Dipole X            :          2.2265064           -4.2685322           -2.0420258
 Dipole Y            :         12.9995807          -12.4671510            0.5324297
 Dipole Z            :         -2.9980903            2.0199094           -0.9781808
 Magnitude           :                                                    2.3259812

 ------------------------------------------------------------------------------------

*** tstop() called on eristm01.eisai.local at Wed May 20 10:23:35 2026
Module time:
	user time   =     357.60 seconds =       5.96 minutes
	system time =      17.40 seconds =       0.29 minutes
	total time  =         51 seconds =       0.85 minutes
Total time:
	user time   =   46680.02 seconds =     778.00 minutes
	system time =    1629.59 seconds =      27.16 minutes
	total time  =       6681 seconds =     111.35 minutes

*** tstart() called on eristm01.eisai.local
*** at Wed May 20 10:23:35 2026


         ------------------------------------------------------------
                                   SCF GRAD                          
                          Rob Parrish, Justin Turney,                
                       Andy Simmonett, and Alex Sokolov              
         ------------------------------------------------------------

  ==> Geometry <==

    Molecular point group: c1
    Full point group: C1

    Geometry (in Angstrom), charge = -1, multiplicity = 1:

       Center              X                  Y                   Z               Mass       
    ------------   -----------------  -----------------  -----------------  -----------------
         C           -3.192136439946    -1.062510982476     1.741559067922    12.000000000000
         N           -4.491849508385    -1.090060210529     1.928778181151    14.003074004430
         C           -5.261172923756    -0.672284067726     0.897738568821    12.000000000000
         N           -4.846749880218    -0.242195888492    -0.268375980747    14.003074004430
         C           -3.505194155968    -0.210941930707    -0.467711169437    12.000000000000
         C           -2.587557490189    -0.625725899678     0.538177112551    12.000000000000
         C           -1.198193764959    -0.597953290740     0.332075976966    12.000000000000
         C           -0.683516198274    -0.148530111102    -0.881798989580    12.000000000000
         N            0.643613666513    -0.076530948668    -1.184212275839    14.003074004430
         C            1.805337226154    -0.428423388429    -0.384914964607    12.000000000000
         C            3.016523649152    -0.188715449052    -1.030202046397    12.000000000000
         C            4.297524488621    -0.416466664565    -0.358652116383    12.000000000000
         O            1.608534788477    -0.832504985008     0.777137883467    15.994914619570
         C           -1.617095555011     0.269094249891    -1.886082567094    12.000000000000
         C           -2.968782497662     0.240944419419    -1.695732364676    12.000000000000
         H           -6.335857533622    -0.701355584922     1.061438198105     1.007825032230
         H           -0.507078047837    -0.915961819426     1.101393520180     1.007825032230
         H            0.869710851311     0.272957614622    -2.100446991131     1.007825032230
         H            3.029156096100     0.233934814524    -2.031267101970     1.007825032230
         H            5.062192391633    -0.864206992527    -0.997782353043     1.007825032230
         H            4.167251832144    -1.027600808439     0.535084946108     1.007825032230
         H           -3.655445672838     0.561267448106    -2.471142383586     1.007825032230
         H           -2.565993529445    -1.395465218903     2.566508631416     1.007825032230
         H           -1.221441570607     0.620832880445    -2.835606243808     1.007825032230
         S            5.233049493464     1.153889756172     0.250867937778    31.972071174400
         C            3.925387351499     1.916428846654     1.253383647275    12.000000000000
         H            3.807244935776     1.404547474731     2.209698406492     1.007825032230
         H            4.182861643190     2.962368982996     1.426042840228     1.007825032230
         H            2.989676354675     1.861167753841     0.693608092834     1.007825032230

  Nuclear repulsion = 1183.720377360195471

  ==> Basis Set <==

  Basis Set: 6-311+G(D,P)
    Blend: 6-311+G(D,P)
    Number of shells: 222
    Number of basis functions: 454
    Number of Cartesian functions: 471
    Spherical Harmonics?: true
    Max angular momentum: 2

  ==> DFJKGrad: Density-Fitted SCF Gradients <==

    Gradient:                    1
    J tasked:                  Yes
    K tasked:                  Yes
    wK tasked:                 Yes
    Omega:               2.000E-01
    OpenMP threads:              8
    Integrals threads:           8
    Memory [MiB]:             5722
    Schwarz Cutoff:          1E-12
    Fitting Condition:       1E-10

   => Auxiliary Basis Set <=

  Basis Set: (6-311+G(D,P) AUX)
    Blend: HEAVY-AUG-CC-PVTZ-JKFIT
    Number of shells: 642
    Number of basis functions: 2170
    Number of Cartesian functions: 2696
    Spherical Harmonics?: true
    Max angular momentum: 4

  ==> DFT Potential <==

   => LibXC <=

    Version 7.0.0
    S. Lehtola, C. Steigemann, M. J.T. Oliveira, and M. A.L. Marques.,  SoftwareX 7, 1–5 (2018) (10.1016/j.softx.2017.11.002)

   => Composite Functional: WB97X-D <= 

    wB97X-D Hyb-GGA Exchange-Correlation Functional

    J.-D. Chai and M. Head-Gordon.,  Phys. Chem. Chem. Phys. 10, 6615-6620 (2008) (10.1039/B810189B)

    Deriv               =              1
    GGA                 =           TRUE
    Meta                =          FALSE

    Exchange Hybrid     =           TRUE
    MP2 Hybrid          =          FALSE

   => Exchange-Correlation Functionals <=

    1.0000   wB97X-D range-separated functional

   => Exact (HF) Exchange <=

    0.7780            HF,LR [omega = 0.2000]
    0.2220               HF 

   => LibXC Density Thresholds  <==

    XC_HYB_GGA_XC_WB97X_D:  1.00E-14 

   => Molecular Quadrature <=

    Radial Scheme          =       TREUTLER
    Pruning Scheme         =           NONE
    Nuclear Scheme         =       TREUTLER

    Blocking Scheme        =         OCTREE
    BS radius alpha        =              1
    Pruning alpha          =              1
    Radial Points          =             75
    Spherical Points       =            302
    Total Points           =         606393
    Total Blocks           =           4346
    Max Points             =            256
    Max Functions          =            328
    Weights Tolerance      =       1.00E-15


  -Total Gradient:
     Atom            X                  Y                   Z
    ------   -----------------  -----------------  -----------------
       1        0.001406015598    -0.000093064872    -0.000133319135
       2       -0.001263324088     0.001137021320    -0.003081805660
       3       -0.000828707254    -0.001177785077     0.003896934721
       4        0.002612768206     0.000143114742    -0.000753070080
       5       -0.003902494371     0.001108059694    -0.002430878247
       6        0.003877351246    -0.001427602330     0.003467906874
       7       -0.001798671263    -0.000239740259     0.000508964425
       8        0.000220001328     0.001807494626    -0.003704706047
       9       -0.002316488535     0.001880506013     0.002448885433
      10       -0.001575838293    -0.010405915465    -0.002556048864
      11        0.003022331795     0.001120239450     0.001716555812
      12       -0.002579849148    -0.004973836447    -0.004027365121
      13        0.000264902687     0.004118559098    -0.000957507039
      14        0.000862567393    -0.000106124639     0.000380396446
      15       -0.000538652041    -0.000311994237     0.000579715312
      16       -0.000564007180     0.000037133843    -0.000265361541
      17       -0.000139551896    -0.000104091900     0.000077445661
      18        0.000696033024    -0.000108424638     0.000662166764
      19        0.000613938258     0.000394789405     0.000216333473
      20       -0.000736159658     0.000456417845     0.000118386587
      21        0.000233588034     0.000908390965     0.000401416091
      22       -0.000209171379    -0.000016908961     0.000314413450
      23       -0.000682269850     0.000103924202    -0.000237157995
      24        0.000226642351     0.000058271652     0.000105590522
      25        0.003466818321     0.003342625907     0.001232844927
      26       -0.000979866231     0.002136674684     0.001631618133
      27        0.000560425455     0.000317321831     0.000215105523
      28       -0.000756338461    -0.000404450884     0.000174401722
      29        0.001024914161     0.000421689277     0.000000801532


*** tstop() called on eristm01.eisai.local at Wed May 20 10:23:53 2026
Module time:
	user time   =     133.47 seconds =       2.22 minutes
	system time =       1.71 seconds =       0.03 minutes
	total time  =         18 seconds =       0.30 minutes
Total time:
	user time   =   46813.50 seconds =     780.23 minutes
	system time =    1631.30 seconds =      27.19 minutes
	total time  =       6699 seconds =     111.65 minutes

    			-----------------------------------------

    			 OPTKING 3.0: for geometry optimizations 

    			     By R.A. King, Bethel University     

    			        with contributions from          

    			    A.V. Copan, J. Cayton, A. Heide      

    			-----------------------------------------

    
	                            ===> Fragment 1 <== 

	 Z (Atomic Numbers)          Masses                          Geom                  
	       6.000000            12.000000         -6.03226363 -2.00785476  3.29106967   
	       7.000000            14.003074         -8.48836537 -2.05991526  3.64486252   
	       6.000000            12.000000         -9.94217592 -1.27043277  1.69648003   
	       7.000000            14.003074         -9.15902987 -0.45768390 -0.50715710   
	       6.000000            12.000000         -6.62385697 -0.39862248 -0.88384602   
	       6.000000            12.000000         -4.88977499 -1.18245058  1.01700735   
	       6.000000            12.000000         -2.26425806 -1.12996796  0.62753265   
	       6.000000            12.000000         -1.29165842 -0.28068123 -1.66635859   
	       7.000000            14.003074          1.21625356 -0.14462253 -2.23783688   
	       6.000000            12.000000          3.41159292 -0.80960287 -0.72738386   
	       6.000000            12.000000          5.70040355 -0.35662051 -1.94679972   
	       6.000000            12.000000          8.12114430 -0.78700794 -0.67775427   
	       8.000000            15.994915          3.03969021 -1.57320642  1.46857776   
	       6.000000            12.000000         -3.05586772  0.50851443 -3.56417950   
	       6.000000            12.000000         -5.61018585  0.45531896 -3.20446975   
	       1.000000             1.007825        -11.97303551  -1.32536997   2.00582749 
	       1.000000             1.007825         -0.95823863 -1.73091698  2.08133211   
	       1.000000             1.007825          1.64351532  0.51581514 -3.96926955   
	       1.000000             1.007825          5.72427541  0.44207273 -3.83853851   
	       1.000000             1.007825          9.56615721 -1.63311453 -1.88553538   
	       1.000000             1.007825          7.87496466 -1.94188409  1.01116400   
	       1.000000             1.007825         -6.90779119  1.06064176 -4.66978232   
	       1.000000             1.007825         -4.84902501 -2.63704708  4.84999841   
	       1.000000             1.007825         -2.30819005  1.17320411 -5.35851920   
	      16.000000            31.972071          9.88903034  2.18053562  0.47407170   
	       6.000000            12.000000          7.41790703  3.62152566  2.36855182   
	       1.000000             1.007825          7.19465022  2.65421006  4.17572481   
	       1.000000             1.007825          7.90446293  5.59806606  2.69483041   
	       1.000000             1.007825          5.64966951  3.51709733  1.31072933   

	 - Coordinate -           - BOHR/RAD -       - ANG/DEG -
	 H(2,23)          =         3.876884           2.051559
	 H(13,17)         =         4.047688           2.141944
	 R(1,2)           =         2.481998           1.313417
	 R(1,6)           =         2.675431           1.415777
	 R(1,23)          =         2.055771           1.087867
	 R(2,3)           =         2.555982           1.352567
	 R(3,4)           =         2.475862           1.310170
	 R(3,16)          =         2.055019           1.087469
	 R(4,5)           =         2.563686           1.356644
	 R(5,6)           =         2.689734           1.423346
	 R(5,15)          =         2.672459           1.414205
	 R(6,7)           =         2.654766           1.404842
	 R(7,8)           =         2.632333           1.392970
	 R(7,17)          =         2.044593           1.081952
	 R(8,9)           =         2.575795           1.363052
	 R(8,14)          =         2.708688           1.433376
	 R(9,10)          =         2.746485           1.453377
	 R(9,18)          =         1.901733           1.006354
	 R(10,11)         =         2.632645           1.393136
	 R(10,13)         =         2.354496           1.245945
	 R(11,12)         =         2.766893           1.464177
	 R(11,19)         =         2.053572           1.086703
	 R(12,20)         =         2.064629           1.092555
	 R(12,21)         =         2.060774           1.090514
	 R(12,25)         =         3.641214           1.926847
	 R(14,15)         =         2.580070           1.365314
	 R(14,24)         =         2.054383           1.087133
	 R(15,22)         =         2.048740           1.084147
	 R(25,26)         =         3.431029           1.815622
	 R(26,27)         =         2.061897           1.091109
	 R(26,28)         =         2.061530           1.090915
	 R(26,29)         =         2.063143           1.091768
	 B(1,2,3)         =         2.035005         116.597215
	 B(1,6,5)         =         1.999051         114.537192
	 B(1,6,7)         =         2.156904         123.581494
	 B(2,1,6)         =         2.153405         123.381042
	 B(2,1,23)        =         2.043226         117.068202
	 B(2,3,4)         =         2.214234         126.866249
	 B(2,3,16)        =         2.025387         116.046143
	 B(3,4,5)         =         2.038832         116.816469
	 B(4,3,16)        =         2.043562         117.087500
	 B(4,5,6)         =         2.125842         121.801753
	 B(4,5,15)        =         2.106021         120.666097
	 B(5,6,7)         =         2.127229         121.881239
	 B(5,15,14)       =         2.098058         120.209864
	 B(5,15,22)       =         2.066029         118.374765
	 B(6,1,23)        =         2.086554         119.550716
	 B(6,5,15)        =         2.051323         117.532138
	 B(6,7,8)         =         2.093974         119.975845
	 B(6,7,17)        =         2.119525         121.439857
	 B(7,8,9)         =         2.177456         124.759035
	 B(7,8,14)        =         2.053204         117.639912
	 B(8,7,17)        =         2.069677         118.583744
	 B(8,9,10)        =         2.269800         130.049960
	 B(8,9,18)        =         2.025381         116.045802
	 B(8,14,15)       =         2.142570         122.760227
	 B(8,14,24)       =         2.059160         117.981180
	 B(9,8,14)        =         2.052526         117.601049
	 B(9,10,11)       =         1.980716         113.486670
	 B(9,10,13)       =         2.054651         117.722855
	 B(10,9,18)       =         1.988004         113.904237
	 B(10,11,12)      =         2.119313         121.427668
	 B(10,11,19)      =         2.098690         120.246099
	 B(11,10,13)      =         2.246095         128.691769
	 B(11,12,20)      =         1.990806         114.064784
	 B(11,12,21)      =         1.937509         111.011072
	 B(11,12,25)      =         2.029845         116.301553
	 B(12,11,19)      =         2.063303         118.218573
	 B(12,25,26)      =         1.738850          99.628781
	 B(14,15,22)      =         2.119097         121.415340
	 B(15,14,24)      =         2.081455         119.258588
	 B(20,12,21)      =         1.910679         109.473841
	 B(20,12,25)      =         1.750998         100.324805
	 B(21,12,25)      =         1.829137         104.801816
	 B(25,26,27)      =         1.944321         111.401413
	 B(25,26,28)      =         1.896608         108.667625
	 B(25,26,29)      =         1.889057         108.234966
	 B(27,26,28)      =         1.914138         109.672020
	 B(27,26,29)      =         1.910106         109.441030
	 B(28,26,29)      =         1.909176         109.387720
	 D(1,2,3,4)       =        -0.000618          -0.035412
	 D(1,2,3,16)      =         3.138809         179.840533
	 D(1,6,5,4)       =        -0.001819          -0.104196
	 D(1,6,5,15)      =         3.139100         179.857199
	 D(1,6,7,8)       =        -3.137454        -179.762857
	 D(1,6,7,17)      =        -0.000653          -0.037416
	 D(2,1,6,5)       =         0.001439           0.082436
	 D(2,1,6,7)       =        -3.138444        -179.819607
	 D(2,3,4,5)       =         0.000233           0.013322
	 D(3,2,1,6)       =        -0.000312          -0.017874
	 D(3,2,1,23)      =         3.139982         179.907712
	 D(3,4,5,6)       =         0.001065           0.061018
	 D(3,4,5,15)      =        -3.139833        -179.899183
	 D(4,5,6,7)       =         3.138097         179.799698
	 D(4,5,15,14)     =        -3.142126        -180.030546
	 D(4,5,15,22)     =         0.000567           0.032490
	 D(5,4,3,16)      =        -3.139175        -179.861491
	 D(5,6,1,23)      =        -3.138824        -179.841393
	 D(5,6,7,8)       =         0.005970           0.342084
	 D(5,6,7,17)      =        -3.140414        -179.932474
	 D(5,15,14,8)     =         0.002129           0.121957
	 D(5,15,14,24)    =        -3.139917        -179.903978
	 D(6,5,15,14)     =         0.000133           0.007598
	 D(6,5,15,22)     =        -3.140360        -179.929366
	 D(6,7,8,9)       =         3.137658         179.774558
	 D(6,7,8,14)      =        -0.003579          -0.205051
	 D(7,6,1,23)      =         0.004478           0.256564
	 D(7,6,5,15)      =        -0.004170          -0.238907
	 D(7,8,9,10)      =         0.004980           0.285324
	 D(7,8,9,18)      =         3.146597         180.286755
	 D(7,8,14,15)     =        -0.000403          -0.023096
	 D(7,8,14,24)     =         3.141637         180.002525
	 D(8,9,10,11)     =         3.163452         181.252439
	 D(8,9,10,13)     =        -0.035682          -2.044447
	 D(8,14,15,22)    =        -3.140598        -179.943032
	 D(9,8,7,17)      =         0.000721           0.041321
	 D(9,8,14,15)     =         3.141519         179.995807
	 D(9,8,14,24)     =         0.000374           0.021428
	 D(9,10,11,12)    =         3.086631         176.850932
	 D(9,10,11,19)    =         0.012058           0.690882
	 D(10,9,8,14)     =         3.146217         180.264941
	 D(10,11,12,20)   =         2.442376         139.937858
	 D(10,11,12,21)   =         0.274003          15.699193
	 D(10,11,12,25)   =        -1.814763        -103.978238
	 D(11,10,9,18)    =         0.021835           1.251033
	 D(11,12,25,26)   =         0.946939          54.255605
	 D(12,11,10,13)   =         0.010308           0.590607
	 D(12,25,26,27)   =         1.330233          76.216750
	 D(12,25,26,28)   =        -2.842248        -162.848828
	 D(12,25,26,29)   =        -0.770537         -44.148546
	 D(13,10,9,18)    =        -3.177300        -182.045853
	 D(13,10,11,19)   =        -3.064265        -175.569443
	 D(14,8,7,17)     =        -3.140516        -179.938288
	 D(14,8,9,18)     =         0.004649           0.266371
	 D(19,11,12,20)   =        -0.764920         -43.826676
	 D(19,11,12,21)   =        -2.933294        -168.065341
	 D(19,11,12,25)   =         1.261127          72.257228
	 D(20,12,25,26)   =        -3.180222        -182.213296
	 D(21,12,25,26)   =        -1.199398         -68.720470
	 D(22,15,14,24)   =         0.000542           0.031033


	        --- Internal Coordinate Step in ANG or DEG, aJ/ANG or AJ/DEG ---
	-------------------------------------------------------------------------------
	           Coordinate      Previous         Force          Change          New 
	           ----------      --------        ------          ------        ------
	              H(2,23)       2.05156       -0.00031        0.00499       2.05655
	             H(13,17)       2.14194       -0.00161       -0.00382       2.13812
	               R(1,2)       1.31342       -0.00946        0.00051       1.31393
	               R(1,6)       1.41578        0.00376        0.00053       1.41631
	              R(1,23)       1.08787        0.00524        0.00197       1.08984
	               R(2,3)       1.35257        0.01945        0.00645       1.35902
	               R(3,4)       1.31017       -0.01114        0.00048       1.31065
	              R(3,16)       1.08747       -0.00432        0.00041       1.08788
	               R(4,5)       1.35664        0.00937        0.00471       1.36135
	               R(5,6)       1.42335       -0.02415       -0.00535       1.41800
	              R(5,15)       1.41420        0.00242        0.00161       1.41581
	               R(6,7)       1.40484        0.00763        0.00513       1.40997
	               R(7,8)       1.39297       -0.01505       -0.00153       1.39144
	              R(7,17)       1.08195       -0.00079        0.00143       1.08338
	               R(8,9)       1.36305       -0.00245        0.00299       1.36604
	              R(8,14)       1.43338        0.00480        0.00412       1.43750
	              R(9,10)       1.45338       -0.01170        0.00007       1.45344
	              R(9,18)       1.00635        0.00405       -0.00107       1.00529
	             R(10,11)       1.39314       -0.02625        0.00064       1.39378
	             R(10,13)       1.24595        0.01814        0.00363       1.24958
	             R(11,12)       1.46418        0.00287        0.00661       1.47078
	             R(11,19)       1.08670        0.00038        0.00168       1.08838
	             R(12,20)       1.09255        0.00641        0.00224       1.09479
	             R(12,21)       1.09051        0.00164        0.00136       1.09188
	             R(12,25)       1.92685       -0.06074       -0.01827       1.90858
	             R(14,15)       1.36531       -0.01074        0.00019       1.36551
	             R(14,24)       1.08713       -0.00001        0.00113       1.08826
	             R(15,22)       1.08415        0.00080        0.00159       1.08573
	             R(25,26)       1.81562       -0.01868       -0.00026       1.81537
	             R(26,27)       1.09111        0.00035        0.00142       1.09252
	             R(26,28)       1.09091        0.00439        0.00243       1.09335
	             R(26,29)       1.09177        0.00728        0.00247       1.09424
	             B(1,2,3)     116.59722       -0.00013       -0.32796     116.26925
	             B(1,6,5)     114.53719        0.00009        0.18087     114.71806
	             B(1,6,7)     123.58149       -0.00013       -0.62552     122.95597
	             B(2,1,6)     123.38104        0.00001        0.13201     123.51305
	            B(2,1,23)     117.06820        0.00003        0.27028     117.33848
	             B(2,3,4)     126.86625        0.00011        0.13587     127.00212
	            B(2,3,16)     116.04614       -0.00008       -0.16067     115.88548
	             B(3,4,5)     116.81647       -0.00007       -0.20804     116.60843
	            B(4,3,16)     117.08750       -0.00003        0.02488     117.11238
	             B(4,5,6)     121.80175       -0.00001        0.08707     121.88882
	            B(4,5,15)     120.66610       -0.00002        0.08223     120.74832
	             B(5,6,7)     121.88124        0.00004        0.44457     122.32581
	           B(5,15,14)     120.20986       -0.00004       -0.05285     120.15701
	           B(5,15,22)     118.37476        0.00005        0.14117     118.51594
	            B(6,1,23)     119.55072       -0.00004       -0.40226     119.14846
	            B(6,5,15)     117.53214        0.00003       -0.16930     117.36284
	             B(6,7,8)     119.97584       -0.00005       -0.24328     119.73257
	            B(6,7,17)     121.43986        0.00003        0.27529     121.71515
	             B(7,8,9)     124.75904        0.00010        0.58849     125.34753
	            B(7,8,14)     117.63991        0.00002       -0.15273     117.48718
	            B(8,7,17)     118.58374        0.00002       -0.03246     118.55128
	            B(8,9,10)     130.04996       -0.00010       -0.41632     129.63364
	            B(8,9,18)     116.04580       -0.00001        0.04623     116.09203
	           B(8,14,15)     122.76023        0.00000        0.17322     122.93344
	           B(8,14,24)     117.98118        0.00002        0.08359     118.06477
	            B(9,8,14)     117.60105       -0.00012       -0.43590     117.16515
	           B(9,10,11)     113.48667       -0.00011        0.30277     113.78945
	           B(9,10,13)     117.72286        0.00010       -0.55816     117.16470
	           B(10,9,18)     113.90424        0.00011        0.36047     114.26471
	          B(10,11,12)     121.42767       -0.00020       -0.75783     120.66984
	          B(10,11,19)     120.24610        0.00005        0.09311     120.33921
	          B(11,10,13)     128.69177        0.00003        0.00998     128.70175
	          B(11,12,20)     114.06478        0.00009        0.10392     114.16870
	          B(11,12,21)     111.01107       -0.00001       -0.55349     110.45759
	          B(11,12,25)     116.30155       -0.00021        0.38045     116.68200
	          B(12,11,19)     118.21857        0.00015        0.70788     118.92645
	          B(12,25,26)      99.62878       -0.00050       -0.46236      99.16642
	          B(14,15,22)     121.41534       -0.00001       -0.08831     121.32703
	          B(15,14,24)     119.25859       -0.00002       -0.25698     119.00161
	          B(20,12,21)     109.47384       -0.00004       -0.91482     108.55902
	          B(20,12,25)     100.32481        0.00009        0.36481     100.68962
	          B(21,12,25)     104.80182        0.00009        0.65985     105.46167
	          B(25,26,27)     111.40141        0.00001        0.67341     112.07482
	          B(25,26,28)     108.66762       -0.00007       -0.15063     108.51700
	          B(25,26,29)     108.23497        0.00004        0.44720     108.68217
	          B(27,26,28)     109.67202        0.00004       -0.15070     109.52132
	          B(27,26,29)     109.44103       -0.00005       -0.51316     108.92787
	          B(28,26,29)     109.38772        0.00004       -0.31729     109.07043
	           D(1,2,3,4)      -0.03541       -0.00001       -0.09827      -0.13368
	          D(1,2,3,16)     179.84053        0.00001        0.08470     179.92523
	           D(1,6,5,4)      -0.10420       -0.00000       -0.04577      -0.14997
	          D(1,6,5,15)     179.85720       -0.00000       -0.04444     179.81276
	           D(1,6,7,8)    -179.76286       -0.00000        0.02927    -179.73359
	          D(1,6,7,17)      -0.03742       -0.00000       -0.06486      -0.10227
	           D(2,1,6,5)       0.08244        0.00000        0.04760       0.13003
	           D(2,1,6,7)    -179.81961        0.00000        0.09117    -179.72844
	           D(2,3,4,5)       0.01332        0.00001        0.09962       0.11294
	           D(3,2,1,6)      -0.01787        0.00000        0.01703      -0.00084
	          D(3,2,1,23)     179.90771        0.00000        0.05737     179.96508
	           D(3,4,5,6)       0.06102       -0.00000       -0.02107       0.03995
	          D(3,4,5,15)    -179.89918       -0.00000       -0.02235    -179.92154
	           D(4,5,6,7)     179.79970       -0.00000       -0.09020     179.70950
	         D(4,5,15,14)    -180.03055        0.00000        0.05575    -179.97480
	         D(4,5,15,22)       0.03249       -0.00000       -0.06039      -0.02790
	          D(5,4,3,16)    -179.86149       -0.00000       -0.08511    -179.94660
	          D(5,6,1,23)    -179.84139        0.00000        0.00608    -179.83531
	           D(5,6,7,8)       0.34208       -0.00000        0.07646       0.41855
	          D(5,6,7,17)    -179.93247        0.00000       -0.01766    -179.95013
	         D(5,15,14,8)       0.12196       -0.00000       -0.01007       0.11189
	        D(5,15,14,24)    -179.90398       -0.00001       -0.14035    -180.04433
	         D(6,5,15,14)       0.00760        0.00000        0.05443       0.06203
	         D(6,5,15,22)    -179.92937       -0.00000       -0.06171    -179.99107
	           D(6,7,8,9)     179.77456        0.00001        0.13224     179.90680
	          D(6,7,8,14)      -0.20505        0.00000       -0.02634      -0.23139
	          D(7,6,1,23)       0.25656        0.00000        0.04965       0.30622
	          D(7,6,5,15)      -0.23891       -0.00000       -0.08887      -0.32778
	          D(7,8,9,10)       0.28532        0.00003        1.14621       1.43154
	          D(7,8,9,18)     180.28675        0.00000       -0.06069     180.22607
	         D(7,8,14,15)      -0.02310       -0.00000       -0.00402      -0.02712
	         D(7,8,14,24)     180.00253        0.00000        0.12519     180.12772
	         D(8,9,10,11)     181.25244       -0.00016       -5.25562     175.99682
	         D(8,9,10,13)      -2.04445        0.00013        4.18495       2.14050
	        D(8,14,15,22)    -179.94303        0.00000        0.10954    -179.83349
	          D(9,8,7,17)       0.04132        0.00001        0.22253       0.26385
	         D(9,8,14,15)     179.99581       -0.00001       -0.14962     179.84619
	         D(9,8,14,24)       0.02143       -0.00000       -0.02041       0.00102
	        D(9,10,11,12)     176.85093        0.00021        7.51540     184.36633
	        D(9,10,11,19)       0.69088        0.00020        6.62738       7.31826
	         D(10,9,8,14)     180.26494        0.00003        1.30439     181.56933
	       D(10,11,12,20)     139.93786        0.00003        0.33420     140.27206
	       D(10,11,12,21)      15.69919        0.00002        1.90618      17.60537
	       D(10,11,12,25)    -103.97824        0.00006        1.19094    -102.78730
	        D(11,10,9,18)       1.25103       -0.00013       -4.06669      -2.81566
	       D(11,12,25,26)      54.25561       -0.00007       -4.56000      49.69560
	       D(12,11,10,13)       0.59061       -0.00012       -3.23235      -2.64175
	       D(12,25,26,27)      76.21675       -0.00002       -4.29038      71.92637
	       D(12,25,26,28)    -162.84883       -0.00002       -4.15339    -167.00222
	       D(12,25,26,29)     -44.14855        0.00001       -4.36509     -48.51364
	        D(13,10,9,18)    -182.04585        0.00016        5.37388    -176.67197
	       D(13,10,11,19)    -175.56944       -0.00013       -4.12037    -179.68981
	         D(14,8,7,17)    -179.93829        0.00000        0.06394    -179.87435
	         D(14,8,9,18)       0.26637        0.00000        0.09749       0.36386
	       D(19,11,12,20)     -43.82668        0.00004        1.18796     -42.63872
	       D(19,11,12,21)    -168.06534        0.00003        2.75994    -165.30541
	       D(19,11,12,25)      72.25723        0.00007        2.04469      74.30192
	       D(20,12,25,26)    -182.21330       -0.00001       -3.95395    -186.16724
	       D(21,12,25,26)     -68.72047        0.00001       -4.59940     -73.31987
	       D(22,15,14,24)       0.03103       -0.00000       -0.02074       0.01029
	-------------------------------------------------------------------------------

	                                 ==> Convergence Check <==                                  
    
	Measures of convergence in internal coordinates in au.
    
	Criteria marked as inactive (o), active & met (*), and active & unmet ( ).

	----------------------------------------------------------------------------------------------
	   Step    Total Energy     Delta E     Max Force     RMS Force      Max Disp      RMS Disp   
	----------------------------------------------------------------------------------------------
	  Convergence Criteria     1.00e-06 *    3.00e-04 *             o    1.20e-03 *             o
	----------------------------------------------------------------------------------------------
	     2   -1102.17712406   -2.27e-03      7.37e-03      1.30e-03 o    1.31e-01      2.82e-02 o  ~
	----------------------------------------------------------------------------------------------

Next Geometry in Ang 
	Fragment 1 (Ang)

	    C  -3.2066222917  -1.0275373852   1.7534564539
	    N  -4.5055425875  -1.1117866670   1.9326543038
	    C  -5.2826702428  -0.7641283199   0.8733450782
	    N  -4.8752720818  -0.3530250484  -0.3025939154
	    C  -3.5290530048  -0.2662176031  -0.4854422187
	    C  -2.6104187009  -0.6031673530   0.5408622971
	    C  -1.2144796989  -0.5224128668   0.3595974769
	    C  -0.7007032438  -0.0909871361  -0.8594237605
	    N   0.6264829443   0.0319391355  -1.1586356247
	    C   1.7921629544  -0.2649865628  -0.3428386337
	    C   3.0035968568  -0.0992676570  -1.0118591665
	    C   4.2746486537  -0.4496660247  -0.3600557209
	    O   1.5864782340  -0.7382025057   0.7952305262
	    C  -1.6406639467   0.2515810159  -1.8916684460
	    C  -2.9930124413   0.1695159144  -1.7212892509
	    H  -6.3569838571  -0.8373994001   1.0281215263
	    H  -0.5214487620  -0.7831125524   1.1504562939
	    H   0.8425509434   0.3606590809  -2.0837622477
	    H   3.0259112156   0.3370715009  -2.0086979727
	    H   4.9988122653  -0.9355062169  -1.0219593402
	    H   4.0966569379  -1.1009407858   0.4980554080
	    H  -3.6796111609   0.4324839560  -2.5201917135
	    H  -2.5668577686  -1.3017065201   2.5920747231
	    H  -1.2490150592   0.5881423043  -2.8496124027
	    S   5.3224914077   0.9984798538   0.3089542316
	    C   4.0377856989   1.8778576700   1.2426463765
	    H   3.7515988166   1.3427566459   2.1511471015
	    H   4.4171246685   2.8687810533   1.5064340168
	    H   3.1560532511   1.9907824742   0.6045600634


    Structure for next step:
    Molecular point group: c1
    Full point group: C1

    Geometry (in Angstrom), charge = -1, multiplicity = 1:

    C           -3.206622291733    -1.027537385250     1.753456453913
    N           -4.505542587531    -1.111786667036     1.932654303825
    C           -5.282670242787    -0.764128319867     0.873345078248
    N           -4.875272081784    -0.353025048438    -0.302593915432
    C           -3.529053004769    -0.266217603106    -0.485442218662
    C           -2.610418700948    -0.603167353043     0.540862297077
    C           -1.214479698852    -0.522412866788     0.359597476850
    C           -0.700703243752    -0.090987136123    -0.859423760527
    N            0.626482944310     0.031939135519    -1.158635624700
    C            1.792162954352    -0.264986562816    -0.342838633738
    C            3.003596856798    -0.099267656984    -1.011859166458
    C            4.274648653692    -0.449666024677    -0.360055720862
    O            1.586478233964    -0.738202505702     0.795230526199
    C           -1.640663946722     0.251581015914    -1.891668445973
    C           -2.993012441330     0.169515914381    -1.721289250866
    H           -6.356983857148    -0.837399400140     1.028121526301
    H           -0.521448762021    -0.783112552428     1.150456293917
    H            0.842550943419     0.360659080854    -2.083762247735
    H            3.025911215612     0.337071500917    -2.008697972722
    H            4.998812265286    -0.935506216857    -1.021959340248
    H            4.096656937906    -1.100940785806     0.498055407953
    H           -3.679611160947     0.432483956025    -2.520191713533
    H           -2.566857768614    -1.301706520064     2.592074723132
    H           -1.249015059205     0.588142304280    -2.849612402744
    S            5.322491407660     0.998479853815     0.308954231567
    C            4.037785698949     1.877857669995     1.242646376503
    H            3.751598816618     1.342756645904     2.151147101488
    H            4.417124668503     2.868781053327     1.506434016805
    H            3.156053251064     1.990782474207     0.604560063419


Scratch directory: /tmp/
gradient() will perform analytic gradient computation.
   => Libint2 <=

    Primary   basis highest AM E, G, H:  7, 6, 3
    Auxiliary basis highest AM E, G, H:  7, 7, 4
    Onebody   basis highest AM E, G, H:  -, -, -
    Solid Harmonics ordering:            Gaussian

*** tstart() called on eristm01.eisai.local
*** at Wed May 20 10:23:54 2026

   => Loading Basis Set <=

    Name: 6-311+G(D,P)
    Role: ORBITAL
    Keyword: BASIS
    atoms 1, 3, 5-8, 10-12, 14-15, 26 entry C          line   129 file /home2/shbae/bucket/covalent/.pixi/envs/default/share/psi4/basis/6-311pg_d_p_.gbs 
    atoms 2, 4, 9                     entry N          line   150 file /home2/shbae/bucket/covalent/.pixi/envs/default/share/psi4/basis/6-311pg_d_p_.gbs 
    atoms 13                          entry O          line   171 file /home2/shbae/bucket/covalent/.pixi/envs/default/share/psi4/basis/6-311pg_d_p_.gbs 
    atoms 16-24, 27-29                entry H          line    42 file /home2/shbae/bucket/covalent/.pixi/envs/default/share/psi4/basis/6-311pg_d_p_.gbs 
    atoms 25                          entry S          line   429 file /home2/shbae/bucket/covalent/.pixi/envs/default/share/psi4/basis/6-311pg_d_p_.gbs 

   => WB97X-D: Empirical Dispersion <=

    Chai and Head-Gordon Dispersion Correction
    Chai, J.-D.; Head-Gordon, M. (2010), J. Chem. Phys., 132: 6615-6620

        s6 =       1.000000


         ---------------------------------------------------------
                                   SCF
               by Justin Turney, Rob Parrish, Andy Simmonett
                          and Daniel G. A. Smith
                              RKS Reference
                        8 Threads,   7629 MiB Core
         ---------------------------------------------------------

  ==> Geometry <==

    Molecular point group: c1
    Full point group: C1

    Geometry (in Angstrom), charge = -1, multiplicity = 1:

       Center              X                  Y                   Z               Mass       
    ------------   -----------------  -----------------  -----------------  -----------------
         C           -3.206622291733    -1.027537385250     1.753456453913    12.000000000000
         N           -4.505542587531    -1.111786667036     1.932654303825    14.003074004430
         C           -5.282670242787    -0.764128319867     0.873345078248    12.000000000000
         N           -4.875272081784    -0.353025048438    -0.302593915432    14.003074004430
         C           -3.529053004769    -0.266217603106    -0.485442218662    12.000000000000
         C           -2.610418700948    -0.603167353043     0.540862297077    12.000000000000
         C           -1.214479698852    -0.522412866788     0.359597476850    12.000000000000
         C           -0.700703243752    -0.090987136123    -0.859423760527    12.000000000000
         N            0.626482944310     0.031939135519    -1.158635624700    14.003074004430
         C            1.792162954352    -0.264986562816    -0.342838633738    12.000000000000
         C            3.003596856798    -0.099267656984    -1.011859166458    12.000000000000
         C            4.274648653692    -0.449666024677    -0.360055720862    12.000000000000
         O            1.586478233964    -0.738202505702     0.795230526199    15.994914619570
         C           -1.640663946722     0.251581015914    -1.891668445973    12.000000000000
         C           -2.993012441330     0.169515914381    -1.721289250866    12.000000000000
         H           -6.356983857148    -0.837399400140     1.028121526301     1.007825032230
         H           -0.521448762021    -0.783112552428     1.150456293917     1.007825032230
         H            0.842550943419     0.360659080854    -2.083762247735     1.007825032230
         H            3.025911215612     0.337071500917    -2.008697972722     1.007825032230
         H            4.998812265286    -0.935506216857    -1.021959340248     1.007825032230
         H            4.096656937906    -1.100940785806     0.498055407953     1.007825032230
         H           -3.679611160947     0.432483956025    -2.520191713533     1.007825032230
         H           -2.566857768614    -1.301706520064     2.592074723132     1.007825032230
         H           -1.249015059205     0.588142304280    -2.849612402744     1.007825032230
         S            5.322491407660     0.998479853815     0.308954231567    31.972071174400
         C            4.037785698949     1.877857669995     1.242646376503    12.000000000000
         H            3.751598816618     1.342756645904     2.151147101488     1.007825032230
         H            4.417124668503     2.868781053327     1.506434016805     1.007825032230
         H            3.156053251064     1.990782474207     0.604560063419     1.007825032230

  Running in c1 symmetry.

  Rotational constants: A =      0.04315  B =      0.00512  C =      0.00480 [cm^-1]
  Rotational constants: A =   1293.45794  B =    153.45315  C =    143.89051 [MHz]
  Nuclear repulsion = 1182.472414751565111

  Charge       = -1
  Multiplicity = 1
  Electrons    = 130
  Nalpha       = 65
  Nbeta        = 65

  ==> Algorithm <==

  SCF Algorithm Type is DF.
  DIIS enabled.
  MOM disabled.
  Fractional occupation disabled.
  Guess Type is READ.
  Energy threshold   = 1.00e-08
  Density threshold  = 1.00e-08
  Integral threshold = 1.00e-12

  ==> Primary Basis <==

  Basis Set: 6-311+G(D,P)
    Blend: 6-311+G(D,P)
    Number of shells: 222
    Number of basis functions: 454
    Number of Cartesian functions: 471
    Spherical Harmonics?: true
    Max angular momentum: 2

  ==> DFT Potential <==

   => LibXC <=

    Version 7.0.0
    S. Lehtola, C. Steigemann, M. J.T. Oliveira, and M. A.L. Marques.,  SoftwareX 7, 1–5 (2018) (10.1016/j.softx.2017.11.002)

   => Composite Functional: WB97X-D <= 

    wB97X-D Hyb-GGA Exchange-Correlation Functional

    J.-D. Chai and M. Head-Gordon.,  Phys. Chem. Chem. Phys. 10, 6615-6620 (2008) (10.1039/B810189B)

    Deriv               =              1
    GGA                 =           TRUE
    Meta                =          FALSE

    Exchange Hybrid     =           TRUE
    MP2 Hybrid          =          FALSE

   => Exchange-Correlation Functionals <=

    1.0000   wB97X-D range-separated functional

   => Exact (HF) Exchange <=

    0.7780            HF,LR [omega = 0.2000]
    0.2220               HF 

   => LibXC Density Thresholds  <==

    XC_HYB_GGA_XC_WB97X_D:  1.00E-14 

   => Molecular Quadrature <=

    Radial Scheme          =       TREUTLER
    Pruning Scheme         =           NONE
    Nuclear Scheme         =       TREUTLER

    Blocking Scheme        =         OCTREE
    BS radius alpha        =              1
    Pruning alpha          =              1
    Radial Points          =             75
    Spherical Points       =            302
    Total Points           =         606273
    Total Blocks           =           4364
    Max Points             =            256
    Max Functions          =            330
    Weights Tolerance      =       1.00E-15

   => Loading Basis Set <=

    Name: (6-311+G(D,P) AUX)
    Role: JKFIT
    Keyword: DF_BASIS_SCF
    atoms 1, 3, 5-8, 10-12, 14-15, 26 entry C          line   200 file /home2/shbae/bucket/covalent/.pixi/envs/default/share/psi4/basis/heavy-aug-cc-pvtz-jkfit.gbs 
    atoms 2, 4, 9                     entry N          line   262 file /home2/shbae/bucket/covalent/.pixi/envs/default/share/psi4/basis/heavy-aug-cc-pvtz-jkfit.gbs 
    atoms 13                          entry O          line   324 file /home2/shbae/bucket/covalent/.pixi/envs/default/share/psi4/basis/heavy-aug-cc-pvtz-jkfit.gbs 
    atoms 16-24, 27-29                entry H          line   116 file /home2/shbae/bucket/covalent/.pixi/envs/default/share/psi4/basis/heavy-aug-cc-pvtz-jkfit.gbs 
    atoms 25                          entry S          line   768 file /home2/shbae/bucket/covalent/.pixi/envs/default/share/psi4/basis/heavy-aug-cc-pvtz-jkfit.gbs 

   => Loading Basis Set <=

    Name: 6-311+G(D,P)
    Role: ORBITAL
    Keyword: BASIS
    atoms 1, 3, 5-8, 10-12, 14-15, 26 entry C          line   129 file /home2/shbae/bucket/covalent/.pixi/envs/default/share/psi4/basis/6-311pg_d_p_.gbs 
    atoms 2, 4, 9                     entry N          line   150 file /home2/shbae/bucket/covalent/.pixi/envs/default/share/psi4/basis/6-311pg_d_p_.gbs 
    atoms 13                          entry O          line   171 file /home2/shbae/bucket/covalent/.pixi/envs/default/share/psi4/basis/6-311pg_d_p_.gbs 
    atoms 16-24, 27-29                entry H          line    42 file /home2/shbae/bucket/covalent/.pixi/envs/default/share/psi4/basis/6-311pg_d_p_.gbs 
    atoms 25                          entry S          line   429 file /home2/shbae/bucket/covalent/.pixi/envs/default/share/psi4/basis/6-311pg_d_p_.gbs 

  Reading orbitals from file /tmp/4_intermediate.default.2248151.180.npy, no projection.

  ==> Integral Setup <==

  ==> DiskDFJK: Density-Fitted J/K Matrices <==

    J tasked:                  Yes
    K tasked:                  Yes
    wK tasked:                 Yes
    Omega:               2.000E-01
    OpenMP threads:              8
    Integrals threads:           8
    Memory [MiB]:             1488
    Algorithm:                Disk
    Integral Cache:           NONE
    Schwarz Cutoff:          1E-12
    Fitting Condition:       1E-10

   => Auxiliary Basis Set <=

  Basis Set: (6-311+G(D,P) AUX)
    Blend: HEAVY-AUG-CC-PVTZ-JKFIT
    Number of shells: 642
    Number of basis functions: 2170
    Number of Cartesian functions: 2696
    Spherical Harmonics?: true
    Max angular momentum: 4

  Cached 100.0% of DFT collocation blocks in 4.134 [GiB].

  Minimum eigenvalue in the overlap matrix is 1.6007507708E-07.
  Reciprocal condition number of the overlap matrix is 1.1047584828E-08.
    Using symmetric orthogonalization.

  ==> Pre-Iterations <==

  SCF Guess: Orbitals guess was supplied from a previous computation.

   -------------------------------------------------------
    Irrep   Nso     Nmo     Nalpha   Nbeta   Ndocc  Nsocc
   -------------------------------------------------------
     A        454     454      65      65      65       0
   -------------------------------------------------------
    Total     454     454      65      65      65       0
   -------------------------------------------------------

  ==> Iterations <==

                           Total Energy        Delta E     RMS |[F,P]|

   @DF-RKS iter   0: -1102.17906209468515   -1.10218e+03   1.25251e-03 
   @DF-RKS iter   1: -1102.17219716613636    6.86493e-03   1.38340e-04 DIIS/ADIIS
   @DF-RKS iter   2: -1102.17571222173956   -3.51506e-03   1.07655e-04 DIIS/ADIIS
   @DF-RKS iter   3: -1102.17679638980189   -1.08417e-03   4.14776e-05 DIIS
   @DF-RKS iter   4: -1102.17700434623703   -2.07956e-04   1.66505e-05 DIIS
   @DF-RKS iter   5: -1102.17703441127901   -3.00650e-05   4.64634e-06 DIIS
   @DF-RKS iter   6: -1102.17703738870046   -2.97742e-06   2.02035e-06 DIIS
   @DF-RKS iter   7: -1102.17703811522301   -7.26523e-07   7.44669e-07 DIIS
   @DF-RKS iter   8: -1102.17703826098477   -1.45762e-07   3.20835e-07 DIIS
   @DF-RKS iter   9: -1102.17703828525509   -2.42703e-08   1.04946e-07 DIIS
   @DF-RKS iter  10: -1102.17703828931394   -4.05885e-09   5.48722e-08 DIIS
   @DF-RKS iter  11: -1102.17703828992057   -6.06633e-10   1.99645e-08 DIIS
   @DF-RKS iter  12: -1102.17703829002176   -1.01181e-10   8.25173e-09 DIIS
  Energy and wave function converged.


  ==> Post-Iterations <==

   Electrons on quadrature grid:
      Ntotal   =  130.0000526114 ; deviation = 5.261e-05 

    Orbital Energies [Eh]
    ---------------------

    Doubly Occupied:                                                      

       1A    -88.864583     2A    -19.040358     3A    -14.342329  
       4A    -14.342176     5A    -14.332966     6A    -10.251785  
       7A    -10.241133     8A    -10.237757     9A    -10.231058  
      10A    -10.225026    11A    -10.206750    12A    -10.206252  
      13A    -10.201246    14A    -10.174090    15A    -10.173178  
      16A    -10.173111    17A    -10.103076    18A     -7.904855  
      19A     -5.854016    20A     -5.850381    21A     -5.844121  
      22A     -0.993693    23A     -0.972605    24A     -0.909832  
      25A     -0.897942    26A     -0.847151    27A     -0.776111  
      28A     -0.761025    29A     -0.744786    30A     -0.700962  
      31A     -0.668456    32A     -0.651378    33A     -0.624744  
      34A     -0.607091    35A     -0.561906    36A     -0.538814  
      37A     -0.527181    38A     -0.519474    39A     -0.490369  
      40A     -0.454775    41A     -0.444072    42A     -0.430424  
      43A     -0.424786    44A     -0.422001    45A     -0.407206  
      46A     -0.395748    47A     -0.391656    48A     -0.381584  
      49A     -0.377801    50A     -0.357008    51A     -0.351000  
      52A     -0.341599    53A     -0.334564    54A     -0.313159  
      55A     -0.309085    56A     -0.302846    57A     -0.293461  
      58A     -0.269392    59A     -0.257594    60A     -0.241183  
      61A     -0.235855    62A     -0.186295    63A     -0.174892  
      64A     -0.165838    65A     -0.105045  

    Virtual:                                                              

      66A      0.096522    67A      0.136181    68A      0.140989  
      69A      0.148054    70A      0.159114    71A      0.165986  
      72A      0.166813    73A      0.168613    74A      0.171697  
      75A      0.181496    76A      0.185531    77A      0.191162  
      78A      0.193839    79A      0.196371    80A      0.205069  
      81A      0.212488    82A      0.218452    83A      0.220123  
      84A      0.221386    85A      0.227729    86A      0.232410  
      87A      0.235280    88A      0.240532    89A      0.244078  
      90A      0.244868    91A      0.255009    92A      0.257524  
      93A      0.264787    94A      0.266093    95A      0.269613  
      96A      0.273645    97A      0.276193    98A      0.282459  
      99A      0.286271   100A      0.292351   101A      0.295920  
     102A      0.298058   103A      0.304155   104A      0.306038  
     105A      0.313768   106A      0.316818   107A      0.322692  
     108A      0.327849   109A      0.329332   110A      0.331408  
     111A      0.337433   112A      0.339984   113A      0.346738  
     114A      0.347812   115A      0.351897   116A      0.358070  
     117A      0.361732   118A      0.366549   119A      0.368117  
     120A      0.371311   121A      0.373972   122A      0.379537  
     123A      0.380427   124A      0.387175   125A      0.387987  
     126A      0.391244   127A      0.396031   128A      0.400671  
     129A      0.405661   130A      0.406995   131A      0.410455  
     132A      0.415088   133A      0.423643   134A      0.428678  
     135A      0.431287   136A      0.434469   137A      0.436776  
     138A      0.441846   139A      0.445198   140A      0.449115  
     141A      0.453911   142A      0.457586   143A      0.463583  
     144A      0.467218   145A      0.481151   146A      0.486285  
     147A      0.488587   148A      0.493538   149A      0.498934  
     150A      0.505861   151A      0.509561   152A      0.513696  
     153A      0.521216   154A      0.526030   155A      0.534131  
     156A      0.538239   157A      0.539225   158A      0.542835  
     159A      0.553670   160A      0.561334   161A      0.567220  
     162A      0.570788   163A      0.602402   164A      0.606485  
     165A      0.613229   166A      0.625541   167A      0.634548  
     168A      0.646124   169A      0.658805   170A      0.678663  
     171A      0.687469   172A      0.708816   173A      0.711335  
     174A      0.717998   175A      0.720144   176A      0.728395  
     177A      0.732189   178A      0.733882   179A      0.740010  
     180A      0.752117   181A      0.764362   182A      0.767430  
     183A      0.769664   184A      0.772979   185A      0.795787  
     186A      0.798275   187A      0.804150   188A      0.821258  
     189A      0.824369   190A      0.829451   191A      0.839149  
     192A      0.847619   193A      0.857383   194A      0.872210  
     195A      0.876676   196A      0.881178   197A      0.885588  
     198A      0.894361   199A      0.899242   200A      0.905847  
     201A      0.907829   202A      0.911570   203A      0.928097  
     204A      0.931448   205A      0.935930   206A      0.944608  
     207A      0.957391   208A      0.970866   209A      0.976650  
     210A      0.979631   211A      0.984746   212A      0.993800  
     213A      1.003134   214A      1.014246   215A      1.031494  
     216A      1.043445   217A      1.047660   218A      1.063476  
     219A      1.072072   220A      1.078868   221A      1.082366  
     222A      1.085583   223A      1.093998   224A      1.099563  
     225A      1.106077   226A      1.118467   227A      1.120160  
     228A      1.123614   229A      1.133837   230A      1.140706  
     231A      1.151540   232A      1.166219   233A      1.169578  
     234A      1.173287   235A      1.184857   236A      1.188356  
     237A      1.192660   238A      1.210317   239A      1.227404  
     240A      1.233384   241A      1.241895   242A      1.245936  
     243A      1.270274   244A      1.280399   245A      1.285567  
     246A      1.296793   247A      1.305083   248A      1.313898  
     249A      1.325360   250A      1.331966   251A      1.335876  
     252A      1.348591   253A      1.352213   254A      1.381261  
     255A      1.390299   256A      1.413873   257A      1.416175  
     258A      1.428417   259A      1.473739   260A      1.481861  
     261A      1.502559   262A      1.521126   263A      1.552388  
     264A      1.557193   265A      1.559470   266A      1.584733  
     267A      1.613770   268A      1.668566   269A      1.680280  
     270A      1.685871   271A      1.710043   272A      1.714401  
     273A      1.715358   274A      1.723848   275A      1.736650  
     276A      1.749394   277A      1.756709   278A      1.761569  
     279A      1.768229   280A      1.774538   281A      1.793275  
     282A      1.808617   283A      1.820676   284A      1.827802  
     285A      1.837083   286A      1.839506   287A      1.860592  
     288A      1.872140   289A      1.879865   290A      1.894755  
     291A      1.908416   292A      1.914456   293A      1.919770  
     294A      1.922157   295A      1.943296   296A      1.943430  
     297A      1.960146   298A      1.979177   299A      1.985313  
     300A      1.987000   301A      2.012381   302A      2.027683  
     303A      2.030747   304A      2.058080   305A      2.064527  
     306A      2.073205   307A      2.075265   308A      2.086556  
     309A      2.105137   310A      2.131704   311A      2.144354  
     312A      2.162606   313A      2.163101   314A      2.176629  
     315A      2.183983   316A      2.204527   317A      2.209727  
     318A      2.219949   319A      2.240714   320A      2.245747  
     321A      2.256698   322A      2.281511   323A      2.297511  
     324A      2.307991   325A      2.317027   326A      2.336616  
     327A      2.355001   328A      2.378877   329A      2.395383  
     330A      2.431078   331A      2.439212   332A      2.453072  
     333A      2.460217   334A      2.472515   335A      2.494511  
     336A      2.499301   337A      2.528103   338A      2.529178  
     339A      2.548306   340A      2.578454   341A      2.601841  
     342A      2.614112   343A      2.641320   344A      2.658174  
     345A      2.668983   346A      2.692868   347A      2.697061  
     348A      2.719376   349A      2.757014   350A      2.762175  
     351A      2.773451   352A      2.788661   353A      2.794421  
     354A      2.804479   355A      2.830570   356A      2.847569  
     357A      2.862781   358A      2.878689   359A      2.884104  
     360A      2.899964   361A      2.915186   362A      2.922202  
     363A      2.938309   364A      2.951488   365A      2.959395  
     366A      2.975714   367A      2.988917   368A      2.996962  
     369A      3.014943   370A      3.032336   371A      3.042165  
     372A      3.055241   373A      3.063979   374A      3.072989  
     375A      3.082351   376A      3.106127   377A      3.121160  
     378A      3.130674   379A      3.138688   380A      3.153959  
     381A      3.167109   382A      3.173627   383A      3.182768  
     384A      3.215112   385A      3.221733   386A      3.230197  
     387A      3.234955   388A      3.286232   389A      3.324215  
     390A      3.377759   391A      3.412027   392A      3.433346  
     393A      3.445797   394A      3.512567   395A      3.523861  
     396A      3.545834   397A      3.586006   398A      3.604417  
     399A      3.612440   400A      3.636637   401A      3.692923  
     402A      3.722987   403A      3.750627   404A      3.797817  
     405A      3.811640   406A      3.844204   407A      3.859195  
     408A      3.910960   409A      3.950537   410A      3.967085  
     411A      3.975924   412A      4.023351   413A      4.100193  
     414A      4.111162   415A      4.132729   416A      4.138597  
     417A      4.155050   418A      4.182300   419A      4.266486  
     420A      4.286404   421A      4.393930   422A      4.475915  
     423A      4.569961   424A      4.620945   425A      4.702334  
     426A      5.039871   427A      5.090061   428A      5.174335  
     429A      5.350306   430A      5.373401   431A      5.504722  
     432A      5.605915   433A      6.089931   434A      8.152301  
     435A     17.619499   436A     17.727315   437A     17.741746  
     438A     23.874824   439A     24.058701   440A     24.122005  
     441A     24.162814   442A     24.169120   443A     24.175795  
     444A     24.202353   445A     24.219428   446A     24.256924  
     447A     24.352732   448A     24.359821   449A     24.420752  
     450A     35.871540   451A     35.905473   452A     35.924441  
     453A     50.347635   454A    189.399267  

    Final Occupation by Irrep:
              A 
    DOCC [    65 ]
    NA   [    65 ]
    NB   [    65 ]

  @DF-RKS Final Energy: -1102.17703829002176

   => Energetics <=

    Nuclear Repulsion Energy =           1182.4724147515651111
    One-Electron Energy =               -3869.9859078048230003
    Two-Electron Energy =                1672.5252110524791078
    DFT Exchange-Correlation Energy =     -87.1719082054682275
    Empirical Dispersion Energy =          -0.0168480837749687
    VV10 Nonlocal Energy =                  0.0000000000000000
    Total Energy =                      -1102.1770382900217555

Computation Completed


Properties will be evaluated at   0.000000,   0.000000,   0.000000 [a0]

Properties computed using the SCF density matrix


 Multipole Moments:

 ------------------------------------------------------------------------------------
     Multipole            Electronic (a.u.)      Nuclear  (a.u.)        Total (a.u.)
 ------------------------------------------------------------------------------------

 L = 1.  Multiply by 2.5417464519 to convert [e a0] to [Debye]
 Dipole X            :          1.6087169           -3.6479625           -2.0392456
 Dipole Y            :         15.1876837          -14.6161562            0.5715275
 Dipole Z            :         -5.2620800            4.2248487           -1.0372314
 Magnitude           :                                                    2.3581805

 ------------------------------------------------------------------------------------

*** tstop() called on eristm01.eisai.local at Wed May 20 10:24:45 2026
Module time:
	user time   =     357.72 seconds =       5.96 minutes
	system time =      16.96 seconds =       0.28 minutes
	total time  =         51 seconds =       0.85 minutes
Total time:
	user time   =   47182.29 seconds =     786.37 minutes
	system time =    1648.31 seconds =      27.47 minutes
	total time  =       6751 seconds =     112.52 minutes

*** tstart() called on eristm01.eisai.local
*** at Wed May 20 10:24:45 2026


         ------------------------------------------------------------
                                   SCF GRAD                          
                          Rob Parrish, Justin Turney,                
                       Andy Simmonett, and Alex Sokolov              
         ------------------------------------------------------------

  ==> Geometry <==

    Molecular point group: c1
    Full point group: C1

    Geometry (in Angstrom), charge = -1, multiplicity = 1:

       Center              X                  Y                   Z               Mass       
    ------------   -----------------  -----------------  -----------------  -----------------
         C           -3.206622291733    -1.027537385250     1.753456453913    12.000000000000
         N           -4.505542587531    -1.111786667036     1.932654303825    14.003074004430
         C           -5.282670242787    -0.764128319867     0.873345078248    12.000000000000
         N           -4.875272081784    -0.353025048438    -0.302593915432    14.003074004430
         C           -3.529053004769    -0.266217603106    -0.485442218662    12.000000000000
         C           -2.610418700948    -0.603167353043     0.540862297077    12.000000000000
         C           -1.214479698852    -0.522412866788     0.359597476850    12.000000000000
         C           -0.700703243752    -0.090987136123    -0.859423760527    12.000000000000
         N            0.626482944310     0.031939135519    -1.158635624700    14.003074004430
         C            1.792162954352    -0.264986562816    -0.342838633738    12.000000000000
         C            3.003596856798    -0.099267656984    -1.011859166458    12.000000000000
         C            4.274648653692    -0.449666024677    -0.360055720862    12.000000000000
         O            1.586478233964    -0.738202505702     0.795230526199    15.994914619570
         C           -1.640663946722     0.251581015914    -1.891668445973    12.000000000000
         C           -2.993012441330     0.169515914381    -1.721289250866    12.000000000000
         H           -6.356983857148    -0.837399400140     1.028121526301     1.007825032230
         H           -0.521448762021    -0.783112552428     1.150456293917     1.007825032230
         H            0.842550943419     0.360659080854    -2.083762247735     1.007825032230
         H            3.025911215612     0.337071500917    -2.008697972722     1.007825032230
         H            4.998812265286    -0.935506216857    -1.021959340248     1.007825032230
         H            4.096656937906    -1.100940785806     0.498055407953     1.007825032230
         H           -3.679611160947     0.432483956025    -2.520191713533     1.007825032230
         H           -2.566857768614    -1.301706520064     2.592074723132     1.007825032230
         H           -1.249015059205     0.588142304280    -2.849612402744     1.007825032230
         S            5.322491407660     0.998479853815     0.308954231567    31.972071174400
         C            4.037785698949     1.877857669995     1.242646376503    12.000000000000
         H            3.751598816618     1.342756645904     2.151147101488     1.007825032230
         H            4.417124668503     2.868781053327     1.506434016805     1.007825032230
         H            3.156053251064     1.990782474207     0.604560063419     1.007825032230

  Nuclear repulsion = 1182.472414751565111

  ==> Basis Set <==

  Basis Set: 6-311+G(D,P)
    Blend: 6-311+G(D,P)
    Number of shells: 222
    Number of basis functions: 454
    Number of Cartesian functions: 471
    Spherical Harmonics?: true
    Max angular momentum: 2

  ==> DFJKGrad: Density-Fitted SCF Gradients <==

    Gradient:                    1
    J tasked:                  Yes
    K tasked:                  Yes
    wK tasked:                 Yes
    Omega:               2.000E-01
    OpenMP threads:              8
    Integrals threads:           8
    Memory [MiB]:             5722
    Schwarz Cutoff:          1E-12
    Fitting Condition:       1E-10

   => Auxiliary Basis Set <=

  Basis Set: (6-311+G(D,P) AUX)
    Blend: HEAVY-AUG-CC-PVTZ-JKFIT
    Number of shells: 642
    Number of basis functions: 2170
    Number of Cartesian functions: 2696
    Spherical Harmonics?: true
    Max angular momentum: 4

  ==> DFT Potential <==

   => LibXC <=

    Version 7.0.0
    S. Lehtola, C. Steigemann, M. J.T. Oliveira, and M. A.L. Marques.,  SoftwareX 7, 1–5 (2018) (10.1016/j.softx.2017.11.002)

   => Composite Functional: WB97X-D <= 

    wB97X-D Hyb-GGA Exchange-Correlation Functional

    J.-D. Chai and M. Head-Gordon.,  Phys. Chem. Chem. Phys. 10, 6615-6620 (2008) (10.1039/B810189B)

    Deriv               =              1
    GGA                 =           TRUE
    Meta                =          FALSE

    Exchange Hybrid     =           TRUE
    MP2 Hybrid          =          FALSE

   => Exchange-Correlation Functionals <=

    1.0000   wB97X-D range-separated functional

   => Exact (HF) Exchange <=

    0.7780            HF,LR [omega = 0.2000]
    0.2220               HF 

   => LibXC Density Thresholds  <==

    XC_HYB_GGA_XC_WB97X_D:  1.00E-14 

   => Molecular Quadrature <=

    Radial Scheme          =       TREUTLER
    Pruning Scheme         =           NONE
    Nuclear Scheme         =       TREUTLER

    Blocking Scheme        =         OCTREE
    BS radius alpha        =              1
    Pruning alpha          =              1
    Radial Points          =             75
    Spherical Points       =            302
    Total Points           =         606273
    Total Blocks           =           4364
    Max Points             =            256
    Max Functions          =            330
    Weights Tolerance      =       1.00E-15


  -Total Gradient:
     Atom            X                  Y                   Z
    ------   -----------------  -----------------  -----------------
       1        0.001662376212     0.000416196914    -0.000900574082
       2       -0.000222306578    -0.000386428999     0.001150143339
       3       -0.002899562744    -0.000683886551     0.001574240001
       4       -0.000556899451     0.000782537051    -0.002273698541
       5       -0.000789918062    -0.000082382539     0.000305033622
       6       -0.000766437196     0.000001613873     0.000081817541
       7        0.000432800622    -0.000611109825     0.000356272161
       8        0.000008305868    -0.000280895817     0.000615966262
       9       -0.000767287444    -0.003763801469    -0.002487805974
      10        0.000736127712     0.014044540277     0.003755572924
      11        0.001445275716    -0.003200315805    -0.001304855438
      12       -0.000683993267    -0.002172674905    -0.001983865580
      13       -0.001827545659    -0.005849233663    -0.000898068959
      14        0.000094621946     0.000336369106    -0.000286199139
      15        0.000130779670    -0.000268069219     0.000545954812
      16       -0.000920258860     0.000051968808    -0.000183185042
      17        0.000964278428     0.000179315374     0.000729472104
      18        0.000495807737    -0.000389108342     0.001462149650
      19        0.000148067366     0.000451709556    -0.001157951019
      20        0.001103835171    -0.000500931980     0.000815948300
      21        0.000584330431    -0.000490295920     0.000286148130
      22       -0.000807184018     0.000093306952    -0.000612762771
      23        0.000698907758     0.000024982080     0.000370628922
      24        0.000135147247     0.000246227063    -0.000731974171
      25        0.004079773282     0.000241807136    -0.000627353385
      26        0.000192934998    -0.000943753732     0.000602103746
      27       -0.000650888737     0.000709688309     0.001294239770
      28       -0.000660364430     0.000980822152     0.000448906430
      29       -0.000580992700     0.001026531678    -0.000414768752


*** tstop() called on eristm01.eisai.local at Wed May 20 10:25:04 2026
Module time:
	user time   =     135.10 seconds =       2.25 minutes
	system time =       1.76 seconds =       0.03 minutes
	total time  =         19 seconds =       0.32 minutes
Total time:
	user time   =   47317.41 seconds =     788.62 minutes
	system time =    1650.07 seconds =      27.50 minutes
	total time  =       6770 seconds =     112.83 minutes

    			-----------------------------------------

    			 OPTKING 3.0: for geometry optimizations 

    			     By R.A. King, Bethel University     

    			        with contributions from          

    			    A.V. Copan, J. Cayton, A. Heide      

    			-----------------------------------------

    
	                            ===> Fragment 1 <== 

	 Z (Atomic Numbers)          Masses                          Geom                  
	       6.000000            12.000000         -6.05963792 -1.94176424  3.31355247   
	       7.000000            14.003074         -8.51424154 -2.10097231  3.65218733   
	       6.000000            12.000000         -9.98279997 -1.44399325  1.65038301   
	       7.000000            14.003074         -9.21292902 -0.66712066 -0.57181963   
	       6.000000            12.000000         -6.66894366 -0.50307836 -0.91735284   
	       6.000000            12.000000         -4.93297642 -1.13982111  1.02208161   
	       6.000000            12.000000         -2.29503402 -0.98721724  0.67954075   
	       6.000000            12.000000         -1.32413723 -0.17194077 -1.62407553   
	       7.000000            14.003074          1.18388119  0.06035622 -2.18950401   
	       6.000000            12.000000          3.38669716 -0.50075203 -0.64787112   
	       6.000000            12.000000          5.67597545 -0.18758868 -1.91213670   
	       6.000000            12.000000          8.07791524 -0.84974563 -0.68040670   
	       8.000000            15.994915          2.99800937 -1.39500056  1.50276790   
	       6.000000            12.000000         -3.10040552  0.47541922 -3.57473528   
	       6.000000            12.000000         -5.65597380  0.32033865 -3.25276527   
	       1.000000             1.007825        -12.01295847  -1.58245552   1.94286811 
	       1.000000             1.007825         -0.98539535 -1.47986825  2.17404731   
	       1.000000             1.007825          1.59219053  0.68154689 -3.93773996   
	       1.000000             1.007825          5.71814348  0.63697282 -3.79588904   
	       1.000000             1.007825          9.44638613 -1.76785054 -1.93122326   
	       1.000000             1.007825          7.74155964 -2.08047657  0.94118832   
	       1.000000             1.007825         -6.95345734  0.81727623 -4.76247212   
	       1.000000             1.007825         -4.85065819 -2.45986882  4.89831132   
	       1.000000             1.007825         -2.36029639  1.11142788 -5.38498700   
	      16.000000            31.972071         10.05805107   1.88685347   0.58383888 
	       6.000000            12.000000          7.63030912  3.54863670  2.34826132   
	       1.000000             1.007825          7.08949430  2.53744231  4.06507888   
	       1.000000             1.007825          8.34715589  5.42121050  2.84674772   
	       1.000000             1.007825          5.96407628  3.76203365  1.14245295   

	 - Coordinate -           - BOHR/RAD -       - ANG/DEG -
	 H(2,23)          =         3.886319           2.056551
	 H(13,17)         =         4.040462           2.138120
	 R(1,2)           =         2.482962           1.313927
	 R(1,6)           =         2.676437           1.416310
	 R(1,23)          =         2.059496           1.089839
	 R(2,3)           =         2.568172           1.359018
	 R(3,4)           =         2.476775           1.310653
	 R(3,16)          =         2.055788           1.087876
	 R(4,5)           =         2.572579           1.361350
	 R(5,6)           =         2.679632           1.418000
	 R(5,15)          =         2.675495           1.415811
	 R(6,7)           =         2.664463           1.409973
	 R(7,8)           =         2.629442           1.391441
	 R(7,17)          =         2.047293           1.083381
	 R(8,9)           =         2.581439           1.366039
	 R(8,14)          =         2.716483           1.437501
	 R(9,10)          =         2.746611           1.453444
	 R(9,18)          =         1.899717           1.005287
	 R(10,11)         =         2.633863           1.393780
	 R(10,13)         =         2.361357           1.249576
	 R(11,12)         =         2.779375           1.470782
	 R(11,19)         =         2.056746           1.088383
	 R(12,20)         =         2.068857           1.094792
	 R(12,21)         =         2.063348           1.091877
	 R(12,25)         =         3.606692           1.908579
	 R(14,15)         =         2.580435           1.365507
	 R(14,24)         =         2.056521           1.088264
	 R(15,22)         =         2.051737           1.085733
	 R(25,26)         =         3.430545           1.815366
	 R(26,27)         =         2.064572           1.092524
	 R(26,28)         =         2.066129           1.093349
	 R(26,29)         =         2.067811           1.094239
	 B(1,2,3)         =         2.029281         116.269253
	 B(1,6,5)         =         2.002208         114.718062
	 B(1,6,7)         =         2.145987         122.955973
	 B(2,1,6)         =         2.155709         123.513051
	 B(2,1,23)        =         2.047943         117.338481
	 B(2,3,4)         =         2.216605         127.002116
	 B(2,3,16)        =         2.022583         115.885477
	 B(3,4,5)         =         2.035201         116.608427
	 B(4,3,16)        =         2.043997         117.112383
	 B(4,5,6)         =         2.127361         121.888825
	 B(4,5,15)        =         2.107456         120.748323
	 B(5,6,7)         =         2.134988         122.325808
	 B(5,15,14)       =         2.097136         120.157014
	 B(5,15,22)       =         2.068493         118.515938
	 B(6,1,23)        =         2.079533         119.148460
	 B(6,5,15)        =         2.048368         117.362841
	 B(6,7,8)         =         2.089728         119.732568
	 B(6,7,17)        =         2.124330         121.715151
	 B(7,8,9)         =         2.187727         125.347529
	 B(7,8,14)        =         2.050538         117.487183
	 B(8,7,17)        =         2.069110         118.551284
	 B(8,9,10)        =         2.262534         129.633639
	 B(8,9,18)        =         2.026188         116.092032
	 B(8,14,15)       =         2.145593         122.933443
	 B(8,14,24)       =         2.060619         118.064771
	 B(9,8,14)        =         2.044918         117.165153
	 B(9,10,11)       =         1.986000         113.789445
	 B(9,10,13)       =         2.044910         117.164695
	 B(10,9,18)       =         1.994295         114.264708
	 B(10,11,12)      =         2.106086         120.669837
	 B(10,11,19)      =         2.100315         120.339208
	 B(11,10,13)      =         2.246269         128.701752
	 B(11,12,20)      =         1.992620         114.168705
	 B(11,12,21)      =         1.927849         110.457586
	 B(11,12,25)      =         2.036485         116.682004
	 B(12,11,19)      =         2.075658         118.926454
	 B(12,25,26)      =         1.730781          99.166421
	 B(14,15,22)      =         2.117556         121.327027
	 B(15,14,24)      =         2.076970         119.001608
	 B(20,12,21)      =         1.894712         108.559020
	 B(20,12,25)      =         1.757365         100.689619
	 B(21,12,25)      =         1.840653         105.461668
	 B(25,26,27)      =         1.956075         112.074818
	 B(25,26,28)      =         1.893979         108.516995
	 B(25,26,29)      =         1.896862         108.682166
	 B(27,26,28)      =         1.911508         109.521325
	 B(27,26,29)      =         1.901150         108.927875
	 B(28,26,29)      =         1.903638         109.070434
	 D(1,2,3,4)       =        -0.002333          -0.133679
	 D(1,2,3,16)      =         3.140288         179.925230
	 D(1,6,5,4)       =        -0.002617          -0.149970
	 D(1,6,5,15)      =         3.138325         179.812757
	 D(1,6,7,8)       =        -3.136943        -179.733592
	 D(1,6,7,17)      =        -0.001785          -0.102272
	 D(2,1,6,5)       =         0.002269           0.130032
	 D(2,1,6,7)       =        -3.136853        -179.728440
	 D(2,3,4,5)       =         0.001971           0.112939
	 D(3,2,1,6)       =        -0.000015          -0.000844
	 D(3,2,1,23)      =         3.140983         179.965083
	 D(3,4,5,6)       =         0.000697           0.039947
	 D(3,4,5,15)      =        -3.140223        -179.921536
	 D(4,5,6,7)       =         3.136522         179.709496
	 D(4,5,15,14)     =        -3.141153        -179.974798
	 D(4,5,15,22)     =        -0.000487          -0.027898
	 D(5,4,3,16)      =        -3.140661        -179.946602
	 D(5,6,1,23)      =        -3.138718        -179.835312
	 D(5,6,7,8)       =         0.007305           0.418547
	 D(5,6,7,17)      =        -3.140722        -179.950133
	 D(5,15,14,8)     =         0.001953           0.111890
	 D(5,15,14,24)    =        -3.142366        -180.044330
	 D(6,5,15,14)     =         0.001083           0.062026
	 D(6,5,15,22)     =        -3.141437        -179.991074
	 D(6,7,8,9)       =         3.139966         179.906803
	 D(6,7,8,14)      =        -0.004039          -0.231393
	 D(7,6,1,23)      =         0.005344           0.306216
	 D(7,6,5,15)      =        -0.005721          -0.327777
	 D(7,8,9,10)      =         0.024985           1.431535
	 D(7,8,9,18)      =         3.145538         180.226069
	 D(7,8,14,15)     =        -0.000473          -0.027119
	 D(7,8,14,24)     =         3.143822         180.127718
	 D(8,9,10,11)     =         3.071724         175.996817
	 D(8,9,10,13)     =         0.037359           2.140502
	 D(8,14,15,22)    =        -3.138686        -179.833489
	 D(9,8,7,17)      =         0.004605           0.263849
	 D(9,8,14,15)     =         3.138908         179.846185
	 D(9,8,14,24)     =         0.000018           0.001023
	 D(9,10,11,12)    =         3.217800         184.366331
	 D(9,10,11,19)    =         0.127728           7.318265
	 D(10,9,8,14)     =         3.168983         181.569330
	 D(10,11,12,20)   =         2.448209         140.272063
	 D(10,11,12,21)   =         0.307272          17.605374
	 D(10,11,12,25)   =        -1.793977        -102.787303
	 D(11,10,9,18)    =        -0.049143          -2.815659
	 D(11,12,25,26)   =         0.867352          49.695601
	 D(12,11,10,13)   =        -0.046107          -2.641745
	 D(12,25,26,27)   =         1.255352          71.926373
	 D(12,25,26,28)   =        -2.914739        -167.002217
	 D(12,25,26,29)   =        -0.846723         -48.513636
	 D(13,10,9,18)    =        -3.083508        -176.671974
	 D(13,10,11,19)   =        -3.136179        -179.689811
	 D(14,8,7,17)     =        -3.139400        -179.874346
	 D(14,8,9,18)     =         0.006351           0.363863
	 D(19,11,12,20)   =        -0.744186         -42.638717
	 D(19,11,12,21)   =        -2.885124        -165.305406
	 D(19,11,12,25)   =         1.296813          74.301916
	 D(20,12,25,26)   =        -3.249231        -186.167241
	 D(21,12,25,26)   =        -1.279673         -73.319865
	 D(22,15,14,24)   =         0.000180           0.010291


	        --- Internal Coordinate Step in ANG or DEG, aJ/ANG or AJ/DEG ---
	-------------------------------------------------------------------------------
	           Coordinate      Previous         Force          Change          New 
	           ----------      --------        ------          ------        ------
	              H(2,23)       2.05655       -0.00724       -0.00209       2.05446
	             H(13,17)       2.13812        0.00001        0.00050       2.13862
	               R(1,2)       1.31393       -0.01417       -0.00138       1.31254
	               R(1,6)       1.41631        0.00272        0.00033       1.41664
	              R(1,23)       1.08984        0.00041       -0.00052       1.08931
	               R(2,3)       1.35902       -0.01728       -0.00175       1.35727
	               R(3,4)       1.31065       -0.02384       -0.00166       1.30900
	              R(3,16)       1.08788       -0.00742       -0.00102       1.08685
	               R(4,5)       1.36135       -0.01805       -0.00177       1.35958
	               R(5,6)       1.41800       -0.00804       -0.00059       1.41741
	              R(5,15)       1.41581       -0.00660       -0.00069       1.41512
	               R(6,7)       1.40997       -0.02085       -0.00223       1.40774
	               R(7,8)       1.39144       -0.01053       -0.00111       1.39033
	              R(7,17)       1.08338       -0.00889       -0.00111       1.08227
	               R(8,9)       1.36604       -0.02703       -0.00237       1.36367
	              R(8,14)       1.43750       -0.01613       -0.00192       1.43558
	              R(9,10)       1.45344       -0.01830       -0.00220       1.45124
	              R(9,18)       1.00529        0.01113        0.00121       1.00650
	             R(10,11)       1.39378       -0.03908       -0.00390       1.38988
	             R(10,13)       1.24958       -0.01380       -0.00089       1.24869
	             R(11,12)       1.47078       -0.02536       -0.00346       1.46732
	             R(11,19)       1.08838       -0.01052       -0.00125       1.08713
	             R(12,20)       1.09479       -0.00375       -0.00042       1.09437
	             R(12,21)       1.09188       -0.00321       -0.00050       1.09137
	             R(12,25)       1.90858       -0.02640       -0.00800       1.90058
	             R(14,15)       1.36551       -0.01762       -0.00153       1.36397
	             R(14,24)       1.08826       -0.00634       -0.00081       1.08745
	             R(15,22)       1.08573       -0.00833       -0.00102       1.08471
	             R(25,26)       1.81537       -0.02559       -0.00466       1.81071
	             R(26,27)       1.09252       -0.00730       -0.00094       1.09158
	             R(26,28)       1.09335       -0.00626       -0.00083       1.09252
	             R(26,29)       1.09424       -0.00702       -0.00068       1.09356
	             B(1,2,3)     116.26925       -0.00005       -0.14772     116.12154
	             B(1,6,5)     114.71806        0.00004        0.12007     114.83813
	             B(1,6,7)     122.95597        0.00004        0.05786     123.01384
	             B(2,1,6)     123.51305       -0.00006       -0.06207     123.45098
	            B(2,1,23)     117.33848        0.00004       -0.04098     117.29750
	             B(2,3,4)     127.00212        0.00012        0.26300     127.26512
	            B(2,3,16)     115.88548       -0.00009       -0.21053     115.67494
	             B(3,4,5)     116.60843        0.00001       -0.04414     116.56429
	            B(4,3,16)     117.11238       -0.00003       -0.05249     117.05989
	             B(4,5,6)     121.88882       -0.00006       -0.12894     121.75988
	            B(4,5,15)     120.74832       -0.00003       -0.09023     120.65810
	             B(5,6,7)     122.32581       -0.00008       -0.17787     122.14793
	           B(5,15,14)     120.15701       -0.00006       -0.11558     120.04143
	           B(5,15,22)     118.51594        0.00005        0.12377     118.63970
	            B(6,1,23)     119.14846        0.00002        0.10305     119.25151
	            B(6,5,15)     117.36284        0.00010        0.21918     117.58202
	             B(6,7,8)     119.73257       -0.00001       -0.02404     119.70853
	            B(6,7,17)     121.71515       -0.00002       -0.06457     121.65058
	             B(7,8,9)     125.34753       -0.00003       -0.10169     125.24584
	            B(7,8,14)     117.48718        0.00009        0.19174     117.67893
	            B(8,7,17)     118.55128        0.00003        0.08937     118.64066
	            B(8,9,10)     129.63364       -0.00003       -0.11603     129.51761
	            B(8,9,18)     116.09203       -0.00004       -0.12582     115.96622
	           B(8,14,15)     122.93344       -0.00004       -0.09288     122.84056
	           B(8,14,24)     118.06477        0.00000        0.00576     118.07054
	            B(9,8,14)     117.16515       -0.00006       -0.08993     117.07523
	           B(9,10,11)     113.78945       -0.00022       -0.43844     113.35101
	           B(9,10,13)     117.16470        0.00026        0.65472     117.81941
	           B(10,9,18)     114.26471        0.00007        0.24564     114.51035
	          B(10,11,12)     120.66984       -0.00006       -0.18328     120.48656
	          B(10,11,19)     120.33921        0.00002        0.02653     120.36574
	          B(11,10,13)     128.70175        0.00001        0.12642     128.82817
	          B(11,12,20)     114.16870       -0.00008       -0.00787     114.16083
	          B(11,12,21)     110.45759        0.00002        0.02787     110.48545
	          B(11,12,25)     116.68200       -0.00014       -0.62065     116.06136
	          B(12,11,19)     118.92645        0.00004        0.09317     119.01963
	          B(12,25,26)      99.16642       -0.00015       -0.69724      98.46918
	          B(14,15,22)     121.32703        0.00001       -0.00819     121.31884
	          B(15,14,24)     119.00161        0.00003        0.08729     119.08890
	          B(20,12,21)     108.55902        0.00005        0.36586     108.92488
	          B(20,12,25)     100.68962        0.00013        0.36042     101.05004
	          B(21,12,25)     105.46167        0.00004       -0.06394     105.39773
	          B(25,26,27)     112.07482       -0.00014       -0.47003     111.60478
	          B(25,26,28)     108.51700       -0.00006       -0.17548     108.34151
	          B(25,26,29)     108.68217       -0.00001       -0.07685     108.60532
	          B(27,26,28)     109.52132        0.00009        0.29701     109.81834
	          B(27,26,29)     108.92787        0.00002       -0.00531     108.92257
	          B(28,26,29)     109.07043        0.00010        0.44836     109.51879
	           D(1,2,3,4)      -0.13368        0.00001        0.04031      -0.09337
	          D(1,2,3,16)     179.92523        0.00000        0.06475     179.98998
	           D(1,6,5,4)      -0.14997        0.00001        0.10292      -0.04705
	          D(1,6,5,15)     179.81276        0.00001        0.11727     179.93003
	           D(1,6,7,8)    -179.73359       -0.00000       -0.09698    -179.83057
	          D(1,6,7,17)      -0.10227        0.00001        0.09106      -0.01121
	           D(2,1,6,5)       0.13003       -0.00001       -0.09776       0.03227
	           D(2,1,6,7)    -179.72844       -0.00001       -0.12651    -179.85495
	           D(2,3,4,5)       0.11294       -0.00001       -0.03383       0.07911
	           D(3,2,1,6)      -0.00084        0.00000        0.03162       0.03078
	          D(3,2,1,23)     179.96508        0.00000        0.03926     180.00434
	           D(3,4,5,6)       0.03995       -0.00000       -0.04320      -0.00325
	          D(3,4,5,15)    -179.92154       -0.00000       -0.05810    -179.97964
	           D(4,5,6,7)     179.70950        0.00001        0.13175     179.84125
	         D(4,5,15,14)    -179.97480       -0.00000        0.00897    -179.96583
	         D(4,5,15,22)      -0.02790        0.00000        0.00219      -0.02571
	          D(5,4,3,16)    -179.94660       -0.00000       -0.05864    -180.00524
	          D(5,6,1,23)    -179.83531       -0.00001       -0.10549    -179.94080
	           D(5,6,7,8)       0.41855       -0.00001       -0.12824       0.29031
	          D(5,6,7,17)    -179.95013        0.00000        0.05981    -179.89033
	         D(5,15,14,8)       0.11189       -0.00001       -0.15420      -0.04231
	        D(5,15,14,24)    -180.04433        0.00001        0.02082    -180.02351
	         D(6,5,15,14)       0.06203       -0.00000       -0.00521       0.05682
	         D(6,5,15,22)    -179.99107        0.00000       -0.01199    -180.00306
	           D(6,7,8,9)     179.90680       -0.00002       -0.20997     179.69684
	          D(6,7,8,14)      -0.23139       -0.00001       -0.02944      -0.26083
	          D(7,6,1,23)       0.30622       -0.00001       -0.13424       0.17198
	          D(7,6,5,15)      -0.32778        0.00001        0.14611      -0.18166
	          D(7,8,9,10)       1.43154       -0.00003       -0.32948       1.10205
	          D(7,8,9,18)     180.22607       -0.00000       -0.05966     180.16641
	         D(7,8,14,15)      -0.02712        0.00001        0.17193       0.14481
	         D(7,8,14,24)     180.12772       -0.00000       -0.00152     180.12619
	         D(8,9,10,11)     175.99682        0.00024        3.42797     179.42479
	         D(8,9,10,13)       2.14050       -0.00019       -2.32216      -0.18166
	        D(8,14,15,22)    -179.83349       -0.00001       -0.14730    -179.98079
	          D(9,8,7,17)       0.26385       -0.00003       -0.39181      -0.12796
	         D(9,8,14,15)     179.84619        0.00002        0.33745     180.18364
	         D(9,8,14,24)       0.00102        0.00001        0.16400       0.16502
	        D(9,10,11,12)     184.36633       -0.00032       -4.15354     180.21279
	        D(9,10,11,19)       7.31826       -0.00026       -2.95133       4.36694
	         D(10,9,8,14)     181.56933       -0.00004       -0.50938     181.05995
	       D(10,11,12,20)     140.27206        0.00007        1.97389     142.24595
	       D(10,11,12,21)      17.60537        0.00004        1.47520      19.08057
	       D(10,11,12,25)    -102.78730        0.00007        1.98465    -100.80265
	        D(11,10,9,18)      -2.81566        0.00021        3.16495       0.34929
	       D(11,12,25,26)      49.69560        0.00004        0.66517      50.36077
	       D(12,11,10,13)      -2.64175        0.00019        2.40773      -0.23401
	       D(12,25,26,27)      71.92637       -0.00002       -0.80936      71.11701
	       D(12,25,26,28)    -167.00222       -0.00003       -0.85218    -167.85439
	       D(12,25,26,29)     -48.51364        0.00005       -0.45843     -48.97206
	        D(13,10,9,18)    -176.67197       -0.00022       -2.58518    -179.25716
	       D(13,10,11,19)    -179.68981        0.00025        3.60995    -176.07986
	         D(14,8,7,17)    -179.87435       -0.00001       -0.21128    -180.08562
	         D(14,8,9,18)       0.36386       -0.00002       -0.23955       0.12431
	       D(19,11,12,20)     -42.63872        0.00000        0.78590     -41.85282
	       D(19,11,12,21)    -165.30541       -0.00002        0.28721    -165.01820
	       D(19,11,12,25)      74.30192        0.00001        0.79667      75.09858
	       D(20,12,25,26)    -186.16724       -0.00004        0.56577    -185.60147
	       D(21,12,25,26)     -73.31987        0.00008        1.08048     -72.23939
	       D(22,15,14,24)       0.01029        0.00000        0.02771       0.03800
	-------------------------------------------------------------------------------

	                                 ==> Convergence Check <==                                  
    
	Measures of convergence in internal coordinates in au.
    
	Criteria marked as inactive (o), active & met (*), and active & unmet ( ).

	----------------------------------------------------------------------------------------------
	   Step    Total Energy     Delta E     Max Force     RMS Force      Max Disp      RMS Disp   
	----------------------------------------------------------------------------------------------
	  Convergence Criteria     1.00e-06 *    3.00e-04 *             o    1.20e-03 *             o
	----------------------------------------------------------------------------------------------
	     3   -1102.17703829    8.58e-05      4.74e-03      1.36e-03 o    7.25e-02      1.47e-02 o  ~
	----------------------------------------------------------------------------------------------

Next Geometry in Ang 
	Fragment 1 (Ang)

	    C  -3.1632944205  -1.0117014621   1.7640010915
	    N  -4.4606566925  -1.0612656055   1.9567899778
	    C  -5.2354787533  -0.6856203535   0.9076390872
	    N  -4.8327103733  -0.2794567407  -0.2697645284
	    C  -3.4886786383  -0.2282043758  -0.4682749977
	    C  -2.5700571045  -0.5953825044   0.5467896189
	    C  -1.1770596755  -0.5485612814   0.3490573196
	    C  -0.6685343782  -0.1251556202  -0.8737098267
	    N   0.6557512304  -0.0308143424  -1.1850954545
	    C   1.8190992211  -0.3499135701  -0.3783079190
	    C   3.0230896106  -0.1371973725  -1.0393177590
	    C   4.2990098486  -0.4140580495  -0.3696800337
	    O   1.6262845051  -0.7741023421   0.7801857089
	    C  -1.6077539375   0.2446900464  -1.8944841750
	    C  -2.9582477240   0.1987604229  -1.7088002305
	    H  -6.3084480780  -0.7295906313   1.0751200383
	    H  -0.4828448635  -0.8324760641   1.1292951715
	    H   0.8680515579   0.2953436681  -2.1133122440
	    H   3.0338227759   0.2998228822  -2.0346810057
	    H   5.0638340331  -0.8445192856  -1.0234366934
	    H   4.1468055309  -1.0787489178   0.4824435183
	    H  -3.6458836439   0.4837644010  -2.4978043771
	    H  -2.5232176866  -1.3092178054   2.5936947109
	    H  -1.2169613536   0.5748310295  -2.8540909259
	    S   5.2216443192   1.0949620947   0.3258901882
	    C   3.8540800344   1.8418770735   1.2481451077
	    H   3.5984265961   1.2557759624   2.1328363194
	    H   4.1501069614   2.8507503753   1.5450313795
	    H   2.9798210983   1.8954083684   0.5934063960


    Structure for next step:
    Molecular point group: c1
    Full point group: C1

    Geometry (in Angstrom), charge = -1, multiplicity = 1:

    C           -3.163294420516    -1.011701462126     1.764001091542
    N           -4.460656692476    -1.061265605539     1.956789977755
    C           -5.235478753283    -0.685620353452     0.907639087224
    N           -4.832710373279    -0.279456740688    -0.269764528421
    C           -3.488678638280    -0.228204375775    -0.468274997737
    C           -2.570057104479    -0.595382504405     0.546789618905
    C           -1.177059675466    -0.548561281433     0.349057319636
    C           -0.668534378223    -0.125155620182    -0.873709826710
    N            0.655751230444    -0.030814342367    -1.185095454527
    C            1.819099221077    -0.349913570101    -0.378307919036
    C            3.023089610591    -0.137197372481    -1.039317759044
    C            4.299009848601    -0.414058049505    -0.369680033723
    O            1.626284505101    -0.774102342092     0.780185708902
    C           -1.607753937511     0.244690046391    -1.894484175038
    C           -2.958247723959     0.198760422865    -1.708800230543
    H           -6.308448077961    -0.729590631308     1.075120038283
    H           -0.482844863521    -0.832476064083     1.129295171499
    H            0.868051557921     0.295343668109    -2.113312244021
    H            3.033822775915     0.299822882178    -2.034681005703
    H            5.063834033070    -0.844519285558    -1.023436693356
    H            4.146805530870    -1.078748917838     0.482443518349
    H           -3.645883643917     0.483764400989    -2.497804377090
    H           -2.523217686555    -1.309217805415     2.593694710861
    H           -1.216961353552     0.574831029479    -2.854090925873
    S            5.221644319179     1.094962094703     0.325890188220
    C            3.854080034364     1.841877073523     1.248145107720
    H            3.598426596132     1.255775962374     2.132836319438
    H            4.150106961399     2.850750375301     1.545031379465
    H            2.979821098304     1.895408368445     0.593406396021


Scratch directory: /tmp/
gradient() will perform analytic gradient computation.
   => Libint2 <=

    Primary   basis highest AM E, G, H:  7, 6, 3
    Auxiliary basis highest AM E, G, H:  7, 7, 4
    Onebody   basis highest AM E, G, H:  -, -, -
    Solid Harmonics ordering:            Gaussian

*** tstart() called on eristm01.eisai.local
*** at Wed May 20 10:25:04 2026

   => Loading Basis Set <=

    Name: 6-311+G(D,P)
    Role: ORBITAL
    Keyword: BASIS
    atoms 1, 3, 5-8, 10-12, 14-15, 26 entry C          line   129 file /home2/shbae/bucket/covalent/.pixi/envs/default/share/psi4/basis/6-311pg_d_p_.gbs 
    atoms 2, 4, 9                     entry N          line   150 file /home2/shbae/bucket/covalent/.pixi/envs/default/share/psi4/basis/6-311pg_d_p_.gbs 
    atoms 13                          entry O          line   171 file /home2/shbae/bucket/covalent/.pixi/envs/default/share/psi4/basis/6-311pg_d_p_.gbs 
    atoms 16-24, 27-29                entry H          line    42 file /home2/shbae/bucket/covalent/.pixi/envs/default/share/psi4/basis/6-311pg_d_p_.gbs 
    atoms 25                          entry S          line   429 file /home2/shbae/bucket/covalent/.pixi/envs/default/share/psi4/basis/6-311pg_d_p_.gbs 

   => WB97X-D: Empirical Dispersion <=

    Chai and Head-Gordon Dispersion Correction
    Chai, J.-D.; Head-Gordon, M. (2010), J. Chem. Phys., 132: 6615-6620

        s6 =       1.000000


         ---------------------------------------------------------
                                   SCF
               by Justin Turney, Rob Parrish, Andy Simmonett
                          and Daniel G. A. Smith
                              RKS Reference
                        8 Threads,   7629 MiB Core
         ---------------------------------------------------------

  ==> Geometry <==

    Molecular point group: c1
    Full point group: C1

    Geometry (in Angstrom), charge = -1, multiplicity = 1:

       Center              X                  Y                   Z               Mass       
    ------------   -----------------  -----------------  -----------------  -----------------
         C           -3.163294420516    -1.011701462126     1.764001091542    12.000000000000
         N           -4.460656692476    -1.061265605539     1.956789977755    14.003074004430
         C           -5.235478753283    -0.685620353452     0.907639087224    12.000000000000
         N           -4.832710373279    -0.279456740688    -0.269764528421    14.003074004430
         C           -3.488678638280    -0.228204375775    -0.468274997737    12.000000000000
         C           -2.570057104479    -0.595382504405     0.546789618905    12.000000000000
         C           -1.177059675466    -0.548561281433     0.349057319636    12.000000000000
         C           -0.668534378223    -0.125155620182    -0.873709826710    12.000000000000
         N            0.655751230444    -0.030814342367    -1.185095454527    14.003074004430
         C            1.819099221077    -0.349913570101    -0.378307919036    12.000000000000
         C            3.023089610591    -0.137197372481    -1.039317759044    12.000000000000
         C            4.299009848601    -0.414058049505    -0.369680033723    12.000000000000
         O            1.626284505101    -0.774102342092     0.780185708902    15.994914619570
         C           -1.607753937511     0.244690046391    -1.894484175038    12.000000000000
         C           -2.958247723959     0.198760422865    -1.708800230543    12.000000000000
         H           -6.308448077961    -0.729590631308     1.075120038283     1.007825032230
         H           -0.482844863521    -0.832476064083     1.129295171499     1.007825032230
         H            0.868051557921     0.295343668109    -2.113312244021     1.007825032230
         H            3.033822775915     0.299822882178    -2.034681005703     1.007825032230
         H            5.063834033070    -0.844519285558    -1.023436693356     1.007825032230
         H            4.146805530870    -1.078748917838     0.482443518349     1.007825032230
         H           -3.645883643917     0.483764400989    -2.497804377090     1.007825032230
         H           -2.523217686555    -1.309217805415     2.593694710861     1.007825032230
         H           -1.216961353552     0.574831029479    -2.854090925873     1.007825032230
         S            5.221644319179     1.094962094703     0.325890188220    31.972071174400
         C            3.854080034364     1.841877073523     1.248145107720    12.000000000000
         H            3.598426596132     1.255775962374     2.132836319438     1.007825032230
         H            4.150106961399     2.850750375301     1.545031379465     1.007825032230
         H            2.979821098304     1.895408368445     0.593406396021     1.007825032230

  Running in c1 symmetry.

  Rotational constants: A =      0.04226  B =      0.00524  C =      0.00491 [cm^-1]
  Rotational constants: A =   1266.91398  B =    157.13110  C =    147.27197 [MHz]
  Nuclear repulsion = 1187.969854849736521

  Charge       = -1
  Multiplicity = 1
  Electrons    = 130
  Nalpha       = 65
  Nbeta        = 65

  ==> Algorithm <==

  SCF Algorithm Type is DF.
  DIIS enabled.
  MOM disabled.
  Fractional occupation disabled.
  Guess Type is READ.
  Energy threshold   = 1.00e-08
  Density threshold  = 1.00e-08
  Integral threshold = 1.00e-12

  ==> Primary Basis <==

  Basis Set: 6-311+G(D,P)
    Blend: 6-311+G(D,P)
    Number of shells: 222
    Number of basis functions: 454
    Number of Cartesian functions: 471
    Spherical Harmonics?: true
    Max angular momentum: 2

  ==> DFT Potential <==

   => LibXC <=

    Version 7.0.0
    S. Lehtola, C. Steigemann, M. J.T. Oliveira, and M. A.L. Marques.,  SoftwareX 7, 1–5 (2018) (10.1016/j.softx.2017.11.002)

   => Composite Functional: WB97X-D <= 

    wB97X-D Hyb-GGA Exchange-Correlation Functional

    J.-D. Chai and M. Head-Gordon.,  Phys. Chem. Chem. Phys. 10, 6615-6620 (2008) (10.1039/B810189B)

    Deriv               =              1
    GGA                 =           TRUE
    Meta                =          FALSE

    Exchange Hybrid     =           TRUE
    MP2 Hybrid          =          FALSE

   => Exchange-Correlation Functionals <=

    1.0000   wB97X-D range-separated functional

   => Exact (HF) Exchange <=

    0.7780            HF,LR [omega = 0.2000]
    0.2220               HF 

   => LibXC Density Thresholds  <==

    XC_HYB_GGA_XC_WB97X_D:  1.00E-14 

   => Molecular Quadrature <=

    Radial Scheme          =       TREUTLER
    Pruning Scheme         =           NONE
    Nuclear Scheme         =       TREUTLER

    Blocking Scheme        =         OCTREE
    BS radius alpha        =              1
    Pruning alpha          =              1
    Radial Points          =             75
    Spherical Points       =            302
    Total Points           =         605999
    Total Blocks           =           4354
    Max Points             =            256
    Max Functions          =            332
    Weights Tolerance      =       1.00E-15

   => Loading Basis Set <=

    Name: (6-311+G(D,P) AUX)
    Role: JKFIT
    Keyword: DF_BASIS_SCF
    atoms 1, 3, 5-8, 10-12, 14-15, 26 entry C          line   200 file /home2/shbae/bucket/covalent/.pixi/envs/default/share/psi4/basis/heavy-aug-cc-pvtz-jkfit.gbs 
    atoms 2, 4, 9                     entry N          line   262 file /home2/shbae/bucket/covalent/.pixi/envs/default/share/psi4/basis/heavy-aug-cc-pvtz-jkfit.gbs 
    atoms 13                          entry O          line   324 file /home2/shbae/bucket/covalent/.pixi/envs/default/share/psi4/basis/heavy-aug-cc-pvtz-jkfit.gbs 
    atoms 16-24, 27-29                entry H          line   116 file /home2/shbae/bucket/covalent/.pixi/envs/default/share/psi4/basis/heavy-aug-cc-pvtz-jkfit.gbs 
    atoms 25                          entry S          line   768 file /home2/shbae/bucket/covalent/.pixi/envs/default/share/psi4/basis/heavy-aug-cc-pvtz-jkfit.gbs 

   => Loading Basis Set <=

    Name: 6-311+G(D,P)
    Role: ORBITAL
    Keyword: BASIS
    atoms 1, 3, 5-8, 10-12, 14-15, 26 entry C          line   129 file /home2/shbae/bucket/covalent/.pixi/envs/default/share/psi4/basis/6-311pg_d_p_.gbs 
    atoms 2, 4, 9                     entry N          line   150 file /home2/shbae/bucket/covalent/.pixi/envs/default/share/psi4/basis/6-311pg_d_p_.gbs 
    atoms 13                          entry O          line   171 file /home2/shbae/bucket/covalent/.pixi/envs/default/share/psi4/basis/6-311pg_d_p_.gbs 
    atoms 16-24, 27-29                entry H          line    42 file /home2/shbae/bucket/covalent/.pixi/envs/default/share/psi4/basis/6-311pg_d_p_.gbs 
    atoms 25                          entry S          line   429 file /home2/shbae/bucket/covalent/.pixi/envs/default/share/psi4/basis/6-311pg_d_p_.gbs 

  Reading orbitals from file /tmp/4_intermediate.default.2248151.180.npy, no projection.

  ==> Integral Setup <==

  ==> DiskDFJK: Density-Fitted J/K Matrices <==

    J tasked:                  Yes
    K tasked:                  Yes
    wK tasked:                 Yes
    Omega:               2.000E-01
    OpenMP threads:              8
    Integrals threads:           8
    Memory [MiB]:             1467
    Algorithm:                Disk
    Integral Cache:           NONE
    Schwarz Cutoff:          1E-12
    Fitting Condition:       1E-10

   => Auxiliary Basis Set <=

  Basis Set: (6-311+G(D,P) AUX)
    Blend: HEAVY-AUG-CC-PVTZ-JKFIT
    Number of shells: 642
    Number of basis functions: 2170
    Number of Cartesian functions: 2696
    Spherical Harmonics?: true
    Max angular momentum: 4

  Cached 100.0% of DFT collocation blocks in 4.155 [GiB].

  Minimum eigenvalue in the overlap matrix is 1.5605222954E-07.
  Reciprocal condition number of the overlap matrix is 1.0751898070E-08.
    Using symmetric orthogonalization.

  ==> Pre-Iterations <==

  SCF Guess: Orbitals guess was supplied from a previous computation.

   -------------------------------------------------------
    Irrep   Nso     Nmo     Nalpha   Nbeta   Ndocc  Nsocc
   -------------------------------------------------------
     A        454     454      65      65      65       0
   -------------------------------------------------------
    Total     454     454      65      65      65       0
   -------------------------------------------------------

  ==> Iterations <==

                           Total Energy        Delta E     RMS |[F,P]|

   @DF-RKS iter   0: -1102.16140231328950   -1.10216e+03   7.41158e-04 
   @DF-RKS iter   1: -1102.17531012922700   -1.39078e-02   1.20522e-04 DIIS/ADIIS
   @DF-RKS iter   2: -1102.17647366924962   -1.16354e-03   1.19111e-04 DIIS/ADIIS
   @DF-RKS iter   3: -1102.17784187202528   -1.36820e-03   2.58597e-05 DIIS
   @DF-RKS iter   4: -1102.17790597049134   -6.40985e-05   1.53512e-05 DIIS
   @DF-RKS iter   5: -1102.17793008746298   -2.41170e-05   3.03289e-06 DIIS
   @DF-RKS iter   6: -1102.17793153251091   -1.44505e-06   1.24373e-06 DIIS
   @DF-RKS iter   7: -1102.17793184420634   -3.11695e-07   3.91535e-07 DIIS
   @DF-RKS iter   8: -1102.17793190276257   -5.85562e-08   2.50361e-07 DIIS
   @DF-RKS iter   9: -1102.17793191548481   -1.27222e-08   6.43076e-08 DIIS
   @DF-RKS iter  10: -1102.17793191738292   -1.89812e-09   3.17904e-08 DIIS
   @DF-RKS iter  11: -1102.17793191763690   -2.53976e-10   1.16247e-08 DIIS
   @DF-RKS iter  12: -1102.17793191767601   -3.91083e-11   5.10984e-09 DIIS
  Energy and wave function converged.


  ==> Post-Iterations <==

   Electrons on quadrature grid:
      Ntotal   =  129.9999676887 ; deviation = -3.231e-05 

    Orbital Energies [Eh]
    ---------------------

    Doubly Occupied:                                                      

       1A    -88.863483     2A    -19.040314     3A    -14.341747  
       4A    -14.341667     5A    -14.332648     6A    -10.250715  
       7A    -10.240650     8A    -10.236743     9A    -10.230340  
      10A    -10.223699    11A    -10.206159    12A    -10.205476  
      13A    -10.200659    14A    -10.173139    15A    -10.171695  
      16A    -10.170572    17A    -10.101293    18A     -7.903941  
      19A     -5.853057    20A     -5.849476    21A     -5.843210  
      22A     -0.994367    23A     -0.972999    24A     -0.910776  
      25A     -0.898682    26A     -0.847409    27A     -0.776392  
      28A     -0.762436    29A     -0.744887    30A     -0.700690  
      31A     -0.668636    32A     -0.651438    33A     -0.624769  
      34A     -0.606983    35A     -0.561128    36A     -0.538981  
      37A     -0.527628    38A     -0.518892    39A     -0.490252  
      40A     -0.454769    41A     -0.444509    42A     -0.430784  
      43A     -0.424410    44A     -0.422292    45A     -0.407536  
      46A     -0.396683    47A     -0.391396    48A     -0.381178  
      49A     -0.376950    50A     -0.356495    51A     -0.350847  
      52A     -0.341723    53A     -0.334293    54A     -0.313002  
      55A     -0.309297    56A     -0.302113    57A     -0.292966  
      58A     -0.268924    59A     -0.258098    60A     -0.241275  
      61A     -0.236077    62A     -0.186549    63A     -0.174743  
      64A     -0.164808    65A     -0.104523  

    Virtual:                                                              

      66A      0.096958    67A      0.136877    68A      0.141011  
      69A      0.148231    70A      0.159448    71A      0.165987  
      72A      0.167309    73A      0.169507    74A      0.172126  
      75A      0.181848    76A      0.185843    77A      0.191373  
      78A      0.194109    79A      0.196923    80A      0.205109  
      81A      0.212241    82A      0.218688    83A      0.220861  
      84A      0.221602    85A      0.228224    86A      0.232540  
      87A      0.235998    88A      0.241666    89A      0.245155  
      90A      0.245815    91A      0.255800    92A      0.258277  
      93A      0.264726    94A      0.265989    95A      0.269411  
      96A      0.274752    97A      0.276932    98A      0.282975  
      99A      0.287474   100A      0.292705   101A      0.296169  
     102A      0.297660   103A      0.303916   104A      0.307146  
     105A      0.314340   106A      0.319009   107A      0.323410  
     108A      0.328383   109A      0.330335   110A      0.332389  
     111A      0.338182   112A      0.339703   113A      0.346442  
     114A      0.348356   115A      0.352256   116A      0.359402  
     117A      0.364292   118A      0.367551   119A      0.369291  
     120A      0.370197   121A      0.376150   122A      0.379437  
     123A      0.380904   124A      0.386611   125A      0.389014  
     126A      0.391389   127A      0.396221   128A      0.401094  
     129A      0.407634   130A      0.408485   131A      0.410770  
     132A      0.415509   133A      0.424844   134A      0.429243  
     135A      0.432427   136A      0.435028   137A      0.438041  
     138A      0.442112   139A      0.446710   140A      0.449421  
     141A      0.456805   142A      0.459341   143A      0.464163  
     144A      0.469029   145A      0.480030   146A      0.487999  
     147A      0.489498   148A      0.495291   149A      0.498442  
     150A      0.508076   151A      0.509973   152A      0.515858  
     153A      0.521857   154A      0.529684   155A      0.534726  
     156A      0.538958   157A      0.541012   158A      0.542133  
     159A      0.551032   160A      0.558880   161A      0.567907  
     162A      0.573144   163A      0.603106   164A      0.607010  
     165A      0.609324   166A      0.627733   167A      0.636140  
     168A      0.645824   169A      0.660133   170A      0.681094  
     171A      0.689021   172A      0.709795   173A      0.711462  
     174A      0.719449   175A      0.721003   176A      0.731652  
     177A      0.732356   178A      0.734933   179A      0.744031  
     180A      0.753141   181A      0.765462   182A      0.767518  
     183A      0.770703   184A      0.773535   185A      0.796626  
     186A      0.799894   187A      0.806118   188A      0.821195  
     189A      0.825716   190A      0.831982   191A      0.841410  
     192A      0.845517   193A      0.859017   194A      0.872272  
     195A      0.881078   196A      0.884248   197A      0.887218  
     198A      0.895377   199A      0.904415   200A      0.907774  
     201A      0.910547   202A      0.912730   203A      0.928841  
     204A      0.933273   205A      0.936751   206A      0.948458  
     207A      0.958502   208A      0.971648   209A      0.974574  
     210A      0.980304   211A      0.985411   212A      0.995665  
     213A      1.000595   214A      1.015907   215A      1.035346  
     216A      1.043825   217A      1.047817   218A      1.062994  
     219A      1.076129   220A      1.080691   221A      1.082652  
     222A      1.085289   223A      1.095949   224A      1.101178  
     225A      1.112642   226A      1.118275   227A      1.121816  
     228A      1.130209   229A      1.133794   230A      1.141360  
     231A      1.154462   232A      1.168110   233A      1.172712  
     234A      1.174438   235A      1.185327   236A      1.188710  
     237A      1.192163   238A      1.210724   239A      1.232948  
     240A      1.236157   241A      1.241526   242A      1.250592  
     243A      1.271904   244A      1.285338   245A      1.286419  
     246A      1.303323   247A      1.304970   248A      1.317805  
     249A      1.326200   250A      1.337145   251A      1.344404  
     252A      1.345155   253A      1.357997   254A      1.380048  
     255A      1.391851   256A      1.414579   257A      1.417556  
     258A      1.421158   259A      1.478601   260A      1.484007  
     261A      1.505766   262A      1.525443   263A      1.547451  
     264A      1.557496   265A      1.560264   266A      1.584976  
     267A      1.612381   268A      1.670196   269A      1.682930  
     270A      1.688486   271A      1.710445   272A      1.715963  
     273A      1.717812   274A      1.727218   275A      1.742920  
     276A      1.750597   277A      1.757903   278A      1.762277  
     279A      1.767782   280A      1.776346   281A      1.797778  
     282A      1.813153   283A      1.823583   284A      1.833128  
     285A      1.840673   286A      1.848692   287A      1.863019  
     288A      1.873857   289A      1.883043   290A      1.897632  
     291A      1.911388   292A      1.916014   293A      1.922593  
     294A      1.923118   295A      1.945274   296A      1.947440  
     297A      1.961181   298A      1.980482   299A      1.988959  
     300A      1.993441   301A      2.014994   302A      2.030057  
     303A      2.034818   304A      2.058342   305A      2.065282  
     306A      2.073262   307A      2.075682   308A      2.086780  
     309A      2.118096   310A      2.133161   311A      2.145805  
     312A      2.162435   313A      2.165353   314A      2.175960  
     315A      2.183588   316A      2.205141   317A      2.212745  
     318A      2.224434   319A      2.242944   320A      2.247521  
     321A      2.256548   322A      2.284208   323A      2.297941  
     324A      2.310547   325A      2.318833   326A      2.336868  
     327A      2.355141   328A      2.381564   329A      2.397334  
     330A      2.432208   331A      2.447713   332A      2.461232  
     333A      2.464272   334A      2.475625   335A      2.495638  
     336A      2.500826   337A      2.530272   338A      2.532157  
     339A      2.549543   340A      2.583343   341A      2.604085  
     342A      2.615687   343A      2.644401   344A      2.661604  
     345A      2.674628   346A      2.697089   347A      2.698191  
     348A      2.721692   349A      2.761040   350A      2.766987  
     351A      2.777038   352A      2.792045   353A      2.798234  
     354A      2.816577   355A      2.831452   356A      2.850375  
     357A      2.865609   358A      2.881277   359A      2.887504  
     360A      2.902367   361A      2.916685   362A      2.923360  
     363A      2.939780   364A      2.952804   365A      2.963422  
     366A      2.981721   367A      2.990239   368A      2.999141  
     369A      3.020209   370A      3.036185   371A      3.043521  
     372A      3.057213   373A      3.066031   374A      3.074309  
     375A      3.083726   376A      3.108661   377A      3.127462  
     378A      3.132069   379A      3.142299   380A      3.152947  
     381A      3.171172   382A      3.175712   383A      3.185891  
     384A      3.222806   385A      3.226745   386A      3.235831  
     387A      3.237871   388A      3.287914   389A      3.326426  
     390A      3.380681   391A      3.415029   392A      3.438276  
     393A      3.454146   394A      3.518122   395A      3.530460  
     396A      3.550106   397A      3.590130   398A      3.608281  
     399A      3.614331   400A      3.641806   401A      3.697880  
     402A      3.726078   403A      3.756519   404A      3.804581  
     405A      3.814624   406A      3.848149   407A      3.863431  
     408A      3.913631   409A      3.952720   410A      3.969592  
     411A      3.983739   412A      4.028001   413A      4.102536  
     414A      4.112287   415A      4.134066   416A      4.144342  
     417A      4.157498   418A      4.185245   419A      4.268466  
     420A      4.289820   421A      4.396997   422A      4.478925  
     423A      4.571392   424A      4.622875   425A      4.705519  
     426A      5.043801   427A      5.093629   428A      5.179386  
     429A      5.354589   430A      5.376618   431A      5.506360  
     432A      5.605832   433A      6.096820   434A      8.154285  
     435A     17.620202   436A     17.727254   437A     17.743587  
     438A     23.877724   439A     24.063913   440A     24.126064  
     441A     24.168267   442A     24.175763   443A     24.181925  
     444A     24.208188   445A     24.222629   446A     24.259303  
     447A     24.359365   448A     24.373449   449A     24.426794  
     450A     35.874343   451A     35.908115   452A     35.927776  
     453A     50.352212   454A    189.400608  

    Final Occupation by Irrep:
              A 
    DOCC [    65 ]
    NA   [    65 ]
    NB   [    65 ]

  @DF-RKS Final Energy: -1102.17793191767601

   => Energetics <=

    Nuclear Repulsion Energy =           1187.9698548497365209
    One-Electron Energy =               -3881.0064395333374705
    Two-Electron Energy =                1678.0667901180090666
    DFT Exchange-Correlation Energy =     -87.1910921739048348
    Empirical Dispersion Energy =          -0.0170451781791305
    VV10 Nonlocal Energy =                  0.0000000000000000
    Total Energy =                      -1102.1779319176760055

Computation Completed


Properties will be evaluated at   0.000000,   0.000000,   0.000000 [a0]

Properties computed using the SCF density matrix


 Multipole Moments:

 ------------------------------------------------------------------------------------
     Multipole            Electronic (a.u.)      Nuclear  (a.u.)        Total (a.u.)
 ------------------------------------------------------------------------------------

 L = 1.  Multiply by 2.5417464519 to convert [e a0] to [Debye]
 Dipole X            :          0.7671597           -2.8084510           -2.0412913
 Dipole Y            :         12.3717024          -11.8596194            0.5120830
 Dipole Z            :         -5.7604274            4.7169163           -1.0435111
 Magnitude           :                                                    2.3490455

 ------------------------------------------------------------------------------------

*** tstop() called on eristm01.eisai.local at Wed May 20 10:25:56 2026
Module time:
	user time   =     360.58 seconds =       6.01 minutes
	system time =      17.01 seconds =       0.28 minutes
	total time  =         52 seconds =       0.87 minutes
Total time:
	user time   =   47689.09 seconds =     794.82 minutes
	system time =    1667.13 seconds =      27.79 minutes
	total time  =       6822 seconds =     113.70 minutes

*** tstart() called on eristm01.eisai.local
*** at Wed May 20 10:25:56 2026


         ------------------------------------------------------------
                                   SCF GRAD                          
                          Rob Parrish, Justin Turney,                
                       Andy Simmonett, and Alex Sokolov              
         ------------------------------------------------------------

  ==> Geometry <==

    Molecular point group: c1
    Full point group: C1

    Geometry (in Angstrom), charge = -1, multiplicity = 1:

       Center              X                  Y                   Z               Mass       
    ------------   -----------------  -----------------  -----------------  -----------------
         C           -3.163294420516    -1.011701462126     1.764001091542    12.000000000000
         N           -4.460656692476    -1.061265605539     1.956789977755    14.003074004430
         C           -5.235478753283    -0.685620353452     0.907639087224    12.000000000000
         N           -4.832710373279    -0.279456740688    -0.269764528421    14.003074004430
         C           -3.488678638280    -0.228204375775    -0.468274997737    12.000000000000
         C           -2.570057104479    -0.595382504405     0.546789618905    12.000000000000
         C           -1.177059675466    -0.548561281433     0.349057319636    12.000000000000
         C           -0.668534378223    -0.125155620182    -0.873709826710    12.000000000000
         N            0.655751230444    -0.030814342367    -1.185095454527    14.003074004430
         C            1.819099221077    -0.349913570101    -0.378307919036    12.000000000000
         C            3.023089610591    -0.137197372481    -1.039317759044    12.000000000000
         C            4.299009848601    -0.414058049505    -0.369680033723    12.000000000000
         O            1.626284505101    -0.774102342092     0.780185708902    15.994914619570
         C           -1.607753937511     0.244690046391    -1.894484175038    12.000000000000
         C           -2.958247723959     0.198760422865    -1.708800230543    12.000000000000
         H           -6.308448077961    -0.729590631308     1.075120038283     1.007825032230
         H           -0.482844863521    -0.832476064083     1.129295171499     1.007825032230
         H            0.868051557921     0.295343668109    -2.113312244021     1.007825032230
         H            3.033822775915     0.299822882178    -2.034681005703     1.007825032230
         H            5.063834033070    -0.844519285558    -1.023436693356     1.007825032230
         H            4.146805530870    -1.078748917838     0.482443518349     1.007825032230
         H           -3.645883643917     0.483764400989    -2.497804377090     1.007825032230
         H           -2.523217686555    -1.309217805415     2.593694710861     1.007825032230
         H           -1.216961353552     0.574831029479    -2.854090925873     1.007825032230
         S            5.221644319179     1.094962094703     0.325890188220    31.972071174400
         C            3.854080034364     1.841877073523     1.248145107720    12.000000000000
         H            3.598426596132     1.255775962374     2.132836319438     1.007825032230
         H            4.150106961399     2.850750375301     1.545031379465     1.007825032230
         H            2.979821098304     1.895408368445     0.593406396021     1.007825032230

  Nuclear repulsion = 1187.969854849736521

  ==> Basis Set <==

  Basis Set: 6-311+G(D,P)
    Blend: 6-311+G(D,P)
    Number of shells: 222
    Number of basis functions: 454
    Number of Cartesian functions: 471
    Spherical Harmonics?: true
    Max angular momentum: 2

  ==> DFJKGrad: Density-Fitted SCF Gradients <==

    Gradient:                    1
    J tasked:                  Yes
    K tasked:                  Yes
    wK tasked:                 Yes
    Omega:               2.000E-01
    OpenMP threads:              8
    Integrals threads:           8
    Memory [MiB]:             5722
    Schwarz Cutoff:          1E-12
    Fitting Condition:       1E-10

   => Auxiliary Basis Set <=

  Basis Set: (6-311+G(D,P) AUX)
    Blend: HEAVY-AUG-CC-PVTZ-JKFIT
    Number of shells: 642
    Number of basis functions: 2170
    Number of Cartesian functions: 2696
    Spherical Harmonics?: true
    Max angular momentum: 4

  ==> DFT Potential <==

   => LibXC <=

    Version 7.0.0
    S. Lehtola, C. Steigemann, M. J.T. Oliveira, and M. A.L. Marques.,  SoftwareX 7, 1–5 (2018) (10.1016/j.softx.2017.11.002)

   => Composite Functional: WB97X-D <= 

    wB97X-D Hyb-GGA Exchange-Correlation Functional

    J.-D. Chai and M. Head-Gordon.,  Phys. Chem. Chem. Phys. 10, 6615-6620 (2008) (10.1039/B810189B)

    Deriv               =              1
    GGA                 =           TRUE
    Meta                =          FALSE

    Exchange Hybrid     =           TRUE
    MP2 Hybrid          =          FALSE

   => Exchange-Correlation Functionals <=

    1.0000   wB97X-D range-separated functional

   => Exact (HF) Exchange <=

    0.7780            HF,LR [omega = 0.2000]
    0.2220               HF 

   => LibXC Density Thresholds  <==

    XC_HYB_GGA_XC_WB97X_D:  1.00E-14 

   => Molecular Quadrature <=

    Radial Scheme          =       TREUTLER
    Pruning Scheme         =           NONE
    Nuclear Scheme         =       TREUTLER

    Blocking Scheme        =         OCTREE
    BS radius alpha        =              1
    Pruning alpha          =              1
    Radial Points          =             75
    Spherical Points       =            302
    Total Points           =         605999
    Total Blocks           =           4354
    Max Points             =            256
    Max Functions          =            332
    Weights Tolerance      =       1.00E-15


  -Total Gradient:
     Atom            X                  Y                   Z
    ------   -----------------  -----------------  -----------------
       1        0.000445273353     0.000173935345    -0.000600437917
       2       -0.000373985458    -0.000119258940     0.000511242906
       3       -0.000074161594    -0.000448800678     0.000880845147
       4        0.000041285069     0.000512135661    -0.001318674488
       5       -0.000584156887    -0.000121854022     0.000275052523
       6       -0.000359582905     0.000110270198     0.000075038059
       7        0.000136537717    -0.000192304666     0.000001831087
       8        0.000022724975    -0.000144934364     0.000555257907
       9       -0.000066244257    -0.000044759230    -0.000783565008
      10       -0.000041333109    -0.000300105705     0.000644151758
      11        0.001285796643     0.000574434710     0.000774808408
      12       -0.002644348954    -0.001133705729    -0.001601544629
      13       -0.000219419278    -0.000039474222     0.000433439265
      14        0.000114974133     0.000002803309    -0.000064376315
      15        0.000294017529    -0.000045158997     0.000278564429
      16       -0.000026677768     0.000095058813    -0.000113050966
      17        0.000312087510    -0.000012006900     0.000182173163
      18        0.000124710653     0.000153740374     0.000141793782
      19       -0.000022290239     0.000475346436    -0.000359875903
      20        0.000816404332     0.000278541124     0.000461286201
      21        0.000271604592     0.000203515203     0.000294310665
      22       -0.000205061824     0.000114420635    -0.000241326949
      23        0.000234387332    -0.000109597050     0.000221246306
      24       -0.000034974172     0.000131042366    -0.000218921836
      25        0.001912501375     0.000646163207    -0.000069952552
      26        0.000090621080    -0.001431883266    -0.000358497622
      27       -0.000065931259     0.000216346358     0.000634897039
      28       -0.000299159325     0.000312418201     0.000251488452
      29       -0.000524576188     0.000269110119    -0.000617815404


*** tstop() called on eristm01.eisai.local at Wed May 20 10:26:14 2026
Module time:
	user time   =     133.47 seconds =       2.22 minutes
	system time =       1.68 seconds =       0.03 minutes
	total time  =         18 seconds =       0.30 minutes
Total time:
	user time   =   47822.58 seconds =     797.04 minutes
	system time =    1668.81 seconds =      27.81 minutes
	total time  =       6840 seconds =     114.00 minutes

    			-----------------------------------------

    			 OPTKING 3.0: for geometry optimizations 

    			     By R.A. King, Bethel University     

    			        with contributions from          

    			    A.V. Copan, J. Cayton, A. Heide      

    			-----------------------------------------

    
	                            ===> Fragment 1 <== 

	 Z (Atomic Numbers)          Masses                          Geom                  
	       6.000000            12.000000         -5.97776011 -1.91183868  3.33347895   
	       7.000000            14.003074         -8.42941949 -2.00550134  3.69779714   
	       6.000000            12.000000         -9.89362098 -1.29563469  1.71518930   
	       7.000000            14.003074         -9.13249905 -0.52809670 -0.50978108   
	       6.000000            12.000000         -6.59264717 -0.43124377 -0.88491150   
	       6.000000            12.000000         -4.85670405 -1.12510987  1.03328263   
	       6.000000            12.000000         -2.22432042 -1.03663058  0.65962274   
	       6.000000            12.000000         -1.26334688 -0.23650985 -1.65107229   
	       7.000000            14.003074          1.23919023 -0.05823067 -2.23950584   
	       6.000000            12.000000          3.43759932 -0.66124082 -0.71489836   
	       6.000000            12.000000          5.71281142 -0.25926546 -1.96402592   
	       6.000000            12.000000          8.12395122 -0.78245631 -0.69859402   
	       8.000000            15.994915          3.07323232 -1.46284142  1.47433732   
	       6.000000            12.000000         -3.03821462  0.46239717 -3.58005624   
	       6.000000            12.000000         -5.59027801  0.37560276 -3.22916444   
	       1.000000             1.007825        -11.92123914  -1.37872648   2.03168242 
	       1.000000             1.007825         -0.91244455 -1.57315177  2.13405859   
	       1.000000             1.007825          1.64037971  0.55811865 -3.99358136   
	       1.000000             1.007825          5.73309416  0.56658313 -3.84498985   
	       1.000000             1.007825          9.56925947 -1.59591016 -1.93401506   
	       1.000000             1.007825          7.83632675 -2.03854001  0.91168612   
	       1.000000             1.007825         -6.88972157  0.91418223 -4.72016619   
	       1.000000             1.007825         -4.76819038 -2.47406309  4.90137266   
	       1.000000             1.007825         -2.29972366  1.08627321 -5.39345019   
	      16.000000            31.972071          9.86747769  2.06917848  0.61584320   
	       6.000000            12.000000          7.28315573  3.48064323  2.35865242   
	       1.000000             1.007825          6.80004075  2.37307264  4.03047651   
	       1.000000             1.007825          7.84256555  5.38713746  2.91968616   
	       1.000000             1.007825          5.63104578  3.58180271  1.12137557   

	 - Coordinate -           - BOHR/RAD -       - ANG/DEG -
	 H(2,23)          =         3.882363           2.054458
	 H(13,17)         =         4.041413           2.138624
	 R(1,2)           =         2.480350           1.312544
	 R(1,6)           =         2.677053           1.416635
	 R(1,23)          =         2.058506           1.089314
	 R(2,3)           =         2.564865           1.357268
	 R(3,4)           =         2.473644           1.308996
	 R(3,16)          =         2.053852           1.086852
	 R(4,5)           =         2.569232           1.359579
	 R(5,6)           =         2.678510           1.417407
	 R(5,15)          =         2.674185           1.415118
	 R(6,7)           =         2.660243           1.407740
	 R(7,8)           =         2.627351           1.390334
	 R(7,17)          =         2.045198           1.082272
	 R(8,9)           =         2.576961           1.363669
	 R(8,14)          =         2.712859           1.435583
	 R(9,10)          =         2.742454           1.451244
	 R(9,18)          =         1.902004           1.006497
	 R(10,11)         =         2.626498           1.389883
	 R(10,13)         =         2.359678           1.248688
	 R(11,12)         =         2.772840           1.467324
	 R(11,19)         =         2.054376           1.087129
	 R(12,20)         =         2.068064           1.094372
	 R(12,21)         =         2.062396           1.091373
	 R(12,25)         =         3.591581           1.900583
	 R(14,15)         =         2.577535           1.363973
	 R(14,24)         =         2.054991           1.087454
	 R(15,22)         =         2.049807           1.084711
	 R(25,26)         =         3.421745           1.810709
	 R(26,27)         =         2.062791           1.091582
	 R(26,28)         =         2.064563           1.092519
	 R(26,29)         =         2.066532           1.093562
	 B(1,2,3)         =         2.026703         116.121538
	 B(1,6,5)         =         2.004303         114.838129
	 B(1,6,7)         =         2.146996         123.013836
	 B(2,1,6)         =         2.154626         123.450982
	 B(2,1,23)        =         2.047228         117.297500
	 B(2,3,4)         =         2.221195         127.265117
	 B(2,3,16)        =         2.018909         115.674942
	 B(3,4,5)         =         2.034431         116.564286
	 B(4,3,16)        =         2.043081         117.059892
	 B(4,5,6)         =         2.125111         121.759881
	 B(4,5,15)        =         2.105881         120.658096
	 B(5,6,7)         =         2.131884         122.147935
	 B(5,15,14)       =         2.095118         120.041431
	 B(5,15,22)       =         2.070653         118.639704
	 B(6,1,23)        =         2.081332         119.251512
	 B(6,5,15)        =         2.052193         117.582019
	 B(6,7,8)         =         2.089308         119.708528
	 B(6,7,17)        =         2.123203         121.650576
	 B(7,8,9)         =         2.185952         125.245836
	 B(7,8,14)        =         2.053885         117.678925
	 B(8,7,17)        =         2.070670         118.640656
	 B(8,9,10)        =         2.260509         129.517612
	 B(8,9,18)        =         2.023992         115.966216
	 B(8,14,15)       =         2.143972         122.840563
	 B(8,14,24)       =         2.060720         118.070535
	 B(9,8,14)        =         2.043348         117.075226
	 B(9,10,11)       =         1.978348         113.351008
	 B(9,10,13)       =         2.056337         117.819414
	 B(10,9,18)       =         1.998583         114.510348
	 B(10,11,12)      =         2.102887         120.486560
	 B(10,11,19)      =         2.100779         120.365743
	 B(11,10,13)      =         2.248476         128.828169
	 B(11,12,20)      =         1.992482         114.160831
	 B(11,12,21)      =         1.928335         110.485452
	 B(11,12,25)      =         2.025653         116.061356
	 B(12,11,19)      =         2.077284         119.019626
	 B(12,25,26)      =         1.718611          98.469181
	 B(14,15,22)      =         2.117413         121.318836
	 B(15,14,24)      =         2.078493         119.088899
	 B(20,12,21)      =         1.901098         108.924882
	 B(20,12,25)      =         1.763656         101.050039
	 B(21,12,25)      =         1.839537         105.397733
	 B(25,26,27)      =         1.947871         111.604784
	 B(25,26,28)      =         1.890916         108.341513
	 B(25,26,29)      =         1.895520         108.605318
	 B(27,26,28)      =         1.916692         109.818337
	 B(27,26,29)      =         1.901057         108.922567
	 B(28,26,29)      =         1.911463         109.518789
	 D(1,2,3,4)       =        -0.001630          -0.093371
	 D(1,2,3,16)      =         3.141418         179.989979
	 D(1,6,5,4)       =        -0.000821          -0.047054
	 D(1,6,5,15)      =         3.140371         179.930032
	 D(1,6,7,8)       =        -3.138636        -179.830571
	 D(1,6,7,17)      =        -0.000196          -0.011209
	 D(2,1,6,5)       =         0.000563           0.032273
	 D(2,1,6,7)       =        -3.139061        -179.854947
	 D(2,3,4,5)       =         0.001381           0.079111
	 D(3,2,1,6)       =         0.000537           0.030776
	 D(3,2,1,23)      =         3.141668         180.004340
	 D(3,4,5,6)       =        -0.000057          -0.003250
	 D(3,4,5,15)      =        -3.141237        -179.979640
	 D(4,5,6,7)       =         3.138822         179.841250
	 D(4,5,15,14)     =        -3.140996        -179.965829
	 D(4,5,15,22)     =        -0.000449          -0.025708
	 D(5,4,3,16)      =        -3.141684        -180.005244
	 D(5,6,1,23)      =        -3.140559        -179.940802
	 D(5,6,7,8)       =         0.005067           0.290310
	 D(5,6,7,17)      =        -3.139679        -179.890328
	 D(5,15,14,8)     =        -0.000738          -0.042306
	 D(5,15,14,24)    =        -3.142003        -180.023512
	 D(6,5,15,14)     =         0.000992           0.056819
	 D(6,5,15,22)     =        -3.141646        -180.003060
	 D(6,7,8,9)       =         3.136301         179.696836
	 D(6,7,8,14)      =        -0.004552          -0.260830
	 D(7,6,1,23)      =         0.003002           0.171978
	 D(7,6,5,15)      =        -0.003171          -0.181664
	 D(7,8,9,10)      =         0.019234           1.102053
	 D(7,8,9,18)      =         3.144497         180.166413
	 D(7,8,14,15)     =         0.002527           0.144807
	 D(7,8,14,24)     =         3.143795         180.126195
	 D(8,9,10,11)     =         3.131553         179.424789
	 D(8,9,10,13)     =        -0.003171          -0.181657
	 D(8,14,15,22)    =        -3.141257        -179.980789
	 D(9,8,7,17)      =        -0.002233          -0.127956
	 D(9,8,14,15)     =         3.144798         180.183636
	 D(9,8,14,24)     =         0.002880           0.165024
	 D(9,10,11,12)    =         3.145306         180.212787
	 D(9,10,11,19)    =         0.076217           4.366935
	 D(10,9,8,14)     =         3.160092         181.059949
	 D(10,11,12,20)   =         2.482660         142.245951
	 D(10,11,12,21)   =         0.333019          19.080572
	 D(10,11,12,25)   =        -1.759338        -100.802648
	 D(11,10,9,18)    =         0.006096           0.349288
	 D(11,12,25,26)   =         0.878961          50.360775
	 D(12,11,10,13)   =        -0.004084          -0.234012
	 D(12,25,26,27)   =         1.241226          71.117015
	 D(12,25,26,28)   =        -2.929612        -167.854395
	 D(12,25,26,29)   =        -0.854724         -48.972063
	 D(13,10,9,18)    =        -3.128628        -179.257158
	 D(13,10,11,19)   =        -3.073173        -176.079863
	 D(14,8,7,17)     =        -3.143087        -180.085622
	 D(14,8,9,18)     =         0.002170           0.124309
	 D(19,11,12,20)   =        -0.730469         -41.852817
	 D(19,11,12,21)   =        -2.880111        -165.018197
	 D(19,11,12,25)   =         1.310718          75.098583
	 D(20,12,25,26)   =        -3.239357        -185.601470
	 D(21,12,25,26)   =        -1.260815         -72.239388
	 D(22,15,14,24)   =         0.000663           0.038004


	        --- Internal Coordinate Step in ANG or DEG, aJ/ANG or AJ/DEG ---
	-------------------------------------------------------------------------------
	           Coordinate      Previous         Force          Change          New 
	           ----------      --------        ------          ------        ------
	              H(2,23)       2.05446       -0.00174        0.00015       2.05460
	             H(13,17)       2.13862       -0.00090       -0.00211       2.13651
	               R(1,2)       1.31254       -0.00281       -0.00056       1.31199
	               R(1,6)       1.41664        0.00188        0.00052       1.41715
	              R(1,23)       1.08931       -0.00119       -0.00004       1.08927
	               R(2,3)       1.35727       -0.00261        0.00090       1.35817
	               R(3,4)       1.30900       -0.00898       -0.00112       1.30787
	              R(3,16)       1.08685       -0.00020       -0.00015       1.08670
	               R(4,5)       1.35958        0.00025        0.00081       1.36039
	               R(5,6)       1.41741       -0.00234       -0.00175       1.41566
	              R(5,15)       1.41512       -0.00112        0.00011       1.41523
	               R(6,7)       1.40774       -0.00490        0.00012       1.40786
	               R(7,8)       1.39033       -0.00040       -0.00069       1.38964
	              R(7,17)       1.08227       -0.00308       -0.00040       1.08188
	               R(8,9)       1.36367       -0.00254       -0.00009       1.36358
	              R(8,14)       1.43558       -0.00239        0.00024       1.43583
	              R(9,10)       1.45124       -0.00308       -0.00098       1.45027
	              R(9,18)       1.00650        0.00047        0.00006       1.00656
	             R(10,11)       1.38988       -0.00779       -0.00166       1.38822
	             R(10,13)       1.24869       -0.00401        0.00042       1.24911
	             R(11,12)       1.46732        0.00756        0.00210       1.46942
	             R(11,19)       1.08713       -0.00426       -0.00060       1.08653
	             R(12,20)       1.09437       -0.00145        0.00019       1.09457
	             R(12,21)       1.09137       -0.00063        0.00012       1.09149
	             R(12,25)       1.90058       -0.00354       -0.00729       1.89330
	             R(14,15)       1.36397       -0.00152       -0.00045       1.36352
	             R(14,24)       1.08745       -0.00180       -0.00021       1.08724
	             R(15,22)       1.08471       -0.00289       -0.00033       1.08438
	             R(25,26)       1.81071       -0.00261       -0.00169       1.80902
	             R(26,27)       1.09158       -0.00323       -0.00042       1.09116
	             R(26,28)       1.09252       -0.00224        0.00003       1.09254
	             R(26,29)       1.09356       -0.00688       -0.00077       1.09279
	             B(1,2,3)     116.12154        0.00002       -0.07765     116.04389
	             B(1,6,5)     114.83813       -0.00000        0.07650     114.91463
	             B(1,6,7)     123.01384        0.00002       -0.09715     122.91669
	             B(2,1,6)     123.45098       -0.00001        0.00149     123.45248
	            B(2,1,23)     117.29750        0.00001        0.06258     117.36008
	             B(2,3,4)     127.26512       -0.00001        0.04090     127.30602
	            B(2,3,16)     115.67494       -0.00001       -0.11499     115.55995
	             B(3,4,5)     116.56429        0.00003        0.02418     116.58847
	            B(4,3,16)     117.05989        0.00002        0.07408     117.13397
	             B(4,5,6)     121.75988       -0.00002       -0.06538     121.69450
	            B(4,5,15)     120.65810        0.00000       -0.00243     120.65566
	             B(5,6,7)     122.14793       -0.00001        0.02059     122.16852
	           B(5,15,14)     120.04143       -0.00001       -0.07587     119.96556
	           B(5,15,22)     118.63970        0.00001        0.08005     118.71975
	            B(6,1,23)     119.25151       -0.00000       -0.06408     119.18743
	            B(6,5,15)     117.58202        0.00002        0.06777     117.64979
	             B(6,7,8)     119.70853        0.00001       -0.04096     119.66757
	            B(6,7,17)     121.65058       -0.00002       -0.02200     121.62857
	             B(7,8,9)     125.24584       -0.00001        0.06817     125.31401
	            B(7,8,14)     117.67893        0.00000        0.01458     117.69351
	            B(8,7,17)     118.64066        0.00001        0.06304     118.70369
	            B(8,9,10)     129.51761        0.00001       -0.12476     129.39285
	            B(8,9,18)     115.96622       -0.00001       -0.06218     115.90404
	           B(8,14,15)     122.84056       -0.00000        0.01430     122.85486
	           B(8,14,24)     118.07054       -0.00001       -0.02400     118.04654
	            B(9,8,14)     117.07523        0.00001       -0.08283     116.99240
	           B(9,10,11)     113.35101        0.00003        0.07991     113.43092
	           B(9,10,13)     117.81941        0.00001        0.01105     117.83046
	           B(10,9,18)     114.51035        0.00000        0.17369     114.68404
	          B(10,11,12)     120.48656        0.00000       -0.21340     120.27316
	          B(10,11,19)     120.36574        0.00000        0.04263     120.40837
	          B(11,10,13)     128.82817       -0.00004       -0.09583     128.73234
	          B(11,12,20)     114.16083       -0.00010       -0.59401     113.56682
	          B(11,12,21)     110.48545       -0.00002       -0.19670     110.28875
	          B(11,12,25)     116.06136        0.00007        0.27147     116.33283
	          B(12,11,19)     119.01963       -0.00001        0.16888     119.18851
	          B(12,25,26)      98.46918        0.00029        0.59705      99.06623
	          B(14,15,22)     121.31884        0.00001       -0.00433     121.31451
	          B(15,14,24)     119.08890        0.00001        0.00970     119.09860
	          B(20,12,21)     108.92488        0.00002       -0.19991     108.72497
	          B(20,12,25)     101.05004        0.00003        0.43360     101.48364
	          B(21,12,25)     105.39773        0.00000        0.36383     105.76156
	          B(25,26,27)     111.60478       -0.00004       -0.15030     111.45449
	          B(25,26,28)     108.34151       -0.00003       -0.19317     108.14834
	          B(25,26,29)     108.60532        0.00002        0.18027     108.78558
	          B(27,26,28)     109.81834        0.00004        0.20669     110.02503
	          B(27,26,29)     108.92257       -0.00001       -0.22677     108.69579
	          B(28,26,29)     109.51879        0.00003        0.19144     109.71023
	           D(1,2,3,4)      -0.09337        0.00000        0.08566      -0.00771
	          D(1,2,3,16)     179.98998       -0.00000       -0.08774     179.90224
	           D(1,6,5,4)      -0.04705        0.00000        0.02061      -0.02644
	          D(1,6,5,15)     179.93003        0.00000        0.11913     180.04916
	           D(1,6,7,8)    -179.83057       -0.00001       -0.22751    -180.05809
	          D(1,6,7,17)      -0.01121        0.00000        0.10303       0.09182
	           D(2,1,6,5)       0.03227        0.00000        0.01142       0.04369
	           D(2,1,6,7)    -179.85495        0.00000        0.04242    -179.81253
	           D(2,3,4,5)       0.07911       -0.00000       -0.05576       0.02335
	           D(3,2,1,6)       0.03078       -0.00000       -0.05886      -0.02809
	          D(3,2,1,23)     180.00434       -0.00000        0.00342     180.00776
	           D(3,4,5,6)      -0.00325        0.00000       -0.00074      -0.00399
	          D(3,4,5,15)    -179.97964       -0.00000       -0.10220    -180.08184
	           D(4,5,6,7)     179.84125       -0.00000       -0.01027     179.83098
	         D(4,5,15,14)    -179.96583        0.00000        0.14946    -179.81637
	         D(4,5,15,22)      -0.02571        0.00000        0.05621       0.03050
	          D(5,4,3,16)    -180.00524        0.00000        0.11987    -179.88537
	          D(5,6,1,23)    -179.94080       -0.00000       -0.05197    -179.99277
	           D(5,6,7,8)       0.29031       -0.00000       -0.19435       0.09596
	          D(5,6,7,17)    -179.89033        0.00000        0.13620    -179.75413
	         D(5,15,14,8)      -0.04231       -0.00000       -0.08844      -0.13075
	        D(5,15,14,24)    -180.02351       -0.00000       -0.12991    -180.15343
	         D(6,5,15,14)       0.05682        0.00000        0.05203       0.10885
	         D(6,5,15,22)    -180.00306       -0.00000       -0.04122    -180.04428
	           D(6,7,8,9)     179.69684        0.00001        0.30616     180.00299
	          D(6,7,8,14)      -0.26083        0.00000        0.15402      -0.10681
	          D(7,6,1,23)       0.17198       -0.00000       -0.02097       0.15101
	          D(7,6,5,15)      -0.18166        0.00000        0.08824      -0.09342
	          D(7,8,9,10)       1.10205       -0.00000        0.17814       1.28019
	          D(7,8,9,18)     180.16641       -0.00001       -0.57637     179.59004
	         D(7,8,14,15)       0.14481       -0.00000       -0.01618       0.12863
	         D(7,8,14,24)     180.12619        0.00000        0.02489     180.15108
	         D(8,9,10,11)     179.42479       -0.00001       -0.89647     178.52831
	         D(8,9,10,13)      -0.18166       -0.00001       -0.45892      -0.64057
	        D(8,14,15,22)    -179.98079        0.00000        0.00724    -179.97355
	          D(9,8,7,17)      -0.12796        0.00000       -0.01458      -0.14253
	         D(9,8,14,15)     180.18364       -0.00001       -0.15556     180.02808
	         D(9,8,14,24)       0.16502       -0.00000       -0.11449       0.05053
	        D(9,10,11,12)     180.21279       -0.00001        0.21078     180.42357
	        D(9,10,11,19)       4.36694       -0.00001        0.23409       4.60103
	         D(10,9,8,14)     181.05995        0.00000        0.32935     181.38930
	       D(10,11,12,20)     142.24595       -0.00003        0.50512     142.75107
	       D(10,11,12,21)      19.08057        0.00004        1.34948      20.43005
	       D(10,11,12,25)    -100.80265       -0.00000        0.82776     -99.97488
	        D(11,10,9,18)       0.34929        0.00000       -0.14775       0.20154
	       D(11,12,25,26)      50.36077        0.00005        5.96167      56.32244
	       D(12,11,10,13)      -0.23401       -0.00001       -0.28462      -0.51863
	       D(12,25,26,27)      71.11701       -0.00002       -3.08450      68.03252
	       D(12,25,26,28)    -167.85439       -0.00002       -3.04857    -170.90296
	       D(12,25,26,29)     -48.97206        0.00001       -2.82767     -51.79973
	        D(13,10,9,18)    -179.25716        0.00000        0.28981    -178.96735
	       D(13,10,11,19)    -176.07986       -0.00001       -0.26131    -176.34117
	         D(14,8,7,17)    -180.08562       -0.00000       -0.16671    -180.25234
	         D(14,8,9,18)       0.12431       -0.00001       -0.42516      -0.30085
	       D(19,11,12,20)     -41.85282       -0.00002        0.47714     -41.37567
	       D(19,11,12,21)    -165.01820        0.00004        1.32150    -163.69670
	       D(19,11,12,25)      75.09858       -0.00000        0.79979      75.89837
	       D(20,12,25,26)    -185.60147       -0.00001        5.68790    -179.91357
	       D(21,12,25,26)     -72.23939        0.00003        5.76164     -66.47775
	       D(22,15,14,24)       0.03800       -0.00000       -0.03424       0.00377
	-------------------------------------------------------------------------------

	                                 ==> Convergence Check <==                                  
    
	Measures of convergence in internal coordinates in au.
    
	Criteria marked as inactive (o), active & met (*), and active & unmet ( ).

	----------------------------------------------------------------------------------------------
	   Step    Total Energy     Delta E     Max Force     RMS Force      Max Disp      RMS Disp   
	----------------------------------------------------------------------------------------------
	  Convergence Criteria     1.00e-06 *    3.00e-04 *             o    1.20e-03 *             o
	----------------------------------------------------------------------------------------------
	     4   -1102.17793192   -8.94e-04      3.80e-03      4.43e-04 o    1.04e-01      1.73e-02 o  ~
	----------------------------------------------------------------------------------------------

Next Geometry in Ang 
	Fragment 1 (Ang)

	    C  -3.1595110605  -0.9683393230   1.7720384545
	    N  -4.4551267857  -1.0316152887   1.9687129996
	    C  -5.2361614936  -0.6932356156   0.9103623428
	    N  -4.8409216512  -0.3131135049  -0.2769974284
	    C  -3.4972761891  -0.2482588625  -0.4796527719
	    C  -2.5742544657  -0.5754680154   0.5426290767
	    C  -1.1819478730  -0.5152085590   0.3427965367
	    C  -0.6807089874  -0.1216302098  -0.8920962726
	    N   0.6413737969  -0.0231454992  -1.2110825652
	    C   1.8080056266  -0.3121048327  -0.3994489341
	    C   3.0081569925  -0.1256820334  -1.0717894490
	    C   4.2854575315  -0.3845553621  -0.3930517441
	    O   1.6211005456  -0.7005764823   0.7729155915
	    C  -1.6257842295   0.2075906232  -1.9216805258
	    C  -2.9749876739   0.1511213720  -1.7328774917
	    H  -6.3078164194  -0.7499987337   1.0813818788
	    H  -0.4843283234  -0.7710193236   1.1291439630
	    H   0.8460478758   0.2703728403  -2.1518846044
	    H   3.0164174587   0.2769139218  -2.0809416279
	    H   5.0437088759  -0.8321571017  -1.0432699827
	    H   4.1312352397  -1.0385116840   0.4671299024
	    H  -3.6665354695   0.4050147777  -2.5286021851
	    H  -2.5128051876  -1.2353887409   2.6068855036
	    H  -1.2398795744   0.5138444313  -2.8908981403
	    S   5.2056534847   1.1308002878   0.2714049203
	    C   3.9059224301   1.8124607480   1.3290320424
	    H   3.7088063364   1.1662914627   2.1859088911
	    H   4.2277005233   2.7990768476   1.6706487351
	    H   2.9884586660   1.9065218600   0.7428483478


    Structure for next step:
    Molecular point group: c1
    Full point group: C1

    Geometry (in Angstrom), charge = -1, multiplicity = 1:

    C           -3.159511060548    -0.968339323009     1.772038454502
    N           -4.455126785723    -1.031615288656     1.968712999638
    C           -5.236161493573    -0.693235615601     0.910362342833
    N           -4.840921651174    -0.313113504946    -0.276997428430
    C           -3.497276189121    -0.248258862486    -0.479652771853
    C           -2.574254465744    -0.575468015371     0.542629076673
    C           -1.181947872968    -0.515208559031     0.342796536696
    C           -0.680708987368    -0.121630209800    -0.892096272630
    N            0.641373796916    -0.023145499175    -1.211082565165
    C            1.808005626611    -0.312104832692    -0.399448934105
    C            3.008156992541    -0.125682033350    -1.071789449045
    C            4.285457531531    -0.384555362147    -0.393051744078
    O            1.621100545550    -0.700576482315     0.772915591486
    C           -1.625784229493     0.207590623206    -1.921680525776
    C           -2.974987673909     0.151121372047    -1.732877491729
    H           -6.307816419379    -0.749998733720     1.081381878772
    H           -0.484328323404    -0.771019323583     1.129143962976
    H            0.846047875840     0.270372840318    -2.151884604416
    H            3.016417458736     0.276913921845    -2.080941627872
    H            5.043708875933    -0.832157101667    -1.043269982702
    H            4.131235239707    -1.038511684002     0.467129902384
    H           -3.666535469454     0.405014777669    -2.528602185138
    H           -2.512805187564    -1.235388740882     2.606885503611
    H           -1.239879574413     0.513844431302    -2.890898140310
    S            5.205653484672     1.130800287758     0.271404920320
    C            3.905922430076     1.812460747989     1.329032042432
    H            3.708806336370     1.166291462668     2.185908891079
    H            4.227700523346     2.799076847618     1.670648735062
    H            2.988458665993     1.906521860026     0.742848347779


Scratch directory: /tmp/
gradient() will perform analytic gradient computation.
   => Libint2 <=

    Primary   basis highest AM E, G, H:  7, 6, 3
    Auxiliary basis highest AM E, G, H:  7, 7, 4
    Onebody   basis highest AM E, G, H:  -, -, -
    Solid Harmonics ordering:            Gaussian

*** tstart() called on eristm01.eisai.local
*** at Wed May 20 10:26:15 2026

   => Loading Basis Set <=

    Name: 6-311+G(D,P)
    Role: ORBITAL
    Keyword: BASIS
    atoms 1, 3, 5-8, 10-12, 14-15, 26 entry C          line   129 file /home2/shbae/bucket/covalent/.pixi/envs/default/share/psi4/basis/6-311pg_d_p_.gbs 
    atoms 2, 4, 9                     entry N          line   150 file /home2/shbae/bucket/covalent/.pixi/envs/default/share/psi4/basis/6-311pg_d_p_.gbs 
    atoms 13                          entry O          line   171 file /home2/shbae/bucket/covalent/.pixi/envs/default/share/psi4/basis/6-311pg_d_p_.gbs 
    atoms 16-24, 27-29                entry H          line    42 file /home2/shbae/bucket/covalent/.pixi/envs/default/share/psi4/basis/6-311pg_d_p_.gbs 
    atoms 25                          entry S          line   429 file /home2/shbae/bucket/covalent/.pixi/envs/default/share/psi4/basis/6-311pg_d_p_.gbs 

   => WB97X-D: Empirical Dispersion <=

    Chai and Head-Gordon Dispersion Correction
    Chai, J.-D.; Head-Gordon, M. (2010), J. Chem. Phys., 132: 6615-6620

        s6 =       1.000000


         ---------------------------------------------------------
                                   SCF
               by Justin Turney, Rob Parrish, Andy Simmonett
                          and Daniel G. A. Smith
                              RKS Reference
                        8 Threads,   7629 MiB Core
         ---------------------------------------------------------

  ==> Geometry <==

    Molecular point group: c1
    Full point group: C1

    Geometry (in Angstrom), charge = -1, multiplicity = 1:

       Center              X                  Y                   Z               Mass       
    ------------   -----------------  -----------------  -----------------  -----------------
         C           -3.159511060548    -0.968339323009     1.772038454502    12.000000000000
         N           -4.455126785723    -1.031615288656     1.968712999638    14.003074004430
         C           -5.236161493573    -0.693235615601     0.910362342833    12.000000000000
         N           -4.840921651174    -0.313113504946    -0.276997428430    14.003074004430
         C           -3.497276189121    -0.248258862486    -0.479652771853    12.000000000000
         C           -2.574254465744    -0.575468015371     0.542629076673    12.000000000000
         C           -1.181947872968    -0.515208559031     0.342796536696    12.000000000000
         C           -0.680708987368    -0.121630209800    -0.892096272630    12.000000000000
         N            0.641373796916    -0.023145499175    -1.211082565165    14.003074004430
         C            1.808005626611    -0.312104832692    -0.399448934105    12.000000000000
         C            3.008156992541    -0.125682033350    -1.071789449045    12.000000000000
         C            4.285457531531    -0.384555362147    -0.393051744078    12.000000000000
         O            1.621100545550    -0.700576482315     0.772915591486    15.994914619570
         C           -1.625784229493     0.207590623206    -1.921680525776    12.000000000000
         C           -2.974987673909     0.151121372047    -1.732877491729    12.000000000000
         H           -6.307816419379    -0.749998733720     1.081381878772     1.007825032230
         H           -0.484328323404    -0.771019323583     1.129143962976     1.007825032230
         H            0.846047875840     0.270372840318    -2.151884604416     1.007825032230
         H            3.016417458736     0.276913921845    -2.080941627872     1.007825032230
         H            5.043708875933    -0.832157101667    -1.043269982702     1.007825032230
         H            4.131235239707    -1.038511684002     0.467129902384     1.007825032230
         H           -3.666535469454     0.405014777669    -2.528602185138     1.007825032230
         H           -2.512805187564    -1.235388740882     2.606885503611     1.007825032230
         H           -1.239879574413     0.513844431302    -2.890898140310     1.007825032230
         S            5.205653484672     1.130800287758     0.271404920320    31.972071174400
         C            3.905922430076     1.812460747989     1.329032042432    12.000000000000
         H            3.708806336370     1.166291462668     2.185908891079     1.007825032230
         H            4.227700523346     2.799076847618     1.670648735062     1.007825032230
         H            2.988458665993     1.906521860026     0.742848347779     1.007825032230

  Running in c1 symmetry.

  Rotational constants: A =      0.04217  B =      0.00525  C =      0.00490 [cm^-1]
  Rotational constants: A =   1264.14855  B =    157.24980  C =    146.79021 [MHz]
  Nuclear repulsion = 1187.645494129622648

  Charge       = -1
  Multiplicity = 1
  Electrons    = 130
  Nalpha       = 65
  Nbeta        = 65

  ==> Algorithm <==

  SCF Algorithm Type is DF.
  DIIS enabled.
  MOM disabled.
  Fractional occupation disabled.
  Guess Type is READ.
  Energy threshold   = 1.00e-08
  Density threshold  = 1.00e-08
  Integral threshold = 1.00e-12

  ==> Primary Basis <==

  Basis Set: 6-311+G(D,P)
    Blend: 6-311+G(D,P)
    Number of shells: 222
    Number of basis functions: 454
    Number of Cartesian functions: 471
    Spherical Harmonics?: true
    Max angular momentum: 2

  ==> DFT Potential <==

   => LibXC <=

    Version 7.0.0
    S. Lehtola, C. Steigemann, M. J.T. Oliveira, and M. A.L. Marques.,  SoftwareX 7, 1–5 (2018) (10.1016/j.softx.2017.11.002)

   => Composite Functional: WB97X-D <= 

    wB97X-D Hyb-GGA Exchange-Correlation Functional

    J.-D. Chai and M. Head-Gordon.,  Phys. Chem. Chem. Phys. 10, 6615-6620 (2008) (10.1039/B810189B)

    Deriv               =              1
    GGA                 =           TRUE
    Meta                =          FALSE

    Exchange Hybrid     =           TRUE
    MP2 Hybrid          =          FALSE

   => Exchange-Correlation Functionals <=

    1.0000   wB97X-D range-separated functional

   => Exact (HF) Exchange <=

    0.7780            HF,LR [omega = 0.2000]
    0.2220               HF 

   => LibXC Density Thresholds  <==

    XC_HYB_GGA_XC_WB97X_D:  1.00E-14 

   => Molecular Quadrature <=

    Radial Scheme          =       TREUTLER
    Pruning Scheme         =           NONE
    Nuclear Scheme         =       TREUTLER

    Blocking Scheme        =         OCTREE
    BS radius alpha        =              1
    Pruning alpha          =              1
    Radial Points          =             75
    Spherical Points       =            302
    Total Points           =         606139
    Total Blocks           =           4372
    Max Points             =            256
    Max Functions          =            333
    Weights Tolerance      =       1.00E-15

   => Loading Basis Set <=

    Name: (6-311+G(D,P) AUX)
    Role: JKFIT
    Keyword: DF_BASIS_SCF
    atoms 1, 3, 5-8, 10-12, 14-15, 26 entry C          line   200 file /home2/shbae/bucket/covalent/.pixi/envs/default/share/psi4/basis/heavy-aug-cc-pvtz-jkfit.gbs 
    atoms 2, 4, 9                     entry N          line   262 file /home2/shbae/bucket/covalent/.pixi/envs/default/share/psi4/basis/heavy-aug-cc-pvtz-jkfit.gbs 
    atoms 13                          entry O          line   324 file /home2/shbae/bucket/covalent/.pixi/envs/default/share/psi4/basis/heavy-aug-cc-pvtz-jkfit.gbs 
    atoms 16-24, 27-29                entry H          line   116 file /home2/shbae/bucket/covalent/.pixi/envs/default/share/psi4/basis/heavy-aug-cc-pvtz-jkfit.gbs 
    atoms 25                          entry S          line   768 file /home2/shbae/bucket/covalent/.pixi/envs/default/share/psi4/basis/heavy-aug-cc-pvtz-jkfit.gbs 

   => Loading Basis Set <=

    Name: 6-311+G(D,P)
    Role: ORBITAL
    Keyword: BASIS
    atoms 1, 3, 5-8, 10-12, 14-15, 26 entry C          line   129 file /home2/shbae/bucket/covalent/.pixi/envs/default/share/psi4/basis/6-311pg_d_p_.gbs 
    atoms 2, 4, 9                     entry N          line   150 file /home2/shbae/bucket/covalent/.pixi/envs/default/share/psi4/basis/6-311pg_d_p_.gbs 
    atoms 13                          entry O          line   171 file /home2/shbae/bucket/covalent/.pixi/envs/default/share/psi4/basis/6-311pg_d_p_.gbs 
    atoms 16-24, 27-29                entry H          line    42 file /home2/shbae/bucket/covalent/.pixi/envs/default/share/psi4/basis/6-311pg_d_p_.gbs 
    atoms 25                          entry S          line   429 file /home2/shbae/bucket/covalent/.pixi/envs/default/share/psi4/basis/6-311pg_d_p_.gbs 

  Reading orbitals from file /tmp/4_intermediate.default.2248151.180.npy, no projection.

  ==> Integral Setup <==

  ==> DiskDFJK: Density-Fitted J/K Matrices <==

    J tasked:                  Yes
    K tasked:                  Yes
    wK tasked:                 Yes
    Omega:               2.000E-01
    OpenMP threads:              8
    Integrals threads:           8
    Memory [MiB]:             1472
    Algorithm:                Disk
    Integral Cache:           NONE
    Schwarz Cutoff:          1E-12
    Fitting Condition:       1E-10

   => Auxiliary Basis Set <=

  Basis Set: (6-311+G(D,P) AUX)
    Blend: HEAVY-AUG-CC-PVTZ-JKFIT
    Number of shells: 642
    Number of basis functions: 2170
    Number of Cartesian functions: 2696
    Spherical Harmonics?: true
    Max angular momentum: 4

  Cached 100.0% of DFT collocation blocks in 4.150 [GiB].

  Minimum eigenvalue in the overlap matrix is 1.5496377118E-07.
  Reciprocal condition number of the overlap matrix is 1.0674644455E-08.
    Using symmetric orthogonalization.

  ==> Pre-Iterations <==

  SCF Guess: Orbitals guess was supplied from a previous computation.

   -------------------------------------------------------
    Irrep   Nso     Nmo     Nalpha   Nbeta   Ndocc  Nsocc
   -------------------------------------------------------
     A        454     454      65      65      65       0
   -------------------------------------------------------
    Total     454     454      65      65      65       0
   -------------------------------------------------------

  ==> Iterations <==

                           Total Energy        Delta E     RMS |[F,P]|

   @DF-RKS iter   0: -1102.18627917640652   -1.10219e+03   6.22232e-04 
   @DF-RKS iter   1: -1102.17687221102892    9.40697e-03   6.14866e-05 DIIS
   @DF-RKS iter   2: -1102.17776250345014   -8.90292e-04   3.39986e-05 DIIS
   @DF-RKS iter   3: -1102.17788494169895   -1.22438e-04   1.94177e-05 DIIS
   @DF-RKS iter   4: -1102.17793187068696   -4.69290e-05   7.40720e-06 DIIS
   @DF-RKS iter   5: -1102.17793826050297   -6.38982e-06   1.96641e-06 DIIS
   @DF-RKS iter   6: -1102.17793885361903   -5.93116e-07   7.90966e-07 DIIS
   @DF-RKS iter   7: -1102.17793898633522   -1.32716e-07   3.61787e-07 DIIS
   @DF-RKS iter   8: -1102.17793901240111   -2.60659e-08   1.43131e-07 DIIS
   @DF-RKS iter   9: -1102.17793901650202   -4.10091e-09   5.21306e-08 DIIS
   @DF-RKS iter  10: -1102.17793901732307   -8.21046e-10   2.07732e-08 DIIS
   @DF-RKS iter  11: -1102.17793901739833   -7.52607e-11   9.16420e-09 DIIS
  Energy and wave function converged.


  ==> Post-Iterations <==

   Electrons on quadrature grid:
      Ntotal   =  129.9998257565 ; deviation = -1.742e-04 

    Orbital Energies [Eh]
    ---------------------

    Doubly Occupied:                                                      

       1A    -88.864085     2A    -19.038979     3A    -14.341425  
       4A    -14.341292     5A    -14.331910     6A    -10.250284  
       7A    -10.240298     8A    -10.236027     9A    -10.229793  
      10A    -10.222283    11A    -10.205566    12A    -10.204909  
      13A    -10.200187    14A    -10.172419    15A    -10.171735  
      16A    -10.171718    17A    -10.100233    18A     -7.904613  
      19A     -5.853755    20A     -5.850118    21A     -5.843863  
      22A     -0.994087    23A     -0.972085    24A     -0.910081  
      25A     -0.898336    26A     -0.847097    27A     -0.775979  
      28A     -0.762949    29A     -0.744717    30A     -0.701388  
      31A     -0.668270    32A     -0.651128    33A     -0.624504  
      34A     -0.606760    35A     -0.561241    36A     -0.538590  
      37A     -0.527276    38A     -0.518707    39A     -0.489855  
      40A     -0.454354    41A     -0.444059    42A     -0.430480  
      43A     -0.424005    44A     -0.422107    45A     -0.407120  
      46A     -0.396378    47A     -0.391025    48A     -0.381866  
      49A     -0.377485    50A     -0.356103    51A     -0.349969  
      52A     -0.341055    53A     -0.334262    54A     -0.314316  
      55A     -0.309264    56A     -0.302268    57A     -0.292567  
      58A     -0.268526    59A     -0.258008    60A     -0.241020  
      61A     -0.235690    62A     -0.185745    63A     -0.174254  
      64A     -0.165279    65A     -0.103388  

    Virtual:                                                              

      66A      0.097529    67A      0.137434    68A      0.141275  
      69A      0.148424    70A      0.159611    71A      0.166014  
      72A      0.167427    73A      0.169377    74A      0.172346  
      75A      0.182078    76A      0.186025    77A      0.190957  
      78A      0.194271    79A      0.197639    80A      0.205713  
      81A      0.212057    82A      0.218333    83A      0.221379  
      84A      0.221967    85A      0.227943    86A      0.232995  
      87A      0.236642    88A      0.241044    89A      0.245009  
      90A      0.246079    91A      0.256151    92A      0.258673  
      93A      0.265078    94A      0.265577    95A      0.268478  
      96A      0.274099    97A      0.276370    98A      0.283401  
      99A      0.287400   100A      0.292596   101A      0.296114  
     102A      0.297857   103A      0.303791   104A      0.307441  
     105A      0.314178   106A      0.320312   107A      0.325140  
     108A      0.328371   109A      0.330571   110A      0.332852  
     111A      0.338750   112A      0.339499   113A      0.345074  
     114A      0.349577   115A      0.352728   116A      0.359147  
     117A      0.365217   118A      0.367475   119A      0.368639  
     120A      0.370695   121A      0.375663   122A      0.380064  
     123A      0.381598   124A      0.386507   125A      0.389976  
     126A      0.393309   127A      0.396637   128A      0.401392  
     129A      0.405574   130A      0.407736   131A      0.413077  
     132A      0.415328   133A      0.424069   134A      0.429788  
     135A      0.432607   136A      0.434458   137A      0.437672  
     138A      0.442008   139A      0.447769   140A      0.450127  
     141A      0.455216   142A      0.458890   143A      0.464933  
     144A      0.468189   145A      0.478987   146A      0.488088  
     147A      0.489725   148A      0.496400   149A      0.499754  
     150A      0.509538   151A      0.510205   152A      0.516059  
     153A      0.522726   154A      0.528273   155A      0.534506  
     156A      0.538621   157A      0.542446   158A      0.543871  
     159A      0.551723   160A      0.559541   161A      0.567009  
     162A      0.574222   163A      0.603428   164A      0.606996  
     165A      0.607971   166A      0.627731   167A      0.637375  
     168A      0.644958   169A      0.660495   170A      0.682269  
     171A      0.688431   172A      0.711279   173A      0.711661  
     174A      0.719275   175A      0.722839   176A      0.731918  
     177A      0.733704   178A      0.734474   179A      0.746369  
     180A      0.754178   181A      0.766586   182A      0.768134  
     183A      0.770897   184A      0.776283   185A      0.796572  
     186A      0.801393   187A      0.804116   188A      0.822041  
     189A      0.824151   190A      0.832555   191A      0.841175  
     192A      0.845614   193A      0.859565   194A      0.873120  
     195A      0.880850   196A      0.885654   197A      0.887312  
     198A      0.895061   199A      0.904647   200A      0.904679  
     201A      0.910814   202A      0.912653   203A      0.928837  
     204A      0.933165   205A      0.936951   206A      0.950990  
     207A      0.959966   208A      0.972236   209A      0.976987  
     210A      0.982792   211A      0.988097   212A      0.998148  
     213A      1.000586   214A      1.017262   215A      1.035225  
     216A      1.044773   217A      1.048055   218A      1.061069  
     219A      1.075615   220A      1.080522   221A      1.082586  
     222A      1.085571   223A      1.094951   224A      1.101870  
     225A      1.112144   226A      1.119727   227A      1.124096  
     228A      1.128391   229A      1.134353   230A      1.141084  
     231A      1.154377   232A      1.161390   233A      1.171089  
     234A      1.174195   235A      1.185895   236A      1.190314  
     237A      1.193929   238A      1.212259   239A      1.233542  
     240A      1.234863   241A      1.242042   242A      1.257197  
     243A      1.274537   244A      1.285668   245A      1.289110  
     246A      1.303978   247A      1.305015   248A      1.319742  
     249A      1.326771   250A      1.334760   251A      1.343959  
     252A      1.346970   253A      1.355616   254A      1.381043  
     255A      1.392602   256A      1.403288   257A      1.418051  
     258A      1.420768   259A      1.477803   260A      1.485593  
     261A      1.506765   262A      1.527879   263A      1.546640  
     264A      1.558407   265A      1.560576   266A      1.584348  
     267A      1.613174   268A      1.670543   269A      1.681012  
     270A      1.684332   271A      1.711777   272A      1.716740  
     273A      1.719311   274A      1.727997   275A      1.742581  
     276A      1.751173   277A      1.757780   278A      1.764807  
     279A      1.769776   280A      1.776597   281A      1.797542  
     282A      1.813140   283A      1.824074   284A      1.838285  
     285A      1.841378   286A      1.848329   287A      1.860327  
     288A      1.872234   289A      1.881668   290A      1.895916  
     291A      1.912754   292A      1.916577   293A      1.923236  
     294A      1.923536   295A      1.947155   296A      1.948418  
     297A      1.961724   298A      1.980919   299A      1.986621  
     300A      1.996851   301A      2.014674   302A      2.031018  
     303A      2.035172   304A      2.059403   305A      2.064681  
     306A      2.071058   307A      2.076121   308A      2.085680  
     309A      2.119355   310A      2.133551   311A      2.146329  
     312A      2.160932   313A      2.166848   314A      2.175793  
     315A      2.185341   316A      2.205728   317A      2.214228  
     318A      2.223774   319A      2.242789   320A      2.248545  
     321A      2.252992   322A      2.285375   323A      2.297892  
     324A      2.310690   325A      2.319524   326A      2.335067  
     327A      2.356390   328A      2.383511   329A      2.396191  
     330A      2.433082   331A      2.443891   332A      2.461398  
     333A      2.464868   334A      2.475087   335A      2.494276  
     336A      2.500979   337A      2.531253   338A      2.532848  
     339A      2.548774   340A      2.584478   341A      2.604959  
     342A      2.616234   343A      2.645794   344A      2.661579  
     345A      2.675250   346A      2.696830   347A      2.699761  
     348A      2.724148   349A      2.757342   350A      2.767202  
     351A      2.776291   352A      2.792247   353A      2.794994  
     354A      2.815328   355A      2.831692   356A      2.850478  
     357A      2.864979   358A      2.881950   359A      2.889649  
     360A      2.902771   361A      2.917410   362A      2.923892  
     363A      2.940186   364A      2.953307   365A      2.963521  
     366A      2.983895   367A      2.990742   368A      2.999587  
     369A      3.018541   370A      3.031795   371A      3.044522  
     372A      3.057077   373A      3.065804   374A      3.074491  
     375A      3.084387   376A      3.108889   377A      3.126768  
     378A      3.132787   379A      3.142576   380A      3.151956  
     381A      3.171947   382A      3.173588   383A      3.187971  
     384A      3.215908   385A      3.228243   386A      3.233046  
     387A      3.240316   388A      3.288779   389A      3.326606  
     390A      3.382653   391A      3.416458   392A      3.441620  
     393A      3.454242   394A      3.519145   395A      3.530525  
     396A      3.550552   397A      3.591100   398A      3.609270  
     399A      3.614958   400A      3.641033   401A      3.696050  
     402A      3.726774   403A      3.757983   404A      3.805144  
     405A      3.814963   406A      3.848923   407A      3.864698  
     408A      3.914515   409A      3.953141   410A      3.965900  
     411A      3.985376   412A      4.031063   413A      4.103330  
     414A      4.112592   415A      4.134425   416A      4.146262  
     417A      4.156545   418A      4.185988   419A      4.269321  
     420A      4.289221   421A      4.398141   422A      4.479576  
     423A      4.571074   424A      4.623034   425A      4.706387  
     426A      5.045027   427A      5.096020   428A      5.180166  
     429A      5.355721   430A      5.376701   431A      5.506755  
     432A      5.609466   433A      6.098170   434A      8.158779  
     435A     17.620125   436A     17.729542   437A     17.742553  
     438A     23.878060   439A     24.065304   440A     24.127138  
     441A     24.168970   442A     24.174718   443A     24.182317  
     444A     24.209135   445A     24.223402   446A     24.261165  
     447A     24.361688   448A     24.377640   449A     24.428518  
     450A     35.874866   451A     35.909046   452A     35.928712  
     453A     50.352618   454A    189.405792  

    Final Occupation by Irrep:
              A 
    DOCC [    65 ]
    NA   [    65 ]
    NB   [    65 ]

  @DF-RKS Final Energy: -1102.17793901739833

   => Energetics <=

    Nuclear Repulsion Energy =           1187.6454941296226480
    One-Electron Energy =               -3880.3861075740023807
    Two-Electron Energy =                1677.7737944962702841
    DFT Exchange-Correlation Energy =     -87.1941032570046559
    Empirical Dispersion Energy =          -0.0170168122841492
    VV10 Nonlocal Energy =                  0.0000000000000000
    Total Energy =                      -1102.1779390173983302

Computation Completed


Properties will be evaluated at   0.000000,   0.000000,   0.000000 [a0]

Properties computed using the SCF density matrix


 Multipole Moments:

 ------------------------------------------------------------------------------------
     Multipole            Electronic (a.u.)      Nuclear  (a.u.)        Total (a.u.)
 ------------------------------------------------------------------------------------

 L = 1.  Multiply by 2.5417464519 to convert [e a0] to [Debye]
 Dipole X            :          2.0067526           -3.9891905           -1.9824379
 Dipole Y            :          9.9140381           -9.4785396            0.4354985
 Dipole Z            :         -3.0861010            2.1092230           -0.9768780
 Magnitude           :                                                    2.2525562

 ------------------------------------------------------------------------------------

*** tstop() called on eristm01.eisai.local at Wed May 20 10:27:02 2026
Module time:
	user time   =     339.49 seconds =       5.66 minutes
	system time =      15.84 seconds =       0.26 minutes
	total time  =         47 seconds =       0.78 minutes
Total time:
	user time   =   48173.19 seconds =     802.89 minutes
	system time =    1684.71 seconds =      28.08 minutes
	total time  =       6888 seconds =     114.80 minutes

*** tstart() called on eristm01.eisai.local
*** at Wed May 20 10:27:02 2026


         ------------------------------------------------------------
                                   SCF GRAD                          
                          Rob Parrish, Justin Turney,                
                       Andy Simmonett, and Alex Sokolov              
         ------------------------------------------------------------

  ==> Geometry <==

    Molecular point group: c1
    Full point group: C1

    Geometry (in Angstrom), charge = -1, multiplicity = 1:

       Center              X                  Y                   Z               Mass       
    ------------   -----------------  -----------------  -----------------  -----------------
         C           -3.159511060548    -0.968339323009     1.772038454502    12.000000000000
         N           -4.455126785723    -1.031615288656     1.968712999638    14.003074004430
         C           -5.236161493573    -0.693235615601     0.910362342833    12.000000000000
         N           -4.840921651174    -0.313113504946    -0.276997428430    14.003074004430
         C           -3.497276189121    -0.248258862486    -0.479652771853    12.000000000000
         C           -2.574254465744    -0.575468015371     0.542629076673    12.000000000000
         C           -1.181947872968    -0.515208559031     0.342796536696    12.000000000000
         C           -0.680708987368    -0.121630209800    -0.892096272630    12.000000000000
         N            0.641373796916    -0.023145499175    -1.211082565165    14.003074004430
         C            1.808005626611    -0.312104832692    -0.399448934105    12.000000000000
         C            3.008156992541    -0.125682033350    -1.071789449045    12.000000000000
         C            4.285457531531    -0.384555362147    -0.393051744078    12.000000000000
         O            1.621100545550    -0.700576482315     0.772915591486    15.994914619570
         C           -1.625784229493     0.207590623206    -1.921680525776    12.000000000000
         C           -2.974987673909     0.151121372047    -1.732877491729    12.000000000000
         H           -6.307816419379    -0.749998733720     1.081381878772     1.007825032230
         H           -0.484328323404    -0.771019323583     1.129143962976     1.007825032230
         H            0.846047875840     0.270372840318    -2.151884604416     1.007825032230
         H            3.016417458736     0.276913921845    -2.080941627872     1.007825032230
         H            5.043708875933    -0.832157101667    -1.043269982702     1.007825032230
         H            4.131235239707    -1.038511684002     0.467129902384     1.007825032230
         H           -3.666535469454     0.405014777669    -2.528602185138     1.007825032230
         H           -2.512805187564    -1.235388740882     2.606885503611     1.007825032230
         H           -1.239879574413     0.513844431302    -2.890898140310     1.007825032230
         S            5.205653484672     1.130800287758     0.271404920320    31.972071174400
         C            3.905922430076     1.812460747989     1.329032042432    12.000000000000
         H            3.708806336370     1.166291462668     2.185908891079     1.007825032230
         H            4.227700523346     2.799076847618     1.670648735062     1.007825032230
         H            2.988458665993     1.906521860026     0.742848347779     1.007825032230

  Nuclear repulsion = 1187.645494129622648

  ==> Basis Set <==

  Basis Set: 6-311+G(D,P)
    Blend: 6-311+G(D,P)
    Number of shells: 222
    Number of basis functions: 454
    Number of Cartesian functions: 471
    Spherical Harmonics?: true
    Max angular momentum: 2

  ==> DFJKGrad: Density-Fitted SCF Gradients <==

    Gradient:                    1
    J tasked:                  Yes
    K tasked:                  Yes
    wK tasked:                 Yes
    Omega:               2.000E-01
    OpenMP threads:              8
    Integrals threads:           8
    Memory [MiB]:             5722
    Schwarz Cutoff:          1E-12
    Fitting Condition:       1E-10

   => Auxiliary Basis Set <=

  Basis Set: (6-311+G(D,P) AUX)
    Blend: HEAVY-AUG-CC-PVTZ-JKFIT
    Number of shells: 642
    Number of basis functions: 2170
    Number of Cartesian functions: 2696
    Spherical Harmonics?: true
    Max angular momentum: 4

  ==> DFT Potential <==

   => LibXC <=

    Version 7.0.0
    S. Lehtola, C. Steigemann, M. J.T. Oliveira, and M. A.L. Marques.,  SoftwareX 7, 1–5 (2018) (10.1016/j.softx.2017.11.002)

   => Composite Functional: WB97X-D <= 

    wB97X-D Hyb-GGA Exchange-Correlation Functional

    J.-D. Chai and M. Head-Gordon.,  Phys. Chem. Chem. Phys. 10, 6615-6620 (2008) (10.1039/B810189B)

    Deriv               =              1
    GGA                 =           TRUE
    Meta                =          FALSE

    Exchange Hybrid     =           TRUE
    MP2 Hybrid          =          FALSE

   => Exchange-Correlation Functionals <=

    1.0000   wB97X-D range-separated functional

   => Exact (HF) Exchange <=

    0.7780            HF,LR [omega = 0.2000]
    0.2220               HF 

   => LibXC Density Thresholds  <==

    XC_HYB_GGA_XC_WB97X_D:  1.00E-14 

   => Molecular Quadrature <=

    Radial Scheme          =       TREUTLER
    Pruning Scheme         =           NONE
    Nuclear Scheme         =       TREUTLER

    Blocking Scheme        =         OCTREE
    BS radius alpha        =              1
    Pruning alpha          =              1
    Radial Points          =             75
    Spherical Points       =            302
    Total Points           =         606139
    Total Blocks           =           4372
    Max Points             =            256
    Max Functions          =            333
    Weights Tolerance      =       1.00E-15


  -Total Gradient:
     Atom            X                  Y                   Z
    ------   -----------------  -----------------  -----------------
       1        0.000147415642     0.000093955521    -0.000334137995
       2       -0.000085055066    -0.000317453775     0.000814979750
       3        0.000134460879     0.000178256577    -0.000151088224
       4       -0.000478499756     0.000136238120    -0.000510279383
       5        0.000715484322    -0.000317945042     0.000840765718
       6       -0.001277232250     0.000294419636    -0.000825918527
       7        0.000705016425     0.000039028119    -0.000253956881
       8       -0.000261909282    -0.000153574672     0.001500056552
       9        0.000714613794    -0.000313207452    -0.000978833158
      10       -0.000084002374     0.000556328861     0.000962751837
      11        0.000948516471    -0.000437162808    -0.000505784619
      12       -0.001477704253    -0.001040637479    -0.000017942804
      13        0.000143643640    -0.000030468731    -0.000266224916
      14       -0.000179492558    -0.000043677826    -0.000187616484
      15        0.000340244320     0.000151672368    -0.000077656959
      16        0.000130419872    -0.000064532767    -0.000018647008
      17        0.000085696227    -0.000050994866     0.000031323289
      18       -0.000113215334     0.000091516653    -0.000053439796
      19       -0.000268202825     0.000176045902    -0.000203577439
      20        0.000119526247    -0.000143047795     0.000034732951
      21       -0.000135375005    -0.000044680308    -0.000237082900
      22       -0.000001202639     0.000068232842    -0.000149883441
      23        0.000299942074    -0.000090738730     0.000130453911
      24       -0.000097852822     0.000052257510    -0.000094478632
      25       -0.000606557655     0.001478946300     0.000032186891
      26        0.001349906439    -0.000483897965     0.000745673140
      27       -0.000289669406     0.000179703649     0.000239104894
      28        0.000032536202     0.000385606755     0.000132212314
      29       -0.000066261137    -0.000194704488    -0.000552824194


*** tstop() called on eristm01.eisai.local at Wed May 20 10:27:21 2026
Module time:
	user time   =     135.02 seconds =       2.25 minutes
	system time =       1.74 seconds =       0.03 minutes
	total time  =         19 seconds =       0.32 minutes
Total time:
	user time   =   48308.22 seconds =     805.14 minutes
	system time =    1686.45 seconds =      28.11 minutes
	total time  =       6907 seconds =     115.12 minutes

    			-----------------------------------------

    			 OPTKING 3.0: for geometry optimizations 

    			     By R.A. King, Bethel University     

    			        with contributions from          

    			    A.V. Copan, J. Cayton, A. Heide      

    			-----------------------------------------

    
	                            ===> Fragment 1 <== 

	 Z (Atomic Numbers)          Masses                          Geom                  
	       6.000000            12.000000         -5.97061059 -1.82989612  3.34866736   
	       7.000000            14.003074         -8.41896948 -1.94947036  3.72032839   
	       6.000000            12.000000         -9.89491117 -1.31002545  1.72033550   
	       7.000000            14.003074         -9.14801612 -0.59169877 -0.52344928   
	       6.000000            12.000000         -6.60889418 -0.46914126 -0.90641237   
	       6.000000            12.000000         -4.86463592 -1.08747694  1.02542034   
	       6.000000            12.000000         -2.23355777 -0.97360307  0.64779157   
	       6.000000            12.000000         -1.28635356 -0.22984779 -1.68581763   
	       7.000000            14.003074          1.21202082 -0.04373865 -2.28861436   
	       6.000000            12.000000          3.41663547 -0.58979266 -0.75484909   
	       6.000000            12.000000          5.68459286 -0.23750462 -2.02538852   
	       6.000000            12.000000          8.09834106 -0.72670431 -0.74276015   
	       8.000000            15.994915          3.06343605 -1.32389768  1.46059879   
	       6.000000            12.000000         -3.07228693  0.39228942 -3.63144989   
	       6.000000            12.000000         -5.62191193  0.28557800 -3.27466387   
	       1.000000             1.007825        -11.92004548  -1.41729220   2.04351559 
	       1.000000             1.007825         -0.91524789 -1.45701536  2.13377285   
	       1.000000             1.007825          1.59879877  0.51093062 -4.06647256   
	       1.000000             1.007825          5.70020288  0.52329147 -3.93240976   
	       1.000000             1.007825          9.53122843 -1.57254902 -1.97149454   
	       1.000000             1.007825          7.80690316 -1.96250266  0.88274758   
	       1.000000             1.007825         -6.92874787  0.76536701 -4.77836561   
	       1.000000             1.007825         -4.74851361 -2.33454638  4.92629964   
	       1.000000             1.007825         -2.34303282  0.97102525 -5.46300574   
	      16.000000            31.972071          9.83725939  2.13690285  0.51288097   
	       6.000000            12.000000          7.38112366  3.42505443  2.51150657   
	       1.000000             1.007825          7.00862823  2.20397145  4.13076914   
	       1.000000             1.007825          7.98919613  5.28948865  3.15706856   
	       1.000000             1.007825          5.64736842  3.60280417  1.40377993   

	 - Coordinate -           - BOHR/RAD -       - ANG/DEG -
	 H(2,23)          =         3.882640           2.054605
	 H(13,17)         =         4.037426           2.136514
	 R(1,2)           =         2.479292           1.311985
	 R(1,6)           =         2.678030           1.417152
	 R(1,23)          =         2.058426           1.089272
	 R(2,3)           =         2.566567           1.358169
	 R(3,4)           =         2.471521           1.307873
	 R(3,16)          =         2.053563           1.086699
	 R(4,5)           =         2.570763           1.360389
	 R(5,6)           =         2.675211           1.415661
	 R(5,15)          =         2.674388           1.415225
	 R(6,7)           =         2.660478           1.407864
	 R(7,8)           =         2.626043           1.389642
	 R(7,17)          =         2.044448           1.081875
	 R(8,9)           =         2.576795           1.363581
	 R(8,14)          =         2.713319           1.435826
	 R(9,10)          =         2.740609           1.450268
	 R(9,18)          =         1.902113           1.006555
	 R(10,11)         =         2.623358           1.388221
	 R(10,13)         =         2.360481           1.249113
	 R(11,12)         =         2.776803           1.469421
	 R(11,19)         =         2.053238           1.086527
	 R(12,20)         =         2.068431           1.094567
	 R(12,21)         =         2.062622           1.091492
	 R(12,25)         =         3.577809           1.893295
	 R(14,15)         =         2.576678           1.363519
	 R(14,24)         =         2.054591           1.087243
	 R(15,22)         =         2.049179           1.084379
	 R(25,26)         =         3.418544           1.809015
	 R(26,27)         =         2.061991           1.091159
	 R(26,28)         =         2.064611           1.092545
	 R(26,29)         =         2.065081           1.092794
	 B(1,2,3)         =         2.025348         116.043893
	 B(1,6,5)         =         2.005639         114.914628
	 B(1,6,7)         =         2.145301         122.916690
	 B(2,1,6)         =         2.154652         123.452476
	 B(2,1,23)        =         2.048320         117.360081
	 B(2,3,4)         =         2.221909         127.306017
	 B(2,3,16)        =         2.016902         115.559954
	 B(3,4,5)         =         2.034853         116.588468
	 B(4,3,16)        =         2.044373         117.133972
	 B(4,5,6)         =         2.123970         121.694504
	 B(4,5,15)        =         2.105839         120.655665
	 B(5,6,7)         =         2.132243         122.168520
	 B(5,15,14)       =         2.093794         119.965561
	 B(5,15,22)       =         2.072051         118.719750
	 B(6,1,23)        =         2.080213         119.187433
	 B(6,5,15)        =         2.053376         117.649787
	 B(6,7,8)         =         2.088593         119.667570
	 B(6,7,17)        =         2.122819         121.628572
	 B(7,8,9)         =         2.187142         125.314007
	 B(7,8,14)        =         2.054139         117.693508
	 B(8,7,17)        =         2.071770         118.703692
	 B(8,9,10)        =         2.258331         129.392849
	 B(8,9,18)        =         2.022907         115.904039
	 B(8,14,15)       =         2.144222         122.854865
	 B(8,14,24)       =         2.060301         118.046535
	 B(9,8,14)        =         2.041903         116.992399
	 B(9,10,11)       =         1.979743         113.430922
	 B(9,10,13)       =         2.056530         117.830465
	 B(10,9,18)       =         2.001614         114.684040
	 B(10,11,12)      =         2.099163         120.273161
	 B(10,11,19)      =         2.101523         120.408375
	 B(11,10,13)      =         2.246803         128.732343
	 B(11,12,20)      =         1.982115         113.566823
	 B(11,12,21)      =         1.924902         110.288749
	 B(11,12,25)      =         2.030391         116.332825
	 B(12,11,19)      =         2.080232         119.188510
	 B(12,25,26)      =         1.729032          99.066233
	 B(14,15,22)      =         2.117338         121.314507
	 B(15,14,24)      =         2.078663         119.098596
	 B(20,12,21)      =         1.897609         108.724968
	 B(20,12,25)      =         1.771224         101.483641
	 B(21,12,25)      =         1.845887         105.761562
	 B(25,26,27)      =         1.945248         111.454485
	 B(25,26,28)      =         1.887545         108.148343
	 B(25,26,29)      =         1.898667         108.785585
	 B(27,26,28)      =         1.920299         110.025030
	 B(27,26,29)      =         1.897099         108.695794
	 B(28,26,29)      =         1.914805         109.710231
	 D(1,2,3,4)       =        -0.000135          -0.007714
	 D(1,2,3,16)      =         3.139886         179.902243
	 D(1,6,5,4)       =        -0.000461          -0.026440
	 D(1,6,5,15)      =         3.142451         180.049164
	 D(1,6,7,8)       =        -3.142606        -180.058086
	 D(1,6,7,17)      =         0.001603           0.091824
	 D(2,1,6,5)       =         0.000763           0.043695
	 D(2,1,6,7)       =        -3.138321        -179.812528
	 D(2,3,4,5)       =         0.000408           0.023352
	 D(3,2,1,6)       =        -0.000490          -0.028085
	 D(3,2,1,23)      =         3.141728         180.007756
	 D(3,4,5,6)       =        -0.000070          -0.003993
	 D(3,4,5,15)      =        -3.143021        -180.081843
	 D(4,5,6,7)       =         3.138643         179.830976
	 D(4,5,15,14)     =        -3.138388        -179.816369
	 D(4,5,15,22)     =         0.000532           0.030497
	 D(5,4,3,16)      =        -3.139592        -179.885372
	 D(5,6,1,23)      =        -3.141466        -179.992767
	 D(5,6,7,8)       =         0.001675           0.095959
	 D(5,6,7,17)      =        -3.137301        -179.754131
	 D(5,15,14,8)     =        -0.002282          -0.130746
	 D(5,15,14,24)    =        -3.144270        -180.153425
	 D(6,5,15,14)     =         0.001900           0.108851
	 D(6,5,15,22)     =        -3.142366        -180.044282
	 D(6,7,8,9)       =         3.141645         180.002992
	 D(6,7,8,14)      =        -0.001864          -0.106809
	 D(7,6,1,23)      =         0.002636           0.151010
	 D(7,6,5,15)      =        -0.001630          -0.093420
	 D(7,8,9,10)      =         0.022344           1.280191
	 D(7,8,9,18)      =         3.134438         179.590041
	 D(7,8,14,15)     =         0.002245           0.128630
	 D(7,8,14,24)     =         3.144230         180.151083
	 D(8,9,10,11)     =         3.115907         178.528315
	 D(8,9,10,13)     =        -0.011180          -0.640574
	 D(8,14,15,22)    =        -3.141131        -179.973552
	 D(9,8,7,17)      =        -0.002488          -0.142534
	 D(9,8,14,15)     =         3.142083         180.028079
	 D(9,8,14,24)     =         0.000882           0.050531
	 D(9,10,11,12)    =         3.148985         180.423567
	 D(9,10,11,19)    =         0.080303           4.601027
	 D(10,9,8,14)     =         3.165841         181.389300
	 D(10,11,12,20)   =         2.491476         142.751072
	 D(10,11,12,21)   =         0.356572          20.430047
	 D(10,11,12,25)   =        -1.744891         -99.974884
	 D(11,10,9,18)    =         0.003517           0.201537
	 D(11,12,25,26)   =         0.983012          56.322440
	 D(12,11,10,13)   =        -0.009052          -0.518630
	 D(12,25,26,27)   =         1.187391          68.032519
	 D(12,25,26,28)   =        -2.982819        -170.902961
	 D(12,25,26,29)   =        -0.904076         -51.799730
	 D(13,10,9,18)    =        -3.123570        -178.967352
	 D(13,10,11,19)   =        -3.077734        -176.341169
	 D(14,8,7,17)     =        -3.145997        -180.252335
	 D(14,8,9,18)     =        -0.005251          -0.300850
	 D(19,11,12,20)   =        -0.722142         -41.375674
	 D(19,11,12,21)   =        -2.857046        -163.696699
	 D(19,11,12,25)   =         1.324676          75.898371
	 D(20,12,25,26)   =        -3.140084        -179.913569
	 D(21,12,25,26)   =        -1.160256         -66.477752
	 D(22,15,14,24)   =         0.000066           0.003769


	        --- Internal Coordinate Step in ANG or DEG, aJ/ANG or AJ/DEG ---
	-------------------------------------------------------------------------------
	           Coordinate      Previous         Force          Change          New 
	           ----------      --------        ------          ------        ------
	              H(2,23)       2.05460       -0.00115       -0.00080       2.05380
	             H(13,17)       2.13651        0.00062        0.00012       2.13663
	               R(1,2)       1.31199       -0.00005       -0.00031       1.31167
	               R(1,6)       1.41715        0.00105        0.00028       1.41743
	              R(1,23)       1.08927       -0.00138       -0.00040       1.08887
	               R(2,3)       1.35817       -0.00439       -0.00049       1.35768
	               R(3,4)       1.30787       -0.00287       -0.00067       1.30720
	              R(3,16)       1.08670        0.00092        0.00001       1.08671
	               R(4,5)       1.36039       -0.00211       -0.00020       1.36019
	               R(5,6)       1.41566        0.00616        0.00035       1.41601
	              R(5,15)       1.41523       -0.00191       -0.00025       1.41498
	               R(6,7)       1.40786       -0.00367       -0.00067       1.40719
	               R(7,8)       1.38964        0.00452        0.00021       1.38985
	              R(7,17)       1.08188       -0.00032       -0.00031       1.08156
	               R(8,9)       1.36358       -0.00235       -0.00044       1.36314
	              R(8,14)       1.43583       -0.00243       -0.00047       1.43536
	              R(9,10)       1.45027        0.00148       -0.00025       1.45002
	              R(9,18)       1.00656       -0.00039        0.00007       1.00663
	             R(10,11)       1.38822        0.00296       -0.00049       1.38773
	             R(10,13)       1.24911        0.00228       -0.00003       1.24908
	             R(11,12)       1.46942        0.00706        0.00105       1.47047
	             R(11,19)       1.08653       -0.00199       -0.00059       1.08593
	             R(12,20)       1.09457       -0.00091       -0.00020       1.09437
	             R(12,21)       1.09149        0.00101        0.00004       1.09154
	             R(12,25)       1.89330       -0.01184       -0.00403       1.88927
	             R(14,15)       1.36352        0.00214       -0.00003       1.36349
	             R(14,24)       1.08724       -0.00052       -0.00023       1.08701
	             R(15,22)       1.08438       -0.00114       -0.00038       1.08399
	             R(25,26)       1.80902        0.00347       -0.00012       1.80890
	             R(26,27)       1.09116       -0.00116       -0.00042       1.09074
	             R(26,28)       1.09254       -0.00319       -0.00054       1.09201
	             R(26,29)       1.09279       -0.00286       -0.00083       1.09196
	             B(1,2,3)     116.04389        0.00004        0.05863     116.10253
	             B(1,6,5)     114.91463       -0.00003       -0.02549     114.88913
	             B(1,6,7)     122.91669        0.00005        0.08833     123.00502
	             B(2,1,6)     123.45248       -0.00001       -0.01741     123.43507
	            B(2,1,23)     117.36008        0.00000       -0.01789     117.34219
	             B(2,3,4)     127.30602       -0.00002       -0.05512     127.25089
	            B(2,3,16)     115.55995        0.00001       -0.00193     115.55802
	             B(3,4,5)     116.58847        0.00003        0.07351     116.66198
	            B(4,3,16)     117.13397        0.00001        0.05711     117.19108
	             B(4,5,6)     121.69450       -0.00000       -0.03418     121.66033
	            B(4,5,15)     120.65566       -0.00000       -0.01612     120.63954
	             B(5,6,7)     122.16852       -0.00002       -0.06277     122.10575
	           B(5,15,14)     119.96556        0.00000       -0.01920     119.94637
	           B(5,15,22)     118.71975       -0.00001       -0.00597     118.71378
	            B(6,1,23)     119.18743        0.00001        0.03531     119.22274
	            B(6,5,15)     117.64979        0.00001        0.05028     117.70007
	             B(6,7,8)     119.66757        0.00001        0.03078     119.69835
	            B(6,7,17)     121.62857       -0.00000       -0.03728     121.59129
	             B(7,8,9)     125.31401       -0.00003       -0.07120     125.24281
	            B(7,8,14)     117.69351       -0.00000        0.01199     117.70550
	            B(8,7,17)     118.70369       -0.00001        0.00639     118.71009
	            B(8,9,10)     129.39285        0.00004        0.06410     129.45695
	            B(8,9,18)     115.90404       -0.00001       -0.04646     115.85758
	           B(8,14,15)     122.85486       -0.00000       -0.01097     122.84390
	           B(8,14,24)     118.04654       -0.00001       -0.04571     118.00082
	            B(9,8,14)     116.99240        0.00003        0.05924     117.05164
	           B(9,10,11)     113.43092        0.00001        0.02909     113.46001
	           B(9,10,13)     117.83046       -0.00002        0.00546     117.83592
	           B(10,9,18)     114.68404       -0.00003       -0.03560     114.64844
	          B(10,11,12)     120.27316        0.00007        0.12232     120.39549
	          B(10,11,19)     120.40837       -0.00001        0.00715     120.41552
	          B(11,10,13)     128.73234        0.00001       -0.03248     128.69986
	          B(11,12,20)     113.56682        0.00001       -0.17811     113.38871
	          B(11,12,21)     110.28875       -0.00000       -0.05596     110.23279
	          B(11,12,25)     116.33283        0.00001        0.07615     116.40898
	          B(12,11,19)     119.18851       -0.00006       -0.11824     119.07027
	          B(12,25,26)      99.06623       -0.00012        0.05376      99.12000
	          B(14,15,22)     121.31451        0.00001        0.02523     121.33974
	          B(15,14,24)     119.09860        0.00001        0.05657     119.15516
	          B(20,12,21)     108.72497        0.00000        0.02813     108.75310
	          B(20,12,25)     101.48364       -0.00000        0.15396     101.63760
	          B(21,12,25)     105.76156       -0.00002       -0.00205     105.75952
	          B(25,26,27)     111.45449       -0.00006       -0.29034     111.16415
	          B(25,26,28)     108.14834       -0.00001       -0.11055     108.03779
	          B(25,26,29)     108.78558        0.00007        0.25345     109.03904
	          B(27,26,28)     110.02503        0.00001        0.09320     110.11823
	          B(27,26,29)     108.69579       -0.00000       -0.04148     108.65431
	          B(28,26,29)     109.71023       -0.00001        0.10241     109.81264
	           D(1,2,3,4)      -0.00771       -0.00000       -0.03981      -0.04752
	          D(1,2,3,16)     179.90224        0.00000        0.03121     179.93346
	           D(1,6,5,4)      -0.02644       -0.00000       -0.05224      -0.07868
	          D(1,6,5,15)     180.04916       -0.00000       -0.04215     180.00701
	           D(1,6,7,8)    -180.05809        0.00000        0.02012    -180.03797
	          D(1,6,7,17)       0.09182        0.00000        0.06278       0.15460
	           D(2,1,6,5)       0.04369        0.00000        0.04661       0.09031
	           D(2,1,6,7)    -179.81253       -0.00000        0.01168    -179.80085
	           D(2,3,4,5)       0.02335        0.00000        0.03379       0.05714
	           D(3,2,1,6)      -0.02809        0.00000       -0.00456      -0.03265
	          D(3,2,1,23)     180.00776       -0.00000       -0.02368     179.98408
	           D(3,4,5,6)      -0.00399        0.00000        0.01588       0.01189
	          D(3,4,5,15)    -180.08184        0.00000        0.00555    -180.07629
	           D(4,5,6,7)     179.83098       -0.00000       -0.01741     179.81356
	         D(4,5,15,14)    -179.81637       -0.00000       -0.02102    -179.83739
	         D(4,5,15,22)       0.03050       -0.00000        0.01197       0.04247
	          D(5,4,3,16)    -179.88537       -0.00000       -0.03819    -179.92356
	          D(5,6,1,23)    -179.99277        0.00000        0.06605    -179.92672
	           D(5,6,7,8)       0.09596        0.00000       -0.01737       0.07859
	          D(5,6,7,17)    -179.75413       -0.00000        0.02530    -179.72884
	         D(5,15,14,8)      -0.13075        0.00001        0.09533      -0.03542
	        D(5,15,14,24)    -180.15343        0.00000       -0.00990    -180.16332
	         D(6,5,15,14)       0.10885       -0.00000       -0.03101       0.07784
	         D(6,5,15,22)    -180.04428        0.00000        0.00197    -180.04231
	           D(6,7,8,9)     180.00299       -0.00000        0.06022     180.06322
	          D(6,7,8,14)      -0.10681       -0.00000        0.07563      -0.03118
	          D(7,6,1,23)       0.15101        0.00000        0.03112       0.18213
	          D(7,6,5,15)      -0.09342       -0.00000       -0.00733      -0.10075
	          D(7,8,9,10)       1.28019        0.00002        0.53685       1.81704
	          D(7,8,9,18)     179.59004        0.00001       -0.12880     179.46124
	         D(7,8,14,15)       0.12863       -0.00000       -0.11773       0.01090
	         D(7,8,14,24)     180.15108       -0.00000       -0.01368     180.13740
	         D(8,9,10,11)     178.52831        0.00001       -0.06516     178.46316
	         D(8,9,10,13)      -0.64057       -0.00001       -0.21512      -0.85570
	        D(8,14,15,22)    -179.97355        0.00000        0.06151    -179.91205
	          D(9,8,7,17)      -0.14253        0.00000        0.01872      -0.12381
	         D(9,8,14,15)     180.02808       -0.00000       -0.10375     179.92433
	         D(9,8,14,24)       0.05053        0.00000        0.00030       0.05083
	        D(9,10,11,12)     180.42357       -0.00000       -0.12774     180.29583
	        D(9,10,11,19)       4.60103       -0.00001       -0.30730       4.29372
	         D(10,9,8,14)     181.38930        0.00001        0.52158     181.91088
	       D(10,11,12,20)     142.75107       -0.00001       -0.05180     142.69928
	       D(10,11,12,21)      20.43005       -0.00002        0.07994      20.50998
	       D(10,11,12,25)     -99.97488        0.00000        0.07219     -99.90269
	        D(11,10,9,18)       0.20154        0.00002        0.59407       0.79561
	       D(11,12,25,26)      56.32244       -0.00004       -3.40265      52.91979
	       D(12,11,10,13)      -0.51863        0.00001        0.04267      -0.47596
	       D(12,25,26,27)      68.03252        0.00001       -1.55524      66.47728
	       D(12,25,26,28)    -170.90296       -0.00002       -1.69064    -172.59360
	       D(12,25,26,29)     -51.79973       -0.00000       -1.48803     -53.28776
	        D(13,10,9,18)    -178.96735        0.00000        0.44410    -178.52325
	       D(13,10,11,19)    -176.34117        0.00000       -0.13690    -176.47807
	         D(14,8,7,17)    -180.25234        0.00000        0.03413    -180.21821
	         D(14,8,9,18)      -0.30085        0.00000       -0.14406      -0.44491
	       D(19,11,12,20)     -41.37567        0.00000        0.13042     -41.24525
	       D(19,11,12,21)    -163.69670       -0.00001        0.26215    -163.43455
	       D(19,11,12,25)      75.89837        0.00001        0.25441      76.15278
	       D(20,12,25,26)    -179.91357       -0.00003       -3.46970    -183.38326
	       D(21,12,25,26)     -66.47775       -0.00003       -3.37854     -69.85629
	       D(22,15,14,24)       0.00377       -0.00000       -0.04372      -0.03995
	-------------------------------------------------------------------------------

	                                 ==> Convergence Check <==                                  
    
	Measures of convergence in internal coordinates in au.
    
	Criteria marked as inactive (o), active & met (*), and active & unmet ( ).

	----------------------------------------------------------------------------------------------
	   Step    Total Energy     Delta E     Max Force     RMS Force      Max Disp      RMS Disp   
	----------------------------------------------------------------------------------------------
	  Convergence Criteria     1.00e-06 *    3.00e-04 *             o    1.20e-03 *             o
	----------------------------------------------------------------------------------------------
	     5   -1102.17793902   -7.10e-06      1.63e-03      3.20e-04 o    6.06e-02      9.86e-03 o  ~
	----------------------------------------------------------------------------------------------

Next Geometry in Ang 
	Fragment 1 (Ang)

	    C  -3.1599165104  -0.9807320865   1.7721244591
	    N  -4.4558222904  -1.0452203186   1.9643457912
	    C  -5.2344468486  -0.6998268098   0.9071116152
	    N  -4.8358280674  -0.3110507426  -0.2755647802
	    C  -3.4920421177  -0.2442537682  -0.4753021816
	    C  -2.5711448292  -0.5793852352   0.5468162021
	    C  -1.1792758720  -0.5173413998   0.3492440403
	    C  -0.6758455391  -0.1146891243  -0.8820660419
	    N   0.6467634750  -0.0154221275  -1.1967188612
	    C   1.8115757782  -0.3214082523  -0.3891613575
	    C   3.0127911015  -0.1290345377  -1.0568977935
	    C   4.2908487492  -0.4001676651  -0.3821095795
	    O   1.6226218452  -0.7249703227   0.7777332504
	    C  -1.6186212751   0.2234643040  -1.9102109752
	    C  -2.9681187183   0.1647588976  -1.7244507586
	    H  -6.3064476398  -0.7575086893   1.0757001878
	    H  -0.4832991052  -0.7793974474   1.1345628685
	    H   0.8534822370   0.2831618505  -2.1355565985
	    H   3.0235683551   0.2845692676  -2.0609235052
	    H   5.0451751682  -0.8408744132  -1.0412053113
	    H   4.1349189488  -1.0669280750   0.4679300616
	    H  -3.6584112451   0.4244816176  -2.5188590013
	    H  -2.5163025176  -1.2531938420   2.6070867423
	    H  -1.2301195068   0.5368265191  -2.8758511406
	    S   5.2133805038   1.0989588109   0.3041085542
	    C   3.8836682559   1.8267429800   1.2911749828
	    H   3.6164655031   1.1812556146   2.1288288370
	    H   4.2269572634   2.7960997097   1.6585677914
	    H   3.0034248982   1.9610852856   0.6591079652


    Structure for next step:
    Molecular point group: c1
    Full point group: C1

    Geometry (in Angstrom), charge = -1, multiplicity = 1:

    C           -3.159916510439    -0.980732086538     1.772124459076
    N           -4.455822290381    -1.045220318624     1.964345791208
    C           -5.234446848573    -0.699826809816     0.907111615238
    N           -4.835828067396    -0.311050742584    -0.275564780240
    C           -3.492042117698    -0.244253768158    -0.475302181550
    C           -2.571144829173    -0.579385235237     0.546816202078
    C           -1.179275872017    -0.517341399825     0.349244040279
    C           -0.675845539122    -0.114689124289    -0.882066041930
    N            0.646763474973    -0.015422127501    -1.196718861179
    C            1.811575778166    -0.321408252298    -0.389161357529
    C            3.012791101525    -0.129034537674    -1.056897793467
    C            4.290848749242    -0.400167665052    -0.382109579500
    O            1.622621845193    -0.724970322714     0.777733250363
    C           -1.618621275142     0.223464303985    -1.910210975180
    C           -2.968118718295     0.164758897596    -1.724450758572
    H           -6.306447639761    -0.757508689302     1.075700187781
    H           -0.483299105185    -0.779397447415     1.134562868481
    H            0.853482237033     0.283161850514    -2.135556598472
    H            3.023568355050     0.284569267609    -2.060923505228
    H            5.045175168200    -0.840874413216    -1.041205311298
    H            4.134918948806    -1.066928075009     0.467930061586
    H           -3.658411245067     0.424481617645    -2.518859001271
    H           -2.516302517565    -1.253193842037     2.607086742309
    H           -1.230119506830     0.536826519132    -2.875851140642
    S            5.213380503802     1.098958810888     0.304108554240
    C            3.883668255897     1.826742980048     1.291174982815
    H            3.616465503100     1.181255614557     2.128828836976
    H            4.226957263426     2.796099709737     1.658567791422
    H            3.003424898220     1.961085285591     0.659107965205


Scratch directory: /tmp/
gradient() will perform analytic gradient computation.
   => Libint2 <=

    Primary   basis highest AM E, G, H:  7, 6, 3
    Auxiliary basis highest AM E, G, H:  7, 7, 4
    Onebody   basis highest AM E, G, H:  -, -, -
    Solid Harmonics ordering:            Gaussian

*** tstart() called on eristm01.eisai.local
*** at Wed May 20 10:27:22 2026

   => Loading Basis Set <=

    Name: 6-311+G(D,P)
    Role: ORBITAL
    Keyword: BASIS
    atoms 1, 3, 5-8, 10-12, 14-15, 26 entry C          line   129 file /home2/shbae/bucket/covalent/.pixi/envs/default/share/psi4/basis/6-311pg_d_p_.gbs 
    atoms 2, 4, 9                     entry N          line   150 file /home2/shbae/bucket/covalent/.pixi/envs/default/share/psi4/basis/6-311pg_d_p_.gbs 
    atoms 13                          entry O          line   171 file /home2/shbae/bucket/covalent/.pixi/envs/default/share/psi4/basis/6-311pg_d_p_.gbs 
    atoms 16-24, 27-29                entry H          line    42 file /home2/shbae/bucket/covalent/.pixi/envs/default/share/psi4/basis/6-311pg_d_p_.gbs 
    atoms 25                          entry S          line   429 file /home2/shbae/bucket/covalent/.pixi/envs/default/share/psi4/basis/6-311pg_d_p_.gbs 

   => WB97X-D: Empirical Dispersion <=

    Chai and Head-Gordon Dispersion Correction
    Chai, J.-D.; Head-Gordon, M. (2010), J. Chem. Phys., 132: 6615-6620

        s6 =       1.000000


         ---------------------------------------------------------
                                   SCF
               by Justin Turney, Rob Parrish, Andy Simmonett
                          and Daniel G. A. Smith
                              RKS Reference
                        8 Threads,   7629 MiB Core
         ---------------------------------------------------------

  ==> Geometry <==

    Molecular point group: c1
    Full point group: C1

    Geometry (in Angstrom), charge = -1, multiplicity = 1:

       Center              X                  Y                   Z               Mass       
    ------------   -----------------  -----------------  -----------------  -----------------
         C           -3.159916510439    -0.980732086538     1.772124459076    12.000000000000
         N           -4.455822290381    -1.045220318624     1.964345791208    14.003074004430
         C           -5.234446848573    -0.699826809816     0.907111615238    12.000000000000
         N           -4.835828067396    -0.311050742584    -0.275564780240    14.003074004430
         C           -3.492042117698    -0.244253768158    -0.475302181550    12.000000000000
         C           -2.571144829173    -0.579385235237     0.546816202078    12.000000000000
         C           -1.179275872017    -0.517341399825     0.349244040279    12.000000000000
         C           -0.675845539122    -0.114689124289    -0.882066041930    12.000000000000
         N            0.646763474973    -0.015422127501    -1.196718861179    14.003074004430
         C            1.811575778166    -0.321408252298    -0.389161357529    12.000000000000
         C            3.012791101525    -0.129034537674    -1.056897793467    12.000000000000
         C            4.290848749242    -0.400167665052    -0.382109579500    12.000000000000
         O            1.622621845193    -0.724970322714     0.777733250363    15.994914619570
         C           -1.618621275142     0.223464303985    -1.910210975180    12.000000000000
         C           -2.968118718295     0.164758897596    -1.724450758572    12.000000000000
         H           -6.306447639761    -0.757508689302     1.075700187781     1.007825032230
         H           -0.483299105185    -0.779397447415     1.134562868481     1.007825032230
         H            0.853482237033     0.283161850514    -2.135556598472     1.007825032230
         H            3.023568355050     0.284569267609    -2.060923505228     1.007825032230
         H            5.045175168200    -0.840874413216    -1.041205311298     1.007825032230
         H            4.134918948806    -1.066928075009     0.467930061586     1.007825032230
         H           -3.658411245067     0.424481617645    -2.518859001271     1.007825032230
         H           -2.516302517565    -1.253193842037     2.607086742309     1.007825032230
         H           -1.230119506830     0.536826519132    -2.875851140642     1.007825032230
         S            5.213380503802     1.098958810888     0.304108554240    31.972071174400
         C            3.883668255897     1.826742980048     1.291174982815    12.000000000000
         H            3.616465503100     1.181255614557     2.128828836976     1.007825032230
         H            4.226957263426     2.796099709737     1.658567791422     1.007825032230
         H            3.003424898220     1.961085285591     0.659107965205     1.007825032230

  Running in c1 symmetry.

  Rotational constants: A =      0.04230  B =      0.00525  C =      0.00490 [cm^-1]
  Rotational constants: A =   1268.19164  B =    157.31754  C =    147.04255 [MHz]
  Nuclear repulsion = 1188.236748094003360

  Charge       = -1
  Multiplicity = 1
  Electrons    = 130
  Nalpha       = 65
  Nbeta        = 65

  ==> Algorithm <==

  SCF Algorithm Type is DF.
  DIIS enabled.
  MOM disabled.
  Fractional occupation disabled.
  Guess Type is READ.
  Energy threshold   = 1.00e-08
  Density threshold  = 1.00e-08
  Integral threshold = 1.00e-12

  ==> Primary Basis <==

  Basis Set: 6-311+G(D,P)
    Blend: 6-311+G(D,P)
    Number of shells: 222
    Number of basis functions: 454
    Number of Cartesian functions: 471
    Spherical Harmonics?: true
    Max angular momentum: 2

  ==> DFT Potential <==

   => LibXC <=

    Version 7.0.0
    S. Lehtola, C. Steigemann, M. J.T. Oliveira, and M. A.L. Marques.,  SoftwareX 7, 1–5 (2018) (10.1016/j.softx.2017.11.002)

   => Composite Functional: WB97X-D <= 

    wB97X-D Hyb-GGA Exchange-Correlation Functional

    J.-D. Chai and M. Head-Gordon.,  Phys. Chem. Chem. Phys. 10, 6615-6620 (2008) (10.1039/B810189B)

    Deriv               =              1
    GGA                 =           TRUE
    Meta                =          FALSE

    Exchange Hybrid     =           TRUE
    MP2 Hybrid          =          FALSE

   => Exchange-Correlation Functionals <=

    1.0000   wB97X-D range-separated functional

   => Exact (HF) Exchange <=

    0.7780            HF,LR [omega = 0.2000]
    0.2220               HF 

   => LibXC Density Thresholds  <==

    XC_HYB_GGA_XC_WB97X_D:  1.00E-14 

   => Molecular Quadrature <=

    Radial Scheme          =       TREUTLER
    Pruning Scheme         =           NONE
    Nuclear Scheme         =       TREUTLER

    Blocking Scheme        =         OCTREE
    BS radius alpha        =              1
    Pruning alpha          =              1
    Radial Points          =             75
    Spherical Points       =            302
    Total Points           =         606067
    Total Blocks           =           4361
    Max Points             =            256
    Max Functions          =            333
    Weights Tolerance      =       1.00E-15

   => Loading Basis Set <=

    Name: (6-311+G(D,P) AUX)
    Role: JKFIT
    Keyword: DF_BASIS_SCF
    atoms 1, 3, 5-8, 10-12, 14-15, 26 entry C          line   200 file /home2/shbae/bucket/covalent/.pixi/envs/default/share/psi4/basis/heavy-aug-cc-pvtz-jkfit.gbs 
    atoms 2, 4, 9                     entry N          line   262 file /home2/shbae/bucket/covalent/.pixi/envs/default/share/psi4/basis/heavy-aug-cc-pvtz-jkfit.gbs 
    atoms 13                          entry O          line   324 file /home2/shbae/bucket/covalent/.pixi/envs/default/share/psi4/basis/heavy-aug-cc-pvtz-jkfit.gbs 
    atoms 16-24, 27-29                entry H          line   116 file /home2/shbae/bucket/covalent/.pixi/envs/default/share/psi4/basis/heavy-aug-cc-pvtz-jkfit.gbs 
    atoms 25                          entry S          line   768 file /home2/shbae/bucket/covalent/.pixi/envs/default/share/psi4/basis/heavy-aug-cc-pvtz-jkfit.gbs 

   => Loading Basis Set <=

    Name: 6-311+G(D,P)
    Role: ORBITAL
    Keyword: BASIS
    atoms 1, 3, 5-8, 10-12, 14-15, 26 entry C          line   129 file /home2/shbae/bucket/covalent/.pixi/envs/default/share/psi4/basis/6-311pg_d_p_.gbs 
    atoms 2, 4, 9                     entry N          line   150 file /home2/shbae/bucket/covalent/.pixi/envs/default/share/psi4/basis/6-311pg_d_p_.gbs 
    atoms 13                          entry O          line   171 file /home2/shbae/bucket/covalent/.pixi/envs/default/share/psi4/basis/6-311pg_d_p_.gbs 
    atoms 16-24, 27-29                entry H          line    42 file /home2/shbae/bucket/covalent/.pixi/envs/default/share/psi4/basis/6-311pg_d_p_.gbs 
    atoms 25                          entry S          line   429 file /home2/shbae/bucket/covalent/.pixi/envs/default/share/psi4/basis/6-311pg_d_p_.gbs 

  Reading orbitals from file /tmp/4_intermediate.default.2248151.180.npy, no projection.

  ==> Integral Setup <==

  ==> DiskDFJK: Density-Fitted J/K Matrices <==

    J tasked:                  Yes
    K tasked:                  Yes
    wK tasked:                 Yes
    Omega:               2.000E-01
    OpenMP threads:              8
    Integrals threads:           8
    Memory [MiB]:             1470
    Algorithm:                Disk
    Integral Cache:           NONE
    Schwarz Cutoff:          1E-12
    Fitting Condition:       1E-10

   => Auxiliary Basis Set <=

  Basis Set: (6-311+G(D,P) AUX)
    Blend: HEAVY-AUG-CC-PVTZ-JKFIT
    Number of shells: 642
    Number of basis functions: 2170
    Number of Cartesian functions: 2696
    Spherical Harmonics?: true
    Max angular momentum: 4

  Cached 100.0% of DFT collocation blocks in 4.152 [GiB].

  Minimum eigenvalue in the overlap matrix is 1.5475276457E-07.
  Reciprocal condition number of the overlap matrix is 1.0658393394E-08.
    Using symmetric orthogonalization.

  ==> Pre-Iterations <==

  SCF Guess: Orbitals guess was supplied from a previous computation.

   -------------------------------------------------------
    Irrep   Nso     Nmo     Nalpha   Nbeta   Ndocc  Nsocc
   -------------------------------------------------------
     A        454     454      65      65      65       0
   -------------------------------------------------------
    Total     454     454      65      65      65       0
   -------------------------------------------------------

  ==> Iterations <==

                           Total Energy        Delta E     RMS |[F,P]|

   @DF-RKS iter   0: -1102.17884031170934   -1.10218e+03   2.27219e-04 
   @DF-RKS iter   1: -1102.17780850586473    1.03181e-03   2.62966e-05 DIIS
   @DF-RKS iter   2: -1102.17797542550284   -1.66920e-04   1.25021e-05 DIIS
   @DF-RKS iter   3: -1102.17799608823543   -2.06627e-05   6.42213e-06 DIIS
   @DF-RKS iter   4: -1102.17800195087216   -5.86264e-06   2.55269e-06 DIIS
   @DF-RKS iter   5: -1102.17800268919109   -7.38319e-07   8.55483e-07 DIIS
   @DF-RKS iter   6: -1102.17800280507231   -1.15881e-07   2.87072e-07 DIIS
   @DF-RKS iter   7: -1102.17800282738949   -2.23172e-08   1.33545e-07 DIIS
   @DF-RKS iter   8: -1102.17800283161796   -4.22847e-09   4.78017e-08 DIIS
   @DF-RKS iter   9: -1102.17800283214820   -5.30235e-10   2.18863e-08 DIIS
   @DF-RKS iter  10: -1102.17800283225165   -1.03455e-10   7.39267e-09 DIIS
  Energy and wave function converged.


  ==> Post-Iterations <==

   Electrons on quadrature grid:
      Ntotal   =  129.9998669405 ; deviation = -1.331e-04 

    Orbital Energies [Eh]
    ---------------------

    Doubly Occupied:                                                      

       1A    -88.864128     2A    -19.038902     3A    -14.341250  
       4A    -14.341097     5A    -14.331952     6A    -10.250108  
       7A    -10.240218     8A    -10.235992     9A    -10.229689  
      10A    -10.222171    11A    -10.205505    12A    -10.204826  
      13A    -10.200134    14A    -10.172308    15A    -10.171370  
      16A    -10.171323    17A    -10.100112    18A     -7.904697  
      19A     -5.853847    20A     -5.850193    21A     -5.843945  
      22A     -0.994222    23A     -0.972089    24A     -0.910179  
      25A     -0.898356    26A     -0.847146    27A     -0.776020  
      28A     -0.763335    29A     -0.744776    30A     -0.701128  
      31A     -0.668392    32A     -0.651245    33A     -0.624645  
      34A     -0.606999    35A     -0.561200    36A     -0.538657  
      37A     -0.527304    38A     -0.518641    39A     -0.489919  
      40A     -0.454384    41A     -0.444072    42A     -0.430533  
      43A     -0.424034    44A     -0.422061    45A     -0.407238  
      46A     -0.396973    47A     -0.391102    48A     -0.381618  
      49A     -0.377477    50A     -0.356092    51A     -0.350002  
      52A     -0.341167    53A     -0.334310    54A     -0.313863  
      55A     -0.308936    56A     -0.302744    57A     -0.292412  
      58A     -0.268577    59A     -0.258333    60A     -0.240798  
      61A     -0.235704    62A     -0.185654    63A     -0.174168  
      64A     -0.164988    65A     -0.103535  

    Virtual:                                                              

      66A      0.097558    67A      0.137527    68A      0.141222  
      69A      0.148423    70A      0.159554    71A      0.166030  
      72A      0.167385    73A      0.169261    74A      0.172322  
      75A      0.182031    76A      0.186028    77A      0.191301  
      78A      0.194325    79A      0.197301    80A      0.205539  
      81A      0.212242    82A      0.218598    83A      0.221115  
      84A      0.221797    85A      0.228053    86A      0.232791  
      87A      0.236489    88A      0.241332    89A      0.245132  
      90A      0.246134    91A      0.256040    92A      0.258597  
      93A      0.265101    94A      0.266063    95A      0.269175  
      96A      0.274546    97A      0.276758    98A      0.283521  
      99A      0.287681   100A      0.292376   101A      0.296288  
     102A      0.297704   103A      0.304283   104A      0.307389  
     105A      0.314589   106A      0.319916   107A      0.324283  
     108A      0.328639   109A      0.330693   110A      0.332726  
     111A      0.338625   112A      0.339728   113A      0.345311  
     114A      0.349261   115A      0.352557   116A      0.359588  
     117A      0.364455   118A      0.367265   119A      0.368906  
     120A      0.370664   121A      0.375652   122A      0.379967  
     123A      0.381705   124A      0.386826   125A      0.389302  
     126A      0.392626   127A      0.396361   128A      0.401487  
     129A      0.406454   130A      0.408175   131A      0.411142  
     132A      0.415572   133A      0.424352   134A      0.429941  
     135A      0.432013   136A      0.434932   137A      0.437852  
     138A      0.442103   139A      0.447206   140A      0.449903  
     141A      0.455804   142A      0.459023   143A      0.464663  
     144A      0.468854   145A      0.479719   146A      0.488075  
     147A      0.489835   148A      0.495958   149A      0.499816  
     150A      0.509952   151A      0.511153   152A      0.516943  
     153A      0.522435   154A      0.529402   155A      0.534562  
     156A      0.538650   157A      0.541879   158A      0.543239  
     159A      0.552477   160A      0.559079   161A      0.567481  
     162A      0.574264   163A      0.603166   164A      0.606345  
     165A      0.608147   166A      0.628006   167A      0.636807  
     168A      0.645337   169A      0.661050   170A      0.682045  
     171A      0.689279   172A      0.711043   173A      0.711480  
     174A      0.719943   175A      0.721750   176A      0.732037  
     177A      0.733867   178A      0.734651   179A      0.744856  
     180A      0.754060   181A      0.766179   182A      0.768084  
     183A      0.771068   184A      0.775684   185A      0.796250  
     186A      0.800833   187A      0.803673   188A      0.822771  
     189A      0.825177   190A      0.833539   191A      0.840791  
     192A      0.845354   193A      0.859671   194A      0.872463  
     195A      0.878676   196A      0.885098   197A      0.887901  
     198A      0.895444   199A      0.905329   200A      0.907753  
     201A      0.911307   202A      0.913731   203A      0.929430  
     204A      0.933369   205A      0.937349   206A      0.950209  
     207A      0.960614   208A      0.971709   209A      0.977352  
     210A      0.980918   211A      0.986876   212A      0.997304  
     213A      1.000728   214A      1.017344   215A      1.034765  
     216A      1.043787   217A      1.048124   218A      1.060672  
     219A      1.074979   220A      1.080374   221A      1.082792  
     222A      1.085459   223A      1.094873   224A      1.101759  
     225A      1.113374   226A      1.119719   227A      1.124492  
     228A      1.129779   229A      1.134140   230A      1.141537  
     231A      1.154198   232A      1.164676   233A      1.172954  
     234A      1.174954   235A      1.186165   236A      1.189235  
     237A      1.192982   238A      1.212041   239A      1.233391  
     240A      1.234875   241A      1.241922   242A      1.250331  
     243A      1.273280   244A      1.285895   245A      1.288583  
     246A      1.304030   247A      1.305132   248A      1.320608  
     249A      1.327007   250A      1.336160   251A      1.345730  
     252A      1.346860   253A      1.356089   254A      1.380997  
     255A      1.392990   256A      1.404763   257A      1.418257  
     258A      1.420929   259A      1.478834   260A      1.486047  
     261A      1.506873   262A      1.526943   263A      1.547634  
     264A      1.557624   265A      1.561013   266A      1.584941  
     267A      1.613532   268A      1.670649   269A      1.683004  
     270A      1.686794   271A      1.711296   272A      1.716886  
     273A      1.717700   274A      1.728164   275A      1.743186  
     276A      1.751587   277A      1.758151   278A      1.764945  
     279A      1.769493   280A      1.776753   281A      1.800407  
     282A      1.815129   283A      1.824623   284A      1.836918  
     285A      1.841882   286A      1.848872   287A      1.861175  
     288A      1.873438   289A      1.882814   290A      1.895766  
     291A      1.912935   292A      1.917537   293A      1.923419  
     294A      1.924305   295A      1.946465   296A      1.948442  
     297A      1.961696   298A      1.980984   299A      1.986643  
     300A      1.996495   301A      2.015924   302A      2.031516  
     303A      2.035813   304A      2.059714   305A      2.066249  
     306A      2.071821   307A      2.076292   308A      2.086387  
     309A      2.117853   310A      2.133914   311A      2.146608  
     312A      2.162149   313A      2.167147   314A      2.176365  
     315A      2.185835   316A      2.205692   317A      2.213448  
     318A      2.223350   319A      2.243863   320A      2.247995  
     321A      2.252642   322A      2.284623   323A      2.297694  
     324A      2.311124   325A      2.319236   326A      2.338070  
     327A      2.355657   328A      2.383098   329A      2.397062  
     330A      2.433545   331A      2.444535   332A      2.461442  
     333A      2.464355   334A      2.475181   335A      2.494178  
     336A      2.501324   337A      2.530990   338A      2.532587  
     339A      2.550089   340A      2.585690   341A      2.605125  
     342A      2.616408   343A      2.646316   344A      2.662067  
     345A      2.677207   346A      2.697089   347A      2.700797  
     348A      2.723692   349A      2.757658   350A      2.768085  
     351A      2.777258   352A      2.792657   353A      2.796887  
     354A      2.811230   355A      2.831772   356A      2.850820  
     357A      2.865094   358A      2.882387   359A      2.889795  
     360A      2.902768   361A      2.916206   362A      2.923904  
     363A      2.940251   364A      2.953596   365A      2.964228  
     366A      2.984430   367A      2.990843   368A      2.999823  
     369A      3.018456   370A      3.034133   371A      3.044561  
     372A      3.057956   373A      3.066276   374A      3.074882  
     375A      3.084430   376A      3.109750   377A      3.125835  
     378A      3.132964   379A      3.143323   380A      3.153412  
     381A      3.172387   382A      3.175010   383A      3.187944  
     384A      3.220159   385A      3.228119   386A      3.234903  
     387A      3.242070   388A      3.288993   389A      3.327589  
     390A      3.383081   391A      3.416595   392A      3.441302  
     393A      3.454392   394A      3.519113   395A      3.531287  
     396A      3.551131   397A      3.591472   398A      3.609236  
     399A      3.615692   400A      3.641486   401A      3.697584  
     402A      3.727313   403A      3.758848   404A      3.805452  
     405A      3.815240   406A      3.849121   407A      3.864869  
     408A      3.915127   409A      3.953919   410A      3.965654  
     411A      3.988586   412A      4.032239   413A      4.103656  
     414A      4.112768   415A      4.134530   416A      4.145184  
     417A      4.158278   418A      4.186561   419A      4.269790  
     420A      4.290140   421A      4.398642   422A      4.480207  
     423A      4.571154   424A      4.623361   425A      4.705581  
     426A      5.045501   427A      5.095679   428A      5.180648  
     429A      5.356312   430A      5.377639   431A      5.508481  
     432A      5.608587   433A      6.098590   434A      8.158009  
     435A     17.620022   436A     17.729106   437A     17.743967  
     438A     23.878428   439A     24.065698   440A     24.127949  
     441A     24.169373   442A     24.174608   443A     24.182419  
     444A     24.210375   445A     24.223822   446A     24.260704  
     447A     24.362173   448A     24.379482   449A     24.429201  
     450A     35.875343   451A     35.909627   452A     35.929381  
     453A     50.353268   454A    189.404539  

    Final Occupation by Irrep:
              A 
    DOCC [    65 ]
    NA   [    65 ]
    NB   [    65 ]

  @DF-RKS Final Energy: -1102.17800283225165

   => Energetics <=

    Nuclear Repulsion Energy =           1188.2367480940033602
    One-Electron Energy =               -3881.5671639707516078
    Two-Electron Energy =                1678.3669038824095878
    DFT Exchange-Correlation Energy =     -87.1974395259358772
    Empirical Dispersion Energy =          -0.0170513119771342
    VV10 Nonlocal Energy =                  0.0000000000000000
    Total Energy =                      -1102.1780028322516500

Computation Completed


Properties will be evaluated at   0.000000,   0.000000,   0.000000 [a0]

Properties computed using the SCF density matrix


 Multipole Moments:

 ------------------------------------------------------------------------------------
     Multipole            Electronic (a.u.)      Nuclear  (a.u.)        Total (a.u.)
 ------------------------------------------------------------------------------------

 L = 1.  Multiply by 2.5417464519 to convert [e a0] to [Debye]
 Dipole X            :          1.4352769           -3.4258844           -1.9906075
 Dipole Y            :         11.2162848          -10.7335172            0.4827675
 Dipole Z            :         -4.6162091            3.6076053           -1.0086039
 Magnitude           :                                                    2.2831699

 ------------------------------------------------------------------------------------

*** tstop() called on eristm01.eisai.local at Wed May 20 10:28:07 2026
Module time:
	user time   =     317.97 seconds =       5.30 minutes
	system time =      15.09 seconds =       0.25 minutes
	total time  =         45 seconds =       0.75 minutes
Total time:
	user time   =   48637.42 seconds =     810.62 minutes
	system time =    1701.59 seconds =      28.36 minutes
	total time  =       6953 seconds =     115.88 minutes

*** tstart() called on eristm01.eisai.local
*** at Wed May 20 10:28:07 2026


         ------------------------------------------------------------
                                   SCF GRAD                          
                          Rob Parrish, Justin Turney,                
                       Andy Simmonett, and Alex Sokolov              
         ------------------------------------------------------------

  ==> Geometry <==

    Molecular point group: c1
    Full point group: C1

    Geometry (in Angstrom), charge = -1, multiplicity = 1:

       Center              X                  Y                   Z               Mass       
    ------------   -----------------  -----------------  -----------------  -----------------
         C           -3.159916510439    -0.980732086538     1.772124459076    12.000000000000
         N           -4.455822290381    -1.045220318624     1.964345791208    14.003074004430
         C           -5.234446848573    -0.699826809816     0.907111615238    12.000000000000
         N           -4.835828067396    -0.311050742584    -0.275564780240    14.003074004430
         C           -3.492042117698    -0.244253768158    -0.475302181550    12.000000000000
         C           -2.571144829173    -0.579385235237     0.546816202078    12.000000000000
         C           -1.179275872017    -0.517341399825     0.349244040279    12.000000000000
         C           -0.675845539122    -0.114689124289    -0.882066041930    12.000000000000
         N            0.646763474973    -0.015422127501    -1.196718861179    14.003074004430
         C            1.811575778166    -0.321408252298    -0.389161357529    12.000000000000
         C            3.012791101525    -0.129034537674    -1.056897793467    12.000000000000
         C            4.290848749242    -0.400167665052    -0.382109579500    12.000000000000
         O            1.622621845193    -0.724970322714     0.777733250363    15.994914619570
         C           -1.618621275142     0.223464303985    -1.910210975180    12.000000000000
         C           -2.968118718295     0.164758897596    -1.724450758572    12.000000000000
         H           -6.306447639761    -0.757508689302     1.075700187781     1.007825032230
         H           -0.483299105185    -0.779397447415     1.134562868481     1.007825032230
         H            0.853482237033     0.283161850514    -2.135556598472     1.007825032230
         H            3.023568355050     0.284569267609    -2.060923505228     1.007825032230
         H            5.045175168200    -0.840874413216    -1.041205311298     1.007825032230
         H            4.134918948806    -1.066928075009     0.467930061586     1.007825032230
         H           -3.658411245067     0.424481617645    -2.518859001271     1.007825032230
         H           -2.516302517565    -1.253193842037     2.607086742309     1.007825032230
         H           -1.230119506830     0.536826519132    -2.875851140642     1.007825032230
         S            5.213380503802     1.098958810888     0.304108554240    31.972071174400
         C            3.883668255897     1.826742980048     1.291174982815    12.000000000000
         H            3.616465503100     1.181255614557     2.128828836976     1.007825032230
         H            4.226957263426     2.796099709737     1.658567791422     1.007825032230
         H            3.003424898220     1.961085285591     0.659107965205     1.007825032230

  Nuclear repulsion = 1188.236748094003360

  ==> Basis Set <==

  Basis Set: 6-311+G(D,P)
    Blend: 6-311+G(D,P)
    Number of shells: 222
    Number of basis functions: 454
    Number of Cartesian functions: 471
    Spherical Harmonics?: true
    Max angular momentum: 2

  ==> DFJKGrad: Density-Fitted SCF Gradients <==

    Gradient:                    1
    J tasked:                  Yes
    K tasked:                  Yes
    wK tasked:                 Yes
    Omega:               2.000E-01
    OpenMP threads:              8
    Integrals threads:           8
    Memory [MiB]:             5722
    Schwarz Cutoff:          1E-12
    Fitting Condition:       1E-10

   => Auxiliary Basis Set <=

  Basis Set: (6-311+G(D,P) AUX)
    Blend: HEAVY-AUG-CC-PVTZ-JKFIT
    Number of shells: 642
    Number of basis functions: 2170
    Number of Cartesian functions: 2696
    Spherical Harmonics?: true
    Max angular momentum: 4

  ==> DFT Potential <==

   => LibXC <=

    Version 7.0.0
    S. Lehtola, C. Steigemann, M. J.T. Oliveira, and M. A.L. Marques.,  SoftwareX 7, 1–5 (2018) (10.1016/j.softx.2017.11.002)

   => Composite Functional: WB97X-D <= 

    wB97X-D Hyb-GGA Exchange-Correlation Functional

    J.-D. Chai and M. Head-Gordon.,  Phys. Chem. Chem. Phys. 10, 6615-6620 (2008) (10.1039/B810189B)

    Deriv               =              1
    GGA                 =           TRUE
    Meta                =          FALSE

    Exchange Hybrid     =           TRUE
    MP2 Hybrid          =          FALSE

   => Exchange-Correlation Functionals <=

    1.0000   wB97X-D range-separated functional

   => Exact (HF) Exchange <=

    0.7780            HF,LR [omega = 0.2000]
    0.2220               HF 

   => LibXC Density Thresholds  <==

    XC_HYB_GGA_XC_WB97X_D:  1.00E-14 

   => Molecular Quadrature <=

    Radial Scheme          =       TREUTLER
    Pruning Scheme         =           NONE
    Nuclear Scheme         =       TREUTLER

    Blocking Scheme        =         OCTREE
    BS radius alpha        =              1
    Pruning alpha          =              1
    Radial Points          =             75
    Spherical Points       =            302
    Total Points           =         606067
    Total Blocks           =           4361
    Max Points             =            256
    Max Functions          =            333
    Weights Tolerance      =       1.00E-15


  -Total Gradient:
     Atom            X                  Y                   Z
    ------   -----------------  -----------------  -----------------
       1        0.000005396061    -0.000034210053     0.000043351623
       2       -0.000025871902    -0.000108216358     0.000188074574
       3        0.000230007656     0.000160455000    -0.000401455519
       4       -0.000221898378    -0.000104445628     0.000297977543
       5        0.000740374267    -0.000221674024     0.000450962759
       6       -0.000726948146     0.000309414779    -0.000484623394
       7        0.000470996153    -0.000120343330    -0.000295044856
       8       -0.000107004602     0.000161743374     0.000885944104
       9        0.000477001043    -0.000426889629    -0.000368456195
      10       -0.000204833720     0.000413050600     0.000396232485
      11        0.000277730333    -0.000210234061    -0.000190295962
      12       -0.000368654125     0.000012132577    -0.000042831784
      13        0.000174453088    -0.000097277557    -0.000351660192
      14       -0.000224255630     0.000029932104    -0.000089709901
      15        0.000177876609     0.000131796391    -0.000277057646
      16        0.000143938283    -0.000042248160     0.000052079772
      17       -0.000113564791     0.000043940885    -0.000072829770
      18       -0.000155749246     0.000074158328    -0.000088614179
      19       -0.000171654499    -0.000040345407     0.000241882490
      20       -0.000080304615    -0.000079170917    -0.000029618472
      21        0.000005627774     0.000018900427    -0.000093426377
      22        0.000146057839    -0.000009068717     0.000045207394
      23        0.000071168371     0.000004039807    -0.000018764106
      24       -0.000047947914    -0.000029220348     0.000087836336
      25       -0.000695086081     0.000291397118     0.000296152850
      26        0.000596749367     0.000051322882     0.000044470871
      27       -0.000008963812     0.000086126664    -0.000131812432
      28       -0.000013364104     0.000065725167     0.000025328801
      29        0.000188779298    -0.000058344312    -0.000073260466


*** tstop() called on eristm01.eisai.local at Wed May 20 10:28:26 2026
Module time:
	user time   =     135.64 seconds =       2.26 minutes
	system time =       1.73 seconds =       0.03 minutes
	total time  =         19 seconds =       0.32 minutes
Total time:
	user time   =   48773.08 seconds =     812.88 minutes
	system time =    1703.32 seconds =      28.39 minutes
	total time  =       6972 seconds =     116.20 minutes

    			-----------------------------------------

    			 OPTKING 3.0: for geometry optimizations 

    			     By R.A. King, Bethel University     

    			        with contributions from          

    			    A.V. Copan, J. Cayton, A. Heide      

    			-----------------------------------------

    
	                            ===> Fragment 1 <== 

	 Z (Atomic Numbers)          Masses                          Geom                  
	       6.000000            12.000000         -5.97137678 -1.85331505  3.34882989   
	       7.000000            14.003074         -8.42028379 -1.97518014  3.71207556   
	       6.000000            12.000000         -9.89167096 -1.32248101  1.71419252   
	       7.000000            14.003074         -9.13839064 -0.58780071 -0.52074196   
	       6.000000            12.000000         -6.59900322 -0.46157273 -0.89819095   
	       6.000000            12.000000         -4.85875956 -1.09487942  1.03333286   
	       6.000000            12.000000         -2.22850842 -0.97763356  0.65997559   
	       6.000000            12.000000         -1.27716297 -0.21673103 -1.66686324   
	       7.000000            14.003074          1.22220584 -0.02914360 -2.26147090   
	       6.000000            12.000000          3.42338208 -0.60737357 -0.73540838   
	       6.000000            12.000000          5.69335006 -0.24383994 -1.99724737   
	       6.000000            12.000000          8.10852898 -0.75620729 -0.72208246   
	       8.000000            15.994915          3.06631089 -1.36999536  1.46970284   
	       6.000000            12.000000         -3.05875091  0.42228633 -3.60977558   
	       6.000000            12.000000         -5.60893149  0.31134919 -3.25873965   
	       1.000000             1.007825        -11.91745886  -1.43148396   2.03277875 
	       1.000000             1.007825         -0.91330295 -1.47284772  2.14401309   
	       1.000000             1.007825          1.61284768  0.53509835 -4.03561710   
	       1.000000             1.007825          5.71371611  0.53775798 -3.89458099   
	       1.000000             1.007825          9.53399932 -1.58902235 -1.96759288   
	       1.000000             1.007825          7.81386436 -2.01620186  0.88425966   
	       1.000000             1.007825         -6.91339531  0.80215400 -4.75995366   
	       1.000000             1.007825         -4.75512261 -2.36819314  4.92667993   
	       1.000000             1.007825         -2.32458897  1.01445510 -5.43457103   
	      16.000000            31.972071          9.85186134  2.07673118  0.57468188   
	       6.000000            12.000000          7.33906937  3.45204393  2.43996710   
	       1.000000             1.007825          6.83412934  2.23224960  4.02290347   
	       1.000000             1.007825          7.98779157  5.28386267  3.13423889   
	       1.000000             1.007825          5.67565050  3.70591410  1.24553354   

	 - Coordinate -           - BOHR/RAD -       - ANG/DEG -
	 H(2,23)          =         3.881125           2.053803
	 H(13,17)         =         4.037648           2.136631
	 R(1,2)           =         2.478698           1.311671
	 R(1,6)           =         2.678557           1.417431
	 R(1,23)          =         2.057665           1.088869
	 R(2,3)           =         2.565645           1.357681
	 R(3,4)           =         2.470247           1.307198
	 R(3,16)          =         2.053581           1.086708
	 R(4,5)           =         2.570387           1.360190
	 R(5,6)           =         2.675875           1.416012
	 R(5,15)          =         2.673919           1.414977
	 R(6,7)           =         2.659204           1.407190
	 R(7,8)           =         2.626444           1.389854
	 R(7,17)          =         2.043862           1.081565
	 R(8,9)           =         2.575964           1.363142
	 R(8,14)          =         2.712436           1.435359
	 R(9,10)          =         2.740145           1.450022
	 R(9,18)          =         1.902253           1.006629
	 R(10,11)         =         2.622432           1.387731
	 R(10,13)         =         2.360425           1.249083
	 R(11,12)         =         2.778787           1.470471
	 R(11,19)         =         2.052117           1.085934
	 R(12,20)         =         2.068053           1.094366
	 R(12,21)         =         2.062704           1.091536
	 R(12,25)         =         3.570202           1.889270
	 R(14,15)         =         2.576617           1.363487
	 R(14,24)         =         2.054151           1.087010
	 R(15,22)         =         2.048453           1.083995
	 R(25,26)         =         3.418318           1.808896
	 R(26,27)         =         2.061201           1.090741
	 R(26,28)         =         2.063592           1.092006
	 R(26,29)         =         2.063513           1.091964
	 B(1,2,3)         =         2.026371         116.102526
	 B(1,6,5)         =         2.005194         114.889133
	 B(1,6,7)         =         2.146843         123.005020
	 B(2,1,6)         =         2.154348         123.435066
	 B(2,1,23)        =         2.048008         117.342188
	 B(2,3,4)         =         2.220947         127.250892
	 B(2,3,16)        =         2.016868         115.558023
	 B(3,4,5)         =         2.036136         116.661978
	 B(4,3,16)        =         2.045370         117.191083
	 B(4,5,6)         =         2.123373         121.660329
	 B(4,5,15)        =         2.105557         120.639545
	 B(5,6,7)         =         2.131147         122.105754
	 B(5,15,14)       =         2.093459         119.946365
	 B(5,15,22)       =         2.071946         118.713782
	 B(6,1,23)        =         2.080829         119.222744
	 B(6,5,15)        =         2.054254         117.700070
	 B(6,7,8)         =         2.089130         119.698349
	 B(6,7,17)        =         2.122168         121.591292
	 B(7,8,9)         =         2.185899         125.242806
	 B(7,8,14)        =         2.054348         117.705496
	 B(8,7,17)        =         2.071882         118.710086
	 B(8,9,10)        =         2.259450         129.456950
	 B(8,9,18)        =         2.022096         115.857583
	 B(8,14,15)       =         2.144030         122.843896
	 B(8,14,24)       =         2.059503         118.000820
	 B(9,8,14)        =         2.042936         117.051635
	 B(9,10,11)       =         1.980251         113.460012
	 B(9,10,13)       =         2.056625         117.835921
	 B(10,9,18)       =         2.000993         114.648443
	 B(10,11,12)      =         2.101298         120.395486
	 B(10,11,19)      =         2.101647         120.415521
	 B(11,10,13)      =         2.246236         128.699859
	 B(11,12,20)      =         1.979006         113.388713
	 B(11,12,21)      =         1.923925         110.232789
	 B(11,12,25)      =         2.031720         116.408978
	 B(12,11,19)      =         2.078168         119.070268
	 B(12,25,26)      =         1.729970          99.119996
	 B(14,15,22)      =         2.117778         121.339741
	 B(15,14,24)      =         2.079650         119.155164
	 B(20,12,21)      =         1.898100         108.753101
	 B(20,12,25)      =         1.773911         101.637604
	 B(21,12,25)      =         1.845852         105.759515
	 B(25,26,27)      =         1.940180         111.164149
	 B(25,26,28)      =         1.885615         108.037788
	 B(25,26,29)      =         1.903090         109.039037
	 B(27,26,28)      =         1.921926         110.118226
	 B(27,26,29)      =         1.896376         108.654314
	 B(28,26,29)      =         1.916592         109.812640
	 D(1,2,3,4)       =        -0.000829          -0.047521
	 D(1,2,3,16)      =         3.140431         179.933457
	 D(1,6,5,4)       =        -0.001373          -0.078679
	 D(1,6,5,15)      =         3.141715         180.007012
	 D(1,6,7,8)       =        -3.142255        -180.037969
	 D(1,6,7,17)      =         0.002698           0.154603
	 D(2,1,6,5)       =         0.001576           0.090307
	 D(2,1,6,7)       =        -3.138117        -179.800848
	 D(2,3,4,5)       =         0.000997           0.057144
	 D(3,2,1,6)       =        -0.000570          -0.032648
	 D(3,2,1,23)      =         3.141315         179.984079
	 D(3,4,5,6)       =         0.000208           0.011889
	 D(3,4,5,15)      =        -3.142924        -180.076292
	 D(4,5,6,7)       =         3.138339         179.813562
	 D(4,5,15,14)     =        -3.138755        -179.837387
	 D(4,5,15,22)     =         0.000741           0.042466
	 D(5,4,3,16)      =        -3.140259        -179.923563
	 D(5,6,1,23)      =        -3.140314        -179.926718
	 D(5,6,7,8)       =         0.001372           0.078593
	 D(5,6,7,17)      =        -3.136860        -179.728836
	 D(5,15,14,8)     =        -0.000618          -0.035420
	 D(5,15,14,24)    =        -3.144443        -180.163322
	 D(6,5,15,14)     =         0.001359           0.077840
	 D(6,5,15,22)     =        -3.142331        -180.042308
	 D(6,7,8,9)       =         3.142696         180.063216
	 D(6,7,8,14)      =        -0.000544          -0.031184
	 D(7,6,1,23)      =         0.003179           0.182127
	 D(7,6,5,15)      =        -0.001758          -0.100747
	 D(7,8,9,10)      =         0.031713           1.817041
	 D(7,8,9,18)      =         3.132190         179.461244
	 D(7,8,14,15)     =         0.000190           0.010896
	 D(7,8,14,24)     =         3.143991         180.137401
	 D(8,9,10,11)     =         3.114770         178.463158
	 D(8,9,10,13)     =        -0.014935          -0.855698
	 D(8,14,15,22)    =        -3.140058        -179.912047
	 D(9,8,7,17)      =        -0.002161          -0.123811
	 D(9,8,14,15)     =         3.140272         179.924328
	 D(9,8,14,24)     =         0.000887           0.050833
	 D(9,10,11,12)    =         3.146756         180.295830
	 D(9,10,11,19)    =         0.074940           4.293724
	 D(10,9,8,14)     =         3.174944         181.910884
	 D(10,11,12,20)   =         2.490572         142.699276
	 D(10,11,12,21)   =         0.357967          20.509982
	 D(10,11,12,25)   =        -1.743631         -99.902692
	 D(11,10,9,18)    =         0.013886           0.795606
	 D(11,12,25,26)   =         0.923625          52.919786
	 D(12,11,10,13)   =        -0.008307          -0.475963
	 D(12,25,26,27)   =         1.160247          66.477277
	 D(12,25,26,28)   =        -3.012327        -172.593598
	 D(12,25,26,29)   =        -0.930047         -53.287760
	 D(13,10,9,18)    =        -3.115819        -178.523250
	 D(13,10,11,19)   =        -3.080123        -176.478069
	 D(14,8,7,17)     =        -3.145401        -180.218210
	 D(14,8,9,18)     =        -0.007765          -0.444913
	 D(19,11,12,20)   =        -0.719866         -41.245255
	 D(19,11,12,21)   =        -2.852471        -163.434548
	 D(19,11,12,25)   =         1.329117          76.152777
	 D(20,12,25,26)   =        -3.200642        -183.383264
	 D(21,12,25,26)   =        -1.219222         -69.856291
	 D(22,15,14,24)   =        -0.000697          -0.039949


	        --- Internal Coordinate Step in ANG or DEG, aJ/ANG or AJ/DEG ---
	-------------------------------------------------------------------------------
	           Coordinate      Previous         Force          Change          New 
	           ----------      --------        ------          ------        ------
	              H(2,23)       2.05380        0.00005       -0.00031       2.05349
	             H(13,17)       2.13663        0.00021        0.00007       2.13670
	               R(1,2)       1.31167        0.00081       -0.00004       1.31163
	               R(1,6)       1.41743       -0.00007        0.00013       1.41756
	              R(1,23)       1.08887       -0.00009       -0.00014       1.08873
	               R(2,3)       1.35768       -0.00023       -0.00006       1.35762
	               R(3,4)       1.30720        0.00237       -0.00008       1.30712
	              R(3,16)       1.08671        0.00092        0.00019       1.08689
	               R(4,5)       1.36019       -0.00070        0.00000       1.36019
	               R(5,6)       1.41601        0.00527        0.00076       1.41677
	              R(5,15)       1.41498       -0.00091       -0.00018       1.41480
	               R(6,7)       1.40719       -0.00047       -0.00022       1.40697
	               R(7,8)       1.38985        0.00397        0.00056       1.39041
	              R(7,17)       1.08156        0.00135        0.00011       1.08167
	               R(8,9)       1.36314        0.00109        0.00004       1.36318
	              R(8,14)       1.43536       -0.00018       -0.00011       1.43525
	              R(9,10)       1.45002        0.00290        0.00035       1.45037
	              R(9,18)       1.00663       -0.00054       -0.00009       1.00654
	             R(10,11)       1.38773        0.00365        0.00025       1.38798
	             R(10,13)       1.24908        0.00265        0.00023       1.24931
	             R(11,12)       1.47047        0.00384        0.00134       1.47181
	             R(11,19)       1.08593        0.00208        0.00011       1.08605
	             R(12,20)       1.09437        0.00012       -0.00003       1.09434
	             R(12,21)       1.09154        0.00052        0.00013       1.09166
	             R(12,25)       1.88927       -0.00270       -0.00259       1.88668
	             R(14,15)       1.36349        0.00342        0.00039       1.36388
	             R(14,24)       1.08701        0.00087        0.00007       1.08708
	             R(15,22)       1.08399        0.00094        0.00001       1.08401
	             R(25,26)       1.80890        0.00454        0.00104       1.80993
	             R(26,27)       1.09074        0.00107        0.00002       1.09076
	             R(26,28)       1.09201       -0.00034       -0.00022       1.09178
	             R(26,29)       1.09196        0.00090       -0.00023       1.09174
	             B(1,2,3)     116.10253        0.00002        0.07088     116.17341
	             B(1,6,5)     114.88913       -0.00002       -0.05085     114.83829
	             B(1,6,7)     123.00502        0.00002        0.07048     123.07550
	             B(2,1,6)     123.43507        0.00000       -0.00267     123.43240
	            B(2,1,23)     117.34219       -0.00000       -0.01513     117.32706
	             B(2,3,4)     127.25089       -0.00001       -0.06929     127.18161
	            B(2,3,16)     115.55802        0.00001        0.03946     115.59748
	             B(3,4,5)     116.66198        0.00000        0.03811     116.70009
	            B(4,3,16)     117.19108        0.00000        0.02981     117.22090
	             B(4,5,6)     121.66033        0.00001        0.01365     121.67398
	            B(4,5,15)     120.63954        0.00000       -0.00162     120.63792
	             B(5,6,7)     122.10575       -0.00000       -0.01956     122.08619
	           B(5,15,14)     119.94637        0.00001        0.02209     119.96846
	           B(5,15,22)     118.71378       -0.00001       -0.04288     118.67090
	            B(6,1,23)     119.22274        0.00000        0.01779     119.24054
	            B(6,5,15)     117.70007       -0.00001       -0.01201     117.68806
	             B(6,7,8)     119.69835        0.00001        0.03260     119.73095
	            B(6,7,17)     121.59129        0.00000       -0.00337     121.58792
	             B(7,8,9)     125.24281       -0.00002       -0.05973     125.18308
	            B(7,8,14)     117.70550       -0.00001       -0.02385     117.68165
	            B(8,7,17)     118.71009       -0.00001       -0.02920     118.68088
	            B(8,9,10)     129.45695        0.00002        0.07368     129.53063
	            B(8,9,18)     115.85758        0.00000        0.00374     115.86132
	           B(8,14,15)     122.84390        0.00000        0.00074     122.84464
	           B(8,14,24)     118.00082       -0.00000       -0.02777     117.97305
	            B(9,8,14)     117.05164        0.00002        0.08349     117.13513
	           B(9,10,11)     113.46001        0.00001        0.07791     113.53792
	           B(9,10,13)     117.83592       -0.00002       -0.06930     117.76662
	           B(10,9,18)     114.64844       -0.00002       -0.10512     114.54333
	          B(10,11,12)     120.39549        0.00002        0.09553     120.49101
	          B(10,11,19)     120.41552        0.00000        0.03145     120.44697
	          B(11,10,13)     128.69986        0.00001       -0.00607     128.69379
	          B(11,12,20)     113.38871        0.00001       -0.07068     113.31804
	          B(11,12,21)     110.23279        0.00001       -0.01592     110.21687
	          B(11,12,25)     116.40898       -0.00002        0.00936     116.41834
	          B(12,11,19)     119.07027       -0.00002       -0.12584     118.94443
	          B(12,25,26)      99.12000       -0.00009       -0.11400      99.00599
	          B(14,15,22)     121.33974        0.00000        0.02088     121.36062
	          B(15,14,24)     119.15516        0.00000        0.02698     119.18214
	          B(20,12,21)     108.75310       -0.00000        0.01101     108.76411
	          B(20,12,25)     101.63760        0.00000        0.09622     101.73382
	          B(21,12,25)     105.75952       -0.00000       -0.02059     105.73893
	          B(25,26,27)     111.16415       -0.00001       -0.13303     111.03112
	          B(25,26,28)     108.03779       -0.00001       -0.10252     107.93527
	          B(25,26,29)     109.03904        0.00002        0.22154     109.26057
	          B(27,26,28)     110.11823       -0.00000        0.02012     110.13834
	          B(27,26,29)     108.65431       -0.00000       -0.03615     108.61816
	          B(28,26,29)     109.81264       -0.00000        0.03398     109.84662
	           D(1,2,3,4)      -0.04752       -0.00000       -0.05579      -0.10331
	          D(1,2,3,16)     179.93346        0.00000        0.01475     179.94821
	           D(1,6,5,4)      -0.07868       -0.00000       -0.07831      -0.15699
	          D(1,6,5,15)     180.00701       -0.00000       -0.09275     179.91427
	           D(1,6,7,8)    -180.03797        0.00000        0.10298    -179.93499
	          D(1,6,7,17)       0.15460        0.00000        0.09235       0.24695
	           D(2,1,6,5)       0.09031        0.00000        0.04326       0.13356
	           D(2,1,6,7)    -179.80085       -0.00000       -0.11173    -179.91258
	           D(2,3,4,5)       0.05714        0.00000        0.02184       0.07898
	           D(3,2,1,6)      -0.03265        0.00000        0.01844      -0.01421
	          D(3,2,1,23)     179.98408       -0.00000       -0.03048     179.95360
	           D(3,4,5,6)       0.01189        0.00000        0.04906       0.06095
	          D(3,4,5,15)    -180.07629        0.00000        0.06390    -180.01239
	           D(4,5,6,7)     179.81356        0.00000        0.07508     179.88865
	         D(4,5,15,14)    -179.83739       -0.00000       -0.09013    -179.92752
	         D(4,5,15,22)       0.04247       -0.00000       -0.01164       0.03082
	          D(5,4,3,16)    -179.92356       -0.00000       -0.04971    -179.97327
	          D(5,6,1,23)    -179.92672        0.00000        0.09306    -179.83366
	           D(5,6,7,8)       0.07859       -0.00000       -0.06300       0.01559
	          D(5,6,7,17)    -179.72884       -0.00000       -0.07364    -179.80247
	         D(5,15,14,8)      -0.03542        0.00000        0.09613       0.06071
	        D(5,15,14,24)    -180.16332        0.00000        0.07164    -180.09168
	         D(6,5,15,14)       0.07784       -0.00000       -0.07584       0.00200
	         D(6,5,15,22)    -180.04231        0.00000        0.00265    -180.03966
	           D(6,7,8,9)     180.06322       -0.00001       -0.16308     179.90014
	          D(6,7,8,14)      -0.03118        0.00000        0.07556       0.04437
	          D(7,6,1,23)       0.18213       -0.00000       -0.06193       0.12020
	          D(7,6,5,15)      -0.10075        0.00000        0.06065      -0.04010
	          D(7,8,9,10)       1.81704        0.00001        0.86598       2.68303
	          D(7,8,9,18)     179.46124        0.00001        0.10407     179.56532
	         D(7,8,14,15)       0.01090       -0.00000       -0.09522      -0.08433
	         D(7,8,14,24)     180.13740       -0.00000       -0.07108     180.06632
	         D(8,9,10,11)     178.46316        0.00001        0.09063     178.55379
	         D(8,9,10,13)      -0.85570       -0.00001       -0.16109      -1.01679
	        D(8,14,15,22)    -179.91205       -0.00000        0.01556    -179.89649
	          D(9,8,7,17)      -0.12381       -0.00000       -0.15271      -0.27652
	         D(9,8,14,15)     179.92433        0.00000        0.12381     180.04814
	         D(9,8,14,24)       0.05083        0.00000        0.14796       0.19879
	        D(9,10,11,12)     180.29583       -0.00000       -0.00262     180.29321
	        D(9,10,11,19)       4.29372       -0.00000       -0.01686       4.27686
	         D(10,9,8,14)     181.91088        0.00001        0.62862     182.53950
	       D(10,11,12,20)     142.69928        0.00001        0.45240     143.15167
	       D(10,11,12,21)      20.50998       -0.00000        0.49986      21.00984
	       D(10,11,12,25)     -99.90269        0.00001        0.53308     -99.36961
	        D(11,10,9,18)       0.79561        0.00001        0.84229       1.63790
	       D(11,12,25,26)      52.91979       -0.00000        0.52677      53.44656
	       D(12,11,10,13)      -0.47596        0.00001        0.28233      -0.19363
	       D(12,25,26,27)      66.47728        0.00001       -0.15339      66.32389
	       D(12,25,26,28)    -172.59360       -0.00000       -0.27556    -172.86916
	       D(12,25,26,29)     -53.28776        0.00000       -0.16851     -53.45627
	        D(13,10,9,18)    -178.52325       -0.00000        0.59057    -177.93268
	       D(13,10,11,19)    -176.47807        0.00001        0.26809    -176.20998
	         D(14,8,7,17)    -180.21821        0.00000        0.08593    -180.13228
	         D(14,8,9,18)      -0.44491        0.00000       -0.13330      -0.57821
	       D(19,11,12,20)     -41.24525        0.00001        0.47250     -40.77275
	       D(19,11,12,21)    -163.43455       -0.00000        0.51996    -162.91458
	       D(19,11,12,25)      76.15278        0.00001        0.55319      76.70597
	       D(20,12,25,26)    -183.38326        0.00000        0.51399    -182.86928
	       D(21,12,25,26)     -69.85629        0.00000        0.55715     -69.29914
	       D(22,15,14,24)      -0.03995        0.00000       -0.00893      -0.04888
	-------------------------------------------------------------------------------

	                                 ==> Convergence Check <==                                  
    
	Measures of convergence in internal coordinates in au.
    
	Criteria marked as inactive (o), active & met (*), and active & unmet ( ).

	----------------------------------------------------------------------------------------------
	   Step    Total Energy     Delta E     Max Force     RMS Force      Max Disp      RMS Disp   
	----------------------------------------------------------------------------------------------
	  Convergence Criteria     1.00e-06 *    3.00e-04 *             o    1.20e-03 *             o
	----------------------------------------------------------------------------------------------
	     6   -1102.17800283   -6.38e-05      1.21e-03      1.89e-04 o    1.51e-02      3.46e-03 o  ~
	----------------------------------------------------------------------------------------------

Next Geometry in Ang 
	Fragment 1 (Ang)

	    C  -3.1542886058  -0.9575803948   1.7790992319
	    N  -4.4498511117  -1.0222415342   1.9732904990
	    C  -5.2314407334  -0.6930825372   0.9131501061
	    N  -4.8347142106  -0.3184627186  -0.2746312692
	    C  -3.4913903754  -0.2505191523  -0.4770893998
	    C  -2.5674181683  -0.5711013487   0.5479666452
	    C  -1.1763420227  -0.5060362933   0.3473912098
	    C  -0.6755303508  -0.1163691965  -0.8897830305
	    N   0.6467409900  -0.0133811670  -1.2048269602
	    C   1.8140157448  -0.3172431481  -0.3994017900
	    C   3.0147982723  -0.1190074128  -1.0667150592
	    C   4.2961228241  -0.3872115789  -0.3940424150
	    O   1.6266424597  -0.7201096541   0.7682323976
	    C  -1.6210391124   0.2071690221  -1.9199694683
	    C  -2.9704190748   0.1451803992  -1.7315451145
	    H  -6.3032585844  -0.7507235855   1.0840965894
	    H  -0.4780648735  -0.7556608978   1.1348604919
	    H   0.8524313262   0.2755568757  -2.1468111720
	    H   3.0247770329   0.2971050841  -2.0698363499
	    H   5.0527518322  -0.8158400955  -1.0583981996
	    H   4.1451553142  -1.0639970256   0.4491033956
	    H  -3.6631740339   0.3934675467  -2.5274845618
	    H  -2.5097058841  -1.2169292377   2.6173019785
	    H  -1.2346485197   0.5113556486  -2.8894595885
	    S   5.2052801997   1.1096570145   0.3076539379
	    C   3.8716412965   1.8046842784   1.3147318522
	    H   3.6179169584   1.1396368909   2.1412211966
	    H   4.2081625060   2.7697881459   1.6985501469
	    H   2.9848489045   1.9418960725   0.6929101631


    Structure for next step:
    Molecular point group: c1
    Full point group: C1

    Geometry (in Angstrom), charge = -1, multiplicity = 1:

    C           -3.154288605765    -0.957580394760     1.779099231927
    N           -4.449851111711    -1.022241534230     1.973290498999
    C           -5.231440733364    -0.693082537200     0.913150106109
    N           -4.834714210650    -0.318462718614    -0.274631269164
    C           -3.491390375441    -0.250519152290    -0.477089399789
    C           -2.567418168294    -0.571101348717     0.547966645198
    C           -1.176342022708    -0.506036293346     0.347391209756
    C           -0.675530350846    -0.116369196455    -0.889783030516
    N            0.646740990048    -0.013381166965    -1.204826960216
    C            1.814015744773    -0.317243148121    -0.399401790025
    C            3.014798272331    -0.119007412777    -1.066715059173
    C            4.296122824148    -0.387211578867    -0.394042415024
    O            1.626642459727    -0.720109654133     0.768232397553
    C           -1.621039112446     0.207169022118    -1.919969468315
    C           -2.970419074846     0.145180399169    -1.731545114529
    H           -6.303258584448    -0.750723585455     1.084096589390
    H           -0.478064873469    -0.755660897830     1.134860491948
    H            0.852431326244     0.275556875697    -2.146811172049
    H            3.024777032922     0.297105084089    -2.069836349949
    H            5.052751832186    -0.815840095462    -1.058398199636
    H            4.145155314237    -1.063997025625     0.449103395634
    H           -3.663174033893     0.393467546700    -2.527484561800
    H           -2.509705884074    -1.216929237662     2.617301978547
    H           -1.234648519739     0.511355648576    -2.889459588488
    S            5.205280199719     1.109657014501     0.307653937896
    C            3.871641296450     1.804684278420     1.314731852160
    H            3.617916958440     1.139636890912     2.141221196579
    H            4.208162506004     2.769788145888     1.698550146904
    H            2.984848904454     1.941896072451     0.692910163070


Scratch directory: /tmp/
gradient() will perform analytic gradient computation.
   => Libint2 <=

    Primary   basis highest AM E, G, H:  7, 6, 3
    Auxiliary basis highest AM E, G, H:  7, 7, 4
    Onebody   basis highest AM E, G, H:  -, -, -
    Solid Harmonics ordering:            Gaussian

*** tstart() called on eristm01.eisai.local
*** at Wed May 20 10:28:27 2026

   => Loading Basis Set <=

    Name: 6-311+G(D,P)
    Role: ORBITAL
    Keyword: BASIS
    atoms 1, 3, 5-8, 10-12, 14-15, 26 entry C          line   129 file /home2/shbae/bucket/covalent/.pixi/envs/default/share/psi4/basis/6-311pg_d_p_.gbs 
    atoms 2, 4, 9                     entry N          line   150 file /home2/shbae/bucket/covalent/.pixi/envs/default/share/psi4/basis/6-311pg_d_p_.gbs 
    atoms 13                          entry O          line   171 file /home2/shbae/bucket/covalent/.pixi/envs/default/share/psi4/basis/6-311pg_d_p_.gbs 
    atoms 16-24, 27-29                entry H          line    42 file /home2/shbae/bucket/covalent/.pixi/envs/default/share/psi4/basis/6-311pg_d_p_.gbs 
    atoms 25                          entry S          line   429 file /home2/shbae/bucket/covalent/.pixi/envs/default/share/psi4/basis/6-311pg_d_p_.gbs 

   => WB97X-D: Empirical Dispersion <=

    Chai and Head-Gordon Dispersion Correction
    Chai, J.-D.; Head-Gordon, M. (2010), J. Chem. Phys., 132: 6615-6620

        s6 =       1.000000


         ---------------------------------------------------------
                                   SCF
               by Justin Turney, Rob Parrish, Andy Simmonett
                          and Daniel G. A. Smith
                              RKS Reference
                        8 Threads,   7629 MiB Core
         ---------------------------------------------------------

  ==> Geometry <==

    Molecular point group: c1
    Full point group: C1

    Geometry (in Angstrom), charge = -1, multiplicity = 1:

       Center              X                  Y                   Z               Mass       
    ------------   -----------------  -----------------  -----------------  -----------------
         C           -3.154288605765    -0.957580394760     1.779099231927    12.000000000000
         N           -4.449851111711    -1.022241534230     1.973290498999    14.003074004430
         C           -5.231440733364    -0.693082537200     0.913150106109    12.000000000000
         N           -4.834714210650    -0.318462718614    -0.274631269164    14.003074004430
         C           -3.491390375441    -0.250519152290    -0.477089399789    12.000000000000
         C           -2.567418168294    -0.571101348717     0.547966645198    12.000000000000
         C           -1.176342022708    -0.506036293346     0.347391209756    12.000000000000
         C           -0.675530350846    -0.116369196455    -0.889783030516    12.000000000000
         N            0.646740990048    -0.013381166965    -1.204826960216    14.003074004430
         C            1.814015744773    -0.317243148121    -0.399401790025    12.000000000000
         C            3.014798272331    -0.119007412777    -1.066715059173    12.000000000000
         C            4.296122824148    -0.387211578867    -0.394042415024    12.000000000000
         O            1.626642459727    -0.720109654133     0.768232397553    15.994914619570
         C           -1.621039112446     0.207169022118    -1.919969468315    12.000000000000
         C           -2.970419074846     0.145180399169    -1.731545114529    12.000000000000
         H           -6.303258584448    -0.750723585455     1.084096589390     1.007825032230
         H           -0.478064873469    -0.755660897830     1.134860491948     1.007825032230
         H            0.852431326244     0.275556875697    -2.146811172049     1.007825032230
         H            3.024777032922     0.297105084089    -2.069836349949     1.007825032230
         H            5.052751832186    -0.815840095462    -1.058398199636     1.007825032230
         H            4.145155314237    -1.063997025625     0.449103395634     1.007825032230
         H           -3.663174033893     0.393467546700    -2.527484561800     1.007825032230
         H           -2.509705884074    -1.216929237662     2.617301978547     1.007825032230
         H           -1.234648519739     0.511355648576    -2.889459588488     1.007825032230
         S            5.205280199719     1.109657014501     0.307653937896    31.972071174400
         C            3.871641296450     1.804684278420     1.314731852160    12.000000000000
         H            3.617916958440     1.139636890912     2.141221196579     1.007825032230
         H            4.208162506004     2.769788145888     1.698550146904     1.007825032230
         H            2.984848904454     1.941896072451     0.692910163070     1.007825032230

  Running in c1 symmetry.

  Rotational constants: A =      0.04219  B =      0.00526  C =      0.00491 [cm^-1]
  Rotational constants: A =   1264.71579  B =    157.65517  C =    147.11623 [MHz]
  Nuclear repulsion = 1188.407164401430464

  Charge       = -1
  Multiplicity = 1
  Electrons    = 130
  Nalpha       = 65
  Nbeta        = 65

  ==> Algorithm <==

  SCF Algorithm Type is DF.
  DIIS enabled.
  MOM disabled.
  Fractional occupation disabled.
  Guess Type is READ.
  Energy threshold   = 1.00e-08
  Density threshold  = 1.00e-08
  Integral threshold = 1.00e-12

  ==> Primary Basis <==

  Basis Set: 6-311+G(D,P)
    Blend: 6-311+G(D,P)
    Number of shells: 222
    Number of basis functions: 454
    Number of Cartesian functions: 471
    Spherical Harmonics?: true
    Max angular momentum: 2

  ==> DFT Potential <==

   => LibXC <=

    Version 7.0.0
    S. Lehtola, C. Steigemann, M. J.T. Oliveira, and M. A.L. Marques.,  SoftwareX 7, 1–5 (2018) (10.1016/j.softx.2017.11.002)

   => Composite Functional: WB97X-D <= 

    wB97X-D Hyb-GGA Exchange-Correlation Functional

    J.-D. Chai and M. Head-Gordon.,  Phys. Chem. Chem. Phys. 10, 6615-6620 (2008) (10.1039/B810189B)

    Deriv               =              1
    GGA                 =           TRUE
    Meta                =          FALSE

    Exchange Hybrid     =           TRUE
    MP2 Hybrid          =          FALSE

   => Exchange-Correlation Functionals <=

    1.0000   wB97X-D range-separated functional

   => Exact (HF) Exchange <=

    0.7780            HF,LR [omega = 0.2000]
    0.2220               HF 

   => LibXC Density Thresholds  <==

    XC_HYB_GGA_XC_WB97X_D:  1.00E-14 

   => Molecular Quadrature <=

    Radial Scheme          =       TREUTLER
    Pruning Scheme         =           NONE
    Nuclear Scheme         =       TREUTLER

    Blocking Scheme        =         OCTREE
    BS radius alpha        =              1
    Pruning alpha          =              1
    Radial Points          =             75
    Spherical Points       =            302
    Total Points           =         606027
    Total Blocks           =           4371
    Max Points             =            256
    Max Functions          =            333
    Weights Tolerance      =       1.00E-15

   => Loading Basis Set <=

    Name: (6-311+G(D,P) AUX)
    Role: JKFIT
    Keyword: DF_BASIS_SCF
    atoms 1, 3, 5-8, 10-12, 14-15, 26 entry C          line   200 file /home2/shbae/bucket/covalent/.pixi/envs/default/share/psi4/basis/heavy-aug-cc-pvtz-jkfit.gbs 
    atoms 2, 4, 9                     entry N          line   262 file /home2/shbae/bucket/covalent/.pixi/envs/default/share/psi4/basis/heavy-aug-cc-pvtz-jkfit.gbs 
    atoms 13                          entry O          line   324 file /home2/shbae/bucket/covalent/.pixi/envs/default/share/psi4/basis/heavy-aug-cc-pvtz-jkfit.gbs 
    atoms 16-24, 27-29                entry H          line   116 file /home2/shbae/bucket/covalent/.pixi/envs/default/share/psi4/basis/heavy-aug-cc-pvtz-jkfit.gbs 
    atoms 25                          entry S          line   768 file /home2/shbae/bucket/covalent/.pixi/envs/default/share/psi4/basis/heavy-aug-cc-pvtz-jkfit.gbs 

   => Loading Basis Set <=

    Name: 6-311+G(D,P)
    Role: ORBITAL
    Keyword: BASIS
    atoms 1, 3, 5-8, 10-12, 14-15, 26 entry C          line   129 file /home2/shbae/bucket/covalent/.pixi/envs/default/share/psi4/basis/6-311pg_d_p_.gbs 
    atoms 2, 4, 9                     entry N          line   150 file /home2/shbae/bucket/covalent/.pixi/envs/default/share/psi4/basis/6-311pg_d_p_.gbs 
    atoms 13                          entry O          line   171 file /home2/shbae/bucket/covalent/.pixi/envs/default/share/psi4/basis/6-311pg_d_p_.gbs 
    atoms 16-24, 27-29                entry H          line    42 file /home2/shbae/bucket/covalent/.pixi/envs/default/share/psi4/basis/6-311pg_d_p_.gbs 
    atoms 25                          entry S          line   429 file /home2/shbae/bucket/covalent/.pixi/envs/default/share/psi4/basis/6-311pg_d_p_.gbs 

  Reading orbitals from file /tmp/4_intermediate.default.2248151.180.npy, no projection.

  ==> Integral Setup <==

  ==> DiskDFJK: Density-Fitted J/K Matrices <==

    J tasked:                  Yes
    K tasked:                  Yes
    wK tasked:                 Yes
    Omega:               2.000E-01
    OpenMP threads:              8
    Integrals threads:           8
    Memory [MiB]:             1470
    Algorithm:                Disk
    Integral Cache:           NONE
    Schwarz Cutoff:          1E-12
    Fitting Condition:       1E-10

   => Auxiliary Basis Set <=

  Basis Set: (6-311+G(D,P) AUX)
    Blend: HEAVY-AUG-CC-PVTZ-JKFIT
    Number of shells: 642
    Number of basis functions: 2170
    Number of Cartesian functions: 2696
    Spherical Harmonics?: true
    Max angular momentum: 4

  Cached 100.0% of DFT collocation blocks in 4.152 [GiB].

  Minimum eigenvalue in the overlap matrix is 1.5565349259E-07.
  Reciprocal condition number of the overlap matrix is 1.0722053820E-08.
    Using symmetric orthogonalization.

  ==> Pre-Iterations <==

  SCF Guess: Orbitals guess was supplied from a previous computation.

   -------------------------------------------------------
    Irrep   Nso     Nmo     Nalpha   Nbeta   Ndocc  Nsocc
   -------------------------------------------------------
     A        454     454      65      65      65       0
   -------------------------------------------------------
    Total     454     454      65      65      65       0
   -------------------------------------------------------

  ==> Iterations <==

                           Total Energy        Delta E     RMS |[F,P]|

   @DF-RKS iter   0: -1102.17414295201343   -1.10217e+03   2.24670e-04 
   @DF-RKS iter   1: -1102.17787339952702   -3.73045e-03   2.27319e-05 DIIS
   @DF-RKS iter   2: -1102.17798081336764   -1.07414e-04   1.42341e-05 DIIS
   @DF-RKS iter   3: -1102.17799977715117   -1.89638e-05   7.22699e-06 DIIS
   @DF-RKS iter   4: -1102.17800592735966   -6.15021e-06   2.77568e-06 DIIS
   @DF-RKS iter   5: -1102.17800682190318   -8.94544e-07   8.57171e-07 DIIS
   @DF-RKS iter   6: -1102.17800691384423   -9.19410e-08   3.07332e-07 DIIS
   @DF-RKS iter   7: -1102.17800693239042   -1.85462e-08   1.34825e-07 DIIS
   @DF-RKS iter   8: -1102.17800693574441   -3.35399e-09   4.63634e-08 DIIS
   @DF-RKS iter   9: -1102.17800693625691   -5.12500e-10   1.60065e-08 DIIS
   @DF-RKS iter  10: -1102.17800693635604   -9.91349e-11   6.35736e-09 DIIS
  Energy and wave function converged.


  ==> Post-Iterations <==

   Electrons on quadrature grid:
      Ntotal   =  129.9998380351 ; deviation = -1.620e-04 

    Orbital Energies [Eh]
    ---------------------

    Doubly Occupied:                                                      

       1A    -88.864265     2A    -19.038762     3A    -14.341128  
       4A    -14.341014     5A    -14.331915     6A    -10.250082  
       7A    -10.240166     8A    -10.236063     9A    -10.229647  
      10A    -10.222188    11A    -10.205510    12A    -10.204819  
      13A    -10.200118    14A    -10.172340    15A    -10.171479  
      16A    -10.171154    17A    -10.100257    18A     -7.904838  
      19A     -5.853988    20A     -5.850337    21A     -5.844082  
      22A     -0.994126    23A     -0.971905    24A     -0.910012  
      25A     -0.898210    26A     -0.847014    27A     -0.775885  
      28A     -0.763416    29A     -0.744713    30A     -0.700849  
      31A     -0.668333    32A     -0.651186    33A     -0.624541  
      34A     -0.606982    35A     -0.561189    36A     -0.538579  
      37A     -0.527128    38A     -0.518676    39A     -0.489895  
      40A     -0.454306    41A     -0.444015    42A     -0.430424  
      43A     -0.423987    44A     -0.422054    45A     -0.407191  
      46A     -0.396851    47A     -0.391087    48A     -0.381508  
      49A     -0.377301    50A     -0.356188    51A     -0.349772  
      52A     -0.341062    53A     -0.334110    54A     -0.313834  
      55A     -0.308868    56A     -0.302591    57A     -0.292335  
      58A     -0.268450    59A     -0.258678    60A     -0.240574  
      61A     -0.235591    62A     -0.185526    63A     -0.174067  
      64A     -0.165042    65A     -0.103490  

    Virtual:                                                              

      66A      0.097561    67A      0.137543    68A      0.141288  
      69A      0.148461    70A      0.159617    71A      0.165915  
      72A      0.167498    73A      0.169364    74A      0.172358  
      75A      0.182070    76A      0.186080    77A      0.191220  
      78A      0.194360    79A      0.197472    80A      0.205663  
      81A      0.212167    82A      0.218592    83A      0.221242  
      84A      0.221794    85A      0.228179    86A      0.232799  
      87A      0.236711    88A      0.241295    89A      0.245205  
      90A      0.246159    91A      0.256231    92A      0.258679  
      93A      0.265058    94A      0.265843    95A      0.269060  
      96A      0.274593    97A      0.276718    98A      0.283588  
      99A      0.287622   100A      0.292264   101A      0.296081  
     102A      0.297780   103A      0.304210   104A      0.307434  
     105A      0.314537   106A      0.320454   107A      0.324758  
     108A      0.328811   109A      0.330673   110A      0.332822  
     111A      0.338351   112A      0.339596   113A      0.345114  
     114A      0.349568   115A      0.352552   116A      0.359391  
     117A      0.364885   118A      0.367455   119A      0.368608  
     120A      0.370700   121A      0.375777   122A      0.380126  
     123A      0.381822   124A      0.386817   125A      0.389545  
     126A      0.392762   127A      0.396391   128A      0.401414  
     129A      0.406302   130A      0.408184   131A      0.411899  
     132A      0.415472   133A      0.424211   134A      0.429970  
     135A      0.431965   136A      0.434954   137A      0.437632  
     138A      0.441960   139A      0.447215   140A      0.449748  
     141A      0.455810   142A      0.458797   143A      0.464215  
     144A      0.469169   145A      0.479513   146A      0.488127  
     147A      0.489868   148A      0.495999   149A      0.500085  
     150A      0.510493   151A      0.511496   152A      0.517359  
     153A      0.522485   154A      0.529622   155A      0.534021  
     156A      0.538443   157A      0.542397   158A      0.543500  
     159A      0.552692   160A      0.558966   161A      0.567175  
     162A      0.575202   163A      0.602917   164A      0.605256  
     165A      0.606765   166A      0.627596   167A      0.636647  
     168A      0.644712   169A      0.660739   170A      0.682204  
     171A      0.688818   172A      0.710834   173A      0.711852  
     174A      0.719986   175A      0.721394   176A      0.732115  
     177A      0.733597   178A      0.734214   179A      0.744531  
     180A      0.753721   181A      0.766281   182A      0.768236  
     183A      0.771157   184A      0.776121   185A      0.796014  
     186A      0.801277   187A      0.804019   188A      0.823068  
     189A      0.824531   190A      0.833660   191A      0.841393  
     192A      0.845493   193A      0.859796   194A      0.872672  
     195A      0.879399   196A      0.886236   197A      0.887671  
     198A      0.895345   199A      0.905302   200A      0.907451  
     201A      0.911670   202A      0.914088   203A      0.929064  
     204A      0.933283   205A      0.937082   206A      0.950180  
     207A      0.960652   208A      0.971604   209A      0.977698  
     210A      0.980612   211A      0.986815   212A      0.997158  
     213A      1.000634   214A      1.017379   215A      1.034721  
     216A      1.043486   217A      1.048275   218A      1.060904  
     219A      1.074709   220A      1.079896   221A      1.082604  
     222A      1.085429   223A      1.094079   224A      1.102390  
     225A      1.113519   226A      1.120313   227A      1.124731  
     228A      1.130325   229A      1.133846   230A      1.141106  
     231A      1.155139   232A      1.164899   233A      1.173150  
     234A      1.175376   235A      1.185853   236A      1.189087  
     237A      1.193131   238A      1.212103   239A      1.232896  
     240A      1.234875   241A      1.241969   242A      1.250586  
     243A      1.274193   244A      1.285594   245A      1.288435  
     246A      1.303879   247A      1.304966   248A      1.321215  
     249A      1.327027   250A      1.335411   251A      1.345807  
     252A      1.347462   253A      1.355757   254A      1.382119  
     255A      1.393129   256A      1.402118   257A      1.418483  
     258A      1.421454   259A      1.478793   260A      1.486251  
     261A      1.506581   262A      1.527545   263A      1.549156  
     264A      1.557672   265A      1.561404   266A      1.585004  
     267A      1.613143   268A      1.670928   269A      1.683153  
     270A      1.685998   271A      1.710929   272A      1.716789  
     273A      1.718288   274A      1.728039   275A      1.743148  
     276A      1.751425   277A      1.757685   278A      1.765139  
     279A      1.769980   280A      1.777162   281A      1.800566  
     282A      1.815312   283A      1.824692   284A      1.837036  
     285A      1.842959   286A      1.849558   287A      1.860668  
     288A      1.873614   289A      1.882603   290A      1.895209  
     291A      1.912983   292A      1.917687   293A      1.923610  
     294A      1.924533   295A      1.946917   296A      1.948562  
     297A      1.961637   298A      1.980895   299A      1.985981  
     300A      1.996998   301A      2.015218   302A      2.031121  
     303A      2.036250   304A      2.059763   305A      2.065668  
     306A      2.071809   307A      2.076294   308A      2.085891  
     309A      2.118004   310A      2.133885   311A      2.146636  
     312A      2.161759   313A      2.167129   314A      2.176215  
     315A      2.186138   316A      2.205201   317A      2.214165  
     318A      2.223121   319A      2.243620   320A      2.247914  
     321A      2.252577   322A      2.284015   323A      2.296994  
     324A      2.311004   325A      2.319000   326A      2.337373  
     327A      2.355354   328A      2.382840   329A      2.396253  
     330A      2.433661   331A      2.445639   332A      2.462352  
     333A      2.464855   334A      2.474636   335A      2.494171  
     336A      2.501597   337A      2.530478   338A      2.532060  
     339A      2.549626   340A      2.585733   341A      2.604791  
     342A      2.616209   343A      2.646154   344A      2.661692  
     345A      2.677810   346A      2.696647   347A      2.701570  
     348A      2.723721   349A      2.757275   350A      2.769156  
     351A      2.777167   352A      2.792593   353A      2.796697  
     354A      2.812553   355A      2.831664   356A      2.850498  
     357A      2.864510   358A      2.882359   359A      2.889665  
     360A      2.902714   361A      2.916021   362A      2.923795  
     363A      2.939892   364A      2.953670   365A      2.964228  
     366A      2.985554   367A      2.991233   368A      2.999624  
     369A      3.018271   370A      3.034528   371A      3.044488  
     372A      3.058173   373A      3.066447   374A      3.074947  
     375A      3.084530   376A      3.110113   377A      3.126449  
     378A      3.133154   379A      3.143179   380A      3.152533  
     381A      3.171799   382A      3.174348   383A      3.187842  
     384A      3.219629   385A      3.227801   386A      3.233893  
     387A      3.242874   388A      3.288958   389A      3.328248  
     390A      3.383089   391A      3.416522   392A      3.439898  
     393A      3.453484   394A      3.518714   395A      3.531029  
     396A      3.550927   397A      3.591164   398A      3.609191  
     399A      3.615865   400A      3.640432   401A      3.696800  
     402A      3.726973   403A      3.758300   404A      3.805063  
     405A      3.815212   406A      3.848863   407A      3.864519  
     408A      3.915110   409A      3.954085   410A      3.965619  
     411A      3.989717   412A      4.031736   413A      4.103472  
     414A      4.112811   415A      4.134505   416A      4.144365  
     417A      4.159453   418A      4.186591   419A      4.269499  
     420A      4.289512   421A      4.398388   422A      4.480193  
     423A      4.570436   424A      4.623402   425A      4.704671  
     426A      5.045154   427A      5.094890   428A      5.180278  
     429A      5.356389   430A      5.378310   431A      5.509230  
     432A      5.608654   433A      6.098385   434A      8.158173  
     435A     17.619980   436A     17.728850   437A     17.743928  
     438A     23.878251   439A     24.065579   440A     24.127927  
     441A     24.168609   442A     24.173910   443A     24.182813  
     444A     24.210441   445A     24.223739   446A     24.259582  
     447A     24.361110   448A     24.378194   449A     24.428330  
     450A     35.875324   451A     35.909674   452A     35.929356  
     453A     50.352905   454A    189.404640  

    Final Occupation by Irrep:
              A 
    DOCC [    65 ]
    NA   [    65 ]
    NB   [    65 ]

  @DF-RKS Final Energy: -1102.17800693635604

   => Energetics <=

    Nuclear Repulsion Energy =           1188.4071644014304638
    One-Electron Energy =               -3881.9149316879093021
    Two-Electron Energy =                1678.5430911538032888
    DFT Exchange-Correlation Energy =     -87.1962622712123192
    Empirical Dispersion Energy =          -0.0170685324678597
    VV10 Nonlocal Energy =                  0.0000000000000000
    Total Energy =                      -1102.1780069363560415

Computation Completed


Properties will be evaluated at   0.000000,   0.000000,   0.000000 [a0]

Properties computed using the SCF density matrix


 Multipole Moments:

 ------------------------------------------------------------------------------------
     Multipole            Electronic (a.u.)      Nuclear  (a.u.)        Total (a.u.)
 ------------------------------------------------------------------------------------

 L = 1.  Multiply by 2.5417464519 to convert [e a0] to [Debye]
 Dipole X            :          1.4523151           -3.4349501           -1.9826350
 Dipole Y            :         10.5281814          -10.0647034            0.4634780
 Dipole Z            :         -4.3902739            3.3900908           -1.0001831
 Magnitude           :                                                    2.2684840

 ------------------------------------------------------------------------------------

*** tstop() called on eristm01.eisai.local at Wed May 20 10:29:11 2026
Module time:
	user time   =     318.18 seconds =       5.30 minutes
	system time =      14.90 seconds =       0.25 minutes
	total time  =         44 seconds =       0.73 minutes
Total time:
	user time   =   49101.83 seconds =     818.36 minutes
	system time =    1718.27 seconds =      28.64 minutes
	total time  =       7017 seconds =     116.95 minutes

*** tstart() called on eristm01.eisai.local
*** at Wed May 20 10:29:11 2026


         ------------------------------------------------------------
                                   SCF GRAD                          
                          Rob Parrish, Justin Turney,                
                       Andy Simmonett, and Alex Sokolov              
         ------------------------------------------------------------

  ==> Geometry <==

    Molecular point group: c1
    Full point group: C1

    Geometry (in Angstrom), charge = -1, multiplicity = 1:

       Center              X                  Y                   Z               Mass       
    ------------   -----------------  -----------------  -----------------  -----------------
         C           -3.154288605765    -0.957580394760     1.779099231927    12.000000000000
         N           -4.449851111711    -1.022241534230     1.973290498999    14.003074004430
         C           -5.231440733364    -0.693082537200     0.913150106109    12.000000000000
         N           -4.834714210650    -0.318462718614    -0.274631269164    14.003074004430
         C           -3.491390375441    -0.250519152290    -0.477089399789    12.000000000000
         C           -2.567418168294    -0.571101348717     0.547966645198    12.000000000000
         C           -1.176342022708    -0.506036293346     0.347391209756    12.000000000000
         C           -0.675530350846    -0.116369196455    -0.889783030516    12.000000000000
         N            0.646740990048    -0.013381166965    -1.204826960216    14.003074004430
         C            1.814015744773    -0.317243148121    -0.399401790025    12.000000000000
         C            3.014798272331    -0.119007412777    -1.066715059173    12.000000000000
         C            4.296122824148    -0.387211578867    -0.394042415024    12.000000000000
         O            1.626642459727    -0.720109654133     0.768232397553    15.994914619570
         C           -1.621039112446     0.207169022118    -1.919969468315    12.000000000000
         C           -2.970419074846     0.145180399169    -1.731545114529    12.000000000000
         H           -6.303258584448    -0.750723585455     1.084096589390     1.007825032230
         H           -0.478064873469    -0.755660897830     1.134860491948     1.007825032230
         H            0.852431326244     0.275556875697    -2.146811172049     1.007825032230
         H            3.024777032922     0.297105084089    -2.069836349949     1.007825032230
         H            5.052751832186    -0.815840095462    -1.058398199636     1.007825032230
         H            4.145155314237    -1.063997025625     0.449103395634     1.007825032230
         H           -3.663174033893     0.393467546700    -2.527484561800     1.007825032230
         H           -2.509705884074    -1.216929237662     2.617301978547     1.007825032230
         H           -1.234648519739     0.511355648576    -2.889459588488     1.007825032230
         S            5.205280199719     1.109657014501     0.307653937896    31.972071174400
         C            3.871641296450     1.804684278420     1.314731852160    12.000000000000
         H            3.617916958440     1.139636890912     2.141221196579     1.007825032230
         H            4.208162506004     2.769788145888     1.698550146904     1.007825032230
         H            2.984848904454     1.941896072451     0.692910163070     1.007825032230

  Nuclear repulsion = 1188.407164401430464

  ==> Basis Set <==

  Basis Set: 6-311+G(D,P)
    Blend: 6-311+G(D,P)
    Number of shells: 222
    Number of basis functions: 454
    Number of Cartesian functions: 471
    Spherical Harmonics?: true
    Max angular momentum: 2

  ==> DFJKGrad: Density-Fitted SCF Gradients <==

    Gradient:                    1
    J tasked:                  Yes
    K tasked:                  Yes
    wK tasked:                 Yes
    Omega:               2.000E-01
    OpenMP threads:              8
    Integrals threads:           8
    Memory [MiB]:             5722
    Schwarz Cutoff:          1E-12
    Fitting Condition:       1E-10

   => Auxiliary Basis Set <=

  Basis Set: (6-311+G(D,P) AUX)
    Blend: HEAVY-AUG-CC-PVTZ-JKFIT
    Number of shells: 642
    Number of basis functions: 2170
    Number of Cartesian functions: 2696
    Spherical Harmonics?: true
    Max angular momentum: 4

  ==> DFT Potential <==

   => LibXC <=

    Version 7.0.0
    S. Lehtola, C. Steigemann, M. J.T. Oliveira, and M. A.L. Marques.,  SoftwareX 7, 1–5 (2018) (10.1016/j.softx.2017.11.002)

   => Composite Functional: WB97X-D <= 

    wB97X-D Hyb-GGA Exchange-Correlation Functional

    J.-D. Chai and M. Head-Gordon.,  Phys. Chem. Chem. Phys. 10, 6615-6620 (2008) (10.1039/B810189B)

    Deriv               =              1
    GGA                 =           TRUE
    Meta                =          FALSE

    Exchange Hybrid     =           TRUE
    MP2 Hybrid          =          FALSE

   => Exchange-Correlation Functionals <=

    1.0000   wB97X-D range-separated functional

   => Exact (HF) Exchange <=

    0.7780            HF,LR [omega = 0.2000]
    0.2220               HF 

   => LibXC Density Thresholds  <==

    XC_HYB_GGA_XC_WB97X_D:  1.00E-14 

   => Molecular Quadrature <=

    Radial Scheme          =       TREUTLER
    Pruning Scheme         =           NONE
    Nuclear Scheme         =       TREUTLER

    Blocking Scheme        =         OCTREE
    BS radius alpha        =              1
    Pruning alpha          =              1
    Radial Points          =             75
    Spherical Points       =            302
    Total Points           =         606027
    Total Blocks           =           4371
    Max Points             =            256
    Max Functions          =            333
    Weights Tolerance      =       1.00E-15


  -Total Gradient:
     Atom            X                  Y                   Z
    ------   -----------------  -----------------  -----------------
       1        0.000032905623    -0.000130353421     0.000194003602
       2        0.000125007798     0.000020249265    -0.000087598078
       3       -0.000095925165     0.000073192843    -0.000391699073
       4       -0.000113737491    -0.000141856751     0.000518066720
       5        0.000413698854    -0.000114453125     0.000062292750
       6       -0.000211980454     0.000303688746    -0.000053324698
       7        0.000258890456    -0.000308375284    -0.000228574889
       8       -0.000008366882     0.000186766825     0.000223101266
       9        0.000201836841    -0.000275200363     0.000078049891
      10       -0.000246150587    -0.000005644394    -0.000136474188
      11        0.000209217904    -0.000016046303    -0.000136586039
      12        0.000441705636     0.000248704239     0.000084104550
      13        0.000011830138     0.000168946237    -0.000161876990
      14       -0.000165953093     0.000115704023    -0.000035691914
      15       -0.000052706650     0.000047196891    -0.000209045122
      16       -0.000006697336    -0.000009730607     0.000074171811
      17       -0.000073640249     0.000110045453    -0.000015945050
      18       -0.000056903454     0.000019512199     0.000055773396
      19       -0.000036798569    -0.000053662482     0.000163879724
      20       -0.000038045772     0.000011672397    -0.000059875654
      21       -0.000022811080     0.000028348917    -0.000071388057
      22        0.000079296213    -0.000023139757     0.000093461631
      23        0.000004637883     0.000054628230    -0.000073409142
      24        0.000025204007     0.000003253290     0.000076852664
      25       -0.000270126310    -0.000165234571     0.000108349264
      26        0.000122930069     0.000224373188    -0.000131239097
      27       -0.000007884757     0.000017164717    -0.000122224795
      28        0.000068144732    -0.000096157408    -0.000110971772
      29        0.000053464352    -0.000038422295     0.000152407771


*** tstop() called on eristm01.eisai.local at Wed May 20 10:29:30 2026
Module time:
	user time   =     135.29 seconds =       2.25 minutes
	system time =       1.69 seconds =       0.03 minutes
	total time  =         19 seconds =       0.32 minutes
Total time:
	user time   =   49237.13 seconds =     820.62 minutes
	system time =    1719.96 seconds =      28.67 minutes
	total time  =       7036 seconds =     117.27 minutes

    			-----------------------------------------

    			 OPTKING 3.0: for geometry optimizations 

    			     By R.A. King, Bethel University     

    			        with contributions from          

    			    A.V. Copan, J. Cayton, A. Heide      

    			-----------------------------------------

    
	                            ===> Fragment 1 <== 

	 Z (Atomic Numbers)          Masses                          Geom                  
	       6.000000            12.000000         -5.96074159 -1.80956469  3.36201030   
	       7.000000            14.003074         -8.40899990 -1.93175653  3.72897861   
	       6.000000            12.000000         -9.88599023 -1.30973618  1.72560361   
	       7.000000            14.003074         -9.13628575 -0.60180732 -0.51897788   
	       6.000000            12.000000         -6.59777161 -0.47341259 -0.90156830   
	       6.000000            12.000000         -4.85171719 -1.07922514  1.03550689   
	       6.000000            12.000000         -2.22296425 -0.95627000  0.65647424   
	       6.000000            12.000000         -1.27656735 -0.21990591 -1.68144624   
	       7.000000            14.003074          1.22216335 -0.02528674 -2.27679298   
	       6.000000            12.000000          3.42799294 -0.59950267 -0.75476000   
	       6.000000            12.000000          5.69714306 -0.22489142 -2.01579932   
	       6.000000            12.000000          8.11849554 -0.73172384 -0.74463225   
	       8.000000            15.994915          3.07390875 -1.36081003  1.45174883   
	       6.000000            12.000000         -3.06331996  0.39149271 -3.62821646   
	       6.000000            12.000000         -5.61327853  0.27435119 -3.27214604   
	       1.000000             1.007825        -11.91143242  -1.41866197   2.04864565 
	       1.000000             1.007825         -0.90341168 -1.42799214  2.14457552   
	       1.000000             1.007825          1.61086175  0.52072703 -4.05688516   
	       1.000000             1.007825          5.71600018  0.56144724 -3.91142383   
	       1.000000             1.007825          9.54831714 -1.54171434 -2.00008273   
	       1.000000             1.007825          7.83320829 -2.01066298  0.84868242   
	       1.000000             1.007825         -6.92239567  0.74354590 -4.77625361   
	       1.000000             1.007825         -4.74265678 -2.29966297  4.94598393   
	       1.000000             1.007825         -2.33314756  0.96632213 -5.46028727   
	      16.000000            31.972071          9.83655398  2.09694785  0.58138168   
	       6.000000            12.000000          7.31634171  3.41035903  2.48448313   
	       1.000000             1.007825          6.83687220  2.15360161  4.04632164   
	       1.000000             1.007825          7.95227463  5.23414102  3.20979459   
	       1.000000             1.007825          5.64054696  3.66965174  1.30941044   

	 - Coordinate -           - BOHR/RAD -       - ANG/DEG -
	 H(2,23)          =         3.880532           2.053489
	 H(13,17)         =         4.037772           2.136697
	 R(1,2)           =         2.478622           1.311630
	 R(1,6)           =         2.678796           1.417558
	 R(1,23)          =         2.057401           1.088730
	 R(2,3)           =         2.565526           1.357618
	 R(3,4)           =         2.470094           1.307118
	 R(3,16)          =         2.053932           1.086894
	 R(4,5)           =         2.570392           1.360193
	 R(5,6)           =         2.677307           1.416770
	 R(5,15)          =         2.673577           1.414796
	 R(6,7)           =         2.658783           1.406967
	 R(7,8)           =         2.627503           1.390415
	 R(7,17)          =         2.044061           1.081671
	 R(8,9)           =         2.576038           1.363180
	 R(8,14)          =         2.712233           1.435252
	 R(9,10)          =         2.740801           1.450370
	 R(9,18)          =         1.902090           1.006543
	 R(10,11)         =         2.622898           1.387978
	 R(10,13)         =         2.360857           1.249312
	 R(11,12)         =         2.781311           1.471807
	 R(11,19)         =         2.052334           1.086049
	 R(12,20)         =         2.068002           1.094339
	 R(12,21)         =         2.062941           1.091661
	 R(12,25)         =         3.565308           1.886680
	 R(14,15)         =         2.577362           1.363881
	 R(14,24)         =         2.054279           1.087078
	 R(15,22)         =         2.048480           1.084009
	 R(25,26)         =         3.420280           1.809934
	 R(26,27)         =         2.061230           1.090756
	 R(26,28)         =         2.063169           1.091782
	 R(26,29)         =         2.063084           1.091737
	 B(1,2,3)         =         2.027608         116.173409
	 B(1,6,5)         =         2.004306         114.838288
	 B(1,6,7)         =         2.148073         123.075503
	 B(2,1,6)         =         2.154302         123.432395
	 B(2,1,23)        =         2.047744         117.327061
	 B(2,3,4)         =         2.219738         127.181606
	 B(2,3,16)        =         2.017557         115.597479
	 B(3,4,5)         =         2.036801         116.700092
	 B(4,3,16)        =         2.045891         117.220896
	 B(4,5,6)         =         2.123612         121.673979
	 B(4,5,15)        =         2.105529         120.637920
	 B(5,6,7)         =         2.130806         122.086193
	 B(5,15,14)       =         2.093845         119.968460
	 B(5,15,22)       =         2.071198         118.670905
	 B(6,1,23)        =         2.081140         119.240536
	 B(6,5,15)        =         2.054044         117.688062
	 B(6,7,8)         =         2.089699         119.730950
	 B(6,7,17)        =         2.122110         121.587923
	 B(7,8,9)         =         2.184857         125.183077
	 B(7,8,14)        =         2.053932         117.681646
	 B(8,7,17)        =         2.071372         118.680884
	 B(8,9,10)        =         2.260736         129.530631
	 B(8,9,18)        =         2.022162         115.861323
	 B(8,14,15)       =         2.144043         122.844638
	 B(8,14,24)       =         2.059018         117.973053
	 B(9,8,14)        =         2.044394         117.135130
	 B(9,10,11)       =         1.981611         113.537920
	 B(9,10,13)       =         2.055415         117.766616
	 B(10,9,18)       =         1.999158         114.543326
	 B(10,11,12)      =         2.102965         120.491012
	 B(10,11,19)      =         2.102196         120.446974
	 B(11,10,13)      =         2.246130         128.693791
	 B(11,12,20)      =         1.977773         113.318038
	 B(11,12,21)      =         1.923647         110.216865
	 B(11,12,25)      =         2.031883         116.418337
	 B(12,11,19)      =         2.075972         118.944431
	 B(12,25,26)      =         1.727981          99.005991
	 B(14,15,22)      =         2.118142         121.360622
	 B(15,14,24)      =         2.080121         119.182140
	 B(20,12,21)      =         1.898292         108.764114
	 B(20,12,25)      =         1.775590         101.733821
	 B(21,12,25)      =         1.845492         105.738925
	 B(25,26,27)      =         1.937859         111.031121
	 B(25,26,28)      =         1.883826         107.935269
	 B(25,26,29)      =         1.906957         109.260574
	 B(27,26,28)      =         1.922277         110.138344
	 B(27,26,29)      =         1.895745         108.618163
	 B(28,26,29)      =         1.917185         109.846618
	 D(1,2,3,4)       =        -0.001803          -0.103312
	 D(1,2,3,16)      =         3.140689         179.948211
	 D(1,6,5,4)       =        -0.002740          -0.156991
	 D(1,6,5,15)      =         3.140096         179.914266
	 D(1,6,7,8)       =        -3.140458        -179.934986
	 D(1,6,7,17)      =         0.004310           0.246953
	 D(2,1,6,5)       =         0.002331           0.133565
	 D(2,1,6,7)       =        -3.140067        -179.912578
	 D(2,3,4,5)       =         0.001379           0.078984
	 D(3,2,1,6)       =        -0.000248          -0.014213
	 D(3,2,1,23)      =         3.140783         179.953596
	 D(3,4,5,6)       =         0.001064           0.060947
	 D(3,4,5,15)      =        -3.141809        -180.012388
	 D(4,5,6,7)       =         3.139649         179.888645
	 D(4,5,15,14)     =        -3.140328        -179.927517
	 D(4,5,15,22)     =         0.000538           0.030821
	 D(5,4,3,16)      =        -3.141126        -179.973269
	 D(5,6,1,23)      =        -3.138689        -179.833660
	 D(5,6,7,8)       =         0.000272           0.015590
	 D(5,6,7,17)      =        -3.138145        -179.802471
	 D(5,15,14,8)     =         0.001060           0.060706
	 D(5,15,14,24)    =        -3.143193        -180.091684
	 D(6,5,15,14)     =         0.000035           0.002001
	 D(6,5,15,22)     =        -3.142285        -180.039661
	 D(6,7,8,9)       =         3.139850         179.900139
	 D(6,7,8,14)      =         0.000774           0.044374
	 D(7,6,1,23)      =         0.002098           0.120197
	 D(7,6,5,15)      =        -0.000700          -0.040098
	 D(7,8,9,10)      =         0.046828           2.683025
	 D(7,8,9,18)      =         3.134006         179.565316
	 D(7,8,14,15)     =        -0.001472          -0.084325
	 D(7,8,14,24)     =         3.142750         180.066323
	 D(8,9,10,11)     =         3.116352         178.553789
	 D(8,9,10,13)     =        -0.017746          -1.016785
	 D(8,14,15,22)    =        -3.139786        -179.896486
	 D(9,8,7,17)      =        -0.004826          -0.276519
	 D(9,8,14,15)     =         3.142433         180.048141
	 D(9,8,14,24)     =         0.003470           0.198789
	 D(9,10,11,12)    =         3.146710         180.293208
	 D(9,10,11,19)    =         0.074645           4.276863
	 D(10,9,8,14)     =         3.185915         182.539501
	 D(10,11,12,20)   =         2.498468         143.151671
	 D(10,11,12,21)   =         0.366691          21.009839
	 D(10,11,12,25)   =        -1.734327         -99.369610
	 D(11,10,9,18)    =         0.028587           1.637895
	 D(11,12,25,26)   =         0.932818          53.446557
	 D(12,11,10,13)   =        -0.003380          -0.193634
	 D(12,25,26,27)   =         1.157570          66.323888
	 D(12,25,26,28)   =        -3.017136        -172.869157
	 D(12,25,26,29)   =        -0.932988         -53.456272
	 D(13,10,9,18)    =        -3.105511        -177.932679
	 D(13,10,11,19)   =        -3.075444        -176.209979
	 D(14,8,7,17)     =        -3.143901        -180.132283
	 D(14,8,9,18)     =        -0.010092          -0.578208
	 D(19,11,12,20)   =        -0.711619         -40.772752
	 D(19,11,12,21)   =        -2.843396        -162.914584
	 D(19,11,12,25)   =         1.338772          76.705967
	 D(20,12,25,26)   =        -3.191671        -182.869277
	 D(21,12,25,26)   =        -1.209498         -69.299138
	 D(22,15,14,24)   =        -0.000853          -0.048876


	        --- Internal Coordinate Step in ANG or DEG, aJ/ANG or AJ/DEG ---
	-------------------------------------------------------------------------------
	           Coordinate      Previous         Force          Change          New 
	           ----------      --------        ------          ------        ------
	              H(2,23)       2.05349        0.00006       -0.00032       2.05317
	             H(13,17)       2.13670       -0.00002        0.00007       2.13676
	               R(1,2)       1.31163       -0.00002       -0.00004       1.31159
	               R(1,6)       1.41756       -0.00057       -0.00001       1.41754
	              R(1,23)       1.08873        0.00070        0.00001       1.08874
	               R(2,3)       1.35762       -0.00023       -0.00017       1.35745
	               R(3,4)       1.30712        0.00296        0.00022       1.30734
	              R(3,16)       1.08689       -0.00036        0.00003       1.08693
	               R(4,5)       1.36019       -0.00175       -0.00027       1.35992
	               R(5,6)       1.41677        0.00173        0.00080       1.41757
	              R(5,15)       1.41480       -0.00048       -0.00020       1.41460
	               R(6,7)       1.40697       -0.00095       -0.00039       1.40658
	               R(7,8)       1.39041        0.00098        0.00047       1.39088
	              R(7,17)       1.08167        0.00080        0.00019       1.08186
	               R(8,9)       1.36318       -0.00104       -0.00023       1.36295
	              R(8,14)       1.43525       -0.00102       -0.00033       1.43492
	              R(9,10)       1.45037        0.00096        0.00033       1.45069
	              R(9,18)       1.00654        0.00059        0.00005       1.00659
	             R(10,11)       1.38798       -0.00180       -0.00018       1.38780
	             R(10,13)       1.24931        0.00155        0.00023       1.24954
	             R(11,12)       1.47181       -0.00112        0.00063       1.47244
	             R(11,19)       1.08605        0.00160        0.00029       1.08633
	             R(12,20)       1.09434        0.00013       -0.00004       1.09430
	             R(12,21)       1.09166        0.00031        0.00013       1.09180
	             R(12,25)       1.88668        0.00154       -0.00077       1.88591
	             R(14,15)       1.36388        0.00035        0.00026       1.36414
	             R(14,24)       1.08708        0.00052        0.00011       1.08718
	             R(15,22)       1.08401        0.00091        0.00013       1.08414
	             R(25,26)       1.80993        0.00133        0.00098       1.81092
	             R(26,27)       1.09076        0.00058        0.00005       1.09081
	             R(26,28)       1.09178        0.00097        0.00000       1.09179
	             R(26,29)       1.09174        0.00107       -0.00006       1.09168
	             B(1,2,3)     116.17341       -0.00001        0.02552     116.19893
	             B(1,6,5)     114.83829        0.00000       -0.03095     114.80734
	             B(1,6,7)     123.07550       -0.00000        0.05104     123.12655
	             B(2,1,6)     123.43240        0.00000        0.00140     123.43379
	            B(2,1,23)     117.32706       -0.00000       -0.02679     117.30027
	             B(2,3,4)     127.18161        0.00001       -0.00486     127.17675
	            B(2,3,16)     115.59748       -0.00000        0.02171     115.61919
	             B(3,4,5)     116.70009       -0.00001       -0.00899     116.69110
	            B(4,3,16)     117.22090       -0.00001       -0.01684     117.20406
	             B(4,5,6)     121.67398        0.00000        0.01760     121.69158
	            B(4,5,15)     120.63792       -0.00000       -0.00261     120.63531
	             B(5,6,7)     122.08619       -0.00000       -0.02113     122.06506
	           B(5,15,14)     119.96846        0.00001        0.03052     119.99898
	           B(5,15,22)     118.67090       -0.00000       -0.03423     118.63667
	            B(6,1,23)     119.24054        0.00000        0.02538     119.26591
	            B(6,5,15)     117.68806       -0.00000       -0.01506     117.67300
	             B(6,7,8)     119.73095       -0.00000        0.01978     119.75073
	            B(6,7,17)     121.58792        0.00000        0.01729     121.60521
	             B(7,8,9)     125.18308       -0.00000       -0.06589     125.11719
	            B(7,8,14)     117.68165        0.00000        0.00378     117.68543
	            B(8,7,17)     118.68088       -0.00000       -0.03763     118.64326
	            B(8,9,10)     129.53063       -0.00000        0.01796     129.54859
	            B(8,9,18)     115.86132        0.00001        0.02940     115.89073
	           B(8,14,15)     122.84464       -0.00000       -0.01820     122.82644
	           B(8,14,24)     117.97305        0.00000        0.00405     117.97710
	            B(9,8,14)     117.13513       -0.00000        0.06073     117.19586
	           B(9,10,11)     113.53792       -0.00002       -0.02306     113.51486
	           B(9,10,13)     117.76662        0.00002        0.00651     117.77313
	           B(10,9,18)     114.54333       -0.00000       -0.08047     114.46286
	          B(10,11,12)     120.49101       -0.00001        0.04878     120.53980
	          B(10,11,19)     120.44697        0.00001        0.04841     120.49539
	          B(11,10,13)     128.69379        0.00001        0.01631     128.71010
	          B(11,12,20)     113.31804        0.00001       -0.04679     113.27125
	          B(11,12,21)     110.21687        0.00001        0.04074     110.25761
	          B(11,12,25)     116.41834       -0.00001       -0.01179     116.40655
	          B(12,11,19)     118.94443        0.00000       -0.09659     118.84784
	          B(12,25,26)      99.00599       -0.00004       -0.11797      98.88802
	          B(14,15,22)     121.36062       -0.00000        0.00373     121.36435
	          B(15,14,24)     119.18214       -0.00000        0.01425     119.19639
	          B(20,12,21)     108.76411       -0.00000        0.00123     108.76534
	          B(20,12,25)     101.73382        0.00000        0.05124     101.78506
	          B(21,12,25)     105.73893       -0.00000       -0.03449     105.70444
	          B(25,26,27)     111.03112        0.00000       -0.09565     110.93547
	          B(25,26,28)     107.93527        0.00001       -0.00262     107.93264
	          B(25,26,29)     109.26057       -0.00001        0.07405     109.33463
	          B(27,26,28)     110.13834       -0.00001       -0.01019     110.12816
	          B(27,26,29)     108.61816        0.00001        0.03669     108.65485
	          B(28,26,29)     109.84662       -0.00000       -0.00164     109.84498
	           D(1,2,3,4)      -0.10331        0.00000       -0.00630      -0.10961
	          D(1,2,3,16)     179.94821       -0.00000       -0.04564     179.90257
	           D(1,6,5,4)      -0.15699       -0.00000       -0.10742      -0.26441
	          D(1,6,5,15)     179.91427       -0.00000       -0.06204     179.85222
	           D(1,6,7,8)    -179.93499        0.00000        0.11826    -179.81672
	          D(1,6,7,17)       0.24695        0.00000        0.26576       0.51272
	           D(2,1,6,5)       0.13356        0.00000        0.05822       0.19178
	           D(2,1,6,7)    -179.91258       -0.00000       -0.26194    -180.17452
	           D(2,3,4,5)       0.07898       -0.00000       -0.04163       0.03735
	           D(3,2,1,6)      -0.01421       -0.00000       -0.00428      -0.01849
	          D(3,2,1,23)     179.95360       -0.00000       -0.02204     179.93156
	           D(3,4,5,6)       0.06095        0.00000        0.10027       0.16122
	          D(3,4,5,15)    -180.01239        0.00000        0.05356    -179.95883
	           D(4,5,6,7)     179.88865        0.00000        0.20893     180.09758
	         D(4,5,15,14)    -179.92752       -0.00000       -0.09337    -180.02088
	         D(4,5,15,22)       0.03082       -0.00000       -0.03486      -0.00403
	          D(5,4,3,16)    -179.97327        0.00000       -0.00173    -179.97500
	          D(5,6,1,23)    -179.83366        0.00000        0.07633    -179.75733
	           D(5,6,7,8)       0.01559       -0.00000       -0.22467      -0.20908
	          D(5,6,7,17)    -179.80247       -0.00000       -0.07717    -179.87964
	         D(5,15,14,8)       0.06071       -0.00000       -0.00320       0.05751
	        D(5,15,14,24)    -180.09168        0.00000        0.05610    -180.03558
	         D(6,5,15,14)       0.00200       -0.00000       -0.13823      -0.13622
	         D(6,5,15,22)    -180.03966       -0.00000       -0.07971    -180.11938
	           D(6,7,8,9)     179.90014       -0.00000       -0.24466     179.65548
	          D(6,7,8,14)       0.04437        0.00000        0.07444       0.11882
	          D(7,6,1,23)       0.12020       -0.00000       -0.24383      -0.12364
	          D(7,6,5,15)      -0.04010        0.00000        0.25431       0.21421
	          D(7,8,9,10)       2.68303        0.00001        1.05646       3.73949
	          D(7,8,9,18)     179.56532        0.00001        0.33889     179.90421
	         D(7,8,14,15)      -0.08433        0.00000        0.03740      -0.04693
	         D(7,8,14,24)     180.06632       -0.00000       -0.02123     180.04509
	         D(8,9,10,11)     178.55379        0.00000        0.73822     179.29201
	         D(8,9,10,13)      -1.01679        0.00001        0.76829      -0.24850
	        D(8,14,15,22)    -179.89649       -0.00000       -0.06332    -179.95981
	          D(9,8,7,17)      -0.27652       -0.00001       -0.38770      -0.66422
	         D(9,8,14,15)     180.04814        0.00001        0.33104     180.37918
	         D(9,8,14,24)       0.19879        0.00000        0.27241       0.47120
	        D(9,10,11,12)     180.29321        0.00000        0.05977     180.35298
	        D(9,10,11,19)       4.27686        0.00000        0.05328       4.33014
	         D(10,9,8,14)     182.53950        0.00001        0.73870     183.27820
	       D(10,11,12,20)     143.15167        0.00001        0.27890     143.43057
	       D(10,11,12,21)      21.00984       -0.00000        0.28019      21.29003
	       D(10,11,12,25)     -99.36961        0.00000        0.30219     -99.06742
	        D(11,10,9,18)       1.63790        0.00001        1.44466       3.08255
	       D(11,12,25,26)      53.44656        0.00000        0.82938      54.27594
	       D(12,11,10,13)      -0.19363       -0.00000        0.02559      -0.16804
	       D(12,25,26,27)      66.32389        0.00000       -0.57867      65.74521
	       D(12,25,26,28)    -172.86916        0.00000       -0.65075    -173.51991
	       D(12,25,26,29)     -53.45627       -0.00000       -0.61211     -54.06838
	        D(13,10,9,18)    -177.93268        0.00001        1.47473    -176.45795
	       D(13,10,11,19)    -176.20998       -0.00000        0.01910    -176.19088
	         D(14,8,7,17)    -180.13228       -0.00000       -0.06860    -180.20088
	         D(14,8,9,18)      -0.57821        0.00000        0.02112      -0.55708
	       D(19,11,12,20)     -40.77275        0.00000        0.29090     -40.48185
	       D(19,11,12,21)    -162.91458       -0.00000        0.29218    -162.62240
	       D(19,11,12,25)      76.70597        0.00000        0.31419      77.02015
	       D(20,12,25,26)    -182.86928        0.00000        0.80132    -182.06796
	       D(21,12,25,26)     -69.29914        0.00000        0.81098     -68.48816
	       D(22,15,14,24)      -0.04888        0.00000       -0.00402      -0.05290
	-------------------------------------------------------------------------------

	                                 ==> Convergence Check <==                                  
    
	Measures of convergence in internal coordinates in au.
    
	Criteria marked as inactive (o), active & met (*), and active & unmet ( ).

	----------------------------------------------------------------------------------------------
	   Step    Total Energy     Delta E     Max Force     RMS Force      Max Disp      RMS Disp   
	----------------------------------------------------------------------------------------------
	  Convergence Criteria     1.00e-06 *    3.00e-04 *             o    1.20e-03 *             o
	----------------------------------------------------------------------------------------------
	     7   -1102.17800694   -4.10e-06      4.73e-04      9.67e-05 o    2.57e-02      5.07e-03 o  ~
	----------------------------------------------------------------------------------------------

Next Geometry in Ang 
	Fragment 1 (Ang)

	    C  -3.1446352080  -0.9259066230   1.7880534727
	    N  -4.4396070550  -0.9864380790   1.9871607820
	    C  -5.2245588307  -0.6752813885   0.9242914191
	    N  -4.8315429606  -0.3212228933  -0.2712518992
	    C  -3.4891063814  -0.2565390327  -0.4787621383
	    C  -2.5611900013  -0.5611532546   0.5487072719
	    C  -1.1712618744  -0.4948911491   0.3433370569
	    C  -0.6744425535  -0.1247688332  -0.9019452738
	    N   0.6468707313  -0.0187749113  -1.2189942760
	    C   1.8166281688  -0.3190299218  -0.4152345513
	    C   3.0155537756  -0.1026019998  -1.0798591240
	    C   4.3002893312  -0.3655859149  -0.4102573905
	    O   1.6322979455  -0.7354948115   0.7483549340
	    C  -1.6231136964   0.1794823882  -1.9346356701
	    C  -2.9720548437   0.1184293255  -1.7409578476
	    H  -6.2959132261  -0.7300999666   1.0992332755
	    H  -0.4696748048  -0.7308644261   1.1323378900
	    H   0.8510470995   0.2590265343  -2.1647037845
	    H   3.0228572238   0.3240465677  -2.0788784504
	    H   5.0615740043  -0.7753207312  -1.0811170390
	    H   4.1578199057  -1.0565419912   0.4229900190
	    H  -3.6678262660   0.3528635844  -2.5386460661
	    H  -2.4981067367  -1.1708793149   2.6290967890
	    H  -1.2399474084   0.4686132252  -2.9101123881
	    S   5.1903892197   1.1309816615   0.3140740961
	    C   3.8531055958   1.7775782175   1.3499329266
	    H   3.6148457220   1.0834953788   2.1569932609
	    H   4.1795173390   2.7346521500   1.7615931250
	    H   2.9601857847   1.9222262095   0.7387650431


    Structure for next step:
    Molecular point group: c1
    Full point group: C1

    Geometry (in Angstrom), charge = -1, multiplicity = 1:

    C           -3.144635208011    -0.925906623040     1.788053472732
    N           -4.439607055035    -0.986438078978     1.987160781964
    C           -5.224558830662    -0.675281388503     0.924291419070
    N           -4.831542960595    -0.321222893307    -0.271251899241
    C           -3.489106381401    -0.256539032703    -0.478762138260
    C           -2.561190001315    -0.561153254605     0.548707271949
    C           -1.171261874436    -0.494891149056     0.343337056851
    C           -0.674442553500    -0.124768833169    -0.901945273818
    N            0.646870731284    -0.018774911339    -1.218994275992
    C            1.816628168834    -0.319029921771    -0.415234551287
    C            3.015553775627    -0.102601999771    -1.079859124022
    C            4.300289331196    -0.365585914931    -0.410257390509
    O            1.632297945455    -0.735494811518     0.748354934028
    C           -1.623113696440     0.179482388216    -1.934635670093
    C           -2.972054843702     0.118429325484    -1.740957847614
    H           -6.295913226085    -0.730099966561     1.099233275538
    H           -0.469674804820    -0.730864426065     1.132337889996
    H            0.851047099549     0.259026534339    -2.164703784459
    H            3.022857223757     0.324046567685    -2.078878450399
    H            5.061574004307    -0.775320731158    -1.081117039049
    H            4.157819905737    -1.056541991189     0.422990019041
    H           -3.667826266010     0.352863584354    -2.538646066080
    H           -2.498106736665    -1.170879314908     2.629096788988
    H           -1.239947408385     0.468613225156    -2.910112388061
    S            5.190389219730     1.130981661453     0.314074096098
    C            3.853105595812     1.777578217524     1.349932926593
    H            3.614845722021     1.083495378790     2.156993260917
    H            4.179517339002     2.734652150042     1.761593125017
    H            2.960185784739     1.922226209543     0.738765043098


Scratch directory: /tmp/
gradient() will perform analytic gradient computation.
   => Libint2 <=

    Primary   basis highest AM E, G, H:  7, 6, 3
    Auxiliary basis highest AM E, G, H:  7, 7, 4
    Onebody   basis highest AM E, G, H:  -, -, -
    Solid Harmonics ordering:            Gaussian

*** tstart() called on eristm01.eisai.local
*** at Wed May 20 10:29:30 2026

   => Loading Basis Set <=

    Name: 6-311+G(D,P)
    Role: ORBITAL
    Keyword: BASIS
    atoms 1, 3, 5-8, 10-12, 14-15, 26 entry C          line   129 file /home2/shbae/bucket/covalent/.pixi/envs/default/share/psi4/basis/6-311pg_d_p_.gbs 
    atoms 2, 4, 9                     entry N          line   150 file /home2/shbae/bucket/covalent/.pixi/envs/default/share/psi4/basis/6-311pg_d_p_.gbs 
    atoms 13                          entry O          line   171 file /home2/shbae/bucket/covalent/.pixi/envs/default/share/psi4/basis/6-311pg_d_p_.gbs 
    atoms 16-24, 27-29                entry H          line    42 file /home2/shbae/bucket/covalent/.pixi/envs/default/share/psi4/basis/6-311pg_d_p_.gbs 
    atoms 25                          entry S          line   429 file /home2/shbae/bucket/covalent/.pixi/envs/default/share/psi4/basis/6-311pg_d_p_.gbs 

   => WB97X-D: Empirical Dispersion <=

    Chai and Head-Gordon Dispersion Correction
    Chai, J.-D.; Head-Gordon, M. (2010), J. Chem. Phys., 132: 6615-6620

        s6 =       1.000000


         ---------------------------------------------------------
                                   SCF
               by Justin Turney, Rob Parrish, Andy Simmonett
                          and Daniel G. A. Smith
                              RKS Reference
                        8 Threads,   7629 MiB Core
         ---------------------------------------------------------

  ==> Geometry <==

    Molecular point group: c1
    Full point group: C1

    Geometry (in Angstrom), charge = -1, multiplicity = 1:

       Center              X                  Y                   Z               Mass       
    ------------   -----------------  -----------------  -----------------  -----------------
         C           -3.144635208011    -0.925906623040     1.788053472732    12.000000000000
         N           -4.439607055035    -0.986438078978     1.987160781964    14.003074004430
         C           -5.224558830662    -0.675281388503     0.924291419070    12.000000000000
         N           -4.831542960595    -0.321222893307    -0.271251899241    14.003074004430
         C           -3.489106381401    -0.256539032703    -0.478762138260    12.000000000000
         C           -2.561190001315    -0.561153254605     0.548707271949    12.000000000000
         C           -1.171261874436    -0.494891149056     0.343337056851    12.000000000000
         C           -0.674442553500    -0.124768833169    -0.901945273818    12.000000000000
         N            0.646870731284    -0.018774911339    -1.218994275992    14.003074004430
         C            1.816628168834    -0.319029921771    -0.415234551287    12.000000000000
         C            3.015553775627    -0.102601999771    -1.079859124022    12.000000000000
         C            4.300289331196    -0.365585914931    -0.410257390509    12.000000000000
         O            1.632297945455    -0.735494811518     0.748354934028    15.994914619570
         C           -1.623113696440     0.179482388216    -1.934635670093    12.000000000000
         C           -2.972054843702     0.118429325484    -1.740957847614    12.000000000000
         H           -6.295913226085    -0.730099966561     1.099233275538     1.007825032230
         H           -0.469674804820    -0.730864426065     1.132337889996     1.007825032230
         H            0.851047099549     0.259026534339    -2.164703784459     1.007825032230
         H            3.022857223757     0.324046567685    -2.078878450399     1.007825032230
         H            5.061574004307    -0.775320731158    -1.081117039049     1.007825032230
         H            4.157819905737    -1.056541991189     0.422990019041     1.007825032230
         H           -3.667826266010     0.352863584354    -2.538646066080     1.007825032230
         H           -2.498106736665    -1.170879314908     2.629096788988     1.007825032230
         H           -1.239947408385     0.468613225156    -2.910112388061     1.007825032230
         S            5.190389219730     1.130981661453     0.314074096098    31.972071174400
         C            3.853105595812     1.777578217524     1.349932926593    12.000000000000
         H            3.614845722021     1.083495378790     2.156993260917     1.007825032230
         H            4.179517339002     2.734652150042     1.761593125017     1.007825032230
         H            2.960185784739     1.922226209543     0.738765043098     1.007825032230

  Running in c1 symmetry.

  Rotational constants: A =      0.04188  B =      0.00528  C =      0.00492 [cm^-1]
  Rotational constants: A =   1255.48791  B =    158.24224  C =    147.35157 [MHz]
  Nuclear repulsion = 1188.648681196406187

  Charge       = -1
  Multiplicity = 1
  Electrons    = 130
  Nalpha       = 65
  Nbeta        = 65

  ==> Algorithm <==

  SCF Algorithm Type is DF.
  DIIS enabled.
  MOM disabled.
  Fractional occupation disabled.
  Guess Type is READ.
  Energy threshold   = 1.00e-08
  Density threshold  = 1.00e-08
  Integral threshold = 1.00e-12

  ==> Primary Basis <==

  Basis Set: 6-311+G(D,P)
    Blend: 6-311+G(D,P)
    Number of shells: 222
    Number of basis functions: 454
    Number of Cartesian functions: 471
    Spherical Harmonics?: true
    Max angular momentum: 2

  ==> DFT Potential <==

   => LibXC <=

    Version 7.0.0
    S. Lehtola, C. Steigemann, M. J.T. Oliveira, and M. A.L. Marques.,  SoftwareX 7, 1–5 (2018) (10.1016/j.softx.2017.11.002)

   => Composite Functional: WB97X-D <= 

    wB97X-D Hyb-GGA Exchange-Correlation Functional

    J.-D. Chai and M. Head-Gordon.,  Phys. Chem. Chem. Phys. 10, 6615-6620 (2008) (10.1039/B810189B)

    Deriv               =              1
    GGA                 =           TRUE
    Meta                =          FALSE

    Exchange Hybrid     =           TRUE
    MP2 Hybrid          =          FALSE

   => Exchange-Correlation Functionals <=

    1.0000   wB97X-D range-separated functional

   => Exact (HF) Exchange <=

    0.7780            HF,LR [omega = 0.2000]
    0.2220               HF 

   => LibXC Density Thresholds  <==

    XC_HYB_GGA_XC_WB97X_D:  1.00E-14 

   => Molecular Quadrature <=

    Radial Scheme          =       TREUTLER
    Pruning Scheme         =           NONE
    Nuclear Scheme         =       TREUTLER

    Blocking Scheme        =         OCTREE
    BS radius alpha        =              1
    Pruning alpha          =              1
    Radial Points          =             75
    Spherical Points       =            302
    Total Points           =         606029
    Total Blocks           =           4332
    Max Points             =            256
    Max Functions          =            333
    Weights Tolerance      =       1.00E-15

   => Loading Basis Set <=

    Name: (6-311+G(D,P) AUX)
    Role: JKFIT
    Keyword: DF_BASIS_SCF
    atoms 1, 3, 5-8, 10-12, 14-15, 26 entry C          line   200 file /home2/shbae/bucket/covalent/.pixi/envs/default/share/psi4/basis/heavy-aug-cc-pvtz-jkfit.gbs 
    atoms 2, 4, 9                     entry N          line   262 file /home2/shbae/bucket/covalent/.pixi/envs/default/share/psi4/basis/heavy-aug-cc-pvtz-jkfit.gbs 
    atoms 13                          entry O          line   324 file /home2/shbae/bucket/covalent/.pixi/envs/default/share/psi4/basis/heavy-aug-cc-pvtz-jkfit.gbs 
    atoms 16-24, 27-29                entry H          line   116 file /home2/shbae/bucket/covalent/.pixi/envs/default/share/psi4/basis/heavy-aug-cc-pvtz-jkfit.gbs 
    atoms 25                          entry S          line   768 file /home2/shbae/bucket/covalent/.pixi/envs/default/share/psi4/basis/heavy-aug-cc-pvtz-jkfit.gbs 

   => Loading Basis Set <=

    Name: 6-311+G(D,P)
    Role: ORBITAL
    Keyword: BASIS
    atoms 1, 3, 5-8, 10-12, 14-15, 26 entry C          line   129 file /home2/shbae/bucket/covalent/.pixi/envs/default/share/psi4/basis/6-311pg_d_p_.gbs 
    atoms 2, 4, 9                     entry N          line   150 file /home2/shbae/bucket/covalent/.pixi/envs/default/share/psi4/basis/6-311pg_d_p_.gbs 
    atoms 13                          entry O          line   171 file /home2/shbae/bucket/covalent/.pixi/envs/default/share/psi4/basis/6-311pg_d_p_.gbs 
    atoms 16-24, 27-29                entry H          line    42 file /home2/shbae/bucket/covalent/.pixi/envs/default/share/psi4/basis/6-311pg_d_p_.gbs 
    atoms 25                          entry S          line   429 file /home2/shbae/bucket/covalent/.pixi/envs/default/share/psi4/basis/6-311pg_d_p_.gbs 

  Reading orbitals from file /tmp/4_intermediate.default.2248151.180.npy, no projection.

  ==> Integral Setup <==

  ==> DiskDFJK: Density-Fitted J/K Matrices <==

    J tasked:                  Yes
    K tasked:                  Yes
    wK tasked:                 Yes
    Omega:               2.000E-01
    OpenMP threads:              8
    Integrals threads:           8
    Memory [MiB]:             1470
    Algorithm:                Disk
    Integral Cache:           NONE
    Schwarz Cutoff:          1E-12
    Fitting Condition:       1E-10

   => Auxiliary Basis Set <=

  Basis Set: (6-311+G(D,P) AUX)
    Blend: HEAVY-AUG-CC-PVTZ-JKFIT
    Number of shells: 642
    Number of basis functions: 2170
    Number of Cartesian functions: 2696
    Spherical Harmonics?: true
    Max angular momentum: 4

  Cached 100.0% of DFT collocation blocks in 4.152 [GiB].

  Minimum eigenvalue in the overlap matrix is 1.6150682636E-07.
  Reciprocal condition number of the overlap matrix is 1.1125151602E-08.
    Using symmetric orthogonalization.

  ==> Pre-Iterations <==

  SCF Guess: Orbitals guess was supplied from a previous computation.

   -------------------------------------------------------
    Irrep   Nso     Nmo     Nalpha   Nbeta   Ndocc  Nsocc
   -------------------------------------------------------
     A        454     454      65      65      65       0
   -------------------------------------------------------
    Total     454     454      65      65      65       0
   -------------------------------------------------------

  ==> Iterations <==

                           Total Energy        Delta E     RMS |[F,P]|

   @DF-RKS iter   0: -1102.16784300391214   -1.10217e+03   3.15017e-04 
   @DF-RKS iter   1: -1102.17771658388051   -9.87358e-03   3.28698e-05 DIIS
   @DF-RKS iter   2: -1102.17793115438576   -2.14571e-04   2.19183e-05 DIIS
   @DF-RKS iter   3: -1102.17797286127075   -4.17069e-05   1.11280e-05 DIIS
   @DF-RKS iter   4: -1102.17798582984028   -1.29686e-05   4.25677e-06 DIIS
   @DF-RKS iter   5: -1102.17798796452985   -2.13469e-06   1.02583e-06 DIIS
   @DF-RKS iter   6: -1102.17798813567356   -1.71144e-07   3.90707e-07 DIIS
   @DF-RKS iter   7: -1102.17798817100243   -3.53289e-08   1.58140e-07 DIIS
   @DF-RKS iter   8: -1102.17798817650259   -5.50017e-09   6.61589e-08 DIIS
   @DF-RKS iter   9: -1102.17798817741982   -9.17225e-10   2.46529e-08 DIIS
   @DF-RKS iter  10: -1102.17798817760877   -1.88948e-10   7.11460e-09 DIIS
  Energy and wave function converged.


  ==> Post-Iterations <==

   Electrons on quadrature grid:
      Ntotal   =  129.9998505543 ; deviation = -1.494e-04 

    Orbital Energies [Eh]
    ---------------------

    Doubly Occupied:                                                      

       1A    -88.864389     2A    -19.038698     3A    -14.341028  
       4A    -14.340935     5A    -14.331824     6A    -10.249992  
       7A    -10.240076     8A    -10.236005     9A    -10.229558  
      10A    -10.222151    11A    -10.205473    12A    -10.204743  
      13A    -10.200047    14A    -10.172317    15A    -10.171641  
      16A    -10.171189    17A    -10.100325    18A     -7.904951  
      19A     -5.854099    20A     -5.850456    21A     -5.844193  
      22A     -0.994031    23A     -0.971738    24A     -0.909928  
      25A     -0.898154    26A     -0.846871    27A     -0.775776  
      28A     -0.763416    29A     -0.744615    30A     -0.700745  
      31A     -0.668278    32A     -0.651118    33A     -0.624428  
      34A     -0.606892    35A     -0.561212    36A     -0.538485  
      37A     -0.527009    38A     -0.518695    39A     -0.489812  
      40A     -0.454226    41A     -0.444002    42A     -0.430324  
      43A     -0.423845    44A     -0.422044    45A     -0.407133  
      46A     -0.396609    47A     -0.390978    48A     -0.381460  
      49A     -0.377338    50A     -0.356153    51A     -0.349625  
      52A     -0.340973    53A     -0.333995    54A     -0.313952  
      55A     -0.308835    56A     -0.302460    57A     -0.292273  
      58A     -0.268303    59A     -0.258889    60A     -0.240461  
      61A     -0.235496    62A     -0.185473    63A     -0.173932  
      64A     -0.165136    65A     -0.103454  

    Virtual:                                                              

      66A      0.097584    67A      0.137596    68A      0.141354  
      69A      0.148534    70A      0.159722    71A      0.165717  
      72A      0.167607    73A      0.169439    74A      0.172459  
      75A      0.182113    76A      0.186167    77A      0.191072  
      78A      0.194406    79A      0.197692    80A      0.205948  
      81A      0.211974    82A      0.218533    83A      0.221337  
      84A      0.221845    85A      0.228298    86A      0.232867  
      87A      0.236935    88A      0.241170    89A      0.245190  
      90A      0.246199    91A      0.256517    92A      0.258815  
      93A      0.264920    94A      0.265578    95A      0.268872  
      96A      0.274671    97A      0.276556    98A      0.283759  
      99A      0.287571   100A      0.292204   101A      0.295799  
     102A      0.297868   103A      0.304048   104A      0.307475  
     105A      0.314435   106A      0.320910   107A      0.325446  
     108A      0.329055   109A      0.330216   110A      0.333335  
     111A      0.337836   112A      0.339288   113A      0.344728  
     114A      0.349971   115A      0.352529   116A      0.359288  
     117A      0.365636   118A      0.367558   119A      0.368029  
     120A      0.370991   121A      0.375890   122A      0.380494  
     123A      0.382002   124A      0.386565   125A      0.389897  
     126A      0.392866   127A      0.396110   128A      0.401446  
     129A      0.405925   130A      0.408600   131A      0.412700  
     132A      0.415306   133A      0.424070   134A      0.429845  
     135A      0.431811   136A      0.435105   137A      0.437407  
     138A      0.441617   139A      0.447161   140A      0.449434  
     141A      0.455897   142A      0.458576   143A      0.463193  
     144A      0.469762   145A      0.479321   146A      0.488176  
     147A      0.489976   148A      0.496022   149A      0.500448  
     150A      0.511088   151A      0.511841   152A      0.518174  
     153A      0.522450   154A      0.529917   155A      0.532633  
     156A      0.537993   157A      0.542303   158A      0.544677  
     159A      0.553330   160A      0.558583   161A      0.567008  
     162A      0.576762   163A      0.600113   164A      0.603208  
     165A      0.606565   166A      0.626690   167A      0.635966  
     168A      0.643243   169A      0.660115   170A      0.681950  
     171A      0.687849   172A      0.710578   173A      0.712394  
     174A      0.719879   175A      0.720962   176A      0.731523  
     177A      0.732366   178A      0.734395   179A      0.743346  
     180A      0.753128   181A      0.766409   182A      0.768516  
     183A      0.771356   184A      0.776672   185A      0.795343  
     186A      0.801901   187A      0.804784   188A      0.821538  
     189A      0.824865   190A      0.833595   191A      0.841718  
     192A      0.846977   193A      0.859945   194A      0.872635  
     195A      0.879938   196A      0.886069   197A      0.889203  
     198A      0.895533   199A      0.905285   200A      0.907013  
     201A      0.912008   202A      0.914900   203A      0.928779  
     204A      0.933546   205A      0.936520   206A      0.950090  
     207A      0.961193   208A      0.971072   209A      0.978165  
     210A      0.980362   211A      0.986474   212A      0.997074  
     213A      1.001326   214A      1.017447   215A      1.034069  
     216A      1.043140   217A      1.048463   218A      1.061397  
     219A      1.074109   220A      1.079456   221A      1.081967  
     222A      1.085695   223A      1.092892   224A      1.103148  
     225A      1.113016   226A      1.120896   227A      1.124517  
     228A      1.130531   229A      1.132642   230A      1.140548  
     231A      1.157127   232A      1.164571   233A      1.173230  
     234A      1.175988   235A      1.184887   236A      1.188547  
     237A      1.193760   238A      1.212118   239A      1.231390  
     240A      1.234457   241A      1.242168   242A      1.250797  
     243A      1.275313   244A      1.285308   245A      1.288277  
     246A      1.303787   247A      1.304924   248A      1.322240  
     249A      1.327370   250A      1.334443   251A      1.345785  
     252A      1.348342   253A      1.354797   254A      1.383498  
     255A      1.392995   256A      1.399183   257A      1.418724  
     258A      1.422393   259A      1.477891   260A      1.486471  
     261A      1.505964   262A      1.526818   263A      1.551703  
     264A      1.557923   265A      1.561764   266A      1.584882  
     267A      1.612557   268A      1.671227   269A      1.683218  
     270A      1.685433   271A      1.710549   272A      1.716857  
     273A      1.718732   274A      1.728126   275A      1.742349  
     276A      1.751451   277A      1.757339   278A      1.765184  
     279A      1.770289   280A      1.777738   281A      1.801045  
     282A      1.815303   283A      1.824606   284A      1.837441  
     285A      1.843838   286A      1.849417   287A      1.860273  
     288A      1.873815   289A      1.882309   290A      1.894508  
     291A      1.912847   292A      1.917615   293A      1.923785  
     294A      1.924730   295A      1.947082   296A      1.948591  
     297A      1.961755   298A      1.981004   299A      1.985502  
     300A      1.997341   301A      2.014677   302A      2.030315  
     303A      2.036648   304A      2.060124   305A      2.064071  
     306A      2.071679   307A      2.076434   308A      2.085366  
     309A      2.117240   310A      2.133789   311A      2.146819  
     312A      2.160965   313A      2.166969   314A      2.176116  
     315A      2.186403   316A      2.204554   317A      2.214904  
     318A      2.222798   319A      2.243587   320A      2.247777  
     321A      2.252488   322A      2.283182   323A      2.296308  
     324A      2.310705   325A      2.319000   326A      2.337258  
     327A      2.355297   328A      2.382695   329A      2.395680  
     330A      2.433667   331A      2.445719   332A      2.461733  
     333A      2.466224   334A      2.474537   335A      2.493933  
     336A      2.501827   337A      2.530259   338A      2.531825  
     339A      2.549121   340A      2.585751   341A      2.604390  
     342A      2.616062   343A      2.645746   344A      2.661299  
     345A      2.677478   346A      2.696930   347A      2.702193  
     348A      2.723601   349A      2.756518   350A      2.770520  
     351A      2.776896   352A      2.792247   353A      2.796291  
     354A      2.813373   355A      2.831539   356A      2.850233  
     357A      2.863902   358A      2.882472   359A      2.889116  
     360A      2.902721   361A      2.916134   362A      2.923717  
     363A      2.939374   364A      2.953922   365A      2.964270  
     366A      2.987707   367A      2.991841   368A      2.999542  
     369A      3.018329   370A      3.035876   371A      3.044453  
     372A      3.058220   373A      3.066727   374A      3.075207  
     375A      3.084907   376A      3.110324   377A      3.127718  
     378A      3.133251   379A      3.143188   380A      3.151973  
     381A      3.171252   382A      3.173751   383A      3.186601  
     384A      3.219411   385A      3.227490   386A      3.232899  
     387A      3.244086   388A      3.289117   389A      3.328492  
     390A      3.382805   391A      3.416693   392A      3.439009  
     393A      3.452355   394A      3.518406   395A      3.531036  
     396A      3.550861   397A      3.590967   398A      3.609121  
     399A      3.616195   400A      3.639903   401A      3.696540  
     402A      3.726607   403A      3.757857   404A      3.804701  
     405A      3.815097   406A      3.848654   407A      3.864037  
     408A      3.914917   409A      3.954075   410A      3.965846  
     411A      3.989814   412A      4.030846   413A      4.103292  
     414A      4.113002   415A      4.134245   416A      4.143065  
     417A      4.161318   418A      4.186522   419A      4.269068  
     420A      4.288729   421A      4.398116   422A      4.480241  
     423A      4.569781   424A      4.623499   425A      4.704620  
     426A      5.044880   427A      5.094183   428A      5.180274  
     429A      5.356401   430A      5.379349   431A      5.509224  
     432A      5.608097   433A      6.097829   434A      8.157858  
     435A     17.619917   436A     17.728699   437A     17.743204  
     438A     23.878106   439A     24.065119   440A     24.128072  
     441A     24.168126   442A     24.173485   443A     24.183010  
     444A     24.210609   445A     24.223824   446A     24.258789  
     447A     24.360448   448A     24.378015   449A     24.427832  
     450A     35.875441   451A     35.909681   452A     35.929323  
     453A     50.352441   454A    189.404256  

    Final Occupation by Irrep:
              A 
    DOCC [    65 ]
    NA   [    65 ]
    NB   [    65 ]

  @DF-RKS Final Energy: -1102.17798817760877

   => Energetics <=

    Nuclear Repulsion Energy =           1188.6486811964061872
    One-Electron Energy =               -3882.4045393090254947
    Two-Electron Energy =                1678.7903532157006339
    DFT Exchange-Correlation Energy =     -87.1954000999176344
    Empirical Dispersion Energy =          -0.0170831807720788
    VV10 Nonlocal Energy =                  0.0000000000000000
    Total Energy =                      -1102.1779881776085404

Computation Completed


Properties will be evaluated at   0.000000,   0.000000,   0.000000 [a0]

Properties computed using the SCF density matrix


 Multipole Moments:

 ------------------------------------------------------------------------------------
     Multipole            Electronic (a.u.)      Nuclear  (a.u.)        Total (a.u.)
 ------------------------------------------------------------------------------------

 L = 1.  Multiply by 2.5417464519 to convert [e a0] to [Debye]
 Dipole X            :          1.4997315           -3.4727202           -1.9729887
 Dipole Y            :          9.6915207           -9.2477433            0.4437774
 Dipole Z            :         -4.0376022            3.0500177           -0.9875846
 Magnitude           :                                                    2.2505435

 ------------------------------------------------------------------------------------

*** tstop() called on eristm01.eisai.local at Wed May 20 10:30:15 2026
Module time:
	user time   =     318.83 seconds =       5.31 minutes
	system time =      14.96 seconds =       0.25 minutes
	total time  =         45 seconds =       0.75 minutes
Total time:
	user time   =   49567.13 seconds =     826.12 minutes
	system time =    1734.99 seconds =      28.92 minutes
	total time  =       7081 seconds =     118.02 minutes

*** tstart() called on eristm01.eisai.local
*** at Wed May 20 10:30:15 2026


         ------------------------------------------------------------
                                   SCF GRAD                          
                          Rob Parrish, Justin Turney,                
                       Andy Simmonett, and Alex Sokolov              
         ------------------------------------------------------------

  ==> Geometry <==

    Molecular point group: c1
    Full point group: C1

    Geometry (in Angstrom), charge = -1, multiplicity = 1:

       Center              X                  Y                   Z               Mass       
    ------------   -----------------  -----------------  -----------------  -----------------
         C           -3.144635208011    -0.925906623040     1.788053472732    12.000000000000
         N           -4.439607055035    -0.986438078978     1.987160781964    14.003074004430
         C           -5.224558830662    -0.675281388503     0.924291419070    12.000000000000
         N           -4.831542960595    -0.321222893307    -0.271251899241    14.003074004430
         C           -3.489106381401    -0.256539032703    -0.478762138260    12.000000000000
         C           -2.561190001315    -0.561153254605     0.548707271949    12.000000000000
         C           -1.171261874436    -0.494891149056     0.343337056851    12.000000000000
         C           -0.674442553500    -0.124768833169    -0.901945273818    12.000000000000
         N            0.646870731284    -0.018774911339    -1.218994275992    14.003074004430
         C            1.816628168834    -0.319029921771    -0.415234551287    12.000000000000
         C            3.015553775627    -0.102601999771    -1.079859124022    12.000000000000
         C            4.300289331196    -0.365585914931    -0.410257390509    12.000000000000
         O            1.632297945455    -0.735494811518     0.748354934028    15.994914619570
         C           -1.623113696440     0.179482388216    -1.934635670093    12.000000000000
         C           -2.972054843702     0.118429325484    -1.740957847614    12.000000000000
         H           -6.295913226085    -0.730099966561     1.099233275538     1.007825032230
         H           -0.469674804820    -0.730864426065     1.132337889996     1.007825032230
         H            0.851047099549     0.259026534339    -2.164703784459     1.007825032230
         H            3.022857223757     0.324046567685    -2.078878450399     1.007825032230
         H            5.061574004307    -0.775320731158    -1.081117039049     1.007825032230
         H            4.157819905737    -1.056541991189     0.422990019041     1.007825032230
         H           -3.667826266010     0.352863584354    -2.538646066080     1.007825032230
         H           -2.498106736665    -1.170879314908     2.629096788988     1.007825032230
         H           -1.239947408385     0.468613225156    -2.910112388061     1.007825032230
         S            5.190389219730     1.130981661453     0.314074096098    31.972071174400
         C            3.853105595812     1.777578217524     1.349932926593    12.000000000000
         H            3.614845722021     1.083495378790     2.156993260917     1.007825032230
         H            4.179517339002     2.734652150042     1.761593125017     1.007825032230
         H            2.960185784739     1.922226209543     0.738765043098     1.007825032230

  Nuclear repulsion = 1188.648681196406187

  ==> Basis Set <==

  Basis Set: 6-311+G(D,P)
    Blend: 6-311+G(D,P)
    Number of shells: 222
    Number of basis functions: 454
    Number of Cartesian functions: 471
    Spherical Harmonics?: true
    Max angular momentum: 2

  ==> DFJKGrad: Density-Fitted SCF Gradients <==

    Gradient:                    1
    J tasked:                  Yes
    K tasked:                  Yes
    wK tasked:                 Yes
    Omega:               2.000E-01
    OpenMP threads:              8
    Integrals threads:           8
    Memory [MiB]:             5722
    Schwarz Cutoff:          1E-12
    Fitting Condition:       1E-10

   => Auxiliary Basis Set <=

  Basis Set: (6-311+G(D,P) AUX)
    Blend: HEAVY-AUG-CC-PVTZ-JKFIT
    Number of shells: 642
    Number of basis functions: 2170
    Number of Cartesian functions: 2696
    Spherical Harmonics?: true
    Max angular momentum: 4

  ==> DFT Potential <==

   => LibXC <=

    Version 7.0.0
    S. Lehtola, C. Steigemann, M. J.T. Oliveira, and M. A.L. Marques.,  SoftwareX 7, 1–5 (2018) (10.1016/j.softx.2017.11.002)

   => Composite Functional: WB97X-D <= 

    wB97X-D Hyb-GGA Exchange-Correlation Functional

    J.-D. Chai and M. Head-Gordon.,  Phys. Chem. Chem. Phys. 10, 6615-6620 (2008) (10.1039/B810189B)

    Deriv               =              1
    GGA                 =           TRUE
    Meta                =          FALSE

    Exchange Hybrid     =           TRUE
    MP2 Hybrid          =          FALSE

   => Exchange-Correlation Functionals <=

    1.0000   wB97X-D range-separated functional

   => Exact (HF) Exchange <=

    0.7780            HF,LR [omega = 0.2000]
    0.2220               HF 

   => LibXC Density Thresholds  <==

    XC_HYB_GGA_XC_WB97X_D:  1.00E-14 

   => Molecular Quadrature <=

    Radial Scheme          =       TREUTLER
    Pruning Scheme         =           NONE
    Nuclear Scheme         =       TREUTLER

    Blocking Scheme        =         OCTREE
    BS radius alpha        =              1
    Pruning alpha          =              1
    Radial Points          =             75
    Spherical Points       =            302
    Total Points           =         606029
    Total Blocks           =           4332
    Max Points             =            256
    Max Functions          =            333
    Weights Tolerance      =       1.00E-15


  -Total Gradient:
     Atom            X                  Y                   Z
    ------   -----------------  -----------------  -----------------
       1       -0.000053726874    -0.000120517522     0.000153975907
       2        0.000208436216     0.000026426073    -0.000172393728
       3       -0.000099979926     0.000104416013    -0.000111236522
       4        0.000053173350    -0.000089601602     0.000276986355
       5       -0.000094365486    -0.000016334022    -0.000221930324
       6        0.000317146943     0.000206718748     0.000284229183
       7       -0.000063990286    -0.000416544909    -0.000114572325
       8        0.000083793188     0.000156229669    -0.000335370267
       9       -0.000042301121    -0.000051401333     0.000316994682
      10       -0.000154103918     0.000132827131    -0.000278651352
      11       -0.000125706836     0.000001392442    -0.000068488883
      12        0.000708977126     0.000184087353     0.000148578441
      13       -0.000022845946     0.000028211095     0.000008106515
      14        0.000023880413     0.000068659079     0.000031327065
      15       -0.000122990066    -0.000006230240    -0.000001867944
      16       -0.000037586033    -0.000029124244     0.000042701562
      17        0.000031930007     0.000130281157     0.000049295228
      18        0.000047264897    -0.000046117713     0.000015761495
      19        0.000058297044    -0.000091159688    -0.000078734688
      20       -0.000075487349     0.000044316093    -0.000083661531
      21       -0.000001417636    -0.000047407243    -0.000078900621
      22       -0.000002756347    -0.000008274972     0.000067898965
      23       -0.000024339797     0.000043780485    -0.000045984334
      24        0.000059013035     0.000053408548     0.000022035052
      25        0.000054869163    -0.000273377865    -0.000119930486
      26       -0.000114741291     0.000161697436     0.000005927610
      27        0.000043994266    -0.000065062309    -0.000074570572
      28        0.000107056595    -0.000116825463    -0.000097689149
      29        0.000029107057     0.000037540014     0.000117446199


*** tstop() called on eristm01.eisai.local at Wed May 20 10:30:34 2026
Module time:
	user time   =     135.70 seconds =       2.26 minutes
	system time =       1.69 seconds =       0.03 minutes
	total time  =         19 seconds =       0.32 minutes
Total time:
	user time   =   49702.84 seconds =     828.38 minutes
	system time =    1736.68 seconds =      28.94 minutes
	total time  =       7100 seconds =     118.33 minutes

    			-----------------------------------------

    			 OPTKING 3.0: for geometry optimizations 

    			     By R.A. King, Bethel University     

    			        with contributions from          

    			    A.V. Copan, J. Cayton, A. Heide      

    			-----------------------------------------

    
	                            ===> Fragment 1 <== 

	 Z (Atomic Numbers)          Masses                          Geom                  
	       6.000000            12.000000         -5.94249931 -1.74970994  3.37893136   
	       7.000000            14.003074         -8.38964144 -1.86409781  3.75518965   
	       6.000000            12.000000         -9.87298532 -1.27609688  1.74665764   
	       7.000000            14.003074         -9.13029296 -0.60702329 -0.51259180   
	       6.000000            12.000000         -6.59345548 -0.48478851 -0.90472932   
	       6.000000            12.000000         -4.83994766 -1.06042597  1.03690647   
	       6.000000            12.000000         -2.21336416 -0.93520873  0.64881301   
	       6.000000            12.000000         -1.27451171 -0.23577892 -1.70442955   
	       7.000000            14.003074          1.22240852 -0.03547944 -2.30356533   
	       6.000000            12.000000          3.43292971 -0.60287918 -0.78467958   
	       6.000000            12.000000          5.69857075 -0.19388968 -2.04063800   
	       6.000000            12.000000          8.12636910 -0.69085725 -0.77527411   
	       8.000000            15.994915          3.08459607 -1.38988376  1.41418587   
	       6.000000            12.000000         -3.06724036  0.33917256 -3.65593157   
	       6.000000            12.000000         -5.61636968  0.22379899 -3.28993353   
	       1.000000             1.007825        -11.89755171  -1.37968898   2.07724984 
	       1.000000             1.007825         -0.88755675 -1.38113360  2.13980849   
	       1.000000             1.007825          1.60824594  0.48948921 -4.09069730   
	       1.000000             1.007825          5.71237227  0.61235926 -3.92851092   
	       1.000000             1.007825          9.56498863 -1.46514384 -2.04301511   
	       1.000000             1.007825          7.85714090 -1.99657500  0.79933529   
	       1.000000             1.007825         -6.93118712  0.66681553 -4.79734579   
	       1.000000             1.007825         -4.72073756 -2.21264123  4.96827289   
	       1.000000             1.007825         -2.34316101  0.88555065 -5.49931541   
	      16.000000            31.972071          9.80841411  2.13724559  0.59351402   
	       6.000000            12.000000          7.28131431  3.35913600  2.55100352   
	       1.000000             1.007825          6.83106840  2.04750952  4.07612652   
	       1.000000             1.007825          7.89814311  5.16774361  3.32892855   
	       1.000000             1.007825          5.59394041  3.63248109  1.39606360   

	 - Coordinate -           - BOHR/RAD -       - ANG/DEG -
	 H(2,23)          =         3.879937           2.053174
	 H(13,17)         =         4.037896           2.136762
	 R(1,2)           =         2.478540           1.311587
	 R(1,6)           =         2.678771           1.417544
	 R(1,23)          =         2.057429           1.088744
	 R(2,3)           =         2.565201           1.357446
	 R(3,4)           =         2.470518           1.307342
	 R(3,16)          =         2.053994           1.086927
	 R(4,5)           =         2.569875           1.359919
	 R(5,6)           =         2.678824           1.417573
	 R(5,15)          =         2.673199           1.414596
	 R(6,7)           =         2.658051           1.406580
	 R(7,8)           =         2.628383           1.390880
	 R(7,17)          =         2.044427           1.081864
	 R(8,9)           =         2.575596           1.362947
	 R(8,14)          =         2.711606           1.434920
	 R(9,10)          =         2.741416           1.450695
	 R(9,18)          =         1.902184           1.006592
	 R(10,11)         =         2.622562           1.387800
	 R(10,13)         =         2.361297           1.249544
	 R(11,12)         =         2.782504           1.472438
	 R(11,19)         =         2.052874           1.086334
	 R(12,20)         =         2.067925           1.094299
	 R(12,21)         =         2.063196           1.091796
	 R(12,25)         =         3.563849           1.885908
	 R(14,15)         =         2.577853           1.364141
	 R(14,24)         =         2.054479           1.087183
	 R(15,22)         =         2.048731           1.084142
	 R(25,26)         =         3.422136           1.810916
	 R(26,27)         =         2.061331           1.090809
	 R(26,28)         =         2.063179           1.091787
	 R(26,29)         =         2.062967           1.091675
	 B(1,2,3)         =         2.028054         116.198928
	 B(1,6,5)         =         2.003766         114.807341
	 B(1,6,7)         =         2.148964         123.126548
	 B(2,1,6)         =         2.154326         123.433794
	 B(2,1,23)        =         2.047276         117.300273
	 B(2,3,4)         =         2.219653         127.176751
	 B(2,3,16)        =         2.017936         115.619189
	 B(3,4,5)         =         2.036644         116.691099
	 B(4,3,16)        =         2.045597         117.204060
	 B(4,5,6)         =         2.123919         121.691576
	 B(4,5,15)        =         2.105483         120.635315
	 B(5,6,7)         =         2.130437         122.065061
	 B(5,15,14)       =         2.094377         119.998979
	 B(5,15,22)       =         2.070601         118.636671
	 B(6,1,23)        =         2.081583         119.265914
	 B(6,5,15)        =         2.053781         117.673005
	 B(6,7,8)         =         2.090045         119.750734
	 B(6,7,17)        =         2.122411         121.605210
	 B(7,8,9)         =         2.183707         125.117189
	 B(7,8,14)        =         2.053998         117.685426
	 B(8,7,17)        =         2.070715         118.643258
	 B(8,9,10)        =         2.261049         129.548587
	 B(8,9,18)        =         2.022675         115.890728
	 B(8,14,15)       =         2.143726         122.826442
	 B(8,14,24)       =         2.059089         117.977102
	 B(9,8,14)        =         2.045454         117.195860
	 B(9,10,11)       =         1.981208         113.514859
	 B(9,10,13)       =         2.055529         117.773128
	 B(10,9,18)       =         1.997754         114.462857
	 B(10,11,12)      =         2.103816         120.539795
	 B(10,11,19)      =         2.103041         120.495386
	 B(11,10,13)      =         2.246415         128.710098
	 B(11,12,20)      =         1.976956         113.271245
	 B(11,12,21)      =         1.924358         110.257609
	 B(11,12,25)      =         2.031677         116.406545
	 B(12,11,19)      =         2.074286         118.847845
	 B(12,25,26)      =         1.725922          98.888018
	 B(14,15,22)      =         2.118207         121.364348
	 B(15,14,24)      =         2.080370         119.196393
	 B(20,12,21)      =         1.898313         108.765341
	 B(20,12,25)      =         1.776484         101.785059
	 B(21,12,25)      =         1.844890         105.704436
	 B(25,26,27)      =         1.936189         110.935474
	 B(25,26,28)      =         1.883780         107.932645
	 B(25,26,29)      =         1.908249         109.334629
	 B(27,26,28)      =         1.922099         110.128157
	 B(27,26,29)      =         1.896385         108.654849
	 B(28,26,29)      =         1.917157         109.844978
	 D(1,2,3,4)       =        -0.001913          -0.109612
	 D(1,2,3,16)      =         3.139892         179.902568
	 D(1,6,5,4)       =        -0.004615          -0.264411
	 D(1,6,5,15)      =         3.139013         179.852224
	 D(1,6,7,8)       =        -3.138394        -179.816723
	 D(1,6,7,17)      =         0.008949           0.512716
	 D(2,1,6,5)       =         0.003347           0.191783
	 D(2,1,6,7)       =        -3.144639        -180.174521
	 D(2,3,4,5)       =         0.000652           0.037349
	 D(3,2,1,6)       =        -0.000323          -0.018488
	 D(3,2,1,23)      =         3.140398         179.931558
	 D(3,4,5,6)       =         0.002814           0.161220
	 D(3,4,5,15)      =        -3.140874        -179.958828
	 D(4,5,6,7)       =         3.143296         180.097579
	 D(4,5,15,14)     =        -3.141957        -180.020884
	 D(4,5,15,22)     =        -0.000070          -0.004034
	 D(5,4,3,16)      =        -3.141156        -179.974999
	 D(5,6,1,23)      =        -3.137357        -179.757332
	 D(5,6,7,8)       =        -0.003649          -0.209082
	 D(5,6,7,17)      =        -3.139492        -179.879643
	 D(5,15,14,8)     =         0.001004           0.057510
	 D(5,15,14,24)    =        -3.142214        -180.035579
	 D(6,5,15,14)     =        -0.002378          -0.136225
	 D(6,5,15,22)     =        -3.143676        -180.119375
	 D(6,7,8,9)       =         3.135580         179.655478
	 D(6,7,8,14)      =         0.002074           0.118819
	 D(7,6,1,23)      =        -0.002158          -0.123636
	 D(7,6,5,15)      =         0.003739           0.214214
	 D(7,8,9,10)      =         0.065266           3.739489
	 D(7,8,9,18)      =         3.139921         179.904206
	 D(7,8,14,15)     =        -0.000819          -0.046926
	 D(7,8,14,24)     =         3.142380         180.045091
	 D(8,9,10,11)     =         3.129236         179.292006
	 D(8,9,10,13)     =        -0.004337          -0.248497
	 D(8,14,15,22)    =        -3.140891        -179.959809
	 D(9,8,7,17)      =        -0.011593          -0.664223
	 D(9,8,14,15)     =         3.148211         180.379183
	 D(9,8,14,24)     =         0.008224           0.471199
	 D(9,10,11,12)    =         3.147753         180.352981
	 D(9,10,11,19)    =         0.075575           4.330143
	 D(10,9,8,14)     =         3.198808         183.278199
	 D(10,11,12,20)   =         2.503336         143.430575
	 D(10,11,12,21)   =         0.371581          21.290028
	 D(10,11,12,25)   =        -1.729053         -99.067417
	 D(11,10,9,18)    =         0.053801           3.082554
	 D(11,12,25,26)   =         0.947294          54.275937
	 D(12,11,10,13)   =        -0.002933          -0.168041
	 D(12,25,26,27)   =         1.147470          65.745213
	 D(12,25,26,28)   =        -3.028494        -173.519911
	 D(12,25,26,29)   =        -0.943671         -54.068383
	 D(13,10,9,18)    =        -3.079772        -176.457949
	 D(13,10,11,19)   =        -3.075111        -176.190879
	 D(14,8,7,17)     =        -3.145099        -180.200882
	 D(14,8,9,18)     =        -0.009723          -0.557084
	 D(19,11,12,20)   =        -0.706542         -40.481854
	 D(19,11,12,21)   =        -2.838296        -162.622401
	 D(19,11,12,25)   =         1.344255          77.020154
	 D(20,12,25,26)   =        -3.177685        -182.067962
	 D(21,12,25,26)   =        -1.195344         -68.488156
	 D(22,15,14,24)   =        -0.000923          -0.052899


	        --- Internal Coordinate Step in ANG or DEG, aJ/ANG or AJ/DEG ---
	-------------------------------------------------------------------------------
	           Coordinate      Previous         Force          Change          New 
	           ----------      --------        ------          ------        ------
	              H(2,23)       2.05317        0.00033        0.00005       2.05323
	             H(13,17)       2.13676       -0.00023       -0.00020       2.13657
	               R(1,2)       1.31159        0.00018        0.00013       1.31171
	               R(1,6)       1.41754       -0.00060       -0.00018       1.41737
	              R(1,23)       1.08874        0.00045        0.00011       1.08885
	               R(2,3)       1.35745        0.00006       -0.00018       1.35727
	               R(3,4)       1.30734        0.00160        0.00040       1.30774
	              R(3,16)       1.08693       -0.00061       -0.00004       1.08688
	               R(4,5)       1.35992       -0.00048       -0.00024       1.35968
	               R(5,6)       1.41757       -0.00174        0.00028       1.41785
	              R(5,15)       1.41460        0.00026       -0.00003       1.41457
	               R(6,7)       1.40658       -0.00009       -0.00016       1.40642
	               R(7,8)       1.39088       -0.00122        0.00010       1.39098
	              R(7,17)       1.08186       -0.00023        0.00010       1.08197
	               R(8,9)       1.36295       -0.00040       -0.00010       1.36285
	              R(8,14)       1.43492       -0.00024       -0.00016       1.43476
	              R(9,10)       1.45069        0.00020        0.00028       1.45098
	              R(9,18)       1.00659        0.00032        0.00002       1.00662
	             R(10,11)       1.38780       -0.00251       -0.00009       1.38771
	             R(10,13)       1.24954       -0.00031       -0.00004       1.24951
	             R(11,12)       1.47244       -0.00385       -0.00058       1.47185
	             R(11,19)       1.08633       -0.00005        0.00018       1.08651
	             R(12,20)       1.09430        0.00053        0.00003       1.09433
	             R(12,21)       1.09180       -0.00002        0.00000       1.09180
	             R(12,25)       1.88591        0.00155        0.00201       1.88792
	             R(14,15)       1.36414       -0.00129        0.00005       1.36419
	             R(14,24)       1.08718       -0.00006        0.00006       1.08724
	             R(15,22)       1.08414        0.00030        0.00014       1.08428
	             R(25,26)       1.81092       -0.00113        0.00042       1.81133
	             R(26,27)       1.09081        0.00002        0.00007       1.09088
	             R(26,28)       1.09179        0.00078        0.00014       1.09193
	             R(26,29)       1.09168        0.00054        0.00012       1.09179
	             B(1,2,3)     116.19893       -0.00001       -0.01128     116.18764
	             B(1,6,5)     114.80734        0.00001       -0.00022     114.80712
	             B(1,6,7)     123.12655       -0.00001       -0.00096     123.12559
	             B(2,1,6)     123.43379        0.00000        0.00407     123.43786
	            B(2,1,23)     117.30027       -0.00000       -0.01366     117.28661
	             B(2,3,4)     127.17675        0.00001        0.02166     127.19841
	            B(2,3,16)     115.61919       -0.00000        0.01316     115.63234
	             B(3,4,5)     116.69110       -0.00001       -0.02485     116.66625
	            B(4,3,16)     117.20406       -0.00001       -0.03484     117.16922
	             B(4,5,6)     121.69158       -0.00000        0.01042     121.70199
	            B(4,5,15)     120.63531        0.00000        0.00787     120.64319
	             B(5,6,7)     122.06506        0.00000       -0.00092     122.06414
	           B(5,15,14)     119.99898       -0.00000        0.02097     120.01995
	           B(5,15,22)     118.63667        0.00000       -0.00928     118.62739
	            B(6,1,23)     119.26591       -0.00000        0.00960     119.27551
	            B(6,5,15)     117.67300       -0.00000       -0.01847     117.65453
	             B(6,7,8)     119.75073       -0.00000        0.00361     119.75434
	            B(6,7,17)     121.60521        0.00000        0.00978     121.61499
	             B(7,8,9)     125.11719        0.00001       -0.02831     125.08888
	            B(7,8,14)     117.68543        0.00000        0.00691     117.69233
	            B(8,7,17)     118.64326        0.00000       -0.01527     118.62799
	            B(8,9,10)     129.54859       -0.00001       -0.02619     129.52239
	            B(8,9,18)     115.89073        0.00000        0.04738     115.93811
	           B(8,14,15)     122.82644       -0.00000       -0.01363     122.81282
	           B(8,14,24)     117.97710        0.00000        0.02395     118.00105
	            B(9,8,14)     117.19586       -0.00001        0.01938     117.21524
	           B(9,10,11)     113.51486       -0.00001       -0.02433     113.49053
	           B(9,10,13)     117.77313        0.00001        0.01765     117.79077
	           B(10,9,18)     114.46286        0.00001       -0.00650     114.45636
	          B(10,11,12)     120.53980       -0.00003       -0.03851     120.50128
	          B(10,11,19)     120.49539        0.00001        0.02901     120.52439
	          B(11,10,13)     128.71010       -0.00000        0.00687     128.71697
	          B(11,12,20)     113.27125        0.00002        0.09731     113.36856
	          B(11,12,21)     110.25761        0.00001        0.06196     110.31957
	          B(11,12,25)     116.40655       -0.00003       -0.10572     116.30082
	          B(12,11,19)     118.84784        0.00002       -0.01004     118.83781
	          B(12,25,26)      98.88802       -0.00003       -0.07452      98.81350
	          B(14,15,22)     121.36435       -0.00000       -0.01169     121.35266
	          B(15,14,24)     119.19639       -0.00000       -0.01026     119.18614
	          B(20,12,21)     108.76534       -0.00000        0.02195     108.78729
	          B(20,12,25)     101.78506        0.00001       -0.03332     101.75174
	          B(21,12,25)     105.70444        0.00001       -0.05229     105.65215
	          B(25,26,27)     110.93547        0.00001        0.03205     110.96753
	          B(25,26,28)     107.93264        0.00001        0.08796     108.02061
	          B(25,26,29)     109.33463       -0.00002       -0.10584     109.22879
	          B(27,26,28)     110.12816       -0.00000       -0.03771     110.09044
	          B(27,26,29)     108.65485        0.00000        0.05006     108.70491
	          B(28,26,29)     109.84498        0.00000       -0.02854     109.81644
	           D(1,2,3,4)      -0.10961       -0.00000       -0.01513      -0.12474
	          D(1,2,3,16)     179.90257        0.00000        0.03629     179.93886
	           D(1,6,5,4)      -0.26441       -0.00000       -0.05014      -0.31455
	          D(1,6,5,15)     179.85222        0.00000        0.02712     179.87935
	           D(1,6,7,8)    -179.81672       -0.00000       -0.00165    -179.81837
	          D(1,6,7,17)       0.51272        0.00001        0.27271       0.78542
	           D(2,1,6,5)       0.19178        0.00000        0.03272       0.22451
	           D(2,1,6,7)    -180.17452       -0.00000       -0.23547    -180.40999
	           D(2,3,4,5)       0.03735        0.00000       -0.00196       0.03539
	           D(3,2,1,6)      -0.01849        0.00000       -0.00233      -0.02082
	          D(3,2,1,23)     179.93156        0.00000        0.01551     179.94707
	           D(3,4,5,6)       0.16122       -0.00000        0.03631       0.19753
	          D(3,4,5,15)    -179.95883       -0.00000       -0.04327    -180.00210
	           D(4,5,6,7)     180.09758        0.00000        0.21489     180.31247
	         D(4,5,15,14)    -180.02088        0.00000       -0.01876    -180.03965
	         D(4,5,15,22)      -0.00403        0.00000       -0.01482      -0.01885
	          D(5,4,3,16)    -179.97500       -0.00000       -0.05407    -180.02907
	          D(5,6,1,23)    -179.75733       -0.00000        0.01455    -179.74278
	           D(5,6,7,8)      -0.20908       -0.00001       -0.28891      -0.49799
	          D(5,6,7,17)    -179.87964        0.00000       -0.01456    -179.89420
	         D(5,15,14,8)       0.05751       -0.00000       -0.10257      -0.04506
	        D(5,15,14,24)    -180.03558       -0.00000       -0.00635    -180.04193
	         D(6,5,15,14)      -0.13622       -0.00000       -0.09517      -0.23139
	         D(6,5,15,22)    -180.11938       -0.00000       -0.09122    -180.21060
	           D(6,7,8,9)     179.65548       -0.00000       -0.15850     179.49698
	          D(6,7,8,14)       0.11882        0.00000        0.08484       0.20366
	          D(7,6,1,23)      -0.12364       -0.00000       -0.25364      -0.37728
	          D(7,6,5,15)       0.21421        0.00001        0.29216       0.50637
	          D(7,8,9,10)       3.73949       -0.00000        0.17321       3.91270
	          D(7,8,9,18)     179.90421        0.00001        0.47273     180.37694
	         D(7,8,14,15)      -0.04693        0.00000        0.10944       0.06252
	         D(7,8,14,24)     180.04509        0.00000        0.01433     180.05942
	         D(8,9,10,11)     179.29201        0.00001        1.25981     180.55181
	         D(8,9,10,13)      -0.24850        0.00001        1.23663       0.98813
	        D(8,14,15,22)    -179.95981       -0.00000       -0.10663    -180.06644
	          D(9,8,7,17)      -0.66422       -0.00001       -0.42459      -1.08881
	         D(9,8,14,15)     180.37918        0.00001        0.33356     180.71275
	         D(9,8,14,24)       0.47120        0.00000        0.23845       0.70965
	        D(9,10,11,12)     180.35298       -0.00001       -0.37121     179.98177
	        D(9,10,11,19)       4.33014       -0.00001       -0.05190       4.27824
	         D(10,9,8,14)     183.27820       -0.00000       -0.06913     183.20907
	       D(10,11,12,20)     143.43057        0.00001        0.05003     143.48060
	       D(10,11,12,21)      21.29003       -0.00000       -0.09344      21.19659
	       D(10,11,12,25)     -99.06742        0.00000        0.00289     -99.06453
	        D(11,10,9,18)       3.08255        0.00001        0.96220       4.04476
	       D(11,12,25,26)      54.27594       -0.00001       -0.25061      54.02533
	       D(12,11,10,13)      -0.16804       -0.00001       -0.34490      -0.51294
	       D(12,25,26,27)      65.74521        0.00000        0.91284      66.65805
	       D(12,25,26,28)    -173.51991        0.00001        0.94202    -172.57789
	       D(12,25,26,29)     -54.06838        0.00000        0.89881     -53.16958
	        D(13,10,9,18)    -176.45795       -0.00000        0.93903    -175.51892
	       D(13,10,11,19)    -176.19088        0.00000       -0.02559    -176.21647
	         D(14,8,7,17)    -180.20088       -0.00000       -0.18125    -180.38213
	         D(14,8,9,18)      -0.55708        0.00000        0.23039      -0.32669
	       D(19,11,12,20)     -40.48185       -0.00000       -0.26240     -40.74425
	       D(19,11,12,21)    -162.62240       -0.00001       -0.40586    -163.02826
	       D(19,11,12,25)      77.02015       -0.00000       -0.30954      76.71062
	       D(20,12,25,26)    -182.06796       -0.00000       -0.21402    -182.28199
	       D(21,12,25,26)     -68.48816       -0.00000       -0.22149     -68.70965
	       D(22,15,14,24)      -0.05290       -0.00000       -0.01041      -0.06330
	-------------------------------------------------------------------------------

	                                 ==> Convergence Check <==                                  
    
	Measures of convergence in internal coordinates in au.
    
	Criteria marked as inactive (o), active & met (*), and active & unmet ( ).

	----------------------------------------------------------------------------------------------
	   Step    Total Energy     Delta E     Max Force     RMS Force      Max Disp      RMS Disp   
	----------------------------------------------------------------------------------------------
	  Convergence Criteria     1.00e-06 *    3.00e-04 *             o    1.20e-03 *             o
	----------------------------------------------------------------------------------------------
	     8   -1102.17798818    1.88e-05      4.67e-04      1.10e-04 o    2.20e-02      4.56e-03 o  ~
	----------------------------------------------------------------------------------------------

Next Geometry in Ang 
	Fragment 1 (Ang)

	    C  -3.1338001631  -0.9180938178   1.7911286472
	    N  -4.4284570198  -0.9678429831   1.9960218212
	    C  -5.2152122517  -0.6522997048   0.9360072242
	    N  -4.8247098162  -0.3031881926  -0.2622501806
	    C  -3.4828930402  -0.2494444696  -0.4752769660
	    C  -2.5528594744  -0.5603953909   0.5487572514
	    C  -1.1634855761  -0.5010866891   0.3386822597
	    C  -0.6689532335  -0.1376272024  -0.9095791945
	    N   0.6518572894  -0.0359208008  -1.2296907528
	    C   1.8223664243  -0.3384307338  -0.4273596217
	    C   3.0206814549  -0.1002064994  -1.0854173975
	    C   4.3053152375  -0.3544910920  -0.4135501918
	    O   1.6390975855  -0.7748404010   0.7290266765
	    C  -1.6192955553   0.1689838884  -1.9398039593
	    C  -2.9678805401   0.1184186959  -1.7403612316
	    H  -6.2862270702  -0.6974489076   1.1154568060
	    H  -0.4602030783  -0.7415828184   1.1249417632
	    H   0.8555252200   0.2442609810  -2.1748326746
	    H   3.0268314084   0.3418064832  -2.0779391748
	    H   5.0757091725  -0.7471199214  -1.0842843974
	    H   4.1687961586  -1.0545170401   0.4131027335
	    H  -3.6651405217   0.3561132336  -2.5359718325
	    H  -2.4857283077  -1.1670594274   2.6299498353
	    H  -1.2382359551   0.4527287806  -2.9177504026
	    S   5.1724697982   1.1487076974   0.3298681385
	    C   3.8177431276   1.7695442364   1.3595318109
	    H   3.5920234134   1.0737259455   2.1688000571
	    H   4.1199797403   2.7356569634   1.7689023723
	    H   2.9246855728   1.8916491868   0.7434560438


    Structure for next step:
    Molecular point group: c1
    Full point group: C1

    Geometry (in Angstrom), charge = -1, multiplicity = 1:

    C           -3.133800163078    -0.918093817838     1.791128647222
    N           -4.428457019833    -0.967842983134     1.996021821168
    C           -5.215212251651    -0.652299704822     0.936007224211
    N           -4.824709816176    -0.303188192633    -0.262250180588
    C           -3.482893040212    -0.249444469568    -0.475276965960
    C           -2.552859474409    -0.560395390888     0.548757251371
    C           -1.163485576128    -0.501086689073     0.338682259653
    C           -0.668953233457    -0.137627202393    -0.909579194451
    N            0.651857289367    -0.035920800799    -1.229690752773
    C            1.822366424312    -0.338430733829    -0.427359621670
    C            3.020681454917    -0.100206499423    -1.085417397514
    C            4.305315237530    -0.354491092015    -0.413550191828
    O            1.639097585508    -0.774840401020     0.729026676544
    C           -1.619295555269     0.168983888410    -1.939803959341
    C           -2.967880540058     0.118418695944    -1.740361231599
    H           -6.286227070235    -0.697448907627     1.115456806031
    H           -0.460203078329    -0.741582818373     1.124941763171
    H            0.855525219987     0.244260981019    -2.174832674647
    H            3.026831408381     0.341806483173    -2.077939174816
    H            5.075709172483    -0.747119921438    -1.084284397366
    H            4.168796158598    -1.054517040085     0.413102733459
    H           -3.665140521656     0.356113233579    -2.535971832542
    H           -2.485728307690    -1.167059427398     2.629949835343
    H           -1.238235955080     0.452728780576    -2.917750402621
    S            5.172469798156     1.148707697441     0.329868138536
    C            3.817743127569     1.769544236437     1.359531810852
    H            3.592023413388     1.073725945518     2.168800057058
    H            4.119979740294     2.735656963443     1.768902372318
    H            2.924685572761     1.891649186828     0.743456043779


Scratch directory: /tmp/
gradient() will perform analytic gradient computation.
   => Libint2 <=

    Primary   basis highest AM E, G, H:  7, 6, 3
    Auxiliary basis highest AM E, G, H:  7, 7, 4
    Onebody   basis highest AM E, G, H:  -, -, -
    Solid Harmonics ordering:            Gaussian

*** tstart() called on eristm01.eisai.local
*** at Wed May 20 10:30:35 2026

   => Loading Basis Set <=

    Name: 6-311+G(D,P)
    Role: ORBITAL
    Keyword: BASIS
    atoms 1, 3, 5-8, 10-12, 14-15, 26 entry C          line   129 file /home2/shbae/bucket/covalent/.pixi/envs/default/share/psi4/basis/6-311pg_d_p_.gbs 
    atoms 2, 4, 9                     entry N          line   150 file /home2/shbae/bucket/covalent/.pixi/envs/default/share/psi4/basis/6-311pg_d_p_.gbs 
    atoms 13                          entry O          line   171 file /home2/shbae/bucket/covalent/.pixi/envs/default/share/psi4/basis/6-311pg_d_p_.gbs 
    atoms 16-24, 27-29                entry H          line    42 file /home2/shbae/bucket/covalent/.pixi/envs/default/share/psi4/basis/6-311pg_d_p_.gbs 
    atoms 25                          entry S          line   429 file /home2/shbae/bucket/covalent/.pixi/envs/default/share/psi4/basis/6-311pg_d_p_.gbs 

   => WB97X-D: Empirical Dispersion <=

    Chai and Head-Gordon Dispersion Correction
    Chai, J.-D.; Head-Gordon, M. (2010), J. Chem. Phys., 132: 6615-6620

        s6 =       1.000000


         ---------------------------------------------------------
                                   SCF
               by Justin Turney, Rob Parrish, Andy Simmonett
                          and Daniel G. A. Smith
                              RKS Reference
                        8 Threads,   7629 MiB Core
         ---------------------------------------------------------

  ==> Geometry <==

    Molecular point group: c1
    Full point group: C1

    Geometry (in Angstrom), charge = -1, multiplicity = 1:

       Center              X                  Y                   Z               Mass       
    ------------   -----------------  -----------------  -----------------  -----------------
         C           -3.133800163078    -0.918093817838     1.791128647222    12.000000000000
         N           -4.428457019833    -0.967842983134     1.996021821168    14.003074004430
         C           -5.215212251651    -0.652299704822     0.936007224211    12.000000000000
         N           -4.824709816176    -0.303188192633    -0.262250180588    14.003074004430
         C           -3.482893040212    -0.249444469568    -0.475276965960    12.000000000000
         C           -2.552859474409    -0.560395390888     0.548757251371    12.000000000000
         C           -1.163485576128    -0.501086689073     0.338682259653    12.000000000000
         C           -0.668953233457    -0.137627202393    -0.909579194451    12.000000000000
         N            0.651857289367    -0.035920800799    -1.229690752773    14.003074004430
         C            1.822366424312    -0.338430733829    -0.427359621670    12.000000000000
         C            3.020681454917    -0.100206499423    -1.085417397514    12.000000000000
         C            4.305315237530    -0.354491092015    -0.413550191828    12.000000000000
         O            1.639097585508    -0.774840401020     0.729026676544    15.994914619570
         C           -1.619295555269     0.168983888410    -1.939803959341    12.000000000000
         C           -2.967880540058     0.118418695944    -1.740361231599    12.000000000000
         H           -6.286227070235    -0.697448907627     1.115456806031     1.007825032230
         H           -0.460203078329    -0.741582818373     1.124941763171     1.007825032230
         H            0.855525219987     0.244260981019    -2.174832674647     1.007825032230
         H            3.026831408381     0.341806483173    -2.077939174816     1.007825032230
         H            5.075709172483    -0.747119921438    -1.084284397366     1.007825032230
         H            4.168796158598    -1.054517040085     0.413102733459     1.007825032230
         H           -3.665140521656     0.356113233579    -2.535971832542     1.007825032230
         H           -2.485728307690    -1.167059427398     2.629949835343     1.007825032230
         H           -1.238235955080     0.452728780576    -2.917750402621     1.007825032230
         S            5.172469798156     1.148707697441     0.329868138536    31.972071174400
         C            3.817743127569     1.769544236437     1.359531810852    12.000000000000
         H            3.592023413388     1.073725945518     2.168800057058     1.007825032230
         H            4.119979740294     2.735656963443     1.768902372318     1.007825032230
         H            2.924685572761     1.891649186828     0.743456043779     1.007825032230

  Running in c1 symmetry.

  Rotational constants: A =      0.04149  B =      0.00530  C =      0.00493 [cm^-1]
  Rotational constants: A =   1243.94478  B =    158.92229  C =    147.94205 [MHz]
  Nuclear repulsion = 1189.122704669341829

  Charge       = -1
  Multiplicity = 1
  Electrons    = 130
  Nalpha       = 65
  Nbeta        = 65

  ==> Algorithm <==

  SCF Algorithm Type is DF.
  DIIS enabled.
  MOM disabled.
  Fractional occupation disabled.
  Guess Type is READ.
  Energy threshold   = 1.00e-08
  Density threshold  = 1.00e-08
  Integral threshold = 1.00e-12

  ==> Primary Basis <==

  Basis Set: 6-311+G(D,P)
    Blend: 6-311+G(D,P)
    Number of shells: 222
    Number of basis functions: 454
    Number of Cartesian functions: 471
    Spherical Harmonics?: true
    Max angular momentum: 2

  ==> DFT Potential <==

   => LibXC <=

    Version 7.0.0
    S. Lehtola, C. Steigemann, M. J.T. Oliveira, and M. A.L. Marques.,  SoftwareX 7, 1–5 (2018) (10.1016/j.softx.2017.11.002)

   => Composite Functional: WB97X-D <= 

    wB97X-D Hyb-GGA Exchange-Correlation Functional

    J.-D. Chai and M. Head-Gordon.,  Phys. Chem. Chem. Phys. 10, 6615-6620 (2008) (10.1039/B810189B)

    Deriv               =              1
    GGA                 =           TRUE
    Meta                =          FALSE

    Exchange Hybrid     =           TRUE
    MP2 Hybrid          =          FALSE

   => Exchange-Correlation Functionals <=

    1.0000   wB97X-D range-separated functional

   => Exact (HF) Exchange <=

    0.7780            HF,LR [omega = 0.2000]
    0.2220               HF 

   => LibXC Density Thresholds  <==

    XC_HYB_GGA_XC_WB97X_D:  1.00E-14 

   => Molecular Quadrature <=

    Radial Scheme          =       TREUTLER
    Pruning Scheme         =           NONE
    Nuclear Scheme         =       TREUTLER

    Blocking Scheme        =         OCTREE
    BS radius alpha        =              1
    Pruning alpha          =              1
    Radial Points          =             75
    Spherical Points       =            302
    Total Points           =         606034
    Total Blocks           =           4342
    Max Points             =            256
    Max Functions          =            332
    Weights Tolerance      =       1.00E-15

   => Loading Basis Set <=

    Name: (6-311+G(D,P) AUX)
    Role: JKFIT
    Keyword: DF_BASIS_SCF
    atoms 1, 3, 5-8, 10-12, 14-15, 26 entry C          line   200 file /home2/shbae/bucket/covalent/.pixi/envs/default/share/psi4/basis/heavy-aug-cc-pvtz-jkfit.gbs 
    atoms 2, 4, 9                     entry N          line   262 file /home2/shbae/bucket/covalent/.pixi/envs/default/share/psi4/basis/heavy-aug-cc-pvtz-jkfit.gbs 
    atoms 13                          entry O          line   324 file /home2/shbae/bucket/covalent/.pixi/envs/default/share/psi4/basis/heavy-aug-cc-pvtz-jkfit.gbs 
    atoms 16-24, 27-29                entry H          line   116 file /home2/shbae/bucket/covalent/.pixi/envs/default/share/psi4/basis/heavy-aug-cc-pvtz-jkfit.gbs 
    atoms 25                          entry S          line   768 file /home2/shbae/bucket/covalent/.pixi/envs/default/share/psi4/basis/heavy-aug-cc-pvtz-jkfit.gbs 

   => Loading Basis Set <=

    Name: 6-311+G(D,P)
    Role: ORBITAL
    Keyword: BASIS
    atoms 1, 3, 5-8, 10-12, 14-15, 26 entry C          line   129 file /home2/shbae/bucket/covalent/.pixi/envs/default/share/psi4/basis/6-311pg_d_p_.gbs 
    atoms 2, 4, 9                     entry N          line   150 file /home2/shbae/bucket/covalent/.pixi/envs/default/share/psi4/basis/6-311pg_d_p_.gbs 
    atoms 13                          entry O          line   171 file /home2/shbae/bucket/covalent/.pixi/envs/default/share/psi4/basis/6-311pg_d_p_.gbs 
    atoms 16-24, 27-29                entry H          line    42 file /home2/shbae/bucket/covalent/.pixi/envs/default/share/psi4/basis/6-311pg_d_p_.gbs 
    atoms 25                          entry S          line   429 file /home2/shbae/bucket/covalent/.pixi/envs/default/share/psi4/basis/6-311pg_d_p_.gbs 

  Reading orbitals from file /tmp/4_intermediate.default.2248151.180.npy, no projection.

  ==> Integral Setup <==

  ==> DiskDFJK: Density-Fitted J/K Matrices <==

    J tasked:                  Yes
    K tasked:                  Yes
    wK tasked:                 Yes
    Omega:               2.000E-01
    OpenMP threads:              8
    Integrals threads:           8
    Memory [MiB]:             1467
    Algorithm:                Disk
    Integral Cache:           NONE
    Schwarz Cutoff:          1E-12
    Fitting Condition:       1E-10

   => Auxiliary Basis Set <=

  Basis Set: (6-311+G(D,P) AUX)
    Blend: HEAVY-AUG-CC-PVTZ-JKFIT
    Number of shells: 642
    Number of basis functions: 2170
    Number of Cartesian functions: 2696
    Spherical Harmonics?: true
    Max angular momentum: 4

  Cached 100.0% of DFT collocation blocks in 4.155 [GiB].

  Minimum eigenvalue in the overlap matrix is 1.6816038097E-07.
  Reciprocal condition number of the overlap matrix is 1.1581988662E-08.
    Using symmetric orthogonalization.

  ==> Pre-Iterations <==

  SCF Guess: Orbitals guess was supplied from a previous computation.

   -------------------------------------------------------
    Irrep   Nso     Nmo     Nalpha   Nbeta   Ndocc  Nsocc
   -------------------------------------------------------
     A        454     454      65      65      65       0
   -------------------------------------------------------
    Total     454     454      65      65      65       0
   -------------------------------------------------------

  ==> Iterations <==

                           Total Energy        Delta E     RMS |[F,P]|

   @DF-RKS iter   0: -1102.16941841966059   -1.10217e+03   2.04800e-04 
   @DF-RKS iter   1: -1102.17782272638601   -8.40431e-03   2.69435e-05 DIIS
   @DF-RKS iter   2: -1102.17791248934327   -8.97630e-05   2.47290e-05 DIIS
   @DF-RKS iter   3: -1102.17797305167960   -6.05623e-05   6.06776e-06 DIIS
   @DF-RKS iter   4: -1102.17797768725472   -4.63558e-06   3.55003e-06 DIIS
   @DF-RKS iter   5: -1102.17797893417537   -1.24692e-06   8.36930e-07 DIIS
   @DF-RKS iter   6: -1102.17797902431244   -9.01371e-08   3.60101e-07 DIIS
   @DF-RKS iter   7: -1102.17797904531449   -2.10021e-08   1.23057e-07 DIIS
   @DF-RKS iter   8: -1102.17797904896088   -3.64639e-09   6.00008e-08 DIIS
   @DF-RKS iter   9: -1102.17797904970075   -7.39874e-10   1.45565e-08 DIIS
   @DF-RKS iter  10: -1102.17797904980671   -1.05956e-10   8.83499e-09 DIIS
  Energy and wave function converged.


  ==> Post-Iterations <==

   Electrons on quadrature grid:
      Ntotal   =  129.9998730510 ; deviation = -1.269e-04 

    Orbital Energies [Eh]
    ---------------------

    Doubly Occupied:                                                      

       1A    -88.864299     2A    -19.038863     3A    -14.341065  
       4A    -14.340971     5A    -14.331871     6A    -10.250013  
       7A    -10.240081     8A    -10.236027     9A    -10.229585  
      10A    -10.222280    11A    -10.205493    12A    -10.204770  
      13A    -10.200068    14A    -10.172359    15A    -10.171684  
      16A    -10.171112    17A    -10.100427    18A     -7.904838  
      19A     -5.853981    20A     -5.850351    21A     -5.844083  
      22A     -0.994021    23A     -0.971843    24A     -0.910014  
      25A     -0.898196    26A     -0.846872    27A     -0.775818  
      28A     -0.763250    29A     -0.744575    30A     -0.700713  
      31A     -0.668295    32A     -0.651111    33A     -0.624418  
      34A     -0.606853    35A     -0.561184    36A     -0.538500  
      37A     -0.527049    38A     -0.518749    39A     -0.489808  
      40A     -0.454272    41A     -0.444071    42A     -0.430335  
      43A     -0.423824    44A     -0.422077    45A     -0.407152  
      46A     -0.396534    47A     -0.390956    48A     -0.381417  
      49A     -0.377323    50A     -0.356078    51A     -0.349760  
      52A     -0.341024    53A     -0.333932    54A     -0.313853  
      55A     -0.308832    56A     -0.302466    57A     -0.292314  
      58A     -0.268229    59A     -0.258843    60A     -0.240519  
      61A     -0.235538    62A     -0.185582    63A     -0.173939  
      64A     -0.165103    65A     -0.103632  

    Virtual:                                                              

      66A      0.097526    67A      0.137558    68A      0.141341  
      69A      0.148559    70A      0.159778    71A      0.165596  
      72A      0.167683    73A      0.169546    74A      0.172528  
      75A      0.182117    76A      0.186200    77A      0.191040  
      78A      0.194435    79A      0.197686    80A      0.206069  
      81A      0.211847    82A      0.218527    83A      0.221272  
      84A      0.221912    85A      0.228429    86A      0.232908  
      87A      0.236956    88A      0.241329    89A      0.245282  
      90A      0.246191    91A      0.256684    92A      0.258884  
      93A      0.264836    94A      0.265525    95A      0.268843  
      96A      0.274850    97A      0.276586    98A      0.283781  
      99A      0.287612   100A      0.292380   101A      0.295777  
     102A      0.297735   103A      0.303947   104A      0.307443  
     105A      0.314343   106A      0.320712   107A      0.325539  
     108A      0.329127   109A      0.329597   110A      0.334008  
     111A      0.337504   112A      0.339078   113A      0.344735  
     114A      0.349965   115A      0.352460   116A      0.359370  
     117A      0.365912   118A      0.367709   119A      0.367837  
     120A      0.371281   121A      0.376245   122A      0.380631  
     123A      0.381988   124A      0.386102   125A      0.390067  
     126A      0.392512   127A      0.395877   128A      0.401437  
     129A      0.406205   130A      0.409150   131A      0.412912  
     132A      0.415220   133A      0.424224   134A      0.429438  
     135A      0.432025   136A      0.435331   137A      0.437581  
     138A      0.441369   139A      0.447313   140A      0.448937  
     141A      0.456378   142A      0.458574   143A      0.462378  
     144A      0.470254   145A      0.479416   146A      0.488187  
     147A      0.489993   148A      0.496072   149A      0.500361  
     150A      0.510976   151A      0.511705   152A      0.518488  
     153A      0.522008   154A      0.530423   155A      0.531440  
     156A      0.537904   157A      0.542274   158A      0.545100  
     159A      0.553163   160A      0.558184   161A      0.567382  
     162A      0.577918   163A      0.596938   164A      0.603066  
     165A      0.606748   166A      0.626015   167A      0.635275  
     168A      0.642702   169A      0.659692   170A      0.681352  
     171A      0.687244   172A      0.710088   173A      0.712703  
     174A      0.719509   175A      0.720535   176A      0.730325  
     177A      0.732377   178A      0.734271   179A      0.742157  
     180A      0.752683   181A      0.766252   182A      0.768645  
     183A      0.771449   184A      0.776437   185A      0.795419  
     186A      0.802488   187A      0.805596   188A      0.819724  
     189A      0.825076   190A      0.833239   191A      0.841827  
     192A      0.848511   193A      0.860025   194A      0.872357  
     195A      0.881313   196A      0.885374   197A      0.890058  
     198A      0.895888   199A      0.905269   200A      0.907263  
     201A      0.912182   202A      0.915018   203A      0.928434  
     204A      0.934181   205A      0.936078   206A      0.950186  
     207A      0.961560   208A      0.970084   209A      0.977243  
     210A      0.980365   211A      0.985726   212A      0.996699  
     213A      1.001641   214A      1.017188   215A      1.033840  
     216A      1.043003   217A      1.048600   218A      1.062476  
     219A      1.074376   220A      1.079439   221A      1.080986  
     222A      1.086133   223A      1.092404   224A      1.104108  
     225A      1.113089   226A      1.120779   227A      1.124036  
     228A      1.130335   229A      1.131977   230A      1.140129  
     231A      1.158425   232A      1.164706   233A      1.173112  
     234A      1.176244   235A      1.183679   236A      1.188173  
     237A      1.194499   238A      1.212039   239A      1.230045  
     240A      1.234461   241A      1.242378   242A      1.250998  
     243A      1.275874   244A      1.285291   245A      1.287975  
     246A      1.303459   247A      1.305231   248A      1.322385  
     249A      1.327655   250A      1.334785   251A      1.344832  
     252A      1.348385   253A      1.355010   254A      1.384465  
     255A      1.392808   256A      1.399058   257A      1.418755  
     258A      1.423565   259A      1.477602   260A      1.485918  
     261A      1.505202   262A      1.525303   263A      1.553137  
     264A      1.558271   265A      1.562061   266A      1.584645  
     267A      1.611893   268A      1.671371   269A      1.683348  
     270A      1.685647   271A      1.710302   272A      1.717029  
     273A      1.718896   274A      1.728505   275A      1.741676  
     276A      1.751476   277A      1.757362   278A      1.764790  
     279A      1.769831   280A      1.777796   281A      1.800898  
     282A      1.814865   283A      1.824442   284A      1.837744  
     285A      1.843111   286A      1.849199   287A      1.860701  
     288A      1.873885   289A      1.882170   290A      1.894710  
     291A      1.912471   292A      1.917276   293A      1.923796  
     294A      1.924464   295A      1.946817   296A      1.948521  
     297A      1.961820   298A      1.981084   299A      1.986142  
     300A      1.996786   301A      2.014525   302A      2.029651  
     303A      2.036898   304A      2.060163   305A      2.062420  
     306A      2.071820   307A      2.076475   308A      2.085086  
     309A      2.117059   310A      2.133598   311A      2.146922  
     312A      2.160304   313A      2.166645   314A      2.175836  
     315A      2.186165   316A      2.204099   317A      2.214930  
     318A      2.223133   319A      2.243695   320A      2.247814  
     321A      2.252877   322A      2.282055   323A      2.295963  
     324A      2.310811   325A      2.319089   326A      2.337688  
     327A      2.355430   328A      2.382639   329A      2.395997  
     330A      2.433533   331A      2.446197   332A      2.461701  
     333A      2.467099   334A      2.474888   335A      2.494105  
     336A      2.501858   337A      2.530175   338A      2.531854  
     339A      2.548760   340A      2.585624   341A      2.604102  
     342A      2.616023   343A      2.644979   344A      2.661459  
     345A      2.676943   346A      2.697823   347A      2.701562  
     348A      2.723003   349A      2.757662   350A      2.771119  
     351A      2.776858   352A      2.791771   353A      2.796833  
     354A      2.814239   355A      2.831391   356A      2.850216  
     357A      2.863778   358A      2.882434   359A      2.888396  
     360A      2.902904   361A      2.916384   362A      2.923755  
     363A      2.939067   364A      2.953894   365A      2.964239  
     366A      2.988615   367A      2.992205   368A      2.999388  
     369A      3.018785   370A      3.037200   371A      3.043964  
     372A      3.057985   373A      3.067113   374A      3.075530  
     375A      3.085531   376A      3.110184   377A      3.129074  
     378A      3.133161   379A      3.143100   380A      3.151995  
     381A      3.170719   382A      3.173756   383A      3.185277  
     384A      3.221185   385A      3.227398   386A      3.232258  
     387A      3.244596   388A      3.289215   389A      3.328251  
     390A      3.381992   391A      3.416797   392A      3.438411  
     393A      3.452293   394A      3.518378   395A      3.530968  
     396A      3.550850   397A      3.590762   398A      3.609086  
     399A      3.616337   400A      3.640106   401A      3.696731  
     402A      3.726338   403A      3.757696   404A      3.804798  
     405A      3.814879   406A      3.848720   407A      3.863724  
     408A      3.914661   409A      3.953869   410A      3.966579  
     411A      3.989299   412A      4.030134   413A      4.103192  
     414A      4.113134   415A      4.134120   416A      4.142651  
     417A      4.162198   418A      4.186142   419A      4.268629  
     420A      4.288424   421A      4.397870   422A      4.480155  
     423A      4.569583   424A      4.623412   425A      4.704919  
     426A      5.044530   427A      5.093791   428A      5.180229  
     429A      5.356085   430A      5.380421   431A      5.508771  
     432A      5.606827   433A      6.097432   434A      8.156698  
     435A     17.619859   436A     17.728404   437A     17.742275  
     438A     23.877903   439A     24.064755   440A     24.128065  
     441A     24.168392   442A     24.173561   443A     24.183043  
     444A     24.210396   445A     24.223776   446A     24.258713  
     447A     24.360263   448A     24.377955   449A     24.427603  
     450A     35.875380   451A     35.909531   452A     35.929152  
     453A     50.352283   454A    189.402929  

    Final Occupation by Irrep:
              A 
    DOCC [    65 ]
    NA   [    65 ]
    NB   [    65 ]

  @DF-RKS Final Energy: -1102.17797904980671

   => Energetics <=

    Nuclear Repulsion Energy =           1189.1227046693418288
    One-Electron Energy =               -3883.3519806216318102
    Two-Electron Energy =                1679.2633255246962563
    DFT Exchange-Correlation Energy =     -87.1949350689565676
    Empirical Dispersion Energy =          -0.0170935532565220
    VV10 Nonlocal Energy =                  0.0000000000000000
    Total Energy =                      -1102.1779790498064813

Computation Completed


Properties will be evaluated at   0.000000,   0.000000,   0.000000 [a0]

Properties computed using the SCF density matrix


 Multipole Moments:

 ------------------------------------------------------------------------------------
     Multipole            Electronic (a.u.)      Nuclear  (a.u.)        Total (a.u.)
 ------------------------------------------------------------------------------------

 L = 1.  Multiply by 2.5417464519 to convert [e a0] to [Debye]
 Dipole X            :          1.3058707           -3.2852797           -1.9794090
 Dipole Y            :          9.5394959           -9.0907602            0.4487358
 Dipole Z            :         -4.2181483            3.2296416           -0.9885067
 Magnitude           :                                                    2.2575583

 ------------------------------------------------------------------------------------

*** tstop() called on eristm01.eisai.local at Wed May 20 10:31:21 2026
Module time:
	user time   =     319.04 seconds =       5.32 minutes
	system time =      15.02 seconds =       0.25 minutes
	total time  =         46 seconds =       0.77 minutes
Total time:
	user time   =   50033.09 seconds =     833.88 minutes
	system time =    1751.77 seconds =      29.20 minutes
	total time  =       7147 seconds =     119.12 minutes

*** tstart() called on eristm01.eisai.local
*** at Wed May 20 10:31:21 2026


         ------------------------------------------------------------
                                   SCF GRAD                          
                          Rob Parrish, Justin Turney,                
                       Andy Simmonett, and Alex Sokolov              
         ------------------------------------------------------------

  ==> Geometry <==

    Molecular point group: c1
    Full point group: C1

    Geometry (in Angstrom), charge = -1, multiplicity = 1:

       Center              X                  Y                   Z               Mass       
    ------------   -----------------  -----------------  -----------------  -----------------
         C           -3.133800163078    -0.918093817838     1.791128647222    12.000000000000
         N           -4.428457019833    -0.967842983134     1.996021821168    14.003074004430
         C           -5.215212251651    -0.652299704822     0.936007224211    12.000000000000
         N           -4.824709816176    -0.303188192633    -0.262250180588    14.003074004430
         C           -3.482893040212    -0.249444469568    -0.475276965960    12.000000000000
         C           -2.552859474409    -0.560395390888     0.548757251371    12.000000000000
         C           -1.163485576128    -0.501086689073     0.338682259653    12.000000000000
         C           -0.668953233457    -0.137627202393    -0.909579194451    12.000000000000
         N            0.651857289367    -0.035920800799    -1.229690752773    14.003074004430
         C            1.822366424312    -0.338430733829    -0.427359621670    12.000000000000
         C            3.020681454917    -0.100206499423    -1.085417397514    12.000000000000
         C            4.305315237530    -0.354491092015    -0.413550191828    12.000000000000
         O            1.639097585508    -0.774840401020     0.729026676544    15.994914619570
         C           -1.619295555269     0.168983888410    -1.939803959341    12.000000000000
         C           -2.967880540058     0.118418695944    -1.740361231599    12.000000000000
         H           -6.286227070235    -0.697448907627     1.115456806031     1.007825032230
         H           -0.460203078329    -0.741582818373     1.124941763171     1.007825032230
         H            0.855525219987     0.244260981019    -2.174832674647     1.007825032230
         H            3.026831408381     0.341806483173    -2.077939174816     1.007825032230
         H            5.075709172483    -0.747119921438    -1.084284397366     1.007825032230
         H            4.168796158598    -1.054517040085     0.413102733459     1.007825032230
         H           -3.665140521656     0.356113233579    -2.535971832542     1.007825032230
         H           -2.485728307690    -1.167059427398     2.629949835343     1.007825032230
         H           -1.238235955080     0.452728780576    -2.917750402621     1.007825032230
         S            5.172469798156     1.148707697441     0.329868138536    31.972071174400
         C            3.817743127569     1.769544236437     1.359531810852    12.000000000000
         H            3.592023413388     1.073725945518     2.168800057058     1.007825032230
         H            4.119979740294     2.735656963443     1.768902372318     1.007825032230
         H            2.924685572761     1.891649186828     0.743456043779     1.007825032230

  Nuclear repulsion = 1189.122704669341829

  ==> Basis Set <==

  Basis Set: 6-311+G(D,P)
    Blend: 6-311+G(D,P)
    Number of shells: 222
    Number of basis functions: 454
    Number of Cartesian functions: 471
    Spherical Harmonics?: true
    Max angular momentum: 2

  ==> DFJKGrad: Density-Fitted SCF Gradients <==

    Gradient:                    1
    J tasked:                  Yes
    K tasked:                  Yes
    wK tasked:                 Yes
    Omega:               2.000E-01
    OpenMP threads:              8
    Integrals threads:           8
    Memory [MiB]:             5722
    Schwarz Cutoff:          1E-12
    Fitting Condition:       1E-10

   => Auxiliary Basis Set <=

  Basis Set: (6-311+G(D,P) AUX)
    Blend: HEAVY-AUG-CC-PVTZ-JKFIT
    Number of shells: 642
    Number of basis functions: 2170
    Number of Cartesian functions: 2696
    Spherical Harmonics?: true
    Max angular momentum: 4

  ==> DFT Potential <==

   => LibXC <=

    Version 7.0.0
    S. Lehtola, C. Steigemann, M. J.T. Oliveira, and M. A.L. Marques.,  SoftwareX 7, 1–5 (2018) (10.1016/j.softx.2017.11.002)

   => Composite Functional: WB97X-D <= 

    wB97X-D Hyb-GGA Exchange-Correlation Functional

    J.-D. Chai and M. Head-Gordon.,  Phys. Chem. Chem. Phys. 10, 6615-6620 (2008) (10.1039/B810189B)

    Deriv               =              1
    GGA                 =           TRUE
    Meta                =          FALSE

    Exchange Hybrid     =           TRUE
    MP2 Hybrid          =          FALSE

   => Exchange-Correlation Functionals <=

    1.0000   wB97X-D range-separated functional

   => Exact (HF) Exchange <=

    0.7780            HF,LR [omega = 0.2000]
    0.2220               HF 

   => LibXC Density Thresholds  <==

    XC_HYB_GGA_XC_WB97X_D:  1.00E-14 

   => Molecular Quadrature <=

    Radial Scheme          =       TREUTLER
    Pruning Scheme         =           NONE
    Nuclear Scheme         =       TREUTLER

    Blocking Scheme        =         OCTREE
    BS radius alpha        =              1
    Pruning alpha          =              1
    Radial Points          =             75
    Spherical Points       =            302
    Total Points           =         606034
    Total Blocks           =           4342
    Max Points             =            256
    Max Functions          =            332
    Weights Tolerance      =       1.00E-15


  -Total Gradient:
     Atom            X                  Y                   Z
    ------   -----------------  -----------------  -----------------
       1       -0.000019636426    -0.000030068201    -0.000020457599
       2        0.000106581413     0.000047551132    -0.000088633435
       3       -0.000041809555    -0.000067763568     0.000216281562
       4        0.000171877122     0.000051159002    -0.000113132162
       5       -0.000368806116     0.000145424037    -0.000218414621
       6        0.000485747770    -0.000120178268     0.000286449621
       7       -0.000243861391    -0.000107276471     0.000068537964
       8        0.000107814036    -0.000061008453    -0.000512424908
       9       -0.000210200068     0.000310191379     0.000313730696
      10        0.000065483040     0.000112873830    -0.000210971327
      11       -0.000225882167     0.000020543191     0.000082486039
      12        0.000269058339     0.000061860915    -0.000035254512
      13        0.000000462721    -0.000131048910     0.000044988146
      14        0.000134849346    -0.000010299492     0.000046344742
      15       -0.000039384806    -0.000014926440     0.000161866692
      16       -0.000012026851     0.000014655154     0.000013496701
      17        0.000093951448     0.000030981552     0.000053599450
      18        0.000105717176    -0.000095015413    -0.000031870024
      19        0.000086482489    -0.000108520260    -0.000237703011
      20       -0.000045381221    -0.000009002814    -0.000084136450
      21        0.000062929345    -0.000066275615    -0.000013604620
      22       -0.000052009453     0.000030127911     0.000007590537
      23        0.000007422752    -0.000029471077     0.000001770991
      24        0.000038972291     0.000080515568    -0.000028819887
      25        0.000375575454    -0.000169340322    -0.000134511601
      26       -0.000278385243     0.000030476559    -0.000014348003
      27        0.000077616059    -0.000075581146    -0.000005198626
      28        0.000056046382    -0.000009043129    -0.000019020292
      29       -0.000017341199     0.000003500678     0.000067844648


*** tstop() called on eristm01.eisai.local at Wed May 20 10:31:40 2026
Module time:
	user time   =     135.20 seconds =       2.25 minutes
	system time =       1.76 seconds =       0.03 minutes
	total time  =         19 seconds =       0.32 minutes
Total time:
	user time   =   50168.30 seconds =     836.14 minutes
	system time =    1753.53 seconds =      29.23 minutes
	total time  =       7166 seconds =     119.43 minutes

    			-----------------------------------------

    			 OPTKING 3.0: for geometry optimizations 

    			     By R.A. King, Bethel University     

    			        with contributions from          

    			    A.V. Copan, J. Cayton, A. Heide      

    			-----------------------------------------

    
	                            ===> Fragment 1 <== 

	 Z (Atomic Numbers)          Masses                          Geom                  
	       6.000000            12.000000         -5.92202404 -1.73494587  3.38474260   
	       7.000000            14.003074         -8.36857093 -1.82895817  3.77193458   
	       6.000000            12.000000         -9.85532284 -1.23266779  1.76879731   
	       7.000000            14.003074         -9.11738019 -0.57294265 -0.49558102   
	       6.000000            12.000000         -6.58171397 -0.47138173 -0.89814330   
	       6.000000            12.000000         -4.82420524 -1.05899381  1.03700091   
	       6.000000            12.000000         -2.19866909 -0.94691661  0.64001671   
	       6.000000            12.000000         -1.26413840 -0.26007772 -1.71885557   
	       7.000000            14.003074          1.23183175 -0.06788048 -2.32377874   
	       6.000000            12.000000          3.44377344 -0.63954140 -0.80759264   
	       6.000000            12.000000          5.70826066 -0.18936284 -2.05114161   
	       6.000000            12.000000          8.13586668 -0.66989108 -0.78149660   
	       8.000000            15.994915          3.09744553 -1.46423615  1.37766076   
	       6.000000            12.000000         -3.06002512  0.31933327 -3.66569822   
	       6.000000            12.000000         -5.60848139  0.22377890 -3.28880609   
	       1.000000             1.007825        -11.87924753  -1.31798742   2.10790787 
	       1.000000             1.007825         -0.86965778 -1.40138843  2.12583184   
	       1.000000             1.007825          1.61670836  0.46158636 -4.10983812   
	       1.000000             1.007825          5.71988239  0.64592064 -3.92673595   
	       1.000000             1.007825          9.59170023 -1.41185203 -2.04900055   
	       1.000000             1.007825          7.87788301 -1.99274840  0.78065103   
	       1.000000             1.007825         -6.92611180  0.67295648 -4.79229223   
	       1.000000             1.007825         -4.69734572 -2.20542269  4.96988491   
	       1.000000             1.007825         -2.33992683  0.85553340 -5.51374916   
	      16.000000            31.972071          9.77455131  2.17074295  0.62336044   
	       6.000000            12.000000          7.21448893  3.34395397  2.56914278   
	       1.000000             1.007825          6.78794049  2.02904797  4.09843813   
	       1.000000             1.007825          7.78563335  5.16964243  3.34274103   
	       1.000000             1.007825          5.52685474  3.57469889  1.40492831   

	 - Coordinate -           - BOHR/RAD -       - ANG/DEG -
	 H(2,23)          =         3.880039           2.053228
	 H(13,17)         =         4.037526           2.136567
	 R(1,2)           =         2.478779           1.311714
	 R(1,6)           =         2.678434           1.417366
	 R(1,23)          =         2.057635           1.088854
	 R(2,3)           =         2.564869           1.357270
	 R(3,4)           =         2.471276           1.307743
	 R(3,16)          =         2.053910           1.086882
	 R(4,5)           =         2.569431           1.359684
	 R(5,6)           =         2.679348           1.417850
	 R(5,15)          =         2.673144           1.414567
	 R(6,7)           =         2.657743           1.406417
	 R(7,8)           =         2.628569           1.390979
	 R(7,17)          =         2.044618           1.081965
	 R(8,9)           =         2.575410           1.362849
	 R(8,14)          =         2.711295           1.434756
	 R(9,10)          =         2.741952           1.450979
	 R(9,18)          =         1.902228           1.006616
	 R(10,11)         =         2.622399           1.387714
	 R(10,13)         =         2.361228           1.249508
	 R(11,12)         =         2.781398           1.471853
	 R(11,19)         =         2.053214           1.086514
	 R(12,20)         =         2.067976           1.094326
	 R(12,21)         =         2.063204           1.091801
	 R(12,25)         =         3.567648           1.887918
	 R(14,15)         =         2.577946           1.364190
	 R(14,24)         =         2.054591           1.087243
	 R(15,22)         =         2.048995           1.084282
	 R(25,26)         =         3.422925           1.811334
	 R(26,27)         =         2.061472           1.090884
	 R(26,28)         =         2.063443           1.091927
	 R(26,29)         =         2.063189           1.091792
	 B(1,2,3)         =         2.027857         116.187643
	 B(1,6,5)         =         2.003762         114.807125
	 B(1,6,7)         =         2.148947         123.125587
	 B(2,1,6)         =         2.154397         123.437864
	 B(2,1,23)        =         2.047038         117.286614
	 B(2,3,4)         =         2.220031         127.198407
	 B(2,3,16)        =         2.018165         115.632344
	 B(3,4,5)         =         2.036210         116.666253
	 B(4,3,16)        =         2.044989         117.169220
	 B(4,5,6)         =         2.124101         121.701995
	 B(4,5,15)        =         2.105621         120.643186
	 B(5,6,7)         =         2.130421         122.064137
	 B(5,15,14)       =         2.094743         120.019946
	 B(5,15,22)       =         2.070439         118.627393
	 B(6,1,23)        =         2.081750         119.275514
	 B(6,5,15)        =         2.053459         117.654532
	 B(6,7,8)         =         2.090108         119.754343
	 B(6,7,17)        =         2.122582         121.614989
	 B(7,8,9)         =         2.183213         125.088883
	 B(7,8,14)        =         2.054119         117.692331
	 B(8,7,17)        =         2.070449         118.627989
	 B(8,9,10)        =         2.260592         129.522393
	 B(8,9,18)        =         2.023502         115.938113
	 B(8,14,15)       =         2.143488         122.812817
	 B(8,14,24)       =         2.059507         118.001048
	 B(9,8,14)        =         2.045792         117.215235
	 B(9,10,11)       =         1.980783         113.490529
	 B(9,10,13)       =         2.055837         117.790775
	 B(10,9,18)       =         1.997640         114.456356
	 B(10,11,12)      =         2.103144         120.501285
	 B(10,11,19)      =         2.103547         120.524394
	 B(11,10,13)      =         2.246535         128.716968
	 B(11,12,20)      =         1.978655         113.368556
	 B(11,12,21)      =         1.925440         110.319567
	 B(11,12,25)      =         2.029832         116.300823
	 B(12,11,19)      =         2.074111         118.837806
	 B(12,25,26)      =         1.724621          98.813500
	 B(14,15,22)      =         2.118003         121.352657
	 B(15,14,24)      =         2.080190         119.186136
	 B(20,12,21)      =         1.898696         108.787291
	 B(20,12,25)      =         1.775903         101.751739
	 B(21,12,25)      =         1.843978         105.652148
	 B(25,26,27)      =         1.936749         110.967528
	 B(25,26,28)      =         1.885315         108.020607
	 B(25,26,29)      =         1.906402         109.228793
	 B(27,26,28)      =         1.921441         110.090443
	 B(27,26,29)      =         1.897259         108.704908
	 B(28,26,29)      =         1.916658         109.816436
	 D(1,2,3,4)       =        -0.002177          -0.124743
	 D(1,2,3,16)      =         3.140526         179.938863
	 D(1,6,5,4)       =        -0.005490          -0.314552
	 D(1,6,5,15)      =         3.139487         179.879348
	 D(1,6,7,8)       =        -3.138423        -179.818371
	 D(1,6,7,17)      =         0.013708           0.785421
	 D(2,1,6,5)       =         0.003918           0.224508
	 D(2,1,6,7)       =        -3.148748        -180.409987
	 D(2,3,4,5)       =         0.000618           0.035389
	 D(3,2,1,6)       =        -0.000363          -0.020823
	 D(3,2,1,23)      =         3.140669         179.947070
	 D(3,4,5,6)       =         0.003448           0.197528
	 D(3,4,5,15)      =        -3.141629        -180.002098
	 D(4,5,6,7)       =         3.147046         180.312471
	 D(4,5,15,14)     =        -3.142285        -180.039647
	 D(4,5,15,22)     =        -0.000329          -0.018851
	 D(5,4,3,16)      =        -3.142100        -180.029070
	 D(5,6,1,23)      =        -3.137103        -179.742780
	 D(5,6,7,8)       =        -0.008692          -0.497994
	 D(5,6,7,17)      =        -3.139746        -179.894202
	 D(5,15,14,8)     =        -0.000786          -0.045062
	 D(5,15,14,24)    =        -3.142324        -180.041930
	 D(6,5,15,14)     =        -0.004039          -0.231391
	 D(6,5,15,22)     =        -3.145268        -180.210596
	 D(6,7,8,9)       =         3.132813         179.496982
	 D(6,7,8,14)      =         0.003555           0.203662
	 D(7,6,1,23)      =        -0.006585          -0.377275
	 D(7,6,5,15)      =         0.008838           0.506372
	 D(7,8,9,10)      =         0.068289           3.912700
	 D(7,8,9,18)      =         3.148171         180.376936
	 D(7,8,14,15)     =         0.001091           0.062517
	 D(7,8,14,24)     =         3.142630         180.059420
	 D(8,9,10,11)     =         3.151224         180.551812
	 D(8,9,10,13)     =         0.017246           0.988133
	 D(8,14,15,22)    =        -3.142752        -180.066436
	 D(9,8,7,17)      =        -0.019003          -1.088815
	 D(9,8,14,15)     =         3.154032         180.712748
	 D(9,8,14,24)     =         0.012386           0.709651
	 D(9,10,11,12)    =         3.141274         179.981768
	 D(9,10,11,19)    =         0.074669           4.278244
	 D(10,9,8,14)     =         3.197601         183.209070
	 D(10,11,12,20)   =         2.504209         143.480602
	 D(10,11,12,21)   =         0.369950          21.196591
	 D(10,11,12,25)   =        -1.729002         -99.064527
	 D(11,10,9,18)    =         0.070594           4.044757
	 D(11,12,25,26)   =         0.942920          54.025328
	 D(12,11,10,13)   =        -0.008953          -0.512942
	 D(12,25,26,27)   =         1.163403          66.658054
	 D(12,25,26,28)   =        -3.012052        -172.577886
	 D(12,25,26,29)   =        -0.927984         -53.169578
	 D(13,10,9,18)    =        -3.063383        -175.518922
	 D(13,10,11,19)   =        -3.075558        -176.216466
	 D(14,8,7,17)     =        -3.148262        -180.382134
	 D(14,8,9,18)     =        -0.005702          -0.326694
	 D(19,11,12,20)   =        -0.711121         -40.744255
	 D(19,11,12,21)   =        -2.845380        -163.028265
	 D(19,11,12,25)   =         1.338853          76.710617
	 D(20,12,25,26)   =        -3.181421        -182.281986
	 D(21,12,25,26)   =        -1.199210         -68.709648
	 D(22,15,14,24)   =        -0.001105          -0.063304


	        --- Internal Coordinate Step in ANG or DEG, aJ/ANG or AJ/DEG ---
	-------------------------------------------------------------------------------
	           Coordinate      Previous         Force          Change          New 
	           ----------      --------        ------          ------        ------
	              H(2,23)       2.05323        0.00019        0.00018       2.05341
	             H(13,17)       2.13657        0.00001       -0.00001       2.13655
	               R(1,2)       1.31171        0.00004        0.00010       1.31181
	               R(1,6)       1.41737        0.00004       -0.00009       1.41728
	              R(1,23)       1.08885       -0.00005        0.00007       1.08892
	               R(2,3)       1.35727        0.00031       -0.00003       1.35724
	               R(3,4)       1.30774       -0.00101        0.00013       1.30788
	              R(3,16)       1.08688       -0.00032       -0.00006       1.08682
	               R(4,5)       1.35968        0.00076       -0.00002       1.35966
	               R(5,6)       1.41785       -0.00269       -0.00022       1.41763
	              R(5,15)       1.41457        0.00046        0.00006       1.41462
	               R(6,7)       1.40642        0.00102        0.00009       1.40651
	               R(7,8)       1.39098       -0.00192       -0.00019       1.39079
	              R(7,17)       1.08197       -0.00068       -0.00002       1.08194
	               R(8,9)       1.36285        0.00056        0.00003       1.36288
	              R(8,14)       1.43476        0.00054        0.00003       1.43478
	              R(9,10)       1.45098       -0.00026        0.00012       1.45110
	              R(9,18)       1.00662       -0.00002       -0.00000       1.00661
	             R(10,11)       1.38771       -0.00048       -0.00002       1.38770
	             R(10,13)       1.24951       -0.00096       -0.00006       1.24945
	             R(11,12)       1.47185       -0.00198       -0.00057       1.47128
	             R(11,19)       1.08651       -0.00116       -0.00006       1.08645
	             R(12,20)       1.09433        0.00024        0.00007       1.09439
	             R(12,21)       1.09180       -0.00045       -0.00007       1.09173
	             R(12,25)       1.88792        0.00018        0.00100       1.88892
	             R(14,15)       1.36419       -0.00132       -0.00009       1.36410
	             R(14,24)       1.08724       -0.00043       -0.00002       1.08722
	             R(15,22)       1.08428       -0.00036        0.00003       1.08431
	             R(25,26)       1.81133       -0.00289       -0.00040       1.81094
	             R(26,27)       1.09088       -0.00027        0.00002       1.09091
	             R(26,28)       1.09193       -0.00024        0.00003       1.09196
	             R(26,29)       1.09179       -0.00000        0.00011       1.09190
	             B(1,2,3)     116.18764       -0.00001       -0.02406     116.16358
	             B(1,6,5)     114.80712        0.00001        0.01635     114.82348
	             B(1,6,7)     123.12559       -0.00001       -0.02595     123.09963
	             B(2,1,6)     123.43786       -0.00000        0.00177     123.43964
	            B(2,1,23)     117.28661        0.00000        0.00316     117.28977
	             B(2,3,4)     127.19841        0.00000        0.02295     127.22136
	            B(2,3,16)     115.63234       -0.00000       -0.00558     115.62676
	             B(3,4,5)     116.66625       -0.00000       -0.01500     116.65126
	            B(4,3,16)     117.16922       -0.00000       -0.01738     117.15184
	             B(4,5,6)     121.70199       -0.00000       -0.00206     121.69994
	            B(4,5,15)     120.64319       -0.00000        0.00458     120.64776
	             B(5,6,7)     122.06414        0.00000        0.00887     122.07301
	           B(5,15,14)     120.01995       -0.00001       -0.00328     120.01666
	           B(5,15,22)     118.62739        0.00001        0.01310     118.64050
	            B(6,1,23)     119.27551       -0.00000       -0.00492     119.27059
	            B(6,5,15)     117.65453        0.00000       -0.00258     117.65195
	             B(6,7,8)     119.75434       -0.00000       -0.00877     119.74558
	            B(6,7,17)     121.61499        0.00000        0.01064     121.62562
	             B(7,8,9)     125.08888        0.00001        0.00668     125.09556
	            B(7,8,14)     117.69233        0.00000        0.00461     117.69694
	            B(8,7,17)     118.62799        0.00000       -0.00391     118.62408
	            B(8,9,10)     129.52239       -0.00001       -0.04317     129.47923
	            B(8,9,18)     115.93811       -0.00000        0.01978     115.95790
	           B(8,14,15)     122.81282        0.00000        0.00043     122.81325
	           B(8,14,24)     118.00105        0.00000        0.01511     118.01616
	            B(9,8,14)     117.21524       -0.00001       -0.01169     117.20355
	           B(9,10,11)     113.49053       -0.00000       -0.01069     113.47984
	           B(9,10,13)     117.79077        0.00000        0.00155     117.79232
	           B(10,9,18)     114.45636        0.00001        0.04822     114.50458
	          B(10,11,12)     120.50128       -0.00001       -0.04731     120.45398
	          B(10,11,19)     120.52439       -0.00000       -0.00153     120.52286
	          B(11,10,13)     128.71697        0.00000        0.00944     128.72641
	          B(11,12,20)     113.36856        0.00001        0.09316     113.46171
	          B(11,12,21)     110.31957       -0.00000        0.01233     110.33190
	          B(11,12,25)     116.30082        0.00000       -0.06205     116.23878
	          B(12,11,19)     118.83781        0.00001        0.03077     118.86858
	          B(12,25,26)      98.81350        0.00001       -0.03262      98.78088
	          B(14,15,22)     121.35266       -0.00000       -0.00982     121.34284
	          B(15,14,24)     119.18614       -0.00000       -0.01555     119.17058
	          B(20,12,21)     108.78729        0.00000        0.01696     108.80425
	          B(20,12,25)     101.75174       -0.00001       -0.05455     101.69719
	          B(21,12,25)     105.65215        0.00000       -0.01235     105.63980
	          B(25,26,27)     110.96753        0.00001        0.05530     111.02283
	          B(25,26,28)     108.02061        0.00000        0.05108     108.07168
	          B(25,26,29)     109.22879       -0.00001       -0.11133     109.11747
	          B(27,26,28)     110.09044       -0.00000       -0.01565     110.07479
	          B(27,26,29)     108.70491        0.00000        0.02867     108.73358
	          B(28,26,29)     109.81644        0.00000       -0.00981     109.80663
	           D(1,2,3,4)      -0.12474        0.00000        0.01065      -0.11409
	          D(1,2,3,16)     179.93886        0.00000        0.02168     179.96055
	           D(1,6,5,4)      -0.31455        0.00000       -0.00852      -0.32308
	          D(1,6,5,15)     179.87935        0.00000        0.01135     179.89070
	           D(1,6,7,8)    -179.81837       -0.00000       -0.01440    -179.83277
	          D(1,6,7,17)       0.78542        0.00000        0.18312       0.96854
	           D(2,1,6,5)       0.22451        0.00000        0.02110       0.24561
	           D(2,1,6,7)    -180.40999        0.00000       -0.04833    -180.45831
	           D(2,3,4,5)       0.03539       -0.00000        0.00092       0.03631
	           D(3,2,1,6)      -0.02082       -0.00000       -0.02190      -0.04272
	          D(3,2,1,23)     179.94707       -0.00000        0.00405     179.95112
	           D(3,4,5,6)       0.19753       -0.00000       -0.00154       0.19599
	          D(3,4,5,15)    -180.00210       -0.00000       -0.02202    -180.02412
	           D(4,5,6,7)     180.31247       -0.00000        0.06036     180.37283
	         D(4,5,15,14)    -180.03965        0.00000        0.00200    -180.03765
	         D(4,5,15,22)      -0.01885       -0.00000       -0.01265      -0.03151
	          D(5,4,3,16)    -180.02907        0.00000       -0.01025    -180.03932
	          D(5,6,1,23)    -179.74278       -0.00000       -0.00534    -179.74812
	           D(5,6,7,8)      -0.49799        0.00000       -0.08874      -0.58673
	          D(5,6,7,17)    -179.89420        0.00000        0.10878    -179.78542
	         D(5,15,14,8)      -0.04506       -0.00000       -0.03594      -0.08100
	        D(5,15,14,24)    -180.04193       -0.00000       -0.07058    -180.11251
	         D(6,5,15,14)      -0.23139        0.00000       -0.01768      -0.24907
	         D(6,5,15,22)    -180.21060        0.00000       -0.03233    -180.24292
	           D(6,7,8,9)     179.49698        0.00000       -0.00545     179.49154
	          D(6,7,8,14)       0.20366        0.00000        0.03330       0.23697
	          D(7,6,1,23)      -0.37728        0.00000       -0.07477      -0.45205
	          D(7,6,5,15)       0.50637       -0.00000        0.08024       0.58661
	          D(7,8,9,10)       3.91270       -0.00000       -0.08571       3.82699
	          D(7,8,9,18)     180.37694        0.00001        0.49048     180.86742
	         D(7,8,14,15)       0.06252       -0.00000        0.02835       0.09087
	         D(7,8,14,24)     180.05942        0.00000        0.06261     180.12203
	         D(8,9,10,11)     180.55181        0.00001        1.09568     181.64749
	         D(8,9,10,13)       0.98813        0.00001        1.05616       2.04429
	        D(8,14,15,22)    -180.06644        0.00000       -0.02088    -180.08732
	          D(9,8,7,17)      -1.08881       -0.00000       -0.19696      -1.28578
	         D(9,8,14,15)     180.71275       -0.00000        0.06388     180.77663
	         D(9,8,14,24)       0.70965       -0.00000        0.09814       0.80779
	        D(9,10,11,12)     179.98177        0.00000       -0.04304     179.93873
	        D(9,10,11,19)       4.27824        0.00000        0.23053       4.50877
	         D(10,9,8,14)     183.20907       -0.00000       -0.12418     183.08489
	       D(10,11,12,20)     143.48060        0.00000        0.00214     143.48274
	       D(10,11,12,21)      21.19659       -0.00000       -0.09553      21.10106
	       D(10,11,12,25)     -99.06453       -0.00000       -0.04442     -99.10894
	        D(11,10,9,18)       4.04476        0.00000        0.52710       4.57186
	       D(11,12,25,26)      54.02533       -0.00000       -0.14954      53.87579
	       D(12,11,10,13)      -0.51294        0.00001        0.00171      -0.51123
	       D(12,25,26,27)      66.65805       -0.00000        0.07707      66.73512
	       D(12,25,26,28)    -172.57789        0.00000        0.12414    -172.45374
	       D(12,25,26,29)     -53.16958       -0.00000        0.07868     -53.09090
	        D(13,10,9,18)    -175.51892       -0.00000        0.48759    -175.03133
	       D(13,10,11,19)    -176.21647        0.00001        0.27528    -175.94119
	         D(14,8,7,17)    -180.38213       -0.00000       -0.15821    -180.54035
	         D(14,8,9,18)      -0.32669        0.00001        0.45201       0.12532
	       D(19,11,12,20)     -40.74425       -0.00000       -0.26825     -41.01250
	       D(19,11,12,21)    -163.02826       -0.00000       -0.36592    -163.39418
	       D(19,11,12,25)      76.71062       -0.00001       -0.31481      76.39581
	       D(20,12,25,26)    -182.28199        0.00000       -0.10833    -182.39031
	       D(21,12,25,26)     -68.70965        0.00000       -0.11566     -68.82531
	       D(22,15,14,24)      -0.06330       -0.00000       -0.05552      -0.11882
	-------------------------------------------------------------------------------

	                                 ==> Convergence Check <==                                  
    
	Measures of convergence in internal coordinates in au.
    
	Criteria marked as inactive (o), active & met (*), and active & unmet ( ).

	----------------------------------------------------------------------------------------------
	   Step    Total Energy     Delta E     Max Force     RMS Force      Max Disp      RMS Disp   
	----------------------------------------------------------------------------------------------
	  Convergence Criteria     1.00e-06 *    3.00e-04 *             o    1.20e-03 *             o
	----------------------------------------------------------------------------------------------
	     9   -1102.17797905    9.13e-06      3.51e-04      7.71e-05 o    1.91e-02      2.97e-03 o  ~
	----------------------------------------------------------------------------------------------

Next Geometry in Ang 
	Fragment 1 (Ang)

	    C  -3.1257450807  -0.9086445825   1.7942896359
	    N  -4.4200582673  -0.9530902774   2.0031536846
	    C  -5.2083155286  -0.6378700919   0.9441916742
	    N  -4.8200314398  -0.2939945784  -0.2564438125
	    C  -3.4786268018  -0.2460957207  -0.4732795968
	    C  -2.5471864716  -0.5573130477   0.5490922178
	    C  -1.1580337401  -0.5028910826   0.3356564097
	    C  -0.6655242342  -0.1459365622  -0.9150717725
	    N   0.6547865494  -0.0491635618  -1.2388666995
	    C   1.8259259854  -0.3503599990  -0.4367441986
	    C   3.0236644608  -0.0960723159  -1.0897892131
	    C   4.3077832672  -0.3461332893  -0.4165985624
	    O   1.6435286101  -0.7989147555   0.7150609626
	    C  -1.6173776224   0.1599754353  -1.9441445227
	    C  -2.9655362906   0.1153259523  -1.7410616767
	    H  -6.2789508502  -0.6781439630   1.1266871897
	    H  -0.4535667594  -0.7452588464   1.1202504917
	    H   0.8572061533   0.2340206061  -2.1833775779
	    H   3.0284659439   0.3591838421  -2.0762466150
	    H   5.0845405638  -0.7263714955  -1.0872384976
	    H   4.1743597693  -1.0535082268   0.4041901021
	    H  -3.6638149532   0.3527024015  -2.5359151726
	    H  -2.4760139635  -1.1574553683   2.6319642919
	    H  -1.2380598986   0.4376899954  -2.9244693701
	    S   5.1600857953   1.1592420974   0.3419862895
	    C   3.7951067400   1.7617753726   1.3682777559
	    H   3.5707084812   1.0597311399   2.1725507475
	    H   4.0855838954   2.7284882959   1.7847702944
	    H   2.9050956871   1.8790826261   0.7466910033


    Structure for next step:
    Molecular point group: c1
    Full point group: C1

    Geometry (in Angstrom), charge = -1, multiplicity = 1:

    C           -3.125745080705    -0.908644582549     1.794289635871
    N           -4.420058267311    -0.953090277369     2.003153684588
    C           -5.208315528622    -0.637870091944     0.944191674180
    N           -4.820031439802    -0.293994578372    -0.256443812453
    C           -3.478626801814    -0.246095720657    -0.473279596758
    C           -2.547186471570    -0.557313047661     0.549092217785
    C           -1.158033740107    -0.502891082562     0.335656409669
    C           -0.665524234247    -0.145936562239    -0.915071772473
    N            0.654786549365    -0.049163561791    -1.238866699545
    C            1.825925985399    -0.350359999014    -0.436744198557
    C            3.023664460812    -0.096072315910    -1.089789213081
    C            4.307783267231    -0.346133289320    -0.416598562429
    O            1.643528610113    -0.798914755454     0.715060962635
    C           -1.617377622401     0.159975435291    -1.944144522653
    C           -2.965536290637     0.115325952287    -1.741061676738
    H           -6.278950850223    -0.678143963000     1.126687189735
    H           -0.453566759353    -0.745258846350     1.120250491719
    H            0.857206153257     0.234020606108    -2.183377577890
    H            3.028465943896     0.359183842087    -2.076246615015
    H            5.084540563761    -0.726371495478    -1.087238497555
    H            4.174359769301    -1.053508226776     0.404190102120
    H           -3.663814953159     0.352702401509    -2.535915172551
    H           -2.476013963501    -1.157455368251     2.631964291880
    H           -1.238059898600     0.437689995371    -2.924469370132
    S            5.160085795271     1.159242097450     0.341986289540
    C            3.795106740007     1.761775372630     1.368277755877
    H            3.570708481170     1.059731139933     2.172550747469
    H            4.085583895366     2.728488295948     1.784770294410
    H            2.905095687089     1.879082626092     0.746691003348


Scratch directory: /tmp/
gradient() will perform analytic gradient computation.
   => Libint2 <=

    Primary   basis highest AM E, G, H:  7, 6, 3
    Auxiliary basis highest AM E, G, H:  7, 7, 4
    Onebody   basis highest AM E, G, H:  -, -, -
    Solid Harmonics ordering:            Gaussian

*** tstart() called on eristm01.eisai.local
*** at Wed May 20 10:31:41 2026

   => Loading Basis Set <=

    Name: 6-311+G(D,P)
    Role: ORBITAL
    Keyword: BASIS
    atoms 1, 3, 5-8, 10-12, 14-15, 26 entry C          line   129 file /home2/shbae/bucket/covalent/.pixi/envs/default/share/psi4/basis/6-311pg_d_p_.gbs 
    atoms 2, 4, 9                     entry N          line   150 file /home2/shbae/bucket/covalent/.pixi/envs/default/share/psi4/basis/6-311pg_d_p_.gbs 
    atoms 13                          entry O          line   171 file /home2/shbae/bucket/covalent/.pixi/envs/default/share/psi4/basis/6-311pg_d_p_.gbs 
    atoms 16-24, 27-29                entry H          line    42 file /home2/shbae/bucket/covalent/.pixi/envs/default/share/psi4/basis/6-311pg_d_p_.gbs 
    atoms 25                          entry S          line   429 file /home2/shbae/bucket/covalent/.pixi/envs/default/share/psi4/basis/6-311pg_d_p_.gbs 

   => WB97X-D: Empirical Dispersion <=

    Chai and Head-Gordon Dispersion Correction
    Chai, J.-D.; Head-Gordon, M. (2010), J. Chem. Phys., 132: 6615-6620

        s6 =       1.000000


         ---------------------------------------------------------
                                   SCF
               by Justin Turney, Rob Parrish, Andy Simmonett
                          and Daniel G. A. Smith
                              RKS Reference
                        8 Threads,   7629 MiB Core
         ---------------------------------------------------------

  ==> Geometry <==

    Molecular point group: c1
    Full point group: C1

    Geometry (in Angstrom), charge = -1, multiplicity = 1:

       Center              X                  Y                   Z               Mass       
    ------------   -----------------  -----------------  -----------------  -----------------
         C           -3.125745080705    -0.908644582549     1.794289635871    12.000000000000
         N           -4.420058267311    -0.953090277369     2.003153684588    14.003074004430
         C           -5.208315528622    -0.637870091944     0.944191674180    12.000000000000
         N           -4.820031439802    -0.293994578372    -0.256443812453    14.003074004430
         C           -3.478626801814    -0.246095720657    -0.473279596758    12.000000000000
         C           -2.547186471570    -0.557313047661     0.549092217785    12.000000000000
         C           -1.158033740107    -0.502891082562     0.335656409669    12.000000000000
         C           -0.665524234247    -0.145936562239    -0.915071772473    12.000000000000
         N            0.654786549365    -0.049163561791    -1.238866699545    14.003074004430
         C            1.825925985399    -0.350359999014    -0.436744198557    12.000000000000
         C            3.023664460812    -0.096072315910    -1.089789213081    12.000000000000
         C            4.307783267231    -0.346133289320    -0.416598562429    12.000000000000
         O            1.643528610113    -0.798914755454     0.715060962635    15.994914619570
         C           -1.617377622401     0.159975435291    -1.944144522653    12.000000000000
         C           -2.965536290637     0.115325952287    -1.741061676738    12.000000000000
         H           -6.278950850223    -0.678143963000     1.126687189735     1.007825032230
         H           -0.453566759353    -0.745258846350     1.120250491719     1.007825032230
         H            0.857206153257     0.234020606108    -2.183377577890     1.007825032230
         H            3.028465943896     0.359183842087    -2.076246615015     1.007825032230
         H            5.084540563761    -0.726371495478    -1.087238497555     1.007825032230
         H            4.174359769301    -1.053508226776     0.404190102120     1.007825032230
         H           -3.663814953159     0.352702401509    -2.535915172551     1.007825032230
         H           -2.476013963501    -1.157455368251     2.631964291880     1.007825032230
         H           -1.238059898600     0.437689995371    -2.924469370132     1.007825032230
         S            5.160085795271     1.159242097450     0.341986289540    31.972071174400
         C            3.795106740007     1.761775372630     1.368277755877    12.000000000000
         H            3.570708481170     1.059731139933     2.172550747469     1.007825032230
         H            4.085583895366     2.728488295948     1.784770294410     1.007825032230
         H            2.905095687089     1.879082626092     0.746691003348     1.007825032230

  Running in c1 symmetry.

  Rotational constants: A =      0.04123  B =      0.00532  C =      0.00495 [cm^-1]
  Rotational constants: A =   1236.04161  B =    159.42198  C =    148.33673 [MHz]
  Nuclear repulsion = 1189.495952907169567

  Charge       = -1
  Multiplicity = 1
  Electrons    = 130
  Nalpha       = 65
  Nbeta        = 65

  ==> Algorithm <==

  SCF Algorithm Type is DF.
  DIIS enabled.
  MOM disabled.
  Fractional occupation disabled.
  Guess Type is READ.
  Energy threshold   = 1.00e-08
  Density threshold  = 1.00e-08
  Integral threshold = 1.00e-12

  ==> Primary Basis <==

  Basis Set: 6-311+G(D,P)
    Blend: 6-311+G(D,P)
    Number of shells: 222
    Number of basis functions: 454
    Number of Cartesian functions: 471
    Spherical Harmonics?: true
    Max angular momentum: 2

  ==> DFT Potential <==

   => LibXC <=

    Version 7.0.0
    S. Lehtola, C. Steigemann, M. J.T. Oliveira, and M. A.L. Marques.,  SoftwareX 7, 1–5 (2018) (10.1016/j.softx.2017.11.002)

   => Composite Functional: WB97X-D <= 

    wB97X-D Hyb-GGA Exchange-Correlation Functional

    J.-D. Chai and M. Head-Gordon.,  Phys. Chem. Chem. Phys. 10, 6615-6620 (2008) (10.1039/B810189B)

    Deriv               =              1
    GGA                 =           TRUE
    Meta                =          FALSE

    Exchange Hybrid     =           TRUE
    MP2 Hybrid          =          FALSE

   => Exchange-Correlation Functionals <=

    1.0000   wB97X-D range-separated functional

   => Exact (HF) Exchange <=

    0.7780            HF,LR [omega = 0.2000]
    0.2220               HF 

   => LibXC Density Thresholds  <==

    XC_HYB_GGA_XC_WB97X_D:  1.00E-14 

   => Molecular Quadrature <=

    Radial Scheme          =       TREUTLER
    Pruning Scheme         =           NONE
    Nuclear Scheme         =       TREUTLER

    Blocking Scheme        =         OCTREE
    BS radius alpha        =              1
    Pruning alpha          =              1
    Radial Points          =             75
    Spherical Points       =            302
    Total Points           =         606011
    Total Blocks           =           4350
    Max Points             =            256
    Max Functions          =            332
    Weights Tolerance      =       1.00E-15

   => Loading Basis Set <=

    Name: (6-311+G(D,P) AUX)
    Role: JKFIT
    Keyword: DF_BASIS_SCF
    atoms 1, 3, 5-8, 10-12, 14-15, 26 entry C          line   200 file /home2/shbae/bucket/covalent/.pixi/envs/default/share/psi4/basis/heavy-aug-cc-pvtz-jkfit.gbs 
    atoms 2, 4, 9                     entry N          line   262 file /home2/shbae/bucket/covalent/.pixi/envs/default/share/psi4/basis/heavy-aug-cc-pvtz-jkfit.gbs 
    atoms 13                          entry O          line   324 file /home2/shbae/bucket/covalent/.pixi/envs/default/share/psi4/basis/heavy-aug-cc-pvtz-jkfit.gbs 
    atoms 16-24, 27-29                entry H          line   116 file /home2/shbae/bucket/covalent/.pixi/envs/default/share/psi4/basis/heavy-aug-cc-pvtz-jkfit.gbs 
    atoms 25                          entry S          line   768 file /home2/shbae/bucket/covalent/.pixi/envs/default/share/psi4/basis/heavy-aug-cc-pvtz-jkfit.gbs 

   => Loading Basis Set <=

    Name: 6-311+G(D,P)
    Role: ORBITAL
    Keyword: BASIS
    atoms 1, 3, 5-8, 10-12, 14-15, 26 entry C          line   129 file /home2/shbae/bucket/covalent/.pixi/envs/default/share/psi4/basis/6-311pg_d_p_.gbs 
    atoms 2, 4, 9                     entry N          line   150 file /home2/shbae/bucket/covalent/.pixi/envs/default/share/psi4/basis/6-311pg_d_p_.gbs 
    atoms 13                          entry O          line   171 file /home2/shbae/bucket/covalent/.pixi/envs/default/share/psi4/basis/6-311pg_d_p_.gbs 
    atoms 16-24, 27-29                entry H          line    42 file /home2/shbae/bucket/covalent/.pixi/envs/default/share/psi4/basis/6-311pg_d_p_.gbs 
    atoms 25                          entry S          line   429 file /home2/shbae/bucket/covalent/.pixi/envs/default/share/psi4/basis/6-311pg_d_p_.gbs 

  Reading orbitals from file /tmp/4_intermediate.default.2248151.180.npy, no projection.

  ==> Integral Setup <==

  ==> DiskDFJK: Density-Fitted J/K Matrices <==

    J tasked:                  Yes
    K tasked:                  Yes
    wK tasked:                 Yes
    Omega:               2.000E-01
    OpenMP threads:              8
    Integrals threads:           8
    Memory [MiB]:             1467
    Algorithm:                Disk
    Integral Cache:           NONE
    Schwarz Cutoff:          1E-12
    Fitting Condition:       1E-10

   => Auxiliary Basis Set <=

  Basis Set: (6-311+G(D,P) AUX)
    Blend: HEAVY-AUG-CC-PVTZ-JKFIT
    Number of shells: 642
    Number of basis functions: 2170
    Number of Cartesian functions: 2696
    Spherical Harmonics?: true
    Max angular momentum: 4

  Cached 50.0% of DFT collocation blocks in 2.057 [GiB].

  Minimum eigenvalue in the overlap matrix is 1.7214815381E-07.
  Reciprocal condition number of the overlap matrix is 1.1855129732E-08.
    Using symmetric orthogonalization.

  ==> Pre-Iterations <==

  SCF Guess: Orbitals guess was supplied from a previous computation.

   -------------------------------------------------------
    Irrep   Nso     Nmo     Nalpha   Nbeta   Ndocc  Nsocc
   -------------------------------------------------------
     A        454     454      65      65      65       0
   -------------------------------------------------------
    Total     454     454      65      65      65       0
   -------------------------------------------------------

  ==> Iterations <==

                           Total Energy        Delta E     RMS |[F,P]|

   @DF-RKS iter   0: -1102.17205398453052   -1.10217e+03   1.40848e-04 
   @DF-RKS iter   1: -1102.17789650823715   -5.84252e-03   1.80543e-05 DIIS
   @DF-RKS iter   2: -1102.17793714858817   -4.06404e-05   1.64873e-05 DIIS
   @DF-RKS iter   3: -1102.17796438254254   -2.72340e-05   4.04778e-06 DIIS
   @DF-RKS iter   4: -1102.17796657755548   -2.19501e-06   2.25083e-06 DIIS
   @DF-RKS iter   5: -1102.17796710340690   -5.25851e-07   6.07994e-07 DIIS
   @DF-RKS iter   6: -1102.17796715010809   -4.67012e-08   2.43915e-07 DIIS
   @DF-RKS iter   7: -1102.17796716015869   -1.00506e-08   9.01330e-08 DIIS
   @DF-RKS iter   8: -1102.17796716193448   -1.77579e-09   4.01606e-08 DIIS
   @DF-RKS iter   9: -1102.17796716227235   -3.37877e-10   1.01552e-08 DIIS
   @DF-RKS iter  10: -1102.17796716231351   -4.11546e-11   5.83490e-09 DIIS
  Energy and wave function converged.


  ==> Post-Iterations <==

   Electrons on quadrature grid:
      Ntotal   =  129.9998917763 ; deviation = -1.082e-04 

    Orbital Energies [Eh]
    ---------------------

    Doubly Occupied:                                                      

       1A    -88.864181     2A    -19.038946     3A    -14.341106  
       4A    -14.340997     5A    -14.331861     6A    -10.250027  
       7A    -10.240099     8A    -10.235999     9A    -10.229600  
      10A    -10.222313    11A    -10.205491    12A    -10.204772  
      13A    -10.200071    14A    -10.172359    15A    -10.171650  
      16A    -10.170997    17A    -10.100403    18A     -7.904720  
      19A     -5.853859    20A     -5.850235    21A     -5.843967  
      22A     -0.994029    23A     -0.971902    24A     -0.910042  
      25A     -0.898220    26A     -0.846892    27A     -0.775854  
      28A     -0.763222    29A     -0.744565    30A     -0.700731  
      31A     -0.668287    32A     -0.651093    33A     -0.624432  
      34A     -0.606831    35A     -0.561116    36A     -0.538513  
      37A     -0.527080    38A     -0.518761    39A     -0.489803  
      40A     -0.454308    41A     -0.444096    42A     -0.430356  
      43A     -0.423828    44A     -0.422120    45A     -0.407161  
      46A     -0.396477    47A     -0.390945    48A     -0.381371  
      49A     -0.377323    50A     -0.356039    51A     -0.349852  
      52A     -0.341059    53A     -0.333893    54A     -0.313787  
      55A     -0.308871    56A     -0.302437    57A     -0.292340  
      58A     -0.268196    59A     -0.258768    60A     -0.240593  
      61A     -0.235574    62A     -0.185656    63A     -0.173942  
      64A     -0.165018    65A     -0.103701  

    Virtual:                                                              

      66A      0.097516    67A      0.137557    68A      0.141329  
      69A      0.148575    70A      0.159800    71A      0.165501  
      72A      0.167726    73A      0.169589    74A      0.172591  
      75A      0.182124    76A      0.186205    77A      0.191022  
      78A      0.194460    79A      0.197680    80A      0.206189  
      81A      0.211766    82A      0.218521    83A      0.221236  
      84A      0.221959    85A      0.228516    86A      0.232964  
      87A      0.237003    88A      0.241400    89A      0.245350  
      90A      0.246223    91A      0.256809    92A      0.258952  
      93A      0.264751    94A      0.265501    95A      0.268794  
      96A      0.274948    97A      0.276600    98A      0.283822  
      99A      0.287681   100A      0.292478   101A      0.295745  
     102A      0.297706   103A      0.303898   104A      0.307439  
     105A      0.314326   106A      0.320548   107A      0.325614  
     108A      0.329105   109A      0.329322   110A      0.334521  
     111A      0.337294   112A      0.339003   113A      0.344745  
     114A      0.350031   115A      0.352393   116A      0.359414  
     117A      0.365855   118A      0.367709   119A      0.367831  
     120A      0.371568   121A      0.376495   122A      0.380710  
     123A      0.381980   124A      0.385811   125A      0.390206  
     126A      0.392310   127A      0.395766   128A      0.401442  
     129A      0.406401   130A      0.409460   131A      0.413001  
     132A      0.415218   133A      0.424182   134A      0.429086  
     135A      0.432091   136A      0.435429   137A      0.437640  
     138A      0.441289   139A      0.447180   140A      0.448706  
     141A      0.456489   142A      0.458592   143A      0.461839  
     144A      0.470713   145A      0.479280   146A      0.488208  
     147A      0.489974   148A      0.496152   149A      0.500357  
     150A      0.510820   151A      0.511683   152A      0.518892  
     153A      0.521630   154A      0.530647   155A      0.531171  
     156A      0.537799   157A      0.542074   158A      0.545403  
     159A      0.552796   160A      0.558075   161A      0.567552  
     162A      0.578581   163A      0.594880   164A      0.603035  
     165A      0.606900   166A      0.625423   167A      0.634931  
     168A      0.642389   169A      0.659522   170A      0.680847  
     171A      0.686761   172A      0.709685   173A      0.712897  
     174A      0.719087   175A      0.720630   176A      0.729678  
     177A      0.732388   178A      0.734155   179A      0.741524  
     180A      0.752465   181A      0.766158   182A      0.768736  
     183A      0.771522   184A      0.776476   185A      0.795461  
     186A      0.802941   187A      0.806009   188A      0.818467  
     189A      0.825043   190A      0.833121   191A      0.841792  
     192A      0.849315   193A      0.859784   194A      0.872157  
     195A      0.881770   196A      0.885060   197A      0.890680  
     198A      0.896099   199A      0.905244   200A      0.907521  
     201A      0.912431   202A      0.915360   203A      0.928323  
     204A      0.934583   205A      0.935844   206A      0.950307  
     207A      0.961833   208A      0.969165   209A      0.976964  
     210A      0.980297   211A      0.985478   212A      0.996345  
     213A      1.002033   214A      1.017070   215A      1.033388  
     216A      1.042988   217A      1.048651   218A      1.063048  
     219A      1.074578   220A      1.079697   221A      1.080749  
     222A      1.086295   223A      1.092214   224A      1.104638  
     225A      1.112950   226A      1.120566   227A      1.123806  
     228A      1.130188   229A      1.131791   230A      1.139851  
     231A      1.159090   232A      1.164834   233A      1.172981  
     234A      1.176182   235A      1.182997   236A      1.188020  
     237A      1.194782   238A      1.212048   239A      1.228763  
     240A      1.234081   241A      1.242666   242A      1.250843  
     243A      1.276173   244A      1.285259   245A      1.287806  
     246A      1.302957   247A      1.305516   248A      1.322655  
     249A      1.327759   250A      1.334968   251A      1.344019  
     252A      1.348903   253A      1.355230   254A      1.384958  
     255A      1.392373   256A      1.399294   257A      1.418809  
     258A      1.424688   259A      1.477609   260A      1.485642  
     261A      1.504741   262A      1.523917   263A      1.554029  
     264A      1.558488   265A      1.562208   266A      1.584376  
     267A      1.611482   268A      1.671348   269A      1.683425  
     270A      1.686361   271A      1.710282   272A      1.717221  
     273A      1.718730   274A      1.728699   275A      1.740720  
     276A      1.751764   277A      1.757400   278A      1.764752  
     279A      1.769484   280A      1.777773   281A      1.801117  
     282A      1.814741   283A      1.824309   284A      1.838182  
     285A      1.842880   286A      1.848962   287A      1.861106  
     288A      1.874162   289A      1.882383   290A      1.895060  
     291A      1.912255   292A      1.917203   293A      1.923837  
     294A      1.924369   295A      1.946621   296A      1.948650  
     297A      1.961890   298A      1.981159   299A      1.986447  
     300A      1.996768   301A      2.014552   302A      2.028951  
     303A      2.037110   304A      2.060400   305A      2.061080  
     306A      2.071970   307A      2.076533   308A      2.085129  
     309A      2.116910   310A      2.133474   311A      2.147039  
     312A      2.159592   313A      2.166513   314A      2.175731  
     315A      2.185877   316A      2.203682   317A      2.214883  
     318A      2.223518   319A      2.243991   320A      2.247828  
     321A      2.253223   322A      2.281376   323A      2.295807  
     324A      2.311057   325A      2.319197   326A      2.338146  
     327A      2.355657   328A      2.382793   329A      2.396352  
     330A      2.433521   331A      2.446231   332A      2.461497  
     333A      2.467676   334A      2.475265   335A      2.494234  
     336A      2.501849   337A      2.530343   338A      2.531953  
     339A      2.548557   340A      2.585486   341A      2.604120  
     342A      2.616096   343A      2.644321   344A      2.661906  
     345A      2.676716   346A      2.698967   347A      2.700573  
     348A      2.722922   349A      2.758131   350A      2.771639  
     351A      2.776887   352A      2.791449   353A      2.797369  
     354A      2.814544   355A      2.831269   356A      2.850305  
     357A      2.863775   358A      2.882376   359A      2.888059  
     360A      2.903008   361A      2.916523   362A      2.923819  
     363A      2.938984   364A      2.953946   365A      2.964336  
     366A      2.989304   367A      2.992465   368A      2.999335  
     369A      3.019135   370A      3.037627   371A      3.043497  
     372A      3.057749   373A      3.067336   374A      3.075623  
     375A      3.086088   376A      3.110015   377A      3.130027  
     378A      3.133159   379A      3.143012   380A      3.152172  
     381A      3.169976   382A      3.173778   383A      3.184498  
     384A      3.222371   385A      3.227297   386A      3.232153  
     387A      3.245570   388A      3.289386   389A      3.327851  
     390A      3.381585   391A      3.416930   392A      3.438527  
     393A      3.452659   394A      3.518473   395A      3.531010  
     396A      3.550926   397A      3.590614   398A      3.609103  
     399A      3.616393   400A      3.640390   401A      3.696942  
     402A      3.726150   403A      3.757759   404A      3.804675  
     405A      3.814744   406A      3.848795   407A      3.863584  
     408A      3.914539   409A      3.953741   410A      3.966933  
     411A      3.989269   412A      4.029901   413A      4.103117  
     414A      4.113224   415A      4.134079   416A      4.142626  
     417A      4.162383   418A      4.185978   419A      4.268355  
     420A      4.288254   421A      4.397833   422A      4.480092  
     423A      4.569395   424A      4.623266   425A      4.705229  
     426A      5.044361   427A      5.093868   428A      5.180241  
     429A      5.355696   430A      5.381418   431A      5.508421  
     432A      5.605917   433A      6.097350   434A      8.156244  
     435A     17.619898   436A     17.728336   437A     17.741909  
     438A     23.877730   439A     24.064705   440A     24.128092  
     441A     24.168671   442A     24.173734   443A     24.183234  
     444A     24.210177   445A     24.223764   446A     24.259062  
     447A     24.360512   448A     24.377955   449A     24.427716  
     450A     35.875319   451A     35.909455   452A     35.929119  
     453A     50.352212   454A    189.402344  

    Final Occupation by Irrep:
              A 
    DOCC [    65 ]
    NA   [    65 ]
    NB   [    65 ]

  @DF-RKS Final Energy: -1102.17796716231351

   => Energetics <=

    Nuclear Repulsion Energy =           1189.4959529071695670
    One-Electron Energy =               -3884.0989876537687451
    Two-Electron Energy =                1679.6373622308340146
    DFT Exchange-Correlation Energy =     -87.1951911166312925
    Empirical Dispersion Energy =          -0.0171035299166925
    VV10 Nonlocal Energy =                  0.0000000000000000
    Total Energy =                      -1102.1779671623135073

Computation Completed


Properties will be evaluated at   0.000000,   0.000000,   0.000000 [a0]

Properties computed using the SCF density matrix


 Multipole Moments:

 ------------------------------------------------------------------------------------
     Multipole            Electronic (a.u.)      Nuclear  (a.u.)        Total (a.u.)
 ------------------------------------------------------------------------------------

 L = 1.  Multiply by 2.5417464519 to convert [e a0] to [Debye]
 Dipole X            :          1.1807970           -3.1655905           -1.9847934
 Dipole Y            :          9.4327723           -8.9808516            0.4519207
 Dipole Z            :         -4.3442122            3.3560333           -0.9881789
 Magnitude           :                                                    2.2627715

 ------------------------------------------------------------------------------------

*** tstop() called on eristm01.eisai.local at Wed May 20 10:32:28 2026
Module time:
	user time   =     341.20 seconds =       5.69 minutes
	system time =      15.05 seconds =       0.25 minutes
	total time  =         47 seconds =       0.78 minutes
Total time:
	user time   =   50520.32 seconds =     842.01 minutes
	system time =    1768.64 seconds =      29.48 minutes
	total time  =       7214 seconds =     120.23 minutes

*** tstart() called on eristm01.eisai.local
*** at Wed May 20 10:32:28 2026


         ------------------------------------------------------------
                                   SCF GRAD                          
                          Rob Parrish, Justin Turney,                
                       Andy Simmonett, and Alex Sokolov              
         ------------------------------------------------------------

  ==> Geometry <==

    Molecular point group: c1
    Full point group: C1

    Geometry (in Angstrom), charge = -1, multiplicity = 1:

       Center              X                  Y                   Z               Mass       
    ------------   -----------------  -----------------  -----------------  -----------------
         C           -3.125745080705    -0.908644582549     1.794289635871    12.000000000000
         N           -4.420058267311    -0.953090277369     2.003153684588    14.003074004430
         C           -5.208315528622    -0.637870091944     0.944191674180    12.000000000000
         N           -4.820031439802    -0.293994578372    -0.256443812453    14.003074004430
         C           -3.478626801814    -0.246095720657    -0.473279596758    12.000000000000
         C           -2.547186471570    -0.557313047661     0.549092217785    12.000000000000
         C           -1.158033740107    -0.502891082562     0.335656409669    12.000000000000
         C           -0.665524234247    -0.145936562239    -0.915071772473    12.000000000000
         N            0.654786549365    -0.049163561791    -1.238866699545    14.003074004430
         C            1.825925985399    -0.350359999014    -0.436744198557    12.000000000000
         C            3.023664460812    -0.096072315910    -1.089789213081    12.000000000000
         C            4.307783267231    -0.346133289320    -0.416598562429    12.000000000000
         O            1.643528610113    -0.798914755454     0.715060962635    15.994914619570
         C           -1.617377622401     0.159975435291    -1.944144522653    12.000000000000
         C           -2.965536290637     0.115325952287    -1.741061676738    12.000000000000
         H           -6.278950850223    -0.678143963000     1.126687189735     1.007825032230
         H           -0.453566759353    -0.745258846350     1.120250491719     1.007825032230
         H            0.857206153257     0.234020606108    -2.183377577890     1.007825032230
         H            3.028465943896     0.359183842087    -2.076246615015     1.007825032230
         H            5.084540563761    -0.726371495478    -1.087238497555     1.007825032230
         H            4.174359769301    -1.053508226776     0.404190102120     1.007825032230
         H           -3.663814953159     0.352702401509    -2.535915172551     1.007825032230
         H           -2.476013963501    -1.157455368251     2.631964291880     1.007825032230
         H           -1.238059898600     0.437689995371    -2.924469370132     1.007825032230
         S            5.160085795271     1.159242097450     0.341986289540    31.972071174400
         C            3.795106740007     1.761775372630     1.368277755877    12.000000000000
         H            3.570708481170     1.059731139933     2.172550747469     1.007825032230
         H            4.085583895366     2.728488295948     1.784770294410     1.007825032230
         H            2.905095687089     1.879082626092     0.746691003348     1.007825032230

  Nuclear repulsion = 1189.495952907169567

  ==> Basis Set <==

  Basis Set: 6-311+G(D,P)
    Blend: 6-311+G(D,P)
    Number of shells: 222
    Number of basis functions: 454
    Number of Cartesian functions: 471
    Spherical Harmonics?: true
    Max angular momentum: 2

  ==> DFJKGrad: Density-Fitted SCF Gradients <==

    Gradient:                    1
    J tasked:                  Yes
    K tasked:                  Yes
    wK tasked:                 Yes
    Omega:               2.000E-01
    OpenMP threads:              8
    Integrals threads:           8
    Memory [MiB]:             5722
    Schwarz Cutoff:          1E-12
    Fitting Condition:       1E-10

   => Auxiliary Basis Set <=

  Basis Set: (6-311+G(D,P) AUX)
    Blend: HEAVY-AUG-CC-PVTZ-JKFIT
    Number of shells: 642
    Number of basis functions: 2170
    Number of Cartesian functions: 2696
    Spherical Harmonics?: true
    Max angular momentum: 4

  ==> DFT Potential <==

   => LibXC <=

    Version 7.0.0
    S. Lehtola, C. Steigemann, M. J.T. Oliveira, and M. A.L. Marques.,  SoftwareX 7, 1–5 (2018) (10.1016/j.softx.2017.11.002)

   => Composite Functional: WB97X-D <= 

    wB97X-D Hyb-GGA Exchange-Correlation Functional

    J.-D. Chai and M. Head-Gordon.,  Phys. Chem. Chem. Phys. 10, 6615-6620 (2008) (10.1039/B810189B)

    Deriv               =              1
    GGA                 =           TRUE
    Meta                =          FALSE

    Exchange Hybrid     =           TRUE
    MP2 Hybrid          =          FALSE

   => Exchange-Correlation Functionals <=

    1.0000   wB97X-D range-separated functional

   => Exact (HF) Exchange <=

    0.7780            HF,LR [omega = 0.2000]
    0.2220               HF 

   => LibXC Density Thresholds  <==

    XC_HYB_GGA_XC_WB97X_D:  1.00E-14 

   => Molecular Quadrature <=

    Radial Scheme          =       TREUTLER
    Pruning Scheme         =           NONE
    Nuclear Scheme         =       TREUTLER

    Blocking Scheme        =         OCTREE
    BS radius alpha        =              1
    Pruning alpha          =              1
    Radial Points          =             75
    Spherical Points       =            302
    Total Points           =         606011
    Total Blocks           =           4350
    Max Points             =            256
    Max Functions          =            332
    Weights Tolerance      =       1.00E-15


  -Total Gradient:
     Atom            X                  Y                   Z
    ------   -----------------  -----------------  -----------------
       1        0.000039202980     0.000033540566    -0.000110248496
       2       -0.000008190529    -0.000005786516     0.000011480629
       3        0.000034817580    -0.000097128592     0.000303750668
       4        0.000150676987     0.000104353186    -0.000261161486
       5       -0.000297426072     0.000056755038    -0.000118924046
       6        0.000302266403    -0.000066774952     0.000156071479
       7       -0.000183876026     0.000005235888     0.000092380177
       8        0.000059975246    -0.000172446465    -0.000322669106
       9       -0.000192161488     0.000466706166     0.000190213594
      10        0.000160029524    -0.000117932494    -0.000128979101
      11       -0.000109803887     0.000083615400     0.000121020268
      12       -0.000168789355    -0.000102061502    -0.000116809190
      13        0.000017051807    -0.000067102189     0.000060467635
      14        0.000127752959     0.000000885586     0.000037182770
      15        0.000033609933     0.000006560322     0.000171205466
      16        0.000032448865     0.000027424283     0.000002636250
      17        0.000106041763    -0.000034328409     0.000004071665
      18        0.000078848345    -0.000068099179    -0.000057873188
      19        0.000060663973    -0.000071600489    -0.000193729660
      20        0.000040030614    -0.000013965282    -0.000054355527
      21        0.000059437101    -0.000050019282    -0.000032051995
      22       -0.000042320506     0.000051604804    -0.000022427847
      23        0.000049086475    -0.000066962661     0.000021171811
      24       -0.000004592275     0.000050017290    -0.000038466607
      25        0.000263036540     0.000004460703    -0.000118568021
      26       -0.000135047280    -0.000142030354     0.000026511308
      27        0.000081165939    -0.000044138335     0.000043830098
      28        0.000017838566     0.000005915015     0.000045295490
      29        0.000025546478    -0.000009528301    -0.000083512869


*** tstop() called on eristm01.eisai.local at Wed May 20 10:32:47 2026
Module time:
	user time   =     134.87 seconds =       2.25 minutes
	system time =       1.69 seconds =       0.03 minutes
	total time  =         19 seconds =       0.32 minutes
Total time:
	user time   =   50655.20 seconds =     844.25 minutes
	system time =    1770.33 seconds =      29.51 minutes
	total time  =       7233 seconds =     120.55 minutes

    			-----------------------------------------

    			 OPTKING 3.0: for geometry optimizations 

    			     By R.A. King, Bethel University     

    			        with contributions from          

    			    A.V. Copan, J. Cayton, A. Heide      

    			-----------------------------------------

    
	                            ===> Fragment 1 <== 

	 Z (Atomic Numbers)          Masses                          Geom                  
	       6.000000            12.000000         -5.90680214 -1.71708941  3.39071600   
	       7.000000            14.003074         -8.35269958 -1.80107960  3.78541185   
	       6.000000            12.000000         -9.84228992 -1.20539978  1.78426367   
	       7.000000            14.003074         -9.10853934 -0.55556924 -0.48460857   
	       6.000000            12.000000         -6.57365195 -0.46505351 -0.89436882   
	       6.000000            12.000000         -4.81348482 -1.05316903  1.03763391   
	       6.000000            12.000000         -2.18836661 -0.95032642  0.63429869   
	       6.000000            12.000000         -1.25765853 -0.27578013 -1.72923504   
	       7.000000            14.003074          1.23736725 -0.09290567 -2.34111877   
	       6.000000            12.000000          3.45050004 -0.66208444 -0.82532692   
	       6.000000            12.000000          5.71389773 -0.18155037 -2.05940315   
	       6.000000            12.000000          8.14053058 -0.65409712 -0.78725719   
	       8.000000            15.994915          3.10581895 -1.50973009  1.35126938   
	       6.000000            12.000000         -3.05640075  0.30230976 -3.67390070   
	       6.000000            12.000000         -5.60405140  0.21793446 -3.29012974   
	       1.000000             1.007825        -11.86549746  -1.28150636   2.12913022 
	       1.000000             1.007825         -0.85711695 -1.40833511  2.11696662   
	       1.000000             1.007825          1.61988486  0.44223485 -4.12598565   
	       1.000000             1.007825          5.72297121  0.67875909 -3.92353747   
	       1.000000             1.007825          9.60838914 -1.37264319 -2.05458299   
	       1.000000             1.007825          7.88839671 -1.99084202  0.76380860   
	       1.000000             1.007825         -6.92360684  0.66651094 -4.79218515   
	       1.000000             1.007825         -4.67898827 -2.18727365  4.97369168   
	       1.000000             1.007825         -2.33959414  0.82711422 -5.52644617   
	      16.000000            31.972071          9.75114894  2.19065008  0.64626043   
	       6.000000            12.000000          7.17171236  3.32927295  2.58567022   
	       1.000000             1.007825          6.74766110  2.00260162  4.10552591   
	       1.000000             1.007825          7.72063462  5.15609562  3.37272705   
	       1.000000             1.007825          5.48983522  3.55095153  1.41104150   

	 - Coordinate -           - BOHR/RAD -       - ANG/DEG -
	 H(2,23)          =         3.880375           2.053406
	 H(13,17)         =         4.037503           2.136555
	 R(1,2)           =         2.478962           1.311810
	 R(1,6)           =         2.678270           1.417279
	 R(1,23)          =         2.057769           1.088924
	 R(2,3)           =         2.564821           1.357245
	 R(3,4)           =         2.471528           1.307876
	 R(3,16)          =         2.053800           1.086824
	 R(4,5)           =         2.569387           1.359661
	 R(5,6)           =         2.678937           1.417632
	 R(5,15)          =         2.673250           1.414623
	 R(6,7)           =         2.657913           1.406507
	 R(7,8)           =         2.628216           1.390792
	 R(7,17)          =         2.044579           1.081944
	 R(8,9)           =         2.575461           1.362875
	 R(8,14)          =         2.711344           1.434781
	 R(9,10)          =         2.742179           1.451099
	 R(9,18)          =         1.902221           1.006612
	 R(10,11)         =         2.622370           1.387699
	 R(10,13)         =         2.361118           1.249450
	 R(11,12)         =         2.780324           1.471284
	 R(11,19)         =         2.053098           1.086453
	 R(12,20)         =         2.068099           1.094391
	 R(12,21)         =         2.063071           1.091730
	 R(12,25)         =         3.569545           1.888922
	 R(14,15)         =         2.577775           1.364100
	 R(14,24)         =         2.054545           1.087219
	 R(15,22)         =         2.049053           1.084312
	 R(25,26)         =         3.422173           1.810936
	 R(26,27)         =         2.061513           1.090906
	 R(26,28)         =         2.063506           1.091960
	 R(26,29)         =         2.063396           1.091902
	 B(1,2,3)         =         2.027437         116.163579
	 B(1,6,5)         =         2.004048         114.823477
	 B(1,6,7)         =         2.148494         123.099632
	 B(2,1,6)         =         2.154428         123.439638
	 B(2,1,23)        =         2.047093         117.289770
	 B(2,3,4)         =         2.220432         127.221362
	 B(2,3,16)        =         2.018068         115.626761
	 B(3,4,5)         =         2.035948         116.651256
	 B(4,3,16)        =         2.044685         117.151838
	 B(4,5,6)         =         2.124065         121.699938
	 B(4,5,15)        =         2.105701         120.647762
	 B(5,6,7)         =         2.130576         122.073011
	 B(5,15,14)       =         2.094686         120.016662
	 B(5,15,22)       =         2.070667         118.640498
	 B(6,1,23)        =         2.081665         119.270592
	 B(6,5,15)        =         2.053414         117.651951
	 B(6,7,8)         =         2.089955         119.745576
	 B(6,7,17)        =         2.122768         121.625624
	 B(7,8,9)         =         2.183329         125.095560
	 B(7,8,14)        =         2.054199         117.696944
	 B(8,7,17)        =         2.070381         118.624080
	 B(8,9,10)        =         2.259839         129.479227
	 B(8,9,18)        =         2.023847         115.957896
	 B(8,14,15)       =         2.143496         122.813250
	 B(8,14,24)       =         2.059771         118.016159
	 B(9,8,14)        =         2.045588         117.203547
	 B(9,10,11)       =         1.980597         113.479836
	 B(9,10,13)       =         2.055864         117.792323
	 B(10,9,18)       =         1.998482         114.504579
	 B(10,11,12)      =         2.102319         120.453979
	 B(10,11,19)      =         2.103521         120.522860
	 B(11,10,13)      =         2.246700         128.726412
	 B(11,12,20)      =         1.980280         113.461714
	 B(11,12,21)      =         1.925655         110.331898
	 B(11,12,25)      =         2.028749         116.238777
	 B(12,11,19)      =         2.074648         118.868580
	 B(12,25,26)      =         1.724052          98.780877
	 B(14,15,22)      =         2.117832         121.342840
	 B(15,14,24)      =         2.079919         119.170584
	 B(20,12,21)      =         1.898992         108.804251
	 B(20,12,25)      =         1.774951         101.697189
	 B(21,12,25)      =         1.843762         105.639798
	 B(25,26,27)      =         1.937714         111.022830
	 B(25,26,28)      =         1.886207         108.071684
	 B(25,26,29)      =         1.904459         109.117466
	 B(27,26,28)      =         1.921168         110.074794
	 B(27,26,29)      =         1.897759         108.733577
	 B(28,26,29)      =         1.916487         109.806629
	 D(1,2,3,4)       =        -0.001991          -0.114093
	 D(1,2,3,16)      =         3.140904         179.960546
	 D(1,6,5,4)       =        -0.005639          -0.323077
	 D(1,6,5,15)      =         3.139685         179.890703
	 D(1,6,7,8)       =        -3.138674        -179.832769
	 D(1,6,7,17)      =         0.016904           0.968545
	 D(2,1,6,5)       =         0.004287           0.245612
	 D(2,1,6,7)       =        -3.149592        -180.458314
	 D(2,3,4,5)       =         0.000634           0.036312
	 D(3,2,1,6)       =        -0.000746          -0.042725
	 D(3,2,1,23)      =         3.140740         179.951123
	 D(3,4,5,6)       =         0.003421           0.195990
	 D(3,4,5,15)      =        -3.142014        -180.024118
	 D(4,5,6,7)       =         3.148100         180.372832
	 D(4,5,15,14)     =        -3.142250        -180.037651
	 D(4,5,15,22)     =        -0.000550          -0.031505
	 D(5,4,3,16)      =        -3.142279        -180.039320
	 D(5,6,1,23)      =        -3.137197        -179.748121
	 D(5,6,7,8)       =        -0.010240          -0.586734
	 D(5,6,7,17)      =        -3.137848        -179.785420
	 D(5,15,14,8)     =        -0.001414          -0.081002
	 D(5,15,14,24)    =        -3.143556        -180.112508
	 D(6,5,15,14)     =        -0.004347          -0.249069
	 D(6,5,15,22)     =        -3.145832        -180.242923
	 D(6,7,8,9)       =         3.132718         179.491536
	 D(6,7,8,14)      =         0.004136           0.236966
	 D(7,6,1,23)      =        -0.007890          -0.452046
	 D(7,6,5,15)      =         0.010238           0.586612
	 D(7,8,9,10)      =         0.066794           3.826989
	 D(7,8,9,18)      =         3.156732         180.867419
	 D(7,8,14,15)     =         0.001586           0.090872
	 D(7,8,14,24)     =         3.143723         180.122033
	 D(8,9,10,11)     =         3.170347         181.647488
	 D(8,9,10,13)     =         0.035680           2.044295
	 D(8,14,15,22)    =        -3.143117        -180.087318
	 D(9,8,7,17)      =        -0.022441          -1.285777
	 D(9,8,14,15)     =         3.155147         180.776629
	 D(9,8,14,24)     =         0.014099           0.807790
	 D(9,10,11,12)    =         3.140523         179.938733
	 D(9,10,11,19)    =         0.078693           4.508773
	 D(10,9,8,14)     =         3.195434         183.084886
	 D(10,11,12,20)   =         2.504246         143.482740
	 D(10,11,12,21)   =         0.368283          21.101061
	 D(10,11,12,25)   =        -1.729777         -99.108943
	 D(11,10,9,18)    =         0.079794           4.571860
	 D(11,12,25,26)   =         0.940310          53.875787
	 D(12,11,10,13)   =        -0.008923          -0.511228
	 D(12,25,26,27)   =         1.164748          66.735121
	 D(12,25,26,28)   =        -3.009886        -172.453741
	 D(12,25,26,29)   =        -0.926611         -53.090897
	 D(13,10,9,18)    =        -3.054873        -175.031333
	 D(13,10,11,19)   =        -3.070753        -175.941188
	 D(14,8,7,17)     =        -3.151023        -180.540347
	 D(14,8,9,18)     =         0.002187           0.125316
	 D(19,11,12,20)   =        -0.715803         -41.012505
	 D(19,11,12,21)   =        -2.851766        -163.394184
	 D(19,11,12,25)   =         1.333358          76.395812
	 D(20,12,25,26)   =        -3.183312        -182.390314
	 D(21,12,25,26)   =        -1.201228         -68.825310
	 D(22,15,14,24)   =        -0.002074          -0.118824


	        --- Internal Coordinate Step in ANG or DEG, aJ/ANG or AJ/DEG ---
	-------------------------------------------------------------------------------
	           Coordinate      Previous         Force          Change          New 
	           ----------      --------        ------          ------        ------
	              H(2,23)       2.05341       -0.00004        0.00006       2.05346
	             H(13,17)       2.13655        0.00035        0.00036       2.13691
	               R(1,2)       1.31181       -0.00008       -0.00001       1.31180
	               R(1,6)       1.41728        0.00047        0.00008       1.41736
	              R(1,23)       1.08892       -0.00029       -0.00003       1.08889
	               R(2,3)       1.35724        0.00031        0.00010       1.35734
	               R(3,4)       1.30788       -0.00199       -0.00020       1.30768
	              R(3,16)       1.08682        0.00009        0.00000       1.08683
	               R(4,5)       1.35966        0.00102        0.00015       1.35981
	               R(5,6)       1.41763       -0.00157       -0.00033       1.41730
	              R(5,15)       1.41462        0.00034        0.00006       1.41469
	               R(6,7)       1.40651        0.00117        0.00021       1.40672
	               R(7,8)       1.39079       -0.00099       -0.00018       1.39061
	              R(7,17)       1.08194       -0.00041       -0.00007       1.08187
	               R(8,9)       1.36288        0.00074        0.00011       1.36298
	              R(8,14)       1.43478        0.00060        0.00013       1.43491
	              R(9,10)       1.45110       -0.00057       -0.00010       1.45100
	              R(9,18)       1.00661       -0.00025       -0.00003       1.00658
	             R(10,11)       1.38770        0.00086        0.00008       1.38777
	             R(10,13)       1.24945       -0.00076       -0.00002       1.24943
	             R(11,12)       1.47128        0.00039        0.00005       1.47133
	             R(11,19)       1.08645       -0.00095       -0.00016       1.08629
	             R(12,20)       1.09439       -0.00013        0.00001       1.09440
	             R(12,21)       1.09173       -0.00022       -0.00004       1.09170
	             R(12,25)       1.88892       -0.00050       -0.00043       1.88849
	             R(14,15)       1.36410       -0.00060       -0.00010       1.36400
	             R(14,24)       1.08722       -0.00032       -0.00005       1.08716
	             R(15,22)       1.08431       -0.00051       -0.00008       1.08423
	             R(25,26)       1.81094       -0.00152       -0.00047       1.81047
	             R(26,27)       1.09091       -0.00030       -0.00004       1.09086
	             R(26,28)       1.09196       -0.00053       -0.00007       1.09189
	             R(26,29)       1.09190       -0.00043       -0.00004       1.09187
	             B(1,2,3)     116.16358        0.00000       -0.00560     116.15798
	             B(1,6,5)     114.82348        0.00000        0.00830     114.83178
	             B(1,6,7)     123.09963       -0.00000       -0.01282     123.08681
	             B(2,1,6)     123.43964       -0.00000       -0.00185     123.43779
	            B(2,1,23)     117.28977        0.00000        0.00861     117.29838
	             B(2,3,4)     127.22136       -0.00000       -0.00248     127.21888
	            B(2,3,16)     115.62676       -0.00000       -0.00977     115.61699
	             B(3,4,5)     116.65126        0.00001        0.00826     116.65951
	            B(4,3,16)     117.15184        0.00000        0.01227     117.16411
	             B(4,5,6)     121.69994       -0.00000       -0.00667     121.69327
	            B(4,5,15)     120.64776       -0.00000       -0.00533     120.64243
	             B(5,6,7)     122.07301       -0.00000        0.00469     122.07770
	           B(5,15,14)     120.01666       -0.00000       -0.01664     120.00002
	           B(5,15,22)     118.64050        0.00000        0.01372     118.65422
	            B(6,1,23)     119.27059       -0.00000       -0.00677     119.26383
	            B(6,5,15)     117.65195        0.00000        0.01199     117.66394
	             B(6,7,8)     119.74558       -0.00000       -0.00838     119.73719
	            B(6,7,17)     121.62562        0.00000        0.00136     121.62698
	             B(7,8,9)     125.09556        0.00001        0.02699     125.12255
	            B(7,8,14)     117.69694       -0.00000       -0.00171     117.69523
	            B(8,7,17)     118.62408        0.00000        0.00681     118.63089
	            B(8,9,10)     129.47923       -0.00000       -0.01245     129.46678
	            B(8,9,18)     115.95790       -0.00000       -0.01661     115.94128
	           B(8,14,15)     122.81325        0.00000        0.01019     122.82344
	           B(8,14,24)     118.01616       -0.00000       -0.00861     118.00755
	            B(9,8,14)     117.20355       -0.00001       -0.02474     117.17880
	           B(9,10,11)     113.47984        0.00000        0.00472     113.48455
	           B(9,10,13)     117.79232       -0.00001       -0.01459     117.77774
	           B(10,9,18)     114.50458        0.00001        0.03791     114.54249
	          B(10,11,12)     120.45398        0.00001        0.00434     120.45832
	          B(10,11,19)     120.52286       -0.00001       -0.02725     120.49561
	          B(11,10,13)     128.72641        0.00000        0.00973     128.73614
	          B(11,12,20)     113.46171       -0.00000       -0.01145     113.45027
	          B(11,12,21)     110.33190       -0.00001       -0.02666     110.30524
	          B(11,12,25)     116.23878        0.00001        0.02841     116.26718
	          B(12,11,19)     118.86858        0.00000        0.02003     118.88861
	          B(12,25,26)      98.78088        0.00003        0.05308      98.83396
	          B(14,15,22)     121.34284        0.00000        0.00292     121.34576
	          B(15,14,24)     119.17058        0.00000       -0.00160     119.16898
	          B(20,12,21)     108.80425        0.00000       -0.00081     108.80344
	          B(20,12,25)     101.69719       -0.00000       -0.01020     101.68699
	          B(21,12,25)     105.63980        0.00000        0.02360     105.66340
	          B(25,26,27)     111.02283       -0.00000        0.00483     111.02766
	          B(25,26,28)     108.07168       -0.00001       -0.02245     108.04923
	          B(25,26,29)     109.11747        0.00001        0.01696     109.13442
	          B(27,26,28)     110.07479        0.00000        0.01968     110.09447
	          B(27,26,29)     108.73358       -0.00000       -0.02832     108.70526
	          B(28,26,29)     109.80663        0.00000        0.00982     109.81645
	           D(1,2,3,4)      -0.11409       -0.00000       -0.00198      -0.11607
	          D(1,2,3,16)     179.96055       -0.00000       -0.01459     179.94595
	           D(1,6,5,4)      -0.32308       -0.00000       -0.00682      -0.32990
	          D(1,6,5,15)     179.89070       -0.00000       -0.00188     179.88883
	           D(1,6,7,8)    -179.83277       -0.00000       -0.00539    -179.83816
	          D(1,6,7,17)       0.96854        0.00000        0.01251       0.98106
	           D(2,1,6,5)       0.24561        0.00000        0.00928       0.25489
	           D(2,1,6,7)    -180.45831        0.00000        0.02547    -180.43285
	           D(2,3,4,5)       0.03631        0.00000        0.00415       0.04046
	           D(3,2,1,6)      -0.04272       -0.00000       -0.00519      -0.04792
	          D(3,2,1,23)     179.95112       -0.00000       -0.01350     179.93762
	           D(3,4,5,6)       0.19599        0.00000        0.00074       0.19673
	          D(3,4,5,15)    -180.02412       -0.00000       -0.00431    -180.02843
	           D(4,5,6,7)     180.37283       -0.00000       -0.02269     180.35014
	         D(4,5,15,14)    -180.03765        0.00000        0.01269    -180.02496
	         D(4,5,15,22)      -0.03151        0.00000        0.00880      -0.02271
	          D(5,4,3,16)    -180.03932        0.00000        0.01692    -180.02240
	          D(5,6,1,23)    -179.74812        0.00000        0.01774    -179.73038
	           D(5,6,7,8)      -0.58673        0.00000        0.01196      -0.57478
	          D(5,6,7,17)    -179.78542        0.00000        0.02987    -179.75556
	         D(5,15,14,8)      -0.08100        0.00000        0.00775      -0.07325
	        D(5,15,14,24)    -180.11251       -0.00000       -0.01857    -180.13107
	         D(6,5,15,14)      -0.24907        0.00000        0.00780      -0.24127
	         D(6,5,15,22)    -180.24292        0.00000        0.00391    -180.23902
	           D(6,7,8,9)     179.49154        0.00000        0.05561     179.54715
	          D(6,7,8,14)       0.23697        0.00000        0.00366       0.24063
	          D(7,6,1,23)      -0.45205        0.00000        0.03393      -0.41812
	          D(7,6,5,15)       0.58661       -0.00000       -0.01775       0.56887
	          D(7,8,9,10)       3.82699       -0.00001       -0.13927       3.68772
	          D(7,8,9,18)     180.86742        0.00000        0.09545     180.96287
	         D(7,8,14,15)       0.09087       -0.00000       -0.01375       0.07713
	         D(7,8,14,24)     180.12203        0.00000        0.01228     180.13432
	         D(8,9,10,11)     181.64749        0.00001        0.19168     181.83917
	         D(8,9,10,13)       2.04429        0.00001        0.21020       2.25449
	        D(8,14,15,22)    -180.08732        0.00000        0.01176    -180.07556
	          D(9,8,7,17)      -1.28578        0.00000        0.03820      -1.24758
	         D(9,8,14,15)     180.77663       -0.00000       -0.06189     180.71474
	         D(9,8,14,24)       0.80779       -0.00000       -0.03586       0.77193
	        D(9,10,11,12)     179.93873        0.00000        0.09439     180.03312
	        D(9,10,11,19)       4.50877        0.00001        0.13559       4.64437
	         D(10,9,8,14)     183.08489       -0.00000       -0.08741     182.99748
	       D(10,11,12,20)     143.48274       -0.00000       -0.03218     143.45056
	       D(10,11,12,21)      21.10106        0.00000       -0.00301      21.09805
	       D(10,11,12,25)     -99.10894       -0.00000       -0.03364     -99.14259
	        D(11,10,9,18)       4.57186       -0.00000       -0.03905       4.53281
	       D(11,12,25,26)      53.87579        0.00000       -0.01272      53.86307
	       D(12,11,10,13)      -0.51123        0.00000        0.07326      -0.43797
	       D(12,25,26,27)      66.73512       -0.00000       -0.06834      66.66678
	       D(12,25,26,28)    -172.45374       -0.00000       -0.05557    -172.50931
	       D(12,25,26,29)     -53.09090       -0.00000       -0.04716     -53.13806
	        D(13,10,9,18)    -175.03133       -0.00000       -0.02053    -175.05186
	       D(13,10,11,19)    -175.94119        0.00000        0.11446    -175.82672
	         D(14,8,7,17)    -180.54035       -0.00000       -0.01375    -180.55410
	         D(14,8,9,18)       0.12532        0.00001        0.14731       0.27263
	       D(19,11,12,20)     -41.01250       -0.00000       -0.07486     -41.08736
	       D(19,11,12,21)    -163.39418       -0.00000       -0.04569    -163.43987
	       D(19,11,12,25)      76.39581       -0.00000       -0.07632      76.31949
	       D(20,12,25,26)    -182.39031       -0.00000       -0.01813    -182.40845
	       D(21,12,25,26)     -68.82531       -0.00000       -0.01484     -68.84015
	       D(22,15,14,24)      -0.11882       -0.00000       -0.01457      -0.13339
	-------------------------------------------------------------------------------

	                                 ==> Convergence Check <==                                  
    
	Measures of convergence in internal coordinates in au.
    
	Criteria marked as inactive (o), active & met (*), and active & unmet ( ).

	----------------------------------------------------------------------------------------------
	   Step    Total Energy     Delta E     Max Force     RMS Force      Max Disp      RMS Disp   
	----------------------------------------------------------------------------------------------
	  Convergence Criteria     1.00e-06 *    3.00e-04 *             o    1.20e-03 *             o
	----------------------------------------------------------------------------------------------
	    10   -1102.17796716    1.19e-05      3.56e-04      6.45e-05 o    3.67e-03      7.43e-04 o  ~
	----------------------------------------------------------------------------------------------

Next Geometry in Ang 
	Fragment 1 (Ang)

	    C  -3.1260580675  -0.9073171814   1.7945917774
	    N  -4.4203549831  -0.9518674043   2.0034650398
	    C  -5.2086039046  -0.6374569365   0.9441335028
	    N  -4.8202498662  -0.2943408163  -0.2564797635
	    C  -3.4787011898  -0.2463707708  -0.4733692688
	    C  -2.5475593822  -0.5567826099   0.5490550304
	    C  -1.1581685223  -0.5028084295   0.3356839279
	    C  -0.6657130636  -0.1468231935  -0.9151426402
	    N   0.6545476762  -0.0513750275  -1.2399804807
	    C   1.8257753837  -0.3508963696  -0.4375436483
	    C   3.0234832251  -0.0949090302  -1.0901421615
	    C   4.3077881285  -0.3451153738  -0.4172592819
	    O   1.6433396602  -0.8000445062   0.7139990370
	    C  -1.6176715629   0.1586779876  -1.9444162708
	    C  -2.9657648412   0.1142807613  -1.7415039783
	    H  -6.2792261124  -0.6780728117   1.1266466637
	    H  -0.4538616256  -0.7450670817   1.1203536302
	    H   0.8562342926   0.2327681719  -2.1843249688
	    H   3.0276023314   0.3623303545  -2.0755032664
	    H   5.0845126320  -0.7244068438  -1.0884885413
	    H   4.1743022951  -1.0537256378   0.4024062798
	    H  -3.6639062187   0.3511406766  -2.5365256614
	    H  -2.4761779413  -1.1551969725   2.6323841047
	    H  -1.2382452167   0.4354450225  -2.9249074067
	    S   5.1600836371   1.1589877824   0.3427773641
	    C   3.7964781060   1.7617206768   1.3699530375
	    H   3.5710409804   1.0587589845   2.1730760684
	    H   4.0887302995   2.7273143513   1.7876146584
	    H   2.9063438500   1.8811522276   0.7490126793


    Structure for next step:
    Molecular point group: c1
    Full point group: C1

    Geometry (in Angstrom), charge = -1, multiplicity = 1:

    C           -3.126058067504    -0.907317181387     1.794591777368
    N           -4.420354983062    -0.951867404334     2.003465039835
    C           -5.208603904551    -0.637456936548     0.944133502818
    N           -4.820249866198    -0.294340816324    -0.256479763511
    C           -3.478701189756    -0.246370770793    -0.473369268766
    C           -2.547559382188    -0.556782609890     0.549055030373
    C           -1.158168522306    -0.502808429460     0.335683927909
    C           -0.665713063621    -0.146823193515    -0.915142640221
    N            0.654547676210    -0.051375027462    -1.239980480672
    C            1.825775383689    -0.350896369599    -0.437543648320
    C            3.023483225122    -0.094909030245    -1.090142161456
    C            4.307788128500    -0.345115373769    -0.417259281893
    O            1.643339660202    -0.800044506233     0.713999037034
    C           -1.617671562897     0.158677987626    -1.944416270780
    C           -2.965764841178     0.114280761268    -1.741503978339
    H           -6.279226112359    -0.678072811660     1.126646663740
    H           -0.453861625633    -0.745067081670     1.120353630242
    H            0.856234292610     0.232768171904    -2.184324968826
    H            3.027602331416     0.362330354475    -2.075503266416
    H            5.084512632026    -0.724406843767    -1.088488541299
    H            4.174302295071    -1.053725637803     0.402406279834
    H           -3.663906218655     0.351140676614    -2.536525661447
    H           -2.476177941330    -1.155196972458     2.632384104713
    H           -1.238245216716     0.435445022491    -2.924907406655
    S            5.160083637137     1.158987782361     0.342777364057
    C            3.796478106041     1.761720676775     1.369953037467
    H            3.571040980422     1.058758984509     2.173076068442
    H            4.088730299511     2.727314351300     1.787614658442
    H            2.906343849985     1.881152227604     0.749012679324


Scratch directory: /tmp/
gradient() will perform analytic gradient computation.
   => Libint2 <=

    Primary   basis highest AM E, G, H:  7, 6, 3
    Auxiliary basis highest AM E, G, H:  7, 7, 4
    Onebody   basis highest AM E, G, H:  -, -, -
    Solid Harmonics ordering:            Gaussian

*** tstart() called on eristm01.eisai.local
*** at Wed May 20 10:32:48 2026

   => Loading Basis Set <=

    Name: 6-311+G(D,P)
    Role: ORBITAL
    Keyword: BASIS
    atoms 1, 3, 5-8, 10-12, 14-15, 26 entry C          line   129 file /home2/shbae/bucket/covalent/.pixi/envs/default/share/psi4/basis/6-311pg_d_p_.gbs 
    atoms 2, 4, 9                     entry N          line   150 file /home2/shbae/bucket/covalent/.pixi/envs/default/share/psi4/basis/6-311pg_d_p_.gbs 
    atoms 13                          entry O          line   171 file /home2/shbae/bucket/covalent/.pixi/envs/default/share/psi4/basis/6-311pg_d_p_.gbs 
    atoms 16-24, 27-29                entry H          line    42 file /home2/shbae/bucket/covalent/.pixi/envs/default/share/psi4/basis/6-311pg_d_p_.gbs 
    atoms 25                          entry S          line   429 file /home2/shbae/bucket/covalent/.pixi/envs/default/share/psi4/basis/6-311pg_d_p_.gbs 

   => WB97X-D: Empirical Dispersion <=

    Chai and Head-Gordon Dispersion Correction
    Chai, J.-D.; Head-Gordon, M. (2010), J. Chem. Phys., 132: 6615-6620

        s6 =       1.000000


         ---------------------------------------------------------
                                   SCF
               by Justin Turney, Rob Parrish, Andy Simmonett
                          and Daniel G. A. Smith
                              RKS Reference
                        8 Threads,   7629 MiB Core
         ---------------------------------------------------------

  ==> Geometry <==

    Molecular point group: c1
    Full point group: C1

    Geometry (in Angstrom), charge = -1, multiplicity = 1:

       Center              X                  Y                   Z               Mass       
    ------------   -----------------  -----------------  -----------------  -----------------
         C           -3.126058067504    -0.907317181387     1.794591777368    12.000000000000
         N           -4.420354983062    -0.951867404334     2.003465039835    14.003074004430
         C           -5.208603904551    -0.637456936548     0.944133502818    12.000000000000
         N           -4.820249866198    -0.294340816324    -0.256479763511    14.003074004430
         C           -3.478701189756    -0.246370770793    -0.473369268766    12.000000000000
         C           -2.547559382188    -0.556782609890     0.549055030373    12.000000000000
         C           -1.158168522306    -0.502808429460     0.335683927909    12.000000000000
         C           -0.665713063621    -0.146823193515    -0.915142640221    12.000000000000
         N            0.654547676210    -0.051375027462    -1.239980480672    14.003074004430
         C            1.825775383689    -0.350896369599    -0.437543648320    12.000000000000
         C            3.023483225122    -0.094909030245    -1.090142161456    12.000000000000
         C            4.307788128500    -0.345115373769    -0.417259281893    12.000000000000
         O            1.643339660202    -0.800044506233     0.713999037034    15.994914619570
         C           -1.617671562897     0.158677987626    -1.944416270780    12.000000000000
         C           -2.965764841178     0.114280761268    -1.741503978339    12.000000000000
         H           -6.279226112359    -0.678072811660     1.126646663740     1.007825032230
         H           -0.453861625633    -0.745067081670     1.120353630242     1.007825032230
         H            0.856234292610     0.232768171904    -2.184324968826     1.007825032230
         H            3.027602331416     0.362330354475    -2.075503266416     1.007825032230
         H            5.084512632026    -0.724406843767    -1.088488541299     1.007825032230
         H            4.174302295071    -1.053725637803     0.402406279834     1.007825032230
         H           -3.663906218655     0.351140676614    -2.536525661447     1.007825032230
         H           -2.476177941330    -1.155196972458     2.632384104713     1.007825032230
         H           -1.238245216716     0.435445022491    -2.924907406655     1.007825032230
         S            5.160083637137     1.158987782361     0.342777364057    31.972071174400
         C            3.796478106041     1.761720676775     1.369953037467    12.000000000000
         H            3.571040980422     1.058758984509     2.173076068442     1.007825032230
         H            4.088730299511     2.727314351300     1.787614658442     1.007825032230
         H            2.906343849985     1.881152227604     0.749012679324     1.007825032230

  Running in c1 symmetry.

  Rotational constants: A =      0.04122  B =      0.00532  C =      0.00495 [cm^-1]
  Rotational constants: A =   1235.63138  B =    159.40965  C =    148.31573 [MHz]
  Nuclear repulsion = 1189.465512848437584

  Charge       = -1
  Multiplicity = 1
  Electrons    = 130
  Nalpha       = 65
  Nbeta        = 65

  ==> Algorithm <==

  SCF Algorithm Type is DF.
  DIIS enabled.
  MOM disabled.
  Fractional occupation disabled.
  Guess Type is READ.
  Energy threshold   = 1.00e-08
  Density threshold  = 1.00e-08
  Integral threshold = 1.00e-12

  ==> Primary Basis <==

  Basis Set: 6-311+G(D,P)
    Blend: 6-311+G(D,P)
    Number of shells: 222
    Number of basis functions: 454
    Number of Cartesian functions: 471
    Spherical Harmonics?: true
    Max angular momentum: 2

  ==> DFT Potential <==

   => LibXC <=

    Version 7.0.0
    S. Lehtola, C. Steigemann, M. J.T. Oliveira, and M. A.L. Marques.,  SoftwareX 7, 1–5 (2018) (10.1016/j.softx.2017.11.002)

   => Composite Functional: WB97X-D <= 

    wB97X-D Hyb-GGA Exchange-Correlation Functional

    J.-D. Chai and M. Head-Gordon.,  Phys. Chem. Chem. Phys. 10, 6615-6620 (2008) (10.1039/B810189B)

    Deriv               =              1
    GGA                 =           TRUE
    Meta                =          FALSE

    Exchange Hybrid     =           TRUE
    MP2 Hybrid          =          FALSE

   => Exchange-Correlation Functionals <=

    1.0000   wB97X-D range-separated functional

   => Exact (HF) Exchange <=

    0.7780            HF,LR [omega = 0.2000]
    0.2220               HF 

   => LibXC Density Thresholds  <==

    XC_HYB_GGA_XC_WB97X_D:  1.00E-14 

   => Molecular Quadrature <=

    Radial Scheme          =       TREUTLER
    Pruning Scheme         =           NONE
    Nuclear Scheme         =       TREUTLER

    Blocking Scheme        =         OCTREE
    BS radius alpha        =              1
    Pruning alpha          =              1
    Radial Points          =             75
    Spherical Points       =            302
    Total Points           =         606017
    Total Blocks           =           4338
    Max Points             =            256
    Max Functions          =            332
    Weights Tolerance      =       1.00E-15

   => Loading Basis Set <=

    Name: (6-311+G(D,P) AUX)
    Role: JKFIT
    Keyword: DF_BASIS_SCF
    atoms 1, 3, 5-8, 10-12, 14-15, 26 entry C          line   200 file /home2/shbae/bucket/covalent/.pixi/envs/default/share/psi4/basis/heavy-aug-cc-pvtz-jkfit.gbs 
    atoms 2, 4, 9                     entry N          line   262 file /home2/shbae/bucket/covalent/.pixi/envs/default/share/psi4/basis/heavy-aug-cc-pvtz-jkfit.gbs 
    atoms 13                          entry O          line   324 file /home2/shbae/bucket/covalent/.pixi/envs/default/share/psi4/basis/heavy-aug-cc-pvtz-jkfit.gbs 
    atoms 16-24, 27-29                entry H          line   116 file /home2/shbae/bucket/covalent/.pixi/envs/default/share/psi4/basis/heavy-aug-cc-pvtz-jkfit.gbs 
    atoms 25                          entry S          line   768 file /home2/shbae/bucket/covalent/.pixi/envs/default/share/psi4/basis/heavy-aug-cc-pvtz-jkfit.gbs 

   => Loading Basis Set <=

    Name: 6-311+G(D,P)
    Role: ORBITAL
    Keyword: BASIS
    atoms 1, 3, 5-8, 10-12, 14-15, 26 entry C          line   129 file /home2/shbae/bucket/covalent/.pixi/envs/default/share/psi4/basis/6-311pg_d_p_.gbs 
    atoms 2, 4, 9                     entry N          line   150 file /home2/shbae/bucket/covalent/.pixi/envs/default/share/psi4/basis/6-311pg_d_p_.gbs 
    atoms 13                          entry O          line   171 file /home2/shbae/bucket/covalent/.pixi/envs/default/share/psi4/basis/6-311pg_d_p_.gbs 
    atoms 16-24, 27-29                entry H          line    42 file /home2/shbae/bucket/covalent/.pixi/envs/default/share/psi4/basis/6-311pg_d_p_.gbs 
    atoms 25                          entry S          line   429 file /home2/shbae/bucket/covalent/.pixi/envs/default/share/psi4/basis/6-311pg_d_p_.gbs 

  Reading orbitals from file /tmp/4_intermediate.default.2248151.180.npy, no projection.

  ==> Integral Setup <==

  ==> DiskDFJK: Density-Fitted J/K Matrices <==

    J tasked:                  Yes
    K tasked:                  Yes
    wK tasked:                 Yes
    Omega:               2.000E-01
    OpenMP threads:              8
    Integrals threads:           8
    Memory [MiB]:             1467
    Algorithm:                Disk
    Integral Cache:           NONE
    Schwarz Cutoff:          1E-12
    Fitting Condition:       1E-10

   => Auxiliary Basis Set <=

  Basis Set: (6-311+G(D,P) AUX)
    Blend: HEAVY-AUG-CC-PVTZ-JKFIT
    Number of shells: 642
    Number of basis functions: 2170
    Number of Cartesian functions: 2696
    Spherical Harmonics?: true
    Max angular momentum: 4

  Cached 50.0% of DFT collocation blocks in 2.106 [GiB].

  Minimum eigenvalue in the overlap matrix is 1.7246529977E-07.
  Reciprocal condition number of the overlap matrix is 1.1876969070E-08.
    Using symmetric orthogonalization.

  ==> Pre-Iterations <==

  SCF Guess: Orbitals guess was supplied from a previous computation.

   -------------------------------------------------------
    Irrep   Nso     Nmo     Nalpha   Nbeta   Ndocc  Nsocc
   -------------------------------------------------------
     A        454     454      65      65      65       0
   -------------------------------------------------------
    Total     454     454      65      65      65       0
   -------------------------------------------------------

  ==> Iterations <==

                           Total Energy        Delta E     RMS |[F,P]|

   @DF-RKS iter   0: -1102.17780655395882   -1.10218e+03   1.56410e-05 
   @DF-RKS iter   1: -1102.17796389492878   -1.57341e-04   1.92479e-06 DIIS
   @DF-RKS iter   2: -1102.17796449467642   -5.99748e-07   1.45678e-06 DIIS
   @DF-RKS iter   3: -1102.17796470526059   -2.10584e-07   5.49816e-07 DIIS
   @DF-RKS iter   4: -1102.17796474636089   -4.11003e-08   2.08701e-07 DIIS
   @DF-RKS iter   5: -1102.17796475179330   -5.43241e-09   8.63527e-08 DIIS
   @DF-RKS iter   6: -1102.17796475273690   -9.43601e-10   2.55768e-08 DIIS
   @DF-RKS iter   7: -1102.17796475288560   -1.48702e-10   1.34987e-08 DIIS
   @DF-RKS iter   8: -1102.17796475292334   -3.77440e-11   3.90300e-09 DIIS
  Energy and wave function converged.


  ==> Post-Iterations <==

   Electrons on quadrature grid:
      Ntotal   =  129.9998931841 ; deviation = -1.068e-04 

    Orbital Energies [Eh]
    ---------------------

    Doubly Occupied:                                                      

       1A    -88.864175     2A    -19.038910     3A    -14.341114  
       4A    -14.340995     5A    -14.331828     6A    -10.250032  
       7A    -10.240117     8A    -10.235978     9A    -10.229604  
      10A    -10.222273    11A    -10.205493    12A    -10.204761  
      13A    -10.200064    14A    -10.172352    15A    -10.171615  
      16A    -10.171002    17A    -10.100345    18A     -7.904727  
      19A     -5.853867    20A     -5.850238    21A     -5.843973  
      22A     -0.994050    23A     -0.971886    24A     -0.910007  
      25A     -0.898210    26A     -0.846911    27A     -0.775854  
      28A     -0.763285    29A     -0.744591    30A     -0.700774  
      31A     -0.668281    32A     -0.651095    33A     -0.624466  
      34A     -0.606850    35A     -0.561102    36A     -0.538520  
      37A     -0.527082    38A     -0.518745    39A     -0.489808  
      40A     -0.454310    41A     -0.444068    42A     -0.430371  
      43A     -0.423857    44A     -0.422126    45A     -0.407159  
      46A     -0.396505    47A     -0.390961    48A     -0.381402  
      49A     -0.377345    50A     -0.356075    51A     -0.349848  
      52A     -0.341055    53A     -0.333902    54A     -0.313788  
      55A     -0.308876    56A     -0.302477    57A     -0.292337  
      58A     -0.268199    59A     -0.258748    60A     -0.240604  
      61A     -0.235582    62A     -0.185627    63A     -0.173952  
      64A     -0.165003    65A     -0.103669  

    Virtual:                                                              

      66A      0.097539    67A      0.137572    68A      0.141327  
      69A      0.148570    70A      0.159799    71A      0.165493  
      72A      0.167716    73A      0.169569    74A      0.172600  
      75A      0.182131    76A      0.186186    77A      0.191023  
      78A      0.194460    79A      0.197680    80A      0.206222  
      81A      0.211755    82A      0.218524    83A      0.221224  
      84A      0.221956    85A      0.228515    86A      0.232990  
      87A      0.237019    88A      0.241407    89A      0.245359  
      90A      0.246230    91A      0.256825    92A      0.258959  
      93A      0.264738    94A      0.265507    95A      0.268776  
      96A      0.274951    97A      0.276614    98A      0.283841  
      99A      0.287697   100A      0.292479   101A      0.295746  
     102A      0.297714   103A      0.303900   104A      0.307420  
     105A      0.314319   106A      0.320549   107A      0.325616  
     108A      0.329112   109A      0.329306   110A      0.334515  
     111A      0.337255   112A      0.339001   113A      0.344733  
     114A      0.350024   115A      0.352384   116A      0.359421  
     117A      0.365833   118A      0.367699   119A      0.367845  
     120A      0.371581   121A      0.376506   122A      0.380710  
     123A      0.381978   124A      0.385779   125A      0.390236  
     126A      0.392308   127A      0.395732   128A      0.401446  
     129A      0.406414   130A      0.409434   131A      0.412970  
     132A      0.415200   133A      0.424150   134A      0.429071  
     135A      0.432076   136A      0.435417   137A      0.437608  
     138A      0.441295   139A      0.447167   140A      0.448705  
     141A      0.456420   142A      0.458606   143A      0.461762  
     144A      0.470773   145A      0.479219   146A      0.488168  
     147A      0.489950   148A      0.496171   149A      0.500377  
     150A      0.510788   151A      0.511671   152A      0.518910  
     153A      0.521574   154A      0.530638   155A      0.531166  
     156A      0.537780   157A      0.541996   158A      0.545426  
     159A      0.552738   160A      0.558082   161A      0.567505  
     162A      0.578626   163A      0.594746   164A      0.603055  
     165A      0.606939   166A      0.625422   167A      0.634920  
     168A      0.642445   169A      0.659511   170A      0.680831  
     171A      0.686737   172A      0.709717   173A      0.712856  
     174A      0.719129   175A      0.720645   176A      0.729739  
     177A      0.732361   178A      0.734176   179A      0.741484  
     180A      0.752450   181A      0.766144   182A      0.768731  
     183A      0.771531   184A      0.776454   185A      0.795501  
     186A      0.802989   187A      0.806046   188A      0.818406  
     189A      0.825013   190A      0.833148   191A      0.841700  
     192A      0.849294   193A      0.859596   194A      0.872123  
     195A      0.881554   196A      0.885031   197A      0.890698  
     198A      0.896138   199A      0.905227   200A      0.907539  
     201A      0.912430   202A      0.915341   203A      0.928361  
     204A      0.934642   205A      0.935850   206A      0.950317  
     207A      0.961815   208A      0.969070   209A      0.976956  
     210A      0.980321   211A      0.985532   212A      0.996301  
     213A      1.002112   214A      1.017075   215A      1.033233  
     216A      1.043074   217A      1.048634   218A      1.063045  
     219A      1.074581   220A      1.079818   221A      1.080841  
     222A      1.086263   223A      1.092303   224A      1.104676  
     225A      1.112960   226A      1.120572   227A      1.123895  
     228A      1.130079   229A      1.131739   230A      1.139850  
     231A      1.159063   232A      1.164780   233A      1.172965  
     234A      1.176046   235A      1.183087   236A      1.187988  
     237A      1.194698   238A      1.212086   239A      1.228615  
     240A      1.233903   241A      1.242733   242A      1.250850  
     243A      1.276188   244A      1.285345   245A      1.287738  
     246A      1.302846   247A      1.305559   248A      1.322786  
     249A      1.327744   250A      1.335050   251A      1.343949  
     252A      1.348911   253A      1.355254   254A      1.384929  
     255A      1.392213   256A      1.399351   257A      1.418826  
     258A      1.424696   259A      1.477613   260A      1.485532  
     261A      1.504769   262A      1.523650   263A      1.554036  
     264A      1.558503   265A      1.562183   266A      1.584336  
     267A      1.611510   268A      1.671308   269A      1.683365  
     270A      1.686431   271A      1.710396   272A      1.717249  
     273A      1.718607   274A      1.728701   275A      1.740431  
     276A      1.751874   277A      1.757409   278A      1.764852  
     279A      1.769500   280A      1.777800   281A      1.801180  
     282A      1.814787   283A      1.824267   284A      1.838280  
     285A      1.842916   286A      1.848779   287A      1.861175  
     288A      1.874197   289A      1.882498   290A      1.895156  
     291A      1.912229   292A      1.917266   293A      1.923858  
     294A      1.924371   295A      1.946649   296A      1.948674  
     297A      1.961883   298A      1.981158   299A      1.986444  
     300A      1.996788   301A      2.014614   302A      2.028822  
     303A      2.037099   304A      2.060521   305A      2.060863  
     306A      2.071959   307A      2.076515   308A      2.085234  
     309A      2.116849   310A      2.133479   311A      2.147061  
     312A      2.159412   313A      2.166541   314A      2.175769  
     315A      2.185839   316A      2.203608   317A      2.214909  
     318A      2.223650   319A      2.244117   320A      2.247825  
     321A      2.253249   322A      2.281345   323A      2.295768  
     324A      2.311103   325A      2.319198   326A      2.338238  
     327A      2.355811   328A      2.382927   329A      2.396384  
     330A      2.433597   331A      2.445992   332A      2.461295  
     333A      2.467711   334A      2.475343   335A      2.494160  
     336A      2.501819   337A      2.530461   338A      2.531939  
     339A      2.548597   340A      2.585444   341A      2.604224  
     342A      2.616182   343A      2.644310   344A      2.662110  
     345A      2.676860   346A      2.699264   347A      2.700191  
     348A      2.723046   349A      2.758165   350A      2.771690  
     351A      2.776806   352A      2.791461   353A      2.797338  
     354A      2.814082   355A      2.831235   356A      2.850324  
     357A      2.863826   358A      2.882375   359A      2.888085  
     360A      2.902995   361A      2.916424   362A      2.923818  
     363A      2.939026   364A      2.953994   365A      2.964402  
     366A      2.989317   367A      2.992423   368A      2.999325  
     369A      3.019040   370A      3.037407   371A      3.043377  
     372A      3.057699   373A      3.067302   374A      3.075563  
     375A      3.086131   376A      3.109977   377A      3.130086  
     378A      3.133151   379A      3.142961   380A      3.152256  
     381A      3.169838   382A      3.173686   383A      3.184368  
     384A      3.222400   385A      3.227289   386A      3.232208  
     387A      3.245677   388A      3.289432   389A      3.327646  
     390A      3.381670   391A      3.416980   392A      3.438842  
     393A      3.452947   394A      3.518514   395A      3.530932  
     396A      3.550919   397A      3.590576   398A      3.609142  
     399A      3.616368   400A      3.640416   401A      3.696987  
     402A      3.726172   403A      3.757859   404A      3.804555  
     405A      3.814684   406A      3.848781   407A      3.863620  
     408A      3.914577   409A      3.953761   410A      3.966681  
     411A      3.989616   412A      4.030232   413A      4.103132  
     414A      4.113211   415A      4.134126   416A      4.142835  
     417A      4.162139   418A      4.185955   419A      4.268372  
     420A      4.288263   421A      4.397945   422A      4.480091  
     423A      4.569351   424A      4.623206   425A      4.705183  
     426A      5.044381   427A      5.094177   428A      5.180238  
     429A      5.355589   430A      5.381469   431A      5.508492  
     432A      5.605808   433A      6.097411   434A      8.156441  
     435A     17.619899   436A     17.728427   437A     17.741830  
     438A     23.877668   439A     24.064848   440A     24.128111  
     441A     24.168698   442A     24.173753   443A     24.183305  
     444A     24.210097   445A     24.223734   446A     24.259308  
     447A     24.360715   448A     24.377859   449A     24.427913  
     450A     35.875280   451A     35.909505   452A     35.929174  
     453A     50.352248   454A    189.402518  

    Final Occupation by Irrep:
              A 
    DOCC [    65 ]
    NA   [    65 ]
    NB   [    65 ]

  @DF-RKS Final Energy: -1102.17796475292334

   => Energetics <=

    Nuclear Repulsion Energy =           1189.4655128484375837
    One-Electron Energy =               -3884.0376890699358228
    Two-Electron Energy =                1679.6068685039415413
    DFT Exchange-Correlation Energy =     -87.1955568498990630
    Empirical Dispersion Energy =          -0.0171001854675085
    VV10 Nonlocal Energy =                  0.0000000000000000
    Total Energy =                      -1102.1779647529231170

Computation Completed


Properties will be evaluated at   0.000000,   0.000000,   0.000000 [a0]

Properties computed using the SCF density matrix


 Multipole Moments:

 ------------------------------------------------------------------------------------
     Multipole            Electronic (a.u.)      Nuclear  (a.u.)        Total (a.u.)
 ------------------------------------------------------------------------------------

 L = 1.  Multiply by 2.5417464519 to convert [e a0] to [Debye]
 Dipole X            :          1.1992877           -3.1847352           -1.9854476
 Dipole Y            :          9.4676719           -9.0139873            0.4536846
 Dipole Z            :         -4.3344286            3.3475517           -0.9868768
 Magnitude           :                                                    2.2631301

 ------------------------------------------------------------------------------------

*** tstop() called on eristm01.eisai.local at Wed May 20 10:33:29 2026
Module time:
	user time   =     292.49 seconds =       4.87 minutes
	system time =      12.92 seconds =       0.22 minutes
	total time  =         41 seconds =       0.68 minutes
Total time:
	user time   =   50958.67 seconds =     849.31 minutes
	system time =    1783.31 seconds =      29.72 minutes
	total time  =       7275 seconds =     121.25 minutes

*** tstart() called on eristm01.eisai.local
*** at Wed May 20 10:33:29 2026


         ------------------------------------------------------------
                                   SCF GRAD                          
                          Rob Parrish, Justin Turney,                
                       Andy Simmonett, and Alex Sokolov              
         ------------------------------------------------------------

  ==> Geometry <==

    Molecular point group: c1
    Full point group: C1

    Geometry (in Angstrom), charge = -1, multiplicity = 1:

       Center              X                  Y                   Z               Mass       
    ------------   -----------------  -----------------  -----------------  -----------------
         C           -3.126058067504    -0.907317181387     1.794591777368    12.000000000000
         N           -4.420354983062    -0.951867404334     2.003465039835    14.003074004430
         C           -5.208603904551    -0.637456936548     0.944133502818    12.000000000000
         N           -4.820249866198    -0.294340816324    -0.256479763511    14.003074004430
         C           -3.478701189756    -0.246370770793    -0.473369268766    12.000000000000
         C           -2.547559382188    -0.556782609890     0.549055030373    12.000000000000
         C           -1.158168522306    -0.502808429460     0.335683927909    12.000000000000
         C           -0.665713063621    -0.146823193515    -0.915142640221    12.000000000000
         N            0.654547676210    -0.051375027462    -1.239980480672    14.003074004430
         C            1.825775383689    -0.350896369599    -0.437543648320    12.000000000000
         C            3.023483225122    -0.094909030245    -1.090142161456    12.000000000000
         C            4.307788128500    -0.345115373769    -0.417259281893    12.000000000000
         O            1.643339660202    -0.800044506233     0.713999037034    15.994914619570
         C           -1.617671562897     0.158677987626    -1.944416270780    12.000000000000
         C           -2.965764841178     0.114280761268    -1.741503978339    12.000000000000
         H           -6.279226112359    -0.678072811660     1.126646663740     1.007825032230
         H           -0.453861625633    -0.745067081670     1.120353630242     1.007825032230
         H            0.856234292610     0.232768171904    -2.184324968826     1.007825032230
         H            3.027602331416     0.362330354475    -2.075503266416     1.007825032230
         H            5.084512632026    -0.724406843767    -1.088488541299     1.007825032230
         H            4.174302295071    -1.053725637803     0.402406279834     1.007825032230
         H           -3.663906218655     0.351140676614    -2.536525661447     1.007825032230
         H           -2.476177941330    -1.155196972458     2.632384104713     1.007825032230
         H           -1.238245216716     0.435445022491    -2.924907406655     1.007825032230
         S            5.160083637137     1.158987782361     0.342777364057    31.972071174400
         C            3.796478106041     1.761720676775     1.369953037467    12.000000000000
         H            3.571040980422     1.058758984509     2.173076068442     1.007825032230
         H            4.088730299511     2.727314351300     1.787614658442     1.007825032230
         H            2.906343849985     1.881152227604     0.749012679324     1.007825032230

  Nuclear repulsion = 1189.465512848437584

  ==> Basis Set <==

  Basis Set: 6-311+G(D,P)
    Blend: 6-311+G(D,P)
    Number of shells: 222
    Number of basis functions: 454
    Number of Cartesian functions: 471
    Spherical Harmonics?: true
    Max angular momentum: 2

  ==> DFJKGrad: Density-Fitted SCF Gradients <==

    Gradient:                    1
    J tasked:                  Yes
    K tasked:                  Yes
    wK tasked:                 Yes
    Omega:               2.000E-01
    OpenMP threads:              8
    Integrals threads:           8
    Memory [MiB]:             5722
    Schwarz Cutoff:          1E-12
    Fitting Condition:       1E-10

   => Auxiliary Basis Set <=

  Basis Set: (6-311+G(D,P) AUX)
    Blend: HEAVY-AUG-CC-PVTZ-JKFIT
    Number of shells: 642
    Number of basis functions: 2170
    Number of Cartesian functions: 2696
    Spherical Harmonics?: true
    Max angular momentum: 4

  ==> DFT Potential <==

   => LibXC <=

    Version 7.0.0
    S. Lehtola, C. Steigemann, M. J.T. Oliveira, and M. A.L. Marques.,  SoftwareX 7, 1–5 (2018) (10.1016/j.softx.2017.11.002)

   => Composite Functional: WB97X-D <= 

    wB97X-D Hyb-GGA Exchange-Correlation Functional

    J.-D. Chai and M. Head-Gordon.,  Phys. Chem. Chem. Phys. 10, 6615-6620 (2008) (10.1039/B810189B)

    Deriv               =              1
    GGA                 =           TRUE
    Meta                =          FALSE

    Exchange Hybrid     =           TRUE
    MP2 Hybrid          =          FALSE

   => Exchange-Correlation Functionals <=

    1.0000   wB97X-D range-separated functional

   => Exact (HF) Exchange <=

    0.7780            HF,LR [omega = 0.2000]
    0.2220               HF 

   => LibXC Density Thresholds  <==

    XC_HYB_GGA_XC_WB97X_D:  1.00E-14 

   => Molecular Quadrature <=

    Radial Scheme          =       TREUTLER
    Pruning Scheme         =           NONE
    Nuclear Scheme         =       TREUTLER

    Blocking Scheme        =         OCTREE
    BS radius alpha        =              1
    Pruning alpha          =              1
    Radial Points          =             75
    Spherical Points       =            302
    Total Points           =         606017
    Total Blocks           =           4338
    Max Points             =            256
    Max Functions          =            332
    Weights Tolerance      =       1.00E-15


  -Total Gradient:
     Atom            X                  Y                   Z
    ------   -----------------  -----------------  -----------------
       1        0.000061989107     0.000021359765    -0.000050692807
       2       -0.000019507278    -0.000014043277     0.000026060609
       3        0.000035242337    -0.000025579276     0.000124805080
       4        0.000049452371     0.000046021268    -0.000079465353
       5       -0.000054559284     0.000070153037     0.000022569851
       6        0.000053711982    -0.000110779549    -0.000034887828
       7       -0.000012254578     0.000056370699     0.000037485434
       8        0.000016724145    -0.000178043547    -0.000096789776
       9       -0.000048734004     0.000417086264     0.000106348820
      10        0.000080890935    -0.000161960270    -0.000104724259
      11       -0.000014283042     0.000075041648    -0.000003901681
      12       -0.000097649818    -0.000059505449    -0.000068556660
      13       -0.000013108508    -0.000023186208     0.000020304578
      14        0.000042326057     0.000026244844     0.000006448967
      15        0.000021564941     0.000003669111     0.000069329162
      16        0.000033702254     0.000011393130     0.000012857716
      17        0.000081885210    -0.000024803206    -0.000031616416
      18        0.000024007993    -0.000050413630    -0.000042371726
      19        0.000018050646    -0.000084316406    -0.000075362381
      20        0.000035157054    -0.000006671234    -0.000057486061
      21        0.000033916758    -0.000038082630    -0.000070605969
      22       -0.000002949845     0.000043630970     0.000001064998
      23        0.000051184635    -0.000047805076     0.000003106269
      24       -0.000016112423     0.000031293704    -0.000004744076
      25        0.000064423993    -0.000005100364    -0.000033107865
      26        0.000010024420    -0.000099393388     0.000007721134
      27        0.000066421702    -0.000041645911    -0.000011996453
      28        0.000044027920    -0.000030055376     0.000007385627
      29        0.000050555606    -0.000035341394    -0.000052588287


*** tstop() called on eristm01.eisai.local at Wed May 20 10:33:48 2026
Module time:
	user time   =     134.79 seconds =       2.25 minutes
	system time =       1.73 seconds =       0.03 minutes
	total time  =         19 seconds =       0.32 minutes
Total time:
	user time   =   51093.48 seconds =     851.56 minutes
	system time =    1785.04 seconds =      29.75 minutes
	total time  =       7294 seconds =     121.57 minutes

    			-----------------------------------------

    			 OPTKING 3.0: for geometry optimizations 

    			     By R.A. King, Bethel University     

    			        with contributions from          

    			    A.V. Copan, J. Cayton, A. Heide      

    			-----------------------------------------

    
	                            ===> Fragment 1 <== 

	 Z (Atomic Numbers)          Masses                          Geom                  
	       6.000000            12.000000         -5.90739360 -1.71458098  3.39128697   
	       7.000000            14.003074         -8.35326030 -1.79876870  3.78600023   
	       6.000000            12.000000         -9.84283488 -1.20461903  1.78415375   
	       7.000000            14.003074         -9.10895210 -0.55622353 -0.48467651   
	       6.000000            12.000000         -6.57379252 -0.46557328 -0.89453827   
	       6.000000            12.000000         -4.81418952 -1.05216664  1.03756364   
	       6.000000            12.000000         -2.18862131 -0.95017023  0.63435069   
	       6.000000            12.000000         -1.25801537 -0.27745562 -1.72936896   
	       7.000000            14.003074          1.23691584 -0.09708473 -2.34322351   
	       6.000000            12.000000          3.45021544 -0.66309804 -0.82683766   
	       6.000000            12.000000          5.71355524 -0.17935207 -2.06007012   
	       6.000000            12.000000          8.14053977 -0.65217354 -0.78850577   
	       8.000000            15.994915          3.10546189 -1.51186500  1.34926263   
	       6.000000            12.000000         -3.05695621  0.29985794 -3.67441423   
	       6.000000            12.000000         -5.60448330  0.21595934 -3.29096557   
	       1.000000             1.007825        -11.86601763  -1.28137191   2.12905363 
	       1.000000             1.007825         -0.85767417 -1.40797273  2.11716152   
	       1.000000             1.007825          1.61804831  0.43986810 -4.12777596   
	       1.000000             1.007825          5.72133922  0.68470514 -3.92213275   
	       1.000000             1.007825          9.60833636 -1.36893054 -2.05694523   
	       1.000000             1.007825          7.88828810 -1.99125287  0.76043766   
	       1.000000             1.007825         -6.92377930  0.66355971 -4.79333881   
	       1.000000             1.007825         -4.67929815 -2.18300590  4.97448501   
	       1.000000             1.007825         -2.33994434  0.82287184 -5.52727394   
	      16.000000            31.972071          9.75114486  2.19016949  0.64775534   
	       6.000000            12.000000          7.17430386  3.32916959  2.58883605   
	       1.000000             1.007825          6.74828944  2.00076451  4.10651862   
	       1.000000             1.007825          7.72658047  5.15387718  3.37810212   
	       1.000000             1.007825          5.49219390  3.55486251  1.41542883   

	 - Coordinate -           - BOHR/RAD -       - ANG/DEG -
	 H(2,23)          =         3.880481           2.053462
	 H(13,17)         =         4.038181           2.136914
	 R(1,2)           =         2.478941           1.311799
	 R(1,6)           =         2.678414           1.417356
	 R(1,23)          =         2.057707           1.088891
	 R(2,3)           =         2.565002           1.357341
	 R(3,4)           =         2.471152           1.307677
	 R(3,16)          =         2.053805           1.086827
	 R(4,5)           =         2.569677           1.359814
	 R(5,6)           =         2.678304           1.417297
	 R(5,15)          =         2.673371           1.414687
	 R(6,7)           =         2.658306           1.406715
	 R(7,8)           =         2.627878           1.390613
	 R(7,17)          =         2.044439           1.081871
	 R(8,9)           =         2.575662           1.362981
	 R(8,14)          =         2.711583           1.434908
	 R(9,10)          =         2.741987           1.450997
	 R(9,18)          =         1.902159           1.006579
	 R(10,11)         =         2.622514           1.387775
	 R(10,13)         =         2.361075           1.249427
	 R(11,12)         =         2.780412           1.471331
	 R(11,19)         =         2.052787           1.086288
	 R(12,20)         =         2.068117           1.094400
	 R(12,21)         =         2.063005           1.091695
	 R(12,25)         =         3.568726           1.888489
	 R(14,15)         =         2.577589           1.364001
	 R(14,24)         =         2.054444           1.087165
	 R(15,22)         =         2.048905           1.084234
	 R(25,26)         =         3.421290           1.810469
	 R(26,27)         =         2.061434           1.090864
	 R(26,28)         =         2.063373           1.091890
	 R(26,29)         =         2.063326           1.091865
	 B(1,2,3)         =         2.027339         116.157979
	 B(1,6,5)         =         2.004193         114.831781
	 B(1,6,7)         =         2.148270         123.086813
	 B(2,1,6)         =         2.154396         123.437792
	 B(2,1,23)        =         2.047243         117.298380
	 B(2,3,4)         =         2.220388         127.218880
	 B(2,3,16)        =         2.017897         115.616986
	 B(3,4,5)         =         2.036093         116.659515
	 B(4,3,16)        =         2.044899         117.164107
	 B(4,5,6)         =         2.123948         121.693266
	 B(4,5,15)        =         2.105608         120.642427
	 B(5,6,7)         =         2.130658         122.077702
	 B(5,15,14)       =         2.094395         120.000022
	 B(5,15,22)       =         2.070907         118.654221
	 B(6,1,23)        =         2.081546         119.263827
	 B(6,5,15)        =         2.053623         117.663941
	 B(6,7,8)         =         2.089808         119.737193
	 B(6,7,17)        =         2.122791         121.626984
	 B(7,8,9)         =         2.183800         125.122547
	 B(7,8,14)        =         2.054169         117.695233
	 B(8,7,17)        =         2.070500         118.630889
	 B(8,9,10)        =         2.259622         129.466777
	 B(8,9,18)        =         2.023557         115.941285
	 B(8,14,15)       =         2.143673         122.823444
	 B(8,14,24)       =         2.059620         118.007547
	 B(9,8,14)        =         2.045156         117.178804
	 B(9,10,11)       =         1.980679         113.484552
	 B(9,10,13)       =         2.055609         117.777737
	 B(10,9,18)       =         1.999144         114.542490
	 B(10,11,12)      =         2.102394         120.458324
	 B(10,11,19)      =         2.103045         120.495613
	 B(11,10,13)      =         2.246870         128.736145
	 B(11,12,20)      =         1.980081         113.450269
	 B(11,12,21)      =         1.925190         110.305236
	 B(11,12,25)      =         2.029245         116.267184
	 B(12,11,19)      =         2.074998         118.888614
	 B(12,25,26)      =         1.724978          98.833960
	 B(14,15,22)      =         2.117883         121.345757
	 B(15,14,24)      =         2.079891         119.168985
	 B(20,12,21)      =         1.898978         108.803444
	 B(20,12,25)      =         1.774773         101.686988
	 B(21,12,25)      =         1.844174         105.663395
	 B(25,26,27)      =         1.937798         111.027660
	 B(25,26,28)      =         1.885815         108.049235
	 B(25,26,29)      =         1.904755         109.134422
	 B(27,26,28)      =         1.921511         110.094470
	 B(27,26,29)      =         1.897265         108.705256
	 B(28,26,29)      =         1.916659         109.816450
	 D(1,2,3,4)       =        -0.002026          -0.116070
	 D(1,2,3,16)      =         3.140649         179.945954
	 D(1,6,5,4)       =        -0.005758          -0.329897
	 D(1,6,5,15)      =         3.139652         179.888827
	 D(1,6,7,8)       =        -3.138768        -179.838162
	 D(1,6,7,17)      =         0.017123           0.981059
	 D(2,1,6,5)       =         0.004449           0.254890
	 D(2,1,6,7)       =        -3.149147        -180.432847
	 D(2,3,4,5)       =         0.000706           0.040458
	 D(3,2,1,6)       =        -0.000836          -0.047919
	 D(3,2,1,23)      =         3.140504         179.937624
	 D(3,4,5,6)       =         0.003434           0.196733
	 D(3,4,5,15)      =        -3.142089        -180.028428
	 D(4,5,6,7)       =         3.147704         180.350142
	 D(4,5,15,14)     =        -3.142028        -180.024959
	 D(4,5,15,22)     =        -0.000396          -0.022707
	 D(5,4,3,16)      =        -3.141984        -180.022402
	 D(5,6,1,23)      =        -3.136887        -179.730384
	 D(5,6,7,8)       =        -0.010032          -0.574776
	 D(5,6,7,17)      =        -3.137326        -179.755555
	 D(5,15,14,8)     =        -0.001278          -0.073248
	 D(5,15,14,24)    =        -3.143880        -180.131075
	 D(6,5,15,14)     =        -0.004211          -0.241270
	 D(6,5,15,22)     =        -3.145764        -180.239018
	 D(6,7,8,9)       =         3.133689         179.547148
	 D(6,7,8,14)      =         0.004200           0.240628
	 D(7,6,1,23)      =        -0.007298          -0.418121
	 D(7,6,5,15)      =         0.009929           0.568866
	 D(7,8,9,10)      =         0.064363           3.687720
	 D(7,8,9,18)      =         3.158398         180.962870
	 D(7,8,14,15)     =         0.001346           0.077126
	 D(7,8,14,24)     =         3.143937         180.134317
	 D(8,9,10,11)     =         3.173692         181.839165
	 D(8,9,10,13)     =         0.039348           2.254495
	 D(8,14,15,22)    =        -3.142911        -180.075562
	 D(9,8,7,17)      =        -0.021774          -1.247575
	 D(9,8,14,15)     =         3.154067         180.714739
	 D(9,8,14,24)     =         0.013473           0.771930
	 D(9,10,11,12)    =         3.142171         180.033124
	 D(9,10,11,19)    =         0.081059           4.644367
	 D(10,9,8,14)     =         3.193909         182.997478
	 D(10,11,12,20)   =         2.503685         143.450559
	 D(10,11,12,21)   =         0.368230          21.098050
	 D(10,11,12,25)   =        -1.730365         -99.142586
	 D(11,10,9,18)    =         0.079112           4.532808
	 D(11,12,25,26)   =         0.940088          53.863067
	 D(12,11,10,13)   =        -0.007644          -0.437968
	 D(12,25,26,27)   =         1.163555          66.666781
	 D(12,25,26,28)   =        -3.010855        -172.509307
	 D(12,25,26,29)   =        -0.927434         -53.138058
	 D(13,10,9,18)    =        -3.055231        -175.051863
	 D(13,10,11,19)   =        -3.068755        -175.826725
	 D(14,8,7,17)     =        -3.151263        -180.554095
	 D(14,8,9,18)     =         0.004758           0.272628
	 D(19,11,12,20)   =        -0.717110         -41.087362
	 D(19,11,12,21)   =        -2.852564        -163.439871
	 D(19,11,12,25)   =         1.332026          76.319492
	 D(20,12,25,26)   =        -3.183628        -182.408445
	 D(21,12,25,26)   =        -1.201487         -68.840152
	 D(22,15,14,24)   =        -0.002328          -0.133389


	        --- Internal Coordinate Step in ANG or DEG, aJ/ANG or AJ/DEG ---
	-------------------------------------------------------------------------------
	           Coordinate      Previous         Force          Change          New 
	           ----------      --------        ------          ------        ------
	              H(2,23)       2.05346       -0.00012       -0.00002       2.05344
	             H(13,17)       2.13691        0.00036        0.00019       2.13710
	               R(1,2)       1.31180       -0.00021       -0.00003       1.31177
	               R(1,6)       1.41736        0.00021        0.00003       1.41739
	              R(1,23)       1.08889       -0.00008       -0.00002       1.08887
	               R(2,3)       1.35734        0.00012        0.00002       1.35736
	               R(3,4)       1.30768       -0.00069       -0.00007       1.30760
	              R(3,16)       1.08683        0.00008        0.00001       1.08684
	               R(4,5)       1.35981        0.00028        0.00004       1.35985
	               R(5,6)       1.41730       -0.00010       -0.00004       1.41726
	              R(5,15)       1.41469        0.00017        0.00002       1.41471
	               R(6,7)       1.40672        0.00018        0.00004       1.40675
	               R(7,8)       1.39061       -0.00004       -0.00002       1.39059
	              R(7,17)       1.08187       -0.00005       -0.00001       1.08186
	               R(8,9)       1.36298        0.00015        0.00002       1.36300
	              R(8,14)       1.43491        0.00016        0.00003       1.43494
	              R(9,10)       1.45100       -0.00030       -0.00005       1.45095
	              R(9,18)       1.00658       -0.00007       -0.00001       1.00657
	             R(10,11)       1.38777        0.00034        0.00004       1.38781
	             R(10,13)       1.24943       -0.00036       -0.00002       1.24941
	             R(11,12)       1.47133        0.00023        0.00003       1.47136
	             R(11,19)       1.08629       -0.00001       -0.00001       1.08628
	             R(12,20)       1.09440       -0.00009       -0.00001       1.09439
	             R(12,21)       1.09170        0.00005        0.00001       1.09170
	             R(12,25)       1.88849       -0.00030       -0.00011       1.88838
	             R(14,15)       1.36400       -0.00007       -0.00002       1.36399
	             R(14,24)       1.08716        0.00000       -0.00000       1.08716
	             R(15,22)       1.08423       -0.00015       -0.00002       1.08421
	             R(25,26)       1.81047        0.00001       -0.00003       1.81044
	             R(26,27)       1.09086        0.00003        0.00000       1.09087
	             R(26,28)       1.09189       -0.00021       -0.00003       1.09186
	             R(26,29)       1.09187       -0.00010       -0.00001       1.09185
	             B(1,2,3)     116.15798        0.00000        0.00217     116.16015
	             B(1,6,5)     114.83178       -0.00000        0.00118     114.83296
	             B(1,6,7)     123.08681        0.00000        0.00134     123.08815
	             B(2,1,6)     123.43779       -0.00000       -0.00203     123.43576
	            B(2,1,23)     117.29838        0.00000        0.00155     117.29993
	             B(2,3,4)     127.21888       -0.00000       -0.00225     127.21663
	            B(2,3,16)     115.61699       -0.00000       -0.00283     115.61416
	             B(3,4,5)     116.65951        0.00000        0.00365     116.66317
	            B(4,3,16)     117.16411        0.00000        0.00508     117.16919
	             B(4,5,6)     121.69327       -0.00000       -0.00271     121.69056
	            B(4,5,15)     120.64243       -0.00000       -0.00281     120.63962
	             B(5,6,7)     122.07770       -0.00000       -0.00240     122.07530
	           B(5,15,14)     120.00002       -0.00000       -0.00495     119.99507
	           B(5,15,22)     118.65422        0.00000        0.00093     118.65515
	            B(6,1,23)     119.26383        0.00000        0.00048     119.26431
	            B(6,5,15)     117.66394        0.00000        0.00553     117.66947
	             B(6,7,8)     119.73719        0.00000       -0.00064     119.73655
	            B(6,7,17)     121.62698       -0.00000       -0.00239     121.62459
	             B(7,8,9)     125.12255        0.00000        0.00477     125.12731
	            B(7,8,14)     117.69523        0.00000        0.00073     117.69596
	            B(8,7,17)     118.63089        0.00000        0.00306     118.63395
	            B(8,9,10)     129.46678        0.00000        0.00051     129.46729
	            B(8,9,18)     115.94128       -0.00000       -0.00481     115.93647
	           B(8,14,15)     122.82344        0.00000        0.00183     122.82527
	           B(8,14,24)     118.00755       -0.00000       -0.00468     118.00286
	            B(9,8,14)     117.17880       -0.00000       -0.00547     117.17334
	           B(9,10,11)     113.48455        0.00000       -0.00049     113.48406
	           B(9,10,13)     117.77774       -0.00000       -0.00299     117.77475
	           B(10,9,18)     114.54249        0.00000        0.00660     114.54909
	          B(10,11,12)     120.45832        0.00000        0.00707     120.46540
	          B(10,11,19)     120.49561       -0.00000       -0.00818     120.48744
	          B(11,10,13)     128.73614        0.00000        0.00343     128.73958
	          B(11,12,20)     113.45027       -0.00000       -0.00415     113.44612
	          B(11,12,21)     110.30524       -0.00000       -0.00477     110.30046
	          B(11,12,25)     116.26718       -0.00000        0.00084     116.26802
	          B(12,11,19)     118.88861       -0.00000        0.00003     118.88864
	          B(12,25,26)      98.83396        0.00001        0.01405      98.84801
	          B(14,15,22)     121.34576        0.00000        0.00402     121.34977
	          B(15,14,24)     119.16898        0.00000        0.00285     119.17184
	          B(20,12,21)     108.80344        0.00000        0.00235     108.80579
	          B(20,12,25)     101.68699        0.00000        0.00306     101.69005
	          B(21,12,25)     105.66340        0.00000        0.00387     105.66726
	          B(25,26,27)     111.02766       -0.00000       -0.00096     111.02670
	          B(25,26,28)     108.04923       -0.00000       -0.00580     108.04343
	          B(25,26,29)     109.13442        0.00000        0.01445     109.14887
	          B(27,26,28)     110.09447        0.00000        0.00373     110.09820
	          B(27,26,29)     108.70526       -0.00000       -0.01032     108.69494
	          B(28,26,29)     109.81645       -0.00000       -0.00087     109.81558
	           D(1,2,3,4)      -0.11607        0.00000        0.00053      -0.11554
	          D(1,2,3,16)     179.94595        0.00000       -0.00038     179.94557
	           D(1,6,5,4)      -0.32990        0.00000        0.00362      -0.32628
	          D(1,6,5,15)     179.88883       -0.00000       -0.00069     179.88814
	           D(1,6,7,8)    -179.83816       -0.00000       -0.00200    -179.84016
	          D(1,6,7,17)       0.98106       -0.00000       -0.00450       0.97656
	           D(2,1,6,5)       0.25489       -0.00000       -0.00230       0.25258
	           D(2,1,6,7)    -180.43285        0.00000        0.00851    -180.42434
	           D(2,3,4,5)       0.04046        0.00000        0.00075       0.04121
	           D(3,2,1,6)      -0.04792        0.00000        0.00036      -0.04756
	          D(3,2,1,23)     179.93762       -0.00000       -0.00083     179.93679
	           D(3,4,5,6)       0.19673       -0.00000       -0.00292       0.19381
	          D(3,4,5,15)    -180.02843        0.00000        0.00153    -180.02690
	           D(4,5,6,7)     180.35014       -0.00000       -0.00710     180.34305
	         D(4,5,15,14)    -180.02496        0.00000        0.00207    -180.02289
	         D(4,5,15,22)      -0.02271        0.00000        0.00149      -0.02122
	          D(5,4,3,16)    -180.02240        0.00000        0.00168    -180.02072
	          D(5,6,1,23)    -179.73038       -0.00000       -0.00109    -179.73147
	           D(5,6,7,8)      -0.57478        0.00000        0.00961      -0.56517
	          D(5,6,7,17)    -179.75556        0.00000        0.00710    -179.74845
	         D(5,15,14,8)      -0.07325        0.00000        0.00035      -0.07290
	        D(5,15,14,24)    -180.13107        0.00000       -0.00005    -180.13112
	         D(6,5,15,14)      -0.24127        0.00000        0.00633      -0.23494
	         D(6,5,15,22)    -180.23902        0.00000        0.00575    -180.23327
	           D(6,7,8,9)     179.54715        0.00000        0.00024     179.54739
	          D(6,7,8,14)       0.24063       -0.00000       -0.00253       0.23810
	          D(7,6,1,23)      -0.41812        0.00000        0.00972      -0.40840
	          D(7,6,5,15)       0.56887       -0.00000       -0.01140       0.55746
	          D(7,8,9,10)       3.68772       -0.00001       -0.03903       3.64869
	          D(7,8,9,18)     180.96287        0.00000        0.02527     180.98814
	         D(7,8,14,15)       0.07713       -0.00000       -0.00237       0.07476
	         D(7,8,14,24)     180.13432       -0.00000       -0.00198     180.13234
	         D(8,9,10,11)     181.83917        0.00001        0.05434     181.89351
	         D(8,9,10,13)       2.25449        0.00001        0.06012       2.31461
	        D(8,14,15,22)    -180.07556        0.00000        0.00094    -180.07462
	          D(9,8,7,17)      -1.24758        0.00000        0.00262      -1.24495
	         D(9,8,14,15)     180.71474       -0.00000       -0.00498     180.70976
	         D(9,8,14,24)       0.77193       -0.00000       -0.00459       0.76734
	        D(9,10,11,12)     180.03312        0.00000        0.01195     180.04507
	        D(9,10,11,19)       4.64437        0.00000        0.02757       4.67194
	         D(10,9,8,14)     182.99748       -0.00001       -0.03624     182.96124
	       D(10,11,12,20)     143.45056       -0.00000       -0.00112     143.44944
	       D(10,11,12,21)      21.09805        0.00000        0.00235      21.10040
	       D(10,11,12,25)     -99.14259        0.00000        0.00038     -99.14221
	        D(11,10,9,18)       4.53281       -0.00000       -0.00897       4.52383
	       D(11,12,25,26)      53.86307       -0.00000       -0.00393      53.85914
	       D(12,11,10,13)      -0.43797        0.00000        0.00536      -0.43261
	       D(12,25,26,27)      66.66678       -0.00000       -0.00922      66.65756
	       D(12,25,26,28)    -172.50931       -0.00000       -0.00893    -172.51824
	       D(12,25,26,29)     -53.13806       -0.00000       -0.00513     -53.14318
	        D(13,10,9,18)    -175.05186       -0.00000       -0.00320    -175.05506
	       D(13,10,11,19)    -175.82672        0.00000        0.02099    -175.80574
	         D(14,8,7,17)    -180.55410        0.00000       -0.00015    -180.55424
	         D(14,8,9,18)       0.27263        0.00000        0.02806       0.30069
	       D(19,11,12,20)     -41.08736       -0.00000       -0.01688     -41.10424
	       D(19,11,12,21)    -163.43987       -0.00000       -0.01341    -163.45328
	       D(19,11,12,25)      76.31949       -0.00000       -0.01538      76.30411
	       D(20,12,25,26)    -182.40845       -0.00000       -0.00641    -182.41485
	       D(21,12,25,26)     -68.84015        0.00000       -0.00127     -68.84143
	       D(22,15,14,24)      -0.13339        0.00000        0.00055      -0.13284
	-------------------------------------------------------------------------------

	                                 ==> Convergence Check <==                                  
    
	Measures of convergence in internal coordinates in au.
    
	Criteria marked as inactive (o), active & met (*), and active & unmet ( ).

	----------------------------------------------------------------------------------------------
	   Step    Total Energy     Delta E     Max Force     RMS Force      Max Disp      RMS Disp   
	----------------------------------------------------------------------------------------------
	  Convergence Criteria     1.00e-06 *    3.00e-04 *             o    1.20e-03 *             o
	----------------------------------------------------------------------------------------------
	    11   -1102.17796475    2.41e-06      1.07e-04 *    2.60e-05 o    1.05e-03 *    1.86e-04 o  ~
	----------------------------------------------------------------------------------------------

Next Geometry in Ang 
	Fragment 1 (Ang)

	    C  -3.1261300175  -0.9071100744   1.7947044368
	    N  -4.4204161905  -0.9514150411   2.0035305553
	    C  -5.2086257558  -0.6369378955   0.9441624815
	    N  -4.8201886018  -0.2940000477  -0.2563936313
	    C  -3.4785998783  -0.2462848647  -0.4733328341
	    C  -2.5475568642  -0.5567400948   0.5491178934
	    C  -1.1581252117  -0.5031719080   0.3356605003
	    C  -0.6656593829  -0.1473742036  -0.9151943276
	    N   0.6546006979  -0.0522862176  -1.2402368506
	    C   1.8258481826  -0.3513601260  -0.4377468760
	    C   3.0235287352  -0.0948069935  -1.0902498091
	    C   4.3080060319  -0.3447096506  -0.4175123326
	    O   1.6434433837  -0.8007633409   0.7136781195
	    C  -1.6176057186   0.1583186590  -1.9444614469
	    C  -2.9656919413   0.1142337934  -1.7415445945
	    H  -6.2792548823  -0.6773837001   1.1267298939
	    H  -0.4538842394  -0.7455742549   1.1203309996
	    H   0.8561388564   0.2321572676  -2.1845131157
	    H   3.0273906648   0.3629163347  -2.0753783209
	    H   5.0847567653  -0.7235535883  -1.0889458920
	    H   4.1747645570  -1.0536180786   0.4019439415
	    H  -3.6638257442   0.3512020159  -2.5365079604
	    H  -2.4763112356  -1.1550272014   2.6325087287
	    H  -1.2380706768   0.4349646012  -2.9249424772
	    S   5.1597640173   1.1594145281   0.3428140343
	    C   3.7962585922   1.7617725263   1.3702842541
	    H   3.5709614404   1.0585623726   2.1732335047
	    H   4.0885860511   2.7272354607   1.7881132438
	    H   2.9058983651   1.8813397220   0.7497133445


    Final optimized geometry and variables:
    Molecular point group: c1
    Full point group: C1

    Geometry (in Angstrom), charge = -1, multiplicity = 1:

    C           -3.126058067504    -0.907317181387     1.794591777368
    N           -4.420354983062    -0.951867404334     2.003465039835
    C           -5.208603904551    -0.637456936548     0.944133502818
    N           -4.820249866198    -0.294340816324    -0.256479763511
    C           -3.478701189756    -0.246370770793    -0.473369268766
    C           -2.547559382188    -0.556782609890     0.549055030373
    C           -1.158168522306    -0.502808429460     0.335683927909
    C           -0.665713063621    -0.146823193515    -0.915142640221
    N            0.654547676210    -0.051375027462    -1.239980480672
    C            1.825775383689    -0.350896369599    -0.437543648320
    C            3.023483225122    -0.094909030245    -1.090142161456
    C            4.307788128500    -0.345115373769    -0.417259281893
    O            1.643339660202    -0.800044506233     0.713999037034
    C           -1.617671562897     0.158677987626    -1.944416270780
    C           -2.965764841178     0.114280761268    -1.741503978339
    H           -6.279226112359    -0.678072811660     1.126646663740
    H           -0.453861625633    -0.745067081670     1.120353630242
    H            0.856234292610     0.232768171904    -2.184324968826
    H            3.027602331416     0.362330354475    -2.075503266416
    H            5.084512632026    -0.724406843767    -1.088488541299
    H            4.174302295071    -1.053725637803     0.402406279834
    H           -3.663906218655     0.351140676614    -2.536525661447
    H           -2.476177941330    -1.155196972458     2.632384104713
    H           -1.238245216716     0.435445022491    -2.924907406655
    S            5.160083637137     1.158987782361     0.342777364057
    C            3.796478106041     1.761720676775     1.369953037467
    H            3.571040980422     1.058758984509     2.173076068442
    H            4.088730299511     2.727314351300     1.787614658442
    H            2.906343849985     1.881152227604     0.749012679324


Scratch directory: /tmp/
   => Libint2 <=

    Primary   basis highest AM E, G, H:  7, 6, 3
    Auxiliary basis highest AM E, G, H:  7, 7, 4
    Onebody   basis highest AM E, G, H:  -, -, -
    Solid Harmonics ordering:            Gaussian

*** tstart() called on eristm01.eisai.local
*** at Wed May 20 10:33:49 2026

   => Loading Basis Set <=

    Name: 6-311+G(D,P)
    Role: ORBITAL
    Keyword: BASIS
    atoms 1, 3, 5-8, 10-12, 14-15, 26 entry C          line   129 file /home2/shbae/bucket/covalent/.pixi/envs/default/share/psi4/basis/6-311pg_d_p_.gbs 
    atoms 2, 4, 9                     entry N          line   150 file /home2/shbae/bucket/covalent/.pixi/envs/default/share/psi4/basis/6-311pg_d_p_.gbs 
    atoms 13                          entry O          line   171 file /home2/shbae/bucket/covalent/.pixi/envs/default/share/psi4/basis/6-311pg_d_p_.gbs 
    atoms 16-24, 27-29                entry H          line    42 file /home2/shbae/bucket/covalent/.pixi/envs/default/share/psi4/basis/6-311pg_d_p_.gbs 
    atoms 25                          entry S          line   429 file /home2/shbae/bucket/covalent/.pixi/envs/default/share/psi4/basis/6-311pg_d_p_.gbs 

   => WB97X-D: Empirical Dispersion <=

    Chai and Head-Gordon Dispersion Correction
    Chai, J.-D.; Head-Gordon, M. (2010), J. Chem. Phys., 132: 6615-6620

        s6 =       1.000000


         ---------------------------------------------------------
                                   SCF
               by Justin Turney, Rob Parrish, Andy Simmonett
                          and Daniel G. A. Smith
                              RKS Reference
                        8 Threads,   7629 MiB Core
         ---------------------------------------------------------

  ==> Geometry <==

    Molecular point group: c1
    Full point group: C1

    Geometry (in Angstrom), charge = -1, multiplicity = 1:

       Center              X                  Y                   Z               Mass       
    ------------   -----------------  -----------------  -----------------  -----------------
         C           -3.126058067504    -0.907317181387     1.794591777368    12.000000000000
         N           -4.420354983062    -0.951867404334     2.003465039835    14.003074004430
         C           -5.208603904551    -0.637456936548     0.944133502818    12.000000000000
         N           -4.820249866198    -0.294340816324    -0.256479763511    14.003074004430
         C           -3.478701189756    -0.246370770793    -0.473369268766    12.000000000000
         C           -2.547559382188    -0.556782609890     0.549055030373    12.000000000000
         C           -1.158168522306    -0.502808429460     0.335683927909    12.000000000000
         C           -0.665713063621    -0.146823193515    -0.915142640221    12.000000000000
         N            0.654547676210    -0.051375027462    -1.239980480672    14.003074004430
         C            1.825775383689    -0.350896369599    -0.437543648320    12.000000000000
         C            3.023483225122    -0.094909030245    -1.090142161456    12.000000000000
         C            4.307788128500    -0.345115373769    -0.417259281893    12.000000000000
         O            1.643339660202    -0.800044506233     0.713999037034    15.994914619570
         C           -1.617671562897     0.158677987626    -1.944416270780    12.000000000000
         C           -2.965764841178     0.114280761268    -1.741503978339    12.000000000000
         H           -6.279226112359    -0.678072811660     1.126646663740     1.007825032230
         H           -0.453861625633    -0.745067081670     1.120353630242     1.007825032230
         H            0.856234292610     0.232768171904    -2.184324968826     1.007825032230
         H            3.027602331416     0.362330354475    -2.075503266416     1.007825032230
         H            5.084512632026    -0.724406843767    -1.088488541299     1.007825032230
         H            4.174302295071    -1.053725637803     0.402406279834     1.007825032230
         H           -3.663906218655     0.351140676614    -2.536525661447     1.007825032230
         H           -2.476177941330    -1.155196972458     2.632384104713     1.007825032230
         H           -1.238245216716     0.435445022491    -2.924907406655     1.007825032230
         S            5.160083637137     1.158987782361     0.342777364057    31.972071174400
         C            3.796478106041     1.761720676775     1.369953037467    12.000000000000
         H            3.571040980422     1.058758984509     2.173076068442     1.007825032230
         H            4.088730299511     2.727314351300     1.787614658442     1.007825032230
         H            2.906343849985     1.881152227604     0.749012679324     1.007825032230

  Running in c1 symmetry.

  Rotational constants: A =      0.04122  B =      0.00532  C =      0.00495 [cm^-1]
  Rotational constants: A =   1235.63138  B =    159.40965  C =    148.31573 [MHz]
  Nuclear repulsion = 1189.465512848437356

  Charge       = -1
  Multiplicity = 1
  Electrons    = 130
  Nalpha       = 65
  Nbeta        = 65

  ==> Algorithm <==

  SCF Algorithm Type is DF.
  DIIS enabled.
  MOM disabled.
  Fractional occupation disabled.
  Guess Type is SAD.
  Energy threshold   = 1.00e-06
  Density threshold  = 1.00e-06
  Integral threshold = 1.00e-12

  ==> Primary Basis <==

  Basis Set: 6-311+G(D,P)
    Blend: 6-311+G(D,P)
    Number of shells: 222
    Number of basis functions: 454
    Number of Cartesian functions: 471
    Spherical Harmonics?: true
    Max angular momentum: 2

  ==> DFT Potential <==

   => LibXC <=

    Version 7.0.0
    S. Lehtola, C. Steigemann, M. J.T. Oliveira, and M. A.L. Marques.,  SoftwareX 7, 1–5 (2018) (10.1016/j.softx.2017.11.002)

   => Composite Functional: WB97X-D <= 

    wB97X-D Hyb-GGA Exchange-Correlation Functional

    J.-D. Chai and M. Head-Gordon.,  Phys. Chem. Chem. Phys. 10, 6615-6620 (2008) (10.1039/B810189B)

    Deriv               =              1
    GGA                 =           TRUE
    Meta                =          FALSE

    Exchange Hybrid     =           TRUE
    MP2 Hybrid          =          FALSE

   => Exchange-Correlation Functionals <=

    1.0000   wB97X-D range-separated functional

   => Exact (HF) Exchange <=

    0.7780            HF,LR [omega = 0.2000]
    0.2220               HF 

   => LibXC Density Thresholds  <==

    XC_HYB_GGA_XC_WB97X_D:  1.00E-14 

   => Molecular Quadrature <=

    Radial Scheme          =       TREUTLER
    Pruning Scheme         =           NONE
    Nuclear Scheme         =       TREUTLER

    Blocking Scheme        =         OCTREE
    BS radius alpha        =              1
    Pruning alpha          =              1
    Radial Points          =             75
    Spherical Points       =            302
    Total Points           =         606017
    Total Blocks           =           4338
    Max Points             =            256
    Max Functions          =            332
    Weights Tolerance      =       1.00E-15

   => Loading Basis Set <=

    Name: (6-311+G(D,P) AUX)
    Role: JKFIT
    Keyword: DF_BASIS_SCF
    atoms 1, 3, 5-8, 10-12, 14-15, 26 entry C          line   200 file /home2/shbae/bucket/covalent/.pixi/envs/default/share/psi4/basis/heavy-aug-cc-pvtz-jkfit.gbs 
    atoms 2, 4, 9                     entry N          line   262 file /home2/shbae/bucket/covalent/.pixi/envs/default/share/psi4/basis/heavy-aug-cc-pvtz-jkfit.gbs 
    atoms 13                          entry O          line   324 file /home2/shbae/bucket/covalent/.pixi/envs/default/share/psi4/basis/heavy-aug-cc-pvtz-jkfit.gbs 
    atoms 16-24, 27-29                entry H          line   116 file /home2/shbae/bucket/covalent/.pixi/envs/default/share/psi4/basis/heavy-aug-cc-pvtz-jkfit.gbs 
    atoms 25                          entry S          line   768 file /home2/shbae/bucket/covalent/.pixi/envs/default/share/psi4/basis/heavy-aug-cc-pvtz-jkfit.gbs 

  ==> Integral Setup <==

  ==> DiskDFJK: Density-Fitted J/K Matrices <==

    J tasked:                  Yes
    K tasked:                  Yes
    wK tasked:                 Yes
    Omega:               2.000E-01
    OpenMP threads:              8
    Integrals threads:           8
    Memory [MiB]:             1467
    Algorithm:                Disk
    Integral Cache:           NONE
    Schwarz Cutoff:          1E-12
    Fitting Condition:       1E-10

   => Auxiliary Basis Set <=

  Basis Set: (6-311+G(D,P) AUX)
    Blend: HEAVY-AUG-CC-PVTZ-JKFIT
    Number of shells: 642
    Number of basis functions: 2170
    Number of Cartesian functions: 2696
    Spherical Harmonics?: true
    Max angular momentum: 4

  Cached 50.0% of DFT collocation blocks in 2.106 [GiB].

  Minimum eigenvalue in the overlap matrix is 1.7246529940E-07.
  Reciprocal condition number of the overlap matrix is 1.1876969045E-08.
    Using symmetric orthogonalization.

  ==> Pre-Iterations <==

  SCF Guess: Superposition of Atomic Densities via on-the-fly atomic UHF (no occupation information).

   -------------------------
    Irrep   Nso     Nmo    
   -------------------------
     A        454     454 
   -------------------------
    Total     454     454
   -------------------------

  ==> Iterations <==

                           Total Energy        Delta E     RMS |[F,P]|

   @DF-RKS iter SAD: -1070.02962265709311   -1.07003e+03   0.00000e+00 
   @DF-RKS iter   1:  -854.30115096889222    2.15728e+02   2.30420e-02 DIIS/ADIIS
   @DF-RKS iter   2:  -636.82998978551905    2.17471e+02   4.61390e-02 DIIS/ADIIS
   @DF-RKS iter   3:  -991.49200305436443   -3.54662e+02   2.74539e-02 DIIS/ADIIS
   @DF-RKS iter   4:  -911.71035890631902    7.97816e+01   3.33550e-02 DIIS/ADIIS
   @DF-RKS iter   5: -1096.00770438582572   -1.84297e+02   6.96638e-03 DIIS/ADIIS
   @DF-RKS iter   6: -1084.02383511300059    1.19839e+01   1.07536e-02 DIIS/ADIIS
   @DF-RKS iter   7: -1099.59544574394909   -1.55716e+01   4.14981e-03 DIIS/ADIIS
   @DF-RKS iter   8: -1099.18281183996555    4.12634e-01   3.66451e-03 DIIS/ADIIS
   @DF-RKS iter   9: -1101.28113484296205   -2.09832e+00   2.15326e-03 DIIS/ADIIS
   @DF-RKS iter  10: -1102.10112237537419   -8.19988e-01   7.84998e-04 DIIS/ADIIS
   @DF-RKS iter  11: -1102.16242377882372   -6.13014e-02   3.26023e-04 DIIS/ADIIS
   @DF-RKS iter  12: -1102.17426070180932   -1.18369e-02   1.36050e-04 DIIS/ADIIS
   @DF-RKS iter  13: -1102.17717760563528   -2.91690e-03   6.11813e-05 DIIS
   @DF-RKS iter  14: -1102.17774779469323   -5.70189e-04   3.27710e-05 DIIS
   @DF-RKS iter  15: -1102.17794896602982   -2.01171e-04   1.04295e-05 DIIS
   @DF-RKS iter  16: -1102.17797062826321   -2.16622e-05   5.95644e-06 DIIS
   @DF-RKS iter  17: -1102.17797559383985   -4.96558e-06   1.58424e-06 DIIS
   @DF-RKS iter  18: -1102.17797605005535   -4.56216e-07   9.73603e-07 DIIS
  Energy and wave function converged.


  ==> Post-Iterations <==

   Electrons on quadrature grid:
      Ntotal   =  129.9998931323 ; deviation = -1.069e-04 

    Orbital Energies [Eh]
    ---------------------

    Doubly Occupied:                                                      

       1A    -88.864131     2A    -19.038877     3A    -14.341153  
       4A    -14.341010     5A    -14.331792     6A    -10.250052  
       7A    -10.240149     8A    -10.235992     9A    -10.229676  
      10A    -10.222253    11A    -10.205537    12A    -10.204809  
      13A    -10.200102    14A    -10.172343    15A    -10.171588  
      16A    -10.170958    17A    -10.100296    18A     -7.904692  
      19A     -5.853832    20A     -5.850202    21A     -5.843938  
      22A     -0.994080    23A     -0.971857    24A     -0.909997  
      25A     -0.898238    26A     -0.846930    27A     -0.775882  
      28A     -0.763253    29A     -0.744599    30A     -0.700746  
      31A     -0.668299    32A     -0.651106    33A     -0.624469  
      34A     -0.606857    35A     -0.561086    36A     -0.538547  
      37A     -0.527083    38A     -0.518742    39A     -0.489806  
      40A     -0.454331    41A     -0.444054    42A     -0.430402  
      43A     -0.423871    44A     -0.422118    45A     -0.407181  
      46A     -0.396480    47A     -0.390984    48A     -0.381387  
      49A     -0.377322    50A     -0.356049    51A     -0.349828  
      52A     -0.341061    53A     -0.333910    54A     -0.313780  
      55A     -0.308858    56A     -0.302456    57A     -0.292367  
      58A     -0.268195    59A     -0.258724    60A     -0.240635  
      61A     -0.235601    62A     -0.185598    63A     -0.173951  
      64A     -0.164975    65A     -0.103659  

    Virtual:                                                              

      66A      0.097531    67A      0.137553    68A      0.141322  
      69A      0.148556    70A      0.159797    71A      0.165493  
      72A      0.167711    73A      0.169567    74A      0.172605  
      75A      0.182128    76A      0.186170    77A      0.191024  
      78A      0.194456    79A      0.197682    80A      0.206225  
      81A      0.211755    82A      0.218524    83A      0.221229  
      84A      0.221952    85A      0.228525    86A      0.233002  
      87A      0.237022    88A      0.241410    89A      0.245363  
      90A      0.246230    91A      0.256831    92A      0.258953  
      93A      0.264747    94A      0.265507    95A      0.268778  
      96A      0.274955    97A      0.276623    98A      0.283838  
      99A      0.287705   100A      0.292483   101A      0.295746  
     102A      0.297720   103A      0.303907   104A      0.307419  
     105A      0.314319   106A      0.320558   107A      0.325614  
     108A      0.329110   109A      0.329310   110A      0.334513  
     111A      0.337253   112A      0.339000   113A      0.344727  
     114A      0.350040   115A      0.352369   116A      0.359428  
     117A      0.365835   118A      0.367696   119A      0.367847  
     120A      0.371566   121A      0.376512   122A      0.380693  
     123A      0.381964   124A      0.385772   125A      0.390231  
     126A      0.392311   127A      0.395725   128A      0.401441  
     129A      0.406414   130A      0.409448   131A      0.412973  
     132A      0.415206   133A      0.424140   134A      0.429068  
     135A      0.432074   136A      0.435408   137A      0.437610  
     138A      0.441305   139A      0.447170   140A      0.448688  
     141A      0.456433   142A      0.458605   143A      0.461764  
     144A      0.470775   145A      0.479178   146A      0.488162  
     147A      0.489963   148A      0.496178   149A      0.500368  
     150A      0.510790   151A      0.511687   152A      0.518908  
     153A      0.521572   154A      0.530639   155A      0.531162  
     156A      0.537796   157A      0.542006   158A      0.545426  
     159A      0.552760   160A      0.558096   161A      0.567517  
     162A      0.578613   163A      0.594701   164A      0.603059  
     165A      0.606938   166A      0.625423   167A      0.634914  
     168A      0.642459   169A      0.659487   170A      0.680834  
     171A      0.686733   172A      0.709719   173A      0.712842  
     174A      0.719137   175A      0.720652   176A      0.729734  
     177A      0.732345   178A      0.734159   179A      0.741486  
     180A      0.752433   181A      0.766138   182A      0.768707  
     183A      0.771515   184A      0.776454   185A      0.795500  
     186A      0.802974   187A      0.806059   188A      0.818411  
     189A      0.825011   190A      0.833149   191A      0.841714  
     192A      0.849295   193A      0.859594   194A      0.872114  
     195A      0.881575   196A      0.885036   197A      0.890698  
     198A      0.896146   199A      0.905209   200A      0.907539  
     201A      0.912445   202A      0.915356   203A      0.928369  
     204A      0.934650   205A      0.935850   206A      0.950319  
     207A      0.961814   208A      0.969085   209A      0.976962  
     210A      0.980327   211A      0.985522   212A      0.996300  
     213A      1.002130   214A      1.017068   215A      1.033247  
     216A      1.043060   217A      1.048608   218A      1.063051  
     219A      1.074577   220A      1.079812   221A      1.080827  
     222A      1.086237   223A      1.092298   224A      1.104667  
     225A      1.112970   226A      1.120564   227A      1.123906  
     228A      1.130101   229A      1.131718   230A      1.139835  
     231A      1.159044   232A      1.164801   233A      1.172946  
     234A      1.176041   235A      1.183078   236A      1.187967  
     237A      1.194679   238A      1.212079   239A      1.228632  
     240A      1.233894   241A      1.242714   242A      1.250855  
     243A      1.276197   244A      1.285330   245A      1.287757  
     246A      1.302829   247A      1.305544   248A      1.322784  
     249A      1.327737   250A      1.335065   251A      1.343953  
     252A      1.348938   253A      1.355277   254A      1.384925  
     255A      1.392217   256A      1.399378   257A      1.418800  
     258A      1.424721   259A      1.477619   260A      1.485554  
     261A      1.504775   262A      1.523648   263A      1.554060  
     264A      1.558484   265A      1.562161   266A      1.584325  
     267A      1.611506   268A      1.671288   269A      1.683351  
     270A      1.686454   271A      1.710379   272A      1.717232  
     273A      1.718606   274A      1.728721   275A      1.740447  
     276A      1.751865   277A      1.757408   278A      1.764854  
     279A      1.769499   280A      1.777801   281A      1.801186  
     282A      1.814792   283A      1.824249   284A      1.838301  
     285A      1.842942   286A      1.848788   287A      1.861181  
     288A      1.874211   289A      1.882497   290A      1.895180  
     291A      1.912260   292A      1.917250   293A      1.923834  
     294A      1.924358   295A      1.946654   296A      1.948677  
     297A      1.961857   298A      1.981132   299A      1.986461  
     300A      1.996814   301A      2.014625   302A      2.028840  
     303A      2.037103   304A      2.060503   305A      2.060889  
     306A      2.071969   307A      2.076498   308A      2.085235  
     309A      2.116869   310A      2.133457   311A      2.147040  
     312A      2.159428   313A      2.166534   314A      2.175765  
     315A      2.185848   316A      2.203627   317A      2.214889  
     318A      2.223673   319A      2.244135   320A      2.247815  
     321A      2.253261   322A      2.281352   323A      2.295771  
     324A      2.311101   325A      2.319173   326A      2.338262  
     327A      2.355809   328A      2.382921   329A      2.396395  
     330A      2.433578   331A      2.446019   332A      2.461300  
     333A      2.467719   334A      2.475331   335A      2.494181  
     336A      2.501801   337A      2.530451   338A      2.531915  
     339A      2.548602   340A      2.585457   341A      2.604201  
     342A      2.616172   343A      2.644314   344A      2.662112  
     345A      2.676887   346A      2.699272   347A      2.700196  
     348A      2.723076   349A      2.758195   350A      2.771697  
     351A      2.776805   352A      2.791457   353A      2.797366  
     354A      2.814110   355A      2.831211   356A      2.850319  
     357A      2.863827   358A      2.882345   359A      2.888073  
     360A      2.902967   361A      2.916454   362A      2.923798  
     363A      2.939005   364A      2.953984   365A      2.964411  
     366A      2.989321   367A      2.992419   368A      2.999311  
     369A      3.019061   370A      3.037417   371A      3.043380  
     372A      3.057674   373A      3.067287   374A      3.075531  
     375A      3.086135   376A      3.109951   377A      3.130115  
     378A      3.133129   379A      3.142942   380A      3.152254  
     381A      3.169848   382A      3.173684   383A      3.184366  
     384A      3.222409   385A      3.227282   386A      3.232216  
     387A      3.245705   388A      3.289407   389A      3.327663  
     390A      3.381699   391A      3.416957   392A      3.438870  
     393A      3.452979   394A      3.518498   395A      3.530943  
     396A      3.550903   397A      3.590556   398A      3.609168  
     399A      3.616348   400A      3.640419   401A      3.696999  
     402A      3.726146   403A      3.757843   404A      3.804564  
     405A      3.814661   406A      3.848775   407A      3.863621  
     408A      3.914561   409A      3.953734   410A      3.966715  
     411A      3.989648   412A      4.030262   413A      4.103112  
     414A      4.113181   415A      4.134111   416A      4.142855  
     417A      4.162168   418A      4.185940   419A      4.268356  
     420A      4.288290   421A      4.397922   422A      4.480066  
     423A      4.569380   424A      4.623182   425A      4.705151  
     426A      5.044354   427A      5.094208   428A      5.180212  
     429A      5.355607   430A      5.381501   431A      5.508464  
     432A      5.605837   433A      6.097442   434A      8.156474  
     435A     17.619935   436A     17.728464   437A     17.741867  
     438A     23.877634   439A     24.064877   440A     24.128079  
     441A     24.168699   442A     24.173764   443A     24.183344  
     444A     24.210072   445A     24.223677   446A     24.259271  
     447A     24.360708   448A     24.377894   449A     24.427878  
     450A     35.875245   451A     35.909513   452A     35.929183  
     453A     50.352281   454A    189.402561  

    Final Occupation by Irrep:
              A 
    DOCC [    65 ]
    NA   [    65 ]
    NB   [    65 ]

  @DF-RKS Final Energy: -1102.17797605005535

   => Energetics <=

    Nuclear Repulsion Energy =           1189.4655128484373563
    One-Electron Energy =               -3884.0360970632063982
    Two-Electron Energy =                1679.6052965337357818
    DFT Exchange-Correlation Energy =     -87.1955881835545483
    Empirical Dispersion Energy =          -0.0171001854675085
    VV10 Nonlocal Energy =                  0.0000000000000000
    Total Energy =                      -1102.1779760500553493

Computation Completed


Properties will be evaluated at   0.000000,   0.000000,   0.000000 [a0]

Properties computed using the SCF density matrix


 Multipole Moments:

 ------------------------------------------------------------------------------------
     Multipole            Electronic (a.u.)      Nuclear  (a.u.)        Total (a.u.)
 ------------------------------------------------------------------------------------

 L = 1.  Multiply by 2.5417464519 to convert [e a0] to [Debye]
 Dipole X            :          1.1995881           -3.1847352           -1.9851472
 Dipole Y            :          9.4674508           -9.0139873            0.4534635
 Dipole Z            :         -4.3351146            3.3475517           -0.9875629
 Magnitude           :                                                    2.2631215

 ------------------------------------------------------------------------------------

*** tstop() called on eristm01.eisai.local at Wed May 20 10:35:01 2026
Module time:
	user time   =     532.02 seconds =       8.87 minutes
	system time =      22.29 seconds =       0.37 minutes
	total time  =         72 seconds =       1.20 minutes
Total time:
	user time   =   51636.62 seconds =     860.61 minutes
	system time =    1807.66 seconds =      30.13 minutes
	total time  =       7367 seconds =     122.78 minutes
