
Scratch directory: /tmp/
gradient() will perform analytic gradient computation.
   => Libint2 <=

    Primary   basis highest AM E, G, H:  7, 6, 3
    Auxiliary basis highest AM E, G, H:  7, 7, 4
    Onebody   basis highest AM E, G, H:  -, -, -
    Solid Harmonics ordering:            Gaussian

*** tstart() called on eristm01.eisai.local
*** at Wed May 20 10:35:02 2026

   => Loading Basis Set <=

    Name: 6-311+G(D,P)
    Role: ORBITAL
    Keyword: BASIS
    atoms 1, 3, 5-7, 9, 11-12, 14-15, 17-18 entry C          line   129 file /home2/shbae/bucket/covalent/.pixi/envs/default/share/psi4/basis/6-311pg_d_p_.gbs 
    atoms 2, 8, 19                          entry N          line   150 file /home2/shbae/bucket/covalent/.pixi/envs/default/share/psi4/basis/6-311pg_d_p_.gbs 
    atoms 4, 16, 20-30                      entry H          line    42 file /home2/shbae/bucket/covalent/.pixi/envs/default/share/psi4/basis/6-311pg_d_p_.gbs 
    atoms 10                                entry O          line   171 file /home2/shbae/bucket/covalent/.pixi/envs/default/share/psi4/basis/6-311pg_d_p_.gbs 
    atoms 13                                entry S          line   429 file /home2/shbae/bucket/covalent/.pixi/envs/default/share/psi4/basis/6-311pg_d_p_.gbs 

   => WB97X-D: Empirical Dispersion <=

    Chai and Head-Gordon Dispersion Correction
    Chai, J.-D.; Head-Gordon, M. (2010), J. Chem. Phys., 132: 6615-6620

        s6 =       1.000000


         ---------------------------------------------------------
                                   SCF
               by Justin Turney, Rob Parrish, Andy Simmonett
                          and Daniel G. A. Smith
                              RKS Reference
                        8 Threads,   7629 MiB Core
         ---------------------------------------------------------

  ==> Geometry <==

    Molecular point group: c1
    Full point group: C1

    Geometry (in Angstrom), charge = 0, multiplicity = 1:

       Center              X                  Y                   Z               Mass       
    ------------   -----------------  -----------------  -----------------  -----------------
         C           -5.896241105156    -0.193104682635     0.589964718667    12.000000000000
         N           -5.526299919441    -1.410208762886     1.019443025067    14.003074004430
         C           -4.254604840530    -1.697176291306     0.960668649565    12.000000000000
         H           -3.959582178887    -2.681063161699     1.308345106581     1.007825032230
         C           -3.291484397010    -0.786567692268     0.471944395447    12.000000000000
         C           -1.915067536201    -1.045881406095     0.388305015119    12.000000000000
         C           -1.058766103897    -0.086574748480    -0.104735885490    12.000000000000
         N            0.302835170364    -0.389203006788    -0.167373652667    14.003074004430
         C            1.347974302626     0.377270007061    -0.606565455032    12.000000000000
         O            1.248699622738     1.503223971668    -1.030763957021    15.994914619570
         C            2.675823111295    -0.359227231053    -0.486557160320    12.000000000000
         C            3.805748879354     0.448157560358    -1.106511125207    12.000000000000
         S            5.407906233591    -0.408488208490    -0.982888644442    31.972071174400
         C            5.838796961330    -0.023718493696     0.738730366208    12.000000000000
         C           -1.568238919768     1.163058527639    -0.528339689836    12.000000000000
         H           -0.877823790654     1.896354470480    -0.910880461013     1.007825032230
         C           -2.903871950798     1.434418815431    -0.455089351055    12.000000000000
         C           -3.803079107780     0.470534827294     0.046108016772    12.000000000000
         N           -5.121783863359     0.739948096547     0.118204297731    14.003074004430
         H           -6.954984188587     0.024599177043     0.647245323147     1.007825032230
         H           -1.542373001209    -2.007500175932     0.716366679754     1.007825032230
         H            0.532358649060    -1.317929987591     0.161444196413     1.007825032230
         H            2.874428841285    -0.535105963798     0.574636098401     1.007825032230
         H            2.604039929165    -1.329706836399    -0.983671850763     1.007825032230
         H            3.626577691634     0.593064166706    -2.170768413074     1.007825032230
         H            3.898748709518     1.424373672167    -0.632504761438     1.007825032230
         H            5.121376963978    -0.476383209561     1.417285786560     1.007825032230
         H            5.867042873515     1.054131567519     0.871112176836     1.007825032230
         H            6.822852137358    -0.445283487908     0.912928418557     1.007825032230
         H           -3.301009173533     2.383948508384    -0.776081863468     1.007825032230

  Running in c1 symmetry.

  Rotational constants: A =      0.05646  B =      0.00433  C =      0.00411 [cm^-1]
  Rotational constants: A =   1692.71416  B =    129.66848  C =    123.28179 [MHz]
  Nuclear repulsion = 1182.832817794964285

  Charge       = 0
  Multiplicity = 1
  Electrons    = 130
  Nalpha       = 65
  Nbeta        = 65

  ==> Algorithm <==

  SCF Algorithm Type is DF.
  DIIS enabled.
  MOM disabled.
  Fractional occupation disabled.
  Guess Type is SAD.
  Energy threshold   = 1.00e-08
  Density threshold  = 1.00e-08
  Integral threshold = 1.00e-12

  ==> Primary Basis <==

  Basis Set: 6-311+G(D,P)
    Blend: 6-311+G(D,P)
    Number of shells: 226
    Number of basis functions: 460
    Number of Cartesian functions: 477
    Spherical Harmonics?: true
    Max angular momentum: 2

  ==> DFT Potential <==

   => LibXC <=

    Version 7.0.0
    S. Lehtola, C. Steigemann, M. J.T. Oliveira, and M. A.L. Marques.,  SoftwareX 7, 1–5 (2018) (10.1016/j.softx.2017.11.002)

   => Composite Functional: WB97X-D <= 

    wB97X-D Hyb-GGA Exchange-Correlation Functional

    J.-D. Chai and M. Head-Gordon.,  Phys. Chem. Chem. Phys. 10, 6615-6620 (2008) (10.1039/B810189B)

    Deriv               =              1
    GGA                 =           TRUE
    Meta                =          FALSE

    Exchange Hybrid     =           TRUE
    MP2 Hybrid          =          FALSE

   => Exchange-Correlation Functionals <=

    1.0000   wB97X-D range-separated functional

   => Exact (HF) Exchange <=

    0.7780            HF,LR [omega = 0.2000]
    0.2220               HF 

   => LibXC Density Thresholds  <==

    XC_HYB_GGA_XC_WB97X_D:  1.00E-14 

   => Molecular Quadrature <=

    Radial Scheme          =       TREUTLER
    Pruning Scheme         =           NONE
    Nuclear Scheme         =       TREUTLER

    Blocking Scheme        =         OCTREE
    BS radius alpha        =              1
    Pruning alpha          =              1
    Radial Points          =             75
    Spherical Points       =            302
    Total Points           =         627558
    Total Blocks           =           4551
    Max Points             =            256
    Max Functions          =            319
    Weights Tolerance      =       1.00E-15

   => Loading Basis Set <=

    Name: (6-311+G(D,P) AUX)
    Role: JKFIT
    Keyword: DF_BASIS_SCF
    atoms 1, 3, 5-7, 9, 11-12, 14-15, 17-18 entry C          line   200 file /home2/shbae/bucket/covalent/.pixi/envs/default/share/psi4/basis/heavy-aug-cc-pvtz-jkfit.gbs 
    atoms 2, 8, 19                          entry N          line   262 file /home2/shbae/bucket/covalent/.pixi/envs/default/share/psi4/basis/heavy-aug-cc-pvtz-jkfit.gbs 
    atoms 4, 16, 20-30                      entry H          line   116 file /home2/shbae/bucket/covalent/.pixi/envs/default/share/psi4/basis/heavy-aug-cc-pvtz-jkfit.gbs 
    atoms 10                                entry O          line   324 file /home2/shbae/bucket/covalent/.pixi/envs/default/share/psi4/basis/heavy-aug-cc-pvtz-jkfit.gbs 
    atoms 13                                entry S          line   768 file /home2/shbae/bucket/covalent/.pixi/envs/default/share/psi4/basis/heavy-aug-cc-pvtz-jkfit.gbs 

  ==> Integral Setup <==

  ==> DiskDFJK: Density-Fitted J/K Matrices <==

    J tasked:                  Yes
    K tasked:                  Yes
    wK tasked:                 Yes
    Omega:               2.000E-01
    OpenMP threads:              8
    Integrals threads:           8
    Memory [MiB]:             1478
    Algorithm:                Disk
    Integral Cache:           NONE
    Schwarz Cutoff:          1E-12
    Fitting Condition:       1E-10

   => Auxiliary Basis Set <=

  Basis Set: (6-311+G(D,P) AUX)
    Blend: HEAVY-AUG-CC-PVTZ-JKFIT
    Number of shells: 652
    Number of basis functions: 2200
    Number of Cartesian functions: 2731
    Spherical Harmonics?: true
    Max angular momentum: 4

  Cached 50.0% of DFT collocation blocks in 2.113 [GiB].

  Minimum eigenvalue in the overlap matrix is 4.6502029518E-07.
  Reciprocal condition number of the overlap matrix is 3.2095494039E-08.
    Using symmetric orthogonalization.

  ==> Pre-Iterations <==

  SCF Guess: Superposition of Atomic Densities via on-the-fly atomic UHF (no occupation information).

   -------------------------
    Irrep   Nso     Nmo    
   -------------------------
     A        460     460 
   -------------------------
    Total     460     460
   -------------------------

  ==> Iterations <==

                           Total Energy        Delta E     RMS |[F,P]|

   @DF-RKS iter SAD: -1071.33238742043932   -1.07133e+03   0.00000e+00 
   @DF-RKS iter   1:  -848.29277584720137    2.23040e+02   2.33734e-02 DIIS/ADIIS
   @DF-RKS iter   2:  -623.08659636476898    2.25206e+02   4.51611e-02 DIIS/ADIIS
   @DF-RKS iter   3:  -980.73663970954840   -3.57650e+02   2.76303e-02 DIIS/ADIIS
   @DF-RKS iter   4:  -955.65470118156770    2.50819e+01   2.97369e-02 DIIS/ADIIS
   @DF-RKS iter   5: -1070.37329361328375   -1.14719e+02   1.09991e-02 DIIS/ADIIS
   @DF-RKS iter   6:  -724.26956003112059    3.46104e+02   3.91518e-02 DIIS/ADIIS
   @DF-RKS iter   7:  -999.20511156042960   -2.74936e+02   1.94202e-02 DIIS/ADIIS
   @DF-RKS iter   8: -1101.57532758265688   -1.02370e+02   3.05015e-03 DIIS/ADIIS
   @DF-RKS iter   9: -1102.50424218138278   -9.28915e-01   1.43184e-03 DIIS/ADIIS
   @DF-RKS iter  10: -1102.69945884102071   -1.95217e-01   6.53774e-04 DIIS/ADIIS
   @DF-RKS iter  11: -1102.73873554904344   -3.92767e-02   2.56320e-04 DIIS/ADIIS
   @DF-RKS iter  12: -1102.74542205936609   -6.68651e-03   8.63802e-05 DIIS
   @DF-RKS iter  13: -1102.74636689046929   -9.44831e-04   3.15392e-05 DIIS
   @DF-RKS iter  14: -1102.74651355636252   -1.46666e-04   1.17304e-05 DIIS
   @DF-RKS iter  15: -1102.74653833648745   -2.47801e-05   6.16959e-06 DIIS
   @DF-RKS iter  16: -1102.74654467850223   -6.34201e-06   2.62533e-06 DIIS
   @DF-RKS iter  17: -1102.74654676452974   -2.08603e-06   9.70274e-07 DIIS
   @DF-RKS iter  18: -1102.74654707641093   -3.11881e-07   5.25354e-07 DIIS
   @DF-RKS iter  19: -1102.74654713527366   -5.88627e-08   1.84709e-07 DIIS
   @DF-RKS iter  20: -1102.74654714798567   -1.27120e-08   9.29459e-08 DIIS
   @DF-RKS iter  21: -1102.74654715023075   -2.24509e-09   4.38983e-08 DIIS
   @DF-RKS iter  22: -1102.74654715075644   -5.25688e-10   2.16738e-08 DIIS
   @DF-RKS iter  23: -1102.74654715087627   -1.19826e-10   7.03110e-09 DIIS
  Energy and wave function converged.


  ==> Post-Iterations <==

   Electrons on quadrature grid:
      Ntotal   =  129.9999272738 ; deviation = -7.273e-05 

    Orbital Energies [Eh]
    ---------------------

    Doubly Occupied:                                                      

       1A    -89.013279     2A    -19.242859     3A    -14.496916  
       4A    -14.442905     5A    -14.440046     6A    -10.418006  
       7A    -10.364375     8A    -10.352919     9A    -10.350072  
      10A    -10.342876    11A    -10.323521    12A    -10.322313  
      13A    -10.317054    14A    -10.316591    15A    -10.314978  
      16A    -10.308585    17A    -10.306163    18A     -8.053871  
      19A     -6.003340    20A     -5.999423    21A     -5.992534  
      22A     -1.180206    23A     -1.105529    24A     -1.077901  
      25A     -1.009519    26A     -0.975673    27A     -0.933790  
      28A     -0.895497    29A     -0.883481    30A     -0.860684  
      31A     -0.799909    32A     -0.779265    33A     -0.763277  
      34A     -0.734002    35A     -0.711465    36A     -0.686189  
      37A     -0.662573    38A     -0.652286    39A     -0.615295  
      40A     -0.610632    41A     -0.596903    42A     -0.570320  
      43A     -0.554448    44A     -0.547954    45A     -0.546055  
      46A     -0.539963    47A     -0.535807    48A     -0.526981  
      49A     -0.526062    50A     -0.516035    51A     -0.497726  
      52A     -0.493089    53A     -0.482100    54A     -0.463985  
      55A     -0.463280    56A     -0.445993    57A     -0.429467  
      58A     -0.405469    59A     -0.398637    60A     -0.392913  
      61A     -0.368843    62A     -0.352305    63A     -0.341357  
      64A     -0.311094    65A     -0.309694  

    Virtual:                                                              

      66A     -0.015028    67A      0.020029    68A      0.037174  
      69A      0.056502    70A      0.057969    71A      0.064413  
      72A      0.067934    73A      0.073406    74A      0.077700  
      75A      0.081220    76A      0.086027    77A      0.092826  
      78A      0.094752    79A      0.096551    80A      0.102458  
      81A      0.107932    82A      0.110121    83A      0.112534  
      84A      0.116742    85A      0.120117    86A      0.126240  
      87A      0.131063    88A      0.132442    89A      0.134608  
      90A      0.140920    91A      0.143806    92A      0.154119  
      93A      0.156876    94A      0.160130    95A      0.161070  
      96A      0.171658    97A      0.173737    98A      0.178095  
      99A      0.181572   100A      0.182696   101A      0.187628  
     102A      0.191735   103A      0.194049   104A      0.195642  
     105A      0.202531   106A      0.206239   107A      0.216199  
     108A      0.219143   109A      0.221686   110A      0.224102  
     111A      0.229739   112A      0.233571   113A      0.237770  
     114A      0.241284   115A      0.243863   116A      0.250555  
     117A      0.257089   118A      0.260020   119A      0.264964  
     120A      0.266062   121A      0.267491   122A      0.272894  
     123A      0.279142   124A      0.279839   125A      0.281081  
     126A      0.285992   127A      0.287763   128A      0.291498  
     129A      0.294600   130A      0.297701   131A      0.301020  
     132A      0.304119   133A      0.306816   134A      0.314687  
     135A      0.316871   136A      0.320705   137A      0.321353  
     138A      0.327366   139A      0.330314   140A      0.335706  
     141A      0.342722   142A      0.345894   143A      0.350430  
     144A      0.354571   145A      0.360796   146A      0.367168  
     147A      0.370547   148A      0.371816   149A      0.375058  
     150A      0.381093   151A      0.385362   152A      0.389223  
     153A      0.391155   154A      0.401626   155A      0.406061  
     156A      0.412818   157A      0.413948   158A      0.424928  
     159A      0.427226   160A      0.435694   161A      0.438663  
     162A      0.450902   163A      0.452437   164A      0.460495  
     165A      0.470899   166A      0.480687   167A      0.484269  
     168A      0.504551   169A      0.515297   170A      0.532386  
     171A      0.550819   172A      0.559544   173A      0.563130  
     174A      0.576452   175A      0.585437   176A      0.595985  
     177A      0.605697   178A      0.613310   179A      0.614277  
     180A      0.615472   181A      0.620691   182A      0.627224  
     183A      0.630958   184A      0.653685   185A      0.658946  
     186A      0.662354   187A      0.671900   188A      0.674901  
     189A      0.687242   190A      0.693033   191A      0.698789  
     192A      0.703590   193A      0.711096   194A      0.725051  
     195A      0.727974   196A      0.731655   197A      0.737914  
     198A      0.745508   199A      0.747651   200A      0.752708  
     201A      0.762522   202A      0.764947   203A      0.784338  
     204A      0.787139   205A      0.789930   206A      0.798618  
     207A      0.812487   208A      0.824594   209A      0.829012  
     210A      0.847777   211A      0.853183   212A      0.863442  
     213A      0.871555   214A      0.875585   215A      0.880641  
     216A      0.889513   217A      0.900215   218A      0.903749  
     219A      0.917652   220A      0.927599   221A      0.948680  
     222A      0.952028   223A      0.956003   224A      0.958622  
     225A      0.967375   226A      0.977849   227A      0.981588  
     228A      0.986187   229A      0.989305   230A      0.994835  
     231A      1.010714   232A      1.024948   233A      1.030012  
     234A      1.040525   235A      1.043378   236A      1.061237  
     237A      1.063182   238A      1.065696   239A      1.073014  
     240A      1.087456   241A      1.095899   242A      1.110637  
     243A      1.123512   244A      1.132596   245A      1.137598  
     246A      1.159744   247A      1.166627   248A      1.178878  
     249A      1.188621   250A      1.195539   251A      1.199414  
     252A      1.212101   253A      1.217301   254A      1.217457  
     255A      1.220692   256A      1.233472   257A      1.260166  
     258A      1.286019   259A      1.291024   260A      1.307671  
     261A      1.313921   262A      1.326668   263A      1.339558  
     264A      1.356318   265A      1.387641   266A      1.404842  
     267A      1.461806   268A      1.464644   269A      1.477737  
     270A      1.503815   271A      1.523409   272A      1.528021  
     273A      1.561011   274A      1.587208   275A      1.592553  
     276A      1.596418   277A      1.603274   278A      1.606468  
     279A      1.612637   280A      1.617540   281A      1.642054  
     282A      1.649577   283A      1.655955   284A      1.660178  
     285A      1.675543   286A      1.678505   287A      1.682420  
     288A      1.694857   289A      1.708157   290A      1.713955  
     291A      1.718363   292A      1.735968   293A      1.752496  
     294A      1.764347   295A      1.766667   296A      1.776974  
     297A      1.808338   298A      1.814547   299A      1.821440  
     300A      1.827593   301A      1.830753   302A      1.858812  
     303A      1.860143   304A      1.879457   305A      1.885595  
     306A      1.894295   307A      1.901737   308A      1.921792  
     309A      1.938062   310A      1.946068   311A      1.970893  
     312A      1.974233   313A      1.982888   314A      1.994847  
     315A      2.027765   316A      2.029701   317A      2.050051  
     318A      2.058784   319A      2.072281   320A      2.073512  
     321A      2.086537   322A      2.096408   323A      2.138570  
     324A      2.139964   325A      2.147063   326A      2.157777  
     327A      2.191323   328A      2.194782   329A      2.215095  
     330A      2.227881   331A      2.242712   332A      2.246850  
     333A      2.272972   334A      2.287471   335A      2.306582  
     336A      2.316292   337A      2.329214   338A      2.345900  
     339A      2.366952   340A      2.369898   341A      2.400658  
     342A      2.421101   343A      2.423336   344A      2.452746  
     345A      2.478122   346A      2.493374   347A      2.521184  
     348A      2.526228   349A      2.540561   350A      2.559176  
     351A      2.560181   352A      2.581367   353A      2.606134  
     354A      2.616157   355A      2.622625   356A      2.638417  
     357A      2.654397   358A      2.665222   359A      2.671785  
     360A      2.686564   361A      2.698695   362A      2.729047  
     363A      2.742594   364A      2.748935   365A      2.773911  
     366A      2.778789   367A      2.795404   368A      2.797621  
     369A      2.812271   370A      2.819961   371A      2.837069  
     372A      2.859069   373A      2.876195   374A      2.878303  
     375A      2.912305   376A      2.920391   377A      2.935855  
     378A      2.956292   379A      2.960373   380A      2.968214  
     381A      2.969556   382A      2.987134   383A      2.994972  
     384A      3.010005   385A      3.017235   386A      3.024311  
     387A      3.040893   388A      3.049000   389A      3.057324  
     390A      3.062228   391A      3.091632   392A      3.123410  
     393A      3.163878   394A      3.173412   395A      3.184215  
     396A      3.253185   397A      3.287141   398A      3.304315  
     399A      3.329454   400A      3.411159   401A      3.441683  
     402A      3.449502   403A      3.464112   404A      3.482703  
     405A      3.517191   406A      3.562066   407A      3.595127  
     408A      3.640791   409A      3.691310   410A      3.717498  
     411A      3.729790   412A      3.757992   413A      3.801264  
     414A      3.829050   415A      3.838232   416A      3.863434  
     417A      3.866810   418A      3.901152   419A      3.970478  
     420A      3.992388   421A      4.015200   422A      4.033821  
     423A      4.039949   424A      4.068198   425A      4.154734  
     426A      4.200263   427A      4.275683   428A      4.331469  
     429A      4.386935   430A      4.530253   431A      4.592669  
     432A      4.929885   433A      4.943845   434A      5.079708  
     435A      5.176285   436A      5.209907   437A      5.417253  
     438A      5.433386   439A      5.906506   440A      8.042305  
     441A     17.482748   442A     17.574678   443A     17.609283  
     444A     23.757132   445A     23.978755   446A     23.993197  
     447A     24.034094   448A     24.041154   449A     24.047300  
     450A     24.060759   451A     24.116431   452A     24.128932  
     453A     24.161661   454A     24.245537   455A     24.330847  
     456A     35.756567   457A     35.786297   458A     35.839215  
     459A     50.155008   460A    189.289737  

    Final Occupation by Irrep:
              A 
    DOCC [    65 ]
    NA   [    65 ]
    NB   [    65 ]

  @DF-RKS Final Energy: -1102.74654715087627

   => Energetics <=

    Nuclear Repulsion Energy =           1182.8328177949642850
    One-Electron Energy =               -3853.0897196604669261
    Two-Electron Energy =                1654.8850924482881055
    DFT Exchange-Correlation Energy =     -87.3572403903305599
    Empirical Dispersion Energy =          -0.0174973433310426
    VV10 Nonlocal Energy =                  0.0000000000000000
    Total Energy =                      -1102.7465471508762676

Computation Completed


Properties will be evaluated at   0.000000,   0.000000,   0.000000 [a0]

Properties computed using the SCF density matrix


 Multipole Moments:

 ------------------------------------------------------------------------------------
     Multipole            Electronic (a.u.)      Nuclear  (a.u.)        Total (a.u.)
 ------------------------------------------------------------------------------------

 L = 1.  Multiply by 2.5417464519 to convert [e a0] to [Debye]
 Dipole X            :         52.7947952          -51.6406485            1.1541467
 Dipole Y            :          8.7680321           -9.7049368           -0.9369047
 Dipole Z            :         32.1386378          -31.3645836            0.7740542
 Magnitude           :                                                    1.6760086

 ------------------------------------------------------------------------------------

*** tstop() called on eristm01.eisai.local at Wed May 20 10:36:29 2026
Module time:
	user time   =     652.70 seconds =      10.88 minutes
	system time =      28.16 seconds =       0.47 minutes
	total time  =         87 seconds =       1.45 minutes
Total time:
	user time   =   52290.84 seconds =     871.51 minutes
	system time =    1835.91 seconds =      30.60 minutes
	total time  =       7455 seconds =     124.25 minutes

*** tstart() called on eristm01.eisai.local
*** at Wed May 20 10:36:29 2026


         ------------------------------------------------------------
                                   SCF GRAD                          
                          Rob Parrish, Justin Turney,                
                       Andy Simmonett, and Alex Sokolov              
         ------------------------------------------------------------

  ==> Geometry <==

    Molecular point group: c1
    Full point group: C1

    Geometry (in Angstrom), charge = 0, multiplicity = 1:

       Center              X                  Y                   Z               Mass       
    ------------   -----------------  -----------------  -----------------  -----------------
         C           -5.896241105156    -0.193104682635     0.589964718667    12.000000000000
         N           -5.526299919441    -1.410208762886     1.019443025067    14.003074004430
         C           -4.254604840530    -1.697176291306     0.960668649565    12.000000000000
         H           -3.959582178887    -2.681063161699     1.308345106581     1.007825032230
         C           -3.291484397010    -0.786567692268     0.471944395447    12.000000000000
         C           -1.915067536201    -1.045881406095     0.388305015119    12.000000000000
         C           -1.058766103897    -0.086574748480    -0.104735885490    12.000000000000
         N            0.302835170364    -0.389203006788    -0.167373652667    14.003074004430
         C            1.347974302626     0.377270007061    -0.606565455032    12.000000000000
         O            1.248699622738     1.503223971668    -1.030763957021    15.994914619570
         C            2.675823111295    -0.359227231053    -0.486557160320    12.000000000000
         C            3.805748879354     0.448157560358    -1.106511125207    12.000000000000
         S            5.407906233591    -0.408488208490    -0.982888644442    31.972071174400
         C            5.838796961330    -0.023718493696     0.738730366208    12.000000000000
         C           -1.568238919768     1.163058527639    -0.528339689836    12.000000000000
         H           -0.877823790654     1.896354470480    -0.910880461013     1.007825032230
         C           -2.903871950798     1.434418815431    -0.455089351055    12.000000000000
         C           -3.803079107780     0.470534827294     0.046108016772    12.000000000000
         N           -5.121783863359     0.739948096547     0.118204297731    14.003074004430
         H           -6.954984188587     0.024599177043     0.647245323147     1.007825032230
         H           -1.542373001209    -2.007500175932     0.716366679754     1.007825032230
         H            0.532358649060    -1.317929987591     0.161444196413     1.007825032230
         H            2.874428841285    -0.535105963798     0.574636098401     1.007825032230
         H            2.604039929165    -1.329706836399    -0.983671850763     1.007825032230
         H            3.626577691634     0.593064166706    -2.170768413074     1.007825032230
         H            3.898748709518     1.424373672167    -0.632504761438     1.007825032230
         H            5.121376963978    -0.476383209561     1.417285786560     1.007825032230
         H            5.867042873515     1.054131567519     0.871112176836     1.007825032230
         H            6.822852137358    -0.445283487908     0.912928418557     1.007825032230
         H           -3.301009173533     2.383948508384    -0.776081863468     1.007825032230

  Nuclear repulsion = 1182.832817794964285

  ==> Basis Set <==

  Basis Set: 6-311+G(D,P)
    Blend: 6-311+G(D,P)
    Number of shells: 226
    Number of basis functions: 460
    Number of Cartesian functions: 477
    Spherical Harmonics?: true
    Max angular momentum: 2

  ==> DFJKGrad: Density-Fitted SCF Gradients <==

    Gradient:                    1
    J tasked:                  Yes
    K tasked:                  Yes
    wK tasked:                 Yes
    Omega:               2.000E-01
    OpenMP threads:              8
    Integrals threads:           8
    Memory [MiB]:             5722
    Schwarz Cutoff:          1E-12
    Fitting Condition:       1E-10

   => Auxiliary Basis Set <=

  Basis Set: (6-311+G(D,P) AUX)
    Blend: HEAVY-AUG-CC-PVTZ-JKFIT
    Number of shells: 652
    Number of basis functions: 2200
    Number of Cartesian functions: 2731
    Spherical Harmonics?: true
    Max angular momentum: 4

  ==> DFT Potential <==

   => LibXC <=

    Version 7.0.0
    S. Lehtola, C. Steigemann, M. J.T. Oliveira, and M. A.L. Marques.,  SoftwareX 7, 1–5 (2018) (10.1016/j.softx.2017.11.002)

   => Composite Functional: WB97X-D <= 

    wB97X-D Hyb-GGA Exchange-Correlation Functional

    J.-D. Chai and M. Head-Gordon.,  Phys. Chem. Chem. Phys. 10, 6615-6620 (2008) (10.1039/B810189B)

    Deriv               =              1
    GGA                 =           TRUE
    Meta                =          FALSE

    Exchange Hybrid     =           TRUE
    MP2 Hybrid          =          FALSE

   => Exchange-Correlation Functionals <=

    1.0000   wB97X-D range-separated functional

   => Exact (HF) Exchange <=

    0.7780            HF,LR [omega = 0.2000]
    0.2220               HF 

   => LibXC Density Thresholds  <==

    XC_HYB_GGA_XC_WB97X_D:  1.00E-14 

   => Molecular Quadrature <=

    Radial Scheme          =       TREUTLER
    Pruning Scheme         =           NONE
    Nuclear Scheme         =       TREUTLER

    Blocking Scheme        =         OCTREE
    BS radius alpha        =              1
    Pruning alpha          =              1
    Radial Points          =             75
    Spherical Points       =            302
    Total Points           =         627558
    Total Blocks           =           4551
    Max Points             =            256
    Max Functions          =            319
    Weights Tolerance      =       1.00E-15


  -Total Gradient:
     Atom            X                  Y                   Z
    ------   -----------------  -----------------  -----------------
       1        0.004483137905    -0.005131089386     0.001387625067
       2        0.001893341933     0.011392017876    -0.004721172285
       3       -0.001829998877    -0.000979214619     0.000650944965
       4       -0.002262452324     0.002647776120    -0.000738112529
       5        0.004202739980    -0.008066469375     0.002673919561
       6       -0.002633727979    -0.001350807905     0.000865071372
       7        0.005137404376     0.003131112803    -0.002294971782
       8        0.002338998703     0.006748134044    -0.002483890580
       9       -0.005123935173     0.008576203115    -0.003420111308
      10        0.000699224454    -0.005718542166     0.002336061959
      11       -0.001083033386    -0.007887421484     0.003318961545
      12       -0.004833110564     0.006025267689    -0.002440073942
      13       -0.002130364662    -0.000657436548     0.002196345082
      14        0.004830895478     0.001410566304     0.007420758221
      15        0.000451816716    -0.004794501348     0.001804793620
      16       -0.000643920006    -0.001500787606     0.000539540962
      17       -0.000609005370     0.002744668297    -0.000958747536
      18       -0.005775224333     0.009005391911    -0.002770267013
      19        0.004731002614    -0.009305434033     0.003034693682
      20        0.002531837651    -0.000652794999    -0.000008921341
      21       -0.001574122002     0.002720055619    -0.000903058490
      22       -0.001760218231    -0.003458403086     0.001695552349
      23        0.000447293476     0.001750179166    -0.000699295306
      24        0.000129439586     0.001399655110    -0.001170230592
      25        0.000160606358    -0.002013839727     0.000449810022
      26        0.001391492918    -0.001849394861     0.001658732843
      27        0.000250059933     0.000480011747    -0.004277430462
      28       -0.001103538535    -0.002644438053    -0.002692234378
      29       -0.002873001807     0.000735257110    -0.002075714296
      30        0.000998969475    -0.003178257304     0.001135037198


*** tstop() called on eristm01.eisai.local at Wed May 20 10:36:49 2026
Module time:
	user time   =     136.55 seconds =       2.28 minutes
	system time =       1.72 seconds =       0.03 minutes
	total time  =         20 seconds =       0.33 minutes
Total time:
	user time   =   52427.40 seconds =     873.79 minutes
	system time =    1837.63 seconds =      30.63 minutes
	total time  =       7475 seconds =     124.58 minutes

    			-----------------------------------------

    			 OPTKING 3.0: for geometry optimizations 

    			     By R.A. King, Bethel University     

    			        with contributions from          

    			    A.V. Copan, J. Cayton, A. Heide      

    			-----------------------------------------

    
	                            ===> Fragment 1 <== 

	 Z (Atomic Numbers)          Masses                          Geom                  
	       6.000000            12.000000        -11.14228086  -0.36491496   1.11487174 
	       7.000000            14.003074        -10.44319333  -2.66490834   1.92646812 
	       6.000000            12.000000         -8.04003792 -3.20719838  1.81540064   
	       1.000000             1.007825         -7.48252589 -5.06647510  2.47241393   
	       6.000000            12.000000         -6.22000406 -1.48639752  0.89184565   
	       6.000000            12.000000         -3.61895316 -1.97642942  0.73379013   
	       6.000000            12.000000         -2.00077797 -0.16360256 -0.19792214   
	       7.000000            14.003074          0.57227553 -0.73548709 -0.31629036   
	       6.000000            12.000000          2.54730226  0.71293699 -1.14624259   
	       8.000000            15.994915          2.35970030  2.84068161 -1.94786158   
	       6.000000            12.000000          5.05657284 -0.67884108 -0.91945978   
	       6.000000            12.000000          7.19182308  0.84689505 -2.09100298   
	      16.000000            31.972071         10.21946169 -0.77193084 -1.85739035   
	       6.000000            12.000000         11.03372716 -0.04482146  1.39599807   
	       6.000000            12.000000         -2.96354206  2.19786209 -0.99841732   
	       1.000000             1.007825         -1.65884655  3.58359059 -1.72131460   
	       6.000000            12.000000         -5.48752269  2.71065871 -0.85999424   
	       6.000000            12.000000         -7.18677795  0.88918196  0.08713152   
	       7.000000            14.003074         -9.67876878  1.39829925  0.22337375   
	       1.000000             1.007825        -13.14301532   0.04648571   1.22311640 
	       1.000000             1.007825         -2.91466256 -3.79362553  1.35373683   
	       1.000000             1.007825          1.00601205 -2.49052673  0.30508532   
	       1.000000             1.007825          5.43188328 -1.01120372  1.08590485   
	       1.000000             1.007825          4.92092229 -2.51278175 -1.85887040   
	       1.000000             1.007825          6.85323861  1.12072885 -4.10215778   
	       1.000000             1.007825          7.36756729  2.69167614 -1.19526077   
	       1.000000             1.007825          9.67799985 -0.90023380  2.67828198   
	       1.000000             1.007825         11.08710420   1.99201996   1.64616344 
	       1.000000             1.007825         12.89332193 -0.84146384  1.72518468   
	       1.000000             1.007825         -6.23800328  4.50500978 -1.46658217   

	 - Coordinate -           - BOHR/RAD -       - ANG/DEG -
	 H(2,4)           =         3.851121           2.037925
	 R(1,2)           =         2.537200           1.342628
	 R(1,19)          =         2.458772           1.301126
	 R(1,20)          =         2.045460           1.082411
	 R(2,3)           =         2.466084           1.304995
	 R(3,4)           =         2.049243           1.084413
	 R(3,5)           =         2.669575           1.412678
	 R(5,6)           =         2.651524           1.403126
	 R(5,18)          =         2.688047           1.422453
	 R(6,7)           =         2.602483           1.377175
	 R(6,21)          =         2.045131           1.082237
	 R(7,8)           =         2.638497           1.396233
	 R(7,15)          =         2.672868           1.414421
	 R(8,9)           =         2.586017           1.368461
	 R(8,22)          =         1.911648           1.011601
	 R(9,10)          =         2.281465           1.207300
	 R(9,11)          =         2.878353           1.523159
	 R(11,12)         =         2.873966           1.520837
	 R(11,23)         =         2.067078           1.093850
	 R(11,24)         =         2.065002           1.092752
	 R(12,13)         =         3.441187           1.820998
	 R(12,25)         =         2.057758           1.088919
	 R(12,26)         =         2.058266           1.089187
	 R(13,14)         =         3.431654           1.815953
	 R(14,27)         =         2.052798           1.086294
	 R(14,28)         =         2.052841           1.086316
	 R(14,29)         =         2.049657           1.084632
	 R(15,16)         =         2.035941           1.077373
	 R(15,17)         =         2.579263           1.364887
	 R(17,18)         =         2.665013           1.410264
	 R(17,30)         =         2.037367           1.078128
	 R(18,19)         =         2.547112           1.347874
	 B(1,2,3)         =         2.041415         116.964476
	 B(1,19,18)       =         2.046987         117.283729
	 B(2,1,19)        =         2.216856         127.016496
	 B(2,1,20)        =         2.020732         115.779404
	 B(2,3,4)         =         2.037774         116.755876
	 B(2,3,5)         =         2.139104         122.561639
	 B(3,5,6)         =         2.177649         124.770069
	 B(3,5,18)        =         2.013111         115.342753
	 B(4,3,5)         =         2.106307         120.682485
	 B(5,6,7)         =         2.097343         120.168904
	 B(5,6,21)        =         2.075974         118.944566
	 B(5,18,17)       =         2.072703         118.757150
	 B(5,18,19)       =         2.108897         120.830903
	 B(6,5,18)        =         2.092426         119.887177
	 B(6,7,8)         =         2.061719         118.127789
	 B(6,7,15)        =         2.092867         119.912439
	 B(7,6,21)        =         2.109868         120.886531
	 B(7,8,9)         =         2.262420         129.627118
	 B(7,8,22)        =         1.988509         113.933193
	 B(7,15,16)       =         2.067861         118.479731
	 B(7,15,17)       =         2.108375         120.800997
	 B(8,7,15)        =         2.128599         121.959744
	 B(8,9,10)        =         2.180134         124.912492
	 B(8,9,11)        =         1.949471         111.696471
	 B(9,8,22)        =         2.032249         116.439267
	 B(9,11,12)       =         1.937863         111.031357
	 B(9,11,23)       =         1.888586         108.207998
	 B(9,11,24)       =         1.913801         109.652748
	 B(10,9,11)       =         2.153546         123.389072
	 B(11,12,13)      =         1.956555         112.102345
	 B(11,12,25)      =         1.924961         110.292136
	 B(11,12,26)      =         1.941052         111.214109
	 B(12,11,23)      =         1.924029         110.238756
	 B(12,11,24)      =         1.912233         109.562888
	 B(12,13,14)      =         1.745129          99.988499
	 B(13,12,25)      =         1.848053         105.885622
	 B(13,12,26)      =         1.893325         108.479554
	 B(13,14,27)      =         1.925383         110.316319
	 B(13,14,28)      =         1.909149         109.386197
	 B(13,14,29)      =         1.859999         106.570071
	 B(15,17,18)      =         2.102656         120.473326
	 B(15,17,30)      =         2.117161         121.304405
	 B(16,15,17)      =         2.106949         120.719266
	 B(17,18,19)      =         2.101585         120.411946
	 B(18,17,30)      =         2.063368         118.222265
	 B(19,1,20)       =         2.045597         117.204097
	 B(23,11,24)      =         1.886482         108.087437
	 B(25,12,26)      =         1.896647         108.669851
	 B(27,14,28)      =         1.933184         110.763302
	 B(27,14,29)      =         1.914423         109.688369
	 B(28,14,29)      =         1.920351         110.028008
	 D(1,2,3,4)       =        -3.141544        -179.997189
	 D(1,2,3,5)       =         0.000098           0.005643
	 D(1,19,18,5)     =        -0.000198          -0.011365
	 D(1,19,18,17)    =         3.141247         179.980190
	 D(2,1,19,18)     =         0.000440           0.025234
	 D(2,3,5,6)       =         3.141455         179.992095
	 D(2,3,5,18)      =         0.000094           0.005395
	 D(3,2,1,19)      =        -0.000393          -0.022490
	 D(3,2,1,20)      =         3.141593         180.000000
	 D(3,5,6,7)       =        -3.141245        -179.980075
	 D(3,5,6,21)      =         0.000435           0.024899
	 D(3,5,18,17)     =        -3.141492        -179.994250
	 D(3,5,18,19)     =        -0.000045          -0.002558
	 D(4,3,5,6)       =        -0.000087          -0.004964
	 D(4,3,5,18)      =        -3.141447        -179.991665
	 D(5,6,7,8)       =         3.140125         179.915917
	 D(5,6,7,15)      =        -0.000423          -0.024245
	 D(5,18,17,15)    =        -0.000432          -0.024764
	 D(5,18,17,30)    =         3.140821         179.955801
	 D(6,5,18,17)     =         0.000320           0.018350
	 D(6,5,18,19)     =        -3.141417        -179.989957
	 D(6,7,8,9)       =        -3.138961        -179.849210
	 D(6,7,8,22)      =         0.006962           0.398875
	 D(6,7,15,16)     =        -3.140779        -179.953392
	 D(6,7,15,17)     =         0.000314           0.018018
	 D(7,6,5,18)      =         0.000106           0.006062
	 D(7,8,9,10)      =         0.003279           0.187885
	 D(7,8,9,11)      =         3.136203         179.691194
	 D(7,15,17,18)    =         0.000121           0.006921
	 D(7,15,17,30)    =        -3.141122        -179.973036
	 D(8,7,6,21)      =        -0.001556          -0.089155
	 D(8,7,15,16)     =         0.001899           0.108807
	 D(8,7,15,17)     =        -3.140193        -179.919783
	 D(8,9,11,12)     =         3.041581         174.269747
	 D(8,9,11,23)     =        -1.127895         -64.623643
	 D(8,9,11,24)     =         0.925994          53.055529
	 D(9,8,7,15)      =         0.001565           0.089657
	 D(9,11,12,13)    =        -3.138948        -179.848474
	 D(9,11,12,25)    =        -1.084363         -62.129444
	 D(9,11,12,26)    =         1.021187          58.509689
	 D(10,9,8,22)     =         3.140452         179.934644
	 D(10,9,11,12)    =        -0.108526          -6.218065
	 D(10,9,11,23)    =         2.005183         114.888545
	 D(10,9,11,24)    =        -2.224113        -127.432283
	 D(11,9,8,22)     =        -0.009810          -0.562047
	 D(11,12,13,14)   =        -1.391251         -79.712786
	 D(12,13,14,27)   =         1.119443          64.139371
	 D(12,13,14,28)   =        -1.011165         -57.935459
	 D(12,13,14,29)   =        -3.086605        -176.849457
	 D(13,12,11,23)   =         1.051506          60.246867
	 D(13,12,11,24)   =        -1.022440         -58.581484
	 D(14,13,12,25)   =         2.792048         159.972539
	 D(14,13,12,26)   =         0.758929          43.483414
	 D(15,7,6,21)     =         3.141081         179.970683
	 D(15,7,8,22)     =        -3.135698        -179.662258
	 D(15,17,18,19)   =         3.141305         179.983507
	 D(16,15,17,18)   =         3.141203         179.977688
	 D(16,15,17,30)   =        -0.000040          -0.002269
	 D(18,5,6,21)     =        -3.141400        -179.988964
	 D(18,19,1,20)    =        -3.141543        -179.997159
	 D(19,18,17,30)   =        -0.000627          -0.035928
	 D(23,11,12,25)   =         3.106091         177.965897
	 D(23,11,12,26)   =        -1.071544         -61.394971
	 D(24,11,12,25)   =         1.032145          59.137546
	 D(24,11,12,26)   =         3.137695         179.776679


	        --- Internal Coordinate Step in ANG or DEG, aJ/ANG or AJ/DEG ---
	-------------------------------------------------------------------------------
	           Coordinate      Previous         Force          Change          New 
	           ----------      --------        ------          ------        ------
	               H(2,4)       2.03793        0.01935        0.00949       2.04742
	               R(1,2)       1.34263        0.10223        0.01219       1.35481
	              R(1,19)       1.30113        0.05964        0.00624       1.30736
	              R(1,20)       1.08241        0.02136        0.00381       1.08622
	               R(2,3)       1.30500        0.02316        0.00351       1.30851
	               R(3,4)       1.08441        0.01100        0.00410       1.08851
	               R(3,5)       1.41268        0.01643        0.00164       1.41432
	               R(5,6)       1.40313        0.04312        0.00583       1.40896
	              R(5,18)       1.42245       -0.03242       -0.00619       1.41626
	               R(6,7)       1.37717       -0.00364       -0.00033       1.37685
	              R(6,21)       1.08224        0.02673        0.00476       1.08700
	               R(7,8)       1.39623        0.07719        0.01065       1.40688
	              R(7,15)       1.41442        0.05200        0.00809       1.42251
	               R(8,9)       1.36846        0.06251        0.00778       1.37624
	              R(8,22)       1.01160       -0.02731       -0.00381       1.00779
	              R(9,10)       1.20730        0.05108        0.00323       1.21053
	              R(9,11)       1.52316        0.02250        0.00476       1.52792
	             R(11,12)       1.52084        0.02174        0.00456       1.52540
	             R(11,23)       1.09385        0.00704        0.00130       1.09515
	             R(11,24)       1.09275        0.00622        0.00115       1.09390
	             R(12,13)       1.82100        0.00554        0.00143       1.82243
	             R(12,25)       1.08892        0.00635        0.00116       1.09008
	             R(12,26)       1.08919        0.00634        0.00116       1.09034
	             R(13,14)       1.81595        0.00885        0.00225       1.81821
	             R(14,27)       1.08629        0.02473        0.00447       1.09076
	             R(14,28)       1.08632        0.02429        0.00439       1.09071
	             R(14,29)       1.08463        0.02673        0.00480       1.08943
	             R(15,16)       1.07737        0.01344        0.00236       1.07973
	             R(15,17)       1.36489        0.02545        0.00336       1.36825
	             R(17,18)       1.41026        0.02583        0.00360       1.41386
	             R(17,30)       1.07813        0.02878        0.00506       1.08319
	             R(18,19)       1.34787        0.07525        0.00865       1.35652
	             B(1,2,3)     116.96448       -0.00019       -0.37514     116.58934
	           B(1,19,18)     117.28373       -0.00021       -0.44384     116.83988
	            B(2,1,19)     127.01650       -0.00008        0.02338     127.03988
	            B(2,1,20)     115.77940        0.00005        0.04952     115.82892
	             B(2,3,4)     116.75588       -0.00008        0.28045     117.03633
	             B(2,3,5)     122.56164        0.00018        0.24029     122.80193
	             B(3,5,6)     124.77007       -0.00027       -0.55076     124.21931
	            B(3,5,18)     115.34275        0.00014        0.16853     115.51128
	             B(4,3,5)     120.68248       -0.00010       -0.52074     120.16174
	             B(5,6,7)     120.16890        0.00008        0.17774     120.34664
	            B(5,6,21)     118.94457        0.00000        0.09053     119.03509
	           B(5,18,17)     118.75715       -0.00012       -0.41986     118.33729
	           B(5,18,19)     120.83090        0.00016        0.38676     121.21766
	            B(6,5,18)     119.88718        0.00014        0.38220     120.26938
	             B(6,7,8)     118.12779       -0.00006       -0.21359     117.91420
	            B(6,7,15)     119.91244       -0.00015       -0.37606     119.53638
	            B(7,6,21)     120.88653       -0.00008       -0.26830     120.61823
	             B(7,8,9)     129.62712        0.00015        0.50059     130.12770
	            B(7,8,22)     113.93319        0.00012        0.63212     114.56532
	           B(7,15,16)     118.47973        0.00009        0.29230     118.77203
	           B(7,15,17)     120.80100       -0.00009       -0.20718     120.59381
	            B(8,7,15)     121.95974        0.00021        0.58950     122.54925
	            B(8,9,10)     124.91249       -0.00024       -0.72923     124.18326
	            B(8,9,11)     111.69647        0.00046        1.37052     113.06699
	            B(9,8,22)     116.43927       -0.00027       -1.13333     115.30594
	           B(9,11,12)     111.03136        0.00033        1.39858     112.42994
	           B(9,11,23)     108.20800       -0.00012       -0.45381     107.75418
	           B(9,11,24)     109.65275       -0.00010       -0.12212     109.53062
	           B(10,9,11)     123.38907       -0.00022       -0.65147     122.73761
	          B(11,12,13)     112.10235        0.00022        1.07351     113.17585
	          B(11,12,25)     110.29214        0.00003        0.16767     110.45980
	          B(11,12,26)     111.21411       -0.00009       -0.45603     110.75808
	          B(12,11,23)     110.23876       -0.00004        0.04162     110.28037
	          B(12,11,24)     109.56289       -0.00004        0.18580     109.74869
	          B(12,13,14)      99.98850       -0.00004       -0.13268      99.85582
	          B(13,12,25)     105.88562       -0.00007        0.10113     105.98675
	          B(13,12,26)     108.47955       -0.00000        0.47346     108.95302
	          B(13,14,27)     110.31632        0.00029        1.37191     111.68823
	          B(13,14,28)     109.38620        0.00021        1.01439     110.40058
	          B(13,14,29)     106.57007        0.00006        0.19371     106.76378
	          B(15,17,18)     120.47333        0.00014        0.44302     120.91634
	          B(15,17,30)     121.30441       -0.00010       -0.34105     120.96336
	          B(16,15,17)     120.71927        0.00000       -0.08511     120.63415
	          B(17,18,19)     120.41195       -0.00005        0.03309     120.44503
	          B(18,17,30)     118.22227       -0.00004       -0.10198     118.12028
	           B(19,1,20)     117.20410        0.00003       -0.07291     117.13119
	          B(23,11,24)     108.08744       -0.00004       -1.15868     106.92876
	          B(25,12,26)     108.66985       -0.00009       -1.43570     107.23415
	          B(27,14,28)     110.76330       -0.00018       -0.64851     110.11479
	          B(27,14,29)     109.68837       -0.00020       -0.98949     108.69888
	          B(28,14,29)     110.02801       -0.00018       -0.95591     109.07210
	           D(1,2,3,4)    -179.99719       -0.00000       -0.03526    -180.03245
	           D(1,2,3,5)       0.00564       -0.00000       -0.00688      -0.00123
	         D(1,19,18,5)      -0.01137        0.00000        0.03357       0.02221
	        D(1,19,18,17)     179.98019        0.00000        0.09319     180.07338
	         D(2,1,19,18)       0.02523        0.00000        0.01084       0.03608
	           D(2,3,5,6)     179.99210       -0.00000       -0.00423     179.98787
	          D(2,3,5,18)       0.00539        0.00000        0.04610       0.05149
	          D(3,2,1,19)      -0.02249       -0.00000       -0.02462      -0.04711
	          D(3,2,1,20)     180.00000       -0.00000       -0.08787     179.91213
	           D(3,5,6,7)    -179.98008        0.00000        0.10014    -179.87994
	          D(3,5,6,21)       0.02490        0.00000        0.02379       0.04869
	         D(3,5,18,17)    -179.99425       -0.00000       -0.11804    -180.11229
	         D(3,5,18,19)      -0.00256       -0.00000       -0.05961      -0.06217
	           D(4,3,5,6)      -0.00496        0.00000        0.02499       0.02003
	          D(4,3,5,18)    -179.99167        0.00000        0.07532    -179.91634
	           D(5,6,7,8)     179.91592       -0.00000       -0.02507     179.89085
	          D(5,6,7,15)      -0.02424        0.00000        0.06115       0.03691
	        D(5,18,17,15)      -0.02476       -0.00000       -0.01860      -0.04337
	        D(5,18,17,30)     179.95580        0.00000        0.05039     180.00619
	         D(6,5,18,17)       0.01835       -0.00000       -0.06973      -0.05138
	         D(6,5,18,19)    -179.98996       -0.00000       -0.01130    -180.00125
	           D(6,7,8,9)    -179.84921        0.00001        0.55131    -179.29790
	          D(6,7,8,22)       0.39887       -0.00000       -0.09099       0.30789
	         D(6,7,15,16)    -179.95339       -0.00000       -0.16677    -180.12016
	         D(6,7,15,17)       0.01802       -0.00000       -0.15023      -0.13221
	          D(7,6,5,18)       0.00606        0.00000        0.04751       0.05357
	          D(7,8,9,10)       0.18789       -0.00002       -0.70997      -0.52208
	          D(7,8,9,11)     179.69119       -0.00003       -1.45336     178.23783
	        D(7,15,17,18)       0.00692        0.00000        0.12834       0.13526
	        D(7,15,17,30)    -179.97304        0.00000        0.05733    -179.91571
	          D(8,7,6,21)      -0.08916        0.00000        0.05251      -0.03664
	         D(8,7,15,16)       0.10881       -0.00000       -0.07586       0.03295
	         D(8,7,15,17)    -179.91978       -0.00000       -0.05932    -179.97910
	         D(8,9,11,12)     174.26975        0.00002        1.66186     175.93161
	         D(8,9,11,23)     -64.62364        0.00009        2.28416     -62.33948
	         D(8,9,11,24)      53.05553       -0.00008        0.58037      53.63590
	          D(9,8,7,15)       0.08966        0.00001        0.46168       0.55134
	        D(9,11,12,13)    -179.84847       -0.00001       -0.91263    -180.76110
	        D(9,11,12,25)     -62.12944        0.00006        0.01989     -62.10955
	        D(9,11,12,26)      58.50969       -0.00010       -1.96076      56.54893
	         D(10,9,8,22)     179.93464       -0.00001       -0.06014     179.87450
	        D(10,9,11,12)      -6.21807        0.00001        0.93010      -5.28796
	        D(10,9,11,23)     114.88855        0.00008        1.55240     116.44095
	        D(10,9,11,24)    -127.43228       -0.00009       -0.15139    -127.58367
	         D(11,9,8,22)      -0.56205       -0.00002       -0.80353      -1.36558
	       D(11,12,13,14)     -79.71279        0.00009       10.78991     -68.92288
	       D(12,13,14,27)      64.13937        0.00005        0.09047      64.22984
	       D(12,13,14,28)     -57.93546       -0.00006       -0.70784     -58.64330
	       D(12,13,14,29)    -176.84946        0.00001       -0.22657    -177.07602
	       D(13,12,11,23)      60.24687       -0.00004       -1.28791      58.95896
	       D(13,12,11,24)     -58.58148        0.00005       -0.00733     -58.58881
	       D(14,13,12,25)     159.97254       -0.00003        9.89429     169.86683
	       D(14,13,12,26)      43.48341        0.00012       11.28029      54.76370
	         D(15,7,6,21)     179.97068        0.00000        0.13873     180.10941
	         D(15,7,8,22)    -179.66226       -0.00000       -0.18061    -179.84287
	       D(15,17,18,19)     179.98351       -0.00000       -0.07660     179.90691
	       D(16,15,17,18)     179.97769        0.00000        0.14529     180.12298
	       D(16,15,17,30)      -0.00227        0.00000        0.07428       0.07201
	         D(18,5,6,21)    -179.98896       -0.00000       -0.02883    -180.01779
	        D(18,19,1,20)    -179.99716        0.00000        0.07447    -179.92269
	       D(19,18,17,30)      -0.03593       -0.00000       -0.00760      -0.04353
	       D(23,11,12,25)     177.96590        0.00003       -0.35539     177.61051
	       D(23,11,12,26)     -61.39497       -0.00013       -2.33603     -63.73101
	       D(24,11,12,25)      59.13755        0.00012        0.92519      60.06274
	       D(24,11,12,26)     179.77668       -0.00003       -1.05545     178.72122
	-------------------------------------------------------------------------------

	                                 ==> Convergence Check <==                                  
    
	Measures of convergence in internal coordinates in au.
    
	Criteria marked as inactive (o), active & met (*), and active & unmet ( ).

	----------------------------------------------------------------------------------------------~
	   Step    Total Energy     Delta E     Max Force     RMS Force      Max Disp      RMS Disp   ~
	----------------------------------------------------------------------------------------------~
	  Convergence Criteria     1.00e-06 *    3.00e-04 *             o    1.20e-03 *             o~
	----------------------------------------------------------------------------------------------~
	     1   -1102.74654715   -1.10e+03      1.24e-02      2.50e-03 o    1.97e-01      2.88e-02 o  ~
	----------------------------------------------------------------------------------------------

Next Geometry in Ang 
	Fragment 1 (Ang)

	    C  -5.8917987257  -0.2216961323   0.6541413885
	    N  -5.4857948942  -1.4297445880   1.1138150169
	    C  -4.2055242520  -1.6874294637   1.0320036823
	    H  -3.8712409690  -2.6558608834   1.3997769513
	    C  -3.2720669874  -0.7701106115   0.4958189593
	    C  -1.8885126997  -1.0160799416   0.3936639592
	    C  -1.0502165475  -0.0634823136  -0.1406770945
	    N   0.3225753250  -0.3619146938  -0.2161162879
	    C   1.3708577587   0.3970815363  -0.6841716713
	    O   1.2527017244   1.5119969438  -1.1406649061
	    C   2.7236065630  -0.2992941044  -0.5439534077
	    C   3.8616580834   0.5111360158  -1.1562353283
	    S   5.4886317194  -0.2909892200  -0.9807324192
	    C   5.7180635667  -0.1394772923   0.8165664170
	    C  -1.5902720624   1.1736916128  -0.5893252937
	    H  -0.9214094467   1.9126797296  -1.0044595516
	    C  -2.9325854357   1.4220783769  -0.4965421781
	    C  -3.8134574322   0.4597220452   0.0483875964
	    N  -5.1424115344   0.7167798646   0.1375419594
	    H  -6.9569198032  -0.0213461373   0.7266052893
	    H  -1.4944414548  -1.9667946691   0.7435462117
	    H   0.5730174171  -1.2733573632   0.1334417778
	    H   2.9057878899  -0.4631918933   0.5234304013
	    H   2.6775885818  -1.2857972385  -1.0143886382
	    H   3.7044290116   0.6400104217  -2.2271865794
	    H   3.9082368376   1.5068742859  -0.7144369706
	    H   4.9688076205  -0.7089419847   1.3680036248
	    H   5.6882917627   0.9087186732   1.1166268506
	    H   6.7027849666  -0.5467671320   1.0430747959
	    H  -3.3503865836   2.3614661787  -0.8375545553


    Structure for next step:
    Molecular point group: c1
    Full point group: C1

    Geometry (in Angstrom), charge = 0, multiplicity = 1:

    C           -5.891798725688    -0.221696132313     0.654141388469
    N           -5.485794894184    -1.429744588027     1.113815016947
    C           -4.205524251962    -1.687429463693     1.032003682345
    H           -3.871240968971    -2.655860883396     1.399776951293
    C           -3.272066987443    -0.770110611529     0.495818959328
    C           -1.888512699659    -1.016079941566     0.393663959167
    C           -1.050216547533    -0.063482313616    -0.140677094518
    N            0.322575325022    -0.361914693811    -0.216116287863
    C            1.370857758693     0.397081536263    -0.684171671286
    O            1.252701724437     1.511996943843    -1.140664906092
    C            2.723606562950    -0.299294104386    -0.543953407693
    C            3.861658083426     0.511136015759    -1.156235328264
    S            5.488631719398    -0.290989219951    -0.980732419187
    C            5.718063566691    -0.139477292347     0.816566417003
    C           -1.590272062439     1.173691612761    -0.589325293725
    H           -0.921409446682     1.912679729649    -1.004459551646
    C           -2.932585435692     1.422078376876    -0.496542178099
    C           -3.813457432211     0.459722045163     0.048387596440
    N           -5.142411534374     0.716779864617     0.137541959408
    H           -6.956919803190    -0.021346137321     0.726605289302
    H           -1.494441454758    -1.966794669106     0.743546211658
    H            0.573017417057    -1.273357363155     0.133441777781
    H            2.905787889893    -0.463191893316     0.523430401329
    H            2.677588581814    -1.285797238475    -1.014388638214
    H            3.704429011634     0.640010421689    -2.227186579439
    H            3.908236837633     1.506874285855    -0.714436970567
    H            4.968807620479    -0.708941984715     1.368003624817
    H            5.688291762697     0.908718673209     1.116626850626
    H            6.702784966572    -0.546767131997     1.043074795946
    H           -3.350386583611     2.361466178750    -0.837554555268


Scratch directory: /tmp/
gradient() will perform analytic gradient computation.
   => Libint2 <=

    Primary   basis highest AM E, G, H:  7, 6, 3
    Auxiliary basis highest AM E, G, H:  7, 7, 4
    Onebody   basis highest AM E, G, H:  -, -, -
    Solid Harmonics ordering:            Gaussian

*** tstart() called on eristm01.eisai.local
*** at Wed May 20 10:36:49 2026

   => Loading Basis Set <=

    Name: 6-311+G(D,P)
    Role: ORBITAL
    Keyword: BASIS
    atoms 1, 3, 5-7, 9, 11-12, 14-15, 17-18 entry C          line   129 file /home2/shbae/bucket/covalent/.pixi/envs/default/share/psi4/basis/6-311pg_d_p_.gbs 
    atoms 2, 8, 19                          entry N          line   150 file /home2/shbae/bucket/covalent/.pixi/envs/default/share/psi4/basis/6-311pg_d_p_.gbs 
    atoms 4, 16, 20-30                      entry H          line    42 file /home2/shbae/bucket/covalent/.pixi/envs/default/share/psi4/basis/6-311pg_d_p_.gbs 
    atoms 10                                entry O          line   171 file /home2/shbae/bucket/covalent/.pixi/envs/default/share/psi4/basis/6-311pg_d_p_.gbs 
    atoms 13                                entry S          line   429 file /home2/shbae/bucket/covalent/.pixi/envs/default/share/psi4/basis/6-311pg_d_p_.gbs 

   => WB97X-D: Empirical Dispersion <=

    Chai and Head-Gordon Dispersion Correction
    Chai, J.-D.; Head-Gordon, M. (2010), J. Chem. Phys., 132: 6615-6620

        s6 =       1.000000


         ---------------------------------------------------------
                                   SCF
               by Justin Turney, Rob Parrish, Andy Simmonett
                          and Daniel G. A. Smith
                              RKS Reference
                        8 Threads,   7629 MiB Core
         ---------------------------------------------------------

  ==> Geometry <==

    Molecular point group: c1
    Full point group: C1

    Geometry (in Angstrom), charge = 0, multiplicity = 1:

       Center              X                  Y                   Z               Mass       
    ------------   -----------------  -----------------  -----------------  -----------------
         C           -5.891798725688    -0.221696132313     0.654141388469    12.000000000000
         N           -5.485794894184    -1.429744588027     1.113815016947    14.003074004430
         C           -4.205524251962    -1.687429463693     1.032003682345    12.000000000000
         H           -3.871240968971    -2.655860883396     1.399776951293     1.007825032230
         C           -3.272066987443    -0.770110611529     0.495818959328    12.000000000000
         C           -1.888512699659    -1.016079941566     0.393663959167    12.000000000000
         C           -1.050216547533    -0.063482313616    -0.140677094518    12.000000000000
         N            0.322575325022    -0.361914693811    -0.216116287863    14.003074004430
         C            1.370857758693     0.397081536263    -0.684171671286    12.000000000000
         O            1.252701724437     1.511996943843    -1.140664906092    15.994914619570
         C            2.723606562950    -0.299294104386    -0.543953407693    12.000000000000
         C            3.861658083426     0.511136015759    -1.156235328264    12.000000000000
         S            5.488631719398    -0.290989219951    -0.980732419187    31.972071174400
         C            5.718063566691    -0.139477292347     0.816566417003    12.000000000000
         C           -1.590272062439     1.173691612761    -0.589325293725    12.000000000000
         H           -0.921409446682     1.912679729649    -1.004459551646     1.007825032230
         C           -2.932585435692     1.422078376876    -0.496542178099    12.000000000000
         C           -3.813457432211     0.459722045163     0.048387596440    12.000000000000
         N           -5.142411534374     0.716779864617     0.137541959408    14.003074004430
         H           -6.956919803190    -0.021346137321     0.726605289302     1.007825032230
         H           -1.494441454758    -1.966794669106     0.743546211658     1.007825032230
         H            0.573017417057    -1.273357363155     0.133441777781     1.007825032230
         H            2.905787889893    -0.463191893316     0.523430401329     1.007825032230
         H            2.677588581814    -1.285797238475    -1.014388638214     1.007825032230
         H            3.704429011634     0.640010421689    -2.227186579439     1.007825032230
         H            3.908236837633     1.506874285855    -0.714436970567     1.007825032230
         H            4.968807620479    -0.708941984715     1.368003624817     1.007825032230
         H            5.688291762697     0.908718673209     1.116626850626     1.007825032230
         H            6.702784966572    -0.546767131997     1.043074795946     1.007825032230
         H           -3.350386583611     2.361466178750    -0.837554555268     1.007825032230

  Running in c1 symmetry.

  Rotational constants: A =      0.05487  B =      0.00431  C =      0.00409 [cm^-1]
  Rotational constants: A =   1645.01163  B =    129.28496  C =    122.54354 [MHz]
  Nuclear repulsion = 1178.710620780422914

  Charge       = 0
  Multiplicity = 1
  Electrons    = 130
  Nalpha       = 65
  Nbeta        = 65

  ==> Algorithm <==

  SCF Algorithm Type is DF.
  DIIS enabled.
  MOM disabled.
  Fractional occupation disabled.
  Guess Type is READ.
  Energy threshold   = 1.00e-08
  Density threshold  = 1.00e-08
  Integral threshold = 1.00e-12

  ==> Primary Basis <==

  Basis Set: 6-311+G(D,P)
    Blend: 6-311+G(D,P)
    Number of shells: 226
    Number of basis functions: 460
    Number of Cartesian functions: 477
    Spherical Harmonics?: true
    Max angular momentum: 2

  ==> DFT Potential <==

   => LibXC <=

    Version 7.0.0
    S. Lehtola, C. Steigemann, M. J.T. Oliveira, and M. A.L. Marques.,  SoftwareX 7, 1–5 (2018) (10.1016/j.softx.2017.11.002)

   => Composite Functional: WB97X-D <= 

    wB97X-D Hyb-GGA Exchange-Correlation Functional

    J.-D. Chai and M. Head-Gordon.,  Phys. Chem. Chem. Phys. 10, 6615-6620 (2008) (10.1039/B810189B)

    Deriv               =              1
    GGA                 =           TRUE
    Meta                =          FALSE

    Exchange Hybrid     =           TRUE
    MP2 Hybrid          =          FALSE

   => Exchange-Correlation Functionals <=

    1.0000   wB97X-D range-separated functional

   => Exact (HF) Exchange <=

    0.7780            HF,LR [omega = 0.2000]
    0.2220               HF 

   => LibXC Density Thresholds  <==

    XC_HYB_GGA_XC_WB97X_D:  1.00E-14 

   => Molecular Quadrature <=

    Radial Scheme          =       TREUTLER
    Pruning Scheme         =           NONE
    Nuclear Scheme         =       TREUTLER

    Blocking Scheme        =         OCTREE
    BS radius alpha        =              1
    Pruning alpha          =              1
    Radial Points          =             75
    Spherical Points       =            302
    Total Points           =         627660
    Total Blocks           =           4557
    Max Points             =            256
    Max Functions          =            319
    Weights Tolerance      =       1.00E-15

   => Loading Basis Set <=

    Name: (6-311+G(D,P) AUX)
    Role: JKFIT
    Keyword: DF_BASIS_SCF
    atoms 1, 3, 5-7, 9, 11-12, 14-15, 17-18 entry C          line   200 file /home2/shbae/bucket/covalent/.pixi/envs/default/share/psi4/basis/heavy-aug-cc-pvtz-jkfit.gbs 
    atoms 2, 8, 19                          entry N          line   262 file /home2/shbae/bucket/covalent/.pixi/envs/default/share/psi4/basis/heavy-aug-cc-pvtz-jkfit.gbs 
    atoms 4, 16, 20-30                      entry H          line   116 file /home2/shbae/bucket/covalent/.pixi/envs/default/share/psi4/basis/heavy-aug-cc-pvtz-jkfit.gbs 
    atoms 10                                entry O          line   324 file /home2/shbae/bucket/covalent/.pixi/envs/default/share/psi4/basis/heavy-aug-cc-pvtz-jkfit.gbs 
    atoms 13                                entry S          line   768 file /home2/shbae/bucket/covalent/.pixi/envs/default/share/psi4/basis/heavy-aug-cc-pvtz-jkfit.gbs 

   => Loading Basis Set <=

    Name: 6-311+G(D,P)
    Role: ORBITAL
    Keyword: BASIS
    atoms 1, 3, 5-7, 9, 11-12, 14-15, 17-18 entry C          line   129 file /home2/shbae/bucket/covalent/.pixi/envs/default/share/psi4/basis/6-311pg_d_p_.gbs 
    atoms 2, 8, 19                          entry N          line   150 file /home2/shbae/bucket/covalent/.pixi/envs/default/share/psi4/basis/6-311pg_d_p_.gbs 
    atoms 4, 16, 20-30                      entry H          line    42 file /home2/shbae/bucket/covalent/.pixi/envs/default/share/psi4/basis/6-311pg_d_p_.gbs 
    atoms 10                                entry O          line   171 file /home2/shbae/bucket/covalent/.pixi/envs/default/share/psi4/basis/6-311pg_d_p_.gbs 
    atoms 13                                entry S          line   429 file /home2/shbae/bucket/covalent/.pixi/envs/default/share/psi4/basis/6-311pg_d_p_.gbs 

  Reading orbitals from file /tmp/4_product.default.2248151.180.npy, no projection.

  ==> Integral Setup <==

  ==> DiskDFJK: Density-Fitted J/K Matrices <==

    J tasked:                  Yes
    K tasked:                  Yes
    wK tasked:                 Yes
    Omega:               2.000E-01
    OpenMP threads:              8
    Integrals threads:           8
    Memory [MiB]:             1477
    Algorithm:                Disk
    Integral Cache:           NONE
    Schwarz Cutoff:          1E-12
    Fitting Condition:       1E-10

   => Auxiliary Basis Set <=

  Basis Set: (6-311+G(D,P) AUX)
    Blend: HEAVY-AUG-CC-PVTZ-JKFIT
    Number of shells: 652
    Number of basis functions: 2200
    Number of Cartesian functions: 2731
    Spherical Harmonics?: true
    Max angular momentum: 4

  Cached 50.0% of DFT collocation blocks in 2.118 [GiB].

  Minimum eigenvalue in the overlap matrix is 4.8302394049E-07.
  Reciprocal condition number of the overlap matrix is 3.3472403947E-08.
    Using symmetric orthogonalization.

  ==> Pre-Iterations <==

  SCF Guess: Orbitals guess was supplied from a previous computation.

   -------------------------------------------------------
    Irrep   Nso     Nmo     Nalpha   Nbeta   Ndocc  Nsocc
   -------------------------------------------------------
     A        460     460      65      65      65       0
   -------------------------------------------------------
    Total     460     460      65      65      65       0
   -------------------------------------------------------

  ==> Iterations <==

                           Total Energy        Delta E     RMS |[F,P]|

   @DF-RKS iter   0: -1102.61130435450491   -1.10261e+03   9.65154e-04 
   @DF-RKS iter   1: -1102.74461844064172   -1.33314e-01   1.29808e-04 DIIS/ADIIS
   @DF-RKS iter   2: -1102.74686655980918   -2.24812e-03   9.45862e-05 DIIS
   @DF-RKS iter   3: -1102.74778646678647   -9.19907e-04   2.47762e-05 DIIS
   @DF-RKS iter   4: -1102.74787262120344   -8.61544e-05   1.31884e-05 DIIS
   @DF-RKS iter   5: -1102.74789201875274   -1.93975e-05   4.49062e-06 DIIS
   @DF-RKS iter   6: -1102.74789434322133   -2.32447e-06   1.61581e-06 DIIS
   @DF-RKS iter   7: -1102.74789485505244   -5.11831e-07   5.76784e-07 DIIS
   @DF-RKS iter   8: -1102.74789493485105   -7.97986e-08   2.90153e-07 DIIS
   @DF-RKS iter   9: -1102.74789495039818   -1.55471e-08   8.80600e-08 DIIS
   @DF-RKS iter  10: -1102.74789495213213   -1.73395e-09   4.32894e-08 DIIS
   @DF-RKS iter  11: -1102.74789495245341   -3.21279e-10   1.15801e-08 DIIS
   @DF-RKS iter  12: -1102.74789495248206   -2.86491e-11   6.62466e-09 DIIS
  Energy and wave function converged.


  ==> Post-Iterations <==

   Electrons on quadrature grid:
      Ntotal   =  129.9999355219 ; deviation = -6.448e-05 

    Orbital Energies [Eh]
    ---------------------

    Doubly Occupied:                                                      

       1A    -89.015873     2A    -19.242298     3A    -14.497357  
       4A    -14.445540     5A    -14.442974     6A    -10.419763  
       7A    -10.367178     8A    -10.356450     9A    -10.351949  
      10A    -10.344529    11A    -10.324836    12A    -10.323439  
      13A    -10.319417    14A    -10.318373    15A    -10.316934  
      16A    -10.311672    17A    -10.308172    18A     -8.056179  
      19A     -6.005684    20A     -6.001769    21A     -5.994820  
      22A     -1.177283    23A     -1.102457    24A     -1.073999  
      25A     -1.007780    26A     -0.974904    27A     -0.932718  
      28A     -0.894607    29A     -0.882218    30A     -0.859912  
      31A     -0.799057    32A     -0.778197    33A     -0.763761  
      34A     -0.733497    35A     -0.711178    36A     -0.685882  
      37A     -0.661903    38A     -0.651065    39A     -0.614847  
      40A     -0.610275    41A     -0.593911    42A     -0.570858  
      43A     -0.554383    44A     -0.546457    45A     -0.544766  
      46A     -0.538702    47A     -0.533811    48A     -0.526165  
      49A     -0.523762    50A     -0.514718    51A     -0.497994  
      52A     -0.494858    53A     -0.480443    54A     -0.463518  
      55A     -0.461773    56A     -0.446428    57A     -0.428500  
      58A     -0.404911    59A     -0.401077    60A     -0.395186  
      61A     -0.368091    62A     -0.352190    63A     -0.343110  
      64A     -0.312260    65A     -0.311597  

    Virtual:                                                              

      66A     -0.015570    67A      0.018591    68A      0.036490  
      69A      0.054906    70A      0.057375    71A      0.064808  
      72A      0.067900    73A      0.073016    74A      0.076729  
      75A      0.081411    76A      0.085777    77A      0.092631  
      78A      0.094609    79A      0.096618    80A      0.102813  
      81A      0.107695    82A      0.109701    83A      0.111750  
      84A      0.116974    85A      0.120210    86A      0.126258  
      87A      0.130865    88A      0.133050    89A      0.134863  
      90A      0.140011    91A      0.143750    92A      0.153452  
      93A      0.156825    94A      0.158848    95A      0.160425  
      96A      0.171614    97A      0.172078    98A      0.177381  
      99A      0.180017   100A      0.182486   101A      0.187685  
     102A      0.190030   103A      0.193999   104A      0.195236  
     105A      0.200852   106A      0.204787   107A      0.213793  
     108A      0.215977   109A      0.219579   110A      0.223358  
     111A      0.229503   112A      0.233740   113A      0.235653  
     114A      0.239039   115A      0.242587   116A      0.247396  
     117A      0.256270   118A      0.260483   119A      0.262724  
     120A      0.263784   121A      0.265803   122A      0.267910  
     123A      0.276299   124A      0.278528   125A      0.280107  
     126A      0.285899   127A      0.286992   128A      0.290447  
     129A      0.294049   130A      0.295793   131A      0.299985  
     132A      0.303218   133A      0.304928   134A      0.313431  
     135A      0.315022   136A      0.319907   137A      0.322369  
     138A      0.326209   139A      0.329538   140A      0.336231  
     141A      0.341600   142A      0.345358   143A      0.348559  
     144A      0.354089   145A      0.358105   146A      0.366119  
     147A      0.369019   148A      0.369533   149A      0.373744  
     150A      0.378990   151A      0.385512   152A      0.388798  
     153A      0.389203   154A      0.400260   155A      0.404853  
     156A      0.407806   157A      0.412881   158A      0.417454  
     159A      0.424644   160A      0.433130   161A      0.440099  
     162A      0.447051   163A      0.454591   164A      0.458135  
     165A      0.472394   166A      0.478653   167A      0.482260  
     168A      0.499726   169A      0.510626   170A      0.529424  
     171A      0.546921   172A      0.555221   173A      0.564302  
     174A      0.575380   175A      0.581955   176A      0.591078  
     177A      0.604312   178A      0.609966   179A      0.610735  
     180A      0.614752   181A      0.617385   182A      0.623939  
     183A      0.631987   184A      0.648440   185A      0.658463  
     186A      0.662114   187A      0.670783   188A      0.673651  
     189A      0.683282   190A      0.690891   191A      0.693440  
     192A      0.698372   193A      0.709904   194A      0.723499  
     195A      0.723670   196A      0.730242   197A      0.740065  
     198A      0.745059   199A      0.750091   200A      0.753293  
     201A      0.762041   202A      0.765463   203A      0.781035  
     204A      0.785039   205A      0.788160   206A      0.796020  
     207A      0.810257   208A      0.824072   209A      0.825736  
     210A      0.844963   211A      0.850033   212A      0.859388  
     213A      0.865844   214A      0.872361   215A      0.884920  
     216A      0.887263   217A      0.897729   218A      0.900440  
     219A      0.921234   220A      0.925883   221A      0.948693  
     222A      0.950083   223A      0.954677   224A      0.957344  
     225A      0.969084   226A      0.974354   227A      0.977857  
     228A      0.986103   229A      0.988787   230A      0.993533  
     231A      1.006871   232A      1.020480   233A      1.027805  
     234A      1.041281   235A      1.042188   236A      1.059998  
     237A      1.060933   238A      1.067006   239A      1.071391  
     240A      1.086896   241A      1.095415   242A      1.112067  
     243A      1.121261   244A      1.130573   245A      1.133808  
     246A      1.143927   247A      1.162889   248A      1.165257  
     249A      1.183663   250A      1.193640   251A      1.195204  
     252A      1.211777   253A      1.214522   254A      1.216828  
     255A      1.217668   256A      1.230679   257A      1.248201  
     258A      1.281775   259A      1.286706   260A      1.305354  
     261A      1.314954   262A      1.325940   263A      1.338996  
     264A      1.352926   265A      1.387381   266A      1.400996  
     267A      1.456439   268A      1.465690   269A      1.479769  
     270A      1.509152   271A      1.522161   272A      1.531401  
     273A      1.556024   274A      1.584449   275A      1.591088  
     276A      1.592546   277A      1.603133   278A      1.604605  
     279A      1.608707   280A      1.619514   281A      1.647217  
     282A      1.653409   283A      1.654213   284A      1.656675  
     285A      1.670816   286A      1.674039   287A      1.678328  
     288A      1.692758   289A      1.702733   290A      1.706976  
     291A      1.713659   292A      1.732813   293A      1.744284  
     294A      1.755636   295A      1.764470   296A      1.772934  
     297A      1.801198   298A      1.809578   299A      1.820060  
     300A      1.821387   301A      1.827306   302A      1.852389  
     303A      1.857072   304A      1.876055   305A      1.878925  
     306A      1.886656   307A      1.901101   308A      1.916158  
     309A      1.932468   310A      1.944330   311A      1.967847  
     312A      1.971238   313A      1.977701   314A      1.999323  
     315A      2.020529   316A      2.022691   317A      2.046804  
     318A      2.049578   319A      2.063865   320A      2.070372  
     321A      2.089606   322A      2.098391   323A      2.133408  
     324A      2.136507   325A      2.141202   326A      2.157171  
     327A      2.185495   328A      2.186509   329A      2.215246  
     330A      2.217416   331A      2.236962   332A      2.239419  
     333A      2.266921   334A      2.287542   335A      2.302115  
     336A      2.313383   337A      2.323118   338A      2.347034  
     339A      2.364487   340A      2.366454   341A      2.393783  
     342A      2.418200   343A      2.421483   344A      2.445062  
     345A      2.471860   346A      2.487722   347A      2.516644  
     348A      2.517546   349A      2.526262   350A      2.550684  
     351A      2.551929   352A      2.578572   353A      2.600894  
     354A      2.604239   355A      2.619643   356A      2.628901  
     357A      2.650200   358A      2.663101   359A      2.664168  
     360A      2.676775   361A      2.691635   362A      2.722792  
     363A      2.737040   364A      2.746614   365A      2.769110  
     366A      2.770858   367A      2.787377   368A      2.788409  
     369A      2.814040   370A      2.821517   371A      2.834490  
     372A      2.856883   373A      2.872344   374A      2.875578  
     375A      2.906446   376A      2.911810   377A      2.924888  
     378A      2.951440   379A      2.953704   380A      2.961308  
     381A      2.963593   382A      2.980916   383A      2.987088  
     384A      3.004134   385A      3.006543   386A      3.015442  
     387A      3.034758   388A      3.037094   389A      3.043439  
     390A      3.058539   391A      3.080035   392A      3.110526  
     393A      3.153049   394A      3.170478   395A      3.175053  
     396A      3.253241   397A      3.280858   398A      3.301778  
     399A      3.322133   400A      3.404491   401A      3.431367  
     402A      3.445675   403A      3.454603   404A      3.477319  
     405A      3.506069   406A      3.553661   407A      3.587157  
     408A      3.628848   409A      3.680236   410A      3.708138  
     411A      3.720893   412A      3.745602   413A      3.792029  
     414A      3.823202   415A      3.830610   416A      3.848217  
     417A      3.853013   418A      3.891035   419A      3.962056  
     420A      3.988022   421A      4.011585   422A      4.023267  
     423A      4.036024   424A      4.057824   425A      4.146019  
     426A      4.190852   427A      4.266071   428A      4.332258  
     429A      4.377710   430A      4.521905   431A      4.594553  
     432A      4.925737   433A      4.940717   434A      5.064393  
     435A      5.175202   436A      5.198964   437A      5.403365  
     438A      5.415938   439A      5.900467   440A      8.031647  
     441A     17.479281   442A     17.573685   443A     17.602376  
     444A     23.746347   445A     23.966793   446A     23.983998  
     447A     24.023692   448A     24.027214   449A     24.033940  
     450A     24.046371   451A     24.091313   452A     24.119369  
     453A     24.155122   454A     24.235781   455A     24.313803  
     456A     35.748084   457A     35.774475   458A     35.821775  
     459A     50.150068   460A    189.276748  

    Final Occupation by Irrep:
              A 
    DOCC [    65 ]
    NA   [    65 ]
    NB   [    65 ]

  @DF-RKS Final Energy: -1102.74789495248206

   => Energetics <=

    Nuclear Repulsion Energy =           1178.7106207804229143
    One-Electron Energy =               -3844.8523107612454623
    Two-Electron Energy =                1650.7195510116264359
    DFT Exchange-Correlation Energy =     -87.3082234511086881
    Empirical Dispersion Energy =          -0.0175325321769848
    VV10 Nonlocal Energy =                  0.0000000000000000
    Total Energy =                      -1102.7478949524820564

Computation Completed


Properties will be evaluated at   0.000000,   0.000000,   0.000000 [a0]

Properties computed using the SCF density matrix


 Multipole Moments:

 ------------------------------------------------------------------------------------
     Multipole            Electronic (a.u.)      Nuclear  (a.u.)        Total (a.u.)
 ------------------------------------------------------------------------------------

 L = 1.  Multiply by 2.5417464519 to convert [e a0] to [Debye]
 Dipole X            :         49.4606530          -48.3517413            1.1089117
 Dipole Y            :          4.8353501           -5.8193692           -0.9840190
 Dipole Z            :         33.5519364          -32.7599356            0.7920008
 Magnitude           :                                                    1.6808462

 ------------------------------------------------------------------------------------

*** tstop() called on eristm01.eisai.local at Wed May 20 10:37:42 2026
Module time:
	user time   =     387.99 seconds =       6.47 minutes
	system time =      17.15 seconds =       0.29 minutes
	total time  =         53 seconds =       0.88 minutes
Total time:
	user time   =   52825.60 seconds =     880.43 minutes
	system time =    1854.83 seconds =      30.91 minutes
	total time  =       7528 seconds =     125.47 minutes

*** tstart() called on eristm01.eisai.local
*** at Wed May 20 10:37:42 2026


         ------------------------------------------------------------
                                   SCF GRAD                          
                          Rob Parrish, Justin Turney,                
                       Andy Simmonett, and Alex Sokolov              
         ------------------------------------------------------------

  ==> Geometry <==

    Molecular point group: c1
    Full point group: C1

    Geometry (in Angstrom), charge = 0, multiplicity = 1:

       Center              X                  Y                   Z               Mass       
    ------------   -----------------  -----------------  -----------------  -----------------
         C           -5.891798725688    -0.221696132313     0.654141388469    12.000000000000
         N           -5.485794894184    -1.429744588027     1.113815016947    14.003074004430
         C           -4.205524251962    -1.687429463693     1.032003682345    12.000000000000
         H           -3.871240968971    -2.655860883396     1.399776951293     1.007825032230
         C           -3.272066987443    -0.770110611529     0.495818959328    12.000000000000
         C           -1.888512699659    -1.016079941566     0.393663959167    12.000000000000
         C           -1.050216547533    -0.063482313616    -0.140677094518    12.000000000000
         N            0.322575325022    -0.361914693811    -0.216116287863    14.003074004430
         C            1.370857758693     0.397081536263    -0.684171671286    12.000000000000
         O            1.252701724437     1.511996943843    -1.140664906092    15.994914619570
         C            2.723606562950    -0.299294104386    -0.543953407693    12.000000000000
         C            3.861658083426     0.511136015759    -1.156235328264    12.000000000000
         S            5.488631719398    -0.290989219951    -0.980732419187    31.972071174400
         C            5.718063566691    -0.139477292347     0.816566417003    12.000000000000
         C           -1.590272062439     1.173691612761    -0.589325293725    12.000000000000
         H           -0.921409446682     1.912679729649    -1.004459551646     1.007825032230
         C           -2.932585435692     1.422078376876    -0.496542178099    12.000000000000
         C           -3.813457432211     0.459722045163     0.048387596440    12.000000000000
         N           -5.142411534374     0.716779864617     0.137541959408    14.003074004430
         H           -6.956919803190    -0.021346137321     0.726605289302     1.007825032230
         H           -1.494441454758    -1.966794669106     0.743546211658     1.007825032230
         H            0.573017417057    -1.273357363155     0.133441777781     1.007825032230
         H            2.905787889893    -0.463191893316     0.523430401329     1.007825032230
         H            2.677588581814    -1.285797238475    -1.014388638214     1.007825032230
         H            3.704429011634     0.640010421689    -2.227186579439     1.007825032230
         H            3.908236837633     1.506874285855    -0.714436970567     1.007825032230
         H            4.968807620479    -0.708941984715     1.368003624817     1.007825032230
         H            5.688291762697     0.908718673209     1.116626850626     1.007825032230
         H            6.702784966572    -0.546767131997     1.043074795946     1.007825032230
         H           -3.350386583611     2.361466178750    -0.837554555268     1.007825032230

  Nuclear repulsion = 1178.710620780422914

  ==> Basis Set <==

  Basis Set: 6-311+G(D,P)
    Blend: 6-311+G(D,P)
    Number of shells: 226
    Number of basis functions: 460
    Number of Cartesian functions: 477
    Spherical Harmonics?: true
    Max angular momentum: 2

  ==> DFJKGrad: Density-Fitted SCF Gradients <==

    Gradient:                    1
    J tasked:                  Yes
    K tasked:                  Yes
    wK tasked:                 Yes
    Omega:               2.000E-01
    OpenMP threads:              8
    Integrals threads:           8
    Memory [MiB]:             5722
    Schwarz Cutoff:          1E-12
    Fitting Condition:       1E-10

   => Auxiliary Basis Set <=

  Basis Set: (6-311+G(D,P) AUX)
    Blend: HEAVY-AUG-CC-PVTZ-JKFIT
    Number of shells: 652
    Number of basis functions: 2200
    Number of Cartesian functions: 2731
    Spherical Harmonics?: true
    Max angular momentum: 4

  ==> DFT Potential <==

   => LibXC <=

    Version 7.0.0
    S. Lehtola, C. Steigemann, M. J.T. Oliveira, and M. A.L. Marques.,  SoftwareX 7, 1–5 (2018) (10.1016/j.softx.2017.11.002)

   => Composite Functional: WB97X-D <= 

    wB97X-D Hyb-GGA Exchange-Correlation Functional

    J.-D. Chai and M. Head-Gordon.,  Phys. Chem. Chem. Phys. 10, 6615-6620 (2008) (10.1039/B810189B)

    Deriv               =              1
    GGA                 =           TRUE
    Meta                =          FALSE

    Exchange Hybrid     =           TRUE
    MP2 Hybrid          =          FALSE

   => Exchange-Correlation Functionals <=

    1.0000   wB97X-D range-separated functional

   => Exact (HF) Exchange <=

    0.7780            HF,LR [omega = 0.2000]
    0.2220               HF 

   => LibXC Density Thresholds  <==

    XC_HYB_GGA_XC_WB97X_D:  1.00E-14 

   => Molecular Quadrature <=

    Radial Scheme          =       TREUTLER
    Pruning Scheme         =           NONE
    Nuclear Scheme         =       TREUTLER

    Blocking Scheme        =         OCTREE
    BS radius alpha        =              1
    Pruning alpha          =              1
    Radial Points          =             75
    Spherical Points       =            302
    Total Points           =         627660
    Total Blocks           =           4557
    Max Points             =            256
    Max Functions          =            319
    Weights Tolerance      =       1.00E-15


  -Total Gradient:
     Atom            X                  Y                   Z
    ------   -----------------  -----------------  -----------------
       1       -0.001023761487    -0.002678075170     0.001374529680
       2       -0.000285865119     0.002786734234    -0.001155131981
       3        0.001022745934    -0.000164908514    -0.000027327028
       4       -0.000445547977     0.000369879124     0.000003198946
       5        0.001486147257    -0.003148325124     0.001160266928
       6       -0.001425157112     0.000016004262     0.000197583711
       7        0.000909337164     0.000609043418    -0.000620236120
       8       -0.000315725986     0.001022194008     0.000261923523
       9       -0.001581842311    -0.000299315046    -0.001660918612
      10        0.000720254338    -0.000767861948     0.001019471608
      11        0.000820592338    -0.001955651826     0.001726329890
      12       -0.000335120839     0.001662614918    -0.002466080615
      13        0.001934207711    -0.000244141773    -0.001393622261
      14        0.000416376424    -0.000015313011     0.003251253410
      15       -0.000250099111    -0.000659311347     0.000350091388
      16       -0.000313044250    -0.000068406194     0.000047805302
      17       -0.000460215636     0.000249215884    -0.000106504360
      18       -0.003005318498     0.003301962275    -0.000977323612
      19        0.002547228518    -0.000872994951     0.000014302721
      20       -0.000339471275     0.000287124852    -0.000100944446
      21        0.000214667028    -0.000050387099     0.000038562893
      22       -0.000057939437     0.000292733434    -0.000004475620
      23        0.000616201846     0.000330786987    -0.000074222177
      24        0.000068558320     0.000851185617    -0.000158916821
      25       -0.000204645065     0.000064736726     0.000385533094
      26        0.000621527384    -0.000731609621     0.000146451268
      27       -0.000626810425     0.000265699901    -0.000625212861
      28        0.000006554949    -0.000385229814    -0.000689509066
      29       -0.000342786274     0.000034580510    -0.000414159431
      30       -0.000216958380    -0.000162823582     0.000079467092


*** tstop() called on eristm01.eisai.local at Wed May 20 10:38:02 2026
Module time:
	user time   =     137.79 seconds =       2.30 minutes
	system time =       1.71 seconds =       0.03 minutes
	total time  =         20 seconds =       0.33 minutes
Total time:
	user time   =   52963.40 seconds =     882.72 minutes
	system time =    1856.55 seconds =      30.94 minutes
	total time  =       7548 seconds =     125.80 minutes

    			-----------------------------------------

    			 OPTKING 3.0: for geometry optimizations 

    			     By R.A. King, Bethel University     

    			        with contributions from          

    			    A.V. Copan, J. Cayton, A. Heide      

    			-----------------------------------------

    
	                            ===> Fragment 1 <== 

	 Z (Atomic Numbers)          Masses                          Geom                  
	       6.000000            12.000000        -11.13388598  -0.41894497   1.23614807 
	       7.000000            14.003074        -10.36664993  -2.70182570   2.10480534 
	       6.000000            12.000000         -7.94728905 -3.18877954  1.95020432   
	       1.000000             1.007825         -7.31558520 -5.01884970  2.64519507   
	       6.000000            12.000000         -6.18331047 -1.45529814  0.93696204   
	       6.000000            12.000000         -3.56877179 -1.92011281  0.74391707   
	       6.000000            12.000000         -1.98462165 -0.11996419 -0.26584118   
	       7.000000            14.003074          0.60957902 -0.68391965 -0.40840060   
	       6.000000            12.000000          2.59054572  0.75037535 -1.29289708   
	       8.000000            15.994915          2.36726318  2.85726013 -2.15554427   
	       6.000000            12.000000          5.14687048 -0.56558389 -1.02792297   
	       6.000000            12.000000          7.29747617  0.96590708 -2.18496811   
	      16.000000            31.972071         10.37201075 -0.54988993 -1.85331567   
	       6.000000            12.000000         10.80557411 -0.26357388  1.54308689   
	       6.000000            12.000000         -3.00517866  2.21795570 -1.11366340   
	       1.000000             1.007825         -1.74121150  3.61444085 -1.89815346   
	       6.000000            12.000000         -5.54178331  2.68733866 -0.93832873   
	       6.000000            12.000000         -7.20639014  0.86874876  0.09143931   
	       7.000000            14.003074         -9.71774942  1.35451764  0.25991663   
	       1.000000             1.007825        -13.14667310  -0.04033835   1.37308500 
	       1.000000             1.007825         -2.82408506 -3.71670327  1.40509870   
	       1.000000             1.007825          1.08284598 -2.40629668  0.25216841   
	       1.000000             1.007825          5.49114329 -0.87530582  0.98914010   
	       1.000000             1.007825          5.05990910 -2.42980463 -1.91691671   
	       1.000000             1.007825          7.00035628  1.20944441 -4.20877267   
	       1.000000             1.007825          7.38549726  2.84757971 -1.35009021   
	       1.000000             1.007825          9.38968557 -1.33970619  2.58515219   
	       1.000000             1.007825         10.74931355   1.71722942   2.11011893 
	       1.000000             1.007825         12.66642786 -1.03324013  1.97112569   
	       1.000000             1.007825         -6.33131306  4.46252433 -1.58274872   

	 - Coordinate -           - BOHR/RAD -       - ANG/DEG -
	 H(2,4)           =         3.869059           2.047418
	 R(1,2)           =         2.560227           1.354814
	 R(1,19)          =         2.470555           1.307361
	 R(1,20)          =         2.052658           1.086220
	 R(2,3)           =         2.472718           1.308506
	 R(3,4)           =         2.056993           1.088514
	 R(3,5)           =         2.672684           1.414323
	 R(5,6)           =         2.662542           1.408957
	 R(5,18)          =         2.676340           1.416258
	 R(6,7)           =         2.601861           1.376845
	 R(6,21)          =         2.054132           1.087000
	 R(7,8)           =         2.658617           1.406880
	 R(7,15)          =         2.688161           1.422513
	 R(8,9)           =         2.600724           1.376244
	 R(8,22)          =         1.904446           1.007790
	 R(9,10)          =         2.287570           1.210530
	 R(9,11)          =         2.887344           1.527917
	 R(11,12)         =         2.882590           1.525401
	 R(11,23)         =         2.069540           1.095153
	 R(11,24)         =         2.067170           1.093899
	 R(12,13)         =         3.443893           1.822430
	 R(12,25)         =         2.059946           1.090076
	 R(12,26)         =         2.060452           1.090344
	 R(13,14)         =         3.435914           1.818207
	 R(14,27)         =         2.061238           1.090760
	 R(14,28)         =         2.061134           1.090705
	 R(14,29)         =         2.058733           1.089434
	 R(15,16)         =         2.040394           1.079730
	 R(15,17)         =         2.585619           1.368251
	 R(17,18)         =         2.671817           1.413865
	 R(17,30)         =         2.046929           1.083188
	 R(18,19)         =         2.563451           1.356520
	 B(1,2,3)         =         2.034868         116.589339
	 B(1,19,18)       =         2.039241         116.839884
	 B(2,1,19)        =         2.217264         127.039876
	 B(2,1,20)        =         2.021596         115.828921
	 B(2,3,4)         =         2.042669         117.036328
	 B(2,3,5)         =         2.143298         122.801925
	 B(3,5,6)         =         2.168036         124.219313
	 B(3,5,18)        =         2.016052         115.511278
	 B(4,3,5)         =         2.097218         120.161740
	 B(5,6,7)         =         2.100445         120.346641
	 B(5,6,21)        =         2.077554         119.035093
	 B(5,18,17)       =         2.065375         118.337290
	 B(5,18,19)       =         2.115647         121.217659
	 B(6,5,18)        =         2.099097         120.269378
	 B(6,7,8)         =         2.057991         117.914202
	 B(6,7,15)        =         2.086303         119.536381
	 B(7,6,21)        =         2.105185         120.618228
	 B(7,8,9)         =         2.271157         130.127703
	 B(7,8,22)        =         1.999542         114.565315
	 B(7,15,16)       =         2.072963         118.772033
	 B(7,15,17)       =         2.104759         120.593814
	 B(8,7,15)        =         2.138888         122.549247
	 B(8,9,10)        =         2.167407         124.183265
	 B(8,9,11)        =         1.973391         113.066987
	 B(9,8,22)        =         2.012468         115.305939
	 B(9,11,12)       =         1.962273         112.429938
	 B(9,11,23)       =         1.880665         107.754183
	 B(9,11,24)       =         1.911670         109.530623
	 B(10,9,11)       =         2.142175         122.737605
	 B(11,12,13)      =         1.975291         113.175854
	 B(11,12,25)      =         1.927887         110.459801
	 B(11,12,26)      =         1.933093         110.758076
	 B(12,11,23)      =         1.924756         110.280373
	 B(12,11,24)      =         1.915476         109.748693
	 B(12,13,14)      =         1.742813          99.855818
	 B(13,12,25)      =         1.849818         105.986751
	 B(13,12,26)      =         1.901589         108.953016
	 B(13,14,27)      =         1.949327         111.688231
	 B(13,14,28)      =         1.926854         110.400583
	 B(13,14,29)      =         1.863379         106.763780
	 B(15,17,18)      =         2.110388         120.916342
	 B(15,17,30)      =         2.111209         120.963356
	 B(16,15,17)      =         2.105463         120.634153
	 B(17,18,19)      =         2.102162         120.445032
	 B(18,17,30)      =         2.061588         118.120283
	 B(19,1,20)       =         2.044325         117.131192
	 B(23,11,24)      =         1.866259         106.928762
	 B(25,12,26)      =         1.871589         107.234150
	 B(27,14,28)      =         1.921866         110.114788
	 B(27,14,29)      =         1.897153         108.698876
	 B(28,14,29)      =         1.903667         109.072097
	 D(1,2,3,4)       =        -3.142159        -180.032452
	 D(1,2,3,5)       =        -0.000022          -0.001234
	 D(1,19,18,5)     =         0.000388           0.022210
	 D(1,19,18,17)    =         3.142873         180.073381
	 D(2,1,19,18)     =         0.000630           0.036078
	 D(2,3,5,6)       =         3.141381         179.987869
	 D(2,3,5,18)      =         0.000899           0.051494
	 D(3,2,1,19)      =        -0.000822          -0.047107
	 D(3,2,1,20)      =         3.140059         179.912127
	 D(3,5,6,7)       =        -3.139497        -179.879939
	 D(3,5,6,21)      =         0.000850           0.048694
	 D(3,5,18,17)     =        -3.143553        -180.112292
	 D(3,5,18,19)     =        -0.001085          -0.062170
	 D(4,3,5,6)       =         0.000350           0.020030
	 D(4,3,5,18)      =        -3.140133        -179.916345
	 D(5,6,7,8)       =         3.139688         179.890850
	 D(5,6,7,15)      =         0.000644           0.036906
	 D(5,18,17,15)    =        -0.000757          -0.043369
	 D(5,18,17,30)    =         3.141701         180.006189
	 D(6,5,18,17)     =        -0.000897          -0.051375
	 D(6,5,18,19)     =        -3.141615        -180.001253
	 D(6,7,8,9)       =        -3.129339        -179.297905
	 D(6,7,8,22)      =         0.005374           0.307886
	 D(6,7,15,16)     =        -3.143690        -180.120160
	 D(6,7,15,17)     =        -0.002308          -0.132215
	 D(7,6,5,18)      =         0.000935           0.053574
	 D(7,8,9,10)      =        -0.009112          -0.522083
	 D(7,8,9,11)      =         3.110837         178.237835
	 D(7,15,17,18)    =         0.002361           0.135260
	 D(7,15,17,30)    =        -3.140122        -179.915711
	 D(8,7,6,21)      =        -0.000640          -0.036644
	 D(8,7,15,16)     =         0.000575           0.032951
	 D(8,7,15,17)     =        -3.141228        -179.979103
	 D(8,9,11,12)     =         3.070586         175.931606
	 D(8,9,11,23)     =        -1.088029         -62.339482
	 D(8,9,11,24)     =         0.936123          53.635899
	 D(9,8,7,15)      =         0.009623           0.551342
	 D(9,11,12,13)    =        -3.154876        -180.761103
	 D(9,11,12,25)    =        -1.084016         -62.109554
	 D(9,11,12,26)    =         0.986965          56.548933
	 D(10,9,8,22)     =         3.139402         179.874503
	 D(10,9,11,12)    =        -0.092292          -5.287965
	 D(10,9,11,23)    =         2.032278         116.440947
	 D(10,9,11,24)    =        -2.226755        -127.583672
	 D(11,9,8,22)     =        -0.023834          -1.365580
	 D(11,12,13,14)   =        -1.202931         -68.922875
	 D(12,13,14,27)   =         1.121022          64.229836
	 D(12,13,14,28)   =        -1.023519         -58.643300
	 D(12,13,14,29)   =        -3.090560        -177.076024
	 D(13,12,11,23)   =         1.029028          58.958959
	 D(13,12,11,24)   =        -1.022568         -58.588812
	 D(14,13,12,25)   =         2.964735         169.866831
	 D(14,13,12,26)   =         0.955807          54.763705
	 D(15,7,6,21)     =         3.143502         180.109412
	 D(15,7,8,22)     =        -3.138850        -179.842868
	 D(15,17,18,19)   =         3.139968         179.906911
	 D(16,15,17,18)   =         3.143739         180.122981
	 D(16,15,17,30)   =         0.001257           0.072010
	 D(18,5,6,21)     =        -3.141903        -180.017792
	 D(18,19,1,20)    =        -3.140243        -179.922691
	 D(19,18,17,30)   =        -0.000760          -0.043532
	 D(23,11,12,25)   =         3.099888         177.610508
	 D(23,11,12,26)   =        -1.112316         -63.731005
	 D(24,11,12,25)   =         1.048293          60.062737
	 D(24,11,12,26)   =         3.119274         178.721224


	        --- Internal Coordinate Step in ANG or DEG, aJ/ANG or AJ/DEG ---
	-------------------------------------------------------------------------------
	           Coordinate      Previous         Force          Change          New 
	           ----------      --------        ------          ------        ------
	               H(2,4)       2.04742        0.00041        0.00643       2.05385
	               R(1,2)       1.35481        0.01945        0.00903       1.36384
	              R(1,19)       1.30736       -0.00597        0.00305       1.31041
	              R(1,20)       1.08622       -0.00318        0.00162       1.08784
	               R(2,3)       1.30851       -0.00580        0.00145       1.30995
	               R(3,4)       1.08851        0.00355        0.00289       1.09140
	               R(3,5)       1.41432        0.00376        0.00137       1.41570
	               R(5,6)       1.40896        0.00230        0.00359       1.41254
	              R(5,18)       1.41626       -0.01898       -0.00633       1.40993
	               R(6,7)       1.37685       -0.01080       -0.00147       1.37537
	              R(6,21)       1.08700       -0.00108        0.00251       1.08951
	               R(7,8)       1.40688       -0.01332        0.00430       1.41118
	              R(7,15)       1.42251       -0.00348        0.00414       1.42665
	               R(8,9)       1.37624       -0.00904        0.00335       1.37959
	              R(8,22)       1.00779        0.00231       -0.00185       1.00594
	              R(9,10)       1.21053        0.00960        0.00240       1.21293
	              R(9,11)       1.52792       -0.02183       -0.00165       1.52626
	             R(11,12)       1.52540       -0.01649       -0.00068       1.52472
	             R(11,23)       1.09515       -0.00005        0.00073       1.09588
	             R(11,24)       1.09390        0.00592        0.00168       1.09558
	             R(12,13)       1.82243       -0.01150       -0.00199       1.82044
	             R(12,25)       1.09008        0.00314        0.00119       1.09127
	             R(12,26)       1.09034        0.00458        0.00144       1.09178
	             R(13,14)       1.81821       -0.01320       -0.00190       1.81631
	             R(14,27)       1.09076       -0.00007        0.00251       1.09327
	             R(14,28)       1.09071        0.00456        0.00326       1.09396
	             R(14,29)       1.08943        0.00334        0.00328       1.09272
	             R(15,16)       1.07973        0.00215        0.00169       1.08142
	             R(15,17)       1.36825       -0.00882        0.00090       1.36915
	             R(17,18)       1.41386        0.00181        0.00226       1.41613
	             R(17,30)       1.08319        0.00065        0.00297       1.08616
	             R(18,19)       1.35652        0.01310        0.00630       1.36282
	             B(1,2,3)     116.58934       -0.00008       -0.43265     116.15669
	           B(1,19,18)     116.83988       -0.00007       -0.44510     116.39478
	            B(2,1,19)     127.03988        0.00007        0.25511     127.29498
	            B(2,1,20)     115.82892       -0.00005       -0.18155     115.64737
	             B(2,3,4)     117.03633        0.00002        0.25734     117.29367
	             B(2,3,5)     122.80193        0.00001        0.14158     122.94351
	             B(3,5,6)     124.21931       -0.00007       -0.48051     123.73880
	            B(3,5,18)     115.51128        0.00006        0.24272     115.75400
	             B(4,3,5)     120.16174       -0.00003       -0.39894     119.76280
	             B(5,6,7)     120.34664       -0.00005       -0.06493     120.28171
	            B(5,6,21)     119.03509        0.00001        0.07703     119.11212
	           B(5,18,17)     118.33729        0.00003       -0.13922     118.19807
	           B(5,18,19)     121.21766        0.00001        0.23836     121.45602
	            B(6,5,18)     120.26938        0.00000        0.23774     120.50712
	             B(6,7,8)     117.91420        0.00010        0.16238     118.07659
	            B(6,7,15)     119.53638        0.00007        0.00779     119.54417
	            B(7,6,21)     120.61823        0.00004       -0.01208     120.60615
	             B(7,8,9)     130.12770       -0.00026       -0.53482     129.59288
	            B(7,8,22)     114.56532        0.00013        0.76653     115.33185
	           B(7,15,16)     118.77203        0.00001        0.17115     118.94318
	           B(7,15,17)     120.59381       -0.00005       -0.26153     120.33228
	            B(8,7,15)     122.54925       -0.00018       -0.17027     122.37898
	            B(8,9,10)     124.18326       -0.00002       -0.47651     123.70676
	            B(8,9,11)     113.06699       -0.00004        0.64944     113.71643
	            B(9,8,22)     115.30594        0.00013       -0.23427     115.07167
	           B(9,11,12)     112.42994       -0.00013        0.36640     112.79634
	           B(9,11,23)     107.75418        0.00001       -0.36796     107.38622
	           B(9,11,24)     109.53062        0.00004        0.01340     109.54402
	           B(10,9,11)     122.73761        0.00007       -0.17787     122.55974
	          B(11,12,13)     113.17585        0.00013        1.07831     114.25416
	          B(11,12,25)     110.45980       -0.00006       -0.42723     110.03257
	          B(11,12,26)     110.75808       -0.00001       -0.04938     110.70869
	          B(12,11,23)     110.28037        0.00008        0.42172     110.70210
	          B(12,11,24)     109.74869        0.00004        0.27589     110.02458
	          B(12,13,14)      99.85582        0.00022        0.54924     100.40506
	          B(13,12,25)     105.98675       -0.00007       -0.52162     105.46513
	          B(13,12,26)     108.95302        0.00000        0.79652     109.74954
	          B(13,14,27)     111.68823        0.00007        1.06793     112.75616
	          B(13,14,28)     110.40058        0.00005        0.79268     111.19327
	          B(13,14,29)     106.76378        0.00000        0.07269     106.83647
	          B(15,17,18)     120.91634       -0.00001        0.22025     121.13659
	          B(15,17,30)     120.96336       -0.00002       -0.26943     120.69393
	          B(16,15,17)     120.63415        0.00004        0.09028     120.72444
	          B(17,18,19)     120.44503       -0.00005       -0.09915     120.34588
	          B(18,17,30)     118.12028        0.00003        0.04917     118.16945
	           B(19,1,20)     117.13119       -0.00001       -0.07354     117.05765
	          B(23,11,24)     106.92876       -0.00004       -0.78768     106.14108
	          B(25,12,26)     107.23415        0.00000       -1.02766     106.20649
	          B(27,14,28)     110.11479       -0.00003       -0.43608     109.67871
	          B(27,14,29)     108.69888       -0.00006       -0.86380     107.83508
	          B(28,14,29)     109.07210       -0.00003       -0.71770     108.35439
	           D(1,2,3,4)    -180.03245        0.00000        0.02758    -180.00488
	           D(1,2,3,5)      -0.00123        0.00000        0.05037       0.04913
	         D(1,19,18,5)       0.02221       -0.00000       -0.00232       0.01989
	        D(1,19,18,17)     180.07338       -0.00000        0.01335     180.08673
	         D(2,1,19,18)       0.03608       -0.00000       -0.04914      -0.01307
	           D(2,3,5,6)     179.98787       -0.00000       -0.13087     179.85700
	          D(2,3,5,18)       0.05149       -0.00000       -0.09366      -0.04217
	          D(3,2,1,19)      -0.04711        0.00000        0.02588      -0.02123
	          D(3,2,1,20)     179.91213        0.00000        0.05106     179.96319
	           D(3,5,6,7)    -179.87994       -0.00000       -0.03766    -179.91760
	          D(3,5,6,21)       0.04869       -0.00000       -0.01314       0.03556
	         D(3,5,18,17)    -180.11229        0.00000        0.05221    -180.06008
	         D(3,5,18,19)      -0.06217        0.00000        0.06754       0.00538
	           D(4,3,5,6)       0.02003       -0.00000       -0.10774      -0.08771
	          D(4,3,5,18)    -179.91634       -0.00000       -0.07054    -179.98688
	           D(5,6,7,8)     179.89085       -0.00000       -0.03583     179.85502
	          D(5,6,7,15)       0.03691       -0.00000        0.00104       0.03794
	        D(5,18,17,15)      -0.04337       -0.00000       -0.02637      -0.06973
	        D(5,18,17,30)     180.00619       -0.00000       -0.01526     179.99092
	         D(6,5,18,17)      -0.05138        0.00000        0.08862       0.03725
	         D(6,5,18,19)    -180.00125        0.00000        0.10395    -179.89730
	           D(6,7,8,9)    -179.29790       -0.00001       -0.19378    -179.49169
	          D(6,7,8,22)       0.30789       -0.00001       -0.53217      -0.22428
	         D(6,7,15,16)    -180.12016        0.00000       -0.06282    -180.18298
	         D(6,7,15,17)      -0.13221        0.00000        0.06223      -0.06998
	          D(7,6,5,18)       0.05357       -0.00000       -0.07659      -0.02301
	          D(7,8,9,10)      -0.52208       -0.00003       -2.57261      -3.09469
	          D(7,8,9,11)     178.23783        0.00000        0.13903     178.37686
	        D(7,15,17,18)       0.13526       -0.00000       -0.04884       0.08643
	        D(7,15,17,30)    -179.91571       -0.00000       -0.06005    -179.97576
	          D(8,7,6,21)      -0.03664       -0.00000       -0.06079      -0.09743
	         D(8,7,15,16)       0.03295        0.00000       -0.02483       0.00812
	         D(8,7,15,17)    -179.97910        0.00000        0.10023    -179.87888
	         D(8,9,11,12)     175.93161       -0.00003       -2.13522     173.79639
	         D(8,9,11,23)     -62.33948       -0.00001       -1.62737     -63.96685
	         D(8,9,11,24)      53.63590       -0.00003       -2.75084      50.88506
	          D(9,8,7,15)       0.55134       -0.00001       -0.23146       0.31988
	        D(9,11,12,13)    -180.76110        0.00004        0.57343    -180.18767
	        D(9,11,12,25)     -62.10955       -0.00001        0.31902     -61.79054
	        D(9,11,12,26)      56.54893       -0.00005       -1.24671      55.30223
	         D(10,9,8,22)     179.87450       -0.00004       -2.23816     177.63634
	        D(10,9,11,12)      -5.28796        0.00000        0.53680      -4.75117
	        D(10,9,11,23)     116.44095        0.00003        1.04465     117.48559
	        D(10,9,11,24)    -127.58367        0.00001       -0.07882    -127.66249
	         D(11,9,8,22)      -1.36558        0.00000        0.47347      -0.89211
	       D(11,12,13,14)     -68.92288       -0.00009      -14.78342     -83.70629
	       D(12,13,14,27)      64.22984        0.00006        9.27746      73.50730
	       D(12,13,14,28)     -58.64330        0.00001        8.48798     -50.15532
	       D(12,13,14,29)    -177.07602        0.00003        8.87369    -168.20234
	       D(13,12,11,23)      58.95896        0.00006        0.49987      59.45883
	       D(13,12,11,24)     -58.58881        0.00004        1.04400     -57.54482
	       D(14,13,12,25)     169.86683       -0.00005      -14.53632     155.33051
	       D(14,13,12,26)      54.76370       -0.00002      -13.45067      41.31304
	         D(15,7,6,21)     180.10941       -0.00000       -0.02392     180.08549
	         D(15,7,8,22)    -179.84287       -0.00001       -0.56985    -180.41272
	       D(15,17,18,19)     179.90691        0.00000       -0.04134     179.86557
	       D(16,15,17,18)     180.12298       -0.00000        0.07848     180.20146
	       D(16,15,17,30)       0.07201        0.00000        0.06726       0.13927
	         D(18,5,6,21)    -180.01779       -0.00000       -0.05206    -180.06985
	        D(18,19,1,20)    -179.92269       -0.00000       -0.07460    -179.99730
	       D(19,18,17,30)      -0.04353       -0.00000       -0.03024      -0.07377
	       D(23,11,12,25)     177.61051        0.00002        0.24546     177.85597
	       D(23,11,12,26)     -63.73101       -0.00003       -1.32026     -65.05127
	       D(24,11,12,25)      60.06274       -0.00001        0.78959      60.85232
	       D(24,11,12,26)     178.72122       -0.00005       -0.77614     177.94509
	-------------------------------------------------------------------------------

	                                 ==> Convergence Check <==                                  
    
	Measures of convergence in internal coordinates in au.
    
	Criteria marked as inactive (o), active & met (*), and active & unmet ( ).

	----------------------------------------------------------------------------------------------
	   Step    Total Energy     Delta E     Max Force     RMS Force      Max Disp      RMS Disp   
	----------------------------------------------------------------------------------------------
	  Convergence Criteria     1.00e-06 *    3.00e-04 *             o    1.20e-03 *             o
	----------------------------------------------------------------------------------------------
	     2   -1102.74789495   -1.35e-03      3.37e-03      8.23e-04 o    2.58e-01      4.30e-02 o  ~
	----------------------------------------------------------------------------------------------

Next Geometry in Ang 
	Fragment 1 (Ang)

	    C  -5.9559845733  -0.1554219543   0.5958769275
	    N  -5.5936949718  -1.4074382982   0.9974463354
	    C  -4.3176698445  -1.6927608430   0.9178796042
	    H  -4.0071193543  -2.6899436700   1.2346489802
	    C  -3.3508329555  -0.7721057639   0.4469009630
	    C  -1.9710394901  -1.0607938225   0.3568427168
	    C  -1.0928182998  -0.1110078304  -0.1103654544
	    N   0.2758544438  -0.4480399172  -0.1779956470
	    C   1.3491972397   0.3126228708  -0.5934497310
	    O   1.2461398943   1.4374702348  -1.0353710731
	    C   2.6910955842  -0.4056947861  -0.4802794174
	    C   3.8415104042   0.3932413101  -1.0828004133
	    S   5.4631823926  -0.4253777960  -0.9643482662
	    C   5.9516204438   0.0560852778   0.7174982475
	    C  -1.5846809014   1.1692835079  -0.5031233005
	    H  -0.8852033251   1.9097881063  -0.8662314974
	    C  -2.9215320153   1.4523544813  -0.4177927209
	    C  -3.8445799859   0.4907081376   0.0603703135
	    N  -5.1715317968   0.7906431690   0.1411598374
	    H  -7.0174563039   0.0724444534   0.6648233751
	    H  -1.6140585954  -2.0436524038   0.6627730067
	    H   0.5061445023  -1.3770645617   0.1314973562
	    H   2.8697465065  -0.6001696114   0.5833082947
	    H   2.6231667604  -1.3872531548  -0.9621669390
	    H   3.6708592962   0.5479351880  -2.1494841774
	    H   3.8967285714   1.3877351814  -0.6356697893
	    H   5.3940448631  -0.4805537382   1.4897515815
	    H   5.8436270143   1.1343486483   0.8672890549
	    H   7.0077049240  -0.2023958410   0.8265875045
	    H  -3.3024204278   2.4249734476  -0.7155756722


    Structure for next step:
    Molecular point group: c1
    Full point group: C1

    Geometry (in Angstrom), charge = 0, multiplicity = 1:

    C           -5.955984573276    -0.155421954297     0.595876927456
    N           -5.593694971835    -1.407438298197     0.997446335440
    C           -4.317669844453    -1.692760843017     0.917879604157
    H           -4.007119354254    -2.689943669995     1.234648980181
    C           -3.350832955500    -0.772105763906     0.446900962974
    C           -1.971039490064    -1.060793822487     0.356842716768
    C           -1.092818299808    -0.111007830367    -0.110365454365
    N            0.275854443765    -0.448039917193    -0.177995647010
    C            1.349197239748     0.312622870816    -0.593449731035
    O            1.246139894300     1.437470234772    -1.035371073075
    C            2.691095584152    -0.405694786057    -0.480279417384
    C            3.841510404211     0.393241310070    -1.082800413252
    S            5.463182392621    -0.425377796018    -0.964348266200
    C            5.951620443805     0.056085277771     0.717498247539
    C           -1.584680901445     1.169283507890    -0.503123300532
    H           -0.885203325134     1.909788106250    -0.866231497404
    C           -2.921532015320     1.452354481289    -0.417792720885
    C           -3.844579985911     0.490708137571     0.060370313491
    N           -5.171531796763     0.790643168981     0.141159837420
    H           -7.017456303922     0.072444453411     0.664823375097
    H           -1.614058595437    -2.043652403827     0.662773006721
    H            0.506144502254    -1.377064561681     0.131497356231
    H            2.869746506549    -0.600169611419     0.583308294715
    H            2.623166760399    -1.387253154804    -0.962166938968
    H            3.670859296204     0.547935187989    -2.149484177446
    H            3.896728571404     1.387735181433    -0.635669789270
    H            5.394044863112    -0.480553738206     1.489751581481
    H            5.843627014315     1.134348648304     0.867289054909
    H            7.007704924044    -0.202395840970     0.826587504471
    H           -3.302420427763     2.424973447608    -0.715575672225


Scratch directory: /tmp/
gradient() will perform analytic gradient computation.
   => Libint2 <=

    Primary   basis highest AM E, G, H:  7, 6, 3
    Auxiliary basis highest AM E, G, H:  7, 7, 4
    Onebody   basis highest AM E, G, H:  -, -, -
    Solid Harmonics ordering:            Gaussian

*** tstart() called on eristm01.eisai.local
*** at Wed May 20 10:38:03 2026

   => Loading Basis Set <=

    Name: 6-311+G(D,P)
    Role: ORBITAL
    Keyword: BASIS
    atoms 1, 3, 5-7, 9, 11-12, 14-15, 17-18 entry C          line   129 file /home2/shbae/bucket/covalent/.pixi/envs/default/share/psi4/basis/6-311pg_d_p_.gbs 
    atoms 2, 8, 19                          entry N          line   150 file /home2/shbae/bucket/covalent/.pixi/envs/default/share/psi4/basis/6-311pg_d_p_.gbs 
    atoms 4, 16, 20-30                      entry H          line    42 file /home2/shbae/bucket/covalent/.pixi/envs/default/share/psi4/basis/6-311pg_d_p_.gbs 
    atoms 10                                entry O          line   171 file /home2/shbae/bucket/covalent/.pixi/envs/default/share/psi4/basis/6-311pg_d_p_.gbs 
    atoms 13                                entry S          line   429 file /home2/shbae/bucket/covalent/.pixi/envs/default/share/psi4/basis/6-311pg_d_p_.gbs 

   => WB97X-D: Empirical Dispersion <=

    Chai and Head-Gordon Dispersion Correction
    Chai, J.-D.; Head-Gordon, M. (2010), J. Chem. Phys., 132: 6615-6620

        s6 =       1.000000


         ---------------------------------------------------------
                                   SCF
               by Justin Turney, Rob Parrish, Andy Simmonett
                          and Daniel G. A. Smith
                              RKS Reference
                        8 Threads,   7629 MiB Core
         ---------------------------------------------------------

  ==> Geometry <==

    Molecular point group: c1
    Full point group: C1

    Geometry (in Angstrom), charge = 0, multiplicity = 1:

       Center              X                  Y                   Z               Mass       
    ------------   -----------------  -----------------  -----------------  -----------------
         C           -5.955984573276    -0.155421954297     0.595876927456    12.000000000000
         N           -5.593694971835    -1.407438298197     0.997446335440    14.003074004430
         C           -4.317669844453    -1.692760843017     0.917879604157    12.000000000000
         H           -4.007119354254    -2.689943669995     1.234648980181     1.007825032230
         C           -3.350832955500    -0.772105763906     0.446900962974    12.000000000000
         C           -1.971039490064    -1.060793822487     0.356842716768    12.000000000000
         C           -1.092818299808    -0.111007830367    -0.110365454365    12.000000000000
         N            0.275854443765    -0.448039917193    -0.177995647010    14.003074004430
         C            1.349197239748     0.312622870816    -0.593449731035    12.000000000000
         O            1.246139894300     1.437470234772    -1.035371073075    15.994914619570
         C            2.691095584152    -0.405694786057    -0.480279417384    12.000000000000
         C            3.841510404211     0.393241310070    -1.082800413252    12.000000000000
         S            5.463182392621    -0.425377796018    -0.964348266200    31.972071174400
         C            5.951620443805     0.056085277771     0.717498247539    12.000000000000
         C           -1.584680901445     1.169283507890    -0.503123300532    12.000000000000
         H           -0.885203325134     1.909788106250    -0.866231497404     1.007825032230
         C           -2.921532015320     1.452354481289    -0.417792720885    12.000000000000
         C           -3.844579985911     0.490708137571     0.060370313491    12.000000000000
         N           -5.171531796763     0.790643168981     0.141159837420    14.003074004430
         H           -7.017456303922     0.072444453411     0.664823375097     1.007825032230
         H           -1.614058595437    -2.043652403827     0.662773006721     1.007825032230
         H            0.506144502254    -1.377064561681     0.131497356231     1.007825032230
         H            2.869746506549    -0.600169611419     0.583308294715     1.007825032230
         H            2.623166760399    -1.387253154804    -0.962166938968     1.007825032230
         H            3.670859296204     0.547935187989    -2.149484177446     1.007825032230
         H            3.896728571404     1.387735181433    -0.635669789270     1.007825032230
         H            5.394044863112    -0.480553738206     1.489751581481     1.007825032230
         H            5.843627014315     1.134348648304     0.867289054909     1.007825032230
         H            7.007704924044    -0.202395840970     0.826587504471     1.007825032230
         H           -3.302420427763     2.424973447608    -0.715575672225     1.007825032230

  Running in c1 symmetry.

  Rotational constants: A =      0.05714  B =      0.00422  C =      0.00403 [cm^-1]
  Rotational constants: A =   1713.00576  B =    126.64024  C =    120.77512 [MHz]
  Nuclear repulsion = 1174.860359533069413

  Charge       = 0
  Multiplicity = 1
  Electrons    = 130
  Nalpha       = 65
  Nbeta        = 65

  ==> Algorithm <==

  SCF Algorithm Type is DF.
  DIIS enabled.
  MOM disabled.
  Fractional occupation disabled.
  Guess Type is READ.
  Energy threshold   = 1.00e-08
  Density threshold  = 1.00e-08
  Integral threshold = 1.00e-12

  ==> Primary Basis <==

  Basis Set: 6-311+G(D,P)
    Blend: 6-311+G(D,P)
    Number of shells: 226
    Number of basis functions: 460
    Number of Cartesian functions: 477
    Spherical Harmonics?: true
    Max angular momentum: 2

  ==> DFT Potential <==

   => LibXC <=

    Version 7.0.0
    S. Lehtola, C. Steigemann, M. J.T. Oliveira, and M. A.L. Marques.,  SoftwareX 7, 1–5 (2018) (10.1016/j.softx.2017.11.002)

   => Composite Functional: WB97X-D <= 

    wB97X-D Hyb-GGA Exchange-Correlation Functional

    J.-D. Chai and M. Head-Gordon.,  Phys. Chem. Chem. Phys. 10, 6615-6620 (2008) (10.1039/B810189B)

    Deriv               =              1
    GGA                 =           TRUE
    Meta                =          FALSE

    Exchange Hybrid     =           TRUE
    MP2 Hybrid          =          FALSE

   => Exchange-Correlation Functionals <=

    1.0000   wB97X-D range-separated functional

   => Exact (HF) Exchange <=

    0.7780            HF,LR [omega = 0.2000]
    0.2220               HF 

   => LibXC Density Thresholds  <==

    XC_HYB_GGA_XC_WB97X_D:  1.00E-14 

   => Molecular Quadrature <=

    Radial Scheme          =       TREUTLER
    Pruning Scheme         =           NONE
    Nuclear Scheme         =       TREUTLER

    Blocking Scheme        =         OCTREE
    BS radius alpha        =              1
    Pruning alpha          =              1
    Radial Points          =             75
    Spherical Points       =            302
    Total Points           =         628062
    Total Blocks           =           4564
    Max Points             =            256
    Max Functions          =            320
    Weights Tolerance      =       1.00E-15

   => Loading Basis Set <=

    Name: (6-311+G(D,P) AUX)
    Role: JKFIT
    Keyword: DF_BASIS_SCF
    atoms 1, 3, 5-7, 9, 11-12, 14-15, 17-18 entry C          line   200 file /home2/shbae/bucket/covalent/.pixi/envs/default/share/psi4/basis/heavy-aug-cc-pvtz-jkfit.gbs 
    atoms 2, 8, 19                          entry N          line   262 file /home2/shbae/bucket/covalent/.pixi/envs/default/share/psi4/basis/heavy-aug-cc-pvtz-jkfit.gbs 
    atoms 4, 16, 20-30                      entry H          line   116 file /home2/shbae/bucket/covalent/.pixi/envs/default/share/psi4/basis/heavy-aug-cc-pvtz-jkfit.gbs 
    atoms 10                                entry O          line   324 file /home2/shbae/bucket/covalent/.pixi/envs/default/share/psi4/basis/heavy-aug-cc-pvtz-jkfit.gbs 
    atoms 13                                entry S          line   768 file /home2/shbae/bucket/covalent/.pixi/envs/default/share/psi4/basis/heavy-aug-cc-pvtz-jkfit.gbs 

   => Loading Basis Set <=

    Name: 6-311+G(D,P)
    Role: ORBITAL
    Keyword: BASIS
    atoms 1, 3, 5-7, 9, 11-12, 14-15, 17-18 entry C          line   129 file /home2/shbae/bucket/covalent/.pixi/envs/default/share/psi4/basis/6-311pg_d_p_.gbs 
    atoms 2, 8, 19                          entry N          line   150 file /home2/shbae/bucket/covalent/.pixi/envs/default/share/psi4/basis/6-311pg_d_p_.gbs 
    atoms 4, 16, 20-30                      entry H          line    42 file /home2/shbae/bucket/covalent/.pixi/envs/default/share/psi4/basis/6-311pg_d_p_.gbs 
    atoms 10                                entry O          line   171 file /home2/shbae/bucket/covalent/.pixi/envs/default/share/psi4/basis/6-311pg_d_p_.gbs 
    atoms 13                                entry S          line   429 file /home2/shbae/bucket/covalent/.pixi/envs/default/share/psi4/basis/6-311pg_d_p_.gbs 

  Reading orbitals from file /tmp/4_product.default.2248151.180.npy, no projection.

  ==> Integral Setup <==

  ==> DiskDFJK: Density-Fitted J/K Matrices <==

    J tasked:                  Yes
    K tasked:                  Yes
    wK tasked:                 Yes
    Omega:               2.000E-01
    OpenMP threads:              8
    Integrals threads:           8
    Memory [MiB]:             1471
    Algorithm:                Disk
    Integral Cache:           NONE
    Schwarz Cutoff:          1E-12
    Fitting Condition:       1E-10

   => Auxiliary Basis Set <=

  Basis Set: (6-311+G(D,P) AUX)
    Blend: HEAVY-AUG-CC-PVTZ-JKFIT
    Number of shells: 652
    Number of basis functions: 2200
    Number of Cartesian functions: 2731
    Spherical Harmonics?: true
    Max angular momentum: 4

  Cached 50.0% of DFT collocation blocks in 2.109 [GiB].

  Minimum eigenvalue in the overlap matrix is 4.9077302480E-07.
  Reciprocal condition number of the overlap matrix is 3.4050762578E-08.
    Using symmetric orthogonalization.

  ==> Pre-Iterations <==

  SCF Guess: Orbitals guess was supplied from a previous computation.

   -------------------------------------------------------
    Irrep   Nso     Nmo     Nalpha   Nbeta   Ndocc  Nsocc
   -------------------------------------------------------
     A        460     460      65      65      65       0
   -------------------------------------------------------
    Total     460     460      65      65      65       0
   -------------------------------------------------------

  ==> Iterations <==

                           Total Energy        Delta E     RMS |[F,P]|

   @DF-RKS iter   0: -1102.82008451657498   -1.10282e+03   1.47309e-03 
   @DF-RKS iter   1: -1102.73466741305583    8.54171e-02   2.77970e-04 DIIS/ADIIS
   @DF-RKS iter   2: -1102.74002589070710   -5.35848e-03   2.56753e-04 DIIS/ADIIS
   @DF-RKS iter   3: -1102.74686901305017   -6.84312e-03   4.90770e-05 DIIS
   @DF-RKS iter   4: -1102.74714108820581   -2.72075e-04   2.70506e-05 DIIS
   @DF-RKS iter   5: -1102.74722880347304   -8.77153e-05   8.65556e-06 DIIS
   @DF-RKS iter   6: -1102.74723819299447   -9.38952e-06   2.87486e-06 DIIS
   @DF-RKS iter   7: -1102.74723986785784   -1.67486e-06   1.29980e-06 DIIS
   @DF-RKS iter   8: -1102.74724017280141   -3.04944e-07   6.14248e-07 DIIS
   @DF-RKS iter   9: -1102.74724024850093   -7.56995e-08   1.68127e-07 DIIS
   @DF-RKS iter  10: -1102.74724025488558   -6.38465e-09   8.71155e-08 DIIS
   @DF-RKS iter  11: -1102.74724025617479   -1.28921e-09   2.60487e-08 DIIS
   @DF-RKS iter  12: -1102.74724025628348   -1.08685e-10   1.39538e-08 DIIS
   @DF-RKS iter  13: -1102.74724025631917   -3.56977e-11   3.32975e-09 DIIS
  Energy and wave function converged.


  ==> Post-Iterations <==

   Electrons on quadrature grid:
      Ntotal   =  130.0000333034 ; deviation = 3.330e-05 

    Orbital Energies [Eh]
    ---------------------

    Doubly Occupied:                                                      

       1A    -89.016414     2A    -19.241619     3A    -14.496831  
       4A    -14.446662     5A    -14.444217     6A    -10.419612  
       7A    -10.367215     8A    -10.357745     9A    -10.352398  
      10A    -10.344480    11A    -10.324871    12A    -10.323093  
      13A    -10.319122    14A    -10.318361    15A    -10.316396  
      16A    -10.311634    17A    -10.308173    18A     -8.056715  
      19A     -6.006246    20A     -6.002263    21A     -5.995376  
      22A     -1.175648    23A     -1.099977    24A     -1.071604  
      25A     -1.006326    26A     -0.973999    27A     -0.931216  
      28A     -0.893587    29A     -0.881362    30A     -0.860131  
      31A     -0.797256    32A     -0.776648    33A     -0.762064  
      34A     -0.732851    35A     -0.710300    36A     -0.686309  
      37A     -0.661255    38A     -0.649512    39A     -0.614150  
      40A     -0.608547    41A     -0.591722    42A     -0.569550  
      43A     -0.553524    44A     -0.544822    45A     -0.543802  
      46A     -0.536992    47A     -0.532343    48A     -0.524144  
      49A     -0.523112    50A     -0.514237    51A     -0.496200  
      52A     -0.492636    53A     -0.480901    54A     -0.462950  
      55A     -0.461648    56A     -0.443626    57A     -0.427326  
      58A     -0.404193    59A     -0.401040    60A     -0.396020  
      61A     -0.367645    62A     -0.351413    63A     -0.344042  
      64A     -0.312647    65A     -0.311603  

    Virtual:                                                              

      66A     -0.014852    67A      0.018698    68A      0.037667  
      69A      0.054413    70A      0.057633    71A      0.064122  
      72A      0.068152    73A      0.072920    74A      0.076872  
      75A      0.081032    76A      0.085689    77A      0.092802  
      78A      0.094405    79A      0.096288    80A      0.102374  
      81A      0.107900    82A      0.109913    83A      0.113165  
      84A      0.115935    85A      0.119478    86A      0.125734  
      87A      0.130669    88A      0.132009    89A      0.134493  
      90A      0.140278    91A      0.143939    92A      0.153304  
      93A      0.157115    94A      0.157958    95A      0.158682  
      96A      0.171192    97A      0.171818    98A      0.178057  
      99A      0.181490   100A      0.183633   101A      0.187955  
     102A      0.191886   103A      0.194563   104A      0.196054  
     105A      0.202272   106A      0.203260   107A      0.214417  
     108A      0.218936   109A      0.220269   110A      0.221688  
     111A      0.228396   112A      0.233371   113A      0.237430  
     114A      0.240086   115A      0.243172   116A      0.251440  
     117A      0.254601   118A      0.260760   119A      0.262571  
     120A      0.264494   121A      0.266453   122A      0.270273  
     123A      0.273711   124A      0.278115   125A      0.280197  
     126A      0.285565   127A      0.287390   128A      0.291403  
     129A      0.292806   130A      0.296195   131A      0.299504  
     132A      0.303480   133A      0.305363   134A      0.313125  
     135A      0.316182   136A      0.319793   137A      0.322271  
     138A      0.325654   139A      0.329182   140A      0.334727  
     141A      0.340288   142A      0.345516   143A      0.348110  
     144A      0.353846   145A      0.357828   146A      0.366724  
     147A      0.367078   148A      0.369981   149A      0.372514  
     150A      0.378325   151A      0.383761   152A      0.388517  
     153A      0.388981   154A      0.399195   155A      0.402725  
     156A      0.409039   157A      0.414162   158A      0.424833  
     159A      0.427460   160A      0.434202   161A      0.437945  
     162A      0.446989   163A      0.451613   164A      0.460029  
     165A      0.468356   166A      0.477305   167A      0.480340  
     168A      0.500725   169A      0.515243   170A      0.534817  
     171A      0.545981   172A      0.554122   173A      0.563838  
     174A      0.572353   175A      0.582111   176A      0.595909  
     177A      0.604934   178A      0.608914   179A      0.612205  
     180A      0.615539   181A      0.619795   182A      0.621524  
     183A      0.624773   184A      0.646633   185A      0.659195  
     186A      0.661167   187A      0.670237   188A      0.672901  
     189A      0.683906   190A      0.692478   191A      0.694099  
     192A      0.699592   193A      0.709056   194A      0.721967  
     195A      0.723197   196A      0.731403   197A      0.736385  
     198A      0.742774   199A      0.746889   200A      0.754375  
     201A      0.759622   202A      0.764197   203A      0.783627  
     204A      0.786202   205A      0.788138   206A      0.796627  
     207A      0.808966   208A      0.824128   209A      0.829849  
     210A      0.842525   211A      0.849094   212A      0.856186  
     213A      0.867823   214A      0.871288   215A      0.882325  
     216A      0.886991   217A      0.897725   218A      0.901216  
     219A      0.919331   220A      0.930490   221A      0.946716  
     222A      0.950339   223A      0.953748   224A      0.956452  
     225A      0.962365   226A      0.975669   227A      0.976662  
     228A      0.985791   229A      0.987257   230A      0.991219  
     231A      1.007227   232A      1.021800   233A      1.027444  
     234A      1.040647   235A      1.040952   236A      1.060186  
     237A      1.061564   238A      1.066632   239A      1.071428  
     240A      1.086545   241A      1.093832   242A      1.109133  
     243A      1.122745   244A      1.131404   245A      1.133531  
     246A      1.158811   247A      1.163893   248A      1.169135  
     249A      1.181146   250A      1.186717   251A      1.199215  
     252A      1.208319   253A      1.213998   254A      1.215560  
     255A      1.217548   256A      1.229864   257A      1.258222  
     258A      1.279867   259A      1.285265   260A      1.303949  
     261A      1.311352   262A      1.330218   263A      1.338021  
     264A      1.355898   265A      1.391367   266A      1.399223  
     267A      1.453134   268A      1.466907   269A      1.481813  
     270A      1.506066   271A      1.521905   272A      1.526091  
     273A      1.554772   274A      1.583594   275A      1.590100  
     276A      1.590999   277A      1.602182   278A      1.604722  
     279A      1.607078   280A      1.621531   281A      1.645063  
     282A      1.652433   283A      1.653652   284A      1.655360  
     285A      1.671238   286A      1.671887   287A      1.681477  
     288A      1.686755   289A      1.701568   290A      1.709605  
     291A      1.712027   292A      1.736010   293A      1.740407  
     294A      1.756867   295A      1.766867   296A      1.771923  
     297A      1.798356   298A      1.809555   299A      1.814015  
     300A      1.815411   301A      1.826399   302A      1.856196  
     303A      1.857251   304A      1.875290   305A      1.879566  
     306A      1.884835   307A      1.901534   308A      1.920162  
     309A      1.928366   310A      1.945126   311A      1.965155  
     312A      1.969703   313A      1.976508   314A      1.992482  
     315A      2.019411   316A      2.021681   317A      2.046375  
     318A      2.051107   319A      2.066604   320A      2.068256  
     321A      2.089121   322A      2.113468   323A      2.131913  
     324A      2.136226   325A      2.140053   326A      2.153248  
     327A      2.181422   328A      2.185731   329A      2.215017  
     330A      2.218443   331A      2.232930   332A      2.237059  
     333A      2.272391   334A      2.279896   335A      2.301950  
     336A      2.312736   337A      2.319498   338A      2.338556  
     339A      2.360713   340A      2.363400   341A      2.388719  
     342A      2.416256   343A      2.423071   344A      2.441872  
     345A      2.470252   346A      2.486436   347A      2.514065  
     348A      2.516526   349A      2.518802   350A      2.547343  
     351A      2.551262   352A      2.575769   353A      2.596472  
     354A      2.605550   355A      2.624265   356A      2.634136  
     357A      2.645698   358A      2.648262   359A      2.660801  
     360A      2.683718   361A      2.688757   362A      2.719877  
     363A      2.733412   364A      2.740343   365A      2.766222  
     366A      2.767945   367A      2.783736   368A      2.785195  
     369A      2.805437   370A      2.817390   371A      2.833626  
     372A      2.855469   373A      2.871417   374A      2.874529  
     375A      2.905563   376A      2.907852   377A      2.926247  
     378A      2.947012   379A      2.950067   380A      2.951417  
     381A      2.961387   382A      2.976734   383A      2.981367  
     384A      3.000574   385A      3.004738   386A      3.015162  
     387A      3.030680   388A      3.035058   389A      3.037550  
     390A      3.057458   391A      3.074986   392A      3.105761  
     393A      3.148580   394A      3.170388   395A      3.175597  
     396A      3.258862   397A      3.278967   398A      3.299982  
     399A      3.330427   400A      3.402767   401A      3.426562  
     402A      3.442166   403A      3.450171   404A      3.475618  
     405A      3.502205   406A      3.549788   407A      3.584219  
     408A      3.625669   409A      3.675695   410A      3.703111  
     411A      3.717132   412A      3.741492   413A      3.788308  
     414A      3.814731   415A      3.824493   416A      3.844655  
     417A      3.845104   418A      3.880434   419A      3.959129  
     420A      3.986170   421A      4.010038   422A      4.018120  
     423A      4.033969   424A      4.052974   425A      4.145890  
     426A      4.191475   427A      4.262104   428A      4.336626  
     429A      4.374033   430A      4.517470   431A      4.599509  
     432A      4.926690   433A      4.941602   434A      5.056847  
     435A      5.173594   436A      5.193701   437A      5.394038  
     438A      5.412603   439A      5.899576   440A      8.041533  
     441A     17.479389   442A     17.569878   443A     17.605313  
     444A     23.741916   445A     23.963825   446A     23.982153  
     447A     24.018011   448A     24.021045   449A     24.031894  
     450A     24.040639   451A     24.077333   452A     24.115580  
     453A     24.156891   454A     24.235079   455A     24.308112  
     456A     35.746055   457A     35.768459   458A     35.811747  
     459A     50.148199   460A    189.288661  

    Final Occupation by Irrep:
              A 
    DOCC [    65 ]
    NA   [    65 ]
    NB   [    65 ]

  @DF-RKS Final Energy: -1102.74724025631917

   => Energetics <=

    Nuclear Repulsion Energy =           1174.8603595330694134
    One-Electron Energy =               -3837.2449937983014934
    Two-Electron Energy =                1646.9412464382196504
    DFT Exchange-Correlation Energy =     -87.2865910166416654
    Empirical Dispersion Energy =          -0.0172614126648602
    VV10 Nonlocal Energy =                  0.0000000000000000
    Total Energy =                      -1102.7472402563191736

Computation Completed


Properties will be evaluated at   0.000000,   0.000000,   0.000000 [a0]

Properties computed using the SCF density matrix


 Multipole Moments:

 ------------------------------------------------------------------------------------
     Multipole            Electronic (a.u.)      Nuclear  (a.u.)        Total (a.u.)
 ------------------------------------------------------------------------------------

 L = 1.  Multiply by 2.5417464519 to convert [e a0] to [Debye]
 Dipole X            :         54.6580289          -53.4680825            1.1899464
 Dipole Y            :         10.4180286          -11.3475647           -0.9295360
 Dipole Z            :         31.7781274          -31.0129940            0.7651334
 Magnitude           :                                                    1.6927607

 ------------------------------------------------------------------------------------

*** tstop() called on eristm01.eisai.local at Wed May 20 10:39:01 2026
Module time:
	user time   =     412.28 seconds =       6.87 minutes
	system time =      17.55 seconds =       0.29 minutes
	total time  =         58 seconds =       0.97 minutes
Total time:
	user time   =   53387.76 seconds =     889.80 minutes
	system time =    1874.16 seconds =      31.24 minutes
	total time  =       7607 seconds =     126.78 minutes

*** tstart() called on eristm01.eisai.local
*** at Wed May 20 10:39:01 2026


         ------------------------------------------------------------
                                   SCF GRAD                          
                          Rob Parrish, Justin Turney,                
                       Andy Simmonett, and Alex Sokolov              
         ------------------------------------------------------------

  ==> Geometry <==

    Molecular point group: c1
    Full point group: C1

    Geometry (in Angstrom), charge = 0, multiplicity = 1:

       Center              X                  Y                   Z               Mass       
    ------------   -----------------  -----------------  -----------------  -----------------
         C           -5.955984573276    -0.155421954297     0.595876927456    12.000000000000
         N           -5.593694971835    -1.407438298197     0.997446335440    14.003074004430
         C           -4.317669844453    -1.692760843017     0.917879604157    12.000000000000
         H           -4.007119354254    -2.689943669995     1.234648980181     1.007825032230
         C           -3.350832955500    -0.772105763906     0.446900962974    12.000000000000
         C           -1.971039490064    -1.060793822487     0.356842716768    12.000000000000
         C           -1.092818299808    -0.111007830367    -0.110365454365    12.000000000000
         N            0.275854443765    -0.448039917193    -0.177995647010    14.003074004430
         C            1.349197239748     0.312622870816    -0.593449731035    12.000000000000
         O            1.246139894300     1.437470234772    -1.035371073075    15.994914619570
         C            2.691095584152    -0.405694786057    -0.480279417384    12.000000000000
         C            3.841510404211     0.393241310070    -1.082800413252    12.000000000000
         S            5.463182392621    -0.425377796018    -0.964348266200    31.972071174400
         C            5.951620443805     0.056085277771     0.717498247539    12.000000000000
         C           -1.584680901445     1.169283507890    -0.503123300532    12.000000000000
         H           -0.885203325134     1.909788106250    -0.866231497404     1.007825032230
         C           -2.921532015320     1.452354481289    -0.417792720885    12.000000000000
         C           -3.844579985911     0.490708137571     0.060370313491    12.000000000000
         N           -5.171531796763     0.790643168981     0.141159837420    14.003074004430
         H           -7.017456303922     0.072444453411     0.664823375097     1.007825032230
         H           -1.614058595437    -2.043652403827     0.662773006721     1.007825032230
         H            0.506144502254    -1.377064561681     0.131497356231     1.007825032230
         H            2.869746506549    -0.600169611419     0.583308294715     1.007825032230
         H            2.623166760399    -1.387253154804    -0.962166938968     1.007825032230
         H            3.670859296204     0.547935187989    -2.149484177446     1.007825032230
         H            3.896728571404     1.387735181433    -0.635669789270     1.007825032230
         H            5.394044863112    -0.480553738206     1.489751581481     1.007825032230
         H            5.843627014315     1.134348648304     0.867289054909     1.007825032230
         H            7.007704924044    -0.202395840970     0.826587504471     1.007825032230
         H           -3.302420427763     2.424973447608    -0.715575672225     1.007825032230

  Nuclear repulsion = 1174.860359533069413

  ==> Basis Set <==

  Basis Set: 6-311+G(D,P)
    Blend: 6-311+G(D,P)
    Number of shells: 226
    Number of basis functions: 460
    Number of Cartesian functions: 477
    Spherical Harmonics?: true
    Max angular momentum: 2

  ==> DFJKGrad: Density-Fitted SCF Gradients <==

    Gradient:                    1
    J tasked:                  Yes
    K tasked:                  Yes
    wK tasked:                 Yes
    Omega:               2.000E-01
    OpenMP threads:              8
    Integrals threads:           8
    Memory [MiB]:             5722
    Schwarz Cutoff:          1E-12
    Fitting Condition:       1E-10

   => Auxiliary Basis Set <=

  Basis Set: (6-311+G(D,P) AUX)
    Blend: HEAVY-AUG-CC-PVTZ-JKFIT
    Number of shells: 652
    Number of basis functions: 2200
    Number of Cartesian functions: 2731
    Spherical Harmonics?: true
    Max angular momentum: 4

  ==> DFT Potential <==

   => LibXC <=

    Version 7.0.0
    S. Lehtola, C. Steigemann, M. J.T. Oliveira, and M. A.L. Marques.,  SoftwareX 7, 1–5 (2018) (10.1016/j.softx.2017.11.002)

   => Composite Functional: WB97X-D <= 

    wB97X-D Hyb-GGA Exchange-Correlation Functional

    J.-D. Chai and M. Head-Gordon.,  Phys. Chem. Chem. Phys. 10, 6615-6620 (2008) (10.1039/B810189B)

    Deriv               =              1
    GGA                 =           TRUE
    Meta                =          FALSE

    Exchange Hybrid     =           TRUE
    MP2 Hybrid          =          FALSE

   => Exchange-Correlation Functionals <=

    1.0000   wB97X-D range-separated functional

   => Exact (HF) Exchange <=

    0.7780            HF,LR [omega = 0.2000]
    0.2220               HF 

   => LibXC Density Thresholds  <==

    XC_HYB_GGA_XC_WB97X_D:  1.00E-14 

   => Molecular Quadrature <=

    Radial Scheme          =       TREUTLER
    Pruning Scheme         =           NONE
    Nuclear Scheme         =       TREUTLER

    Blocking Scheme        =         OCTREE
    BS radius alpha        =              1
    Pruning alpha          =              1
    Radial Points          =             75
    Spherical Points       =            302
    Total Points           =         628062
    Total Blocks           =           4564
    Max Points             =            256
    Max Functions          =            320
    Weights Tolerance      =       1.00E-15


  -Total Gradient:
     Atom            X                  Y                   Z
    ------   -----------------  -----------------  -----------------
       1       -0.003065285326    -0.000674128545     0.000732494384
       2       -0.001680729212    -0.003295834821     0.001500641573
       3        0.002151760220     0.000526034130    -0.000586080075
       4        0.000802447964    -0.001207931146     0.000327074257
       5       -0.000948030621     0.001553178829    -0.000407368761
       6       -0.000012591177     0.000945277389    -0.000250253723
       7       -0.001909673426    -0.001025069729     0.000518453393
       8       -0.001420206791    -0.003414712565     0.000142086750
       9        0.002369909080    -0.001237336142     0.006529645035
      10       -0.001018863159     0.000815726191    -0.002682232693
      11        0.001242084789     0.001328590526    -0.003383398704
      12        0.001884612447    -0.000490774461     0.002030954272
      13        0.001417128010    -0.003005727126    -0.002809225763
      14       -0.001343341621     0.001315620127    -0.002332456262
      15        0.000302543199     0.001194992409    -0.000700893463
      16        0.000697490792     0.001080932291    -0.000308811382
      17        0.000201918173    -0.001334839560     0.000378574905
      18       -0.000171834906    -0.002069447375     0.000809740675
      19        0.000510462220     0.004904897243    -0.001811480156
      20       -0.001509761701     0.000682862209     0.000006682426
      21        0.001014775304    -0.001648034239     0.000438980711
      22        0.000855713694     0.001923291523    -0.001227675696
      23       -0.001338552088     0.000033621311    -0.000392207981
      24        0.000183336018    -0.000556629099     0.000225723481
      25        0.000621332555     0.000352928692    -0.000004375576
      26       -0.001052845844     0.000647397563    -0.000340063174
      27        0.000901534760    -0.000629067019     0.001665046919
      28        0.000018373168     0.001424138471     0.001532164938
      29        0.001105849301    -0.000326548861     0.000595629252
      30       -0.000662023031     0.001673874874    -0.000522462227


*** tstop() called on eristm01.eisai.local at Wed May 20 10:39:21 2026
Module time:
	user time   =     135.88 seconds =       2.26 minutes
	system time =       1.75 seconds =       0.03 minutes
	total time  =         20 seconds =       0.33 minutes
Total time:
	user time   =   53523.65 seconds =     892.06 minutes
	system time =    1875.91 seconds =      31.27 minutes
	total time  =       7627 seconds =     127.12 minutes

    			-----------------------------------------

    			 OPTKING 3.0: for geometry optimizations 

    			     By R.A. King, Bethel University     

    			        with contributions from          

    			    A.V. Copan, J. Cayton, A. Heide      

    			-----------------------------------------

    
	                            ===> Fragment 1 <== 

	 Z (Atomic Numbers)          Masses                          Geom                  
	       6.000000            12.000000        -11.25517965  -0.29370493   1.12604420 
	       7.000000            14.003074        -10.57055153  -2.65967292   1.88490040 
	       6.000000            12.000000         -8.15921351 -3.19885439  1.73454107   
	       1.000000             1.007825         -7.57235813 -5.08325683  2.33314843   
	       6.000000            12.000000         -6.33215658 -1.45906843  0.84452043   
	       6.000000            12.000000         -3.72472482 -2.00460980  0.67433500   
	       6.000000            12.000000         -2.06512729 -0.20977440 -0.20856048   
	       7.000000            14.003074          0.52128935 -0.84667274 -0.33636302   
	       6.000000            12.000000          2.54961327  0.59077161 -1.12145746   
	       8.000000            15.994915          2.35486311  2.71642506 -1.95656777   
	       6.000000            12.000000          5.08543363 -0.76665204 -0.90759656   
	       6.000000            12.000000          7.25940257  0.74311838 -2.04619623   
	      16.000000            31.972071         10.32391850 -0.80384753 -1.82235411   
	       6.000000            12.000000         11.24693264   0.10598581   1.35587518 
	       6.000000            12.000000         -2.99461290  2.20962559 -0.95076525   
	       1.000000             1.007825         -1.67279185  3.60897648 -1.63694029   
	       6.000000            12.000000         -5.52089538  2.74455221 -0.78951382   
	       6.000000            12.000000         -7.26520324  0.92730399  0.11408336   
	       7.000000            14.003074         -9.77277874  1.49409905  0.26675343   
	       1.000000             1.007825        -13.26107051   0.13690018   1.25633410 
	       1.000000             1.007825         -3.05012870 -3.86194334  1.25245947   
	       1.000000             1.007825          0.95647449 -2.60227488  0.24849399   
	       1.000000             1.007825          5.42303495 -1.13415619  1.10229292   
	       1.000000             1.007825          4.95706676 -2.62152853 -1.81823200   
	       1.000000             1.007825          6.93691871  1.03544744 -4.06193641   
	       1.000000             1.007825          7.36374979  2.62243943 -1.20124181   
	       1.000000             1.007825         10.19326750 -0.90811495  2.81522248   
	       1.000000             1.007825         11.04285464   2.14360828   1.63893879 
	       1.000000             1.007825         13.24264307 -0.38247271  1.56202400   
	       1.000000             1.007825         -6.24067016  4.58253568 -1.35224204   

	 - Coordinate -           - BOHR/RAD -       - ANG/DEG -
	 H(2,4)           =         3.881217           2.053852
	 R(1,2)           =         2.577282           1.363839
	 R(1,19)          =         2.476315           1.310409
	 R(1,20)          =         2.055722           1.087841
	 R(2,3)           =         2.475455           1.309954
	 R(3,4)           =         2.062451           1.091402
	 R(3,5)           =         2.675281           1.415698
	 R(5,6)           =         2.669322           1.412544
	 R(5,18)          =         2.664374           1.409926
	 R(6,7)           =         2.599077           1.375372
	 R(6,21)          =         2.058882           1.089514
	 R(7,8)           =         2.666744           1.411180
	 R(7,15)          =         2.695980           1.426651
	 R(8,9)           =         2.607051           1.379592
	 R(8,22)          =         1.900943           1.005935
	 R(9,10)          =         2.292104           1.212929
	 R(9,11)          =         2.884219           1.526263
	 R(11,12)         =         2.881312           1.524724
	 R(11,23)         =         2.070915           1.095881
	 R(11,24)         =         2.070339           1.095576
	 R(12,13)         =         3.440126           1.820436
	 R(12,25)         =         2.062198           1.091268
	 R(12,26)         =         2.063173           1.091784
	 R(13,14)         =         3.432331           1.816311
	 R(14,27)         =         2.065988           1.093274
	 R(14,28)         =         2.067288           1.093961
	 R(14,29)         =         2.064933           1.092716
	 R(15,16)         =         2.043583           1.081417
	 R(15,17)         =         2.587325           1.369154
	 R(17,18)         =         2.676096           1.416129
	 R(17,30)         =         2.052540           1.086158
	 R(18,19)         =         2.575364           1.362824
	 B(1,2,3)         =         2.027317         116.156687
	 B(1,19,18)       =         2.031472         116.394782
	 B(2,1,19)        =         2.221717         127.294983
	 B(2,1,20)        =         2.018427         115.647368
	 B(2,3,4)         =         2.047161         117.293669
	 B(2,3,5)         =         2.145769         122.943510
	 B(3,5,6)         =         2.159649         123.738799
	 B(3,5,18)        =         2.020288         115.754001
	 B(4,3,5)         =         2.090255         119.762799
	 B(5,6,7)         =         2.099312         120.281712
	 B(5,6,21)        =         2.078899         119.112124
	 B(5,18,17)       =         2.062945         118.198065
	 B(5,18,19)       =         2.119807         121.456018
	 B(6,5,18)        =         2.103246         120.507122
	 B(6,7,8)         =         2.060825         118.076585
	 B(6,7,15)        =         2.086439         119.544170
	 B(7,6,21)        =         2.104974         120.606147
	 B(7,8,9)         =         2.261822         129.592879
	 B(7,8,22)        =         2.012920         115.331846
	 B(7,15,16)       =         2.075950         118.943181
	 B(7,15,17)       =         2.100195         120.332283
	 B(8,7,15)        =         2.135916         122.378979
	 B(8,9,10)        =         2.159090         123.706757
	 B(8,9,11)        =         1.984726         113.716428
	 B(9,8,22)        =         2.008380         115.071674
	 B(9,11,12)       =         1.968668         112.796340
	 B(9,11,23)       =         1.874243         107.386221
	 B(9,11,24)       =         1.911904         109.544023
	 B(10,9,11)       =         2.139071         122.559737
	 B(11,12,13)      =         1.994111         114.254162
	 B(11,12,25)      =         1.920431         110.032570
	 B(11,12,26)      =         1.932231         110.708692
	 B(12,11,23)      =         1.932116         110.702096
	 B(12,11,24)      =         1.920291         110.024579
	 B(12,13,14)      =         1.752399         100.405058
	 B(13,12,25)      =         1.840714         105.465133
	 B(13,12,26)      =         1.915491         109.749536
	 B(13,14,27)      =         1.967966         112.756162
	 B(13,14,28)      =         1.940689         111.193266
	 B(13,14,29)      =         1.864648         106.836473
	 B(15,17,18)      =         2.114232         121.136591
	 B(15,17,30)      =         2.106506         120.693929
	 B(16,15,17)      =         2.107039         120.724437
	 B(17,18,19)      =         2.100432         120.345884
	 B(18,17,30)      =         2.062446         118.169451
	 B(19,1,20)       =         2.043041         117.057648
	 B(23,11,24)      =         1.852511         106.141081
	 B(25,12,26)      =         1.853653         106.206495
	 B(27,14,28)      =         1.914255         109.678710
	 B(27,14,29)      =         1.882077         107.835081
	 B(28,14,29)      =         1.891141         108.354394
	 D(1,2,3,4)       =        -3.141678        -180.004875
	 D(1,2,3,5)       =         0.000858           0.049135
	 D(1,19,18,5)     =         0.000347           0.019890
	 D(1,19,18,17)    =         3.143106         180.086734
	 D(2,1,19,18)     =        -0.000228          -0.013065
	 D(2,3,5,6)       =         3.139097         179.856996
	 D(2,3,5,18)      =        -0.000736          -0.042171
	 D(3,2,1,19)      =        -0.000371          -0.021230
	 D(3,2,1,20)      =         3.140950         179.963191
	 D(3,5,6,7)       =        -3.140155        -179.917604
	 D(3,5,6,21)      =         0.000621           0.035556
	 D(3,5,18,17)     =        -3.142641        -180.060078
	 D(3,5,18,19)     =         0.000094           0.005375
	 D(4,3,5,6)       =        -0.001531          -0.087714
	 D(4,3,5,18)      =        -3.141364        -179.986880
	 D(5,6,7,8)       =         3.139062         179.855019
	 D(5,6,7,15)      =         0.000662           0.037942
	 D(5,18,17,15)    =        -0.001217          -0.069734
	 D(5,18,17,30)    =         3.141434         179.990925
	 D(6,5,18,17)     =         0.000650           0.037246
	 D(6,5,18,19)     =        -3.139800        -179.897300
	 D(6,7,8,9)       =        -3.132721        -179.491685
	 D(6,7,8,22)      =        -0.003914          -0.224281
	 D(6,7,15,16)     =        -3.144786        -180.182984
	 D(6,7,15,17)     =        -0.001221          -0.069985
	 D(7,6,5,18)      =        -0.000402          -0.023014
	 D(7,8,9,10)      =        -0.054013          -3.094692
	 D(7,8,9,11)      =         3.113264         178.376863
	 D(7,15,17,18)    =         0.001508           0.086425
	 D(7,15,17,30)    =        -3.141170        -179.975761
	 D(8,7,6,21)      =        -0.001701          -0.097435
	 D(8,7,15,16)     =         0.000142           0.008125
	 D(8,7,15,17)     =        -3.139479        -179.878876
	 D(8,9,11,12)     =         3.033319         173.796387
	 D(8,9,11,23)     =        -1.116432         -63.966853
	 D(8,9,11,24)     =         0.888112          50.885063
	 D(9,8,7,15)      =         0.005583           0.319879
	 D(9,11,12,13)    =        -3.144868        -180.187674
	 D(9,11,12,25)    =        -1.078448         -61.790536
	 D(9,11,12,26)    =         0.965206          55.302227
	 D(10,9,8,22)     =         3.100339         177.636340
	 D(10,9,11,12)    =        -0.082923          -4.751166
	 D(10,9,11,23)    =         2.050510         117.485593
	 D(10,9,11,24)    =        -2.228131        -127.662491
	 D(11,9,8,22)     =        -0.015570          -0.892105
	 D(11,12,13,14)   =        -1.460950         -83.706294
	 D(12,13,14,27)   =         1.282944          73.507301
	 D(12,13,14,28)   =        -0.875375         -50.155317
	 D(12,13,14,29)   =        -2.935685        -168.202338
	 D(13,12,11,23)   =         1.037752          59.458830
	 D(13,12,11,24)   =        -1.004347         -57.544816
	 D(14,13,12,25)   =         2.711029         155.330509
	 D(14,13,12,26)   =         0.721049          41.313036
	 D(15,7,6,21)     =         3.143085         180.085488
	 D(15,7,8,22)     =        -3.148796        -180.412716
	 D(15,17,18,19)   =         3.139246         179.865567
	 D(16,15,17,18)   =         3.145109         180.201458
	 D(16,15,17,30)   =         0.002431           0.139272
	 D(18,5,6,21)     =        -3.142812        -180.069854
	 D(18,19,1,20)    =        -3.141545        -179.997296
	 D(19,18,17,30)   =        -0.001288          -0.073774
	 D(23,11,12,25)   =         3.104172         177.855968
	 D(23,11,12,26)   =        -1.135359         -65.051269
	 D(24,11,12,25)   =         1.062073          60.852322
	 D(24,11,12,26)   =         3.105728         177.945085


	        --- Internal Coordinate Step in ANG or DEG, aJ/ANG or AJ/DEG ---
	-------------------------------------------------------------------------------
	           Coordinate      Previous         Force          Change          New 
	           ----------      --------        ------          ------        ------
	               H(2,4)       2.05385       -0.01018       -0.00433       2.04952
	               R(1,2)       1.36384       -0.03335       -0.00523       1.35861
	              R(1,19)       1.31041       -0.04166       -0.00360       1.30681
	              R(1,20)       1.08784       -0.01338       -0.00210       1.08575
	               R(2,3)       1.30995       -0.01760       -0.00202       1.30794
	               R(3,4)       1.09140       -0.00327       -0.00191       1.08949
	               R(3,5)       1.41570       -0.00366       -0.00056       1.41514
	               R(5,6)       1.41254       -0.01882       -0.00276       1.40979
	              R(5,18)       1.40993        0.00007        0.00201       1.41194
	               R(6,7)       1.37537       -0.00502       -0.00017       1.37520
	              R(6,21)       1.08951       -0.01589       -0.00257       1.08694
	               R(7,8)       1.41118       -0.03777       -0.00520       1.40598
	              R(7,15)       1.42665       -0.02146       -0.00368       1.42297
	               R(8,9)       1.37959       -0.02910       -0.00373       1.37587
	              R(8,22)       1.00594        0.01625        0.00206       1.00799
	              R(9,10)       1.21293       -0.01511       -0.00134       1.21159
	              R(9,11)       1.52626       -0.02281       -0.00333       1.52294
	             R(11,12)       1.52472       -0.01762       -0.00280       1.52192
	             R(11,23)       1.09588        0.00485        0.00005       1.09594
	             R(11,24)       1.09558       -0.00294       -0.00059       1.09498
	             R(12,13)       1.82044       -0.01857       -0.00247       1.81797
	             R(12,25)       1.09127        0.00057       -0.00028       1.09098
	             R(12,26)       1.09178       -0.00360       -0.00064       1.09115
	             R(13,14)       1.81631       -0.01790       -0.00257       1.81374
	             R(14,27)       1.09327       -0.00862       -0.00192       1.09136
	             R(14,28)       1.09396       -0.01352       -0.00232       1.09164
	             R(14,29)       1.09272       -0.00985       -0.00212       1.09059
	             R(15,16)       1.08142       -0.01071       -0.00150       1.07991
	             R(15,17)       1.36915       -0.01844       -0.00195       1.36720
	             R(17,18)       1.41613       -0.01376       -0.00188       1.41425
	             R(17,30)       1.08616       -0.01555       -0.00261       1.08354
	             R(18,19)       1.36282       -0.02289       -0.00360       1.35922
	             B(1,2,3)     116.15669        0.00005        0.12879     116.28548
	           B(1,19,18)     116.39478        0.00007        0.18285     116.57763
	            B(2,1,19)     127.29498        0.00007        0.03998     127.33496
	            B(2,1,20)     115.64737       -0.00007       -0.09381     115.55356
	             B(2,3,4)     117.29367        0.00006       -0.09111     117.20256
	             B(2,3,5)     122.94351       -0.00008       -0.11706     122.82645
	             B(3,5,6)     123.73880        0.00009        0.22432     123.96312
	            B(3,5,18)     115.75400       -0.00003       -0.03982     115.71418
	             B(4,3,5)     119.76280        0.00002        0.20819     119.97099
	             B(5,6,7)     120.28171       -0.00005       -0.10171     120.18001
	            B(5,6,21)     119.11212       -0.00001       -0.06151     119.05062
	           B(5,18,17)     118.19807        0.00009        0.23684     118.43491
	           B(5,18,19)     121.45602       -0.00008       -0.19473     121.26129
	            B(6,5,18)     120.50712       -0.00006       -0.18445     120.32267
	             B(6,7,8)     118.07659       -0.00002        0.02924     118.10582
	            B(6,7,15)     119.54417        0.00008        0.19267     119.73684
	            B(7,6,21)     120.60615        0.00006        0.16322     120.76937
	             B(7,8,9)     129.59288       -0.00004       -0.17253     129.42035
	            B(7,8,22)     115.33185       -0.00008       -0.35965     114.97219
	           B(7,15,16)     118.94318       -0.00003       -0.12507     118.81811
	           B(7,15,17)     120.33228        0.00002        0.07996     120.41225
	            B(8,7,15)     122.37898       -0.00006       -0.22171     122.15727
	            B(8,9,10)     123.70676        0.00020        0.46001     124.16676
	            B(8,9,11)     113.71643       -0.00029       -0.75996     112.95647
	            B(9,8,22)     115.07167        0.00012        0.53099     115.60266
	           B(9,11,12)     112.79634       -0.00017       -0.64501     112.15133
	           B(9,11,23)     107.38622        0.00013        0.47659     107.86281
	           B(9,11,24)     109.54402        0.00003        0.01739     109.56141
	           B(10,9,11)     122.55974        0.00009        0.28443     122.84417
	          B(11,12,13)     114.25416       -0.00027       -0.76357     113.49059
	          B(11,12,25)     110.03257        0.00006        0.21422     110.24679
	          B(11,12,26)     110.70869        0.00007        0.10444     110.81313
	          B(12,11,23)     110.70210       -0.00003       -0.14855     110.55354
	          B(12,11,24)     110.02458        0.00006       -0.03207     109.99251
	          B(12,13,14)     100.40506       -0.00003       -0.01881     100.38625
	          B(13,12,25)     105.46513        0.00013        0.36149     105.82662
	          B(13,12,26)     109.74954        0.00002       -0.40519     109.34435
	          B(13,14,27)     112.75616       -0.00011       -0.60188     112.15428
	          B(13,14,28)     111.19327       -0.00014       -0.60116     110.59211
	          B(13,14,29)     106.83647        0.00001        0.01274     106.84921
	          B(15,17,18)     121.13659       -0.00007       -0.22329     120.91330
	          B(15,17,30)     120.69393        0.00004        0.14518     120.83911
	          B(16,15,17)     120.72444        0.00001        0.04519     120.76963
	          B(17,18,19)     120.34588       -0.00001       -0.04208     120.30380
	          B(18,17,30)     118.16945        0.00004        0.07814     118.24759
	           B(19,1,20)     117.05765       -0.00001        0.05383     117.11148
	          B(23,11,24)     106.14108       -0.00001        0.39997     106.54106
	          B(25,12,26)     106.20649        0.00000        0.58998     106.79647
	          B(27,14,28)     109.67871        0.00008        0.28583     109.96454
	          B(27,14,29)     107.83508        0.00012        0.59635     108.43143
	          B(28,14,29)     108.35439        0.00005        0.36745     108.72185
	           D(1,2,3,4)    -180.00488        0.00000        0.02330    -179.98157
	           D(1,2,3,5)       0.04913       -0.00000       -0.02886       0.02028
	         D(1,19,18,5)       0.01989        0.00000        0.00827       0.02816
	        D(1,19,18,17)     180.08673       -0.00000       -0.02987     180.05686
	         D(2,1,19,18)      -0.01307        0.00000        0.02809       0.01502
	           D(2,3,5,6)     179.85700        0.00001        0.08903     179.94603
	          D(2,3,5,18)      -0.04217        0.00000        0.05985       0.01768
	          D(3,2,1,19)      -0.02123       -0.00000       -0.01828      -0.03951
	          D(3,2,1,20)     179.96319       -0.00000        0.00676     179.96995
	           D(3,5,6,7)    -179.91760        0.00000       -0.01409    -179.93169
	          D(3,5,6,21)       0.03556        0.00000        0.01128       0.04684
	         D(3,5,18,17)    -180.06008       -0.00000       -0.01116    -180.07124
	         D(3,5,18,19)       0.00538       -0.00000       -0.04843      -0.04306
	           D(4,3,5,6)      -0.08771        0.00000        0.03564      -0.05207
	          D(4,3,5,18)    -179.98688        0.00000        0.00646    -179.98042
	           D(5,6,7,8)     179.85502        0.00001        0.08945     179.94447
	          D(5,6,7,15)       0.03794        0.00000        0.00285       0.04079
	        D(5,18,17,15)      -0.06973        0.00000        0.04506      -0.02467
	        D(5,18,17,30)     179.99092       -0.00000       -0.03178     179.95915
	         D(6,5,18,17)       0.03725       -0.00000       -0.03964      -0.00239
	         D(6,5,18,19)    -179.89730       -0.00000       -0.07691    -179.97421
	           D(6,7,8,9)    -179.49169        0.00001        0.09708    -179.39460
	          D(6,7,8,22)      -0.22428       -0.00000       -0.01144      -0.23572
	         D(6,7,15,16)    -180.18298        0.00001        0.14261    -180.04038
	         D(6,7,15,17)      -0.06998       -0.00000        0.00208      -0.06791
	          D(7,6,5,18)      -0.02301        0.00000        0.01654      -0.00648
	          D(7,8,9,10)      -3.09469        0.00007        2.16196      -0.93273
	          D(7,8,9,11)     178.37686       -0.00005       -1.33897     177.03789
	        D(7,15,17,18)       0.08643       -0.00000       -0.02676       0.05966
	        D(7,15,17,30)    -179.97576        0.00000        0.05202    -179.92374
	          D(8,7,6,21)      -0.09743        0.00000        0.06375      -0.03368
	         D(8,7,15,16)       0.00812        0.00000        0.05185       0.05998
	         D(8,7,15,17)    -179.87888       -0.00001       -0.08868    -179.96755
	         D(8,9,11,12)     173.79639        0.00007        1.63198     175.42837
	         D(8,9,11,23)     -63.96685        0.00001        1.36404     -62.60281
	         D(8,9,11,24)      50.88506        0.00009        2.10389      52.98895
	          D(9,8,7,15)       0.31988        0.00001        0.18673       0.50661
	        D(9,11,12,13)    -180.18767       -0.00003       -0.28043    -180.46810
	        D(9,11,12,25)     -61.79054        0.00001       -0.17049     -61.96103
	        D(9,11,12,26)      55.30223        0.00009        0.75276      56.05498
	         D(10,9,8,22)     177.63634        0.00008        2.27644     179.91278
	        D(10,9,11,12)      -4.75117       -0.00005       -1.81905      -6.57021
	        D(10,9,11,23)     117.48559       -0.00010       -2.08699     115.39861
	        D(10,9,11,24)    -127.66249       -0.00002       -1.34715    -129.00964
	         D(11,9,8,22)      -0.89211       -0.00003       -1.22450      -2.11660
	       D(11,12,13,14)     -83.70629        0.00013        6.94879     -76.75750
	       D(12,13,14,27)      73.50730       -0.00012       -3.40223      70.10507
	       D(12,13,14,28)     -50.15532       -0.00003       -2.88707     -53.04239
	       D(12,13,14,29)    -168.20234       -0.00002       -3.00747    -171.20981
	       D(13,12,11,23)      59.45883       -0.00006       -0.34733      59.11150
	       D(13,12,11,24)     -57.54482       -0.00007       -0.72891     -58.27372
	       D(14,13,12,25)     155.33051        0.00012        6.88738     162.21789
	       D(14,13,12,26)      41.31304        0.00003        6.20607      47.51910
	         D(15,7,6,21)     180.08549        0.00000       -0.02285     180.06263
	         D(15,7,8,22)    -180.41272        0.00000        0.07821    -180.33451
	       D(15,17,18,19)     179.86557        0.00000        0.08186     179.94743
	       D(16,15,17,18)     180.20146       -0.00001       -0.16987     180.03159
	       D(16,15,17,30)       0.13927       -0.00001       -0.09109       0.04819
	         D(18,5,6,21)    -180.06985        0.00000        0.04191    -180.02795
	        D(18,19,1,20)    -179.99730        0.00000        0.00273    -179.99457
	       D(19,18,17,30)      -0.07377       -0.00000        0.00502      -0.06875
	       D(23,11,12,25)     177.85597       -0.00002       -0.23740     177.61857
	       D(23,11,12,26)     -65.05127        0.00006        0.68585     -64.36542
	       D(24,11,12,25)      60.85232       -0.00003       -0.61897      60.23335
	       D(24,11,12,26)     177.94509        0.00005        0.30428     178.24937
	-------------------------------------------------------------------------------

	                                 ==> Convergence Check <==                                  
    
	Measures of convergence in internal coordinates in au.
    
	Criteria marked as inactive (o), active & met (*), and active & unmet ( ).

	----------------------------------------------------------------------------------------------
	   Step    Total Energy     Delta E     Max Force     RMS Force      Max Disp      RMS Disp   
	----------------------------------------------------------------------------------------------
	  Convergence Criteria     1.00e-06 *    3.00e-04 *             o    1.20e-03 *             o
	----------------------------------------------------------------------------------------------
	     3   -1102.74724026    6.55e-04      5.06e-03      1.30e-03 o    1.21e-01      2.05e-02 o  ~
	----------------------------------------------------------------------------------------------

Next Geometry in Ang 
	Fragment 1 (Ang)

	    C  -5.9071217065  -0.1687075972   0.6375902005
	    N  -5.5346565737  -1.4051012812   1.0599934137
	    C  -4.2606304607  -1.6877218653   0.9723153580
	    H  -3.9454435891  -2.6755569558   1.3067354755
	    C  -3.3048100623  -0.7732546499   0.4695455223
	    C  -1.9267832978  -1.0520239793   0.3654602954
	    C  -1.0654177362  -0.1036702024  -0.1343829253
	    N   0.3002113584  -0.4275211968  -0.2177982527
	    C   1.3537620591   0.3369110607  -0.6635327624
	    O   1.2431553905   1.4659189394  -1.0890422406
	    C   2.6980312087  -0.3649741736  -0.5234116138
	    C   3.8357122154   0.4491928256  -1.1226339308
	    S   5.4608950408  -0.3497592764  -0.9630706275
	    C   5.8176222441  -0.0191967784   0.7842518060
	    C  -1.5702549879   1.1615369359  -0.5457573284
	    H  -0.8805640586   1.8954926097  -0.9354381634
	    C  -2.9054861908   1.4388515173  -0.4482935276
	    C  -3.8112878888   0.4801797718   0.0621794339
	    N  -5.1361602157   0.7694252292   0.1545971246
	    H  -6.9671345468   0.0531009562   0.7151620723
	    H  -1.5591757712  -2.0235472662   0.6855472773
	    H   0.5392449570  -1.3509766228   0.1079901846
	    H   2.8738159302  -0.5447619927   0.5432896010
	    H   2.6494964689  -1.3488627083  -1.0015320683
	    H   3.6768263344   0.5892928064  -2.1928549414
	    H   3.8768826938   1.4443582953  -0.6770424800
	    H   5.1737847100  -0.5945254087   1.4517349428
	    H   5.7216623745   1.0464400361   1.0007807941
	    H   6.8513521165  -0.3200600006   0.9582561511
	    H  -3.2975280160   2.3994809937  -0.7606387911


    Structure for next step:
    Molecular point group: c1
    Full point group: C1

    Geometry (in Angstrom), charge = 0, multiplicity = 1:

    C           -5.907121706460    -0.168707597213     0.637590200515
    N           -5.534656573721    -1.405101281211     1.059993413667
    C           -4.260630460712    -1.687721865313     0.972315357987
    H           -3.945443589079    -2.675556955839     1.306735475540
    C           -3.304810062324    -0.773254649910     0.469545522347
    C           -1.926783297839    -1.052023979321     0.365460295411
    C           -1.065417736200    -0.103670202369    -0.134382925251
    N            0.300211358353    -0.427521196826    -0.217798252690
    C            1.353762059058     0.336911060687    -0.663532762356
    O            1.243155390464     1.465918939406    -1.089042240578
    C            2.698031208686    -0.364974173648    -0.523411613793
    C            3.835712215415     0.449192825588    -1.122633930776
    S            5.460895040837    -0.349759276405    -0.963070627523
    C            5.817622244100    -0.019196778403     0.784251806001
    C           -1.570254987863     1.161536935938    -0.545757328369
    H           -0.880564058648     1.895492609745    -0.935438163372
    C           -2.905486190786     1.438851517312    -0.448293527591
    C           -3.811287888795     0.480179771816     0.062179433855
    N           -5.136160215738     0.769425229180     0.154597124568
    H           -6.967134546800     0.053100956237     0.715162072343
    H           -1.559175771216    -2.023547266161     0.685547277309
    H            0.539244956955    -1.350976622792     0.107990184580
    H            2.873815930238    -0.544761992689     0.543289600979
    H            2.649496468918    -1.348862708250    -1.001532068315
    H            3.676826334388     0.589292806412    -2.192854941370
    H            3.876882693778     1.444358295278    -0.677042479980
    H            5.173784709976    -0.594525408666     1.451734942753
    H            5.721662374451     1.046440036080     1.000780794145
    H            6.851352116540    -0.320060000626     0.958256151082
    H           -3.297528015975     2.399480993677    -0.760638791119


Scratch directory: /tmp/
gradient() will perform analytic gradient computation.
   => Libint2 <=

    Primary   basis highest AM E, G, H:  7, 6, 3
    Auxiliary basis highest AM E, G, H:  7, 7, 4
    Onebody   basis highest AM E, G, H:  -, -, -
    Solid Harmonics ordering:            Gaussian

*** tstart() called on eristm01.eisai.local
*** at Wed May 20 10:39:21 2026

   => Loading Basis Set <=

    Name: 6-311+G(D,P)
    Role: ORBITAL
    Keyword: BASIS
    atoms 1, 3, 5-7, 9, 11-12, 14-15, 17-18 entry C          line   129 file /home2/shbae/bucket/covalent/.pixi/envs/default/share/psi4/basis/6-311pg_d_p_.gbs 
    atoms 2, 8, 19                          entry N          line   150 file /home2/shbae/bucket/covalent/.pixi/envs/default/share/psi4/basis/6-311pg_d_p_.gbs 
    atoms 4, 16, 20-30                      entry H          line    42 file /home2/shbae/bucket/covalent/.pixi/envs/default/share/psi4/basis/6-311pg_d_p_.gbs 
    atoms 10                                entry O          line   171 file /home2/shbae/bucket/covalent/.pixi/envs/default/share/psi4/basis/6-311pg_d_p_.gbs 
    atoms 13                                entry S          line   429 file /home2/shbae/bucket/covalent/.pixi/envs/default/share/psi4/basis/6-311pg_d_p_.gbs 

   => WB97X-D: Empirical Dispersion <=

    Chai and Head-Gordon Dispersion Correction
    Chai, J.-D.; Head-Gordon, M. (2010), J. Chem. Phys., 132: 6615-6620

        s6 =       1.000000


         ---------------------------------------------------------
                                   SCF
               by Justin Turney, Rob Parrish, Andy Simmonett
                          and Daniel G. A. Smith
                              RKS Reference
                        8 Threads,   7629 MiB Core
         ---------------------------------------------------------

  ==> Geometry <==

    Molecular point group: c1
    Full point group: C1

    Geometry (in Angstrom), charge = 0, multiplicity = 1:

       Center              X                  Y                   Z               Mass       
    ------------   -----------------  -----------------  -----------------  -----------------
         C           -5.907121706460    -0.168707597213     0.637590200515    12.000000000000
         N           -5.534656573721    -1.405101281211     1.059993413667    14.003074004430
         C           -4.260630460712    -1.687721865313     0.972315357987    12.000000000000
         H           -3.945443589079    -2.675556955839     1.306735475540     1.007825032230
         C           -3.304810062324    -0.773254649910     0.469545522347    12.000000000000
         C           -1.926783297839    -1.052023979321     0.365460295411    12.000000000000
         C           -1.065417736200    -0.103670202369    -0.134382925251    12.000000000000
         N            0.300211358353    -0.427521196826    -0.217798252690    14.003074004430
         C            1.353762059058     0.336911060687    -0.663532762356    12.000000000000
         O            1.243155390464     1.465918939406    -1.089042240578    15.994914619570
         C            2.698031208686    -0.364974173648    -0.523411613793    12.000000000000
         C            3.835712215415     0.449192825588    -1.122633930776    12.000000000000
         S            5.460895040837    -0.349759276405    -0.963070627523    31.972071174400
         C            5.817622244100    -0.019196778403     0.784251806001    12.000000000000
         C           -1.570254987863     1.161536935938    -0.545757328369    12.000000000000
         H           -0.880564058648     1.895492609745    -0.935438163372     1.007825032230
         C           -2.905486190786     1.438851517312    -0.448293527591    12.000000000000
         C           -3.811287888795     0.480179771816     0.062179433855    12.000000000000
         N           -5.136160215738     0.769425229180     0.154597124568    14.003074004430
         H           -6.967134546800     0.053100956237     0.715162072343     1.007825032230
         H           -1.559175771216    -2.023547266161     0.685547277309     1.007825032230
         H            0.539244956955    -1.350976622792     0.107990184580     1.007825032230
         H            2.873815930238    -0.544761992689     0.543289600979     1.007825032230
         H            2.649496468918    -1.348862708250    -1.001532068315     1.007825032230
         H            3.676826334388     0.589292806412    -2.192854941370     1.007825032230
         H            3.876882693778     1.444358295278    -0.677042479980     1.007825032230
         H            5.173784709976    -0.594525408666     1.451734942753     1.007825032230
         H            5.721662374451     1.046440036080     1.000780794145     1.007825032230
         H            6.851352116540    -0.320060000626     0.958256151082     1.007825032230
         H           -3.297528015975     2.399480993677    -0.760638791119     1.007825032230

  Running in c1 symmetry.

  Rotational constants: A =      0.05609  B =      0.00429  C =      0.00408 [cm^-1]
  Rotational constants: A =   1681.46866  B =    128.63166  C =    122.39860 [MHz]
  Nuclear repulsion = 1178.932750348049694

  Charge       = 0
  Multiplicity = 1
  Electrons    = 130
  Nalpha       = 65
  Nbeta        = 65

  ==> Algorithm <==

  SCF Algorithm Type is DF.
  DIIS enabled.
  MOM disabled.
  Fractional occupation disabled.
  Guess Type is READ.
  Energy threshold   = 1.00e-08
  Density threshold  = 1.00e-08
  Integral threshold = 1.00e-12

  ==> Primary Basis <==

  Basis Set: 6-311+G(D,P)
    Blend: 6-311+G(D,P)
    Number of shells: 226
    Number of basis functions: 460
    Number of Cartesian functions: 477
    Spherical Harmonics?: true
    Max angular momentum: 2

  ==> DFT Potential <==

   => LibXC <=

    Version 7.0.0
    S. Lehtola, C. Steigemann, M. J.T. Oliveira, and M. A.L. Marques.,  SoftwareX 7, 1–5 (2018) (10.1016/j.softx.2017.11.002)

   => Composite Functional: WB97X-D <= 

    wB97X-D Hyb-GGA Exchange-Correlation Functional

    J.-D. Chai and M. Head-Gordon.,  Phys. Chem. Chem. Phys. 10, 6615-6620 (2008) (10.1039/B810189B)

    Deriv               =              1
    GGA                 =           TRUE
    Meta                =          FALSE

    Exchange Hybrid     =           TRUE
    MP2 Hybrid          =          FALSE

   => Exchange-Correlation Functionals <=

    1.0000   wB97X-D range-separated functional

   => Exact (HF) Exchange <=

    0.7780            HF,LR [omega = 0.2000]
    0.2220               HF 

   => LibXC Density Thresholds  <==

    XC_HYB_GGA_XC_WB97X_D:  1.00E-14 

   => Molecular Quadrature <=

    Radial Scheme          =       TREUTLER
    Pruning Scheme         =           NONE
    Nuclear Scheme         =       TREUTLER

    Blocking Scheme        =         OCTREE
    BS radius alpha        =              1
    Pruning alpha          =              1
    Radial Points          =             75
    Spherical Points       =            302
    Total Points           =         627768
    Total Blocks           =           4560
    Max Points             =            256
    Max Functions          =            321
    Weights Tolerance      =       1.00E-15

   => Loading Basis Set <=

    Name: (6-311+G(D,P) AUX)
    Role: JKFIT
    Keyword: DF_BASIS_SCF
    atoms 1, 3, 5-7, 9, 11-12, 14-15, 17-18 entry C          line   200 file /home2/shbae/bucket/covalent/.pixi/envs/default/share/psi4/basis/heavy-aug-cc-pvtz-jkfit.gbs 
    atoms 2, 8, 19                          entry N          line   262 file /home2/shbae/bucket/covalent/.pixi/envs/default/share/psi4/basis/heavy-aug-cc-pvtz-jkfit.gbs 
    atoms 4, 16, 20-30                      entry H          line   116 file /home2/shbae/bucket/covalent/.pixi/envs/default/share/psi4/basis/heavy-aug-cc-pvtz-jkfit.gbs 
    atoms 10                                entry O          line   324 file /home2/shbae/bucket/covalent/.pixi/envs/default/share/psi4/basis/heavy-aug-cc-pvtz-jkfit.gbs 
    atoms 13                                entry S          line   768 file /home2/shbae/bucket/covalent/.pixi/envs/default/share/psi4/basis/heavy-aug-cc-pvtz-jkfit.gbs 

   => Loading Basis Set <=

    Name: 6-311+G(D,P)
    Role: ORBITAL
    Keyword: BASIS
    atoms 1, 3, 5-7, 9, 11-12, 14-15, 17-18 entry C          line   129 file /home2/shbae/bucket/covalent/.pixi/envs/default/share/psi4/basis/6-311pg_d_p_.gbs 
    atoms 2, 8, 19                          entry N          line   150 file /home2/shbae/bucket/covalent/.pixi/envs/default/share/psi4/basis/6-311pg_d_p_.gbs 
    atoms 4, 16, 20-30                      entry H          line    42 file /home2/shbae/bucket/covalent/.pixi/envs/default/share/psi4/basis/6-311pg_d_p_.gbs 
    atoms 10                                entry O          line   171 file /home2/shbae/bucket/covalent/.pixi/envs/default/share/psi4/basis/6-311pg_d_p_.gbs 
    atoms 13                                entry S          line   429 file /home2/shbae/bucket/covalent/.pixi/envs/default/share/psi4/basis/6-311pg_d_p_.gbs 

  Reading orbitals from file /tmp/4_product.default.2248151.180.npy, no projection.

  ==> Integral Setup <==

  ==> DiskDFJK: Density-Fitted J/K Matrices <==

    J tasked:                  Yes
    K tasked:                  Yes
    wK tasked:                 Yes
    Omega:               2.000E-01
    OpenMP threads:              8
    Integrals threads:           8
    Memory [MiB]:             1475
    Algorithm:                Disk
    Integral Cache:           NONE
    Schwarz Cutoff:          1E-12
    Fitting Condition:       1E-10

   => Auxiliary Basis Set <=

  Basis Set: (6-311+G(D,P) AUX)
    Blend: HEAVY-AUG-CC-PVTZ-JKFIT
    Number of shells: 652
    Number of basis functions: 2200
    Number of Cartesian functions: 2731
    Spherical Harmonics?: true
    Max angular momentum: 4

  Cached 50.0% of DFT collocation blocks in 2.088 [GiB].

  Minimum eigenvalue in the overlap matrix is 4.8340618109E-07.
  Reciprocal condition number of the overlap matrix is 3.3472522948E-08.
    Using symmetric orthogonalization.

  ==> Pre-Iterations <==

  SCF Guess: Orbitals guess was supplied from a previous computation.

   -------------------------------------------------------
    Irrep   Nso     Nmo     Nalpha   Nbeta   Ndocc  Nsocc
   -------------------------------------------------------
     A        460     460      65      65      65       0
   -------------------------------------------------------
    Total     460     460      65      65      65       0
   -------------------------------------------------------

  ==> Iterations <==

                           Total Energy        Delta E     RMS |[F,P]|

   @DF-RKS iter   0: -1102.73108209807401   -1.10273e+03   6.38363e-04 
   @DF-RKS iter   1: -1102.74647810098645   -1.53960e-02   9.10752e-05 DIIS
   @DF-RKS iter   2: -1102.74740749518378   -9.29394e-04   7.40833e-05 DIIS
   @DF-RKS iter   3: -1102.74798405353044   -5.76558e-04   1.80239e-05 DIIS
   @DF-RKS iter   4: -1102.74803020350191   -4.61500e-05   9.78451e-06 DIIS
   @DF-RKS iter   5: -1102.74804190153031   -1.16980e-05   2.90413e-06 DIIS
   @DF-RKS iter   6: -1102.74804315697747   -1.25545e-06   9.78499e-07 DIIS
   @DF-RKS iter   7: -1102.74804338972285   -2.32745e-07   4.04195e-07 DIIS
   @DF-RKS iter   8: -1102.74804343229084   -4.25680e-08   1.99398e-07 DIIS
   @DF-RKS iter   9: -1102.74804343908295   -6.79211e-09   6.46503e-08 DIIS
   @DF-RKS iter  10: -1102.74804343991582   -8.32870e-10   2.89186e-08 DIIS
   @DF-RKS iter  11: -1102.74804344003564   -1.19826e-10   9.42659e-09 DIIS
  Energy and wave function converged.


  ==> Post-Iterations <==

   Electrons on quadrature grid:
      Ntotal   =  129.9999347615 ; deviation = -6.524e-05 

    Orbital Energies [Eh]
    ---------------------

    Doubly Occupied:                                                      

       1A    -89.015374     2A    -19.242237     3A    -14.497043  
       4A    -14.445708     5A    -14.443091     6A    -10.419253  
       7A    -10.366163     8A    -10.356256     9A    -10.351785  
      10A    -10.343897    11A    -10.324279    12A    -10.322759  
      13A    -10.318589    14A    -10.317743    15A    -10.316201  
      16A    -10.310456    17A    -10.307442    18A     -8.055823  
      19A     -6.005338    20A     -6.001360    21A     -5.994480  
      22A     -1.177197    23A     -1.101720    24A     -1.073899  
      25A     -1.007477    26A     -0.974792    27A     -0.932982  
      28A     -0.894318    29A     -0.882283    30A     -0.860387  
      31A     -0.798501    32A     -0.777509    33A     -0.762778  
      34A     -0.733524    35A     -0.710845    36A     -0.686167  
      37A     -0.661843    38A     -0.650444    39A     -0.614934  
      40A     -0.609515    41A     -0.593611    42A     -0.569988  
      43A     -0.553860    44A     -0.546240    45A     -0.544741  
      46A     -0.538162    47A     -0.533433    48A     -0.525059  
      49A     -0.523869    50A     -0.514804    51A     -0.497007  
      52A     -0.493838    53A     -0.480862    54A     -0.463397  
      55A     -0.461898    56A     -0.445429    57A     -0.428078  
      58A     -0.404702    59A     -0.400312    60A     -0.395218  
      61A     -0.368218    62A     -0.351798    63A     -0.343586  
      64A     -0.312217    65A     -0.311156  

    Virtual:                                                              

      66A     -0.014751    67A      0.019098    68A      0.037050  
      69A      0.054843    70A      0.057605    71A      0.064622  
      72A      0.067967    73A      0.072730    74A      0.076903  
      75A      0.081366    76A      0.085973    77A      0.092928  
      78A      0.094633    79A      0.096321    80A      0.102570  
      81A      0.107821    82A      0.109985    83A      0.112590  
      84A      0.116558    85A      0.120281    86A      0.126061  
      87A      0.130890    88A      0.132850    89A      0.134693  
      90A      0.140544    91A      0.143571    92A      0.153477  
      93A      0.157112    94A      0.158847    95A      0.160069  
      96A      0.172216    97A      0.172505    98A      0.177941  
      99A      0.180633   100A      0.184156   101A      0.188121  
     102A      0.191065   103A      0.194269   104A      0.196217  
     105A      0.202286   106A      0.204165   107A      0.215079  
     108A      0.217959   109A      0.219855   110A      0.222182  
     111A      0.229682   112A      0.233628   113A      0.236690  
     114A      0.239836   115A      0.243138   116A      0.249077  
     117A      0.255598   118A      0.261018   119A      0.263687  
     120A      0.264312   121A      0.266631   122A      0.269992  
     123A      0.276011   124A      0.279019   125A      0.279503  
     126A      0.286061   127A      0.287177   128A      0.290861  
     129A      0.293790   130A      0.296930   131A      0.300345  
     132A      0.303794   133A      0.305556   134A      0.314347  
     135A      0.315304   136A      0.321374   137A      0.322469  
     138A      0.326297   139A      0.329128   140A      0.336283  
     141A      0.341344   142A      0.345812   143A      0.348343  
     144A      0.354138   145A      0.358669   146A      0.367272  
     147A      0.369043   148A      0.371025   149A      0.372851  
     150A      0.379075   151A      0.385401   152A      0.388762  
     153A      0.389149   154A      0.399737   155A      0.403990  
     156A      0.409932   157A      0.413535   158A      0.423546  
     159A      0.425444   160A      0.434073   161A      0.441443  
     162A      0.447659   163A      0.451339   164A      0.459545  
     165A      0.469857   166A      0.478753   167A      0.482539  
     168A      0.501120   169A      0.515292   170A      0.531593  
     171A      0.547958   172A      0.555862   173A      0.563888  
     174A      0.574256   175A      0.583458   176A      0.594041  
     177A      0.604014   178A      0.611242   179A      0.611998  
     180A      0.615221   181A      0.618840   182A      0.624207  
     183A      0.627464   184A      0.648739   185A      0.658633  
     186A      0.660903   187A      0.670514   188A      0.674901  
     189A      0.684549   190A      0.691405   191A      0.695283  
     192A      0.698553   193A      0.710720   194A      0.722754  
     195A      0.724535   196A      0.731515   197A      0.738984  
     198A      0.745232   199A      0.747451   200A      0.754176  
     201A      0.762392   202A      0.765043   203A      0.783525  
     204A      0.785608   205A      0.788006   206A      0.796860  
     207A      0.810937   208A      0.824805   209A      0.827717  
     210A      0.844810   211A      0.850995   212A      0.858867  
     213A      0.868085   214A      0.870737   215A      0.884481  
     216A      0.887672   217A      0.896931   218A      0.898742  
     219A      0.922408   220A      0.926974   221A      0.948349  
     222A      0.949823   223A      0.954573   224A      0.957728  
     225A      0.966005   226A      0.976492   227A      0.977964  
     228A      0.986452   229A      0.989019   230A      0.992888  
     231A      1.007147   232A      1.023557   233A      1.028477  
     234A      1.041333   235A      1.042137   236A      1.061198  
     237A      1.061399   238A      1.066416   239A      1.071608  
     240A      1.087557   241A      1.094895   242A      1.110932  
     243A      1.122446   244A      1.131946   245A      1.133704  
     246A      1.154010   247A      1.163200   248A      1.166015  
     249A      1.183615   250A      1.191269   251A      1.198323  
     252A      1.211713   253A      1.215246   254A      1.216865  
     255A      1.218445   256A      1.231275   257A      1.253653  
     258A      1.282543   259A      1.287388   260A      1.305251  
     261A      1.314711   262A      1.325527   263A      1.338113  
     264A      1.353737   265A      1.388458   266A      1.400774  
     267A      1.455253   268A      1.465821   269A      1.480024  
     270A      1.505731   271A      1.523931   272A      1.527688  
     273A      1.556984   274A      1.585080   275A      1.591652  
     276A      1.592375   277A      1.603668   278A      1.605584  
     279A      1.610219   280A      1.621214   281A      1.647306  
     282A      1.652757   283A      1.654085   284A      1.657565  
     285A      1.671103   286A      1.673684   287A      1.680938  
     288A      1.691711   289A      1.705161   290A      1.710889  
     291A      1.713754   292A      1.734830   293A      1.744744  
     294A      1.758727   295A      1.765524   296A      1.772924  
     297A      1.803405   298A      1.810858   299A      1.818621  
     300A      1.819073   301A      1.828621   302A      1.854926  
     303A      1.858046   304A      1.876868   305A      1.882658  
     306A      1.885062   307A      1.902354   308A      1.919424  
     309A      1.932769   310A      1.945731   311A      1.967863  
     312A      1.971532   313A      1.978191   314A      1.995324  
     315A      2.021770   316A      2.023880   317A      2.047893  
     318A      2.051430   319A      2.066267   320A      2.071389  
     321A      2.091464   322A      2.105899   323A      2.134555  
     324A      2.137975   325A      2.142115   326A      2.155522  
     327A      2.185157   328A      2.188477   329A      2.216987  
     330A      2.221599   331A      2.236512   332A      2.238797  
     333A      2.274289   334A      2.284347   335A      2.304617  
     336A      2.314302   337A      2.322686   338A      2.344229  
     339A      2.364805   340A      2.366352   341A      2.391983  
     342A      2.418509   343A      2.423682   344A      2.445911  
     345A      2.472412   346A      2.488687   347A      2.518059  
     348A      2.519095   349A      2.524300   350A      2.551218  
     351A      2.554626   352A      2.578246   353A      2.601496  
     354A      2.604992   355A      2.622010   356A      2.634540  
     357A      2.650858   358A      2.653163   359A      2.664627  
     360A      2.679127   361A      2.691848   362A      2.723443  
     363A      2.737236   364A      2.746030   365A      2.769962  
     366A      2.771491   367A      2.787393   368A      2.789051  
     369A      2.812385   370A      2.819327   371A      2.834722  
     372A      2.856658   373A      2.872957   374A      2.876414  
     375A      2.907609   376A      2.912320   377A      2.929552  
     378A      2.950603   379A      2.953187   380A      2.957385  
     381A      2.963417   382A      2.981446   383A      2.982439  
     384A      3.005339   385A      3.007126   386A      3.018487  
     387A      3.035639   388A      3.037989   389A      3.043717  
     390A      3.058748   391A      3.079704   392A      3.112283  
     393A      3.154902   394A      3.171844   395A      3.180788  
     396A      3.258482   397A      3.283401   398A      3.303832  
     399A      3.330579   400A      3.406011   401A      3.431224  
     402A      3.444924   403A      3.456344   404A      3.479861  
     405A      3.507435   406A      3.553560   407A      3.588712  
     408A      3.631389   409A      3.681695   410A      3.707725  
     411A      3.721186   412A      3.746665   413A      3.792655  
     414A      3.818249   415A      3.828091   416A      3.847566  
     417A      3.851168   418A      3.887078   419A      3.961904  
     420A      3.988228   421A      4.011651   422A      4.023223  
     423A      4.035677   424A      4.057700   425A      4.150764  
     426A      4.196802   427A      4.266738   428A      4.336238  
     429A      4.378236   430A      4.521295   431A      4.599149  
     432A      4.929113   433A      4.942870   434A      5.064210  
     435A      5.174818   436A      5.198926   437A      5.401709  
     438A      5.417326   439A      5.902231   440A      8.040524  
     441A     17.480575   442A     17.573006   443A     17.606160  
     444A     23.746681   445A     23.969425   446A     23.986288  
     447A     24.023858   448A     24.028370   449A     24.034590  
     450A     24.047178   451A     24.089070   452A     24.120739  
     453A     24.158213   454A     24.240035   455A     24.316748  
     456A     35.749511   457A     35.773722   458A     35.819441  
     459A     50.150331   460A    189.287108  

    Final Occupation by Irrep:
              A 
    DOCC [    65 ]
    NA   [    65 ]
    NB   [    65 ]

  @DF-RKS Final Energy: -1102.74804344003564

   => Energetics <=

    Nuclear Repulsion Energy =           1178.9327503480496944
    One-Electron Energy =               -3845.3394348192355210
    Two-Electron Energy =                1650.9878418136424898
    DFT Exchange-Correlation Energy =     -87.3117703933495051
    Empirical Dispersion Energy =          -0.0174303891427500
    VV10 Nonlocal Energy =                  0.0000000000000000
    Total Energy =                      -1102.7480434400356444

Computation Completed


Properties will be evaluated at   0.000000,   0.000000,   0.000000 [a0]

Properties computed using the SCF density matrix


 Multipole Moments:

 ------------------------------------------------------------------------------------
     Multipole            Electronic (a.u.)      Nuclear  (a.u.)        Total (a.u.)
 ------------------------------------------------------------------------------------

 L = 1.  Multiply by 2.5417464519 to convert [e a0] to [Debye]
 Dipole X            :         51.8738284          -50.7229747            1.1508537
 Dipole Y            :          7.6452068           -8.6144407           -0.9692340
 Dipole Z            :         32.5507946          -31.7888760            0.7619185
 Magnitude           :                                                    1.6865345

 ------------------------------------------------------------------------------------

*** tstop() called on eristm01.eisai.local at Wed May 20 10:40:12 2026
Module time:
	user time   =     364.53 seconds =       6.08 minutes
	system time =      15.82 seconds =       0.26 minutes
	total time  =         51 seconds =       0.85 minutes
Total time:
	user time   =   53899.79 seconds =     898.33 minutes
	system time =    1891.79 seconds =      31.53 minutes
	total time  =       7678 seconds =     127.97 minutes

*** tstart() called on eristm01.eisai.local
*** at Wed May 20 10:40:12 2026


         ------------------------------------------------------------
                                   SCF GRAD                          
                          Rob Parrish, Justin Turney,                
                       Andy Simmonett, and Alex Sokolov              
         ------------------------------------------------------------

  ==> Geometry <==

    Molecular point group: c1
    Full point group: C1

    Geometry (in Angstrom), charge = 0, multiplicity = 1:

       Center              X                  Y                   Z               Mass       
    ------------   -----------------  -----------------  -----------------  -----------------
         C           -5.907121706460    -0.168707597213     0.637590200515    12.000000000000
         N           -5.534656573721    -1.405101281211     1.059993413667    14.003074004430
         C           -4.260630460712    -1.687721865313     0.972315357987    12.000000000000
         H           -3.945443589079    -2.675556955839     1.306735475540     1.007825032230
         C           -3.304810062324    -0.773254649910     0.469545522347    12.000000000000
         C           -1.926783297839    -1.052023979321     0.365460295411    12.000000000000
         C           -1.065417736200    -0.103670202369    -0.134382925251    12.000000000000
         N            0.300211358353    -0.427521196826    -0.217798252690    14.003074004430
         C            1.353762059058     0.336911060687    -0.663532762356    12.000000000000
         O            1.243155390464     1.465918939406    -1.089042240578    15.994914619570
         C            2.698031208686    -0.364974173648    -0.523411613793    12.000000000000
         C            3.835712215415     0.449192825588    -1.122633930776    12.000000000000
         S            5.460895040837    -0.349759276405    -0.963070627523    31.972071174400
         C            5.817622244100    -0.019196778403     0.784251806001    12.000000000000
         C           -1.570254987863     1.161536935938    -0.545757328369    12.000000000000
         H           -0.880564058648     1.895492609745    -0.935438163372     1.007825032230
         C           -2.905486190786     1.438851517312    -0.448293527591    12.000000000000
         C           -3.811287888795     0.480179771816     0.062179433855    12.000000000000
         N           -5.136160215738     0.769425229180     0.154597124568    14.003074004430
         H           -6.967134546800     0.053100956237     0.715162072343     1.007825032230
         H           -1.559175771216    -2.023547266161     0.685547277309     1.007825032230
         H            0.539244956955    -1.350976622792     0.107990184580     1.007825032230
         H            2.873815930238    -0.544761992689     0.543289600979     1.007825032230
         H            2.649496468918    -1.348862708250    -1.001532068315     1.007825032230
         H            3.676826334388     0.589292806412    -2.192854941370     1.007825032230
         H            3.876882693778     1.444358295278    -0.677042479980     1.007825032230
         H            5.173784709976    -0.594525408666     1.451734942753     1.007825032230
         H            5.721662374451     1.046440036080     1.000780794145     1.007825032230
         H            6.851352116540    -0.320060000626     0.958256151082     1.007825032230
         H           -3.297528015975     2.399480993677    -0.760638791119     1.007825032230

  Nuclear repulsion = 1178.932750348049694

  ==> Basis Set <==

  Basis Set: 6-311+G(D,P)
    Blend: 6-311+G(D,P)
    Number of shells: 226
    Number of basis functions: 460
    Number of Cartesian functions: 477
    Spherical Harmonics?: true
    Max angular momentum: 2

  ==> DFJKGrad: Density-Fitted SCF Gradients <==

    Gradient:                    1
    J tasked:                  Yes
    K tasked:                  Yes
    wK tasked:                 Yes
    Omega:               2.000E-01
    OpenMP threads:              8
    Integrals threads:           8
    Memory [MiB]:             5722
    Schwarz Cutoff:          1E-12
    Fitting Condition:       1E-10

   => Auxiliary Basis Set <=

  Basis Set: (6-311+G(D,P) AUX)
    Blend: HEAVY-AUG-CC-PVTZ-JKFIT
    Number of shells: 652
    Number of basis functions: 2200
    Number of Cartesian functions: 2731
    Spherical Harmonics?: true
    Max angular momentum: 4

  ==> DFT Potential <==

   => LibXC <=

    Version 7.0.0
    S. Lehtola, C. Steigemann, M. J.T. Oliveira, and M. A.L. Marques.,  SoftwareX 7, 1–5 (2018) (10.1016/j.softx.2017.11.002)

   => Composite Functional: WB97X-D <= 

    wB97X-D Hyb-GGA Exchange-Correlation Functional

    J.-D. Chai and M. Head-Gordon.,  Phys. Chem. Chem. Phys. 10, 6615-6620 (2008) (10.1039/B810189B)

    Deriv               =              1
    GGA                 =           TRUE
    Meta                =          FALSE

    Exchange Hybrid     =           TRUE
    MP2 Hybrid          =          FALSE

   => Exchange-Correlation Functionals <=

    1.0000   wB97X-D range-separated functional

   => Exact (HF) Exchange <=

    0.7780            HF,LR [omega = 0.2000]
    0.2220               HF 

   => LibXC Density Thresholds  <==

    XC_HYB_GGA_XC_WB97X_D:  1.00E-14 

   => Molecular Quadrature <=

    Radial Scheme          =       TREUTLER
    Pruning Scheme         =           NONE
    Nuclear Scheme         =       TREUTLER

    Blocking Scheme        =         OCTREE
    BS radius alpha        =              1
    Pruning alpha          =              1
    Radial Points          =             75
    Spherical Points       =            302
    Total Points           =         627768
    Total Blocks           =           4560
    Max Points             =            256
    Max Functions          =            321
    Weights Tolerance      =       1.00E-15


  -Total Gradient:
     Atom            X                  Y                   Z
    ------   -----------------  -----------------  -----------------
       1       -0.000176890164    -0.001075175499     0.000419247922
       2       -0.000520048013     0.000191869181     0.000053963609
       3        0.000617750362     0.000227122740    -0.000114663886
       4        0.000026031984    -0.000124386920     0.000083907286
       5        0.000064065774    -0.000372565411     0.000062528368
       6       -0.000146024452     0.000176376050    -0.000011350650
       7       -0.000087125438     0.000042264410     0.000150419708
       8        0.000033524540    -0.000019055729     0.000944700241
       9       -0.000249957978    -0.001016389273    -0.003546047535
      10       -0.000222924547     0.000539396901     0.001206642105
      11        0.000142075940     0.000167603572     0.000834738960
      12       -0.000485271168     0.000521958746    -0.000125510133
      13       -0.000078028671    -0.000974200536     0.000009123440
      14        0.000396431723     0.000631567734     0.000024080740
      15        0.000245657058    -0.000236709019    -0.000002359394
      16        0.000272282656     0.000186990185    -0.000143491113
      17        0.000313907196    -0.000110802760    -0.000005347907
      18       -0.000856895061     0.000128970669     0.000084017256
      19        0.000856119524     0.000842530239    -0.000441702250
      20        0.000026371725     0.000129485779    -0.000020515115
      21        0.000118447319    -0.000119130585     0.000087236158
      22        0.000074421680     0.000013799993     0.000075767067
      23        0.000002286630    -0.000172045494    -0.000064538825
      24       -0.000234906441     0.000036707958    -0.000003806997
      25       -0.000060993554     0.000126114695     0.000014643245
      26       -0.000085185949    -0.000041058450    -0.000006407269
      27        0.000271445021    -0.000178761757    -0.000029267736
      28       -0.000197129098    -0.000017410264     0.000065137456
      29        0.000172771073    -0.000050235576    -0.000079213060
      30       -0.000022086420     0.000130078505    -0.000090566393


*** tstop() called on eristm01.eisai.local at Wed May 20 10:40:32 2026
Module time:
	user time   =     136.55 seconds =       2.28 minutes
	system time =       1.74 seconds =       0.03 minutes
	total time  =         20 seconds =       0.33 minutes
Total time:
	user time   =   54036.35 seconds =     900.61 minutes
	system time =    1893.53 seconds =      31.56 minutes
	total time  =       7698 seconds =     128.30 minutes

    			-----------------------------------------

    			 OPTKING 3.0: for geometry optimizations 

    			     By R.A. King, Bethel University     

    			        with contributions from          

    			    A.V. Copan, J. Cayton, A. Heide      

    			-----------------------------------------

    
	                            ===> Fragment 1 <== 

	 Z (Atomic Numbers)          Masses                          Geom                  
	       6.000000            12.000000        -11.16284221  -0.31881115   1.20487086 
	       7.000000            14.003074        -10.45898512  -2.65525660   2.00309725 
	       6.000000            12.000000         -8.05142469 -3.18933210  1.83740973   
	       1.000000             1.007825         -7.45580783 -5.05606988  2.46937217   
	       6.000000            12.000000         -6.24518591 -1.46123951  0.88731244   
	       6.000000            12.000000         -3.64109274 -1.98803720  0.69061987   
	       6.000000            12.000000         -2.01334773 -0.19590829 -0.25394692   
	       7.000000            14.003074          0.56731725 -0.80789797 -0.41157905   
	       6.000000            12.000000          2.55823953  0.63666963 -1.25389520   
	       8.000000            15.994915          2.34922322  2.77018532 -2.05799157   
	       6.000000            12.000000          5.09854006 -0.68970123 -0.98910460   
	       6.000000            12.000000          7.24844558  0.84885142 -2.12147067   
	      16.000000            31.972071         10.31959603 -0.66094924 -1.81993973   
	       6.000000            12.000000         10.99371274 -0.03627665  1.48202113   
	       6.000000            12.000000         -2.96735187  2.19498669 -1.03133188   
	       1.000000             1.007825         -1.66402491  3.58196191 -1.76772194   
	       6.000000            12.000000         -5.49057316  2.71903530 -0.84715199   
	       6.000000            12.000000         -7.20229030  0.90740826  0.11750210   
	       7.000000            14.003074         -9.70593614  1.45400296  0.29214623   
	       1.000000             1.007825        -13.16597617   0.10034626   1.35146045 
	       1.000000             1.007825         -2.94641519 -3.82395013  1.29549660   
	       1.000000             1.007825          1.01902528 -2.55297582  0.20407187   
	       1.000000             1.007825          5.43072504 -1.02945097  1.02666855   
	       1.000000             1.007825          5.00682270 -2.54898110 -1.89262131   
	       1.000000             1.007825          6.94819478  1.11360201 -4.14389527   
	       1.000000             1.007825          7.32624651  2.72944161 -1.27942486   
	       1.000000             1.007825          9.77703613 -1.12349020  2.74338145   
	       1.000000             1.007825         10.81237487   1.97748507   1.89120161 
	       1.000000             1.007825         12.94717909 -0.60482574  1.81084168   
	       1.000000             1.007825         -6.23142484  4.53436192 -1.43739900   

	 - Coordinate -           - BOHR/RAD -       - ANG/DEG -
	 H(2,4)           =         3.873034           2.049521
	 R(1,2)           =         2.567403           1.358611
	 R(1,19)          =         2.469516           1.306812
	 R(1,20)          =         2.051762           1.085746
	 R(2,3)           =         2.471646           1.307939
	 R(3,4)           =         2.058846           1.089494
	 R(3,5)           =         2.674227           1.415140
	 R(5,6)           =         2.664114           1.409789
	 R(5,18)          =         2.668173           1.411937
	 R(6,7)           =         2.598747           1.375198
	 R(6,21)          =         2.054028           1.086945
	 R(7,8)           =         2.656918           1.405980
	 R(7,15)          =         2.689020           1.422968
	 R(8,9)           =         2.600008           1.375865
	 R(8,22)          =         1.904826           1.007991
	 R(9,10)          =         2.289574           1.211590
	 R(9,11)          =         2.877933           1.522937
	 R(11,12)         =         2.876020           1.521924
	 R(11,23)         =         2.071019           1.095936
	 R(11,24)         =         2.069221           1.094985
	 R(12,13)         =         3.435460           1.817967
	 R(12,25)         =         2.061661           1.090984
	 R(12,26)         =         2.061968           1.091147
	 R(13,14)         =         3.427476           1.813742
	 R(14,27)         =         2.062369           1.091359
	 R(14,28)         =         2.062898           1.091639
	 R(14,29)         =         2.060923           1.090593
	 R(15,16)         =         2.040743           1.079915
	 R(15,17)         =         2.583640           1.367203
	 R(17,18)         =         2.672550           1.414253
	 R(17,30)         =         2.047599           1.083543
	 R(18,19)         =         2.568562           1.359224
	 B(1,2,3)         =         2.029565         116.285481
	 B(1,19,18)       =         2.034663         116.577627
	 B(2,1,19)        =         2.222414         127.334959
	 B(2,1,20)        =         2.016790         115.553562
	 B(2,3,4)         =         2.045571         117.202560
	 B(2,3,5)         =         2.143726         122.826451
	 B(3,5,6)         =         2.163565         123.963115
	 B(3,5,18)        =         2.019593         115.714176
	 B(4,3,5)         =         2.093889         119.970988
	 B(5,6,7)         =         2.097537         120.180007
	 B(5,6,21)        =         2.077825         119.050618
	 B(5,18,17)       =         2.067079         118.434906
	 B(5,18,19)       =         2.116409         121.261285
	 B(6,5,18)        =         2.100027         120.322669
	 B(6,7,8)         =         2.061335         118.105822
	 B(6,7,15)        =         2.089802         119.736838
	 B(7,6,21)        =         2.107823         120.769372
	 B(7,8,9)         =         2.258811         129.420349
	 B(7,8,22)        =         2.006643         114.972193
	 B(7,15,16)       =         2.073767         118.818115
	 B(7,15,17)       =         2.101590         120.412247
	 B(8,7,15)        =         2.132047         122.157267
	 B(8,9,10)        =         2.167119         124.166765
	 B(8,9,11)        =         1.971462         112.956473
	 B(9,8,22)        =         2.017647         115.602664
	 B(9,11,12)       =         1.957410         112.151329
	 B(9,11,23)       =         1.882561         107.862811
	 B(9,11,24)       =         1.912207         109.561410
	 B(10,9,11)       =         2.144035         122.844169
	 B(11,12,13)      =         1.980784         113.490588
	 B(11,12,25)      =         1.924169         110.246789
	 B(11,12,26)      =         1.934054         110.813128
	 B(12,11,23)      =         1.929523         110.553541
	 B(12,11,24)      =         1.919731         109.992506
	 B(12,13,14)      =         1.752071         100.386251
	 B(13,12,25)      =         1.847023         105.826619
	 B(13,12,26)      =         1.908419         109.344348
	 B(13,14,27)      =         1.957461         112.154282
	 B(13,14,28)      =         1.930196         110.592108
	 B(13,14,29)      =         1.864871         106.849214
	 B(15,17,18)      =         2.110335         120.913302
	 B(15,17,30)      =         2.109040         120.839106
	 B(16,15,17)      =         2.107828         120.769632
	 B(17,18,19)      =         2.099697         120.303803
	 B(18,17,30)      =         2.063810         118.247590
	 B(19,1,20)       =         2.043981         117.111478
	 B(23,11,24)      =         1.859492         106.541055
	 B(25,12,26)      =         1.863950         106.796474
	 B(27,14,28)      =         1.919243         109.964542
	 B(27,14,29)      =         1.892485         108.431431
	 B(28,14,29)      =         1.897554         108.721846
	 D(1,2,3,4)       =        -3.141271        -179.981572
	 D(1,2,3,5)       =         0.000354           0.020279
	 D(1,19,18,5)     =         0.000492           0.028162
	 D(1,19,18,17)    =         3.142585         180.056863
	 D(2,1,19,18)     =         0.000262           0.015022
	 D(2,3,5,6)       =         3.140651         179.946028
	 D(2,3,5,18)      =         0.000309           0.017679
	 D(3,2,1,19)      =        -0.000690          -0.039512
	 D(3,2,1,20)      =         3.141068         179.969947
	 D(3,5,6,7)       =        -3.140400        -179.931689
	 D(3,5,6,21)      =         0.000818           0.046840
	 D(3,5,18,17)     =        -3.142836        -180.071236
	 D(3,5,18,19)     =        -0.000751          -0.043057
	 D(4,3,5,6)       =        -0.000909          -0.052072
	 D(4,3,5,18)      =        -3.141251        -179.980421
	 D(5,6,7,8)       =         3.140624         179.944473
	 D(5,6,7,15)      =         0.000712           0.040789
	 D(5,18,17,15)    =        -0.000431          -0.024674
	 D(5,18,17,30)    =         3.140880         179.959146
	 D(6,5,18,17)     =        -0.000042          -0.002389
	 D(6,5,18,19)     =        -3.141143        -179.974210
	 D(6,7,8,9)       =        -3.131026        -179.394601
	 D(6,7,8,22)      =        -0.004114          -0.235721
	 D(6,7,15,16)     =        -3.142297        -180.040376
	 D(6,7,15,17)     =        -0.001185          -0.067908
	 D(7,6,5,18)      =        -0.000113          -0.006477
	 D(7,8,9,10)      =        -0.016279          -0.932728
	 D(7,8,9,11)      =         3.089894         177.037895
	 D(7,15,17,18)    =         0.001041           0.059660
	 D(7,15,17,30)    =        -3.140262        -179.923740
	 D(8,7,6,21)      =        -0.000588          -0.033682
	 D(8,7,15,16)     =         0.001047           0.059978
	 D(8,7,15,17)     =        -3.141026        -179.967555
	 D(8,9,11,12)     =         3.061803         175.428372
	 D(8,9,11,23)     =        -1.092625         -62.602808
	 D(8,9,11,24)     =         0.924832          52.988949
	 D(9,8,7,15)      =         0.008842           0.506612
	 D(9,11,12,13)    =        -3.149763        -180.468105
	 D(9,11,12,25)    =        -1.081424         -61.961029
	 D(9,11,12,26)    =         0.978344          56.054984
	 D(10,9,8,22)     =         3.140070         179.912776
	 D(10,9,11,12)    =        -0.114672          -6.570214
	 D(10,9,11,23)    =         2.014086         115.398606
	 D(10,9,11,24)    =        -2.251643        -129.009637
	 D(11,9,8,22)     =        -0.036942          -2.116601
	 D(11,12,13,14)   =        -1.339671         -76.757499
	 D(12,13,14,27)   =         1.223564          70.105069
	 D(12,13,14,28)   =        -0.925764         -53.042388
	 D(12,13,14,29)   =        -2.988175        -171.209808
	 D(13,12,11,23)   =         1.031690          59.111495
	 D(13,12,11,24)   =        -1.017068         -58.273721
	 D(14,13,12,25)   =         2.831236         162.217889
	 D(14,13,12,26)   =         0.829365          47.519104
	 D(15,7,6,21)     =         3.142686         180.062634
	 D(15,7,8,22)     =        -3.147431        -180.334508
	 D(15,17,18,19)   =         3.140675         179.947426
	 D(16,15,17,18)   =         3.142144         180.031585
	 D(16,15,17,30)   =         0.000841           0.048185
	 D(18,5,6,21)     =        -3.142080        -180.027948
	 D(18,19,1,20)    =        -3.141498        -179.994565
	 D(19,18,17,30)   =        -0.001200          -0.068753
	 D(23,11,12,25)   =         3.100029         177.618572
	 D(23,11,12,26)   =        -1.123388         -64.365415
	 D(24,11,12,25)   =         1.051270          60.233355
	 D(24,11,12,26)   =         3.111038         178.249368


	        --- Internal Coordinate Step in ANG or DEG, aJ/ANG or AJ/DEG ---
	-------------------------------------------------------------------------------
	           Coordinate      Previous         Force          Change          New 
	           ----------      --------        ------          ------        ------
	               H(2,4)       2.04952       -0.00108        0.00072       2.05024
	               R(1,2)       1.35861        0.00149        0.00186       1.36047
	              R(1,19)       1.30681       -0.00732       -0.00083       1.30598
	              R(1,20)       1.08575       -0.00006       -0.00038       1.08537
	               R(2,3)       1.30794       -0.00225       -0.00057       1.30737
	               R(3,4)       1.08949       -0.00025        0.00034       1.08983
	               R(3,5)       1.41514        0.00214        0.00058       1.41572
	               R(5,6)       1.40979        0.00076        0.00035       1.41014
	              R(5,18)       1.41194       -0.00320       -0.00251       1.40942
	               R(6,7)       1.37520        0.00134       -0.00083       1.37437
	              R(6,21)       1.08694       -0.00134       -0.00028       1.08667
	               R(7,8)       1.40598        0.00465       -0.00057       1.40541
	              R(7,15)       1.42297        0.00251        0.00016       1.42313
	               R(8,9)       1.37587        0.00212       -0.00038       1.37549
	              R(8,22)       1.00799       -0.00015        0.00020       1.00819
	              R(9,10)       1.21159       -0.00091        0.00046       1.21205
	              R(9,11)       1.52294        0.00187       -0.00280       1.52013
	             R(11,12)       1.52192        0.00097       -0.00207       1.51985
	             R(11,23)       1.09594        0.00005        0.00028       1.09621
	             R(11,24)       1.09498        0.00048        0.00070       1.09568
	             R(12,13)       1.81797       -0.00581       -0.00327       1.81470
	             R(12,25)       1.09098        0.00031        0.00049       1.09147
	             R(12,26)       1.09115       -0.00009        0.00047       1.09161
	             R(13,14)       1.81374       -0.00342       -0.00301       1.81073
	             R(14,27)       1.09136        0.00038        0.00019       1.09155
	             R(14,28)       1.09164       -0.00032        0.00044       1.09208
	             R(14,29)       1.09059       -0.00131        0.00037       1.09096
	             R(15,16)       1.07991       -0.00291       -0.00017       1.07974
	             R(15,17)       1.36720        0.00121       -0.00061       1.36660
	             R(17,18)       1.41425       -0.00186       -0.00002       1.41423
	             R(17,30)       1.08354       -0.00132       -0.00005       1.08349
	             R(18,19)       1.35922        0.00425        0.00151       1.36074
	             B(1,2,3)     116.28548        0.00001       -0.14907     116.13642
	           B(1,19,18)     116.57763        0.00002       -0.10813     116.46950
	            B(2,1,19)     127.33496       -0.00001        0.14172     127.47668
	            B(2,1,20)     115.55356       -0.00000       -0.16966     115.38390
	             B(2,3,4)     117.20256        0.00001        0.08788     117.29044
	             B(2,3,5)     122.82645       -0.00000        0.00980     122.83625
	             B(3,5,6)     123.96312        0.00000       -0.12038     123.84274
	            B(3,5,18)     115.71418       -0.00001        0.10444     115.81862
	             B(4,3,5)     119.97099       -0.00001       -0.09769     119.87330
	             B(5,6,7)     120.18001        0.00001       -0.08067     120.09933
	            B(5,6,21)     119.05062       -0.00001       -0.01362     119.03700
	           B(5,18,17)     118.43491        0.00001        0.07445     118.50936
	           B(5,18,19)     121.26129       -0.00001        0.00123     121.26251
	            B(6,5,18)     120.32267        0.00000        0.01592     120.33859
	             B(6,7,8)     118.10582       -0.00006        0.04911     118.15493
	            B(6,7,15)     119.73684       -0.00003        0.09168     119.82852
	            B(7,6,21)     120.76937       -0.00000        0.09426     120.86363
	             B(7,8,9)     129.42035        0.00012       -0.25307     129.16728
	            B(7,8,22)     114.97219       -0.00006        0.12113     115.09333
	           B(7,15,16)     118.81811        0.00000        0.01702     118.83513
	           B(7,15,17)     120.41225        0.00001       -0.08471     120.32753
	            B(8,7,15)     122.15727        0.00008       -0.14106     122.01621
	            B(8,9,10)     124.16676        0.00004        0.05369     124.22045
	            B(8,9,11)     112.95647       -0.00001       -0.11939     112.83708
	            B(9,8,22)     115.60266       -0.00005        0.12992     115.73259
	           B(9,11,12)     112.15133        0.00005       -0.12614     112.02519
	           B(9,11,23)     107.86281       -0.00003       -0.06453     107.79828
	           B(9,11,24)     109.56141        0.00000        0.12589     109.68730
	           B(10,9,11)     122.84417       -0.00002        0.05250     122.89667
	          B(11,12,13)     113.49059       -0.00003        0.13914     113.62973
	          B(11,12,25)     110.24679        0.00003       -0.09322     110.15357
	          B(11,12,26)     110.81313       -0.00000        0.02955     110.84268
	          B(12,11,23)     110.55354       -0.00002        0.12146     110.67501
	          B(12,11,24)     109.99251       -0.00003        0.09791     110.09041
	          B(12,13,14)     100.38625       -0.00010        0.18962     100.57587
	          B(13,12,25)     105.82662        0.00001       -0.16339     105.66323
	          B(13,12,26)     109.34435        0.00001        0.21073     109.55508
	          B(13,14,27)     112.15428       -0.00000        0.22603     112.38032
	          B(13,14,28)     110.59211       -0.00001        0.06368     110.65579
	          B(13,14,29)     106.84921        0.00001        0.04930     106.89851
	          B(15,17,18)     120.91330        0.00000       -0.01667     120.89663
	          B(15,17,30)     120.83911        0.00000       -0.05287     120.78623
	          B(16,15,17)     120.76963       -0.00001        0.06770     120.83733
	          B(17,18,19)     120.30380        0.00000       -0.07568     120.22812
	          B(18,17,30)     118.24759       -0.00000        0.06954     118.31713
	           B(19,1,20)     117.11148        0.00002        0.02794     117.13942
	          B(23,11,24)     106.54106        0.00001       -0.15813     106.38293
	          B(25,12,26)     106.79647       -0.00000       -0.14903     106.64745
	          B(27,14,28)     109.96454        0.00000       -0.06053     109.90401
	          B(27,14,29)     108.43143        0.00001       -0.10725     108.32418
	          B(28,14,29)     108.72185       -0.00001       -0.18619     108.53566
	           D(1,2,3,4)    -179.98157       -0.00000        0.00731    -179.97427
	           D(1,2,3,5)       0.02028        0.00000        0.03402       0.05430
	         D(1,19,18,5)       0.02816        0.00000        0.00419       0.03235
	        D(1,19,18,17)     180.05686        0.00000        0.01716     180.07402
	         D(2,1,19,18)       0.01502       -0.00000       -0.05188      -0.03686
	           D(2,3,5,6)     179.94603       -0.00000       -0.09000     179.85602
	          D(2,3,5,18)       0.01768       -0.00000       -0.07373      -0.05605
	          D(3,2,1,19)      -0.03951        0.00000        0.03334      -0.00617
	          D(3,2,1,20)     179.96995       -0.00000        0.04451     180.01445
	           D(3,5,6,7)    -179.93169        0.00000        0.02225    -179.90944
	          D(3,5,6,21)       0.04684       -0.00000       -0.01812       0.02872
	         D(3,5,18,17)    -180.07124       -0.00000        0.04030    -180.03093
	         D(3,5,18,19)      -0.04306        0.00000        0.05310       0.01004
	           D(4,3,5,6)      -0.05207        0.00000       -0.06263      -0.11470
	          D(4,3,5,18)    -179.98042        0.00000       -0.04635    -180.02677
	           D(5,6,7,8)     179.94447       -0.00001       -0.19361     179.75086
	          D(5,6,7,15)       0.04079       -0.00000       -0.08080      -0.04001
	        D(5,18,17,15)      -0.02467       -0.00000       -0.04158      -0.06626
	        D(5,18,17,30)     179.95915        0.00000       -0.02152     179.93762
	         D(6,5,18,17)      -0.00239        0.00000        0.05608       0.05369
	         D(6,5,18,19)    -179.97421        0.00000        0.06887    -179.90534
	           D(6,7,8,9)    -179.39460        0.00000       -0.05134    -179.44594
	          D(6,7,8,22)      -0.23572        0.00000       -0.21038      -0.44611
	         D(6,7,15,16)    -180.04038        0.00000        0.04623    -179.99415
	         D(6,7,15,17)      -0.06791        0.00000        0.09579       0.02788
	          D(7,6,5,18)      -0.00648        0.00000        0.00533      -0.00115
	          D(7,8,9,10)      -0.93273       -0.00004       -2.78810      -3.72083
	          D(7,8,9,11)     177.03789        0.00003        1.64576     178.68365
	        D(7,15,17,18)       0.05966        0.00000       -0.03345       0.02621
	        D(7,15,17,30)    -179.92374       -0.00000       -0.05403    -179.97777
	          D(8,7,6,21)      -0.03368       -0.00001       -0.15247      -0.18615
	         D(8,7,15,16)       0.05998        0.00001        0.16334       0.22331
	         D(8,7,15,17)    -179.96755        0.00001        0.21289    -179.75466
	         D(8,9,11,12)     175.42837       -0.00004       -3.18668     172.24169
	         D(8,9,11,23)     -62.60281       -0.00004       -3.15837     -65.76118
	         D(8,9,11,24)      52.98895       -0.00004       -3.31487      49.67408
	          D(9,8,7,15)       0.50661       -0.00000       -0.16652       0.34009
	        D(9,11,12,13)    -180.46810       -0.00002       -0.18312    -180.65122
	        D(9,11,12,25)     -61.96103       -0.00002       -0.36470     -62.32573
	        D(9,11,12,26)      56.05498       -0.00000       -0.58886      55.46613
	         D(10,9,8,22)     179.91278       -0.00004       -2.62812     177.28466
	        D(10,9,11,12)      -6.57021        0.00004        1.17979      -5.39042
	        D(10,9,11,23)     115.39861        0.00003        1.20810     116.60671
	        D(10,9,11,24)    -129.00964        0.00003        1.05160    -127.95804
	         D(11,9,8,22)      -2.11660        0.00003        1.80574      -0.31086
	       D(11,12,13,14)     -76.75750        0.00005        5.65264     -71.10486
	       D(12,13,14,27)      70.10507       -0.00004       -1.81244      68.29263
	       D(12,13,14,28)     -53.04239       -0.00003       -1.94304     -54.98543
	       D(12,13,14,29)    -171.20981       -0.00002       -1.78344    -172.99325
	       D(13,12,11,23)      59.11150       -0.00001       -0.09992      59.01157
	       D(13,12,11,24)     -58.27372        0.00000       -0.03921     -58.31294
	       D(14,13,12,25)     162.21789        0.00003        5.79684     168.01473
	       D(14,13,12,26)      47.51910        0.00003        5.95495      53.47406
	         D(15,7,6,21)     180.06263       -0.00000       -0.03965     180.02298
	         D(15,7,8,22)    -180.33451       -0.00000       -0.32557    -180.66007
	       D(15,17,18,19)     179.94743       -0.00000       -0.05422     179.89320
	       D(16,15,17,18)     180.03159        0.00000        0.01710     180.04868
	       D(16,15,17,30)       0.04819        0.00000       -0.00348       0.04470
	         D(18,5,6,21)    -180.02795       -0.00000       -0.03504    -180.06299
	        D(18,19,1,20)    -179.99457       -0.00000       -0.06324    -180.05780
	       D(19,18,17,30)      -0.06875       -0.00000       -0.03416      -0.10291
	       D(23,11,12,25)     177.61857       -0.00001       -0.28151     177.33706
	       D(23,11,12,26)     -64.36542        0.00001       -0.50566     -64.87108
	       D(24,11,12,25)      60.23335        0.00001       -0.22080      60.01255
	       D(24,11,12,26)     178.24937        0.00002       -0.44495     177.80441
	-------------------------------------------------------------------------------

	                                 ==> Convergence Check <==                                  
    
	Measures of convergence in internal coordinates in au.
    
	Criteria marked as inactive (o), active & met (*), and active & unmet ( ).

	----------------------------------------------------------------------------------------------
	   Step    Total Energy     Delta E     Max Force     RMS Force      Max Disp      RMS Disp   
	----------------------------------------------------------------------------------------------
	  Convergence Criteria     1.00e-06 *    3.00e-04 *             o    1.20e-03 *             o
	----------------------------------------------------------------------------------------------
	     4   -1102.74804344   -8.03e-04      1.52e-03      3.27e-04 o    1.04e-01      1.87e-02 o  ~
	----------------------------------------------------------------------------------------------

Next Geometry in Ang 
	Fragment 1 (Ang)

	    C  -5.9013993186  -0.1894419759   0.6070829093
	    N  -5.5250512460  -1.4221897389   1.0424739609
	    C  -4.2482803466  -1.6937399909   0.9695274067
	    H  -3.9260183999  -2.6765372984   1.3130241841
	    C  -3.2949591708  -0.7733977410   0.4711248957
	    C  -1.9134127474  -1.0426892421   0.3856827056
	    C  -1.0549967942  -0.0907012497  -0.1100340339
	    N   0.3144635756  -0.4004204436  -0.1719680806
	    C   1.3615934462   0.3754664325  -0.6118431263
	    O   1.2357785540   1.4804735294  -1.0937044059
	    C   2.7063990261  -0.3219071174  -0.4854679991
	    C   3.8230954484   0.4693282365  -1.1464370204
	    S   5.4530685142  -0.3157256317  -1.0049490493
	    C   5.7870299332  -0.0728118534   0.7580656529
	    C  -1.5640712981   1.1675308613  -0.5378088086
	    H  -0.8753684010   1.9036463414  -0.9246725310
	    C  -2.9020402968   1.4339636019  -0.4575652996
	    C  -3.8050754158   0.4711123971   0.0498822955
	    N  -5.1344217316   0.7516335824   0.1257159305
	    H  -6.9636813917   0.0231335182   0.6733372389
	    H  -1.5428717534  -2.0088735559   0.7173911857
	    H   0.5613220229  -1.3170041184   0.1677132797
	    H   2.9115900723  -0.4631634566   0.5820664801
	    H   2.6450225509  -1.3242766272  -0.9236499219
	    H   3.6337711880   0.5644394517  -2.2171486019
	    H   3.8700928408   1.4836968324  -0.7458491400
	    H   5.1236364413  -0.6639664539   1.3920405207
	    H   5.7100343230   0.9839126234   1.0227123398
	    H   6.8124285794  -0.4007509676   0.9347129224
	    H  -3.2976782042   2.3892200763  -0.7814558903


    Structure for next step:
    Molecular point group: c1
    Full point group: C1

    Geometry (in Angstrom), charge = 0, multiplicity = 1:

    C           -5.901399318650    -0.189441975902     0.607082909316
    N           -5.525051245957    -1.422189738933     1.042473960878
    C           -4.248280346624    -1.693739990923     0.969527406746
    H           -3.926018399879    -2.676537298412     1.313024184125
    C           -3.294959170843    -0.773397740967     0.471124895706
    C           -1.913412747411    -1.042689242114     0.385682705633
    C           -1.054996794234    -0.090701249693    -0.110034033912
    N            0.314463575629    -0.400420443559    -0.171968080649
    C            1.361593446234     0.375466432472    -0.611843126270
    O            1.235778553968     1.480473529406    -1.093704405853
    C            2.706399026091    -0.321907117381    -0.485467999082
    C            3.823095448436     0.469328236483    -1.146437020402
    S            5.453068514227    -0.315725631728    -1.004949049271
    C            5.787029933204    -0.072811853400     0.758065652932
    C           -1.564071298063     1.167530861271    -0.537808808598
    H           -0.875368401049     1.903646341380    -0.924672530959
    C           -2.902040296799     1.433963601897    -0.457565299621
    C           -3.805075415827     0.471112397100     0.049882295487
    N           -5.134421731607     0.751633582405     0.125715930502
    H           -6.963681391748     0.023133518237     0.673337238897
    H           -1.542871753438    -2.008873555938     0.717391185684
    H            0.561322022874    -1.317004118382     0.167713279703
    H            2.911590072263    -0.463163456626     0.582066480138
    H            2.645022550935    -1.324276627246    -0.923649921897
    H            3.633771188010     0.564439451741    -2.217148601942
    H            3.870092840773     1.483696832443    -0.745849139989
    H            5.123636441282    -0.663966453944     1.392040520749
    H            5.710034323006     0.983912623415     1.022712339791
    H            6.812428579371    -0.400750967646     0.934712922415
    H           -3.297678204173     2.389220076255    -0.781455890258


Scratch directory: /tmp/
gradient() will perform analytic gradient computation.
   => Libint2 <=

    Primary   basis highest AM E, G, H:  7, 6, 3
    Auxiliary basis highest AM E, G, H:  7, 7, 4
    Onebody   basis highest AM E, G, H:  -, -, -
    Solid Harmonics ordering:            Gaussian

*** tstart() called on eristm01.eisai.local
*** at Wed May 20 10:40:32 2026

   => Loading Basis Set <=

    Name: 6-311+G(D,P)
    Role: ORBITAL
    Keyword: BASIS
    atoms 1, 3, 5-7, 9, 11-12, 14-15, 17-18 entry C          line   129 file /home2/shbae/bucket/covalent/.pixi/envs/default/share/psi4/basis/6-311pg_d_p_.gbs 
    atoms 2, 8, 19                          entry N          line   150 file /home2/shbae/bucket/covalent/.pixi/envs/default/share/psi4/basis/6-311pg_d_p_.gbs 
    atoms 4, 16, 20-30                      entry H          line    42 file /home2/shbae/bucket/covalent/.pixi/envs/default/share/psi4/basis/6-311pg_d_p_.gbs 
    atoms 10                                entry O          line   171 file /home2/shbae/bucket/covalent/.pixi/envs/default/share/psi4/basis/6-311pg_d_p_.gbs 
    atoms 13                                entry S          line   429 file /home2/shbae/bucket/covalent/.pixi/envs/default/share/psi4/basis/6-311pg_d_p_.gbs 

   => WB97X-D: Empirical Dispersion <=

    Chai and Head-Gordon Dispersion Correction
    Chai, J.-D.; Head-Gordon, M. (2010), J. Chem. Phys., 132: 6615-6620

        s6 =       1.000000


         ---------------------------------------------------------
                                   SCF
               by Justin Turney, Rob Parrish, Andy Simmonett
                          and Daniel G. A. Smith
                              RKS Reference
                        8 Threads,   7629 MiB Core
         ---------------------------------------------------------

  ==> Geometry <==

    Molecular point group: c1
    Full point group: C1

    Geometry (in Angstrom), charge = 0, multiplicity = 1:

       Center              X                  Y                   Z               Mass       
    ------------   -----------------  -----------------  -----------------  -----------------
         C           -5.901399318650    -0.189441975902     0.607082909316    12.000000000000
         N           -5.525051245957    -1.422189738933     1.042473960878    14.003074004430
         C           -4.248280346624    -1.693739990923     0.969527406746    12.000000000000
         H           -3.926018399879    -2.676537298412     1.313024184125     1.007825032230
         C           -3.294959170843    -0.773397740967     0.471124895706    12.000000000000
         C           -1.913412747411    -1.042689242114     0.385682705633    12.000000000000
         C           -1.054996794234    -0.090701249693    -0.110034033912    12.000000000000
         N            0.314463575629    -0.400420443559    -0.171968080649    14.003074004430
         C            1.361593446234     0.375466432472    -0.611843126270    12.000000000000
         O            1.235778553968     1.480473529406    -1.093704405853    15.994914619570
         C            2.706399026091    -0.321907117381    -0.485467999082    12.000000000000
         C            3.823095448436     0.469328236483    -1.146437020402    12.000000000000
         S            5.453068514227    -0.315725631728    -1.004949049271    31.972071174400
         C            5.787029933204    -0.072811853400     0.758065652932    12.000000000000
         C           -1.564071298063     1.167530861271    -0.537808808598    12.000000000000
         H           -0.875368401049     1.903646341380    -0.924672530959     1.007825032230
         C           -2.902040296799     1.433963601897    -0.457565299621    12.000000000000
         C           -3.805075415827     0.471112397100     0.049882295487    12.000000000000
         N           -5.134421731607     0.751633582405     0.125715930502    14.003074004430
         H           -6.963681391748     0.023133518237     0.673337238897     1.007825032230
         H           -1.542871753438    -2.008873555938     0.717391185684     1.007825032230
         H            0.561322022874    -1.317004118382     0.167713279703     1.007825032230
         H            2.911590072263    -0.463163456626     0.582066480138     1.007825032230
         H            2.645022550935    -1.324276627246    -0.923649921897     1.007825032230
         H            3.633771188010     0.564439451741    -2.217148601942     1.007825032230
         H            3.870092840773     1.483696832443    -0.745849139989     1.007825032230
         H            5.123636441282    -0.663966453944     1.392040520749     1.007825032230
         H            5.710034323006     0.983912623415     1.022712339791     1.007825032230
         H            6.812428579371    -0.400750967646     0.934712922415     1.007825032230
         H           -3.297678204173     2.389220076255    -0.781455890258     1.007825032230

  Running in c1 symmetry.

  Rotational constants: A =      0.05625  B =      0.00431  C =      0.00410 [cm^-1]
  Rotational constants: A =   1686.18571  B =    129.19858  C =    122.77067 [MHz]
  Nuclear repulsion = 1180.285667239458235

  Charge       = 0
  Multiplicity = 1
  Electrons    = 130
  Nalpha       = 65
  Nbeta        = 65

  ==> Algorithm <==

  SCF Algorithm Type is DF.
  DIIS enabled.
  MOM disabled.
  Fractional occupation disabled.
  Guess Type is READ.
  Energy threshold   = 1.00e-08
  Density threshold  = 1.00e-08
  Integral threshold = 1.00e-12

  ==> Primary Basis <==

  Basis Set: 6-311+G(D,P)
    Blend: 6-311+G(D,P)
    Number of shells: 226
    Number of basis functions: 460
    Number of Cartesian functions: 477
    Spherical Harmonics?: true
    Max angular momentum: 2

  ==> DFT Potential <==

   => LibXC <=

    Version 7.0.0
    S. Lehtola, C. Steigemann, M. J.T. Oliveira, and M. A.L. Marques.,  SoftwareX 7, 1–5 (2018) (10.1016/j.softx.2017.11.002)

   => Composite Functional: WB97X-D <= 

    wB97X-D Hyb-GGA Exchange-Correlation Functional

    J.-D. Chai and M. Head-Gordon.,  Phys. Chem. Chem. Phys. 10, 6615-6620 (2008) (10.1039/B810189B)

    Deriv               =              1
    GGA                 =           TRUE
    Meta                =          FALSE

    Exchange Hybrid     =           TRUE
    MP2 Hybrid          =          FALSE

   => Exchange-Correlation Functionals <=

    1.0000   wB97X-D range-separated functional

   => Exact (HF) Exchange <=

    0.7780            HF,LR [omega = 0.2000]
    0.2220               HF 

   => LibXC Density Thresholds  <==

    XC_HYB_GGA_XC_WB97X_D:  1.00E-14 

   => Molecular Quadrature <=

    Radial Scheme          =       TREUTLER
    Pruning Scheme         =           NONE
    Nuclear Scheme         =       TREUTLER

    Blocking Scheme        =         OCTREE
    BS radius alpha        =              1
    Pruning alpha          =              1
    Radial Points          =             75
    Spherical Points       =            302
    Total Points           =         627662
    Total Blocks           =           4556
    Max Points             =            256
    Max Functions          =            319
    Weights Tolerance      =       1.00E-15

   => Loading Basis Set <=

    Name: (6-311+G(D,P) AUX)
    Role: JKFIT
    Keyword: DF_BASIS_SCF
    atoms 1, 3, 5-7, 9, 11-12, 14-15, 17-18 entry C          line   200 file /home2/shbae/bucket/covalent/.pixi/envs/default/share/psi4/basis/heavy-aug-cc-pvtz-jkfit.gbs 
    atoms 2, 8, 19                          entry N          line   262 file /home2/shbae/bucket/covalent/.pixi/envs/default/share/psi4/basis/heavy-aug-cc-pvtz-jkfit.gbs 
    atoms 4, 16, 20-30                      entry H          line   116 file /home2/shbae/bucket/covalent/.pixi/envs/default/share/psi4/basis/heavy-aug-cc-pvtz-jkfit.gbs 
    atoms 10                                entry O          line   324 file /home2/shbae/bucket/covalent/.pixi/envs/default/share/psi4/basis/heavy-aug-cc-pvtz-jkfit.gbs 
    atoms 13                                entry S          line   768 file /home2/shbae/bucket/covalent/.pixi/envs/default/share/psi4/basis/heavy-aug-cc-pvtz-jkfit.gbs 

   => Loading Basis Set <=

    Name: 6-311+G(D,P)
    Role: ORBITAL
    Keyword: BASIS
    atoms 1, 3, 5-7, 9, 11-12, 14-15, 17-18 entry C          line   129 file /home2/shbae/bucket/covalent/.pixi/envs/default/share/psi4/basis/6-311pg_d_p_.gbs 
    atoms 2, 8, 19                          entry N          line   150 file /home2/shbae/bucket/covalent/.pixi/envs/default/share/psi4/basis/6-311pg_d_p_.gbs 
    atoms 4, 16, 20-30                      entry H          line    42 file /home2/shbae/bucket/covalent/.pixi/envs/default/share/psi4/basis/6-311pg_d_p_.gbs 
    atoms 10                                entry O          line   171 file /home2/shbae/bucket/covalent/.pixi/envs/default/share/psi4/basis/6-311pg_d_p_.gbs 
    atoms 13                                entry S          line   429 file /home2/shbae/bucket/covalent/.pixi/envs/default/share/psi4/basis/6-311pg_d_p_.gbs 

  Reading orbitals from file /tmp/4_product.default.2248151.180.npy, no projection.

  ==> Integral Setup <==

  ==> DiskDFJK: Density-Fitted J/K Matrices <==

    J tasked:                  Yes
    K tasked:                  Yes
    wK tasked:                 Yes
    Omega:               2.000E-01
    OpenMP threads:              8
    Integrals threads:           8
    Memory [MiB]:             1476
    Algorithm:                Disk
    Integral Cache:           NONE
    Schwarz Cutoff:          1E-12
    Fitting Condition:       1E-10

   => Auxiliary Basis Set <=

  Basis Set: (6-311+G(D,P) AUX)
    Blend: HEAVY-AUG-CC-PVTZ-JKFIT
    Number of shells: 652
    Number of basis functions: 2200
    Number of Cartesian functions: 2731
    Spherical Harmonics?: true
    Max angular momentum: 4

  Cached 50.0% of DFT collocation blocks in 2.099 [GiB].

  Minimum eigenvalue in the overlap matrix is 4.8624323789E-07.
  Reciprocal condition number of the overlap matrix is 3.3653503566E-08.
    Using symmetric orthogonalization.

  ==> Pre-Iterations <==

  SCF Guess: Orbitals guess was supplied from a previous computation.

   -------------------------------------------------------
    Irrep   Nso     Nmo     Nalpha   Nbeta   Ndocc  Nsocc
   -------------------------------------------------------
     A        460     460      65      65      65       0
   -------------------------------------------------------
    Total     460     460      65      65      65       0
   -------------------------------------------------------

  ==> Iterations <==

                           Total Energy        Delta E     RMS |[F,P]|

   @DF-RKS iter   0: -1102.73579668615503   -1.10274e+03   3.83578e-04 
   @DF-RKS iter   1: -1102.74745128642417   -1.16546e-02   4.59741e-05 DIIS
   @DF-RKS iter   2: -1102.74787127827312   -4.19992e-04   2.65837e-05 DIIS
   @DF-RKS iter   3: -1102.74794319240800   -7.19141e-05   1.29105e-05 DIIS
   @DF-RKS iter   4: -1102.74796327671129   -2.00843e-05   5.00106e-06 DIIS
   @DF-RKS iter   5: -1102.74796568177044   -2.40506e-06   2.11299e-06 DIIS
   @DF-RKS iter   6: -1102.74796613401759   -4.52247e-07   5.26369e-07 DIIS
   @DF-RKS iter   7: -1102.74796619281483   -5.87972e-08   2.06604e-07 DIIS
   @DF-RKS iter   8: -1102.74796620383358   -1.10188e-08   8.15241e-08 DIIS
   @DF-RKS iter   9: -1102.74796620546772   -1.63413e-09   3.10132e-08 DIIS
   @DF-RKS iter  10: -1102.74796620580059   -3.32875e-10   1.43308e-08 DIIS
   @DF-RKS iter  11: -1102.74796620585767   -5.70708e-11   5.54447e-09 DIIS
  Energy and wave function converged.


  ==> Post-Iterations <==

   Electrons on quadrature grid:
      Ntotal   =  129.9999642573 ; deviation = -3.574e-05 

    Orbital Energies [Eh]
    ---------------------

    Doubly Occupied:                                                      

       1A    -89.015333     2A    -19.242381     3A    -14.497169  
       4A    -14.445899     5A    -14.443250     6A    -10.419359  
       7A    -10.365874     8A    -10.356231     9A    -10.351854  
      10A    -10.343715    11A    -10.324071    12A    -10.322572  
      13A    -10.318761    14A    -10.317604    15A    -10.316344  
      16A    -10.310130    17A    -10.307272    18A     -8.055854  
      19A     -6.005375    20A     -6.001375    21A     -5.994506  
      22A     -1.177331    23A     -1.101639    24A     -1.074227  
      25A     -1.007557    26A     -0.975046    27A     -0.934081  
      28A     -0.894434    29A     -0.882544    30A     -0.860524  
      31A     -0.799034    32A     -0.777502    33A     -0.763122  
      34A     -0.733857    35A     -0.711062    36A     -0.685865  
      37A     -0.661999    38A     -0.650400    39A     -0.615491  
      40A     -0.609730    41A     -0.593960    42A     -0.570131  
      43A     -0.553896    44A     -0.546676    45A     -0.544868  
      46A     -0.538343    47A     -0.533244    48A     -0.525191  
      49A     -0.523697    50A     -0.514589    51A     -0.497703  
      52A     -0.494770    53A     -0.480339    54A     -0.463528  
      55A     -0.461763    56A     -0.445866    57A     -0.428060  
      58A     -0.404755    59A     -0.400529    60A     -0.395349  
      61A     -0.368234    62A     -0.351831    63A     -0.343952  
      64A     -0.312312    65A     -0.311222  

    Virtual:                                                              

      66A     -0.014478    67A      0.019195    68A      0.036616  
      69A      0.054630    70A      0.057412    71A      0.064603  
      72A      0.067938    73A      0.073057    74A      0.076683  
      75A      0.081440    76A      0.086030    77A      0.092939  
      78A      0.094920    79A      0.096420    80A      0.102736  
      81A      0.108016    82A      0.110132    83A      0.112017  
      84A      0.116761    85A      0.120752    86A      0.126149  
      87A      0.130934    88A      0.133525    89A      0.134742  
      90A      0.140666    91A      0.144228    92A      0.153699  
      93A      0.157181    94A      0.158772    95A      0.161034  
      96A      0.171906    97A      0.172832    98A      0.177579  
      99A      0.180540   100A      0.183069   101A      0.187982  
     102A      0.190774   103A      0.194379   104A      0.194860  
     105A      0.201958   106A      0.205299   107A      0.214781  
     108A      0.216914   109A      0.219137   110A      0.221136  
     111A      0.229682   112A      0.233184   113A      0.235762  
     114A      0.239450   115A      0.242689   116A      0.248831  
     117A      0.256822   118A      0.260492   119A      0.263224  
     120A      0.263750   121A      0.266510   122A      0.268622  
     123A      0.276456   124A      0.279103   125A      0.279684  
     126A      0.286426   127A      0.287215   128A      0.291970  
     129A      0.293634   130A      0.297091   131A      0.300571  
     132A      0.303421   133A      0.304263   134A      0.311660  
     135A      0.316389   136A      0.320449   137A      0.321306  
     138A      0.326190   139A      0.329847   140A      0.336691  
     141A      0.341890   142A      0.344288   143A      0.348226  
     144A      0.352867   145A      0.358765   146A      0.366508  
     147A      0.369398   148A      0.369901   149A      0.374679  
     150A      0.379706   151A      0.385444   152A      0.388636  
     153A      0.390346   154A      0.399677   155A      0.404919  
     156A      0.408853   157A      0.411044   158A      0.417303  
     159A      0.426083   160A      0.433173   161A      0.439132  
     162A      0.447611   163A      0.454255   164A      0.459146  
     165A      0.472597   166A      0.478335   167A      0.483277  
     168A      0.501337   169A      0.511120   170A      0.530212  
     171A      0.547279   172A      0.556684   173A      0.564009  
     174A      0.574273   175A      0.582362   176A      0.592672  
     177A      0.604325   178A      0.610282   179A      0.610780  
     180A      0.615559   181A      0.618814   182A      0.623834  
     183A      0.631303   184A      0.648402   185A      0.658920  
     186A      0.661716   187A      0.670557   188A      0.672201  
     189A      0.684691   190A      0.692237   191A      0.693638  
     192A      0.698190   193A      0.711009   194A      0.723347  
     195A      0.725317   196A      0.732901   197A      0.739922  
     198A      0.745934   199A      0.751977   200A      0.753640  
     201A      0.759357   202A      0.765537   203A      0.783037  
     204A      0.785918   205A      0.788932   206A      0.796047  
     207A      0.810819   208A      0.825100   209A      0.826013  
     210A      0.844532   211A      0.851304   212A      0.860580  
     213A      0.867309   214A      0.872408   215A      0.884824  
     216A      0.887642   217A      0.897024   218A      0.901004  
     219A      0.917004   220A      0.927642   221A      0.948144  
     222A      0.951471   223A      0.953875   224A      0.958445  
     225A      0.968521   226A      0.976692   227A      0.977725  
     228A      0.986294   229A      0.989578   230A      0.993998  
     231A      1.007814   232A      1.022161   233A      1.028635  
     234A      1.039655   235A      1.041388   236A      1.060304  
     237A      1.062225   238A      1.065732   239A      1.071322  
     240A      1.085756   241A      1.094382   242A      1.110672  
     243A      1.123212   244A      1.131002   245A      1.134124  
     246A      1.143594   247A      1.159145   248A      1.166045  
     249A      1.181704   250A      1.192303   251A      1.200317  
     252A      1.209090   253A      1.215505   254A      1.216226  
     255A      1.219363   256A      1.230978   257A      1.254534  
     258A      1.281817   259A      1.288046   260A      1.305282  
     261A      1.309534   262A      1.327083   263A      1.339931  
     264A      1.357709   265A      1.388179   266A      1.401075  
     267A      1.454644   268A      1.466229   269A      1.480233  
     270A      1.505848   271A      1.524325   272A      1.530973  
     273A      1.557958   274A      1.584916   275A      1.591740  
     276A      1.592738   277A      1.603259   278A      1.606948  
     279A      1.610404   280A      1.622405   281A      1.646456  
     282A      1.653682   283A      1.657069   284A      1.657950  
     285A      1.671102   286A      1.674950   287A      1.680207  
     288A      1.691146   289A      1.703852   290A      1.711288  
     291A      1.713171   292A      1.736239   293A      1.745421  
     294A      1.757319   295A      1.766812   296A      1.773974  
     297A      1.801333   298A      1.810505   299A      1.818268  
     300A      1.822890   301A      1.827212   302A      1.853021  
     303A      1.858756   304A      1.876853   305A      1.879477  
     306A      1.885324   307A      1.902004   308A      1.920234  
     309A      1.930841   310A      1.946537   311A      1.969559  
     312A      1.973026   313A      1.978941   314A      1.997815  
     315A      2.022339   316A      2.023271   317A      2.046395  
     318A      2.051477   319A      2.064928   320A      2.073205  
     321A      2.091404   322A      2.106978   323A      2.133890  
     324A      2.138785   325A      2.143114   326A      2.157287  
     327A      2.183645   328A      2.189840   329A      2.218169  
     330A      2.221659   331A      2.237384   332A      2.239527  
     333A      2.273481   334A      2.282961   335A      2.304740  
     336A      2.315054   337A      2.323105   338A      2.346704  
     339A      2.365785   340A      2.370054   341A      2.390826  
     342A      2.416893   343A      2.425307   344A      2.445223  
     345A      2.474143   346A      2.487847   347A      2.517595  
     348A      2.520404   349A      2.523240   350A      2.551121  
     351A      2.554703   352A      2.577823   353A      2.601626  
     354A      2.607023   355A      2.620790   356A      2.633734  
     357A      2.649477   358A      2.657511   359A      2.664765  
     360A      2.675523   361A      2.691643   362A      2.723845  
     363A      2.738786   364A      2.751741   365A      2.770824  
     366A      2.771860   367A      2.787236   368A      2.791142  
     369A      2.814517   370A      2.821653   371A      2.834840  
     372A      2.856125   373A      2.872869   374A      2.876845  
     375A      2.907994   376A      2.912622   377A      2.931718  
     378A      2.949963   379A      2.953419   380A      2.958608  
     381A      2.964076   382A      2.981515   383A      2.983108  
     384A      3.003985   385A      3.007948   386A      3.021330  
     387A      3.034895   388A      3.038853   389A      3.044369  
     390A      3.059118   391A      3.080125   392A      3.113311  
     393A      3.155490   394A      3.172499   395A      3.182490  
     396A      3.260219   397A      3.284733   398A      3.306924  
     399A      3.330776   400A      3.406748   401A      3.431050  
     402A      3.443473   403A      3.456678   404A      3.481614  
     405A      3.508432   406A      3.552856   407A      3.589188  
     408A      3.632093   409A      3.681625   410A      3.707291  
     411A      3.721244   412A      3.746148   413A      3.792825  
     414A      3.818777   415A      3.828929   416A      3.844933  
     417A      3.850241   418A      3.886824   419A      3.961775  
     420A      3.989972   421A      4.011534   422A      4.023413  
     423A      4.035397   424A      4.057654   425A      4.152417  
     426A      4.198796   427A      4.267292   428A      4.338789  
     429A      4.378622   430A      4.520995   431A      4.601105  
     432A      4.930414   433A      4.943370   434A      5.064401  
     435A      5.176339   436A      5.199222   437A      5.399870  
     438A      5.418431   439A      5.902246   440A      8.038208  
     441A     17.480132   442A     17.574250   443A     17.605263  
     444A     23.746654   445A     23.969967   446A     23.987300  
     447A     24.024102   448A     24.029002   449A     24.032247  
     450A     24.047200   451A     24.088142   452A     24.121163  
     453A     24.160375   454A     24.242245   455A     24.318463  
     456A     35.749406   457A     35.773439   458A     35.818620  
     459A     50.149827   460A    189.283691  

    Final Occupation by Irrep:
              A 
    DOCC [    65 ]
    NA   [    65 ]
    NB   [    65 ]

  @DF-RKS Final Energy: -1102.74796620585767

   => Energetics <=

    Nuclear Repulsion Energy =           1180.2856672394582347
    One-Electron Energy =               -3848.0279447941447870
    Two-Electron Energy =                1652.3274468253428040
    DFT Exchange-Correlation Energy =     -87.3156451078880309
    Empirical Dispersion Energy =          -0.0174903686257560
    VV10 Nonlocal Energy =                  0.0000000000000000
    Total Energy =                      -1102.7479662058574377

Computation Completed


Properties will be evaluated at   0.000000,   0.000000,   0.000000 [a0]

Properties computed using the SCF density matrix


 Multipole Moments:

 ------------------------------------------------------------------------------------
     Multipole            Electronic (a.u.)      Nuclear  (a.u.)        Total (a.u.)
 ------------------------------------------------------------------------------------

 L = 1.  Multiply by 2.5417464519 to convert [e a0] to [Debye]
 Dipole X            :         51.5261055          -50.3690748            1.1570307
 Dipole Y            :          6.2356948           -7.2091305           -0.9734357
 Dipole Z            :         33.4930392          -32.6767432            0.8162960
 Magnitude           :                                                    1.7183237

 ------------------------------------------------------------------------------------

*** tstop() called on eristm01.eisai.local at Wed May 20 10:41:22 2026
Module time:
	user time   =     363.98 seconds =       6.07 minutes
	system time =      15.93 seconds =       0.27 minutes
	total time  =         50 seconds =       0.83 minutes
Total time:
	user time   =   54411.83 seconds =     906.86 minutes
	system time =    1909.50 seconds =      31.82 minutes
	total time  =       7748 seconds =     129.13 minutes

*** tstart() called on eristm01.eisai.local
*** at Wed May 20 10:41:22 2026


         ------------------------------------------------------------
                                   SCF GRAD                          
                          Rob Parrish, Justin Turney,                
                       Andy Simmonett, and Alex Sokolov              
         ------------------------------------------------------------

  ==> Geometry <==

    Molecular point group: c1
    Full point group: C1

    Geometry (in Angstrom), charge = 0, multiplicity = 1:

       Center              X                  Y                   Z               Mass       
    ------------   -----------------  -----------------  -----------------  -----------------
         C           -5.901399318650    -0.189441975902     0.607082909316    12.000000000000
         N           -5.525051245957    -1.422189738933     1.042473960878    14.003074004430
         C           -4.248280346624    -1.693739990923     0.969527406746    12.000000000000
         H           -3.926018399879    -2.676537298412     1.313024184125     1.007825032230
         C           -3.294959170843    -0.773397740967     0.471124895706    12.000000000000
         C           -1.913412747411    -1.042689242114     0.385682705633    12.000000000000
         C           -1.054996794234    -0.090701249693    -0.110034033912    12.000000000000
         N            0.314463575629    -0.400420443559    -0.171968080649    14.003074004430
         C            1.361593446234     0.375466432472    -0.611843126270    12.000000000000
         O            1.235778553968     1.480473529406    -1.093704405853    15.994914619570
         C            2.706399026091    -0.321907117381    -0.485467999082    12.000000000000
         C            3.823095448436     0.469328236483    -1.146437020402    12.000000000000
         S            5.453068514227    -0.315725631728    -1.004949049271    31.972071174400
         C            5.787029933204    -0.072811853400     0.758065652932    12.000000000000
         C           -1.564071298063     1.167530861271    -0.537808808598    12.000000000000
         H           -0.875368401049     1.903646341380    -0.924672530959     1.007825032230
         C           -2.902040296799     1.433963601897    -0.457565299621    12.000000000000
         C           -3.805075415827     0.471112397100     0.049882295487    12.000000000000
         N           -5.134421731607     0.751633582405     0.125715930502    14.003074004430
         H           -6.963681391748     0.023133518237     0.673337238897     1.007825032230
         H           -1.542871753438    -2.008873555938     0.717391185684     1.007825032230
         H            0.561322022874    -1.317004118382     0.167713279703     1.007825032230
         H            2.911590072263    -0.463163456626     0.582066480138     1.007825032230
         H            2.645022550935    -1.324276627246    -0.923649921897     1.007825032230
         H            3.633771188010     0.564439451741    -2.217148601942     1.007825032230
         H            3.870092840773     1.483696832443    -0.745849139989     1.007825032230
         H            5.123636441282    -0.663966453944     1.392040520749     1.007825032230
         H            5.710034323006     0.983912623415     1.022712339791     1.007825032230
         H            6.812428579371    -0.400750967646     0.934712922415     1.007825032230
         H           -3.297678204173     2.389220076255    -0.781455890258     1.007825032230

  Nuclear repulsion = 1180.285667239458235

  ==> Basis Set <==

  Basis Set: 6-311+G(D,P)
    Blend: 6-311+G(D,P)
    Number of shells: 226
    Number of basis functions: 460
    Number of Cartesian functions: 477
    Spherical Harmonics?: true
    Max angular momentum: 2

  ==> DFJKGrad: Density-Fitted SCF Gradients <==

    Gradient:                    1
    J tasked:                  Yes
    K tasked:                  Yes
    wK tasked:                 Yes
    Omega:               2.000E-01
    OpenMP threads:              8
    Integrals threads:           8
    Memory [MiB]:             5722
    Schwarz Cutoff:          1E-12
    Fitting Condition:       1E-10

   => Auxiliary Basis Set <=

  Basis Set: (6-311+G(D,P) AUX)
    Blend: HEAVY-AUG-CC-PVTZ-JKFIT
    Number of shells: 652
    Number of basis functions: 2200
    Number of Cartesian functions: 2731
    Spherical Harmonics?: true
    Max angular momentum: 4

  ==> DFT Potential <==

   => LibXC <=

    Version 7.0.0
    S. Lehtola, C. Steigemann, M. J.T. Oliveira, and M. A.L. Marques.,  SoftwareX 7, 1–5 (2018) (10.1016/j.softx.2017.11.002)

   => Composite Functional: WB97X-D <= 

    wB97X-D Hyb-GGA Exchange-Correlation Functional

    J.-D. Chai and M. Head-Gordon.,  Phys. Chem. Chem. Phys. 10, 6615-6620 (2008) (10.1039/B810189B)

    Deriv               =              1
    GGA                 =           TRUE
    Meta                =          FALSE

    Exchange Hybrid     =           TRUE
    MP2 Hybrid          =          FALSE

   => Exchange-Correlation Functionals <=

    1.0000   wB97X-D range-separated functional

   => Exact (HF) Exchange <=

    0.7780            HF,LR [omega = 0.2000]
    0.2220               HF 

   => LibXC Density Thresholds  <==

    XC_HYB_GGA_XC_WB97X_D:  1.00E-14 

   => Molecular Quadrature <=

    Radial Scheme          =       TREUTLER
    Pruning Scheme         =           NONE
    Nuclear Scheme         =       TREUTLER

    Blocking Scheme        =         OCTREE
    BS radius alpha        =              1
    Pruning alpha          =              1
    Radial Points          =             75
    Spherical Points       =            302
    Total Points           =         627662
    Total Blocks           =           4556
    Max Points             =            256
    Max Functions          =            319
    Weights Tolerance      =       1.00E-15


  -Total Gradient:
     Atom            X                  Y                   Z
    ------   -----------------  -----------------  -----------------
       1        0.000537902352    -0.000016683808    -0.000104035272
       2       -0.000561798632    -0.000961390343     0.000526779053
       3        0.000203650411     0.000354160515    -0.000155964217
       4        0.000225405411    -0.000272812643     0.000112352175
       5       -0.000657842071     0.001269933622    -0.000354670759
       6        0.000654447452     0.000140971659    -0.000060653525
       7       -0.000508767516    -0.000413818456    -0.000000217538
       8        0.000053980625    -0.001323136135    -0.001272533077
       9        0.001586345605     0.003032612904     0.006617709394
      10       -0.000853840310    -0.000510227804    -0.002936929450
      11       -0.000783539791     0.000093425430    -0.002372892263
      12       -0.000698913290    -0.000992897584     0.000042403105
      13       -0.000568273804     0.000688003465     0.000760817956
      14       -0.000342695244    -0.000506288907    -0.000944085813
      15        0.000289961058     0.000142380458    -0.000257239689
      16        0.000381996790     0.000183514361    -0.000106893367
      17        0.000603064043    -0.000280187469     0.000000956690
      18        0.000500390880    -0.001576761189     0.000604753586
      19       -0.000255220171     0.001282887320    -0.000478871286
      20        0.000293223866    -0.000036007687     0.000052263181
      21       -0.000038710444    -0.000037366564     0.000012080258
      22        0.000062590585    -0.000424157667    -0.000267772843
      23       -0.000278009298    -0.000138360431     0.000019638399
      24        0.000104332295    -0.000612861987     0.000153657569
      25       -0.000315738539     0.000134114806    -0.000125962796
      26       -0.000052963105     0.000260684998    -0.000309430385
      27        0.000128807072     0.000018708021     0.000320656847
      28        0.000140096478     0.000134698187    -0.000056123988
      29        0.000340913966    -0.000075913331     0.000144314681
      30        0.000140201846     0.000153943161    -0.000116401558


*** tstop() called on eristm01.eisai.local at Wed May 20 10:41:41 2026
Module time:
	user time   =     137.00 seconds =       2.28 minutes
	system time =       1.69 seconds =       0.03 minutes
	total time  =         19 seconds =       0.32 minutes
Total time:
	user time   =   54548.84 seconds =     909.15 minutes
	system time =    1911.20 seconds =      31.85 minutes
	total time  =       7767 seconds =     129.45 minutes

    			-----------------------------------------

    			 OPTKING 3.0: for geometry optimizations 

    			     By R.A. King, Bethel University     

    			        with contributions from          

    			    A.V. Copan, J. Cayton, A. Heide      

    			-----------------------------------------

    
	                            ===> Fragment 1 <== 

	 Z (Atomic Numbers)          Masses                          Geom                  
	       6.000000            12.000000        -11.15202847  -0.35799345   1.14722043 
	       7.000000            14.003074        -10.44083368  -2.68754911   1.96999028 
	       6.000000            12.000000         -8.02808636 -3.20070471  1.83214127   
	       1.000000             1.007825         -7.41909954 -5.05792246  2.48125610   
	       6.000000            12.000000         -6.22657043 -1.46150992  0.89029702   
	       6.000000            12.000000         -3.61582606 -1.97039710  0.72883468   
	       6.000000            12.000000         -1.99365500 -0.17140052 -0.20793419   
	       7.000000            14.003074          0.59425003 -0.75668497 -0.32497257   
	       6.000000            12.000000          2.57303871  0.70952873 -1.15621594   
	       8.000000            15.994915          2.33528302  2.79768951 -2.06680179   
	       6.000000            12.000000          5.11435295 -0.60831629 -0.91740156   
	       6.000000            12.000000          7.22460335  0.88690183 -2.16645199   
	      16.000000            31.972071         10.30480604 -0.59663497 -1.89907847   
	       6.000000            12.000000         10.93590165 -0.13759446  1.43253647   
	       6.000000            12.000000         -2.95566639  2.20631357 -1.01631136   
	       1.000000             1.007825         -1.65420654  3.59737022 -1.74737784   
	       6.000000            12.000000         -5.48406137  2.70979848 -0.86467310   
	       6.000000            12.000000         -7.19055042  0.89027340  0.09426388   
	       7.000000            14.003074         -9.70265089  1.42038162  0.23756868   
	       1.000000             1.007825        -13.15945066   0.04371601   1.27242297 
	       1.000000             1.007825         -2.91560506 -3.79622084  1.35567287   
	       1.000000             1.007825          1.06074489 -2.48877709  0.31693217   
	       1.000000             1.007825          5.50210783 -0.87525208  1.09994623   
	       1.000000             1.007825          4.99836822 -2.50252014 -1.74544539   
	       1.000000             1.007825          6.86683235  1.06663598 -4.18980364   
	       1.000000             1.007825          7.31341555  2.80378067 -1.40945061   
	       1.000000             1.007825          9.68226964 -1.25471475  2.63057534   
	       1.000000             1.007825         10.79040104   1.85932539   1.93264623 
	       1.000000             1.007825         12.87362426 -0.75730957  1.76635143   
	       1.000000             1.007825         -6.23170866  4.51497160 -1.47673761   

	 - Coordinate -           - BOHR/RAD -       - ANG/DEG -
	 H(2,4)           =         3.874395           2.050242
	 R(1,2)           =         2.570910           1.360467
	 R(1,19)          =         2.467950           1.305983
	 R(1,20)          =         2.051046           1.085367
	 R(2,3)           =         2.470563           1.307366
	 R(3,4)           =         2.059484           1.089832
	 R(3,5)           =         2.675318           1.415718
	 R(5,6)           =         2.664774           1.410138
	 R(5,18)          =         2.663421           1.409422
	 R(6,7)           =         2.597184           1.374370
	 R(6,21)          =         2.053501           1.086666
	 R(7,8)           =         2.655844           1.405412
	 R(7,15)          =         2.689324           1.423129
	 R(8,9)           =         2.599299           1.375490
	 R(8,22)          =         1.905204           1.008191
	 R(9,10)          =         2.290439           1.212048
	 R(9,11)          =         2.872634           1.520132
	 R(11,12)         =         2.872100           1.519850
	 R(11,23)         =         2.071545           1.096215
	 R(11,24)         =         2.070536           1.095680
	 R(12,13)         =         3.429288           1.814701
	 R(12,25)         =         2.062585           1.091473
	 R(12,26)         =         2.062853           1.091615
	 R(13,14)         =         3.421792           1.810734
	 R(14,27)         =         2.062728           1.091549
	 R(14,28)         =         2.063727           1.092077
	 R(14,29)         =         2.061613           1.090959
	 R(15,16)         =         2.040415           1.079741
	 R(15,17)         =         2.582493           1.366597
	 R(17,18)         =         2.672515           1.414234
	 R(17,30)         =         2.047498           1.083489
	 R(18,19)         =         2.571420           1.360737
	 B(1,2,3)         =         2.026963         116.136415
	 B(1,19,18)       =         2.032776         116.469497
	 B(2,1,19)        =         2.224888         127.476678
	 B(2,1,20)        =         2.013829         115.383900
	 B(2,3,4)         =         2.047104         117.290444
	 B(2,3,5)         =         2.143897         122.836248
	 B(3,5,6)         =         2.161464         123.842737
	 B(3,5,18)        =         2.021416         115.818618
	 B(4,3,5)         =         2.092184         119.873302
	 B(5,6,7)         =         2.096129         120.099335
	 B(5,6,21)        =         2.077588         119.037001
	 B(5,18,17)       =         2.068378         118.509357
	 B(5,18,19)       =         2.116430         121.262511
	 B(6,5,18)        =         2.100305         120.338586
	 B(6,7,8)         =         2.062193         118.154930
	 B(6,7,15)        =         2.091402         119.828520
	 B(7,6,21)        =         2.109468         120.863635
	 B(7,8,9)         =         2.254394         129.167282
	 B(7,8,22)        =         2.008757         115.093326
	 B(7,15,16)       =         2.074064         118.835133
	 B(7,15,17)       =         2.100112         120.327533
	 B(8,7,15)        =         2.129585         122.016206
	 B(8,9,10)        =         2.168056         124.220453
	 B(8,9,11)        =         1.969379         112.837082
	 B(9,8,22)        =         2.019915         115.732588
	 B(9,11,12)       =         1.955208         112.025193
	 B(9,11,23)       =         1.881435         107.798276
	 B(9,11,24)       =         1.914405         109.687303
	 B(10,9,11)       =         2.144952         122.896669
	 B(11,12,13)      =         1.983213         113.629731
	 B(11,12,25)      =         1.922542         110.153569
	 B(11,12,26)      =         1.934570         110.842681
	 B(12,11,23)      =         1.931643         110.675006
	 B(12,11,24)      =         1.921440         110.090414
	 B(12,13,14)      =         1.755380         100.575870
	 B(13,12,25)      =         1.844171         105.663228
	 B(13,12,26)      =         1.912097         109.555080
	 B(13,14,27)      =         1.961407         112.380317
	 B(13,14,28)      =         1.931308         110.655789
	 B(13,14,29)      =         1.865731         106.898509
	 B(15,17,18)      =         2.110044         120.896632
	 B(15,17,30)      =         2.108117         120.786234
	 B(16,15,17)      =         2.109009         120.837331
	 B(17,18,19)      =         2.098377         120.228119
	 B(18,17,30)      =         2.065024         118.317134
	 B(19,1,20)       =         2.044469         117.139418
	 B(23,11,24)      =         1.856732         106.382927
	 B(25,12,26)      =         1.861349         106.647447
	 B(27,14,28)      =         1.918187         109.904009
	 B(27,14,29)      =         1.890614         108.324178
	 B(28,14,29)      =         1.894305         108.535657
	 D(1,2,3,4)       =        -3.141143        -179.974265
	 D(1,2,3,5)       =         0.000948           0.054301
	 D(1,19,18,5)     =         0.000565           0.032349
	 D(1,19,18,17)    =         3.142885         180.074021
	 D(2,1,19,18)     =        -0.000643          -0.036862
	 D(2,3,5,6)       =         3.139080         179.856024
	 D(2,3,5,18)      =        -0.000978          -0.056048
	 D(3,2,1,19)      =        -0.000108          -0.006173
	 D(3,2,1,20)      =         3.141845         180.014453
	 D(3,5,6,7)       =        -3.140012        -179.909439
	 D(3,5,6,21)      =         0.000501           0.028722
	 D(3,5,18,17)     =        -3.142133        -180.030932
	 D(3,5,18,19)     =         0.000175           0.010042
	 D(4,3,5,6)       =        -0.002002          -0.114699
	 D(4,3,5,18)      =        -3.142060        -180.026772
	 D(5,6,7,8)       =         3.137244         179.750865
	 D(5,6,7,15)      =        -0.000698          -0.040006
	 D(5,18,17,15)    =        -0.001156          -0.066258
	 D(5,18,17,30)    =         3.140504         179.937624
	 D(6,5,18,17)     =         0.000937           0.053686
	 D(6,5,18,19)     =        -3.139941        -179.905340
	 D(6,7,8,9)       =        -3.131922        -179.445939
	 D(6,7,8,22)      =        -0.007786          -0.446105
	 D(6,7,15,16)     =        -3.141490        -179.994147
	 D(6,7,15,17)     =         0.000487           0.027877
	 D(7,6,5,18)      =        -0.000020          -0.001149
	 D(7,8,9,10)      =        -0.064941          -3.720826
	 D(7,8,9,11)      =         3.118618         178.683654
	 D(7,15,17,18)    =         0.000458           0.026213
	 D(7,15,17,30)    =        -3.141205        -179.977766
	 D(8,7,6,21)      =        -0.003249          -0.186150
	 D(8,7,15,16)     =         0.003898           0.223313
	 D(8,7,15,17)     =        -3.137311        -179.754663
	 D(8,9,11,12)     =         3.006185         172.241694
	 D(8,9,11,23)     =        -1.147749         -65.761175
	 D(8,9,11,24)     =         0.866976          49.674076
	 D(9,8,7,15)      =         0.005936           0.340093
	 D(9,11,12,13)    =        -3.152959        -180.651222
	 D(9,11,12,25)    =        -1.087789         -62.325732
	 D(9,11,12,26)    =         0.968067          55.466128
	 D(10,9,8,22)     =         3.094201         177.284657
	 D(10,9,11,12)    =        -0.094081          -5.390421
	 D(10,9,11,23)    =         2.035171         116.606710
	 D(10,9,11,24)    =        -2.233289        -127.958039
	 D(11,9,8,22)     =        -0.005426          -0.310863
	 D(11,12,13,14)   =        -1.241014         -71.104862
	 D(12,13,14,27)   =         1.191931          68.292627
	 D(12,13,14,28)   =        -0.959677         -54.985428
	 D(12,13,14,29)   =        -3.019302        -172.993247
	 D(13,12,11,23)   =         1.029946          59.011573
	 D(13,12,11,24)   =        -1.017753         -58.312935
	 D(14,13,12,25)   =         2.932410         168.014729
	 D(14,13,12,26)   =         0.933298          53.474056
	 D(15,7,6,21)     =         3.141994         180.022979
	 D(15,7,8,22)     =        -3.153113        -180.660074
	 D(15,17,18,19)   =         3.139729         179.893205
	 D(16,15,17,18)   =         3.142442         180.048683
	 D(16,15,17,30)   =         0.000780           0.044704
	 D(18,5,6,21)     =        -3.142692        -180.062988
	 D(18,19,1,20)    =        -3.142601        -180.057802
	 D(19,18,17,30)   =        -0.001796          -0.102912
	 D(23,11,12,25)   =         3.095116         177.337062
	 D(23,11,12,26)   =        -1.132214         -64.871077
	 D(24,11,12,25)   =         1.047417          60.012554
	 D(24,11,12,26)   =         3.103272         177.804414


	        --- Internal Coordinate Step in ANG or DEG, aJ/ANG or AJ/DEG ---
	-------------------------------------------------------------------------------
	           Coordinate      Previous         Force          Change          New 
	           ----------      --------        ------          ------        ------
	               H(2,4)       2.05024       -0.00110       -0.00078       2.04947
	               R(1,2)       1.36047       -0.00546       -0.00148       1.35898
	              R(1,19)       1.30598       -0.00416        0.00045       1.30643
	              R(1,20)       1.08537        0.00229        0.00041       1.08578
	               R(2,3)       1.30737        0.00063        0.00039       1.30776
	               R(3,4)       1.08983       -0.00188       -0.00038       1.08945
	               R(3,5)       1.41572        0.00094       -0.00032       1.41540
	               R(5,6)       1.41014        0.00036       -0.00020       1.40994
	              R(5,18)       1.40942        0.00706        0.00202       1.41144
	               R(6,7)       1.37437        0.00731        0.00089       1.37526
	              R(6,21)       1.08667       -0.00011        0.00020       1.08687
	               R(7,8)       1.40541        0.01315        0.00095       1.40636
	              R(7,15)       1.42313        0.00459        0.00008       1.42321
	               R(8,9)       1.37549        0.00787        0.00052       1.37600
	              R(8,22)       1.00819       -0.00249       -0.00028       1.00791
	              R(9,10)       1.21205       -0.00656       -0.00046       1.21158
	              R(9,11)       1.52013        0.01581        0.00294       1.52308
	             R(11,12)       1.51985        0.01089        0.00206       1.52191
	             R(11,23)       1.09621       -0.00011       -0.00041       1.09581
	             R(11,24)       1.09568       -0.00381       -0.00055       1.09513
	             R(12,13)       1.81470        0.00342        0.00245       1.81715
	             R(12,25)       1.09147       -0.00114       -0.00043       1.09104
	             R(12,26)       1.09161       -0.00144       -0.00033       1.09128
	             R(13,14)       1.81073        0.00252        0.00230       1.81304
	             R(14,27)       1.09155       -0.00118       -0.00023       1.09132
	             R(14,28)       1.09208       -0.00101       -0.00026       1.09182
	             R(14,29)       1.09096       -0.00297       -0.00047       1.09049
	             R(15,16)       1.07974       -0.00333       -0.00003       1.07971
	             R(15,17)       1.36660        0.00699        0.00072       1.36732
	             R(17,18)       1.41423       -0.00243       -0.00009       1.41414
	             R(17,30)       1.08349       -0.00107       -0.00001       1.08348
	             R(18,19)       1.36074       -0.00042       -0.00102       1.35972
	             B(1,2,3)     116.13642        0.00006        0.15140     116.28782
	           B(1,19,18)     116.46950        0.00006        0.12958     116.59907
	            B(2,1,19)     127.47668       -0.00006       -0.16362     127.31305
	            B(2,1,20)     115.38390        0.00003        0.14620     115.53010
	             B(2,3,4)     117.29044       -0.00000       -0.07494     117.21550
	             B(2,3,5)     122.83625       -0.00000       -0.00370     122.83255
	             B(3,5,6)     123.84274        0.00004        0.11624     123.95897
	            B(3,5,18)     115.81862       -0.00004       -0.10266     115.71596
	             B(4,3,5)     119.87330        0.00001        0.07863     119.95193
	             B(5,6,7)     120.09933        0.00004        0.09771     120.19705
	            B(5,6,21)     119.03700       -0.00002       -0.00689     119.03011
	           B(5,18,17)     118.50936       -0.00001       -0.06606     118.44329
	           B(5,18,19)     121.26251       -0.00002       -0.01099     121.25153
	            B(6,5,18)     120.33859        0.00000       -0.01359     120.32500
	             B(6,7,8)     118.15493       -0.00010       -0.11392     118.04101
	            B(6,7,15)     119.82852       -0.00007       -0.12645     119.70207
	            B(7,6,21)     120.86363       -0.00002       -0.09086     120.77278
	             B(7,8,9)     129.16728        0.00024        0.41324     129.58052
	            B(7,8,22)     115.09333       -0.00012       -0.20397     114.88935
	           B(7,15,16)     118.83513       -0.00001       -0.01560     118.81954
	           B(7,15,17)     120.32753        0.00003        0.09206     120.41959
	            B(8,7,15)     122.01621        0.00017        0.24034     122.25654
	            B(8,9,10)     124.22045        0.00002       -0.01814     124.20231
	            B(8,9,11)     112.83708        0.00004        0.13362     112.97070
	            B(9,8,22)     115.73259       -0.00012       -0.20955     115.52304
	           B(9,11,12)     112.02519        0.00010        0.19165     112.21684
	           B(9,11,23)     107.79828       -0.00001       -0.06377     107.73451
	           B(9,11,24)     109.68730       -0.00005       -0.06604     109.62126
	           B(10,9,11)     122.89667       -0.00006       -0.07390     122.82277
	          B(11,12,13)     113.62973        0.00002       -0.03229     113.59744
	          B(11,12,25)     110.15357        0.00001        0.03440     110.18797
	          B(11,12,26)     110.84268       -0.00001       -0.01015     110.83253
	          B(12,11,23)     110.67501       -0.00005       -0.11718     110.55782
	          B(12,11,24)     110.09041       -0.00002       -0.11831     109.97210
	          B(12,13,14)     100.57587       -0.00011       -0.24242     100.33345
	          B(13,12,25)     105.66323       -0.00002       -0.04912     105.61411
	          B(13,12,26)     109.55508       -0.00001       -0.10971     109.44537
	          B(13,14,27)     112.38032       -0.00004       -0.20338     112.17693
	          B(13,14,28)     110.65579        0.00001       -0.01275     110.64304
	          B(13,14,29)     106.89851       -0.00001       -0.05659     106.84192
	          B(15,17,18)     120.89663        0.00000        0.01633     120.91296
	          B(15,17,30)     120.78623        0.00001        0.05689     120.84313
	          B(16,15,17)     120.83733       -0.00003       -0.07646     120.76087
	          B(17,18,19)     120.22812        0.00003        0.07704     120.30516
	          B(18,17,30)     118.31713       -0.00002       -0.07323     118.24390
	           B(19,1,20)     117.13942        0.00003        0.01743     117.15685
	          B(23,11,24)     106.38293        0.00003        0.17359     106.55652
	          B(25,12,26)     106.64745        0.00001        0.17962     106.82707
	          B(27,14,28)     109.90401        0.00001        0.05569     109.95970
	          B(27,14,29)     108.32418        0.00002        0.07092     108.39509
	          B(28,14,29)     108.53566        0.00001        0.15731     108.69296
	           D(1,2,3,4)    -179.97427       -0.00000       -0.02470    -179.99897
	           D(1,2,3,5)       0.05430       -0.00000       -0.01173       0.04258
	         D(1,19,18,5)       0.03235        0.00000       -0.00150       0.03085
	        D(1,19,18,17)     180.07402        0.00000        0.01561     180.08963
	         D(2,1,19,18)      -0.03686        0.00000        0.00958      -0.02728
	           D(2,3,5,6)     179.85602        0.00000        0.01166     179.86769
	          D(2,3,5,18)      -0.05605        0.00000        0.01844      -0.03761
	          D(3,2,1,19)      -0.00617       -0.00000       -0.00308      -0.00925
	          D(3,2,1,20)     180.01445       -0.00000       -0.03653     179.97792
	           D(3,5,6,7)    -179.90944        0.00000        0.03231    -179.87713
	          D(3,5,6,21)       0.02872        0.00000        0.00363       0.03236
	         D(3,5,18,17)    -180.03093       -0.00000       -0.02798    -180.05892
	         D(3,5,18,19)       0.01004       -0.00000       -0.01124      -0.00120
	           D(4,3,5,6)      -0.11470        0.00000        0.02503      -0.08967
	          D(4,3,5,18)    -180.02677        0.00000        0.03180    -179.99497
	           D(5,6,7,8)     179.75086       -0.00000       -0.00877     179.74210
	          D(5,6,7,15)      -0.04001       -0.00000        0.00090      -0.03911
	        D(5,18,17,15)      -0.06626       -0.00000       -0.00827      -0.07453
	        D(5,18,17,30)     179.93762       -0.00000        0.01712     179.95474
	         D(6,5,18,17)       0.05369       -0.00000       -0.02160       0.03209
	         D(6,5,18,19)    -179.90534       -0.00000       -0.00486    -179.91020
	           D(6,7,8,9)    -179.44594        0.00002        0.14208    -179.30386
	          D(6,7,8,22)      -0.44611       -0.00001        0.11822      -0.32789
	         D(6,7,15,16)    -179.99415        0.00000       -0.02592    -180.02006
	         D(6,7,15,17)       0.02788       -0.00000       -0.03085      -0.00297
	          D(7,6,5,18)      -0.00115        0.00000        0.02517       0.02402
	          D(7,8,9,10)      -3.72083        0.00008        1.82276      -1.89807
	          D(7,8,9,11)     178.68365       -0.00009       -1.31209     177.37156
	        D(7,15,17,18)       0.02621        0.00000        0.03447       0.06068
	        D(7,15,17,30)    -179.97777        0.00000        0.00842    -179.96935
	          D(8,7,6,21)      -0.18615        0.00000        0.02036      -0.16579
	         D(8,7,15,16)       0.22331        0.00000       -0.01502       0.20829
	         D(8,7,15,17)    -179.75466       -0.00000       -0.01995    -179.77462
	         D(8,9,11,12)     172.24169        0.00010        2.24983     174.49152
	         D(8,9,11,23)     -65.76118        0.00009        2.18098     -63.58020
	         D(8,9,11,24)      49.67408        0.00010        2.31696      51.99103
	          D(9,8,7,15)       0.34009        0.00002        0.13132       0.47141
	        D(9,11,12,13)    -180.65122        0.00001        0.17090    -180.48033
	        D(9,11,12,25)     -62.32573        0.00000        0.11125     -62.21448
	        D(9,11,12,26)      55.46613        0.00002        0.34838      55.81451
	         D(10,9,8,22)     177.28466        0.00011        1.84665     179.13131
	        D(10,9,11,12)      -5.39042       -0.00007       -0.83688      -6.22730
	        D(10,9,11,23)     116.60671       -0.00008       -0.90573     115.70098
	        D(10,9,11,24)    -127.95804       -0.00008       -0.76975    -128.72779
	         D(11,9,8,22)      -0.31086       -0.00007       -1.28820      -1.59907
	       D(11,12,13,14)     -71.10486        0.00000       -1.33673     -72.44159
	       D(12,13,14,27)      68.29263        0.00000       -0.05932      68.23330
	       D(12,13,14,28)     -54.98543        0.00001        0.02403     -54.96140
	       D(12,13,14,29)    -172.99325       -0.00000       -0.12439    -173.11764
	       D(13,12,11,23)      59.01157       -0.00001        0.20391      59.21549
	       D(13,12,11,24)     -58.31294        0.00001        0.13411     -58.17882
	       D(14,13,12,25)     168.01473       -0.00001       -1.32716     166.68757
	       D(14,13,12,26)      53.47406       -0.00001       -1.45858      52.01547
	         D(15,7,6,21)     180.02298        0.00000        0.03003     180.05301
	         D(15,7,8,22)    -180.66007       -0.00001        0.10746    -180.55262
	       D(15,17,18,19)     179.89320       -0.00000       -0.02488     179.86832
	       D(16,15,17,18)     180.04868       -0.00000        0.02943     180.07811
	       D(16,15,17,30)       0.04470       -0.00000        0.00338       0.04808
	         D(18,5,6,21)    -180.06299       -0.00000       -0.00351    -180.06650
	        D(18,19,1,20)    -180.05780        0.00000        0.04353    -180.01427
	       D(19,18,17,30)      -0.10291       -0.00000        0.00050      -0.10241
	       D(23,11,12,25)     177.33706       -0.00002        0.14427     177.48133
	       D(23,11,12,26)     -64.87108       -0.00000        0.38140     -64.48968
	       D(24,11,12,25)      60.01255       -0.00000        0.07447      60.08702
	       D(24,11,12,26)     177.80441        0.00001        0.31159     178.11601
	-------------------------------------------------------------------------------

	                                 ==> Convergence Check <==                                  
    
	Measures of convergence in internal coordinates in au.
    
	Criteria marked as inactive (o), active & met (*), and active & unmet ( ).

	----------------------------------------------------------------------------------------------
	   Step    Total Energy     Delta E     Max Force     RMS Force      Max Disp      RMS Disp   
	----------------------------------------------------------------------------------------------
	  Convergence Criteria     1.00e-06 *    3.00e-04 *             o    1.20e-03 *             o
	----------------------------------------------------------------------------------------------
	     5   -1102.74796621    7.72e-05      3.12e-03      6.35e-04 o    4.04e-02      8.48e-03 o  ~
	----------------------------------------------------------------------------------------------

Next Geometry in Ang 
	Fragment 1 (Ang)

	    C  -5.8994316970  -0.1874918005   0.6419783988
	    N  -5.5160536854  -1.4175103657   1.0743115838
	    C  -4.2401120788  -1.6905126546   0.9867189021
	    H  -3.9160766832  -2.6726755798   1.3291549744
	    C  -3.2922762670  -0.7724244238   0.4747879065
	    C  -1.9118845390  -1.0405786413   0.3721193163
	    C  -1.0583699727  -0.0894061803  -0.1359351904
	    N   0.3104664008  -0.4028313006  -0.2127594743
	    C   1.3614813048   0.3633989400  -0.6618119503
	    O   1.2448846593   1.4813923240  -1.1139510049
	    C   2.7085893653  -0.3325192027  -0.5177208797
	    C   3.8410725668   0.4713389930  -1.1402205240
	    S   5.4692123036  -0.3189960352  -0.9772386117
	    C   5.7764863724  -0.0688878930   0.7919783059
	    C  -1.5746894666   1.1676118052  -0.5588414784
	    H  -0.8917965241   1.9040600285  -0.9551777264
	    C  -2.9123262220   1.4342650693  -0.4630071428
	    C  -3.8093645630   0.4726969180   0.0570952374
	    N  -5.1368962542   0.7519583012   0.1492947117
	    H  -6.9611592298   0.0259983313   0.7199196735
	    H  -1.5362481909  -2.0059843402   0.7010151176
	    H   0.5551438487  -1.3204152093   0.1249580571
	    H   2.8905504677  -0.4894551788   0.5514185185
	    H   2.6598933981  -1.3263366761  -0.9751654431
	    H   3.6762746794   0.5858822605  -2.2126457822
	    H   3.8813106420   1.4766759706  -0.7176324038
	    H   5.0998671926  -0.6565733129   1.4147137094
	    H   5.6970229359   0.9888516567   1.0506977817
	    H   6.7972651412  -0.4002468517   0.9853094290
	    H  -3.3128359047   2.3886750697  -0.7833640117


    Structure for next step:
    Molecular point group: c1
    Full point group: C1

    Geometry (in Angstrom), charge = 0, multiplicity = 1:

    C           -5.899431696991    -0.187491800476     0.641978398751
    N           -5.516053685407    -1.417510365675     1.074311583767
    C           -4.240112078795    -1.690512654611     0.986718902089
    H           -3.916076683235    -2.672675579759     1.329154974429
    C           -3.292276267016    -0.772424423778     0.474787906511
    C           -1.911884539010    -1.040578641307     0.372119316268
    C           -1.058369972741    -0.089406180298    -0.135935190392
    N            0.310466400751    -0.402831300602    -0.212759474302
    C            1.361481304833     0.363398940020    -0.661811950309
    O            1.244884659333     1.481392324039    -1.113951004932
    C            2.708589365261    -0.332519202713    -0.517720879719
    C            3.841072566801     0.471338993012    -1.140220523977
    S            5.469212303599    -0.318996035232    -0.977238611660
    C            5.776486372395    -0.068887892979     0.791978305942
    C           -1.574689466563     1.167611805204    -0.558841478425
    H           -0.891796524086     1.904060028513    -0.955177726364
    C           -2.912326221991     1.434265069279    -0.463007142830
    C           -3.809364562967     0.472696917979     0.057095237424
    N           -5.136896254214     0.751958301198     0.149294711744
    H           -6.961159229815     0.025998331288     0.719919673488
    H           -1.536248190919    -2.005984340216     0.701015117626
    H            0.555143848669    -1.320415209271     0.124958057078
    H            2.890550467696    -0.489455178783     0.551418518487
    H            2.659893398071    -1.326336676095    -0.975165443122
    H            3.676274679367     0.585882260492    -2.212645782203
    H            3.881310641976     1.476675970638    -0.717632403764
    H            5.099867192627    -0.656573312881     1.414713709422
    H            5.697022935914     0.988851656708     1.050697781689
    H            6.797265141204    -0.400246851676     0.985309428956
    H           -3.312835904747     2.388675069692    -0.783364011672


Scratch directory: /tmp/
gradient() will perform analytic gradient computation.
   => Libint2 <=

    Primary   basis highest AM E, G, H:  7, 6, 3
    Auxiliary basis highest AM E, G, H:  7, 7, 4
    Onebody   basis highest AM E, G, H:  -, -, -
    Solid Harmonics ordering:            Gaussian

*** tstart() called on eristm01.eisai.local
*** at Wed May 20 10:41:42 2026

   => Loading Basis Set <=

    Name: 6-311+G(D,P)
    Role: ORBITAL
    Keyword: BASIS
    atoms 1, 3, 5-7, 9, 11-12, 14-15, 17-18 entry C          line   129 file /home2/shbae/bucket/covalent/.pixi/envs/default/share/psi4/basis/6-311pg_d_p_.gbs 
    atoms 2, 8, 19                          entry N          line   150 file /home2/shbae/bucket/covalent/.pixi/envs/default/share/psi4/basis/6-311pg_d_p_.gbs 
    atoms 4, 16, 20-30                      entry H          line    42 file /home2/shbae/bucket/covalent/.pixi/envs/default/share/psi4/basis/6-311pg_d_p_.gbs 
    atoms 10                                entry O          line   171 file /home2/shbae/bucket/covalent/.pixi/envs/default/share/psi4/basis/6-311pg_d_p_.gbs 
    atoms 13                                entry S          line   429 file /home2/shbae/bucket/covalent/.pixi/envs/default/share/psi4/basis/6-311pg_d_p_.gbs 

   => WB97X-D: Empirical Dispersion <=

    Chai and Head-Gordon Dispersion Correction
    Chai, J.-D.; Head-Gordon, M. (2010), J. Chem. Phys., 132: 6615-6620

        s6 =       1.000000


         ---------------------------------------------------------
                                   SCF
               by Justin Turney, Rob Parrish, Andy Simmonett
                          and Daniel G. A. Smith
                              RKS Reference
                        8 Threads,   7629 MiB Core
         ---------------------------------------------------------

  ==> Geometry <==

    Molecular point group: c1
    Full point group: C1

    Geometry (in Angstrom), charge = 0, multiplicity = 1:

       Center              X                  Y                   Z               Mass       
    ------------   -----------------  -----------------  -----------------  -----------------
         C           -5.899431696991    -0.187491800476     0.641978398751    12.000000000000
         N           -5.516053685407    -1.417510365675     1.074311583767    14.003074004430
         C           -4.240112078795    -1.690512654611     0.986718902089    12.000000000000
         H           -3.916076683235    -2.672675579759     1.329154974429     1.007825032230
         C           -3.292276267016    -0.772424423778     0.474787906511    12.000000000000
         C           -1.911884539010    -1.040578641307     0.372119316268    12.000000000000
         C           -1.058369972741    -0.089406180298    -0.135935190392    12.000000000000
         N            0.310466400751    -0.402831300602    -0.212759474302    14.003074004430
         C            1.361481304833     0.363398940020    -0.661811950309    12.000000000000
         O            1.244884659333     1.481392324039    -1.113951004932    15.994914619570
         C            2.708589365261    -0.332519202713    -0.517720879719    12.000000000000
         C            3.841072566801     0.471338993012    -1.140220523977    12.000000000000
         S            5.469212303599    -0.318996035232    -0.977238611660    31.972071174400
         C            5.776486372395    -0.068887892979     0.791978305942    12.000000000000
         C           -1.574689466563     1.167611805204    -0.558841478425    12.000000000000
         H           -0.891796524086     1.904060028513    -0.955177726364     1.007825032230
         C           -2.912326221991     1.434265069279    -0.463007142830    12.000000000000
         C           -3.809364562967     0.472696917979     0.057095237424    12.000000000000
         N           -5.136896254214     0.751958301198     0.149294711744    14.003074004430
         H           -6.961159229815     0.025998331288     0.719919673488     1.007825032230
         H           -1.536248190919    -2.005984340216     0.701015117626     1.007825032230
         H            0.555143848669    -1.320415209271     0.124958057078     1.007825032230
         H            2.890550467696    -0.489455178783     0.551418518487     1.007825032230
         H            2.659893398071    -1.326336676095    -0.975165443122     1.007825032230
         H            3.676274679367     0.585882260492    -2.212645782203     1.007825032230
         H            3.881310641976     1.476675970638    -0.717632403764     1.007825032230
         H            5.099867192627    -0.656573312881     1.414713709422     1.007825032230
         H            5.697022935914     0.988851656708     1.050697781689     1.007825032230
         H            6.797265141204    -0.400246851676     0.985309428956     1.007825032230
         H           -3.312835904747     2.388675069692    -0.783364011672     1.007825032230

  Running in c1 symmetry.

  Rotational constants: A =      0.05571  B =      0.00430  C =      0.00409 [cm^-1]
  Rotational constants: A =   1670.12935  B =    128.97786  C =    122.55388 [MHz]
  Nuclear repulsion = 1179.220771249850941

  Charge       = 0
  Multiplicity = 1
  Electrons    = 130
  Nalpha       = 65
  Nbeta        = 65

  ==> Algorithm <==

  SCF Algorithm Type is DF.
  DIIS enabled.
  MOM disabled.
  Fractional occupation disabled.
  Guess Type is READ.
  Energy threshold   = 1.00e-08
  Density threshold  = 1.00e-08
  Integral threshold = 1.00e-12

  ==> Primary Basis <==

  Basis Set: 6-311+G(D,P)
    Blend: 6-311+G(D,P)
    Number of shells: 226
    Number of basis functions: 460
    Number of Cartesian functions: 477
    Spherical Harmonics?: true
    Max angular momentum: 2

  ==> DFT Potential <==

   => LibXC <=

    Version 7.0.0
    S. Lehtola, C. Steigemann, M. J.T. Oliveira, and M. A.L. Marques.,  SoftwareX 7, 1–5 (2018) (10.1016/j.softx.2017.11.002)

   => Composite Functional: WB97X-D <= 

    wB97X-D Hyb-GGA Exchange-Correlation Functional

    J.-D. Chai and M. Head-Gordon.,  Phys. Chem. Chem. Phys. 10, 6615-6620 (2008) (10.1039/B810189B)

    Deriv               =              1
    GGA                 =           TRUE
    Meta                =          FALSE

    Exchange Hybrid     =           TRUE
    MP2 Hybrid          =          FALSE

   => Exchange-Correlation Functionals <=

    1.0000   wB97X-D range-separated functional

   => Exact (HF) Exchange <=

    0.7780            HF,LR [omega = 0.2000]
    0.2220               HF 

   => LibXC Density Thresholds  <==

    XC_HYB_GGA_XC_WB97X_D:  1.00E-14 

   => Molecular Quadrature <=

    Radial Scheme          =       TREUTLER
    Pruning Scheme         =           NONE
    Nuclear Scheme         =       TREUTLER

    Blocking Scheme        =         OCTREE
    BS radius alpha        =              1
    Pruning alpha          =              1
    Radial Points          =             75
    Spherical Points       =            302
    Total Points           =         627695
    Total Blocks           =           4574
    Max Points             =            256
    Max Functions          =            319
    Weights Tolerance      =       1.00E-15

   => Loading Basis Set <=

    Name: (6-311+G(D,P) AUX)
    Role: JKFIT
    Keyword: DF_BASIS_SCF
    atoms 1, 3, 5-7, 9, 11-12, 14-15, 17-18 entry C          line   200 file /home2/shbae/bucket/covalent/.pixi/envs/default/share/psi4/basis/heavy-aug-cc-pvtz-jkfit.gbs 
    atoms 2, 8, 19                          entry N          line   262 file /home2/shbae/bucket/covalent/.pixi/envs/default/share/psi4/basis/heavy-aug-cc-pvtz-jkfit.gbs 
    atoms 4, 16, 20-30                      entry H          line   116 file /home2/shbae/bucket/covalent/.pixi/envs/default/share/psi4/basis/heavy-aug-cc-pvtz-jkfit.gbs 
    atoms 10                                entry O          line   324 file /home2/shbae/bucket/covalent/.pixi/envs/default/share/psi4/basis/heavy-aug-cc-pvtz-jkfit.gbs 
    atoms 13                                entry S          line   768 file /home2/shbae/bucket/covalent/.pixi/envs/default/share/psi4/basis/heavy-aug-cc-pvtz-jkfit.gbs 

   => Loading Basis Set <=

    Name: 6-311+G(D,P)
    Role: ORBITAL
    Keyword: BASIS
    atoms 1, 3, 5-7, 9, 11-12, 14-15, 17-18 entry C          line   129 file /home2/shbae/bucket/covalent/.pixi/envs/default/share/psi4/basis/6-311pg_d_p_.gbs 
    atoms 2, 8, 19                          entry N          line   150 file /home2/shbae/bucket/covalent/.pixi/envs/default/share/psi4/basis/6-311pg_d_p_.gbs 
    atoms 4, 16, 20-30                      entry H          line    42 file /home2/shbae/bucket/covalent/.pixi/envs/default/share/psi4/basis/6-311pg_d_p_.gbs 
    atoms 10                                entry O          line   171 file /home2/shbae/bucket/covalent/.pixi/envs/default/share/psi4/basis/6-311pg_d_p_.gbs 
    atoms 13                                entry S          line   429 file /home2/shbae/bucket/covalent/.pixi/envs/default/share/psi4/basis/6-311pg_d_p_.gbs 

  Reading orbitals from file /tmp/4_product.default.2248151.180.npy, no projection.

  ==> Integral Setup <==

  ==> DiskDFJK: Density-Fitted J/K Matrices <==

    J tasked:                  Yes
    K tasked:                  Yes
    wK tasked:                 Yes
    Omega:               2.000E-01
    OpenMP threads:              8
    Integrals threads:           8
    Memory [MiB]:             1476
    Algorithm:                Disk
    Integral Cache:           NONE
    Schwarz Cutoff:          1E-12
    Fitting Condition:       1E-10

   => Auxiliary Basis Set <=

  Basis Set: (6-311+G(D,P) AUX)
    Blend: HEAVY-AUG-CC-PVTZ-JKFIT
    Number of shells: 652
    Number of basis functions: 2200
    Number of Cartesian functions: 2731
    Spherical Harmonics?: true
    Max angular momentum: 4

  Cached 50.0% of DFT collocation blocks in 2.114 [GiB].

  Minimum eigenvalue in the overlap matrix is 4.8505126951E-07.
  Reciprocal condition number of the overlap matrix is 3.3591818854E-08.
    Using symmetric orthogonalization.

  ==> Pre-Iterations <==

  SCF Guess: Orbitals guess was supplied from a previous computation.

   -------------------------------------------------------
    Irrep   Nso     Nmo     Nalpha   Nbeta   Ndocc  Nsocc
   -------------------------------------------------------
     A        460     460      65      65      65       0
   -------------------------------------------------------
    Total     460     460      65      65      65       0
   -------------------------------------------------------

  ==> Iterations <==

                           Total Energy        Delta E     RMS |[F,P]|

   @DF-RKS iter   0: -1102.72357362806156   -1.10272e+03   2.69685e-04 
   @DF-RKS iter   1: -1102.74790415998677   -2.43305e-02   4.04476e-05 DIIS
   @DF-RKS iter   2: -1102.74806230140371   -1.58141e-04   3.57247e-05 DIIS
   @DF-RKS iter   3: -1102.74818356658398   -1.21265e-04   8.54981e-06 DIIS
   @DF-RKS iter   4: -1102.74819086607658   -7.29949e-06   4.71158e-06 DIIS
   @DF-RKS iter   5: -1102.74819297868794   -2.11261e-06   1.48670e-06 DIIS
   @DF-RKS iter   6: -1102.74819320812981   -2.29442e-07   4.00790e-07 DIIS
   @DF-RKS iter   7: -1102.74819323579959   -2.76698e-08   1.82950e-07 DIIS
   @DF-RKS iter   8: -1102.74819324157579   -5.77620e-09   7.61523e-08 DIIS
   @DF-RKS iter   9: -1102.74819324295981   -1.38402e-09   2.47761e-08 DIIS
   @DF-RKS iter  10: -1102.74819324317377   -2.13959e-10   1.40098e-08 DIIS
   @DF-RKS iter  11: -1102.74819324323357   -5.97993e-11   4.80621e-09 DIIS
  Energy and wave function converged.


  ==> Post-Iterations <==

   Electrons on quadrature grid:
      Ntotal   =  129.9999322213 ; deviation = -6.778e-05 

    Orbital Energies [Eh]
    ---------------------

    Doubly Occupied:                                                      

       1A    -89.015509     2A    -19.242264     3A    -14.497168  
       4A    -14.445837     5A    -14.443233     6A    -10.419436  
       7A    -10.366440     8A    -10.356407     9A    -10.351938  
      10A    -10.344038    11A    -10.324292    12A    -10.322900  
      13A    -10.318888    14A    -10.317916    15A    -10.316365  
      16A    -10.310822    17A    -10.307666    18A     -8.055961  
      19A     -6.005476    20A     -6.001503    21A     -5.994611  
      22A     -1.177113    23A     -1.101836    24A     -1.073949  
      25A     -1.007565    26A     -0.974968    27A     -0.933361  
      28A     -0.894454    29A     -0.882430    30A     -0.860392  
      31A     -0.798843    32A     -0.777682    33A     -0.763192  
      34A     -0.733704    35A     -0.710981    36A     -0.685895  
      37A     -0.661877    38A     -0.650593    39A     -0.615046  
      40A     -0.609793    41A     -0.593730    42A     -0.570361  
      43A     -0.554036    44A     -0.546397    45A     -0.544738  
      46A     -0.538395    47A     -0.533390    48A     -0.525418  
      49A     -0.523734    50A     -0.514704    51A     -0.497515  
      52A     -0.494575    53A     -0.480530    54A     -0.463518  
      55A     -0.461797    56A     -0.445660    57A     -0.428169  
      58A     -0.404809    59A     -0.400717    60A     -0.395351  
      61A     -0.368205    62A     -0.351952    63A     -0.343689  
      64A     -0.312359    65A     -0.311326  

    Virtual:                                                              

      66A     -0.014859    67A      0.018959    68A      0.036765  
      69A      0.054680    70A      0.057472    71A      0.064741  
      72A      0.067929    73A      0.072858    74A      0.076779  
      75A      0.081471    76A      0.085933    77A      0.092854  
      78A      0.094769    79A      0.096403    80A      0.102694  
      81A      0.107831    82A      0.109937    83A      0.112238  
      84A      0.116762    85A      0.120456    86A      0.126135  
      87A      0.130912    88A      0.133227    89A      0.134750  
      90A      0.140436    91A      0.143781    92A      0.153577  
      93A      0.157045    94A      0.158769    95A      0.160637  
      96A      0.172104    97A      0.172495    98A      0.177670  
      99A      0.180368   100A      0.183548   101A      0.188078  
     102A      0.190497   103A      0.194427   104A      0.195586  
     105A      0.201713   106A      0.204536   107A      0.214854  
     108A      0.216754   109A      0.219392   110A      0.222046  
     111A      0.229752   112A      0.233349   113A      0.236043  
     114A      0.239454   115A      0.242777   116A      0.248250  
     117A      0.256125   118A      0.260901   119A      0.263332  
     120A      0.263613   121A      0.266374   122A      0.268916  
     123A      0.276205   124A      0.279045   125A      0.279225  
     126A      0.286154   127A      0.287079   128A      0.291033  
     129A      0.293810   130A      0.296673   131A      0.300354  
     132A      0.303529   133A      0.305001   134A      0.313587  
     135A      0.315461   136A      0.321155   137A      0.321430  
     138A      0.326192   139A      0.329540   140A      0.336514  
     141A      0.341479   142A      0.345197   143A      0.348145  
     144A      0.353510   145A      0.358467   146A      0.366713  
     147A      0.369488   148A      0.370486   149A      0.373104  
     150A      0.379172   151A      0.385564   152A      0.388558  
     153A      0.389293   154A      0.399875   155A      0.404653  
     156A      0.409213   157A      0.412426   158A      0.419430  
     159A      0.425398   160A      0.433482   161A      0.441042  
     162A      0.447010   163A      0.453488   164A      0.458555  
     165A      0.471406   166A      0.478484   167A      0.483109  
     168A      0.500330   169A      0.512976   170A      0.529354  
     171A      0.547547   172A      0.556130   173A      0.563881  
     174A      0.574583   175A      0.582854   176A      0.592511  
     177A      0.603665   178A      0.610874   179A      0.611201  
     180A      0.615097   181A      0.618364   182A      0.624060  
     183A      0.630130   184A      0.648414   185A      0.658714  
     186A      0.661416   187A      0.670501   188A      0.674069  
     189A      0.684104   190A      0.691847   191A      0.693913  
     192A      0.698327   193A      0.710402   194A      0.723272  
     195A      0.724387   196A      0.731648   197A      0.739886  
     198A      0.746426   199A      0.748647   200A      0.753833  
     201A      0.761678   202A      0.765317   203A      0.782427  
     204A      0.785404   205A      0.788174   206A      0.796083  
     207A      0.810682   208A      0.825260   209A      0.826106  
     210A      0.844459   211A      0.851027   212A      0.859938  
     213A      0.866571   214A      0.871861   215A      0.884849  
     216A      0.887549   217A      0.896135   218A      0.899251  
     219A      0.920544   220A      0.926780   221A      0.948569  
     222A      0.950161   223A      0.954290   224A      0.957852  
     225A      0.967763   226A      0.975675   227A      0.977672  
     228A      0.986273   229A      0.989204   230A      0.993433  
     231A      1.006995   232A      1.022527   233A      1.028334  
     234A      1.041262   235A      1.041472   236A      1.060665  
     237A      1.061116   238A      1.066294   239A      1.071376  
     240A      1.086970   241A      1.094852   242A      1.111567  
     243A      1.122272   244A      1.131159   245A      1.133642  
     246A      1.147122   247A      1.161272   248A      1.165775  
     249A      1.182069   250A      1.192522   251A      1.198720  
     252A      1.211186   253A      1.215128   254A      1.216128  
     255A      1.218569   256A      1.230907   257A      1.252480  
     258A      1.282121   259A      1.287367   260A      1.305299  
     261A      1.313661   262A      1.325786   263A      1.339072  
     264A      1.354012   265A      1.388446   266A      1.400671  
     267A      1.455161   268A      1.465934   269A      1.480124  
     270A      1.507153   271A      1.523247   272A      1.529720  
     273A      1.556543   274A      1.584744   275A      1.591602  
     276A      1.592416   277A      1.603215   278A      1.605556  
     279A      1.610547   280A      1.621520   281A      1.646945  
     282A      1.653580   283A      1.655413   284A      1.657504  
     285A      1.670556   286A      1.674020   287A      1.680045  
     288A      1.692207   289A      1.703870   290A      1.710132  
     291A      1.713351   292A      1.734419   293A      1.744504  
     294A      1.757878   295A      1.765848   296A      1.772975  
     297A      1.802162   298A      1.810320   299A      1.818775  
     300A      1.820872   301A      1.827847   302A      1.853338  
     303A      1.857881   304A      1.876663   305A      1.880455  
     306A      1.885345   307A      1.901817   308A      1.918516  
     309A      1.931991   310A      1.945598   311A      1.968657  
     312A      1.972030   313A      1.978100   314A      1.997315  
     315A      2.021116   316A      2.023262   317A      2.046797  
     318A      2.050709   319A      2.065162   320A      2.071564  
     321A      2.090810   322A      2.105272   323A      2.133665  
     324A      2.137701   325A      2.141940   326A      2.156059  
     327A      2.184557   328A      2.188083   329A      2.217157  
     330A      2.220514   331A      2.236685   332A      2.238761  
     333A      2.272861   334A      2.284629   335A      2.304219  
     336A      2.314419   337A      2.322818   338A      2.346194  
     339A      2.365294   340A      2.366974   341A      2.391754  
     342A      2.417849   343A      2.423731   344A      2.445259  
     345A      2.472823   346A      2.488024   347A      2.517551  
     348A      2.518820   349A      2.523994   350A      2.550949  
     351A      2.553712   352A      2.578357   353A      2.601774  
     354A      2.604452   355A      2.620852   356A      2.633369  
     357A      2.650047   358A      2.656900   359A      2.664345  
     360A      2.676341   361A      2.691523   362A      2.723285  
     363A      2.737586   364A      2.748083   365A      2.770227  
     366A      2.770915   367A      2.787144   368A      2.789241  
     369A      2.813683   370A      2.820595   371A      2.834658  
     372A      2.856642   373A      2.872697   374A      2.876148  
     375A      2.907322   376A      2.912152   377A      2.928599  
     378A      2.950380   379A      2.953407   380A      2.958225  
     381A      2.963341   382A      2.981123   383A      2.983118  
     384A      3.004459   385A      3.007309   386A      3.017498  
     387A      3.034899   388A      3.037706   389A      3.043549  
     390A      3.058656   391A      3.079561   392A      3.111990  
     393A      3.154597   394A      3.171701   395A      3.179893  
     396A      3.258426   397A      3.283302   398A      3.304841  
     399A      3.328604   400A      3.405824   401A      3.430763  
     402A      3.444634   403A      3.455826   404A      3.479745  
     405A      3.507068   406A      3.553150   407A      3.588272  
     408A      3.630708   409A      3.681247   410A      3.707468  
     411A      3.720907   412A      3.745834   413A      3.792468  
     414A      3.818928   415A      3.828994   416A      3.846537  
     417A      3.850911   418A      3.887900   419A      3.961492  
     420A      3.988634   421A      4.011470   422A      4.023382  
     423A      4.035530   424A      4.057508   425A      4.150175  
     426A      4.195776   427A      4.266557   428A      4.336367  
     429A      4.377952   430A      4.521032   431A      4.598751  
     432A      4.928572   433A      4.942502   434A      5.063871  
     435A      5.175209   436A      5.198810   437A      5.401421  
     438A      5.416092   439A      5.901590   440A      8.037939  
     441A     17.480135   442A     17.573538   443A     17.604810  
     444A     23.746148   445A     23.968936   446A     23.985832  
     447A     24.023661   448A     24.027978   449A     24.033156  
     450A     24.046860   451A     24.088744   452A     24.120611  
     453A     24.158097   454A     24.239564   455A     24.316233  
     456A     35.748952   457A     35.773485   458A     35.819264  
     459A     50.150227   460A    189.283730  

    Final Occupation by Irrep:
              A 
    DOCC [    65 ]
    NA   [    65 ]
    NB   [    65 ]

  @DF-RKS Final Energy: -1102.74819324323357

   => Energetics <=

    Nuclear Repulsion Energy =           1179.2207712498509409
    One-Electron Energy =               -3845.8967706128046302
    Two-Electron Energy =                1651.2567805402306931
    DFT Exchange-Correlation Energy =     -87.3114908741020486
    Empirical Dispersion Energy =          -0.0174835464083912
    VV10 Nonlocal Energy =                  0.0000000000000000
    Total Energy =                      -1102.7481932432335725

Computation Completed


Properties will be evaluated at   0.000000,   0.000000,   0.000000 [a0]

Properties computed using the SCF density matrix


 Multipole Moments:

 ------------------------------------------------------------------------------------
     Multipole            Electronic (a.u.)      Nuclear  (a.u.)        Total (a.u.)
 ------------------------------------------------------------------------------------

 L = 1.  Multiply by 2.5417464519 to convert [e a0] to [Debye]
 Dipole X            :         50.9430914          -49.8068502            1.1362412
 Dipole Y            :          6.3322463           -7.3096114           -0.9773651
 Dipole Z            :         33.2054093          -32.4191035            0.7863057
 Magnitude           :                                                    1.6925021

 ------------------------------------------------------------------------------------

*** tstop() called on eristm01.eisai.local at Wed May 20 10:42:32 2026
Module time:
	user time   =     364.69 seconds =       6.08 minutes
	system time =      16.10 seconds =       0.27 minutes
	total time  =         50 seconds =       0.83 minutes
Total time:
	user time   =   54926.31 seconds =     915.44 minutes
	system time =    1927.37 seconds =      32.12 minutes
	total time  =       7818 seconds =     130.30 minutes

*** tstart() called on eristm01.eisai.local
*** at Wed May 20 10:42:32 2026


         ------------------------------------------------------------
                                   SCF GRAD                          
                          Rob Parrish, Justin Turney,                
                       Andy Simmonett, and Alex Sokolov              
         ------------------------------------------------------------

  ==> Geometry <==

    Molecular point group: c1
    Full point group: C1

    Geometry (in Angstrom), charge = 0, multiplicity = 1:

       Center              X                  Y                   Z               Mass       
    ------------   -----------------  -----------------  -----------------  -----------------
         C           -5.899431696991    -0.187491800476     0.641978398751    12.000000000000
         N           -5.516053685407    -1.417510365675     1.074311583767    14.003074004430
         C           -4.240112078795    -1.690512654611     0.986718902089    12.000000000000
         H           -3.916076683235    -2.672675579759     1.329154974429     1.007825032230
         C           -3.292276267016    -0.772424423778     0.474787906511    12.000000000000
         C           -1.911884539010    -1.040578641307     0.372119316268    12.000000000000
         C           -1.058369972741    -0.089406180298    -0.135935190392    12.000000000000
         N            0.310466400751    -0.402831300602    -0.212759474302    14.003074004430
         C            1.361481304833     0.363398940020    -0.661811950309    12.000000000000
         O            1.244884659333     1.481392324039    -1.113951004932    15.994914619570
         C            2.708589365261    -0.332519202713    -0.517720879719    12.000000000000
         C            3.841072566801     0.471338993012    -1.140220523977    12.000000000000
         S            5.469212303599    -0.318996035232    -0.977238611660    31.972071174400
         C            5.776486372395    -0.068887892979     0.791978305942    12.000000000000
         C           -1.574689466563     1.167611805204    -0.558841478425    12.000000000000
         H           -0.891796524086     1.904060028513    -0.955177726364     1.007825032230
         C           -2.912326221991     1.434265069279    -0.463007142830    12.000000000000
         C           -3.809364562967     0.472696917979     0.057095237424    12.000000000000
         N           -5.136896254214     0.751958301198     0.149294711744    14.003074004430
         H           -6.961159229815     0.025998331288     0.719919673488     1.007825032230
         H           -1.536248190919    -2.005984340216     0.701015117626     1.007825032230
         H            0.555143848669    -1.320415209271     0.124958057078     1.007825032230
         H            2.890550467696    -0.489455178783     0.551418518487     1.007825032230
         H            2.659893398071    -1.326336676095    -0.975165443122     1.007825032230
         H            3.676274679367     0.585882260492    -2.212645782203     1.007825032230
         H            3.881310641976     1.476675970638    -0.717632403764     1.007825032230
         H            5.099867192627    -0.656573312881     1.414713709422     1.007825032230
         H            5.697022935914     0.988851656708     1.050697781689     1.007825032230
         H            6.797265141204    -0.400246851676     0.985309428956     1.007825032230
         H           -3.312835904747     2.388675069692    -0.783364011672     1.007825032230

  Nuclear repulsion = 1179.220771249850941

  ==> Basis Set <==

  Basis Set: 6-311+G(D,P)
    Blend: 6-311+G(D,P)
    Number of shells: 226
    Number of basis functions: 460
    Number of Cartesian functions: 477
    Spherical Harmonics?: true
    Max angular momentum: 2

  ==> DFJKGrad: Density-Fitted SCF Gradients <==

    Gradient:                    1
    J tasked:                  Yes
    K tasked:                  Yes
    wK tasked:                 Yes
    Omega:               2.000E-01
    OpenMP threads:              8
    Integrals threads:           8
    Memory [MiB]:             5722
    Schwarz Cutoff:          1E-12
    Fitting Condition:       1E-10

   => Auxiliary Basis Set <=

  Basis Set: (6-311+G(D,P) AUX)
    Blend: HEAVY-AUG-CC-PVTZ-JKFIT
    Number of shells: 652
    Number of basis functions: 2200
    Number of Cartesian functions: 2731
    Spherical Harmonics?: true
    Max angular momentum: 4

  ==> DFT Potential <==

   => LibXC <=

    Version 7.0.0
    S. Lehtola, C. Steigemann, M. J.T. Oliveira, and M. A.L. Marques.,  SoftwareX 7, 1–5 (2018) (10.1016/j.softx.2017.11.002)

   => Composite Functional: WB97X-D <= 

    wB97X-D Hyb-GGA Exchange-Correlation Functional

    J.-D. Chai and M. Head-Gordon.,  Phys. Chem. Chem. Phys. 10, 6615-6620 (2008) (10.1039/B810189B)

    Deriv               =              1
    GGA                 =           TRUE
    Meta                =          FALSE

    Exchange Hybrid     =           TRUE
    MP2 Hybrid          =          FALSE

   => Exchange-Correlation Functionals <=

    1.0000   wB97X-D range-separated functional

   => Exact (HF) Exchange <=

    0.7780            HF,LR [omega = 0.2000]
    0.2220               HF 

   => LibXC Density Thresholds  <==

    XC_HYB_GGA_XC_WB97X_D:  1.00E-14 

   => Molecular Quadrature <=

    Radial Scheme          =       TREUTLER
    Pruning Scheme         =           NONE
    Nuclear Scheme         =       TREUTLER

    Blocking Scheme        =         OCTREE
    BS radius alpha        =              1
    Pruning alpha          =              1
    Radial Points          =             75
    Spherical Points       =            302
    Total Points           =         627695
    Total Blocks           =           4574
    Max Points             =            256
    Max Functions          =            319
    Weights Tolerance      =       1.00E-15


  -Total Gradient:
     Atom            X                  Y                   Z
    ------   -----------------  -----------------  -----------------
       1       -0.000199050700    -0.000688935657     0.000327653282
       2       -0.000421058181     0.000100453901     0.000073000822
       3        0.000493344087     0.000149530811    -0.000117330005
       4        0.000048596456    -0.000078600791     0.000095588093
       5       -0.000083947328    -0.000075244093     0.000061039893
       6        0.000031994305     0.000116666268    -0.000010737893
       7       -0.000135272590    -0.000122521728    -0.000019051349
       8       -0.000055533625    -0.000246720396     0.000281926779
       9        0.000137404801    -0.000217588947    -0.000261561834
      10       -0.000012897830     0.000202676445    -0.000061243967
      11        0.000034322588     0.000090836820     0.000058529243
      12       -0.000308817945     0.000057697562    -0.000142174487
      13        0.000235939842    -0.000193849681    -0.000195209732
      14       -0.000000230540     0.000044090867     0.000098361596
      15       -0.000011664479     0.000067141890    -0.000101998292
      16        0.000033163199     0.000067073491    -0.000042015932
      17        0.000189707487    -0.000135604797     0.000000803707
      18       -0.000444771349    -0.000065686297     0.000100985887
      19        0.000496456229     0.000602523138    -0.000312334688
      20       -0.000013804427     0.000082245783    -0.000007060761
      21        0.000087592403    -0.000080750132     0.000064111982
      22        0.000063351176     0.000047661482    -0.000077460466
      23       -0.000004893497    -0.000066110953    -0.000105237873
      24       -0.000086187614    -0.000071710314     0.000011034435
      25       -0.000094838212    -0.000043783988     0.000030030898
      26        0.000012477954     0.000061659412    -0.000160559774
      27        0.000103566264     0.000001798944     0.000103484872
      28        0.000048333353     0.000064738695    -0.000046606117
      29        0.000081175840    -0.000109739864    -0.000066544056
      30       -0.000024330631     0.000094819716    -0.000067141191


*** tstop() called on eristm01.eisai.local at Wed May 20 10:42:52 2026
Module time:
	user time   =     137.51 seconds =       2.29 minutes
	system time =       1.73 seconds =       0.03 minutes
	total time  =         20 seconds =       0.33 minutes
Total time:
	user time   =   55063.83 seconds =     917.73 minutes
	system time =    1929.10 seconds =      32.15 minutes
	total time  =       7838 seconds =     130.63 minutes

    			-----------------------------------------

    			 OPTKING 3.0: for geometry optimizations 

    			     By R.A. King, Bethel University     

    			        with contributions from          

    			    A.V. Copan, J. Cayton, A. Heide      

    			-----------------------------------------

    
	                            ===> Fragment 1 <== 

	 Z (Atomic Numbers)          Masses                          Geom                  
	       6.000000            12.000000        -11.14831020  -0.35430815   1.21316335 
	       7.000000            14.003074        -10.42383076  -2.67870637   2.03015467 
	       6.000000            12.000000         -8.01265057 -3.19460593  1.86462849   
	       1.000000             1.007825         -7.40031242 -5.05062487  2.51173888   
	       6.000000            12.000000         -6.22150047 -1.45967061  0.89721911   
	       6.000000            12.000000         -3.61293816 -1.96640864  0.70320359   
	       6.000000            12.000000         -2.00002939 -0.16895319 -0.25688028   
	       7.000000            14.003074          0.58669647 -0.76124083 -0.40205714   
	       6.000000            12.000000          2.57282679  0.68672447 -1.25064333   
	       8.000000            15.994915          2.35249106  2.79942578 -2.10506232   
	       6.000000            12.000000          5.11849209 -0.62837022 -0.97835067   
	       6.000000            12.000000          7.25857518  0.89070161 -2.15470451   
	      16.000000            31.972071         10.33531338 -0.60281514 -1.84671334   
	       6.000000            12.000000         10.91597721 -0.13017925  1.49662210   
	       6.000000            12.000000         -2.97573182  2.20646653 -1.05605734   
	       1.000000             1.007825         -1.68525119  3.59815198 -1.80502430   
	       6.000000            12.000000         -5.50349895  2.71036817 -0.87495669   
	       6.000000            12.000000         -7.19865574  0.89326772  0.10789436   
	       7.000000            14.003074         -9.70732706  1.42099525  0.28212612   
	       1.000000             1.007825        -13.15468446   0.04912973   1.36045102 
	       1.000000             1.007825         -2.90308834 -3.79076101  1.32472658   
	       1.000000             1.007825          1.04906983 -2.49522312  0.23613651   
	       1.000000             1.007825          5.46234874 -0.92493624  1.04202998   
	       1.000000             1.007825          5.02647005 -2.50641307 -1.84279561   
	       1.000000             1.007825          6.94715231  1.10715701 -4.18129454   
	       1.000000             1.007825          7.33461412  2.79051316 -1.35612870   
	       1.000000             1.007825          9.63735227 -1.24074374  2.67342146   
	       1.000000             1.007825         10.76581308   1.86865881   1.98553105 
	       1.000000             1.007825         12.84496952 -0.75635693  1.86196497   
	       1.000000             1.007825         -6.26035256  4.51394168 -1.48034344   

	 - Coordinate -           - BOHR/RAD -       - ANG/DEG -
	 H(2,4)           =         3.872930           2.049466
	 R(1,2)           =         2.568107           1.358984
	 R(1,19)          =         2.468798           1.306432
	 R(1,20)          =         2.051827           1.085780
	 R(2,3)           =         2.471304           1.307758
	 R(3,4)           =         2.058766           1.089452
	 R(3,5)           =         2.674715           1.415398
	 R(5,6)           =         2.664399           1.409939
	 R(5,18)          =         2.667243           1.411444
	 R(6,7)           =         2.598862           1.375258
	 R(6,21)          =         2.053884           1.086869
	 R(7,8)           =         2.657636           1.406361
	 R(7,15)          =         2.689479           1.423211
	 R(8,9)           =         2.600272           1.376005
	 R(8,22)          =         1.904672           1.007909
	 R(9,10)          =         2.289560           1.211583
	 R(9,11)          =         2.878199           1.523077
	 R(11,12)         =         2.875994           1.521911
	 R(11,23)         =         2.070779           1.095809
	 R(11,24)         =         2.069487           1.095126
	 R(12,13)         =         3.433914           1.817149
	 R(12,25)         =         2.061772           1.091043
	 R(12,26)         =         2.062229           1.091285
	 R(13,14)         =         3.426142           1.813036
	 R(14,27)         =         2.062303           1.091324
	 R(14,28)         =         2.063234           1.091816
	 R(14,29)         =         2.060724           1.090488
	 R(15,16)         =         2.040363           1.079713
	 R(15,17)         =         2.583858           1.367319
	 R(17,18)         =         2.672341           1.414142
	 R(17,30)         =         2.047486           1.083483
	 R(18,19)         =         2.569491           1.359716
	 B(1,2,3)         =         2.029605         116.287817
	 B(1,19,18)       =         2.035038         116.599074
	 B(2,1,19)        =         2.222032         127.313053
	 B(2,1,20)        =         2.016381         115.530095
	 B(2,3,4)         =         2.045796         117.215505
	 B(2,3,5)         =         2.143832         122.832550
	 B(3,5,6)         =         2.163492         123.958974
	 B(3,5,18)        =         2.019625         115.715961
	 B(4,3,5)         =         2.093556         119.951932
	 B(5,6,7)         =         2.097834         120.197046
	 B(5,6,21)        =         2.077467         119.030113
	 B(5,18,17)       =         2.067225         118.443292
	 B(5,18,19)       =         2.116238         121.251526
	 B(6,5,18)        =         2.100067         120.324997
	 B(6,7,8)         =         2.060204         118.041010
	 B(6,7,15)        =         2.089195         119.702067
	 B(7,6,21)        =         2.107883         120.772778
	 B(7,8,9)         =         2.261607         129.580520
	 B(7,8,22)        =         2.005197         114.889351
	 B(7,15,16)       =         2.073792         118.819537
	 B(7,15,17)       =         2.101718         120.419590
	 B(8,7,15)        =         2.133779         122.256544
	 B(8,9,10)        =         2.167739         124.202312
	 B(8,9,11)        =         1.971711         112.970700
	 B(9,8,22)        =         2.016257         115.523040
	 B(9,11,12)       =         1.958553         112.216843
	 B(9,11,23)       =         1.880322         107.734506
	 B(9,11,24)       =         1.913252         109.621264
	 B(10,9,11)       =         2.143662         122.822770
	 B(11,12,13)      =         1.982649         113.597437
	 B(11,12,25)      =         1.923143         110.187972
	 B(11,12,26)      =         1.934393         110.832526
	 B(12,11,23)      =         1.929598         110.557821
	 B(12,11,24)      =         1.919375         109.972103
	 B(12,13,14)      =         1.751149         100.333447
	 B(13,12,25)      =         1.843314         105.614113
	 B(13,12,26)      =         1.910182         109.445374
	 B(13,14,27)      =         1.957857         112.176933
	 B(13,14,28)      =         1.931085         110.643037
	 B(13,14,29)      =         1.864743         106.841921
	 B(15,17,18)      =         2.110329         120.912963
	 B(15,17,30)      =         2.109110         120.843127
	 B(16,15,17)      =         2.107675         120.760870
	 B(17,18,19)      =         2.099721         120.305157
	 B(18,17,30)      =         2.063745         118.243904
	 B(19,1,20)       =         2.044773         117.156850
	 B(23,11,24)      =         1.859762         106.556517
	 B(25,12,26)      =         1.864484         106.827066
	 B(27,14,28)      =         1.919159         109.959697
	 B(27,14,29)      =         1.891851         108.395093
	 B(28,14,29)      =         1.897050         108.692963
	 D(1,2,3,4)       =        -3.141575        -179.998967
	 D(1,2,3,5)       =         0.000743           0.042575
	 D(1,19,18,5)     =         0.000538           0.030847
	 D(1,19,18,17)    =         3.143157         180.089628
	 D(2,1,19,18)     =        -0.000476          -0.027283
	 D(2,3,5,6)       =         3.139283         179.867689
	 D(2,3,5,18)      =        -0.000656          -0.037606
	 D(3,2,1,19)      =        -0.000161          -0.009249
	 D(3,2,1,20)      =         3.141207         179.977922
	 D(3,5,6,7)       =        -3.139448        -179.877129
	 D(3,5,6,21)      =         0.000565           0.032355
	 D(3,5,18,17)     =        -3.142621        -180.058917
	 D(3,5,18,19)     =        -0.000021          -0.001201
	 D(4,3,5,6)       =        -0.001565          -0.089674
	 D(4,3,5,18)      =        -3.141505        -179.994968
	 D(5,6,7,8)       =         3.137091         179.742100
	 D(5,6,7,15)      =        -0.000683          -0.039107
	 D(5,18,17,15)    =        -0.001301          -0.074528
	 D(5,18,17,30)    =         3.140803         179.954742
	 D(6,5,18,17)     =         0.000560           0.032087
	 D(6,5,18,19)     =        -3.140025        -179.910197
	 D(6,7,8,9)       =        -3.129443        -179.303858
	 D(6,7,8,22)      =        -0.005723          -0.327886
	 D(6,7,15,16)     =        -3.141943        -180.020064
	 D(6,7,15,17)     =        -0.000052          -0.002969
	 D(7,6,5,18)      =         0.000419           0.024021
	 D(7,8,9,10)      =        -0.033128          -1.898067
	 D(7,8,9,11)      =         3.095718         177.371560
	 D(7,15,17,18)    =         0.001059           0.060684
	 D(7,15,17,30)    =        -3.141058        -179.969348
	 D(8,7,6,21)      =        -0.002894          -0.165787
	 D(8,7,15,16)     =         0.003635           0.208288
	 D(8,7,15,17)     =        -3.137659        -179.774616
	 D(8,9,11,12)     =         3.045452         174.491523
	 D(8,9,11,23)     =        -1.109684         -63.580199
	 D(8,9,11,24)     =         0.907415          51.991032
	 D(9,8,7,15)      =         0.008228           0.471412
	 D(9,11,12,13)    =        -3.149976        -180.480326
	 D(9,11,12,25)    =        -1.085848         -62.214480
	 D(9,11,12,26)    =         0.974147          55.814507
	 D(10,9,8,22)     =         3.126431         179.131307
	 D(10,9,11,12)    =        -0.108687          -6.227296
	 D(10,9,11,23)    =         2.019363         115.700982
	 D(10,9,11,24)    =        -2.246724        -128.727788
	 D(11,9,8,22)     =        -0.027909          -1.599067
	 D(11,12,13,14)   =        -1.264344         -72.441593
	 D(12,13,14,27)   =         1.190896          68.233305
	 D(12,13,14,28)   =        -0.959257         -54.961400
	 D(12,13,14,29)   =        -3.021473        -173.117635
	 D(13,12,11,23)   =         1.033505          59.215486
	 D(13,12,11,24)   =        -1.015412         -58.178823
	 D(14,13,12,25)   =         2.909247         166.687568
	 D(14,13,12,26)   =         0.907841          52.015474
	 D(15,7,6,21)     =         3.142518         180.053007
	 D(15,7,8,22)     =        -3.151238        -180.552616
	 D(15,17,18,19)   =         3.139294         179.868321
	 D(16,15,17,18)   =         3.142956         180.078115
	 D(16,15,17,30)   =         0.000839           0.048082
	 D(18,5,6,21)     =        -3.142753        -180.066496
	 D(18,19,1,20)    =        -3.141842        -180.014273
	 D(19,18,17,30)   =        -0.001787          -0.102409
	 D(23,11,12,25)   =         3.097634         177.481332
	 D(23,11,12,26)   =        -1.125557         -64.489682
	 D(24,11,12,25)   =         1.048716          60.087022
	 D(24,11,12,26)   =         3.108711         178.116009


	        --- Internal Coordinate Step in ANG or DEG, aJ/ANG or AJ/DEG ---
	-------------------------------------------------------------------------------
	           Coordinate      Previous         Force          Change          New 
	           ----------      --------        ------          ------        ------
	               H(2,4)       2.04947       -0.00101       -0.00020       2.04926
	               R(1,2)       1.35898        0.00063        0.00051       1.35950
	              R(1,19)       1.30643       -0.00552       -0.00085       1.30559
	              R(1,20)       1.08578       -0.00030       -0.00014       1.08564
	               R(2,3)       1.30776       -0.00218       -0.00048       1.30728
	               R(3,4)       1.08945       -0.00007       -0.00009       1.08937
	               R(3,5)       1.41540        0.00140        0.00041       1.41581
	               R(5,6)       1.40994       -0.00037        0.00004       1.40998
	              R(5,18)       1.41144       -0.00062       -0.00071       1.41073
	               R(6,7)       1.37526        0.00083       -0.00006       1.37520
	              R(6,21)       1.08687       -0.00092       -0.00026       1.08661
	               R(7,8)       1.40636       -0.00073       -0.00021       1.40615
	              R(7,15)       1.42321       -0.00094       -0.00011       1.42310
	               R(8,9)       1.37600       -0.00128       -0.00027       1.37574
	              R(8,22)       1.00791        0.00054        0.00011       1.00802
	              R(9,10)       1.21158       -0.00183       -0.00004       1.21154
	              R(9,11)       1.52308        0.00040       -0.00053       1.52255
	             R(11,12)       1.52191       -0.00008       -0.00052       1.52139
	             R(11,23)       1.09581        0.00057        0.00010       1.09591
	             R(11,24)       1.09513       -0.00025        0.00014       1.09527
	             R(12,13)       1.81715       -0.00375       -0.00185       1.81530
	             R(12,25)       1.09104        0.00055        0.00022       1.09126
	             R(12,26)       1.09128       -0.00040        0.00008       1.09137
	             R(13,14)       1.81304       -0.00278       -0.00158       1.81146
	             R(14,27)       1.09132       -0.00025       -0.00006       1.09126
	             R(14,28)       1.09182       -0.00054        0.00005       1.09187
	             R(14,29)       1.09049       -0.00078       -0.00011       1.09038
	             R(15,16)       1.07971       -0.00068       -0.00019       1.07952
	             R(15,17)       1.36732       -0.00001       -0.00013       1.36719
	             R(17,18)       1.41414       -0.00134       -0.00024       1.41390
	             R(17,30)       1.08348       -0.00101       -0.00022       1.08326
	             R(18,19)       1.35972        0.00151        0.00060       1.36031
	             B(1,2,3)     116.28782        0.00001       -0.01300     116.27481
	           B(1,19,18)     116.59907        0.00001        0.01379     116.61287
	            B(2,1,19)     127.31305       -0.00000        0.00640     127.31945
	            B(2,1,20)     115.53010       -0.00000       -0.06179     115.46831
	             B(2,3,4)     117.21550        0.00001        0.02689     117.24240
	             B(2,3,5)     122.83255       -0.00000       -0.00128     122.83127
	             B(3,5,6)     123.95897        0.00001       -0.01007     123.94891
	            B(3,5,18)     115.71596       -0.00000        0.01617     115.73213
	             B(4,3,5)     119.95193       -0.00000       -0.02564     119.92629
	             B(5,6,7)     120.19705       -0.00000       -0.02190     120.17514
	            B(5,6,21)     119.03011       -0.00000       -0.01955     119.01057
	           B(5,18,17)     118.44329        0.00001        0.04485     118.48814
	           B(5,18,19)     121.25153       -0.00001       -0.02213     121.22939
	            B(6,5,18)     120.32500       -0.00000       -0.00622     120.31878
	             B(6,7,8)     118.04101        0.00000        0.01858     118.05959
	            B(6,7,15)     119.70207       -0.00000        0.01275     119.71482
	            B(7,6,21)     120.77278        0.00000        0.04109     120.81387
	             B(7,8,9)     129.58052        0.00000       -0.03057     129.54995
	            B(7,8,22)     114.88935       -0.00001       -0.02254     114.86681
	           B(7,15,16)     118.81954       -0.00001       -0.01953     118.80001
	           B(7,15,17)     120.41959        0.00000       -0.00167     120.41792
	            B(8,7,15)     122.25654       -0.00000       -0.03205     122.22450
	            B(8,9,10)     124.20231       -0.00000        0.00444     124.20676
	            B(8,9,11)     112.97070        0.00001       -0.00727     112.96343
	            B(9,8,22)     115.52304        0.00000        0.04236     115.56540
	           B(9,11,12)     112.21684        0.00000       -0.02456     112.19229
	           B(9,11,23)     107.73451       -0.00000       -0.10843     107.62607
	           B(9,11,24)     109.62126        0.00001        0.11868     109.73994
	           B(10,9,11)     122.82277       -0.00000        0.00563     122.82840
	          B(11,12,13)     113.59744       -0.00000        0.06311     113.66055
	          B(11,12,25)     110.18797        0.00001        0.04616     110.23413
	          B(11,12,26)     110.83253       -0.00001       -0.06453     110.76799
	          B(12,11,23)     110.55782       -0.00001       -0.03854     110.51928
	          B(12,11,24)     109.97210       -0.00000        0.04941     110.02151
	          B(12,13,14)     100.33345       -0.00006       -0.11319     100.22026
	          B(13,12,25)     105.61411       -0.00000       -0.11803     105.49608
	          B(13,12,26)     109.44537        0.00000        0.04567     109.49104
	          B(13,14,27)     112.17693       -0.00002       -0.04354     112.13339
	          B(13,14,28)     110.64304       -0.00000        0.02824     110.67127
	          B(13,14,29)     106.84192        0.00001        0.06141     106.90333
	          B(15,17,18)     120.91296       -0.00001       -0.02812     120.88485
	          B(15,17,30)     120.84313        0.00000        0.00787     120.85100
	          B(16,15,17)     120.76087        0.00000        0.02120     120.78207
	          B(17,18,19)     120.30516       -0.00000       -0.02278     120.28238
	          B(18,17,30)     118.24390        0.00000        0.02020     118.26410
	           B(19,1,20)     117.15685        0.00001        0.05539     117.21224
	          B(23,11,24)     106.55652        0.00000        0.00298     106.55950
	          B(25,12,26)     106.82707        0.00000        0.02471     106.85178
	          B(27,14,28)     109.95970        0.00000       -0.01804     109.94165
	          B(27,14,29)     108.39509        0.00001        0.00886     108.40395
	          B(28,14,29)     108.69296       -0.00000       -0.03541     108.65755
	           D(1,2,3,4)    -179.99897       -0.00000       -0.00369    -180.00266
	           D(1,2,3,5)       0.04258        0.00000        0.02487       0.06745
	         D(1,19,18,5)       0.03085        0.00000        0.01912       0.04997
	        D(1,19,18,17)     180.08963        0.00000        0.06884     180.15847
	         D(2,1,19,18)      -0.02728       -0.00000       -0.04120      -0.06848
	           D(2,3,5,6)     179.86769       -0.00000       -0.10357     179.76412
	          D(2,3,5,18)      -0.03761       -0.00000       -0.04218      -0.07979
	          D(3,2,1,19)      -0.00925        0.00000        0.01954       0.01029
	          D(3,2,1,20)     179.97792        0.00000        0.03207     180.00999
	           D(3,5,6,7)    -179.87713        0.00000        0.15212    -179.72501
	          D(3,5,6,21)       0.03236        0.00000        0.00976       0.04211
	         D(3,5,18,17)    -180.05892       -0.00000       -0.02998    -180.08890
	         D(3,5,18,19)      -0.00120       -0.00000        0.01891       0.01771
	           D(4,3,5,6)      -0.08967       -0.00000       -0.07429      -0.16396
	          D(4,3,5,18)    -179.99497        0.00000       -0.01290    -180.00787
	           D(5,6,7,8)     179.74210       -0.00001       -0.29499     179.44711
	          D(5,6,7,15)      -0.03911       -0.00000       -0.14142      -0.18053
	        D(5,18,17,15)      -0.07453       -0.00000       -0.09248      -0.16701
	        D(5,18,17,30)     179.95474       -0.00000       -0.03710     179.91764
	         D(6,5,18,17)       0.03209       -0.00000        0.02902       0.06111
	         D(6,5,18,19)    -179.91020        0.00000        0.07791    -179.83228
	           D(6,7,8,9)    -179.30386        0.00001        0.53344    -178.77042
	          D(6,7,8,22)      -0.32789        0.00000       -0.06600      -0.39389
	         D(6,7,15,16)    -180.02006        0.00000        0.08868    -179.93138
	         D(6,7,15,17)      -0.00297        0.00000        0.07858       0.07561
	          D(7,6,5,18)       0.02402        0.00000        0.08807       0.11209
	          D(7,8,9,10)      -1.89807       -0.00001       -0.73485      -2.63292
	          D(7,8,9,11)     177.37156       -0.00001       -0.42746     176.94410
	        D(7,15,17,18)       0.06068        0.00000        0.04008       0.10077
	        D(7,15,17,30)    -179.96935        0.00000       -0.01673    -179.98608
	          D(8,7,6,21)      -0.16579       -0.00000       -0.14997      -0.31575
	         D(8,7,15,16)       0.20829        0.00000        0.24875       0.45704
	         D(8,7,15,17)    -179.77462        0.00000        0.23865    -179.53597
	         D(8,9,11,12)     174.49152        0.00001        1.38113     175.87265
	         D(8,9,11,23)     -63.58020        0.00000        1.24392     -62.33628
	         D(8,9,11,24)      51.99103        0.00001        1.25017      53.24120
	          D(9,8,7,15)       0.47141        0.00001        0.37589       0.84730
	        D(9,11,12,13)    -180.48033       -0.00001       -0.34216    -180.82249
	        D(9,11,12,25)     -62.21448       -0.00001       -0.41904     -62.63352
	        D(9,11,12,26)      55.81451       -0.00000       -0.39956      55.41495
	         D(10,9,8,22)     179.13131        0.00000       -0.13141     178.99990
	        D(10,9,11,12)      -6.22730        0.00001        1.68366      -4.54364
	        D(10,9,11,23)     115.70098       -0.00000        1.54644     117.24742
	        D(10,9,11,24)    -128.72779        0.00000        1.55269    -127.17510
	         D(11,9,8,22)      -1.59907        0.00000        0.17599      -1.42308
	       D(11,12,13,14)     -72.44159        0.00002        2.23760     -70.20400
	       D(12,13,14,27)      68.23330       -0.00000        2.70261      70.93591
	       D(12,13,14,28)     -54.96140        0.00001        2.73650     -52.22490
	       D(12,13,14,29)    -173.11764        0.00000        2.72735    -170.39028
	       D(13,12,11,23)      59.21549       -0.00000       -0.16117      59.05431
	       D(13,12,11,24)     -58.17882       -0.00000       -0.17172     -58.35054
	       D(14,13,12,25)     166.68757        0.00000        2.22325     168.91082
	       D(14,13,12,26)      52.01547        0.00000        2.23420      54.24968
	         D(15,7,6,21)     180.05301        0.00000        0.00360     180.05660
	         D(15,7,8,22)    -180.55262       -0.00000       -0.22355    -180.77616
	       D(15,17,18,19)     179.86832       -0.00000       -0.14090     179.72742
	       D(16,15,17,18)     180.07811        0.00000        0.02978     180.10790
	       D(16,15,17,30)       0.04808       -0.00000       -0.02703       0.02105
	         D(18,5,6,21)    -180.06650       -0.00000       -0.05429    -180.12078
	        D(18,19,1,20)    -180.01427       -0.00000       -0.05391    -180.06818
	       D(19,18,17,30)      -0.10241       -0.00000       -0.08552      -0.18793
	       D(23,11,12,25)     177.48133        0.00000       -0.23805     177.24328
	       D(23,11,12,26)     -64.48968        0.00001       -0.21857     -64.70825
	       D(24,11,12,25)      60.08702        0.00000       -0.24860      59.83842
	       D(24,11,12,26)     178.11601        0.00001       -0.22911     177.88689
	-------------------------------------------------------------------------------

	                                 ==> Convergence Check <==                                  
    
	Measures of convergence in internal coordinates in au.
    
	Criteria marked as inactive (o), active & met (*), and active & unmet ( ).

	----------------------------------------------------------------------------------------------
	   Step    Total Energy     Delta E     Max Force     RMS Force      Max Disp      RMS Disp   
	----------------------------------------------------------------------------------------------
	  Convergence Criteria     1.00e-06 *    3.00e-04 *             o    1.20e-03 *             o
	----------------------------------------------------------------------------------------------
	     6   -1102.74819324   -2.27e-04      7.41e-04      1.23e-04 o    4.78e-02      1.04e-02 o  ~
	----------------------------------------------------------------------------------------------

Next Geometry in Ang 
	Fragment 1 (Ang)

	    C  -5.8835209679  -0.1825755378   0.6716581299
	    N  -5.4956923469  -1.4086707733   1.1126932226
	    C  -4.2213266569  -1.6828474649   1.0137041176
	    H  -3.8931884219  -2.6612740304   1.3625969776
	    C  -3.2787881083  -0.7699360162   0.4819786083
	    C  -1.8993527529  -1.0389547095   0.3686853257
	    C  -1.0511695942  -0.0918967295  -0.1555675830
	    N   0.3177985004  -0.4025946895  -0.2370563392
	    C   1.3647087687   0.3650555451  -0.6924027434
	    O   1.2419588077   1.4765341364  -1.1586518804
	    C   2.7147660506  -0.3227476473  -0.5426438028
	    C   3.8472293385   0.4975154108  -1.1420839742
	    S   5.4800165335  -0.2755950831  -0.9643029047
	    C   5.7269966006  -0.0980289073   0.8214313316
	    C  -1.5721643152   1.1601164918  -0.5871258114
	    H  -0.8932656330   1.8923435580  -0.9973761863
	    C  -2.9089744093   1.4268186904  -0.4821646196
	    C  -3.7997596660   0.4702496871   0.0569011633
	    N  -5.1268045100   0.7506447464   0.1607407951
	    H  -6.9441859356   0.0313703389   0.7601119648
	    H  -1.5206420535  -2.0004688344   0.7045260422
	    H   0.5667660314  -1.3152871920   0.1109551668
	    H   2.8855119322  -0.4892886509   0.5269994720
	    H   2.6798033495  -1.3122280955  -1.0109518882
	    H   3.6976259600   0.6191474461  -2.2161781664
	    H   3.8698416819   1.4995853215  -0.7103173176
	    H   5.0725057436  -0.7568516926   1.3945334390
	    H   5.5753439109   0.9381863548   1.1303566394
	    H   6.7610629994  -0.3757222476   1.0276277238
	    H  -3.3131008374   2.3773605961  -0.8086769024


    Structure for next step:
    Molecular point group: c1
    Full point group: C1

    Geometry (in Angstrom), charge = 0, multiplicity = 1:

    C           -5.883520967881    -0.182575537789     0.671658129857
    N           -5.495692346892    -1.408670773299     1.112693222590
    C           -4.221326656862    -1.682847464916     1.013704117641
    H           -3.893188421874    -2.661274030375     1.362596977646
    C           -3.278788108267    -0.769936016207     0.481978608312
    C           -1.899352752937    -1.038954709485     0.368685325705
    C           -1.051169594158    -0.091896729482    -0.155567583046
    N            0.317798500373    -0.402594689508    -0.237056339197
    C            1.364708768747     0.365055545070    -0.692402743410
    O            1.241958807658     1.476534136427    -1.158651880393
    C            2.714766050553    -0.322747647255    -0.542643802835
    C            3.847229338450     0.497515410756    -1.142083974178
    S            5.480016533514    -0.275595083057    -0.964302904690
    C            5.726996600621    -0.098028907348     0.821431331579
    C           -1.572164315214     1.160116491752    -0.587125811440
    H           -0.893265632966     1.892343557960    -0.997376186332
    C           -2.908974409309     1.426818690447    -0.482164619648
    C           -3.799759666027     0.470249687143     0.056901163324
    N           -5.126804510002     0.750644746378     0.160740795054
    H           -6.944185935626     0.031370338920     0.760111964823
    H           -1.520642053523    -2.000468834410     0.704526042190
    H            0.566766031413    -1.315287191988     0.110955166835
    H            2.885511932248    -0.489288650925     0.526999471965
    H            2.679803349489    -1.312228095477    -1.010951888160
    H            3.697625959972     0.619147446095    -2.216178166389
    H            3.869841681949     1.499585321520    -0.710317317568
    H            5.072505743579    -0.756851692559     1.394533438973
    H            5.575343910932     0.938186354772     1.130356639356
    H            6.761062999392    -0.375722247555     1.027627723816
    H           -3.313100837355     2.377360596107    -0.808676902379


Scratch directory: /tmp/
gradient() will perform analytic gradient computation.
   => Libint2 <=

    Primary   basis highest AM E, G, H:  7, 6, 3
    Auxiliary basis highest AM E, G, H:  7, 7, 4
    Onebody   basis highest AM E, G, H:  -, -, -
    Solid Harmonics ordering:            Gaussian

*** tstart() called on eristm01.eisai.local
*** at Wed May 20 10:42:53 2026

   => Loading Basis Set <=

    Name: 6-311+G(D,P)
    Role: ORBITAL
    Keyword: BASIS
    atoms 1, 3, 5-7, 9, 11-12, 14-15, 17-18 entry C          line   129 file /home2/shbae/bucket/covalent/.pixi/envs/default/share/psi4/basis/6-311pg_d_p_.gbs 
    atoms 2, 8, 19                          entry N          line   150 file /home2/shbae/bucket/covalent/.pixi/envs/default/share/psi4/basis/6-311pg_d_p_.gbs 
    atoms 4, 16, 20-30                      entry H          line    42 file /home2/shbae/bucket/covalent/.pixi/envs/default/share/psi4/basis/6-311pg_d_p_.gbs 
    atoms 10                                entry O          line   171 file /home2/shbae/bucket/covalent/.pixi/envs/default/share/psi4/basis/6-311pg_d_p_.gbs 
    atoms 13                                entry S          line   429 file /home2/shbae/bucket/covalent/.pixi/envs/default/share/psi4/basis/6-311pg_d_p_.gbs 

   => WB97X-D: Empirical Dispersion <=

    Chai and Head-Gordon Dispersion Correction
    Chai, J.-D.; Head-Gordon, M. (2010), J. Chem. Phys., 132: 6615-6620

        s6 =       1.000000


         ---------------------------------------------------------
                                   SCF
               by Justin Turney, Rob Parrish, Andy Simmonett
                          and Daniel G. A. Smith
                              RKS Reference
                        8 Threads,   7629 MiB Core
         ---------------------------------------------------------

  ==> Geometry <==

    Molecular point group: c1
    Full point group: C1

    Geometry (in Angstrom), charge = 0, multiplicity = 1:

       Center              X                  Y                   Z               Mass       
    ------------   -----------------  -----------------  -----------------  -----------------
         C           -5.883520967881    -0.182575537789     0.671658129857    12.000000000000
         N           -5.495692346892    -1.408670773299     1.112693222590    14.003074004430
         C           -4.221326656862    -1.682847464916     1.013704117641    12.000000000000
         H           -3.893188421874    -2.661274030375     1.362596977646     1.007825032230
         C           -3.278788108267    -0.769936016207     0.481978608312    12.000000000000
         C           -1.899352752937    -1.038954709485     0.368685325705    12.000000000000
         C           -1.051169594158    -0.091896729482    -0.155567583046    12.000000000000
         N            0.317798500373    -0.402594689508    -0.237056339197    14.003074004430
         C            1.364708768747     0.365055545070    -0.692402743410    12.000000000000
         O            1.241958807658     1.476534136427    -1.158651880393    15.994914619570
         C            2.714766050553    -0.322747647255    -0.542643802835    12.000000000000
         C            3.847229338450     0.497515410756    -1.142083974178    12.000000000000
         S            5.480016533514    -0.275595083057    -0.964302904690    31.972071174400
         C            5.726996600621    -0.098028907348     0.821431331579    12.000000000000
         C           -1.572164315214     1.160116491752    -0.587125811440    12.000000000000
         H           -0.893265632966     1.892343557960    -0.997376186332     1.007825032230
         C           -2.908974409309     1.426818690447    -0.482164619648    12.000000000000
         C           -3.799759666027     0.470249687143     0.056901163324    12.000000000000
         N           -5.126804510002     0.750644746378     0.160740795054    14.003074004430
         H           -6.944185935626     0.031370338920     0.760111964823     1.007825032230
         H           -1.520642053523    -2.000468834410     0.704526042190     1.007825032230
         H            0.566766031413    -1.315287191988     0.110955166835     1.007825032230
         H            2.885511932248    -0.489288650925     0.526999471965     1.007825032230
         H            2.679803349489    -1.312228095477    -1.010951888160     1.007825032230
         H            3.697625959972     0.619147446095    -2.216178166389     1.007825032230
         H            3.869841681949     1.499585321520    -0.710317317568     1.007825032230
         H            5.072505743579    -0.756851692559     1.394533438973     1.007825032230
         H            5.575343910932     0.938186354772     1.130356639356     1.007825032230
         H            6.761062999392    -0.375722247555     1.027627723816     1.007825032230
         H           -3.313100837355     2.377360596107    -0.808676902379     1.007825032230

  Running in c1 symmetry.

  Rotational constants: A =      0.05529  B =      0.00432  C =      0.00410 [cm^-1]
  Rotational constants: A =   1657.48297  B =    129.48520  C =    122.90365 [MHz]
  Nuclear repulsion = 1179.939357249657860

  Charge       = 0
  Multiplicity = 1
  Electrons    = 130
  Nalpha       = 65
  Nbeta        = 65

  ==> Algorithm <==

  SCF Algorithm Type is DF.
  DIIS enabled.
  MOM disabled.
  Fractional occupation disabled.
  Guess Type is READ.
  Energy threshold   = 1.00e-08
  Density threshold  = 1.00e-08
  Integral threshold = 1.00e-12

  ==> Primary Basis <==

  Basis Set: 6-311+G(D,P)
    Blend: 6-311+G(D,P)
    Number of shells: 226
    Number of basis functions: 460
    Number of Cartesian functions: 477
    Spherical Harmonics?: true
    Max angular momentum: 2

  ==> DFT Potential <==

   => LibXC <=

    Version 7.0.0
    S. Lehtola, C. Steigemann, M. J.T. Oliveira, and M. A.L. Marques.,  SoftwareX 7, 1–5 (2018) (10.1016/j.softx.2017.11.002)

   => Composite Functional: WB97X-D <= 

    wB97X-D Hyb-GGA Exchange-Correlation Functional

    J.-D. Chai and M. Head-Gordon.,  Phys. Chem. Chem. Phys. 10, 6615-6620 (2008) (10.1039/B810189B)

    Deriv               =              1
    GGA                 =           TRUE
    Meta                =          FALSE

    Exchange Hybrid     =           TRUE
    MP2 Hybrid          =          FALSE

   => Exchange-Correlation Functionals <=

    1.0000   wB97X-D range-separated functional

   => Exact (HF) Exchange <=

    0.7780            HF,LR [omega = 0.2000]
    0.2220               HF 

   => LibXC Density Thresholds  <==

    XC_HYB_GGA_XC_WB97X_D:  1.00E-14 

   => Molecular Quadrature <=

    Radial Scheme          =       TREUTLER
    Pruning Scheme         =           NONE
    Nuclear Scheme         =       TREUTLER

    Blocking Scheme        =         OCTREE
    BS radius alpha        =              1
    Pruning alpha          =              1
    Radial Points          =             75
    Spherical Points       =            302
    Total Points           =         627603
    Total Blocks           =           4564
    Max Points             =            256
    Max Functions          =            323
    Weights Tolerance      =       1.00E-15

   => Loading Basis Set <=

    Name: (6-311+G(D,P) AUX)
    Role: JKFIT
    Keyword: DF_BASIS_SCF
    atoms 1, 3, 5-7, 9, 11-12, 14-15, 17-18 entry C          line   200 file /home2/shbae/bucket/covalent/.pixi/envs/default/share/psi4/basis/heavy-aug-cc-pvtz-jkfit.gbs 
    atoms 2, 8, 19                          entry N          line   262 file /home2/shbae/bucket/covalent/.pixi/envs/default/share/psi4/basis/heavy-aug-cc-pvtz-jkfit.gbs 
    atoms 4, 16, 20-30                      entry H          line   116 file /home2/shbae/bucket/covalent/.pixi/envs/default/share/psi4/basis/heavy-aug-cc-pvtz-jkfit.gbs 
    atoms 10                                entry O          line   324 file /home2/shbae/bucket/covalent/.pixi/envs/default/share/psi4/basis/heavy-aug-cc-pvtz-jkfit.gbs 
    atoms 13                                entry S          line   768 file /home2/shbae/bucket/covalent/.pixi/envs/default/share/psi4/basis/heavy-aug-cc-pvtz-jkfit.gbs 

   => Loading Basis Set <=

    Name: 6-311+G(D,P)
    Role: ORBITAL
    Keyword: BASIS
    atoms 1, 3, 5-7, 9, 11-12, 14-15, 17-18 entry C          line   129 file /home2/shbae/bucket/covalent/.pixi/envs/default/share/psi4/basis/6-311pg_d_p_.gbs 
    atoms 2, 8, 19                          entry N          line   150 file /home2/shbae/bucket/covalent/.pixi/envs/default/share/psi4/basis/6-311pg_d_p_.gbs 
    atoms 4, 16, 20-30                      entry H          line    42 file /home2/shbae/bucket/covalent/.pixi/envs/default/share/psi4/basis/6-311pg_d_p_.gbs 
    atoms 10                                entry O          line   171 file /home2/shbae/bucket/covalent/.pixi/envs/default/share/psi4/basis/6-311pg_d_p_.gbs 
    atoms 13                                entry S          line   429 file /home2/shbae/bucket/covalent/.pixi/envs/default/share/psi4/basis/6-311pg_d_p_.gbs 

  Reading orbitals from file /tmp/4_product.default.2248151.180.npy, no projection.

  ==> Integral Setup <==

  ==> DiskDFJK: Density-Fitted J/K Matrices <==

    J tasked:                  Yes
    K tasked:                  Yes
    wK tasked:                 Yes
    Omega:               2.000E-01
    OpenMP threads:              8
    Integrals threads:           8
    Memory [MiB]:             1477
    Algorithm:                Disk
    Integral Cache:           NONE
    Schwarz Cutoff:          1E-12
    Fitting Condition:       1E-10

   => Auxiliary Basis Set <=

  Basis Set: (6-311+G(D,P) AUX)
    Blend: HEAVY-AUG-CC-PVTZ-JKFIT
    Number of shells: 652
    Number of basis functions: 2200
    Number of Cartesian functions: 2731
    Spherical Harmonics?: true
    Max angular momentum: 4

  Cached 50.0% of DFT collocation blocks in 2.093 [GiB].

  Minimum eigenvalue in the overlap matrix is 4.8472164966E-07.
  Reciprocal condition number of the overlap matrix is 3.3564776768E-08.
    Using symmetric orthogonalization.

  ==> Pre-Iterations <==

  SCF Guess: Orbitals guess was supplied from a previous computation.

   -------------------------------------------------------
    Irrep   Nso     Nmo     Nalpha   Nbeta   Ndocc  Nsocc
   -------------------------------------------------------
     A        460     460      65      65      65       0
   -------------------------------------------------------
    Total     460     460      65      65      65       0
   -------------------------------------------------------

  ==> Iterations <==

                           Total Energy        Delta E     RMS |[F,P]|

   @DF-RKS iter   0: -1102.73500246293679   -1.10274e+03   3.00653e-04 
   @DF-RKS iter   1: -1102.74782992285213   -1.28275e-02   3.67741e-05 DIIS
   @DF-RKS iter   2: -1102.74809087121707   -2.60948e-04   2.22731e-05 DIIS
   @DF-RKS iter   3: -1102.74814636840711   -5.54972e-05   9.13389e-06 DIIS
   @DF-RKS iter   4: -1102.74815901507031   -1.26467e-05   3.15207e-06 DIIS
   @DF-RKS iter   5: -1102.74816020532649   -1.19026e-06   1.17648e-06 DIIS
   @DF-RKS iter   6: -1102.74816039696861   -1.91642e-07   4.05686e-07 DIIS
   @DF-RKS iter   7: -1102.74816043340752   -3.64389e-08   1.62076e-07 DIIS
   @DF-RKS iter   8: -1102.74816043939700   -5.98948e-09   6.92720e-08 DIIS
   @DF-RKS iter   9: -1102.74816044036106   -9.64064e-10   2.82388e-08 DIIS
   @DF-RKS iter  10: -1102.74816044053819   -1.77124e-10   1.25356e-08 DIIS
   @DF-RKS iter  11: -1102.74816044056524   -2.70575e-11   3.84663e-09 DIIS
  Energy and wave function converged.


  ==> Post-Iterations <==

   Electrons on quadrature grid:
      Ntotal   =  129.9999180608 ; deviation = -8.194e-05 

    Orbital Energies [Eh]
    ---------------------

    Doubly Occupied:                                                      

       1A    -89.015428     2A    -19.242330     3A    -14.497216  
       4A    -14.445832     5A    -14.443223     6A    -10.419480  
       7A    -10.366422     8A    -10.356355     9A    -10.351956  
      10A    -10.343977    11A    -10.324127    12A    -10.322880  
      13A    -10.318949    14A    -10.317917    15A    -10.316290  
      16A    -10.310731    17A    -10.307629    18A     -8.055930  
      19A     -6.005443    20A     -6.001468    21A     -5.994578  
      22A     -1.177263    23A     -1.101921    24A     -1.074104  
      25A     -1.007622    26A     -0.975096    27A     -0.933884  
      28A     -0.894531    29A     -0.882576    30A     -0.860466  
      31A     -0.799049    32A     -0.777734    33A     -0.763361  
      34A     -0.733855    35A     -0.711085    36A     -0.685729  
      37A     -0.661923    38A     -0.650659    39A     -0.615184  
      40A     -0.609937    41A     -0.594022    42A     -0.570485  
      43A     -0.554107    44A     -0.546538    45A     -0.544911  
      46A     -0.538523    47A     -0.533649    48A     -0.525510  
      49A     -0.523485    50A     -0.514726    51A     -0.497841  
      52A     -0.494809    53A     -0.480518    54A     -0.463598  
      55A     -0.461812    56A     -0.445542    57A     -0.428212  
      58A     -0.404987    59A     -0.400988    60A     -0.395351  
      61A     -0.368200    62A     -0.351976    63A     -0.343712  
      64A     -0.312356    65A     -0.311387  

    Virtual:                                                              

      66A     -0.014780    67A      0.018998    68A      0.036484  
      69A      0.054620    70A      0.057537    71A      0.064725  
      72A      0.067867    73A      0.072848    74A      0.076727  
      75A      0.081419    76A      0.085928    77A      0.092804  
      78A      0.094844    79A      0.096363    80A      0.102853  
      81A      0.107822    82A      0.109856    83A      0.112100  
      84A      0.116711    85A      0.120930    86A      0.126231  
      87A      0.130860    88A      0.133466    89A      0.134975  
      90A      0.140283    91A      0.143885    92A      0.153326  
      93A      0.156971    94A      0.158610    95A      0.160892  
      96A      0.172226    97A      0.172430    98A      0.177436  
      99A      0.180393   100A      0.183838   101A      0.188353  
     102A      0.190107   103A      0.194739   104A      0.195773  
     105A      0.201522   106A      0.203840   107A      0.214592  
     108A      0.216809   109A      0.219381   110A      0.222254  
     111A      0.230060   112A      0.233460   113A      0.236317  
     114A      0.239173   115A      0.242876   116A      0.248059  
     117A      0.255921   118A      0.261218   119A      0.262329  
     120A      0.263293   121A      0.266234   122A      0.268467  
     123A      0.275774   124A      0.278978   125A      0.279738  
     126A      0.286182   127A      0.286834   128A      0.290829  
     129A      0.293680   130A      0.296786   131A      0.300454  
     132A      0.303470   133A      0.304959   134A      0.314115  
     135A      0.314925   136A      0.321520   137A      0.321830  
     138A      0.325981   139A      0.329368   140A      0.337598  
     141A      0.341419   142A      0.344315   143A      0.347622  
     144A      0.354049   145A      0.358415   146A      0.366377  
     147A      0.369790   148A      0.370585   149A      0.373132  
     150A      0.379161   151A      0.385961   152A      0.388847  
     153A      0.389637   154A      0.399719   155A      0.404219  
     156A      0.409012   157A      0.412877   158A      0.418693  
     159A      0.425226   160A      0.433436   161A      0.442355  
     162A      0.447083   163A      0.454186   164A      0.458689  
     165A      0.471923   166A      0.478399   167A      0.483677  
     168A      0.499189   169A      0.513016   170A      0.528809  
     171A      0.547647   172A      0.555828   173A      0.565108  
     174A      0.574494   175A      0.582901   176A      0.592058  
     177A      0.603621   178A      0.610195   179A      0.611432  
     180A      0.614903   181A      0.618029   182A      0.623748  
     183A      0.631569   184A      0.648375   185A      0.658550  
     186A      0.660515   187A      0.670458   188A      0.674980  
     189A      0.684199   190A      0.690546   191A      0.693577  
     192A      0.697490   193A      0.710173   194A      0.723490  
     195A      0.724313   196A      0.731044   197A      0.740330  
     198A      0.747524   199A      0.749468   200A      0.754810  
     201A      0.762013   202A      0.766063   203A      0.780792  
     204A      0.785170   205A      0.788502   206A      0.796261  
     207A      0.810608   208A      0.825557   209A      0.826034  
     210A      0.844800   211A      0.851110   212A      0.859180  
     213A      0.864667   214A      0.870982   215A      0.886291  
     216A      0.887801   217A      0.895752   218A      0.899151  
     219A      0.921102   220A      0.927911   221A      0.948906  
     222A      0.949500   223A      0.954124   224A      0.957602  
     225A      0.968736   226A      0.975944   227A      0.977777  
     228A      0.986171   229A      0.989163   230A      0.994736  
     231A      1.006640   232A      1.022937   233A      1.028941  
     234A      1.041343   235A      1.041654   236A      1.060733  
     237A      1.060782   238A      1.066055   239A      1.071361  
     240A      1.087311   241A      1.095051   242A      1.113591  
     243A      1.121943   244A      1.130068   245A      1.133496  
     246A      1.140716   247A      1.160813   248A      1.166213  
     249A      1.180250   250A      1.192369   251A      1.199698  
     252A      1.212461   253A      1.214906   254A      1.217103  
     255A      1.219658   256A      1.231225   257A      1.251607  
     258A      1.282279   259A      1.287702   260A      1.305262  
     261A      1.312498   262A      1.326093   263A      1.339356  
     264A      1.354386   265A      1.388241   266A      1.400662  
     267A      1.455209   268A      1.466139   269A      1.480409  
     270A      1.507800   271A      1.523408   272A      1.531206  
     273A      1.556597   274A      1.584460   275A      1.591258  
     276A      1.592431   277A      1.602531   278A      1.605516  
     279A      1.611183   280A      1.621772   281A      1.646826  
     282A      1.653611   283A      1.656661   284A      1.659914  
     285A      1.669447   286A      1.674261   287A      1.679322  
     288A      1.692215   289A      1.705913   290A      1.709876  
     291A      1.713262   292A      1.734840   293A      1.744757  
     294A      1.758477   295A      1.765485   296A      1.772584  
     297A      1.801285   298A      1.810070   299A      1.818872  
     300A      1.821707   301A      1.827350   302A      1.852029  
     303A      1.858039   304A      1.876847   305A      1.882172  
     306A      1.883474   307A      1.902770   308A      1.918525  
     309A      1.932687   310A      1.945511   311A      1.968788  
     312A      1.972533   313A      1.978167   314A      1.998027  
     315A      2.020970   316A      2.023598   317A      2.046971  
     318A      2.050756   319A      2.064416   320A      2.071552  
     321A      2.090692   322A      2.106217   323A      2.133400  
     324A      2.138043   325A      2.141922   326A      2.156655  
     327A      2.184501   328A      2.188333   329A      2.217569  
     330A      2.220645   331A      2.237075   332A      2.239496  
     333A      2.273005   334A      2.284601   335A      2.303170  
     336A      2.314969   337A      2.322723   338A      2.346703  
     339A      2.365429   340A      2.367455   341A      2.391749  
     342A      2.418770   343A      2.423920   344A      2.445731  
     345A      2.472228   346A      2.487440   347A      2.517898  
     348A      2.519276   349A      2.524041   350A      2.550912  
     351A      2.553839   352A      2.577905   353A      2.600953  
     354A      2.603385   355A      2.621199   356A      2.632898  
     357A      2.650461   358A      2.658066   359A      2.664462  
     360A      2.673766   361A      2.691720   362A      2.723512  
     363A      2.737481   364A      2.751722   365A      2.770614  
     366A      2.771114   367A      2.787284   368A      2.789432  
     369A      2.812390   370A      2.820869   371A      2.834675  
     372A      2.856716   373A      2.872770   374A      2.876195  
     375A      2.907526   376A      2.912319   377A      2.930241  
     378A      2.950396   379A      2.954637   380A      2.957627  
     381A      2.963258   382A      2.981588   383A      2.983419  
     384A      3.005051   385A      3.007238   386A      3.018161  
     387A      3.035056   388A      3.038383   389A      3.044379  
     390A      3.058627   391A      3.080601   392A      3.112395  
     393A      3.155795   394A      3.171929   395A      3.181910  
     396A      3.259176   397A      3.284480   398A      3.306176  
     399A      3.329854   400A      3.406088   401A      3.430584  
     402A      3.444634   403A      3.456318   404A      3.480883  
     405A      3.507606   406A      3.553601   407A      3.588738  
     408A      3.631161   409A      3.681672   410A      3.707619  
     411A      3.721237   412A      3.746239   413A      3.792937  
     414A      3.820137   415A      3.829470   416A      3.846102  
     417A      3.851104   418A      3.887853   419A      3.961400  
     420A      3.988791   421A      4.011507   422A      4.023664  
     423A      4.035574   424A      4.057838   425A      4.150235  
     426A      4.195923   427A      4.266884   428A      4.337335  
     429A      4.378225   430A      4.521041   431A      4.598749  
     432A      4.928928   433A      4.942825   434A      5.064060  
     435A      5.175153   436A      5.199062   437A      5.401578  
     438A      5.416391   439A      5.901816   440A      8.037514  
     441A     17.480495   442A     17.574549   443A     17.605192  
     444A     23.746166   445A     23.968830   446A     23.985988  
     447A     24.023860   448A     24.028547   449A     24.033411  
     450A     24.047604   451A     24.089267   452A     24.121074  
     453A     24.158396   454A     24.239868   455A     24.316834  
     456A     35.749157   457A     35.773672   458A     35.819544  
     459A     50.150191   460A    189.282972  

    Final Occupation by Irrep:
              A 
    DOCC [    65 ]
    NA   [    65 ]
    NB   [    65 ]

  @DF-RKS Final Energy: -1102.74816044056524

   => Energetics <=

    Nuclear Repulsion Energy =           1179.9393572496578599
    One-Electron Energy =               -3847.3242114654444777
    Two-Electron Energy =                1651.9681892116861945
    DFT Exchange-Correlation Energy =     -87.3139756482723186
    Empirical Dispersion Energy =          -0.0175197881923397
    VV10 Nonlocal Energy =                  0.0000000000000000
    Total Energy =                      -1102.7481604405652433

Computation Completed


Properties will be evaluated at   0.000000,   0.000000,   0.000000 [a0]

Properties computed using the SCF density matrix


 Multipole Moments:

 ------------------------------------------------------------------------------------
     Multipole            Electronic (a.u.)      Nuclear  (a.u.)        Total (a.u.)
 ------------------------------------------------------------------------------------

 L = 1.  Multiply by 2.5417464519 to convert [e a0] to [Debye]
 Dipole X            :         49.7652714          -48.6434573            1.1218141
 Dipole Y            :          5.0103594           -6.0057528           -0.9953934
 Dipole Z            :         33.4733907          -32.6827944            0.7905964
 Magnitude           :                                                    1.6953812

 ------------------------------------------------------------------------------------

*** tstop() called on eristm01.eisai.local at Wed May 20 10:43:44 2026
Module time:
	user time   =     365.12 seconds =       6.09 minutes
	system time =      15.96 seconds =       0.27 minutes
	total time  =         51 seconds =       0.85 minutes
Total time:
	user time   =   55440.52 seconds =     924.01 minutes
	system time =    1945.10 seconds =      32.42 minutes
	total time  =       7890 seconds =     131.50 minutes

*** tstart() called on eristm01.eisai.local
*** at Wed May 20 10:43:44 2026


         ------------------------------------------------------------
                                   SCF GRAD                          
                          Rob Parrish, Justin Turney,                
                       Andy Simmonett, and Alex Sokolov              
         ------------------------------------------------------------

  ==> Geometry <==

    Molecular point group: c1
    Full point group: C1

    Geometry (in Angstrom), charge = 0, multiplicity = 1:

       Center              X                  Y                   Z               Mass       
    ------------   -----------------  -----------------  -----------------  -----------------
         C           -5.883520967881    -0.182575537789     0.671658129857    12.000000000000
         N           -5.495692346892    -1.408670773299     1.112693222590    14.003074004430
         C           -4.221326656862    -1.682847464916     1.013704117641    12.000000000000
         H           -3.893188421874    -2.661274030375     1.362596977646     1.007825032230
         C           -3.278788108267    -0.769936016207     0.481978608312    12.000000000000
         C           -1.899352752937    -1.038954709485     0.368685325705    12.000000000000
         C           -1.051169594158    -0.091896729482    -0.155567583046    12.000000000000
         N            0.317798500373    -0.402594689508    -0.237056339197    14.003074004430
         C            1.364708768747     0.365055545070    -0.692402743410    12.000000000000
         O            1.241958807658     1.476534136427    -1.158651880393    15.994914619570
         C            2.714766050553    -0.322747647255    -0.542643802835    12.000000000000
         C            3.847229338450     0.497515410756    -1.142083974178    12.000000000000
         S            5.480016533514    -0.275595083057    -0.964302904690    31.972071174400
         C            5.726996600621    -0.098028907348     0.821431331579    12.000000000000
         C           -1.572164315214     1.160116491752    -0.587125811440    12.000000000000
         H           -0.893265632966     1.892343557960    -0.997376186332     1.007825032230
         C           -2.908974409309     1.426818690447    -0.482164619648    12.000000000000
         C           -3.799759666027     0.470249687143     0.056901163324    12.000000000000
         N           -5.126804510002     0.750644746378     0.160740795054    14.003074004430
         H           -6.944185935626     0.031370338920     0.760111964823     1.007825032230
         H           -1.520642053523    -2.000468834410     0.704526042190     1.007825032230
         H            0.566766031413    -1.315287191988     0.110955166835     1.007825032230
         H            2.885511932248    -0.489288650925     0.526999471965     1.007825032230
         H            2.679803349489    -1.312228095477    -1.010951888160     1.007825032230
         H            3.697625959972     0.619147446095    -2.216178166389     1.007825032230
         H            3.869841681949     1.499585321520    -0.710317317568     1.007825032230
         H            5.072505743579    -0.756851692559     1.394533438973     1.007825032230
         H            5.575343910932     0.938186354772     1.130356639356     1.007825032230
         H            6.761062999392    -0.375722247555     1.027627723816     1.007825032230
         H           -3.313100837355     2.377360596107    -0.808676902379     1.007825032230

  Nuclear repulsion = 1179.939357249657860

  ==> Basis Set <==

  Basis Set: 6-311+G(D,P)
    Blend: 6-311+G(D,P)
    Number of shells: 226
    Number of basis functions: 460
    Number of Cartesian functions: 477
    Spherical Harmonics?: true
    Max angular momentum: 2

  ==> DFJKGrad: Density-Fitted SCF Gradients <==

    Gradient:                    1
    J tasked:                  Yes
    K tasked:                  Yes
    wK tasked:                 Yes
    Omega:               2.000E-01
    OpenMP threads:              8
    Integrals threads:           8
    Memory [MiB]:             5722
    Schwarz Cutoff:          1E-12
    Fitting Condition:       1E-10

   => Auxiliary Basis Set <=

  Basis Set: (6-311+G(D,P) AUX)
    Blend: HEAVY-AUG-CC-PVTZ-JKFIT
    Number of shells: 652
    Number of basis functions: 2200
    Number of Cartesian functions: 2731
    Spherical Harmonics?: true
    Max angular momentum: 4

  ==> DFT Potential <==

   => LibXC <=

    Version 7.0.0
    S. Lehtola, C. Steigemann, M. J.T. Oliveira, and M. A.L. Marques.,  SoftwareX 7, 1–5 (2018) (10.1016/j.softx.2017.11.002)

   => Composite Functional: WB97X-D <= 

    wB97X-D Hyb-GGA Exchange-Correlation Functional

    J.-D. Chai and M. Head-Gordon.,  Phys. Chem. Chem. Phys. 10, 6615-6620 (2008) (10.1039/B810189B)

    Deriv               =              1
    GGA                 =           TRUE
    Meta                =          FALSE

    Exchange Hybrid     =           TRUE
    MP2 Hybrid          =          FALSE

   => Exchange-Correlation Functionals <=

    1.0000   wB97X-D range-separated functional

   => Exact (HF) Exchange <=

    0.7780            HF,LR [omega = 0.2000]
    0.2220               HF 

   => LibXC Density Thresholds  <==

    XC_HYB_GGA_XC_WB97X_D:  1.00E-14 

   => Molecular Quadrature <=

    Radial Scheme          =       TREUTLER
    Pruning Scheme         =           NONE
    Nuclear Scheme         =       TREUTLER

    Blocking Scheme        =         OCTREE
    BS radius alpha        =              1
    Pruning alpha          =              1
    Radial Points          =             75
    Spherical Points       =            302
    Total Points           =         627603
    Total Blocks           =           4564
    Max Points             =            256
    Max Functions          =            323
    Weights Tolerance      =       1.00E-15


  -Total Gradient:
     Atom            X                  Y                   Z
    ------   -----------------  -----------------  -----------------
       1        0.000092938910    -0.000034059596     0.000008276565
       2       -0.000164590413    -0.000044396860     0.000096002539
       3        0.000132855665     0.000061765851    -0.000010013302
       4        0.000063592096    -0.000002926108     0.000091285792
       5       -0.000262033011     0.000354933732    -0.000000655609
       6        0.000270096385    -0.000020182996    -0.000063574786
       7       -0.000114187226    -0.000238903305    -0.000119603600
       8        0.000042377383    -0.000075224910     0.000025924674
       9        0.000272542459     0.000162397455     0.000744126613
      10       -0.000058071261     0.000023564092    -0.000338753906
      11       -0.000208751054     0.000049946892    -0.000478778182
      12        0.000078706576    -0.000109771252     0.000346837594
      13       -0.000090343338    -0.000056662335     0.000221726856
      14       -0.000337294992     0.000104618399    -0.000560820464
      15       -0.000035170195     0.000174328194    -0.000028410896
      16       -0.000005491264    -0.000050234913    -0.000027057320
      17        0.000149588930    -0.000052361701    -0.000056122619
      18        0.000168387617    -0.000420423938     0.000137430523
      19       -0.000072394611     0.000174778006    -0.000059865775
      20        0.000084431912    -0.000009321915     0.000015932206
      21       -0.000021495048     0.000060659998     0.000035456455
      22       -0.000008107939    -0.000068340058    -0.000048893667
      23       -0.000169314538    -0.000003655469    -0.000024410743
      24        0.000144118206    -0.000158541388    -0.000007184664
      25        0.000099123974    -0.000060313984    -0.000134065804
      26       -0.000041206846     0.000075048765    -0.000143305212
      27        0.000126064532    -0.000214033073    -0.000166936993
      28       -0.000143103822    -0.000028844950     0.000095383587
      29        0.000062864327    -0.000007130987    -0.000137201465
      30        0.000032796607    -0.000029381581    -0.000029336991


*** tstop() called on eristm01.eisai.local at Wed May 20 10:44:03 2026
Module time:
	user time   =     136.83 seconds =       2.28 minutes
	system time =       1.74 seconds =       0.03 minutes
	total time  =         19 seconds =       0.32 minutes
Total time:
	user time   =   55577.36 seconds =     926.29 minutes
	system time =    1946.84 seconds =      32.45 minutes
	total time  =       7909 seconds =     131.82 minutes

    			-----------------------------------------

    			 OPTKING 3.0: for geometry optimizations 

    			     By R.A. King, Bethel University     

    			        with contributions from          

    			    A.V. Copan, J. Cayton, A. Heide      

    			-----------------------------------------

    
	                            ===> Fragment 1 <== 

	 Z (Atomic Numbers)          Masses                          Geom                  
	       6.000000            12.000000        -11.11824328  -0.34501776   1.26924992 
	       7.000000            14.003074        -10.38535341  -2.66200196   2.10268545 
	       6.000000            12.000000         -7.97715127 -3.18012082  1.91562315   
	       1.000000             1.007825         -7.35705987 -5.02907906  2.57493511   
	       6.000000            12.000000         -6.19601155 -1.45496820  0.91080757   
	       6.000000            12.000000         -3.58925652 -1.96333986  0.69671429   
	       6.000000            12.000000         -1.98642264 -0.17365965 -0.29398013   
	       7.000000            14.003074          0.60055213 -0.76079370 -0.44797156   
	       6.000000            12.000000          2.57892581  0.68985500 -1.30845155   
	       8.000000            15.994915          2.34696201  2.79024513 -2.18953473   
	       6.000000            12.000000          5.13016433 -0.60990466 -1.02544817   
	       6.000000            12.000000          7.27020979  0.94016787 -2.15822592   
	      16.000000            31.972071         10.35573041 -0.52079923 -1.82226839   
	       6.000000            12.000000         10.82245510 -0.18524779  1.55228025   
	       6.000000            12.000000         -2.97095998  2.19230244 -1.10950698   
	       1.000000             1.007825         -1.68802740  3.57601106 -1.88476784   
	       6.000000            12.000000         -5.49716494  2.69629656 -0.91115908   
	       6.000000            12.000000         -7.18050511  0.88864312  0.10752761   
	       7.000000            14.003074         -9.68825642  1.41851299  0.30375608   
	       1.000000             1.007825        -13.12260958   0.05928135   1.43640344 
	       1.000000             1.007825         -2.87359702 -3.78033822  1.33136127   
	       1.000000             1.007825          1.07103258 -2.48553257  0.20967488   
	       1.000000             1.007825          5.45282728 -0.92462155  0.99588467   
	       1.000000             1.007825          5.06409440 -2.47975171 -1.91042219   
	       1.000000             1.007825          6.98750038  1.17001910 -4.18796978   
	       1.000000             1.007825          7.31294093  2.83380556 -1.34230519   
	       1.000000             1.007825          9.58564663 -1.43024242  2.63528627   
	       1.000000             1.007825         10.53587305   1.77291527   2.13606447 
	       1.000000             1.007825         12.77655739 -0.71001215  1.94193496   
	       1.000000             1.007825         -6.26085321  4.49256043 -1.52817787   

	 - Coordinate -           - BOHR/RAD -       - ANG/DEG -
	 H(2,4)           =         3.872549           2.049265
	 R(1,2)           =         2.569077           1.359497
	 R(1,19)          =         2.467201           1.305587
	 R(1,20)          =         2.051556           1.085637
	 R(2,3)           =         2.470400           1.307279
	 R(3,4)           =         2.058604           1.089367
	 R(3,5)           =         2.675493           1.415810
	 R(5,6)           =         2.664479           1.409982
	 R(5,18)          =         2.665896           1.410731
	 R(6,7)           =         2.598751           1.375200
	 R(6,21)          =         2.053394           1.086609
	 R(7,8)           =         2.657231           1.406146
	 R(7,15)          =         2.689270           1.423101
	 R(8,9)           =         2.599763           1.375736
	 R(8,22)          =         1.904882           1.008020
	 R(9,10)          =         2.289488           1.211545
	 R(9,11)          =         2.877201           1.522549
	 R(11,12)         =         2.875014           1.521392
	 R(11,23)         =         2.070977           1.095914
	 R(11,24)         =         2.069752           1.095265
	 R(12,13)         =         3.430412           1.815296
	 R(12,25)         =         2.062187           1.091263
	 R(12,26)         =         2.062381           1.091365
	 R(13,14)         =         3.423157           1.811457
	 R(14,27)         =         2.062185           1.091262
	 R(14,28)         =         2.063331           1.091868
	 R(14,29)         =         2.060516           1.090378
	 R(15,16)         =         2.039999           1.079521
	 R(15,17)         =         2.583614           1.367190
	 R(17,18)         =         2.671885           1.413900
	 R(17,30)         =         2.047070           1.083263
	 R(18,19)         =         2.570619           1.360313
	 B(1,2,3)         =         2.029378         116.274812
	 B(1,19,18)       =         2.035278         116.612868
	 B(2,1,19)        =         2.222144         127.319452
	 B(2,1,20)        =         2.015302         115.468308
	 B(2,3,4)         =         2.046266         117.242399
	 B(2,3,5)         =         2.143810         122.831272
	 B(3,5,6)         =         2.163317         123.948907
	 B(3,5,18)        =         2.019907         115.732133
	 B(4,3,5)         =         2.093109         119.926291
	 B(5,6,7)         =         2.097452         120.175144
	 B(5,6,21)        =         2.077126         119.010568
	 B(5,18,17)       =         2.068008         118.488143
	 B(5,18,19)       =         2.115852         121.229394
	 B(6,5,18)        =         2.099959         120.318776
	 B(6,7,8)         =         2.060529         118.059588
	 B(6,7,15)        =         2.089418         119.714818
	 B(7,6,21)        =         2.108600         120.813872
	 B(7,8,9)         =         2.261073         129.549955
	 B(7,8,22)        =         2.004804         114.866811
	 B(7,15,16)       =         2.073451         118.800006
	 B(7,15,17)       =         2.101689         120.417924
	 B(8,7,15)        =         2.133220         122.224498
	 B(8,9,10)        =         2.167817         124.206755
	 B(8,9,11)        =         1.971584         112.963431
	 B(9,8,22)        =         2.016997         115.565397
	 B(9,11,12)       =         1.958125         112.192285
	 B(9,11,23)       =         1.878429         107.626074
	 B(9,11,24)       =         1.915323         109.739942
	 B(10,9,11)       =         2.143760         122.828399
	 B(11,12,13)      =         1.983751         113.660548
	 B(11,12,25)      =         1.923948         110.234128
	 B(11,12,26)      =         1.933266         110.767993
	 B(12,11,23)      =         1.928925         110.519278
	 B(12,11,24)      =         1.920238         110.021511
	 B(12,13,14)      =         1.749173         100.220258
	 B(13,12,25)      =         1.841254         105.496078
	 B(13,12,26)      =         1.910979         109.491039
	 B(13,14,27)      =         1.957097         112.133389
	 B(13,14,28)      =         1.931578         110.671274
	 B(13,14,29)      =         1.865815         106.903331
	 B(15,17,18)      =         2.109839         120.884846
	 B(15,17,30)      =         2.109248         120.850998
	 B(16,15,17)      =         2.108045         120.782070
	 B(17,18,19)      =         2.099324         120.282378
	 B(18,17,30)      =         2.064098         118.264101
	 B(19,1,20)       =         2.045740         117.212240
	 B(23,11,24)      =         1.859814         106.559501
	 B(25,12,26)      =         1.864915         106.851775
	 B(27,14,28)      =         1.918844         109.941653
	 B(27,14,29)      =         1.892006         108.403953
	 B(28,14,29)      =         1.896432         108.657551
	 D(1,2,3,4)       =        -3.141639        -180.002657
	 D(1,2,3,5)       =         0.001177           0.067449
	 D(1,19,18,5)     =         0.000872           0.049965
	 D(1,19,18,17)    =         3.144359         180.158472
	 D(2,1,19,18)     =        -0.001195          -0.068485
	 D(2,3,5,6)       =         3.137476         179.764116
	 D(2,3,5,18)      =        -0.001393          -0.079789
	 D(3,2,1,19)      =         0.000180           0.010291
	 D(3,2,1,20)      =         3.141767         180.009993
	 D(3,5,6,7)       =        -3.136793        -179.725010
	 D(3,5,6,21)      =         0.000735           0.042112
	 D(3,5,18,17)     =        -3.143144        -180.088897
	 D(3,5,18,19)     =         0.000309           0.017713
	 D(4,3,5,6)       =        -0.002862          -0.163965
	 D(4,3,5,18)      =        -3.141730        -180.007870
	 D(5,6,7,8)       =         3.131943         179.447114
	 D(5,6,7,15)      =        -0.003151          -0.180531
	 D(5,18,17,15)    =        -0.002915          -0.167009
	 D(5,18,17,30)    =         3.140155         179.917641
	 D(6,5,18,17)     =         0.001066           0.061105
	 D(6,5,18,19)     =        -3.138665        -179.832285
	 D(6,7,8,9)       =        -3.120132        -178.770420
	 D(6,7,8,22)      =        -0.006875          -0.393889
	 D(6,7,15,16)     =        -3.140395        -179.931381
	 D(6,7,15,17)     =         0.001320           0.075613
	 D(7,6,5,18)      =         0.001956           0.112095
	 D(7,8,9,10)      =        -0.045953          -2.632920
	 D(7,8,9,11)      =         3.088257         176.944099
	 D(7,15,17,18)    =         0.001759           0.100765
	 D(7,15,17,30)    =        -3.141350        -179.986080
	 D(8,7,6,21)      =        -0.005511          -0.315752
	 D(8,7,15,16)     =         0.007977           0.457036
	 D(8,7,15,17)     =        -3.133494        -179.535969
	 D(8,9,11,12)     =         3.069557         175.872654
	 D(8,9,11,23)     =        -1.087973         -62.336281
	 D(8,9,11,24)     =         0.929234          53.241200
	 D(9,8,7,15)      =         0.014788           0.847305
	 D(9,11,12,13)    =        -3.155948        -180.822489
	 D(9,11,12,25)    =        -1.093161         -62.633524
	 D(9,11,12,26)    =         0.967173          55.414947
	 D(10,9,8,22)     =         3.124138         178.999900
	 D(10,9,11,12)    =        -0.079301          -4.543641
	 D(10,9,11,23)    =         2.046354         117.247424
	 D(10,9,11,24)    =        -2.219624        -127.175095
	 D(11,9,8,22)     =        -0.024837          -1.423082
	 D(11,12,13,14)   =        -1.225291         -70.203995
	 D(12,13,14,27)   =         1.238065          70.935914
	 D(12,13,14,28)   =        -0.911496         -52.224897
	 D(12,13,14,29)   =        -2.973871        -170.390281
	 D(13,12,11,23)   =         1.030692          59.054314
	 D(13,12,11,24)   =        -1.018409         -58.350542
	 D(14,13,12,25)   =         2.948050         168.910821
	 D(14,13,12,26)   =         0.946835          54.249677
	 D(15,7,6,21)     =         3.142581         180.056602
	 D(15,7,8,22)     =        -3.155139        -180.776164
	 D(15,17,18,19)   =         3.136835         179.727425
	 D(16,15,17,18)   =         3.143476         180.107900
	 D(16,15,17,30)   =         0.000367           0.021054
	 D(18,5,6,21)     =        -3.143701        -180.120783
	 D(18,19,1,20)    =        -3.142783        -180.068182
	 D(19,18,17,30)   =        -0.003280          -0.187926
	 D(23,11,12,25)   =         3.093479         177.243279
	 D(23,11,12,26)   =        -1.129372         -64.708250
	 D(24,11,12,25)   =         1.044377          59.838423
	 D(24,11,12,26)   =         3.104712         177.886894


	        --- Internal Coordinate Step in ANG or DEG, aJ/ANG or AJ/DEG ---
	-------------------------------------------------------------------------------
	           Coordinate      Previous         Force          Change          New 
	           ----------      --------        ------          ------        ------
	               H(2,4)       2.04926       -0.00037        0.00006       2.04932
	               R(1,2)       1.35950       -0.00018       -0.00009       1.35941
	              R(1,19)       1.30559       -0.00030        0.00025       1.30584
	              R(1,20)       1.08564        0.00065        0.00008       1.08572
	               R(2,3)       1.30728       -0.00028        0.00013       1.30741
	               R(3,4)       1.08937       -0.00006        0.00003       1.08940
	               R(3,5)       1.41581        0.00063       -0.00008       1.41573
	               R(5,6)       1.40998       -0.00044       -0.00001       1.40997
	              R(5,18)       1.41073        0.00250        0.00029       1.41102
	               R(6,7)       1.37520        0.00195        0.00008       1.37528
	              R(6,21)       1.08661        0.00048        0.00011       1.08672
	               R(7,8)       1.40615        0.00208        0.00020       1.40634
	              R(7,15)       1.42310        0.00006        0.00008       1.42319
	               R(8,9)       1.37574        0.00146        0.00018       1.37592
	              R(8,22)       1.00802       -0.00028       -0.00004       1.00798
	              R(9,10)       1.21154       -0.00137        0.00001       1.21156
	              R(9,11)       1.52255        0.00355        0.00037       1.52292
	             R(11,12)       1.52139        0.00203        0.00031       1.52170
	             R(11,23)       1.09591        0.00012        0.00006       1.09598
	             R(11,24)       1.09527       -0.00083       -0.00011       1.09516
	             R(12,13)       1.81530        0.00302        0.00070       1.81600
	             R(12,25)       1.09126       -0.00050       -0.00007       1.09119
	             R(12,26)       1.09137       -0.00053       -0.00008       1.09128
	             R(13,14)       1.81146        0.00455        0.00080       1.81226
	             R(14,27)       1.09126        0.00007        0.00008       1.09134
	             R(14,28)       1.09187       -0.00050       -0.00007       1.09180
	             R(14,29)       1.09038       -0.00027        0.00006       1.09044
	             R(15,16)       1.07952        0.00020        0.00006       1.07958
	             R(15,17)       1.36719        0.00175        0.00010       1.36729
	             R(17,18)       1.41390       -0.00037        0.00007       1.41397
	             R(17,30)       1.08326        0.00017        0.00009       1.08335
	             R(18,19)       1.36031       -0.00021       -0.00014       1.36017
	             B(1,2,3)     116.27481        0.00001        0.00835     116.28316
	           B(1,19,18)     116.61287        0.00001        0.00020     116.61307
	            B(2,1,19)     127.31945       -0.00001       -0.00813     127.31132
	            B(2,1,20)     115.46831        0.00000        0.02136     115.48967
	             B(2,3,4)     117.24240       -0.00000       -0.00822     117.23418
	             B(2,3,5)     122.83127       -0.00000        0.00155     122.83283
	             B(3,5,6)     123.94891        0.00001        0.00525     123.95416
	            B(3,5,18)     115.73213       -0.00001       -0.00820     115.72393
	             B(4,3,5)     119.92629        0.00000        0.00669     119.93298
	             B(5,6,7)     120.17514        0.00001        0.01284     120.18798
	            B(5,6,21)     119.01057       -0.00000        0.00436     119.01493
	           B(5,18,17)     118.48814       -0.00000       -0.01749     118.47065
	           B(5,18,19)     121.22939       -0.00000        0.00623     121.23562
	            B(6,5,18)     120.31878       -0.00000        0.00299     120.32176
	             B(6,7,8)     118.05959       -0.00001       -0.01554     118.04405
	            B(6,7,15)     119.71482       -0.00001       -0.01389     119.70093
	            B(7,6,21)     120.81387       -0.00000       -0.01693     120.79695
	             B(7,8,9)     129.54995        0.00002        0.04066     129.59062
	            B(7,8,22)     114.86681       -0.00001       -0.00456     114.86225
	           B(7,15,16)     118.80001       -0.00000        0.00659     118.80660
	           B(7,15,17)     120.41792        0.00001        0.00566     120.42359
	            B(8,7,15)     122.22450        0.00001        0.02991     122.25441
	            B(8,9,10)     124.20676       -0.00000       -0.00146     124.20530
	            B(8,9,11)     112.96343        0.00001        0.01327     112.97670
	            B(9,8,22)     115.56540       -0.00001       -0.03221     115.53319
	           B(9,11,12)     112.19229        0.00001        0.03377     112.22605
	           B(9,11,23)     107.62607        0.00001        0.09313     107.71920
	           B(9,11,24)     109.73994       -0.00001       -0.07704     109.66291
	           B(10,9,11)     122.82840       -0.00001       -0.01491     122.81349
	          B(11,12,13)     113.66055        0.00000       -0.05665     113.60390
	          B(11,12,25)     110.23413       -0.00002       -0.00248     110.23165
	          B(11,12,26)     110.76799        0.00001        0.01558     110.78357
	          B(12,11,23)     110.51928       -0.00000        0.00634     110.52562
	          B(12,11,24)     110.02151       -0.00001       -0.04003     109.98148
	          B(12,13,14)     100.22026        0.00004        0.04256     100.26282
	          B(13,12,25)     105.49608        0.00001        0.13003     105.62611
	          B(13,12,26)     109.49104       -0.00001       -0.06227     109.42877
	          B(13,14,27)     112.13339        0.00002        0.04666     112.18005
	          B(13,14,28)     110.67127       -0.00002       -0.06420     110.60708
	          B(13,14,29)     106.90333        0.00001        0.01333     106.91666
	          B(15,17,18)     120.88485       -0.00000        0.01001     120.89486
	          B(15,17,30)     120.85100        0.00000       -0.00204     120.84895
	          B(16,15,17)     120.78207       -0.00000       -0.01227     120.76980
	          B(17,18,19)     120.28238        0.00001        0.01131     120.29368
	          B(18,17,30)     118.26410       -0.00000       -0.00793     118.25617
	           B(19,1,20)     117.21224        0.00000       -0.01323     117.19901
	          B(23,11,24)     106.55950        0.00000       -0.01694     106.54256
	          B(25,12,26)     106.85178        0.00000       -0.01792     106.83385
	          B(27,14,28)     109.94165       -0.00000       -0.00759     109.93406
	          B(27,14,29)     108.40395        0.00000        0.02632     108.43028
	          B(28,14,29)     108.65755       -0.00000       -0.01372     108.64383
	           D(1,2,3,4)    -180.00266        0.00000        0.01266    -179.99000
	           D(1,2,3,5)       0.06745       -0.00000       -0.01065       0.05680
	         D(1,19,18,5)       0.04997       -0.00000       -0.01927       0.03070
	        D(1,19,18,17)     180.15847       -0.00000       -0.05137     180.10710
	         D(2,1,19,18)      -0.06848       -0.00000       -0.00328      -0.07177
	           D(2,3,5,6)     179.76412       -0.00000        0.00563     179.76975
	          D(2,3,5,18)      -0.07979       -0.00000       -0.00945      -0.08924
	          D(3,2,1,19)       0.01029        0.00000        0.01837       0.02866
	          D(3,2,1,20)     180.00999        0.00000       -0.00120     180.00879
	           D(3,5,6,7)    -179.72501       -0.00000       -0.09457    -179.81958
	          D(3,5,6,21)       0.04211        0.00000        0.00127       0.04338
	         D(3,5,18,17)    -180.08890        0.00000        0.05664    -180.03226
	         D(3,5,18,19)       0.01771        0.00000        0.02508       0.04279
	           D(4,3,5,6)      -0.16396       -0.00000       -0.01828      -0.18224
	          D(4,3,5,18)    -180.00787       -0.00000       -0.03336    -180.04123
	           D(5,6,7,8)     179.44711        0.00000        0.14085     179.58797
	          D(5,6,7,15)      -0.18053        0.00000        0.04625      -0.13429
	        D(5,18,17,15)      -0.16701        0.00000        0.02701      -0.13999
	        D(5,18,17,30)     179.91764       -0.00000       -0.00676     179.91088
	         D(6,5,18,17)       0.06111        0.00000        0.04214       0.10325
	         D(6,5,18,19)    -179.83228        0.00000        0.01058    -179.82170
	           D(6,7,8,9)    -178.77042       -0.00002       -0.41221    -179.18263
	          D(6,7,8,22)      -0.39389       -0.00002       -0.22479      -0.61868
	         D(6,7,15,16)    -179.93138        0.00000       -0.01234    -179.94373
	         D(6,7,15,17)       0.07561        0.00000        0.02292       0.09854
	          D(7,6,5,18)       0.11209       -0.00001       -0.07885       0.03325
	          D(7,8,9,10)      -2.63292       -0.00000        0.22917      -2.40375
	          D(7,8,9,11)     176.94410       -0.00001       -0.10328     176.84082
	        D(7,15,17,18)       0.10077       -0.00001       -0.05981       0.04095
	        D(7,15,17,30)    -179.98608       -0.00000       -0.02516    -180.01124
	          D(8,7,6,21)      -0.31575       -0.00000        0.04323      -0.27252
	         D(8,7,15,16)       0.45704       -0.00000       -0.11089       0.34614
	         D(8,7,15,17)    -179.53597        0.00000       -0.07563    -179.61160
	         D(8,9,11,12)     175.87265       -0.00001       -0.92455     174.94810
	         D(8,9,11,23)     -62.33628       -0.00000       -0.83222     -63.16850
	         D(8,9,11,24)      53.24120       -0.00000       -0.84154      52.39966
	          D(9,8,7,15)       0.84730       -0.00001       -0.31521       0.53209
	        D(9,11,12,13)    -180.82249        0.00001       -0.17399    -180.99648
	        D(9,11,12,25)     -62.63352        0.00001       -0.04731     -62.68083
	        D(9,11,12,26)      55.41495        0.00001       -0.06136      55.35358
	         D(10,9,8,22)     178.99990       -0.00001        0.04034     179.04024
	        D(10,9,11,12)      -4.54364       -0.00002       -1.25164      -5.79528
	        D(10,9,11,23)     117.24742       -0.00001       -1.15930     116.08812
	        D(10,9,11,24)    -127.17510       -0.00001       -1.16862    -128.34371
	         D(11,9,8,22)      -1.42308       -0.00002       -0.29211      -1.71519
	       D(11,12,13,14)     -70.20400       -0.00004       -3.25561     -73.45961
	       D(12,13,14,27)      70.93591       -0.00003       -2.90558      68.03034
	       D(12,13,14,28)     -52.22490       -0.00002       -2.88213     -55.10703
	       D(12,13,14,29)    -170.39028       -0.00001       -2.83846    -173.22874
	       D(13,12,11,23)      59.05431       -0.00001       -0.31942      58.73489
	       D(13,12,11,24)     -58.35054       -0.00001       -0.27804     -58.62858
	       D(14,13,12,25)     168.91082       -0.00002       -3.30730     165.60352
	       D(14,13,12,26)      54.24968       -0.00003       -3.32452      50.92515
	         D(15,7,6,21)     180.05660       -0.00000       -0.05137     180.00523
	         D(15,7,8,22)    -180.77616       -0.00001       -0.12780    -180.90396
	       D(15,17,18,19)     179.72742        0.00000        0.05826     179.78569
	       D(16,15,17,18)     180.10790       -0.00000       -0.02385     180.08405
	       D(16,15,17,30)       0.02105        0.00000        0.01080       0.03186
	         D(18,5,6,21)    -180.12078        0.00000        0.01699    -180.10379
	        D(18,19,1,20)    -180.06818       -0.00000        0.01658    -180.05160
	       D(19,18,17,30)      -0.18793        0.00000        0.02449      -0.16344
	       D(23,11,12,25)     177.24328       -0.00001       -0.19274     177.05054
	       D(23,11,12,26)     -64.70825       -0.00001       -0.20680     -64.91505
	       D(24,11,12,25)      59.83842       -0.00001       -0.15136      59.68706
	       D(24,11,12,26)     177.88689       -0.00001       -0.16542     177.72148
	-------------------------------------------------------------------------------

	                                 ==> Convergence Check <==                                  
    
	Measures of convergence in internal coordinates in au.
    
	Criteria marked as inactive (o), active & met (*), and active & unmet ( ).

	----------------------------------------------------------------------------------------------
	   Step    Total Energy     Delta E     Max Force     RMS Force      Max Disp      RMS Disp   
	----------------------------------------------------------------------------------------------
	  Convergence Criteria     1.00e-06 *    3.00e-04 *             o    1.20e-03 *             o
	----------------------------------------------------------------------------------------------
	     7   -1102.74816044    3.28e-05      5.52e-04      1.50e-04 o    5.80e-02      1.16e-02 o  ~
	----------------------------------------------------------------------------------------------

Next Geometry in Ang 
	Fragment 1 (Ang)

	    C  -5.8953995014  -0.1761159425   0.6590799030
	    N  -5.5158617212  -1.4119561639   1.0793603997
	    C  -4.2423668065  -1.6910646915   0.9811696709
	    H  -3.9211300576  -2.6775536032   1.3134964904
	    C  -3.2926818929  -0.7737873538   0.4703058473
	    C  -1.9141702972  -1.0479643323   0.3582502079
	    C  -1.0587334171  -0.0968833806  -0.1467912903
	    N   0.3086112811  -0.4149894518  -0.2303339020
	    C   1.3613731551   0.3506235441  -0.6760695434
	    O   1.2470874814   1.4694429427  -1.1266887718
	    C   2.7073520957  -0.3467077316  -0.5299082679
	    C   3.8435982716   0.4617299155  -1.1389576516
	    S   5.4715637800  -0.3228486380  -0.9600108281
	    C   5.7711148670  -0.0459038745   0.8057358587
	    C  -1.5714890070   1.1651592619  -0.5588430742
	    H  -0.8872273240   1.9007683297  -0.9540172778
	    C  -2.9072330999   1.4375743508  -0.4536979984
	    C  -3.8055173319   0.4767318663   0.0651181760
	    N  -5.1313670914   0.7622970918   0.1683123149
	    H  -6.9553778117   0.0420367781   0.7464934421
	    H  -1.5418539955  -2.0174695731   0.6782630030
	    H   0.5511799787  -1.3340235716   0.1051590240
	    H   2.8831827388  -0.5117104768   0.5392123708
	    H   2.6616425990  -1.3371886834  -0.9949102331
	    H   3.6901130194   0.5786136427  -2.2129594755
	    H   3.8758703113   1.4660049704  -0.7131841114
	    H   5.0908210795  -0.6228755418   1.4344944339
	    H   5.6909507236   1.0158371000   1.0471978699
	    H   6.7908721430  -0.3737886451   1.0098207089
	    H  -3.3049241698   2.3959718833  -0.7650972958


    Structure for next step:
    Molecular point group: c1
    Full point group: C1

    Geometry (in Angstrom), charge = 0, multiplicity = 1:

    C           -5.895399501410    -0.176115942468     0.659079903024
    N           -5.515861721216    -1.411956163934     1.079360399665
    C           -4.242366806504    -1.691064691518     0.981169670927
    H           -3.921130057606    -2.677553603170     1.313496490401
    C           -3.292681892907    -0.773787353841     0.470305847323
    C           -1.914170297210    -1.047964332270     0.358250207938
    C           -1.058733417141    -0.096883380623    -0.146791290266
    N            0.308611281061    -0.414989451842    -0.230333902047
    C            1.361373155117     0.350623544058    -0.676069543425
    O            1.247087481416     1.469442942728    -1.126688771836
    C            2.707352095749    -0.346707731645    -0.529908267948
    C            3.843598271610     0.461729915453    -1.138957651599
    S            5.471563779988    -0.322848637981    -0.960010828082
    C            5.771114867007    -0.045903874544     0.805735858726
    C           -1.571489007044     1.165159261890    -0.558843074206
    H           -0.887227323986     1.900768329691    -0.954017277838
    C           -2.907233099922     1.437574350767    -0.453697998430
    C           -3.805517331931     0.476731866336     0.065118176025
    N           -5.131367091404     0.762297091784     0.168312314904
    H           -6.955377811750     0.042036778116     0.746493442069
    H           -1.541853995535    -2.017469573069     0.678263002976
    H            0.551179978734    -1.334023571576     0.105159024018
    H            2.883182738815    -0.511710476834     0.539212370840
    H            2.661642599038    -1.337188683412    -0.994910233082
    H            3.690113019414     0.578613642742    -2.212959475549
    H            3.875870311311     1.466004970427    -0.713184111429
    H            5.090821079481    -0.622875541761     1.434494433930
    H            5.690950723596     1.015837099954     1.047197869896
    H            6.790872143045    -0.373788645064     1.009820708864
    H           -3.304924169815     2.395971883320    -0.765097295794


Scratch directory: /tmp/
gradient() will perform analytic gradient computation.
   => Libint2 <=

    Primary   basis highest AM E, G, H:  7, 6, 3
    Auxiliary basis highest AM E, G, H:  7, 7, 4
    Onebody   basis highest AM E, G, H:  -, -, -
    Solid Harmonics ordering:            Gaussian

*** tstart() called on eristm01.eisai.local
*** at Wed May 20 10:44:04 2026

   => Loading Basis Set <=

    Name: 6-311+G(D,P)
    Role: ORBITAL
    Keyword: BASIS
    atoms 1, 3, 5-7, 9, 11-12, 14-15, 17-18 entry C          line   129 file /home2/shbae/bucket/covalent/.pixi/envs/default/share/psi4/basis/6-311pg_d_p_.gbs 
    atoms 2, 8, 19                          entry N          line   150 file /home2/shbae/bucket/covalent/.pixi/envs/default/share/psi4/basis/6-311pg_d_p_.gbs 
    atoms 4, 16, 20-30                      entry H          line    42 file /home2/shbae/bucket/covalent/.pixi/envs/default/share/psi4/basis/6-311pg_d_p_.gbs 
    atoms 10                                entry O          line   171 file /home2/shbae/bucket/covalent/.pixi/envs/default/share/psi4/basis/6-311pg_d_p_.gbs 
    atoms 13                                entry S          line   429 file /home2/shbae/bucket/covalent/.pixi/envs/default/share/psi4/basis/6-311pg_d_p_.gbs 

   => WB97X-D: Empirical Dispersion <=

    Chai and Head-Gordon Dispersion Correction
    Chai, J.-D.; Head-Gordon, M. (2010), J. Chem. Phys., 132: 6615-6620

        s6 =       1.000000


         ---------------------------------------------------------
                                   SCF
               by Justin Turney, Rob Parrish, Andy Simmonett
                          and Daniel G. A. Smith
                              RKS Reference
                        8 Threads,   7629 MiB Core
         ---------------------------------------------------------

  ==> Geometry <==

    Molecular point group: c1
    Full point group: C1

    Geometry (in Angstrom), charge = 0, multiplicity = 1:

       Center              X                  Y                   Z               Mass       
    ------------   -----------------  -----------------  -----------------  -----------------
         C           -5.895399501410    -0.176115942468     0.659079903024    12.000000000000
         N           -5.515861721216    -1.411956163934     1.079360399665    14.003074004430
         C           -4.242366806504    -1.691064691518     0.981169670927    12.000000000000
         H           -3.921130057606    -2.677553603170     1.313496490401     1.007825032230
         C           -3.292681892907    -0.773787353841     0.470305847323    12.000000000000
         C           -1.914170297210    -1.047964332270     0.358250207938    12.000000000000
         C           -1.058733417141    -0.096883380623    -0.146791290266    12.000000000000
         N            0.308611281061    -0.414989451842    -0.230333902047    14.003074004430
         C            1.361373155117     0.350623544058    -0.676069543425    12.000000000000
         O            1.247087481416     1.469442942728    -1.126688771836    15.994914619570
         C            2.707352095749    -0.346707731645    -0.529908267948    12.000000000000
         C            3.843598271610     0.461729915453    -1.138957651599    12.000000000000
         S            5.471563779988    -0.322848637981    -0.960010828082    31.972071174400
         C            5.771114867007    -0.045903874544     0.805735858726    12.000000000000
         C           -1.571489007044     1.165159261890    -0.558843074206    12.000000000000
         H           -0.887227323986     1.900768329691    -0.954017277838     1.007825032230
         C           -2.907233099922     1.437574350767    -0.453697998430    12.000000000000
         C           -3.805517331931     0.476731866336     0.065118176025    12.000000000000
         N           -5.131367091404     0.762297091784     0.168312314904    14.003074004430
         H           -6.955377811750     0.042036778116     0.746493442069     1.007825032230
         H           -1.541853995535    -2.017469573069     0.678263002976     1.007825032230
         H            0.551179978734    -1.334023571576     0.105159024018     1.007825032230
         H            2.883182738815    -0.511710476834     0.539212370840     1.007825032230
         H            2.661642599038    -1.337188683412    -0.994910233082     1.007825032230
         H            3.690113019414     0.578613642742    -2.212959475549     1.007825032230
         H            3.875870311311     1.466004970427    -0.713184111429     1.007825032230
         H            5.090821079481    -0.622875541761     1.434494433930     1.007825032230
         H            5.690950723596     1.015837099954     1.047197869896     1.007825032230
         H            6.790872143045    -0.373788645064     1.009820708864     1.007825032230
         H           -3.304924169815     2.395971883320    -0.765097295794     1.007825032230

  Running in c1 symmetry.

  Rotational constants: A =      0.05564  B =      0.00430  C =      0.00409 [cm^-1]
  Rotational constants: A =   1668.18610  B =    128.99573  C =    122.64389 [MHz]
  Nuclear repulsion = 1179.312633373672043

  Charge       = 0
  Multiplicity = 1
  Electrons    = 130
  Nalpha       = 65
  Nbeta        = 65

  ==> Algorithm <==

  SCF Algorithm Type is DF.
  DIIS enabled.
  MOM disabled.
  Fractional occupation disabled.
  Guess Type is READ.
  Energy threshold   = 1.00e-08
  Density threshold  = 1.00e-08
  Integral threshold = 1.00e-12

  ==> Primary Basis <==

  Basis Set: 6-311+G(D,P)
    Blend: 6-311+G(D,P)
    Number of shells: 226
    Number of basis functions: 460
    Number of Cartesian functions: 477
    Spherical Harmonics?: true
    Max angular momentum: 2

  ==> DFT Potential <==

   => LibXC <=

    Version 7.0.0
    S. Lehtola, C. Steigemann, M. J.T. Oliveira, and M. A.L. Marques.,  SoftwareX 7, 1–5 (2018) (10.1016/j.softx.2017.11.002)

   => Composite Functional: WB97X-D <= 

    wB97X-D Hyb-GGA Exchange-Correlation Functional

    J.-D. Chai and M. Head-Gordon.,  Phys. Chem. Chem. Phys. 10, 6615-6620 (2008) (10.1039/B810189B)

    Deriv               =              1
    GGA                 =           TRUE
    Meta                =          FALSE

    Exchange Hybrid     =           TRUE
    MP2 Hybrid          =          FALSE

   => Exchange-Correlation Functionals <=

    1.0000   wB97X-D range-separated functional

   => Exact (HF) Exchange <=

    0.7780            HF,LR [omega = 0.2000]
    0.2220               HF 

   => LibXC Density Thresholds  <==

    XC_HYB_GGA_XC_WB97X_D:  1.00E-14 

   => Molecular Quadrature <=

    Radial Scheme          =       TREUTLER
    Pruning Scheme         =           NONE
    Nuclear Scheme         =       TREUTLER

    Blocking Scheme        =         OCTREE
    BS radius alpha        =              1
    Pruning alpha          =              1
    Radial Points          =             75
    Spherical Points       =            302
    Total Points           =         627681
    Total Blocks           =           4557
    Max Points             =            256
    Max Functions          =            324
    Weights Tolerance      =       1.00E-15

   => Loading Basis Set <=

    Name: (6-311+G(D,P) AUX)
    Role: JKFIT
    Keyword: DF_BASIS_SCF
    atoms 1, 3, 5-7, 9, 11-12, 14-15, 17-18 entry C          line   200 file /home2/shbae/bucket/covalent/.pixi/envs/default/share/psi4/basis/heavy-aug-cc-pvtz-jkfit.gbs 
    atoms 2, 8, 19                          entry N          line   262 file /home2/shbae/bucket/covalent/.pixi/envs/default/share/psi4/basis/heavy-aug-cc-pvtz-jkfit.gbs 
    atoms 4, 16, 20-30                      entry H          line   116 file /home2/shbae/bucket/covalent/.pixi/envs/default/share/psi4/basis/heavy-aug-cc-pvtz-jkfit.gbs 
    atoms 10                                entry O          line   324 file /home2/shbae/bucket/covalent/.pixi/envs/default/share/psi4/basis/heavy-aug-cc-pvtz-jkfit.gbs 
    atoms 13                                entry S          line   768 file /home2/shbae/bucket/covalent/.pixi/envs/default/share/psi4/basis/heavy-aug-cc-pvtz-jkfit.gbs 

   => Loading Basis Set <=

    Name: 6-311+G(D,P)
    Role: ORBITAL
    Keyword: BASIS
    atoms 1, 3, 5-7, 9, 11-12, 14-15, 17-18 entry C          line   129 file /home2/shbae/bucket/covalent/.pixi/envs/default/share/psi4/basis/6-311pg_d_p_.gbs 
    atoms 2, 8, 19                          entry N          line   150 file /home2/shbae/bucket/covalent/.pixi/envs/default/share/psi4/basis/6-311pg_d_p_.gbs 
    atoms 4, 16, 20-30                      entry H          line    42 file /home2/shbae/bucket/covalent/.pixi/envs/default/share/psi4/basis/6-311pg_d_p_.gbs 
    atoms 10                                entry O          line   171 file /home2/shbae/bucket/covalent/.pixi/envs/default/share/psi4/basis/6-311pg_d_p_.gbs 
    atoms 13                                entry S          line   429 file /home2/shbae/bucket/covalent/.pixi/envs/default/share/psi4/basis/6-311pg_d_p_.gbs 

  Reading orbitals from file /tmp/4_product.default.2248151.180.npy, no projection.

  ==> Integral Setup <==

  ==> DiskDFJK: Density-Fitted J/K Matrices <==

    J tasked:                  Yes
    K tasked:                  Yes
    wK tasked:                 Yes
    Omega:               2.000E-01
    OpenMP threads:              8
    Integrals threads:           8
    Memory [MiB]:             1476
    Algorithm:                Disk
    Integral Cache:           NONE
    Schwarz Cutoff:          1E-12
    Fitting Condition:       1E-10

   => Auxiliary Basis Set <=

  Basis Set: (6-311+G(D,P) AUX)
    Blend: HEAVY-AUG-CC-PVTZ-JKFIT
    Number of shells: 652
    Number of basis functions: 2200
    Number of Cartesian functions: 2731
    Spherical Harmonics?: true
    Max angular momentum: 4

  Cached 50.0% of DFT collocation blocks in 2.132 [GiB].

  Minimum eigenvalue in the overlap matrix is 4.8478228773E-07.
  Reciprocal condition number of the overlap matrix is 3.3572363208E-08.
    Using symmetric orthogonalization.

  ==> Pre-Iterations <==

  SCF Guess: Orbitals guess was supplied from a previous computation.

   -------------------------------------------------------
    Irrep   Nso     Nmo     Nalpha   Nbeta   Ndocc  Nsocc
   -------------------------------------------------------
     A        460     460      65      65      65       0
   -------------------------------------------------------
    Total     460     460      65      65      65       0
   -------------------------------------------------------

  ==> Iterations <==

                           Total Energy        Delta E     RMS |[F,P]|

   @DF-RKS iter   0: -1102.75663154798622   -1.10276e+03   3.80190e-04 
   @DF-RKS iter   1: -1102.74766937546678    8.96217e-03   4.60297e-05 DIIS
   @DF-RKS iter   2: -1102.74806332185653   -3.93946e-04   2.94653e-05 DIIS
   @DF-RKS iter   3: -1102.74815620181857   -9.28800e-05   1.19395e-05 DIIS
   @DF-RKS iter   4: -1102.74817599173298   -1.97899e-05   5.06608e-06 DIIS
   @DF-RKS iter   5: -1102.74817892109832   -2.92937e-06   1.60192e-06 DIIS
   @DF-RKS iter   6: -1102.74817925432399   -3.33226e-07   6.03105e-07 DIIS
   @DF-RKS iter   7: -1102.74817932351039   -6.91864e-08   2.33466e-07 DIIS
   @DF-RKS iter   8: -1102.74817933475674   -1.12464e-08   1.19537e-07 DIIS
   @DF-RKS iter   9: -1102.74817933689701   -2.14027e-09   3.31867e-08 DIIS
   @DF-RKS iter  10: -1102.74817933718396   -2.86946e-10   1.55724e-08 DIIS
   @DF-RKS iter  11: -1102.74817933722238   -3.84262e-11   4.64492e-09 DIIS
  Energy and wave function converged.


  ==> Post-Iterations <==

   Electrons on quadrature grid:
      Ntotal   =  129.9999406466 ; deviation = -5.935e-05 

    Orbital Energies [Eh]
    ---------------------

    Doubly Occupied:                                                      

       1A    -89.015428     2A    -19.242245     3A    -14.497131  
       4A    -14.445813     5A    -14.443213     6A    -10.419379  
       7A    -10.366424     8A    -10.356369     9A    -10.351932  
      10A    -10.343987    11A    -10.324166    12A    -10.322873  
      13A    -10.318803    14A    -10.317897    15A    -10.316244  
      16A    -10.310788    17A    -10.307641    18A     -8.055913  
      19A     -6.005425    20A     -6.001450    21A     -5.994565  
      22A     -1.177112    23A     -1.101855    24A     -1.073940  
      25A     -1.007567    26A     -0.975005    27A     -0.933503  
      28A     -0.894457    29A     -0.882495    30A     -0.860452  
      31A     -0.798796    32A     -0.777661    33A     -0.763137  
      34A     -0.733748    35A     -0.710947    36A     -0.685882  
      37A     -0.661855    38A     -0.650606    39A     -0.615004  
      40A     -0.609788    41A     -0.593756    42A     -0.570366  
      43A     -0.554038    44A     -0.546399    45A     -0.544760  
      46A     -0.538432    47A     -0.533413    48A     -0.525394  
      49A     -0.523792    50A     -0.514702    51A     -0.497396  
      52A     -0.494425    53A     -0.480652    54A     -0.463575  
      55A     -0.461907    56A     -0.445481    57A     -0.428163  
      58A     -0.404863    59A     -0.400714    60A     -0.395330  
      61A     -0.368232    62A     -0.351941    63A     -0.343673  
      64A     -0.312379    65A     -0.311286  

    Virtual:                                                              

      66A     -0.014787    67A      0.018981    68A      0.036842  
      69A      0.054668    70A      0.057536    71A      0.064642  
      72A      0.067927    73A      0.072956    74A      0.076797  
      75A      0.081396    76A      0.085938    77A      0.092860  
      78A      0.094766    79A      0.096375    80A      0.102731  
      81A      0.107741    82A      0.109919    83A      0.112357  
      84A      0.116737    85A      0.120493    86A      0.126114  
      87A      0.130895    88A      0.133190    89A      0.134750  
      90A      0.140504    91A      0.143582    92A      0.153546  
      93A      0.157129    94A      0.158692    95A      0.160723  
      96A      0.172200    97A      0.172540    98A      0.177758  
      99A      0.180350   100A      0.183808   101A      0.187964  
     102A      0.190516   103A      0.194492   104A      0.195896  
     105A      0.201826   106A      0.204472   107A      0.215015  
     108A      0.216939   109A      0.219454   110A      0.222398  
     111A      0.229779   112A      0.233393   113A      0.236167  
     114A      0.239558   115A      0.242788   116A      0.248280  
     117A      0.255990   118A      0.260898   119A      0.263444  
     120A      0.263885   121A      0.266390   122A      0.269099  
     123A      0.276292   124A      0.278987   125A      0.279114  
     126A      0.286139   127A      0.287195   128A      0.291109  
     129A      0.293931   130A      0.296774   131A      0.300418  
     132A      0.303513   133A      0.305149   134A      0.313956  
     135A      0.315183   136A      0.321174   137A      0.321706  
     138A      0.326515   139A      0.329525   140A      0.336697  
     141A      0.341411   142A      0.345490   143A      0.348359  
     144A      0.353727   145A      0.358466   146A      0.366962  
     147A      0.369527   148A      0.370709   149A      0.372803  
     150A      0.379042   151A      0.385524   152A      0.388494  
     153A      0.389104   154A      0.399749   155A      0.404543  
     156A      0.409369   157A      0.412600   158A      0.420355  
     159A      0.425440   160A      0.433618   161A      0.441545  
     162A      0.447174   163A      0.452434   164A      0.458664  
     165A      0.471047   166A      0.478649   167A      0.482762  
     168A      0.500601   169A      0.513557   170A      0.529134  
     171A      0.547919   172A      0.556041   173A      0.563796  
     174A      0.574731   175A      0.582773   176A      0.592668  
     177A      0.603799   178A      0.611002   179A      0.611311  
     180A      0.615048   181A      0.618704   182A      0.624426  
     183A      0.629577   184A      0.648455   185A      0.658662  
     186A      0.661094   187A      0.670471   188A      0.674470  
     189A      0.684208   190A      0.691681   191A      0.694376  
     192A      0.698392   193A      0.710316   194A      0.723160  
     195A      0.724162   196A      0.731470   197A      0.739748  
     198A      0.746483   199A      0.747889   200A      0.754203  
     201A      0.761845   202A      0.765318   203A      0.782523  
     204A      0.785409   205A      0.788446   206A      0.796235  
     207A      0.811029   208A      0.824695   209A      0.826410  
     210A      0.844720   211A      0.850886   212A      0.859546  
     213A      0.866975   214A      0.871757   215A      0.884918  
     216A      0.887662   217A      0.896232   218A      0.898759  
     219A      0.921120   220A      0.926584   221A      0.948605  
     222A      0.949967   223A      0.954377   224A      0.957709  
     225A      0.967252   226A      0.975829   227A      0.977692  
     228A      0.986234   229A      0.989191   230A      0.993421  
     231A      1.006826   232A      1.023229   233A      1.028459  
     234A      1.041371   235A      1.041792   236A      1.060804  
     237A      1.060940   238A      1.066479   239A      1.071378  
     240A      1.087134   241A      1.094929   242A      1.111033  
     243A      1.122185   244A      1.131334   245A      1.133882  
     246A      1.149748   247A      1.162272   248A      1.166001  
     249A      1.180633   250A      1.192719   251A      1.199823  
     252A      1.211418   253A      1.215056   254A      1.216363  
     255A      1.219101   256A      1.231009   257A      1.252541  
     258A      1.282230   259A      1.287341   260A      1.305299  
     261A      1.313383   262A      1.325838   263A      1.339550  
     264A      1.354042   265A      1.388496   266A      1.400631  
     267A      1.455219   268A      1.465992   269A      1.480066  
     270A      1.506983   271A      1.523253   272A      1.529292  
     273A      1.556437   274A      1.584516   275A      1.591271  
     276A      1.592806   277A      1.602709   278A      1.605386  
     279A      1.611553   280A      1.621474   281A      1.647122  
     282A      1.653409   283A      1.654682   284A      1.657471  
     285A      1.670694   286A      1.674201   287A      1.680396  
     288A      1.692279   289A      1.704938   290A      1.710340  
     291A      1.713434   292A      1.734548   293A      1.744524  
     294A      1.757967   295A      1.765633   296A      1.773197  
     297A      1.802600   298A      1.810626   299A      1.818853  
     300A      1.820745   301A      1.828137   302A      1.853731  
     303A      1.857918   304A      1.876739   305A      1.881182  
     306A      1.885962   307A      1.901978   308A      1.918585  
     309A      1.932228   310A      1.945540   311A      1.968519  
     312A      1.971942   313A      1.978064   314A      1.997195  
     315A      2.020926   316A      2.023566   317A      2.046712  
     318A      2.051238   319A      2.065590   320A      2.071233  
     321A      2.090901   322A      2.105841   323A      2.133762  
     324A      2.137575   325A      2.141984   326A      2.155903  
     327A      2.184439   328A      2.188514   329A      2.217216  
     330A      2.220793   331A      2.236844   332A      2.239193  
     333A      2.272465   334A      2.284825   335A      2.304391  
     336A      2.314404   337A      2.322718   338A      2.345975  
     339A      2.365282   340A      2.366663   341A      2.391766  
     342A      2.418068   343A      2.423875   344A      2.445398  
     345A      2.472822   346A      2.487660   347A      2.517812  
     348A      2.519107   349A      2.524230   350A      2.551086  
     351A      2.553931   352A      2.578679   353A      2.601345  
     354A      2.605461   355A      2.621305   356A      2.633832  
     357A      2.650268   358A      2.656055   359A      2.664384  
     360A      2.676803   361A      2.691562   362A      2.723427  
     363A      2.737537   364A      2.747258   365A      2.770539  
     366A      2.770815   367A      2.787207   368A      2.789268  
     369A      2.813855   370A      2.820811   371A      2.834730  
     372A      2.856679   373A      2.872932   374A      2.876076  
     375A      2.907538   376A      2.912233   377A      2.928457  
     378A      2.950620   379A      2.953384   380A      2.957677  
     381A      2.963277   382A      2.981192   383A      2.983200  
     384A      3.004471   385A      3.007579   386A      3.017569  
     387A      3.034848   388A      3.037822   389A      3.043797  
     390A      3.058653   391A      3.079834   392A      3.112150  
     393A      3.154925   394A      3.171844   395A      3.180155  
     396A      3.259291   397A      3.283683   398A      3.305156  
     399A      3.329933   400A      3.405865   401A      3.430582  
     402A      3.444675   403A      3.456004   404A      3.480041  
     405A      3.507226   406A      3.553305   407A      3.588333  
     408A      3.630855   409A      3.681417   410A      3.707548  
     411A      3.721063   412A      3.745915   413A      3.792760  
     414A      3.819211   415A      3.828421   416A      3.847144  
     417A      3.851017   418A      3.887769   419A      3.961404  
     420A      3.988714   421A      4.011503   422A      4.023425  
     423A      4.035571   424A      4.057631   425A      4.150295  
     426A      4.195963   427A      4.266708   428A      4.336757  
     429A      4.378043   430A      4.520990   431A      4.598670  
     432A      4.928646   433A      4.942574   434A      5.063914  
     435A      5.175082   436A      5.198825   437A      5.401390  
     438A      5.415916   439A      5.901654   440A      8.039410  
     441A     17.480272   442A     17.573669   443A     17.605096  
     444A     23.746063   445A     23.969305   446A     23.986109  
     447A     24.023647   448A     24.028211   449A     24.033706  
     450A     24.047299   451A     24.089052   452A     24.120870  
     453A     24.158144   454A     24.239604   455A     24.316469  
     456A     35.749032   457A     35.773585   458A     35.819431  
     459A     50.150194   460A    189.285400  

    Final Occupation by Irrep:
              A 
    DOCC [    65 ]
    NA   [    65 ]
    NB   [    65 ]

  @DF-RKS Final Energy: -1102.74817933722238

   => Energetics <=

    Nuclear Repulsion Energy =           1179.3126333736720426
    One-Electron Energy =               -3846.0815289792803924
    Two-Electron Energy =                1651.3506612739336106
    DFT Exchange-Correlation Energy =     -87.3124667345866357
    Empirical Dispersion Energy =          -0.0174782709612007
    VV10 Nonlocal Energy =                  0.0000000000000000
    Total Energy =                      -1102.7481793372223819

Computation Completed


Properties will be evaluated at   0.000000,   0.000000,   0.000000 [a0]

Properties computed using the SCF density matrix


 Multipole Moments:

 ------------------------------------------------------------------------------------
     Multipole            Electronic (a.u.)      Nuclear  (a.u.)        Total (a.u.)
 ------------------------------------------------------------------------------------

 L = 1.  Multiply by 2.5417464519 to convert [e a0] to [Debye]
 Dipole X            :         50.7351020          -49.6041787            1.1309232
 Dipole Y            :          6.6916059           -7.6677564           -0.9761505
 Dipole Z            :         32.9106764          -32.1366669            0.7740095
 Magnitude           :                                                    1.6825420

 ------------------------------------------------------------------------------------

*** tstop() called on eristm01.eisai.local at Wed May 20 10:44:55 2026
Module time:
	user time   =     364.10 seconds =       6.07 minutes
	system time =      15.86 seconds =       0.26 minutes
	total time  =         51 seconds =       0.85 minutes
Total time:
	user time   =   55953.17 seconds =     932.55 minutes
	system time =    1962.75 seconds =      32.71 minutes
	total time  =       7961 seconds =     132.68 minutes

*** tstart() called on eristm01.eisai.local
*** at Wed May 20 10:44:55 2026


         ------------------------------------------------------------
                                   SCF GRAD                          
                          Rob Parrish, Justin Turney,                
                       Andy Simmonett, and Alex Sokolov              
         ------------------------------------------------------------

  ==> Geometry <==

    Molecular point group: c1
    Full point group: C1

    Geometry (in Angstrom), charge = 0, multiplicity = 1:

       Center              X                  Y                   Z               Mass       
    ------------   -----------------  -----------------  -----------------  -----------------
         C           -5.895399501410    -0.176115942468     0.659079903024    12.000000000000
         N           -5.515861721216    -1.411956163934     1.079360399665    14.003074004430
         C           -4.242366806504    -1.691064691518     0.981169670927    12.000000000000
         H           -3.921130057606    -2.677553603170     1.313496490401     1.007825032230
         C           -3.292681892907    -0.773787353841     0.470305847323    12.000000000000
         C           -1.914170297210    -1.047964332270     0.358250207938    12.000000000000
         C           -1.058733417141    -0.096883380623    -0.146791290266    12.000000000000
         N            0.308611281061    -0.414989451842    -0.230333902047    14.003074004430
         C            1.361373155117     0.350623544058    -0.676069543425    12.000000000000
         O            1.247087481416     1.469442942728    -1.126688771836    15.994914619570
         C            2.707352095749    -0.346707731645    -0.529908267948    12.000000000000
         C            3.843598271610     0.461729915453    -1.138957651599    12.000000000000
         S            5.471563779988    -0.322848637981    -0.960010828082    31.972071174400
         C            5.771114867007    -0.045903874544     0.805735858726    12.000000000000
         C           -1.571489007044     1.165159261890    -0.558843074206    12.000000000000
         H           -0.887227323986     1.900768329691    -0.954017277838     1.007825032230
         C           -2.907233099922     1.437574350767    -0.453697998430    12.000000000000
         C           -3.805517331931     0.476731866336     0.065118176025    12.000000000000
         N           -5.131367091404     0.762297091784     0.168312314904    14.003074004430
         H           -6.955377811750     0.042036778116     0.746493442069     1.007825032230
         H           -1.541853995535    -2.017469573069     0.678263002976     1.007825032230
         H            0.551179978734    -1.334023571576     0.105159024018     1.007825032230
         H            2.883182738815    -0.511710476834     0.539212370840     1.007825032230
         H            2.661642599038    -1.337188683412    -0.994910233082     1.007825032230
         H            3.690113019414     0.578613642742    -2.212959475549     1.007825032230
         H            3.875870311311     1.466004970427    -0.713184111429     1.007825032230
         H            5.090821079481    -0.622875541761     1.434494433930     1.007825032230
         H            5.690950723596     1.015837099954     1.047197869896     1.007825032230
         H            6.790872143045    -0.373788645064     1.009820708864     1.007825032230
         H           -3.304924169815     2.395971883320    -0.765097295794     1.007825032230

  Nuclear repulsion = 1179.312633373672043

  ==> Basis Set <==

  Basis Set: 6-311+G(D,P)
    Blend: 6-311+G(D,P)
    Number of shells: 226
    Number of basis functions: 460
    Number of Cartesian functions: 477
    Spherical Harmonics?: true
    Max angular momentum: 2

  ==> DFJKGrad: Density-Fitted SCF Gradients <==

    Gradient:                    1
    J tasked:                  Yes
    K tasked:                  Yes
    wK tasked:                 Yes
    Omega:               2.000E-01
    OpenMP threads:              8
    Integrals threads:           8
    Memory [MiB]:             5722
    Schwarz Cutoff:          1E-12
    Fitting Condition:       1E-10

   => Auxiliary Basis Set <=

  Basis Set: (6-311+G(D,P) AUX)
    Blend: HEAVY-AUG-CC-PVTZ-JKFIT
    Number of shells: 652
    Number of basis functions: 2200
    Number of Cartesian functions: 2731
    Spherical Harmonics?: true
    Max angular momentum: 4

  ==> DFT Potential <==

   => LibXC <=

    Version 7.0.0
    S. Lehtola, C. Steigemann, M. J.T. Oliveira, and M. A.L. Marques.,  SoftwareX 7, 1–5 (2018) (10.1016/j.softx.2017.11.002)

   => Composite Functional: WB97X-D <= 

    wB97X-D Hyb-GGA Exchange-Correlation Functional

    J.-D. Chai and M. Head-Gordon.,  Phys. Chem. Chem. Phys. 10, 6615-6620 (2008) (10.1039/B810189B)

    Deriv               =              1
    GGA                 =           TRUE
    Meta                =          FALSE

    Exchange Hybrid     =           TRUE
    MP2 Hybrid          =          FALSE

   => Exchange-Correlation Functionals <=

    1.0000   wB97X-D range-separated functional

   => Exact (HF) Exchange <=

    0.7780            HF,LR [omega = 0.2000]
    0.2220               HF 

   => LibXC Density Thresholds  <==

    XC_HYB_GGA_XC_WB97X_D:  1.00E-14 

   => Molecular Quadrature <=

    Radial Scheme          =       TREUTLER
    Pruning Scheme         =           NONE
    Nuclear Scheme         =       TREUTLER

    Blocking Scheme        =         OCTREE
    BS radius alpha        =              1
    Pruning alpha          =              1
    Radial Points          =             75
    Spherical Points       =            302
    Total Points           =         627681
    Total Blocks           =           4557
    Max Points             =            256
    Max Functions          =            324
    Weights Tolerance      =       1.00E-15


  -Total Gradient:
     Atom            X                  Y                   Z
    ------   -----------------  -----------------  -----------------
       1       -0.000041438055    -0.000191583717     0.000114119966
       2       -0.000210196610    -0.000028223898     0.000095309768
       3        0.000224380381     0.000074224181    -0.000038310970
       4        0.000055868477    -0.000036165929     0.000078108006
       5       -0.000186455586     0.000156390097    -0.000027734958
       6        0.000175351973     0.000053151559    -0.000005272148
       7       -0.000115883009    -0.000154663575     0.000057719904
       8        0.000007920221    -0.000122992340     0.000178265873
       9        0.000133664104    -0.000173963732    -0.000175946038
      10        0.000041694353     0.000114701288    -0.000085644245
      11       -0.000003380363     0.000192497437    -0.000151955537
      12       -0.000062067086    -0.000170043587     0.000196796920
      13       -0.000147218767    -0.000059797201    -0.000019116774
      14       -0.000010838405    -0.000055727607    -0.000191393676
      15       -0.000073696399     0.000135749434    -0.000147169547
      16       -0.000019343697    -0.000017040282    -0.000001316114
      17        0.000135330175    -0.000070615200    -0.000021588863
      18       -0.000023361570    -0.000252109762     0.000112507877
      19        0.000088491213     0.000295106767    -0.000122319452
      20        0.000025701531     0.000023078951     0.000006491350
      21        0.000018831932    -0.000003447318     0.000043644569
      22        0.000024254838    -0.000013631551    -0.000066190955
      23       -0.000016752434    -0.000051764768    -0.000016847254
      24       -0.000017200767    -0.000101436228    -0.000015412433
      25        0.000043069354    -0.000068775263    -0.000104088202
      26       -0.000043241401     0.000015897174    -0.000077424203
      27        0.000074933600     0.000033994281     0.000071925360
      28        0.000036650108     0.000033646633    -0.000049588694
      29        0.000081413011     0.000000139171    -0.000025668266
      30        0.000005488303     0.000019991227    -0.000042982313


*** tstop() called on eristm01.eisai.local at Wed May 20 10:45:14 2026
Module time:
	user time   =     135.99 seconds =       2.27 minutes
	system time =       1.70 seconds =       0.03 minutes
	total time  =         19 seconds =       0.32 minutes
Total time:
	user time   =   56089.17 seconds =     934.82 minutes
	system time =    1964.45 seconds =      32.74 minutes
	total time  =       7980 seconds =     133.00 minutes

    			-----------------------------------------

    			 OPTKING 3.0: for geometry optimizations 

    			     By R.A. King, Bethel University     

    			        with contributions from          

    			    A.V. Copan, J. Cayton, A. Heide      

    			-----------------------------------------

    
	                            ===> Fragment 1 <== 

	 Z (Atomic Numbers)          Masses                          Geom                  
	       6.000000            12.000000        -11.14069046  -0.33281090   1.24548051 
	       7.000000            14.003074        -10.42346800  -2.66821045   2.03969555 
	       6.000000            12.000000         -8.01691139 -3.19564913  1.85414196   
	       1.000000             1.007825         -7.40986191 -5.05984300  2.48214863   
	       6.000000            12.000000         -6.22226700 -1.46224618  0.88874925   
	       6.000000            12.000000         -3.61725762 -1.98036558  0.67699478   
	       6.000000            12.000000         -2.00071620 -0.18308306 -0.27739534   
	       7.000000            14.003074          0.58319080 -0.78421641 -0.43526799   
	       6.000000            12.000000          2.57262242  0.66258247 -1.27758628   
	       8.000000            15.994915          2.35665379  2.77684472 -2.12913321   
	       6.000000            12.000000          5.11615399 -0.65518266 -1.00138150   
	       6.000000            12.000000          7.26334807  0.87254308 -2.15231803   
	      16.000000            31.972071         10.33975702 -0.61009551 -1.81415754   
	       6.000000            12.000000         10.90582654 -0.08674575  1.52262010   
	       6.000000            12.000000         -2.96968383  2.20183190 -1.05606036   
	       1.000000             1.007825         -1.67661665  3.59193157 -1.80283137   
	       6.000000            12.000000         -5.49387434  2.71662181 -0.85736496   
	       6.000000            12.000000         -7.19138552  0.90089266  0.12305552   
	       7.000000            14.003074         -9.69687845  1.44053273  0.31806418   
	       1.000000             1.007825        -13.14375916   0.07943800   1.41066816 
	       1.000000             1.007825         -2.91368178 -3.81246496  1.28173132   
	       1.000000             1.007825          1.04157921 -2.52093920  0.19872176   
	       1.000000             1.007825          5.44842575 -0.96699266  1.01896370   
	       1.000000             1.007825          5.02977556 -2.52692039 -1.88010786   
	       1.000000             1.007825          6.97330298  1.09342132 -4.18188734   
	       1.000000             1.007825          7.32433339  2.77034789 -1.34772265   
	       1.000000             1.007825          9.62025759 -1.17706418  2.71080161   
	       1.000000             1.007825         10.75433826   1.91965391   1.97891717 
	       1.000000             1.007825         12.83288850 -0.70635817  1.90828458   
	       1.000000             1.007825         -6.24540155  4.52773066 -1.44582435   

	 - Coordinate -           - BOHR/RAD -       - ANG/DEG -
	 H(2,4)           =         3.872660           2.049323
	 R(1,2)           =         2.568906           1.359406
	 R(1,19)          =         2.467679           1.305840
	 R(1,20)          =         2.051712           1.085719
	 R(2,3)           =         2.470655           1.307414
	 R(3,4)           =         2.058670           1.089401
	 R(3,5)           =         2.675335           1.415726
	 R(5,6)           =         2.664463           1.409973
	 R(5,18)          =         2.666440           1.411019
	 R(6,7)           =         2.598902           1.375280
	 R(6,21)          =         2.053610           1.086724
	 R(7,8)           =         2.657604           1.406344
	 R(7,15)          =         2.689431           1.423185
	 R(8,9)           =         2.600109           1.375918
	 R(8,22)          =         1.904802           1.007978
	 R(9,10)          =         2.289515           1.211559
	 R(9,11)          =         2.877907           1.522923
	 R(11,12)         =         2.875594           1.521699
	 R(11,23)         =         2.071093           1.095975
	 R(11,24)         =         2.069547           1.095157
	 R(12,13)         =         3.431743           1.816000
	 R(12,25)         =         2.062054           1.091192
	 R(12,26)         =         2.062221           1.091280
	 R(13,14)         =         3.424677           1.812261
	 R(14,27)         =         2.062343           1.091345
	 R(14,28)         =         2.063200           1.091799
	 R(14,29)         =         2.060637           1.090442
	 R(15,16)         =         2.040114           1.079582
	 R(15,17)         =         2.583801           1.367288
	 R(17,18)         =         2.672011           1.413967
	 R(17,30)         =         2.047240           1.083353
	 R(18,19)         =         2.570357           1.360174
	 B(1,2,3)         =         2.029524         116.283159
	 B(1,19,18)       =         2.035282         116.613072
	 B(2,1,19)        =         2.222002         127.311319
	 B(2,1,20)        =         2.015675         115.489671
	 B(2,3,4)         =         2.046122         117.234177
	 B(2,3,5)         =         2.143837         122.832825
	 B(3,5,6)         =         2.163408         123.954156
	 B(3,5,18)        =         2.019764         115.723931
	 B(4,3,5)         =         2.093225         119.932981
	 B(5,6,7)         =         2.097676         120.187979
	 B(5,6,21)        =         2.077202         119.014931
	 B(5,18,17)       =         2.067703         118.470653
	 B(5,18,19)       =         2.115961         121.235621
	 B(6,5,18)        =         2.100011         120.321763
	 B(6,7,8)         =         2.060257         118.044048
	 B(6,7,15)        =         2.089175         119.700931
	 B(7,6,21)        =         2.108304         120.796946
	 B(7,8,9)         =         2.261783         129.590619
	 B(7,8,22)        =         2.004724         114.862249
	 B(7,15,16)       =         2.073566         118.806598
	 B(7,15,17)       =         2.101788         120.423588
	 B(8,7,15)        =         2.133742         122.254411
	 B(8,9,10)        =         2.167791         124.205298
	 B(8,9,11)        =         1.971815         112.976697
	 B(9,8,22)        =         2.016435         115.533187
	 B(9,11,12)       =         1.958714         112.226054
	 B(9,11,23)       =         1.880055         107.719203
	 B(9,11,24)       =         1.913979         109.662907
	 B(10,9,11)       =         2.143500         122.813492
	 B(11,12,13)      =         1.982762         113.603901
	 B(11,12,25)      =         1.923905         110.231645
	 B(11,12,26)      =         1.933538         110.783572
	 B(12,11,23)      =         1.929036         110.525621
	 B(12,11,24)      =         1.919539         109.981483
	 B(12,13,14)      =         1.749916         100.262819
	 B(13,12,25)      =         1.843523         105.626108
	 B(13,12,26)      =         1.909892         109.428771
	 B(13,14,27)      =         1.957911         112.180046
	 B(13,14,28)      =         1.930458         110.607075
	 B(13,14,29)      =         1.866048         106.916661
	 B(15,17,18)      =         2.110013         120.894855
	 B(15,17,30)      =         2.109212         120.848953
	 B(16,15,17)      =         2.107831         120.769800
	 B(17,18,19)      =         2.099521         120.293683
	 B(18,17,30)      =         2.063960         118.256172
	 B(19,1,20)       =         2.045509         117.199007
	 B(23,11,24)      =         1.859518         106.542556
	 B(25,12,26)      =         1.864602         106.833852
	 B(27,14,28)      =         1.918711         109.934064
	 B(27,14,29)      =         1.892465         108.430276
	 B(28,14,29)      =         1.896193         108.643833
	 D(1,2,3,4)       =        -3.141418        -179.989995
	 D(1,2,3,5)       =         0.000991           0.056797
	 D(1,19,18,5)     =         0.000536           0.030700
	 D(1,19,18,17)    =         3.143462         180.107104
	 D(2,1,19,18)     =        -0.001253          -0.071769
	 D(2,3,5,6)       =         3.137574         179.769748
	 D(2,3,5,18)      =        -0.001557          -0.089237
	 D(3,2,1,19)      =         0.000500           0.028657
	 D(3,2,1,20)      =         3.141746         180.008788
	 D(3,5,6,7)       =        -3.138444        -179.819580
	 D(3,5,6,21)      =         0.000757           0.043378
	 D(3,5,18,17)     =        -3.142156        -180.032258
	 D(3,5,18,19)     =         0.000747           0.042789
	 D(4,3,5,6)       =        -0.003181          -0.182243
	 D(4,3,5,18)      =        -3.142312        -180.041228
	 D(5,6,7,8)       =         3.134401         179.587966
	 D(5,6,7,15)      =        -0.002344          -0.134286
	 D(5,18,17,15)    =        -0.002443          -0.139994
	 D(5,18,17,30)    =         3.140037         179.910879
	 D(6,5,18,17)     =         0.001802           0.103249
	 D(6,5,18,19)     =        -3.138481        -179.821705
	 D(6,7,8,9)       =        -3.127327        -179.182628
	 D(6,7,8,22)      =        -0.010798          -0.618680
	 D(6,7,15,16)     =        -3.140610        -179.943725
	 D(6,7,15,17)     =         0.001720           0.098535
	 D(7,6,5,18)      =         0.000580           0.033248
	 D(7,8,9,10)      =        -0.041953          -2.403749
	 D(7,8,9,11)      =         3.086455         176.840817
	 D(7,15,17,18)    =         0.000715           0.040954
	 D(7,15,17,30)    =        -3.141789        -180.011242
	 D(8,7,6,21)      =        -0.004756          -0.272518
	 D(8,7,15,16)     =         0.006041           0.346142
	 D(8,7,15,17)     =        -3.134814        -179.611598
	 D(8,9,11,12)     =         3.053420         174.948101
	 D(8,9,11,23)     =        -1.102498         -63.168501
	 D(8,9,11,24)     =         0.914547          52.399664
	 D(9,8,7,15)      =         0.009287           0.532090
	 D(9,11,12,13)    =        -3.158984        -180.996478
	 D(9,11,12,25)    =        -1.093987         -62.680832
	 D(9,11,12,26)    =         0.966102          55.353583
	 D(10,9,8,22)     =         3.124842         179.040239
	 D(10,9,11,12)    =        -0.101147          -5.795278
	 D(10,9,11,23)    =         2.026120         116.088120
	 D(10,9,11,24)    =        -2.240020        -128.343715
	 D(11,9,8,22)     =        -0.029936          -1.715194
	 D(11,12,13,14)   =        -1.282112         -73.459609
	 D(12,13,14,27)   =         1.187353          68.030336
	 D(12,13,14,28)   =        -0.961799         -55.107025
	 D(12,13,14,29)   =        -3.023412        -173.228739
	 D(13,12,11,23)   =         1.025117          58.734894
	 D(13,12,11,24)   =        -1.023262         -58.628585
	 D(14,13,12,25)   =         2.890327         165.603516
	 D(14,13,12,26)   =         0.888812          50.925153
	 D(15,7,6,21)     =         3.141684         180.005230
	 D(15,7,8,22)     =        -3.157370        -180.903962
	 D(15,17,18,19)   =         3.137852         179.785690
	 D(16,15,17,18)   =         3.143060         180.084051
	 D(16,15,17,30)   =         0.000556           0.031855
	 D(18,5,6,21)     =        -3.143404        -180.103794
	 D(18,19,1,20)    =        -3.142493        -180.051605
	 D(19,18,17,30)   =        -0.002853          -0.163437
	 D(23,11,12,25)   =         3.090115         177.050539
	 D(23,11,12,26)   =        -1.132981         -64.915045
	 D(24,11,12,25)   =         1.041736          59.687061
	 D(24,11,12,26)   =         3.101825         177.721476


	        --- Internal Coordinate Step in ANG or DEG, aJ/ANG or AJ/DEG ---
	-------------------------------------------------------------------------------
	           Coordinate      Previous         Force          Change          New 
	           ----------      --------        ------          ------        ------
	               H(2,4)       2.04932       -0.00057       -0.00026       2.04906
	               R(1,2)       1.35941       -0.00030       -0.00018       1.35923
	              R(1,19)       1.30584       -0.00211       -0.00012       1.30572
	              R(1,20)       1.08572        0.00011        0.00004       1.08576
	               R(2,3)       1.30741       -0.00090       -0.00007       1.30735
	               R(3,4)       1.08940       -0.00009       -0.00009       1.08931
	               R(3,5)       1.41573        0.00065        0.00005       1.41578
	               R(5,6)       1.40997       -0.00051       -0.00008       1.40990
	              R(5,18)       1.41102        0.00126        0.00034       1.41136
	               R(6,7)       1.37528        0.00120        0.00018       1.37546
	              R(6,21)       1.08672       -0.00010        0.00000       1.08673
	               R(7,8)       1.40634       -0.00061       -0.00007       1.40628
	              R(7,15)       1.42319       -0.00110       -0.00018       1.42301
	               R(8,9)       1.37592       -0.00074       -0.00009       1.37583
	              R(8,22)       1.00798        0.00016       -0.00000       1.00798
	              R(9,10)       1.21156       -0.00124       -0.00011       1.21145
	              R(9,11)       1.52292        0.00102        0.00035       1.52327
	             R(11,12)       1.52170        0.00151        0.00035       1.52205
	             R(11,23)       1.09598       -0.00007       -0.00008       1.09589
	             R(11,24)       1.09516       -0.00052       -0.00010       1.09506
	             R(12,13)       1.81600        0.00014        0.00024       1.81624
	             R(12,25)       1.09119       -0.00039       -0.00009       1.09110
	             R(12,26)       1.09128       -0.00033       -0.00006       1.09123
	             R(13,14)       1.81226       -0.00024        0.00012       1.81238
	             R(14,27)       1.09134       -0.00006       -0.00006       1.09129
	             R(14,28)       1.09180       -0.00032       -0.00005       1.09175
	             R(14,29)       1.09044       -0.00055       -0.00012       1.09032
	             R(15,16)       1.07958        0.00018        0.00006       1.07964
	             R(15,17)       1.36729        0.00041        0.00008       1.36737
	             R(17,18)       1.41397       -0.00082       -0.00009       1.41388
	             R(17,30)       1.08335       -0.00032       -0.00004       1.08331
	             R(18,19)       1.36017       -0.00015       -0.00012       1.36005
	             B(1,2,3)     116.28316        0.00001        0.02568     116.30884
	           B(1,19,18)     116.61307        0.00001        0.02513     116.63820
	            B(2,1,19)     127.31132       -0.00000       -0.02435     127.28696
	            B(2,1,20)     115.48967        0.00000        0.01262     115.50229
	             B(2,3,4)     117.23418        0.00000       -0.01137     117.22281
	             B(2,3,5)     122.83283       -0.00000       -0.00185     122.83098
	             B(3,5,6)     123.95416        0.00001        0.02260     123.97676
	            B(3,5,18)     115.72393       -0.00001       -0.01770     115.70623
	             B(4,3,5)     119.93298        0.00000        0.01322     119.94620
	             B(5,6,7)     120.18798       -0.00000       -0.00096     120.18702
	            B(5,6,21)     119.01493        0.00000        0.00174     119.01667
	           B(5,18,17)     118.47065        0.00000        0.00289     118.47354
	           B(5,18,19)     121.23562       -0.00000       -0.00692     121.22870
	            B(6,5,18)     120.32176       -0.00000       -0.00491     120.31685
	             B(6,7,8)     118.04405        0.00001        0.03296     118.07701
	            B(6,7,15)     119.70093        0.00000       -0.00296     119.69797
	            B(7,6,21)     120.79695        0.00000       -0.00086     120.79608
	             B(7,8,9)     129.59062       -0.00001       -0.02908     129.56154
	            B(7,8,22)     114.86225        0.00000        0.00383     114.86608
	           B(7,15,16)     118.80660       -0.00000       -0.01493     118.79167
	           B(7,15,17)     120.42359        0.00000        0.01604     120.43963
	            B(8,7,15)     122.25441       -0.00001       -0.03003     122.22438
	            B(8,9,10)     124.20530       -0.00001       -0.03826     124.16704
	            B(8,9,11)     112.97670        0.00001        0.04147     113.01817
	            B(9,8,22)     115.53319        0.00001        0.02297     115.55615
	           B(9,11,12)     112.22605       -0.00000       -0.00522     112.22083
	           B(9,11,23)     107.71920        0.00000       -0.02124     107.69796
	           B(9,11,24)     109.66291        0.00000        0.01050     109.67341
	           B(10,9,11)     122.81349       -0.00000       -0.00249     122.81101
	          B(11,12,13)     113.60390       -0.00001       -0.00692     113.59698
	          B(11,12,25)     110.23165        0.00001        0.02819     110.25983
	          B(11,12,26)     110.78357       -0.00000       -0.03217     110.75140
	          B(12,11,23)     110.52562       -0.00000       -0.01812     110.50750
	          B(12,11,24)     109.98148        0.00000       -0.00032     109.98116
	          B(12,13,14)     100.26282       -0.00003       -0.08434     100.17848
	          B(13,12,25)     105.62611        0.00001        0.01080     105.63691
	          B(13,12,26)     109.42877        0.00000       -0.02681     109.40196
	          B(13,14,27)     112.18005       -0.00002       -0.08017     112.09988
	          B(13,14,28)     110.60708        0.00000        0.02001     110.62708
	          B(13,14,29)     106.91666        0.00000       -0.00060     106.91606
	          B(15,17,18)     120.89486       -0.00000       -0.01020     120.88465
	          B(15,17,30)     120.84895        0.00000        0.01331     120.86227
	          B(16,15,17)     120.76980       -0.00000       -0.00110     120.76870
	          B(17,18,19)     120.29368        0.00000        0.00402     120.29771
	          B(18,17,30)     118.25617        0.00000       -0.00312     118.25306
	           B(19,1,20)     117.19901        0.00000        0.01174     117.21075
	          B(23,11,24)     106.54256        0.00000        0.03633     106.57888
	          B(25,12,26)     106.83385       -0.00000        0.03161     106.86546
	          B(27,14,28)     109.93406        0.00000        0.01432     109.94839
	          B(27,14,29)     108.43028        0.00000        0.00770     108.43798
	          B(28,14,29)     108.64383        0.00000        0.04183     108.68567
	           D(1,2,3,4)    -179.99000        0.00000        0.00768    -179.98231
	           D(1,2,3,5)       0.05680        0.00000        0.00695       0.06375
	         D(1,19,18,5)       0.03070        0.00000        0.00862       0.03932
	        D(1,19,18,17)     180.10710        0.00000        0.01876     180.12587
	         D(2,1,19,18)      -0.07177       -0.00000       -0.00663      -0.07840
	           D(2,3,5,6)     179.76975       -0.00000       -0.00670     179.76305
	          D(2,3,5,18)      -0.08924       -0.00000       -0.00473      -0.09397
	          D(3,2,1,19)       0.02866       -0.00000       -0.00113       0.02753
	          D(3,2,1,20)     180.00879        0.00000        0.01440     180.02319
	           D(3,5,6,7)    -179.81958        0.00000        0.04614    -179.77344
	          D(3,5,6,21)       0.04338        0.00000        0.01164       0.05502
	         D(3,5,18,17)    -180.03226       -0.00000       -0.01339    -180.04564
	         D(3,5,18,19)       0.04279       -0.00000       -0.00343       0.03936
	           D(4,3,5,6)      -0.18224       -0.00000       -0.00744      -0.18968
	          D(4,3,5,18)    -180.04123       -0.00000       -0.00547    -180.04670
	           D(5,6,7,8)     179.58797       -0.00000       -0.04573     179.54223
	          D(5,6,7,15)      -0.13429       -0.00000       -0.03844      -0.17272
	        D(5,18,17,15)      -0.13999       -0.00000       -0.02659      -0.16658
	        D(5,18,17,30)     179.91088       -0.00000       -0.02177     179.88911
	         D(6,5,18,17)       0.10325       -0.00000       -0.01153       0.09172
	         D(6,5,18,19)    -179.82170       -0.00000       -0.00158    -179.82328
	           D(6,7,8,9)    -179.18263        0.00000        0.14703    -179.03559
	          D(6,7,8,22)      -0.61868        0.00000        0.03424      -0.58444
	         D(6,7,15,16)    -179.94373        0.00000        0.04971    -179.89402
	         D(6,7,15,17)       0.09854       -0.00000        0.00040       0.09894
	          D(7,6,5,18)       0.03325        0.00000        0.04407       0.07732
	          D(7,8,9,10)      -2.40375       -0.00000        0.00930      -2.39445
	          D(7,8,9,11)     176.84082        0.00000        0.07307     176.91388
	        D(7,15,17,18)       0.04095        0.00000        0.03249       0.07344
	        D(7,15,17,30)    -180.01124        0.00000        0.02754    -179.98371
	          D(8,7,6,21)      -0.27252       -0.00000       -0.01061      -0.28313
	         D(8,7,15,16)       0.34614        0.00000        0.05713       0.40327
	         D(8,7,15,17)    -179.61160       -0.00000        0.00783    -179.60377
	         D(8,9,11,12)     174.94810        0.00000        0.06361     175.01171
	         D(8,9,11,23)     -63.16850       -0.00000        0.02322     -63.14528
	         D(8,9,11,24)      52.39966        0.00000        0.06011      52.45978
	          D(9,8,7,15)       0.53209        0.00000        0.13963       0.67172
	        D(9,11,12,13)    -180.99648       -0.00000        0.02398    -180.97250
	        D(9,11,12,25)     -62.68083        0.00000        0.05279     -62.62804
	        D(9,11,12,26)      55.35358        0.00000        0.08957      55.44315
	         D(10,9,8,22)     179.04024        0.00000        0.12296     179.16320
	        D(10,9,11,12)      -5.79528        0.00000        0.12607      -5.66921
	        D(10,9,11,23)     116.08812        0.00000        0.08568     116.17380
	        D(10,9,11,24)    -128.34371        0.00000        0.12257    -128.22114
	         D(11,9,8,22)      -1.71519        0.00001        0.18673      -1.52847
	       D(11,12,13,14)     -73.45961        0.00002        1.15916     -72.30045
	       D(12,13,14,27)      68.03034       -0.00000        0.01201      68.04235
	       D(12,13,14,28)     -55.10703        0.00000        0.03613     -55.07089
	       D(12,13,14,29)    -173.22874       -0.00000       -0.02464    -173.25338
	       D(13,12,11,23)      58.73489       -0.00000        0.06703      58.80192
	       D(13,12,11,24)     -58.62858       -0.00000        0.03360     -58.59498
	       D(14,13,12,25)     165.60352        0.00001        1.12097     166.72449
	       D(14,13,12,26)      50.92515        0.00001        1.09134      52.01649
	         D(15,7,6,21)     180.00523       -0.00000       -0.00331     180.00192
	         D(15,7,8,22)    -180.90396        0.00000        0.02684    -180.87712
	       D(15,17,18,19)     179.78569       -0.00000       -0.03646     179.74923
	       D(16,15,17,18)     180.08405       -0.00000       -0.01779     180.06626
	       D(16,15,17,30)       0.03186       -0.00000       -0.02275       0.00911
	         D(18,5,6,21)    -180.10379        0.00000        0.00956    -180.09423
	        D(18,19,1,20)    -180.05160       -0.00000       -0.02239    -180.07399
	       D(19,18,17,30)      -0.16344       -0.00000       -0.03164      -0.19507
	       D(23,11,12,25)     177.05054        0.00000        0.09584     177.14638
	       D(23,11,12,26)     -64.91505        0.00000        0.13262     -64.78243
	       D(24,11,12,25)      59.68706        0.00000        0.06242      59.74948
	       D(24,11,12,26)     177.72148        0.00000        0.09920     177.82067
	-------------------------------------------------------------------------------

	                                 ==> Convergence Check <==                                  
    
	Measures of convergence in internal coordinates in au.
    
	Criteria marked as inactive (o), active & met (*), and active & unmet ( ).

	----------------------------------------------------------------------------------------------
	   Step    Total Energy     Delta E     Max Force     RMS Force      Max Disp      RMS Disp   
	----------------------------------------------------------------------------------------------
	  Convergence Criteria     1.00e-06 *    3.00e-04 *             o    1.20e-03 *             o
	----------------------------------------------------------------------------------------------
	     8   -1102.74817934   -1.89e-05      4.58e-04      7.78e-05 o    2.02e-02      2.89e-03 o  ~
	----------------------------------------------------------------------------------------------

Next Geometry in Ang 
	Fragment 1 (Ang)

	    C  -5.8922970300  -0.1777788191   0.6615697315
	    N  -5.5107721919  -1.4107778884   1.0877810934
	    C  -4.2371718167  -1.6892357673   0.9900077418
	    H  -3.9150240859  -2.6736988841   1.3271183331
	    C  -3.2887121093  -0.7736692642   0.4736928270
	    C  -1.9100104879  -1.0465745484   0.3618405245
	    C  -1.0560437040  -0.0964721491  -0.1479969011
	    N   0.3118695948  -0.4120812980  -0.2305530208
	    C   1.3627181767   0.3550578303  -0.6779072130
	    O   1.2449626573   1.4725374904  -1.1306597047
	    C   2.7110015358  -0.3386713446  -0.5322408723
	    C   3.8448836757   0.4731118518  -1.1421135464
	    S   5.4752020289  -0.3073905917  -0.9643708808
	    C   5.7569881059  -0.0602679200   0.8088328148
	    C  -1.5708332766   1.1626381687  -0.5658240924
	    H  -0.8877086101   1.8970027463  -0.9654079006
	    C  -2.9069905943   1.4338132630  -0.4617294387
	    C  -3.8035691279   0.4744355539   0.0624708448
	    N  -5.1296025797   0.7586883373   0.1653444184
	    H  -6.9524420809   0.0397469796   0.7490390146
	    H  -1.5361243300  -2.0140003647   0.6862979749
	    H   0.5564833038  -1.3291953307   0.1086843889
	    H   2.8877505332  -0.5021877583   0.5368727790
	    H   2.6680009299  -1.3293129941  -0.9969322763
	    H   3.6905014484   0.5904830394  -2.2158438487
	    H   3.8750056207   1.4768294461  -0.7150120479
	    H   5.0732765251  -0.6522075735   1.4196180261
	    H   5.6687810008   0.9964346227   1.0686874479
	    H   6.7761537427  -0.3872094378   1.0166979571
	    H  -3.3062768544   2.3899126261  -0.7779641741


    Structure for next step:
    Molecular point group: c1
    Full point group: C1

    Geometry (in Angstrom), charge = 0, multiplicity = 1:

    C           -5.892297030031    -0.177778819061     0.661569731497
    N           -5.510772191935    -1.410777888424     1.087781093356
    C           -4.237171816701    -1.689235767291     0.990007741838
    H           -3.915024085925    -2.673698884099     1.327118333055
    C           -3.288712109343    -0.773669264186     0.473692827039
    C           -1.910010487948    -1.046574548408     0.361840524516
    C           -1.056043703951    -0.096472149103    -0.147996901092
    N            0.311869594847    -0.412081298009    -0.230553020789
    C            1.362718176688     0.355057830309    -0.677907213024
    O            1.244962657346     1.472537490366    -1.130659704698
    C            2.711001535847    -0.338671344559    -0.532240872350
    C            3.844883675746     0.473111851826    -1.142113546396
    S            5.475202028930    -0.307390591737    -0.964370880817
    C            5.756988105870    -0.060267920031     0.808832814774
    C           -1.570833276621     1.162638168689    -0.565824092446
    H           -0.887708610099     1.897002746264    -0.965407900605
    C           -2.906990594340     1.433813263030    -0.461729438677
    C           -3.803569127885     0.474435553874     0.062470844849
    N           -5.129602579746     0.758688337346     0.165344418442
    H           -6.952442080940     0.039746979589     0.749039014638
    H           -1.536124329974    -2.014000364683     0.686297974917
    H            0.556483303819    -1.329195330696     0.108684388879
    H            2.887750533169    -0.502187758292     0.536872778955
    H            2.668000929904    -1.329312994083    -0.996932276308
    H            3.690501448422     0.590483039391    -2.215843848747
    H            3.875005620691     1.476829446116    -0.715012047851
    H            5.073276525053    -0.652207573457     1.419618026131
    H            5.668781000774     0.996434622665     1.068687447919
    H            6.776153742740    -0.387209437783     1.016697957126
    H           -3.306276854405     2.389912626147    -0.777964174132


Scratch directory: /tmp/
gradient() will perform analytic gradient computation.
   => Libint2 <=

    Primary   basis highest AM E, G, H:  7, 6, 3
    Auxiliary basis highest AM E, G, H:  7, 7, 4
    Onebody   basis highest AM E, G, H:  -, -, -
    Solid Harmonics ordering:            Gaussian

*** tstart() called on eristm01.eisai.local
*** at Wed May 20 10:45:15 2026

   => Loading Basis Set <=

    Name: 6-311+G(D,P)
    Role: ORBITAL
    Keyword: BASIS
    atoms 1, 3, 5-7, 9, 11-12, 14-15, 17-18 entry C          line   129 file /home2/shbae/bucket/covalent/.pixi/envs/default/share/psi4/basis/6-311pg_d_p_.gbs 
    atoms 2, 8, 19                          entry N          line   150 file /home2/shbae/bucket/covalent/.pixi/envs/default/share/psi4/basis/6-311pg_d_p_.gbs 
    atoms 4, 16, 20-30                      entry H          line    42 file /home2/shbae/bucket/covalent/.pixi/envs/default/share/psi4/basis/6-311pg_d_p_.gbs 
    atoms 10                                entry O          line   171 file /home2/shbae/bucket/covalent/.pixi/envs/default/share/psi4/basis/6-311pg_d_p_.gbs 
    atoms 13                                entry S          line   429 file /home2/shbae/bucket/covalent/.pixi/envs/default/share/psi4/basis/6-311pg_d_p_.gbs 

   => WB97X-D: Empirical Dispersion <=

    Chai and Head-Gordon Dispersion Correction
    Chai, J.-D.; Head-Gordon, M. (2010), J. Chem. Phys., 132: 6615-6620

        s6 =       1.000000


         ---------------------------------------------------------
                                   SCF
               by Justin Turney, Rob Parrish, Andy Simmonett
                          and Daniel G. A. Smith
                              RKS Reference
                        8 Threads,   7629 MiB Core
         ---------------------------------------------------------

  ==> Geometry <==

    Molecular point group: c1
    Full point group: C1

    Geometry (in Angstrom), charge = 0, multiplicity = 1:

       Center              X                  Y                   Z               Mass       
    ------------   -----------------  -----------------  -----------------  -----------------
         C           -5.892297030031    -0.177778819061     0.661569731497    12.000000000000
         N           -5.510772191935    -1.410777888424     1.087781093356    14.003074004430
         C           -4.237171816701    -1.689235767291     0.990007741838    12.000000000000
         H           -3.915024085925    -2.673698884099     1.327118333055     1.007825032230
         C           -3.288712109343    -0.773669264186     0.473692827039    12.000000000000
         C           -1.910010487948    -1.046574548408     0.361840524516    12.000000000000
         C           -1.056043703951    -0.096472149103    -0.147996901092    12.000000000000
         N            0.311869594847    -0.412081298009    -0.230553020789    14.003074004430
         C            1.362718176688     0.355057830309    -0.677907213024    12.000000000000
         O            1.244962657346     1.472537490366    -1.130659704698    15.994914619570
         C            2.711001535847    -0.338671344559    -0.532240872350    12.000000000000
         C            3.844883675746     0.473111851826    -1.142113546396    12.000000000000
         S            5.475202028930    -0.307390591737    -0.964370880817    31.972071174400
         C            5.756988105870    -0.060267920031     0.808832814774    12.000000000000
         C           -1.570833276621     1.162638168689    -0.565824092446    12.000000000000
         H           -0.887708610099     1.897002746264    -0.965407900605     1.007825032230
         C           -2.906990594340     1.433813263030    -0.461729438677    12.000000000000
         C           -3.803569127885     0.474435553874     0.062470844849    12.000000000000
         N           -5.129602579746     0.758688337346     0.165344418442    14.003074004430
         H           -6.952442080940     0.039746979589     0.749039014638     1.007825032230
         H           -1.536124329974    -2.014000364683     0.686297974917     1.007825032230
         H            0.556483303819    -1.329195330696     0.108684388879     1.007825032230
         H            2.887750533169    -0.502187758292     0.536872778955     1.007825032230
         H            2.668000929904    -1.329312994083    -0.996932276308     1.007825032230
         H            3.690501448422     0.590483039391    -2.215843848747     1.007825032230
         H            3.875005620691     1.476829446116    -0.715012047851     1.007825032230
         H            5.073276525053    -0.652207573457     1.419618026131     1.007825032230
         H            5.668781000774     0.996434622665     1.068687447919     1.007825032230
         H            6.776153742740    -0.387209437783     1.016697957126     1.007825032230
         H           -3.306276854405     2.389912626147    -0.777964174132     1.007825032230

  Running in c1 symmetry.

  Rotational constants: A =      0.05559  B =      0.00431  C =      0.00409 [cm^-1]
  Rotational constants: A =   1666.66998  B =    129.12150  C =    122.71245 [MHz]
  Nuclear repulsion = 1179.489288457117937

  Charge       = 0
  Multiplicity = 1
  Electrons    = 130
  Nalpha       = 65
  Nbeta        = 65

  ==> Algorithm <==

  SCF Algorithm Type is DF.
  DIIS enabled.
  MOM disabled.
  Fractional occupation disabled.
  Guess Type is READ.
  Energy threshold   = 1.00e-08
  Density threshold  = 1.00e-08
  Integral threshold = 1.00e-12

  ==> Primary Basis <==

  Basis Set: 6-311+G(D,P)
    Blend: 6-311+G(D,P)
    Number of shells: 226
    Number of basis functions: 460
    Number of Cartesian functions: 477
    Spherical Harmonics?: true
    Max angular momentum: 2

  ==> DFT Potential <==

   => LibXC <=

    Version 7.0.0
    S. Lehtola, C. Steigemann, M. J.T. Oliveira, and M. A.L. Marques.,  SoftwareX 7, 1–5 (2018) (10.1016/j.softx.2017.11.002)

   => Composite Functional: WB97X-D <= 

    wB97X-D Hyb-GGA Exchange-Correlation Functional

    J.-D. Chai and M. Head-Gordon.,  Phys. Chem. Chem. Phys. 10, 6615-6620 (2008) (10.1039/B810189B)

    Deriv               =              1
    GGA                 =           TRUE
    Meta                =          FALSE

    Exchange Hybrid     =           TRUE
    MP2 Hybrid          =          FALSE

   => Exchange-Correlation Functionals <=

    1.0000   wB97X-D range-separated functional

   => Exact (HF) Exchange <=

    0.7780            HF,LR [omega = 0.2000]
    0.2220               HF 

   => LibXC Density Thresholds  <==

    XC_HYB_GGA_XC_WB97X_D:  1.00E-14 

   => Molecular Quadrature <=

    Radial Scheme          =       TREUTLER
    Pruning Scheme         =           NONE
    Nuclear Scheme         =       TREUTLER

    Blocking Scheme        =         OCTREE
    BS radius alpha        =              1
    Pruning alpha          =              1
    Radial Points          =             75
    Spherical Points       =            302
    Total Points           =         627664
    Total Blocks           =           4561
    Max Points             =            256
    Max Functions          =            323
    Weights Tolerance      =       1.00E-15

   => Loading Basis Set <=

    Name: (6-311+G(D,P) AUX)
    Role: JKFIT
    Keyword: DF_BASIS_SCF
    atoms 1, 3, 5-7, 9, 11-12, 14-15, 17-18 entry C          line   200 file /home2/shbae/bucket/covalent/.pixi/envs/default/share/psi4/basis/heavy-aug-cc-pvtz-jkfit.gbs 
    atoms 2, 8, 19                          entry N          line   262 file /home2/shbae/bucket/covalent/.pixi/envs/default/share/psi4/basis/heavy-aug-cc-pvtz-jkfit.gbs 
    atoms 4, 16, 20-30                      entry H          line   116 file /home2/shbae/bucket/covalent/.pixi/envs/default/share/psi4/basis/heavy-aug-cc-pvtz-jkfit.gbs 
    atoms 10                                entry O          line   324 file /home2/shbae/bucket/covalent/.pixi/envs/default/share/psi4/basis/heavy-aug-cc-pvtz-jkfit.gbs 
    atoms 13                                entry S          line   768 file /home2/shbae/bucket/covalent/.pixi/envs/default/share/psi4/basis/heavy-aug-cc-pvtz-jkfit.gbs 

   => Loading Basis Set <=

    Name: 6-311+G(D,P)
    Role: ORBITAL
    Keyword: BASIS
    atoms 1, 3, 5-7, 9, 11-12, 14-15, 17-18 entry C          line   129 file /home2/shbae/bucket/covalent/.pixi/envs/default/share/psi4/basis/6-311pg_d_p_.gbs 
    atoms 2, 8, 19                          entry N          line   150 file /home2/shbae/bucket/covalent/.pixi/envs/default/share/psi4/basis/6-311pg_d_p_.gbs 
    atoms 4, 16, 20-30                      entry H          line    42 file /home2/shbae/bucket/covalent/.pixi/envs/default/share/psi4/basis/6-311pg_d_p_.gbs 
    atoms 10                                entry O          line   171 file /home2/shbae/bucket/covalent/.pixi/envs/default/share/psi4/basis/6-311pg_d_p_.gbs 
    atoms 13                                entry S          line   429 file /home2/shbae/bucket/covalent/.pixi/envs/default/share/psi4/basis/6-311pg_d_p_.gbs 

  Reading orbitals from file /tmp/4_product.default.2248151.180.npy, no projection.

  ==> Integral Setup <==

  ==> DiskDFJK: Density-Fitted J/K Matrices <==

    J tasked:                  Yes
    K tasked:                  Yes
    wK tasked:                 Yes
    Omega:               2.000E-01
    OpenMP threads:              8
    Integrals threads:           8
    Memory [MiB]:             1476
    Algorithm:                Disk
    Integral Cache:           NONE
    Schwarz Cutoff:          1E-12
    Fitting Condition:       1E-10

   => Auxiliary Basis Set <=

  Basis Set: (6-311+G(D,P) AUX)
    Blend: HEAVY-AUG-CC-PVTZ-JKFIT
    Number of shells: 652
    Number of basis functions: 2200
    Number of Cartesian functions: 2731
    Spherical Harmonics?: true
    Max angular momentum: 4

  Cached 50.0% of DFT collocation blocks in 2.103 [GiB].

  Minimum eigenvalue in the overlap matrix is 4.8553873384E-07.
  Reciprocal condition number of the overlap matrix is 3.3624481544E-08.
    Using symmetric orthogonalization.

  ==> Pre-Iterations <==

  SCF Guess: Orbitals guess was supplied from a previous computation.

   -------------------------------------------------------
    Irrep   Nso     Nmo     Nalpha   Nbeta   Ndocc  Nsocc
   -------------------------------------------------------
     A        460     460      65      65      65       0
   -------------------------------------------------------
    Total     460     460      65      65      65       0
   -------------------------------------------------------

  ==> Iterations <==

                           Total Energy        Delta E     RMS |[F,P]|

   @DF-RKS iter   0: -1102.74497251958110   -1.10274e+03   1.04446e-04 
   @DF-RKS iter   1: -1102.74815278344408   -3.18026e-03   1.16813e-05 DIIS
   @DF-RKS iter   2: -1102.74818122464535   -2.84412e-05   6.66041e-06 DIIS
   @DF-RKS iter   3: -1102.74818600883441   -4.78419e-06   3.26281e-06 DIIS
   @DF-RKS iter   4: -1102.74818746303731   -1.45420e-06   1.16266e-06 DIIS
   @DF-RKS iter   5: -1102.74818763558164   -1.72544e-07   4.19182e-07 DIIS
   @DF-RKS iter   6: -1102.74818765967188   -2.40902e-08   1.43578e-07 DIIS
   @DF-RKS iter   7: -1102.74818766445605   -4.78417e-09   5.59747e-08 DIIS
   @DF-RKS iter   8: -1102.74818766517319   -7.17137e-10   2.50860e-08 DIIS
   @DF-RKS iter   9: -1102.74818766527437   -1.01181e-10   9.69183e-09 DIIS
  Energy and wave function converged.


  ==> Post-Iterations <==

   Electrons on quadrature grid:
      Ntotal   =  129.9999224797 ; deviation = -7.752e-05 

    Orbital Energies [Eh]
    ---------------------

    Doubly Occupied:                                                      

       1A    -89.015477     2A    -19.242254     3A    -14.497183  
       4A    -14.445752     5A    -14.443156     6A    -10.419445  
       7A    -10.366427     8A    -10.356338     9A    -10.351906  
      10A    -10.343979    11A    -10.324212    12A    -10.322895  
      13A    -10.318922    14A    -10.317931    15A    -10.316302  
      16A    -10.310707    17A    -10.307610    18A     -8.055954  
      19A     -6.005464    20A     -6.001497    21A     -5.994604  
      22A     -1.177239    23A     -1.101877    24A     -1.073973  
      25A     -1.007555    26A     -0.974982    27A     -0.933555  
      28A     -0.894436    29A     -0.882453    30A     -0.860415  
      31A     -0.798857    32A     -0.777671    33A     -0.763223  
      34A     -0.733729    35A     -0.711005    36A     -0.685854  
      37A     -0.661889    38A     -0.650615    39A     -0.615062  
      40A     -0.609846    41A     -0.593834    42A     -0.570355  
      43A     -0.554060    44A     -0.546471    45A     -0.544809  
      46A     -0.538438    47A     -0.533474    48A     -0.525441  
      49A     -0.523775    50A     -0.514687    51A     -0.497499  
      52A     -0.494566    53A     -0.480560    54A     -0.463534  
      55A     -0.461874    56A     -0.445592    57A     -0.428167  
      58A     -0.404888    59A     -0.400863    60A     -0.395286  
      61A     -0.368187    62A     -0.351907    63A     -0.343585  
      64A     -0.312372    65A     -0.311330  

    Virtual:                                                              

      66A     -0.014794    67A      0.018998    68A      0.036735  
      69A      0.054699    70A      0.057500    71A      0.064678  
      72A      0.067918    73A      0.072948    74A      0.076776  
      75A      0.081412    76A      0.085948    77A      0.092847  
      78A      0.094804    79A      0.096372    80A      0.102782  
      81A      0.107744    82A      0.109901    83A      0.112246  
      84A      0.116759    85A      0.120543    86A      0.126148  
      87A      0.130898    88A      0.133281    89A      0.134793  
      90A      0.140442    91A      0.143665    92A      0.153527  
      93A      0.157101    94A      0.158717    95A      0.160812  
      96A      0.172159    97A      0.172507    98A      0.177645  
      99A      0.180346   100A      0.183676   101A      0.188024  
     102A      0.190384   103A      0.194558   104A      0.195735  
     105A      0.201732   106A      0.204451   107A      0.214887  
     108A      0.216752   109A      0.219393   110A      0.222405  
     111A      0.229865   112A      0.233433   113A      0.236152  
     114A      0.239395   115A      0.242750   116A      0.248140  
     117A      0.256075   118A      0.260927   119A      0.263371  
     120A      0.263688   121A      0.266333   122A      0.268760  
     123A      0.276290   124A      0.279067   125A      0.279157  
     126A      0.286162   127A      0.287161   128A      0.291063  
     129A      0.293906   130A      0.296769   131A      0.300470  
     132A      0.303513   133A      0.305081   134A      0.313921  
     135A      0.315177   136A      0.321352   137A      0.321490  
     138A      0.326392   139A      0.329606   140A      0.336888  
     141A      0.341422   142A      0.345343   143A      0.348248  
     144A      0.353680   145A      0.358421   146A      0.366777  
     147A      0.369746   148A      0.370499   149A      0.372836  
     150A      0.379112   151A      0.385688   152A      0.388585  
     153A      0.389210   154A      0.399756   155A      0.404564  
     156A      0.409247   157A      0.412494   158A      0.419526  
     159A      0.425360   160A      0.433529   161A      0.441677  
     162A      0.447081   163A      0.453094   164A      0.458568  
     165A      0.471442   166A      0.478687   167A      0.483046  
     168A      0.500371   169A      0.513126   170A      0.528889  
     171A      0.547863   172A      0.556097   173A      0.563977  
     174A      0.574790   175A      0.582764   176A      0.592351  
     177A      0.603758   178A      0.610769   179A      0.611379  
     180A      0.615048   181A      0.618454   182A      0.624299  
     183A      0.630219   184A      0.648489   185A      0.658677  
     186A      0.661081   187A      0.670510   188A      0.674440  
     189A      0.684165   190A      0.691618   191A      0.693929  
     192A      0.698221   193A      0.710324   194A      0.723348  
     195A      0.724285   196A      0.731414   197A      0.740008  
     198A      0.746563   199A      0.748683   200A      0.754241  
     201A      0.761881   202A      0.765534   203A      0.782217  
     204A      0.785371   205A      0.788490   206A      0.796252  
     207A      0.811023   208A      0.824895   209A      0.826138  
     210A      0.844787   211A      0.850898   212A      0.859801  
     213A      0.866457   214A      0.871883   215A      0.885208  
     216A      0.887634   217A      0.896221   218A      0.898878  
     219A      0.920926   220A      0.926770   221A      0.948766  
     222A      0.949980   223A      0.954310   224A      0.957668  
     225A      0.967725   226A      0.975878   227A      0.977771  
     228A      0.986229   229A      0.989221   230A      0.993689  
     231A      1.006822   232A      1.022915   233A      1.028489  
     234A      1.041383   235A      1.041858   236A      1.060683  
     237A      1.060913   238A      1.066453   239A      1.071426  
     240A      1.087181   241A      1.095038   242A      1.111478  
     243A      1.122248   244A      1.131260   245A      1.133702  
     246A      1.147419   247A      1.161792   248A      1.166008  
     249A      1.180726   250A      1.192925   251A      1.199424  
     252A      1.211608   253A      1.215081   254A      1.216408  
     255A      1.219263   256A      1.231083   257A      1.251995  
     258A      1.282181   259A      1.287313   260A      1.305322  
     261A      1.313145   262A      1.325650   263A      1.339671  
     264A      1.354148   265A      1.388144   266A      1.400700  
     267A      1.455370   268A      1.465998   269A      1.479966  
     270A      1.507477   271A      1.523258   272A      1.529918  
     273A      1.556551   274A      1.584505   275A      1.591202  
     276A      1.592674   277A      1.602671   278A      1.605444  
     279A      1.611535   280A      1.621383   281A      1.647083  
     282A      1.653542   283A      1.655257   284A      1.657594  
     285A      1.670607   286A      1.674208   287A      1.679898  
     288A      1.692387   289A      1.705087   290A      1.709981  
     291A      1.713383   292A      1.734507   293A      1.744661  
     294A      1.757949   295A      1.765463   296A      1.773208  
     297A      1.802339   298A      1.810486   299A      1.818964  
     300A      1.821169   301A      1.827951   302A      1.853306  
     303A      1.857956   304A      1.876719   305A      1.880922  
     306A      1.885651   307A      1.902017   308A      1.918405  
     309A      1.932393   310A      1.945483   311A      1.968582  
     312A      1.972065   313A      1.978113   314A      1.997751  
     315A      2.021146   316A      2.023560   317A      2.046682  
     318A      2.051065   319A      2.064962   320A      2.071555  
     321A      2.090803   322A      2.105215   323A      2.133677  
     324A      2.137763   325A      2.141941   326A      2.156267  
     327A      2.184497   328A      2.188470   329A      2.217276  
     330A      2.220410   331A      2.237007   332A      2.239183  
     333A      2.272133   334A      2.284991   335A      2.304134  
     336A      2.314494   337A      2.322785   338A      2.346498  
     339A      2.365252   340A      2.366878   341A      2.391955  
     342A      2.418097   343A      2.423766   344A      2.445391  
     345A      2.472795   346A      2.487498   347A      2.517867  
     348A      2.519174   349A      2.524409   350A      2.551063  
     351A      2.553855   352A      2.578669   353A      2.601565  
     354A      2.604916   355A      2.620988   356A      2.633265  
     357A      2.650253   358A      2.657412   359A      2.664371  
     360A      2.675957   361A      2.691622   362A      2.723458  
     363A      2.737588   364A      2.748131   365A      2.770605  
     366A      2.770911   367A      2.787248   368A      2.789431  
     369A      2.813908   370A      2.821245   371A      2.834713  
     372A      2.856618   373A      2.872885   374A      2.876097  
     375A      2.907512   376A      2.912295   377A      2.928942  
     378A      2.950649   379A      2.953674   380A      2.958296  
     381A      2.963313   382A      2.981009   383A      2.983498  
     384A      3.004650   385A      3.007655   386A      3.017720  
     387A      3.034944   388A      3.037754   389A      3.043837  
     390A      3.058646   391A      3.079980   392A      3.112059  
     393A      3.155042   394A      3.171827   395A      3.179989  
     396A      3.259060   397A      3.283695   398A      3.305178  
     399A      3.329031   400A      3.405722   401A      3.430654  
     402A      3.444725   403A      3.455979   404A      3.479945  
     405A      3.507232   406A      3.553317   407A      3.588390  
     408A      3.630931   409A      3.681325   410A      3.707545  
     411A      3.721189   412A      3.746268   413A      3.792837  
     414A      3.819649   415A      3.828859   416A      3.847066  
     417A      3.851197   418A      3.888081   419A      3.961526  
     420A      3.988792   421A      4.011539   422A      4.023270  
     423A      4.035645   424A      4.057667   425A      4.150106  
     426A      4.195771   427A      4.266801   428A      4.336356  
     429A      4.378126   430A      4.521060   431A      4.598289  
     432A      4.928647   433A      4.942606   434A      5.064000  
     435A      5.175149   436A      5.198903   437A      5.401953  
     438A      5.416286   439A      5.901841   440A      8.038379  
     441A     17.480149   442A     17.573896   443A     17.604805  
     444A     23.746134   445A     23.968991   446A     23.985940  
     447A     24.023751   448A     24.028442   449A     24.033594  
     450A     24.047379   451A     24.089328   452A     24.120901  
     453A     24.157718   454A     24.239234   455A     24.316413  
     456A     35.749088   457A     35.773731   458A     35.819712  
     459A     50.150211   460A    189.284152  

    Final Occupation by Irrep:
              A 
    DOCC [    65 ]
    NA   [    65 ]
    NB   [    65 ]

  @DF-RKS Final Energy: -1102.74818766527437

   => Energetics <=

    Nuclear Repulsion Energy =           1179.4892884571179366
    One-Electron Energy =               -3846.4321687421697789
    Two-Electron Energy =                1651.5248782241126264
    DFT Exchange-Correlation Energy =     -87.3126919015524123
    Empirical Dispersion Energy =          -0.0174937027829320
    VV10 Nonlocal Energy =                  0.0000000000000000
    Total Energy =                      -1102.7481876652743722

Computation Completed


Properties will be evaluated at   0.000000,   0.000000,   0.000000 [a0]

Properties computed using the SCF density matrix


 Multipole Moments:

 ------------------------------------------------------------------------------------
     Multipole            Electronic (a.u.)      Nuclear  (a.u.)        Total (a.u.)
 ------------------------------------------------------------------------------------

 L = 1.  Multiply by 2.5417464519 to convert [e a0] to [Debye]
 Dipole X            :         50.4105491          -49.2811194            1.1294297
 Dipole Y            :          6.1716679           -7.1549325           -0.9832646
 Dipole Z            :         33.0761312          -32.2986965            0.7774348
 Magnitude           :                                                    1.6872539

 ------------------------------------------------------------------------------------

*** tstop() called on eristm01.eisai.local at Wed May 20 10:46:01 2026
Module time:
	user time   =     318.17 seconds =       5.30 minutes
	system time =      14.08 seconds =       0.23 minutes
	total time  =         46 seconds =       0.77 minutes
Total time:
	user time   =   56418.43 seconds =     940.31 minutes
	system time =    1978.59 seconds =      32.98 minutes
	total time  =       8027 seconds =     133.78 minutes

*** tstart() called on eristm01.eisai.local
*** at Wed May 20 10:46:01 2026


         ------------------------------------------------------------
                                   SCF GRAD                          
                          Rob Parrish, Justin Turney,                
                       Andy Simmonett, and Alex Sokolov              
         ------------------------------------------------------------

  ==> Geometry <==

    Molecular point group: c1
    Full point group: C1

    Geometry (in Angstrom), charge = 0, multiplicity = 1:

       Center              X                  Y                   Z               Mass       
    ------------   -----------------  -----------------  -----------------  -----------------
         C           -5.892297030031    -0.177778819061     0.661569731497    12.000000000000
         N           -5.510772191935    -1.410777888424     1.087781093356    14.003074004430
         C           -4.237171816701    -1.689235767291     0.990007741838    12.000000000000
         H           -3.915024085925    -2.673698884099     1.327118333055     1.007825032230
         C           -3.288712109343    -0.773669264186     0.473692827039    12.000000000000
         C           -1.910010487948    -1.046574548408     0.361840524516    12.000000000000
         C           -1.056043703951    -0.096472149103    -0.147996901092    12.000000000000
         N            0.311869594847    -0.412081298009    -0.230553020789    14.003074004430
         C            1.362718176688     0.355057830309    -0.677907213024    12.000000000000
         O            1.244962657346     1.472537490366    -1.130659704698    15.994914619570
         C            2.711001535847    -0.338671344559    -0.532240872350    12.000000000000
         C            3.844883675746     0.473111851826    -1.142113546396    12.000000000000
         S            5.475202028930    -0.307390591737    -0.964370880817    31.972071174400
         C            5.756988105870    -0.060267920031     0.808832814774    12.000000000000
         C           -1.570833276621     1.162638168689    -0.565824092446    12.000000000000
         H           -0.887708610099     1.897002746264    -0.965407900605     1.007825032230
         C           -2.906990594340     1.433813263030    -0.461729438677    12.000000000000
         C           -3.803569127885     0.474435553874     0.062470844849    12.000000000000
         N           -5.129602579746     0.758688337346     0.165344418442    14.003074004430
         H           -6.952442080940     0.039746979589     0.749039014638     1.007825032230
         H           -1.536124329974    -2.014000364683     0.686297974917     1.007825032230
         H            0.556483303819    -1.329195330696     0.108684388879     1.007825032230
         H            2.887750533169    -0.502187758292     0.536872778955     1.007825032230
         H            2.668000929904    -1.329312994083    -0.996932276308     1.007825032230
         H            3.690501448422     0.590483039391    -2.215843848747     1.007825032230
         H            3.875005620691     1.476829446116    -0.715012047851     1.007825032230
         H            5.073276525053    -0.652207573457     1.419618026131     1.007825032230
         H            5.668781000774     0.996434622665     1.068687447919     1.007825032230
         H            6.776153742740    -0.387209437783     1.016697957126     1.007825032230
         H           -3.306276854405     2.389912626147    -0.777964174132     1.007825032230

  Nuclear repulsion = 1179.489288457117937

  ==> Basis Set <==

  Basis Set: 6-311+G(D,P)
    Blend: 6-311+G(D,P)
    Number of shells: 226
    Number of basis functions: 460
    Number of Cartesian functions: 477
    Spherical Harmonics?: true
    Max angular momentum: 2

  ==> DFJKGrad: Density-Fitted SCF Gradients <==

    Gradient:                    1
    J tasked:                  Yes
    K tasked:                  Yes
    wK tasked:                 Yes
    Omega:               2.000E-01
    OpenMP threads:              8
    Integrals threads:           8
    Memory [MiB]:             5722
    Schwarz Cutoff:          1E-12
    Fitting Condition:       1E-10

   => Auxiliary Basis Set <=

  Basis Set: (6-311+G(D,P) AUX)
    Blend: HEAVY-AUG-CC-PVTZ-JKFIT
    Number of shells: 652
    Number of basis functions: 2200
    Number of Cartesian functions: 2731
    Spherical Harmonics?: true
    Max angular momentum: 4

  ==> DFT Potential <==

   => LibXC <=

    Version 7.0.0
    S. Lehtola, C. Steigemann, M. J.T. Oliveira, and M. A.L. Marques.,  SoftwareX 7, 1–5 (2018) (10.1016/j.softx.2017.11.002)

   => Composite Functional: WB97X-D <= 

    wB97X-D Hyb-GGA Exchange-Correlation Functional

    J.-D. Chai and M. Head-Gordon.,  Phys. Chem. Chem. Phys. 10, 6615-6620 (2008) (10.1039/B810189B)

    Deriv               =              1
    GGA                 =           TRUE
    Meta                =          FALSE

    Exchange Hybrid     =           TRUE
    MP2 Hybrid          =          FALSE

   => Exchange-Correlation Functionals <=

    1.0000   wB97X-D range-separated functional

   => Exact (HF) Exchange <=

    0.7780            HF,LR [omega = 0.2000]
    0.2220               HF 

   => LibXC Density Thresholds  <==

    XC_HYB_GGA_XC_WB97X_D:  1.00E-14 

   => Molecular Quadrature <=

    Radial Scheme          =       TREUTLER
    Pruning Scheme         =           NONE
    Nuclear Scheme         =       TREUTLER

    Blocking Scheme        =         OCTREE
    BS radius alpha        =              1
    Pruning alpha          =              1
    Radial Points          =             75
    Spherical Points       =            302
    Total Points           =         627664
    Total Blocks           =           4561
    Max Points             =            256
    Max Functions          =            323
    Weights Tolerance      =       1.00E-15


  -Total Gradient:
     Atom            X                  Y                   Z
    ------   -----------------  -----------------  -----------------
       1       -0.000066995843    -0.000191931958     0.000095787953
       2       -0.000098887469     0.000131063754     0.000015828686
       3        0.000159992379     0.000017773411     0.000015980891
       4        0.000011269873     0.000011242257     0.000065420123
       5       -0.000051112696    -0.000048297287     0.000068526683
       6        0.000018992149     0.000000097661    -0.000005143353
       7        0.000010590822    -0.000092426590    -0.000058833101
       8       -0.000038207675     0.000069741029     0.000077837490
       9        0.000010243573    -0.000046406835    -0.000049667562
      10       -0.000103520468    -0.000063064448    -0.000012425959
      11        0.000036148126    -0.000010130242    -0.000028019694
      12        0.000003867592    -0.000063449299    -0.000028749570
      13        0.000031385195    -0.000068716012    -0.000073338505
      14       -0.000045820549     0.000018786955    -0.000063025765
      15        0.000029892837    -0.000013100217    -0.000006378228
      16        0.000054234463    -0.000004927270    -0.000064800491
      17        0.000072666146    -0.000011250177    -0.000043904556
      18       -0.000110137876    -0.000002901140     0.000014179886
      19        0.000137552726     0.000084137000    -0.000051979050
      20       -0.000003696693     0.000034327014     0.000022029344
      21        0.000016271142    -0.000005730632     0.000043497215
      22        0.000006301285    -0.000001133028    -0.000031688958
      23        0.000014372228    -0.000014475979    -0.000026467564
      24        0.000016216090    -0.000038939154    -0.000016952784
      25        0.000037199659    -0.000044276700    -0.000065004881
      26       -0.000003661780    -0.000032804201    -0.000069644959
      27       -0.000020201051     0.000016776528    -0.000024989569
      28        0.000056410710     0.000018439468    -0.000091717900
      29        0.000013666067    -0.000030736100    -0.000072439249
      30       -0.000006168300    -0.000010673108    -0.000038272051


*** tstop() called on eristm01.eisai.local at Wed May 20 10:46:20 2026
Module time:
	user time   =     137.83 seconds =       2.30 minutes
	system time =       1.71 seconds =       0.03 minutes
	total time  =         19 seconds =       0.32 minutes
Total time:
	user time   =   56556.27 seconds =     942.60 minutes
	system time =    1980.30 seconds =      33.01 minutes
	total time  =       8046 seconds =     134.10 minutes

    			-----------------------------------------

    			 OPTKING 3.0: for geometry optimizations 

    			     By R.A. King, Bethel University     

    			        with contributions from          

    			    A.V. Copan, J. Cayton, A. Heide      

    			-----------------------------------------

    
	                            ===> Fragment 1 <== 

	 Z (Atomic Numbers)          Masses                          Geom                  
	       6.000000            12.000000        -11.13482764  -0.33595328   1.25018561 
	       7.000000            14.003074        -10.41385018  -2.66598383   2.05560835 
	       6.000000            12.000000         -8.00709428 -3.19219296  1.87084349   
	       1.000000             1.007825         -7.39832330 -5.05255863  2.50789019   
	       6.000000            12.000000         -6.21476519 -1.46202302  0.89514971   
	       6.000000            12.000000         -3.60939672 -1.97773927  0.68377949   
	       6.000000            12.000000         -1.99563338 -0.18230594 -0.27967361   
	       7.000000            14.003074          0.58934812 -0.77872079 -0.43568207   
	       6.000000            12.000000          2.57516414  0.67096206 -1.28105897   
	       8.000000            15.994915          2.35263846  2.78269257 -2.13663718   
	       6.000000            12.000000          5.12305043 -0.63999609 -1.00578948   
	       6.000000            12.000000          7.26577713  0.89405183 -2.15828181   
	      16.000000            31.972071         10.34663232 -0.58088403 -1.82239685   
	       6.000000            12.000000         10.87913083 -0.11388986  1.52847250   
	       6.000000            12.000000         -2.96844468  2.19706772 -1.06925257   
	       1.000000             1.007825         -1.67752615  3.58481565 -1.82435653   
	       6.000000            12.000000         -5.49341607  2.70951438 -0.87254218   
	       6.000000            12.000000         -7.18770395  0.89655326  0.11805279   
	       7.000000            14.003074         -9.69354401  1.43371317  0.31245567   
	       1.000000             1.007825        -13.13821144   0.07511091   1.41547859 
	       1.000000             1.007825         -2.90285428 -3.80590911  1.29691521   
	       1.000000             1.007825          1.05160104 -2.51181514  0.20538373   
	       1.000000             1.007825          5.45705763 -0.94899733  1.01454252   
	       1.000000             1.007825          5.04179106 -2.51203749 -1.88392897   
	       1.000000             1.007825          6.97403700  1.11585123 -4.18733801   
	       1.000000             1.007825          7.32269936  2.79080319 -1.35117695   
	       1.000000             1.007825          9.58710319 -1.23249369  2.68268927   
	       1.000000             1.007825         10.71244356   1.88298854   2.01952659 
	       1.000000             1.007825         12.80507476 -0.73171979  1.92128069   
	       1.000000             1.007825         -6.24795775  4.51628033 -1.47013922   

	 - Coordinate -           - BOHR/RAD -       - ANG/DEG -
	 H(2,4)           =         3.872170           2.049064
	 R(1,2)           =         2.568571           1.359229
	 R(1,19)          =         2.467459           1.305723
	 R(1,20)          =         2.051790           1.085761
	 R(2,3)           =         2.470528           1.307347
	 R(3,4)           =         2.058492           1.089307
	 R(3,5)           =         2.675427           1.415775
	 R(5,6)           =         2.664317           1.409896
	 R(5,18)          =         2.667090           1.411363
	 R(6,7)           =         2.599241           1.375459
	 R(6,21)          =         2.053617           1.086727
	 R(7,8)           =         2.657476           1.406276
	 R(7,15)          =         2.689092           1.423006
	 R(8,9)           =         2.599944           1.375831
	 R(8,22)          =         1.904799           1.007976
	 R(9,10)          =         2.289309           1.211450
	 R(9,11)          =         2.878560           1.523268
	 R(11,12)         =         2.876251           1.522046
	 R(11,23)         =         2.070938           1.095893
	 R(11,24)         =         2.069365           1.095061
	 R(12,13)         =         3.432189           1.816236
	 R(12,25)         =         2.061887           1.091103
	 R(12,26)         =         2.062116           1.091225
	 R(13,14)         =         3.424903           1.812381
	 R(14,27)         =         2.062238           1.091289
	 R(14,28)         =         2.063115           1.091753
	 R(14,29)         =         2.060406           1.090320
	 R(15,16)         =         2.040220           1.079638
	 R(15,17)         =         2.583946           1.367365
	 R(17,18)         =         2.671838           1.413876
	 R(17,30)         =         2.047159           1.083310
	 R(18,19)         =         2.570130           1.360054
	 B(1,2,3)         =         2.029972         116.308841
	 B(1,19,18)       =         2.035721         116.638201
	 B(2,1,19)        =         2.221577         127.286964
	 B(2,1,20)        =         2.015895         115.502289
	 B(2,3,4)         =         2.045924         117.222809
	 B(2,3,5)         =         2.143805         122.830977
	 B(3,5,6)         =         2.163803         123.976759
	 B(3,5,18)        =         2.019455         115.706235
	 B(4,3,5)         =         2.093456         119.946199
	 B(5,6,7)         =         2.097659         120.187022
	 B(5,6,21)        =         2.077233         119.016671
	 B(5,18,17)       =         2.067753         118.473542
	 B(5,18,19)       =         2.115840         121.228697
	 B(6,5,18)        =         2.099925         120.316852
	 B(6,7,8)         =         2.060833         118.077009
	 B(6,7,15)        =         2.089124         119.697967
	 B(7,6,21)        =         2.108289         120.796081
	 B(7,8,9)         =         2.261275         129.561537
	 B(7,8,22)        =         2.004791         114.866079
	 B(7,15,16)       =         2.073306         118.791671
	 B(7,15,17)       =         2.102068         120.439632
	 B(8,7,15)        =         2.133218         122.224382
	 B(8,9,10)        =         2.167124         124.167042
	 B(8,9,11)        =         1.972539         113.018170
	 B(9,8,22)        =         2.016835         115.556153
	 B(9,11,12)       =         1.958623         112.220834
	 B(9,11,23)       =         1.879684         107.697958
	 B(9,11,24)       =         1.914162         109.673410
	 B(10,9,11)       =         2.143456         122.811006
	 B(11,12,13)      =         1.982641         113.596979
	 B(11,12,25)      =         1.924397         110.259834
	 B(11,12,26)      =         1.932977         110.751402
	 B(12,11,23)      =         1.928720         110.507501
	 B(12,11,24)      =         1.919533         109.981158
	 B(12,13,14)      =         1.748444         100.178480
	 B(13,12,25)      =         1.843712         105.636911
	 B(13,12,26)      =         1.909424         109.401958
	 B(13,14,27)      =         1.956512         112.099877
	 B(13,14,28)      =         1.930807         110.627081
	 B(13,14,29)      =         1.866037         106.916062
	 B(15,17,18)      =         2.109835         120.884653
	 B(15,17,30)      =         2.109445         120.862267
	 B(16,15,17)      =         2.107811         120.768697
	 B(17,18,19)      =         2.099591         120.297706
	 B(18,17,30)      =         2.063905         118.253056
	 B(19,1,20)       =         2.045713         117.210746
	 B(23,11,24)      =         1.860152         106.578885
	 B(25,12,26)      =         1.865154         106.865458
	 B(27,14,28)      =         1.918961         109.948387
	 B(27,14,29)      =         1.892600         108.437980
	 B(28,14,29)      =         1.896923         108.685666
	 D(1,2,3,4)       =        -3.141284        -179.982313
	 D(1,2,3,5)       =         0.001113           0.063746
	 D(1,19,18,5)     =         0.000686           0.039325
	 D(1,19,18,17)    =         3.143789         180.125865
	 D(2,1,19,18)     =        -0.001368          -0.078401
	 D(2,3,5,6)       =         3.137457         179.763047
	 D(2,3,5,18)      =        -0.001640          -0.093965
	 D(3,2,1,19)      =         0.000480           0.027529
	 D(3,2,1,20)      =         3.141997         180.023186
	 D(3,5,6,7)       =        -3.137638        -179.773437
	 D(3,5,6,21)      =         0.000960           0.055016
	 D(3,5,18,17)     =        -3.142389        -180.045643
	 D(3,5,18,19)     =         0.000687           0.039359
	 D(4,3,5,6)       =        -0.003311          -0.189684
	 D(4,3,5,18)      =        -3.142408        -180.046697
	 D(5,6,7,8)       =         3.133603         179.542232
	 D(5,6,7,15)      =        -0.003015          -0.172723
	 D(5,18,17,15)    =        -0.002907          -0.166583
	 D(5,18,17,30)    =         3.139657         179.889110
	 D(6,5,18,17)     =         0.001601           0.091715
	 D(6,5,18,19)     =        -3.138508        -179.823282
	 D(6,7,8,9)       =        -3.124761        -179.035594
	 D(6,7,8,22)      =        -0.010200          -0.584436
	 D(6,7,15,16)     =        -3.139743        -179.894020
	 D(6,7,15,17)     =         0.001727           0.098935
	 D(7,6,5,18)      =         0.001349           0.077317
	 D(7,8,9,10)      =        -0.041791          -2.394447
	 D(7,8,9,11)      =         3.087730         176.913884
	 D(7,15,17,18)    =         0.001282           0.073444
	 D(7,15,17,30)    =        -3.141308        -179.983706
	 D(8,7,6,21)      =        -0.004942          -0.283129
	 D(8,7,15,16)     =         0.007038           0.403273
	 D(8,7,15,17)     =        -3.134677        -179.603772
	 D(8,9,11,12)     =         3.054531         175.011710
	 D(8,9,11,23)     =        -1.102093         -63.145276
	 D(8,9,11,24)     =         0.915596          52.459777
	 D(9,8,7,15)      =         0.011724           0.671718
	 D(9,11,12,13)    =        -3.158566        -180.972502
	 D(9,11,12,25)    =        -1.093066         -62.628043
	 D(9,11,12,26)    =         0.967666          55.443152
	 D(10,9,8,22)     =         3.126988         179.163204
	 D(10,9,11,12)    =        -0.098946          -5.669212
	 D(10,9,11,23)    =         2.027615         116.173802
	 D(10,9,11,24)    =        -2.237881        -128.221145
	 D(11,9,8,22)     =        -0.026677          -1.528465
	 D(11,12,13,14)   =        -1.261881         -72.300446
	 D(12,13,14,27)   =         1.187563          68.042346
	 D(12,13,14,28)   =        -0.961168         -55.070893
	 D(12,13,14,29)   =        -3.023842        -173.253381
	 D(13,12,11,23)   =         1.026287          58.801921
	 D(13,12,11,24)   =        -1.022675         -58.594981
	 D(14,13,12,25)   =         2.909891         166.724488
	 D(14,13,12,26)   =         0.907859          52.016490
	 D(15,7,6,21)     =         3.141626         180.001916
	 D(15,7,8,22)     =        -3.156901        -180.877124
	 D(15,17,18,19)   =         3.137216         179.749232
	 D(16,15,17,18)   =         3.142749         180.066258
	 D(16,15,17,30)   =         0.000159           0.009108
	 D(18,5,6,21)     =        -3.143237        -180.094229
	 D(18,19,1,20)    =        -3.142884        -180.073994
	 D(19,18,17,30)   =        -0.003405          -0.195075
	 D(23,11,12,25)   =         3.091788         177.146380
	 D(23,11,12,26)   =        -1.130667         -64.782426
	 D(24,11,12,25)   =         1.042825          59.749478
	 D(24,11,12,26)   =         3.103556         177.820672


	        --- Internal Coordinate Step in ANG or DEG, aJ/ANG or AJ/DEG ---
	-------------------------------------------------------------------------------
	           Coordinate      Previous         Force          Change          New 
	           ----------      --------        ------          ------        ------
	               H(2,4)       2.04906       -0.00028       -0.00019       2.04887
	               R(1,2)       1.35923        0.00067        0.00017       1.35939
	              R(1,19)       1.30572       -0.00111       -0.00031       1.30541
	              R(1,20)       1.08576       -0.00015       -0.00002       1.08574
	               R(2,3)       1.30735       -0.00074       -0.00021       1.30713
	               R(3,4)       1.08931        0.00016       -0.00005       1.08926
	               R(3,5)       1.41578        0.00042        0.00018       1.41596
	               R(5,6)       1.40990       -0.00040       -0.00006       1.40984
	              R(5,18)       1.41136       -0.00033       -0.00007       1.41129
	               R(6,7)       1.37546       -0.00010        0.00006       1.37552
	              R(6,21)       1.08673       -0.00012       -0.00005       1.08667
	               R(7,8)       1.40628        0.00058        0.00006       1.40634
	              R(7,15)       1.42301        0.00016       -0.00003       1.42297
	               R(8,9)       1.37583        0.00024       -0.00001       1.37582
	              R(8,22)       1.00798        0.00018        0.00004       1.00801
	              R(9,10)       1.21145        0.00025       -0.00003       1.21142
	              R(9,11)       1.52327       -0.00054        0.00000       1.52327
	             R(11,12)       1.52205       -0.00025        0.00001       1.52206
	             R(11,23)       1.09589       -0.00002        0.00002       1.09591
	             R(11,24)       1.09506       -0.00004       -0.00002       1.09504
	             R(12,13)       1.81624        0.00019       -0.00020       1.81604
	             R(12,25)       1.09110       -0.00005        0.00000       1.09111
	             R(12,26)       1.09123       -0.00000       -0.00001       1.09121
	             R(13,14)       1.81238        0.00025       -0.00007       1.81231
	             R(14,27)       1.09129       -0.00020       -0.00004       1.09125
	             R(14,28)       1.09175       -0.00010       -0.00003       1.09172
	             R(14,29)       1.09032       -0.00005       -0.00006       1.09026
	             R(15,16)       1.07964       -0.00046       -0.00009       1.07955
	             R(15,17)       1.36737        0.00004        0.00003       1.36740
	             R(17,18)       1.41388       -0.00055       -0.00015       1.41373
	             R(17,30)       1.08331       -0.00011       -0.00006       1.08325
	             R(18,19)       1.36005        0.00036        0.00016       1.36022
	             B(1,2,3)     116.30884       -0.00000        0.00247     116.31131
	           B(1,19,18)     116.63820       -0.00000        0.01192     116.65012
	            B(2,1,19)     127.28696        0.00000       -0.00425     127.28271
	            B(2,1,20)     115.50229       -0.00000       -0.01801     115.48428
	             B(2,3,4)     117.22281        0.00000        0.00338     117.22619
	             B(2,3,5)     122.83098       -0.00000        0.00121     122.83219
	             B(3,5,6)     123.97676       -0.00000        0.00335     123.98011
	            B(3,5,18)     115.70623        0.00000       -0.00214     115.70410
	             B(4,3,5)     119.94620       -0.00000       -0.00460     119.94160
	             B(5,6,7)     120.18702        0.00000        0.00065     120.18767
	            B(5,6,21)     119.01667       -0.00000       -0.00703     119.00964
	           B(5,18,17)     118.47354        0.00000        0.01070     118.48424
	           B(5,18,19)     121.22870       -0.00000       -0.00932     121.21938
	            B(6,5,18)     120.31685        0.00000       -0.00131     120.31554
	             B(6,7,8)     118.07701       -0.00001       -0.01312     118.06389
	            B(6,7,15)     119.69797       -0.00000       -0.00946     119.68851
	            B(7,6,21)     120.79608       -0.00000        0.00633     120.80241
	             B(7,8,9)     129.56154        0.00001        0.02624     129.58778
	            B(7,8,22)     114.86608       -0.00001       -0.02766     114.83842
	           B(7,15,16)     118.79167        0.00000       -0.00412     118.78755
	           B(7,15,17)     120.43963        0.00000        0.01012     120.44975
	            B(8,7,15)     122.22438        0.00001        0.02251     122.24689
	            B(8,9,10)     124.16704        0.00001        0.01884     124.18588
	            B(8,9,11)     113.01817       -0.00001        0.00182     113.01999
	            B(9,8,22)     115.55615       -0.00000       -0.00589     115.55026
	           B(9,11,12)     112.22083       -0.00001       -0.02613     112.19471
	           B(9,11,23)     107.69796        0.00000       -0.00133     107.69663
	           B(9,11,24)     109.67341        0.00000        0.00701     109.68042
	           B(10,9,11)     122.81101       -0.00001       -0.02082     122.79018
	          B(11,12,13)     113.59698        0.00001        0.03294     113.62992
	          B(11,12,25)     110.25983       -0.00000       -0.01544     110.24439
	          B(11,12,26)     110.75140       -0.00000       -0.02313     110.72827
	          B(12,11,23)     110.50750        0.00000       -0.00666     110.50084
	          B(12,11,24)     109.98116        0.00001        0.01550     109.99666
	          B(12,13,14)     100.17848        0.00001        0.00164     100.18012
	          B(13,12,25)     105.63691       -0.00000        0.01359     105.65050
	          B(13,12,26)     109.40196       -0.00000       -0.01747     109.38449
	          B(13,14,27)     112.09988       -0.00000       -0.01270     112.08717
	          B(13,14,28)     110.62708        0.00000       -0.01026     110.61682
	          B(13,14,29)     106.91606        0.00000        0.03726     106.95332
	          B(15,17,18)     120.88465       -0.00000       -0.01104     120.87362
	          B(15,17,30)     120.86227       -0.00000        0.00485     120.86711
	          B(16,15,17)     120.76870       -0.00000       -0.00600     120.76270
	          B(17,18,19)     120.29771       -0.00000       -0.00139     120.29631
	          B(18,17,30)     118.25306        0.00000        0.00618     118.25924
	           B(19,1,20)     117.21075        0.00000        0.02225     117.23300
	          B(23,11,24)     106.57888       -0.00000        0.01331     106.59220
	          B(25,12,26)     106.86546        0.00000        0.01002     106.87547
	          B(27,14,28)     109.94839       -0.00000       -0.01197     109.93642
	          B(27,14,29)     108.43798       -0.00000        0.00734     108.44532
	          B(28,14,29)     108.68567       -0.00000       -0.00791     108.67775
	           D(1,2,3,4)    -179.98231       -0.00000        0.00284    -179.97948
	           D(1,2,3,5)       0.06375        0.00000        0.01430       0.07804
	         D(1,19,18,5)       0.03932        0.00000        0.00132       0.04065
	        D(1,19,18,17)     180.12587        0.00000        0.01158     180.13745
	         D(2,1,19,18)      -0.07840       -0.00000       -0.04348      -0.12188
	           D(2,3,5,6)     179.76305       -0.00000       -0.08686     179.67619
	          D(2,3,5,18)      -0.09397       -0.00000       -0.04954      -0.14351
	          D(3,2,1,19)       0.02753        0.00000        0.03611       0.06364
	          D(3,2,1,20)     180.02319       -0.00000        0.01615     180.03933
	           D(3,5,6,7)    -179.77344        0.00000        0.03579    -179.73765
	          D(3,5,6,21)       0.05502        0.00000        0.01709       0.07210
	         D(3,5,18,17)    -180.04564        0.00000        0.03102    -180.01462
	         D(3,5,18,19)       0.03936        0.00000        0.04111       0.08047
	           D(4,3,5,6)      -0.18968       -0.00000       -0.07510      -0.26478
	          D(4,3,5,18)    -180.04670       -0.00000       -0.03779    -180.08448
	           D(5,6,7,8)     179.54223       -0.00000       -0.08862     179.45361
	          D(5,6,7,15)      -0.17272       -0.00000       -0.07336      -0.24608
	        D(5,18,17,15)      -0.16658       -0.00000       -0.05396      -0.22055
	        D(5,18,17,30)     179.88911       -0.00000       -0.04169     179.84742
	         D(6,5,18,17)       0.09172        0.00000        0.06686       0.15857
	         D(6,5,18,19)    -179.82328        0.00000        0.07695    -179.74634
	           D(6,7,8,9)    -179.03559        0.00000        0.09208    -178.94351
	          D(6,7,8,22)      -0.58444       -0.00000       -0.22454      -0.80897
	         D(6,7,15,16)    -179.89402        0.00000        0.05719    -179.83683
	         D(6,7,15,17)       0.09894        0.00000        0.08681       0.18574
	          D(7,6,5,18)       0.07732        0.00000       -0.00316       0.07416
	          D(7,8,9,10)      -2.39445       -0.00000       -0.32428      -2.71873
	          D(7,8,9,11)     176.91388       -0.00000       -0.33902     176.57487
	        D(7,15,17,18)       0.07344       -0.00000       -0.02195       0.05149
	        D(7,15,17,30)    -179.98371       -0.00000       -0.03454    -180.01825
	          D(8,7,6,21)      -0.28313       -0.00000       -0.06956      -0.35269
	         D(8,7,15,16)       0.40327        0.00000        0.07322       0.47649
	         D(8,7,15,17)    -179.60377        0.00000        0.10284    -179.50093
	         D(8,9,11,12)     175.01171        0.00000       -0.01254     174.99917
	         D(8,9,11,23)     -63.14528        0.00000       -0.03820     -63.18348
	         D(8,9,11,24)      52.45978        0.00000       -0.01948      52.44030
	          D(9,8,7,15)       0.67172        0.00000        0.07631       0.74803
	        D(9,11,12,13)    -180.97250       -0.00000       -0.14963    -181.12213
	        D(9,11,12,25)     -62.62804        0.00000       -0.12149     -62.74953
	        D(9,11,12,26)      55.44315       -0.00000       -0.13312      55.31003
	         D(10,9,8,22)     179.16320        0.00000       -0.00554     179.15767
	        D(10,9,11,12)      -5.66921        0.00000       -0.02673      -5.69594
	        D(10,9,11,23)     116.17380       -0.00000       -0.05239     116.12141
	        D(10,9,11,24)    -128.22114        0.00000       -0.03366    -128.25481
	         D(11,9,8,22)      -1.52847       -0.00000       -0.02027      -1.54873
	       D(11,12,13,14)     -72.30045        0.00000        0.38874     -71.91171
	       D(12,13,14,27)      68.04235        0.00000        0.61998      68.66233
	       D(12,13,14,28)     -55.07089        0.00001        0.65203     -54.41887
	       D(12,13,14,29)    -173.25338        0.00000        0.64516    -172.60823
	       D(13,12,11,23)      58.80192        0.00000       -0.12582      58.67610
	       D(13,12,11,24)     -58.59498       -0.00000       -0.14759     -58.74257
	       D(14,13,12,25)     166.72449        0.00000        0.37927     167.10376
	       D(14,13,12,26)      52.01649        0.00000        0.36886      52.38535
	         D(15,7,6,21)     180.00192       -0.00000       -0.05430     179.94762
	         D(15,7,8,22)    -180.87712       -0.00000       -0.24031    -181.11743
	       D(15,17,18,19)     179.74923       -0.00000       -0.06396     179.68527
	       D(16,15,17,18)     180.06626        0.00000        0.00826     180.07452
	       D(16,15,17,30)       0.00911        0.00000       -0.00434       0.00477
	         D(18,5,6,21)    -180.09423       -0.00000       -0.02186    -180.11609
	        D(18,19,1,20)    -180.07399       -0.00000       -0.02321    -180.09720
	       D(19,18,17,30)      -0.19507       -0.00000       -0.05169      -0.24677
	       D(23,11,12,25)     177.14638        0.00000       -0.09769     177.04869
	       D(23,11,12,26)     -64.78243        0.00000       -0.10932     -64.89174
	       D(24,11,12,25)      59.74948        0.00000       -0.11945      59.63003
	       D(24,11,12,26)     177.82067       -0.00000       -0.13108     177.68959
	-------------------------------------------------------------------------------

	                                 ==> Convergence Check <==                                  
    
	Measures of convergence in internal coordinates in au.
    
	Criteria marked as inactive (o), active & met (*), and active & unmet ( ).

	----------------------------------------------------------------------------------------------
	   Step    Total Energy     Delta E     Max Force     RMS Force      Max Disp      RMS Disp   
	----------------------------------------------------------------------------------------------
	  Convergence Criteria     1.00e-06 *    3.00e-04 *             o    1.20e-03 *             o
	----------------------------------------------------------------------------------------------
	     9   -1102.74818767   -8.33e-06      1.64e-04 *    4.41e-05 o    1.14e-02      2.16e-03 o  ~
	----------------------------------------------------------------------------------------------

Next Geometry in Ang 
	Fragment 1 (Ang)

	    C  -5.8888895797  -0.1744769144   0.6710424403
	    N  -5.5075953926  -1.4091699167   1.0930640233
	    C  -4.2350240793  -1.6893613349   0.9898422253
	    H  -3.9131152576  -2.6750458547   1.3234364141
	    C  -3.2868953280  -0.7739174100   0.4721968215
	    C  -1.9088424781  -1.0480294962   0.3561129355
	    C  -1.0551747902  -0.0977261583  -0.1540238985
	    N   0.3124521572  -0.4142209575  -0.2389849812
	    C   1.3637922542   0.3527863150  -0.6853681705
	    O   1.2467356651   1.4694052880  -1.1403444454
	    C   2.7122380239  -0.3396802391  -0.5352631053
	    C   3.8464490824   0.4721149555  -1.1445349351
	    S   5.4780874877  -0.3032674014  -0.9586798360
	    C   5.7484023652  -0.0591204828   0.8166489529
	    C  -1.5701586700   1.1621321043  -0.5692326565
	    H  -0.8875766826   1.8962731466  -0.9699200608
	    C  -2.9057350339   1.4346325472  -0.4607829917
	    C  -3.8014535230   0.4755579908   0.0650345386
	    N  -5.1268593425   0.7614204990   0.1735518743
	    H  -6.9483471943   0.0442589771   0.7634301372
	    H  -1.5352167144  -2.0164033519   0.6778521670
	    H   0.5569862577  -1.3306456734   0.1022743604
	    H   2.8869316187  -0.5003923850   0.5346321440
	    H   2.6710515085  -1.3313778614  -0.9978039616
	    H   3.6949528248   0.5851383556  -2.2191469571
	    H   3.8728028129   1.4773853955  -0.7208869415
	    H   5.0701783997  -0.6629407856   1.4218324401
	    H   5.6437243750   0.9951758018   1.0800202755
	    H   6.7710754584  -0.3720511356   1.0285039454
	    H  -3.3049762254   2.3915060043  -0.7745027540


    Structure for next step:
    Molecular point group: c1
    Full point group: C1

    Geometry (in Angstrom), charge = 0, multiplicity = 1:

    C           -5.888889579727    -0.174476914441     0.671042440278
    N           -5.507595392556    -1.409169916706     1.093064023301
    C           -4.235024079264    -1.689361334878     0.989842225292
    H           -3.913115257576    -2.675045854719     1.323436414083
    C           -3.286895328000    -0.773917410026     0.472196821543
    C           -1.908842478142    -1.048029496197     0.356112935470
    C           -1.055174790155    -0.097726158275    -0.154023898469
    N            0.312452157215    -0.414220957488    -0.238984981230
    C            1.363792254234     0.352786314956    -0.685368170502
    O            1.246735665051     1.469405287992    -1.140344445449
    C            2.712238023931    -0.339680239063    -0.535263105291
    C            3.846449082436     0.472114955461    -1.144534935126
    S            5.478087487691    -0.303267401431    -0.958679836002
    C            5.748402365226    -0.059120482752     0.816648952865
    C           -1.570158669968     1.162132104306    -0.569232656503
    H           -0.887576682616     1.896273146557    -0.969920060835
    C           -2.905735033890     1.434632547210    -0.460782991715
    C           -3.801453522971     0.475557990786     0.065034538621
    N           -5.126859342520     0.761420499016     0.173551874315
    H           -6.948347194332     0.044258977050     0.763430137168
    H           -1.535216714440    -2.016403351857     0.677852167000
    H            0.556986257711    -1.330645673416     0.102274360370
    H            2.886931618660    -0.500392384965     0.534632143971
    H            2.671051508522    -1.331377861391    -0.997803961557
    H            3.694952824839     0.585138355588    -2.219146957114
    H            3.872802812866     1.477385395493    -0.720886941496
    H            5.070178399680    -0.662940785612     1.421832440133
    H            5.643724375040     0.995175801775     1.080020275473
    H            6.771075458443    -0.372051135584     1.028503945433
    H           -3.304976225388     2.391506004321    -0.774502754029


Scratch directory: /tmp/
gradient() will perform analytic gradient computation.
   => Libint2 <=

    Primary   basis highest AM E, G, H:  7, 6, 3
    Auxiliary basis highest AM E, G, H:  7, 7, 4
    Onebody   basis highest AM E, G, H:  -, -, -
    Solid Harmonics ordering:            Gaussian

*** tstart() called on eristm01.eisai.local
*** at Wed May 20 10:46:21 2026

   => Loading Basis Set <=

    Name: 6-311+G(D,P)
    Role: ORBITAL
    Keyword: BASIS
    atoms 1, 3, 5-7, 9, 11-12, 14-15, 17-18 entry C          line   129 file /home2/shbae/bucket/covalent/.pixi/envs/default/share/psi4/basis/6-311pg_d_p_.gbs 
    atoms 2, 8, 19                          entry N          line   150 file /home2/shbae/bucket/covalent/.pixi/envs/default/share/psi4/basis/6-311pg_d_p_.gbs 
    atoms 4, 16, 20-30                      entry H          line    42 file /home2/shbae/bucket/covalent/.pixi/envs/default/share/psi4/basis/6-311pg_d_p_.gbs 
    atoms 10                                entry O          line   171 file /home2/shbae/bucket/covalent/.pixi/envs/default/share/psi4/basis/6-311pg_d_p_.gbs 
    atoms 13                                entry S          line   429 file /home2/shbae/bucket/covalent/.pixi/envs/default/share/psi4/basis/6-311pg_d_p_.gbs 

   => WB97X-D: Empirical Dispersion <=

    Chai and Head-Gordon Dispersion Correction
    Chai, J.-D.; Head-Gordon, M. (2010), J. Chem. Phys., 132: 6615-6620

        s6 =       1.000000


         ---------------------------------------------------------
                                   SCF
               by Justin Turney, Rob Parrish, Andy Simmonett
                          and Daniel G. A. Smith
                              RKS Reference
                        8 Threads,   7629 MiB Core
         ---------------------------------------------------------

  ==> Geometry <==

    Molecular point group: c1
    Full point group: C1

    Geometry (in Angstrom), charge = 0, multiplicity = 1:

       Center              X                  Y                   Z               Mass       
    ------------   -----------------  -----------------  -----------------  -----------------
         C           -5.888889579727    -0.174476914441     0.671042440278    12.000000000000
         N           -5.507595392556    -1.409169916706     1.093064023301    14.003074004430
         C           -4.235024079264    -1.689361334878     0.989842225292    12.000000000000
         H           -3.913115257576    -2.675045854719     1.323436414083     1.007825032230
         C           -3.286895328000    -0.773917410026     0.472196821543    12.000000000000
         C           -1.908842478142    -1.048029496197     0.356112935470    12.000000000000
         C           -1.055174790155    -0.097726158275    -0.154023898469    12.000000000000
         N            0.312452157215    -0.414220957488    -0.238984981230    14.003074004430
         C            1.363792254234     0.352786314956    -0.685368170502    12.000000000000
         O            1.246735665051     1.469405287992    -1.140344445449    15.994914619570
         C            2.712238023931    -0.339680239063    -0.535263105291    12.000000000000
         C            3.846449082436     0.472114955461    -1.144534935126    12.000000000000
         S            5.478087487691    -0.303267401431    -0.958679836002    31.972071174400
         C            5.748402365226    -0.059120482752     0.816648952865    12.000000000000
         C           -1.570158669968     1.162132104306    -0.569232656503    12.000000000000
         H           -0.887576682616     1.896273146557    -0.969920060835     1.007825032230
         C           -2.905735033890     1.434632547210    -0.460782991715    12.000000000000
         C           -3.801453522971     0.475557990786     0.065034538621    12.000000000000
         N           -5.126859342520     0.761420499016     0.173551874315    14.003074004430
         H           -6.948347194332     0.044258977050     0.763430137168     1.007825032230
         H           -1.535216714440    -2.016403351857     0.677852167000     1.007825032230
         H            0.556986257711    -1.330645673416     0.102274360370     1.007825032230
         H            2.886931618660    -0.500392384965     0.534632143971     1.007825032230
         H            2.671051508522    -1.331377861391    -0.997803961557     1.007825032230
         H            3.694952824839     0.585138355588    -2.219146957114     1.007825032230
         H            3.872802812866     1.477385395493    -0.720886941496     1.007825032230
         H            5.070178399680    -0.662940785612     1.421832440133     1.007825032230
         H            5.643724375040     0.995175801775     1.080020275473     1.007825032230
         H            6.771075458443    -0.372051135584     1.028503945433     1.007825032230
         H           -3.304976225388     2.391506004321    -0.774502754029     1.007825032230

  Running in c1 symmetry.

  Rotational constants: A =      0.05550  B =      0.00431  C =      0.00410 [cm^-1]
  Rotational constants: A =   1663.75944  B =    129.18177  C =    122.77371 [MHz]
  Nuclear repulsion = 1179.550492545204634

  Charge       = 0
  Multiplicity = 1
  Electrons    = 130
  Nalpha       = 65
  Nbeta        = 65

  ==> Algorithm <==

  SCF Algorithm Type is DF.
  DIIS enabled.
  MOM disabled.
  Fractional occupation disabled.
  Guess Type is READ.
  Energy threshold   = 1.00e-08
  Density threshold  = 1.00e-08
  Integral threshold = 1.00e-12

  ==> Primary Basis <==

  Basis Set: 6-311+G(D,P)
    Blend: 6-311+G(D,P)
    Number of shells: 226
    Number of basis functions: 460
    Number of Cartesian functions: 477
    Spherical Harmonics?: true
    Max angular momentum: 2

  ==> DFT Potential <==

   => LibXC <=

    Version 7.0.0
    S. Lehtola, C. Steigemann, M. J.T. Oliveira, and M. A.L. Marques.,  SoftwareX 7, 1–5 (2018) (10.1016/j.softx.2017.11.002)

   => Composite Functional: WB97X-D <= 

    wB97X-D Hyb-GGA Exchange-Correlation Functional

    J.-D. Chai and M. Head-Gordon.,  Phys. Chem. Chem. Phys. 10, 6615-6620 (2008) (10.1039/B810189B)

    Deriv               =              1
    GGA                 =           TRUE
    Meta                =          FALSE

    Exchange Hybrid     =           TRUE
    MP2 Hybrid          =          FALSE

   => Exchange-Correlation Functionals <=

    1.0000   wB97X-D range-separated functional

   => Exact (HF) Exchange <=

    0.7780            HF,LR [omega = 0.2000]
    0.2220               HF 

   => LibXC Density Thresholds  <==

    XC_HYB_GGA_XC_WB97X_D:  1.00E-14 

   => Molecular Quadrature <=

    Radial Scheme          =       TREUTLER
    Pruning Scheme         =           NONE
    Nuclear Scheme         =       TREUTLER

    Blocking Scheme        =         OCTREE
    BS radius alpha        =              1
    Pruning alpha          =              1
    Radial Points          =             75
    Spherical Points       =            302
    Total Points           =         627648
    Total Blocks           =           4566
    Max Points             =            256
    Max Functions          =            324
    Weights Tolerance      =       1.00E-15

   => Loading Basis Set <=

    Name: (6-311+G(D,P) AUX)
    Role: JKFIT
    Keyword: DF_BASIS_SCF
    atoms 1, 3, 5-7, 9, 11-12, 14-15, 17-18 entry C          line   200 file /home2/shbae/bucket/covalent/.pixi/envs/default/share/psi4/basis/heavy-aug-cc-pvtz-jkfit.gbs 
    atoms 2, 8, 19                          entry N          line   262 file /home2/shbae/bucket/covalent/.pixi/envs/default/share/psi4/basis/heavy-aug-cc-pvtz-jkfit.gbs 
    atoms 4, 16, 20-30                      entry H          line   116 file /home2/shbae/bucket/covalent/.pixi/envs/default/share/psi4/basis/heavy-aug-cc-pvtz-jkfit.gbs 
    atoms 10                                entry O          line   324 file /home2/shbae/bucket/covalent/.pixi/envs/default/share/psi4/basis/heavy-aug-cc-pvtz-jkfit.gbs 
    atoms 13                                entry S          line   768 file /home2/shbae/bucket/covalent/.pixi/envs/default/share/psi4/basis/heavy-aug-cc-pvtz-jkfit.gbs 

   => Loading Basis Set <=

    Name: 6-311+G(D,P)
    Role: ORBITAL
    Keyword: BASIS
    atoms 1, 3, 5-7, 9, 11-12, 14-15, 17-18 entry C          line   129 file /home2/shbae/bucket/covalent/.pixi/envs/default/share/psi4/basis/6-311pg_d_p_.gbs 
    atoms 2, 8, 19                          entry N          line   150 file /home2/shbae/bucket/covalent/.pixi/envs/default/share/psi4/basis/6-311pg_d_p_.gbs 
    atoms 4, 16, 20-30                      entry H          line    42 file /home2/shbae/bucket/covalent/.pixi/envs/default/share/psi4/basis/6-311pg_d_p_.gbs 
    atoms 10                                entry O          line   171 file /home2/shbae/bucket/covalent/.pixi/envs/default/share/psi4/basis/6-311pg_d_p_.gbs 
    atoms 13                                entry S          line   429 file /home2/shbae/bucket/covalent/.pixi/envs/default/share/psi4/basis/6-311pg_d_p_.gbs 

  Reading orbitals from file /tmp/4_product.default.2248151.180.npy, no projection.

  ==> Integral Setup <==

  ==> DiskDFJK: Density-Fitted J/K Matrices <==

    J tasked:                  Yes
    K tasked:                  Yes
    wK tasked:                 Yes
    Omega:               2.000E-01
    OpenMP threads:              8
    Integrals threads:           8
    Memory [MiB]:             1477
    Algorithm:                Disk
    Integral Cache:           NONE
    Schwarz Cutoff:          1E-12
    Fitting Condition:       1E-10

   => Auxiliary Basis Set <=

  Basis Set: (6-311+G(D,P) AUX)
    Blend: HEAVY-AUG-CC-PVTZ-JKFIT
    Number of shells: 652
    Number of basis functions: 2200
    Number of Cartesian functions: 2731
    Spherical Harmonics?: true
    Max angular momentum: 4

  Cached 50.0% of DFT collocation blocks in 2.137 [GiB].

  Minimum eigenvalue in the overlap matrix is 4.8589568171E-07.
  Reciprocal condition number of the overlap matrix is 3.3649579915E-08.
    Using symmetric orthogonalization.

  ==> Pre-Iterations <==

  SCF Guess: Orbitals guess was supplied from a previous computation.

   -------------------------------------------------------
    Irrep   Nso     Nmo     Nalpha   Nbeta   Ndocc  Nsocc
   -------------------------------------------------------
     A        460     460      65      65      65       0
   -------------------------------------------------------
    Total     460     460      65      65      65       0
   -------------------------------------------------------

  ==> Iterations <==

                           Total Energy        Delta E     RMS |[F,P]|

   @DF-RKS iter   0: -1102.74711990564833   -1.10275e+03   5.91463e-05 
   @DF-RKS iter   1: -1102.74817890541362   -1.05900e-03   7.00562e-06 DIIS
   @DF-RKS iter   2: -1102.74819003435778   -1.11289e-05   3.75430e-06 DIIS
   @DF-RKS iter   3: -1102.74819160631046   -1.57195e-06   2.04911e-06 DIIS
   @DF-RKS iter   4: -1102.74819217153345   -5.65223e-07   5.01354e-07 DIIS
   @DF-RKS iter   5: -1102.74819220111431   -2.95809e-08   2.15948e-07 DIIS
   @DF-RKS iter   6: -1102.74819220666382   -5.54951e-09   7.45102e-08 DIIS
   @DF-RKS iter   7: -1102.74819220772292   -1.05911e-09   3.46196e-08 DIIS
   @DF-RKS iter   8: -1102.74819220796076   -2.37833e-10   1.37462e-08 DIIS
   @DF-RKS iter   9: -1102.74819220801987   -5.91172e-11   5.46831e-09 DIIS
  Energy and wave function converged.


  ==> Post-Iterations <==

   Electrons on quadrature grid:
      Ntotal   =  129.9999195077 ; deviation = -8.049e-05 

    Orbital Energies [Eh]
    ---------------------

    Doubly Occupied:                                                      

       1A    -89.015443     2A    -19.242267     3A    -14.497206  
       4A    -14.445758     5A    -14.443166     6A    -10.419450  
       7A    -10.366473     8A    -10.356345     9A    -10.351929  
      10A    -10.343992    11A    -10.324169    12A    -10.322922  
      13A    -10.318915    14A    -10.317966    15A    -10.316271  
      16A    -10.310765    17A    -10.307647    18A     -8.055924  
      19A     -6.005434    20A     -6.001466    21A     -5.994573  
      22A     -1.177244    23A     -1.101931    24A     -1.073995  
      25A     -1.007600    26A     -0.975035    27A     -0.933572  
      28A     -0.894449    29A     -0.882494    30A     -0.860424  
      31A     -0.798876    32A     -0.777702    33A     -0.763268  
      34A     -0.733773    35A     -0.711019    36A     -0.685815  
      37A     -0.661896    38A     -0.650663    39A     -0.615055  
      40A     -0.609887    41A     -0.593852    42A     -0.570411  
      43A     -0.554103    44A     -0.546481    45A     -0.544815  
      46A     -0.538498    47A     -0.533507    48A     -0.525482  
      49A     -0.523731    50A     -0.514678    51A     -0.497537  
      52A     -0.494608    53A     -0.480521    54A     -0.463586  
      55A     -0.461895    56A     -0.445635    57A     -0.428204  
      58A     -0.404928    59A     -0.400834    60A     -0.395300  
      61A     -0.368207    62A     -0.351937    63A     -0.343592  
      64A     -0.312404    65A     -0.311302  

    Virtual:                                                              

      66A     -0.014797    67A      0.018965    68A      0.036709  
      69A      0.054673    70A      0.057502    71A      0.064700  
      72A      0.067911    73A      0.072946    74A      0.076759  
      75A      0.081436    76A      0.085941    77A      0.092841  
      78A      0.094793    79A      0.096363    80A      0.102791  
      81A      0.107722    82A      0.109889    83A      0.112233  
      84A      0.116743    85A      0.120640    86A      0.126164  
      87A      0.130871    88A      0.133310    89A      0.134831  
      90A      0.140446    91A      0.143656    92A      0.153496  
      93A      0.157097    94A      0.158651    95A      0.160797  
      96A      0.172129    97A      0.172604    98A      0.177627  
      99A      0.180302   100A      0.183751   101A      0.188032  
     102A      0.190249   103A      0.194612   104A      0.195833  
     105A      0.201744   106A      0.204286   107A      0.214845  
     108A      0.216759   109A      0.219324   110A      0.222394  
     111A      0.229945   112A      0.233336   113A      0.236175  
     114A      0.239382   115A      0.242725   116A      0.248062  
     117A      0.256009   118A      0.261012   119A      0.263311  
     120A      0.263423   121A      0.266300   122A      0.268641  
     123A      0.276176   124A      0.279058   125A      0.279149  
     126A      0.286167   127A      0.287115   128A      0.291112  
     129A      0.293867   130A      0.296762   131A      0.300531  
     132A      0.303496   133A      0.305026   134A      0.313935  
     135A      0.315047   136A      0.321294   137A      0.321615  
     138A      0.326400   139A      0.329615   140A      0.337070  
     141A      0.341383   142A      0.345217   143A      0.348098  
     144A      0.353693   145A      0.358347   146A      0.366707  
     147A      0.369801   148A      0.370535   149A      0.372824  
     150A      0.379049   151A      0.385696   152A      0.388515  
     153A      0.389163   154A      0.399735   155A      0.404567  
     156A      0.409120   157A      0.412399   158A      0.419380  
     159A      0.425335   160A      0.433492   161A      0.441901  
     162A      0.446959   163A      0.453041   164A      0.458485  
     165A      0.471377   166A      0.478669   167A      0.483039  
     168A      0.499955   169A      0.513075   170A      0.528731  
     171A      0.547969   172A      0.555984   173A      0.564102  
     174A      0.574600   175A      0.582674   176A      0.592433  
     177A      0.603530   178A      0.610639   179A      0.611492  
     180A      0.615004   181A      0.618367   182A      0.624216  
     183A      0.630308   184A      0.648466   185A      0.658672  
     186A      0.660986   187A      0.670473   188A      0.674602  
     189A      0.684133   190A      0.691487   191A      0.693879  
     192A      0.698108   193A      0.710300   194A      0.723303  
     195A      0.724287   196A      0.731443   197A      0.740183  
     198A      0.746827   199A      0.748777   200A      0.754416  
     201A      0.761921   202A      0.765650   203A      0.781992  
     204A      0.785270   205A      0.788605   206A      0.796129  
     207A      0.810990   208A      0.824980   209A      0.826111  
     210A      0.844673   211A      0.850845   212A      0.859515  
     213A      0.865924   214A      0.871603   215A      0.885461  
     216A      0.887643   217A      0.895853   218A      0.898595  
     219A      0.921010   220A      0.927043   221A      0.948773  
     222A      0.949919   223A      0.954244   224A      0.957631  
     225A      0.967805   226A      0.975780   227A      0.977752  
     228A      0.986181   229A      0.989199   230A      0.993839  
     231A      1.006614   232A      1.022935   233A      1.028475  
     234A      1.041348   235A      1.041867   236A      1.060465  
     237A      1.061009   238A      1.066303   239A      1.071378  
     240A      1.087213   241A      1.095005   242A      1.111634  
     243A      1.122027   244A      1.131005   245A      1.133726  
     246A      1.145900   247A      1.161346   248A      1.165997  
     249A      1.179834   250A      1.192885   251A      1.200242  
     252A      1.211813   253A      1.214976   254A      1.216597  
     255A      1.219682   256A      1.231104   257A      1.251959  
     258A      1.282193   259A      1.287328   260A      1.305331  
     261A      1.312828   262A      1.325516   263A      1.340191  
     264A      1.354190   265A      1.388373   266A      1.400642  
     267A      1.455394   268A      1.466000   269A      1.479915  
     270A      1.507568   271A      1.523145   272A      1.530262  
     273A      1.556382   274A      1.584243   275A      1.590991  
     276A      1.592916   277A      1.602283   278A      1.605349  
     279A      1.612071   280A      1.621518   281A      1.646953  
     282A      1.653570   283A      1.655741   284A      1.657684  
     285A      1.670409   286A      1.674178   287A      1.679832  
     288A      1.692388   289A      1.705519   290A      1.709876  
     291A      1.713354   292A      1.734538   293A      1.744585  
     294A      1.757947   295A      1.765432   296A      1.773032  
     297A      1.801970   298A      1.810464   299A      1.819003  
     300A      1.821316   301A      1.827864   302A      1.852906  
     303A      1.857979   304A      1.876723   305A      1.881139  
     306A      1.885226   307A      1.902129   308A      1.918245  
     309A      1.932411   310A      1.945411   311A      1.968593  
     312A      1.972074   313A      1.978008   314A      1.997953  
     315A      2.020883   316A      2.023642   317A      2.046539  
     318A      2.051015   319A      2.064933   320A      2.071443  
     321A      2.090707   322A      2.105450   323A      2.133407  
     324A      2.137644   325A      2.141902   326A      2.156229  
     327A      2.184255   328A      2.188595   329A      2.217206  
     330A      2.220322   331A      2.237055   332A      2.239248  
     333A      2.272464   334A      2.284597   335A      2.303775  
     336A      2.314654   337A      2.322689   338A      2.346829  
     339A      2.365236   340A      2.366772   341A      2.391985  
     342A      2.418090   343A      2.423850   344A      2.445371  
     345A      2.472926   346A      2.487087   347A      2.517778  
     348A      2.519442   349A      2.524453   350A      2.551127  
     351A      2.553806   352A      2.578660   353A      2.601733  
     354A      2.604353   355A      2.621024   356A      2.633391  
     357A      2.650549   358A      2.657579   359A      2.664364  
     360A      2.675530   361A      2.691561   362A      2.723467  
     363A      2.737569   364A      2.748991   365A      2.770702  
     366A      2.770891   367A      2.787273   368A      2.789424  
     369A      2.813719   370A      2.821302   371A      2.834744  
     372A      2.856643   373A      2.872907   374A      2.876029  
     375A      2.907614   376A      2.912258   377A      2.928746  
     378A      2.950614   379A      2.953835   380A      2.957966  
     381A      2.963299   382A      2.981052   383A      2.983318  
     384A      3.004533   385A      3.007754   386A      3.017677  
     387A      3.034885   388A      3.037703   389A      3.043881  
     390A      3.058629   391A      3.080059   392A      3.112093  
     393A      3.155191   394A      3.171860   395A      3.180200  
     396A      3.258922   397A      3.283595   398A      3.305247  
     399A      3.329153   400A      3.405613   401A      3.430518  
     402A      3.444801   403A      3.456015   404A      3.479938  
     405A      3.507214   406A      3.553259   407A      3.588324  
     408A      3.630850   409A      3.681311   410A      3.707566  
     411A      3.721206   412A      3.746114   413A      3.792925  
     414A      3.819957   415A      3.828950   416A      3.847188  
     417A      3.851242   418A      3.888141   419A      3.961264  
     420A      3.989049   421A      4.011542   422A      4.023246  
     423A      4.035657   424A      4.057691   425A      4.150170  
     426A      4.195783   427A      4.266827   428A      4.336201  
     429A      4.378103   430A      4.521015   431A      4.598152  
     432A      4.928524   433A      4.942545   434A      5.064004  
     435A      5.175156   436A      5.198778   437A      5.401897  
     438A      5.415989   439A      5.901727   440A      8.038116  
     441A     17.480204   442A     17.574081   443A     17.604833  
     444A     23.746013   445A     23.968840   446A     23.985938  
     447A     24.023773   448A     24.028510   449A     24.033702  
     450A     24.047570   451A     24.089531   452A     24.121012  
     453A     24.157540   454A     24.239099   455A     24.316392  
     456A     35.749004   457A     35.773791   458A     35.819843  
     459A     50.150183   460A    189.283802  

    Final Occupation by Irrep:
              A 
    DOCC [    65 ]
    NA   [    65 ]
    NB   [    65 ]

  @DF-RKS Final Energy: -1102.74819220801987

   => Energetics <=

    Nuclear Repulsion Energy =           1179.5504925452046336
    One-Electron Energy =               -3846.5523427893217558
    Two-Electron Energy =                1651.5841220814400003
    DFT Exchange-Correlation Energy =     -87.3129650057033189
    Empirical Dispersion Energy =          -0.0174990396393499
    VV10 Nonlocal Energy =                  0.0000000000000000
    Total Energy =                      -1102.7481922080198729

Computation Completed


Properties will be evaluated at   0.000000,   0.000000,   0.000000 [a0]

Properties computed using the SCF density matrix


 Multipole Moments:

 ------------------------------------------------------------------------------------
     Multipole            Electronic (a.u.)      Nuclear  (a.u.)        Total (a.u.)
 ------------------------------------------------------------------------------------

 L = 1.  Multiply by 2.5417464519 to convert [e a0] to [Debye]
 Dipole X            :         50.1421206          -49.0195189            1.1226017
 Dipole Y            :          6.0838973           -7.0684768           -0.9845795
 Dipole Z            :         33.0687561          -32.2925138            0.7762423
 Magnitude           :                                                    1.6829093

 ------------------------------------------------------------------------------------

*** tstop() called on eristm01.eisai.local at Wed May 20 10:47:06 2026
Module time:
	user time   =     320.31 seconds =       5.34 minutes
	system time =      14.15 seconds =       0.24 minutes
	total time  =         45 seconds =       0.75 minutes
Total time:
	user time   =   56887.54 seconds =     948.13 minutes
	system time =    1994.50 seconds =      33.24 minutes
	total time  =       8092 seconds =     134.87 minutes

*** tstart() called on eristm01.eisai.local
*** at Wed May 20 10:47:06 2026


         ------------------------------------------------------------
                                   SCF GRAD                          
                          Rob Parrish, Justin Turney,                
                       Andy Simmonett, and Alex Sokolov              
         ------------------------------------------------------------

  ==> Geometry <==

    Molecular point group: c1
    Full point group: C1

    Geometry (in Angstrom), charge = 0, multiplicity = 1:

       Center              X                  Y                   Z               Mass       
    ------------   -----------------  -----------------  -----------------  -----------------
         C           -5.888889579727    -0.174476914441     0.671042440278    12.000000000000
         N           -5.507595392556    -1.409169916706     1.093064023301    14.003074004430
         C           -4.235024079264    -1.689361334878     0.989842225292    12.000000000000
         H           -3.913115257576    -2.675045854719     1.323436414083     1.007825032230
         C           -3.286895328000    -0.773917410026     0.472196821543    12.000000000000
         C           -1.908842478142    -1.048029496197     0.356112935470    12.000000000000
         C           -1.055174790155    -0.097726158275    -0.154023898469    12.000000000000
         N            0.312452157215    -0.414220957488    -0.238984981230    14.003074004430
         C            1.363792254234     0.352786314956    -0.685368170502    12.000000000000
         O            1.246735665051     1.469405287992    -1.140344445449    15.994914619570
         C            2.712238023931    -0.339680239063    -0.535263105291    12.000000000000
         C            3.846449082436     0.472114955461    -1.144534935126    12.000000000000
         S            5.478087487691    -0.303267401431    -0.958679836002    31.972071174400
         C            5.748402365226    -0.059120482752     0.816648952865    12.000000000000
         C           -1.570158669968     1.162132104306    -0.569232656503    12.000000000000
         H           -0.887576682616     1.896273146557    -0.969920060835     1.007825032230
         C           -2.905735033890     1.434632547210    -0.460782991715    12.000000000000
         C           -3.801453522971     0.475557990786     0.065034538621    12.000000000000
         N           -5.126859342520     0.761420499016     0.173551874315    14.003074004430
         H           -6.948347194332     0.044258977050     0.763430137168     1.007825032230
         H           -1.535216714440    -2.016403351857     0.677852167000     1.007825032230
         H            0.556986257711    -1.330645673416     0.102274360370     1.007825032230
         H            2.886931618660    -0.500392384965     0.534632143971     1.007825032230
         H            2.671051508522    -1.331377861391    -0.997803961557     1.007825032230
         H            3.694952824839     0.585138355588    -2.219146957114     1.007825032230
         H            3.872802812866     1.477385395493    -0.720886941496     1.007825032230
         H            5.070178399680    -0.662940785612     1.421832440133     1.007825032230
         H            5.643724375040     0.995175801775     1.080020275473     1.007825032230
         H            6.771075458443    -0.372051135584     1.028503945433     1.007825032230
         H           -3.304976225388     2.391506004321    -0.774502754029     1.007825032230

  Nuclear repulsion = 1179.550492545204634

  ==> Basis Set <==

  Basis Set: 6-311+G(D,P)
    Blend: 6-311+G(D,P)
    Number of shells: 226
    Number of basis functions: 460
    Number of Cartesian functions: 477
    Spherical Harmonics?: true
    Max angular momentum: 2

  ==> DFJKGrad: Density-Fitted SCF Gradients <==

    Gradient:                    1
    J tasked:                  Yes
    K tasked:                  Yes
    wK tasked:                 Yes
    Omega:               2.000E-01
    OpenMP threads:              8
    Integrals threads:           8
    Memory [MiB]:             5722
    Schwarz Cutoff:          1E-12
    Fitting Condition:       1E-10

   => Auxiliary Basis Set <=

  Basis Set: (6-311+G(D,P) AUX)
    Blend: HEAVY-AUG-CC-PVTZ-JKFIT
    Number of shells: 652
    Number of basis functions: 2200
    Number of Cartesian functions: 2731
    Spherical Harmonics?: true
    Max angular momentum: 4

  ==> DFT Potential <==

   => LibXC <=

    Version 7.0.0
    S. Lehtola, C. Steigemann, M. J.T. Oliveira, and M. A.L. Marques.,  SoftwareX 7, 1–5 (2018) (10.1016/j.softx.2017.11.002)

   => Composite Functional: WB97X-D <= 

    wB97X-D Hyb-GGA Exchange-Correlation Functional

    J.-D. Chai and M. Head-Gordon.,  Phys. Chem. Chem. Phys. 10, 6615-6620 (2008) (10.1039/B810189B)

    Deriv               =              1
    GGA                 =           TRUE
    Meta                =          FALSE

    Exchange Hybrid     =           TRUE
    MP2 Hybrid          =          FALSE

   => Exchange-Correlation Functionals <=

    1.0000   wB97X-D range-separated functional

   => Exact (HF) Exchange <=

    0.7780            HF,LR [omega = 0.2000]
    0.2220               HF 

   => LibXC Density Thresholds  <==

    XC_HYB_GGA_XC_WB97X_D:  1.00E-14 

   => Molecular Quadrature <=

    Radial Scheme          =       TREUTLER
    Pruning Scheme         =           NONE
    Nuclear Scheme         =       TREUTLER

    Blocking Scheme        =         OCTREE
    BS radius alpha        =              1
    Pruning alpha          =              1
    Radial Points          =             75
    Spherical Points       =            302
    Total Points           =         627648
    Total Blocks           =           4566
    Max Points             =            256
    Max Functions          =            324
    Weights Tolerance      =       1.00E-15


  -Total Gradient:
     Atom            X                  Y                   Z
    ------   -----------------  -----------------  -----------------
       1        0.000025491942     0.000056111140     0.000018869311
       2        0.000053747959     0.000092099810     0.000006568021
       3       -0.000024029824    -0.000033085631     0.000052107216
       4       -0.000003426993     0.000048717841     0.000055861990
       5       -0.000017347242    -0.000016245877     0.000023006201
       6        0.000028822828    -0.000009820516     0.000009262322
       7        0.000036418576    -0.000083015427    -0.000003710119
       8        0.000007734181     0.000083188858     0.000014786283
       9       -0.000030260646    -0.000034153274    -0.000055589411
      10        0.000041109876    -0.000100450264    -0.000029142954
      11        0.000012899999    -0.000019388691    -0.000012034092
      12        0.000061497620    -0.000079309334    -0.000077664055
      13       -0.000035840403    -0.000020663431     0.000023035971
      14        0.000034511284     0.000012642650    -0.000129697423
      15       -0.000038991612    -0.000008779220    -0.000036033756
      16       -0.000020697648    -0.000061976046    -0.000028736638
      17        0.000008057494     0.000044246999    -0.000050483377
      18        0.000046245911     0.000024592440    -0.000013505145
      19       -0.000033726032    -0.000117868327     0.000051582490
      20        0.000010953226     0.000001689444     0.000020895422
      21       -0.000010192773     0.000027255339     0.000026903446
      22       -0.000012033994    -0.000024596239    -0.000011371381
      23        0.000038898453    -0.000014675173    -0.000012956446
      24        0.000001564940    -0.000008778190    -0.000017675466
      25       -0.000005879464    -0.000065367148    -0.000058899668
      26        0.000005241224    -0.000050152601    -0.000067772849
      27       -0.000005735042    -0.000005836810    -0.000068025645
      28        0.000018206181    -0.000018033297    -0.000107499846
      29       -0.000005606544     0.000014524393    -0.000037214262
      30        0.000003404170    -0.000054678320    -0.000024394151


*** tstop() called on eristm01.eisai.local at Wed May 20 10:47:25 2026
Module time:
	user time   =     135.51 seconds =       2.26 minutes
	system time =       1.73 seconds =       0.03 minutes
	total time  =         19 seconds =       0.32 minutes
Total time:
	user time   =   57023.07 seconds =     950.38 minutes
	system time =    1996.23 seconds =      33.27 minutes
	total time  =       8111 seconds =     135.18 minutes

    			-----------------------------------------

    			 OPTKING 3.0: for geometry optimizations 

    			     By R.A. King, Bethel University     

    			        with contributions from          

    			    A.V. Copan, J. Cayton, A. Heide      

    			-----------------------------------------

    
	                            ===> Fragment 1 <== 

	 Z (Atomic Numbers)          Masses                          Geom                  
	       6.000000            12.000000        -11.12838849  -0.32971358   1.26808643 
	       7.000000            14.003074        -10.40784690  -2.66294521   2.06559164 
	       6.000000            12.000000         -8.00303564 -3.19243025  1.87053071   
	       1.000000             1.007825         -7.39471613 -5.05510404  2.50093237   
	       6.000000            12.000000         -6.21133197 -1.46249195  0.89232267   
	       6.000000            12.000000         -3.60718950 -1.98048872  0.67295592   
	       6.000000            12.000000         -1.99399137 -0.18467567 -0.29106298   
	       7.000000            14.003074          0.59044900 -0.78276417 -0.45161616   
	       6.000000            12.000000          2.57719385  0.66666952 -1.29515814   
	       8.000000            15.994915          2.35598896  2.77677356 -2.15493869   
	       6.000000            12.000000          5.12538705 -0.64190262 -1.01150067   
	       6.000000            12.000000          7.26873532  0.89216797 -2.16285757   
	      16.000000            31.972071         10.35208504 -0.57309233 -1.81164233   
	       6.000000            12.000000         10.86290613 -0.11172152  1.54324286   
	       6.000000            12.000000         -2.96716986  2.19611140 -1.07569382   
	       1.000000             1.007825         -1.67727685  3.58343691 -1.83288328   
	       6.000000            12.000000         -5.49104341  2.71106260 -0.87075366   
	       6.000000            12.000000         -7.18370604  0.89867436  0.12289747   
	       7.000000            14.003074         -9.68836004  1.43887621  0.32796551   
	       1.000000             1.007825        -13.13047322   0.08363735   1.44267388 
	       1.000000             1.007825         -2.90113913 -3.81045009  1.28095495   
	       1.000000             1.007825          1.05255148 -2.51455589  0.19327053   
	       1.000000             1.007825          5.45551010 -0.94560456  1.01030833   
	       1.000000             1.007825          5.04755582 -2.51593953 -1.88557621   
	       1.000000             1.007825          6.98244889  1.10575124 -4.19357998   
	       1.000000             1.007825          7.31853665  2.79185378 -1.36227889   
	       1.000000             1.007825          9.58124858 -1.25277652  2.68687391   
	       1.000000             1.007825         10.66509340   1.88060971   2.04094253 
	       1.000000             1.007825         12.79547819 -0.70307475  1.94359078   
	       1.000000             1.007825         -6.24549992  4.51929138 -1.46359809   

	 - Coordinate -           - BOHR/RAD -       - ANG/DEG -
	 H(2,4)           =         3.871809           2.048873
	 R(1,2)           =         2.568884           1.359395
	 R(1,19)          =         2.466864           1.305408
	 R(1,20)          =         2.051751           1.085740
	 R(2,3)           =         2.470126           1.307134
	 R(3,4)           =         2.058400           1.089259
	 R(3,5)           =         2.675776           1.415960
	 R(5,6)           =         2.664207           1.409838
	 R(5,18)          =         2.666952           1.411290
	 R(6,7)           =         2.599362           1.375523
	 R(6,21)          =         2.053516           1.086674
	 R(7,8)           =         2.657597           1.406340
	 R(7,15)          =         2.689028           1.422972
	 R(8,9)           =         2.599918           1.375818
	 R(8,22)          =         1.904867           1.008012
	 R(9,10)          =         2.289256           1.211422
	 R(9,11)          =         2.878561           1.523269
	 R(11,12)         =         2.876271           1.522057
	 R(11,23)         =         2.070973           1.095912
	 R(11,24)         =         2.069319           1.095036
	 R(12,13)         =         3.431820           1.816041
	 R(12,25)         =         2.061895           1.091108
	 R(12,26)         =         2.062089           1.091211
	 R(13,14)         =         3.424771           1.812311
	 R(14,27)         =         2.062170           1.091253
	 R(14,28)         =         2.063060           1.091725
	 R(14,29)         =         2.060294           1.090261
	 R(15,16)         =         2.040057           1.079552
	 R(15,17)         =         2.584011           1.367400
	 R(17,18)         =         2.671554           1.413725
	 R(17,30)         =         2.047037           1.083245
	 R(18,19)         =         2.570440           1.360218
	 B(1,2,3)         =         2.030015         116.311307
	 B(1,19,18)       =         2.035929         116.650121
	 B(2,1,19)        =         2.221502         127.282713
	 B(2,1,20)        =         2.015581         115.484283
	 B(2,3,4)         =         2.045983         117.226190
	 B(2,3,5)         =         2.143826         122.832186
	 B(3,5,6)         =         2.163861         123.980111
	 B(3,5,18)        =         2.019417         115.704099
	 B(4,3,5)         =         2.093376         119.941599
	 B(5,6,7)         =         2.097671         120.187672
	 B(5,6,21)        =         2.077110         119.009642
	 B(5,18,17)       =         2.067940         118.484241
	 B(5,18,19)       =         2.115677         121.219376
	 B(6,5,18)        =         2.099902         120.315544
	 B(6,7,8)         =         2.060604         118.063890
	 B(6,7,15)        =         2.088959         119.688506
	 B(7,6,21)        =         2.108400         120.802409
	 B(7,8,9)         =         2.261733         129.587780
	 B(7,8,22)        =         2.004309         114.838420
	 B(7,15,16)       =         2.073234         118.787550
	 B(7,15,17)       =         2.102245         120.449749
	 B(8,7,15)        =         2.133611         122.246890
	 B(8,9,10)        =         2.167453         124.185881
	 B(8,9,11)        =         1.972571         113.019991
	 B(9,8,22)        =         2.016732         115.550259
	 B(9,11,12)       =         1.958167         112.194705
	 B(9,11,23)       =         1.879661         107.696626
	 B(9,11,24)       =         1.914285         109.680423
	 B(10,9,11)       =         2.143093         122.790184
	 B(11,12,13)      =         1.983216         113.629917
	 B(11,12,25)      =         1.924128         110.244390
	 B(11,12,26)      =         1.932573         110.728269
	 B(12,11,23)      =         1.928604         110.500844
	 B(12,11,24)      =         1.919804         109.996662
	 B(12,13,14)      =         1.748473         100.180123
	 B(13,12,25)      =         1.843949         105.650501
	 B(13,12,26)      =         1.909119         109.384490
	 B(13,14,27)      =         1.956290         112.087174
	 B(13,14,28)      =         1.930628         110.616818
	 B(13,14,29)      =         1.866688         106.953318
	 B(15,17,18)      =         2.109643         120.873616
	 B(15,17,30)      =         2.109529         120.867113
	 B(16,15,17)      =         2.107707         120.762698
	 B(17,18,19)      =         2.099567         120.296314
	 B(18,17,30)      =         2.064013         118.259236
	 B(19,1,20)       =         2.046102         117.233000
	 B(23,11,24)      =         1.860385         106.592199
	 B(25,12,26)      =         1.865329         106.875473
	 B(27,14,28)      =         1.918752         109.936415
	 B(27,14,29)      =         1.892728         108.445315
	 B(28,14,29)      =         1.896785         108.677754
	 D(1,2,3,4)       =        -3.141234        -179.979478
	 D(1,2,3,5)       =         0.001362           0.078043
	 D(1,19,18,5)     =         0.000709           0.040646
	 D(1,19,18,17)    =         3.143992         180.137447
	 D(2,1,19,18)     =        -0.002127          -0.121882
	 D(2,3,5,6)       =         3.135941         179.676192
	 D(2,3,5,18)      =        -0.002505          -0.143508
	 D(3,2,1,19)      =         0.001111           0.063641
	 D(3,2,1,20)      =         3.142279         180.039333
	 D(3,5,6,7)       =        -3.137014        -179.737649
	 D(3,5,6,21)      =         0.001258           0.072104
	 D(3,5,18,17)     =        -3.141848        -180.014619
	 D(3,5,18,19)     =         0.001405           0.080472
	 D(4,3,5,6)       =        -0.004621          -0.264782
	 D(4,3,5,18)      =        -3.143067        -180.084482
	 D(5,6,7,8)       =         3.132056         179.453612
	 D(5,6,7,15)      =        -0.004295          -0.246083
	 D(5,18,17,15)    =        -0.003849          -0.220547
	 D(5,18,17,30)    =         3.138930         179.847419
	 D(6,5,18,17)     =         0.002768           0.158573
	 D(6,5,18,19)     =        -3.137165        -179.746335
	 D(6,7,8,9)       =        -3.123153        -178.943512
	 D(6,7,8,22)      =        -0.014119          -0.808971
	 D(6,7,15,16)     =        -3.138745        -179.836830
	 D(6,7,15,17)     =         0.003242           0.185743
	 D(7,6,5,18)      =         0.001294           0.074159
	 D(7,8,9,10)      =        -0.047451          -2.718731
	 D(7,8,9,11)      =         3.081813         176.574868
	 D(7,15,17,18)    =         0.000899           0.051494
	 D(7,15,17,30)    =        -3.141911        -180.018251
	 D(8,7,6,21)      =        -0.006156          -0.352686
	 D(8,7,15,16)     =         0.008316           0.476494
	 D(8,7,15,17)     =        -3.132882        -179.500932
	 D(8,9,11,12)     =         3.054312         174.999166
	 D(8,9,11,23)     =        -1.102760         -63.183480
	 D(8,9,11,24)     =         0.915256          52.440301
	 D(9,8,7,15)      =         0.013056           0.748025
	 D(9,11,12,13)    =        -3.161177        -181.122128
	 D(9,11,12,25)    =        -1.095186         -62.749535
	 D(9,11,12,26)    =         0.965342          55.310030
	 D(10,9,8,22)     =         3.126891         179.157666
	 D(10,9,11,12)    =        -0.099413          -5.695941
	 D(10,9,11,23)    =         2.026701         116.121414
	 D(10,9,11,24)    =        -2.238469        -128.254806
	 D(11,9,8,22)     =        -0.027031          -1.548735
	 D(11,12,13,14)   =        -1.255096         -71.911708
	 D(12,13,14,27)   =         1.198384          68.662326
	 D(12,13,14,28)   =        -0.949788         -54.418865
	 D(12,13,14,29)   =        -3.012582        -172.608225
	 D(13,12,11,23)   =         1.024091          58.676101
	 D(13,12,11,24)   =        -1.025251         -58.742566
	 D(14,13,12,25)   =         2.916511         167.103762
	 D(14,13,12,26)   =         0.914297          52.385346
	 D(15,7,6,21)     =         3.140678         179.947619
	 D(15,7,8,22)     =        -3.161096        -181.117433
	 D(15,17,18,19)   =         3.136100         179.685268
	 D(16,15,17,18)   =         3.142893         180.074516
	 D(16,15,17,30)   =         0.000083           0.004772
	 D(18,5,6,21)     =        -3.143619        -180.116088
	 D(18,19,1,20)    =        -3.143289        -180.097203
	 D(19,18,17,30)   =        -0.004307          -0.246765
	 D(23,11,12,25)   =         3.090083         177.048694
	 D(23,11,12,26)   =        -1.132575         -64.891741
	 D(24,11,12,25)   =         1.040740          59.630027
	 D(24,11,12,26)   =         3.101268         177.689591


	        --- Internal Coordinate Step in ANG or DEG, aJ/ANG or AJ/DEG ---
	-------------------------------------------------------------------------------
	           Coordinate      Previous         Force          Change          New 
	           ----------      --------        ------          ------        ------
	               H(2,4)       2.04887        0.00012       -0.00005       2.04882
	               R(1,2)       1.35939        0.00050        0.00013       1.35953
	              R(1,19)       1.30541        0.00082       -0.00006       1.30535
	              R(1,20)       1.08574        0.00002        0.00001       1.08575
	               R(2,3)       1.30713        0.00011       -0.00008       1.30705
	               R(3,4)       1.08926        0.00017        0.00002       1.08928
	               R(3,5)       1.41596       -0.00009        0.00008       1.41604
	               R(5,6)       1.40984       -0.00030       -0.00007       1.40976
	              R(5,18)       1.41129       -0.00001        0.00001       1.41130
	               R(6,7)       1.37552       -0.00013        0.00003       1.37556
	              R(6,21)       1.08667        0.00025        0.00003       1.08671
	               R(7,8)       1.40634       -0.00035        0.00001       1.40635
	              R(7,15)       1.42297       -0.00028       -0.00005       1.42292
	               R(8,9)       1.37582       -0.00025       -0.00002       1.37580
	              R(8,22)       1.00801       -0.00001        0.00001       1.00802
	              R(9,10)       1.21142        0.00058        0.00002       1.21144
	              R(9,11)       1.52327       -0.00035       -0.00001       1.52325
	             R(11,12)       1.52206       -0.00020        0.00002       1.52208
	             R(11,23)       1.09591       -0.00018       -0.00003       1.09588
	             R(11,24)       1.09504        0.00020        0.00001       1.09504
	             R(12,13)       1.81604        0.00052        0.00015       1.81619
	             R(12,25)       1.09111       -0.00002       -0.00002       1.09109
	             R(12,26)       1.09121        0.00009        0.00000       1.09121
	             R(13,14)       1.81231        0.00086        0.00028       1.81259
	             R(14,27)       1.09125       -0.00003       -0.00002       1.09123
	             R(14,28)       1.09172        0.00018        0.00001       1.09174
	             R(14,29)       1.09026        0.00016       -0.00000       1.09026
	             R(15,16)       1.07955        0.00036        0.00003       1.07958
	             R(15,17)       1.36740        0.00009        0.00005       1.36745
	             R(17,18)       1.41373        0.00014       -0.00005       1.41367
	             R(17,30)       1.08325        0.00027        0.00002       1.08327
	             R(18,19)       1.36022       -0.00010        0.00006       1.36028
	             B(1,2,3)     116.31131       -0.00000       -0.00503     116.30627
	           B(1,19,18)     116.65012       -0.00000       -0.00160     116.64852
	            B(2,1,19)     127.28271        0.00000        0.00495     127.28766
	            B(2,1,20)     115.48428       -0.00000       -0.00833     115.47595
	             B(2,3,4)     117.22619       -0.00000        0.00042     117.22661
	             B(2,3,5)     122.83219        0.00000        0.00255     122.83474
	             B(3,5,6)     123.98011       -0.00000       -0.00176     123.97835
	            B(3,5,18)     115.70410        0.00000        0.00072     115.70482
	             B(4,3,5)     119.94160       -0.00000       -0.00297     119.93863
	             B(5,6,7)     120.18767       -0.00000       -0.00149     120.18618
	            B(5,6,21)     119.00964        0.00000        0.00141     119.01105
	           B(5,18,17)     118.48424       -0.00000        0.00089     118.48513
	           B(5,18,19)     121.21938        0.00000       -0.00168     121.21769
	            B(6,5,18)     120.31554        0.00000        0.00095     120.31650
	             B(6,7,8)     118.06389       -0.00000       -0.01136     118.05253
	            B(6,7,15)     119.68851        0.00000        0.00197     119.69047
	            B(7,6,21)     120.80241       -0.00000       -0.00002     120.80239
	             B(7,8,9)     129.58778       -0.00000       -0.00483     129.58295
	            B(7,8,22)     114.83842        0.00000       -0.00090     114.83752
	           B(7,15,16)     118.78755        0.00000        0.00349     118.79104
	           B(7,15,17)     120.44975       -0.00000       -0.00225     120.44750
	            B(8,7,15)     122.24689       -0.00000        0.00923     122.25612
	            B(8,9,10)     124.18588        0.00000        0.00921     124.19509
	            B(8,9,11)     113.01999       -0.00001       -0.01514     113.00485
	            B(9,8,22)     115.55026        0.00000       -0.00253     115.54773
	           B(9,11,12)     112.19471        0.00000       -0.00893     112.18578
	           B(9,11,23)     107.69663       -0.00000       -0.00890     107.68773
	           B(9,11,24)     109.68042       -0.00000       -0.00399     109.67644
	           B(10,9,11)     122.79018        0.00001        0.00558     122.79576
	          B(11,12,13)     113.62992       -0.00000        0.01462     113.64454
	          B(11,12,25)     110.24439        0.00000       -0.02057     110.22382
	          B(11,12,26)     110.72827        0.00000       -0.00303     110.72524
	          B(12,11,23)     110.50084       -0.00000       -0.00592     110.49492
	          B(12,11,24)     109.99666        0.00000        0.02380     110.02046
	          B(12,13,14)     100.18012        0.00001        0.04191     100.22203
	          B(13,12,25)     105.65050       -0.00000        0.00696     105.65746
	          B(13,12,26)     109.38449        0.00000        0.00043     109.38492
	          B(13,14,27)     112.08717        0.00000        0.01448     112.10165
	          B(13,14,28)     110.61682        0.00000        0.00441     110.62123
	          B(13,14,29)     106.95332       -0.00000       -0.00056     106.95275
	          B(15,17,18)     120.87362        0.00000       -0.00041     120.87321
	          B(15,17,30)     120.86711       -0.00000       -0.00486     120.86225
	          B(16,15,17)     120.76270        0.00000       -0.00125     120.76145
	          B(17,18,19)     120.29631       -0.00000        0.00077     120.29708
	          B(18,17,30)     118.25924        0.00000        0.00525     118.26448
	           B(19,1,20)     117.23300       -0.00000        0.00338     117.23638
	          B(23,11,24)     106.59220       -0.00000        0.00383     106.59603
	          B(25,12,26)     106.87547       -0.00000        0.00122     106.87669
	          B(27,14,28)     109.93642       -0.00000       -0.01060     109.92581
	          B(27,14,29)     108.44532       -0.00000       -0.00472     108.44060
	          B(28,14,29)     108.67775        0.00000       -0.00337     108.67438
	           D(1,2,3,4)    -179.97948        0.00000        0.00833    -179.97115
	           D(1,2,3,5)       0.07804        0.00000        0.01244       0.09048
	         D(1,19,18,5)       0.04065        0.00000       -0.00050       0.04015
	        D(1,19,18,17)     180.13745        0.00000        0.01879     180.15623
	         D(2,1,19,18)      -0.12188        0.00000       -0.02361      -0.14549
	           D(2,3,5,6)     179.67619       -0.00000       -0.06170     179.61449
	          D(2,3,5,18)      -0.14351       -0.00000       -0.03265      -0.17615
	          D(3,2,1,19)       0.06364       -0.00000        0.01790       0.08154
	          D(3,2,1,20)     180.03933        0.00000        0.03149     180.07082
	           D(3,5,6,7)    -179.73765        0.00000        0.04640    -179.69125
	          D(3,5,6,21)       0.07210        0.00000        0.01472       0.08683
	         D(3,5,18,17)    -180.01462       -0.00000        0.00722    -180.00740
	         D(3,5,18,19)       0.08047       -0.00000        0.02617       0.10664
	           D(4,3,5,6)      -0.26478       -0.00000       -0.05749      -0.32227
	          D(4,3,5,18)    -180.08448       -0.00000       -0.02844    -180.11292
	           D(5,6,7,8)     179.45361       -0.00000       -0.09042     179.36319
	          D(5,6,7,15)      -0.24608       -0.00000       -0.05840      -0.30449
	        D(5,18,17,15)      -0.22055       -0.00000       -0.04405      -0.26460
	        D(5,18,17,30)     179.84742       -0.00000       -0.02767     179.81975
	         D(6,5,18,17)       0.15857       -0.00000        0.03513       0.19371
	         D(6,5,18,19)    -179.74634        0.00000        0.05408    -179.69225
	           D(6,7,8,9)    -178.94351        0.00000        0.19968    -178.74383
	          D(6,7,8,22)      -0.80897        0.00000       -0.10307      -0.91204
	         D(6,7,15,16)    -179.83683        0.00000        0.03669    -179.80014
	         D(6,7,15,17)       0.18574       -0.00000        0.04985       0.23560
	          D(7,6,5,18)       0.07416        0.00000        0.01607       0.09023
	          D(7,8,9,10)      -2.71873       -0.00000       -0.23597      -2.95470
	          D(7,8,9,11)     176.57487       -0.00000       -0.26700     176.30787
	        D(7,15,17,18)       0.05149        0.00000        0.00225       0.05374
	        D(7,15,17,30)    -180.01825        0.00000       -0.01456    -180.03281
	          D(8,7,6,21)      -0.35269       -0.00000       -0.05817      -0.41086
	         D(8,7,15,16)       0.47649        0.00000        0.07017       0.54666
	         D(8,7,15,17)    -179.50093        0.00000        0.08333    -179.41760
	         D(8,9,11,12)     174.99917        0.00000        0.31209     175.31125
	         D(8,9,11,23)     -63.18348        0.00000        0.29304     -62.89044
	         D(8,9,11,24)      52.44030        0.00000        0.29060      52.73090
	          D(9,8,7,15)       0.74803        0.00000        0.16677       0.91479
	        D(9,11,12,13)    -181.12213        0.00000        0.12100    -181.00113
	        D(9,11,12,25)     -62.74953       -0.00000        0.12512     -62.62442
	        D(9,11,12,26)      55.31003       -0.00000        0.11189      55.42192
	         D(10,9,8,22)     179.15767        0.00000        0.06852     179.22619
	        D(10,9,11,12)      -5.69594        0.00000        0.28159      -5.41436
	        D(10,9,11,23)     116.12141        0.00000        0.26254     116.38396
	        D(10,9,11,24)    -128.25481       -0.00000        0.26010    -127.99470
	         D(11,9,8,22)      -1.54873        0.00000        0.03749      -1.51124
	       D(11,12,13,14)     -71.91171        0.00000        0.07802     -71.83369
	       D(12,13,14,27)      68.66233        0.00000       -0.11396      68.54836
	       D(12,13,14,28)     -54.41887       -0.00000       -0.11379     -54.53266
	       D(12,13,14,29)    -172.60823       -0.00000       -0.11182    -172.72005
	       D(13,12,11,23)      58.67610        0.00000        0.14237      58.81847
	       D(13,12,11,24)     -58.74257        0.00000        0.12672     -58.61584
	       D(14,13,12,25)     167.10376        0.00000        0.09019     167.19395
	       D(14,13,12,26)      52.38535        0.00000        0.08498      52.47032
	         D(15,7,6,21)     179.94762        0.00000       -0.02616     179.92146
	         D(15,7,8,22)    -181.11743       -0.00000       -0.13598    -181.25341
	       D(15,17,18,19)     179.68527       -0.00000       -0.06282     179.62245
	       D(16,15,17,18)     180.07452        0.00000        0.01567     180.09019
	       D(16,15,17,30)       0.00477        0.00000       -0.00113       0.00364
	         D(18,5,6,21)    -180.11609       -0.00000       -0.01560    -180.13169
	        D(18,19,1,20)    -180.09720       -0.00000       -0.03741    -180.13461
	       D(19,18,17,30)      -0.24677       -0.00000       -0.04644      -0.29320
	       D(23,11,12,25)     177.04869        0.00000        0.14649     177.19519
	       D(23,11,12,26)     -64.89174        0.00000        0.13326     -64.75848
	       D(24,11,12,25)      59.63003        0.00000        0.13085      59.76087
	       D(24,11,12,26)     177.68959        0.00000        0.11762     177.80721
	-------------------------------------------------------------------------------

	                                 ==> Convergence Check <==                                  
    
	Measures of convergence in internal coordinates in au.
    
	Criteria marked as inactive (o), active & met (*), and active & unmet ( ).

	----------------------------------------------------------------------------------------------
	   Step    Total Energy     Delta E     Max Force     RMS Force      Max Disp      RMS Disp   
	----------------------------------------------------------------------------------------------
	  Convergence Criteria     1.00e-06 *    3.00e-04 *             o    1.20e-03 *             o
	----------------------------------------------------------------------------------------------
	    10   -1102.74819221   -4.54e-06      1.53e-04 *    3.16e-05 o    5.45e-03      1.43e-03 o  ~
	----------------------------------------------------------------------------------------------

Next Geometry in Ang 
	Fragment 1 (Ang)

	    C  -5.8862815216  -0.1728256762   0.6797765646
	    N  -5.5041736027  -1.4073280192   1.1020432138
	    C  -4.2322288538  -1.6883389894   0.9944582254
	    H  -3.9096319199  -2.6738343930   1.3280007136
	    C  -3.2853928509  -0.7739887378   0.4723249972
	    C  -1.9078257952  -1.0486339359   0.3526800958
	    C  -1.0552989586  -0.0990713894  -0.1608262219
	    N   0.3122349139  -0.4155793531  -0.2473887822
	    C   1.3631785684   0.3520161359  -0.6936395567
	    O   1.2454834048   1.4676964804  -1.1507899122
	    C   2.7122029669  -0.3384152282  -0.5395540681
	    C   3.8474094835   0.4771817815  -1.1419017870
	    S   5.4796486252  -0.2969060762  -0.9544697747
	    C   5.7445237078  -0.0626449983   0.8232980700
	    C  -1.5712077380   1.1600192142  -0.5770282072
	    H  -0.8896323334   1.8933773799  -0.9809280950
	    C  -2.9064718440   1.4329542890  -0.4652779924
	    C  -3.8007759648   0.4751043457   0.0650151478
	    N  -5.1256795345   0.7618441908   0.1779716296
	    H  -6.9451988016   0.0467558372   0.7763404560
	    H  -1.5334860635  -2.0166245625   0.6748491117
	    H   0.5576661509  -1.3306659778   0.0968323570
	    H   2.8825969719  -0.5012259984   0.5306868823
	    H   2.6746008140  -1.3291199731  -1.0045408567
	    H   3.6987420245   0.5944150672  -2.2164387036
	    H   3.8712023915   1.4807276717  -0.7140329524
	    H   5.0641359699  -0.6692355238   1.4232238377
	    H   5.6396749972   0.9902494630   1.0922067821
	    H   6.7663378407  -0.3773498647   1.0366527409
	    H  -3.3063530486   2.3894068623  -0.7795439152


    Structure for next step:
    Molecular point group: c1
    Full point group: C1

    Geometry (in Angstrom), charge = 0, multiplicity = 1:

    C           -5.886281521597    -0.172825676152     0.679776564590
    N           -5.504173602701    -1.407328019240     1.102043213807
    C           -4.232228853849    -1.688338989413     0.994458225358
    H           -3.909631919900    -2.673834393045     1.328000713552
    C           -3.285392850933    -0.773988737803     0.472324997173
    C           -1.907825795176    -1.048633935884     0.352680095809
    C           -1.055298958602    -0.099071389391    -0.160826221934
    N            0.312234913852    -0.415579353091    -0.247388782216
    C            1.363178568407     0.352016135948    -0.693639556748
    O            1.245483404794     1.467696480423    -1.150789912152
    C            2.712202966902    -0.338415228201    -0.539554068065
    C            3.847409483549     0.477181781483    -1.141901786996
    S            5.479648625189    -0.296906076179    -0.954469774685
    C            5.744523707814    -0.062644998299     0.823298069988
    C           -1.571207737971     1.160019214243    -0.577028207243
    H           -0.889632333396     1.893377379875    -0.980928095045
    C           -2.906471843985     1.432954288954    -0.465277992437
    C           -3.800775964751     0.475104345680     0.065015147802
    N           -5.125679534545     0.761844190811     0.177971629640
    H           -6.945198801553     0.046755837188     0.776340455988
    H           -1.533486063541    -2.016624562515     0.674849111712
    H            0.557666150900    -1.330665977844     0.096832357046
    H            2.882596971857    -0.501225998434     0.530686882314
    H            2.674600814025    -1.329119973114    -1.004540856726
    H            3.698742024456     0.594415067242    -2.216438703579
    H            3.871202391513     1.480727671700    -0.714032952403
    H            5.064135969908    -0.669235523839     1.423223837671
    H            5.639674997155     0.990249462992     1.092206782101
    H            6.766337840738    -0.377349864659     1.036652740923
    H           -3.306353048559     2.389406862275    -0.779543915244


Scratch directory: /tmp/
gradient() will perform analytic gradient computation.
   => Libint2 <=

    Primary   basis highest AM E, G, H:  7, 6, 3
    Auxiliary basis highest AM E, G, H:  7, 7, 4
    Onebody   basis highest AM E, G, H:  -, -, -
    Solid Harmonics ordering:            Gaussian

*** tstart() called on eristm01.eisai.local
*** at Wed May 20 10:47:26 2026

   => Loading Basis Set <=

    Name: 6-311+G(D,P)
    Role: ORBITAL
    Keyword: BASIS
    atoms 1, 3, 5-7, 9, 11-12, 14-15, 17-18 entry C          line   129 file /home2/shbae/bucket/covalent/.pixi/envs/default/share/psi4/basis/6-311pg_d_p_.gbs 
    atoms 2, 8, 19                          entry N          line   150 file /home2/shbae/bucket/covalent/.pixi/envs/default/share/psi4/basis/6-311pg_d_p_.gbs 
    atoms 4, 16, 20-30                      entry H          line    42 file /home2/shbae/bucket/covalent/.pixi/envs/default/share/psi4/basis/6-311pg_d_p_.gbs 
    atoms 10                                entry O          line   171 file /home2/shbae/bucket/covalent/.pixi/envs/default/share/psi4/basis/6-311pg_d_p_.gbs 
    atoms 13                                entry S          line   429 file /home2/shbae/bucket/covalent/.pixi/envs/default/share/psi4/basis/6-311pg_d_p_.gbs 

   => WB97X-D: Empirical Dispersion <=

    Chai and Head-Gordon Dispersion Correction
    Chai, J.-D.; Head-Gordon, M. (2010), J. Chem. Phys., 132: 6615-6620

        s6 =       1.000000


         ---------------------------------------------------------
                                   SCF
               by Justin Turney, Rob Parrish, Andy Simmonett
                          and Daniel G. A. Smith
                              RKS Reference
                        8 Threads,   7629 MiB Core
         ---------------------------------------------------------

  ==> Geometry <==

    Molecular point group: c1
    Full point group: C1

    Geometry (in Angstrom), charge = 0, multiplicity = 1:

       Center              X                  Y                   Z               Mass       
    ------------   -----------------  -----------------  -----------------  -----------------
         C           -5.886281521597    -0.172825676152     0.679776564590    12.000000000000
         N           -5.504173602701    -1.407328019240     1.102043213807    14.003074004430
         C           -4.232228853849    -1.688338989413     0.994458225358    12.000000000000
         H           -3.909631919900    -2.673834393045     1.328000713552     1.007825032230
         C           -3.285392850933    -0.773988737803     0.472324997173    12.000000000000
         C           -1.907825795176    -1.048633935884     0.352680095809    12.000000000000
         C           -1.055298958602    -0.099071389391    -0.160826221934    12.000000000000
         N            0.312234913852    -0.415579353091    -0.247388782216    14.003074004430
         C            1.363178568407     0.352016135948    -0.693639556748    12.000000000000
         O            1.245483404794     1.467696480423    -1.150789912152    15.994914619570
         C            2.712202966902    -0.338415228201    -0.539554068065    12.000000000000
         C            3.847409483549     0.477181781483    -1.141901786996    12.000000000000
         S            5.479648625189    -0.296906076179    -0.954469774685    31.972071174400
         C            5.744523707814    -0.062644998299     0.823298069988    12.000000000000
         C           -1.571207737971     1.160019214243    -0.577028207243    12.000000000000
         H           -0.889632333396     1.893377379875    -0.980928095045     1.007825032230
         C           -2.906471843985     1.432954288954    -0.465277992437    12.000000000000
         C           -3.800775964751     0.475104345680     0.065015147802    12.000000000000
         N           -5.125679534545     0.761844190811     0.177971629640    14.003074004430
         H           -6.945198801553     0.046755837188     0.776340455988     1.007825032230
         H           -1.533486063541    -2.016624562515     0.674849111712     1.007825032230
         H            0.557666150900    -1.330665977844     0.096832357046     1.007825032230
         H            2.882596971857    -0.501225998434     0.530686882314     1.007825032230
         H            2.674600814025    -1.329119973114    -1.004540856726     1.007825032230
         H            3.698742024456     0.594415067242    -2.216438703579     1.007825032230
         H            3.871202391513     1.480727671700    -0.714032952403     1.007825032230
         H            5.064135969908    -0.669235523839     1.423223837671     1.007825032230
         H            5.639674997155     0.990249462992     1.092206782101     1.007825032230
         H            6.766337840738    -0.377349864659     1.036652740923     1.007825032230
         H           -3.306353048559     2.389406862275    -0.779543915244     1.007825032230

  Running in c1 symmetry.

  Rotational constants: A =      0.05537  B =      0.00431  C =      0.00410 [cm^-1]
  Rotational constants: A =   1660.07490  B =    129.22823  C =    122.80052 [MHz]
  Nuclear repulsion = 1179.542212811423724

  Charge       = 0
  Multiplicity = 1
  Electrons    = 130
  Nalpha       = 65
  Nbeta        = 65

  ==> Algorithm <==

  SCF Algorithm Type is DF.
  DIIS enabled.
  MOM disabled.
  Fractional occupation disabled.
  Guess Type is READ.
  Energy threshold   = 1.00e-08
  Density threshold  = 1.00e-08
  Integral threshold = 1.00e-12

  ==> Primary Basis <==

  Basis Set: 6-311+G(D,P)
    Blend: 6-311+G(D,P)
    Number of shells: 226
    Number of basis functions: 460
    Number of Cartesian functions: 477
    Spherical Harmonics?: true
    Max angular momentum: 2

  ==> DFT Potential <==

   => LibXC <=

    Version 7.0.0
    S. Lehtola, C. Steigemann, M. J.T. Oliveira, and M. A.L. Marques.,  SoftwareX 7, 1–5 (2018) (10.1016/j.softx.2017.11.002)

   => Composite Functional: WB97X-D <= 

    wB97X-D Hyb-GGA Exchange-Correlation Functional

    J.-D. Chai and M. Head-Gordon.,  Phys. Chem. Chem. Phys. 10, 6615-6620 (2008) (10.1039/B810189B)

    Deriv               =              1
    GGA                 =           TRUE
    Meta                =          FALSE

    Exchange Hybrid     =           TRUE
    MP2 Hybrid          =          FALSE

   => Exchange-Correlation Functionals <=

    1.0000   wB97X-D range-separated functional

   => Exact (HF) Exchange <=

    0.7780            HF,LR [omega = 0.2000]
    0.2220               HF 

   => LibXC Density Thresholds  <==

    XC_HYB_GGA_XC_WB97X_D:  1.00E-14 

   => Molecular Quadrature <=

    Radial Scheme          =       TREUTLER
    Pruning Scheme         =           NONE
    Nuclear Scheme         =       TREUTLER

    Blocking Scheme        =         OCTREE
    BS radius alpha        =              1
    Pruning alpha          =              1
    Radial Points          =             75
    Spherical Points       =            302
    Total Points           =         627649
    Total Blocks           =           4586
    Max Points             =            256
    Max Functions          =            325
    Weights Tolerance      =       1.00E-15

   => Loading Basis Set <=

    Name: (6-311+G(D,P) AUX)
    Role: JKFIT
    Keyword: DF_BASIS_SCF
    atoms 1, 3, 5-7, 9, 11-12, 14-15, 17-18 entry C          line   200 file /home2/shbae/bucket/covalent/.pixi/envs/default/share/psi4/basis/heavy-aug-cc-pvtz-jkfit.gbs 
    atoms 2, 8, 19                          entry N          line   262 file /home2/shbae/bucket/covalent/.pixi/envs/default/share/psi4/basis/heavy-aug-cc-pvtz-jkfit.gbs 
    atoms 4, 16, 20-30                      entry H          line   116 file /home2/shbae/bucket/covalent/.pixi/envs/default/share/psi4/basis/heavy-aug-cc-pvtz-jkfit.gbs 
    atoms 10                                entry O          line   324 file /home2/shbae/bucket/covalent/.pixi/envs/default/share/psi4/basis/heavy-aug-cc-pvtz-jkfit.gbs 
    atoms 13                                entry S          line   768 file /home2/shbae/bucket/covalent/.pixi/envs/default/share/psi4/basis/heavy-aug-cc-pvtz-jkfit.gbs 

   => Loading Basis Set <=

    Name: 6-311+G(D,P)
    Role: ORBITAL
    Keyword: BASIS
    atoms 1, 3, 5-7, 9, 11-12, 14-15, 17-18 entry C          line   129 file /home2/shbae/bucket/covalent/.pixi/envs/default/share/psi4/basis/6-311pg_d_p_.gbs 
    atoms 2, 8, 19                          entry N          line   150 file /home2/shbae/bucket/covalent/.pixi/envs/default/share/psi4/basis/6-311pg_d_p_.gbs 
    atoms 4, 16, 20-30                      entry H          line    42 file /home2/shbae/bucket/covalent/.pixi/envs/default/share/psi4/basis/6-311pg_d_p_.gbs 
    atoms 10                                entry O          line   171 file /home2/shbae/bucket/covalent/.pixi/envs/default/share/psi4/basis/6-311pg_d_p_.gbs 
    atoms 13                                entry S          line   429 file /home2/shbae/bucket/covalent/.pixi/envs/default/share/psi4/basis/6-311pg_d_p_.gbs 

  Reading orbitals from file /tmp/4_product.default.2248151.180.npy, no projection.

  ==> Integral Setup <==

  ==> DiskDFJK: Density-Fitted J/K Matrices <==

    J tasked:                  Yes
    K tasked:                  Yes
    wK tasked:                 Yes
    Omega:               2.000E-01
    OpenMP threads:              8
    Integrals threads:           8
    Memory [MiB]:             1477
    Algorithm:                Disk
    Integral Cache:           NONE
    Schwarz Cutoff:          1E-12
    Fitting Condition:       1E-10

   => Auxiliary Basis Set <=

  Basis Set: (6-311+G(D,P) AUX)
    Blend: HEAVY-AUG-CC-PVTZ-JKFIT
    Number of shells: 652
    Number of basis functions: 2200
    Number of Cartesian functions: 2731
    Spherical Harmonics?: true
    Max angular momentum: 4

  Cached 50.0% of DFT collocation blocks in 2.115 [GiB].

  Minimum eigenvalue in the overlap matrix is 4.8583453340E-07.
  Reciprocal condition number of the overlap matrix is 3.3645300512E-08.
    Using symmetric orthogonalization.

  ==> Pre-Iterations <==

  SCF Guess: Orbitals guess was supplied from a previous computation.

   -------------------------------------------------------
    Irrep   Nso     Nmo     Nalpha   Nbeta   Ndocc  Nsocc
   -------------------------------------------------------
     A        460     460      65      65      65       0
   -------------------------------------------------------
    Total     460     460      65      65      65       0
   -------------------------------------------------------

  ==> Iterations <==

                           Total Energy        Delta E     RMS |[F,P]|

   @DF-RKS iter   0: -1102.74561826753666   -1.10275e+03   5.88411e-05 
   @DF-RKS iter   1: -1102.74818104563155   -2.56278e-03   6.86759e-06 DIIS
   @DF-RKS iter   2: -1102.74818955467822   -8.50905e-06   4.57146e-06 DIIS
   @DF-RKS iter   3: -1102.74819181393786   -2.25926e-06   1.65799e-06 DIIS
   @DF-RKS iter   4: -1102.74819221989083   -4.05953e-07   6.77960e-07 DIIS
   @DF-RKS iter   5: -1102.74819227253761   -5.26468e-08   2.46630e-07 DIIS
   @DF-RKS iter   6: -1102.74819228015008   -7.61247e-09   8.64093e-08 DIIS
   @DF-RKS iter   7: -1102.74819228169508   -1.54500e-09   3.54715e-08 DIIS
   @DF-RKS iter   8: -1102.74819228197316   -2.78078e-10   1.71243e-08 DIIS
   @DF-RKS iter   9: -1102.74819228203341   -6.02540e-11   5.83876e-09 DIIS
  Energy and wave function converged.


  ==> Post-Iterations <==

   Electrons on quadrature grid:
      Ntotal   =  129.9999151117 ; deviation = -8.489e-05 

    Orbital Energies [Eh]
    ---------------------

    Doubly Occupied:                                                      

       1A    -89.015459     2A    -19.242284     3A    -14.497202  
       4A    -14.445774     5A    -14.443183     6A    -10.419450  
       7A    -10.366480     8A    -10.356359     9A    -10.351940  
      10A    -10.343997    11A    -10.324178    12A    -10.322929  
      13A    -10.318912    14A    -10.317974    15A    -10.316299  
      16A    -10.310785    17A    -10.307663    18A     -8.055931  
      19A     -6.005443    20A     -6.001474    21A     -5.994580  
      22A     -1.177239    23A     -1.101935    24A     -1.074009  
      25A     -1.007621    26A     -0.975054    27A     -0.933522  
      28A     -0.894442    29A     -0.882498    30A     -0.860415  
      31A     -0.798889    32A     -0.777708    33A     -0.763276  
      34A     -0.733782    35A     -0.711024    36A     -0.685814  
      37A     -0.661894    38A     -0.650669    39A     -0.615051  
      40A     -0.609888    41A     -0.593869    42A     -0.570417  
      43A     -0.554111    44A     -0.546471    45A     -0.544800  
      46A     -0.538512    47A     -0.533489    48A     -0.525492  
      49A     -0.523681    50A     -0.514709    51A     -0.497543  
      52A     -0.494590    53A     -0.480559    54A     -0.463603  
      55A     -0.461880    56A     -0.445678    57A     -0.428220  
      58A     -0.404953    59A     -0.400778    60A     -0.395316  
      61A     -0.368208    62A     -0.351946    63A     -0.343609  
      64A     -0.312412    65A     -0.311307  

    Virtual:                                                              

      66A     -0.014798    67A      0.018955    68A      0.036684  
      69A      0.054668    70A      0.057503    71A      0.064686  
      72A      0.067907    73A      0.072952    74A      0.076755  
      75A      0.081414    76A      0.085932    77A      0.092836  
      78A      0.094794    79A      0.096368    80A      0.102784  
      81A      0.107718    82A      0.109880    83A      0.112241  
      84A      0.116746    85A      0.120663    86A      0.126177  
      87A      0.130860    88A      0.133279    89A      0.134866  
      90A      0.140414    91A      0.143656    92A      0.153475  
      93A      0.157085    94A      0.158624    95A      0.160822  
      96A      0.172045    97A      0.172658    98A      0.177561  
      99A      0.180308   100A      0.183770   101A      0.188111  
     102A      0.190166   103A      0.194594   104A      0.195940  
     105A      0.201724   106A      0.204220   107A      0.214812  
     108A      0.216705   109A      0.219321   110A      0.222490  
     111A      0.229903   112A      0.233345   113A      0.236263  
     114A      0.239357   115A      0.242727   116A      0.247964  
     117A      0.256002   118A      0.261029   119A      0.263289  
     120A      0.263422   121A      0.266299   122A      0.268651  
     123A      0.276201   124A      0.279015   125A      0.279140  
     126A      0.286143   127A      0.287089   128A      0.291051  
     129A      0.293884   130A      0.296798   131A      0.300511  
     132A      0.303470   133A      0.305159   134A      0.314259  
     135A      0.314914   136A      0.321300   137A      0.321676  
     138A      0.326395   139A      0.329620   140A      0.337098  
     141A      0.341335   142A      0.345269   143A      0.348102  
     144A      0.353739   145A      0.358314   146A      0.366687  
     147A      0.369887   148A      0.370564   149A      0.372628  
     150A      0.379035   151A      0.385687   152A      0.388507  
     153A      0.389205   154A      0.399693   155A      0.404461  
     156A      0.409116   157A      0.412669   158A      0.419497  
     159A      0.425251   160A      0.433474   161A      0.441949  
     162A      0.446976   163A      0.452986   164A      0.458441  
     165A      0.471355   166A      0.478629   167A      0.482944  
     168A      0.499809   169A      0.513234   170A      0.528592  
     171A      0.548067   172A      0.556025   173A      0.564059  
     174A      0.574685   175A      0.582658   176A      0.592331  
     177A      0.603595   178A      0.610560   179A      0.611619  
     180A      0.614963   181A      0.618321   182A      0.624208  
     183A      0.630326   184A      0.648439   185A      0.658650  
     186A      0.660736   187A      0.670435   188A      0.674893  
     189A      0.684172   190A      0.691259   191A      0.693738  
     192A      0.698055   193A      0.710310   194A      0.723277  
     195A      0.724345   196A      0.731310   197A      0.740199  
     198A      0.746758   199A      0.748331   200A      0.754551  
     201A      0.762013   202A      0.765710   203A      0.781728  
     204A      0.785186   205A      0.788562   206A      0.796163  
     207A      0.810990   208A      0.824889   209A      0.826130  
     210A      0.844747   211A      0.850841   212A      0.859514  
     213A      0.865883   214A      0.871633   215A      0.885554  
     216A      0.887666   217A      0.895851   218A      0.898480  
     219A      0.921013   220A      0.927293   221A      0.948841  
     222A      0.949816   223A      0.954225   224A      0.957567  
     225A      0.967825   226A      0.975721   227A      0.977747  
     228A      0.986176   229A      0.989152   230A      0.993723  
     231A      1.006520   232A      1.022895   233A      1.028432  
     234A      1.041310   235A      1.042025   236A      1.060242  
     237A      1.061140   238A      1.066284   239A      1.071376  
     240A      1.087274   241A      1.095035   242A      1.111720  
     243A      1.121864   244A      1.131025   245A      1.133762  
     246A      1.145640   247A      1.161423   248A      1.166073  
     249A      1.179174   250A      1.193057   251A      1.200335  
     252A      1.211735   253A      1.214917   254A      1.216634  
     255A      1.220114   256A      1.231195   257A      1.251433  
     258A      1.282095   259A      1.287283   260A      1.305271  
     261A      1.312574   262A      1.325414   263A      1.340450  
     264A      1.354148   265A      1.388555   266A      1.400551  
     267A      1.455362   268A      1.466021   269A      1.479889  
     270A      1.507696   271A      1.523079   272A      1.530239  
     273A      1.556354   274A      1.584040   275A      1.590758  
     276A      1.593031   277A      1.601966   278A      1.605276  
     279A      1.612584   280A      1.621490   281A      1.646953  
     282A      1.653569   283A      1.655761   284A      1.657800  
     285A      1.670359   286A      1.674123   287A      1.679734  
     288A      1.692405   289A      1.705355   290A      1.709650  
     291A      1.713271   292A      1.734463   293A      1.744616  
     294A      1.757849   295A      1.765348   296A      1.772998  
     297A      1.802044   298A      1.810433   299A      1.818973  
     300A      1.821223   301A      1.827915   302A      1.852918  
     303A      1.857972   304A      1.876732   305A      1.881170  
     306A      1.885140   307A      1.902174   308A      1.918160  
     309A      1.932535   310A      1.945381   311A      1.968530  
     312A      1.972087   313A      1.977946   314A      1.997846  
     315A      2.020753   316A      2.023673   317A      2.046587  
     318A      2.051056   319A      2.064833   320A      2.071285  
     321A      2.090675   322A      2.105534   323A      2.133351  
     324A      2.137568   325A      2.141830   326A      2.155990  
     327A      2.184165   328A      2.188640   329A      2.217163  
     330A      2.220339   331A      2.237038   332A      2.239267  
     333A      2.272185   334A      2.284838   335A      2.303612  
     336A      2.314627   337A      2.322641   338A      2.346665  
     339A      2.365198   340A      2.366796   341A      2.391966  
     342A      2.418298   343A      2.423885   344A      2.445454  
     345A      2.472808   346A      2.486792   347A      2.517727  
     348A      2.519653   349A      2.524422   350A      2.551130  
     351A      2.553852   352A      2.578683   353A      2.601679  
     354A      2.603921   355A      2.620983   356A      2.633252  
     357A      2.650491   358A      2.657489   359A      2.664354  
     360A      2.675437   361A      2.691522   362A      2.723427  
     363A      2.737434   364A      2.748660   365A      2.770564  
     366A      2.770982   367A      2.787261   368A      2.789342  
     369A      2.813391   370A      2.821227   371A      2.834732  
     372A      2.856614   373A      2.872940   374A      2.876008  
     375A      2.907683   376A      2.912125   377A      2.928863  
     378A      2.950622   379A      2.953708   380A      2.957822  
     381A      2.963244   382A      2.980816   383A      2.983507  
     384A      3.004538   385A      3.007751   386A      3.017787  
     387A      3.034977   388A      3.037719   389A      3.043940  
     390A      3.058602   391A      3.080179   392A      3.112085  
     393A      3.155142   394A      3.171880   395A      3.180063  
     396A      3.258773   397A      3.283685   398A      3.305266  
     399A      3.329319   400A      3.405573   401A      3.430444  
     402A      3.444784   403A      3.456070   404A      3.480076  
     405A      3.507252   406A      3.553265   407A      3.588244  
     408A      3.630798   409A      3.681302   410A      3.707565  
     411A      3.721200   412A      3.746089   413A      3.792924  
     414A      3.819968   415A      3.828934   416A      3.847198  
     417A      3.851179   418A      3.888109   419A      3.961011  
     420A      3.989143   421A      4.011541   422A      4.023259  
     423A      4.035649   424A      4.057711   425A      4.150058  
     426A      4.195726   427A      4.266786   428A      4.336259  
     429A      4.378072   430A      4.520962   431A      4.598190  
     432A      4.928553   433A      4.942574   434A      5.063971  
     435A      5.175155   436A      5.198677   437A      5.401820  
     438A      5.416063   439A      5.901693   440A      8.037988  
     441A     17.480161   442A     17.573969   443A     17.604836  
     444A     23.745947   445A     23.968868   446A     23.985938  
     447A     24.023799   448A     24.028583   449A     24.033630  
     450A     24.047670   451A     24.089518   452A     24.121024  
     453A     24.157432   454A     24.239022   455A     24.316293  
     456A     35.748985   457A     35.773779   458A     35.819812  
     459A     50.150125   460A    189.283674  

    Final Occupation by Irrep:
              A 
    DOCC [    65 ]
    NA   [    65 ]
    NB   [    65 ]

  @DF-RKS Final Energy: -1102.74819228203341

   => Energetics <=

    Nuclear Repulsion Energy =           1179.5422128114237239
    One-Electron Energy =               -3846.5351856968427455
    Two-Electron Energy =                1651.5750734799194106
    DFT Exchange-Correlation Energy =     -87.3127938664116812
    Empirical Dispersion Energy =          -0.0174990101220209
    VV10 Nonlocal Energy =                  0.0000000000000000
    Total Energy =                      -1102.7481922820334148

Computation Completed


Properties will be evaluated at   0.000000,   0.000000,   0.000000 [a0]

Properties computed using the SCF density matrix


 Multipole Moments:

 ------------------------------------------------------------------------------------
     Multipole            Electronic (a.u.)      Nuclear  (a.u.)        Total (a.u.)
 ------------------------------------------------------------------------------------

 L = 1.  Multiply by 2.5417464519 to convert [e a0] to [Debye]
 Dipole X            :         50.0332687          -48.9126130            1.1206557
 Dipole Y            :          5.9286248           -6.9151708           -0.9865459
 Dipole Z            :         33.1485070          -32.3713738            0.7771332
 Magnitude           :                                                    1.6831750

 ------------------------------------------------------------------------------------

*** tstop() called on eristm01.eisai.local at Wed May 20 10:48:10 2026
Module time:
	user time   =     319.28 seconds =       5.32 minutes
	system time =      13.93 seconds =       0.23 minutes
	total time  =         44 seconds =       0.73 minutes
Total time:
	user time   =   57353.55 seconds =     955.89 minutes
	system time =    2010.21 seconds =      33.50 minutes
	total time  =       8156 seconds =     135.93 minutes

*** tstart() called on eristm01.eisai.local
*** at Wed May 20 10:48:10 2026


         ------------------------------------------------------------
                                   SCF GRAD                          
                          Rob Parrish, Justin Turney,                
                       Andy Simmonett, and Alex Sokolov              
         ------------------------------------------------------------

  ==> Geometry <==

    Molecular point group: c1
    Full point group: C1

    Geometry (in Angstrom), charge = 0, multiplicity = 1:

       Center              X                  Y                   Z               Mass       
    ------------   -----------------  -----------------  -----------------  -----------------
         C           -5.886281521597    -0.172825676152     0.679776564590    12.000000000000
         N           -5.504173602701    -1.407328019240     1.102043213807    14.003074004430
         C           -4.232228853849    -1.688338989413     0.994458225358    12.000000000000
         H           -3.909631919900    -2.673834393045     1.328000713552     1.007825032230
         C           -3.285392850933    -0.773988737803     0.472324997173    12.000000000000
         C           -1.907825795176    -1.048633935884     0.352680095809    12.000000000000
         C           -1.055298958602    -0.099071389391    -0.160826221934    12.000000000000
         N            0.312234913852    -0.415579353091    -0.247388782216    14.003074004430
         C            1.363178568407     0.352016135948    -0.693639556748    12.000000000000
         O            1.245483404794     1.467696480423    -1.150789912152    15.994914619570
         C            2.712202966902    -0.338415228201    -0.539554068065    12.000000000000
         C            3.847409483549     0.477181781483    -1.141901786996    12.000000000000
         S            5.479648625189    -0.296906076179    -0.954469774685    31.972071174400
         C            5.744523707814    -0.062644998299     0.823298069988    12.000000000000
         C           -1.571207737971     1.160019214243    -0.577028207243    12.000000000000
         H           -0.889632333396     1.893377379875    -0.980928095045     1.007825032230
         C           -2.906471843985     1.432954288954    -0.465277992437    12.000000000000
         C           -3.800775964751     0.475104345680     0.065015147802    12.000000000000
         N           -5.125679534545     0.761844190811     0.177971629640    14.003074004430
         H           -6.945198801553     0.046755837188     0.776340455988     1.007825032230
         H           -1.533486063541    -2.016624562515     0.674849111712     1.007825032230
         H            0.557666150900    -1.330665977844     0.096832357046     1.007825032230
         H            2.882596971857    -0.501225998434     0.530686882314     1.007825032230
         H            2.674600814025    -1.329119973114    -1.004540856726     1.007825032230
         H            3.698742024456     0.594415067242    -2.216438703579     1.007825032230
         H            3.871202391513     1.480727671700    -0.714032952403     1.007825032230
         H            5.064135969908    -0.669235523839     1.423223837671     1.007825032230
         H            5.639674997155     0.990249462992     1.092206782101     1.007825032230
         H            6.766337840738    -0.377349864659     1.036652740923     1.007825032230
         H           -3.306353048559     2.389406862275    -0.779543915244     1.007825032230

  Nuclear repulsion = 1179.542212811423724

  ==> Basis Set <==

  Basis Set: 6-311+G(D,P)
    Blend: 6-311+G(D,P)
    Number of shells: 226
    Number of basis functions: 460
    Number of Cartesian functions: 477
    Spherical Harmonics?: true
    Max angular momentum: 2

  ==> DFJKGrad: Density-Fitted SCF Gradients <==

    Gradient:                    1
    J tasked:                  Yes
    K tasked:                  Yes
    wK tasked:                 Yes
    Omega:               2.000E-01
    OpenMP threads:              8
    Integrals threads:           8
    Memory [MiB]:             5722
    Schwarz Cutoff:          1E-12
    Fitting Condition:       1E-10

   => Auxiliary Basis Set <=

  Basis Set: (6-311+G(D,P) AUX)
    Blend: HEAVY-AUG-CC-PVTZ-JKFIT
    Number of shells: 652
    Number of basis functions: 2200
    Number of Cartesian functions: 2731
    Spherical Harmonics?: true
    Max angular momentum: 4

  ==> DFT Potential <==

   => LibXC <=

    Version 7.0.0
    S. Lehtola, C. Steigemann, M. J.T. Oliveira, and M. A.L. Marques.,  SoftwareX 7, 1–5 (2018) (10.1016/j.softx.2017.11.002)

   => Composite Functional: WB97X-D <= 

    wB97X-D Hyb-GGA Exchange-Correlation Functional

    J.-D. Chai and M. Head-Gordon.,  Phys. Chem. Chem. Phys. 10, 6615-6620 (2008) (10.1039/B810189B)

    Deriv               =              1
    GGA                 =           TRUE
    Meta                =          FALSE

    Exchange Hybrid     =           TRUE
    MP2 Hybrid          =          FALSE

   => Exchange-Correlation Functionals <=

    1.0000   wB97X-D range-separated functional

   => Exact (HF) Exchange <=

    0.7780            HF,LR [omega = 0.2000]
    0.2220               HF 

   => LibXC Density Thresholds  <==

    XC_HYB_GGA_XC_WB97X_D:  1.00E-14 

   => Molecular Quadrature <=

    Radial Scheme          =       TREUTLER
    Pruning Scheme         =           NONE
    Nuclear Scheme         =       TREUTLER

    Blocking Scheme        =         OCTREE
    BS radius alpha        =              1
    Pruning alpha          =              1
    Radial Points          =             75
    Spherical Points       =            302
    Total Points           =         627649
    Total Blocks           =           4586
    Max Points             =            256
    Max Functions          =            325
    Weights Tolerance      =       1.00E-15


  -Total Gradient:
     Atom            X                  Y                   Z
    ------   -----------------  -----------------  -----------------
       1        0.000058919680     0.000122813825    -0.000039136817
       2        0.000107707439     0.000006861604     0.000038683750
       3       -0.000093678186    -0.000015817241     0.000067456184
       4       -0.000002829885     0.000038968785     0.000055827031
       5        0.000033482595    -0.000008997764     0.000014690971
       6        0.000008923665    -0.000015680573     0.000013172848
       7        0.000032389006    -0.000025453099    -0.000028506249
       8        0.000044898988     0.000036595094     0.000021455128
       9       -0.000060017395    -0.000070132528    -0.000113951151
      10        0.000062147625    -0.000045153929    -0.000021708452
      11       -0.000035760465    -0.000070312770    -0.000026817218
      12        0.000060618182    -0.000019901126    -0.000111855206
      13       -0.000019092562     0.000002907278    -0.000040382563
      14        0.000088277764    -0.000064145524    -0.000067253300
      15       -0.000040058333    -0.000017868721    -0.000022978722
      16       -0.000015151081    -0.000047770534    -0.000040092745
      17       -0.000030198973     0.000012920291    -0.000034794701
      18        0.000065014011     0.000036763410    -0.000026443383
      19       -0.000067814017    -0.000114874907     0.000065400116
      20        0.000008154753     0.000002130893     0.000033034291
      21       -0.000001372646     0.000006993247     0.000028869462
      22       -0.000005433728    -0.000026191686     0.000007622328
      23        0.000010549627     0.000001613569    -0.000027110296
      24       -0.000005336916    -0.000018180265    -0.000009363912
      25       -0.000049307225    -0.000048938764    -0.000047163885
      26        0.000005763847    -0.000053273616    -0.000058481642
      27        0.000004560881     0.000011440394    -0.000057815626
      28        0.000031428164    -0.000011334774    -0.000091051593
      29       -0.000012640285     0.000009216385    -0.000009449153
      30        0.000000235356    -0.000038404850    -0.000034099020


*** tstop() called on eristm01.eisai.local at Wed May 20 10:48:29 2026
Module time:
	user time   =     137.57 seconds =       2.29 minutes
	system time =       1.72 seconds =       0.03 minutes
	total time  =         19 seconds =       0.32 minutes
Total time:
	user time   =   57491.14 seconds =     958.19 minutes
	system time =    2011.93 seconds =      33.53 minutes
	total time  =       8175 seconds =     136.25 minutes

    			-----------------------------------------

    			 OPTKING 3.0: for geometry optimizations 

    			     By R.A. King, Bethel University     

    			        with contributions from          

    			    A.V. Copan, J. Cayton, A. Heide      

    			-----------------------------------------

    
	                            ===> Fragment 1 <== 

	 Z (Atomic Numbers)          Masses                          Geom                  
	       6.000000            12.000000        -11.12345997  -0.32659320   1.28459153 
	       7.000000            14.003074        -10.40138066  -2.65946453   2.08255985 
	       6.000000            12.000000         -7.99775343 -3.19049830  1.87925369   
	       1.000000             1.007825         -7.38813358 -5.05281471  2.50955764   
	       6.000000            12.000000         -6.20849270 -1.46262674  0.89256489   
	       6.000000            12.000000         -3.60526825 -1.98163094  0.66646879   
	       6.000000            12.000000         -1.99422601 -0.18721779 -0.30391751   
	       7.000000            14.003074          0.59003847 -0.78533116 -0.46749704   
	       6.000000            12.000000          2.57603415  0.66521409 -1.31078879   
	       8.000000            15.994915          2.35362253  2.77354438 -2.17467776   
	       6.000000            12.000000          5.12532080 -0.63951210 -1.01960942   
	       6.000000            12.000000          7.27055022  0.90174288 -2.15788164   
	      16.000000            31.972071         10.35503517 -0.56107117 -1.80368647   
	       6.000000            12.000000         10.85557653 -0.11838189  1.55580787   
	       6.000000            12.000000         -2.96915231  2.19211862 -1.09042528   
	       1.000000             1.007825         -1.68116146  3.57796470 -1.85368545   
	       6.000000            12.000000         -5.49243578  2.70789116 -0.87924798   
	       6.000000            12.000000         -7.18242564  0.89781709  0.12286082   
	       7.000000            14.003074         -9.68613053  1.43967687  0.33631764   
	       1.000000             1.007825        -13.12452362   0.08835573   1.46707084 
	       1.000000             1.007825         -2.89786868 -3.81086812  1.27528000   
	       1.000000             1.007825          1.05383629 -2.51459426  0.18298663   
	       1.000000             1.007825          5.44731881 -0.94717986  1.00285287   
	       1.000000             1.007825          5.05426303 -2.51167274 -1.89830710   
	       1.000000             1.007825          6.98960943  1.12328168 -4.18846212   
	       1.000000             1.007825          7.31551230  2.79816977 -1.34932672   
	       1.000000             1.007825          9.56983005 -1.26467185  2.68950327   
	       1.000000             1.007825         10.65744118   1.87130028   2.06397169 
	       1.000000             1.007825         12.78652539 -0.71308790  1.95898977   
	       1.000000             1.007825         -6.24810174  4.51532457 -1.47312450   

	 - Coordinate -           - BOHR/RAD -       - ANG/DEG -
	 H(2,4)           =         3.871706           2.048819
	 R(1,2)           =         2.569132           1.359526
	 R(1,19)          =         2.466749           1.305347
	 R(1,20)          =         2.051764           1.085747
	 R(2,3)           =         2.469970           1.307052
	 R(3,4)           =         2.058432           1.089275
	 R(3,5)           =         2.675920           1.416036
	 R(5,6)           =         2.664069           1.409764
	 R(5,18)          =         2.666962           1.411295
	 R(6,7)           =         2.599428           1.375558
	 R(6,21)          =         2.053576           1.086706
	 R(7,8)           =         2.657616           1.406350
	 R(7,15)          =         2.688925           1.422918
	 R(8,9)           =         2.599885           1.375800
	 R(8,22)          =         1.904885           1.008022
	 R(9,10)          =         2.289285           1.211438
	 R(9,11)          =         2.878534           1.523255
	 R(11,12)         =         2.876307           1.522076
	 R(11,23)         =         2.070917           1.095882
	 R(11,24)         =         2.069334           1.095045
	 R(12,13)         =         3.432102           1.816190
	 R(12,25)         =         2.061859           1.091089
	 R(12,26)         =         2.062091           1.091211
	 R(13,14)         =         3.425305           1.812594
	 R(14,27)         =         2.062132           1.091233
	 R(14,28)         =         2.063086           1.091738
	 R(14,29)         =         2.060290           1.090258
	 R(15,16)         =         2.040112           1.079581
	 R(15,17)         =         2.584101           1.367447
	 R(17,18)         =         2.671452           1.413672
	 R(17,30)         =         2.047080           1.083268
	 R(18,19)         =         2.570547           1.360275
	 B(1,2,3)         =         2.029927         116.306272
	 B(1,19,18)       =         2.035901         116.648521
	 B(2,1,19)        =         2.221589         127.287662
	 B(2,1,20)        =         2.015436         115.475954
	 B(2,3,4)         =         2.045990         117.226607
	 B(2,3,5)         =         2.143871         122.834737
	 B(3,5,6)         =         2.163830         123.978355
	 B(3,5,18)        =         2.019430         115.704819
	 B(4,3,5)         =         2.093324         119.938628
	 B(5,6,7)         =         2.097645         120.186183
	 B(5,6,21)        =         2.077135         119.011049
	 B(5,18,17)       =         2.067956         118.485127
	 B(5,18,19)       =         2.115648         121.217694
	 B(6,5,18)        =         2.099919         120.316495
	 B(6,7,8)         =         2.060405         118.052531
	 B(6,7,15)        =         2.088993         119.690475
	 B(7,6,21)        =         2.108399         120.802390
	 B(7,8,9)         =         2.261649         129.582947
	 B(7,8,22)        =         2.004293         114.837524
	 B(7,15,16)       =         2.073295         118.791041
	 B(7,15,17)       =         2.102205         120.447501
	 B(8,7,15)        =         2.133772         122.256120
	 B(8,9,10)        =         2.167613         124.195093
	 B(8,9,11)        =         1.972307         113.004847
	 B(9,8,22)        =         2.016688         115.547726
	 B(9,11,12)       =         1.958011         112.185779
	 B(9,11,23)       =         1.879505         107.687728
	 B(9,11,24)       =         1.914215         109.676437
	 B(10,9,11)       =         2.143190         122.795761
	 B(11,12,13)      =         1.983471         113.644539
	 B(11,12,25)      =         1.923769         110.223823
	 B(11,12,26)      =         1.932520         110.725241
	 B(12,11,23)      =         1.928500         110.494920
	 B(12,11,24)      =         1.920219         110.020463
	 B(12,13,14)      =         1.749204         100.222031
	 B(13,12,25)      =         1.844071         105.657465
	 B(13,12,26)      =         1.909127         109.384919
	 B(13,14,27)      =         1.956543         112.101652
	 B(13,14,28)      =         1.930705         110.621226
	 B(13,14,29)      =         1.866678         106.952754
	 B(15,17,18)      =         2.109635         120.873208
	 B(15,17,30)      =         2.109444         120.862254
	 B(16,15,17)      =         2.107685         120.761449
	 B(17,18,19)      =         2.099580         120.297080
	 B(18,17,30)      =         2.064105         118.264484
	 B(19,1,20)       =         2.046161         117.236384
	 B(23,11,24)      =         1.860452         106.596032
	 B(25,12,26)      =         1.865350         106.876692
	 B(27,14,28)      =         1.918567         109.925813
	 B(27,14,29)      =         1.892645         108.440599
	 B(28,14,29)      =         1.896726         108.674381
	 D(1,2,3,4)       =        -3.141089        -179.971147
	 D(1,2,3,5)       =         0.001579           0.090479
	 D(1,19,18,5)     =         0.000701           0.040147
	 D(1,19,18,17)    =         3.144319         180.156235
	 D(2,1,19,18)     =        -0.002539          -0.145489
	 D(2,3,5,6)       =         3.134864         179.614494
	 D(2,3,5,18)      =        -0.003074          -0.176154
	 D(3,2,1,19)      =         0.001423           0.081537
	 D(3,2,1,20)      =         3.142829         180.070823
	 D(3,5,6,7)       =        -3.136204        -179.691250
	 D(3,5,6,21)      =         0.001515           0.086828
	 D(3,5,18,17)     =        -3.141722        -180.007398
	 D(3,5,18,19)     =         0.001861           0.106640
	 D(4,3,5,6)       =        -0.005625          -0.322270
	 D(4,3,5,18)      =        -3.143563        -180.112918
	 D(5,6,7,8)       =         3.130478         179.363190
	 D(5,6,7,15)      =        -0.005314          -0.304487
	 D(5,18,17,15)    =        -0.004618          -0.264598
	 D(5,18,17,30)    =         3.138447         179.819749
	 D(6,5,18,17)     =         0.003381           0.193708
	 D(6,5,18,19)     =        -3.136221        -179.692254
	 D(6,7,8,9)       =        -3.119668        -178.743831
	 D(6,7,8,22)      =        -0.015918          -0.912036
	 D(6,7,15,16)     =        -3.138104        -179.800141
	 D(6,7,15,17)     =         0.004112           0.235596
	 D(7,6,5,18)      =         0.001575           0.090233
	 D(7,8,9,10)      =        -0.051569          -2.954700
	 D(7,8,9,11)      =         3.077153         176.307869
	 D(7,15,17,18)    =         0.000938           0.053739
	 D(7,15,17,30)    =        -3.142165        -180.032806
	 D(8,7,6,21)      =        -0.007171          -0.410861
	 D(8,7,15,16)     =         0.009541           0.546662
	 D(8,7,15,17)     =        -3.131428        -179.417602
	 D(8,9,11,12)     =         3.059759         175.311252
	 D(8,9,11,23)     =        -1.097645         -62.890436
	 D(8,9,11,24)     =         0.920328          52.730902
	 D(9,8,7,15)      =         0.015966           0.914790
	 D(9,11,12,13)    =        -3.159066        -181.001132
	 D(9,11,12,25)    =        -1.093002         -62.624415
	 D(9,11,12,26)    =         0.967295          55.421922
	 D(10,9,8,22)     =         3.128087         179.226191
	 D(10,9,11,12)    =        -0.094498          -5.414355
	 D(10,9,11,23)    =         2.031283         116.383957
	 D(10,9,11,24)    =        -2.233929        -127.994705
	 D(11,9,8,22)     =        -0.026376          -1.511241
	 D(11,12,13,14)   =        -1.253734         -71.833686
	 D(12,13,14,27)   =         1.196395          68.548364
	 D(12,13,14,28)   =        -0.951774         -54.532655
	 D(12,13,14,29)   =        -3.014533        -172.720045
	 D(13,12,11,23)   =         1.026576          58.818469
	 D(13,12,11,24)   =        -1.023039         -58.615844
	 D(14,13,12,25)   =         2.918085         167.193953
	 D(14,13,12,26)   =         0.915780          52.470325
	 D(15,7,6,21)     =         3.140222         179.921462
	 D(15,7,8,22)     =        -3.163469        -181.253415
	 D(15,17,18,19)   =         3.135003         179.622449
	 D(16,15,17,18)   =         3.143167         180.090186
	 D(16,15,17,30)   =         0.000064           0.003641
	 D(18,5,6,21)     =        -3.143891        -180.131689
	 D(18,19,1,20)    =        -3.143942        -180.134612
	 D(19,18,17,30)   =        -0.005117          -0.293204
	 D(23,11,12,25)   =         3.092639         177.195185
	 D(23,11,12,26)   =        -1.130249         -64.758478
	 D(24,11,12,25)   =         1.043024          59.760872
	 D(24,11,12,26)   =         3.103321         177.807210


	        --- Internal Coordinate Step in ANG or DEG, aJ/ANG or AJ/DEG ---
	-------------------------------------------------------------------------------
	           Coordinate      Previous         Force          Change          New 
	           ----------      --------        ------          ------        ------
	               H(2,4)       2.04882        0.00025        0.00008       2.04890
	               R(1,2)       1.35953       -0.00004        0.00007       1.35959
	              R(1,19)       1.30535        0.00105        0.00006       1.30541
	              R(1,20)       1.08575       -0.00001        0.00000       1.08575
	               R(2,3)       1.30705        0.00048        0.00003       1.30708
	               R(3,4)       1.08928       -0.00001        0.00003       1.08931
	               R(3,5)       1.41604       -0.00031       -0.00001       1.41602
	               R(5,6)       1.40976       -0.00003       -0.00001       1.40976
	              R(5,18)       1.41130       -0.00011       -0.00005       1.41124
	               R(6,7)       1.37556       -0.00019       -0.00002       1.37554
	              R(6,21)       1.08671        0.00006        0.00002       1.08673
	               R(7,8)       1.40635       -0.00040       -0.00003       1.40632
	              R(7,15)       1.42292       -0.00032       -0.00003       1.42288
	               R(8,9)       1.37580       -0.00008       -0.00001       1.37579
	              R(8,22)       1.00802       -0.00010       -0.00001       1.00801
	              R(9,10)       1.21144        0.00021        0.00002       1.21146
	              R(9,11)       1.52325       -0.00010       -0.00002       1.52323
	             R(11,12)       1.52208       -0.00051       -0.00008       1.52200
	             R(11,23)       1.09588       -0.00002       -0.00000       1.09588
	             R(11,24)       1.09504        0.00016        0.00004       1.09508
	             R(12,13)       1.81619       -0.00026       -0.00007       1.81612
	             R(12,25)       1.09109        0.00002        0.00001       1.09110
	             R(12,26)       1.09121        0.00009        0.00002       1.09123
	             R(13,14)       1.81259       -0.00015        0.00001       1.81260
	             R(14,27)       1.09123        0.00006        0.00001       1.09125
	             R(14,28)       1.09174        0.00009        0.00003       1.09177
	             R(14,29)       1.09026        0.00016        0.00003       1.09029
	             R(15,16)       1.07958        0.00022        0.00004       1.07962
	             R(15,17)       1.36745       -0.00008        0.00001       1.36745
	             R(17,18)       1.41367        0.00031        0.00003       1.41370
	             R(17,30)       1.08327        0.00012        0.00003       1.08330
	             R(18,19)       1.36028       -0.00015        0.00003       1.36031
	             B(1,2,3)     116.30627       -0.00000       -0.00621     116.30006
	           B(1,19,18)     116.64852       -0.00000       -0.00559     116.64293
	            B(2,1,19)     127.28766        0.00000        0.00444     127.29210
	            B(2,1,20)     115.47595        0.00000       -0.00116     115.47479
	             B(2,3,4)     117.22661       -0.00000        0.00264     117.22924
	             B(2,3,5)     122.83474        0.00000        0.00159     122.83632
	             B(3,5,6)     123.97835       -0.00000       -0.00499     123.97337
	            B(3,5,18)     115.70482        0.00000        0.00376     115.70858
	             B(4,3,5)     119.93863        0.00000       -0.00422     119.93441
	             B(5,6,7)     120.18618       -0.00000       -0.00214     120.18404
	            B(5,6,21)     119.01105        0.00000        0.00272     119.01377
	           B(5,18,17)     118.48513       -0.00000       -0.00260     118.48253
	           B(5,18,19)     121.21769        0.00000        0.00196     121.21966
	            B(6,5,18)     120.31650        0.00000        0.00122     120.31772
	             B(6,7,8)     118.05253        0.00000        0.00227     118.05480
	            B(6,7,15)     119.69047        0.00000        0.00658     119.69706
	            B(7,6,21)     120.80239       -0.00000       -0.00059     120.80180
	             B(7,8,9)     129.58295       -0.00001       -0.01804     129.56491
	            B(7,8,22)     114.83752        0.00000        0.01211     114.84964
	           B(7,15,16)     118.79104        0.00000        0.00399     118.79503
	           B(7,15,17)     120.44750       -0.00000       -0.00828     120.43922
	            B(8,7,15)     122.25612       -0.00001       -0.00897     122.24715
	            B(8,9,10)     124.19509       -0.00001       -0.01031     124.18478
	            B(8,9,11)     113.00485        0.00000       -0.00522     112.99963
	            B(9,8,22)     115.54773        0.00000        0.00248     115.55020
	           B(9,11,12)     112.18578        0.00000        0.01062     112.19640
	           B(9,11,23)     107.68773       -0.00000       -0.00809     107.67964
	           B(9,11,24)     109.67644        0.00000        0.00287     109.67931
	           B(10,9,11)     122.79576        0.00000        0.01550     122.81126
	          B(11,12,13)     113.64454       -0.00000       -0.00512     113.63942
	          B(11,12,25)     110.22382        0.00000        0.00574     110.22957
	          B(11,12,26)     110.72524        0.00000        0.00992     110.73516
	          B(12,11,23)     110.49492        0.00000        0.00127     110.49619
	          B(12,11,24)     110.02046       -0.00000        0.00012     110.02058
	          B(12,13,14)     100.22203       -0.00001       -0.00540     100.21663
	          B(13,12,25)     105.65746       -0.00000       -0.01806     105.63940
	          B(13,12,26)     109.38492        0.00000        0.00860     109.39352
	          B(13,14,27)     112.10165        0.00000        0.01926     112.12091
	          B(13,14,28)     110.62123        0.00000        0.01181     110.63303
	          B(13,14,29)     106.95275       -0.00001       -0.03070     106.92205
	          B(15,17,18)     120.87321        0.00000        0.00514     120.87834
	          B(15,17,30)     120.86225       -0.00000       -0.00747     120.85478
	          B(16,15,17)     120.76145        0.00000        0.00428     120.76573
	          B(17,18,19)     120.29708        0.00000        0.00063     120.29771
	          B(18,17,30)     118.26448        0.00000        0.00233     118.26682
	           B(19,1,20)     117.23638       -0.00000       -0.00328     117.23310
	          B(23,11,24)     106.59603       -0.00000       -0.00786     106.58817
	          B(25,12,26)     106.87669       -0.00000       -0.00214     106.87455
	          B(27,14,28)     109.92581       -0.00000       -0.00172     109.92409
	          B(27,14,29)     108.44060        0.00000       -0.00108     108.43952
	          B(28,14,29)     108.67438        0.00000        0.00100     108.67538
	           D(1,2,3,4)    -179.97115        0.00000        0.00594    -179.96521
	           D(1,2,3,5)       0.09048       -0.00000        0.00040       0.09088
	         D(1,19,18,5)       0.04015       -0.00000       -0.00303       0.03712
	        D(1,19,18,17)     180.15623       -0.00000        0.00454     180.16078
	         D(2,1,19,18)      -0.14549       -0.00000       -0.01204      -0.15753
	           D(2,3,5,6)     179.61449       -0.00000       -0.01603     179.59846
	          D(2,3,5,18)      -0.17615       -0.00000       -0.01323      -0.18939
	          D(3,2,1,19)       0.08154        0.00000        0.01349       0.09503
	          D(3,2,1,20)     180.07082        0.00000        0.01367     180.08449
	           D(3,5,6,7)    -179.69125       -0.00000        0.00282    -179.68843
	          D(3,5,6,21)       0.08683       -0.00000       -0.00329       0.08354
	         D(3,5,18,17)    -180.00740        0.00000        0.00740    -180.00000
	         D(3,5,18,19)       0.10664        0.00000        0.01455       0.12118
	           D(4,3,5,6)      -0.32227       -0.00000       -0.02172      -0.34399
	          D(4,3,5,18)    -180.11292       -0.00000       -0.01892    -180.13184
	           D(5,6,7,8)     179.36319       -0.00000       -0.03315     179.33004
	          D(5,6,7,15)      -0.30449        0.00000       -0.01132      -0.31581
	        D(5,18,17,15)      -0.26460        0.00000       -0.00817      -0.27277
	        D(5,18,17,30)     179.81975        0.00000       -0.00367     179.81608
	         D(6,5,18,17)       0.19371        0.00000        0.00982       0.20353
	         D(6,5,18,19)    -179.69225        0.00000        0.01725    -179.67500
	           D(6,7,8,9)    -178.74383       -0.00000        0.03744    -178.70639
	          D(6,7,8,22)      -0.91204       -0.00000       -0.07680      -0.98883
	         D(6,7,15,16)    -179.80014       -0.00000        0.00493    -179.79521
	         D(6,7,15,17)       0.23560        0.00000        0.01305       0.24865
	          D(7,6,5,18)       0.09023       -0.00000       -0.00010       0.09014
	          D(7,8,9,10)      -2.95470       -0.00000       -0.13744      -3.09214
	          D(7,8,9,11)     176.30787       -0.00000       -0.14041     176.16746
	        D(7,15,17,18)       0.05374       -0.00000       -0.00312       0.05062
	        D(7,15,17,30)    -180.03281       -0.00000       -0.00773    -180.04054
	          D(8,7,6,21)      -0.41086       -0.00000       -0.02693      -0.43779
	         D(8,7,15,16)       0.54666       -0.00000        0.02766       0.57432
	         D(8,7,15,17)    -179.41760        0.00000        0.03579    -179.38182
	         D(8,9,11,12)     175.31125       -0.00000       -0.07962     175.23164
	         D(8,9,11,23)     -62.89044       -0.00000       -0.07684     -62.96728
	         D(8,9,11,24)      52.73090       -0.00000       -0.08910      52.64181
	          D(9,8,7,15)       0.91479       -0.00000        0.01508       0.92987
	        D(9,11,12,13)    -181.00113       -0.00000       -0.10452    -181.10565
	        D(9,11,12,25)     -62.62442       -0.00000       -0.12687     -62.75128
	        D(9,11,12,26)      55.42192       -0.00000       -0.11978      55.30214
	         D(10,9,8,22)     179.22619       -0.00000       -0.02271     179.20348
	        D(10,9,11,12)      -5.41436       -0.00000       -0.08275      -5.49711
	        D(10,9,11,23)     116.38396        0.00000       -0.07998     116.30397
	        D(10,9,11,24)    -127.99470       -0.00000       -0.09223    -128.08694
	         D(11,9,8,22)      -1.51124       -0.00000       -0.02568      -1.53692
	       D(11,12,13,14)     -71.83369       -0.00000        0.03053     -71.80315
	       D(12,13,14,27)      68.54836        0.00000        0.13908      68.68744
	       D(12,13,14,28)     -54.53266        0.00000        0.11893     -54.41373
	       D(12,13,14,29)    -172.72005        0.00000        0.12939    -172.59066
	       D(13,12,11,23)      58.81847       -0.00000       -0.10222      58.71624
	       D(13,12,11,24)     -58.61584        0.00000       -0.09342     -58.70926
	       D(14,13,12,25)     167.19395       -0.00000        0.03868     167.23263
	       D(14,13,12,26)      52.47032        0.00000        0.04645      52.51677
	         D(15,7,6,21)     179.92146       -0.00000       -0.00511     179.91635
	         D(15,7,8,22)    -181.25341       -0.00000       -0.09916    -181.35257
	       D(15,17,18,19)     179.62245        0.00000       -0.01553     179.60692
	       D(16,15,17,18)     180.09019        0.00000        0.00517     180.09536
	       D(16,15,17,30)       0.00364        0.00000        0.00056       0.00420
	         D(18,5,6,21)    -180.13169       -0.00000       -0.00621    -180.13790
	        D(18,19,1,20)    -180.13461        0.00000       -0.01222    -180.14683
	       D(19,18,17,30)      -0.29320        0.00000       -0.01103      -0.30423
	       D(23,11,12,25)     177.19519       -0.00000       -0.12457     177.07061
	       D(23,11,12,26)     -64.75848       -0.00000       -0.11748     -64.87596
	       D(24,11,12,25)      59.76087       -0.00000       -0.11577      59.64511
	       D(24,11,12,26)     177.80721       -0.00000       -0.10868     177.69853
	-------------------------------------------------------------------------------

	                                 ==> Convergence Check <==                                  
    
	Measures of convergence in internal coordinates in au.
    
	Criteria marked as inactive (o), active & met (*), and active & unmet ( ).

	----------------------------------------------------------------------------------------------
	   Step    Total Energy     Delta E     Max Force     RMS Force      Max Disp      RMS Disp   
	----------------------------------------------------------------------------------------------
	  Convergence Criteria     1.00e-06 *    3.00e-04 *             o    1.20e-03 *             o
	----------------------------------------------------------------------------------------------
	    11   -1102.74819228   -7.40e-08 *    1.27e-04 *    2.70e-05 o    2.45e-03      7.60e-04 o  ~
	----------------------------------------------------------------------------------------------

Next Geometry in Ang 
	Fragment 1 (Ang)

	    C  -5.8851593894  -0.1709622668   0.6828037121
	    N  -5.5038527732  -1.4066995554   1.1023926599
	    C  -4.2322672543  -1.6887145351   0.9928203678
	    H  -3.9101764884  -2.6751881793   1.3240650010
	    C  -3.2851472201  -0.7743183191   0.4713168092
	    C  -1.9079594634  -1.0500643647   0.3499412883
	    C  -1.0550493942  -0.1004130351  -0.1627228014
	    N   0.3121971738  -0.4177024393  -0.2504590398
	    C   1.3632260926   0.3503661479  -0.6956719641
	    O   1.2452859111   1.4661093871  -1.1526664404
	    C   2.7122995274  -0.3396773402  -0.5404883217
	    C   3.8476632090   0.4752113950  -1.1432960835
	    S   5.4800762262  -0.2973363299  -0.9517225968
	    C   5.7417929957  -0.0592790426   0.8260172246
	    C  -1.5700636791   1.1597889083  -0.5765431251
	    H  -0.8881402838   1.8931828342  -0.9798988375
	    C  -2.9049810009   1.4337313263  -0.4630361509
	    C  -3.7997226036   0.4759021403   0.0666399203
	    N  -5.1242223862   0.7638555134   0.1816176844
	    H  -6.9437087914   0.0496087908   0.7811714330
	    H  -1.5341753733  -2.0189265780   0.6701981272
	    H   0.5575894510  -1.3329025761   0.0934476793
	    H   2.8822726789  -0.5012937394   0.5299958022
	    H   2.6749779109  -1.3309933478  -1.0042773881
	    H   3.7006406638   0.5894224841  -2.2183934812
	    H   3.8701511606   1.4799700709  -0.7181585737
	    H   5.0626057570  -0.6668381421   1.4263449766
	    H   5.6337123699   0.9937643221   1.0931786083
	    H   6.7643305541  -0.3707663367   1.0407651828
	    H  -3.3041955808   2.3911228290  -0.7753816727


    Final optimized geometry and variables:
    Molecular point group: c1
    Full point group: C1

    Geometry (in Angstrom), charge = 0, multiplicity = 1:

    C           -5.886281521597    -0.172825676152     0.679776564590
    N           -5.504173602701    -1.407328019240     1.102043213807
    C           -4.232228853849    -1.688338989413     0.994458225358
    H           -3.909631919900    -2.673834393045     1.328000713552
    C           -3.285392850933    -0.773988737803     0.472324997173
    C           -1.907825795176    -1.048633935884     0.352680095809
    C           -1.055298958602    -0.099071389391    -0.160826221934
    N            0.312234913852    -0.415579353091    -0.247388782216
    C            1.363178568407     0.352016135948    -0.693639556748
    O            1.245483404794     1.467696480423    -1.150789912152
    C            2.712202966902    -0.338415228201    -0.539554068065
    C            3.847409483549     0.477181781483    -1.141901786996
    S            5.479648625189    -0.296906076179    -0.954469774685
    C            5.744523707814    -0.062644998299     0.823298069988
    C           -1.571207737971     1.160019214243    -0.577028207243
    H           -0.889632333396     1.893377379875    -0.980928095045
    C           -2.906471843985     1.432954288954    -0.465277992437
    C           -3.800775964751     0.475104345680     0.065015147802
    N           -5.125679534545     0.761844190811     0.177971629640
    H           -6.945198801553     0.046755837188     0.776340455988
    H           -1.533486063541    -2.016624562515     0.674849111712
    H            0.557666150900    -1.330665977844     0.096832357046
    H            2.882596971857    -0.501225998434     0.530686882314
    H            2.674600814025    -1.329119973114    -1.004540856726
    H            3.698742024456     0.594415067242    -2.216438703579
    H            3.871202391513     1.480727671700    -0.714032952403
    H            5.064135969908    -0.669235523839     1.423223837671
    H            5.639674997155     0.990249462992     1.092206782101
    H            6.766337840738    -0.377349864659     1.036652740923
    H           -3.306353048559     2.389406862275    -0.779543915244


Scratch directory: /tmp/
   => Libint2 <=

    Primary   basis highest AM E, G, H:  7, 6, 3
    Auxiliary basis highest AM E, G, H:  7, 7, 4
    Onebody   basis highest AM E, G, H:  -, -, -
    Solid Harmonics ordering:            Gaussian

*** tstart() called on eristm01.eisai.local
*** at Wed May 20 10:48:30 2026

   => Loading Basis Set <=

    Name: 6-311+G(D,P)
    Role: ORBITAL
    Keyword: BASIS
    atoms 1, 3, 5-7, 9, 11-12, 14-15, 17-18 entry C          line   129 file /home2/shbae/bucket/covalent/.pixi/envs/default/share/psi4/basis/6-311pg_d_p_.gbs 
    atoms 2, 8, 19                          entry N          line   150 file /home2/shbae/bucket/covalent/.pixi/envs/default/share/psi4/basis/6-311pg_d_p_.gbs 
    atoms 4, 16, 20-30                      entry H          line    42 file /home2/shbae/bucket/covalent/.pixi/envs/default/share/psi4/basis/6-311pg_d_p_.gbs 
    atoms 10                                entry O          line   171 file /home2/shbae/bucket/covalent/.pixi/envs/default/share/psi4/basis/6-311pg_d_p_.gbs 
    atoms 13                                entry S          line   429 file /home2/shbae/bucket/covalent/.pixi/envs/default/share/psi4/basis/6-311pg_d_p_.gbs 

   => WB97X-D: Empirical Dispersion <=

    Chai and Head-Gordon Dispersion Correction
    Chai, J.-D.; Head-Gordon, M. (2010), J. Chem. Phys., 132: 6615-6620

        s6 =       1.000000


         ---------------------------------------------------------
                                   SCF
               by Justin Turney, Rob Parrish, Andy Simmonett
                          and Daniel G. A. Smith
                              RKS Reference
                        8 Threads,   7629 MiB Core
         ---------------------------------------------------------

  ==> Geometry <==

    Molecular point group: c1
    Full point group: C1

    Geometry (in Angstrom), charge = 0, multiplicity = 1:

       Center              X                  Y                   Z               Mass       
    ------------   -----------------  -----------------  -----------------  -----------------
         C           -5.886281521597    -0.172825676152     0.679776564590    12.000000000000
         N           -5.504173602701    -1.407328019240     1.102043213807    14.003074004430
         C           -4.232228853849    -1.688338989413     0.994458225358    12.000000000000
         H           -3.909631919900    -2.673834393045     1.328000713552     1.007825032230
         C           -3.285392850933    -0.773988737803     0.472324997173    12.000000000000
         C           -1.907825795176    -1.048633935884     0.352680095809    12.000000000000
         C           -1.055298958602    -0.099071389391    -0.160826221934    12.000000000000
         N            0.312234913852    -0.415579353091    -0.247388782216    14.003074004430
         C            1.363178568407     0.352016135948    -0.693639556748    12.000000000000
         O            1.245483404794     1.467696480423    -1.150789912152    15.994914619570
         C            2.712202966902    -0.338415228201    -0.539554068065    12.000000000000
         C            3.847409483549     0.477181781483    -1.141901786996    12.000000000000
         S            5.479648625189    -0.296906076179    -0.954469774685    31.972071174400
         C            5.744523707814    -0.062644998299     0.823298069988    12.000000000000
         C           -1.571207737971     1.160019214243    -0.577028207243    12.000000000000
         H           -0.889632333396     1.893377379875    -0.980928095045     1.007825032230
         C           -2.906471843985     1.432954288954    -0.465277992437    12.000000000000
         C           -3.800775964751     0.475104345680     0.065015147802    12.000000000000
         N           -5.125679534545     0.761844190811     0.177971629640    14.003074004430
         H           -6.945198801553     0.046755837188     0.776340455988     1.007825032230
         H           -1.533486063541    -2.016624562515     0.674849111712     1.007825032230
         H            0.557666150900    -1.330665977844     0.096832357046     1.007825032230
         H            2.882596971857    -0.501225998434     0.530686882314     1.007825032230
         H            2.674600814025    -1.329119973114    -1.004540856726     1.007825032230
         H            3.698742024456     0.594415067242    -2.216438703579     1.007825032230
         H            3.871202391513     1.480727671700    -0.714032952403     1.007825032230
         H            5.064135969908    -0.669235523839     1.423223837671     1.007825032230
         H            5.639674997155     0.990249462992     1.092206782101     1.007825032230
         H            6.766337840738    -0.377349864659     1.036652740923     1.007825032230
         H           -3.306353048560     2.389406862275    -0.779543915244     1.007825032230

  Running in c1 symmetry.

  Rotational constants: A =      0.05537  B =      0.00431  C =      0.00410 [cm^-1]
  Rotational constants: A =   1660.07490  B =    129.22823  C =    122.80052 [MHz]
  Nuclear repulsion = 1179.542212811423951

  Charge       = 0
  Multiplicity = 1
  Electrons    = 130
  Nalpha       = 65
  Nbeta        = 65

  ==> Algorithm <==

  SCF Algorithm Type is DF.
  DIIS enabled.
  MOM disabled.
  Fractional occupation disabled.
  Guess Type is SAD.
  Energy threshold   = 1.00e-06
  Density threshold  = 1.00e-06
  Integral threshold = 1.00e-12

  ==> Primary Basis <==

  Basis Set: 6-311+G(D,P)
    Blend: 6-311+G(D,P)
    Number of shells: 226
    Number of basis functions: 460
    Number of Cartesian functions: 477
    Spherical Harmonics?: true
    Max angular momentum: 2

  ==> DFT Potential <==

   => LibXC <=

    Version 7.0.0
    S. Lehtola, C. Steigemann, M. J.T. Oliveira, and M. A.L. Marques.,  SoftwareX 7, 1–5 (2018) (10.1016/j.softx.2017.11.002)

   => Composite Functional: WB97X-D <= 

    wB97X-D Hyb-GGA Exchange-Correlation Functional

    J.-D. Chai and M. Head-Gordon.,  Phys. Chem. Chem. Phys. 10, 6615-6620 (2008) (10.1039/B810189B)

    Deriv               =              1
    GGA                 =           TRUE
    Meta                =          FALSE

    Exchange Hybrid     =           TRUE
    MP2 Hybrid          =          FALSE

   => Exchange-Correlation Functionals <=

    1.0000   wB97X-D range-separated functional

   => Exact (HF) Exchange <=

    0.7780            HF,LR [omega = 0.2000]
    0.2220               HF 

   => LibXC Density Thresholds  <==

    XC_HYB_GGA_XC_WB97X_D:  1.00E-14 

   => Molecular Quadrature <=

    Radial Scheme          =       TREUTLER
    Pruning Scheme         =           NONE
    Nuclear Scheme         =       TREUTLER

    Blocking Scheme        =         OCTREE
    BS radius alpha        =              1
    Pruning alpha          =              1
    Radial Points          =             75
    Spherical Points       =            302
    Total Points           =         627649
    Total Blocks           =           4587
    Max Points             =            256
    Max Functions          =            325
    Weights Tolerance      =       1.00E-15

   => Loading Basis Set <=

    Name: (6-311+G(D,P) AUX)
    Role: JKFIT
    Keyword: DF_BASIS_SCF
    atoms 1, 3, 5-7, 9, 11-12, 14-15, 17-18 entry C          line   200 file /home2/shbae/bucket/covalent/.pixi/envs/default/share/psi4/basis/heavy-aug-cc-pvtz-jkfit.gbs 
    atoms 2, 8, 19                          entry N          line   262 file /home2/shbae/bucket/covalent/.pixi/envs/default/share/psi4/basis/heavy-aug-cc-pvtz-jkfit.gbs 
    atoms 4, 16, 20-30                      entry H          line   116 file /home2/shbae/bucket/covalent/.pixi/envs/default/share/psi4/basis/heavy-aug-cc-pvtz-jkfit.gbs 
    atoms 10                                entry O          line   324 file /home2/shbae/bucket/covalent/.pixi/envs/default/share/psi4/basis/heavy-aug-cc-pvtz-jkfit.gbs 
    atoms 13                                entry S          line   768 file /home2/shbae/bucket/covalent/.pixi/envs/default/share/psi4/basis/heavy-aug-cc-pvtz-jkfit.gbs 

  ==> Integral Setup <==

  ==> DiskDFJK: Density-Fitted J/K Matrices <==

    J tasked:                  Yes
    K tasked:                  Yes
    wK tasked:                 Yes
    Omega:               2.000E-01
    OpenMP threads:              8
    Integrals threads:           8
    Memory [MiB]:             1477
    Algorithm:                Disk
    Integral Cache:           NONE
    Schwarz Cutoff:          1E-12
    Fitting Condition:       1E-10

   => Auxiliary Basis Set <=

  Basis Set: (6-311+G(D,P) AUX)
    Blend: HEAVY-AUG-CC-PVTZ-JKFIT
    Number of shells: 652
    Number of basis functions: 2200
    Number of Cartesian functions: 2731
    Spherical Harmonics?: true
    Max angular momentum: 4

  Cached 50.0% of DFT collocation blocks in 2.102 [GiB].

  Minimum eigenvalue in the overlap matrix is 4.8583453344E-07.
  Reciprocal condition number of the overlap matrix is 3.3645300515E-08.
    Using symmetric orthogonalization.

  ==> Pre-Iterations <==

  SCF Guess: Superposition of Atomic Densities via on-the-fly atomic UHF (no occupation information).

   -------------------------
    Irrep   Nso     Nmo    
   -------------------------
     A        460     460 
   -------------------------
    Total     460     460
   -------------------------

  ==> Iterations <==

                           Total Energy        Delta E     RMS |[F,P]|

   @DF-RKS iter SAD: -1071.16193485570739   -1.07116e+03   0.00000e+00 
   @DF-RKS iter   1:  -853.21354183749656    2.17948e+02   2.29290e-02 DIIS/ADIIS
   @DF-RKS iter   2:  -624.66148242937993    2.28552e+02   4.52549e-02 DIIS/ADIIS
   @DF-RKS iter   3:  -984.54494670054567   -3.59883e+02   2.70343e-02 DIIS/ADIIS
   @DF-RKS iter   4:  -931.26490559265937    5.32800e+01   3.24036e-02 DIIS/ADIIS
   @DF-RKS iter   5: -1097.16061188572826   -1.65896e+02   5.98331e-03 DIIS/ADIIS
   @DF-RKS iter   6: -1089.24359351095200    7.91702e+00   9.29001e-03 DIIS/ADIIS
   @DF-RKS iter   7: -1099.71424520430560   -1.04707e+01   4.02901e-03 DIIS/ADIIS
   @DF-RKS iter   8: -1102.57799216190233   -2.86375e+00   1.14784e-03 DIIS/ADIIS
   @DF-RKS iter   9: -1102.71052756616427   -1.32535e-01   5.60308e-04 DIIS/ADIIS
   @DF-RKS iter  10: -1102.74135984844133   -3.08323e-02   2.09259e-04 DIIS/ADIIS
   @DF-RKS iter  11: -1102.74705520345469   -5.69536e-03   9.53825e-05 DIIS
   @DF-RKS iter  12: -1102.74802451251549   -9.69309e-04   2.95046e-05 DIIS
   @DF-RKS iter  13: -1102.74814728498745   -1.22772e-04   1.74212e-05 DIIS
   @DF-RKS iter  14: -1102.74818137313241   -3.40881e-05   5.73648e-06 DIIS
   @DF-RKS iter  15: -1102.74818708440853   -5.71128e-06   2.71665e-06 DIIS
   @DF-RKS iter  16: -1102.74818904815834   -1.96375e-06   1.27583e-06 DIIS
   @DF-RKS iter  17: -1102.74818960085508   -5.52697e-07   4.26466e-07 DIIS
  Energy and wave function converged.


  ==> Post-Iterations <==

   Electrons on quadrature grid:
      Ntotal   =  129.9999151097 ; deviation = -8.489e-05 

    Orbital Energies [Eh]
    ---------------------

    Doubly Occupied:                                                      

       1A    -89.015470     2A    -19.242325     3A    -14.497229  
       4A    -14.445745     5A    -14.443183     6A    -10.419465  
       7A    -10.366490     8A    -10.356348     9A    -10.351945  
      10A    -10.343987    11A    -10.324198    12A    -10.322923  
      13A    -10.318916    14A    -10.317954    15A    -10.316340  
      16A    -10.310782    17A    -10.307665    18A     -8.055936  
      19A     -6.005448    20A     -6.001479    21A     -5.994585  
      22A     -1.177261    23A     -1.101927    24A     -1.074024  
      25A     -1.007611    26A     -0.975050    27A     -0.933534  
      28A     -0.894443    29A     -0.882500    30A     -0.860422  
      31A     -0.798897    32A     -0.777705    33A     -0.763278  
      34A     -0.733779    35A     -0.711032    36A     -0.685825  
      37A     -0.661897    38A     -0.650663    39A     -0.615057  
      40A     -0.609889    41A     -0.593881    42A     -0.570418  
      43A     -0.554105    44A     -0.546479    45A     -0.544804  
      46A     -0.538511    47A     -0.533494    48A     -0.525496  
      49A     -0.523697    50A     -0.514721    51A     -0.497548  
      52A     -0.494594    53A     -0.480567    54A     -0.463602  
      55A     -0.461889    56A     -0.445692    57A     -0.428217  
      58A     -0.404958    59A     -0.400787    60A     -0.395305  
      61A     -0.368228    62A     -0.351939    63A     -0.343599  
      64A     -0.312415    65A     -0.311314  

    Virtual:                                                              

      66A     -0.014792    67A      0.018958    68A      0.036681  
      69A      0.054673    70A      0.057497    71A      0.064682  
      72A      0.067909    73A      0.072947    74A      0.076751  
      75A      0.081411    76A      0.085934    77A      0.092836  
      78A      0.094792    79A      0.096366    80A      0.102784  
      81A      0.107715    82A      0.109881    83A      0.112237  
      84A      0.116744    85A      0.120657    86A      0.126175  
      87A      0.130860    88A      0.133276    89A      0.134864  
      90A      0.140411    91A      0.143654    92A      0.153473  
      93A      0.157084    94A      0.158626    95A      0.160817  
      96A      0.172044    97A      0.172658    98A      0.177560  
      99A      0.180306   100A      0.183767   101A      0.188109  
     102A      0.190165   103A      0.194592   104A      0.195940  
     105A      0.201720   106A      0.204216   107A      0.214809  
     108A      0.216702   109A      0.219322   110A      0.222487  
     111A      0.229900   112A      0.233347   113A      0.236263  
     114A      0.239353   115A      0.242726   116A      0.247962  
     117A      0.256001   118A      0.261027   119A      0.263290  
     120A      0.263420   121A      0.266299   122A      0.268645  
     123A      0.276200   124A      0.279012   125A      0.279137  
     126A      0.286141   127A      0.287083   128A      0.291048  
     129A      0.293886   130A      0.296795   131A      0.300512  
     132A      0.303470   133A      0.305155   134A      0.314262  
     135A      0.314918   136A      0.321299   137A      0.321675  
     138A      0.326392   139A      0.329616   140A      0.337089  
     141A      0.341331   142A      0.345267   143A      0.348102  
     144A      0.353740   145A      0.358315   146A      0.366684  
     147A      0.369885   148A      0.370564   149A      0.372620  
     150A      0.379037   151A      0.385685   152A      0.388505  
     153A      0.389199   154A      0.399688   155A      0.404456  
     156A      0.409114   157A      0.412659   158A      0.419491  
     159A      0.425252   160A      0.433479   161A      0.441951  
     162A      0.446973   163A      0.452983   164A      0.458432  
     165A      0.471346   166A      0.478628   167A      0.482938  
     168A      0.499805   169A      0.513231   170A      0.528584  
     171A      0.548066   172A      0.556023   173A      0.564050  
     174A      0.574675   175A      0.582652   176A      0.592327  
     177A      0.603594   178A      0.610559   179A      0.611618  
     180A      0.614967   181A      0.618320   182A      0.624208  
     183A      0.630317   184A      0.648444   185A      0.658652  
     186A      0.660732   187A      0.670440   188A      0.674892  
     189A      0.684175   190A      0.691257   191A      0.693734  
     192A      0.698049   193A      0.710308   194A      0.723268  
     195A      0.724345   196A      0.731308   197A      0.740195  
     198A      0.746752   199A      0.748322   200A      0.754541  
     201A      0.762014   202A      0.765703   203A      0.781726  
     204A      0.785186   205A      0.788560   206A      0.796164  
     207A      0.810987   208A      0.824882   209A      0.826128  
     210A      0.844740   211A      0.850842   212A      0.859516  
     213A      0.865874   214A      0.871628   215A      0.885546  
     216A      0.887669   217A      0.895847   218A      0.898474  
     219A      0.921009   220A      0.927287   221A      0.948838  
     222A      0.949813   223A      0.954231   224A      0.957570  
     225A      0.967818   226A      0.975722   227A      0.977752  
     228A      0.986184   229A      0.989157   230A      0.993719  
     231A      1.006520   232A      1.022890   233A      1.028431  
     234A      1.041315   235A      1.042028   236A      1.060245  
     237A      1.061142   238A      1.066286   239A      1.071381  
     240A      1.087280   241A      1.095039   242A      1.111713  
     243A      1.121861   244A      1.131025   245A      1.133764  
     246A      1.145631   247A      1.161420   248A      1.166075  
     249A      1.179173   250A      1.193050   251A      1.200329  
     252A      1.211725   253A      1.214919   254A      1.216629  
     255A      1.220115   256A      1.231201   257A      1.251420  
     258A      1.282089   259A      1.287284   260A      1.305275  
     261A      1.312563   262A      1.325403   263A      1.340446  
     264A      1.354138   265A      1.388542   266A      1.400552  
     267A      1.455373   268A      1.466026   269A      1.479889  
     270A      1.507684   271A      1.523073   272A      1.530224  
     273A      1.556352   274A      1.584040   275A      1.590760  
     276A      1.593033   277A      1.601966   278A      1.605279  
     279A      1.612580   280A      1.621474   281A      1.646947  
     282A      1.653571   283A      1.655752   284A      1.657796  
     285A      1.670352   286A      1.674121   287A      1.679723  
     288A      1.692396   289A      1.705344   290A      1.709643  
     291A      1.713274   292A      1.734455   293A      1.744616  
     294A      1.757837   295A      1.765336   296A      1.772995  
     297A      1.802037   298A      1.810435   299A      1.818983  
     300A      1.821215   301A      1.827916   302A      1.852913  
     303A      1.857976   304A      1.876744   305A      1.881162  
     306A      1.885132   307A      1.902166   308A      1.918152  
     309A      1.932531   310A      1.945384   311A      1.968528  
     312A      1.972084   313A      1.977949   314A      1.997837  
     315A      2.020757   316A      2.023675   317A      2.046584  
     318A      2.051053   319A      2.064828   320A      2.071281  
     321A      2.090675   322A      2.105519   323A      2.133346  
     324A      2.137564   325A      2.141833   326A      2.155986  
     327A      2.184164   328A      2.188636   329A      2.217162  
     330A      2.220336   331A      2.237041   332A      2.239261  
     333A      2.272174   334A      2.284826   335A      2.303602  
     336A      2.314625   337A      2.322646   338A      2.346657  
     339A      2.365204   340A      2.366790   341A      2.391974  
     342A      2.418293   343A      2.423891   344A      2.445457  
     345A      2.472802   346A      2.486790   347A      2.517724  
     348A      2.519646   349A      2.524408   350A      2.551133  
     351A      2.553852   352A      2.578663   353A      2.601659  
     354A      2.603907   355A      2.620972   356A      2.633237  
     357A      2.650480   358A      2.657476   359A      2.664358  
     360A      2.675426   361A      2.691524   362A      2.723435  
     363A      2.737436   364A      2.748650   365A      2.770565  
     366A      2.770985   367A      2.787269   368A      2.789340  
     369A      2.813385   370A      2.821223   371A      2.834738  
     372A      2.856611   373A      2.872942   374A      2.876011  
     375A      2.907676   376A      2.912128   377A      2.928855  
     378A      2.950620   379A      2.953704   380A      2.957819  
     381A      2.963252   382A      2.980809   383A      2.983498  
     384A      3.004537   385A      3.007748   386A      3.017776  
     387A      3.034976   388A      3.037718   389A      3.043940  
     390A      3.058604   391A      3.080175   392A      3.112092  
     393A      3.155136   394A      3.171885   395A      3.180052  
     396A      3.258756   397A      3.283680   398A      3.305257  
     399A      3.329303   400A      3.405573   401A      3.430444  
     402A      3.444761   403A      3.456070   404A      3.480074  
     405A      3.507252   406A      3.553261   407A      3.588234  
     408A      3.630798   409A      3.681306   410A      3.707573  
     411A      3.721206   412A      3.746077   413A      3.792931  
     414A      3.819947   415A      3.828911   416A      3.847184  
     417A      3.851190   418A      3.888098   419A      3.961007  
     420A      3.989126   421A      4.011558   422A      4.023243  
     423A      4.035656   424A      4.057712   425A      4.150052  
     426A      4.195719   427A      4.266790   428A      4.336247  
     429A      4.378079   430A      4.520970   431A      4.598201  
     432A      4.928548   433A      4.942567   434A      5.063977  
     435A      5.175125   436A      5.198664   437A      5.401820  
     438A      5.416044   439A      5.901666   440A      8.037983  
     441A     17.480155   442A     17.573963   443A     17.604829  
     444A     23.745950   445A     23.968852   446A     23.985922  
     447A     24.023794   448A     24.028584   449A     24.033592  
     450A     24.047670   451A     24.089527   452A     24.121028  
     453A     24.157434   454A     24.239031   455A     24.316295  
     456A     35.748964   457A     35.773800   458A     35.819814  
     459A     50.150085   460A    189.283663  

    Final Occupation by Irrep:
              A 
    DOCC [    65 ]
    NA   [    65 ]
    NB   [    65 ]

  @DF-RKS Final Energy: -1102.74818960085508

   => Energetics <=

    Nuclear Repulsion Energy =           1179.5422128114239513
    One-Electron Energy =               -3846.5344493750908441
    Two-Electron Energy =                1651.5742723257760645
    DFT Exchange-Correlation Energy =     -87.3127263528422759
    Empirical Dispersion Energy =          -0.0174990101220209
    VV10 Nonlocal Energy =                  0.0000000000000000
    Total Energy =                      -1102.7481896008548574

Computation Completed


Properties will be evaluated at   0.000000,   0.000000,   0.000000 [a0]

Properties computed using the SCF density matrix


 Multipole Moments:

 ------------------------------------------------------------------------------------
     Multipole            Electronic (a.u.)      Nuclear  (a.u.)        Total (a.u.)
 ------------------------------------------------------------------------------------

 L = 1.  Multiply by 2.5417464519 to convert [e a0] to [Debye]
 Dipole X            :         50.0335727          -48.9126130            1.1209596
 Dipole Y            :          5.9283937           -6.9151708           -0.9867770
 Dipole Z            :         33.1485033          -32.3713738            0.7771295
 Magnitude           :                                                    1.6835111

 ------------------------------------------------------------------------------------

*** tstop() called on eristm01.eisai.local at Wed May 20 10:49:39 2026
Module time:
	user time   =     513.06 seconds =       8.55 minutes
	system time =      21.36 seconds =       0.36 minutes
	total time  =         69 seconds =       1.15 minutes
Total time:
	user time   =   58015.75 seconds =     966.93 minutes
	system time =    2033.64 seconds =      33.89 minutes
	total time  =       8245 seconds =     137.42 minutes
