
Scratch directory: /tmp/
gradient() will perform analytic gradient computation.
   => Libint2 <=

    Primary   basis highest AM E, G, H:  7, 6, 3
    Auxiliary basis highest AM E, G, H:  7, 7, 4
    Onebody   basis highest AM E, G, H:  -, -, -
    Solid Harmonics ordering:            Gaussian

*** tstart() called on eristm01.eisai.local
*** at Wed May 20 10:17:01 2026

   => Loading Basis Set <=

    Name: 6-311+G(D,P)
    Role: ORBITAL
    Keyword: BASIS
    atoms 1-3, 6-7, 9-10, 12, 14, 16-17 entry C          line   129 file /home2/shbae/bucket/covalent/.pixi/envs/default/share/psi4/basis/6-311pg_d_p_.gbs 
    atoms 4                             entry O          line   171 file /home2/shbae/bucket/covalent/.pixi/envs/default/share/psi4/basis/6-311pg_d_p_.gbs 
    atoms 5, 11, 13                     entry N          line   150 file /home2/shbae/bucket/covalent/.pixi/envs/default/share/psi4/basis/6-311pg_d_p_.gbs 
    atoms 8, 15, 18-24                  entry H          line    42 file /home2/shbae/bucket/covalent/.pixi/envs/default/share/psi4/basis/6-311pg_d_p_.gbs 

   => WB97X-D: Empirical Dispersion <=

    Chai and Head-Gordon Dispersion Correction
    Chai, J.-D.; Head-Gordon, M. (2010), J. Chem. Phys., 132: 6615-6620

        s6 =       1.000000


         ---------------------------------------------------------
                                   SCF
               by Justin Turney, Rob Parrish, Andy Simmonett
                          and Daniel G. A. Smith
                              RKS Reference
                        8 Threads,   7629 MiB Core
         ---------------------------------------------------------

  ==> Geometry <==

    Molecular point group: c1
    Full point group: C1

    Geometry (in Angstrom), charge = 0, multiplicity = 1:

       Center              X                  Y                   Z               Mass       
    ------------   -----------------  -----------------  -----------------  -----------------
         C            5.100204550990     0.450845178672    -0.511716936347    12.000000000000
         C            3.835089500867     0.693209510724    -0.822644133111    12.000000000000
         C            2.732951117166     0.052914021279    -0.061941570994    12.000000000000
         O            2.922202005562    -0.707789674351     0.862288258965    15.994914619570
         N            1.492373874031     0.419642260855    -0.523247757777    14.003074004430
         C            0.230358430576     0.036521236430    -0.076352172130    12.000000000000
         C            0.058110068573    -0.858808759872     1.006056735858    12.000000000000
         H            0.936621698073    -1.249953870909     1.491993583909     1.007825032230
         C           -1.189755375648    -1.218685036217     1.424988922475    12.000000000000
         C           -2.335839488725    -0.703280610630     0.784836970974    12.000000000000
         N           -3.567750749927    -1.059566014170     1.199634174513    14.003074004430
         C           -4.581927080707    -0.547477649211     0.565304521913    12.000000000000
         N           -4.540693851331     0.306955946657    -0.469347064399    14.003074004430
         C           -3.359556294267     0.668422260553    -0.891116742268    12.000000000000
         H           -3.330373947672     1.358687133551    -1.727030675332     1.007825032230
         C           -2.164726188970     0.196934678147    -0.303507137390    12.000000000000
         C           -0.873386277925     0.554447823563    -0.718980031033    12.000000000000
         H            5.332805291675    -0.217592669881     0.301364043611     1.007825032230
         H            5.923931442409     0.897331283619    -1.041342934348     1.007825032230
         H            3.566799674544     1.358340077232    -1.632141895423     1.007825032230
         H            1.474028740907     1.063227965563    -1.303255581975     1.007825032230
         H           -1.329015139221    -1.900182074769     2.248773285701     1.007825032230
         H           -5.570616520097    -0.834632413833     0.899677737053     1.007825032230
         H           -0.761835480886     1.240489396997    -1.548649564867     1.007825032230

  Running in c1 symmetry.

  Rotational constants: A =      0.07851  B =      0.00893  C =      0.00802 [cm^-1]
  Rotational constants: A =   2353.68233  B =    267.71216  C =    240.39418 [MHz]
  Nuclear repulsion =  880.213991409983805

  Charge       = 0
  Multiplicity = 1
  Electrons    = 104
  Nalpha       = 52
  Nbeta        = 52

  ==> Algorithm <==

  SCF Algorithm Type is DF.
  DIIS enabled.
  MOM disabled.
  Fractional occupation disabled.
  Guess Type is SAD.
  Energy threshold   = 1.00e-08
  Density threshold  = 1.00e-08
  Integral threshold = 1.00e-12

  ==> Primary Basis <==

  Basis Set: 6-311+G(D,P)
    Blend: 6-311+G(D,P)
    Number of shells: 186
    Number of basis functions: 384
    Number of Cartesian functions: 399
    Spherical Harmonics?: true
    Max angular momentum: 2

  ==> DFT Potential <==

   => LibXC <=

    Version 7.0.0
    S. Lehtola, C. Steigemann, M. J.T. Oliveira, and M. A.L. Marques.,  SoftwareX 7, 1–5 (2018) (10.1016/j.softx.2017.11.002)

   => Composite Functional: WB97X-D <= 

    wB97X-D Hyb-GGA Exchange-Correlation Functional

    J.-D. Chai and M. Head-Gordon.,  Phys. Chem. Chem. Phys. 10, 6615-6620 (2008) (10.1039/B810189B)

    Deriv               =              1
    GGA                 =           TRUE
    Meta                =          FALSE

    Exchange Hybrid     =           TRUE
    MP2 Hybrid          =          FALSE

   => Exchange-Correlation Functionals <=

    1.0000   wB97X-D range-separated functional

   => Exact (HF) Exchange <=

    0.7780            HF,LR [omega = 0.2000]
    0.2220               HF 

   => LibXC Density Thresholds  <==

    XC_HYB_GGA_XC_WB97X_D:  1.00E-14 

   => Molecular Quadrature <=

    Radial Scheme          =       TREUTLER
    Pruning Scheme         =           NONE
    Nuclear Scheme         =       TREUTLER

    Blocking Scheme        =         OCTREE
    BS radius alpha        =              1
    Pruning alpha          =              1
    Radial Points          =             75
    Spherical Points       =            302
    Total Points           =         503637
    Total Blocks           =           3713
    Max Points             =            256
    Max Functions          =            297
    Weights Tolerance      =       1.00E-15

   => Loading Basis Set <=

    Name: (6-311+G(D,P) AUX)
    Role: JKFIT
    Keyword: DF_BASIS_SCF
    atoms 1-3, 6-7, 9-10, 12, 14, 16-17 entry C          line   200 file /home2/shbae/bucket/covalent/.pixi/envs/default/share/psi4/basis/heavy-aug-cc-pvtz-jkfit.gbs 
    atoms 4                             entry O          line   324 file /home2/shbae/bucket/covalent/.pixi/envs/default/share/psi4/basis/heavy-aug-cc-pvtz-jkfit.gbs 
    atoms 5, 11, 13                     entry N          line   262 file /home2/shbae/bucket/covalent/.pixi/envs/default/share/psi4/basis/heavy-aug-cc-pvtz-jkfit.gbs 
    atoms 8, 15, 18-24                  entry H          line   116 file /home2/shbae/bucket/covalent/.pixi/envs/default/share/psi4/basis/heavy-aug-cc-pvtz-jkfit.gbs 

  ==> Integral Setup <==

  DFHelper Memory: AOs need 4.974 GiB; user supplied 4.974 GiB. 
  SCF_SUBTYPE=INCORE selected. In-core MEM_DF algorithm will be used.
  Using in-core AOs.

  ==> MemDFJK: Density-Fitted J/K Matrices <==

    J tasked:                   Yes
    K tasked:                   Yes
    wK tasked:                  Yes
    Omega:                2.000E-01
    OpenMP threads:               8
    Memory [MiB]:              5093
    Algorithm:                 Core
    Schwarz Cutoff:           1E-12
    Mask sparsity (%):      18.5900
    Fitting Condition:        1E-10

   => Auxiliary Basis Set <=

  Basis Set: (6-311+G(D,P) AUX)
    Blend: HEAVY-AUG-CC-PVTZ-JKFIT
    Number of shells: 540
    Number of basis functions: 1830
    Number of Cartesian functions: 2280
    Spherical Harmonics?: true
    Max angular momentum: 4

  Cached 16.7% of DFT collocation blocks in 0.532 [GiB].

  Minimum eigenvalue in the overlap matrix is 4.7756228798E-07.
  Reciprocal condition number of the overlap matrix is 3.2968313617E-08.
    Using symmetric orthogonalization.

  ==> Pre-Iterations <==

  SCF Guess: Superposition of Atomic Densities via on-the-fly atomic UHF (no occupation information).

   -------------------------
    Irrep   Nso     Nmo    
   -------------------------
     A        384     384 
   -------------------------
    Total     384     384
   -------------------------

  ==> Iterations <==

                           Total Energy        Delta E     RMS |[F,P]|

   @DF-RKS iter SAD:  -639.94543329903604   -6.39945e+02   0.00000e+00 
   @DF-RKS iter   1:  -471.53756404544021    1.68408e+02   2.44097e-02 DIIS/ADIIS
   @DF-RKS iter   2:  -460.07315839180274    1.14644e+01   4.09999e-02 DIIS/ADIIS
   @DF-RKS iter   3:  -563.98438877106912   -1.03911e+02   3.21351e-02 DIIS/ADIIS
   @DF-RKS iter   4:  -592.87333691452500   -2.88889e+01   2.44986e-02 DIIS/ADIIS
   @DF-RKS iter   5:  -638.19971441055338   -4.53264e+01   1.31897e-02 DIIS/ADIIS
   @DF-RKS iter   6:  -510.54244293372255    1.27657e+02   3.18186e-02 DIIS/ADIIS
   @DF-RKS iter   7:  -654.27476891770016   -1.43732e+02   1.07973e-02 DIIS/ADIIS
   @DF-RKS iter   8:  -663.07709850360493   -8.80233e+00   3.45358e-03 DIIS/ADIIS
   @DF-RKS iter   9:  -663.44048404642683   -3.63386e-01   2.85721e-03 DIIS/ADIIS
   @DF-RKS iter  10:  -663.97880174428280   -5.38318e-01   5.47976e-04 DIIS/ADIIS
   @DF-RKS iter  11:  -663.99360032089862   -1.47986e-02   3.65888e-04 DIIS/ADIIS
   @DF-RKS iter  12:  -664.00175093782650   -8.15062e-03   9.28272e-05 DIIS
   @DF-RKS iter  13:  -664.00234980834568   -5.98871e-04   5.80815e-05 DIIS
   @DF-RKS iter  14:  -664.00256219796108   -2.12390e-04   1.80436e-05 DIIS
   @DF-RKS iter  15:  -664.00258127611517   -1.90782e-05   3.80226e-06 DIIS
   @DF-RKS iter  16:  -664.00258282130551   -1.54519e-06   2.07317e-06 DIIS
   @DF-RKS iter  17:  -664.00258334915384   -5.27848e-07   6.06193e-07 DIIS
   @DF-RKS iter  18:  -664.00258344274948   -9.35956e-08   3.08711e-07 DIIS
   @DF-RKS iter  19:  -664.00258346251235   -1.97629e-08   1.26428e-07 DIIS
   @DF-RKS iter  20:  -664.00258346698092   -4.46857e-09   5.65834e-08 DIIS
   @DF-RKS iter  21:  -664.00258346789565   -9.14724e-10   2.21372e-08 DIIS
   @DF-RKS iter  22:  -664.00258346803253   -1.36879e-10   1.02150e-08 DIIS
   @DF-RKS iter  23:  -664.00258346805572   -2.31921e-11   4.31556e-09 DIIS
  Energy and wave function converged.


  ==> Post-Iterations <==

   Electrons on quadrature grid:
      Ntotal   =  104.0000857258 ; deviation = 8.573e-05 

    Orbital Energies [Eh]
    ---------------------

    Doubly Occupied:                                                      

       1A    -19.235011     2A    -14.497184     3A    -14.441618  
       4A    -14.438684     5A    -10.415627     6A    -10.362814  
       7A    -10.351665     8A    -10.348829     9A    -10.341485  
      10A    -10.320874    11A    -10.316554    12A    -10.315427  
      13A    -10.312831    14A    -10.306470    15A    -10.304173  
      16A     -1.172825    17A     -1.104182    18A     -1.075535  
      19A     -1.008111    20A     -0.973719    21A     -0.914322  
      22A     -0.890167    23A     -0.871482    24A     -0.793258  
      25A     -0.776369    26A     -0.739266    27A     -0.729175  
      28A     -0.688577    29A     -0.657291    30A     -0.650831  
      31A     -0.627320    32A     -0.610964    33A     -0.578400  
      34A     -0.554488    35A     -0.553931    36A     -0.545763  
      37A     -0.538088    38A     -0.535308    39A     -0.534348  
      40A     -0.520699    41A     -0.494994    42A     -0.481349  
      43A     -0.475728    44A     -0.461931    45A     -0.428336  
      46A     -0.403920    47A     -0.391661    48A     -0.382269  
      49A     -0.365720    50A     -0.350253    51A     -0.340010  
      52A     -0.308578  

    Virtual:                                                              

      53A     -0.017477    54A      0.002050    55A      0.037851  
      56A      0.038275    57A      0.059751    58A      0.062845  
      59A      0.070996    60A      0.077670    61A      0.085275  
      62A      0.093880    63A      0.093881    64A      0.097945  
      65A      0.104039    66A      0.107200    67A      0.118132  
      68A      0.118535    69A      0.123227    70A      0.125654  
      71A      0.131015    72A      0.132236    73A      0.145517  
      74A      0.149787    75A      0.159855    76A      0.160049  
      77A      0.167073    78A      0.168513    79A      0.172667  
      80A      0.180723    81A      0.186359    82A      0.188289  
      83A      0.194013    84A      0.198647    85A      0.200001  
      86A      0.209641    87A      0.218827    88A      0.224041  
      89A      0.231361    90A      0.232466    91A      0.233833  
      92A      0.236144    93A      0.240792    94A      0.250740  
      95A      0.257499    96A      0.258353    97A      0.261763  
      98A      0.265371    99A      0.269025   100A      0.270928  
     101A      0.273285   102A      0.280553   103A      0.284735  
     104A      0.291640   105A      0.292346   106A      0.292871  
     107A      0.299622   108A      0.303095   109A      0.308091  
     110A      0.310310   111A      0.314326   112A      0.316905  
     113A      0.320985   114A      0.329622   115A      0.337127  
     116A      0.345084   117A      0.348500   118A      0.352405  
     119A      0.358458   120A      0.365947   121A      0.371316  
     122A      0.371508   123A      0.377264   124A      0.382132  
     125A      0.389617   126A      0.398272   127A      0.401273  
     128A      0.405276   129A      0.410544   130A      0.417078  
     131A      0.433268   132A      0.443169   133A      0.446055  
     134A      0.461494   135A      0.471250   136A      0.479084  
     137A      0.496392   138A      0.521413   139A      0.537601  
     140A      0.554380   141A      0.568289   142A      0.582470  
     143A      0.590599   144A      0.602031   145A      0.606270  
     146A      0.609134   147A      0.617935   148A      0.618007  
     149A      0.622583   150A      0.628175   151A      0.654435  
     152A      0.655919   153A      0.661936   154A      0.677091  
     155A      0.678185   156A      0.682423   157A      0.685886  
     158A      0.691295   159A      0.712844   160A      0.715852  
     161A      0.723137   162A      0.733767   163A      0.734813  
     164A      0.750967   165A      0.760410   166A      0.763052  
     167A      0.783683   168A      0.786985   169A      0.790625  
     170A      0.808633   171A      0.811333   172A      0.843555  
     173A      0.848361   174A      0.854713   175A      0.863556  
     176A      0.866439   177A      0.884059   178A      0.889263  
     179A      0.899489   180A      0.924839   181A      0.940631  
     182A      0.948182   183A      0.949971   184A      0.954766  
     185A      0.963676   186A      0.973985   187A      0.982576  
     188A      0.986852   189A      0.989485   190A      0.993117  
     191A      1.010587   192A      1.029109   193A      1.037924  
     194A      1.043296   195A      1.055483   196A      1.056724  
     197A      1.071049   198A      1.072654   199A      1.074345  
     200A      1.087958   201A      1.108126   202A      1.130182  
     203A      1.133298   204A      1.143146   205A      1.144184  
     206A      1.148586   207A      1.156228   208A      1.175218  
     209A      1.193620   210A      1.208820   211A      1.219327  
     212A      1.221985   213A      1.235664   214A      1.236838  
     215A      1.287883   216A      1.310573   217A      1.320697  
     218A      1.349597   219A      1.354999   220A      1.372528  
     221A      1.397885   222A      1.459149   223A      1.463033  
     224A      1.470078   225A      1.520571   226A      1.531561  
     227A      1.552479   228A      1.582446   229A      1.589670  
     230A      1.596272   231A      1.604145   232A      1.609571  
     233A      1.619019   234A      1.626460   235A      1.643833  
     236A      1.649537   237A      1.657445   238A      1.665792  
     239A      1.700228   240A      1.715558   241A      1.721377  
     242A      1.721462   243A      1.759847   244A      1.780876  
     245A      1.810456   246A      1.814706   247A      1.826785  
     248A      1.828413   249A      1.832622   250A      1.852385  
     251A      1.865094   252A      1.869901   253A      1.880629  
     254A      1.887988   255A      1.919525   256A      1.945902  
     257A      1.959756   258A      1.972968   259A      1.979453  
     260A      1.999429   261A      2.028503   262A      2.035950  
     263A      2.041054   264A      2.062554   265A      2.077198  
     266A      2.111451   267A      2.125620   268A      2.145277  
     269A      2.146673   270A      2.155932   271A      2.185115  
     272A      2.211758   273A      2.215723   274A      2.222990  
     275A      2.235885   276A      2.249860   277A      2.299305  
     278A      2.328274   279A      2.329290   280A      2.334043  
     281A      2.366329   282A      2.393359   283A      2.402555  
     284A      2.424354   285A      2.449924   286A      2.488643  
     287A      2.488657   288A      2.521007   289A      2.526574  
     290A      2.547776   291A      2.565918   292A      2.566468  
     293A      2.666566   294A      2.672583   295A      2.685275  
     296A      2.725161   297A      2.734482   298A      2.766478  
     299A      2.767956   300A      2.774126   301A      2.788924  
     302A      2.794818   303A      2.796120   304A      2.798381  
     305A      2.830725   306A      2.839826   307A      2.861057  
     308A      2.867756   309A      2.872675   310A      2.888564  
     311A      2.903587   312A      2.925114   313A      2.941146  
     314A      2.956201   315A      2.969394   316A      2.969428  
     317A      3.001630   318A      3.002514   319A      3.025767  
     320A      3.033394   321A      3.040715   322A      3.042249  
     323A      3.056246   324A      3.062812   325A      3.083338  
     326A      3.108921   327A      3.128270   328A      3.174497  
     329A      3.203334   330A      3.280153   331A      3.315300  
     332A      3.358552   333A      3.414698   334A      3.443209  
     335A      3.455303   336A      3.474972   337A      3.515734  
     338A      3.558649   339A      3.608538   340A      3.624659  
     341A      3.659335   342A      3.688755   343A      3.717778  
     344A      3.731477   345A      3.763449   346A      3.802229  
     347A      3.851160   348A      3.867639   349A      3.976445  
     350A      3.979310   351A      4.013612   352A      4.015607  
     353A      4.040944   354A      4.066414   355A      4.097343  
     356A      4.183577   357A      4.276041   358A      4.379423  
     359A      4.410288   360A      4.530925   361A      4.594114  
     362A      4.935039   363A      4.948548   364A      5.083842  
     365A      5.165037   366A      5.229636   367A      5.408296  
     368A      5.434272   369A      5.923688   370A     23.760225  
     371A     23.888829   372A     24.004254   373A     24.040461  
     374A     24.059484   375A     24.117172   376A     24.129486  
     377A     24.162571   378A     24.245350   379A     24.332884  
     380A     24.396124   381A     35.757779   382A     35.787503  
     383A     35.840311   384A     50.179206  

    Final Occupation by Irrep:
              A 
    DOCC [    52 ]
    NA   [    52 ]
    NB   [    52 ]

  @DF-RKS Final Energy:  -664.00258346805572

   => Energetics <=

    Nuclear Repulsion Energy =            880.2139914099838052
    One-Electron Energy =               -2645.2878521684433508
    Two-Electron Energy =                1165.0045055745215450
    DFT Exchange-Correlation Energy =     -63.9205567758357063
    Empirical Dispersion Energy =          -0.0126715082820398
    VV10 Nonlocal Energy =                  0.0000000000000000
    Total Energy =                       -664.0025834680557182

Computation Completed


Properties will be evaluated at   0.000000,   0.000000,   0.000000 [a0]

Properties computed using the SCF density matrix


 Multipole Moments:

 ------------------------------------------------------------------------------------
     Multipole            Electronic (a.u.)      Nuclear  (a.u.)        Total (a.u.)
 ------------------------------------------------------------------------------------

 L = 1.  Multiply by 2.5417464519 to convert [e a0] to [Debye]
 Dipole X            :         61.7255574          -60.4398581            1.2856993
 Dipole Y            :         20.5727024          -19.5154309            1.0572715
 Dipole Z            :        -17.1493883           15.8860585           -1.2633299
 Magnitude           :                                                    2.0897005

 ------------------------------------------------------------------------------------

*** tstop() called on eristm01.eisai.local at Wed May 20 10:17:46 2026
Module time:
	user time   =     336.05 seconds =       5.60 minutes
	system time =      10.06 seconds =       0.17 minutes
	total time  =         45 seconds =       0.75 minutes
Total time:
	user time   =   44079.97 seconds =     734.67 minutes
	system time =    1555.50 seconds =      25.93 minutes
	total time  =       6332 seconds =     105.53 minutes

*** tstart() called on eristm01.eisai.local
*** at Wed May 20 10:17:46 2026


         ------------------------------------------------------------
                                   SCF GRAD                          
                          Rob Parrish, Justin Turney,                
                       Andy Simmonett, and Alex Sokolov              
         ------------------------------------------------------------

  ==> Geometry <==

    Molecular point group: c1
    Full point group: C1

    Geometry (in Angstrom), charge = 0, multiplicity = 1:

       Center              X                  Y                   Z               Mass       
    ------------   -----------------  -----------------  -----------------  -----------------
         C            5.100204550990     0.450845178672    -0.511716936347    12.000000000000
         C            3.835089500867     0.693209510724    -0.822644133111    12.000000000000
         C            2.732951117166     0.052914021279    -0.061941570994    12.000000000000
         O            2.922202005562    -0.707789674351     0.862288258965    15.994914619570
         N            1.492373874031     0.419642260855    -0.523247757777    14.003074004430
         C            0.230358430576     0.036521236430    -0.076352172130    12.000000000000
         C            0.058110068573    -0.858808759872     1.006056735858    12.000000000000
         H            0.936621698073    -1.249953870909     1.491993583909     1.007825032230
         C           -1.189755375648    -1.218685036217     1.424988922475    12.000000000000
         C           -2.335839488725    -0.703280610630     0.784836970974    12.000000000000
         N           -3.567750749927    -1.059566014170     1.199634174513    14.003074004430
         C           -4.581927080707    -0.547477649211     0.565304521913    12.000000000000
         N           -4.540693851331     0.306955946657    -0.469347064399    14.003074004430
         C           -3.359556294267     0.668422260553    -0.891116742268    12.000000000000
         H           -3.330373947672     1.358687133551    -1.727030675332     1.007825032230
         C           -2.164726188970     0.196934678147    -0.303507137390    12.000000000000
         C           -0.873386277925     0.554447823563    -0.718980031033    12.000000000000
         H            5.332805291675    -0.217592669881     0.301364043611     1.007825032230
         H            5.923931442409     0.897331283619    -1.041342934348     1.007825032230
         H            3.566799674544     1.358340077232    -1.632141895423     1.007825032230
         H            1.474028740907     1.063227965563    -1.303255581975     1.007825032230
         H           -1.329015139221    -1.900182074769     2.248773285701     1.007825032230
         H           -5.570616520097    -0.834632413833     0.899677737053     1.007825032230
         H           -0.761835480886     1.240489396997    -1.548649564867     1.007825032230

  Nuclear repulsion =  880.213991409983805

  ==> Basis Set <==

  Basis Set: 6-311+G(D,P)
    Blend: 6-311+G(D,P)
    Number of shells: 186
    Number of basis functions: 384
    Number of Cartesian functions: 399
    Spherical Harmonics?: true
    Max angular momentum: 2

  ==> DFJKGrad: Density-Fitted SCF Gradients <==

    Gradient:                    1
    J tasked:                  Yes
    K tasked:                  Yes
    wK tasked:                 Yes
    Omega:               2.000E-01
    OpenMP threads:              8
    Integrals threads:           8
    Memory [MiB]:             5722
    Schwarz Cutoff:          1E-12
    Fitting Condition:       1E-10

   => Auxiliary Basis Set <=

  Basis Set: (6-311+G(D,P) AUX)
    Blend: HEAVY-AUG-CC-PVTZ-JKFIT
    Number of shells: 540
    Number of basis functions: 1830
    Number of Cartesian functions: 2280
    Spherical Harmonics?: true
    Max angular momentum: 4

  ==> DFT Potential <==

   => LibXC <=

    Version 7.0.0
    S. Lehtola, C. Steigemann, M. J.T. Oliveira, and M. A.L. Marques.,  SoftwareX 7, 1–5 (2018) (10.1016/j.softx.2017.11.002)

   => Composite Functional: WB97X-D <= 

    wB97X-D Hyb-GGA Exchange-Correlation Functional

    J.-D. Chai and M. Head-Gordon.,  Phys. Chem. Chem. Phys. 10, 6615-6620 (2008) (10.1039/B810189B)

    Deriv               =              1
    GGA                 =           TRUE
    Meta                =          FALSE

    Exchange Hybrid     =           TRUE
    MP2 Hybrid          =          FALSE

   => Exchange-Correlation Functionals <=

    1.0000   wB97X-D range-separated functional

   => Exact (HF) Exchange <=

    0.7780            HF,LR [omega = 0.2000]
    0.2220               HF 

   => LibXC Density Thresholds  <==

    XC_HYB_GGA_XC_WB97X_D:  1.00E-14 

   => Molecular Quadrature <=

    Radial Scheme          =       TREUTLER
    Pruning Scheme         =           NONE
    Nuclear Scheme         =       TREUTLER

    Blocking Scheme        =         OCTREE
    BS radius alpha        =              1
    Pruning alpha          =              1
    Radial Points          =             75
    Spherical Points       =            302
    Total Points           =         503637
    Total Blocks           =           3713
    Max Points             =            256
    Max Functions          =            297
    Weights Tolerance      =       1.00E-15


  -Total Gradient:
     Atom            X                  Y                   Z
    ------   -----------------  -----------------  -----------------
       1        0.001534542296     0.000247837809    -0.000287175348
       2       -0.002491736358    -0.000665383462     0.000770975348
       3        0.000196706100     0.000427959748    -0.000510562411
       4       -0.000282826153     0.001876415690    -0.002279002279
       5       -0.001599578907    -0.005565833888     0.006719928222
       6        0.007813471066    -0.000590550207     0.000822484750
       7       -0.001158882767     0.003128056013    -0.003805894948
       8       -0.001007947460     0.000782383260    -0.000961699336
       9        0.000348512031    -0.001923978067     0.002336940025
      10       -0.003478752925    -0.006704008212     0.008074369218
      11        0.002176268665     0.006756416778    -0.008156285899
      12        0.003123539344     0.004042310817    -0.004855065068
      13        0.004706647999    -0.007329782552     0.008944736299
      14       -0.001899068770     0.000350741089    -0.000450665984
      15       -0.001561510729    -0.002037320287     0.002446902149
      16        0.002090567834     0.006040756664    -0.007288623023
      17       -0.003638179245     0.000450315070    -0.000596955696
      18       -0.000446394335     0.003282034198    -0.003979562121
      19       -0.002567911412    -0.002972165054     0.003569164677
      20       -0.001190518244    -0.002614906378     0.003152637582
      21       -0.002207869255     0.002215288821    -0.002714246297
      22        0.000139279766     0.002200890725    -0.002664643824
      23        0.002326361753     0.000720086714    -0.000840405620
      24       -0.000875291770    -0.001986231701     0.002394439411


*** tstop() called on eristm01.eisai.local at Wed May 20 10:17:58 2026
Module time:
	user time   =      88.86 seconds =       1.48 minutes
	system time =       1.15 seconds =       0.02 minutes
	total time  =         12 seconds =       0.20 minutes
Total time:
	user time   =   44168.84 seconds =     736.15 minutes
	system time =    1556.65 seconds =      25.94 minutes
	total time  =       6344 seconds =     105.73 minutes

    			-----------------------------------------

    			 OPTKING 3.0: for geometry optimizations 

    			     By R.A. King, Bethel University     

    			        with contributions from          

    			    A.V. Copan, J. Cayton, A. Heide      

    			-----------------------------------------

    
	                            ===> Fragment 1 <== 

	 Z (Atomic Numbers)          Masses                          Geom                  
	       6.000000            12.000000          9.63798979  0.85197391 -0.96700486   
	       6.000000            12.000000          7.24726882  1.30997612 -1.55457211   
	       6.000000            12.000000          5.16452913  0.09999301 -0.11705260   
	       8.000000            15.994915          5.52216147 -1.33752864  1.62948865   
	       7.000000            14.003074          2.82017790  0.79300894 -0.98879496   
	       6.000000            12.000000          0.43531434  0.06901513 -0.14428469   
	       6.000000            12.000000          0.10981211 -1.62291335  1.90117170   
	       1.000000             1.007825          1.76995849 -2.36207049  2.81945925   
	       6.000000            12.000000         -2.24831182 -2.30298095  2.69283880   
	       6.000000            12.000000         -4.41409691 -1.32900774  1.48312693   
	       7.000000            14.003074         -6.74207180 -2.00228958  2.26698004   
	       6.000000            12.000000         -8.65858731 -1.03458282  1.06827072   
	       7.000000            14.003074         -8.58066780  0.58006267 -0.88693741   
	       6.000000            12.000000         -6.34864130  1.26313501 -1.68396659   
	       1.000000             1.007825         -6.29349466  2.56754657 -3.26361499   
	       6.000000            12.000000         -4.09073963  0.37215261 -0.57354537   
	       6.000000            12.000000         -1.65046087  1.04775454 -1.35867535   
	       1.000000             1.007825         10.07754148 -0.41119055  0.56949551   
	       1.000000             1.007825         11.19460801  1.69571037 -1.96785295   
	       1.000000             1.007825          6.74027453  2.56689073 -3.08430118   
	       1.000000             1.007825          2.78551062  2.00920966 -2.46279612   
	       1.000000             1.007825         -2.51147463 -3.59082371  4.24956563   
	       1.000000             1.007825        -10.52693957  -1.57722668   1.70014452 
	       1.000000             1.007825         -1.43966041  2.34418522 -2.92652354   

	 - Coordinate -           - BOHR/RAD -       - ANG/DEG -
	 H(4,8)           =         4.067523           2.152440
	 R(1,2)           =         2.504106           1.325116
	 R(1,18)          =         2.037062           1.077967
	 R(1,19)          =         2.033875           1.076280
	 R(2,3)           =         2.805054           1.484370
	 R(2,20)          =         2.043758           1.081510
	 R(3,4)           =         2.290148           1.211894
	 R(3,5)           =         2.595417           1.373435
	 R(5,6)           =         2.631528           1.392545
	 R(5,21)          =         1.911289           1.011411
	 R(6,7)           =         2.674409           1.415236
	 R(6,17)          =         2.604445           1.378213
	 R(7,8)           =         2.036097           1.077456
	 R(7,9)           =         2.578755           1.364618
	 R(9,10)          =         2.665080           1.410300
	 R(9,22)          =         2.037447           1.078171
	 R(10,11)         =         2.546998           1.347814
	 R(10,16)         =         2.688570           1.422730
	 R(11,12)         =         2.458941           1.301216
	 R(12,13)         =         2.536925           1.342483
	 R(12,23)         =         2.045597           1.082483
	 R(13,14)         =         2.466533           1.305233
	 R(14,15)         =         2.049346           1.084467
	 R(14,16)         =         2.669270           1.412517
	 R(16,17)         =         2.651005           1.402851
	 R(17,24)         =         2.045316           1.082335
	 B(1,2,3)         =         2.105670         120.645979
	 B(1,2,20)        =         2.123450         121.664710
	 B(2,1,18)        =         2.090249         119.762474
	 B(2,1,19)        =         2.140464         122.639538
	 B(2,3,4)         =         2.147954         123.068674
	 B(2,3,5)         =         1.964231         112.542132
	 B(3,2,20)        =         2.054066         117.689311
	 B(3,5,6)         =         2.261847         129.594270
	 B(3,5,21)        =         2.032332         116.444038
	 B(4,3,5)         =         2.171001         124.389194
	 B(5,6,7)         =         2.129164         121.992094
	 B(5,6,17)        =         2.063214         118.213432
	 B(6,5,21)        =         1.989007         113.961692
	 B(6,7,8)         =         2.066176         118.383173
	 B(6,7,9)         =         2.109395         120.859426
	 B(6,17,16)       =         2.098243         120.220463
	 B(6,17,24)       =         2.109573         120.869621
	 B(7,6,17)        =         2.090808         119.794475
	 B(7,9,10)        =         2.102958         120.490621
	 B(7,9,22)        =         2.116908         121.289871
	 B(8,7,9)         =         2.107614         120.757401
	 B(9,10,11)       =         2.101883         120.429012
	 B(9,10,16)       =         2.072282         118.733006
	 B(10,9,22)       =         2.063320         118.219508
	 B(10,11,12)      =         2.046905         117.279034
	 B(10,16,14)      =         2.012738         115.321420
	 B(10,16,17)      =         2.092685         119.902010
	 B(11,10,16)      =         2.109021         120.837982
	 B(11,12,13)      =         2.217107         127.030862
	 B(11,12,23)      =         2.045295         117.186798
	 B(12,13,14)      =         2.041029         116.942375
	 B(13,12,23)      =         2.020783         115.782341
	 B(13,14,15)      =         2.037223         116.724278
	 B(13,14,16)      =         2.139570         122.588328
	 B(14,16,17)      =         2.177762         124.776570
	 B(15,14,16)      =         2.106392         120.687394
	 B(16,17,24)      =         2.075370         118.909916
	 B(18,1,19)       =         2.052472         117.597988
	 D(1,2,3,4)       =        -0.000000          -0.000000
	 D(1,2,3,5)       =        -3.141573        -179.998883
	 D(2,3,5,6)       =         3.141578         179.999135
	 D(2,3,5,21)      =        -0.000000          -0.000000
	 D(3,2,1,18)      =        -0.000030          -0.001734
	 D(3,2,1,19)      =        -3.141545        -179.997290
	 D(3,5,6,7)       =         0.000000           0.000000
	 D(3,5,6,17)      =         3.141593         180.000000
	 D(4,3,2,20)      =         3.141593         180.000000
	 D(4,3,5,6)       =         0.000000           0.000000
	 D(4,3,5,21)      =         3.141593         180.000000
	 D(5,3,2,20)      =         0.000032           0.001855
	 D(5,6,7,8)       =        -0.000000          -0.000000
	 D(5,6,7,9)       =         3.141593         180.000000
	 D(5,6,17,16)     =         3.141593         180.000000
	 D(5,6,17,24)     =         0.000000           0.000000
	 D(6,7,9,10)      =         0.000000           0.000000
	 D(6,7,9,22)      =         3.141593         180.000000
	 D(6,17,16,10)    =        -0.000000          -0.000000
	 D(6,17,16,14)    =         3.141593         180.000000
	 D(7,6,5,21)      =         3.141593         180.000000
	 D(7,6,17,16)     =         0.000000           0.000000
	 D(7,6,17,24)     =         3.141593         180.000000
	 D(7,9,10,11)     =         3.141593         180.000000
	 D(7,9,10,16)     =        -0.000000          -0.000000
	 D(8,7,6,17)      =         3.141593         180.000000
	 D(8,7,9,10)      =         3.141593         180.000000
	 D(8,7,9,22)      =        -0.000000          -0.000000
	 D(9,7,6,17)      =        -0.000000          -0.000000
	 D(9,10,11,12)    =         3.141593         180.000000
	 D(9,10,16,14)    =         3.141593         180.000000
	 D(9,10,16,17)    =         0.000000           0.000000
	 D(10,11,12,13)   =        -0.000000          -0.000000
	 D(10,11,12,23)   =         3.141593         180.000000
	 D(10,16,14,13)   =        -0.000000          -0.000000
	 D(10,16,14,15)   =         3.141593         180.000000
	 D(10,16,17,24)   =         3.141593         180.000000
	 D(11,10,9,22)    =        -0.000000          -0.000000
	 D(11,10,16,14)   =         0.000000           0.000000
	 D(11,10,16,17)   =         3.141593         180.000000
	 D(11,12,13,14)   =         0.000000           0.000000
	 D(12,11,10,16)   =         0.000000           0.000000
	 D(12,13,14,15)   =         3.141593         180.000000
	 D(12,13,14,16)   =         0.000000           0.000000
	 D(13,14,16,17)   =         3.141593         180.000000
	 D(14,13,12,23)   =         3.141593         180.000000
	 D(14,16,17,24)   =        -0.000000          -0.000000
	 D(15,14,16,17)   =        -0.000000          -0.000000
	 D(16,10,9,22)    =         3.141593         180.000000
	 D(17,6,5,21)     =        -0.000000          -0.000000
	 D(18,1,2,20)     =         3.141549         179.997498
	 D(19,1,2,20)     =         0.000034           0.001943


	        --- Internal Coordinate Step in ANG or DEG, aJ/ANG or AJ/DEG ---
	-------------------------------------------------------------------------------
	           Coordinate      Previous         Force          Change          New 
	           ----------      --------        ------          ------        ------
	               H(4,8)       2.15244        0.00917        0.01154       2.16398
	               R(1,2)       1.32512        0.01356        0.00143       1.32655
	              R(1,18)       1.07797        0.04202        0.00741       1.08537
	              R(1,19)       1.07628        0.04099        0.00719       1.08347
	               R(2,3)       1.48437        0.05567        0.01043       1.49481
	              R(2,20)       1.08151        0.03048        0.00544       1.08695
	               R(3,4)       1.21189        0.02639        0.00166       1.21355
	               R(3,5)       1.37344        0.03006        0.00411       1.37755
	               R(5,6)       1.39254        0.07948        0.01131       1.40386
	              R(5,21)       1.01141       -0.02906       -0.00406       1.00735
	               R(6,7)       1.41524        0.04222        0.00704       1.42228
	              R(6,17)       1.37821       -0.00987       -0.00109       1.37712
	               R(7,8)       1.07746        0.01755        0.00277       1.08023
	               R(7,9)       1.36462        0.02623        0.00350       1.36812
	              R(9,10)       1.41030        0.02707        0.00374       1.41404
	              R(9,22)       1.07817        0.02835        0.00500       1.08317
	             R(10,11)       1.34781        0.07565        0.00870       1.35652
	             R(10,16)       1.42273       -0.03002       -0.00602       1.41671
	             R(11,12)       1.30122        0.05973        0.00629       1.30751
	             R(12,13)       1.34248        0.10186        0.01221       1.35469
	             R(12,23)       1.08248        0.02122        0.00380       1.08628
	             R(13,14)       1.30523        0.03857        0.00379       1.30902
	             R(14,15)       1.08447        0.02650        0.00477       1.08924
	             R(14,16)       1.41252        0.01717        0.00171       1.41423
	             R(16,17)       1.40285        0.04426        0.00596       1.40881
	             R(17,24)       1.08233        0.02627        0.00470       1.08703
	             B(1,2,3)     120.64598       -0.00002       -0.07255     120.57343
	            B(1,2,20)     121.66471       -0.00016       -0.74761     120.91710
	            B(2,1,18)     119.76247        0.00003        0.14389     119.90636
	            B(2,1,19)     122.63954       -0.00017       -0.76771     121.87182
	             B(2,3,4)     123.06867       -0.00001       -0.09472     122.97396
	             B(2,3,5)     112.54213        0.00023        0.63085     113.17298
	            B(3,2,20)     117.68931        0.00018        0.82016     118.50947
	             B(3,5,6)     129.59427       -0.00013       -0.13619     129.45808
	            B(3,5,21)     116.44404       -0.00009       -0.65495     115.78909
	             B(4,3,5)     124.38919       -0.00023       -0.53613     123.85306
	             B(5,6,7)     121.99209        0.00003        0.29348     122.28557
	            B(5,6,17)     118.21343        0.00004       -0.07725     118.13618
	            B(6,5,21)     113.96169        0.00022        0.79114     114.75283
	             B(6,7,8)     118.38317        0.00001        0.06734     118.45051
	             B(6,7,9)     120.85943       -0.00011       -0.26534     120.59408
	           B(6,17,16)     120.22046        0.00004        0.08360     120.30406
	           B(6,17,24)     120.86962       -0.00006       -0.23795     120.63167
	            B(7,6,17)     119.79447       -0.00007       -0.21622     119.57825
	            B(7,9,10)     120.49062        0.00012        0.41466     120.90528
	            B(7,9,22)     121.28987       -0.00009       -0.32426     120.96561
	             B(8,7,9)     120.75740        0.00009        0.19801     120.95541
	           B(9,10,11)     120.42901       -0.00005        0.03139     120.46040
	           B(9,10,16)     118.73301       -0.00011       -0.39685     118.33616
	           B(10,9,22)     118.21951       -0.00004       -0.09040     118.12911
	          B(10,11,12)     117.27903       -0.00020       -0.43721     116.84183
	          B(10,16,14)     115.32142        0.00016        0.20618     115.52760
	          B(10,16,17)     119.90201        0.00013        0.38015     120.28216
	          B(11,10,16)     120.83798        0.00017        0.36546     121.20344
	          B(11,12,13)     127.03086       -0.00008        0.02268     127.05354
	          B(11,12,23)     117.18680        0.00003       -0.04169     117.14511
	          B(12,13,14)     116.94237       -0.00018       -0.35310     116.58927
	          B(13,12,23)     115.78234        0.00004        0.01901     115.80135
	          B(13,14,15)     116.72428        0.00005        0.43389     117.15817
	          B(13,14,16)     122.58833        0.00012        0.19599     122.78432
	          B(14,16,17)     124.77657       -0.00029       -0.58633     124.19024
	          B(15,14,16)     120.68739       -0.00017       -0.62988     120.05751
	          B(16,17,24)     118.90992        0.00002        0.15435     119.06427
	           B(18,1,19)     117.59799        0.00013        0.62383     118.22182
	           D(1,2,3,4)      -0.00000        0.00000        0.00302       0.00302
	           D(1,2,3,5)    -179.99888       -0.00000       -0.00112    -180.00000
	           D(2,3,5,6)     179.99913        0.00000        0.00087     180.00000
	          D(2,3,5,21)      -0.00000        0.00000        0.00133       0.00133
	          D(3,2,1,18)      -0.00173        0.00000        0.00173       0.00000
	          D(3,2,1,19)    -179.99729       -0.00000       -0.00504    -180.00233
	           D(3,5,6,7)       0.00000        0.00000        0.00000       0.00000
	          D(3,5,6,17)     180.00000        0.00000        0.00088     180.00088
	          D(4,3,2,20)     180.00000        0.00000        0.00190     180.00190
	           D(4,3,5,6)       0.00000       -0.00000       -0.00300      -0.00300
	          D(4,3,5,21)     180.00000       -0.00000       -0.00166     179.99834
	          D(5,3,2,20)       0.00185       -0.00000       -0.00292      -0.00106
	           D(5,6,7,8)      -0.00000        0.00000        0.00086       0.00086
	           D(5,6,7,9)     180.00000        0.00000        0.00088     180.00088
	         D(5,6,17,16)     180.00000       -0.00000       -0.00101     179.99899
	         D(5,6,17,24)       0.00000       -0.00000        0.00000       0.00000
	          D(6,7,9,10)       0.00000       -0.00000       -0.00000      -0.00000
	          D(6,7,9,22)     180.00000        0.00000        0.00000     180.00000
	        D(6,17,16,10)      -0.00000        0.00000        0.00089       0.00089
	        D(6,17,16,14)     180.00000        0.00000        0.00000     180.00000
	          D(7,6,5,21)     180.00000       -0.00000       -0.00089     179.99911
	         D(7,6,17,16)       0.00000       -0.00000       -0.00000      -0.00000
	         D(7,6,17,24)     180.00000        0.00000        0.00000     180.00000
	         D(7,9,10,11)     180.00000        0.00000        0.00082     180.00082
	         D(7,9,10,16)      -0.00000        0.00000        0.00090       0.00090
	          D(8,7,6,17)     180.00000        0.00000        0.00000     180.00000
	          D(8,7,9,10)     180.00000       -0.00000        0.00000     180.00000
	          D(8,7,9,22)      -0.00000        0.00000        0.00000       0.00000
	          D(9,7,6,17)      -0.00000        0.00000        0.00000       0.00000
	        D(9,10,11,12)     180.00000        0.00000        0.00000     180.00000
	        D(9,10,16,14)     180.00000       -0.00000        0.00000     180.00000
	        D(9,10,16,17)       0.00000       -0.00000       -0.00104      -0.00104
	       D(10,11,12,13)      -0.00000        0.00000        0.00000       0.00000
	       D(10,11,12,23)     180.00000       -0.00000        0.00000     180.00000
	       D(10,16,14,13)      -0.00000        0.00000        0.00000       0.00000
	       D(10,16,14,15)     180.00000       -0.00000        0.00000     180.00000
	       D(10,16,17,24)     180.00000        0.00000        0.00000     180.00000
	        D(11,10,9,22)      -0.00000        0.00000        0.00000      -0.00000
	       D(11,10,16,14)       0.00000       -0.00000       -0.00000      -0.00000
	       D(11,10,16,17)     180.00000       -0.00000       -0.00096     179.99904
	       D(11,12,13,14)       0.00000       -0.00000       -0.00000      -0.00000
	       D(12,11,10,16)       0.00000       -0.00000        0.00000       0.00000
	       D(12,13,14,15)     180.00000        0.00000        0.00000     180.00000
	       D(12,13,14,16)       0.00000       -0.00000       -0.00000      -0.00000
	       D(13,14,16,17)     180.00000        0.00000        0.00103     180.00103
	       D(14,13,12,23)     180.00000        0.00000        0.00082     180.00082
	       D(14,16,17,24)      -0.00000       -0.00000       -0.00081      -0.00081
	       D(15,14,16,17)      -0.00000        0.00000        0.00000       0.00000
	        D(16,10,9,22)     180.00000        0.00000        0.00000     180.00000
	         D(17,6,5,21)      -0.00000       -0.00000        0.00000      -0.00000
	         D(18,1,2,20)     179.99750        0.00000        0.00440     180.00190
	         D(19,1,2,20)       0.00194       -0.00000       -0.00312      -0.00118
	-------------------------------------------------------------------------------

	                                 ==> Convergence Check <==                                  
    
	Measures of convergence in internal coordinates in au.
    
	Criteria marked as inactive (o), active & met (*), and active & unmet ( ).

	----------------------------------------------------------------------------------------------~
	   Step    Total Energy     Delta E     Max Force     RMS Force      Max Disp      RMS Disp   ~
	----------------------------------------------------------------------------------------------~
	  Convergence Criteria     1.00e-06 *    3.00e-04 *             o    1.20e-03 *             o~
	----------------------------------------------------------------------------------------------~
	     1    -664.00258347   -6.64e+02      1.24e-02      2.63e-03 o    2.31e-02      7.04e-03 o  ~
	----------------------------------------------------------------------------------------------

Next Geometry in Ang 
	Fragment 1 (Ang)

	    C   5.1215350304   0.4510348801  -0.5116196278
	    C   3.8586203331   0.7008536484  -0.8315617581
	    C   2.7411112076   0.0614105842  -0.0721352555
	    O   2.9234331813  -0.7010556438   0.8542043393
	    N   1.4948377466   0.4265700953  -0.5315921707
	    C   0.2259979043   0.0357206043  -0.0754184910
	    C   0.0537660405  -0.8641357462   1.0124566110
	    H   0.9341876833  -1.2565980473   1.5000206681
	    C  -1.1995119579  -1.2217646229   1.4285659708
	    C  -2.3512844895  -0.7073677646   0.7895691769
	    N  -3.5896722090  -1.0680534537   1.2096124551
	    C  -4.6046805664  -0.5502501310   0.5683579346
	    N  -4.5569013027   0.3118590036  -0.4755168440
	    C  -3.3664306799   0.6663080432  -0.8886614426
	    H  -3.3172077013   1.3592857265  -1.7275937357
	    C  -2.1756904878   0.1886716151  -0.2936460284
	    C  -0.8804851279   0.5501276531  -0.7138126569
	    H   5.3489459672  -0.2230205081   0.3081194582
	    H   5.9476252270   0.9027942750  -1.0477043575
	    H   3.6121683214   1.3730737004  -1.6493864667
	    H   1.4846915694   1.0676927060  -1.3085133897
	    H  -1.3376484837  -1.9065540549   2.2563598898
	    H  -5.5986983202  -0.8357631573   0.9006486156
	    H  -0.7687088858   1.2391605947  -1.5471088571


    Structure for next step:
    Molecular point group: c1
    Full point group: C1

    Geometry (in Angstrom), charge = 0, multiplicity = 1:

    C            5.121535030396     0.451034880125    -0.511619627816
    C            3.858620333139     0.700853648357    -0.831561758109
    C            2.741111207648     0.061410584218    -0.072135255530
    O            2.923433181259    -0.701055643816     0.854204339326
    N            1.494837746566     0.426570095310    -0.531592170718
    C            0.225997904267     0.035720604300    -0.075418490953
    C            0.053766040503    -0.864135746164     1.012456610979
    H            0.934187683287    -1.256598047297     1.500020668072
    C           -1.199511957926    -1.221764622920     1.428565970796
    C           -2.351284489474    -0.707367764636     0.789569176875
    N           -3.589672208951    -1.068053453680     1.209612455083
    C           -4.604680566396    -0.550250130998     0.568357934581
    N           -4.556901302750     0.311859003586    -0.475516844039
    C           -3.366430679880     0.666308043207    -0.888661442572
    H           -3.317207701260     1.359285726508    -1.727593735712
    C           -2.175690487755     0.188671615119    -0.293646028436
    C           -0.880485127930     0.550127653078    -0.713812656886
    H            5.348945967209    -0.223020508135     0.308119458234
    H            5.947625227015     0.902794274970    -1.047704357516
    H            3.612168321361     1.373073700430    -1.649386466651
    H            1.484691569394     1.067692705976    -1.308513389674
    H           -1.337648483746    -1.906554054885     2.256359889759
    H           -5.598698320177    -0.835763157319     0.900648615576
    H           -0.768708885801     1.239160594666    -1.547108857094


Scratch directory: /tmp/
gradient() will perform analytic gradient computation.
   => Libint2 <=

    Primary   basis highest AM E, G, H:  7, 6, 3
    Auxiliary basis highest AM E, G, H:  7, 7, 4
    Onebody   basis highest AM E, G, H:  -, -, -
    Solid Harmonics ordering:            Gaussian

*** tstart() called on eristm01.eisai.local
*** at Wed May 20 10:17:59 2026

   => Loading Basis Set <=

    Name: 6-311+G(D,P)
    Role: ORBITAL
    Keyword: BASIS
    atoms 1-3, 6-7, 9-10, 12, 14, 16-17 entry C          line   129 file /home2/shbae/bucket/covalent/.pixi/envs/default/share/psi4/basis/6-311pg_d_p_.gbs 
    atoms 4                             entry O          line   171 file /home2/shbae/bucket/covalent/.pixi/envs/default/share/psi4/basis/6-311pg_d_p_.gbs 
    atoms 5, 11, 13                     entry N          line   150 file /home2/shbae/bucket/covalent/.pixi/envs/default/share/psi4/basis/6-311pg_d_p_.gbs 
    atoms 8, 15, 18-24                  entry H          line    42 file /home2/shbae/bucket/covalent/.pixi/envs/default/share/psi4/basis/6-311pg_d_p_.gbs 

   => WB97X-D: Empirical Dispersion <=

    Chai and Head-Gordon Dispersion Correction
    Chai, J.-D.; Head-Gordon, M. (2010), J. Chem. Phys., 132: 6615-6620

        s6 =       1.000000


         ---------------------------------------------------------
                                   SCF
               by Justin Turney, Rob Parrish, Andy Simmonett
                          and Daniel G. A. Smith
                              RKS Reference
                        8 Threads,   7629 MiB Core
         ---------------------------------------------------------

  ==> Geometry <==

    Molecular point group: c1
    Full point group: C1

    Geometry (in Angstrom), charge = 0, multiplicity = 1:

       Center              X                  Y                   Z               Mass       
    ------------   -----------------  -----------------  -----------------  -----------------
         C            5.121535030396     0.451034880125    -0.511619627816    12.000000000000
         C            3.858620333139     0.700853648357    -0.831561758109    12.000000000000
         C            2.741111207648     0.061410584218    -0.072135255530    12.000000000000
         O            2.923433181259    -0.701055643816     0.854204339326    15.994914619570
         N            1.494837746566     0.426570095310    -0.531592170718    14.003074004430
         C            0.225997904267     0.035720604300    -0.075418490953    12.000000000000
         C            0.053766040503    -0.864135746164     1.012456610979    12.000000000000
         H            0.934187683287    -1.256598047297     1.500020668072     1.007825032230
         C           -1.199511957926    -1.221764622920     1.428565970796    12.000000000000
         C           -2.351284489474    -0.707367764636     0.789569176875    12.000000000000
         N           -3.589672208951    -1.068053453680     1.209612455083    14.003074004430
         C           -4.604680566396    -0.550250130998     0.568357934581    12.000000000000
         N           -4.556901302750     0.311859003586    -0.475516844039    14.003074004430
         C           -3.366430679880     0.666308043207    -0.888661442572    12.000000000000
         H           -3.317207701260     1.359285726508    -1.727593735712     1.007825032230
         C           -2.175690487755     0.188671615119    -0.293646028436    12.000000000000
         C           -0.880485127930     0.550127653078    -0.713812656886    12.000000000000
         H            5.348945967209    -0.223020508135     0.308119458234     1.007825032230
         H            5.947625227015     0.902794274970    -1.047704357516     1.007825032230
         H            3.612168321361     1.373073700430    -1.649386466651     1.007825032230
         H            1.484691569394     1.067692705976    -1.308513389674     1.007825032230
         H           -1.337648483746    -1.906554054885     2.256359889759     1.007825032230
         H           -5.598698320177    -0.835763157319     0.900648615576     1.007825032230
         H           -0.768708885801     1.239160594666    -1.547108857094     1.007825032230

  Running in c1 symmetry.

  Rotational constants: A =      0.07822  B =      0.00885  C =      0.00795 [cm^-1]
  Rotational constants: A =   2345.03804  B =    265.39391  C =    238.43417 [MHz]
  Nuclear repulsion =  877.117368964587854

  Charge       = 0
  Multiplicity = 1
  Electrons    = 104
  Nalpha       = 52
  Nbeta        = 52

  ==> Algorithm <==

  SCF Algorithm Type is DF.
  DIIS enabled.
  MOM disabled.
  Fractional occupation disabled.
  Guess Type is READ.
  Energy threshold   = 1.00e-08
  Density threshold  = 1.00e-08
  Integral threshold = 1.00e-12

  ==> Primary Basis <==

  Basis Set: 6-311+G(D,P)
    Blend: 6-311+G(D,P)
    Number of shells: 186
    Number of basis functions: 384
    Number of Cartesian functions: 399
    Spherical Harmonics?: true
    Max angular momentum: 2

  ==> DFT Potential <==

   => LibXC <=

    Version 7.0.0
    S. Lehtola, C. Steigemann, M. J.T. Oliveira, and M. A.L. Marques.,  SoftwareX 7, 1–5 (2018) (10.1016/j.softx.2017.11.002)

   => Composite Functional: WB97X-D <= 

    wB97X-D Hyb-GGA Exchange-Correlation Functional

    J.-D. Chai and M. Head-Gordon.,  Phys. Chem. Chem. Phys. 10, 6615-6620 (2008) (10.1039/B810189B)

    Deriv               =              1
    GGA                 =           TRUE
    Meta                =          FALSE

    Exchange Hybrid     =           TRUE
    MP2 Hybrid          =          FALSE

   => Exchange-Correlation Functionals <=

    1.0000   wB97X-D range-separated functional

   => Exact (HF) Exchange <=

    0.7780            HF,LR [omega = 0.2000]
    0.2220               HF 

   => LibXC Density Thresholds  <==

    XC_HYB_GGA_XC_WB97X_D:  1.00E-14 

   => Molecular Quadrature <=

    Radial Scheme          =       TREUTLER
    Pruning Scheme         =           NONE
    Nuclear Scheme         =       TREUTLER

    Blocking Scheme        =         OCTREE
    BS radius alpha        =              1
    Pruning alpha          =              1
    Radial Points          =             75
    Spherical Points       =            302
    Total Points           =         503810
    Total Blocks           =           3723
    Max Points             =            256
    Max Functions          =            297
    Weights Tolerance      =       1.00E-15

   => Loading Basis Set <=

    Name: (6-311+G(D,P) AUX)
    Role: JKFIT
    Keyword: DF_BASIS_SCF
    atoms 1-3, 6-7, 9-10, 12, 14, 16-17 entry C          line   200 file /home2/shbae/bucket/covalent/.pixi/envs/default/share/psi4/basis/heavy-aug-cc-pvtz-jkfit.gbs 
    atoms 4                             entry O          line   324 file /home2/shbae/bucket/covalent/.pixi/envs/default/share/psi4/basis/heavy-aug-cc-pvtz-jkfit.gbs 
    atoms 5, 11, 13                     entry N          line   262 file /home2/shbae/bucket/covalent/.pixi/envs/default/share/psi4/basis/heavy-aug-cc-pvtz-jkfit.gbs 
    atoms 8, 15, 18-24                  entry H          line   116 file /home2/shbae/bucket/covalent/.pixi/envs/default/share/psi4/basis/heavy-aug-cc-pvtz-jkfit.gbs 

   => Loading Basis Set <=

    Name: 6-311+G(D,P)
    Role: ORBITAL
    Keyword: BASIS
    atoms 1-3, 6-7, 9-10, 12, 14, 16-17 entry C          line   129 file /home2/shbae/bucket/covalent/.pixi/envs/default/share/psi4/basis/6-311pg_d_p_.gbs 
    atoms 4                             entry O          line   171 file /home2/shbae/bucket/covalent/.pixi/envs/default/share/psi4/basis/6-311pg_d_p_.gbs 
    atoms 5, 11, 13                     entry N          line   150 file /home2/shbae/bucket/covalent/.pixi/envs/default/share/psi4/basis/6-311pg_d_p_.gbs 
    atoms 8, 15, 18-24                  entry H          line    42 file /home2/shbae/bucket/covalent/.pixi/envs/default/share/psi4/basis/6-311pg_d_p_.gbs 

  Reading orbitals from file /tmp/4_reactant.default.2248151.180.npy, no projection.

  ==> Integral Setup <==

  DFHelper Memory: AOs need 4.964 GiB; user supplied 4.964 GiB. 
  SCF_SUBTYPE=INCORE selected. In-core MEM_DF algorithm will be used.
  Using in-core AOs.

  ==> MemDFJK: Density-Fitted J/K Matrices <==

    J tasked:                   Yes
    K tasked:                   Yes
    wK tasked:                  Yes
    Omega:                2.000E-01
    OpenMP threads:               8
    Memory [MiB]:              5083
    Algorithm:                 Core
    Schwarz Cutoff:           1E-12
    Mask sparsity (%):      18.7514
    Fitting Condition:        1E-10

   => Auxiliary Basis Set <=

  Basis Set: (6-311+G(D,P) AUX)
    Blend: HEAVY-AUG-CC-PVTZ-JKFIT
    Number of shells: 540
    Number of basis functions: 1830
    Number of Cartesian functions: 2280
    Spherical Harmonics?: true
    Max angular momentum: 4

  Cached 16.7% of DFT collocation blocks in 0.533 [GiB].

  Minimum eigenvalue in the overlap matrix is 4.9311186285E-07.
  Reciprocal condition number of the overlap matrix is 3.4161066436E-08.
    Using symmetric orthogonalization.

  ==> Pre-Iterations <==

  SCF Guess: Orbitals guess was supplied from a previous computation.

   -------------------------------------------------------
    Irrep   Nso     Nmo     Nalpha   Nbeta   Ndocc  Nsocc
   -------------------------------------------------------
     A        384     384      52      52      52       0
   -------------------------------------------------------
    Total     384     384      52      52      52       0
   -------------------------------------------------------

  ==> Iterations <==

                           Total Energy        Delta E     RMS |[F,P]|

   @DF-RKS iter   0:  -663.96236174018622   -6.63962e+02   2.24403e-04 
   @DF-RKS iter   1:  -664.00345387965081   -4.10921e-02   4.25822e-05 DIIS
   @DF-RKS iter   2:  -664.00345264114867    1.23850e-06   4.81287e-05 DIIS
   @DF-RKS iter   3:  -664.00360302096726   -1.50380e-04   7.34473e-06 DIIS
   @DF-RKS iter   4:  -664.00360636877258   -3.34781e-06   2.66060e-06 DIIS
   @DF-RKS iter   5:  -664.00360694740357   -5.78631e-07   1.05213e-06 DIIS
   @DF-RKS iter   6:  -664.00360705251614   -1.05113e-07   4.96020e-07 DIIS
   @DF-RKS iter   7:  -664.00360707579898   -2.32828e-08   1.57304e-07 DIIS
   @DF-RKS iter   8:  -664.00360708017763   -4.37865e-09   7.67322e-08 DIIS
   @DF-RKS iter   9:  -664.00360708111214   -9.34506e-10   2.53708e-08 DIIS
   @DF-RKS iter  10:  -664.00360708120581   -9.36780e-11   9.88573e-09 DIIS
  Energy and wave function converged.


  ==> Post-Iterations <==

   Electrons on quadrature grid:
      Ntotal   =  104.0000910042 ; deviation = 9.100e-05 

    Orbital Energies [Eh]
    ---------------------

    Doubly Occupied:                                                      

       1A    -19.235302     2A    -14.497051     3A    -14.444048  
       4A    -14.441395     5A    -10.417125     6A    -10.364667  
       7A    -10.355004     8A    -10.350584     9A    -10.342931  
      10A    -10.321720    11A    -10.318374    12A    -10.316851  
      13A    -10.314411    14A    -10.308767    15A    -10.305867  
      16A     -1.171403    17A     -1.100795    18A     -1.072003  
      19A     -1.006063    20A     -0.972841    21A     -0.912520  
      22A     -0.889081    23A     -0.870859    24A     -0.790189  
      25A     -0.774823    26A     -0.738286    27A     -0.728113  
      28A     -0.686599    29A     -0.656504    30A     -0.649181  
      31A     -0.626273    32A     -0.609971    33A     -0.577555  
      34A     -0.553816    35A     -0.552200    36A     -0.545079  
      37A     -0.536509    38A     -0.533598    39A     -0.533100  
      40A     -0.519862    41A     -0.494842    42A     -0.480446  
      43A     -0.474221    44A     -0.461313    45A     -0.427144  
      46A     -0.403130    47A     -0.393654    48A     -0.382097  
      49A     -0.365843    50A     -0.349853    51A     -0.341514  
      52A     -0.309732  

    Virtual:                                                              

      53A     -0.017346    54A      0.001600    55A      0.036820  
      56A      0.038107    57A      0.058513    58A      0.062665  
      59A      0.071040    60A      0.077722    61A      0.085048  
      62A      0.093701    63A      0.093778    64A      0.097769  
      65A      0.104013    66A      0.107323    67A      0.117501  
      68A      0.118509    69A      0.122771    70A      0.125516  
      71A      0.130614    72A      0.132274    73A      0.145365  
      74A      0.149559    75A      0.157985    76A      0.159846  
      77A      0.166434    78A      0.168104    79A      0.172360  
      80A      0.180797    81A      0.186029    82A      0.187986  
      83A      0.193690    84A      0.197989    85A      0.199072  
      86A      0.209331    87A      0.218234    88A      0.222433  
      89A      0.229884    90A      0.231214    91A      0.233475  
      92A      0.235707    93A      0.239828    94A      0.249563  
      95A      0.257542    96A      0.257561    97A      0.259539  
      98A      0.264427    99A      0.267720   100A      0.269755  
     101A      0.272906   102A      0.279701   103A      0.284591  
     104A      0.290031   105A      0.290774   106A      0.291714  
     107A      0.299137   108A      0.302851   109A      0.306666  
     110A      0.309401   111A      0.312686   112A      0.316597  
     113A      0.319261   114A      0.329145   115A      0.335045  
     116A      0.344389   117A      0.347988   118A      0.351476  
     119A      0.356949   120A      0.363352   121A      0.368966  
     122A      0.371035   123A      0.375188   124A      0.382019  
     125A      0.389148   126A      0.396334   127A      0.398609  
     128A      0.403227   129A      0.409545   130A      0.413977  
     131A      0.430791   132A      0.441453   133A      0.444814  
     134A      0.459762   135A      0.470039   136A      0.476774  
     137A      0.492259   138A      0.518120   139A      0.535512  
     140A      0.550987   141A      0.565846   142A      0.581023  
     143A      0.588938   144A      0.602018   145A      0.606280  
     146A      0.606977   147A      0.614899   148A      0.617906  
     149A      0.620084   150A      0.625718   151A      0.650990  
     152A      0.654639   153A      0.662076   154A      0.676377  
     155A      0.676535   156A      0.681645   157A      0.684828  
     158A      0.690891   159A      0.710667   160A      0.715199  
     161A      0.720656   162A      0.733672   163A      0.736553  
     164A      0.748353   165A      0.757890   166A      0.759812  
     167A      0.783049   168A      0.786396   169A      0.786984  
     170A      0.806161   171A      0.809780   172A      0.840537  
     173A      0.845092   174A      0.852014   175A      0.861037  
     176A      0.863965   177A      0.883419   178A      0.887757  
     179A      0.898210   180A      0.922688   181A      0.940835  
     182A      0.945782   183A      0.948115   184A      0.953819  
     185A      0.962430   186A      0.972449   187A      0.979191  
     188A      0.986981   189A      0.989520   190A      0.990654  
     191A      1.008756   192A      1.027480   193A      1.036860  
     194A      1.043019   195A      1.055167   196A      1.057274  
     197A      1.069562   198A      1.072132   199A      1.073043  
     200A      1.087232   201A      1.105656   202A      1.128600  
     203A      1.133258   204A      1.139558   205A      1.144662  
     206A      1.146536   207A      1.155421   208A      1.173349  
     209A      1.191320   210A      1.204523   211A      1.216946  
     212A      1.221432   213A      1.233439   214A      1.233856  
     215A      1.284667   216A      1.307191   217A      1.320752  
     218A      1.345308   219A      1.355407   220A      1.371330  
     221A      1.395651   222A      1.457948   223A      1.458562  
     224A      1.471886   225A      1.514157   226A      1.528264  
     227A      1.549057   228A      1.580835   229A      1.587232  
     230A      1.594923   231A      1.599253   232A      1.606258  
     233A      1.613388   234A      1.623521   235A      1.642386  
     236A      1.646338   237A      1.655451   238A      1.660666  
     239A      1.696446   240A      1.710442   241A      1.718748  
     242A      1.718938   243A      1.754979   244A      1.779124  
     245A      1.802849   246A      1.812026   247A      1.819113  
     248A      1.825199   249A      1.827302   250A      1.850871  
     251A      1.863175   252A      1.868026   253A      1.877310  
     254A      1.884537   255A      1.917958   256A      1.945170  
     257A      1.952753   258A      1.970637   259A      1.976361  
     260A      1.995243   261A      2.023838   262A      2.029097  
     263A      2.038129   264A      2.059361   265A      2.075635  
     266A      2.105609   267A      2.121761   268A      2.140195  
     269A      2.142165   270A      2.150807   271A      2.178166  
     272A      2.205165   273A      2.213050   274A      2.217610  
     275A      2.232822   276A      2.242368   277A      2.290063  
     278A      2.324436   279A      2.326027   280A      2.327395  
     281A      2.362041   282A      2.388925   283A      2.395236  
     284A      2.422696   285A      2.442570   286A      2.481678  
     287A      2.482095   288A      2.514227   289A      2.522547  
     290A      2.539348   291A      2.557893   292A      2.558542  
     293A      2.663028   294A      2.665524   295A      2.677980  
     296A      2.716016   297A      2.732338   298A      2.760530  
     299A      2.763511   300A      2.772183   301A      2.779498  
     302A      2.787634   303A      2.788646   304A      2.793883  
     305A      2.827837   306A      2.836893   307A      2.858020  
     308A      2.867372   309A      2.869749   310A      2.883756  
     311A      2.899693   312A      2.918304   313A      2.939475  
     314A      2.952530   315A      2.957229   316A      2.964792  
     317A      2.992857   318A      2.996698   319A      3.015470  
     320A      3.030935   321A      3.034074   322A      3.035973  
     323A      3.043092   324A      3.059386   325A      3.072808  
     326A      3.095183   327A      3.114358   328A      3.172083  
     329A      3.192120   330A      3.270011   331A      3.307757  
     332A      3.345013   333A      3.409288   334A      3.434085  
     335A      3.451930   336A      3.463758   337A      3.504078  
     338A      3.548518   339A      3.599547   340A      3.615958  
     341A      3.645806   342A      3.679292   343A      3.708108  
     344A      3.723032   345A      3.754513   346A      3.793415  
     347A      3.834082   348A      3.853976   349A      3.968470  
     350A      3.974411   351A      4.003452   352A      4.012156  
     353A      4.037154   354A      4.057449   355A      4.087386  
     356A      4.176438   357A      4.267154   358A      4.369946  
     359A      4.400369   360A      4.522679   361A      4.595815  
     362A      4.931177   363A      4.949123   364A      5.068370  
     365A      5.163863   366A      5.217594   367A      5.400093  
     368A      5.417935   369A      5.919105   370A     23.749748  
     371A     23.872891   372A     23.989907   373A     24.029226  
     374A     24.044740   375A     24.091997   376A     24.119905  
     377A     24.155948   378A     24.237222   379A     24.316540  
     380A     24.383754   381A     35.751463   382A     35.775916  
     383A     35.823023   384A     50.175011  

    Final Occupation by Irrep:
              A 
    DOCC [    52 ]
    NA   [    52 ]
    NB   [    52 ]

  @DF-RKS Final Energy:  -664.00360708120581

   => Energetics <=

    Nuclear Repulsion Energy =            877.1173689645878540
    One-Electron Energy =               -2639.1527536797543689
    Two-Electron Energy =                1161.9200691962296332
    DFT Exchange-Correlation Energy =     -63.8756278180536228
    Empirical Dispersion Energy =          -0.0126637442153550
    VV10 Nonlocal Energy =                  0.0000000000000000
    Total Energy =                       -664.0036070812058142

Computation Completed


Properties will be evaluated at   0.000000,   0.000000,   0.000000 [a0]

Properties computed using the SCF density matrix


 Multipole Moments:

 ------------------------------------------------------------------------------------
     Multipole            Electronic (a.u.)      Nuclear  (a.u.)        Total (a.u.)
 ------------------------------------------------------------------------------------

 L = 1.  Multiply by 2.5417464519 to convert [e a0] to [Debye]
 Dipole X            :         62.3769342          -61.0979567            1.2789775
 Dipole Y            :         20.5779364          -19.5248238            1.0531126
 Dipole Z            :        -17.1483762           15.8898892           -1.2584871
 Magnitude           :                                                    2.0805334

 ------------------------------------------------------------------------------------

*** tstop() called on eristm01.eisai.local at Wed May 20 10:18:24 2026
Module time:
	user time   =     181.58 seconds =       3.03 minutes
	system time =       4.97 seconds =       0.08 minutes
	total time  =         25 seconds =       0.42 minutes
Total time:
	user time   =   44370.56 seconds =     739.51 minutes
	system time =    1561.66 seconds =      26.03 minutes
	total time  =       6370 seconds =     106.17 minutes

*** tstart() called on eristm01.eisai.local
*** at Wed May 20 10:18:24 2026


         ------------------------------------------------------------
                                   SCF GRAD                          
                          Rob Parrish, Justin Turney,                
                       Andy Simmonett, and Alex Sokolov              
         ------------------------------------------------------------

  ==> Geometry <==

    Molecular point group: c1
    Full point group: C1

    Geometry (in Angstrom), charge = 0, multiplicity = 1:

       Center              X                  Y                   Z               Mass       
    ------------   -----------------  -----------------  -----------------  -----------------
         C            5.121535030396     0.451034880125    -0.511619627816    12.000000000000
         C            3.858620333139     0.700853648357    -0.831561758109    12.000000000000
         C            2.741111207648     0.061410584218    -0.072135255530    12.000000000000
         O            2.923433181259    -0.701055643816     0.854204339326    15.994914619570
         N            1.494837746566     0.426570095310    -0.531592170718    14.003074004430
         C            0.225997904267     0.035720604300    -0.075418490953    12.000000000000
         C            0.053766040503    -0.864135746164     1.012456610979    12.000000000000
         H            0.934187683287    -1.256598047297     1.500020668072     1.007825032230
         C           -1.199511957926    -1.221764622920     1.428565970796    12.000000000000
         C           -2.351284489474    -0.707367764636     0.789569176875    12.000000000000
         N           -3.589672208951    -1.068053453680     1.209612455083    14.003074004430
         C           -4.604680566396    -0.550250130998     0.568357934581    12.000000000000
         N           -4.556901302750     0.311859003586    -0.475516844039    14.003074004430
         C           -3.366430679880     0.666308043207    -0.888661442572    12.000000000000
         H           -3.317207701260     1.359285726508    -1.727593735712     1.007825032230
         C           -2.175690487755     0.188671615119    -0.293646028436    12.000000000000
         C           -0.880485127930     0.550127653078    -0.713812656886    12.000000000000
         H            5.348945967209    -0.223020508135     0.308119458234     1.007825032230
         H            5.947625227015     0.902794274970    -1.047704357516     1.007825032230
         H            3.612168321361     1.373073700430    -1.649386466651     1.007825032230
         H            1.484691569394     1.067692705976    -1.308513389674     1.007825032230
         H           -1.337648483746    -1.906554054885     2.256359889759     1.007825032230
         H           -5.598698320177    -0.835763157319     0.900648615576     1.007825032230
         H           -0.768708885801     1.239160594666    -1.547108857094     1.007825032230

  Nuclear repulsion =  877.117368964587854

  ==> Basis Set <==

  Basis Set: 6-311+G(D,P)
    Blend: 6-311+G(D,P)
    Number of shells: 186
    Number of basis functions: 384
    Number of Cartesian functions: 399
    Spherical Harmonics?: true
    Max angular momentum: 2

  ==> DFJKGrad: Density-Fitted SCF Gradients <==

    Gradient:                    1
    J tasked:                  Yes
    K tasked:                  Yes
    wK tasked:                 Yes
    Omega:               2.000E-01
    OpenMP threads:              8
    Integrals threads:           8
    Memory [MiB]:             5722
    Schwarz Cutoff:          1E-12
    Fitting Condition:       1E-10

   => Auxiliary Basis Set <=

  Basis Set: (6-311+G(D,P) AUX)
    Blend: HEAVY-AUG-CC-PVTZ-JKFIT
    Number of shells: 540
    Number of basis functions: 1830
    Number of Cartesian functions: 2280
    Spherical Harmonics?: true
    Max angular momentum: 4

  ==> DFT Potential <==

   => LibXC <=

    Version 7.0.0
    S. Lehtola, C. Steigemann, M. J.T. Oliveira, and M. A.L. Marques.,  SoftwareX 7, 1–5 (2018) (10.1016/j.softx.2017.11.002)

   => Composite Functional: WB97X-D <= 

    wB97X-D Hyb-GGA Exchange-Correlation Functional

    J.-D. Chai and M. Head-Gordon.,  Phys. Chem. Chem. Phys. 10, 6615-6620 (2008) (10.1039/B810189B)

    Deriv               =              1
    GGA                 =           TRUE
    Meta                =          FALSE

    Exchange Hybrid     =           TRUE
    MP2 Hybrid          =          FALSE

   => Exchange-Correlation Functionals <=

    1.0000   wB97X-D range-separated functional

   => Exact (HF) Exchange <=

    0.7780            HF,LR [omega = 0.2000]
    0.2220               HF 

   => LibXC Density Thresholds  <==

    XC_HYB_GGA_XC_WB97X_D:  1.00E-14 

   => Molecular Quadrature <=

    Radial Scheme          =       TREUTLER
    Pruning Scheme         =           NONE
    Nuclear Scheme         =       TREUTLER

    Blocking Scheme        =         OCTREE
    BS radius alpha        =              1
    Pruning alpha          =              1
    Radial Points          =             75
    Spherical Points       =            302
    Total Points           =         503810
    Total Blocks           =           3723
    Max Points             =            256
    Max Functions          =            297
    Weights Tolerance      =       1.00E-15


  -Total Gradient:
     Atom            X                  Y                   Z
    ------   -----------------  -----------------  -----------------
       1       -0.000560789915     0.000780408150    -0.000947763288
       2        0.000943601820    -0.000262365663     0.000334530704
       3        0.001046944542     0.000947049545    -0.001146460982
       4       -0.001213794558    -0.000459368205     0.000545001859
       5       -0.001186712736    -0.000808680801     0.000968444970
       6        0.002124473246    -0.000131910580     0.000187290785
       7       -0.000107656646     0.000793267272    -0.000965719169
       8        0.000651353290     0.000096608934    -0.000107869360
       9       -0.000267278282    -0.000281679127     0.000331441103
      10       -0.002126971427    -0.002630917583     0.003156496528
      11        0.002302403495     0.000910013710    -0.001070071221
      12       -0.001888591781     0.001620643822    -0.001986666644
      13        0.000129255978    -0.002214591409     0.002685843185
      14        0.001076414084     0.000301825663    -0.000353663154
      15       -0.000072734461     0.000019934620    -0.000024920428
      16        0.000615123163     0.002345701476    -0.002834200285
      17       -0.001629733215    -0.000290095915     0.000340474286
      18        0.000217072348    -0.000089667329     0.000109601317
      19        0.000469747102    -0.000244857270     0.000300225372
      20       -0.000276739131    -0.000043676509     0.000048534600
      21       -0.000008601985    -0.000095167181     0.000115453735
      22       -0.000230225270     0.000060262584    -0.000075148861
      23       -0.000276614746    -0.000269798476     0.000321607473
      24        0.000164756541     0.000094198351    -0.000112413765


*** tstop() called on eristm01.eisai.local at Wed May 20 10:18:36 2026
Module time:
	user time   =      88.53 seconds =       1.48 minutes
	system time =       1.13 seconds =       0.02 minutes
	total time  =         12 seconds =       0.20 minutes
Total time:
	user time   =   44459.11 seconds =     740.99 minutes
	system time =    1562.79 seconds =      26.05 minutes
	total time  =       6382 seconds =     106.37 minutes

    			-----------------------------------------

    			 OPTKING 3.0: for geometry optimizations 

    			     By R.A. King, Bethel University     

    			        with contributions from          

    			    A.V. Copan, J. Cayton, A. Heide      

    			-----------------------------------------

    
	                            ===> Fragment 1 <== 

	 Z (Atomic Numbers)          Masses                          Geom                  
	       6.000000            12.000000          9.67829855  0.85233240 -0.96682098   
	       6.000000            12.000000          7.29173565  1.32442145 -1.57142398   
	       6.000000            12.000000          5.17994946  0.11604919 -0.13631588   
	       8.000000            15.994915          5.52448806 -1.32480317  1.61421226   
	       7.000000            14.003074          2.82483394  0.80610065 -1.00456361   
	       6.000000            12.000000          0.42707414  0.06750216 -0.14252029   
	       6.000000            12.000000          0.10160309 -1.63297990  1.91326571   
	       1.000000             1.007825          1.76535887 -2.37462616  2.83462825   
	       6.000000            12.000000         -2.26674908 -2.30880053  2.69959844   
	       6.000000            12.000000         -4.44328373 -1.33673135  1.49206950   
	       7.000000            14.003074         -6.78349736 -2.01832851  2.28583626   
	       6.000000            12.000000         -8.70158517 -1.03982205  1.07404084   
	       7.000000            14.003074         -8.61129544  0.58932811 -0.89859660   
	       6.000000            12.000000         -6.36163201  1.25913972 -1.67932674   
	       1.000000             1.007825         -6.26861406  2.56867775 -3.26467902   
	       6.000000            12.000000         -4.11145916  0.35653768 -0.55491057   
	       6.000000            12.000000         -1.66387575  1.03959060 -1.34891043   
	       1.000000             1.007825         10.10804294 -0.42144768  0.58226139   
	       1.000000             1.007825         11.23938278  1.70603393 -1.97987430   
	       1.000000             1.007825          6.82600885  2.59473324 -3.11688870   
	       1.000000             1.007825          2.80566045  2.01764680 -2.47273194   
	       1.000000             1.007825         -2.52778929 -3.60286501  4.26390223   
	       1.000000             1.007825        -10.58000648  -1.57936347   1.70197922 
	       1.000000             1.007825         -1.45264926  2.34167415 -2.92361203   

	 - Coordinate -           - BOHR/RAD -       - ANG/DEG -
	 H(4,8)           =         4.089327           2.163979
	 R(1,2)           =         2.506810           1.326547
	 R(1,18)          =         2.051061           1.085375
	 R(1,19)          =         2.047454           1.083466
	 R(2,3)           =         2.824773           1.494805
	 R(2,20)          =         2.054034           1.086948
	 R(3,4)           =         2.293275           1.213549
	 R(3,5)           =         2.603189           1.377548
	 R(5,6)           =         2.652904           1.403856
	 R(5,21)          =         1.903610           1.007347
	 R(6,7)           =         2.687718           1.422279
	 R(6,17)          =         2.602384           1.377123
	 R(7,8)           =         2.041331           1.080226
	 R(7,9)           =         2.585371           1.368120
	 R(9,10)          =         2.672143           1.414037
	 R(9,22)          =         2.046898           1.083172
	 R(10,11)         =         2.563443           1.356516
	 R(10,16)         =         2.677199           1.416713
	 R(11,12)         =         2.470827           1.307505
	 R(12,13)         =         2.559996           1.354692
	 R(12,23)         =         2.052773           1.086281
	 R(13,14)         =         2.473696           1.309024
	 R(14,15)         =         2.058369           1.089242
	 R(14,16)         =         2.672504           1.414228
	 R(16,17)         =         2.662266           1.408811
	 R(17,24)         =         2.054197           1.087034
	 B(1,2,3)         =         2.104403         120.573430
	 B(1,2,20)        =         2.110401         120.917098
	 B(2,1,18)        =         2.092761         119.906361
	 B(2,1,19)        =         2.127065         121.871824
	 B(2,3,4)         =         2.146300         122.973956
	 B(2,3,5)         =         1.975241         113.172983
	 B(3,2,20)        =         2.068380         118.509472
	 B(3,5,6)         =         2.259470         129.458082
	 B(3,5,21)        =         2.020901         115.789086
	 B(4,3,5)         =         2.161644         123.853060
	 B(5,6,7)         =         2.134286         122.285571
	 B(5,6,17)        =         2.061865         118.136177
	 B(6,5,21)        =         2.002815         114.752832
	 B(6,7,8)         =         2.067351         118.450512
	 B(6,7,9)         =         2.104764         120.594081
	 B(6,17,16)       =         2.099702         120.304064
	 B(6,17,24)       =         2.105420         120.631666
	 B(7,6,17)        =         2.087034         119.578252
	 B(7,9,10)        =         2.110195         120.905281
	 B(7,9,22)        =         2.111248         120.965611
	 B(8,7,9)         =         2.111070         120.955407
	 B(9,10,11)       =         2.102431         120.460402
	 B(9,10,16)       =         2.065356         118.336161
	 B(10,9,22)       =         2.061742         118.129108
	 B(10,11,12)      =         2.039275         116.841828
	 B(10,16,14)      =         2.016337         115.527602
	 B(10,16,17)      =         2.099320         120.282161
	 B(11,10,16)      =         2.115399         121.203438
	 B(11,12,13)      =         2.217503         127.053539
	 B(11,12,23)      =         2.044568         117.145112
	 B(12,13,14)      =         2.034867         116.589272
	 B(13,12,23)      =         2.021115         115.801349
	 B(13,14,15)      =         2.044796         117.158169
	 B(13,14,16)      =         2.142991         122.784321
	 B(14,16,17)      =         2.167529         124.190236
	 B(15,14,16)      =         2.095399         120.057510
	 B(16,17,24)      =         2.078064         119.064270
	 B(18,1,19)       =         2.063360         118.221816
	 D(1,2,3,4)       =         0.000053           0.003023
	 D(1,2,3,5)       =        -3.141593        -180.000000
	 D(2,3,5,6)       =         3.141593         180.000000
	 D(2,3,5,21)      =         0.000023           0.001331
	 D(3,2,1,18)      =         0.000000           0.000000
	 D(3,2,1,19)      =        -3.141633        -180.002331
	 D(3,5,6,7)       =         0.000000           0.000000
	 D(3,5,6,17)      =         3.141608         180.000885
	 D(4,3,2,20)      =         3.141626         180.001899
	 D(4,3,5,6)       =        -0.000052          -0.002997
	 D(4,3,5,21)      =         3.141564         179.998338
	 D(5,3,2,20)      =        -0.000019          -0.001064
	 D(5,6,7,8)       =         0.000015           0.000856
	 D(5,6,7,9)       =         3.141608         180.000881
	 D(5,6,17,16)     =         3.141575         179.998994
	 D(5,6,17,24)     =         0.000000           0.000000
	 D(6,7,9,10)      =        -0.000000          -0.000000
	 D(6,7,9,22)      =         3.141593         180.000000
	 D(6,17,16,10)    =         0.000016           0.000893
	 D(6,17,16,14)    =         3.141593         180.000000
	 D(7,6,5,21)      =         3.141577         179.999113
	 D(7,6,17,16)     =        -0.000000          -0.000000
	 D(7,6,17,24)     =         3.141593         180.000000
	 D(7,9,10,11)     =         3.141607         180.000824
	 D(7,9,10,16)     =         0.000016           0.000898
	 D(8,7,6,17)      =         3.141593         180.000000
	 D(8,7,9,10)      =         3.141593         180.000000
	 D(8,7,9,22)      =         0.000000           0.000000
	 D(9,7,6,17)      =         0.000000           0.000000
	 D(9,10,11,12)    =         3.141593         180.000000
	 D(9,10,16,14)    =         3.141593         180.000000
	 D(9,10,16,17)    =        -0.000018          -0.001037
	 D(10,11,12,13)   =         0.000000           0.000000
	 D(10,11,12,23)   =         3.141593         180.000000
	 D(10,16,14,13)   =         0.000000           0.000000
	 D(10,16,14,15)   =         3.141593         180.000000
	 D(10,16,17,24)   =         3.141593         180.000000
	 D(11,10,9,22)    =        -0.000000          -0.000000
	 D(11,10,16,14)   =        -0.000000          -0.000000
	 D(11,10,16,17)   =         3.141576         179.999038
	 D(11,12,13,14)   =        -0.000000          -0.000000
	 D(12,11,10,16)   =         0.000000           0.000000
	 D(12,13,14,15)   =         3.141593         180.000000
	 D(12,13,14,16)   =        -0.000000          -0.000000
	 D(13,14,16,17)   =         3.141611         180.001034
	 D(14,13,12,23)   =         3.141607         180.000816
	 D(14,16,17,24)   =        -0.000014          -0.000813
	 D(15,14,16,17)   =         0.000000           0.000000
	 D(16,10,9,22)    =         3.141593         180.000000
	 D(17,6,5,21)     =        -0.000000          -0.000000
	 D(18,1,2,20)     =         3.141626         180.001900
	 D(19,1,2,20)     =        -0.000021          -0.001179


	        --- Internal Coordinate Step in ANG or DEG, aJ/ANG or AJ/DEG ---
	-------------------------------------------------------------------------------
	           Coordinate      Previous         Force          Change          New 
	           ----------      --------        ------          ------        ------
	               H(4,8)       2.16398        0.00350        0.00670       2.17068
	               R(1,2)       1.32655        0.00035        0.00012       1.32667
	              R(1,18)       1.08537       -0.00179        0.00007       1.08545
	              R(1,19)       1.08347       -0.00076        0.00026       1.08372
	               R(2,3)       1.49481       -0.00544       -0.00051       1.49430
	              R(2,20)       1.08695        0.00024        0.00035       1.08730
	               R(3,4)       1.21355       -0.00361       -0.00017       1.21338
	               R(3,5)       1.37755       -0.00460       -0.00032       1.37723
	               R(5,6)       1.40386        0.00258        0.00112       1.40498
	              R(5,21)       1.00735        0.00137       -0.00002       1.00732
	               R(6,7)       1.42228        0.00293        0.00104       1.42332
	              R(6,17)       1.37712       -0.01069       -0.00148       1.37564
	               R(7,8)       1.08023       -0.00189       -0.00028       1.07994
	               R(7,9)       1.36812       -0.00837       -0.00086       1.36726
	              R(9,10)       1.41404        0.00027        0.00019       1.41423
	              R(9,22)       1.08317        0.00051        0.00037       1.08355
	             R(10,11)       1.35652        0.01292        0.00208       1.35860
	             R(10,16)       1.41671       -0.02079       -0.00393       1.41279
	             R(11,12)       1.30751       -0.00629       -0.00022       1.30728
	             R(12,13)       1.35469        0.01907        0.00306       1.35775
	             R(12,23)       1.08628       -0.00344       -0.00045       1.08583
	             R(13,14)       1.30902       -0.01056       -0.00089       1.30813
	             R(14,15)       1.08924       -0.00028        0.00021       1.08945
	             R(14,16)       1.41423        0.00361        0.00056       1.41479
	             R(16,17)       1.40881        0.00237        0.00064       1.40945
	             R(17,24)       1.08703       -0.00130        0.00001       1.08705
	             B(1,2,3)     120.57343       -0.00004       -0.16724     120.40619
	            B(1,2,20)     120.91710        0.00000       -0.06780     120.84930
	            B(2,1,18)     119.90636        0.00001        0.07999     119.98635
	            B(2,1,19)     121.87182       -0.00006       -0.32540     121.54642
	             B(2,3,4)     122.97396       -0.00004       -0.16703     122.80692
	             B(2,3,5)     113.17298       -0.00007       -0.19752     112.97546
	            B(3,2,20)     118.50947        0.00004        0.23503     118.74451
	             B(3,5,6)     129.45808       -0.00005       -0.12728     129.33081
	            B(3,5,21)     115.78909        0.00003        0.02427     115.81336
	             B(4,3,5)     123.85306        0.00011        0.36455     124.21761
	             B(5,6,7)     122.28557       -0.00002        0.00027     122.28584
	            B(5,6,17)     118.13618       -0.00002       -0.11857     118.01761
	            B(6,5,21)     114.75283        0.00003        0.10300     114.85583
	             B(6,7,8)     118.45051        0.00003        0.15459     118.60511
	             B(6,7,9)     120.59408       -0.00005       -0.15944     120.43464
	           B(6,17,16)     120.30406       -0.00003       -0.09773     120.20633
	           B(6,17,24)     120.63167        0.00003        0.10157     120.73324
	            B(7,6,17)     119.57825        0.00004        0.11830     119.69655
	            B(7,9,10)     120.90528       -0.00000        0.02017     120.92545
	            B(7,9,22)     120.96561       -0.00002       -0.11358     120.85203
	             B(8,7,9)     120.95541        0.00001        0.00484     120.96025
	           B(9,10,11)     120.46040       -0.00004       -0.10941     120.35099
	           B(9,10,16)     118.33616        0.00003        0.07376     118.40992
	           B(10,9,22)     118.12911        0.00002        0.09341     118.22252
	          B(10,11,12)     116.84183       -0.00007       -0.24591     116.59592
	          B(10,16,14)     115.52760        0.00006        0.17018     115.69778
	          B(10,16,17)     120.28216        0.00001        0.04493     120.32710
	          B(11,10,16)     121.20344        0.00001        0.03565     121.23908
	          B(11,12,13)     127.05354        0.00007        0.28603     127.33957
	          B(11,12,23)     117.14511       -0.00002       -0.04402     117.10110
	          B(12,13,14)     116.58927       -0.00009       -0.30502     116.28425
	          B(13,12,23)     115.80135       -0.00006       -0.24201     115.55934
	          B(13,14,15)     117.15817       -0.00001        0.02341     117.18158
	          B(13,14,16)     122.78432        0.00002        0.05907     122.84339
	          B(14,16,17)     124.19024       -0.00007       -0.21511     123.97513
	          B(15,14,16)     120.05751       -0.00002       -0.08249     119.97503
	          B(16,17,24)     119.06427        0.00000       -0.00384     119.06043
	           B(18,1,19)     118.22182        0.00004        0.24541     118.46722
	           D(1,2,3,4)       0.00302       -0.00000       -0.00583      -0.00281
	           D(1,2,3,5)    -180.00000        0.00000        0.00699    -179.99301
	           D(2,3,5,6)     180.00000        0.00000        0.00000     180.00000
	          D(2,3,5,21)       0.00133       -0.00000       -0.00300      -0.00167
	          D(3,2,1,18)       0.00000       -0.00000        0.00000       0.00000
	          D(3,2,1,19)    -180.00233        0.00000        0.00528    -179.99705
	           D(3,5,6,7)       0.00000        0.00000        0.00311       0.00311
	          D(3,5,6,17)     180.00088        0.00000        0.00117     180.00206
	          D(4,3,2,20)     180.00190       -0.00000       -0.00295     179.99895
	           D(4,3,5,6)      -0.00300        0.00000        0.01343       0.01043
	          D(4,3,5,21)     179.99834        0.00000        0.00995     180.00829
	          D(5,3,2,20)      -0.00106        0.00000        0.00981       0.00874
	           D(5,6,7,8)       0.00086       -0.00000       -0.00432      -0.00346
	           D(5,6,7,9)     180.00088       -0.00000       -0.00303     179.99785
	         D(5,6,17,16)     179.99899        0.00000        0.00518     180.00417
	         D(5,6,17,24)       0.00000       -0.00000       -0.00087      -0.00087
	          D(6,7,9,10)      -0.00000       -0.00000        0.00000      -0.00000
	          D(6,7,9,22)     180.00000       -0.00000       -0.00273     179.99727
	        D(6,17,16,10)       0.00089       -0.00000       -0.00455      -0.00365
	        D(6,17,16,14)     180.00000       -0.00000       -0.00551     179.99449
	          D(7,6,5,21)     179.99911        0.00000        0.00613     180.00525
	         D(7,6,17,16)      -0.00000        0.00000        0.00314       0.00314
	         D(7,6,17,24)     180.00000       -0.00000       -0.00190     179.99810
	         D(7,9,10,11)     180.00082       -0.00000       -0.00165     179.99917
	         D(7,9,10,16)       0.00090       -0.00000       -0.00090       0.00000
	          D(8,7,6,17)     180.00000       -0.00000       -0.00238     179.99762
	          D(8,7,9,10)     180.00000        0.00000        0.00081     180.00081
	          D(8,7,9,22)       0.00000       -0.00000       -0.00138      -0.00138
	          D(9,7,6,17)       0.00000       -0.00000       -0.00107      -0.00107
	        D(9,10,11,12)     180.00000       -0.00000       -0.00111     179.99889
	        D(9,10,16,14)     180.00000        0.00000        0.00374     180.00374
	        D(9,10,16,17)      -0.00104        0.00000        0.00306       0.00203
	       D(10,11,12,13)       0.00000       -0.00000       -0.00173      -0.00173
	       D(10,11,12,23)     180.00000        0.00000        0.00190     180.00190
	       D(10,16,14,13)       0.00000       -0.00000       -0.00399      -0.00399
	       D(10,16,14,15)     180.00000       -0.00000       -0.00292     179.99708
	       D(10,16,17,24)     180.00000        0.00000        0.00130     180.00130
	        D(11,10,9,22)      -0.00000        0.00000        0.00131       0.00131
	       D(11,10,16,14)      -0.00000        0.00000        0.00462       0.00462
	       D(11,10,16,17)     179.99904        0.00000        0.00387     180.00291
	       D(11,12,13,14)      -0.00000        0.00000        0.00239       0.00239
	       D(12,11,10,16)       0.00000       -0.00000       -0.00200      -0.00200
	       D(12,13,14,15)     180.00000       -0.00000        0.00000     180.00000
	       D(12,13,14,16)      -0.00000        0.00000        0.00000       0.00000
	       D(13,14,16,17)     180.00103       -0.00000       -0.00324     179.99779
	       D(14,13,12,23)     180.00082       -0.00000       -0.00201     179.99881
	       D(14,16,17,24)      -0.00081        0.00000        0.00081      -0.00000
	       D(15,14,16,17)       0.00000       -0.00000       -0.00114      -0.00114
	        D(16,10,9,22)     180.00000        0.00000        0.00218     180.00218
	         D(17,6,5,21)      -0.00000        0.00000        0.00419       0.00419
	         D(18,1,2,20)     180.00190       -0.00000       -0.00321     179.99869
	         D(19,1,2,20)      -0.00118        0.00000        0.00234       0.00116
	-------------------------------------------------------------------------------

	                                 ==> Convergence Check <==                                  
    
	Measures of convergence in internal coordinates in au.
    
	Criteria marked as inactive (o), active & met (*), and active & unmet ( ).

	----------------------------------------------------------------------------------------------
	   Step    Total Energy     Delta E     Max Force     RMS Force      Max Disp      RMS Disp   
	----------------------------------------------------------------------------------------------
	  Convergence Criteria     1.00e-06 *    3.00e-04 *             o    1.20e-03 *             o
	----------------------------------------------------------------------------------------------
	     2    -664.00360708   -1.02e-03      2.52e-03      5.42e-04 o    1.27e-02      2.27e-03 o  ~
	----------------------------------------------------------------------------------------------

Next Geometry in Ang 
	Fragment 1 (Ang)

	    C   5.1171267618   0.4512207838  -0.5119483978
	    C   3.8543018256   0.7015361668  -0.8323518722
	    C   2.7395735943   0.0605889544  -0.0711091232
	    O   2.9282641481  -0.7012573456   0.8542425430
	    N   1.4941972721   0.4264458182  -0.5314792308
	    C   0.2250569708   0.0343040260  -0.0737896138
	    C   0.0543733470  -0.8662659473   1.0150939342
	    H   0.9336167891  -1.2594692282   1.5035599878
	    C  -1.1989944480  -1.2223790188   1.4294135427
	    C  -2.3498987670  -0.7070288791   0.7892008718
	    N  -3.5898209443  -1.0687925517   1.2105249188
	    C  -4.6016610360  -0.5487317785   0.5665477199
	    N  -4.5556253218   0.3153705755  -0.4797249145
	    C  -3.3638201250   0.6665840588  -0.8889469785
	    H  -3.3098345277   1.3595948320  -1.7278331799
	    C  -2.1748496510   0.1864841692  -0.2910555690
	    C  -0.8795136769   0.5487222908  -0.7122907398
	    H   5.3455018557  -0.2228139952   0.3076388008
	    H   5.9397727613   0.9058600112  -1.0514067509
	    H   3.6095556052   1.3743572405  -1.6506581898
	    H   1.4846633856   1.0675893293  -1.3083618522
	    H  -1.3367652257  -1.9074337574   2.2575382195
	    H  -5.5965189840  -0.8322927965   0.8965295951
	    H  -0.7687016093   1.2378070421  -1.5456896835


    Structure for next step:
    Molecular point group: c1
    Full point group: C1

    Geometry (in Angstrom), charge = 0, multiplicity = 1:

    C            5.117126761806     0.451220783767    -0.511948397810
    C            3.854301825627     0.701536166760    -0.832351872239
    C            2.739573594337     0.060588954363    -0.071109123173
    O            2.928264148119    -0.701257345605     0.854242542966
    N            1.494197272086     0.426445818166    -0.531479230795
    C            0.225056970763     0.034304025968    -0.073789613841
    C            0.054373347020    -0.866265947308     1.015093934181
    H            0.933616789150    -1.259469228201     1.503559987843
    C           -1.198994447960    -1.222379018801     1.429413542720
    C           -2.349898767042    -0.707028879094     0.789200871814
    N           -3.589820944310    -1.068792551691     1.210524918836
    C           -4.601661035983    -0.548731778534     0.566547719941
    N           -4.555625321826     0.315370575464    -0.479724914480
    C           -3.363820124964     0.666584058775    -0.888946978529
    H           -3.309834527712     1.359594831963    -1.727833179939
    C           -2.174849650958     0.186484169193    -0.291055569035
    C           -0.879513676935     0.548722290792    -0.712290739824
    H            5.345501855741    -0.222813995216     0.307638800827
    H            5.939772761325     0.905860011157    -1.051406750941
    H            3.609555605197     1.374357240513    -1.650658189812
    H            1.484663385570     1.067589329308    -1.308361852249
    H           -1.336765225720    -1.907433757371     2.257538219512
    H           -5.596518984029    -0.832292796493     0.896529595073
    H           -0.768701609302     1.237807042123    -1.545689683470


Scratch directory: /tmp/
gradient() will perform analytic gradient computation.
   => Libint2 <=

    Primary   basis highest AM E, G, H:  7, 6, 3
    Auxiliary basis highest AM E, G, H:  7, 7, 4
    Onebody   basis highest AM E, G, H:  -, -, -
    Solid Harmonics ordering:            Gaussian

*** tstart() called on eristm01.eisai.local
*** at Wed May 20 10:18:38 2026

   => Loading Basis Set <=

    Name: 6-311+G(D,P)
    Role: ORBITAL
    Keyword: BASIS
    atoms 1-3, 6-7, 9-10, 12, 14, 16-17 entry C          line   129 file /home2/shbae/bucket/covalent/.pixi/envs/default/share/psi4/basis/6-311pg_d_p_.gbs 
    atoms 4                             entry O          line   171 file /home2/shbae/bucket/covalent/.pixi/envs/default/share/psi4/basis/6-311pg_d_p_.gbs 
    atoms 5, 11, 13                     entry N          line   150 file /home2/shbae/bucket/covalent/.pixi/envs/default/share/psi4/basis/6-311pg_d_p_.gbs 
    atoms 8, 15, 18-24                  entry H          line    42 file /home2/shbae/bucket/covalent/.pixi/envs/default/share/psi4/basis/6-311pg_d_p_.gbs 

   => WB97X-D: Empirical Dispersion <=

    Chai and Head-Gordon Dispersion Correction
    Chai, J.-D.; Head-Gordon, M. (2010), J. Chem. Phys., 132: 6615-6620

        s6 =       1.000000


         ---------------------------------------------------------
                                   SCF
               by Justin Turney, Rob Parrish, Andy Simmonett
                          and Daniel G. A. Smith
                              RKS Reference
                        8 Threads,   7629 MiB Core
         ---------------------------------------------------------

  ==> Geometry <==

    Molecular point group: c1
    Full point group: C1

    Geometry (in Angstrom), charge = 0, multiplicity = 1:

       Center              X                  Y                   Z               Mass       
    ------------   -----------------  -----------------  -----------------  -----------------
         C            5.117126761806     0.451220783767    -0.511948397810    12.000000000000
         C            3.854301825627     0.701536166760    -0.832351872239    12.000000000000
         C            2.739573594337     0.060588954363    -0.071109123173    12.000000000000
         O            2.928264148119    -0.701257345605     0.854242542966    15.994914619570
         N            1.494197272086     0.426445818166    -0.531479230795    14.003074004430
         C            0.225056970763     0.034304025968    -0.073789613841    12.000000000000
         C            0.054373347020    -0.866265947308     1.015093934181    12.000000000000
         H            0.933616789150    -1.259469228201     1.503559987843     1.007825032230
         C           -1.198994447960    -1.222379018801     1.429413542720    12.000000000000
         C           -2.349898767042    -0.707028879094     0.789200871814    12.000000000000
         N           -3.589820944310    -1.068792551691     1.210524918836    14.003074004430
         C           -4.601661035983    -0.548731778534     0.566547719941    12.000000000000
         N           -4.555625321826     0.315370575464    -0.479724914480    14.003074004430
         C           -3.363820124964     0.666584058775    -0.888946978529    12.000000000000
         H           -3.309834527712     1.359594831963    -1.727833179939     1.007825032230
         C           -2.174849650958     0.186484169193    -0.291055569035    12.000000000000
         C           -0.879513676935     0.548722290792    -0.712290739824    12.000000000000
         H            5.345501855741    -0.222813995216     0.307638800827     1.007825032230
         H            5.939772761325     0.905860011157    -1.051406750941     1.007825032230
         H            3.609555605197     1.374357240513    -1.650658189812     1.007825032230
         H            1.484663385570     1.067589329308    -1.308361852249     1.007825032230
         H           -1.336765225720    -1.907433757371     2.257538219512     1.007825032230
         H           -5.596518984029    -0.832292796493     0.896529595073     1.007825032230
         H           -0.768701609302     1.237807042123    -1.545689683470     1.007825032230

  Running in c1 symmetry.

  Rotational constants: A =      0.07811  B =      0.00886  C =      0.00796 [cm^-1]
  Rotational constants: A =   2341.67413  B =    265.64164  C =    238.59926 [MHz]
  Nuclear repulsion =  877.231226610829367

  Charge       = 0
  Multiplicity = 1
  Electrons    = 104
  Nalpha       = 52
  Nbeta        = 52

  ==> Algorithm <==

  SCF Algorithm Type is DF.
  DIIS enabled.
  MOM disabled.
  Fractional occupation disabled.
  Guess Type is READ.
  Energy threshold   = 1.00e-08
  Density threshold  = 1.00e-08
  Integral threshold = 1.00e-12

  ==> Primary Basis <==

  Basis Set: 6-311+G(D,P)
    Blend: 6-311+G(D,P)
    Number of shells: 186
    Number of basis functions: 384
    Number of Cartesian functions: 399
    Spherical Harmonics?: true
    Max angular momentum: 2

  ==> DFT Potential <==

   => LibXC <=

    Version 7.0.0
    S. Lehtola, C. Steigemann, M. J.T. Oliveira, and M. A.L. Marques.,  SoftwareX 7, 1–5 (2018) (10.1016/j.softx.2017.11.002)

   => Composite Functional: WB97X-D <= 

    wB97X-D Hyb-GGA Exchange-Correlation Functional

    J.-D. Chai and M. Head-Gordon.,  Phys. Chem. Chem. Phys. 10, 6615-6620 (2008) (10.1039/B810189B)

    Deriv               =              1
    GGA                 =           TRUE
    Meta                =          FALSE

    Exchange Hybrid     =           TRUE
    MP2 Hybrid          =          FALSE

   => Exchange-Correlation Functionals <=

    1.0000   wB97X-D range-separated functional

   => Exact (HF) Exchange <=

    0.7780            HF,LR [omega = 0.2000]
    0.2220               HF 

   => LibXC Density Thresholds  <==

    XC_HYB_GGA_XC_WB97X_D:  1.00E-14 

   => Molecular Quadrature <=

    Radial Scheme          =       TREUTLER
    Pruning Scheme         =           NONE
    Nuclear Scheme         =       TREUTLER

    Blocking Scheme        =         OCTREE
    BS radius alpha        =              1
    Pruning alpha          =              1
    Radial Points          =             75
    Spherical Points       =            302
    Total Points           =         503796
    Total Blocks           =           3711
    Max Points             =            256
    Max Functions          =            298
    Weights Tolerance      =       1.00E-15

   => Loading Basis Set <=

    Name: (6-311+G(D,P) AUX)
    Role: JKFIT
    Keyword: DF_BASIS_SCF
    atoms 1-3, 6-7, 9-10, 12, 14, 16-17 entry C          line   200 file /home2/shbae/bucket/covalent/.pixi/envs/default/share/psi4/basis/heavy-aug-cc-pvtz-jkfit.gbs 
    atoms 4                             entry O          line   324 file /home2/shbae/bucket/covalent/.pixi/envs/default/share/psi4/basis/heavy-aug-cc-pvtz-jkfit.gbs 
    atoms 5, 11, 13                     entry N          line   262 file /home2/shbae/bucket/covalent/.pixi/envs/default/share/psi4/basis/heavy-aug-cc-pvtz-jkfit.gbs 
    atoms 8, 15, 18-24                  entry H          line   116 file /home2/shbae/bucket/covalent/.pixi/envs/default/share/psi4/basis/heavy-aug-cc-pvtz-jkfit.gbs 

   => Loading Basis Set <=

    Name: 6-311+G(D,P)
    Role: ORBITAL
    Keyword: BASIS
    atoms 1-3, 6-7, 9-10, 12, 14, 16-17 entry C          line   129 file /home2/shbae/bucket/covalent/.pixi/envs/default/share/psi4/basis/6-311pg_d_p_.gbs 
    atoms 4                             entry O          line   171 file /home2/shbae/bucket/covalent/.pixi/envs/default/share/psi4/basis/6-311pg_d_p_.gbs 
    atoms 5, 11, 13                     entry N          line   150 file /home2/shbae/bucket/covalent/.pixi/envs/default/share/psi4/basis/6-311pg_d_p_.gbs 
    atoms 8, 15, 18-24                  entry H          line    42 file /home2/shbae/bucket/covalent/.pixi/envs/default/share/psi4/basis/6-311pg_d_p_.gbs 

  Reading orbitals from file /tmp/4_reactant.default.2248151.180.npy, no projection.

  ==> Integral Setup <==

  DFHelper Memory: AOs need 4.964 GiB; user supplied 4.964 GiB. 
  SCF_SUBTYPE=INCORE selected. In-core MEM_DF algorithm will be used.
  Using in-core AOs.

  ==> MemDFJK: Density-Fitted J/K Matrices <==

    J tasked:                   Yes
    K tasked:                   Yes
    wK tasked:                  Yes
    Omega:                2.000E-01
    OpenMP threads:               8
    Memory [MiB]:              5083
    Algorithm:                 Core
    Schwarz Cutoff:           1E-12
    Mask sparsity (%):      18.7419
    Fitting Condition:        1E-10

   => Auxiliary Basis Set <=

  Basis Set: (6-311+G(D,P) AUX)
    Blend: HEAVY-AUG-CC-PVTZ-JKFIT
    Number of shells: 540
    Number of basis functions: 1830
    Number of Cartesian functions: 2280
    Spherical Harmonics?: true
    Max angular momentum: 4

  Cached 16.7% of DFT collocation blocks in 0.533 [GiB].

  Minimum eigenvalue in the overlap matrix is 4.9214466469E-07.
  Reciprocal condition number of the overlap matrix is 3.4085481478E-08.
    Using symmetric orthogonalization.

  ==> Pre-Iterations <==

  SCF Guess: Orbitals guess was supplied from a previous computation.

   -------------------------------------------------------
    Irrep   Nso     Nmo     Nalpha   Nbeta   Ndocc  Nsocc
   -------------------------------------------------------
     A        384     384      52      52      52       0
   -------------------------------------------------------
    Total     384     384      52      52      52       0
   -------------------------------------------------------

  ==> Iterations <==

                           Total Energy        Delta E     RMS |[F,P]|

   @DF-RKS iter   0:  -664.00297373927731   -6.64003e+02   6.94560e-05 
   @DF-RKS iter   1:  -664.00366461452927   -6.90875e-04   9.19278e-06 DIIS
   @DF-RKS iter   2:  -664.00366739548508   -2.78096e-06   9.54102e-06 DIIS
   @DF-RKS iter   3:  -664.00367301166057   -5.61618e-06   1.93896e-06 DIIS
   @DF-RKS iter   4:  -664.00367331192706   -3.00266e-07   8.31883e-07 DIIS
   @DF-RKS iter   5:  -664.00367338476838   -7.28413e-08   3.80226e-07 DIIS
   @DF-RKS iter   6:  -664.00367340198102   -1.72126e-08   1.36238e-07 DIIS
   @DF-RKS iter   7:  -664.00367340472860   -2.74758e-09   6.85903e-08 DIIS
   @DF-RKS iter   8:  -664.00367340564128   -9.12678e-10   2.21805e-08 DIIS
   @DF-RKS iter   9:  -664.00367340573348   -9.22000e-11   8.75114e-09 DIIS
  Energy and wave function converged.


  ==> Post-Iterations <==

   Electrons on quadrature grid:
      Ntotal   =  104.0000896419 ; deviation = 8.964e-05 

    Orbital Energies [Eh]
    ---------------------

    Doubly Occupied:                                                      

       1A    -19.235260     2A    -14.497002     3A    -14.444618  
       4A    -14.441968     5A    -10.416819     6A    -10.364629  
       7A    -10.355265     8A    -10.350756     9A    -10.342895  
      10A    -10.321610    11A    -10.317836    12A    -10.316803  
      13A    -10.314000    14A    -10.308998    15A    -10.305956  
      16A     -1.171233    17A     -1.100741    18A     -1.072030  
      19A     -1.006447    20A     -0.973240    21A     -0.912287  
      22A     -0.889231    23A     -0.870989    24A     -0.789758  
      25A     -0.774871    26A     -0.738488    27A     -0.728158  
      28A     -0.686447    29A     -0.656294    30A     -0.649215  
      31A     -0.626259    32A     -0.609911    33A     -0.577496  
      34A     -0.553962    35A     -0.552167    36A     -0.544912  
      37A     -0.536753    38A     -0.533695    39A     -0.532507  
      40A     -0.519505    41A     -0.494690    42A     -0.480380  
      43A     -0.474268    44A     -0.461690    45A     -0.427275  
      46A     -0.403174    47A     -0.394182    48A     -0.381744  
      49A     -0.365828    50A     -0.350164    51A     -0.342462  
      52A     -0.310071  

    Virtual:                                                              

      53A     -0.016973    54A      0.001682    55A      0.036880  
      56A      0.038088    57A      0.058079    58A      0.062693  
      59A      0.071037    60A      0.077713    61A      0.085036  
      62A      0.093584    63A      0.093681    64A      0.097772  
      65A      0.104039    66A      0.107356    67A      0.117556  
      68A      0.118532    69A      0.122756    70A      0.125539  
      71A      0.130659    72A      0.132236    73A      0.145348  
      74A      0.149588    75A      0.157784    76A      0.159780  
      77A      0.166491    78A      0.168158    79A      0.172345  
      80A      0.180849    81A      0.186106    82A      0.188038  
      83A      0.193673    84A      0.197876    85A      0.199020  
      86A      0.209325    87A      0.218183    88A      0.222285  
      89A      0.229887    90A      0.231296    91A      0.233440  
      92A      0.235718    93A      0.239804    94A      0.249426  
      95A      0.257531    96A      0.257580    97A      0.259991  
      98A      0.264485    99A      0.267660   100A      0.269655  
     101A      0.272792   102A      0.279759   103A      0.284472  
     104A      0.289929   105A      0.290704   106A      0.291844  
     107A      0.299075   108A      0.302835   109A      0.306454  
     110A      0.309228   111A      0.312754   112A      0.316487  
     113A      0.319296   114A      0.329106   115A      0.334730  
     116A      0.344427   117A      0.348062   118A      0.351282  
     119A      0.356893   120A      0.363230   121A      0.368951  
     122A      0.371015   123A      0.375154   124A      0.382005  
     125A      0.389227   126A      0.396328   127A      0.398725  
     128A      0.402994   129A      0.409435   130A      0.414072  
     131A      0.430415   132A      0.441014   133A      0.444884  
     134A      0.460005   135A      0.469639   136A      0.476657  
     137A      0.491613   138A      0.517945   139A      0.535526  
     140A      0.550770   141A      0.565985   142A      0.580781  
     143A      0.588570   144A      0.602254   145A      0.606169  
     146A      0.607252   147A      0.614829   148A      0.617770  
     149A      0.620368   150A      0.626238   151A      0.650704  
     152A      0.654408   153A      0.661824   154A      0.676302  
     155A      0.676741   156A      0.681566   157A      0.684580  
     158A      0.690699   159A      0.711060   160A      0.715245  
     161A      0.720605   162A      0.733695   163A      0.736475  
     164A      0.748248   165A      0.758042   166A      0.760115  
     167A      0.783414   168A      0.786211   169A      0.786861  
     170A      0.806161   171A      0.809678   172A      0.840659  
     173A      0.844727   174A      0.852323   175A      0.860864  
     176A      0.864277   177A      0.883244   178A      0.887894  
     179A      0.898378   180A      0.922784   181A      0.940766  
     182A      0.945890   183A      0.948282   184A      0.953537  
     185A      0.962523   186A      0.972504   187A      0.978911  
     188A      0.986914   189A      0.989359   190A      0.990825  
     191A      1.008643   192A      1.027595   193A      1.036589  
     194A      1.043082   195A      1.054921   196A      1.057126  
     197A      1.069404   198A      1.071912   199A      1.073206  
     200A      1.086821   201A      1.105175   202A      1.128809  
     203A      1.132982   204A      1.139655   205A      1.145093  
     206A      1.146574   207A      1.155673   208A      1.173706  
     209A      1.191258   210A      1.204485   211A      1.217116  
     212A      1.221413   213A      1.233225   214A      1.233999  
     215A      1.284464   216A      1.307017   217A      1.320702  
     218A      1.344216   219A      1.355388   220A      1.371634  
     221A      1.394911   222A      1.456347   223A      1.458676  
     224A      1.472478   225A      1.513582   226A      1.527981  
     227A      1.548650   228A      1.580925   229A      1.587006  
     230A      1.595438   231A      1.599317   232A      1.605937  
     233A      1.613024   234A      1.623502   235A      1.642428  
     236A      1.646873   237A      1.655016   238A      1.660492  
     239A      1.696471   240A      1.710620   241A      1.718770  
     242A      1.718815   243A      1.755538   244A      1.779910  
     245A      1.802244   246A      1.811760   247A      1.818072  
     248A      1.825566   249A      1.827912   250A      1.851558  
     251A      1.863740   252A      1.868466   253A      1.877818  
     254A      1.885716   255A      1.918390   256A      1.945927  
     257A      1.952990   258A      1.971337   259A      1.976550  
     260A      1.995399   261A      2.023558   262A      2.027849  
     263A      2.037348   264A      2.059163   265A      2.075737  
     266A      2.105332   267A      2.121469   268A      2.139957  
     269A      2.142420   270A      2.150249   271A      2.178483  
     272A      2.204472   273A      2.213426   274A      2.217651  
     275A      2.233082   276A      2.241237   277A      2.289576  
     278A      2.324152   279A      2.326497   280A      2.327234  
     281A      2.363026   282A      2.390046   283A      2.393317  
     284A      2.424624   285A      2.443554   286A      2.481562  
     287A      2.481652   288A      2.514257   289A      2.522473  
     290A      2.540031   291A      2.557303   292A      2.559269  
     293A      2.663444   294A      2.665455   295A      2.677895  
     296A      2.715429   297A      2.732560   298A      2.760263  
     299A      2.763666   300A      2.772398   301A      2.779203  
     302A      2.787078   303A      2.789143   304A      2.794055  
     305A      2.828126   306A      2.836538   307A      2.857908  
     308A      2.867934   309A      2.869724   310A      2.884564  
     311A      2.899538   312A      2.918030   313A      2.939712  
     314A      2.952094   315A      2.954839   316A      2.964194  
     317A      2.991067   318A      2.996110   319A      3.013609  
     320A      3.030732   321A      3.034242   322A      3.036281  
     323A      3.042545   324A      3.059275   325A      3.072360  
     326A      3.094699   327A      3.115155   328A      3.172572  
     329A      3.190946   330A      3.271151   331A      3.309406  
     332A      3.345928   333A      3.411189   334A      3.433167  
     335A      3.452377   336A      3.463625   337A      3.504058  
     338A      3.547942   339A      3.599519   340A      3.616617  
     341A      3.646228   342A      3.680446   343A      3.708040  
     344A      3.722493   345A      3.753369   346A      3.793410  
     347A      3.834554   348A      3.851923   349A      3.966649  
     350A      3.974463   351A      4.003783   352A      4.011863  
     353A      4.036396   354A      4.056529   355A      4.087946  
     356A      4.176390   357A      4.267071   358A      4.369846  
     359A      4.400609   360A      4.521844   361A      4.600098  
     362A      4.932361   363A      4.950072   364A      5.067926  
     365A      5.164021   366A      5.216566   367A      5.397755  
     368A      5.414836   369A      5.918832   370A     23.748897  
     371A     23.873355   372A     23.991153   373A     24.028359  
     374A     24.045320   375A     24.089661   376A     24.121060  
     377A     24.158628   378A     24.240220   379A     24.317958  
     380A     24.383318   381A     35.751091   382A     35.775072  
     383A     35.820534   384A     50.175246  

    Final Occupation by Irrep:
              A 
    DOCC [    52 ]
    NA   [    52 ]
    NB   [    52 ]

  @DF-RKS Final Energy:  -664.00367340573348

   => Energetics <=

    Nuclear Repulsion Energy =            877.2312266108293670
    One-Electron Energy =               -2639.3768075118464367
    Two-Electron Energy =                1162.0304089666440177
    DFT Exchange-Correlation Energy =     -63.8758307685776856
    Empirical Dispersion Energy =          -0.0126707027827918
    VV10 Nonlocal Energy =                  0.0000000000000000
    Total Energy =                       -664.0036734057335934

Computation Completed


Properties will be evaluated at   0.000000,   0.000000,   0.000000 [a0]

Properties computed using the SCF density matrix


 Multipole Moments:

 ------------------------------------------------------------------------------------
     Multipole            Electronic (a.u.)      Nuclear  (a.u.)        Total (a.u.)
 ------------------------------------------------------------------------------------

 L = 1.  Multiply by 2.5417464519 to convert [e a0] to [Debye]
 Dipole X            :         62.3034805          -61.0403666            1.2631139
 Dipole Y            :         20.6016024          -19.5501318            1.0514706
 Dipole Z            :        -17.1737586           15.9173244           -1.2564342
 Magnitude           :                                                    2.0687373

 ------------------------------------------------------------------------------------

*** tstop() called on eristm01.eisai.local at Wed May 20 10:19:01 2026
Module time:
	user time   =     169.61 seconds =       2.83 minutes
	system time =       4.71 seconds =       0.08 minutes
	total time  =         23 seconds =       0.38 minutes
Total time:
	user time   =   44649.56 seconds =     744.16 minutes
	system time =    1567.54 seconds =      26.13 minutes
	total time  =       6407 seconds =     106.78 minutes

*** tstart() called on eristm01.eisai.local
*** at Wed May 20 10:19:01 2026


         ------------------------------------------------------------
                                   SCF GRAD                          
                          Rob Parrish, Justin Turney,                
                       Andy Simmonett, and Alex Sokolov              
         ------------------------------------------------------------

  ==> Geometry <==

    Molecular point group: c1
    Full point group: C1

    Geometry (in Angstrom), charge = 0, multiplicity = 1:

       Center              X                  Y                   Z               Mass       
    ------------   -----------------  -----------------  -----------------  -----------------
         C            5.117126761806     0.451220783767    -0.511948397810    12.000000000000
         C            3.854301825627     0.701536166760    -0.832351872239    12.000000000000
         C            2.739573594337     0.060588954363    -0.071109123173    12.000000000000
         O            2.928264148119    -0.701257345605     0.854242542966    15.994914619570
         N            1.494197272086     0.426445818166    -0.531479230795    14.003074004430
         C            0.225056970763     0.034304025968    -0.073789613841    12.000000000000
         C            0.054373347020    -0.866265947308     1.015093934181    12.000000000000
         H            0.933616789150    -1.259469228201     1.503559987843     1.007825032230
         C           -1.198994447960    -1.222379018801     1.429413542720    12.000000000000
         C           -2.349898767042    -0.707028879094     0.789200871814    12.000000000000
         N           -3.589820944310    -1.068792551691     1.210524918836    14.003074004430
         C           -4.601661035983    -0.548731778534     0.566547719941    12.000000000000
         N           -4.555625321826     0.315370575464    -0.479724914480    14.003074004430
         C           -3.363820124964     0.666584058775    -0.888946978529    12.000000000000
         H           -3.309834527712     1.359594831963    -1.727833179939     1.007825032230
         C           -2.174849650958     0.186484169193    -0.291055569035    12.000000000000
         C           -0.879513676935     0.548722290792    -0.712290739824    12.000000000000
         H            5.345501855741    -0.222813995216     0.307638800827     1.007825032230
         H            5.939772761325     0.905860011157    -1.051406750941     1.007825032230
         H            3.609555605197     1.374357240513    -1.650658189812     1.007825032230
         H            1.484663385570     1.067589329308    -1.308361852249     1.007825032230
         H           -1.336765225720    -1.907433757371     2.257538219512     1.007825032230
         H           -5.596518984029    -0.832292796493     0.896529595073     1.007825032230
         H           -0.768701609302     1.237807042123    -1.545689683470     1.007825032230

  Nuclear repulsion =  877.231226610829367

  ==> Basis Set <==

  Basis Set: 6-311+G(D,P)
    Blend: 6-311+G(D,P)
    Number of shells: 186
    Number of basis functions: 384
    Number of Cartesian functions: 399
    Spherical Harmonics?: true
    Max angular momentum: 2

  ==> DFJKGrad: Density-Fitted SCF Gradients <==

    Gradient:                    1
    J tasked:                  Yes
    K tasked:                  Yes
    wK tasked:                 Yes
    Omega:               2.000E-01
    OpenMP threads:              8
    Integrals threads:           8
    Memory [MiB]:             5722
    Schwarz Cutoff:          1E-12
    Fitting Condition:       1E-10

   => Auxiliary Basis Set <=

  Basis Set: (6-311+G(D,P) AUX)
    Blend: HEAVY-AUG-CC-PVTZ-JKFIT
    Number of shells: 540
    Number of basis functions: 1830
    Number of Cartesian functions: 2280
    Spherical Harmonics?: true
    Max angular momentum: 4

  ==> DFT Potential <==

   => LibXC <=

    Version 7.0.0
    S. Lehtola, C. Steigemann, M. J.T. Oliveira, and M. A.L. Marques.,  SoftwareX 7, 1–5 (2018) (10.1016/j.softx.2017.11.002)

   => Composite Functional: WB97X-D <= 

    wB97X-D Hyb-GGA Exchange-Correlation Functional

    J.-D. Chai and M. Head-Gordon.,  Phys. Chem. Chem. Phys. 10, 6615-6620 (2008) (10.1039/B810189B)

    Deriv               =              1
    GGA                 =           TRUE
    Meta                =          FALSE

    Exchange Hybrid     =           TRUE
    MP2 Hybrid          =          FALSE

   => Exchange-Correlation Functionals <=

    1.0000   wB97X-D range-separated functional

   => Exact (HF) Exchange <=

    0.7780            HF,LR [omega = 0.2000]
    0.2220               HF 

   => LibXC Density Thresholds  <==

    XC_HYB_GGA_XC_WB97X_D:  1.00E-14 

   => Molecular Quadrature <=

    Radial Scheme          =       TREUTLER
    Pruning Scheme         =           NONE
    Nuclear Scheme         =       TREUTLER

    Blocking Scheme        =         OCTREE
    BS radius alpha        =              1
    Pruning alpha          =              1
    Radial Points          =             75
    Spherical Points       =            302
    Total Points           =         503796
    Total Blocks           =           3711
    Max Points             =            256
    Max Functions          =            298
    Weights Tolerance      =       1.00E-15


  -Total Gradient:
     Atom            X                  Y                   Z
    ------   -----------------  -----------------  -----------------
       1       -0.000621343712     0.000173667852    -0.000222783960
       2        0.000170744311    -0.000126837093     0.000143831982
       3        0.000287731466     0.000093798271    -0.000068517406
       4       -0.000022229844    -0.000287659301     0.000331712806
       5       -0.000370807987     0.000372007254    -0.000465424417
       6        0.000244401289    -0.000048278544     0.000062546592
       7       -0.000218367973    -0.000065100960     0.000078441395
       8        0.000325072448     0.000038467838    -0.000043028172
       9        0.000093869476     0.000181628538    -0.000213466147
      10       -0.001196023379    -0.000608505244     0.000725735196
      11        0.001540597928    -0.000383395545     0.000483973577
      12       -0.000599601068     0.001067897520    -0.001309904989
      13       -0.000554120824    -0.000498209186     0.000595381723
      14        0.000716655602    -0.000108974152     0.000149525443
      15       -0.000057758810     0.000081519584    -0.000099897925
      16        0.000092783907     0.000530752334    -0.000643933407
      17       -0.000329139245    -0.000189930444     0.000213764892
      18        0.000143760917    -0.000206271444     0.000252507944
      19        0.000199406416     0.000089253486    -0.000101502399
      20       -0.000129295884     0.000157345845    -0.000192187233
      21        0.000029262944    -0.000031448006     0.000036463798
      22       -0.000009925421    -0.000120699532     0.000143587390
      23        0.000001131060    -0.000107448319     0.000134164745
      24        0.000099395580     0.000152627294    -0.000181770598


*** tstop() called on eristm01.eisai.local at Wed May 20 10:19:13 2026
Module time:
	user time   =      88.07 seconds =       1.47 minutes
	system time =       1.10 seconds =       0.02 minutes
	total time  =         12 seconds =       0.20 minutes
Total time:
	user time   =   44737.64 seconds =     745.63 minutes
	system time =    1568.64 seconds =      26.14 minutes
	total time  =       6419 seconds =     106.98 minutes

    			-----------------------------------------

    			 OPTKING 3.0: for geometry optimizations 

    			     By R.A. King, Bethel University     

    			        with contributions from          

    			    A.V. Copan, J. Cayton, A. Heide      

    			-----------------------------------------

    
	                            ===> Fragment 1 <== 

	 Z (Atomic Numbers)          Masses                          Geom                  
	       6.000000            12.000000          9.66996813  0.85268370 -0.96744226   
	       6.000000            12.000000          7.28357486  1.32571122 -1.57291708   
	       6.000000            12.000000          5.17704379  0.11449653 -0.13437677   
	       8.000000            15.994915          5.53361726 -1.32518433  1.61428445   
	       7.000000            14.003074          2.82362362  0.80586580 -1.00435019   
	       6.000000            12.000000          0.42529604  0.06482521 -0.13944216   
	       6.000000            12.000000          0.10275073 -1.63700539  1.91824953   
	       1.000000             1.007825          1.76428004 -2.38005190  2.84131659   
	       6.000000            12.000000         -2.26577113 -2.30996157  2.70120012   
	       6.000000            12.000000         -4.44066509 -1.33609094  1.49137351   
	       7.000000            14.003074         -6.78377842 -2.01972521  2.28756056   
	       6.000000            12.000000         -8.69587908 -1.03695278  1.07062003   
	       7.000000            14.003074         -8.60888419  0.59596402 -0.90654870   
	       6.000000            12.000000         -6.35669877  1.25966131 -1.67986633   
	       1.000000             1.007825         -6.25468078  2.56926187 -3.26513150   
	       6.000000            12.000000         -4.10987020  0.35240401 -0.55001531   
	       6.000000            12.000000         -1.66203997  1.03693485 -1.34603442   
	       1.000000             1.007825         10.10153451 -0.42105743  0.58135308   
	       1.000000             1.007825         11.22454377  1.71182733 -1.98687081   
	       1.000000             1.007825          6.82107153  2.59715878 -3.11929191   
	       1.000000             1.007825          2.80560719  2.01745145 -2.47244557   
	       1.000000             1.007825         -2.52612017 -3.60452740  4.26612895   
	       1.000000             1.007825        -10.57588814  -1.57280544   1.69419540 
	       1.000000             1.007825         -1.45263551  2.33911631 -2.92093018   

	 - Coordinate -           - BOHR/RAD -       - ANG/DEG -
	 H(4,8)           =         4.101982           2.170675
	 R(1,2)           =         2.507036           1.326666
	 R(1,18)          =         2.051203           1.085450
	 R(1,19)          =         2.047942           1.083724
	 R(2,3)           =         2.823812           1.494297
	 R(2,20)          =         2.054693           1.087297
	 R(3,4)           =         2.292955           1.213379
	 R(3,5)           =         2.602582           1.377227
	 R(5,6)           =         2.655030           1.404981
	 R(5,21)          =         1.903567           1.007324
	 R(6,7)           =         2.689676           1.423315
	 R(6,17)          =         2.599583           1.375640
	 R(7,8)           =         2.040797           1.079943
	 R(7,9)           =         2.583753           1.367263
	 R(9,10)          =         2.672502           1.414227
	 R(9,22)          =         2.047605           1.083546
	 R(10,11)         =         2.567382           1.358600
	 R(10,16)         =         2.669777           1.412785
	 R(11,12)         =         2.470408           1.307284
	 R(12,13)         =         2.565771           1.357748
	 R(12,23)         =         2.051930           1.085835
	 R(13,14)         =         2.472014           1.308133
	 R(14,15)         =         2.058768           1.089453
	 R(14,16)         =         2.673559           1.414786
	 R(16,17)         =         2.663475           1.409451
	 R(17,24)         =         2.054221           1.087047
	 B(1,2,3)         =         2.101485         120.406194
	 B(1,2,20)        =         2.109218         120.849300
	 B(2,1,18)        =         2.094157         119.986351
	 B(2,1,19)        =         2.121385         121.546425
	 B(2,3,4)         =         2.143385         122.806923
	 B(2,3,5)         =         1.971794         112.975464
	 B(3,2,20)        =         2.072483         118.744506
	 B(3,5,6)         =         2.257248         129.330806
	 B(3,5,21)        =         2.021324         115.813360
	 B(4,3,5)         =         2.168006         124.217612
	 B(5,6,7)         =         2.134291         122.285839
	 B(5,6,17)        =         2.059796         118.017606
	 B(6,5,21)        =         2.004612         114.855835
	 B(6,7,8)         =         2.070050         118.605106
	 B(6,7,9)         =         2.101981         120.434644
	 B(6,17,16)       =         2.097996         120.206334
	 B(6,17,24)       =         2.107192         120.733236
	 B(7,6,17)        =         2.089099         119.696555
	 B(7,9,10)        =         2.110547         120.925450
	 B(7,9,22)        =         2.109266         120.852032
	 B(8,7,9)         =         2.111155         120.960250
	 B(9,10,11)       =         2.100521         120.350993
	 B(9,10,16)       =         2.066643         118.409922
	 B(10,9,22)       =         2.063372         118.222518
	 B(10,11,12)      =         2.034983         116.595920
	 B(10,16,14)      =         2.019307         115.697780
	 B(10,16,17)      =         2.100104         120.327095
	 B(11,10,16)      =         2.116021         121.239085
	 B(11,12,13)      =         2.222495         127.339569
	 B(11,12,23)      =         2.043800         117.101095
	 B(12,13,14)      =         2.029543         116.284255
	 B(13,12,23)      =         2.016891         115.559336
	 B(13,14,15)      =         2.045204         117.181583
	 B(13,14,16)      =         2.144022         122.843392
	 B(14,16,17)      =         2.163774         123.975125
	 B(15,14,16)      =         2.093959         119.975025
	 B(16,17,24)      =         2.077997         119.060430
	 B(18,1,19)       =         2.067643         118.467224
	 D(1,2,3,4)       =        -0.000049          -0.002808
	 D(1,2,3,5)       =        -3.141471        -179.993013
	 D(2,3,5,6)       =         3.141593         180.000000
	 D(2,3,5,21)      =        -0.000029          -0.001669
	 D(3,2,1,18)      =         0.000000           0.000000
	 D(3,2,1,19)      =        -3.141541        -179.997049
	 D(3,5,6,7)       =         0.000054           0.003114
	 D(3,5,6,17)      =         3.141629         180.002056
	 D(4,3,2,20)      =         3.141574         179.998949
	 D(4,3,5,6)       =         0.000182           0.010435
	 D(4,3,5,21)      =         3.141737         180.008286
	 D(5,3,2,20)      =         0.000153           0.008744
	 D(5,6,7,8)       =        -0.000060          -0.003460
	 D(5,6,7,9)       =         3.141555         179.997855
	 D(5,6,17,16)     =         3.141665         180.004173
	 D(5,6,17,24)     =        -0.000015          -0.000869
	 D(6,7,9,10)      =        -0.000000          -0.000000
	 D(6,7,9,22)      =         3.141545         179.997272
	 D(6,17,16,10)    =        -0.000064          -0.003654
	 D(6,17,16,14)    =         3.141496         179.994485
	 D(7,6,5,21)      =         3.141684         180.005246
	 D(7,6,17,16)     =         0.000055           0.003142
	 D(7,6,17,24)     =         3.141559         179.998100
	 D(7,9,10,11)     =         3.141578         179.999174
	 D(7,9,10,16)     =         0.000000           0.000000
	 D(8,7,6,17)      =         3.141551         179.997616
	 D(8,7,9,10)      =         3.141607         180.000810
	 D(8,7,9,22)      =        -0.000024          -0.001382
	 D(9,7,6,17)      =        -0.000019          -0.001069
	 D(9,10,11,12)    =         3.141573         179.998890
	 D(9,10,16,14)    =         3.141658         180.003740
	 D(9,10,16,17)    =         0.000035           0.002028
	 D(10,11,12,13)   =        -0.000030          -0.001729
	 D(10,11,12,23)   =         3.141626         180.001904
	 D(10,16,14,13)   =        -0.000070          -0.003990
	 D(10,16,14,15)   =         3.141542         179.997081
	 D(10,16,17,24)   =         3.141615         180.001304
	 D(11,10,9,22)    =         0.000023           0.001310
	 D(11,10,16,14)   =         0.000081           0.004618
	 D(11,10,16,17)   =         3.141643         180.002905
	 D(11,12,13,14)   =         0.000042           0.002390
	 D(12,11,10,16)   =        -0.000035          -0.002004
	 D(12,13,14,15)   =         3.141593         180.000000
	 D(12,13,14,16)   =         0.000000           0.000000
	 D(13,14,16,17)   =         3.141554         179.997792
	 D(14,13,12,23)   =         3.141572         179.998805
	 D(14,16,17,24)   =        -0.000000          -0.000000
	 D(15,14,16,17)   =        -0.000020          -0.001137
	 D(16,10,9,22)    =         3.141631         180.002180
	 D(17,6,5,21)     =         0.000073           0.004187
	 D(18,1,2,20)     =         3.141570         179.998690
	 D(19,1,2,20)     =         0.000020           0.001157


	        --- Internal Coordinate Step in ANG or DEG, aJ/ANG or AJ/DEG ---
	-------------------------------------------------------------------------------
	           Coordinate      Previous         Force          Change          New 
	           ----------      --------        ------          ------        ------
	               H(4,8)       2.17068        0.00113        0.00287       2.17354
	               R(1,2)       1.32667        0.00192        0.00024       1.32691
	              R(1,18)       1.08545       -0.00317       -0.00060       1.08485
	              R(1,19)       1.08372       -0.00185       -0.00033       1.08340
	               R(2,3)       1.49430        0.00119        0.00022       1.49452
	              R(2,20)       1.08730       -0.00199       -0.00036       1.08694
	               R(3,4)       1.21338       -0.00346       -0.00026       1.21311
	               R(3,5)       1.37723       -0.00281       -0.00040       1.37682
	               R(5,6)       1.40498        0.00008        0.00016       1.40514
	              R(5,21)       1.00732        0.00054        0.00008       1.00740
	               R(6,7)       1.42332       -0.00082        0.00000       1.42332
	              R(6,17)       1.37564       -0.00030       -0.00016       1.37548
	               R(7,8)       1.07994       -0.00137       -0.00031       1.07963
	               R(7,9)       1.36726       -0.00053       -0.00014       1.36712
	              R(9,10)       1.41423       -0.00085       -0.00013       1.41409
	              R(9,22)       1.08355       -0.00158       -0.00027       1.08328
	             R(10,11)       1.35860        0.00721        0.00113       1.35973
	             R(10,16)       1.41279       -0.00527       -0.00126       1.41152
	             R(11,12)       1.30728       -0.00914       -0.00099       1.30629
	             R(12,13)       1.35775        0.00542        0.00097       1.35871
	             R(12,23)       1.08583       -0.00050       -0.00013       1.08570
	             R(13,14)       1.30813       -0.00363       -0.00047       1.30766
	             R(14,15)       1.08945       -0.00109       -0.00019       1.08926
	             R(14,16)       1.41479        0.00245        0.00046       1.41525
	             R(16,17)       1.40945        0.00137        0.00028       1.40973
	             R(17,24)       1.08705       -0.00199       -0.00039       1.08666
	             B(1,2,3)     120.40619        0.00001        0.01532     120.42152
	            B(1,2,20)     120.84930       -0.00001       -0.04688     120.80242
	            B(2,1,18)     119.98635       -0.00000       -0.01284     119.97351
	            B(2,1,19)     121.54642       -0.00000       -0.04643     121.49999
	             B(2,3,4)     122.80692       -0.00000       -0.02944     122.77748
	             B(2,3,5)     112.97546        0.00001        0.02338     112.99885
	            B(3,2,20)     118.74451        0.00000        0.03156     118.77607
	             B(3,5,6)     129.33081        0.00001        0.05873     129.38953
	            B(3,5,21)     115.81336       -0.00000       -0.01768     115.79568
	             B(4,3,5)     124.21761       -0.00001        0.00605     124.22366
	             B(5,6,7)     122.28584       -0.00001       -0.01849     122.26734
	            B(5,6,17)     118.01761        0.00001        0.00575     118.02336
	            B(6,5,21)     114.85583       -0.00001       -0.04105     114.81478
	             B(6,7,8)     118.60511        0.00001        0.06573     118.67083
	             B(6,7,9)     120.43464       -0.00000       -0.01796     120.41669
	           B(6,17,16)     120.20633       -0.00001       -0.02096     120.18537
	           B(6,17,24)     120.73324        0.00001        0.05212     120.78535
	            B(7,6,17)     119.69655       -0.00000        0.01275     119.70930
	            B(7,9,10)     120.92545       -0.00001       -0.01715     120.90830
	            B(7,9,22)     120.85203        0.00000        0.00222     120.85425
	             B(8,7,9)     120.96025       -0.00001       -0.04777     120.91248
	           B(9,10,11)     120.35099       -0.00001       -0.02839     120.32260
	           B(9,10,16)     118.40992        0.00001        0.04666     118.45659
	           B(10,9,22)     118.22252        0.00000        0.01492     118.23744
	          B(10,11,12)     116.59592        0.00001        0.02555     116.62147
	          B(10,16,14)     115.69778        0.00000        0.02240     115.72018
	          B(10,16,17)     120.32710       -0.00000       -0.00334     120.32375
	          B(11,10,16)     121.23908       -0.00001       -0.01827     121.22081
	          B(11,12,13)     127.33957       -0.00001       -0.02774     127.31183
	          B(11,12,23)     117.10110        0.00002        0.08139     117.18248
	          B(12,13,14)     116.28425        0.00001       -0.00243     116.28183
	          B(13,12,23)     115.55934       -0.00000       -0.05365     115.50569
	          B(13,14,15)     117.18158        0.00000        0.02474     117.20632
	          B(13,14,16)     122.84339       -0.00000        0.00049     122.84388
	          B(14,16,17)     123.97513        0.00000       -0.01905     123.95607
	          B(15,14,16)     119.97503       -0.00000       -0.02523     119.94980
	          B(16,17,24)     119.06043       -0.00000       -0.03115     119.02928
	           B(18,1,19)     118.46722        0.00001        0.05928     118.52650
	           D(1,2,3,4)      -0.00281        0.00000        0.02779       0.02499
	           D(1,2,3,5)    -179.99301       -0.00000       -0.02000    -180.01301
	           D(2,3,5,6)     180.00000        0.00000        0.01891     180.01891
	          D(2,3,5,21)      -0.00167        0.00000        0.01972       0.01805
	          D(3,2,1,18)       0.00000       -0.00000       -0.00148      -0.00148
	          D(3,2,1,19)    -179.99705       -0.00000       -0.00664    -180.00369
	           D(3,5,6,7)       0.00311       -0.00000       -0.00031       0.00281
	          D(3,5,6,17)     180.00206        0.00000        0.00275     180.00481
	          D(4,3,2,20)     179.99895        0.00000        0.02351     180.02245
	           D(4,3,5,6)       0.01043       -0.00000       -0.03017      -0.01973
	          D(4,3,5,21)     180.00829       -0.00000       -0.02888     179.97941
	          D(5,3,2,20)       0.00874       -0.00000       -0.02429      -0.01555
	           D(5,6,7,8)      -0.00346        0.00000        0.00522       0.00177
	           D(5,6,7,9)     179.99785        0.00000        0.00367     180.00153
	         D(5,6,17,16)     180.00417       -0.00000       -0.00721     179.99696
	         D(5,6,17,24)      -0.00087        0.00000        0.00087      -0.00000
	          D(6,7,9,10)      -0.00000        0.00000        0.00153       0.00153
	          D(6,7,9,22)     179.99727        0.00000        0.00385     180.00112
	        D(6,17,16,10)      -0.00365        0.00000        0.00532       0.00167
	        D(6,17,16,14)     179.99449        0.00000        0.00796     180.00244
	          D(7,6,5,21)     180.00525       -0.00000       -0.00158     180.00366
	         D(7,6,17,16)       0.00314       -0.00000       -0.00424      -0.00109
	         D(7,6,17,24)     179.99810        0.00000        0.00363     180.00173
	         D(7,9,10,11)     179.99917        0.00000        0.00083     180.00000
	         D(7,9,10,16)       0.00000       -0.00000       -0.00095      -0.00095
	          D(8,7,6,17)     179.99762        0.00000        0.00238     180.00000
	          D(8,7,9,10)     180.00081        0.00000        0.00048     180.00129
	          D(8,7,9,22)      -0.00138        0.00000        0.00226       0.00088
	          D(9,7,6,17)      -0.00107        0.00000        0.00107      -0.00000
	        D(9,10,11,12)     179.99889        0.00000        0.00111     180.00000
	        D(9,10,16,14)     180.00374       -0.00000       -0.00511     179.99863
	        D(9,10,16,17)       0.00203       -0.00000       -0.00203      -0.00000
	       D(10,11,12,13)      -0.00173        0.00000        0.00345       0.00172
	       D(10,11,12,23)     180.00190       -0.00000       -0.00675     179.99516
	       D(10,16,14,13)      -0.00399        0.00000        0.00649       0.00250
	       D(10,16,14,15)     179.99708        0.00000        0.00292     180.00000
	       D(10,16,17,24)     180.00130       -0.00000       -0.00241     179.99890
	        D(11,10,9,22)       0.00131       -0.00000       -0.00131       0.00000
	       D(11,10,16,14)       0.00462       -0.00000       -0.00675      -0.00213
	       D(11,10,16,17)     180.00291       -0.00000       -0.00432     179.99859
	       D(11,12,13,14)       0.00239       -0.00000       -0.00380      -0.00141
	       D(12,11,10,16)      -0.00200        0.00000        0.00200       0.00000
	       D(12,13,14,15)     180.00000        0.00000        0.00213     180.00213
	       D(12,13,14,16)       0.00000       -0.00000       -0.00087      -0.00087
	       D(13,14,16,17)     179.99779        0.00000        0.00396     180.00175
	       D(14,13,12,23)     179.99881        0.00000        0.00626     180.00506
	       D(14,16,17,24)      -0.00000       -0.00000        0.00000      -0.00000
	       D(15,14,16,17)      -0.00114        0.00000       -0.00019      -0.00133
	        D(16,10,9,22)     180.00218       -0.00000       -0.00218     180.00000
	         D(17,6,5,21)       0.00419        0.00000        0.00147       0.00566
	         D(18,1,2,20)     179.99869        0.00000        0.00241     180.00110
	         D(19,1,2,20)       0.00116       -0.00000       -0.00226      -0.00111
	-------------------------------------------------------------------------------

	                                 ==> Convergence Check <==                                  
    
	Measures of convergence in internal coordinates in au.
    
	Criteria marked as inactive (o), active & met (*), and active & unmet ( ).

	----------------------------------------------------------------------------------------------
	   Step    Total Energy     Delta E     Max Force     RMS Force      Max Disp      RMS Disp   
	----------------------------------------------------------------------------------------------
	  Convergence Criteria     1.00e-06 *    3.00e-04 *             o    1.20e-03 *             o
	----------------------------------------------------------------------------------------------
	     3    -664.00367341   -6.63e-05      1.11e-03      1.94e-04 o    5.42e-03      7.69e-04 o  ~
	----------------------------------------------------------------------------------------------

Next Geometry in Ang 
	Fragment 1 (Ang)

	    C   5.1177813217   0.4518470992  -0.5123667232
	    C   3.8545427437   0.7016241687  -0.8325494592
	    C   2.7398495600   0.0601836088  -0.0712404104
	    O   2.9293461677  -0.7010567939   0.8540981767
	    N   1.4944814621   0.4255972059  -0.5307764879
	    C   0.2249433702   0.0338578032  -0.0733581304
	    C   0.0541220027  -0.8667393324   1.0154864757
	    H   0.9323336868  -1.2605785676   1.5046130306
	    C  -1.1993404794  -1.2224381710   1.4294067150
	    C  -2.3495527506  -0.7065589906   0.7886721770
	    N  -3.5906263519  -1.0683945338   1.2101906175
	    C  -4.6018923909  -0.5488389115   0.5669122486
	    N  -4.5554800356   0.3158103895  -0.4801470714
	    C  -3.3639434487   0.6666224248  -0.8889934227
	    H  -3.3091764059   1.3594716674  -1.7277130260
	    C  -2.1748066903   0.1861813821  -0.2906185385
	    C  -0.8792373037   0.5485368982  -0.7119781091
	    H   5.3462834901  -0.2217688425   0.3067286448
	    H   5.9392779068   0.9071180153  -1.0523853477
	    H   3.6102521979   1.3742429020  -1.6506857558
	    H   1.4846482412   1.0668038092  -1.3077018148
	    H  -1.3375601775  -1.9072631103   2.2572926513
	    H  -5.5971440003  -0.8316548113   0.8959056940
	    H  -0.7691021160   1.2373946909  -1.5451480962


    Structure for next step:
    Molecular point group: c1
    Full point group: C1

    Geometry (in Angstrom), charge = 0, multiplicity = 1:

    C            5.117781321725     0.451847099173    -0.512366723245
    C            3.854542743685     0.701624168682    -0.832549459206
    C            2.739849559955     0.060183608753    -0.071240410422
    O            2.929346167652    -0.701056793913     0.854098176664
    N            1.494481462078     0.425597205907    -0.530776487947
    C            0.224943370248     0.033857803208    -0.073358130393
    C            0.054122002745    -0.866739332403     1.015486475658
    H            0.932333686824    -1.260578567643     1.504613030624
    C           -1.199340479429    -1.222438171029     1.429406714950
    C           -2.349552750638    -0.706558990612     0.788672176972
    N           -3.590626351949    -1.068394533814     1.210190617460
    C           -4.601892390901    -0.548838911520     0.566912248564
    N           -4.555480035623     0.315810389468    -0.480147071449
    C           -3.363943448699     0.666622424843    -0.888993422747
    H           -3.309176405925     1.359471667404    -1.727713025990
    C           -2.174806690285     0.186181382111    -0.290618538471
    C           -0.879237303729     0.548536898159    -0.711978109075
    H            5.346283490097    -0.221768842547     0.306728644833
    H            5.939277906785     0.907118015287    -1.052385347700
    H            3.610252197940     1.374242902009    -1.650685755781
    H            1.484648241239     1.066803809195    -1.307701814815
    H           -1.337560177520    -1.907263110316     2.257292651318
    H           -5.597144000262    -0.831654811338     0.895905693970
    H           -0.769102116013     1.237394690939    -1.545148096195


Scratch directory: /tmp/
gradient() will perform analytic gradient computation.
   => Libint2 <=

    Primary   basis highest AM E, G, H:  7, 6, 3
    Auxiliary basis highest AM E, G, H:  7, 7, 4
    Onebody   basis highest AM E, G, H:  -, -, -
    Solid Harmonics ordering:            Gaussian

*** tstart() called on eristm01.eisai.local
*** at Wed May 20 10:19:14 2026

   => Loading Basis Set <=

    Name: 6-311+G(D,P)
    Role: ORBITAL
    Keyword: BASIS
    atoms 1-3, 6-7, 9-10, 12, 14, 16-17 entry C          line   129 file /home2/shbae/bucket/covalent/.pixi/envs/default/share/psi4/basis/6-311pg_d_p_.gbs 
    atoms 4                             entry O          line   171 file /home2/shbae/bucket/covalent/.pixi/envs/default/share/psi4/basis/6-311pg_d_p_.gbs 
    atoms 5, 11, 13                     entry N          line   150 file /home2/shbae/bucket/covalent/.pixi/envs/default/share/psi4/basis/6-311pg_d_p_.gbs 
    atoms 8, 15, 18-24                  entry H          line    42 file /home2/shbae/bucket/covalent/.pixi/envs/default/share/psi4/basis/6-311pg_d_p_.gbs 

   => WB97X-D: Empirical Dispersion <=

    Chai and Head-Gordon Dispersion Correction
    Chai, J.-D.; Head-Gordon, M. (2010), J. Chem. Phys., 132: 6615-6620

        s6 =       1.000000


         ---------------------------------------------------------
                                   SCF
               by Justin Turney, Rob Parrish, Andy Simmonett
                          and Daniel G. A. Smith
                              RKS Reference
                        8 Threads,   7629 MiB Core
         ---------------------------------------------------------

  ==> Geometry <==

    Molecular point group: c1
    Full point group: C1

    Geometry (in Angstrom), charge = 0, multiplicity = 1:

       Center              X                  Y                   Z               Mass       
    ------------   -----------------  -----------------  -----------------  -----------------
         C            5.117781321725     0.451847099173    -0.512366723245    12.000000000000
         C            3.854542743685     0.701624168682    -0.832549459206    12.000000000000
         C            2.739849559955     0.060183608753    -0.071240410422    12.000000000000
         O            2.929346167652    -0.701056793913     0.854098176664    15.994914619570
         N            1.494481462078     0.425597205907    -0.530776487947    14.003074004430
         C            0.224943370248     0.033857803208    -0.073358130393    12.000000000000
         C            0.054122002745    -0.866739332403     1.015486475658    12.000000000000
         H            0.932333686824    -1.260578567643     1.504613030624     1.007825032230
         C           -1.199340479429    -1.222438171029     1.429406714950    12.000000000000
         C           -2.349552750638    -0.706558990612     0.788672176972    12.000000000000
         N           -3.590626351949    -1.068394533814     1.210190617460    14.003074004430
         C           -4.601892390901    -0.548838911520     0.566912248564    12.000000000000
         N           -4.555480035623     0.315810389468    -0.480147071449    14.003074004430
         C           -3.363943448699     0.666622424843    -0.888993422747    12.000000000000
         H           -3.309176405925     1.359471667404    -1.727713025990     1.007825032230
         C           -2.174806690285     0.186181382111    -0.290618538471    12.000000000000
         C           -0.879237303729     0.548536898159    -0.711978109075    12.000000000000
         H            5.346283490097    -0.221768842547     0.306728644833     1.007825032230
         H            5.939277906785     0.907118015287    -1.052385347700     1.007825032230
         H            3.610252197940     1.374242902009    -1.650685755781     1.007825032230
         H            1.484648241239     1.066803809195    -1.307701814815     1.007825032230
         H           -1.337560177520    -1.907263110316     2.257292651318     1.007825032230
         H           -5.597144000262    -0.831654811338     0.895905693970     1.007825032230
         H           -0.769102116013     1.237394690939    -1.545148096195     1.007825032230

  Running in c1 symmetry.

  Rotational constants: A =      0.07812  B =      0.00886  C =      0.00796 [cm^-1]
  Rotational constants: A =   2342.01041  B =    265.59624  C =    238.56615 [MHz]
  Nuclear repulsion =  877.227931796282405

  Charge       = 0
  Multiplicity = 1
  Electrons    = 104
  Nalpha       = 52
  Nbeta        = 52

  ==> Algorithm <==

  SCF Algorithm Type is DF.
  DIIS enabled.
  MOM disabled.
  Fractional occupation disabled.
  Guess Type is READ.
  Energy threshold   = 1.00e-08
  Density threshold  = 1.00e-08
  Integral threshold = 1.00e-12

  ==> Primary Basis <==

  Basis Set: 6-311+G(D,P)
    Blend: 6-311+G(D,P)
    Number of shells: 186
    Number of basis functions: 384
    Number of Cartesian functions: 399
    Spherical Harmonics?: true
    Max angular momentum: 2

  ==> DFT Potential <==

   => LibXC <=

    Version 7.0.0
    S. Lehtola, C. Steigemann, M. J.T. Oliveira, and M. A.L. Marques.,  SoftwareX 7, 1–5 (2018) (10.1016/j.softx.2017.11.002)

   => Composite Functional: WB97X-D <= 

    wB97X-D Hyb-GGA Exchange-Correlation Functional

    J.-D. Chai and M. Head-Gordon.,  Phys. Chem. Chem. Phys. 10, 6615-6620 (2008) (10.1039/B810189B)

    Deriv               =              1
    GGA                 =           TRUE
    Meta                =          FALSE

    Exchange Hybrid     =           TRUE
    MP2 Hybrid          =          FALSE

   => Exchange-Correlation Functionals <=

    1.0000   wB97X-D range-separated functional

   => Exact (HF) Exchange <=

    0.7780            HF,LR [omega = 0.2000]
    0.2220               HF 

   => LibXC Density Thresholds  <==

    XC_HYB_GGA_XC_WB97X_D:  1.00E-14 

   => Molecular Quadrature <=

    Radial Scheme          =       TREUTLER
    Pruning Scheme         =           NONE
    Nuclear Scheme         =       TREUTLER

    Blocking Scheme        =         OCTREE
    BS radius alpha        =              1
    Pruning alpha          =              1
    Radial Points          =             75
    Spherical Points       =            302
    Total Points           =         503796
    Total Blocks           =           3714
    Max Points             =            256
    Max Functions          =            298
    Weights Tolerance      =       1.00E-15

   => Loading Basis Set <=

    Name: (6-311+G(D,P) AUX)
    Role: JKFIT
    Keyword: DF_BASIS_SCF
    atoms 1-3, 6-7, 9-10, 12, 14, 16-17 entry C          line   200 file /home2/shbae/bucket/covalent/.pixi/envs/default/share/psi4/basis/heavy-aug-cc-pvtz-jkfit.gbs 
    atoms 4                             entry O          line   324 file /home2/shbae/bucket/covalent/.pixi/envs/default/share/psi4/basis/heavy-aug-cc-pvtz-jkfit.gbs 
    atoms 5, 11, 13                     entry N          line   262 file /home2/shbae/bucket/covalent/.pixi/envs/default/share/psi4/basis/heavy-aug-cc-pvtz-jkfit.gbs 
    atoms 8, 15, 18-24                  entry H          line   116 file /home2/shbae/bucket/covalent/.pixi/envs/default/share/psi4/basis/heavy-aug-cc-pvtz-jkfit.gbs 

   => Loading Basis Set <=

    Name: 6-311+G(D,P)
    Role: ORBITAL
    Keyword: BASIS
    atoms 1-3, 6-7, 9-10, 12, 14, 16-17 entry C          line   129 file /home2/shbae/bucket/covalent/.pixi/envs/default/share/psi4/basis/6-311pg_d_p_.gbs 
    atoms 4                             entry O          line   171 file /home2/shbae/bucket/covalent/.pixi/envs/default/share/psi4/basis/6-311pg_d_p_.gbs 
    atoms 5, 11, 13                     entry N          line   150 file /home2/shbae/bucket/covalent/.pixi/envs/default/share/psi4/basis/6-311pg_d_p_.gbs 
    atoms 8, 15, 18-24                  entry H          line    42 file /home2/shbae/bucket/covalent/.pixi/envs/default/share/psi4/basis/6-311pg_d_p_.gbs 

  Reading orbitals from file /tmp/4_reactant.default.2248151.180.npy, no projection.

  ==> Integral Setup <==

  DFHelper Memory: AOs need 4.964 GiB; user supplied 4.964 GiB. 
  SCF_SUBTYPE=INCORE selected. In-core MEM_DF algorithm will be used.
  Using in-core AOs.

  ==> MemDFJK: Density-Fitted J/K Matrices <==

    J tasked:                   Yes
    K tasked:                   Yes
    wK tasked:                  Yes
    Omega:                2.000E-01
    OpenMP threads:               8
    Memory [MiB]:              5083
    Algorithm:                 Core
    Schwarz Cutoff:           1E-12
    Mask sparsity (%):      18.7432
    Fitting Condition:        1E-10

   => Auxiliary Basis Set <=

  Basis Set: (6-311+G(D,P) AUX)
    Blend: HEAVY-AUG-CC-PVTZ-JKFIT
    Number of shells: 540
    Number of basis functions: 1830
    Number of Cartesian functions: 2280
    Spherical Harmonics?: true
    Max angular momentum: 4

  Cached 16.7% of DFT collocation blocks in 0.529 [GiB].

  Minimum eigenvalue in the overlap matrix is 4.9209510399E-07.
  Reciprocal condition number of the overlap matrix is 3.4081403328E-08.
    Using symmetric orthogonalization.

  ==> Pre-Iterations <==

  SCF Guess: Orbitals guess was supplied from a previous computation.

   -------------------------------------------------------
    Irrep   Nso     Nmo     Nalpha   Nbeta   Ndocc  Nsocc
   -------------------------------------------------------
     A        384     384      52      52      52       0
   -------------------------------------------------------
    Total     384     384      52      52      52       0
   -------------------------------------------------------

  ==> Iterations <==

                           Total Energy        Delta E     RMS |[F,P]|

   @DF-RKS iter   0:  -664.00430106087208   -6.64004e+02   2.34067e-05 
   @DF-RKS iter   1:  -664.00367863397662    6.22427e-04   3.14635e-06 DIIS
   @DF-RKS iter   2:  -664.00367906569579   -4.31719e-07   3.08158e-06 DIIS
   @DF-RKS iter   3:  -664.00367964843440   -5.82739e-07   7.11513e-07 DIIS
   @DF-RKS iter   4:  -664.00367969898389   -5.05495e-08   2.60591e-07 DIIS
   @DF-RKS iter   5:  -664.00367971356673   -1.45828e-08   1.75664e-07 DIIS
   @DF-RKS iter   6:  -664.00367971856804   -5.00131e-09   5.78774e-08 DIIS
   @DF-RKS iter   7:  -664.00367971939181   -8.23775e-10   3.23469e-08 DIIS
   @DF-RKS iter   8:  -664.00367971961634   -2.24532e-10   9.14321e-09 DIIS
  Energy and wave function converged.


  ==> Post-Iterations <==

   Electrons on quadrature grid:
      Ntotal   =  104.0000892468 ; deviation = 8.925e-05 

    Orbital Energies [Eh]
    ---------------------

    Doubly Occupied:                                                      

       1A    -19.235157     2A    -14.496955     3A    -14.444624  
       4A    -14.441995     5A    -10.416720     6A    -10.364668  
       7A    -10.355267     8A    -10.350775     9A    -10.342842  
      10A    -10.321573    11A    -10.317756    12A    -10.316803  
      13A    -10.313872    14A    -10.308991    15A    -10.305940  
      16A     -1.171297    17A     -1.100733    18A     -1.072032  
      19A     -1.006381    20A     -0.973375    21A     -0.912212  
      22A     -0.889248    23A     -0.871102    24A     -0.789705  
      25A     -0.774877    26A     -0.738570    27A     -0.728180  
      28A     -0.686502    29A     -0.656276    30A     -0.649281  
      31A     -0.626261    32A     -0.609904    33A     -0.577549  
      34A     -0.554040    35A     -0.552189    36A     -0.544884  
      37A     -0.536867    38A     -0.533716    39A     -0.532494  
      40A     -0.519478    41A     -0.494707    42A     -0.480456  
      43A     -0.474296    44A     -0.461808    45A     -0.427226  
      46A     -0.403223    47A     -0.394198    48A     -0.381647  
      49A     -0.365782    50A     -0.350188    51A     -0.342453  
      52A     -0.310217  

    Virtual:                                                              

      53A     -0.016849    54A      0.001708    55A      0.036934  
      56A      0.038109    57A      0.057974    58A      0.062705  
      59A      0.071042    60A      0.077713    61A      0.085035  
      62A      0.093556    63A      0.093670    64A      0.097771  
      65A      0.104041    66A      0.107358    67A      0.117625  
      68A      0.118537    69A      0.122742    70A      0.125547  
      71A      0.130664    72A      0.132228    73A      0.145351  
      74A      0.149588    75A      0.157779    76A      0.159778  
      77A      0.166511    78A      0.168167    79A      0.172343  
      80A      0.180878    81A      0.186106    82A      0.188045  
      83A      0.193678    84A      0.197853    85A      0.199027  
      86A      0.209306    87A      0.218179    88A      0.222274  
      89A      0.229944    90A      0.231311    91A      0.233446  
      92A      0.235730    93A      0.239818    94A      0.249461  
      95A      0.257526    96A      0.257601    97A      0.260048  
      98A      0.264448    99A      0.267712   100A      0.269680  
     101A      0.272804   102A      0.279802   103A      0.284478  
     104A      0.289905   105A      0.290695   106A      0.291868  
     107A      0.299097   108A      0.302815   109A      0.306349  
     110A      0.309234   111A      0.312794   112A      0.316477  
     113A      0.319230   114A      0.329116   115A      0.334642  
     116A      0.344443   117A      0.348088   118A      0.351261  
     119A      0.356921   120A      0.363204   121A      0.368974  
     122A      0.371018   123A      0.375175   124A      0.382106  
     125A      0.389212   126A      0.396292   127A      0.398679  
     128A      0.402968   129A      0.409448   130A      0.414296  
     131A      0.430298   132A      0.440944   133A      0.444853  
     134A      0.460077   135A      0.469574   136A      0.476736  
     137A      0.491802   138A      0.517893   139A      0.535615  
     140A      0.550798   141A      0.566038   142A      0.580773  
     143A      0.588670   144A      0.602318   145A      0.606152  
     146A      0.607331   147A      0.614905   148A      0.617772  
     149A      0.620354   150A      0.626331   151A      0.650734  
     152A      0.654421   153A      0.661818   154A      0.676346  
     155A      0.676912   156A      0.681579   157A      0.684617  
     158A      0.690666   159A      0.711185   160A      0.715234  
     161A      0.720677   162A      0.733671   163A      0.736554  
     164A      0.748331   165A      0.758147   166A      0.760210  
     167A      0.783441   168A      0.786256   169A      0.786821  
     170A      0.806233   171A      0.809583   172A      0.840643  
     173A      0.844624   174A      0.852276   175A      0.860920  
     176A      0.864344   177A      0.883322   178A      0.887966  
     179A      0.898363   180A      0.922690   181A      0.940780  
     182A      0.945856   183A      0.948286   184A      0.953525  
     185A      0.962552   186A      0.972535   187A      0.978834  
     188A      0.986762   189A      0.989401   190A      0.990829  
     191A      1.008666   192A      1.027564   193A      1.036593  
     194A      1.043082   195A      1.054962   196A      1.057114  
     197A      1.069410   198A      1.071925   199A      1.073237  
     200A      1.086935   201A      1.105241   202A      1.128791  
     203A      1.132973   204A      1.139745   205A      1.145189  
     206A      1.146562   207A      1.155690   208A      1.173683  
     209A      1.191322   210A      1.204594   211A      1.217124  
     212A      1.221488   213A      1.233158   214A      1.234113  
     215A      1.284391   216A      1.307120   217A      1.320720  
     218A      1.344290   219A      1.355559   220A      1.371782  
     221A      1.394966   222A      1.456401   223A      1.458718  
     224A      1.472545   225A      1.513468   226A      1.528022  
     227A      1.548563   228A      1.580953   229A      1.587115  
     230A      1.595574   231A      1.599300   232A      1.605954  
     233A      1.613055   234A      1.623444   235A      1.642388  
     236A      1.646961   237A      1.655020   238A      1.660629  
     239A      1.696466   240A      1.710614   241A      1.718750  
     242A      1.719026   243A      1.755571   244A      1.780137  
     245A      1.802286   246A      1.811889   247A      1.818101  
     248A      1.825524   249A      1.828166   250A      1.851912  
     251A      1.864014   252A      1.868772   253A      1.877860  
     254A      1.885704   255A      1.918402   256A      1.946037  
     257A      1.953179   258A      1.971620   259A      1.976666  
     260A      1.995389   261A      2.023648   262A      2.027750  
     263A      2.037436   264A      2.059322   265A      2.075769  
     266A      2.105400   267A      2.121335   268A      2.139956  
     269A      2.142449   270A      2.150127   271A      2.178617  
     272A      2.204555   273A      2.213482   274A      2.217725  
     275A      2.233151   276A      2.241373   277A      2.289302  
     278A      2.324496   279A      2.326502   280A      2.327439  
     281A      2.363162   282A      2.390071   283A      2.393117  
     284A      2.424672   285A      2.443629   286A      2.481696  
     287A      2.481726   288A      2.514529   289A      2.522406  
     290A      2.540291   291A      2.557330   292A      2.559471  
     293A      2.663515   294A      2.665488   295A      2.677983  
     296A      2.715492   297A      2.732576   298A      2.760357  
     299A      2.763675   300A      2.772480   301A      2.779443  
     302A      2.786997   303A      2.789601   304A      2.794199  
     305A      2.828279   306A      2.836488   307A      2.857970  
     308A      2.868072   309A      2.869793   310A      2.884634  
     311A      2.899547   312A      2.918199   313A      2.939763  
     314A      2.952144   315A      2.954478   316A      2.964091  
     317A      2.990678   318A      2.996112   319A      3.013573  
     320A      3.030890   321A      3.034248   322A      3.036303  
     323A      3.042524   324A      3.059281   325A      3.072584  
     326A      3.094785   327A      3.115158   328A      3.172773  
     329A      3.191422   330A      3.271314   331A      3.309876  
     332A      3.345802   333A      3.411640   334A      3.432923  
     335A      3.452747   336A      3.463706   337A      3.504129  
     338A      3.547986   339A      3.599390   340A      3.616805  
     341A      3.646697   342A      3.680835   343A      3.708060  
     344A      3.722724   345A      3.753816   346A      3.793884  
     347A      3.835452   348A      3.852046   349A      3.966640  
     350A      3.974529   351A      4.004211   352A      4.011774  
     353A      4.036358   354A      4.056566   355A      4.088396  
     356A      4.176699   357A      4.267358   358A      4.370115  
     359A      4.400948   360A      4.521703   361A      4.599763  
     362A      4.932636   363A      4.949895   364A      5.067715  
     365A      5.164119   366A      5.216850   367A      5.397737  
     368A      5.414886   369A      5.919045   370A     23.748659  
     371A     23.874168   372A     23.991734   373A     24.028743  
     374A     24.045859   375A     24.089681   376A     24.121515  
     377A     24.159289   378A     24.240600   379A     24.318478  
     380A     24.382713   381A     35.751167   382A     35.774975  
     383A     35.820509   384A     50.175553  

    Final Occupation by Irrep:
              A 
    DOCC [    52 ]
    NA   [    52 ]
    NB   [    52 ]

  @DF-RKS Final Energy:  -664.00367971961634

   => Energetics <=

    Nuclear Repulsion Energy =            877.2279317962824052
    One-Electron Energy =               -2639.3688915309107870
    Two-Electron Energy =                1162.0267347000001337
    DFT Exchange-Correlation Energy =     -63.8767829614227836
    Empirical Dispersion Energy =          -0.0126717235655208
    VV10 Nonlocal Energy =                  0.0000000000000000
    Total Energy =                       -664.0036797196164571

Computation Completed


Properties will be evaluated at   0.000000,   0.000000,   0.000000 [a0]

Properties computed using the SCF density matrix


 Multipole Moments:

 ------------------------------------------------------------------------------------
     Multipole            Electronic (a.u.)      Nuclear  (a.u.)        Total (a.u.)
 ------------------------------------------------------------------------------------

 L = 1.  Multiply by 2.5417464519 to convert [e a0] to [Debye]
 Dipole X            :         62.2818998          -61.0230298            1.2588700
 Dipole Y            :         20.6052995          -19.5547523            1.0505471
 Dipole Z            :        -17.1763216           15.9205604           -1.2557612
 Magnitude           :                                                    2.0652698

 ------------------------------------------------------------------------------------

*** tstop() called on eristm01.eisai.local at Wed May 20 10:19:36 2026
Module time:
	user time   =     159.07 seconds =       2.65 minutes
	system time =       4.42 seconds =       0.07 minutes
	total time  =         22 seconds =       0.37 minutes
Total time:
	user time   =   44917.75 seconds =     748.63 minutes
	system time =    1573.10 seconds =      26.22 minutes
	total time  =       6442 seconds =     107.37 minutes

*** tstart() called on eristm01.eisai.local
*** at Wed May 20 10:19:36 2026


         ------------------------------------------------------------
                                   SCF GRAD                          
                          Rob Parrish, Justin Turney,                
                       Andy Simmonett, and Alex Sokolov              
         ------------------------------------------------------------

  ==> Geometry <==

    Molecular point group: c1
    Full point group: C1

    Geometry (in Angstrom), charge = 0, multiplicity = 1:

       Center              X                  Y                   Z               Mass       
    ------------   -----------------  -----------------  -----------------  -----------------
         C            5.117781321725     0.451847099173    -0.512366723245    12.000000000000
         C            3.854542743685     0.701624168682    -0.832549459206    12.000000000000
         C            2.739849559955     0.060183608753    -0.071240410422    12.000000000000
         O            2.929346167652    -0.701056793913     0.854098176664    15.994914619570
         N            1.494481462078     0.425597205907    -0.530776487947    14.003074004430
         C            0.224943370248     0.033857803208    -0.073358130393    12.000000000000
         C            0.054122002745    -0.866739332403     1.015486475658    12.000000000000
         H            0.932333686824    -1.260578567643     1.504613030624     1.007825032230
         C           -1.199340479429    -1.222438171029     1.429406714950    12.000000000000
         C           -2.349552750638    -0.706558990612     0.788672176972    12.000000000000
         N           -3.590626351949    -1.068394533814     1.210190617460    14.003074004430
         C           -4.601892390901    -0.548838911520     0.566912248564    12.000000000000
         N           -4.555480035623     0.315810389468    -0.480147071449    14.003074004430
         C           -3.363943448699     0.666622424843    -0.888993422747    12.000000000000
         H           -3.309176405925     1.359471667404    -1.727713025990     1.007825032230
         C           -2.174806690285     0.186181382111    -0.290618538471    12.000000000000
         C           -0.879237303729     0.548536898159    -0.711978109075    12.000000000000
         H            5.346283490097    -0.221768842547     0.306728644833     1.007825032230
         H            5.939277906785     0.907118015287    -1.052385347700     1.007825032230
         H            3.610252197940     1.374242902009    -1.650685755781     1.007825032230
         H            1.484648241239     1.066803809195    -1.307701814815     1.007825032230
         H           -1.337560177520    -1.907263110316     2.257292651318     1.007825032230
         H           -5.597144000262    -0.831654811338     0.895905693970     1.007825032230
         H           -0.769102116013     1.237394690939    -1.545148096195     1.007825032230

  Nuclear repulsion =  877.227931796282405

  ==> Basis Set <==

  Basis Set: 6-311+G(D,P)
    Blend: 6-311+G(D,P)
    Number of shells: 186
    Number of basis functions: 384
    Number of Cartesian functions: 399
    Spherical Harmonics?: true
    Max angular momentum: 2

  ==> DFJKGrad: Density-Fitted SCF Gradients <==

    Gradient:                    1
    J tasked:                  Yes
    K tasked:                  Yes
    wK tasked:                 Yes
    Omega:               2.000E-01
    OpenMP threads:              8
    Integrals threads:           8
    Memory [MiB]:             5722
    Schwarz Cutoff:          1E-12
    Fitting Condition:       1E-10

   => Auxiliary Basis Set <=

  Basis Set: (6-311+G(D,P) AUX)
    Blend: HEAVY-AUG-CC-PVTZ-JKFIT
    Number of shells: 540
    Number of basis functions: 1830
    Number of Cartesian functions: 2280
    Spherical Harmonics?: true
    Max angular momentum: 4

  ==> DFT Potential <==

   => LibXC <=

    Version 7.0.0
    S. Lehtola, C. Steigemann, M. J.T. Oliveira, and M. A.L. Marques.,  SoftwareX 7, 1–5 (2018) (10.1016/j.softx.2017.11.002)

   => Composite Functional: WB97X-D <= 

    wB97X-D Hyb-GGA Exchange-Correlation Functional

    J.-D. Chai and M. Head-Gordon.,  Phys. Chem. Chem. Phys. 10, 6615-6620 (2008) (10.1039/B810189B)

    Deriv               =              1
    GGA                 =           TRUE
    Meta                =          FALSE

    Exchange Hybrid     =           TRUE
    MP2 Hybrid          =          FALSE

   => Exchange-Correlation Functionals <=

    1.0000   wB97X-D range-separated functional

   => Exact (HF) Exchange <=

    0.7780            HF,LR [omega = 0.2000]
    0.2220               HF 

   => LibXC Density Thresholds  <==

    XC_HYB_GGA_XC_WB97X_D:  1.00E-14 

   => Molecular Quadrature <=

    Radial Scheme          =       TREUTLER
    Pruning Scheme         =           NONE
    Nuclear Scheme         =       TREUTLER

    Blocking Scheme        =         OCTREE
    BS radius alpha        =              1
    Pruning alpha          =              1
    Radial Points          =             75
    Spherical Points       =            302
    Total Points           =         503796
    Total Blocks           =           3714
    Max Points             =            256
    Max Functions          =            298
    Weights Tolerance      =       1.00E-15


  -Total Gradient:
     Atom            X                  Y                   Z
    ------   -----------------  -----------------  -----------------
       1       -0.000002284547    -0.000016338780     0.000024861203
       2       -0.000068523286     0.000055762378    -0.000020828797
       3        0.000003700666    -0.000128676738     0.000003708122
       4       -0.000035180937     0.000059222011    -0.000011396846
       5       -0.000018520643     0.000122442409    -0.000119225137
       6       -0.000140126466     0.000065440646    -0.000071282195
       7       -0.000104882342    -0.000165536182     0.000197567589
       8        0.000055473098     0.000047831531    -0.000057955257
       9        0.000211955356     0.000091801895    -0.000105546884
      10       -0.000369875661    -0.000006715428    -0.000002098621
      11        0.000540949713    -0.000181673773     0.000226033384
      12       -0.000351869512     0.000437841217    -0.000517615696
      13       -0.000305376251    -0.000250983550     0.000299450663
      14        0.000472180801    -0.000018615871     0.000018319079
      15       -0.000036151703    -0.000006779651     0.000010835975
      16       -0.000161668098     0.000028904164    -0.000038204456
      17        0.000077363764    -0.000011604088     0.000017918450
      18       -0.000001867020     0.000037643968    -0.000044796989
      19       -0.000018208690     0.000031053729    -0.000043817372
      20       -0.000001164574     0.000014301705    -0.000015715400
      21        0.000006635818     0.000004685498     0.000000642531
      22        0.000030165492    -0.000006794917     0.000009310389
      23        0.000048363729    -0.000041870436     0.000043200705
      24       -0.000011405770    -0.000002797853     0.000002818034


*** tstop() called on eristm01.eisai.local at Wed May 20 10:19:48 2026
Module time:
	user time   =      87.80 seconds =       1.46 minutes
	system time =       1.11 seconds =       0.02 minutes
	total time  =         12 seconds =       0.20 minutes
Total time:
	user time   =   45005.57 seconds =     750.09 minutes
	system time =    1574.21 seconds =      26.24 minutes
	total time  =       6454 seconds =     107.57 minutes

    			-----------------------------------------

    			 OPTKING 3.0: for geometry optimizations 

    			     By R.A. King, Bethel University     

    			        with contributions from          

    			    A.V. Copan, J. Cayton, A. Heide      

    			-----------------------------------------

    
	                            ===> Fragment 1 <== 

	 Z (Atomic Numbers)          Masses                          Geom                  
	       6.000000            12.000000          9.67120507  0.85386727 -0.96823278   
	       6.000000            12.000000          7.28403012  1.32587752 -1.57329046   
	       6.000000            12.000000          5.17756529  0.11373054 -0.13462486   
	       8.000000            15.994915          5.53566198 -1.32480534  1.61401164   
	       7.000000            14.003074          2.82416066  0.80426216 -1.00302220   
	       6.000000            12.000000          0.42508136  0.06398198 -0.13862678   
	       6.000000            12.000000          0.10227576 -1.63789996  1.91899132   
	       1.000000             1.007825          1.76185533 -2.38214825  2.84330655   
	       6.000000            12.000000         -2.26642504 -2.31007335  2.70118721   
	       6.000000            12.000000         -4.44001122 -1.33520298  1.49037442   
	       7.000000            14.003074         -6.78530042 -2.01897306  2.28692883   
	       6.000000            12.000000         -8.69631628 -1.03715523  1.07130889   
	       7.000000            14.003074         -8.60860964  0.59679514 -0.90734646   
	       6.000000            12.000000         -6.35693182  1.25973381 -1.67995410   
	       1.000000             1.007825         -6.25343711  2.56902913 -3.26490444   
	       6.000000            12.000000         -4.10978902  0.35183182 -0.54918944   
	       6.000000            12.000000         -1.66151770  1.03658451 -1.34544363   
	       1.000000             1.007825         10.10301159 -0.41908238  0.57963313   
	       1.000000             1.007825         11.22360863  1.71420461 -1.98872009   
	       1.000000             1.007825          6.82238790  2.59694271 -3.11934400   
	       1.000000             1.007825          2.80557857  2.01596703 -2.47119828   
	       1.000000             1.007825         -2.52762241 -3.60420493  4.26566490   
	       1.000000             1.007825        -10.57706925  -1.57159982   1.69301640 
	       1.000000             1.007825         -1.45339236  2.33833707 -2.91990673   

	 - Coordinate -           - BOHR/RAD -       - ANG/DEG -
	 H(4,8)           =         4.107403           2.173544
	 R(1,2)           =         2.507487           1.326905
	 R(1,18)          =         2.050060           1.084845
	 R(1,19)          =         2.047323           1.083397
	 R(2,3)           =         2.824226           1.494516
	 R(2,20)          =         2.054021           1.086941
	 R(3,4)           =         2.292455           1.213115
	 R(3,5)           =         2.601819           1.376823
	 R(5,6)           =         2.655330           1.405140
	 R(5,21)          =         1.903711           1.007400
	 R(6,7)           =         2.689684           1.423319
	 R(6,17)          =         2.599280           1.375480
	 R(7,8)           =         2.040213           1.079634
	 R(7,9)           =         2.583484           1.367121
	 R(9,10)          =         2.672249           1.414093
	 R(9,22)          =         2.047093           1.083275
	 R(10,11)         =         2.569518           1.359730
	 R(10,16)         =         2.667387           1.411520
	 R(11,12)         =         2.468538           1.306294
	 R(12,13)         =         2.567599           1.358715
	 R(12,23)         =         2.051678           1.085701
	 R(13,14)         =         2.471126           1.307664
	 R(14,15)         =         2.058405           1.089261
	 R(14,16)         =         2.674428           1.415246
	 R(16,17)         =         2.664008           1.409732
	 R(17,24)         =         2.053487           1.086659
	 B(1,2,3)         =         2.101752         120.421517
	 B(1,2,20)        =         2.108400         120.802416
	 B(2,1,18)        =         2.093933         119.973507
	 B(2,1,19)        =         2.120575         121.499993
	 B(2,3,4)         =         2.142871         122.777481
	 B(2,3,5)         =         1.972202         112.998847
	 B(3,2,20)        =         2.073033         118.776067
	 B(3,5,6)         =         2.258273         129.389531
	 B(3,5,21)        =         2.021016         115.795684
	 B(4,3,5)         =         2.168112         124.223660
	 B(5,6,7)         =         2.133968         122.267344
	 B(5,6,17)        =         2.059896         118.023355
	 B(6,5,21)        =         2.003896         114.814785
	 B(6,7,8)         =         2.071197         118.670834
	 B(6,7,9)         =         2.101668         120.416686
	 B(6,17,16)       =         2.097630         120.185371
	 B(6,17,24)       =         2.108102         120.785353
	 B(7,6,17)        =         2.089321         119.709301
	 B(7,9,10)        =         2.110248         120.908304
	 B(7,9,22)        =         2.109305         120.854253
	 B(8,7,9)         =         2.110321         120.912480
	 B(9,10,11)       =         2.100026         120.322599
	 B(9,10,16)       =         2.067457         118.456587
	 B(10,9,22)       =         2.063633         118.237442
	 B(10,11,12)      =         2.035429         116.621472
	 B(10,16,14)      =         2.019698         115.720178
	 B(10,16,17)      =         2.100046         120.323751
	 B(11,10,16)      =         2.115702         121.220813
	 B(11,12,13)      =         2.222011         127.311831
	 B(11,12,23)      =         2.045220         117.182482
	 B(12,13,14)      =         2.029501         116.281826
	 B(13,12,23)      =         2.015955         115.505687
	 B(13,14,15)      =         2.045636         117.206323
	 B(13,14,16)      =         2.144030         122.843880
	 B(14,16,17)      =         2.163442         123.956071
	 B(15,14,16)      =         2.093519         119.949797
	 B(16,17,24)      =         2.077453         119.029276
	 B(18,1,19)       =         2.068678         118.526500
	 D(1,2,3,4)       =         0.000436           0.024987
	 D(1,2,3,5)       =        -3.141820        -180.013015
	 D(2,3,5,6)       =         3.141923         180.018908
	 D(2,3,5,21)      =         0.000315           0.018049
	 D(3,2,1,18)      =        -0.000026          -0.001481
	 D(3,2,1,19)      =        -3.141657        -180.003691
	 D(3,5,6,7)       =         0.000049           0.002809
	 D(3,5,6,17)      =         3.141677         180.004807
	 D(4,3,2,20)      =         3.141985         180.022454
	 D(4,3,5,6)       =        -0.000344          -0.019734
	 D(4,3,5,21)      =         3.141233         179.979407
	 D(5,3,2,20)      =        -0.000271          -0.015547
	 D(5,6,7,8)       =         0.000031           0.001765
	 D(5,6,7,9)       =         3.141619         180.001529
	 D(5,6,17,16)     =         3.141540         179.996961
	 D(5,6,17,24)     =        -0.000000          -0.000000
	 D(6,7,9,10)      =         0.000027           0.001532
	 D(6,7,9,22)      =         3.141612         180.001120
	 D(6,17,16,10)    =         0.000029           0.001667
	 D(6,17,16,14)    =         3.141635         180.002445
	 D(7,6,5,21)      =         3.141657         180.003661
	 D(7,6,17,16)     =        -0.000019          -0.001094
	 D(7,6,17,24)     =         3.141623         180.001726
	 D(7,9,10,11)     =         3.141593         180.000000
	 D(7,9,10,16)     =        -0.000017          -0.000947
	 D(8,7,6,17)      =         3.141593         180.000000
	 D(8,7,9,10)      =         3.141615         180.001290
	 D(8,7,9,22)      =         0.000015           0.000879
	 D(9,7,6,17)      =        -0.000000          -0.000000
	 D(9,10,11,12)    =         3.141593         180.000000
	 D(9,10,16,14)    =         3.141569         179.998635
	 D(9,10,16,17)    =        -0.000000          -0.000000
	 D(10,11,12,13)   =         0.000030           0.001722
	 D(10,11,12,23)   =         3.141508         179.995156
	 D(10,16,14,13)   =         0.000044           0.002497
	 D(10,16,14,15)   =         3.141593         180.000000
	 D(10,16,17,24)   =         3.141573         179.998897
	 D(11,10,9,22)    =         0.000000           0.000000
	 D(11,10,16,14)   =        -0.000037          -0.002129
	 D(11,10,16,17)   =         3.141568         179.998586
	 D(11,12,13,14)   =        -0.000025          -0.001408
	 D(12,11,10,16)   =         0.000000           0.000000
	 D(12,13,14,15)   =         3.141630         180.002130
	 D(12,13,14,16)   =        -0.000015          -0.000872
	 D(13,14,16,17)   =         3.141623         180.001752
	 D(14,13,12,23)   =         3.141681         180.005064
	 D(14,16,17,24)   =        -0.000000          -0.000000
	 D(15,14,16,17)   =        -0.000023          -0.001329
	 D(16,10,9,22)    =         3.141593         180.000000
	 D(17,6,5,21)     =         0.000099           0.005659
	 D(18,1,2,20)     =         3.141612         180.001103
	 D(19,1,2,20)     =        -0.000019          -0.001107


	        --- Internal Coordinate Step in ANG or DEG, aJ/ANG or AJ/DEG ---
	-------------------------------------------------------------------------------
	           Coordinate      Previous         Force          Change          New 
	           ----------      --------        ------          ------        ------
	               H(4,8)       2.17354        0.00053        0.00172       2.17527
	               R(1,2)       1.32691       -0.00013        0.00002       1.32692
	              R(1,18)       1.08485        0.00018       -0.00005       1.08480
	              R(1,19)       1.08340       -0.00005       -0.00006       1.08334
	               R(2,3)       1.49452        0.00025        0.00007       1.49459
	              R(2,20)       1.08694        0.00008       -0.00003       1.08691
	               R(3,4)       1.21311        0.00035       -0.00001       1.21310
	               R(3,5)       1.37682       -0.00028       -0.00010       1.37672
	               R(5,6)       1.40514       -0.00038       -0.00002       1.40512
	              R(5,21)       1.00740        0.00012        0.00004       1.00744
	               R(6,7)       1.42332       -0.00075       -0.00012       1.42320
	              R(6,17)       1.37548        0.00095        0.00011       1.37559
	               R(7,8)       1.07963        0.00020       -0.00001       1.07962
	               R(7,9)       1.36712        0.00138        0.00018       1.36730
	              R(9,10)       1.41409       -0.00085       -0.00018       1.41392
	              R(9,22)       1.08328       -0.00010       -0.00006       1.08322
	             R(10,11)       1.35973        0.00186        0.00046       1.36019
	             R(10,16)       1.41152        0.00021       -0.00018       1.41134
	             R(11,12)       1.30629       -0.00377       -0.00062       1.30568
	             R(12,13)       1.35871        0.00256        0.00053       1.35925
	             R(12,23)       1.08570        0.00023        0.00002       1.08573
	             R(13,14)       1.30766       -0.00231       -0.00037       1.30729
	             R(14,15)       1.08926        0.00007       -0.00001       1.08925
	             R(14,16)       1.41525        0.00175        0.00041       1.41566
	             R(16,17)       1.40973       -0.00003        0.00004       1.40977
	             R(17,24)       1.08666        0.00008       -0.00004       1.08662
	             B(1,2,3)     120.42152        0.00000        0.00497     120.42648
	            B(1,2,20)     120.80242        0.00000       -0.00303     120.79939
	            B(2,1,18)     119.97351       -0.00000       -0.01037     119.96314
	            B(2,1,19)     121.49999        0.00000        0.00042     121.50041
	             B(2,3,4)     122.77748        0.00000       -0.00149     122.77599
	             B(2,3,5)     112.99885        0.00000        0.00507     113.00392
	            B(3,2,20)     118.77607       -0.00000       -0.00194     118.77413
	             B(3,5,6)     129.38953        0.00001        0.03777     129.42730
	            B(3,5,21)     115.79568       -0.00000       -0.00788     115.78780
	             B(4,3,5)     124.22366       -0.00000       -0.00388     124.21978
	             B(5,6,7)     122.26734        0.00000        0.00442     122.27176
	            B(5,6,17)     118.02336        0.00000       -0.00023     118.02312
	            B(6,5,21)     114.81478       -0.00000       -0.02988     114.78490
	             B(6,7,8)     118.67083        0.00000        0.01976     118.69059
	             B(6,7,9)     120.41669        0.00000        0.01007     120.42676
	           B(6,17,16)     120.18537       -0.00000       -0.00354     120.18183
	           B(6,17,24)     120.78535        0.00000        0.01156     120.79691
	            B(7,6,17)     119.70930       -0.00000       -0.00419     119.70511
	            B(7,9,10)     120.90830       -0.00000       -0.02055     120.88775
	            B(7,9,22)     120.85425        0.00000        0.01970     120.87395
	             B(8,7,9)     120.91248       -0.00000       -0.02983     120.88265
	           B(9,10,11)     120.32260       -0.00000       -0.01023     120.31237
	           B(9,10,16)     118.45659        0.00000        0.02401     118.48060
	           B(10,9,22)     118.23744        0.00000        0.00085     118.23829
	          B(10,11,12)     116.62147        0.00000        0.01706     116.63854
	          B(10,16,14)     115.72018       -0.00000        0.00242     115.72259
	          B(10,16,17)     120.32375       -0.00000       -0.00580     120.31795
	          B(11,10,16)     121.22081       -0.00000       -0.01378     121.20703
	          B(11,12,13)     127.31183       -0.00000       -0.00906     127.30277
	          B(11,12,23)     117.18248        0.00001        0.04379     117.22628
	          B(12,13,14)     116.28183        0.00000        0.00885     116.29067
	          B(13,12,23)     115.50569       -0.00000       -0.03474     115.47095
	          B(13,14,15)     117.20632        0.00000        0.01516     117.22148
	          B(13,14,16)     122.84388       -0.00000       -0.00549     122.83839
	          B(14,16,17)     123.95607        0.00000        0.00338     123.95945
	          B(15,14,16)     119.94980       -0.00000       -0.00967     119.94012
	          B(16,17,24)     119.02928       -0.00000       -0.00801     119.02126
	           B(18,1,19)     118.52650       -0.00000        0.00995     118.53645
	           D(1,2,3,4)       0.02499       -0.00000       -0.12410      -0.09911
	           D(1,2,3,5)    -180.01301        0.00000        0.10849    -179.90453
	           D(2,3,5,6)     180.01891       -0.00000       -0.12964     179.88927
	          D(2,3,5,21)       0.01805       -0.00000       -0.11155      -0.09350
	          D(3,2,1,18)      -0.00148        0.00000        0.00332       0.00183
	          D(3,2,1,19)    -180.00369        0.00000        0.01091    -179.99278
	           D(3,5,6,7)       0.00281        0.00000        0.00822       0.01103
	          D(3,5,6,17)     180.00481        0.00000        0.00516     180.00997
	          D(4,3,2,20)     180.02245       -0.00000       -0.11873     179.90372
	           D(4,3,5,6)      -0.01973        0.00000        0.10686       0.08713
	          D(4,3,5,21)     179.97941        0.00000        0.12495     180.10436
	          D(5,3,2,20)      -0.01555        0.00000        0.11385       0.09831
	           D(5,6,7,8)       0.00177       -0.00000       -0.00177       0.00000
	           D(5,6,7,9)     180.00153       -0.00000       -0.00005     180.00148
	         D(5,6,17,16)     179.99696        0.00000        0.00304     180.00000
	         D(5,6,17,24)      -0.00000        0.00000        0.00112       0.00112
	          D(6,7,9,10)       0.00153       -0.00000       -0.00363      -0.00210
	          D(6,7,9,22)     180.00112       -0.00000       -0.00218     179.99894
	        D(6,17,16,10)       0.00167       -0.00000       -0.00257      -0.00090
	        D(6,17,16,14)     180.00244       -0.00000       -0.00092     180.00153
	          D(7,6,5,21)     180.00366       -0.00000       -0.00972     179.99394
	         D(7,6,17,16)      -0.00109        0.00000        0.00005      -0.00104
	         D(7,6,17,24)     180.00173       -0.00000       -0.00173     180.00000
	         D(7,9,10,11)     180.00000       -0.00000       -0.00154     179.99846
	         D(7,9,10,16)      -0.00095        0.00000        0.00095       0.00000
	          D(8,7,6,17)     180.00000        0.00000        0.00181     180.00181
	          D(8,7,9,10)     180.00129       -0.00000       -0.00262     179.99867
	          D(8,7,9,22)       0.00088       -0.00000       -0.00088      -0.00000
	          D(9,7,6,17)      -0.00000        0.00000        0.00256       0.00256
	        D(9,10,11,12)     180.00000        0.00000        0.00465     180.00465
	        D(9,10,16,14)     179.99863        0.00000        0.00049     179.99913
	        D(9,10,16,17)      -0.00000        0.00000        0.00136       0.00136
	       D(10,11,12,13)       0.00172       -0.00000       -0.00750      -0.00578
	       D(10,11,12,23)     179.99516        0.00000        0.01434     180.00949
	       D(10,16,14,13)       0.00250       -0.00000       -0.00494      -0.00245
	       D(10,16,14,15)     180.00000        0.00000        0.00356     180.00356
	       D(10,16,17,24)     179.99890       -0.00000       -0.00090     179.99799
	        D(11,10,9,22)       0.00000       -0.00000       -0.00255      -0.00255
	       D(11,10,16,14)      -0.00213        0.00000        0.00296       0.00083
	       D(11,10,16,17)     179.99859        0.00000        0.00448     180.00306
	       D(11,12,13,14)      -0.00141        0.00000        0.00566       0.00426
	       D(12,11,10,16)       0.00000        0.00000        0.00291       0.00291
	       D(12,13,14,15)     180.00213       -0.00000       -0.00776     179.99436
	       D(12,13,14,16)      -0.00087        0.00000        0.00087       0.00000
	       D(13,14,16,17)     180.00175       -0.00000       -0.00652     179.99523
	       D(14,13,12,23)     180.00506       -0.00000       -0.01585     179.98922
	       D(14,16,17,24)      -0.00000        0.00000        0.00000       0.00000
	       D(15,14,16,17)      -0.00133        0.00000        0.00256       0.00123
	        D(16,10,9,22)     180.00000        0.00000       -0.00086     179.99914
	         D(17,6,5,21)       0.00566       -0.00000       -0.01278      -0.00712
	         D(18,1,2,20)     180.00110       -0.00000       -0.00216     179.99894
	         D(19,1,2,20)      -0.00111        0.00000        0.00543       0.00432
	-------------------------------------------------------------------------------

	                                 ==> Convergence Check <==                                  
    
	Measures of convergence in internal coordinates in au.
    
	Criteria marked as inactive (o), active & met (*), and active & unmet ( ).

	----------------------------------------------------------------------------------------------
	   Step    Total Energy     Delta E     Max Force     RMS Force      Max Disp      RMS Disp   
	----------------------------------------------------------------------------------------------
	  Convergence Criteria     1.00e-06 *    3.00e-04 *             o    1.20e-03 *             o
	----------------------------------------------------------------------------------------------
	     4    -664.00367972   -6.31e-06      4.57e-04      7.26e-05 o    3.25e-03      6.73e-04 o  ~
	----------------------------------------------------------------------------------------------

Next Geometry in Ang 
	Fragment 1 (Ang)

	    C   5.1181211348   0.4508627447  -0.5142115563
	    C   3.8546676945   0.7018518732  -0.8326658885
	    C   2.7402605016   0.0619524115  -0.0694976072
	    O   2.9302342326  -0.7007978890   0.8544813391
	    N   1.4947239549   0.4266158823  -0.5288665030
	    C   0.2250866791   0.0344830454  -0.0721258152
	    C   0.0538798261  -0.8661704396   1.0164543571
	    H   0.9316818367  -1.2600472461   1.5062562102
	    C  -1.1998021181  -1.2223853025   1.4298661525
	    C  -2.3494805712  -0.7065922412   0.7884983155
	    N  -3.5911294299  -1.0688961184   1.2094098699
	    C  -4.6019203547  -0.5499827940   0.5661200194
	    N  -4.5552898974   0.3152103540  -0.4811686006
	    C  -3.3641025583   0.6665049681  -0.8894258376
	    H  -3.3090549649   1.3594141016  -1.7280634823
	    C  -2.1746915440   0.1862323815  -0.2904813665
	    C  -0.8790081470   0.5489975546  -0.7112723730
	    H   5.3468969610  -0.2226863269   0.3047980604
	    H   5.9392737087   0.9051354676  -1.0554741133
	    H   3.6099641527   1.3744406840  -1.6506637365
	    H   1.4845744532   1.0677809673  -1.3058679680
	    H  -1.3384986046  -1.9072895231   2.2575298952
	    H  -5.5975188948  -0.8326008400   0.8943146905
	    H  -0.7688680510   1.2379662852  -1.5443000244


    Structure for next step:
    Molecular point group: c1
    Full point group: C1

    Geometry (in Angstrom), charge = 0, multiplicity = 1:

    C            5.118121134799     0.450862744721    -0.514211556333
    C            3.854667694528     0.701851873174    -0.832665888469
    C            2.740260501644     0.061952411471    -0.069497607159
    O            2.930234232623    -0.700797888981     0.854481339131
    N            1.494723954902     0.426615882250    -0.528866503034
    C            0.225086679109     0.034483045354    -0.072125815158
    C            0.053879826144    -0.866170439569     1.016454357102
    H            0.931681836652    -1.260047246140     1.506256210171
    C           -1.199802118148    -1.222385302472     1.429866152478
    C           -2.349480571204    -0.706592241170     0.788498315493
    N           -3.591129429940    -1.068896118388     1.209409869893
    C           -4.601920354658    -0.549982794011     0.566120019424
    N           -4.555289897371     0.315210353998    -0.481168600577
    C           -3.364102558257     0.666504968122    -0.889425837559
    H           -3.309054964857     1.359414101606    -1.728063482257
    C           -2.174691543986     0.186232381463    -0.290481366535
    C           -0.879008147021     0.548997554562    -0.711272373002
    H            5.346896961000    -0.222686326942     0.304798060398
    H            5.939273708665     0.905135467553    -1.055474113308
    H            3.609964152671     1.374440684020    -1.650663736476
    H            1.484574453205     1.067780967313    -1.305867967956
    H           -1.338498604625    -1.907289523113     2.257529895221
    H           -5.597518894833    -0.832600839997     0.894314690514
    H           -0.768868051042     1.237966285175    -1.544300024426


Scratch directory: /tmp/
gradient() will perform analytic gradient computation.
   => Libint2 <=

    Primary   basis highest AM E, G, H:  7, 6, 3
    Auxiliary basis highest AM E, G, H:  7, 7, 4
    Onebody   basis highest AM E, G, H:  -, -, -
    Solid Harmonics ordering:            Gaussian

*** tstart() called on eristm01.eisai.local
*** at Wed May 20 10:19:49 2026

   => Loading Basis Set <=

    Name: 6-311+G(D,P)
    Role: ORBITAL
    Keyword: BASIS
    atoms 1-3, 6-7, 9-10, 12, 14, 16-17 entry C          line   129 file /home2/shbae/bucket/covalent/.pixi/envs/default/share/psi4/basis/6-311pg_d_p_.gbs 
    atoms 4                             entry O          line   171 file /home2/shbae/bucket/covalent/.pixi/envs/default/share/psi4/basis/6-311pg_d_p_.gbs 
    atoms 5, 11, 13                     entry N          line   150 file /home2/shbae/bucket/covalent/.pixi/envs/default/share/psi4/basis/6-311pg_d_p_.gbs 
    atoms 8, 15, 18-24                  entry H          line    42 file /home2/shbae/bucket/covalent/.pixi/envs/default/share/psi4/basis/6-311pg_d_p_.gbs 

   => WB97X-D: Empirical Dispersion <=

    Chai and Head-Gordon Dispersion Correction
    Chai, J.-D.; Head-Gordon, M. (2010), J. Chem. Phys., 132: 6615-6620

        s6 =       1.000000


         ---------------------------------------------------------
                                   SCF
               by Justin Turney, Rob Parrish, Andy Simmonett
                          and Daniel G. A. Smith
                              RKS Reference
                        8 Threads,   7629 MiB Core
         ---------------------------------------------------------

  ==> Geometry <==

    Molecular point group: c1
    Full point group: C1

    Geometry (in Angstrom), charge = 0, multiplicity = 1:

       Center              X                  Y                   Z               Mass       
    ------------   -----------------  -----------------  -----------------  -----------------
         C            5.118121134799     0.450862744721    -0.514211556333    12.000000000000
         C            3.854667694528     0.701851873174    -0.832665888469    12.000000000000
         C            2.740260501644     0.061952411471    -0.069497607159    12.000000000000
         O            2.930234232623    -0.700797888981     0.854481339131    15.994914619570
         N            1.494723954902     0.426615882250    -0.528866503034    14.003074004430
         C            0.225086679109     0.034483045354    -0.072125815158    12.000000000000
         C            0.053879826144    -0.866170439569     1.016454357102    12.000000000000
         H            0.931681836652    -1.260047246140     1.506256210171     1.007825032230
         C           -1.199802118148    -1.222385302472     1.429866152478    12.000000000000
         C           -2.349480571204    -0.706592241170     0.788498315493    12.000000000000
         N           -3.591129429940    -1.068896118388     1.209409869893    14.003074004430
         C           -4.601920354658    -0.549982794011     0.566120019424    12.000000000000
         N           -4.555289897371     0.315210353998    -0.481168600577    14.003074004430
         C           -3.364102558257     0.666504968122    -0.889425837559    12.000000000000
         H           -3.309054964857     1.359414101606    -1.728063482257     1.007825032230
         C           -2.174691543986     0.186232381463    -0.290481366535    12.000000000000
         C           -0.879008147021     0.548997554562    -0.711272373002    12.000000000000
         H            5.346896961000    -0.222686326942     0.304798060398     1.007825032230
         H            5.939273708665     0.905135467553    -1.055474113308     1.007825032230
         H            3.609964152671     1.374440684020    -1.650663736476     1.007825032230
         H            1.484574453205     1.067780967313    -1.305867967956     1.007825032230
         H           -1.338498604625    -1.907289523113     2.257529895221     1.007825032230
         H           -5.597518894833    -0.832600839997     0.894314690514     1.007825032230
         H           -0.768868051042     1.237966285175    -1.544300024426     1.007825032230

  Running in c1 symmetry.

  Rotational constants: A =      0.07811  B =      0.00886  C =      0.00796 [cm^-1]
  Rotational constants: A =   2341.71333  B =    265.56445  C =    238.53708 [MHz]
  Nuclear repulsion =  877.197159500947009

  Charge       = 0
  Multiplicity = 1
  Electrons    = 104
  Nalpha       = 52
  Nbeta        = 52

  ==> Algorithm <==

  SCF Algorithm Type is DF.
  DIIS enabled.
  MOM disabled.
  Fractional occupation disabled.
  Guess Type is READ.
  Energy threshold   = 1.00e-08
  Density threshold  = 1.00e-08
  Integral threshold = 1.00e-12

  ==> Primary Basis <==

  Basis Set: 6-311+G(D,P)
    Blend: 6-311+G(D,P)
    Number of shells: 186
    Number of basis functions: 384
    Number of Cartesian functions: 399
    Spherical Harmonics?: true
    Max angular momentum: 2

  ==> DFT Potential <==

   => LibXC <=

    Version 7.0.0
    S. Lehtola, C. Steigemann, M. J.T. Oliveira, and M. A.L. Marques.,  SoftwareX 7, 1–5 (2018) (10.1016/j.softx.2017.11.002)

   => Composite Functional: WB97X-D <= 

    wB97X-D Hyb-GGA Exchange-Correlation Functional

    J.-D. Chai and M. Head-Gordon.,  Phys. Chem. Chem. Phys. 10, 6615-6620 (2008) (10.1039/B810189B)

    Deriv               =              1
    GGA                 =           TRUE
    Meta                =          FALSE

    Exchange Hybrid     =           TRUE
    MP2 Hybrid          =          FALSE

   => Exchange-Correlation Functionals <=

    1.0000   wB97X-D range-separated functional

   => Exact (HF) Exchange <=

    0.7780            HF,LR [omega = 0.2000]
    0.2220               HF 

   => LibXC Density Thresholds  <==

    XC_HYB_GGA_XC_WB97X_D:  1.00E-14 

   => Molecular Quadrature <=

    Radial Scheme          =       TREUTLER
    Pruning Scheme         =           NONE
    Nuclear Scheme         =       TREUTLER

    Blocking Scheme        =         OCTREE
    BS radius alpha        =              1
    Pruning alpha          =              1
    Radial Points          =             75
    Spherical Points       =            302
    Total Points           =         503804
    Total Blocks           =           3719
    Max Points             =            256
    Max Functions          =            298
    Weights Tolerance      =       1.00E-15

   => Loading Basis Set <=

    Name: (6-311+G(D,P) AUX)
    Role: JKFIT
    Keyword: DF_BASIS_SCF
    atoms 1-3, 6-7, 9-10, 12, 14, 16-17 entry C          line   200 file /home2/shbae/bucket/covalent/.pixi/envs/default/share/psi4/basis/heavy-aug-cc-pvtz-jkfit.gbs 
    atoms 4                             entry O          line   324 file /home2/shbae/bucket/covalent/.pixi/envs/default/share/psi4/basis/heavy-aug-cc-pvtz-jkfit.gbs 
    atoms 5, 11, 13                     entry N          line   262 file /home2/shbae/bucket/covalent/.pixi/envs/default/share/psi4/basis/heavy-aug-cc-pvtz-jkfit.gbs 
    atoms 8, 15, 18-24                  entry H          line   116 file /home2/shbae/bucket/covalent/.pixi/envs/default/share/psi4/basis/heavy-aug-cc-pvtz-jkfit.gbs 

   => Loading Basis Set <=

    Name: 6-311+G(D,P)
    Role: ORBITAL
    Keyword: BASIS
    atoms 1-3, 6-7, 9-10, 12, 14, 16-17 entry C          line   129 file /home2/shbae/bucket/covalent/.pixi/envs/default/share/psi4/basis/6-311pg_d_p_.gbs 
    atoms 4                             entry O          line   171 file /home2/shbae/bucket/covalent/.pixi/envs/default/share/psi4/basis/6-311pg_d_p_.gbs 
    atoms 5, 11, 13                     entry N          line   150 file /home2/shbae/bucket/covalent/.pixi/envs/default/share/psi4/basis/6-311pg_d_p_.gbs 
    atoms 8, 15, 18-24                  entry H          line    42 file /home2/shbae/bucket/covalent/.pixi/envs/default/share/psi4/basis/6-311pg_d_p_.gbs 

  Reading orbitals from file /tmp/4_reactant.default.2248151.180.npy, no projection.

  ==> Integral Setup <==

  DFHelper Memory: AOs need 4.964 GiB; user supplied 4.964 GiB. 
  SCF_SUBTYPE=INCORE selected. In-core MEM_DF algorithm will be used.
  Using in-core AOs.

  ==> MemDFJK: Density-Fitted J/K Matrices <==

    J tasked:                   Yes
    K tasked:                   Yes
    wK tasked:                  Yes
    Omega:                2.000E-01
    OpenMP threads:               8
    Memory [MiB]:              5083
    Algorithm:                 Core
    Schwarz Cutoff:           1E-12
    Mask sparsity (%):      18.7432
    Fitting Condition:        1E-10

   => Auxiliary Basis Set <=

  Basis Set: (6-311+G(D,P) AUX)
    Blend: HEAVY-AUG-CC-PVTZ-JKFIT
    Number of shells: 540
    Number of basis functions: 1830
    Number of Cartesian functions: 2280
    Spherical Harmonics?: true
    Max angular momentum: 4

  Cached 16.7% of DFT collocation blocks in 0.546 [GiB].

  Minimum eigenvalue in the overlap matrix is 4.9210323015E-07.
  Reciprocal condition number of the overlap matrix is 3.4083269332E-08.
    Using symmetric orthogonalization.

  ==> Pre-Iterations <==

  SCF Guess: Orbitals guess was supplied from a previous computation.

   -------------------------------------------------------
    Irrep   Nso     Nmo     Nalpha   Nbeta   Ndocc  Nsocc
   -------------------------------------------------------
     A        384     384      52      52      52       0
   -------------------------------------------------------
    Total     384     384      52      52      52       0
   -------------------------------------------------------

  ==> Iterations <==

                           Total Energy        Delta E     RMS |[F,P]|

   @DF-RKS iter   0:  -664.00294711848494   -6.64003e+02   1.88434e-05 
   @DF-RKS iter   1:  -664.00367940566775   -7.32287e-04   2.64952e-06 DIIS
   @DF-RKS iter   2:  -664.00367995593615   -5.50268e-07   2.43038e-06 DIIS
   @DF-RKS iter   3:  -664.00368032466793   -3.68732e-07   6.91649e-07 DIIS
   @DF-RKS iter   4:  -664.00368036852183   -4.38539e-08   3.28476e-07 DIIS
   @DF-RKS iter   5:  -664.00368038042348   -1.19016e-08   1.35545e-07 DIIS
   @DF-RKS iter   6:  -664.00368038328327   -2.85979e-09   4.53923e-08 DIIS
   @DF-RKS iter   7:  -664.00368038387080   -5.87534e-10   2.29993e-08 DIIS
   @DF-RKS iter   8:  -664.00368038403656   -1.65755e-10   9.55617e-09 DIIS
  Energy and wave function converged.


  ==> Post-Iterations <==

   Electrons on quadrature grid:
      Ntotal   =  104.0000895831 ; deviation = 8.958e-05 

    Orbital Energies [Eh]
    ---------------------

    Doubly Occupied:                                                      

       1A    -19.235127     2A    -14.496947     3A    -14.444610  
       4A    -14.441995     5A    -10.416701     6A    -10.364694  
       7A    -10.355266     8A    -10.350801     9A    -10.342829  
      10A    -10.321603    11A    -10.317750    12A    -10.316844  
      13A    -10.313851    14A    -10.309013    15A    -10.305964  
      16A     -1.171278    17A     -1.100740    18A     -1.072038  
      19A     -1.006383    20A     -0.973408    21A     -0.912197  
      22A     -0.889203    23A     -0.871147    24A     -0.789694  
      25A     -0.774875    26A     -0.738576    27A     -0.728175  
      28A     -0.686511    29A     -0.656268    30A     -0.649292  
      31A     -0.626241    32A     -0.609892    33A     -0.577568  
      34A     -0.554064    35A     -0.552184    36A     -0.544846  
      37A     -0.536900    38A     -0.533714    39A     -0.532510  
      40A     -0.519485    41A     -0.494704    42A     -0.480451  
      43A     -0.474303    44A     -0.461850    45A     -0.427225  
      46A     -0.403250    47A     -0.394188    48A     -0.381629  
      49A     -0.365768    50A     -0.350166    51A     -0.342429  
      52A     -0.310265  

    Virtual:                                                              

      53A     -0.016804    54A      0.001703    55A      0.036947  
      56A      0.038113    57A      0.057940    58A      0.062709  
      59A      0.071041    60A      0.077708    61A      0.085033  
      62A      0.093544    63A      0.093662    64A      0.097769  
      65A      0.104037    66A      0.107355    67A      0.117637  
      68A      0.118535    69A      0.122733    70A      0.125543  
      71A      0.130666    72A      0.132218    73A      0.145339  
      74A      0.149584    75A      0.157775    76A      0.159769  
      77A      0.166511    78A      0.168168    79A      0.172339  
      80A      0.180867    81A      0.186101    82A      0.188046  
      83A      0.193669    84A      0.197845    85A      0.199013  
      86A      0.209279    87A      0.218161    88A      0.222252  
      89A      0.229950    90A      0.231310    91A      0.233445  
      92A      0.235728    93A      0.239811    94A      0.249459  
      95A      0.257491    96A      0.257615    97A      0.260044  
      98A      0.264414    99A      0.267729   100A      0.269676  
     101A      0.272786   102A      0.279816   103A      0.284476  
     104A      0.289878   105A      0.290683   106A      0.291857  
     107A      0.299101   108A      0.302795   109A      0.306287  
     110A      0.309229   111A      0.312798   112A      0.316468  
     113A      0.319182   114A      0.329104   115A      0.334524  
     116A      0.344444   117A      0.348066   118A      0.351232  
     119A      0.356904   120A      0.363188   121A      0.368960  
     122A      0.371020   123A      0.375157   124A      0.382074  
     125A      0.389174   126A      0.396218   127A      0.398647  
     128A      0.402937   129A      0.409417   130A      0.414414  
     131A      0.430233   132A      0.440856   133A      0.444814  
     134A      0.460127   135A      0.469497   136A      0.476770  
     137A      0.491862   138A      0.517831   139A      0.535608  
     140A      0.550766   141A      0.566051   142A      0.580732  
     143A      0.588667   144A      0.602324   145A      0.606149  
     146A      0.607346   147A      0.614916   148A      0.617775  
     149A      0.620304   150A      0.626298   151A      0.650747  
     152A      0.654431   153A      0.661825   154A      0.676350  
     155A      0.676947   156A      0.681577   157A      0.684601  
     158A      0.690668   159A      0.711193   160A      0.715203  
     161A      0.720678   162A      0.733649   163A      0.736551  
     164A      0.748321   165A      0.758169   166A      0.760180  
     167A      0.783408   168A      0.786279   169A      0.786802  
     170A      0.806223   171A      0.809514   172A      0.840590  
     173A      0.844561   174A      0.852232   175A      0.860931  
     176A      0.864312   177A      0.883364   178A      0.888004  
     179A      0.898332   180A      0.922630   181A      0.940792  
     182A      0.945839   183A      0.948288   184A      0.953514  
     185A      0.962496   186A      0.972503   187A      0.978801  
     188A      0.986689   189A      0.989438   190A      0.990812  
     191A      1.008666   192A      1.027538   193A      1.036610  
     194A      1.043058   195A      1.054954   196A      1.057102  
     197A      1.069393   198A      1.071895   199A      1.073233  
     200A      1.086995   201A      1.105259   202A      1.128758  
     203A      1.132958   204A      1.139774   205A      1.145178  
     206A      1.146550   207A      1.155684   208A      1.173667  
     209A      1.191315   210A      1.204690   211A      1.217100  
     212A      1.221531   213A      1.233143   214A      1.234159  
     215A      1.284317   216A      1.307159   217A      1.320729  
     218A      1.344369   219A      1.355608   220A      1.371813  
     221A      1.395086   222A      1.456465   223A      1.458658  
     224A      1.472462   225A      1.513417   226A      1.528020  
     227A      1.548516   228A      1.580956   229A      1.587189  
     230A      1.595547   231A      1.599248   232A      1.605943  
     233A      1.612962   234A      1.623387   235A      1.642355  
     236A      1.646966   237A      1.654997   238A      1.660655  
     239A      1.696387   240A      1.710558   241A      1.718717  
     242A      1.719052   243A      1.755522   244A      1.780114  
     245A      1.802284   246A      1.811874   247A      1.818102  
     248A      1.825500   249A      1.828183   250A      1.851967  
     251A      1.864041   252A      1.868819   253A      1.877831  
     254A      1.885639   255A      1.918316   256A      1.945965  
     257A      1.953211   258A      1.971663   259A      1.976647  
     260A      1.995352   261A      2.023606   262A      2.027668  
     263A      2.037437   264A      2.059332   265A      2.075731  
     266A      2.105366   267A      2.121203   268A      2.139901  
     269A      2.142366   270A      2.150072   271A      2.178571  
     272A      2.204565   273A      2.213411   274A      2.217648  
     275A      2.233152   276A      2.241403   277A      2.289219  
     278A      2.324570   279A      2.326377   280A      2.327436  
     281A      2.363089   282A      2.389983   283A      2.393023  
     284A      2.424720   285A      2.443571   286A      2.481678  
     287A      2.481824   288A      2.514545   289A      2.522321  
     290A      2.540313   291A      2.557320   292A      2.559440  
     293A      2.663478   294A      2.665415   295A      2.677849  
     296A      2.715468   297A      2.732551   298A      2.760388  
     299A      2.763648   300A      2.772503   301A      2.779498  
     302A      2.786932   303A      2.789660   304A      2.794260  
     305A      2.828308   306A      2.836524   307A      2.857862  
     308A      2.868123   309A      2.869811   310A      2.884539  
     311A      2.899550   312A      2.918184   313A      2.939775  
     314A      2.952183   315A      2.954301   316A      2.964038  
     317A      2.990481   318A      2.996123   319A      3.013612  
     320A      3.030925   321A      3.034103   322A      3.036309  
     323A      3.042428   324A      3.059231   325A      3.072690  
     326A      3.094804   327A      3.115073   328A      3.172789  
     329A      3.191546   330A      3.271296   331A      3.309933  
     332A      3.345658   333A      3.411551   334A      3.432645  
     335A      3.452790   336A      3.463752   337A      3.504060  
     338A      3.547905   339A      3.599391   340A      3.616666  
     341A      3.646727   342A      3.680741   343A      3.707989  
     344A      3.722766   345A      3.753832   346A      3.794019  
     347A      3.835510   348A      3.852033   349A      3.966652  
     350A      3.974556   351A      4.004328   352A      4.011753  
     353A      4.036363   354A      4.056521   355A      4.088438  
     356A      4.176661   357A      4.267432   358A      4.370168  
     359A      4.400966   360A      4.521597   361A      4.599442  
     362A      4.932629   363A      4.949758   364A      5.067657  
     365A      5.164146   366A      5.216938   367A      5.397690  
     368A      5.414881   369A      5.919034   370A     23.748515  
     371A     23.874218   372A     23.991789   373A     24.028988  
     374A     24.046177   375A     24.089826   376A     24.121570  
     377A     24.158878   378A     24.240220   379A     24.318156  
     380A     24.382683   381A     35.751181   382A     35.775002  
     383A     35.820638   384A     50.175582  

    Final Occupation by Irrep:
              A 
    DOCC [    52 ]
    NA   [    52 ]
    NB   [    52 ]

  @DF-RKS Final Energy:  -664.00368038403656

   => Energetics <=

    Nuclear Repulsion Energy =            877.1971595009470093
    One-Electron Energy =               -2639.3071350823970533
    Two-Electron Energy =                1161.9957116400071300
    DFT Exchange-Correlation Energy =     -63.8767447054903812
    Empirical Dispersion Energy =          -0.0126717371032327
    VV10 Nonlocal Energy =                  0.0000000000000000
    Total Energy =                       -664.0036803840365565

Computation Completed


Properties will be evaluated at   0.000000,   0.000000,   0.000000 [a0]

Properties computed using the SCF density matrix


 Multipole Moments:

 ------------------------------------------------------------------------------------
     Multipole            Electronic (a.u.)      Nuclear  (a.u.)        Total (a.u.)
 ------------------------------------------------------------------------------------

 L = 1.  Multiply by 2.5417464519 to convert [e a0] to [Debye]
 Dipole X            :         62.2639796          -61.0069354            1.2570443
 Dipole Y            :         20.5893970          -19.5383197            1.0510773
 Dipole Z            :        -17.1995884           15.9446662           -1.2549222
 Magnitude           :                                                    2.0639170

 ------------------------------------------------------------------------------------

*** tstop() called on eristm01.eisai.local at Wed May 20 10:20:11 2026
Module time:
	user time   =     158.77 seconds =       2.65 minutes
	system time =       4.39 seconds =       0.07 minutes
	total time  =         22 seconds =       0.37 minutes
Total time:
	user time   =   45185.31 seconds =     753.09 minutes
	system time =    1578.67 seconds =      26.31 minutes
	total time  =       6477 seconds =     107.95 minutes

*** tstart() called on eristm01.eisai.local
*** at Wed May 20 10:20:11 2026


         ------------------------------------------------------------
                                   SCF GRAD                          
                          Rob Parrish, Justin Turney,                
                       Andy Simmonett, and Alex Sokolov              
         ------------------------------------------------------------

  ==> Geometry <==

    Molecular point group: c1
    Full point group: C1

    Geometry (in Angstrom), charge = 0, multiplicity = 1:

       Center              X                  Y                   Z               Mass       
    ------------   -----------------  -----------------  -----------------  -----------------
         C            5.118121134799     0.450862744721    -0.514211556333    12.000000000000
         C            3.854667694528     0.701851873174    -0.832665888469    12.000000000000
         C            2.740260501644     0.061952411471    -0.069497607159    12.000000000000
         O            2.930234232623    -0.700797888981     0.854481339131    15.994914619570
         N            1.494723954902     0.426615882250    -0.528866503034    14.003074004430
         C            0.225086679109     0.034483045354    -0.072125815158    12.000000000000
         C            0.053879826144    -0.866170439569     1.016454357102    12.000000000000
         H            0.931681836652    -1.260047246140     1.506256210171     1.007825032230
         C           -1.199802118148    -1.222385302472     1.429866152478    12.000000000000
         C           -2.349480571204    -0.706592241170     0.788498315493    12.000000000000
         N           -3.591129429940    -1.068896118388     1.209409869893    14.003074004430
         C           -4.601920354658    -0.549982794011     0.566120019424    12.000000000000
         N           -4.555289897371     0.315210353998    -0.481168600577    14.003074004430
         C           -3.364102558257     0.666504968122    -0.889425837559    12.000000000000
         H           -3.309054964857     1.359414101606    -1.728063482257     1.007825032230
         C           -2.174691543986     0.186232381463    -0.290481366535    12.000000000000
         C           -0.879008147021     0.548997554562    -0.711272373002    12.000000000000
         H            5.346896961000    -0.222686326942     0.304798060398     1.007825032230
         H            5.939273708665     0.905135467553    -1.055474113308     1.007825032230
         H            3.609964152671     1.374440684020    -1.650663736476     1.007825032230
         H            1.484574453205     1.067780967313    -1.305867967956     1.007825032230
         H           -1.338498604625    -1.907289523113     2.257529895221     1.007825032230
         H           -5.597518894833    -0.832600839997     0.894314690514     1.007825032230
         H           -0.768868051042     1.237966285175    -1.544300024426     1.007825032230

  Nuclear repulsion =  877.197159500947009

  ==> Basis Set <==

  Basis Set: 6-311+G(D,P)
    Blend: 6-311+G(D,P)
    Number of shells: 186
    Number of basis functions: 384
    Number of Cartesian functions: 399
    Spherical Harmonics?: true
    Max angular momentum: 2

  ==> DFJKGrad: Density-Fitted SCF Gradients <==

    Gradient:                    1
    J tasked:                  Yes
    K tasked:                  Yes
    wK tasked:                 Yes
    Omega:               2.000E-01
    OpenMP threads:              8
    Integrals threads:           8
    Memory [MiB]:             5722
    Schwarz Cutoff:          1E-12
    Fitting Condition:       1E-10

   => Auxiliary Basis Set <=

  Basis Set: (6-311+G(D,P) AUX)
    Blend: HEAVY-AUG-CC-PVTZ-JKFIT
    Number of shells: 540
    Number of basis functions: 1830
    Number of Cartesian functions: 2280
    Spherical Harmonics?: true
    Max angular momentum: 4

  ==> DFT Potential <==

   => LibXC <=

    Version 7.0.0
    S. Lehtola, C. Steigemann, M. J.T. Oliveira, and M. A.L. Marques.,  SoftwareX 7, 1–5 (2018) (10.1016/j.softx.2017.11.002)

   => Composite Functional: WB97X-D <= 

    wB97X-D Hyb-GGA Exchange-Correlation Functional

    J.-D. Chai and M. Head-Gordon.,  Phys. Chem. Chem. Phys. 10, 6615-6620 (2008) (10.1039/B810189B)

    Deriv               =              1
    GGA                 =           TRUE
    Meta                =          FALSE

    Exchange Hybrid     =           TRUE
    MP2 Hybrid          =          FALSE

   => Exchange-Correlation Functionals <=

    1.0000   wB97X-D range-separated functional

   => Exact (HF) Exchange <=

    0.7780            HF,LR [omega = 0.2000]
    0.2220               HF 

   => LibXC Density Thresholds  <==

    XC_HYB_GGA_XC_WB97X_D:  1.00E-14 

   => Molecular Quadrature <=

    Radial Scheme          =       TREUTLER
    Pruning Scheme         =           NONE
    Nuclear Scheme         =       TREUTLER

    Blocking Scheme        =         OCTREE
    BS radius alpha        =              1
    Pruning alpha          =              1
    Radial Points          =             75
    Spherical Points       =            302
    Total Points           =         503804
    Total Blocks           =           3719
    Max Points             =            256
    Max Functions          =            298
    Weights Tolerance      =       1.00E-15


  -Total Gradient:
     Atom            X                  Y                   Z
    ------   -----------------  -----------------  -----------------
       1        0.000084234957    -0.000021961139     0.000008796267
       2       -0.000057755388    -0.000071971783    -0.000144108703
       3       -0.000055310924     0.000363280523     0.000320645582
       4       -0.000024745502    -0.000097858520    -0.000186910505
       5        0.000060349550    -0.000103369070    -0.000039643821
       6       -0.000109571684     0.000071635925    -0.000117561378
       7       -0.000035801480    -0.000084345578     0.000098521084
       8        0.000002246054     0.000028436336    -0.000030525682
       9        0.000105134584    -0.000016122125     0.000010445380
      10       -0.000049169444     0.000071500028    -0.000080560060
      11        0.000045739193    -0.000020106111     0.000034348178
      12       -0.000067611121     0.000058289301    -0.000116893753
      13       -0.000067858165    -0.000096897273     0.000124338693
      14        0.000139287275     0.000037447147    -0.000027654075
      15       -0.000033042539    -0.000022456111     0.000019315575
      16       -0.000178661875    -0.000053043956     0.000070237299
      17        0.000157451869     0.000042633953    -0.000042566432
      18       -0.000026835263     0.000053570543    -0.000070834069
      19       -0.000049897993     0.000032151944    -0.000018326108
      20        0.000007222824    -0.000005038244    -0.000004699594
      21       -0.000018177862     0.000002342496    -0.000032510593
      22        0.000008126177     0.000013894521    -0.000016919277
      23        0.000014187642    -0.000007208059     0.000025708351
      24       -0.000037099209    -0.000018864300     0.000018792150


*** tstop() called on eristm01.eisai.local at Wed May 20 10:20:23 2026
Module time:
	user time   =      88.27 seconds =       1.47 minutes
	system time =       1.13 seconds =       0.02 minutes
	total time  =         12 seconds =       0.20 minutes
Total time:
	user time   =   45273.59 seconds =     754.56 minutes
	system time =    1579.80 seconds =      26.33 minutes
	total time  =       6489 seconds =     108.15 minutes

    			-----------------------------------------

    			 OPTKING 3.0: for geometry optimizations 

    			     By R.A. King, Bethel University     

    			        with contributions from          

    			    A.V. Copan, J. Cayton, A. Heide      

    			-----------------------------------------

    
	                            ===> Fragment 1 <== 

	 Z (Atomic Numbers)          Masses                          Geom                  
	       6.000000            12.000000          9.67184722  0.85200711 -0.97171901   
	       6.000000            12.000000          7.28426625  1.32630782 -1.57351048   
	       6.000000            12.000000          5.17834186  0.11707309 -0.13133144   
	       8.000000            15.994915          5.53734018 -1.32431608  1.61473571   
	       7.000000            14.003074          2.82461891  0.80618718 -0.99941285   
	       6.000000            12.000000          0.42535218  0.06516351 -0.13629804   
	       6.000000            12.000000          0.10181812 -1.63682491  1.92082035   
	       1.000000             1.007825          1.76062351 -2.38114420  2.84641171   
	       6.000000            12.000000         -2.26729741 -2.30997344  2.70205542   
	       6.000000            12.000000         -4.43987482 -1.33526582  1.49004587   
	       7.000000            14.003074         -6.78625110 -2.01992092  2.28545343   
	       6.000000            12.000000         -8.69636912 -1.03931685  1.06981179   
	       7.000000            14.003074         -8.60825033  0.59566124 -0.90927688   
	       6.000000            12.000000         -6.35723249  1.25951185 -1.68077124   
	       1.000000             1.007825         -6.25320762  2.56892034 -3.26556671   
	       6.000000            12.000000         -4.10957143  0.35192820 -0.54893023   
	       6.000000            12.000000         -1.66108466  1.03745502 -1.34410999   
	       1.000000             1.007825         10.10417088 -0.42081617  0.57598486   
	       1.000000             1.007825         11.22360069  1.71045814 -1.99455701   
	       1.000000             1.007825          6.82184357  2.59731647 -3.11930239   
	       1.000000             1.007825          2.80543913  2.01781359 -2.46773282   
	       1.000000             1.007825         -2.52939578 -3.60425484  4.26611322   
	       1.000000             1.007825        -10.57777769  -1.57338756   1.69000984 
	       1.000000             1.007825         -1.45295004  2.33941723 -2.91830410   

	 - Coordinate -           - BOHR/RAD -       - ANG/DEG -
	 H(4,8)           =         4.110657           2.175266
	 R(1,2)           =         2.507520           1.326922
	 R(1,18)          =         2.049968           1.084797
	 R(1,19)          =         2.047211           1.083338
	 R(2,3)           =         2.824367           1.494590
	 R(2,20)          =         2.053965           1.086911
	 R(3,4)           =         2.292430           1.213101
	 R(3,5)           =         2.601626           1.376721
	 R(5,6)           =         2.655290           1.405119
	 R(5,21)          =         1.903778           1.007436
	 R(6,7)           =         2.689456           1.423199
	 R(6,17)          =         2.599496           1.375594
	 R(7,8)           =         2.040188           1.079621
	 R(7,9)           =         2.583828           1.367303
	 R(9,10)          =         2.671912           1.413915
	 R(9,22)          =         2.046982           1.083216
	 R(10,11)         =         2.570391           1.360192
	 R(10,16)         =         2.667048           1.411341
	 R(11,12)         =         2.467371           1.305677
	 R(12,13)         =         2.568601           1.359245
	 R(12,23)         =         2.051725           1.085726
	 R(13,14)         =         2.470422           1.307291
	 R(14,15)         =         2.058385           1.089250
	 R(14,16)         =         2.675211           1.415661
	 R(16,17)         =         2.664084           1.409773
	 R(17,24)         =         2.053415           1.086620
	 B(1,2,3)         =         2.101839         120.426483
	 B(1,2,20)        =         2.108347         120.799385
	 B(2,1,18)        =         2.093752         119.963137
	 B(2,1,19)        =         2.120582         121.500411
	 B(2,3,4)         =         2.142845         122.775988
	 B(2,3,5)         =         1.972290         113.003918
	 B(3,2,20)        =         2.073000         118.774132
	 B(3,5,6)         =         2.258932         129.427298
	 B(3,5,21)        =         2.020878         115.787801
	 B(4,3,5)         =         2.168044         124.219785
	 B(5,6,7)         =         2.134045         122.271763
	 B(5,6,17)        =         2.059892         118.023125
	 B(6,5,21)        =         2.003374         114.784900
	 B(6,7,8)         =         2.071542         118.690590
	 B(6,7,9)         =         2.101843         120.426757
	 B(6,17,16)       =         2.097569         120.181826
	 B(6,17,24)       =         2.108304         120.796910
	 B(7,6,17)        =         2.089248         119.705112
	 B(7,9,10)        =         2.109889         120.887752
	 B(7,9,22)        =         2.109648         120.873953
	 B(8,7,9)         =         2.109800         120.882653
	 B(9,10,11)       =         2.099847         120.312369
	 B(9,10,16)       =         2.067877         118.480601
	 B(10,9,22)       =         2.063648         118.238295
	 B(10,11,12)      =         2.035726         116.638536
	 B(10,16,14)      =         2.019740         115.722594
	 B(10,16,17)      =         2.099944         120.317952
	 B(11,10,16)      =         2.115462         121.207030
	 B(11,12,13)      =         2.221853         127.302774
	 B(11,12,23)      =         2.045984         117.226276
	 B(12,13,14)      =         2.029655         116.290672
	 B(13,12,23)      =         2.015348         115.470949
	 B(13,14,15)      =         2.045901         117.221481
	 B(13,14,16)      =         2.143934         122.838395
	 B(14,16,17)      =         2.163501         123.959455
	 B(15,14,16)      =         2.093350         119.940124
	 B(16,17,24)      =         2.077313         119.021264
	 B(18,1,19)       =         2.068851         118.536452
	 D(1,2,3,4)       =        -0.001730          -0.099114
	 D(1,2,3,5)       =        -3.139926        -179.904528
	 D(2,3,5,6)       =         3.139660         179.889268
	 D(2,3,5,21)      =        -0.001632          -0.093502
	 D(3,2,1,18)      =         0.000032           0.001834
	 D(3,2,1,19)      =        -3.141467        -179.992784
	 D(3,5,6,7)       =         0.000193           0.011033
	 D(3,5,6,17)      =         3.141767         180.009968
	 D(4,3,2,20)      =         3.139912         179.903720
	 D(4,3,5,6)       =         0.001521           0.087126
	 D(4,3,5,21)      =         3.143414         180.104357
	 D(5,3,2,20)      =         0.001716           0.098306
	 D(5,6,7,8)       =         0.000000           0.000000
	 D(5,6,7,9)       =         3.141619         180.001481
	 D(5,6,17,16)     =         3.141593         180.000000
	 D(5,6,17,24)     =         0.000020           0.001120
	 D(6,7,9,10)      =        -0.000037          -0.002101
	 D(6,7,9,22)      =         3.141574         179.998940
	 D(6,17,16,10)    =        -0.000016          -0.000899
	 D(6,17,16,14)    =         3.141619         180.001529
	 D(7,6,5,21)      =         3.141487         179.993944
	 D(7,6,17,16)     =        -0.000018          -0.001045
	 D(7,6,17,24)     =         3.141593         180.000000
	 D(7,9,10,11)     =         3.141566         179.998463
	 D(7,9,10,16)     =         0.000000           0.000000
	 D(8,7,6,17)      =         3.141624         180.001811
	 D(8,7,9,10)      =         3.141569         179.998668
	 D(8,7,9,22)      =        -0.000000          -0.000000
	 D(9,7,6,17)      =         0.000045           0.002563
	 D(9,10,11,12)    =         3.141674         180.004645
	 D(9,10,16,14)    =         3.141577         179.999125
	 D(9,10,16,17)    =         0.000024           0.001360
	 D(10,11,12,13)   =        -0.000101          -0.005778
	 D(10,11,12,23)   =         3.141758         180.009492
	 D(10,16,14,13)   =        -0.000043          -0.002445
	 D(10,16,14,15)   =         3.141655         180.003558
	 D(10,16,17,24)   =         3.141558         179.997992
	 D(11,10,9,22)    =        -0.000045          -0.002552
	 D(11,10,16,14)   =         0.000014           0.000829
	 D(11,10,16,17)   =         3.141646         180.003064
	 D(11,12,13,14)   =         0.000074           0.004256
	 D(12,11,10,16)   =         0.000051           0.002911
	 D(12,13,14,15)   =         3.141494         179.994365
	 D(12,13,14,16)   =         0.000000           0.000000
	 D(13,14,16,17)   =         3.141509         179.995228
	 D(14,13,12,23)   =         3.141404         179.989216
	 D(14,16,17,24)   =         0.000000           0.000000
	 D(15,14,16,17)   =         0.000021           0.001231
	 D(16,10,9,22)    =         3.141578         179.999135
	 D(17,6,5,21)     =        -0.000124          -0.007120
	 D(18,1,2,20)     =         3.141574         179.998943
	 D(19,1,2,20)     =         0.000075           0.004324


	        --- Internal Coordinate Step in ANG or DEG, aJ/ANG or AJ/DEG ---
	-------------------------------------------------------------------------------
	           Coordinate      Previous         Force          Change          New 
	           ----------      --------        ------          ------        ------
	               H(4,8)       2.17527        0.00016        0.00134       2.17661
	               R(1,2)       1.32692       -0.00032       -0.00006       1.32686
	              R(1,18)       1.08480        0.00046        0.00015       1.08495
	              R(1,19)       1.08334        0.00024        0.00005       1.08339
	               R(2,3)       1.49459       -0.00013       -0.00000       1.49459
	              R(2,20)       1.08691        0.00026        0.00009       1.08700
	               R(3,4)       1.21310        0.00054        0.00007       1.21317
	               R(3,5)       1.37672        0.00034        0.00002       1.37674
	               R(5,6)       1.40512       -0.00021       -0.00006       1.40505
	              R(5,21)       1.00744       -0.00007        0.00001       1.00745
	               R(6,7)       1.42320       -0.00069       -0.00018       1.42302
	              R(6,17)       1.37559        0.00050        0.00018       1.37577
	               R(7,8)       1.07962        0.00021        0.00008       1.07970
	               R(7,9)       1.36730        0.00057        0.00026       1.36756
	              R(9,10)       1.41392       -0.00050       -0.00020       1.41372
	              R(9,22)       1.08322        0.00015        0.00003       1.08324
	             R(10,11)       1.36019        0.00007        0.00023       1.36042
	             R(10,16)       1.41134        0.00049        0.00012       1.41147
	             R(11,12)       1.30568       -0.00034       -0.00041       1.30526
	             R(12,13)       1.35925        0.00086        0.00041       1.35966
	             R(12,23)       1.08573        0.00009        0.00006       1.08579
	             R(13,14)       1.30729       -0.00069       -0.00032       1.30697
	             R(14,15)       1.08925        0.00021        0.00006       1.08931
	             R(14,16)       1.41566        0.00052        0.00037       1.41603
	             R(16,17)       1.40977       -0.00085       -0.00011       1.40967
	             R(17,24)       1.08662        0.00029        0.00009       1.08671
	             B(1,2,3)     120.42648       -0.00000       -0.00311     120.42337
	            B(1,2,20)     120.79939        0.00000        0.01321     120.81260
	            B(2,1,18)     119.96314       -0.00000       -0.00668     119.95645
	            B(2,1,19)     121.50041        0.00000        0.01276     121.51317
	             B(2,3,4)     122.77599        0.00000        0.00493     122.78092
	             B(2,3,5)     113.00392       -0.00000       -0.00558     112.99834
	            B(3,2,20)     118.77413       -0.00000       -0.01010     118.76403
	             B(3,5,6)     129.42730       -0.00000        0.02155     129.44885
	            B(3,5,21)     115.78780        0.00000       -0.00352     115.78428
	             B(4,3,5)     124.21978        0.00000        0.00054     124.22032
	             B(5,6,7)     122.27176        0.00000        0.01544     122.28720
	            B(5,6,17)     118.02312       -0.00000       -0.00699     118.01613
	            B(6,5,21)     114.78490        0.00000       -0.01803     114.76687
	             B(6,7,8)     118.69059        0.00000        0.00756     118.69815
	             B(6,7,9)     120.42676        0.00000        0.01408     120.44084
	           B(6,17,16)     120.18183        0.00000        0.00283     120.18466
	           B(6,17,24)     120.79691       -0.00000       -0.00508     120.79183
	            B(7,6,17)     119.70511       -0.00000       -0.00845     119.69667
	            B(7,9,10)     120.88775       -0.00000       -0.01668     120.87107
	            B(7,9,22)     120.87395        0.00000        0.01796     120.89191
	             B(8,7,9)     120.88265       -0.00000       -0.02164     120.86101
	           B(9,10,11)     120.31237        0.00000       -0.00221     120.31016
	           B(9,10,16)     118.48060       -0.00000        0.01270     118.49330
	           B(10,9,22)     118.23829        0.00000       -0.00128     118.23701
	          B(10,11,12)     116.63854        0.00000        0.00865     116.64719
	          B(10,16,14)     115.72259       -0.00000       -0.00226     115.72033
	          B(10,16,17)     120.31795        0.00000       -0.00449     120.31346
	          B(11,10,16)     121.20703       -0.00000       -0.01049     121.19654
	          B(11,12,13)     127.30277        0.00000        0.00343     127.30620
	          B(11,12,23)     117.22628        0.00000        0.02687     117.25315
	          B(12,13,14)     116.29067       -0.00000        0.00297     116.29364
	          B(13,12,23)     115.47095       -0.00000       -0.03030     115.44065
	          B(13,14,15)     117.22148        0.00000        0.01196     117.23344
	          B(13,14,16)     122.83839        0.00000       -0.00229     122.83610
	          B(14,16,17)     123.95945        0.00000        0.00675     123.96620
	          B(15,14,16)     119.94012       -0.00000       -0.00966     119.93046
	          B(16,17,24)     119.02126        0.00000        0.00225     119.02352
	           B(18,1,19)     118.53645       -0.00000       -0.00607     118.53038
	           D(1,2,3,4)      -0.09911        0.00001        0.21796       0.11885
	           D(1,2,3,5)    -179.90453       -0.00001       -0.20521    -180.10973
	           D(2,3,5,6)     179.88927        0.00001        0.23637     180.12564
	          D(2,3,5,21)      -0.09350        0.00001        0.20534       0.11183
	          D(3,2,1,18)       0.00183       -0.00000       -0.00364      -0.00181
	          D(3,2,1,19)    -179.99278       -0.00000       -0.00908    -180.00186
	           D(3,5,6,7)       0.01103       -0.00000       -0.00894       0.00209
	          D(3,5,6,17)     180.00997       -0.00000       -0.01458     179.99538
	          D(4,3,2,20)     179.90372        0.00001        0.21661     180.12033
	           D(4,3,5,6)       0.08713       -0.00001       -0.19390      -0.10678
	          D(4,3,5,21)     180.10436       -0.00001       -0.22494     179.87942
	          D(5,3,2,20)       0.09831       -0.00001       -0.20656      -0.10825
	           D(5,6,7,8)       0.00000       -0.00000       -0.00766      -0.00766
	           D(5,6,7,9)     180.00148       -0.00000       -0.00797     179.99351
	         D(5,6,17,16)     180.00000        0.00000        0.00893     180.00893
	         D(5,6,17,24)       0.00112       -0.00000        0.00081       0.00193
	          D(6,7,9,10)      -0.00210        0.00000       -0.00023      -0.00233
	          D(6,7,9,22)     179.99894        0.00000       -0.00062     179.99832
	        D(6,17,16,10)      -0.00090        0.00000       -0.00227      -0.00317
	        D(6,17,16,14)     180.00153       -0.00000       -0.00708     179.99445
	          D(7,6,5,21)     179.99394        0.00000        0.02184     180.01578
	         D(7,6,17,16)      -0.00104        0.00000        0.00345       0.00240
	         D(7,6,17,24)     180.00000       -0.00000       -0.00460     179.99540
	         D(7,9,10,11)     179.99846        0.00000        0.00276     180.00122
	         D(7,9,10,16)       0.00000       -0.00000        0.00155       0.00155
	          D(8,7,6,17)     180.00181       -0.00000       -0.00266     179.99915
	          D(8,7,9,10)     179.99867        0.00000        0.00021     179.99887
	          D(8,7,9,22)      -0.00000        0.00000        0.00000      -0.00000
	          D(9,7,6,17)       0.00256       -0.00000       -0.00256       0.00000
	        D(9,10,11,12)     180.00465       -0.00000       -0.00465     180.00000
	        D(9,10,16,14)     179.99913        0.00000        0.00426     180.00338
	        D(9,10,16,17)       0.00136       -0.00000       -0.00017       0.00119
	       D(10,11,12,13)      -0.00578        0.00000        0.00412      -0.00165
	       D(10,11,12,23)     180.00949       -0.00000       -0.00062     180.00887
	       D(10,16,14,13)      -0.00245        0.00000       -0.00211      -0.00455
	       D(10,16,14,15)     180.00356       -0.00000       -0.00273     180.00082
	       D(10,16,17,24)     179.99799        0.00000        0.00572     180.00372
	        D(11,10,9,22)      -0.00255        0.00000        0.00255       0.00000
	       D(11,10,16,14)       0.00083       -0.00000        0.00289       0.00372
	       D(11,10,16,17)     180.00306       -0.00000       -0.00154     180.00152
	       D(11,12,13,14)       0.00426       -0.00000       -0.00333       0.00093
	       D(12,11,10,16)       0.00291       -0.00000       -0.00379      -0.00088
	       D(12,13,14,15)     179.99436        0.00000        0.00278     179.99714
	       D(12,13,14,16)       0.00000        0.00000        0.00239       0.00239
	       D(13,14,16,17)     179.99523        0.00000        0.00250     179.99773
	       D(14,13,12,23)     179.98922        0.00000        0.00135     179.99057
	       D(14,16,17,24)       0.00000        0.00000        0.00133       0.00133
	       D(15,14,16,17)       0.00123       -0.00000        0.00188       0.00311
	        D(16,10,9,22)     179.99914        0.00000        0.00178     180.00092
	         D(17,6,5,21)      -0.00712        0.00000        0.01619       0.00907
	         D(18,1,2,20)     179.99894       -0.00000       -0.00226     179.99668
	         D(19,1,2,20)       0.00432       -0.00000       -0.00770      -0.00337
	-------------------------------------------------------------------------------

	                                 ==> Convergence Check <==                                  
    
	Measures of convergence in internal coordinates in au.
    
	Criteria marked as inactive (o), active & met (*), and active & unmet ( ).

	----------------------------------------------------------------------------------------------
	   Step    Total Energy     Delta E     Max Force     RMS Force      Max Disp      RMS Disp   
	----------------------------------------------------------------------------------------------
	  Convergence Criteria     1.00e-06 *    3.00e-04 *             o    1.20e-03 *             o
	----------------------------------------------------------------------------------------------
	     5    -664.00368038   -6.64e-07 *    1.05e-04 *    3.62e-05 o    4.13e-03      1.03e-03 o  ~
	----------------------------------------------------------------------------------------------

Next Geometry in Ang 
	Fragment 1 (Ang)

	    C   5.1181445207   0.4542644751  -0.5124225666
	    C   3.8546265982   0.7018706140  -0.8330043617
	    C   2.7407032567   0.0582653948  -0.0722533034
	    O   2.9310849389  -0.7016184581   0.8540945860
	    N   1.4949372868   0.4232406592  -0.5308134832
	    C   0.2253304574   0.0321067470  -0.0733294971
	    C   0.0537211365  -0.8680150374   1.0153918904
	    H   0.9313251286  -1.2627295214   1.5050515429
	    C  -1.2002369792  -1.2231922181   1.4297097658
	    C  -2.3494812398  -0.7064799531   0.7887392347
	    N  -3.5915209540  -1.0675059323   1.2103376771
	    C  -4.6018725460  -0.5479487761   0.5677191602
	    N  -4.5550981126   0.3172086101  -0.4801262325
	    C  -3.3641721041   0.6673167661  -0.8891255907
	    H  -3.3088469207   1.3600443896  -1.7279772038
	    C  -2.1745030641   0.1860024623  -0.2906551796
	    C  -0.8787932240   0.5474593851  -0.7121376558
	    H   5.3472426848  -0.2192480334   0.3067304950
	    H   5.9391897938   0.9110199737  -1.0518583418
	    H   3.6092450374   1.3743114127  -1.6510433026
	    H   1.4844976777   1.0644883723  -1.3077563526
	    H  -1.3393322934  -1.9077904011   2.2575963470
	    H  -5.5978074254  -0.8293187121   0.8961733658
	    H  -0.7683836542   1.2362477808  -1.5453969560


    Final optimized geometry and variables:
    Molecular point group: c1
    Full point group: C1

    Geometry (in Angstrom), charge = 0, multiplicity = 1:

    C            5.118121134799     0.450862744721    -0.514211556333
    C            3.854667694528     0.701851873174    -0.832665888469
    C            2.740260501644     0.061952411471    -0.069497607159
    O            2.930234232623    -0.700797888981     0.854481339131
    N            1.494723954902     0.426615882250    -0.528866503034
    C            0.225086679109     0.034483045354    -0.072125815158
    C            0.053879826144    -0.866170439569     1.016454357102
    H            0.931681836652    -1.260047246140     1.506256210171
    C           -1.199802118148    -1.222385302472     1.429866152478
    C           -2.349480571204    -0.706592241170     0.788498315493
    N           -3.591129429940    -1.068896118388     1.209409869893
    C           -4.601920354658    -0.549982794011     0.566120019424
    N           -4.555289897371     0.315210353998    -0.481168600577
    C           -3.364102558257     0.666504968122    -0.889425837559
    H           -3.309054964857     1.359414101606    -1.728063482257
    C           -2.174691543986     0.186232381463    -0.290481366535
    C           -0.879008147021     0.548997554562    -0.711272373002
    H            5.346896961000    -0.222686326942     0.304798060398
    H            5.939273708665     0.905135467553    -1.055474113308
    H            3.609964152671     1.374440684020    -1.650663736476
    H            1.484574453205     1.067780967313    -1.305867967956
    H           -1.338498604625    -1.907289523113     2.257529895221
    H           -5.597518894833    -0.832600839997     0.894314690514
    H           -0.768868051042     1.237966285175    -1.544300024426


Scratch directory: /tmp/
   => Libint2 <=

    Primary   basis highest AM E, G, H:  7, 6, 3
    Auxiliary basis highest AM E, G, H:  7, 7, 4
    Onebody   basis highest AM E, G, H:  -, -, -
    Solid Harmonics ordering:            Gaussian

*** tstart() called on eristm01.eisai.local
*** at Wed May 20 10:20:25 2026

   => Loading Basis Set <=

    Name: 6-311+G(D,P)
    Role: ORBITAL
    Keyword: BASIS
    atoms 1-3, 6-7, 9-10, 12, 14, 16-17 entry C          line   129 file /home2/shbae/bucket/covalent/.pixi/envs/default/share/psi4/basis/6-311pg_d_p_.gbs 
    atoms 4                             entry O          line   171 file /home2/shbae/bucket/covalent/.pixi/envs/default/share/psi4/basis/6-311pg_d_p_.gbs 
    atoms 5, 11, 13                     entry N          line   150 file /home2/shbae/bucket/covalent/.pixi/envs/default/share/psi4/basis/6-311pg_d_p_.gbs 
    atoms 8, 15, 18-24                  entry H          line    42 file /home2/shbae/bucket/covalent/.pixi/envs/default/share/psi4/basis/6-311pg_d_p_.gbs 

   => WB97X-D: Empirical Dispersion <=

    Chai and Head-Gordon Dispersion Correction
    Chai, J.-D.; Head-Gordon, M. (2010), J. Chem. Phys., 132: 6615-6620

        s6 =       1.000000


         ---------------------------------------------------------
                                   SCF
               by Justin Turney, Rob Parrish, Andy Simmonett
                          and Daniel G. A. Smith
                              RKS Reference
                        8 Threads,   7629 MiB Core
         ---------------------------------------------------------

  ==> Geometry <==

    Molecular point group: c1
    Full point group: C1

    Geometry (in Angstrom), charge = 0, multiplicity = 1:

       Center              X                  Y                   Z               Mass       
    ------------   -----------------  -----------------  -----------------  -----------------
         C            5.118121134799     0.450862744721    -0.514211556333    12.000000000000
         C            3.854667694528     0.701851873174    -0.832665888469    12.000000000000
         C            2.740260501644     0.061952411471    -0.069497607159    12.000000000000
         O            2.930234232623    -0.700797888981     0.854481339131    15.994914619570
         N            1.494723954902     0.426615882250    -0.528866503034    14.003074004430
         C            0.225086679109     0.034483045354    -0.072125815158    12.000000000000
         C            0.053879826144    -0.866170439569     1.016454357102    12.000000000000
         H            0.931681836652    -1.260047246140     1.506256210171     1.007825032230
         C           -1.199802118148    -1.222385302472     1.429866152478    12.000000000000
         C           -2.349480571204    -0.706592241170     0.788498315493    12.000000000000
         N           -3.591129429940    -1.068896118388     1.209409869893    14.003074004430
         C           -4.601920354658    -0.549982794011     0.566120019424    12.000000000000
         N           -4.555289897371     0.315210353998    -0.481168600577    14.003074004430
         C           -3.364102558257     0.666504968122    -0.889425837559    12.000000000000
         H           -3.309054964857     1.359414101606    -1.728063482257     1.007825032230
         C           -2.174691543986     0.186232381463    -0.290481366535    12.000000000000
         C           -0.879008147021     0.548997554562    -0.711272373002    12.000000000000
         H            5.346896961000    -0.222686326942     0.304798060398     1.007825032230
         H            5.939273708665     0.905135467553    -1.055474113308     1.007825032230
         H            3.609964152671     1.374440684020    -1.650663736476     1.007825032230
         H            1.484574453205     1.067780967313    -1.305867967956     1.007825032230
         H           -1.338498604625    -1.907289523113     2.257529895221     1.007825032230
         H           -5.597518894833    -0.832600839997     0.894314690514     1.007825032230
         H           -0.768868051042     1.237966285175    -1.544300024426     1.007825032230

  Running in c1 symmetry.

  Rotational constants: A =      0.07811  B =      0.00886  C =      0.00796 [cm^-1]
  Rotational constants: A =   2341.71333  B =    265.56445  C =    238.53708 [MHz]
  Nuclear repulsion =  877.197159500946668

  Charge       = 0
  Multiplicity = 1
  Electrons    = 104
  Nalpha       = 52
  Nbeta        = 52

  ==> Algorithm <==

  SCF Algorithm Type is DF.
  DIIS enabled.
  MOM disabled.
  Fractional occupation disabled.
  Guess Type is SAD.
  Energy threshold   = 1.00e-06
  Density threshold  = 1.00e-06
  Integral threshold = 1.00e-12

  ==> Primary Basis <==

  Basis Set: 6-311+G(D,P)
    Blend: 6-311+G(D,P)
    Number of shells: 186
    Number of basis functions: 384
    Number of Cartesian functions: 399
    Spherical Harmonics?: true
    Max angular momentum: 2

  ==> DFT Potential <==

   => LibXC <=

    Version 7.0.0
    S. Lehtola, C. Steigemann, M. J.T. Oliveira, and M. A.L. Marques.,  SoftwareX 7, 1–5 (2018) (10.1016/j.softx.2017.11.002)

   => Composite Functional: WB97X-D <= 

    wB97X-D Hyb-GGA Exchange-Correlation Functional

    J.-D. Chai and M. Head-Gordon.,  Phys. Chem. Chem. Phys. 10, 6615-6620 (2008) (10.1039/B810189B)

    Deriv               =              1
    GGA                 =           TRUE
    Meta                =          FALSE

    Exchange Hybrid     =           TRUE
    MP2 Hybrid          =          FALSE

   => Exchange-Correlation Functionals <=

    1.0000   wB97X-D range-separated functional

   => Exact (HF) Exchange <=

    0.7780            HF,LR [omega = 0.2000]
    0.2220               HF 

   => LibXC Density Thresholds  <==

    XC_HYB_GGA_XC_WB97X_D:  1.00E-14 

   => Molecular Quadrature <=

    Radial Scheme          =       TREUTLER
    Pruning Scheme         =           NONE
    Nuclear Scheme         =       TREUTLER

    Blocking Scheme        =         OCTREE
    BS radius alpha        =              1
    Pruning alpha          =              1
    Radial Points          =             75
    Spherical Points       =            302
    Total Points           =         503804
    Total Blocks           =           3720
    Max Points             =            256
    Max Functions          =            298
    Weights Tolerance      =       1.00E-15

   => Loading Basis Set <=

    Name: (6-311+G(D,P) AUX)
    Role: JKFIT
    Keyword: DF_BASIS_SCF
    atoms 1-3, 6-7, 9-10, 12, 14, 16-17 entry C          line   200 file /home2/shbae/bucket/covalent/.pixi/envs/default/share/psi4/basis/heavy-aug-cc-pvtz-jkfit.gbs 
    atoms 4                             entry O          line   324 file /home2/shbae/bucket/covalent/.pixi/envs/default/share/psi4/basis/heavy-aug-cc-pvtz-jkfit.gbs 
    atoms 5, 11, 13                     entry N          line   262 file /home2/shbae/bucket/covalent/.pixi/envs/default/share/psi4/basis/heavy-aug-cc-pvtz-jkfit.gbs 
    atoms 8, 15, 18-24                  entry H          line   116 file /home2/shbae/bucket/covalent/.pixi/envs/default/share/psi4/basis/heavy-aug-cc-pvtz-jkfit.gbs 

  ==> Integral Setup <==

  DFHelper Memory: AOs need 4.964 GiB; user supplied 4.964 GiB. 
  SCF_SUBTYPE=INCORE selected. In-core MEM_DF algorithm will be used.
  Using in-core AOs.

  ==> MemDFJK: Density-Fitted J/K Matrices <==

    J tasked:                   Yes
    K tasked:                   Yes
    wK tasked:                  Yes
    Omega:                2.000E-01
    OpenMP threads:               8
    Memory [MiB]:              5083
    Algorithm:                 Core
    Schwarz Cutoff:           1E-12
    Mask sparsity (%):      18.7432
    Fitting Condition:        1E-10

   => Auxiliary Basis Set <=

  Basis Set: (6-311+G(D,P) AUX)
    Blend: HEAVY-AUG-CC-PVTZ-JKFIT
    Number of shells: 540
    Number of basis functions: 1830
    Number of Cartesian functions: 2280
    Spherical Harmonics?: true
    Max angular momentum: 4

  Cached 16.7% of DFT collocation blocks in 0.516 [GiB].

  Minimum eigenvalue in the overlap matrix is 4.9210322999E-07.
  Reciprocal condition number of the overlap matrix is 3.4083269322E-08.
    Using symmetric orthogonalization.

  ==> Pre-Iterations <==

  SCF Guess: Superposition of Atomic Densities via on-the-fly atomic UHF (no occupation information).

   -------------------------
    Irrep   Nso     Nmo    
   -------------------------
     A        384     384 
   -------------------------
    Total     384     384
   -------------------------

  ==> Iterations <==

                           Total Energy        Delta E     RMS |[F,P]|

   @DF-RKS iter SAD:  -639.80224913157667   -6.39802e+02   0.00000e+00 
   @DF-RKS iter   1:  -472.20117532621612    1.67601e+02   2.42985e-02 DIIS/ADIIS
   @DF-RKS iter   2:  -458.21752927947102    1.39836e+01   4.17760e-02 DIIS/ADIIS
   @DF-RKS iter   3:  -564.14309617365222   -1.05926e+02   3.20801e-02 DIIS/ADIIS
   @DF-RKS iter   4:  -590.65860593989476   -2.65155e+01   2.47976e-02 DIIS/ADIIS
   @DF-RKS iter   5:  -638.09474065821314   -4.74361e+01   1.32063e-02 DIIS/ADIIS
   @DF-RKS iter   6:  -510.59573000533925    1.27499e+02   3.17968e-02 DIIS/ADIIS
   @DF-RKS iter   7:  -654.53220177753531   -1.43936e+02   1.06313e-02 DIIS/ADIIS
   @DF-RKS iter   8:  -663.00455536922505   -8.47235e+00   3.57282e-03 DIIS/ADIIS
   @DF-RKS iter   9:  -663.49075760840140   -4.86202e-01   2.70393e-03 DIIS/ADIIS
   @DF-RKS iter  10:  -663.97403912724963   -4.83282e-01   6.19001e-04 DIIS/ADIIS
   @DF-RKS iter  11:  -663.99423701823594   -2.01979e-02   3.74203e-04 DIIS/ADIIS
   @DF-RKS iter  12:  -664.00272293949990   -8.48592e-03   9.95989e-05 DIIS
   @DF-RKS iter  13:  -664.00337543006469   -6.52491e-04   6.51661e-05 DIIS
   @DF-RKS iter  14:  -664.00364777241691   -2.72342e-04   2.21861e-05 DIIS
   @DF-RKS iter  15:  -664.00367584875266   -2.80763e-05   4.36199e-06 DIIS
   @DF-RKS iter  16:  -664.00367807744885   -2.22870e-06   2.40544e-06 DIIS
   @DF-RKS iter  17:  -664.00367885182675   -7.74378e-07   8.35785e-07 DIIS
  Energy and wave function converged.


  ==> Post-Iterations <==

   Electrons on quadrature grid:
      Ntotal   =  104.0000895701 ; deviation = 8.957e-05 

    Orbital Energies [Eh]
    ---------------------

    Doubly Occupied:                                                      

       1A    -19.235141     2A    -14.496981     3A    -14.444619  
       4A    -14.441994     5A    -10.416719     6A    -10.364738  
       7A    -10.355247     8A    -10.350745     9A    -10.342849  
      10A    -10.321580    11A    -10.317760    12A    -10.316811  
      13A    -10.313897    14A    -10.309072    15A    -10.306011  
      16A     -1.171291    17A     -1.100732    18A     -1.072057  
      19A     -1.006380    20A     -0.973415    21A     -0.912213  
      22A     -0.889212    23A     -0.871158    24A     -0.789697  
      25A     -0.774883    26A     -0.738576    27A     -0.728185  
      28A     -0.686521    29A     -0.656279    30A     -0.649295  
      31A     -0.626252    32A     -0.609895    33A     -0.577570  
      34A     -0.554061    35A     -0.552196    36A     -0.544858  
      37A     -0.536906    38A     -0.533713    39A     -0.532525  
      40A     -0.519486    41A     -0.494712    42A     -0.480469  
      43A     -0.474312    44A     -0.461865    45A     -0.427228  
      46A     -0.403250    47A     -0.394185    48A     -0.381647  
      49A     -0.365777    50A     -0.350181    51A     -0.342429  
      52A     -0.310269  

    Virtual:                                                              

      53A     -0.016811    54A      0.001696    55A      0.036942  
      56A      0.038113    57A      0.057942    58A      0.062709  
      59A      0.071039    60A      0.077708    61A      0.085033  
      62A      0.093545    63A      0.093658    64A      0.097769  
      65A      0.104036    66A      0.107353    67A      0.117631  
      68A      0.118535    69A      0.122731    70A      0.125541  
      71A      0.130662    72A      0.132214    73A      0.145338  
      74A      0.149581    75A      0.157771    76A      0.159774  
      77A      0.166509    78A      0.168165    79A      0.172337  
      80A      0.180865    81A      0.186098    82A      0.188045  
      83A      0.193668    84A      0.197844    85A      0.199012  
      86A      0.209279    87A      0.218159    88A      0.222250  
      89A      0.229952    90A      0.231303    91A      0.233444  
      92A      0.235726    93A      0.239812    94A      0.249457  
      95A      0.257492    96A      0.257615    97A      0.260040  
      98A      0.264415    99A      0.267723   100A      0.269673  
     101A      0.272789   102A      0.279819   103A      0.284479  
     104A      0.289870   105A      0.290683   106A      0.291857  
     107A      0.299099   108A      0.302794   109A      0.306286  
     110A      0.309225   111A      0.312796   112A      0.316469  
     113A      0.319180   114A      0.329103   115A      0.334549  
     116A      0.344447   117A      0.348066   118A      0.351235  
     119A      0.356902   120A      0.363185   121A      0.368953  
     122A      0.371017   123A      0.375155   124A      0.382066  
     125A      0.389176   126A      0.396222   127A      0.398647  
     128A      0.402935   129A      0.409419   130A      0.414411  
     131A      0.430232   132A      0.440855   133A      0.444813  
     134A      0.460121   135A      0.469500   136A      0.476769  
     137A      0.491858   138A      0.517818   139A      0.535599  
     140A      0.550765   141A      0.566039   142A      0.580730  
     143A      0.588668   144A      0.602311   145A      0.606136  
     146A      0.607340   147A      0.614906   148A      0.617783  
     149A      0.620303   150A      0.626290   151A      0.650750  
     152A      0.654435   153A      0.661816   154A      0.676340  
     155A      0.676949   156A      0.681575   157A      0.684598  
     158A      0.690664   159A      0.711187   160A      0.715192  
     161A      0.720673   162A      0.733647   163A      0.736546  
     164A      0.748315   165A      0.758165   166A      0.760170  
     167A      0.783410   168A      0.786276   169A      0.786799  
     170A      0.806213   171A      0.809510   172A      0.840588  
     173A      0.844552   174A      0.852224   175A      0.860923  
     176A      0.864307   177A      0.883356   178A      0.887999  
     179A      0.898331   180A      0.922624   181A      0.940780  
     182A      0.945826   183A      0.948288   184A      0.953518  
     185A      0.962500   186A      0.972497   187A      0.978798  
     188A      0.986691   189A      0.989436   190A      0.990806  
     191A      1.008667   192A      1.027540   193A      1.036605  
     194A      1.043054   195A      1.054950   196A      1.057099  
     197A      1.069385   198A      1.071888   199A      1.073218  
     200A      1.086998   201A      1.105260   202A      1.128748  
     203A      1.132949   204A      1.139770   205A      1.145160  
     206A      1.146543   207A      1.155675   208A      1.173661  
     209A      1.191296   210A      1.204689   211A      1.217104  
     212A      1.221526   213A      1.233141   214A      1.234150  
     215A      1.284317   216A      1.307169   217A      1.320726  
     218A      1.344365   219A      1.355598   220A      1.371805  
     221A      1.395082   222A      1.456474   223A      1.458657  
     224A      1.472461   225A      1.513401   226A      1.528010  
     227A      1.548503   228A      1.580953   229A      1.587178  
     230A      1.595553   231A      1.599239   232A      1.605934  
     233A      1.612951   234A      1.623375   235A      1.642347  
     236A      1.646952   237A      1.654987   238A      1.660657  
     239A      1.696381   240A      1.710562   241A      1.718708  
     242A      1.719045   243A      1.755518   244A      1.780101  
     245A      1.802268   246A      1.811882   247A      1.818101  
     248A      1.825497   249A      1.828181   250A      1.851954  
     251A      1.864034   252A      1.868811   253A      1.877841  
     254A      1.885633   255A      1.918311   256A      1.945962  
     257A      1.953205   258A      1.971654   259A      1.976643  
     260A      1.995343   261A      2.023600   262A      2.027666  
     263A      2.037423   264A      2.059322   265A      2.075731  
     266A      2.105354   267A      2.121193   268A      2.139884  
     269A      2.142357   270A      2.150068   271A      2.178565  
     272A      2.204550   273A      2.213409   274A      2.217642  
     275A      2.233145   276A      2.241406   277A      2.289207  
     278A      2.324563   279A      2.326378   280A      2.327426  
     281A      2.363089   282A      2.389977   283A      2.393024  
     284A      2.424724   285A      2.443579   286A      2.481670  
     287A      2.481816   288A      2.514530   289A      2.522306  
     290A      2.540302   291A      2.557317   292A      2.559431  
     293A      2.663461   294A      2.665412   295A      2.677840  
     296A      2.715464   297A      2.732555   298A      2.760371  
     299A      2.763632   300A      2.772488   301A      2.779490  
     302A      2.786936   303A      2.789646   304A      2.794249  
     305A      2.828305   306A      2.836535   307A      2.857849  
     308A      2.868115   309A      2.869811   310A      2.884540  
     311A      2.899528   312A      2.918185   313A      2.939758  
     314A      2.952186   315A      2.954304   316A      2.964046  
     317A      2.990472   318A      2.996109   319A      3.013618  
     320A      3.030915   321A      3.034098   322A      3.036297  
     323A      3.042424   324A      3.059240   325A      3.072684  
     326A      3.094797   327A      3.115077   328A      3.172775  
     329A      3.191532   330A      3.271279   331A      3.309920  
     332A      3.345644   333A      3.411548   334A      3.432648  
     335A      3.452783   336A      3.463748   337A      3.504049  
     338A      3.547901   339A      3.599370   340A      3.616644  
     341A      3.646713   342A      3.680733   343A      3.707996  
     344A      3.722774   345A      3.753821   346A      3.794033  
     347A      3.835485   348A      3.852046   349A      3.966641  
     350A      3.974532   351A      4.004316   352A      4.011754  
     353A      4.036362   354A      4.056504   355A      4.088424  
     356A      4.176645   357A      4.267418   358A      4.370174  
     359A      4.400954   360A      4.521596   361A      4.599450  
     362A      4.932614   363A      4.949737   364A      5.067658  
     365A      5.164137   366A      5.216921   367A      5.397688  
     368A      5.414875   369A      5.919024   370A     23.748500  
     371A     23.874192   372A     23.991773   373A     24.028959  
     374A     24.046190   375A     24.089839   376A     24.121570  
     377A     24.158896   378A     24.240222   379A     24.318115  
     380A     24.382654   381A     35.751152   382A     35.774993  
     383A     35.820636   384A     50.175568  

    Final Occupation by Irrep:
              A 
    DOCC [    52 ]
    NA   [    52 ]
    NB   [    52 ]

  @DF-RKS Final Energy:  -664.00367885182675

   => Energetics <=

    Nuclear Repulsion Energy =            877.1971595009466682
    One-Electron Energy =               -2639.3077530935938739
    Two-Electron Energy =                1161.9963375714537506
    DFT Exchange-Correlation Energy =     -63.8767510935301956
    Empirical Dispersion Energy =          -0.0126717371032327
    VV10 Nonlocal Energy =                  0.0000000000000000
    Total Energy =                       -664.0036788518267485

Computation Completed


Properties will be evaluated at   0.000000,   0.000000,   0.000000 [a0]

Properties computed using the SCF density matrix


 Multipole Moments:

 ------------------------------------------------------------------------------------
     Multipole            Electronic (a.u.)      Nuclear  (a.u.)        Total (a.u.)
 ------------------------------------------------------------------------------------

 L = 1.  Multiply by 2.5417464519 to convert [e a0] to [Debye]
 Dipole X            :         62.2643562          -61.0069354            1.2574208
 Dipole Y            :         20.5894099          -19.5383197            1.0510902
 Dipole Z            :        -17.1995990           15.9446662           -1.2549328
 Magnitude           :                                                    2.0641594

 ------------------------------------------------------------------------------------

*** tstop() called on eristm01.eisai.local at Wed May 20 10:20:55 2026
Module time:
	user time   =     229.09 seconds =       3.82 minutes
	system time =       2.67 seconds =       0.04 minutes
	total time  =         30 seconds =       0.50 minutes
Total time:
	user time   =   45523.72 seconds =     758.73 minutes
	system time =    1583.08 seconds =      26.38 minutes
	total time  =       6521 seconds =     108.68 minutes
