Name,RC,SMILES,charge,QCa,QCb,E_HOMO,E_LUMO,f_plus_Cb,f_minus_Cb,f_zero_Cb,f_plus_Ca,f_minus_Ca,f_zero_Ca,"E(opt, kcal/mol)","time(opt, sec)","E(rattled, kcal/mol)","E(initial, kcal/mol)"
S2-20.1,reactant,[H]c1c([H])c(N([H])C(=O)[C:91]([H])=[C:92]([H])[H])c([H])c([H])c1N([H])[H],0,-0.14971058,-0.28200856,-180.0416842587856,15.892097082764456,0.14929953,0.07616913,0.11273433,0.069494635,-0.013944969,0.027774833,-335137.59991052473,18.132036849856377,-335134.41816405486,-335136.31052276306
S2-20.1,intermediate,[H]c1c([H])c(N([H])C(=O)[C-:91]([H])[C:92]([H])([H])[S:93]C([H])([H])[H])c([H])c([H])c1N([H])[H],-1,-0.48691118,-0.11493621,-61.53581031664892,111.41661982884922,0.001313962,0.023427196,0.012370579,-0.028022438,0.30240202,0.13718979,-610133.8267505326,20.606991197913885,-610127.9787130025,-610130.2037031786
S2-20.1,product,[H]c1c([H])c(N([H])C(=O)[C:91]([H])([H])[C:92]([H])([H])[S:93]C([H])([H])[H])c([H])c([H])c1N([H])[H],0,-0.13119276,-0.0995424,-176.7734262271634,20.60912038086882,-0.043560397,-0.0548568,-0.049208596,0.025982186,-0.008385107,0.00879854,-610502.5136486755,1.4974342677742243,-610499.1565015916,-610500.9712510739
S2-22.1,reactant,[H]c1c([H])c([H])c(C([H])([H])N([H])C(=O)[C:91]([H])=[C:92]([H])[H])c([H])c1[H],0,-0.16072752,-0.2837895,-210.00660365516123,16.086679064174,0.13357338,0.071756124,0.102664754,0.043054342,-0.006398365,0.018327989,-325059.95085491147,2.816925309598446,-325056.0101403019,-325058.4016880409
S2-22.1,intermediate,[H]c1c([H])c([H])c(C([H])([H])N([H])C(=O)[C-:91]([H])[C:92]([H])([H])[S:93]C([H])([H])[H])c([H])c1[H],-1,-0.55218196,-0.11383915,-72.24068186375027,110.02825266148922,0.008042306,0.022030957,0.015036631,-0.06542936,0.5036277,0.2190992,-600055.1848141038,2.6812790986150503,-600048.0864932213,-600050.5779339996
S2-22.1,product,[H]c1c([H])c([H])c(C([H])([H])N([H])C(=O)[C:91]([H])([H])[C:92]([H])([H])[S:93]C([H])([H])[H])c([H])c1[H],0,-0.14312534,-0.105896294,-192.85261944374705,17.572938649505275,-0.03379724,-0.03937295,-0.036585096,0.057701692,0.0099933,0.033847496,-600426.5257570893,1.7031784262508154,-600422.9054353639,-600425.4050464727
S2-22.2,reactant,[H]c1c([H])c([H])c(C([H])([H])N([H])C(=O)[C:91]([H])=[C:92]([H])[H])c([H])c1[H],0,-0.15887631,-0.28339267,-208.72680469091802,16.04005942043067,0.14108074,0.07223205,0.106656395,0.058622703,-0.0065107495,0.026055977,-325059.76842722023,1.7609436810016632,-325056.1418303646,-325058.40064215154
S2-22.2,intermediate,[H]c1c([H])c([H])c(C([H])([H])N([H])C(=O)[C-:91]([H])[C:92]([H])([H])[S:93]C([H])([H])[H])c([H])c1[H],-1,-0.5167701,-0.11183648,-68.39684002850035,111.54252367929776,0.0044858158,0.040785536,0.022635676,-0.028762013,0.3977375,0.18448775,-600053.1791043817,3.3637272976338863,-600040.7586957166,-600044.2743740423
S2-22.2,product,[H]c1c([H])c([H])c(C([H])([H])N([H])C(=O)[C:91]([H])([H])[C:92]([H])([H])[S:93]C([H])([H])[H])c([H])c1[H],0,-0.13861437,-0.105359145,-193.23650275153489,17.57180792689051,-0.03988435,-0.03968776,-0.039786056,0.069831505,0.013850972,0.04184124,-600426.8217726176,1.7438693698495626,-600422.703956665,-600425.6914430312
S2-22.3,reactant,[H]c1c([H])c([H])c(C([H])([H])N([H])C(=O)[C:91]([H])=[C:92]([H])[H])c([H])c1[H],0,-0.16056404,-0.28384075,-209.9593352848564,16.096846047943533,0.13419366,0.07188545,0.103039555,0.043100893,-0.0064698756,0.018315509,-325059.9511328162,2.7452212646603584,-325056.353783239,-325058.44798512186
S2-22.3,intermediate,[H]c1c([H])c([H])c(C([H])([H])N([H])C(=O)[C-:91]([H])[C:92]([H])([H])[S:93]C([H])([H])[H])c([H])c1[H],-1,-0.50993884,-0.11336294,-68.02331874796816,113.92985364844039,0.005967103,0.02334597,0.014656536,-0.050448835,0.44366065,0.1966059,-600056.2120685683,2.5709320958703756,-600048.7774826814,-600050.9220889832
S2-22.3,product,[H]c1c([H])c([H])c(C([H])([H])N([H])C(=O)[C:91]([H])([H])[C:92]([H])([H])[S:93]C([H])([H])[H])c([H])c1[H],0,-0.1373151,-0.106191106,-193.37105277616595,17.498136792510383,-0.04056958,-0.037956767,-0.039263174,0.068652794,0.011743531,0.040198162,-600426.7343274056,2.1248809099197388,-600422.3785043635,-600425.4708045282
S2-22.4,reactant,[H]c1c([H])c([H])c(C([H])([H])N([H])C(=O)[C:91]([H])=[C:92]([H])[H])c([H])c1[H],0,-0.15517877,-0.28202987,-212.80174023733304,19.16450886258611,0.14820117,0.09945293,0.12382705,0.05638644,-0.004099801,0.02614332,-325060.78869327623,1.2641096264123917,-325059.102132324,-325060.178690761
S2-22.4,intermediate,[H]c1c([H])c([H])c(C([H])([H])N([H])C(=O)[C-:91]([H])[C:92]([H])([H])[S:93]C([H])([H])[H])c([H])c1[H],-1,-0.5178398,-0.11188312,-68.47846378227702,111.558981932666,0.0035183206,0.040459402,0.021988861,-0.028678298,0.39937788,0.18534979,-600053.2026856749,3.3053511399775743,-600043.1062430294,-600044.9753366567
S2-22.4,product,[H]c1c([H])c([H])c(C([H])([H])N([H])C(=O)[C:91]([H])([H])[C:92]([H])([H])[S:93]C([H])([H])[H])c([H])c1[H],0,-0.1373399,-0.10661303,-193.43269042605328,17.444841403599717,-0.040450357,-0.038309194,-0.039379776,0.06796476,0.011393279,0.03967902,-600426.7389076335,2.1619868632405996,-600422.9230095621,-600425.439623755
S2-22.5,reactant,[H]c1c([H])c([H])c(C([H])([H])N([H])C(=O)[C:91]([H])=[C:92]([H])[H])c([H])c1[H],0,-0.16067348,-0.28383893,-209.9801476023829,16.126793774481097,0.13348654,0.071520165,0.10250335,0.04346834,-0.006364599,0.018551871,-325059.9513699383,2.79172414727509,-325056.85812905093,-325058.4333475965
S2-22.5,intermediate,[H]c1c([H])c([H])c(C([H])([H])N([H])C(=O)[C-:91]([H])[C:92]([H])([H])[S:93]C([H])([H])[H])c([H])c1[H],-1,-0.54962736,-0.11365641,-72.0463371246943,109.7744204532237,0.008322485,0.02238448,0.015353482,-0.06279826,0.49872822,0.21796498,-600055.1477056523,2.4668831788003445,-600048.3311033209,-600050.3981325314
S2-22.5,product,[H]c1c([H])c([H])c(C([H])([H])N([H])C(=O)[C:91]([H])([H])[C:92]([H])([H])[S:93]C([H])([H])[H])c([H])c1[H],0,-0.13719821,-0.106253035,-193.46049443991416,17.56705541477957,-0.040080927,-0.038228057,-0.039154492,0.06606893,0.010341018,0.038204975,-600426.7488825306,2.4283464401960373,-600423.2302025736,-600425.4666256345
S2-22.6,reactant,[H]c1c([H])c([H])c(C([H])([H])N([H])C(=O)[C:91]([H])=[C:92]([H])[H])c([H])c1[H],0,-0.15508124,-0.28204498,-212.80207658513459,19.166107924981894,0.1479756,0.09939852,0.12368706,0.05635123,-0.0042290837,0.026061073,-325060.78833937016,1.1730970218777657,-325058.4853820304,-325060.1757154123
S2-22.6,intermediate,[H]c1c([H])c([H])c(C([H])([H])N([H])C(=O)[C-:91]([H])[C:92]([H])([H])[S:93]C([H])([H])[H])c([H])c1[H],-1,-0.5173593,-0.11188818,-68.41948051689624,111.51352220993034,0.003841564,0.040607147,0.022224355,-0.02879402,0.39878306,0.18499452,-600053.1987074752,3.197035139426589,-600042.0792126583,-600045.2418237061
S2-22.6,product,[H]c1c([H])c([H])c(C([H])([H])N([H])C(=O)[C:91]([H])([H])[C:92]([H])([H])[S:93]C([H])([H])[H])c([H])c1[H],0,-0.14665647,-0.12386659,-193.11981783693093,16.772696979225802,-0.026783533,-0.020641863,-0.023712698,0.029410824,0.007975087,0.018692955,-600427.3876249683,3.756368152797222,-600423.1516446808,-600425.4346879678
S2-23.1,reactant,[H]c1c([H])c([H])c(N(C(=O)[C:91]([H])=[C:92]([H])[H])C([H])([H])[H])c([H])c1[H],0,-0.16346921,-0.2881513,-197.96871154599162,14.518521558289237,0.16289103,0.10520758,0.1340493,0.06017071,-0.004163459,0.028003626,-325051.0664995527,2.281874230131507,-325046.1271518314,-325048.60931804235
S2-23.1,intermediate,[H]c1c([H])c([H])c(N(C(=O)[C-:91]([H])[C:92]([H])([H])[S:93]C([H])([H])[H])C([H])([H])[H])c([H])c1[H],-1,-0.41674116,-0.105580725,-65.67071512358399,112.8658934244273,-0.028560884,-0.001072675,-0.01481678,-0.028162062,0.3348058,0.15332186,-600047.1053476024,3.053788620978594,-600041.3907288787,-600043.7896193108
S2-23.1,product,[H]c1c([H])c([H])c(N(C(=O)[C:91]([H])([H])[C:92]([H])([H])[S:93]C([H])([H])[H])C([H])([H])[H])c([H])c1[H],0,-0.13216326,-0.112757094,-189.8291311823193,19.083491640236748,-0.053193156,-0.04579299,-0.049493074,0.038403064,0.0071837753,0.02279342,-600416.8015899345,2.3571720272302628,-600412.5634934871,-600415.1745082322
S2-23.2,reactant,[H]c1c([H])c([H])c(N(C(=O)[C:91]([H])=[C:92]([H])[H])C([H])([H])[H])c([H])c1[H],0,-0.16364472,-0.28801143,-198.19479045473457,14.632103009150494,0.16346034,0.10541913,0.13443974,0.05996014,-0.0039261132,0.028017014,-325051.0601638432,1.9190014321357012,-325047.25262681866,-325049.4189558407
S2-23.2,intermediate,[H]c1c([H])c([H])c(N(C(=O)[C-:91]([H])[C:92]([H])([H])[S:93]C([H])([H])[H])C([H])([H])[H])c([H])c1[H],-1,-0.40062863,-0.10919069,-68.98721162202298,113.83440620094561,-0.01190909,0.014040329,0.0010656193,-0.038174212,0.28840014,0.12511297,-600046.8120837517,1.292138697579503,-600042.7588838916,-600044.880934604
S2-23.2,product,[H]c1c([H])c([H])c(N(C(=O)[C:91]([H])([H])[C:92]([H])([H])[S:93]C([H])([H])[H])C([H])([H])[H])c([H])c1[H],0,-0.13314787,-0.1127131,-189.8232007052415,19.269379192387845,-0.052909005,-0.045444444,-0.049176723,0.03950198,0.007508084,0.023505032,-600416.5606412754,1.2573597691953182,-600412.5527372658,-600415.2039367625
S2-23.3,reactant,[H]c1c([H])c([H])c(N(C(=O)[C:91]([H])=[C:92]([H])[H])C([H])([H])[H])c([H])c1[H],0,-0.16353072,-0.28807256,-198.1533526493369,14.647855705678124,0.1635924,0.10535021,0.1344713,0.059468165,-0.004138887,0.027664639,-325051.06234775553,2.018218904733658,-325047.4651122273,-325049.43101191917
S2-23.3,intermediate,[H]c1c([H])c([H])c(N(C(=O)[C-:91]([H])[C:92]([H])([H])[S:93]C([H])([H])[H])C([H])([H])[H])c([H])c1[H],-1,-0.43109792,-0.105670705,-67.68350901325667,114.16540134822482,-0.011729613,0.009331793,-0.0011989102,-0.0341776,0.31198335,0.13890287,-600050.8783017677,3.2151925694197416,-600045.1801761267,-600047.6371436323
S2-23.3,product,[H]c1c([H])c([H])c(N(C(=O)[C:91]([H])([H])[C:92]([H])([H])[S:93]C([H])([H])[H])C([H])([H])[H])c([H])c1[H],0,-0.13712704,-0.124452494,-187.74016600476534,21.627202139154438,-0.04130078,-0.029040553,-0.035170667,0.02802895,0.0121849105,0.02010693,-600415.6326214904,1.8451587818562984,-600411.1139754669,-600413.9550831729
S2-23.4,reactant,[H]c1c([H])c([H])c(N(C(=O)[C:91]([H])=[C:92]([H])[H])C([H])([H])[H])c([H])c1[H],0,-0.1635849,-0.28806385,-197.9768717506176,14.506682171631807,0.1630708,0.10510966,0.13409023,0.05995983,-0.004068911,0.027945459,-325051.0677070552,2.3041519839316607,-325047.32314111816,-325048.73455990775
S2-23.4,intermediate,[H]c1c([H])c([H])c(N(C(=O)[C-:91]([H])[C:92]([H])([H])[S:93]C([H])([H])[H])C([H])([H])[H])c([H])c1[H],-1,-0.38655427,-0.10606995,-66.23579738966727,113.5182697936678,0.0037653,0.018876106,0.011320703,-0.025641143,0.24471258,0.10953572,-600051.9905352184,1.8481531497091055,-600045.9009029549,-600049.4808396777
S2-23.4,product,[H]c1c([H])c([H])c(N(C(=O)[C:91]([H])([H])[C:92]([H])([H])[S:93]C([H])([H])[H])C([H])([H])[H])c([H])c1[H],0,-0.13395455,-0.11398626,-190.3153113763777,19.51745954132976,-0.059261385,-0.049939938,-0.054600663,0.059027135,0.023295417,0.041161276,-600417.079191233,1.597822779789567,-600412.359896018,-600415.4794861819
S2-21.1,reactant,[H]c1c([H])c(N([H])C(=O)[C:91]([H])=[C:92]([H])[H])c([H])c([H])c1F,0,-0.15371618,-0.27333638,-200.9100374734966,9.483611648265317,0.15229821,0.09422566,0.123261936,0.07531345,-0.0022227764,0.036545336,-362686.643001411,0.6598376203328371,-362684.0995453347,-362685.8693398977
S2-21.1,intermediate,[H]c1c([H])c(N([H])C(=O)[C-:91]([H])[C:92]([H])([H])[S:93]C([H])([H])[H])c([H])c([H])c1F,-1,-0.49673936,-0.11681734,-68.01676769706968,106.69926904414045,-0.03135909,0.016352184,-0.0075034536,-0.013053298,0.3673012,0.17712395,-637683.8865897065,1.7393413446843624,-637680.4159099101,-637681.6100274995
S2-21.1,product,[H]c1c([H])c(N([H])C(=O)[C:91]([H])([H])[C:92]([H])([H])[S:93]C([H])([H])[H])c([H])c([H])c1F,0,-0.13428958,-0.10620611,-192.86938462798062,14.721577695883427,-0.045855157,-0.04420414,-0.045029648,0.038640216,0.003553778,0.021096997,-638051.5718064378,1.0374488178640604,-638048.1653918587,-638050.444767001
S2-24.1,reactant,[H]c1c([H])c([H])c(N([H])C(=O)[C:91]([H])=[C:92]([H])[H])c([H])c1[H],0,-0.14938284,-0.27900138,-202.5183120340164,12.048307585239534,0.13313162,0.06648187,0.09980675,0.06096071,0.001149565,0.031055138,-300374.33927318134,0.9350279290229082,-300370.95483624976,-300373.4396493828
S2-24.1,intermediate,[H]c1c([H])c([H])c(N([H])C(=O)[C-:91]([H])[C:92]([H])([H])[S:93]C([H])([H])[H])c([H])c1[H],-1,-0.48506564,-0.112021536,-64.93217667776213,113.42576271066609,-0.039804146,0.013687514,-0.013058316,-0.005785793,0.35148996,0.17285207,-575370.5589632461,1.825822852551937,-575366.3828515299,-575368.1096241714
S2-24.1,product,[H]c1c([H])c([H])c(N([H])C(=O)[C:91]([H])([H])[C:92]([H])([H])[S:93]C([H])([H])[H])c([H])c1[H],0,-0.13433944,-0.1021351,-192.8560102864051,18.98318045785837,-0.044795062,-0.04729552,-0.04604529,0.040071204,0.0071386546,0.02360493,-575740.3037880124,1.116093721240759,-575737.5976974585,-575739.3290053145
S2-26.1,reactant,[H]c1c([H])c(N([H])C(=O)[C:91]([H])=[C:92]([H])[H])c([H])c([H])c1OC([H])([H])[H],0,-0.15124902,-0.2812207,-185.7798527170772,11.987020951310907,0.10917038,0.05486758,0.08201898,0.03301674,-0.005252987,0.013881877,-372285.14275384595,1.1328756269067526,-372281.28393619886,-372284.06349244324
S2-26.1,intermediate,[H]c1c([H])c(N([H])C(=O)[C-:91]([H])[C:92]([H])([H])[S:93]C([H])([H])[H])c([H])c([H])c1OC([H])([H])[H],-1,-0.49561042,-0.11581369,-63.413477434066955,106.55185620686458,0.008450396,0.024425529,0.016437963,-0.023810625,0.3183059,0.14724764,-647283.197465919,2.1351064182817936,-647277.4215109908,-647280.5002958693
S2-26.1,product,[H]c1c([H])c(N([H])C(=O)[C:91]([H])([H])[C:92]([H])([H])[S:93]C([H])([H])[H])c([H])c([H])c1OC([H])([H])[H],0,-0.13184814,-0.10202115,-179.71509150989434,16.50819242151694,-0.041718516,-0.050560556,-0.04613954,0.032419905,-0.0051526725,0.013633616,-647650.7803394145,1.0952978674322367,-647647.1518484942,-647649.7130601269
S2-26.2,reactant,[H]c1c([H])c(N([H])C(=O)[C:91]([H])=[C:92]([H])[H])c([H])c([H])c1OC([H])([H])[H],0,-0.15212834,-0.2813722,-185.88567388641152,12.258526420373316,0.10800904,0.054290056,0.08114955,0.036561012,-0.004417345,0.016071834,-372285.07519031153,1.0074142683297396,-372282.33073423477,-372283.9985113644
S2-26.2,intermediate,[H]c1c([H])c(N([H])C(=O)[C-:91]([H])[C:92]([H])([H])[S:93]C([H])([H])[H])c([H])c([H])c1OC([H])([H])[H],-1,-0.5211868,-0.11046645,-65.41043896733665,108.20425253270015,-0.009503692,0.022910833,0.0067035705,-0.01390028,0.31415486,0.15012729,-647281.4109614204,3.4764458127319813,-647273.8768394438,-647276.5505620574
S2-26.2,product,[H]c1c([H])c(N([H])C(=O)[C:91]([H])([H])[C:92]([H])([H])[S:93]C([H])([H])[H])c([H])c([H])c1OC([H])([H])[H],0,-0.13170172,-0.101947576,-179.69763289562482,16.52573375606514,-0.041525632,-0.05061972,-0.046072677,0.032286763,-0.0052951574,0.013495803,-647650.7794586989,1.0989131983369589,-647647.2761735868,-647649.7159387416
S2-25.1,reactant,[H]c1c([H])c([H])c(C([H])([H])[H])c(N([H])C(=O)[C:91]([H])=[C:92]([H])[H])c1[H],0,-0.14860088,-0.28204048,-197.3561322966905,13.08280479755617,0.1491946,0.088717446,0.11895602,0.09897797,-0.0076913685,0.0456433,-325063.80679626897,0.4134625382721424,-325062.31775526254,-325063.0951109843
S2-25.1,intermediate,[H]c1c([H])c([H])c(C([H])([H])[H])c(N([H])C(=O)[C-:91]([H])[C:92]([H])([H])[S:93]C([H])([H])[H])c1[H],-1,-0.48423788,-0.118522614,-64.92192962274406,111.39346513430415,-0.0026559979,0.028747417,0.01304571,-0.025323927,0.34421623,0.15944615,-600061.920994088,2.0760614406317472,-600056.930681085,-600059.1146492664
S2-25.1,product,[H]c1c([H])c([H])c(C([H])([H])[H])c(N([H])C(=O)[C:91]([H])([H])[C:92]([H])([H])[S:93]C([H])([H])[H])c1[H],0,-0.14257236,-0.11711083,-189.0031009184243,19.92184034519078,-0.010507993,-0.0221553,-0.016331647,0.019598976,0.0052462667,0.012422621,-600430.1638217618,2.6630017049610615,-600426.198505423,-600427.8847002186
S2-25.2,reactant,[H]c1c([H])c([H])c(C([H])([H])[H])c(N([H])C(=O)[C:91]([H])=[C:92]([H])[H])c1[H],0,-0.165194,-0.2754129,-202.45469911343574,17.38349786720136,0.16407558,0.09086566,0.12747061,0.085993946,-0.0033737123,0.041310117,-325062.14889509673,1.8502600640058517,-325059.512886382,-325060.8415369444
S2-25.2,intermediate,[H]c1c([H])c([H])c(C([H])([H])[H])c(N([H])C(=O)[C-:91]([H])[C:92]([H])([H])[S:93]C([H])([H])[H])c1[H],-1,-0.48443165,-0.11841062,-64.92617673428138,111.37661058011882,-0.0024155974,0.028803349,0.013193876,-0.025240123,0.34416872,0.1594643,-600061.929918784,2.1001438293606043,-600056.7457885424,-600059.0722221626
S2-25.2,product,[H]c1c([H])c([H])c(C([H])([H])[H])c(N([H])C(=O)[C:91]([H])([H])[C:92]([H])([H])[S:93]C([H])([H])[H])c1[H],0,-0.14002685,-0.10779124,-191.69353995440696,21.607513974730132,-0.041445337,-0.043483622,-0.04246448,0.07123202,0.032002322,0.05161717,-600427.4729251739,1.6950734723359346,-600423.8378770171,-600425.5655369742
S2-25.3,reactant,[H]c1c([H])c([H])c(C([H])([H])[H])c(N([H])C(=O)[C:91]([H])=[C:92]([H])[H])c1[H],0,-0.1655367,-0.2754268,-202.34303681952548,17.36160403940602,0.16397402,0.09074128,0.12735765,0.08539945,-0.003153786,0.04112283,-325062.13936484983,1.5733673516660929,-325059.21500328876,-325060.83755771525
S2-25.3,intermediate,[H]c1c([H])c([H])c(C([H])([H])[H])c(N([H])C(=O)[C-:91]([H])[C:92]([H])([H])[S:93]C([H])([H])[H])c1[H],-1,-0.45686063,-0.1219312,-66.58889601686245,112.89687523276326,-0.020414397,0.017934129,-0.0012401342,-0.017958015,0.41009113,0.19606656,-600056.6652382447,2.9413132704794407,-600051.613670157,-600053.6993596883
S2-25.3,product,[H]c1c([H])c([H])c(C([H])([H])[H])c(N([H])C(=O)[C:91]([H])([H])[C:92]([H])([H])[S:93]C([H])([H])[H])c1[H],0,-0.12998274,-0.10460651,-190.2337025607284,18.22904369253141,-0.042707052,-0.04588613,-0.044296592,0.04899226,0.004870504,0.026931383,-600428.762141769,1.3211566358804703,-600425.5574079085,-600427.6424297979
S2-27.1,reactant,[H]c1c([H])c([H])c(N([H])C(=O)[C:91]([H])=[C:92]([H])[H])c(C#N)c1[H],0,-0.14548971,-0.27006775,-208.73964688494533,-8.280771976074247,0.10000384,0.092776015,0.09638993,0.050309837,0.0033766031,0.02684322,-358305.20453834516,0.6078879553824663,-358302.7791722296,-358304.2466571326
S2-27.1,intermediate,[H]c1c([H])c([H])c(N([H])C(=O)[C-:91]([H])[C:92]([H])([H])[S:93]C([H])([H])[H])c(C#N)c1[H],-1,-0.49342388,-0.12228623,-72.99691365932308,94.84685362368609,-0.012240559,0.02187366,0.0048165508,-0.026990473,0.36366475,0.16833714,-633303.3891433009,2.483485657721758,-633295.6278258403,-633297.496068274
S2-27.1,product,[H]c1c([H])c([H])c(N([H])C(=O)[C:91]([H])([H])[C:92]([H])([H])[S:93]C([H])([H])[H])c(C#N)c1[H],0,-0.13222605,-0.11761209,-198.57350800833512,-3.134588203594303,-0.05461517,-0.03610912,-0.045362145,0.02694644,0.011898361,0.0194224,-633669.816644451,1.0929862279444933,-633665.951370939,-633668.5396022773
S2-27.2,reactant,[H]c1c([H])c([H])c(N([H])C(=O)[C:91]([H])=[C:92]([H])[H])c(C#N)c1[H],0,-0.14233339,-0.26880857,-209.48658188243226,-8.824678757370664,0.079377025,0.06430553,0.07184128,0.033512175,0.008177668,0.020844921,-358304.2358604412,2.1158205904066563,-358300.3671964581,-358302.6589053522
S2-27.2,intermediate,[H]c1c([H])c([H])c(N([H])C(=O)[C-:91]([H])[C:92]([H])([H])[S:93]C([H])([H])[H])c(C#N)c1[H],-1,-0.46263656,-0.122468404,-72.09079579306265,86.9144956488757,-0.020051405,0.022839472,0.0013940334,-0.015644312,0.3460539,0.1652048,-633308.0728958249,1.560582596808672,-633304.3170088037,-633305.7480637395
S2-27.2,product,[H]c1c([H])c([H])c(N([H])C(=O)[C:91]([H])([H])[C:92]([H])([H])[S:93]C([H])([H])[H])c(C#N)c1[H],0,-0.13220073,-0.11752442,-198.56827017084606,-3.0771638817204634,-0.054569483,-0.03621214,-0.04539081,0.026529536,0.011621766,0.01907565,-633669.825533484,1.1639986000955105,-633666.4461066481,-633668.5220465674
S2-27.3,reactant,[H]c1c([H])c([H])c(N([H])C(=O)[C:91]([H])=[C:92]([H])[H])c(C#N)c1[H],0,-0.1456574,-0.26996577,-208.74948869988597,-8.28866973719897,0.10007498,0.092757285,0.09641613,0.050165355,0.0034514666,0.02680841,-358305.20415489,0.6507350243628025,-358302.77409627946,-358304.25656421174
S2-27.3,intermediate,[H]c1c([H])c([H])c(N([H])C(=O)[C-:91]([H])[C:92]([H])([H])[S:93]C([H])([H])[H])c(C#N)c1[H],-1,-0.501237,-0.12438922,-72.75253915440278,91.22584459667797,-0.027956605,0.024710193,-0.0016232058,-0.017858803,0.35706115,0.16960117,-633308.0889752705,1.051146924495697,-633303.8939330044,-633305.4900750185
S2-27.3,product,[H]c1c([H])c([H])c(N([H])C(=O)[C:91]([H])([H])[C:92]([H])([H])[S:93]C([H])([H])[H])c(C#N)c1[H],0,-0.13862082,-0.12922473,-195.3946111029729,0.35304506730551993,-0.03029672,-0.0147511065,-0.022523914,0.013238773,0.011215821,0.012227297,-633670.9548950655,2.414500679820776,-633666.0488153748,-633668.2845700242
S2-29.1,reactant,[H]c1c([H])c(C([H])([H])[H])c([H])c([H])c1N([H])C(=O)[C:91]([H])=[C:92]([H])[H],0,-0.14987294,-0.28069872,-195.12187052410476,13.097486617687784,0.121584,0.058697626,0.09014081,0.04629734,-0.0039190054,0.021189168,-325062.2178828083,0.8750759642571211,-325059.44112355396,-325061.2421173555
S2-29.1,intermediate,[H]c1c([H])c(C([H])([H])[H])c([H])c([H])c1N([H])C(=O)[C-:91]([H])[C:92]([H])([H])[S:93]C([H])([H])[H],-1,-0.5065528,-0.10725561,-65.9650216278235,111.56745065286896,-0.017076664,0.023556218,0.003239777,-0.0097204745,0.312005,0.15114227,-600059.397938392,3.1455895956605673,-600052.1222965082,-600054.6429114545
S2-29.1,product,[H]c1c([H])c(C([H])([H])[H])c([H])c([H])c1N([H])C(=O)[C:91]([H])([H])[C:92]([H])([H])[S:93]C([H])([H])[H],0,-0.14083578,-0.118892655,-185.2093880875003,19.090608960928414,-0.02213648,-0.024402007,-0.023269244,0.019006133,0.0035428405,0.011274487,-600428.9599000112,1.5718715600669384,-600424.7732942054,-600426.8620689835
S2-28.1,reactant,[H]c1c([H])c(F)c([H])c(N([H])C(=O)[C:91]([H])=[C:92]([H])[H])c1[H],0,-0.15450233,-0.27301097,-205.23527821206363,7.967089490152537,0.15765089,0.097837314,0.12774411,0.08378364,0.0007044375,0.04224404,-362687.60192405817,0.7250059358775616,-362684.6669528955,-362686.89441433526
S2-28.1,intermediate,[H]c1c([H])c(F)c([H])c(N([H])C(=O)[C-:91]([H])[C:92]([H])([H])[S:93]C([H])([H])[H])c1[H],-1,-0.48976147,-0.11495039,-69.31769157605875,107.18530476504738,-8.352101e-06,0.025410786,0.012701217,-0.026674688,0.35600442,0.16466486,-637689.6158666437,1.7924258578568697,-637685.7156918128,-637687.452520811
S2-28.1,product,[H]c1c([H])c(F)c([H])c(N([H])C(=O)[C:91]([H])([H])[C:92]([H])([H])[S:93]C([H])([H])[H])c1[H],0,-0.14863521,-0.118551984,-194.92570589822927,11.93027609233233,-0.021578856,-0.015969768,-0.018774312,0.018034995,0.00585638,0.011945687,-638053.6689981217,2.792259456589818,-638048.8947442912,-638051.2225924003
S2-28.2,reactant,[H]c1c([H])c(F)c([H])c(N([H])C(=O)[C:91]([H])=[C:92]([H])[H])c1[H],0,-0.15364191,-0.27317244,-204.5749066356695,7.32734738855583,0.1544177,0.097045064,0.12573138,0.085105166,0.00019317865,0.042649172,-362687.4014981549,0.6889454368501902,-362684.1837621355,-362686.69981918286
S2-28.2,intermediate,[H]c1c([H])c(F)c([H])c(N([H])C(=O)[C-:91]([H])[C:92]([H])([H])[S:93]C([H])([H])[H])c1[H],-1,-0.50195134,-0.114268005,-69.91794344013272,108.60370151339782,-0.028307728,0.021721229,-0.0032932498,-0.011480778,0.34009326,0.16430624,-637687.8421883145,1.4929811395704746,-637681.8463486132,-637684.8315911803
S2-28.2,product,[H]c1c([H])c(F)c([H])c(N([H])C(=O)[C:91]([H])([H])[C:92]([H])([H])[S:93]C([H])([H])[H])c1[H],0,-0.13593434,-0.10695297,-195.31509536259256,13.391318858070543,-0.04544338,-0.04154504,-0.04349421,0.04381427,0.009569481,0.026691876,-638052.454700737,1.1126033645123243,-638048.7678988971,-638051.3477947969
S2-30.1,reactant,[H]c1nc(N([H])C(=O)[C:91]([H])=[C:92]([H])[H])c([H])c([H])c1[H],0,-0.15727884,-0.27421156,-206.13783323713147,7.985076888710346,0.14953887,0.09975943,0.12464915,0.056801215,0.00094003975,0.028870627,-310451.9213469711,0.41271702758967876,-310450.343203626,-310451.4669815887
S2-30.1,intermediate,[H]c1nc(N([H])C(=O)[C-:91]([H])[C:92]([H])([H])[S:93]C([H])([H])[H])c([H])c([H])c1[H],-1,-0.49858418,-0.11829648,-68.21477074383137,108.45736797234991,-0.029446125,0.022587232,-0.0034294464,-0.0003222525,0.34180492,0.17074133,-585448.9522631404,1.3001885060220957,-585444.0582087939,-585446.1748151205
S2-30.1,product,[H]c1nc(N([H])C(=O)[C:91]([H])([H])[C:92]([H])([H])[S:93]C([H])([H])[H])c([H])c([H])c1[H],0,-0.13986634,-0.10830267,-195.73716991444832,13.800734536025649,-0.04940163,-0.041371435,-0.04538653,0.028157264,0.008864298,0.018510781,-585817.0389024433,0.9672731906175613,-585814.3523666103,-585816.1855291161
S2-31.1,reactant,[H]c1c([H])c(N([H])C(=O)[C:91]([H])=[C:92]([H])[H])c([H])c([H])c1C#N,0,-0.1524469,-0.27116713,-206.01550283385367,-8.832332053138616,0.077365756,0.058944657,0.06815521,0.012426645,0.0008301139,0.006628379,-358302.2596214228,0.991107864305377,-358298.6621743533,-358300.91117401555
S2-31.1,intermediate,[H]c1c([H])c(N([H])C(=O)[C-:91]([H])[C:92]([H])([H])[S:93]C([H])([H])[H])c([H])c([H])c1C#N,-1,-0.4745359,-0.112952486,-75.91257915430816,84.7347706852871,-0.0053211004,0.019255318,0.0069671087,-0.0218094,0.29347223,0.13583142,-633312.2699038985,1.7700336892157793,-633306.9175377813,-633309.8028643532
S2-31.1,product,[H]c1c([H])c(N([H])C(=O)[C:91]([H])([H])[C:92]([H])([H])[S:93]C([H])([H])[H])c([H])c([H])c1C#N,0,-0.13421007,-0.11122864,-194.1706809244846,-3.1013383510275783,-0.050765794,-0.039096512,-0.04493115,0.014864236,0.0011138618,0.007989049,-633668.1336175286,1.1555263008922338,-633664.009111565,-633666.7554118689
S2-32.1,reactant,[H]c1c([H])c([H])c(C(N([H])C(=O)[C:91](C([H])([H])[H])=[C:92]([H])[H])(C([H])([H])[H])C([H])([H])[H])c([H])c1[H],0,0.008743481,-0.32692143,-197.1606753850682,15.764902805633016,0.12239578,0.07344234,0.09791906,0.0039952635,-0.04935353,-0.022679133,-399121.54477947985,2.065323943272233,-399117.0143032898,-399120.3126163602
S2-32.1,intermediate,[H]c1c([H])c([H])c(C(N([H])C(=O)[C-:91](C([H])([H])[H])[C:92]([H])([H])[S:93]C([H])([H])[H])(C([H])([H])[H])C([H])([H])[H])c([H])c1[H],-1,0.036383815,-0.33894387,-85.75203263996603,84.06806952684833,0.0874359,0.05844447,0.072940186,0.11226989,-0.03314763,0.03956113,-674124.8042577687,3.1694949623197317,-674117.0947720549,-674119.954620351
S2-32.1,product,[H]c1c([H])c([H])c(C(N([H])C(=O)[C:91]([H])(C([H])([H])[H])[C:92]([H])([H])[S:93]C([H])([H])[H])(C([H])([H])[H])C([H])([H])[H])c([H])c1[H],0,-0.08492118,-0.11178662,-184.34039148665914,12.568548427711782,-0.01444716,-0.019015476,-0.016731318,0.047603562,0.013230838,0.0304172,-674485.1499396748,1.7305329013615847,-674479.9287251865,-674483.5458413657
S2-32.2,reactant,[H]c1c([H])c([H])c(C(N([H])C(=O)[C:91](C([H])([H])[H])=[C:92]([H])[H])(C([H])([H])[H])C([H])([H])[H])c([H])c1[H],0,0.01011968,-0.32520437,-203.78285097368885,15.166905196839524,0.13501504,0.08406195,0.109538496,-0.035072606,-0.052786842,-0.043929726,-399123.01906511944,2.238599805161357,-399118.7163188043,-399121.5586904886
S2-32.2,intermediate,[H]c1c([H])c([H])c(C(N([H])C(=O)[C-:91](C([H])([H])[H])[C:92]([H])([H])[S:93]C([H])([H])[H])(C([H])([H])[H])C([H])([H])[H])c([H])c1[H],-1,0.042699177,-0.34712166,-83.01207783881235,83.36736785069832,0.078805834,0.061593413,0.07019962,0.04098067,-0.045389984,-0.0022046564,-674122.6484862755,5.988969974219799,-674112.3277250943,-674115.568691607
S2-32.2,product,[H]c1c([H])c([H])c(C(N([H])C(=O)[C:91]([H])(C([H])([H])[H])[C:92]([H])([H])[S:93]C([H])([H])[H])(C([H])([H])[H])C([H])([H])[H])c([H])c1[H],0,-0.08074338,-0.11466095,-186.44680289273978,10.771003782691428,-0.0129426345,-0.015396088,-0.014169361,0.046267666,0.032618415,0.03944304,-674485.9612231891,5.73183255083859,-674479.296945214,-674483.137935046
S2-32.3,reactant,[H]c1c([H])c([H])c(C(N([H])C(=O)[C:91](C([H])([H])[H])=[C:92]([H])[H])(C([H])([H])[H])C([H])([H])[H])c([H])c1[H],0,0.0018899954,-0.32538354,-194.1382089256958,16.714918765514316,0.16189304,0.10833323,0.13511313,0.039207853,-0.040058665,-0.0004254058,-399122.52016294445,1.9039147663861513,-399118.1861731352,-399121.1438947842
S2-32.3,intermediate,[H]c1c([H])c([H])c(C(N([H])C(=O)[C-:91](C([H])([H])[H])[C:92]([H])([H])[S:93]C([H])([H])[H])(C([H])([H])[H])C([H])([H])[H])c([H])c1[H],-1,0.045683112,-0.35478684,-77.9223747867358,78.1845800580006,0.08484092,0.06033516,0.07258804,0.047847513,-0.05787,-0.0050112437,-674109.5056441596,5.051035948097706,-674097.0865090063,-674100.2955986068
S2-32.3,product,[H]c1c([H])c([H])c(C(N([H])C(=O)[C:91]([H])(C([H])([H])[H])[C:92]([H])([H])[S:93]C([H])([H])[H])(C([H])([H])[H])C([H])([H])[H])c([H])c1[H],0,-0.07931069,-0.11435859,-186.44226351354453,10.645595514642963,-0.016600415,-0.018296435,-0.017448425,0.04980009,0.03391269,0.04185639,-674486.1344436707,7.340797316282988,-674480.3716301617,-674482.9424807513
S2-32.4,reactant,[H]c1c([H])c([H])c(C(N([H])C(=O)[C:91](C([H])([H])[H])=[C:92]([H])[H])(C([H])([H])[H])C([H])([H])[H])c([H])c1[H],0,0.0016820664,-0.32538906,-194.13176045374163,16.72653344837354,0.16254443,0.10854632,0.13554537,0.039022747,-0.039935894,-0.00045657344,-399122.5201435461,1.902481073513627,-399118.2886116174,-399121.11674885504
S2-32.4,intermediate,[H]c1c([H])c([H])c(C(N([H])C(=O)[C-:91](C([H])([H])[H])[C:92]([H])([H])[S:93]C([H])([H])[H])(C([H])([H])[H])C([H])([H])[H])c([H])c1[H],-1,0.019307459,-0.3766811,-85.87238144616214,83.82060494847236,0.17784488,0.075733304,0.1267891,0.04639852,-0.046543315,-7.2399154e-05,-674129.0347937376,3.024351106956601,-674120.7601666842,-674124.3840382013
S2-32.4,product,[H]c1c([H])c([H])c(C(N([H])C(=O)[C:91]([H])(C([H])([H])[H])[C:92]([H])([H])[S:93]C([H])([H])[H])(C([H])([H])[H])C([H])([H])[H])c([H])c1[H],0,-0.0904305,-0.11786205,-184.3459663642413,12.568894221701838,-0.008242786,-0.016286962,-0.012264874,0.01431974,-0.009162955,0.0025783926,-674484.2874849066,1.391357883810997,-674478.8478642018,-674482.5997386652
S2-32.5,reactant,[H]c1c([H])c([H])c(C(N([H])C(=O)[C:91](C([H])([H])[H])=[C:92]([H])[H])(C([H])([H])[H])C([H])([H])[H])c([H])c1[H],0,0.0019236339,-0.3253911,-194.15633991240955,16.708072471832622,0.16196525,0.10836156,0.1351634,0.039445236,-0.04006054,-0.00030765124,-399122.51592901215,1.9886299353092909,-399118.7098064455,-399121.10397403117
S2-32.5,intermediate,[H]c1c([H])c([H])c(C(N([H])C(=O)[C-:91](C([H])([H])[H])[C:92]([H])([H])[S:93]C([H])([H])[H])(C([H])([H])[H])C([H])([H])[H])c([H])c1[H],-1,0.03620566,-0.33738303,-85.92354562798121,83.59108839201562,0.086462796,0.05831009,0.07238644,0.10726428,-0.033220418,0.037021935,-674124.8537221048,3.460851928219199,-674116.6384650947,-674119.8592272425
S2-32.5,product,[H]c1c([H])c([H])c(C(N([H])C(=O)[C:91]([H])(C([H])([H])[H])[C:92]([H])([H])[S:93]C([H])([H])[H])(C([H])([H])[H])C([H])([H])[H])c([H])c1[H],0,-0.093445174,-0.10126985,-183.35663359714508,12.508949461396902,-0.006695412,-0.033839084,-0.020267248,0.06696584,0.0388756,0.05292072,-674484.1957994115,1.7763085775077343,-674478.7132866601,-674482.0890902241
S2-33.1,reactant,[H]c1c([H])c([H])c(N([H])C(=O)[C:91](C([H])([H])[H])=[C:92]([H])[H])c([H])c1[H],0,0.02359809,-0.32522082,-200.2152864390506,13.091767597285937,0.13887393,0.083704054,0.111288995,-0.00996891,-0.057503425,-0.03373617,-325063.5347600506,1.2376238498836756,-325059.74635849596,-325062.494700607
S2-33.1,intermediate,[H]c1c([H])c([H])c(N([H])C(=O)[C-:91](C([H])([H])[H])[C:92]([H])([H])[S:93]C([H])([H])[H])c([H])c1[H],-1,-0.3217766,-0.11222602,-61.60351434693148,112.90436192201803,-0.0012191087,0.013506904,0.006143898,-0.08462587,0.30192438,0.10864926,-600060.4588984008,3.075089843943715,-600052.8820825787,-600055.5170321775
S2-33.1,product,[H]c1c([H])c([H])c(N([H])C(=O)[C:91]([H])(C([H])([H])[H])[C:92]([H])([H])[S:93]C([H])([H])[H])c([H])c1[H],0,-0.07520632,-0.11374645,-189.21622028167462,17.97950185194209,-0.032264687,-0.035925403,-0.034095045,0.014727443,0.005985543,0.010356493,-600427.2919126017,2.5816984325647354,-600422.5241570753,-600424.5782913793
S2-34.1,reactant,[H]c1c([H])c([H])c(N([H])C(=O)[C:91]([H])=[C:92](C([H])([H])[H])C([H])([H])[H])c([H])c1[H],0,-0.20023194,0.027830757,-193.984436941031,12.110436881524171,-0.006440159,0.018035918,0.00579788,0.047938734,0.0060155243,0.02697713,-349750.5691861155,1.724751329049468,-349747.79542897426,-349749.64016827726
S2-34.1,intermediate,[H]c1c([H])c([H])c(N([H])C(=O)[C-:91]([H])[C:92](C([H])([H])[H])(C([H])([H])[H])[S:93]C([H])([H])[H])c([H])c1[H],-1,-0.43992415,0.11233123,-63.46154455600764,106.92070628161866,-0.023140937,0.01047302,-0.0063339584,-0.021040022,0.27775997,0.12835997,-624747.3852374946,1.9486008118838072,-624741.55806578,-624744.195122674
S2-34.1,product,[H]c1c([H])c([H])c(N([H])C(=O)[C:91]([H])([H])[C:92](C([H])([H])[H])(C([H])([H])[H])[S:93]C([H])([H])[H])c([H])c1[H],0,-0.12492293,0.07338398,-185.87302182716107,16.33158885418615,-0.041892663,-0.060532443,-0.051212553,0.02061136,0.006244339,0.01342785,-625113.2523541456,1.5856397096067667,-625109.8284519783,-625112.1380716547
S2-34.2,reactant,[H]c1c([H])c([H])c(N([H])C(=O)[C:91]([H])=[C:92](C([H])([H])[H])C([H])([H])[H])c([H])c1[H],0,-0.18793292,0.047702413,-194.17409548915904,12.094076161308541,0.033250708,0.08937545,0.06131308,0.059666008,-0.012165651,0.023750179,-349752.7824337201,1.4599531758576632,-349749.73184850806,-349751.966807074
S2-34.2,intermediate,[H]c1c([H])c([H])c(N([H])C(=O)[C-:91]([H])[C:92](C([H])([H])[H])(C([H])([H])[H])[S:93]C([H])([H])[H])c([H])c1[H],-1,-0.4438574,0.11179514,-63.387217722989135,107.17824437669164,-0.02430901,0.010338597,-0.006985206,-0.022487223,0.28150943,0.1295111,-624747.4008854311,2.75008456222713,-624740.5617188711,-624743.3569861981
S2-34.2,product,[H]c1c([H])c([H])c(N([H])C(=O)[C:91]([H])([H])[C:92](C([H])([H])[H])(C([H])([H])[H])[S:93]C([H])([H])[H])c([H])c1[H],0,-0.13619088,0.06613161,-183.88566012807362,16.80660455369732,-0.03615334,-0.044696532,-0.040424936,0.0054272413,0.009499535,0.007463388,-625112.6474701125,3.74005438759923,-625107.6065262504,-625109.8921993563
S2-34.3,reactant,[H]c1c([H])c([H])c(N([H])C(=O)[C:91]([H])=[C:92](C([H])([H])[H])C([H])([H])[H])c([H])c1[H],0,-0.18785495,0.047507044,-194.16653651064323,12.099646866810808,0.03303267,0.089569375,0.061301023,0.059565946,-0.012224063,0.023670942,-349752.7842436848,1.382676713168621,-349750.18377623515,-349751.9855636239
S2-34.3,intermediate,[H]c1c([H])c([H])c(N([H])C(=O)[C-:91]([H])[C:92](C([H])([H])[H])(C([H])([H])[H])[S:93]C([H])([H])[H])c([H])c1[H],-1,-0.4307611,0.10384309,-63.31920681217751,108.18245958546139,-0.054273188,-0.020673662,-0.037473425,-0.00795427,0.2885267,0.14028624,-624743.0757714243,1.464935751631856,-624738.2301344926,-624741.3823532317
S2-34.3,product,[H]c1c([H])c([H])c(N([H])C(=O)[C:91]([H])([H])[C:92](C([H])([H])[H])(C([H])([H])[H])[S:93]C([H])([H])[H])c([H])c1[H],0,-0.12496267,0.073137775,-185.9401424922783,16.26902837358723,-0.04224713,-0.060594738,-0.051420934,0.02083069,0.0064449683,0.01363783,-625113.2297016724,1.1550656016916037,-625109.2518094018,-625112.1341704216
S2-35.1,reactant,[H]c1c([H])c([H])c(N([H])C(=O)/[C:91]([H])=[C:92](\[H])C([H])([H])[H])c([H])c1[H],0,-0.17255606,-0.09165634,-197.49611799839275,15.168694544475674,0.10558756,0.06550415,0.08554585,0.087429,-0.012088329,0.037670337,-325065.2790023798,0.474171906709671,-325063.42444956943,-325064.62881280226
S2-35.1,intermediate,[H]c1c([H])c([H])c(N([H])C(=O)[C-:91]([H])[C:92]([H])(C([H])([H])[H])[S:93]C([H])([H])[H])c([H])c1[H],-1,-0.46400684,-0.005116564,-63.20069904972289,110.47204901999642,-0.04784114,0.004561864,-0.021639638,-0.009750903,0.31923026,0.15473968,-600057.3372162062,2.109906192868948,-600052.1426462609,-600054.3368060559
S2-35.1,product,[H]c1c([H])c([H])c(N([H])C(=O)[C:91]([H])([H])[C:92]([H])(C([H])([H])[H])[S:93]C([H])([H])[H])c([H])c1[H],0,-0.13053928,-0.028745372,-190.1903073599281,17.954856285558872,-0.050255746,-0.051543903,-0.050899826,0.027079463,0.0020539612,0.014566712,-600427.945550568,1.5293483175337315,-600425.1370592461,-600426.8633691339
S2-5.1,reactant,[H]c1nc(N([H])c2c([H])c([H])c(F)c(Cl)c2[H])c2c([H])c(N([H])C(=O)/[C:91]([H])=[C:92](\[H])C([H])([H])N3C([H])([H])C([H])([H])C([H])([H])C([H])([H])C3([H])[H])c(OC([H])([H])[H])c([H])c2n1,0,-0.14531855,-0.13911077,-156.52027492367094,-25.0233178111246,0.011334419,0.0121501535,0.011742286,-0.005516231,-0.009262174,-0.0073892027,-1201635.9406415226,2.057106314226985,-1201629.6623628803,-1201633.0756876916
S2-5.1,intermediate,[H]c1nc(N([H])c2c([H])c([H])c(F)c(Cl)c2[H])c2c([H])c(N([H])C(=O)[C-:91]([H])[C:92]([H])(C([H])([H])N3C([H])([H])C([H])([H])C([H])([H])C([H])([H])C3([H])[H])[S:93]C([H])([H])[H])c(OC([H])([H])[H])c([H])c2n1,-1,-0.48453602,-0.04278106,-69.1889327842858,44.83877206791976,0.0058959015,0.013687123,0.009791512,0.022962838,0.20269158,0.11282721,-1476642.001614329,3.103148812428117,-1476629.4309721591,-1476636.948198038
S2-5.1,product,[H]c1nc(N([H])c2c([H])c([H])c(F)c(Cl)c2[H])c2c([H])c(N([H])C(=O)[C:91]([H])([H])[C:92]([H])(C([H])([H])N3C([H])([H])C([H])([H])C([H])([H])C([H])([H])C3([H])[H])[S:93]C([H])([H])[H])c(OC([H])([H])[H])c([H])c2n1,0,-0.12916353,-0.074609384,-151.9733821344433,-24.879799385679096,-0.013141092,-0.010741904,-0.011941498,0.007052943,0.0065357387,0.006794341,-1477002.448754016,3.7689726799726486,-1476990.589627904,-1476996.895609977
S2-5.2,reactant,[H]c1nc(N([H])c2c([H])c([H])c(F)c(Cl)c2[H])c2c([H])c(N([H])C(=O)/[C:91]([H])=[C:92](\[H])C([H])([H])N3C([H])([H])C([H])([H])C([H])([H])C([H])([H])C3([H])[H])c(OC([H])([H])[H])c([H])c2n1,0,-0.1632369,-0.10750529,-156.31470300698064,-24.723855574901044,-0.008727416,-0.004884608,-0.0068060122,0.01332061,0.004036784,0.008678697,-1201643.58952214,1.9751474391669035,-1201634.982144912,-1201640.8892054248
S2-5.2,intermediate,[H]c1nc(N([H])c2c([H])c([H])c(F)c(Cl)c2[H])c2c([H])c(N([H])C(=O)[C-:91]([H])[C:92]([H])(C([H])([H])N3C([H])([H])C([H])([H])C([H])([H])C([H])([H])C3([H])[H])[S:93]C([H])([H])[H])c(OC([H])([H])[H])c([H])c2n1,-1,-0.48525968,-0.049751196,-67.97275868319714,46.450903119230446,-0.0037707575,0.0072374977,0.0017333701,0.0134646,0.18143097,0.09744778,-1476640.4201111759,3.413323111832142,-1476629.4704986138,-1476634.5884357058
S2-5.2,product,[H]c1nc(N([H])c2c([H])c([H])c(F)c(Cl)c2[H])c2c([H])c(N([H])C(=O)[C:91]([H])([H])[C:92]([H])(C([H])([H])N3C([H])([H])C([H])([H])C([H])([H])C([H])([H])C3([H])[H])[S:93]C([H])([H])[H])c(OC([H])([H])[H])c([H])c2n1,0,-0.12918553,-0.057693426,-151.75253263652016,-24.67520153170529,-0.023694653,-0.020881955,-0.022288304,0.0065693557,0.0053835213,0.0059764385,-1477003.2255564227,2.712744675576687,-1476992.729796719,-1476999.6939264678
S2-5.3,reactant,[H]c1nc(N([H])c2c([H])c([H])c(F)c(Cl)c2[H])c2c([H])c(N([H])C(=O)/[C:91]([H])=[C:92](\[H])C([H])([H])N3C([H])([H])C([H])([H])C([H])([H])C([H])([H])C3([H])[H])c(OC([H])([H])[H])c([H])c2n1,0,-0.15795101,-0.11110493,-156.33132603814533,-25.03707027818036,-0.011258431,-0.008547999,-0.009903215,0.021504328,0.0056715906,0.013587959,-1201635.4328394465,1.927334077656269,-1201627.3243405148,-1201632.6487354285
S2-5.3,intermediate,[H]c1nc(N([H])c2c([H])c([H])c(F)c(Cl)c2[H])c2c([H])c(N([H])C(=O)[C-:91]([H])[C:92]([H])(C([H])([H])N3C([H])([H])C([H])([H])C([H])([H])C([H])([H])C3([H])[H])[S:93]C([H])([H])[H])c(OC([H])([H])[H])c([H])c2n1,-1,-0.5062005,-0.056776747,-67.62605597764431,46.378734689906835,0.0057839826,0.014816444,0.0103002135,0.027656317,0.20220307,0.11492969,-1476645.5385685447,2.2677981555461884,-1476634.8207719272,-1476641.4177354544
S2-5.3,product,[H]c1nc(N([H])c2c([H])c([H])c(F)c(Cl)c2[H])c2c([H])c(N([H])C(=O)[C:91]([H])([H])[C:92]([H])(C([H])([H])N3C([H])([H])C([H])([H])C([H])([H])C([H])([H])C3([H])[H])[S:93]C([H])([H])[H])c(OC([H])([H])[H])c([H])c2n1,0,-0.13411726,-0.07552111,-151.86907951195477,-23.58235490225828,-0.028750125,-0.026777722,-0.027763924,0.0060779005,0.006811455,0.0064446777,-1477006.9951364247,4.4268362652510405,-1476995.914460291,-1477002.0782254164
S2-5.4,reactant,[H]c1nc(N([H])c2c([H])c([H])c(F)c(Cl)c2[H])c2c([H])c(N([H])C(=O)/[C:91]([H])=[C:92](\[H])C([H])([H])N3C([H])([H])C([H])([H])C([H])([H])C([H])([H])C3([H])[H])c(OC([H])([H])[H])c([H])c2n1,0,-0.14100851,-0.13533577,-155.1496787665386,-25.1672791165589,0.010209367,0.009697616,0.009953491,-0.0036827922,-0.008698791,-0.0061907917,-1201639.3270149434,1.459216257557273,-1201631.5177647714,-1201636.6019004
S2-5.4,intermediate,[H]c1nc(N([H])c2c([H])c([H])c(F)c(Cl)c2[H])c2c([H])c(N([H])C(=O)[C-:91]([H])[C:92]([H])(C([H])([H])N3C([H])([H])C([H])([H])C([H])([H])C([H])([H])C3([H])[H])[S:93]C([H])([H])[H])c(OC([H])([H])[H])c([H])c2n1,-1,-0.45294577,-0.035768762,-67.78063181552606,46.57683781054442,-0.0015744343,0.005660452,0.0020430088,0.019332081,0.17629212,0.0978121,-1476643.706702253,5.7923512272536755,-1476633.0032727465,-1476638.9055799167
S2-5.4,product,[H]c1nc(N([H])c2c([H])c([H])c(F)c(Cl)c2[H])c2c([H])c(N([H])C(=O)[C:91]([H])([H])[C:92]([H])(C([H])([H])N3C([H])([H])C([H])([H])C([H])([H])C([H])([H])C3([H])[H])[S:93]C([H])([H])[H])c(OC([H])([H])[H])c([H])c2n1,0,-0.1262465,-0.05800157,-151.94932653474345,-23.897321213470697,-0.029813245,-0.028739087,-0.029276166,0.0050730407,0.0029378757,0.004005458,-1477002.0365447637,2.3446370288729668,-1476992.0875096072,-1476998.6059303896
S2-5.5,reactant,[H]c1nc(N([H])c2c([H])c([H])c(F)c(Cl)c2[H])c2c([H])c(N([H])C(=O)/[C:91]([H])=[C:92](\[H])C([H])([H])N3C([H])([H])C([H])([H])C([H])([H])C([H])([H])C3([H])[H])c(OC([H])([H])[H])c([H])c2n1,0,-0.15364577,-0.112915464,-155.88080941069686,-25.311529603534336,-0.009900697,-0.008129448,-0.009015072,0.018251285,0.0033705682,0.010810927,-1201635.235768188,1.7459305468946695,-1201627.6234416661,-1201632.3911100863
S2-5.5,intermediate,[H]c1nc(N([H])c2c([H])c([H])c(F)c(Cl)c2[H])c2c([H])c(N([H])C(=O)[C-:91]([H])[C:92]([H])(C([H])([H])N3C([H])([H])C([H])([H])C([H])([H])C([H])([H])C3([H])[H])[S:93]C([H])([H])[H])c(OC([H])([H])[H])c([H])c2n1,-1,-0.45544335,-0.06535644,-66.74228453427804,48.267462023826994,0.0050389245,0.016509637,0.010774281,0.004843861,0.1683935,0.08661868,-1476648.1906514165,1.8067604396492243,-1476638.5796678,-1476644.6002493922
S2-5.5,product,[H]c1nc(N([H])c2c([H])c([H])c(F)c(Cl)c2[H])c2c([H])c(N([H])C(=O)[C:91]([H])([H])[C:92]([H])(C([H])([H])N3C([H])([H])C([H])([H])C([H])([H])C([H])([H])C3([H])[H])[S:93]C([H])([H])[H])c(OC([H])([H])[H])c([H])c2n1,0,-0.13323759,-0.07010208,-149.84985805900814,-22.5540628480232,-0.0312066,-0.028225362,-0.029715981,0.0073650777,0.007003933,0.0071845055,-1477002.4570292896,9.157653838396072,-1476991.7909480643,-1476996.7660784388
S2-5.6,reactant,[H]c1nc(N([H])c2c([H])c([H])c(F)c(Cl)c2[H])c2c([H])c(N([H])C(=O)/[C:91]([H])=[C:92](\[H])C([H])([H])N3C([H])([H])C([H])([H])C([H])([H])C([H])([H])C3([H])[H])c(OC([H])([H])[H])c([H])c2n1,0,-0.14939538,-0.13436565,-155.4926078298109,-24.591541852532146,0.022076547,0.028848454,0.0254625,-0.0089606345,-0.015324131,-0.012142383,-1201638.4118088083,1.4871589448302984,-1201630.0572753225,-1201635.854733391
S2-5.6,intermediate,[H]c1nc(N([H])c2c([H])c([H])c(F)c(Cl)c2[H])c2c([H])c(N([H])C(=O)[C-:91]([H])[C:92]([H])(C([H])([H])N3C([H])([H])C([H])([H])C([H])([H])C([H])([H])C3([H])[H])[S:93]C([H])([H])[H])c(OC([H])([H])[H])c([H])c2n1,-1,-0.46996492,-0.0359943,-68.65943319241154,44.87586436833867,0.0059058554,0.011737097,0.008821476,0.016520917,0.17846274,0.09749183,-1476637.885516169,3.2181702610105276,-1476626.1652044477,-1476632.910702396
S2-5.6,product,[H]c1nc(N([H])c2c([H])c([H])c(F)c(Cl)c2[H])c2c([H])c(N([H])C(=O)[C:91]([H])([H])[C:92]([H])(C([H])([H])N3C([H])([H])C([H])([H])C([H])([H])C([H])([H])C3([H])[H])[S:93]C([H])([H])[H])c(OC([H])([H])[H])c([H])c2n1,0,-0.13741994,-0.073305435,-154.0343261126475,-26.183389728956914,-0.011990879,-0.004498206,-0.008244542,0.005421728,0.00515458,0.005288154,-1476994.5759680658,3.728519106283784,-1476983.3740182046,-1476990.0944450067
S2-5.7,reactant,[H]c1nc(N([H])c2c([H])c([H])c(F)c(Cl)c2[H])c2c([H])c(N([H])C(=O)/[C:91]([H])=[C:92](\[H])C([H])([H])N3C([H])([H])C([H])([H])C([H])([H])C([H])([H])C3([H])[H])c(OC([H])([H])[H])c([H])c2n1,0,-0.14684059,-0.13695994,-155.34391052910627,-24.790828160105207,0.023638949,0.031109199,0.027374074,-0.0061617047,-0.016383305,-0.011272505,-1201637.5098009384,2.104622622951865,-1201631.2322141617,-1201634.879997313
S2-5.7,intermediate,[H]c1nc(N([H])c2c([H])c([H])c(F)c(Cl)c2[H])c2c([H])c(N([H])C(=O)[C-:91]([H])[C:92]([H])(C([H])([H])N3C([H])([H])C([H])([H])C([H])([H])C([H])([H])C3([H])[H])[S:93]C([H])([H])[H])c(OC([H])([H])[H])c([H])c2n1,-1,-0.49927494,-0.053924903,-67.0137510473453,47.81135928441182,-0.004340995,0.0058449693,0.0007519871,0.01205495,0.19683155,0.10444325,-1476638.0889093757,3.206019289791584,-1476627.332660179,-1476632.832529675
S2-5.7,product,[H]c1nc(N([H])c2c([H])c([H])c(F)c(Cl)c2[H])c2c([H])c(N([H])C(=O)[C:91]([H])([H])[C:92]([H])(C([H])([H])N3C([H])([H])C([H])([H])C([H])([H])C([H])([H])C3([H])[H])[S:93]C([H])([H])[H])c(OC([H])([H])[H])c([H])c2n1,0,-0.13571747,-0.07205895,-150.3883777556043,-22.518538536706917,-0.024877332,-0.021568216,-0.023222774,0.008653671,0.0075335205,0.0080935955,-1476999.8495524551,8.009816346690059,-1476987.9276668313,-1476993.9839825532
S2-5.8,reactant,[H]c1nc(N([H])c2c([H])c([H])c(F)c(Cl)c2[H])c2c([H])c(N([H])C(=O)/[C:91]([H])=[C:92](\[H])C([H])([H])N3C([H])([H])C([H])([H])C([H])([H])C([H])([H])C3([H])[H])c(OC([H])([H])[H])c([H])c2n1,0,-0.15436725,-0.12514934,-157.9852335426453,-26.21793129740234,-0.0029855072,0.0017421618,-0.0006216727,0.0030451417,-0.0036582947,-0.0003065765,-1201632.6205533314,5.411801781505346,-1201622.4377690316,-1201627.0530097638
S2-5.8,intermediate,[H]c1nc(N([H])c2c([H])c([H])c(F)c(Cl)c2[H])c2c([H])c(N([H])C(=O)[C-:91]([H])[C:92]([H])(C([H])([H])N3C([H])([H])C([H])([H])C([H])([H])C([H])([H])C3([H])[H])[S:93]C([H])([H])[H])c(OC([H])([H])[H])c([H])c2n1,-1,-0.48482743,-0.05854394,-66.6524363533793,47.88260303056517,-0.005329471,0.006081775,0.00037615187,0.022717208,0.20231512,0.112516165,-1476636.7267568808,5.556444227695465,-1476626.184351458,-1476630.9461524813
S2-5.8,product,[H]c1nc(N([H])c2c([H])c([H])c(F)c(Cl)c2[H])c2c([H])c(N([H])C(=O)[C:91]([H])([H])[C:92]([H])(C([H])([H])N3C([H])([H])C([H])([H])C([H])([H])C([H])([H])C3([H])[H])[S:93]C([H])([H])[H])c(OC([H])([H])[H])c([H])c2n1,0,-0.120394714,-0.08229165,-149.07978319805503,-22.533600238089868,-0.021756936,-0.01840572,-0.020081328,0.005484082,0.005218409,0.0053512454,-1477000.4512220253,18.96641674824059,-1476982.3308406223,-1476988.8322011721
S2-5.9,reactant,[H]c1nc(N([H])c2c([H])c([H])c(F)c(Cl)c2[H])c2c([H])c(N([H])C(=O)/[C:91]([H])=[C:92](\[H])C([H])([H])N3C([H])([H])C([H])([H])C([H])([H])C([H])([H])C3([H])[H])c(OC([H])([H])[H])c([H])c2n1,0,-0.14354865,-0.13666159,-156.37916917458642,-25.3108550563954,0.012370631,0.011994265,0.012182448,-0.0076354295,-0.009537727,-0.008586578,-1201636.476871731,1.41051372513175,-1201629.32404784,-1201633.8138053995
S2-5.9,intermediate,[H]c1nc(N([H])c2c([H])c([H])c(F)c(Cl)c2[H])c2c([H])c(N([H])C(=O)[C-:91]([H])[C:92]([H])(C([H])([H])N3C([H])([H])C([H])([H])C([H])([H])C([H])([H])C3([H])[H])[S:93]C([H])([H])[H])c(OC([H])([H])[H])c([H])c2n1,-1,-0.4560166,-0.047877572,-67.76411492862373,47.59353567255778,0.0037115142,0.013446998,0.008579256,0.014652878,0.17512417,0.09488852,-1476644.6367286553,3.540421776473522,-1476633.3515521453,-1476639.8623455355
S2-5.9,product,[H]c1nc(N([H])c2c([H])c([H])c(F)c(Cl)c2[H])c2c([H])c(N([H])C(=O)[C:91]([H])([H])[C:92]([H])(C([H])([H])N3C([H])([H])C([H])([H])C([H])([H])C([H])([H])C3([H])[H])[S:93]C([H])([H])[H])c(OC([H])([H])[H])c([H])c2n1,0,-0.11297871,-0.06066504,-149.7668058507049,-23.316316416407386,-0.01554998,-0.011765331,-0.013657656,0.0019829795,0.0031824932,0.0025827363,-1477002.6594889318,2.2881589084863663,-1476992.9993244098,-1476998.7186084623
S2-5.10,reactant,[H]c1nc(N([H])c2c([H])c([H])c(F)c(Cl)c2[H])c2c([H])c(N([H])C(=O)/[C:91]([H])=[C:92](\[H])C([H])([H])N3C([H])([H])C([H])([H])C([H])([H])C([H])([H])C3([H])[H])c(OC([H])([H])[H])c([H])c2n1,0,-0.14909737,-0.14508995,-158.40890787708304,-25.985482765747125,0.008818343,0.010795176,0.00980676,-0.016054407,-0.0155031085,-0.015778758,-1201632.8964536435,2.6714492831379175,-1201623.871720288,-1201628.0152257287
S2-5.10,intermediate,[H]c1nc(N([H])c2c([H])c([H])c(F)c(Cl)c2[H])c2c([H])c(N([H])C(=O)[C-:91]([H])[C:92]([H])(C([H])([H])N3C([H])([H])C([H])([H])C([H])([H])C([H])([H])C3([H])[H])[S:93]C([H])([H])[H])c(OC([H])([H])[H])c([H])c2n1,-1,-0.44640633,-0.056915946,-66.84827870111214,48.21544375176636,-0.005351294,0.005913127,0.0002809167,0.0072135627,0.17517105,0.091192305,-1476639.1328850486,4.747268563136458,-1476625.905946294,-1476631.6122545141
S2-5.10,product,[H]c1nc(N([H])c2c([H])c([H])c(F)c(Cl)c2[H])c2c([H])c(N([H])C(=O)[C:91]([H])([H])[C:92]([H])(C([H])([H])N3C([H])([H])C([H])([H])C([H])([H])C([H])([H])C3([H])[H])[S:93]C([H])([H])[H])c(OC([H])([H])[H])c([H])c2n1,0,-0.13780251,-0.06216894,-152.75304190915293,-23.12467215394235,-0.033747137,-0.028687857,-0.031217497,0.0078597665,0.0064171106,0.0071384385,-1477001.1266936266,3.3172403890639544,-1476989.8431126392,-1476996.198922255
S2-3.1,reactant,[H]c1nc(N([H])c2c([H])c([H])c(F)c(Cl)c2[H])c2c([H])c(N([H])C(=O)/[C:91]([H])=[C:92](\[H])C([H])([H])N(C([H])([H])[H])C([H])([H])[H])c(O[C@]3([H])C([H])([H])OC([H])([H])C3([H])[H])c([H])c2n1,0,-0.1833791,-0.08176912,-155.77651002617282,-28.072769889579504,0.020806968,0.01903437,0.01992067,0.008267149,-0.0034644008,0.0024013743,-1248859.9746380718,4.498155551031232,-1248849.9582479938,-1248855.00765722
S2-3.1,intermediate,[H]c1nc(N([H])c2c([H])c([H])c(F)c(Cl)c2[H])c2c([H])c(N([H])C(=O)[C-:91]([H])[C:92]([H])(C([H])([H])N(C([H])([H])[H])C([H])([H])[H])[S:93]C([H])([H])[H])c(O[C@]3([H])C([H])([H])OC([H])([H])C3([H])[H])c([H])c2n1,-1,-0.4695022,-0.04157019,-71.95709021105564,45.95434638513053,-0.007532675,0.002294466,-0.0026191045,0.018587977,0.18659797,0.102592975,-1523871.5061478682,4.74966561794281,-1523858.287898463,-1523864.484565119
S2-3.1,product,[H]c1nc(N([H])c2c([H])c([H])c(F)c(Cl)c2[H])c2c([H])c(N([H])C(=O)[C:91]([H])([H])[C:92]([H])(C([H])([H])N(C([H])([H])[H])C([H])([H])[H])[S:93]C([H])([H])[H])c(O[C@]3([H])C([H])([H])OC([H])([H])C3([H])[H])c([H])c2n1,0,-0.13368604,-0.07029312,-151.44220940116418,-26.562885546576013,-0.034586336,-0.030825935,-0.032706134,0.005219966,0.0034762472,0.0043481067,-1524229.5140071614,7.184144718572497,-1524219.2934125816,-1524225.0658165794
S2-3.2,reactant,[H]c1nc(N([H])c2c([H])c([H])c(F)c(Cl)c2[H])c2c([H])c(N([H])C(=O)/[C:91]([H])=[C:92](\[H])C([H])([H])N(C([H])([H])[H])C([H])([H])[H])c(O[C@]3([H])C([H])([H])OC([H])([H])C3([H])[H])c([H])c2n1,0,-0.11655108,-0.1144038,-155.7820107476894,-28.24412349114841,0.0007940084,0.003267683,0.0020308457,-0.009344317,-0.019558333,-0.014451325,-1248861.737258121,2.8683745339512825,-1248851.607789929,-1248858.1946077337
S2-3.2,intermediate,[H]c1nc(N([H])c2c([H])c([H])c(F)c(Cl)c2[H])c2c([H])c(N([H])C(=O)[C-:91]([H])[C:92]([H])(C([H])([H])N(C([H])([H])[H])C([H])([H])[H])[S:93]C([H])([H])[H])c(O[C@]3([H])C([H])([H])OC([H])([H])C3([H])[H])c([H])c2n1,-1,-0.47317827,-0.04685051,-69.8567266174944,45.16341673764544,0.006384194,0.011912063,0.009148128,0.021781832,0.18100315,0.10139249,-1523862.9173577414,2.935955399647355,-1523854.775915876,-1523858.2935268942
S2-3.2,product,[H]c1nc(N([H])c2c([H])c([H])c(F)c(Cl)c2[H])c2c([H])c(N([H])C(=O)[C:91]([H])([H])[C:92]([H])(C([H])([H])N(C([H])([H])[H])C([H])([H])[H])[S:93]C([H])([H])[H])c(O[C@]3([H])C([H])([H])OC([H])([H])C3([H])[H])c([H])c2n1,0,-0.13023686,-0.058942784,-149.74668498613147,-22.813572095527483,-0.032583747,-0.031661604,-0.032122675,0.004289046,0.003192827,0.0037409365,-1524228.519218691,2.980487922206521,-1524217.9489606044,-1524224.5727148901
S2-3.3,reactant,[H]c1nc(N([H])c2c([H])c([H])c(F)c(Cl)c2[H])c2c([H])c(N([H])C(=O)/[C:91]([H])=[C:92](\[H])C([H])([H])N(C([H])([H])[H])C([H])([H])[H])c(O[C@]3([H])C([H])([H])OC([H])([H])C3([H])[H])c([H])c2n1,0,-0.16388024,-0.09747344,-153.7986241316892,-27.140010461793047,-0.0035650954,0.004937552,0.0006862283,0.024035156,-0.00064332783,0.011695914,-1248864.9639461634,4.393641544505954,-1248854.7067179314,-1248860.9065102465
S2-3.3,intermediate,[H]c1nc(N([H])c2c([H])c([H])c(F)c(Cl)c2[H])c2c([H])c(N([H])C(=O)[C-:91]([H])[C:92]([H])(C([H])([H])N(C([H])([H])[H])C([H])([H])[H])[S:93]C([H])([H])[H])c(O[C@]3([H])C([H])([H])OC([H])([H])C3([H])[H])c([H])c2n1,-1,-0.48622847,-0.03993819,-71.24433721425856,45.488143894592866,0.0023676865,0.010011477,0.006189582,0.030814111,0.19901305,0.11491358,-1523870.4834365947,4.747997205704451,-1523857.0912009683,-1523863.4571845494
S2-3.3,product,[H]c1nc(N([H])c2c([H])c([H])c(F)c(Cl)c2[H])c2c([H])c(N([H])C(=O)[C:91]([H])([H])[C:92]([H])(C([H])([H])N(C([H])([H])[H])C([H])([H])[H])[S:93]C([H])([H])[H])c(O[C@]3([H])C([H])([H])OC([H])([H])C3([H])[H])c([H])c2n1,0,-0.13157003,-0.07331465,-151.48239165364444,-26.00973423864263,-0.016109493,-0.0145618245,-0.015335659,0.010081157,0.008274786,0.009177972,-1524224.8715259705,3.3167884089052677,-1524211.561285282,-1524218.1384631828
S2-3.4,reactant,[H]c1nc(N([H])c2c([H])c([H])c(F)c(Cl)c2[H])c2c([H])c(N([H])C(=O)/[C:91]([H])=[C:92](\[H])C([H])([H])N(C([H])([H])[H])C([H])([H])[H])c(O[C@]3([H])C([H])([H])OC([H])([H])C3([H])[H])c([H])c2n1,0,-0.14709541,-0.10295234,-154.56533288522783,-27.31678814740264,0.0011207238,-0.0037294626,-0.0013043694,0.013179779,3.811717e-05,0.006608948,-1248858.4938332548,2.1376156862825155,-1248850.487188549,-1248855.2059368975
S2-3.4,intermediate,[H]c1nc(N([H])c2c([H])c([H])c(F)c(Cl)c2[H])c2c([H])c(N([H])C(=O)[C-:91]([H])[C:92]([H])(C([H])([H])N(C([H])([H])[H])C([H])([H])[H])[S:93]C([H])([H])[H])c(O[C@]3([H])C([H])([H])OC([H])([H])C3([H])[H])c([H])c2n1,-1,-0.49092585,-0.042439133,-71.27002925736939,44.26482572780949,0.003310103,0.010270581,0.006790342,0.037836492,0.21064806,0.124242276,-1523869.4293123002,3.5734388642013073,-1523857.8844621016,-1523863.017016731
S2-3.4,product,[H]c1nc(N([H])c2c([H])c([H])c(F)c(Cl)c2[H])c2c([H])c(N([H])C(=O)[C:91]([H])([H])[C:92]([H])(C([H])([H])N(C([H])([H])[H])C([H])([H])[H])[S:93]C([H])([H])[H])c(O[C@]3([H])C([H])([H])OC([H])([H])C3([H])[H])c([H])c2n1,0,-0.14315632,-0.0632455,-149.68550399310251,-23.77878200628318,-0.03163747,-0.028930679,-0.030284075,0.012580678,0.011329398,0.011955038,-1524228.6409092308,5.687977449968457,-1524216.5831576872,-1524223.4903655564
S2-3.5,reactant,[H]c1nc(N([H])c2c([H])c([H])c(F)c(Cl)c2[H])c2c([H])c(N([H])C(=O)/[C:91]([H])=[C:92](\[H])C([H])([H])N(C([H])([H])[H])C([H])([H])[H])c(O[C@]3([H])C([H])([H])OC([H])([H])C3([H])[H])c([H])c2n1,0,-0.15415384,-0.107399434,-154.51688626270385,-26.62100807338446,-0.0026926622,-0.0025771856,-0.002634924,0.013394713,0.0021284223,0.007761568,-1248864.047308643,3.4225122835487127,-1248855.4509905337,-1248860.414392409
S2-3.5,intermediate,[H]c1nc(N([H])c2c([H])c([H])c(F)c(Cl)c2[H])c2c([H])c(N([H])C(=O)[C-:91]([H])[C:92]([H])(C([H])([H])N(C([H])([H])[H])C([H])([H])[H])[S:93]C([H])([H])[H])c(O[C@]3([H])C([H])([H])OC([H])([H])C3([H])[H])c([H])c2n1,-1,-0.4358046,-0.018621232,-79.08626667375177,39.32841273682871,0.0006623138,0.0033341683,0.001998241,0.030661374,0.19738778,0.11402458,-1523865.7227582415,5.3824963588267565,-1523852.5695319818,-1523859.218739414
S2-3.5,product,[H]c1nc(N([H])c2c([H])c([H])c(F)c(Cl)c2[H])c2c([H])c(N([H])C(=O)[C:91]([H])([H])[C:92]([H])(C([H])([H])N(C([H])([H])[H])C([H])([H])[H])[S:93]C([H])([H])[H])c(O[C@]3([H])C([H])([H])OC([H])([H])C3([H])[H])c([H])c2n1,0,-0.1391735,-0.068580985,-156.11163164237084,-30.641757393617425,-0.020126276,-0.018762656,-0.019444466,0.0041662753,0.0030562878,0.0036112815,-1524228.2114556583,3.0573939550668,-1524217.9657827714,-1524222.7131597972
S2-3.6,reactant,[H]c1nc(N([H])c2c([H])c([H])c(F)c(Cl)c2[H])c2c([H])c(N([H])C(=O)/[C:91]([H])=[C:92](\[H])C([H])([H])N(C([H])([H])[H])C([H])([H])[H])c(O[C@]3([H])C([H])([H])OC([H])([H])C3([H])[H])c([H])c2n1,0,-0.1435583,-0.13556999,-155.8974821667146,-26.79057237035473,0.005737886,0.006091848,0.005914867,-0.01035215,-0.011302397,-0.010827273,-1248863.7901614893,2.5644702296704054,-1248855.065937037,-1248860.6991068467
S2-3.6,intermediate,[H]c1nc(N([H])c2c([H])c([H])c(F)c(Cl)c2[H])c2c([H])c(N([H])C(=O)[C-:91]([H])[C:92]([H])(C([H])([H])N(C([H])([H])[H])C([H])([H])[H])[S:93]C([H])([H])[H])c(O[C@]3([H])C([H])([H])OC([H])([H])C3([H])[H])c([H])c2n1,-1,-0.45899364,-0.06145794,-70.57404024587979,44.87067976279844,0.011226065,0.017891329,0.014558697,0.041969568,0.21312684,0.1275482,-1523870.2576534655,8.472203953191638,-1523856.8820774865,-1523860.4546848836
S2-3.6,product,[H]c1nc(N([H])c2c([H])c([H])c(F)c(Cl)c2[H])c2c([H])c(N([H])C(=O)[C:91]([H])([H])[C:92]([H])(C([H])([H])N(C([H])([H])[H])C([H])([H])[H])[S:93]C([H])([H])[H])c(O[C@]3([H])C([H])([H])OC([H])([H])C3([H])[H])c([H])c2n1,0,-0.1346079,-0.06543304,-151.0484489029853,-26.597636177159014,-0.03672632,-0.033311576,-0.035018947,0.0057985485,0.0045215487,0.0051600486,-1524228.8806638059,4.078342130407691,-1524218.464125693,-1524224.2570746788
S2-3.7,reactant,[H]c1nc(N([H])c2c([H])c([H])c(F)c(Cl)c2[H])c2c([H])c(N([H])C(=O)/[C:91]([H])=[C:92](\[H])C([H])([H])N(C([H])([H])[H])C([H])([H])[H])c(O[C@]3([H])C([H])([H])OC([H])([H])C3([H])[H])c([H])c2n1,0,-0.1449347,-0.1069937,-154.44483297374097,-26.035117006308514,0.0011323541,-0.002702944,-0.0007852949,0.012734473,0.00030767918,0.006521076,-1248863.698513665,3.3776314668357372,-1248855.2002002003,-1248860.2961160957
S2-3.7,intermediate,[H]c1nc(N([H])c2c([H])c([H])c(F)c(Cl)c2[H])c2c([H])c(N([H])C(=O)[C-:91]([H])[C:92]([H])(C([H])([H])N(C([H])([H])[H])C([H])([H])[H])[S:93]C([H])([H])[H])c(O[C@]3([H])C([H])([H])OC([H])([H])C3([H])[H])c([H])c2n1,-1,-0.48213637,-0.024157628,-71.67267191841758,44.565301336860365,0.006333301,0.0076980162,0.0070156585,0.013150215,0.17739207,0.09527114,-1523870.723035465,3.1388394944369793,-1523861.110288683,-1523865.2213285263
S2-3.7,product,[H]c1nc(N([H])c2c([H])c([H])c(F)c(Cl)c2[H])c2c([H])c(N([H])C(=O)[C:91]([H])([H])[C:92]([H])(C([H])([H])N(C([H])([H])[H])C([H])([H])[H])[S:93]C([H])([H])[H])c(O[C@]3([H])C([H])([H])OC([H])([H])C3([H])[H])c([H])c2n1,0,-0.13087426,-0.07210997,-151.02034829816813,-23.176977453151725,-0.013587166,-0.012060046,-0.012823606,0.009987563,0.009438306,0.0097129345,-1524229.4403043485,3.9794181901961565,-1524216.5282926864,-1524222.2529421845
S2-3.8,reactant,[H]c1nc(N([H])c2c([H])c([H])c(F)c(Cl)c2[H])c2c([H])c(N([H])C(=O)/[C:91]([H])=[C:92](\[H])C([H])([H])N(C([H])([H])[H])C([H])([H])[H])c(O[C@]3([H])C([H])([H])OC([H])([H])C3([H])[H])c([H])c2n1,0,-0.1467048,-0.10312394,-156.0177672995414,-28.75627054002794,-0.0151143,-0.012543857,-0.0138290785,0.017573744,0.0007953495,0.009184547,-1248862.9351602674,1.8487664796411991,-1248854.4644726156,-1248859.5344343188
S2-3.8,intermediate,[H]c1nc(N([H])c2c([H])c([H])c(F)c(Cl)c2[H])c2c([H])c(N([H])C(=O)[C-:91]([H])[C:92]([H])(C([H])([H])N(C([H])([H])[H])C([H])([H])[H])[S:93]C([H])([H])[H])c(O[C@]3([H])C([H])([H])OC([H])([H])C3([H])[H])c([H])c2n1,-1,-0.48108262,-0.05207263,-72.88250339281697,42.65650612266116,-0.009756856,0.00026213005,-0.004747363,0.04400724,0.2116861,0.12784667,-1523870.4363636526,3.510130660608411,-1523858.3679047127,-1523863.8588337463
S2-3.8,product,[H]c1nc(N([H])c2c([H])c([H])c(F)c(Cl)c2[H])c2c([H])c(N([H])C(=O)[C:91]([H])([H])[C:92]([H])(C([H])([H])N(C([H])([H])[H])C([H])([H])[H])[S:93]C([H])([H])[H])c(O[C@]3([H])C([H])([H])OC([H])([H])C3([H])[H])c([H])c2n1,0,-0.12915085,-0.04977243,-150.49122183933886,-25.337908687246543,-0.039086454,-0.036525186,-0.03780582,0.009265199,0.0056453645,0.007455282,-1524226.8963456303,4.104333762079477,-1524216.4509022457,-1524223.0483791244
S2-3.9,reactant,[H]c1nc(N([H])c2c([H])c([H])c(F)c(Cl)c2[H])c2c([H])c(N([H])C(=O)/[C:91]([H])=[C:92](\[H])C([H])([H])N(C([H])([H])[H])C([H])([H])[H])c(O[C@]3([H])C([H])([H])OC([H])([H])C3([H])[H])c([H])c2n1,0,-0.15401848,-0.100449614,-155.5669681364496,-27.876626319366146,0.018853284,0.022913255,0.02088327,0.0069568157,-0.009515107,-0.0012791455,-1248865.3860387544,2.8004244081676006,-1248856.6670407967,-1248861.9262459727
S2-3.9,intermediate,[H]c1nc(N([H])c2c([H])c([H])c(F)c(Cl)c2[H])c2c([H])c(N([H])C(=O)[C-:91]([H])[C:92]([H])(C([H])([H])N(C([H])([H])[H])C([H])([H])[H])[S:93]C([H])([H])[H])c(O[C@]3([H])C([H])([H])OC([H])([H])C3([H])[H])c([H])c2n1,-1,-0.46288422,-0.028771428,-73.38293323282994,43.085625022297094,-0.007528186,-0.0032788683,-0.005403527,0.058451027,0.22067997,0.1395655,-1523867.6753518651,10.215052491053939,-1523849.0729582175,-1523855.9444931592
S2-3.9,product,[H]c1nc(N([H])c2c([H])c([H])c(F)c(Cl)c2[H])c2c([H])c(N([H])C(=O)[C:91]([H])([H])[C:92]([H])(C([H])([H])N(C([H])([H])[H])C([H])([H])[H])[S:93]C([H])([H])[H])c(O[C@]3([H])C([H])([H])OC([H])([H])C3([H])[H])c([H])c2n1,0,-0.14075828,-0.061635803,-148.88788235047562,-23.186769319620446,-0.030970838,-0.030231047,-0.030600943,0.011500403,0.0104302615,0.010965332,-1524227.1114622029,3.855626752600074,-1524212.9216720145,-1524219.6891689533
S2-3.10,reactant,[H]c1nc(N([H])c2c([H])c([H])c(F)c(Cl)c2[H])c2c([H])c(N([H])C(=O)/[C:91]([H])=[C:92](\[H])C([H])([H])N(C([H])([H])[H])C([H])([H])[H])c(O[C@]3([H])C([H])([H])OC([H])([H])C3([H])[H])c([H])c2n1,0,-0.14598705,-0.1366838,-155.17314909416743,-25.855832561149462,0.008822784,0.00894545,0.008884117,-0.011080489,-0.011114106,-0.011097297,-1248863.8294954395,3.603409329429269,-1248854.8432494681,-1248859.9421108188
S2-3.10,intermediate,[H]c1nc(N([H])c2c([H])c([H])c(F)c(Cl)c2[H])c2c([H])c(N([H])C(=O)[C-:91]([H])[C:92]([H])(C([H])([H])N(C([H])([H])[H])C([H])([H])[H])[S:93]C([H])([H])[H])c(O[C@]3([H])C([H])([H])OC([H])([H])C3([H])[H])c([H])c2n1,-1,-0.45731193,-0.058432132,-75.46431642265527,40.60892961404086,-0.0046411045,0.00654592,0.0009524077,0.041875094,0.21941663,0.13064587,-1523863.341328968,5.178219880908728,-1523846.1325142048,-1523851.806771561
S2-3.10,product,[H]c1nc(N([H])c2c([H])c([H])c(F)c(Cl)c2[H])c2c([H])c(N([H])C(=O)[C:91]([H])([H])[C:92]([H])(C([H])([H])N(C([H])([H])[H])C([H])([H])[H])[S:93]C([H])([H])[H])c(O[C@]3([H])C([H])([H])OC([H])([H])C3([H])[H])c([H])c2n1,0,-0.12991215,-0.06439345,-149.5771209777558,-23.235201625166656,-0.038325764,-0.035889126,-0.037107445,0.0033652037,0.0020251423,0.002695173,-1524230.238869674,5.630239823833108,-1524219.107235343,-1524224.6552775423
S2-37.1,reactant,[H]c1nc(N([H])c2c([H])c(N([H])C(=O)[C:91]([H])=[C:92]([H])[H])c([H])c([H])c2OC([H])([H])[H])nc(-c2c([H])nc3c([H])c([H])c([H])c([H])n23)c1Cl,0,-0.15420358,-0.2814905,-158.4875853679624,-30.440408818083302,0.025176287,0.024731636,0.024953961,-0.008986771,-0.0075821728,-0.008284472,-1098516.0177840565,2.078618487343192,-1098507.432262016,-1098512.8806812037
S2-37.1,intermediate,[H]C1=C([H])c2nc([H])c(-c3nc(N([H])c4c([H])c(N([H])C(=O)[C-:91]([H])[C:92]([H])([H])[S:93]C([H])([H])[H])c([H])c([H])c4OC([H])([H])[H])nc([H])c3Cl)n2C([H])=C1[H],-1,-0.43316263,-0.11900373,-77.55017335561142,49.305701501057996,0.008820668,0.01689744,0.012859054,0.0026281476,0.19778481,0.10020648,-1373529.9339358269,4.09590070694685,-1373517.5583475092,-1373522.3919036312
S2-37.1,product,[H]c1nc(N([H])c2c([H])c(N([H])C(=O)[C:91]([H])([H])[C:92]([H])([H])[S:93]C([H])([H])[H])c([H])c([H])c2OC([H])([H])[H])nc(-c2c([H])nc3c([H])c([H])c([H])c([H])n23)c1Cl,0,-0.13015994,-0.106323645,-153.01550548703256,-28.969549714982133,-0.033982053,-0.03508888,-0.034535468,-0.0023624748,-0.008736342,-0.0055494085,-1373881.6346407123,1.9138948637992144,-1373871.7418128527,-1373878.5076894236
S2-37.2,reactant,[H]c1nc(N([H])c2c([H])c(N([H])C(=O)[C:91]([H])=[C:92]([H])[H])c([H])c([H])c2OC([H])([H])[H])nc(-c2c([H])nc3c([H])c([H])c([H])c([H])n23)c1Cl,0,-0.1512268,-0.28056008,-161.47008704423996,-28.816854170381355,0.02835986,0.027723879,0.02804187,-0.008502334,-0.0068841577,-0.007693246,-1098516.7639673478,1.8214016240090132,-1098509.7407295082,-1098513.8306606738
S2-37.2,intermediate,[H]C1=C([H])c2nc([H])c(-c3nc(N([H])c4c([H])c(N([H])C(=O)[C-:91]([H])[C:92]([H])([H])[S:93]C([H])([H])[H])c([H])c([H])c4OC([H])([H])[H])nc([H])c3Cl)n2C([H])=C1[H],-1,-0.49676964,-0.122526355,-69.97556442262928,39.009114756610295,-0.0027047396,0.013091676,0.005193468,0.05895397,0.25248843,0.15572119,-1373511.650379861,2.1615972723811865,-1373501.0330401813,-1373506.8727601245
S2-37.2,product,[H]c1nc(N([H])c2c([H])c(N([H])C(=O)[C:91]([H])([H])[C:92]([H])([H])[S:93]C([H])([H])[H])c([H])c([H])c2OC([H])([H])[H])nc(-c2c([H])nc3c([H])c([H])c([H])c([H])n23)c1Cl,0,-0.13324627,-0.109538846,-151.8035445979323,-26.099023330385034,-0.03316593,-0.03381262,-0.033489276,-0.0010882914,-0.007592872,-0.0043405816,-1373880.1455462517,2.897670656442642,-1373870.8203828798,-1373876.8448297163
S2-37.3,reactant,[H]c1nc(N([H])c2c([H])c(N([H])C(=O)[C:91]([H])=[C:92]([H])[H])c([H])c([H])c2OC([H])([H])[H])nc(-c2c([H])nc3c([H])c([H])c([H])c([H])n23)c1Cl,0,-0.16082908,-0.26547176,-159.73695026920203,-21.901528003339035,0.04448998,0.037341326,0.040915653,0.0033123642,-0.0062158704,-0.0014517531,-1098522.2050630026,3.0333620607852936,-1098511.632358912,-1098519.1369628408
S2-37.3,intermediate,[H]C1=C([H])c2nc([H])c(-c3nc(N([H])c4c([H])c(N([H])C(=O)[C-:91]([H])[C:92]([H])([H])[S:93]C([H])([H])[H])c([H])c([H])c4OC([H])([H])[H])nc([H])c3Cl)n2C([H])=C1[H],-1,-0.531629,-0.11937818,-71.52023689254295,41.85329755631135,0.01289168,0.019279905,0.016085792,0.0517177,0.2545854,0.15315154,-1373515.7456810474,2.3875317331403494,-1373505.8243574286,-1373510.5633258943
S2-37.3,product,[H]c1nc(N([H])c2c([H])c(N([H])C(=O)[C:91]([H])([H])[C:92]([H])([H])[S:93]C([H])([H])[H])c([H])c([H])c2OC([H])([H])[H])nc(-c2c([H])nc3c([H])c([H])c([H])c([H])n23)c1Cl,0,-0.15042837,-0.1143909,-153.9178772904231,-24.158611959592502,-0.016196318,-0.015479259,-0.015837789,0.0057124346,0.003297329,0.004504882,-1373884.7715026548,2.6526576671749353,-1373875.197833323,-1373879.437879226
S2-37.4,reactant,[H]c1nc(N([H])c2c([H])c(N([H])C(=O)[C:91]([H])=[C:92]([H])[H])c([H])c([H])c2OC([H])([H])[H])nc(-c2c([H])nc3c([H])c([H])c([H])c([H])n23)c1Cl,0,-0.1542398,-0.28133133,-161.09057659973948,-31.829364429202784,0.025202602,0.025067657,0.02513513,-0.009135798,-0.007531464,-0.008333631,-1098519.6556091853,2.2408591248095036,-1098512.8040260202,-1098516.6021334024
S2-37.4,intermediate,[H]C1=C([H])c2nc([H])c(-c3nc(N([H])c4c([H])c(N([H])C(=O)[C-:91]([H])[C:92]([H])([H])[S:93]C([H])([H])[H])c([H])c([H])c4OC([H])([H])[H])nc([H])c3Cl)n2C([H])=C1[H],-1,-0.50582296,-0.10629094,-74.66145240757687,37.35601937096244,0.0011676773,0.013771497,0.007469587,0.037858963,0.2194407,0.12864983,-1373521.5563422802,2.6987220905721188,-1373509.4421405345,-1373514.872178647
S2-37.4,product,[H]c1nc(N([H])c2c([H])c(N([H])C(=O)[C:91]([H])([H])[C:92]([H])([H])[S:93]C([H])([H])[H])c([H])c([H])c2OC([H])([H])[H])nc(-c2c([H])nc3c([H])c([H])c([H])c([H])n23)c1Cl,0,-0.1276662,-0.12537722,-156.85275052703935,-24.420237723296008,-0.021801785,-0.020239577,-0.02102068,-0.00017175078,-0.0034767091,-0.00182423,-1373888.818293403,3.2519137114286423,-1373878.0509914136,-1373884.9977737844
S2-37.5,reactant,[H]c1nc(N([H])c2c([H])c(N([H])C(=O)[C:91]([H])=[C:92]([H])[H])c([H])c([H])c2OC([H])([H])[H])nc(-c2c([H])nc3c([H])c([H])c([H])c([H])n23)c1Cl,0,-0.15148596,-0.276913,-159.6571286327023,-30.600025438195058,0.041629225,0.036034867,0.038832046,-0.010170698,-0.013138816,-0.011654757,-1098520.3316548548,1.8360225800424814,-1098512.2865163279,-1098517.7373572926
S2-37.5,intermediate,[H]C1=C([H])c2nc([H])c(-c3nc(N([H])c4c([H])c(N([H])C(=O)[C-:91]([H])[C:92]([H])([H])[S:93]C([H])([H])[H])c([H])c([H])c4OC([H])([H])[H])nc([H])c3Cl)n2C([H])=C1[H],-1,-0.4175479,-0.104838535,-76.86797179186573,49.37707166692367,0.006305106,0.01304587,0.009675488,0.011599541,0.18640086,0.0990002,-1373530.7307772269,3.001766700297594,-1373520.5169843158,-1373525.9121943596
S2-37.5,product,[H]c1nc(N([H])c2c([H])c(N([H])C(=O)[C:91]([H])([H])[C:92]([H])([H])[S:93]C([H])([H])[H])c([H])c([H])c2OC([H])([H])[H])nc(-c2c([H])nc3c([H])c([H])c([H])c([H])n23)c1Cl,0,-0.13011114,-0.106368296,-153.0290069188834,-28.97215190941675,-0.034027696,-0.035067596,-0.034547646,-0.0024465472,-0.00878641,-0.0056164786,-1373881.6100696973,1.8158233370631933,-1373871.8310210514,-1373878.5274257069
S2-37.6,reactant,[H]c1nc(N([H])c2c([H])c(N([H])C(=O)[C:91]([H])=[C:92]([H])[H])c([H])c([H])c2OC([H])([H])[H])nc(-c2c([H])nc3c([H])c([H])c([H])c([H])n23)c1Cl,0,-0.15404952,-0.28142187,-160.94751870519954,-31.738657610515983,0.025348842,0.025148869,0.025248855,-0.009223908,-0.007623151,-0.00842353,-1098519.6689866886,2.2376934997737408,-1098512.379206885,-1098516.654874789
S2-37.6,intermediate,[H]C1=C([H])c2nc([H])c(-c3nc(N([H])c4c([H])c(N([H])C(=O)[C-:91]([H])[C:92]([H])([H])[S:93]C([H])([H])[H])c([H])c([H])c4OC([H])([H])[H])nc([H])c3Cl)n2C([H])=C1[H],-1,-0.49381822,-0.11646741,-74.39397404094979,36.10804903694895,0.009463616,0.016299516,0.012881566,0.04462272,0.23299253,0.13880762,-1373523.157931656,2.156321519985795,-1373514.8708216778,-1373518.6245964002
S2-37.6,product,[H]c1nc(N([H])c2c([H])c(N([H])C(=O)[C:91]([H])([H])[C:92]([H])([H])[S:93]C([H])([H])[H])c([H])c([H])c2OC([H])([H])[H])nc(-c2c([H])nc3c([H])c([H])c([H])c([H])n23)c1Cl,0,-0.13425465,-0.108658485,-151.19851473682897,-25.278409460239136,-0.033442616,-0.034151904,-0.03379726,0.00029197335,-0.0061594546,-0.0029337406,-1373879.9137641166,1.9246228262782097,-1373871.1642589539,-1373876.927837281
S2-37.7,reactant,[H]c1nc(N([H])c2c([H])c(N([H])C(=O)[C:91]([H])=[C:92]([H])[H])c([H])c([H])c2OC([H])([H])[H])nc(-c2c([H])nc3c([H])c([H])c([H])c([H])n23)c1Cl,0,-0.15151641,-0.27690914,-159.66203695755206,-30.61209864748565,0.041659713,0.0360353,0.038847506,-0.010202929,-0.0131699,-0.0116864145,-1098520.328409196,1.654868932440877,-1098511.7095095029,-1098517.7077871808
S2-37.7,intermediate,[H]C1=C([H])c2nc([H])c(-c3nc(N([H])c4c([H])c(N([H])C(=O)[C-:91]([H])[C:92]([H])([H])[S:93]C([H])([H])[H])c([H])c([H])c4OC([H])([H])[H])nc([H])c3Cl)n2C([H])=C1[H],-1,-0.5181185,-0.10721823,-72.85643441509816,38.53013992826075,0.0024056137,0.014937103,0.008671358,0.036583304,0.2285428,0.13256305,-1373516.3592667289,4.877423387020826,-1373501.8760180103,-1373509.1049937285
S2-37.7,product,[H]c1nc(N([H])c2c([H])c(N([H])C(=O)[C:91]([H])([H])[C:92]([H])([H])[S:93]C([H])([H])[H])c([H])c([H])c2OC([H])([H])[H])nc(-c2c([H])nc3c([H])c([H])c([H])c([H])n23)c1Cl,0,-0.15094537,-0.117824174,-154.62397997235638,-28.76734419346202,-0.0186157,-0.01758986,-0.01810278,0.0046694875,0.0025363117,0.0036028996,-1373887.6248030998,2.4147758036851883,-1373875.9566299242,-1373883.0266392627
S2-37.8,reactant,[H]c1nc(N([H])c2c([H])c(N([H])C(=O)[C:91]([H])=[C:92]([H])[H])c([H])c([H])c2OC([H])([H])[H])nc(-c2c([H])nc3c([H])c([H])c([H])c([H])n23)c1Cl,0,-0.14025412,-0.2796101,-163.38532453433396,-26.656276475770287,0.040863335,0.03817883,0.039521083,-0.0075525045,-0.0143368095,-0.010944657,-1098523.5610053863,2.054514152929187,-1098516.0021403702,-1098520.819122292
S2-37.8,intermediate,[H]C1=C([H])c2nc([H])c(-c3nc(N([H])c4c([H])c(N([H])C(=O)[C-:91]([H])[C:92]([H])([H])[S:93]C([H])([H])[H])c([H])c([H])c4OC([H])([H])[H])nc([H])c3Cl)n2C([H])=C1[H],-1,-0.4742035,-0.12056516,-72.9295156574604,35.50231833907909,-0.0032213852,0.011993691,0.004386153,0.056006283,0.2357149,0.14586058,-1373519.2758892907,3.311897397041321,-1373508.7305536575,-1373514.700635391
S2-37.8,product,[H]c1nc(N([H])c2c([H])c(N([H])C(=O)[C:91]([H])([H])[C:92]([H])([H])[S:93]C([H])([H])[H])c([H])c([H])c2OC([H])([H])[H])nc(-c2c([H])nc3c([H])c([H])c([H])c([H])n23)c1Cl,0,-0.14259894,-0.12764291,-156.19033270757157,-23.753484252719847,-0.011850789,-0.009668231,-0.01075951,8.264184e-05,-0.0010047853,-0.00046107173,-1373886.79991643,1.8216389417648315,-1373876.9209133848,-1373883.0753034803
S2-37.9,reactant,[H]c1nc(N([H])c2c([H])c(N([H])C(=O)[C:91]([H])=[C:92]([H])[H])c([H])c([H])c2OC([H])([H])[H])nc(-c2c([H])nc3c([H])c([H])c([H])c([H])n23)c1Cl,0,-0.1515645,-0.27731574,-157.01906476065966,-29.24377488774869,0.041985154,0.035848305,0.03891673,-0.009524405,-0.013004407,-0.011264406,-1098516.6755617468,1.7879042010754347,-1098507.9178043886,-1098513.9149158588
S2-37.9,intermediate,[H]C1=C([H])c2nc([H])c(-c3nc(N([H])c4c([H])c(N([H])C(=O)[C-:91]([H])[C:92]([H])([H])[S:93]C([H])([H])[H])c([H])c([H])c4OC([H])([H])[H])nc([H])c3Cl)n2C([H])=C1[H],-1,-0.5303651,-0.10102919,-74.01659426083198,46.489251082593434,0.009028345,0.017741472,0.013384908,0.032117724,0.2377851,0.13495141,-1373515.6331649744,3.0167577229440212,-1373502.8854796584,-1373508.7315220262
S2-37.9,product,[H]c1nc(N([H])c2c([H])c(N([H])C(=O)[C:91]([H])([H])[C:92]([H])([H])[S:93]C([H])([H])[H])c([H])c([H])c2OC([H])([H])[H])nc(-c2c([H])nc3c([H])c([H])c([H])c([H])n23)c1Cl,0,-0.131527,-0.10819815,-157.65211794681346,-24.749514108652914,-0.027333044,-0.026508734,-0.026920889,-0.00063461065,-0.003571123,-0.0021028668,-1373889.301191662,5.671434640884399,-1373881.3928759662,-1373885.2843459838
S2-37.10,reactant,[H]c1nc(N([H])c2c([H])c(N([H])C(=O)[C:91]([H])=[C:92]([H])[H])c([H])c([H])c2OC([H])([H])[H])nc(-c2c([H])nc3c([H])c([H])c([H])c([H])n23)c1Cl,0,-0.15146394,-0.27693066,-159.65640012289964,-30.59942922385764,0.041639715,0.03603527,0.038837492,-0.010181785,-0.013141856,-0.01166182,-1098520.3311344273,1.714847357943654,-1098513.5434802605,-1098517.7417424102
S2-37.10,intermediate,[H]C1=C([H])c2nc([H])c(-c3nc(N([H])c4c([H])c(N([H])C(=O)[C-:91]([H])[C:92]([H])([H])[S:93]C([H])([H])[H])c([H])c([H])c4OC([H])([H])[H])nc([H])c3Cl)n2C([H])=C1[H],-1,-0.5248228,-0.11020612,-72.09257123001863,40.51701612721932,0.0007129386,0.0145715475,0.007642243,0.04080373,0.23903486,0.1399193,-1373514.0100751144,4.377364506945014,-1373501.646551662,-1373507.5448590855
S2-37.10,product,[H]c1nc(N([H])c2c([H])c(N([H])C(=O)[C:91]([H])([H])[C:92]([H])([H])[S:93]C([H])([H])[H])c([H])c([H])c2OC([H])([H])[H])nc(-c2c([H])nc3c([H])c([H])c([H])c([H])n23)c1Cl,0,-0.13014534,-0.10618114,-152.98440326846386,-28.93127271334493,-0.033981137,-0.035058744,-0.03451994,-0.0023439676,-0.00871408,-0.0055290237,-1373881.635463207,1.9652978908270597,-1373870.6860698108,-1373878.4777106487
S2-4.1,reactant,[H]c1nc(N([H])c2c([H])c([H])c(F)c(Cl)c2[H])c2c([H])c(N([H])C(=O)[C:91]([H])=[C:92]([H])[H])c(OC([H])([H])C([H])([H])C([H])([H])N3C([H])([H])C([H])([H])OC([H])([H])C3([H])[H])c([H])c2n1,0,-0.1446902,-0.2796542,-157.8416965565388,-26.155053927913606,0.027620375,0.024919242,0.026269808,-0.0001475662,-0.004301235,-0.0022244006,-1248864.944850289,1.9072462562471628,-1248856.539421484,-1248862.074550984
S2-4.1,intermediate,[H]c1nc(N([H])c2c([H])c([H])c(F)c(Cl)c2[H])c2c([H])c(N([H])C(=O)[C-:91]([H])[C:92]([H])([H])[S:93]C([H])([H])[H])c(OC([H])([H])C([H])([H])C([H])([H])N3C([H])([H])C([H])([H])OC([H])([H])C3([H])[H])c([H])c2n1,-1,-0.50048035,-0.13220485,-72.00716458408436,44.367140255349064,0.0036566556,0.017189369,0.010423012,0.050191283,0.25253913,0.1513652,-1523870.3400591263,1.7457809541374445,-1523861.1682628596,-1523865.8882720773
S2-4.1,product,[H]c1nc(N([H])c2c([H])c([H])c(F)c(Cl)c2[H])c2c([H])c(N([H])C(=O)[C:91]([H])([H])[C:92]([H])([H])[S:93]C([H])([H])[H])c(OC([H])([H])C([H])([H])C([H])([H])N3C([H])([H])C([H])([H])OC([H])([H])C3([H])[H])c([H])c2n1,0,-0.14051348,-0.1259929,-152.29903547105835,-24.2867317798055,-0.01576262,-0.014865071,-0.015313845,0.004030466,0.002073273,0.0030518696,-1524224.745785231,4.566346367821097,-1524213.3598282284,-1524219.1479063977
S2-4.2,reactant,[H]c1nc(N([H])c2c([H])c([H])c(F)c(Cl)c2[H])c2c([H])c(N([H])C(=O)[C:91]([H])=[C:92]([H])[H])c(OC([H])([H])C([H])([H])C([H])([H])N3C([H])([H])C([H])([H])OC([H])([H])C3([H])[H])c([H])c2n1,0,-0.13976857,-0.28379047,-156.94048175314214,-26.29979225389276,0.039064974,0.036181867,0.03762342,0.0053728223,-0.006589532,-0.0006083548,-1248858.319042209,1.7148298732936382,-1248850.1760828793,-1248855.4250232445
S2-4.2,intermediate,[H]c1nc(N([H])c2c([H])c([H])c(F)c(Cl)c2[H])c2c([H])c(N([H])C(=O)[C-:91]([H])[C:92]([H])([H])[S:93]C([H])([H])[H])c(OC([H])([H])C([H])([H])C([H])([H])N3C([H])([H])C([H])([H])OC([H])([H])C3([H])[H])c([H])c2n1,-1,-0.51115805,-0.12322527,-73.38844424006015,44.422916531888745,0.014098823,0.0202303,0.017164562,0.049628496,0.25099716,0.15031283,-1523869.5164163234,4.920750208199024,-1523857.4803357823,-1523864.056072994
S2-4.2,product,[H]c1nc(N([H])c2c([H])c([H])c(F)c(Cl)c2[H])c2c([H])c(N([H])C(=O)[C:91]([H])([H])[C:92]([H])([H])[S:93]C([H])([H])[H])c(OC([H])([H])C([H])([H])C([H])([H])N3C([H])([H])C([H])([H])OC([H])([H])C3([H])[H])c([H])c2n1,0,-0.12352696,-0.1158357,-152.7042529306901,-25.80700122303674,-0.030450799,-0.029929698,-0.030190248,0.0051916987,-0.000723429,0.0022341348,-1524221.099231745,3.11697243899107,-1524210.733600441,-1524217.1860086855
S2-4.3,reactant,[H]c1nc(N([H])c2c([H])c([H])c(F)c(Cl)c2[H])c2c([H])c(N([H])C(=O)[C:91]([H])=[C:92]([H])[H])c(OC([H])([H])C([H])([H])C([H])([H])N3C([H])([H])C([H])([H])OC([H])([H])C3([H])[H])c([H])c2n1,0,-0.13934273,-0.28435442,-155.8211395068176,-25.702226655557602,0.039129257,0.035986826,0.03755804,0.0052461475,-0.006888628,-0.00082124025,-1248863.9381405644,3.0366517677903175,-1248855.913961341,-1248861.10956229
S2-4.3,intermediate,[H]c1nc(N([H])c2c([H])c([H])c(F)c(Cl)c2[H])c2c([H])c(N([H])C(=O)[C-:91]([H])[C:92]([H])([H])[S:93]C([H])([H])[H])c(OC([H])([H])C([H])([H])C([H])([H])N3C([H])([H])C([H])([H])OC([H])([H])C3([H])[H])c([H])c2n1,-1,-0.4760864,-0.13203932,-70.78471974589752,45.6814298022191,0.0084349215,0.018706098,0.01357051,0.058559567,0.24629235,0.15242596,-1523865.4740021634,2.2102302107959986,-1523856.1458843944,-1523861.33753234
S2-4.3,product,[H]c1nc(N([H])c2c([H])c([H])c(F)c(Cl)c2[H])c2c([H])c(N([H])C(=O)[C:91]([H])([H])[C:92]([H])([H])[S:93]C([H])([H])[H])c(OC([H])([H])C([H])([H])C([H])([H])N3C([H])([H])C([H])([H])OC([H])([H])C3([H])[H])c([H])c2n1,0,-0.14106421,-0.12804557,-151.50362272024506,-24.77587103047953,-0.018967748,-0.017592967,-0.018280357,0.0044486374,0.0022715926,0.003360115,-1524229.8835626557,8.460444765165448,-1524217.9628049813,-1524224.88784742
S2-4.4,reactant,[H]c1nc(N([H])c2c([H])c([H])c(F)c(Cl)c2[H])c2c([H])c(N([H])C(=O)[C:91]([H])=[C:92]([H])[H])c(OC([H])([H])C([H])([H])C([H])([H])N3C([H])([H])C([H])([H])OC([H])([H])C3([H])[H])c([H])c2n1,0,-0.13849647,-0.28381488,-156.12227630778798,-26.40322463155253,0.039256096,0.0361789,0.0377175,0.0054017156,-0.007276863,-0.0009375736,-1248859.0741544198,3.1957685109227896,-1248849.6272653895,-1248855.9172158705
S2-4.4,intermediate,[H]c1nc(N([H])c2c([H])c([H])c(F)c(Cl)c2[H])c2c([H])c(N([H])C(=O)[C-:91]([H])[C:92]([H])([H])[S:93]C([H])([H])[H])c(OC([H])([H])C([H])([H])C([H])([H])N3C([H])([H])C([H])([H])OC([H])([H])C3([H])[H])c([H])c2n1,-1,-0.5156214,-0.123233855,-74.53994110802186,43.70506593797705,0.012922257,0.01930628,0.016114268,0.051534534,0.25392452,0.15272953,-1523867.2226061155,5.112461110576987,-1523855.9892571429,-1523861.7074682626
S2-4.4,product,[H]c1nc(N([H])c2c([H])c([H])c(F)c(Cl)c2[H])c2c([H])c(N([H])C(=O)[C:91]([H])([H])[C:92]([H])([H])[S:93]C([H])([H])[H])c(OC([H])([H])C([H])([H])C([H])([H])N3C([H])([H])C([H])([H])OC([H])([H])C3([H])[H])c([H])c2n1,0,-0.14182077,-0.1299868,-150.07730621805612,-24.06607125464638,-0.019629873,-0.017981112,-0.018805493,0.00421229,0.0019344985,0.0030733943,-1524226.9037424577,4.242753686383367,-1524216.3668022514,-1524222.0300755098
S2-4.5,reactant,[H]c1nc(N([H])c2c([H])c([H])c(F)c(Cl)c2[H])c2c([H])c(N([H])C(=O)[C:91]([H])=[C:92]([H])[H])c(OC([H])([H])C([H])([H])C([H])([H])N3C([H])([H])C([H])([H])OC([H])([H])C3([H])[H])c([H])c2n1,0,-0.13992949,-0.28377807,-156.93113121630506,-26.296480416025428,0.039086014,0.036178395,0.037632205,0.0052746236,-0.0065917224,-0.00065854937,-1248858.3210950687,1.7999574914574623,-1248850.1976865877,-1248855.40806755
S2-4.5,intermediate,[H]c1nc(N([H])c2c([H])c([H])c(F)c(Cl)c2[H])c2c([H])c(N([H])C(=O)[C-:91]([H])[C:92]([H])([H])[S:93]C([H])([H])[H])c(OC([H])([H])C([H])([H])C([H])([H])N3C([H])([H])C([H])([H])OC([H])([H])C3([H])[H])c([H])c2n1,-1,-0.51722455,-0.12380091,-73.08885281344813,44.67177787299119,0.0136014,0.0201042,0.0168528,0.047891438,0.24972516,0.1488083,-1523868.3683409523,2.5459507945924997,-1523859.4461528105,-1523863.8525124472
S2-4.5,product,[H]c1nc(N([H])c2c([H])c([H])c(F)c(Cl)c2[H])c2c([H])c(N([H])C(=O)[C:91]([H])([H])[C:92]([H])([H])[S:93]C([H])([H])[H])c(OC([H])([H])C([H])([H])C([H])([H])N3C([H])([H])C([H])([H])OC([H])([H])C3([H])[H])c([H])c2n1,0,-0.14196987,-0.11876711,-153.07992465029292,-25.465807155385832,-0.01827541,-0.01670362,-0.017489515,0.0075644553,0.0043800324,0.005972244,-1524222.7340196846,4.362901326268911,-1524211.893059404,-1524217.813811307
S2-4.6,reactant,[H]c1nc(N([H])c2c([H])c([H])c(F)c(Cl)c2[H])c2c([H])c(N([H])C(=O)[C:91]([H])=[C:92]([H])[H])c(OC([H])([H])C([H])([H])C([H])([H])N3C([H])([H])C([H])([H])OC([H])([H])C3([H])[H])c([H])c2n1,0,-0.13957946,-0.28281835,-155.8430556648314,-25.36696338873059,0.03972259,0.036634,0.038178295,0.005438715,-0.0062983036,-0.0004297942,-1248860.794171599,1.874604344367981,-1248852.423636497,-1248857.832535426
S2-4.6,intermediate,[H]c1nc(N([H])c2c([H])c([H])c(F)c(Cl)c2[H])c2c([H])c(N([H])C(=O)[C-:91]([H])[C:92]([H])([H])[S:93]C([H])([H])[H])c(OC([H])([H])C([H])([H])C([H])([H])N3C([H])([H])C([H])([H])OC([H])([H])C3([H])[H])c([H])c2n1,-1,-0.4715236,-0.13216552,-72.3747459491524,45.0178432359497,0.0077649355,0.018126078,0.012945507,0.05275294,0.24336706,0.14806,-1523867.5104974357,4.890170870348811,-1523856.546204548,-1523863.0359522216
S2-4.6,product,[H]c1nc(N([H])c2c([H])c([H])c(F)c(Cl)c2[H])c2c([H])c(N([H])C(=O)[C:91]([H])([H])[C:92]([H])([H])[S:93]C([H])([H])[H])c(OC([H])([H])C([H])([H])C([H])([H])N3C([H])([H])C([H])([H])OC([H])([H])C3([H])[H])c([H])c2n1,0,-0.12140646,-0.11636239,-151.62293972936416,-23.952754416947446,-0.03357756,-0.033081844,-0.033329703,0.012156926,0.0054324716,0.008794699,-1524232.1937747316,2.553349370136857,-1524223.1494582323,-1524228.9510822978
S2-4.7,reactant,[H]c1nc(N([H])c2c([H])c([H])c(F)c(Cl)c2[H])c2c([H])c(N([H])C(=O)[C:91]([H])=[C:92]([H])[H])c(OC([H])([H])C([H])([H])C([H])([H])N3C([H])([H])C([H])([H])OC([H])([H])C3([H])[H])c([H])c2n1,0,-0.13942412,-0.28335267,-156.87192552106714,-25.962270589529638,0.038865745,0.03634213,0.037603937,0.004225254,-0.007108122,-0.001441434,-1248857.4616180789,3.3578816447407007,-1248848.419311692,-1248853.925914985
S2-4.7,intermediate,[H]c1nc(N([H])c2c([H])c([H])c(F)c(Cl)c2[H])c2c([H])c(N([H])C(=O)[C-:91]([H])[C:92]([H])([H])[S:93]C([H])([H])[H])c(OC([H])([H])C([H])([H])C([H])([H])N3C([H])([H])C([H])([H])OC([H])([H])C3([H])[H])c([H])c2n1,-1,-0.43723533,-0.12889214,-78.47415984033707,40.10042533246622,-0.0028020293,0.011863828,0.004530899,0.03704694,0.22420517,0.13062605,-1523862.9161090946,6.2247194647789,-1523847.5999976608,-1523852.6234414252
S2-4.7,product,[H]c1nc(N([H])c2c([H])c([H])c(F)c(Cl)c2[H])c2c([H])c(N([H])C(=O)[C:91]([H])([H])[C:92]([H])([H])[S:93]C([H])([H])[H])c(OC([H])([H])C([H])([H])C([H])([H])N3C([H])([H])C([H])([H])OC([H])([H])C3([H])[H])c([H])c2n1,0,-0.12307407,-0.11619472,-151.71501048683072,-25.46466636836926,-0.030840017,-0.03021007,-0.030525044,0.005120963,-0.0010578409,0.002031561,-1524224.825671591,2.5679359808564186,-1524215.8278720656,-1524221.1923968955
S2-4.8,reactant,[H]c1nc(N([H])c2c([H])c([H])c(F)c(Cl)c2[H])c2c([H])c(N([H])C(=O)[C:91]([H])=[C:92]([H])[H])c(OC([H])([H])C([H])([H])C([H])([H])N3C([H])([H])C([H])([H])OC([H])([H])C3([H])[H])c([H])c2n1,0,-0.13834019,-0.28436935,-155.676001218561,-25.227757112052995,0.040691227,0.037484273,0.03908775,0.005593553,-0.007701263,-0.0010538548,-1248860.2532548115,3.099294673651457,-1248850.6082092556,-1248856.339436615
S2-4.8,intermediate,[H]c1nc(N([H])c2c([H])c([H])c(F)c(Cl)c2[H])c2c([H])c(N([H])C(=O)[C-:91]([H])[C:92]([H])([H])[S:93]C([H])([H])[H])c(OC([H])([H])C([H])([H])C([H])([H])N3C([H])([H])C([H])([H])OC([H])([H])C3([H])[H])c([H])c2n1,-1,-0.52185583,-0.10745211,-75.29159586095584,45.247447219797614,0.008864813,0.019014053,0.013939433,0.040862203,0.24315512,0.14200866,-1523866.540820942,6.046928234398365,-1523853.3618908764,-1523859.8701763058
S2-4.8,product,[H]c1nc(N([H])c2c([H])c([H])c(F)c(Cl)c2[H])c2c([H])c(N([H])C(=O)[C:91]([H])([H])[C:92]([H])([H])[S:93]C([H])([H])[H])c(OC([H])([H])C([H])([H])C([H])([H])N3C([H])([H])C([H])([H])OC([H])([H])C3([H])[H])c([H])c2n1,0,-0.12368333,-0.115663014,-152.17144938344074,-25.62167303890492,-0.029765844,-0.029409088,-0.029587466,0.0054786354,-0.00029820204,0.0025902167,-1524222.777709043,1.926052624359727,-1524214.1138750566,-1524219.8113562546
S2-4.9,reactant,[H]c1nc(N([H])c2c([H])c([H])c(F)c(Cl)c2[H])c2c([H])c(N([H])C(=O)[C:91]([H])=[C:92]([H])[H])c(OC([H])([H])C([H])([H])C([H])([H])N3C([H])([H])C([H])([H])OC([H])([H])C3([H])[H])c([H])c2n1,0,-0.14452794,-0.27900296,-157.43128002438698,-25.530552750202368,0.027152598,0.024816811,0.025984704,-0.00030648708,-0.004337013,-0.00232175,-1248858.8943956094,1.7832766957581043,-1248850.2265530713,-1248855.910967844
S2-4.9,intermediate,[H]c1nc(N([H])c2c([H])c([H])c(F)c(Cl)c2[H])c2c([H])c(N([H])C(=O)[C-:91]([H])[C:92]([H])([H])[S:93]C([H])([H])[H])c(OC([H])([H])C([H])([H])C([H])([H])N3C([H])([H])C([H])([H])OC([H])([H])C3([H])[H])c([H])c2n1,-1,-0.4778832,-0.13106604,-71.37524010810121,45.660482355672826,0.0070500076,0.017743371,0.0123966895,0.052150995,0.24581921,0.1489851,-1523873.5854306675,2.2898541316390038,-1523863.2006860871,-1523869.384137636
S2-4.9,product,[H]c1nc(N([H])c2c([H])c([H])c(F)c(Cl)c2[H])c2c([H])c(N([H])C(=O)[C:91]([H])([H])[C:92]([H])([H])[S:93]C([H])([H])[H])c(OC([H])([H])C([H])([H])C([H])([H])N3C([H])([H])C([H])([H])OC([H])([H])C3([H])[H])c([H])c2n1,0,-0.14229883,-0.12940799,-151.79735398812366,-24.598893686051138,-0.019242346,-0.017755523,-0.018498935,0.0043727756,0.002182424,0.0032775998,-1524224.1982564344,6.337330361828208,-1524214.384466229,-1524219.6351379815
S2-4.10,reactant,[H]c1nc(N([H])c2c([H])c([H])c(F)c(Cl)c2[H])c2c([H])c(N([H])C(=O)[C:91]([H])=[C:92]([H])[H])c(OC([H])([H])C([H])([H])C([H])([H])N3C([H])([H])C([H])([H])OC([H])([H])C3([H])[H])c([H])c2n1,0,-0.14539193,-0.27856305,-157.17050366226917,-25.254728911564,0.027389318,0.025331587,0.026360452,-0.00045530498,-0.0039161444,-0.0021857247,-1248859.3109537377,2.9719592705368996,-1248850.6850633866,-1248856.2187919922
S2-4.10,intermediate,[H]c1nc(N([H])c2c([H])c([H])c(F)c(Cl)c2[H])c2c([H])c(N([H])C(=O)[C-:91]([H])[C:92]([H])([H])[S:93]C([H])([H])[H])c(OC([H])([H])C([H])([H])C([H])([H])N3C([H])([H])C([H])([H])OC([H])([H])C3([H])[H])c([H])c2n1,-1,-0.5242196,-0.12502077,-72.65894357898809,44.25859071352385,0.013018534,0.020258501,0.016638517,0.046794116,0.24814773,0.14747092,-1523867.997693844,2.0681986324489117,-1523857.509808413,-1523863.8448202997
S2-4.10,product,[H]c1nc(N([H])c2c([H])c([H])c(F)c(Cl)c2[H])c2c([H])c(N([H])C(=O)[C:91]([H])([H])[C:92]([H])([H])[S:93]C([H])([H])[H])c(OC([H])([H])C([H])([H])C([H])([H])N3C([H])([H])C([H])([H])OC([H])([H])C3([H])[H])c([H])c2n1,0,-0.11946619,-0.11625039,-151.88172079274148,-25.266185034079054,-0.032871902,-0.032263003,-0.032567453,0.013628416,0.0058745146,0.009751465,-1524226.5632008857,1.4732891879975796,-1524217.789482196,-1524223.387397379
S2-14.1,reactant,[H]c1nc(N([H])c2c([H])c(N([H])C(=O)/[C:91]([H])=[C:92](\[H])C([H])([H])N(C([H])([H])[H])C([H])([H])[H])c([H])c([H])c2OC([H])([H])[H])nc(-c2c([H])n([H])c3c([H])c([H])c([H])c([H])c23)c1Cl,0,-0.17457025,-0.086461306,-145.47679485765184,-24.39919356433002,0.024085075,0.014649853,0.019367464,0.008998081,-0.006327197,0.0013354421,-1197260.265871655,2.1990831941366196,-1197252.2447169472,-1197257.6913581502
S2-14.1,intermediate,[H]c1nc(N([H])c2c([H])c(N([H])C(=O)[C-:91]([H])[C:92]([H])(C([H])([H])N(C([H])([H])[H])C([H])([H])[H])[S:93]C([H])([H])[H])c([H])c([H])c2OC([H])([H])[H])nc(-c2c([H])n([H])c3c([H])c([H])c([H])c([H])c23)c1Cl,-1,-0.18935837,-0.099339545,-76.54367780655052,35.855105473936064,-0.0050603673,-0.0073690787,-0.006214723,0.026281,0.011955187,0.019118093,-1472265.7020602776,3.07250920496881,-1472253.4390711938,-1472257.4380196747
S2-14.1,product,[H]c1nc(N([H])c2c([H])c(N([H])C(=O)[C:91]([H])([H])[C:92]([H])(C([H])([H])N(C([H])([H])[H])C([H])([H])[H])[S:93]C([H])([H])[H])c([H])c([H])c2OC([H])([H])[H])nc(-c2c([H])n([H])c3c([H])c([H])c([H])c([H])c23)c1Cl,0,-0.14424983,-0.059371762,-140.598919627446,-21.533575023871293,-0.020175755,-0.021959633,-0.021067694,0.009657174,0.0074620545,0.008559614,-1472626.1132208034,3.444450741633773,-1472617.2645779164,-1472622.0310174776
S2-14.2,reactant,[H]c1nc(N([H])c2c([H])c(N([H])C(=O)/[C:91]([H])=[C:92](\[H])C([H])([H])N(C([H])([H])[H])C([H])([H])[H])c([H])c([H])c2OC([H])([H])[H])nc(-c2c([H])n([H])c3c([H])c([H])c([H])c([H])c23)c1Cl,0,-0.17462489,-0.08459756,-145.4132913017643,-24.650345048880165,0.0065647885,0.002611503,0.0045881458,0.022440717,-0.002141565,0.010149576,-1197260.1814326134,2.5253859981894493,-1197251.8814152025,-1197257.5124147905
S2-14.2,intermediate,[H]c1nc(N([H])c2c([H])c(N([H])C(=O)[C-:91]([H])[C:92]([H])(C([H])([H])N(C([H])([H])[H])C([H])([H])[H])[S:93]C([H])([H])[H])c([H])c([H])c2OC([H])([H])[H])nc(-c2c([H])n([H])c3c([H])c([H])c([H])c([H])c23)c1Cl,-1,-0.4924441,-0.033758156,-65.54352669150033,41.76803570920423,0.020331174,0.018744314,0.019537743,0.06062889,0.20824021,0.13443455,-1472256.8016629592,2.296657072380185,-1472246.6705541722,-1472252.481299187
S2-14.2,product,[H]c1nc(N([H])c2c([H])c(N([H])C(=O)[C:91]([H])([H])[C:92]([H])(C([H])([H])N(C([H])([H])[H])C([H])([H])[H])[S:93]C([H])([H])[H])c([H])c([H])c2OC([H])([H])[H])nc(-c2c([H])n([H])c3c([H])c([H])c([H])c([H])c23)c1Cl,0,-0.13242792,-0.044307258,-141.63193125541417,-20.95687353484883,-0.031591624,-0.034584526,-0.033088073,0.0005878955,-0.0024873912,-0.00094974786,-1472624.6497563072,3.5405398812144995,-1472615.8794874218,-1472620.9105296135
S2-14.3,reactant,[H]c1nc(N([H])c2c([H])c(N([H])C(=O)/[C:91]([H])=[C:92](\[H])C([H])([H])N(C([H])([H])[H])C([H])([H])[H])c([H])c([H])c2OC([H])([H])[H])nc(-c2c([H])n([H])c3c([H])c([H])c([H])c([H])c23)c1Cl,0,-0.14805166,-0.13921545,-147.43784079916006,-24.467033959261965,0.004483938,0.0029224455,0.0037031919,-0.010492414,-0.013011038,-0.011751726,-1197259.4216890729,2.722638001665473,-1197250.9745660012,-1197256.260396484
S2-14.3,intermediate,[H]c1nc(N([H])c2c([H])c(N([H])C(=O)[C-:91]([H])[C:92]([H])(C([H])([H])N(C([H])([H])[H])C([H])([H])[H])[S:93]C([H])([H])[H])c([H])c([H])c2OC([H])([H])[H])nc(-c2c([H])n([H])c3c([H])c([H])c([H])c([H])c23)c1Cl,-1,-0.4152363,-0.049571507,-65.53097149899222,44.99818415280258,0.015612885,0.015305784,0.0154593345,0.061094195,0.21436171,0.13772795,-1472252.140297219,5.061934754252434,-1472240.7270490187,-1472246.2485922712
S2-14.3,product,[H]c1nc(N([H])c2c([H])c(N([H])C(=O)[C:91]([H])([H])[C:92]([H])(C([H])([H])N(C([H])([H])[H])C([H])([H])[H])[S:93]C([H])([H])[H])c([H])c([H])c2OC([H])([H])[H])nc(-c2c([H])n([H])c3c([H])c([H])c([H])c([H])c23)c1Cl,0,-0.14539991,-0.037323862,-143.38350164016924,-23.796465437607505,-0.03710281,-0.039624117,-0.038363464,0.0075451583,0.004248187,0.0058966726,-1472625.6486008377,3.416436355561018,-1472616.2313928104,-1472621.8649003238
S2-14.4,reactant,[H]c1nc(N([H])c2c([H])c(N([H])C(=O)/[C:91]([H])=[C:92](\[H])C([H])([H])N(C([H])([H])[H])C([H])([H])[H])c([H])c([H])c2OC([H])([H])[H])nc(-c2c([H])n([H])c3c([H])c([H])c([H])c([H])c23)c1Cl,0,-0.15512857,-0.11008711,-147.3675315814482,-24.85342256978368,-0.0019553155,-0.005851403,-0.0039033592,0.011767328,-0.0013712496,0.005198039,-1197259.8185292603,2.312689570710063,-1197251.8159998918,-1197256.4781452108
S2-14.4,intermediate,[H]c1nc(N([H])c2c([H])c(N([H])C(=O)[C-:91]([H])[C:92]([H])(C([H])([H])N(C([H])([H])[H])C([H])([H])[H])[S:93]C([H])([H])[H])c([H])c([H])c2OC([H])([H])[H])nc(-c2c([H])n([H])c3c([H])c([H])c([H])c([H])c23)c1Cl,-1,-0.48650044,-0.039432853,-64.03672576389006,44.6270104340507,-0.011086179,3.4373254e-05,-0.005525903,0.06311154,0.21728897,0.14020026,-1472252.6318392637,5.9382490031421185,-1472241.4364052976,-1472246.280741144
S2-14.4,product,[H]c1nc(N([H])c2c([H])c(N([H])C(=O)[C:91]([H])([H])[C:92]([H])(C([H])([H])N(C([H])([H])[H])C([H])([H])[H])[S:93]C([H])([H])[H])c([H])c([H])c2OC([H])([H])[H])nc(-c2c([H])n([H])c3c([H])c([H])c([H])c([H])c23)c1Cl,0,-0.14051485,-0.046723083,-142.5802224394472,-22.321020451056548,-0.028314307,-0.03169571,-0.030005008,-0.0007265359,-0.0031778365,-0.0019521862,-1472625.8835974606,4.616512076929212,-1472615.2724467926,-1472621.2039591938
S2-14.5,reactant,[H]c1nc(N([H])c2c([H])c(N([H])C(=O)/[C:91]([H])=[C:92](\[H])C([H])([H])N(C([H])([H])[H])C([H])([H])[H])c([H])c([H])c2OC([H])([H])[H])nc(-c2c([H])n([H])c3c([H])c([H])c([H])c([H])c23)c1Cl,0,-0.14862038,-0.110414386,-147.30011822970746,-25.909085576735546,-0.009150192,-0.010759145,-0.009954669,0.02151686,-0.0007149726,0.010400943,-1197258.816953578,2.658107915893197,-1197249.6256248232,-1197255.4733308165
S2-14.5,intermediate,[H]c1nc(N([H])c2c([H])c(N([H])C(=O)[C-:91]([H])[C:92]([H])(C([H])([H])N(C([H])([H])[H])C([H])([H])[H])[S:93]C([H])([H])[H])c([H])c([H])c2OC([H])([H])[H])nc(-c2c([H])n([H])c3c([H])c([H])c([H])c([H])c23)c1Cl,-1,-0.18950157,-0.09921711,-76.46329035546529,36.09036154835339,-0.0044074357,-0.0069284067,-0.005667921,0.026752368,0.01215826,0.019455314,-1472265.7437604603,3.198185570538044,-1472251.0572586574,-1472257.8032637965
S2-14.5,product,[H]c1nc(N([H])c2c([H])c(N([H])C(=O)[C:91]([H])([H])[C:92]([H])(C([H])([H])N(C([H])([H])[H])C([H])([H])[H])[S:93]C([H])([H])[H])c([H])c([H])c2OC([H])([H])[H])nc(-c2c([H])n([H])c3c([H])c([H])c([H])c([H])c23)c1Cl,0,-0.14543773,-0.036945965,-143.3380213929869,-23.778638452272002,-0.036836997,-0.039513465,-0.038175233,0.007543236,0.004221678,0.005882457,-1472625.6561592396,3.4603482242673635,-1472615.6428894936,-1472621.935290842
S2-14.6,reactant,[H]c1nc(N([H])c2c([H])c(N([H])C(=O)/[C:91]([H])=[C:92](\[H])C([H])([H])N(C([H])([H])[H])C([H])([H])[H])c([H])c([H])c2OC([H])([H])[H])nc(-c2c([H])n([H])c3c([H])c([H])c([H])c([H])c23)c1Cl,0,-0.12452295,-0.11574113,-145.68705014790706,-23.04558044270122,0.0029149503,0.0010501742,0.0019825622,-0.00708434,-0.019572653,-0.013328496,-1197255.268670743,4.1926521100103855,-1197246.4681876623,-1197251.6267061264
S2-14.6,intermediate,[H]c1nc(N([H])c2c([H])c(N([H])C(=O)[C-:91]([H])[C:92]([H])(C([H])([H])N(C([H])([H])[H])C([H])([H])[H])[S:93]C([H])([H])[H])c([H])c([H])c2OC([H])([H])[H])nc(-c2c([H])n([H])c3c([H])c([H])c([H])c([H])c23)c1Cl,-1,-0.49727213,-0.023425037,-66.36326113028021,41.367522404970195,0.013145929,0.013872747,0.013509339,0.048457503,0.20176286,0.12511018,-1472256.2266479053,4.7216204684227705,-1472243.3674569472,-1472250.7647119134
S2-14.6,product,[H]c1nc(N([H])c2c([H])c(N([H])C(=O)[C:91]([H])([H])[C:92]([H])(C([H])([H])N(C([H])([H])[H])C([H])([H])[H])[S:93]C([H])([H])[H])c([H])c([H])c2OC([H])([H])[H])nc(-c2c([H])n([H])c3c([H])c([H])c([H])c([H])c23)c1Cl,0,-0.13355021,-0.04956867,-142.29354510312308,-21.62239595775635,-0.02367985,-0.025185559,-0.024432704,-0.00023196638,-0.0032511652,-0.0017415658,-1472624.080263434,2.9812832437455654,-1472614.8318849679,-1472620.560872058
S2-14.7,reactant,[H]c1nc(N([H])c2c([H])c(N([H])C(=O)/[C:91]([H])=[C:92](\[H])C([H])([H])N(C([H])([H])[H])C([H])([H])[H])c([H])c([H])c2OC([H])([H])[H])nc(-c2c([H])n([H])c3c([H])c([H])c([H])c([H])c23)c1Cl,0,-0.17197986,-0.098409854,-148.91273068570413,-18.14351352163986,-0.014319465,-0.011387832,-0.0128536485,0.0026158094,-0.0032809675,-0.00033257902,-1197262.3625720877,3.5643680319190025,-1197250.811159605,-1197257.705231823
S2-14.7,intermediate,[H]c1nc(N([H])c2c([H])c(N([H])C(=O)[C-:91]([H])[C:92]([H])(C([H])([H])N(C([H])([H])[H])C([H])([H])[H])[S:93]C([H])([H])[H])c([H])c([H])c2OC([H])([H])[H])nc(-c2c([H])n([H])c3c([H])c([H])c([H])c([H])c23)c1Cl,-1,-0.17713788,-0.12557694,-77.02729014893413,36.698821881021985,0.003326714,0.003276609,0.0033016615,0.006820649,0.0018385798,0.0043296143,-1472265.2406065753,2.683247685432434,-1472254.4068539205,-1472258.610747803
S2-14.7,product,[H]c1nc(N([H])c2c([H])c(N([H])C(=O)[C:91]([H])([H])[C:92]([H])(C([H])([H])N(C([H])([H])[H])C([H])([H])[H])[S:93]C([H])([H])[H])c([H])c([H])c2OC([H])([H])[H])nc(-c2c([H])n([H])c3c([H])c([H])c([H])c([H])c23)c1Cl,0,-0.14115955,-0.052665256,-142.16426287864638,-21.799212560686055,-0.024495503,-0.028069943,-0.026282724,0.0059235096,0.0036420226,0.004782766,-1472621.8428921036,2.7613933719694614,-1472611.5895179503,-1472618.0752033575
S2-14.8,reactant,[H]c1nc(N([H])c2c([H])c(N([H])C(=O)/[C:91]([H])=[C:92](\[H])C([H])([H])N(C([H])([H])[H])C([H])([H])[H])c([H])c([H])c2OC([H])([H])[H])nc(-c2c([H])n([H])c3c([H])c([H])c([H])c([H])c23)c1Cl,0,-0.16979414,-0.10720893,-151.13222264750425,-20.69755542624612,-0.016525894,-0.012657568,-0.014591731,0.003766954,0.00023497641,0.0020009652,-1197264.1449974224,4.039323143661022,-1197253.4709497155,-1197259.282711195
S2-14.8,intermediate,[H]c1nc(N([H])c2c([H])c(N([H])C(=O)[C-:91]([H])[C:92]([H])(C([H])([H])N(C([H])([H])[H])C([H])([H])[H])[S:93]C([H])([H])[H])c([H])c([H])c2OC([H])([H])[H])nc(-c2c([H])n([H])c3c([H])c([H])c([H])c([H])c23)c1Cl,-1,-0.49455127,-0.032373313,-65.67889201120221,41.7775915715497,0.021887168,0.019609803,0.020748485,0.0598363,0.20755461,0.13369545,-1472256.9245031113,3.700603913515806,-1472247.4076500572,-1472252.4440069445
S2-14.8,product,[H]c1nc(N([H])c2c([H])c(N([H])C(=O)[C:91]([H])([H])[C:92]([H])(C([H])([H])N(C([H])([H])[H])C([H])([H])[H])[S:93]C([H])([H])[H])c([H])c([H])c2OC([H])([H])[H])nc(-c2c([H])n([H])c3c([H])c([H])c([H])c([H])c23)c1Cl,0,-0.12967288,-0.042726096,-140.6582506190585,-21.601146495429923,-0.035882983,-0.03722078,-0.03655188,0.003922388,0.0011035055,0.0025129467,-1472621.7383727287,2.704955032095313,-1472611.8678655461,-1472618.4013880282
S2-14.9,reactant,[H]c1nc(N([H])c2c([H])c(N([H])C(=O)/[C:91]([H])=[C:92](\[H])C([H])([H])N(C([H])([H])[H])C([H])([H])[H])c([H])c([H])c2OC([H])([H])[H])nc(-c2c([H])n([H])c3c([H])c([H])c([H])c([H])c23)c1Cl,0,-0.16164619,-0.10714351,-147.31115301431205,-24.749393652781976,-0.0036566332,-0.007119246,-0.0053879395,0.012052581,-0.00021511316,0.005918734,-1197259.8653803375,2.4455099143087864,-1197251.9502078146,-1197256.6153765714
S2-14.9,intermediate,[H]c1nc(N([H])c2c([H])c(N([H])C(=O)[C-:91]([H])[C:92]([H])(C([H])([H])N(C([H])([H])[H])C([H])([H])[H])[S:93]C([H])([H])[H])c([H])c([H])c2OC([H])([H])[H])nc(-c2c([H])n([H])c3c([H])c([H])c([H])c([H])c23)c1Cl,-1,-0.46546668,-0.046645064,-63.43085362378337,45.92278023393108,0.008245688,0.011801869,0.010023778,0.055283666,0.20905429,0.13216898,-1472252.199310904,2.7970732282847166,-1472240.7664032113,-1472247.79138705
S2-14.9,product,[H]c1nc(N([H])c2c([H])c(N([H])C(=O)[C:91]([H])([H])[C:92]([H])(C([H])([H])N(C([H])([H])[H])C([H])([H])[H])[S:93]C([H])([H])[H])c([H])c([H])c2OC([H])([H])[H])nc(-c2c([H])n([H])c3c([H])c([H])c([H])c([H])c23)c1Cl,0,-0.14406437,-0.06054273,-141.34707850438102,-22.338805696381648,-0.020746335,-0.022715438,-0.021730887,0.009990841,0.0071241856,0.008557513,-1472625.7401109796,6.44192304648459,-1472613.8098766045,-1472619.9315787512
S2-14.10,reactant,[H]c1nc(N([H])c2c([H])c(N([H])C(=O)/[C:91]([H])=[C:92](\[H])C([H])([H])N(C([H])([H])[H])C([H])([H])[H])c([H])c([H])c2OC([H])([H])[H])nc(-c2c([H])n([H])c3c([H])c([H])c([H])c([H])c23)c1Cl,0,-0.1508992,-0.13708991,-145.4343224523278,-21.18870324312716,0.007988751,0.0034607798,0.0057247654,-0.008834735,-0.011522159,-0.010178447,-1197256.9591373573,2.7970101553946733,-1197248.503944985,-1197253.8261811195
S2-14.10,intermediate,[H]c1nc(N([H])c2c([H])c(N([H])C(=O)[C-:91]([H])[C:92]([H])(C([H])([H])N(C([H])([H])[H])C([H])([H])[H])[S:93]C([H])([H])[H])c([H])c([H])c2OC([H])([H])[H])nc(-c2c([H])n([H])c3c([H])c([H])c([H])c([H])c23)c1Cl,-1,-0.4598959,-0.04794506,-64.31273478681693,45.86721677998399,0.018939294,0.01618896,0.017564127,0.08184093,0.22619303,0.15401697,-1472253.309318806,2.5067548025399446,-1472241.5613835072,-1472247.2168690634
S2-14.10,product,[H]c1nc(N([H])c2c([H])c(N([H])C(=O)[C:91]([H])([H])[C:92]([H])(C([H])([H])N(C([H])([H])[H])C([H])([H])[H])[S:93]C([H])([H])[H])c([H])c([H])c2OC([H])([H])[H])nc(-c2c([H])n([H])c3c([H])c([H])c([H])c([H])c23)c1Cl,0,-0.13166294,-0.041927878,-141.0600604302614,-21.053073008832598,-0.030176625,-0.032988485,-0.031582557,0.00198327,-0.000580132,0.000701569,-1472624.5977917744,4.618616672232747,-1472615.7675145997,-1472620.8884487078
S2-18.1,reactant,[H]c1nc(N([H])c2c([H])c(N([H])C(=O)/[C:91]([H])=[C:92](\[H])C([H])([H])N(C([H])([H])[H])C([H])([H])[H])c([H])c([H])c2OC([H])([H])[H])nc(-c2c([H])nn3c([H])c([H])c([H])c([H])c23)c1[H],0,-0.15826555,-0.11033279,-148.523463447874,-26.10962858736784,-0.005143419,-0.006445594,-0.0057945065,0.00927797,-0.00087045133,0.004203759,-918872.6036321442,2.061146669089794,-918862.4910279308,-918869.6057239489
S2-18.1,intermediate,[H]C1=C([H])c2c(-c3nc(N([H])c4c([H])c(N([H])C(=O)[C-:91]([H])[C:92]([H])(C([H])([H])N(C([H])([H])[H])C([H])([H])[H])[S:93]C([H])([H])[H])c([H])c([H])c4OC([H])([H])[H])nc([H])c3[H])c([H])nn2C([H])=C1[H],-1,-0.46544456,-0.050223008,-64.42458836069615,38.96499908110241,0.0031092204,0.010439508,0.006774364,0.028785676,0.18924102,0.10901335,-1193866.8846347658,2.706249888986349,-1193858.3206900475,-1193863.1633293657
S2-18.1,product,[H]c1nc(N([H])c2c([H])c(N([H])C(=O)[C:91]([H])([H])[C:92]([H])(C([H])([H])N(C([H])([H])[H])C([H])([H])[H])[S:93]C([H])([H])[H])c([H])c([H])c2OC([H])([H])[H])nc(-c2c([H])nn3c([H])c([H])c([H])c([H])c23)c1[H],0,-0.13755739,-0.033394422,-143.09822432920092,-23.500862273209083,-0.03853356,-0.040501002,-0.039517283,0.0039262623,0.00033046305,0.0021283627,-1194235.5025618763,2.7814274691045284,-1194225.9932958453,-1194232.4980488576
S2-18.2,reactant,[H]c1nc(N([H])c2c([H])c(N([H])C(=O)/[C:91]([H])=[C:92](\[H])C([H])([H])N(C([H])([H])[H])C([H])([H])[H])c([H])c([H])c2OC([H])([H])[H])nc(-c2c([H])nn3c([H])c([H])c([H])c([H])c23)c1[H],0,-0.1592716,-0.109357305,-150.3298059673424,-26.636059255493503,-0.0055818483,-0.006893322,-0.006237585,0.009526268,-0.0007289797,0.004398644,-918874.7264882171,1.9011711180210114,-918865.9462633085,-918871.6458671059
S2-18.2,intermediate,[H]C1=C([H])c2c(-c3nc(N([H])c4c([H])c(N([H])C(=O)[C-:91]([H])[C:92]([H])(C([H])([H])N(C([H])([H])[H])C([H])([H])[H])[S:93]C([H])([H])[H])c([H])c([H])c4OC([H])([H])[H])nc([H])c3[H])c([H])nn2C([H])=C1[H],-1,-0.47844148,-0.016324872,-66.26856832978068,40.35587353721387,0.009006767,0.007889584,0.008448175,0.036696732,0.18844926,0.112573,-1193875.023831533,2.8681871350854635,-1193864.1966198375,-1193870.1500051091
S2-18.2,product,[H]c1nc(N([H])c2c([H])c(N([H])C(=O)[C:91]([H])([H])[C:92]([H])(C([H])([H])N(C([H])([H])[H])C([H])([H])[H])[S:93]C([H])([H])[H])c([H])c([H])c2OC([H])([H])[H])nc(-c2c([H])nn3c([H])c([H])c([H])c([H])c23)c1[H],0,-0.13486277,-0.06541511,-144.42655118601687,-15.693497878797016,-0.027652308,-0.029101767,-0.028377037,0.00022245944,-0.0021310002,-0.00095427036,-1194240.1113786025,7.044483928009868,-1194228.4826914547,-1194233.988543961
S2-18.3,reactant,[H]c1nc(N([H])c2c([H])c(N([H])C(=O)/[C:91]([H])=[C:92](\[H])C([H])([H])N(C([H])([H])[H])C([H])([H])[H])c([H])c([H])c2OC([H])([H])[H])nc(-c2c([H])nn3c([H])c([H])c([H])c([H])c23)c1[H],0,-0.15964746,-0.10877908,-149.32168371963704,-26.887277539295404,-0.016520955,-0.012904622,-0.014712788,0.018787637,0.0024602562,0.010623947,-918871.8326987467,1.9355984404683113,-918862.6681508617,-918868.941580842
S2-18.3,intermediate,[H]C1=C([H])c2c(-c3nc(N([H])c4c([H])c(N([H])C(=O)[C-:91]([H])[C:92]([H])(C([H])([H])N(C([H])([H])[H])C([H])([H])[H])[S:93]C([H])([H])[H])c([H])c([H])c4OC([H])([H])[H])nc([H])c3[H])c([H])nn2C([H])=C1[H],-1,-0.48531735,-0.0148762725,-65.87444826367847,43.36590340061112,0.007866327,0.005982764,0.0069245454,0.043687582,0.19957909,0.121633336,-1193872.85532719,3.714312646538019,-1193861.6050252034,-1193867.0799989926
S2-18.3,product,[H]c1nc(N([H])c2c([H])c(N([H])C(=O)[C:91]([H])([H])[C:92]([H])(C([H])([H])N(C([H])([H])[H])C([H])([H])[H])[S:93]C([H])([H])[H])c([H])c([H])c2OC([H])([H])[H])nc(-c2c([H])nn3c([H])c([H])c([H])c([H])c23)c1[H],0,-0.14865562,-0.0561896,-145.67961372059335,-17.919176788274235,-0.031616207,-0.029769633,-0.03069292,0.0027466267,0.0019778162,0.0023622215,-1194242.8666059948,5.745959881693125,-1194229.954127929,-1194238.2412929547
S2-18.4,reactant,[H]c1nc(N([H])c2c([H])c(N([H])C(=O)/[C:91]([H])=[C:92](\[H])C([H])([H])N(C([H])([H])[H])C([H])([H])[H])c([H])c([H])c2OC([H])([H])[H])nc(-c2c([H])nn3c([H])c([H])c([H])c([H])c23)c1[H],0,-0.15621957,-0.10706221,-147.09640403584982,-24.67995337803515,-0.0089899525,-0.01029253,-0.009641241,0.014562517,-0.0006222427,0.0069701374,-918869.5242595471,2.901479847729206,-918861.308458417,-918866.3488678498
S2-18.4,intermediate,[H]C1=C([H])c2c(-c3nc(N([H])c4c([H])c(N([H])C(=O)[C-:91]([H])[C:92]([H])(C([H])([H])N(C([H])([H])[H])C([H])([H])[H])[S:93]C([H])([H])[H])c([H])c([H])c4OC([H])([H])[H])nc([H])c3[H])c([H])nn2C([H])=C1[H],-1,-0.47329566,-0.026732301,-62.83911414176159,43.48635516109231,-0.014981061,-0.006355809,-0.010668435,0.03492412,0.19529179,0.11510795,-1193862.4706557016,6.69854461401701,-1193851.378525378,-1193855.4816068842
S2-18.4,product,[H]c1nc(N([H])c2c([H])c(N([H])C(=O)[C:91]([H])([H])[C:92]([H])(C([H])([H])N(C([H])([H])[H])C([H])([H])[H])[S:93]C([H])([H])[H])c([H])c([H])c2OC([H])([H])[H])nc(-c2c([H])nn3c([H])c([H])c([H])c([H])c23)c1[H],0,-0.13643207,-0.04358863,-145.3414335940467,-24.036548189765213,-0.030535296,-0.03213323,-0.031334262,0.0025152266,-0.0008750707,0.00082007796,-1194237.6736983892,2.8193150274455547,-1194229.4433111849,-1194234.2787810483
S2-18.5,reactant,[H]c1nc(N([H])c2c([H])c(N([H])C(=O)/[C:91]([H])=[C:92](\[H])C([H])([H])N(C([H])([H])[H])C([H])([H])[H])c([H])c([H])c2OC([H])([H])[H])nc(-c2c([H])nn3c([H])c([H])c([H])c([H])c23)c1[H],0,-0.15617411,-0.10733145,-147.03946795441146,-24.483871258844754,-0.009361379,-0.010610186,-0.009985782,0.014688879,-0.00050099194,0.0070939437,-918869.4674208047,2.78950129263103,-918860.8759943588,-918866.3946928257
S2-18.5,intermediate,[H]C1=C([H])c2c(-c3nc(N([H])c4c([H])c(N([H])C(=O)[C-:91]([H])[C:92]([H])(C([H])([H])N(C([H])([H])[H])C([H])([H])[H])[S:93]C([H])([H])[H])c([H])c([H])c4OC([H])([H])[H])nc([H])c3[H])c([H])nn2C([H])=C1[H],-1,-0.48963726,-0.021411227,-65.99603189091786,40.124833665598345,0.008228984,0.008199095,0.00821404,0.027969718,0.17753235,0.10275103,-1193873.0175446114,3.6048373095691204,-1193861.4299045012,-1193868.0390513185
S2-18.5,product,[H]c1nc(N([H])c2c([H])c(N([H])C(=O)[C:91]([H])([H])[C:92]([H])(C([H])([H])N(C([H])([H])[H])C([H])([H])[H])[S:93]C([H])([H])[H])c([H])c([H])c2OC([H])([H])[H])nc(-c2c([H])nn3c([H])c([H])c([H])c([H])c23)c1[H],0,-0.13760951,-0.02457545,-142.41285800765485,-19.570411672023916,-0.039595544,-0.04115238,-0.040373962,0.008985385,0.005615592,0.0073004887,-1194234.0106692694,3.4831120297312737,-1194224.642357406,-1194230.3858173867
S2-18.6,reactant,[H]c1nc(N([H])c2c([H])c(N([H])C(=O)/[C:91]([H])=[C:92](\[H])C([H])([H])N(C([H])([H])[H])C([H])([H])[H])c([H])c([H])c2OC([H])([H])[H])nc(-c2c([H])nn3c([H])c([H])c([H])c([H])c23)c1[H],0,-0.15251951,-0.13927764,-147.17274843436164,-23.33361385091708,0.009369537,0.0066715926,0.008020565,-0.012653351,-0.012608871,-0.012631111,-918870.177717802,2.6858263332396746,-918862.5527599712,-918867.2064679799
S2-18.6,intermediate,[H]C1=C([H])c2c(-c3nc(N([H])c4c([H])c(N([H])C(=O)[C-:91]([H])[C:92]([H])(C([H])([H])N(C([H])([H])[H])C([H])([H])[H])[S:93]C([H])([H])[H])c([H])c([H])c4OC([H])([H])[H])nc([H])c3[H])c([H])nn2C([H])=C1[H],-1,-0.46012855,-0.022752265,-66.93593586460709,41.454016769565065,-0.007291808,-0.0034208577,-0.0053563328,0.047569156,0.19734535,0.12245725,-1193871.2354788203,6.676372651010752,-1193855.2191227283,-1193862.193338337
S2-18.6,product,[H]c1nc(N([H])c2c([H])c(N([H])C(=O)[C:91]([H])([H])[C:92]([H])(C([H])([H])N(C([H])([H])[H])C([H])([H])[H])[S:93]C([H])([H])[H])c([H])c([H])c2OC([H])([H])[H])nc(-c2c([H])nn3c([H])c([H])c([H])c([H])c23)c1[H],0,-0.13542642,-0.058159035,-144.30610821894663,-23.67307810976376,-0.032231927,-0.031971786,-0.032101855,0.0032598376,0.0012377352,0.0022487864,-1194239.681431663,1.7037514317780733,-1194230.9288730836,-1194236.5840611304
S2-18.7,reactant,[H]c1nc(N([H])c2c([H])c(N([H])C(=O)/[C:91]([H])=[C:92](\[H])C([H])([H])N(C([H])([H])[H])C([H])([H])[H])c([H])c([H])c2OC([H])([H])[H])nc(-c2c([H])nn3c([H])c([H])c([H])c([H])c23)c1[H],0,-0.16037644,-0.1268896,-147.56680037334127,-16.63195245127554,0.018353611,0.016723372,0.017538492,-0.010398895,-0.016755298,-0.013577096,-918873.3500003547,4.880049055442214,-918865.7598129362,-918870.365461333
S2-18.7,intermediate,[H]C1=C([H])c2c(-c3nc(N([H])c4c([H])c(N([H])C(=O)[C-:91]([H])[C:92]([H])(C([H])([H])N(C([H])([H])[H])C([H])([H])[H])[S:93]C([H])([H])[H])c([H])c([H])c4OC([H])([H])[H])nc([H])c3[H])c([H])nn2C([H])=C1[H],-1,-0.52065533,-0.026789986,-67.23147679676363,41.523658279327115,0.018653639,0.019125912,0.018889775,0.03899336,0.19995508,0.11947422,-1193869.5766639651,3.1501099094748497,-1193857.3096470202,-1193863.5257520434
S2-18.7,product,[H]c1nc(N([H])c2c([H])c(N([H])C(=O)[C:91]([H])([H])[C:92]([H])(C([H])([H])N(C([H])([H])[H])C([H])([H])[H])[S:93]C([H])([H])[H])c([H])c([H])c2OC([H])([H])[H])nc(-c2c([H])nn3c([H])c([H])c([H])c([H])c23)c1[H],0,-0.13512954,-0.049877394,-144.0980887089665,-24.019975657457632,-0.034271635,-0.03565115,-0.034961395,0.0010994375,-0.0013073981,-0.0001039803,-1194237.81033279,3.8725396916270256,-1194229.0091347315,-1194234.5428275212
S2-18.8,reactant,[H]c1nc(N([H])c2c([H])c(N([H])C(=O)/[C:91]([H])=[C:92](\[H])C([H])([H])N(C([H])([H])[H])C([H])([H])[H])c([H])c([H])c2OC([H])([H])[H])nc(-c2c([H])nn3c([H])c([H])c([H])c([H])c23)c1[H],0,-0.15219948,-0.13959122,-149.03942703375856,-23.981784040230146,0.009773165,0.006961331,0.008367248,-0.01330097,-0.0131688565,-0.013234913,-918872.1427275655,2.3047108687460423,-918863.7917069368,-918868.9855350604
S2-18.8,intermediate,[H]C1=C([H])c2c(-c3nc(N([H])c4c([H])c(N([H])C(=O)[C-:91]([H])[C:92]([H])(C([H])([H])N(C([H])([H])[H])C([H])([H])[H])[S:93]C([H])([H])[H])c([H])c([H])c4OC([H])([H])[H])nc([H])c3[H])c([H])nn2C([H])=C1[H],-1,-0.17725827,-0.12644285,-77.40790799357717,34.92456225333348,0.0025721341,0.0036220253,0.0030970797,0.00490804,0.0016700923,0.0032890663,-1193877.2627054525,2.1597265489399433,-1193864.2096497628,-1193870.6306970413
S2-18.8,product,[H]c1nc(N([H])c2c([H])c(N([H])C(=O)[C:91]([H])([H])[C:92]([H])(C([H])([H])N(C([H])([H])[H])C([H])([H])[H])[S:93]C([H])([H])[H])c([H])c([H])c2OC([H])([H])[H])nc(-c2c([H])nn3c([H])c([H])c([H])c([H])c23)c1[H],0,-0.13991505,-0.047974687,-145.84042746558626,-21.46585999461016,-0.040359806,-0.041231226,-0.040795516,0.004232645,0.0011371672,0.0026849061,-1194236.564721063,7.793374948203564,-1194225.4474966894,-1194231.4594666162
S2-18.9,reactant,[H]c1nc(N([H])c2c([H])c(N([H])C(=O)/[C:91]([H])=[C:92](\[H])C([H])([H])N(C([H])([H])[H])C([H])([H])[H])c([H])c([H])c2OC([H])([H])[H])nc(-c2c([H])nn3c([H])c([H])c([H])c([H])c23)c1[H],0,-0.15786968,-0.110493675,-148.5368455337687,-26.11513590411045,-0.004986532,-0.0063007623,-0.005643647,0.009297594,-0.0009382218,0.0041796863,-918872.5981847026,2.120205892249942,-918863.714849081,-918869.5372887754
S2-18.9,intermediate,[H]C1=C([H])c2c(-c3nc(N([H])c4c([H])c(N([H])C(=O)[C-:91]([H])[C:92]([H])(C([H])([H])N(C([H])([H])[H])C([H])([H])[H])[S:93]C([H])([H])[H])c([H])c([H])c4OC([H])([H])[H])nc([H])c3[H])c([H])nn2C([H])=C1[H],-1,-0.513061,-0.037612546,-66.24420302862323,38.59363838055379,0.015309997,0.017204164,0.016257081,0.045963585,0.21182704,0.12889531,-1193868.5918143387,2.5741201881319284,-1193857.9929677865,-1193863.7874406572
S2-18.9,product,[H]c1nc(N([H])c2c([H])c(N([H])C(=O)[C:91]([H])([H])[C:92]([H])(C([H])([H])N(C([H])([H])[H])C([H])([H])[H])[S:93]C([H])([H])[H])c([H])c([H])c2OC([H])([H])[H])nc(-c2c([H])nn3c([H])c([H])c([H])c([H])c23)c1[H],0,-0.12530819,-0.050726984,-142.913502401157,-22.732657022334564,-0.025611632,-0.0237093,-0.024660466,-0.0006101206,-0.0011359751,-0.00087304786,-1194237.5535643876,3.785208137705922,-1194226.0604516272,-1194232.5287567994
S2-18.10,reactant,[H]c1nc(N([H])c2c([H])c(N([H])C(=O)/[C:91]([H])=[C:92](\[H])C([H])([H])N(C([H])([H])[H])C([H])([H])[H])c([H])c([H])c2OC([H])([H])[H])nc(-c2c([H])nn3c([H])c([H])c([H])c([H])c23)c1[H],0,-0.16700016,-0.11182501,-152.300765498322,-20.140933144673767,-0.017251141,-0.011021301,-0.014136221,0.0068163574,0.00051161647,0.003663987,-918873.9524481109,4.305324116721749,-918865.4072459107,-918870.5019534088
S2-18.10,intermediate,[H]C1=C([H])c2c(-c3nc(N([H])c4c([H])c(N([H])C(=O)[C-:91]([H])[C:92]([H])(C([H])([H])N(C([H])([H])[H])C([H])([H])[H])[S:93]C([H])([H])[H])c([H])c([H])c4OC([H])([H])[H])nc([H])c3[H])c([H])nn2C([H])=C1[H],-1,-0.4554365,-0.0503208,-64.41052701383855,39.70584430223094,0.014640186,0.015701786,0.015170986,0.052989274,0.208211,0.13060014,-1193868.3697884723,1.759876724332571,-1193856.158604758,-1193863.311565213
S2-18.10,product,[H]c1nc(N([H])c2c([H])c(N([H])C(=O)[C:91]([H])([H])[C:92]([H])(C([H])([H])N(C([H])([H])[H])C([H])([H])[H])[S:93]C([H])([H])[H])c([H])c([H])c2OC([H])([H])[H])nc(-c2c([H])nn3c([H])c([H])c([H])c([H])c23)c1[H],0,-0.13494761,-0.038655367,-141.20466517468358,-15.031963737734246,-0.036639825,-0.038088884,-0.037364352,0.0032610148,0.0014854372,0.002373226,-1194237.1343508987,4.833933271467686,-1194225.5468205386,-1194232.8339072063
S2-41.1,reactant,[H]c1nc(N([H])c2nn(C([H])([H])[H])c(N([H])C(=O)[C:91]([H])=[C:92]([H])[H])c2[H])nc(-c2c([H])nn3c([H])c([H])c([H])c([H])c23)c1Cl,0,-0.13011834,-0.27279055,-159.22800119116897,-24.558003573887813,0.039135754,0.028435856,0.033785805,-0.0021486282,-0.008786574,-0.005467601,-1047482.5902999272,2.2473248597234488,-1047476.0004849858,-1047479.5136385876
S2-41.1,intermediate,[H]C1=C([H])c2c(-c3nc(N([H])c4nn(C([H])([H])[H])c(N([H])C(=O)[C-:91]([H])[C:92]([H])([H])[S:93]C([H])([H])[H])c4[H])nc([H])c3Cl)c([H])nn2C([H])=C1[H],-1,-0.44112402,-0.105413534,-77.85083844699719,41.20121583001349,-0.007879771,0.01156275,0.0018414892,0.03486991,0.19105425,0.11296208,-1322493.705617701,3.3913298696279526,-1322483.040370722,-1322487.3462757312
S2-41.1,product,[H]c1nc(N([H])c2nn(C([H])([H])[H])c(N([H])C(=O)[C:91]([H])([H])[C:92]([H])([H])[S:93]C([H])([H])[H])c2[H])nc(-c2c([H])nn3c([H])c([H])c([H])c([H])c23)c1Cl,0,-0.12589304,-0.102346174,-156.15310593279804,-23.734839407848334,-0.02876784,-0.029528894,-0.029148366,0.0032277703,-0.0049518645,-0.0008620471,-1322850.5200809033,13.579485239461064,-1322837.4965625568,-1322841.0249597444
S2-41.2,reactant,[H]c1nc(N([H])c2nn(C([H])([H])[H])c(N([H])C(=O)[C:91]([H])=[C:92]([H])[H])c2[H])nc(-c2c([H])nn3c([H])c([H])c([H])c([H])c23)c1Cl,0,-0.13759038,-0.27068883,-160.41115938782914,-24.72455226144204,0.032631338,0.025251016,0.028941177,-0.00020492077,-0.010200143,-0.005202532,-1047485.2727347073,2.3760698698461056,-1047478.6594542095,-1047481.8320742992
S2-41.2,intermediate,[H]C1=C([H])c2c(-c3nc(N([H])c4nn(C([H])([H])[H])c(N([H])C(=O)[C-:91]([H])[C:92]([H])([H])[S:93]C([H])([H])[H])c4[H])nc([H])c3Cl)c([H])nn2C([H])=C1[H],-1,-0.43762767,-0.1138973,-78.35855001754015,40.45033643182938,0.0052347705,0.01579912,0.010516945,0.045493573,0.23587736,0.14068547,-1322490.2464398546,3.9860290829092264,-1322480.5928494364,-1322485.005936341
S2-41.2,product,[H]c1nc(N([H])c2nn(C([H])([H])[H])c(N([H])C(=O)[C:91]([H])([H])[C:92]([H])([H])[S:93]C([H])([H])[H])c2[H])nc(-c2c([H])nn3c([H])c([H])c([H])c([H])c23)c1Cl,0,-0.1390806,-0.11125993,-154.8232193517596,-21.138751501838588,-0.019924358,-0.021068923,-0.02049664,0.0019949526,-0.0020314902,-1.8268824e-05,-1322846.4852183445,2.7016502879559994,-1322837.4772307717,-1322841.4731589512
S2-41.3,reactant,[H]c1nc(N([H])c2nn(C([H])([H])[H])c(N([H])C(=O)[C:91]([H])=[C:92]([H])[H])c2[H])nc(-c2c([H])nn3c([H])c([H])c([H])c([H])c23)c1Cl,0,-0.14051804,-0.27144805,-160.46278126947414,-23.577921912211384,0.0333319,0.025166929,0.029249415,-0.00029416382,-0.009686157,-0.0049901605,-1047479.8499684979,2.2860416881740093,-1047470.3874370193,-1047476.1459517477
S2-41.3,intermediate,[H]C1=C([H])c2c(-c3nc(N([H])c4nn(C([H])([H])[H])c(N([H])C(=O)[C-:91]([H])[C:92]([H])([H])[S:93]C([H])([H])[H])c4[H])nc([H])c3Cl)c([H])nn2C([H])=C1[H],-1,-0.40834638,-0.120055206,-78.71585141270253,39.71145033393791,0.008193143,0.019850641,0.014021892,0.028286248,0.2230247,0.12565547,-1322487.9781687488,4.737876072525978,-1322476.6888466845,-1322482.7801271232
S2-41.3,product,[H]c1nc(N([H])c2nn(C([H])([H])[H])c(N([H])C(=O)[C:91]([H])([H])[C:92]([H])([H])[S:93]C([H])([H])[H])c2[H])nc(-c2c([H])nn3c([H])c([H])c([H])c([H])c23)c1Cl,0,-0.11674467,-0.09666568,-154.03626366662468,-22.202229340531233,-0.036873516,-0.038615435,-0.037744477,0.013908789,0.0012888685,0.0075988285,-1322845.0356727734,1.9501984901726246,-1322837.2145669986,-1322841.6560699523
S2-41.4,reactant,[H]c1nc(N([H])c2nn(C([H])([H])[H])c(N([H])C(=O)[C:91]([H])=[C:92]([H])[H])c2[H])nc(-c2c([H])nn3c([H])c([H])c([H])c([H])c23)c1Cl,0,-0.13755554,-0.2706756,-160.4110681481366,-24.698384510201013,0.03255889,0.025228932,0.02889391,-0.0003658682,-0.0102286935,-0.005297281,-1047485.2652180819,2.2205456104129553,-1047478.5824910722,-1047481.7856468231
S2-41.4,intermediate,[H]C1=C([H])c2c(-c3nc(N([H])c4nn(C([H])([H])[H])c(N([H])C(=O)[C-:91]([H])[C:92]([H])([H])[S:93]C([H])([H])[H])c4[H])nc([H])c3Cl)c([H])nn2C([H])=C1[H],-1,-0.49198464,-0.10254651,-72.41270189950964,48.93177196341817,-0.0026554838,0.012063615,0.0047040656,0.018238455,0.20873958,0.11348902,-1322486.5894575617,2.4491063710302114,-1322476.087932141,-1322480.224571113
S2-41.4,product,[H]c1nc(N([H])c2nn(C([H])([H])[H])c(N([H])C(=O)[C:91]([H])([H])[C:92]([H])([H])[S:93]C([H])([H])[H])c2[H])nc(-c2c([H])nn3c([H])c([H])c([H])c([H])c23)c1Cl,0,-0.11694147,-0.09706748,-156.72633990980688,-20.38438910400922,-0.03500437,-0.03671082,-0.035857596,0.0060233995,-0.0058359876,9.370595e-05,-1322847.897150427,3.7571310959756374,-1322839.9573665115,-1322844.0762052455
S2-41.5,reactant,[H]c1nc(N([H])c2nn(C([H])([H])[H])c(N([H])C(=O)[C:91]([H])=[C:92]([H])[H])c2[H])nc(-c2c([H])nn3c([H])c([H])c([H])c([H])c23)c1Cl,0,-0.14024982,-0.2680439,-158.53843833303435,-22.72909062673008,0.052031428,0.038569838,0.045300633,0.0058806688,-0.014360115,-0.004239723,-1047486.3568137632,2.5420095659792423,-1047479.4284676755,-1047482.9590348107
S2-41.5,intermediate,[H]C1=C([H])c2c(-c3nc(N([H])c4nn(C([H])([H])[H])c(N([H])C(=O)[C-:91]([H])[C:92]([H])([H])[S:93]C([H])([H])[H])c4[H])nc([H])c3Cl)c([H])nn2C([H])=C1[H],-1,-0.476301,-0.100728355,-75.26055719327155,41.50665197554676,-0.0024935082,0.011993229,0.0047498606,0.027685225,0.20224097,0.1149631,-1322490.8148668958,2.7967698760330677,-1322477.522599664,-1322484.050806524
S2-41.5,product,[H]c1nc(N([H])c2nn(C([H])([H])[H])c(N([H])C(=O)[C:91]([H])([H])[C:92]([H])([H])[S:93]C([H])([H])[H])c2[H])nc(-c2c([H])nn3c([H])c([H])c([H])c([H])c23)c1Cl,0,-0.124750085,-0.10081092,-152.89275469690617,-18.664480766586777,-0.03159947,-0.033504046,-0.032551758,0.005319573,-0.0046788976,0.0003203377,-1322844.112829431,2.964986329898238,-1322834.0040644398,-1322839.5444387817
S2-41.6,reactant,[H]c1nc(N([H])c2nn(C([H])([H])[H])c(N([H])C(=O)[C:91]([H])=[C:92]([H])[H])c2[H])nc(-c2c([H])nn3c([H])c([H])c([H])c([H])c23)c1Cl,0,-0.14060411,-0.27145115,-158.07423292129553,-22.763645009951155,0.033525974,0.024835095,0.029180534,-4.570186e-05,-0.009623155,-0.0048344284,-1047477.9011587539,2.3842727076262236,-1047470.421872722,-1047473.8961322436
S2-41.6,intermediate,[H]C1=C([H])c2c(-c3nc(N([H])c4nn(C([H])([H])[H])c(N([H])C(=O)[C-:91]([H])[C:92]([H])([H])[S:93]C([H])([H])[H])c4[H])nc([H])c3Cl)c([H])nn2C([H])=C1[H],-1,-0.44269764,-0.11172608,-78.83564899528798,39.11303041297542,0.0064061955,0.016023338,0.011214767,0.029688329,0.22086553,0.12527692,-1322494.1140492372,3.0889330320060253,-1322485.2844869073,-1322489.1511883712
S2-41.6,product,[H]c1nc(N([H])c2nn(C([H])([H])[H])c(N([H])C(=O)[C:91]([H])([H])[C:92]([H])([H])[S:93]C([H])([H])[H])c2[H])nc(-c2c([H])nn3c([H])c([H])c([H])c([H])c23)c1Cl,0,-0.12893566,-0.10960216,-153.0962706064608,-22.761830882188274,-0.01921554,-0.017700441,-0.01845799,0.0035283715,-0.0003748089,0.0015767813,-1322847.4173863372,2.6022639386355877,-1322836.8971177167,-1322843.211908007
S2-41.7,reactant,[H]c1nc(N([H])c2nn(C([H])([H])[H])c(N([H])C(=O)[C:91]([H])=[C:92]([H])[H])c2[H])nc(-c2c([H])nn3c([H])c([H])c([H])c([H])c23)c1Cl,0,-0.14041477,-0.2678695,-158.56074500990562,-22.709541895286442,0.052286565,0.03860672,0.04544664,0.005962506,-0.014331967,-0.0041847304,-1047486.3698331201,2.3417860213667154,-1047480.498918442,-1047483.0319418164
S2-41.7,intermediate,[H]C1=C([H])c2c(-c3nc(N([H])c4nn(C([H])([H])[H])c(N([H])C(=O)[C-:91]([H])[C:92]([H])([H])[S:93]C([H])([H])[H])c4[H])nc([H])c3Cl)c([H])nn2C([H])=C1[H],-1,-0.4604972,-0.11027828,-75.95547349134291,43.123629007215435,0.011239991,0.018565044,0.014902517,0.039111584,0.23259725,0.13585442,-1322487.549503186,8.173944849520922,-1322478.27947147,-1322481.427801525
S2-41.7,product,[H]c1nc(N([H])c2nn(C([H])([H])[H])c(N([H])C(=O)[C:91]([H])([H])[C:92]([H])([H])[S:93]C([H])([H])[H])c2[H])nc(-c2c([H])nn3c([H])c([H])c([H])c([H])c23)c1Cl,0,-0.12906396,-0.10953876,-152.9864041471478,-22.43869703180989,-0.018298842,-0.017061673,-0.017680258,0.003363967,-0.0005944818,0.0013847426,-1322847.4213016778,2.589587466791272,-1322837.1944085744,-1322843.169470167
S2-41.8,reactant,[H]c1nc(N([H])c2nn(C([H])([H])[H])c(N([H])C(=O)[C:91]([H])=[C:92]([H])[H])c2[H])nc(-c2c([H])nn3c([H])c([H])c([H])c([H])c23)c1Cl,0,-0.13985007,-0.27154925,-160.69504474133922,-23.750029045407665,0.03333938,0.025274262,0.029306822,-0.0013190806,-0.010171831,-0.0057454556,-1047479.9853497732,2.6142386607825756,-1047473.3406904698,-1047476.0784460204
S2-41.8,intermediate,[H]C1=C([H])c2c(-c3nc(N([H])c4nn(C([H])([H])[H])c(N([H])C(=O)[C-:91]([H])[C:92]([H])([H])[S:93]C([H])([H])[H])c4[H])nc([H])c3Cl)c([H])nn2C([H])=C1[H],-1,-0.44344285,-0.10975496,-75.28114083056029,39.12248291280863,-0.0048446804,0.011694521,0.0034249201,0.04282388,0.220411,0.13161744,-1322486.6505357276,2.8897452112287283,-1322477.4652583874,-1322481.5413943862
S2-41.8,product,[H]c1nc(N([H])c2nn(C([H])([H])[H])c(N([H])C(=O)[C:91]([H])([H])[C:92]([H])([H])[S:93]C([H])([H])[H])c2[H])nc(-c2c([H])nn3c([H])c([H])c([H])c([H])c23)c1Cl,0,-0.13222441,-0.09670044,-156.31297494752963,-22.537037631227964,-0.032429457,-0.03251136,-0.03247041,0.0021475405,-0.0048354864,-0.001343973,-1322851.3209326915,13.217873753979802,-1322837.3858630618,-1322840.8578732053
S2-41.9,reactant,[H]c1nc(N([H])c2nn(C([H])([H])[H])c(N([H])C(=O)[C:91]([H])=[C:92]([H])[H])c2[H])nc(-c2c([H])nn3c([H])c([H])c([H])c([H])c23)c1Cl,0,-0.14041716,-0.2714757,-160.45278442968313,-23.55874854253505,0.03336653,0.025199354,0.029282942,-0.00045885146,-0.009763211,-0.0051110312,-1047479.7872949807,2.289355894550681,-1047470.0428080743,-1047475.9922850814
S2-41.9,intermediate,[H]C1=C([H])c2c(-c3nc(N([H])c4nn(C([H])([H])[H])c(N([H])C(=O)[C-:91]([H])[C:92]([H])([H])[S:93]C([H])([H])[H])c4[H])nc([H])c3Cl)c([H])nn2C([H])=C1[H],-1,-0.4397243,-0.10505217,-77.83763150867415,41.59418132501468,-0.0065665543,0.013315976,0.0033747107,0.040816873,0.19810699,0.11946193,-1322489.4247976057,3.9356768056750298,-1322477.408036023,-1322483.3298588656
S2-41.9,product,[H]c1nc(N([H])c2nn(C([H])([H])[H])c(N([H])C(=O)[C:91]([H])([H])[C:92]([H])([H])[S:93]C([H])([H])[H])c2[H])nc(-c2c([H])nn3c([H])c([H])c([H])c([H])c23)c1Cl,0,-0.12894575,-0.109396316,-152.97683104412616,-22.45674770599659,-0.018325627,-0.017075457,-0.017700542,0.003432542,-0.0005054772,0.0014635324,-1322847.4261278817,2.7991954293102026,-1322839.4836608672,-1322843.2581275739
S2-41.10,reactant,[H]c1nc(N([H])c2nn(C([H])([H])[H])c(N([H])C(=O)[C:91]([H])=[C:92]([H])[H])c2[H])nc(-c2c([H])nn3c([H])c([H])c([H])c([H])c23)c1Cl,0,-0.13021304,-0.27293706,-159.25725447662464,-24.588853353037415,0.03914553,0.028462946,0.033804238,-0.002050534,-0.008804709,-0.0054276213,-1047482.5903283226,1.984963534399867,-1047474.5879116027,-1047479.5934088565
S2-41.10,intermediate,[H]C1=C([H])c2c(-c3nc(N([H])c4nn(C([H])([H])[H])c(N([H])C(=O)[C-:91]([H])[C:92]([H])([H])[S:93]C([H])([H])[H])c4[H])nc([H])c3Cl)c([H])nn2C([H])=C1[H],-1,-0.44112954,-0.105463326,-77.81078606243159,41.24051754255526,-0.007903576,0.011545308,0.001820866,0.034781665,0.19078606,0.112783864,-1322493.7038897728,3.89327578432858,-1322482.2589077877,-1322487.3406588868
S2-41.10,product,[H]c1nc(N([H])c2nn(C([H])([H])[H])c(N([H])C(=O)[C:91]([H])([H])[C:92]([H])([H])[S:93]C([H])([H])[H])c2[H])nc(-c2c([H])nn3c([H])c([H])c([H])c([H])c23)c1Cl,0,-0.12839812,-0.10953618,-155.34082482978866,-19.702899272148134,-0.019639075,-0.01822532,-0.018932197,0.0038463175,-0.0006894767,0.0015784204,-1322850.8134604052,10.60416798107326,-1322839.815147327,-1322843.9451485043
S2-16.1,reactant,[H]c1nc(N([H])c2c([H])c(N([H])C(=O)/[C:91]([H])=[C:92](\[H])C([H])([H])N(C([H])([H])[H])C([H])([H])[H])c([H])c([H])c2OC([H])([H])[H])nc(-c2c([H])nn3c([H])c([H])c([H])c([H])c23)c1[H],0,-0.15650631,-0.11083255,-148.50673049907226,-26.147279094380462,-0.0044627264,-0.005926937,-0.0051948316,0.009075135,-0.0012496412,0.003912747,-918872.6073289014,2.205405253916979,-918863.794210313,-918869.4746140685
S2-16.1,intermediate,[H]C1=C([H])c2c(-c3nc(N([H])c4c([H])c(N([H])C(=O)[C-:91]([H])[C:92]([H])(C([H])([H])N(C([H])([H])[H])C([H])([H])[H])[S:93]C([H])([H])[H])c([H])c([H])c4OC([H])([H])[H])nc([H])c3[H])c([H])nn2C([H])=C1[H],-1,-0.47998896,-0.036154937,-63.70977100077462,40.69467556889172,-0.0124686565,-0.00033414364,-0.0064014,0.06357911,0.21976003,0.14166957,-1193867.7306349906,3.60373349301517,-1193856.2123079293,-1193862.5635405118
S2-16.1,product,[H]c1nc(N([H])c2c([H])c(N([H])C(=O)[C:91]([H])([H])[C:92]([H])(C([H])([H])N(C([H])([H])[H])C([H])([H])[H])[S:93]C([H])([H])[H])c([H])c([H])c2OC([H])([H])[H])nc(-c2c([H])nn3c([H])c([H])c([H])c([H])c23)c1[H],0,-0.14110939,-0.06679964,-144.07483540533102,-25.188620851813724,-0.026820507,-0.026098415,-0.026459461,-0.0017414838,-0.0033352822,-0.002538383,-1194238.3673058385,7.962855918332934,-1194228.1984930343,-1194233.8318602177
S2-16.2,reactant,[H]c1nc(N([H])c2c([H])c(N([H])C(=O)/[C:91]([H])=[C:92](\[H])C([H])([H])N(C([H])([H])[H])C([H])([H])[H])c([H])c([H])c2OC([H])([H])[H])nc(-c2c([H])nn3c([H])c([H])c([H])c([H])c23)c1[H],0,-0.15679,-0.12507088,-149.1419634878765,-25.34889085199132,0.024176821,0.024190016,0.024183419,-0.014437646,-0.018557385,-0.016497515,-918875.2860793684,1.7627165839076042,-918866.6140831037,-918872.8495172556
S2-16.2,intermediate,[H]C1=C([H])c2c(-c3nc(N([H])c4c([H])c(N([H])C(=O)[C-:91]([H])[C:92]([H])(C([H])([H])N(C([H])([H])[H])C([H])([H])[H])[S:93]C([H])([H])[H])c([H])c([H])c4OC([H])([H])[H])nc([H])c3[H])c([H])nn2C([H])=C1[H],-1,-0.4189394,-0.050894402,-66.9423504441433,39.380422755418785,0.011071581,0.01364832,0.012359951,0.03978038,0.20022768,0.12000403,-1193870.4209132348,3.489107646048069,-1193859.1108904772,-1193865.4092581673
S2-16.2,product,[H]c1nc(N([H])c2c([H])c(N([H])C(=O)[C:91]([H])([H])[C:92]([H])(C([H])([H])N(C([H])([H])[H])C([H])([H])[H])[S:93]C([H])([H])[H])c([H])c([H])c2OC([H])([H])[H])nc(-c2c([H])nn3c([H])c([H])c([H])c([H])c23)c1[H],0,-0.12167822,-0.056117196,-142.87845654263998,-23.6951432218639,-0.021277376,-0.019590963,-0.02043417,-0.0032534823,-0.0040982515,-0.0036758669,-1194236.7125683136,2.1500077582895756,-1194226.8794886642,-1194233.472830887
S2-16.3,reactant,[H]c1nc(N([H])c2c([H])c(N([H])C(=O)/[C:91]([H])=[C:92](\[H])C([H])([H])N(C([H])([H])[H])C([H])([H])[H])c([H])c([H])c2OC([H])([H])[H])nc(-c2c([H])nn3c([H])c([H])c([H])c([H])c23)c1[H],0,-0.17464373,-0.08788709,-148.89476082187022,-23.760550449377902,-0.001859881,-0.00063285977,-0.0012463704,0.017108694,-0.002430737,0.0073389784,-918873.4794309777,2.462514540180564,-918866.0582177502,-918871.0134980121
S2-16.3,intermediate,[H]C1=C([H])c2c(-c3nc(N([H])c4c([H])c(N([H])C(=O)[C-:91]([H])[C:92]([H])(C([H])([H])N(C([H])([H])[H])C([H])([H])[H])[S:93]C([H])([H])[H])c([H])c([H])c4OC([H])([H])[H])nc([H])c3[H])c([H])nn2C([H])=C1[H],-1,-0.46881598,-0.01940884,-63.01702665893575,40.705132910728835,-0.0060616527,0.00043453276,-0.00281356,0.02871129,0.1866619,0.107686594,-1193861.0283442056,2.4743178226053715,-1193847.4963924864,-1193855.2212070948
S2-16.3,product,[H]c1nc(N([H])c2c([H])c(N([H])C(=O)[C:91]([H])([H])[C:92]([H])(C([H])([H])N(C([H])([H])[H])C([H])([H])[H])[S:93]C([H])([H])[H])c([H])c([H])c2OC([H])([H])[H])nc(-c2c([H])nn3c([H])c([H])c([H])c([H])c23)c1[H],0,-0.12503925,-0.050353345,-148.4935003453255,-18.504836492902264,-0.0367371,-0.038075197,-0.037406147,-0.0023153573,-0.0042933375,-0.0033043474,-1194239.1408081085,4.1186372227966785,-1194226.4169356665,-1194234.274540912
S2-16.4,reactant,[H]c1nc(N([H])c2c([H])c(N([H])C(=O)/[C:91]([H])=[C:92](\[H])C([H])([H])N(C([H])([H])[H])C([H])([H])[H])c([H])c([H])c2OC([H])([H])[H])nc(-c2c([H])nn3c([H])c([H])c([H])c([H])c23)c1[H],0,-0.15012673,-0.13918169,-150.38968102239878,-26.37838596021689,0.0026890785,0.0030398369,0.0028644577,-0.011889234,-0.012460023,-0.012174629,-918874.3047851246,1.7175071258097887,-918865.26071695,-918871.3914126288
S2-16.4,intermediate,[H]C1=C([H])c2c(-c3nc(N([H])c4c([H])c(N([H])C(=O)[C-:91]([H])[C:92]([H])(C([H])([H])N(C([H])([H])[H])C([H])([H])[H])[S:93]C([H])([H])[H])c([H])c([H])c4OC([H])([H])[H])nc([H])c3[H])c([H])nn2C([H])=C1[H],-1,-0.39863458,-0.05754744,-64.1235758530662,54.47243819110387,-0.0007727854,0.009708252,0.004467733,0.020806462,0.15955354,0.09018,-1193871.2913966812,4.488853497430682,-1193856.2888214188,-1193864.2338785296
S2-16.4,product,[H]c1nc(N([H])c2c([H])c(N([H])C(=O)[C:91]([H])([H])[C:92]([H])(C([H])([H])N(C([H])([H])[H])C([H])([H])[H])[S:93]C([H])([H])[H])c([H])c([H])c2OC([H])([H])[H])nc(-c2c([H])nn3c([H])c([H])c([H])c([H])c23)c1[H],0,-0.14427598,-0.06862999,-145.50836316693503,-23.44588082098552,-0.029425554,-0.028059617,-0.028742585,-0.0016268939,-0.0030300468,-0.0023284703,-1194239.2188498576,6.580064797773957,-1194227.8067272664,-1194234.3844543076
S2-16.5,reactant,[H]c1nc(N([H])c2c([H])c(N([H])C(=O)/[C:91]([H])=[C:92](\[H])C([H])([H])N(C([H])([H])[H])C([H])([H])[H])c([H])c([H])c2OC([H])([H])[H])nc(-c2c([H])nn3c([H])c([H])c([H])c([H])c23)c1[H],0,-0.17710415,-0.08881191,-146.74592157668977,-25.682620916944796,0.018242508,0.013401777,0.015822142,0.0055468976,-0.006023735,-0.00023841858,-918873.0213609763,1.799159536138177,-918865.6447022813,-918870.6821872581
S2-16.5,intermediate,[H]C1=C([H])c2c(-c3nc(N([H])c4c([H])c(N([H])C(=O)[C-:91]([H])[C:92]([H])(C([H])([H])N(C([H])([H])[H])C([H])([H])[H])[S:93]C([H])([H])[H])c([H])c([H])c4OC([H])([H])[H])nc([H])c3[H])c([H])nn2C([H])=C1[H],-1,-0.5015952,-0.017153962,-64.11959043669758,40.54290143157669,0.013624541,0.013174452,0.013399497,0.031775117,0.19960642,0.11569077,-1193868.054135458,2.818534079939127,-1193856.3341144496,-1193862.650650783
S2-16.5,product,[H]c1nc(N([H])c2c([H])c(N([H])C(=O)[C:91]([H])([H])[C:92]([H])(C([H])([H])N(C([H])([H])[H])C([H])([H])[H])[S:93]C([H])([H])[H])c([H])c([H])c2OC([H])([H])[H])nc(-c2c([H])nn3c([H])c([H])c([H])c([H])c23)c1[H],0,-0.14237078,-0.07009044,-145.80980662972337,-24.90794306492125,-0.034531,-0.031625696,-0.03307835,-0.0013024211,-0.0025728196,-0.0019376203,-1194240.3901146606,2.6423080526292324,-1194231.1633288222,-1194236.7691209908
S2-16.6,reactant,[H]c1nc(N([H])c2c([H])c(N([H])C(=O)/[C:91]([H])=[C:92](\[H])C([H])([H])N(C([H])([H])[H])C([H])([H])[H])c([H])c([H])c2OC([H])([H])[H])nc(-c2c([H])nn3c([H])c([H])c([H])c([H])c23)c1[H],0,-0.17648013,-0.08810273,-148.98161084158232,-23.5058413779029,0.012959622,0.008916035,0.010937829,0.0059543997,-0.0052661896,0.00034410506,-918873.5886724695,1.2154606319963932,-918864.0119805833,-918871.4576763904
S2-16.6,intermediate,[H]C1=C([H])c2c(-c3nc(N([H])c4c([H])c(N([H])C(=O)[C-:91]([H])[C:92]([H])(C([H])([H])N(C([H])([H])[H])C([H])([H])[H])[S:93]C([H])([H])[H])c([H])c([H])c4OC([H])([H])[H])nc([H])c3[H])c([H])nn2C([H])=C1[H],-1,-0.4681362,-0.04824184,-65.56352381676788,43.0345696424955,0.015553154,0.015446126,0.01549964,0.062423825,0.21505833,0.13874108,-1193869.3227515728,2.8205228373408318,-1193857.047033439,-1193863.247348545
S2-16.6,product,[H]c1nc(N([H])c2c([H])c(N([H])C(=O)[C:91]([H])([H])[C:92]([H])(C([H])([H])N(C([H])([H])[H])C([H])([H])[H])[S:93]C([H])([H])[H])c([H])c([H])c2OC([H])([H])[H])nc(-c2c([H])nn3c([H])c([H])c([H])c([H])c23)c1[H],0,-0.13718727,-0.050842863,-141.7346553898285,-18.850553983402193,-0.036945656,-0.03810447,-0.037525065,0.00033420324,-0.0017067492,-0.000686273,-1194236.4309769173,5.033388342708349,-1194225.2230385307,-1194232.103433387
S2-16.7,reactant,[H]c1nc(N([H])c2c([H])c(N([H])C(=O)/[C:91]([H])=[C:92](\[H])C([H])([H])N(C([H])([H])[H])C([H])([H])[H])c([H])c([H])c2OC([H])([H])[H])nc(-c2c([H])nn3c([H])c([H])c([H])c([H])c23)c1[H],0,-0.1526722,-0.10928339,-150.0375334388917,-26.619127791848612,-0.0036162958,-0.007297881,-0.0054570884,0.0075199753,-0.0031790435,0.002170466,-918874.4838136166,2.1715266071259975,-918865.6872309624,-918871.5332534118
S2-16.7,intermediate,[H]C1=C([H])c2c(-c3nc(N([H])c4c([H])c(N([H])C(=O)[C-:91]([H])[C:92]([H])(C([H])([H])N(C([H])([H])[H])C([H])([H])[H])[S:93]C([H])([H])[H])c([H])c([H])c4OC([H])([H])[H])nc([H])c3[H])c([H])nn2C([H])=C1[H],-1,-0.5129772,-0.03753563,-65.3174306818063,38.75165262752738,0.01578604,0.017965715,0.016875878,0.04387158,0.20472506,0.12429832,-1193868.9958444883,2.2810627706348896,-1193858.573437766,-1193864.5295354838
S2-16.7,product,[H]c1nc(N([H])c2c([H])c(N([H])C(=O)[C:91]([H])([H])[C:92]([H])(C([H])([H])N(C([H])([H])[H])C([H])([H])[H])[S:93]C([H])([H])[H])c([H])c([H])c2OC([H])([H])[H])nc(-c2c([H])nn3c([H])c([H])c([H])c([H])c23)c1[H],0,-0.14658315,-0.041560978,-144.61823727171495,-25.10634384221791,-0.039387163,-0.03954634,-0.039466754,0.00609532,0.0040180534,0.0050566867,-1194238.5065134673,3.420802278444171,-1194228.9613707976,-1194234.9656677986
S2-16.8,reactant,[H]c1nc(N([H])c2c([H])c(N([H])C(=O)/[C:91]([H])=[C:92](\[H])C([H])([H])N(C([H])([H])[H])C([H])([H])[H])c([H])c([H])c2OC([H])([H])[H])nc(-c2c([H])nn3c([H])c([H])c([H])c([H])c23)c1[H],0,-0.12981664,-0.09936044,-149.4988900716148,-24.030941296469074,0.009311408,0.010746822,0.010029115,-0.006972581,-0.023699164,-0.015335873,-918871.0319656603,1.794889746233821,-918864.1293185106,-918868.7696021799
S2-16.8,intermediate,[H]C1=C([H])c2c(-c3nc(N([H])c4c([H])c(N([H])C(=O)[C-:91]([H])[C:92]([H])(C([H])([H])N(C([H])([H])[H])C([H])([H])[H])[S:93]C([H])([H])[H])c([H])c([H])c4OC([H])([H])[H])nc([H])c3[H])c([H])nn2C([H])=C1[H],-1,-0.45571303,-0.05125681,-64.37761460564903,42.42570233688144,0.0032182708,0.011494219,0.007356245,0.047409236,0.19891101,0.123160124,-1193866.3500244473,5.775896709412336,-1193853.6475862016,-1193859.5394378598
S2-16.8,product,[H]c1nc(N([H])c2c([H])c(N([H])C(=O)[C:91]([H])([H])[C:92]([H])(C([H])([H])N(C([H])([H])[H])C([H])([H])[H])[S:93]C([H])([H])[H])c([H])c([H])c2OC([H])([H])[H])nc(-c2c([H])nn3c([H])c([H])c([H])c([H])c23)c1[H],0,-0.13763055,-0.059725612,-144.4882012857419,-22.26045739632504,-0.030934298,-0.03277631,-0.031855304,0.004166737,0.0026536584,0.0034101978,-1194240.318246409,3.1177988033741713,-1194229.9802430386,-1194236.690875488
S2-16.9,reactant,[H]c1nc(N([H])c2c([H])c(N([H])C(=O)/[C:91]([H])=[C:92](\[H])C([H])([H])N(C([H])([H])[H])C([H])([H])[H])c([H])c([H])c2OC([H])([H])[H])nc(-c2c([H])nn3c([H])c([H])c([H])c([H])c23)c1[H],0,-0.15813807,-0.12865923,-154.93170708467096,-22.357341192080412,-0.0122274235,-0.007294044,-0.009760734,-0.011971682,-0.008721963,-0.010346822,-918875.5387321331,2.584309944882989,-918867.3788690377,-918872.3312546993
S2-16.9,intermediate,[H]C1=C([H])c2c(-c3nc(N([H])c4c([H])c(N([H])C(=O)[C-:91]([H])[C:92]([H])(C([H])([H])N(C([H])([H])[H])C([H])([H])[H])[S:93]C([H])([H])[H])c([H])c([H])c4OC([H])([H])[H])nc([H])c3[H])c([H])nn2C([H])=C1[H],-1,-0.51591605,-0.017966539,-64.92704540375267,43.79788302512512,0.012903348,0.011363894,0.012133621,0.034650803,0.21349436,0.12407258,-1193866.1852683756,2.685933478176594,-1193854.4027469628,-1193860.9330913026
S2-16.9,product,[H]c1nc(N([H])c2c([H])c(N([H])C(=O)[C:91]([H])([H])[C:92]([H])(C([H])([H])N(C([H])([H])[H])C([H])([H])[H])[S:93]C([H])([H])[H])c([H])c([H])c2OC([H])([H])[H])nc(-c2c([H])nn3c([H])c([H])c([H])c([H])c23)c1[H],0,-0.13847485,-0.051698163,-142.56661004598504,-22.079630956888213,-0.039406735,-0.040376134,-0.039891437,0.0038315058,0.0015371889,0.0026843473,-1194235.2397091417,5.53138211555779,-1194225.6737778324,-1194230.7618646622
S2-16.10,reactant,[H]c1nc(N([H])c2c([H])c(N([H])C(=O)/[C:91]([H])=[C:92](\[H])C([H])([H])N(C([H])([H])[H])C([H])([H])[H])c([H])c([H])c2OC([H])([H])[H])nc(-c2c([H])nn3c([H])c([H])c([H])c([H])c23)c1[H],0,-0.16844073,-0.09957927,-152.27371844776377,-19.129676476335167,-0.017673053,-0.013431296,-0.015552174,0.0064773113,0.00028955936,0.0033834353,-918875.1942963223,5.243527043610811,-918864.1100983581,-918870.540721987
S2-16.10,intermediate,[H]C1=C([H])c2c(-c3nc(N([H])c4c([H])c(N([H])C(=O)[C-:91]([H])[C:92]([H])(C([H])([H])N(C([H])([H])[H])C([H])([H])[H])[S:93]C([H])([H])[H])c([H])c([H])c4OC([H])([H])[H])nc([H])c3[H])c([H])nn2C([H])=C1[H],-1,-0.43457672,-0.010961066,-66.63358076094407,53.43340258383388,-0.009773737,-0.004167622,-0.0069706794,0.016156256,0.1497556,0.08295593,-1193872.1396772126,4.3864875584840775,-1193859.1260154617,-1193865.5981684022
S2-16.10,product,[H]c1nc(N([H])c2c([H])c(N([H])C(=O)[C:91]([H])([H])[C:92]([H])(C([H])([H])N(C([H])([H])[H])C([H])([H])[H])[S:93]C([H])([H])[H])c([H])c([H])c2OC([H])([H])[H])nc(-c2c([H])nn3c([H])c([H])c([H])c([H])c23)c1[H],0,-0.15091445,-0.044033833,-145.26458481267676,-24.852349308874615,-0.03406975,-0.03661573,-0.03534274,0.0047871023,0.0024556667,0.0036213845,-1194234.9832915126,5.849996415898204,-1194225.3370191373,-1194231.2033742336
S2-43.1,reactant,[H]c1nc(N([H])c2c([H])c([H])c([H])c(N([H])C(=O)[C:91]([H])=[C:92]([H])[H])c2[H])nc(N([H])c2c([H])c([H])c([H])c([H])c2C(=O)N([H])C([H])([H])[H])c1Cl,0,-0.14680023,-0.27761978,-156.92857992643792,-23.75098319694104,0.05026698,0.03903207,0.044649526,0.006600097,-0.010053143,-0.001726523,-1099303.688103729,3.1069060005247593,-1099294.9747617012,-1099300.527139351
S2-43.1,intermediate,[H]c1nc(N([H])c2c([H])c([H])c([H])c(N([H])C(=O)[C-:91]([H])[C:92]([H])([H])[S:93]C([H])([H])[H])c2[H])nc(N([H])c2c([H])c([H])c([H])c([H])c2C(=O)N([H])C([H])([H])[H])c1Cl,-1,-0.50182456,-0.1057679,-72.05462494674222,41.57253528518946,0.006181963,0.019037291,0.012609627,0.05150497,0.25193924,0.1517221,-1374300.843686487,3.9137539584189653,-1374287.9353142784,-1374292.9746311246
S2-43.1,product,[H]c1nc(N([H])c2c([H])c([H])c([H])c(N([H])C(=O)[C:91]([H])([H])[C:92]([H])([H])[S:93]C([H])([H])[H])c2[H])nc(N([H])c2c([H])c([H])c([H])c([H])c2C(=O)N([H])C([H])([H])[H])c1Cl,0,-0.12895995,-0.1035256,-151.19782649419741,-23.52774741933298,-0.031876184,-0.03337068,-0.032623433,0.008792609,-0.0011841506,0.0038042292,-1374668.048164666,2.8159883059561253,-1374660.1150747766,-1374664.7320145282
S2-43.2,reactant,[H]c1nc(N([H])c2c([H])c([H])c([H])c(N([H])C(=O)[C:91]([H])=[C:92]([H])[H])c2[H])nc(N([H])c2c([H])c([H])c([H])c([H])c2C(=O)N([H])C([H])([H])[H])c1Cl,0,-0.14686814,-0.27907526,-154.5607178213384,-22.200557018768624,0.051229745,0.039486364,0.045358054,0.0076794773,-0.010061562,-0.0011910424,-1099307.4699157972,2.5218835547566414,-1099299.67860923,-1099305.2859844305
S2-43.2,intermediate,[H]c1nc(N([H])c2c([H])c([H])c([H])c(N([H])C(=O)[C-:91]([H])[C:92]([H])([H])[S:93]C([H])([H])[H])c2[H])nc(N([H])c2c([H])c([H])c([H])c([H])c2C(=O)N([H])C([H])([H])[H])c1Cl,-1,-0.49471518,-0.12863767,-68.64930736173149,44.22054963597523,0.014239341,0.025096096,0.019667719,0.02136442,0.24359566,0.13248004,-1374305.964314111,4.607837710529566,-1374297.725340928,-1374301.6301684838
S2-43.2,product,[H]c1nc(N([H])c2c([H])c([H])c([H])c(N([H])C(=O)[C:91]([H])([H])[C:92]([H])([H])[S:93]C([H])([H])[H])c2[H])nc(N([H])c2c([H])c([H])c([H])c([H])c2C(=O)N([H])C([H])([H])[H])c1Cl,0,-0.14181644,-0.12133415,-151.30222149766956,-23.010341444415864,-0.02014564,-0.018500388,-0.019323014,0.0032124817,-0.0006045699,0.0013039559,-1374668.2284567277,2.817484550178051,-1374657.2465916702,-1374663.7967183534
S2-43.3,reactant,[H]c1nc(N([H])c2c([H])c([H])c([H])c(N([H])C(=O)[C:91]([H])=[C:92]([H])[H])c2[H])nc(N([H])c2c([H])c([H])c([H])c([H])c2C(=O)N([H])C([H])([H])[H])c1Cl,0,-0.14804487,-0.2806148,-158.43321841523004,-24.663091934492204,0.033743292,0.026861876,0.030302584,-0.0017449111,-0.007306263,-0.004525587,-1099299.9013012925,2.294485392048955,-1099290.488311155,-1099295.9509573355
S2-43.3,intermediate,[H]c1nc(N([H])c2c([H])c([H])c([H])c(N([H])C(=O)[C-:91]([H])[C:92]([H])([H])[S:93]C([H])([H])[H])c2[H])nc(N([H])c2c([H])c([H])c([H])c([H])c2C(=O)N([H])C([H])([H])[H])c1Cl,-1,-0.48878342,-0.12111974,-67.28986127688195,41.572626860121574,-0.002050288,0.015166819,0.0065582655,0.04325497,0.25627238,0.14976367,-1374304.3506752832,4.606442583724856,-1374294.7186401002,-1374299.3392502945
S2-43.3,product,[H]c1nc(N([H])c2c([H])c([H])c([H])c(N([H])C(=O)[C:91]([H])([H])[C:92]([H])([H])[S:93]C([H])([H])[H])c2[H])nc(N([H])c2c([H])c([H])c([H])c([H])c2C(=O)N([H])C([H])([H])[H])c1Cl,0,-0.12895396,-0.10380901,-151.51212994752754,-25.015931271417923,-0.03187617,-0.03333857,-0.03260737,0.008260593,-0.0018255562,0.0032175183,-1374668.2308219024,3.3609558790922165,-1374660.5996368318,-1374664.8995439506
S2-43.4,reactant,[H]c1nc(N([H])c2c([H])c([H])c([H])c(N([H])C(=O)[C:91]([H])=[C:92]([H])[H])c2[H])nc(N([H])c2c([H])c([H])c([H])c([H])c2C(=O)N([H])C([H])([H])[H])c1Cl,0,-0.15088569,-0.28203493,-156.7448674557306,-24.367531364478484,0.028873295,0.025267363,0.027070329,-0.004095167,-0.00741975,-0.0057574585,-1099307.48963857,1.3889555409550667,-1099299.85316468,-1099305.1280455515
S2-43.4,intermediate,[H]c1nc(N([H])c2c([H])c([H])c([H])c(N([H])C(=O)[C-:91]([H])[C:92]([H])([H])[S:93]C([H])([H])[H])c2[H])nc(N([H])c2c([H])c([H])c([H])c([H])c2C(=O)N([H])C([H])([H])[H])c1Cl,-1,-0.50719196,-0.106449634,-72.5052355713042,41.72602273225361,0.009400159,0.021188557,0.015294358,0.063029885,0.27493405,0.16898197,-1374303.0117866257,5.582935158163309,-1374290.6065630398,-1374295.3825521416
S2-43.4,product,[H]c1nc(N([H])c2c([H])c([H])c([H])c(N([H])C(=O)[C:91]([H])([H])[C:92]([H])([H])[S:93]C([H])([H])[H])c2[H])nc(N([H])c2c([H])c([H])c([H])c([H])c2C(=O)N([H])C([H])([H])[H])c1Cl,0,-0.1294766,-0.10323215,-149.10626397160522,-22.026683641361736,-0.03171937,-0.03345879,-0.03258908,0.006306231,-0.0025621057,0.0018720627,-1374672.057163655,2.8172635566443205,-1374663.9090934496,-1374669.5146026777
S2-43.5,reactant,[H]c1nc(N([H])c2c([H])c([H])c([H])c(N([H])C(=O)[C:91]([H])=[C:92]([H])[H])c2[H])nc(N([H])c2c([H])c([H])c([H])c([H])c2C(=O)N([H])C([H])([H])[H])c1Cl,0,-0.14696692,-0.27718756,-156.75484835133997,-24.62875894243934,0.04945731,0.038728848,0.04409308,0.0063298196,-0.009961978,-0.001816079,-1099303.8382114389,3.1786063071340322,-1099296.4327249997,-1099300.8096311141
S2-43.5,intermediate,[H]c1nc(N([H])c2c([H])c([H])c([H])c(N([H])C(=O)[C-:91]([H])[C:92]([H])([H])[S:93]C([H])([H])[H])c2[H])nc(N([H])c2c([H])c([H])c([H])c([H])c2C(=O)N([H])C([H])([H])[H])c1Cl,-1,-0.50055057,-0.1186587,-70.5772878758066,44.03331850002563,0.011651494,0.019890785,0.01577114,0.025994062,0.25516653,0.1405803,-1374310.4287516905,8.47869567014277,-1374299.698634591,-1374304.4435219096
S2-43.5,product,[H]c1nc(N([H])c2c([H])c([H])c([H])c(N([H])C(=O)[C:91]([H])([H])[C:92]([H])([H])[S:93]C([H])([H])[H])c2[H])nc(N([H])c2c([H])c([H])c([H])c([H])c2C(=O)N([H])C([H])([H])[H])c1Cl,0,-0.13072681,-0.10155407,-149.62323637035428,-21.08620189084001,-0.03243962,-0.034581922,-0.03351077,0.009066328,-0.00049212575,0.0042871013,-1374672.0930137064,2.0648800637573004,-1374662.1746406276,-1374669.5338773225
S2-43.6,reactant,[H]c1nc(N([H])c2c([H])c([H])c([H])c(N([H])C(=O)[C:91]([H])=[C:92]([H])[H])c2[H])nc(N([H])c2c([H])c([H])c([H])c([H])c2C(=O)N([H])C([H])([H])[H])c1Cl,0,-0.14882676,-0.27902704,-155.20454571599421,-23.71272181028624,0.04980749,0.039163485,0.044485487,0.0004646182,-0.011562288,-0.005548835,-1099308.3083127372,5.067587295547128,-1099300.9232460337,-1099305.631875312
S2-43.6,intermediate,[H]c1nc(N([H])c2c([H])c([H])c([H])c(N([H])C(=O)[C-:91]([H])[C:92]([H])([H])[S:93]C([H])([H])[H])c2[H])nc(N([H])c2c([H])c([H])c([H])c([H])c2C(=O)N([H])C([H])([H])[H])c1Cl,-1,-0.52212214,-0.10658471,-68.76154825291351,42.17534290899144,0.0030919388,0.017136656,0.010114297,0.032336175,0.24637085,0.13935351,-1374304.488761648,5.289951637387276,-1374292.1823141791,-1374297.1192751913
S2-43.6,product,[H]c1nc(N([H])c2c([H])c([H])c([H])c(N([H])C(=O)[C:91]([H])([H])[C:92]([H])([H])[S:93]C([H])([H])[H])c2[H])nc(N([H])c2c([H])c([H])c([H])c([H])c2C(=O)N([H])C([H])([H])[H])c1Cl,0,-0.12854637,-0.10253538,-150.35069708340677,-21.358213435317644,-0.031929456,-0.0339569,-0.032943178,0.00808619,-0.0020038188,0.0030411854,-1374673.3345829833,2.391779439523816,-1374664.4570579082,-1374670.9185895608
S2-43.7,reactant,[H]c1nc(N([H])c2c([H])c([H])c([H])c(N([H])C(=O)[C:91]([H])=[C:92]([H])[H])c2[H])nc(N([H])c2c([H])c([H])c([H])c([H])c2C(=O)N([H])C([H])([H])[H])c1Cl,0,-0.14875436,-0.27915514,-154.93954792549852,-23.408026634963925,0.04998073,0.039125055,0.044552892,0.0006438494,-0.011592388,-0.0054742694,-1099308.2081774827,1.4214018322527409,-1099300.5544398227,-1099306.2278103812
S2-43.7,intermediate,[H]c1nc(N([H])c2c([H])c([H])c([H])c(N([H])C(=O)[C-:91]([H])[C:92]([H])([H])[S:93]C([H])([H])[H])c2[H])nc(N([H])c2c([H])c([H])c([H])c([H])c2C(=O)N([H])C([H])([H])[H])c1Cl,-1,-0.5047488,-0.11764676,-69.22509538216929,43.35021403059396,0.012528814,0.020390563,0.016459689,0.033884883,0.2550434,0.14446414,-1374309.023101204,4.770592315122485,-1374298.8498648333,-1374303.724374628
S2-43.7,product,[H]c1nc(N([H])c2c([H])c([H])c([H])c(N([H])C(=O)[C:91]([H])([H])[C:92]([H])([H])[S:93]C([H])([H])[H])c2[H])nc(N([H])c2c([H])c([H])c([H])c([H])c2C(=O)N([H])C([H])([H])[H])c1Cl,0,-0.14586091,-0.114936665,-149.68523847699137,-22.79502711798536,-0.019307151,-0.019170657,-0.019238904,0.0027982444,-0.0004284382,0.0011849031,-1374674.0527497437,3.5864118728786707,-1374664.615389987,-1374670.551394426
S2-43.8,reactant,[H]c1nc(N([H])c2c([H])c([H])c([H])c(N([H])C(=O)[C:91]([H])=[C:92]([H])[H])c2[H])nc(N([H])c2c([H])c([H])c([H])c([H])c2C(=O)N([H])C([H])([H])[H])c1Cl,0,-0.14790468,-0.27949148,-161.3439197159637,-27.294197964404805,0.032955676,0.026708394,0.029832035,-0.0021825284,-0.007106766,-0.0046446472,-1099301.230875699,7.592349352315068,-1099292.4166137988,-1099295.9945504477
S2-43.8,intermediate,[H]c1nc(N([H])c2c([H])c([H])c([H])c(N([H])C(=O)[C-:91]([H])[C:92]([H])([H])[S:93]C([H])([H])[H])c2[H])nc(N([H])c2c([H])c([H])c([H])c([H])c2C(=O)N([H])C([H])([H])[H])c1Cl,-1,-0.51547664,-0.10834701,-69.761809000779,43.02413863927996,0.0042129755,0.019279808,0.011746392,0.024124563,0.23699987,0.13056222,-1374306.588437241,5.980764409527183,-1374293.8561395993,-1374299.657704649
S2-43.8,product,[H]c1nc(N([H])c2c([H])c([H])c([H])c(N([H])C(=O)[C:91]([H])([H])[C:92]([H])([H])[S:93]C([H])([H])[H])c2[H])nc(N([H])c2c([H])c([H])c([H])c([H])c2C(=O)N([H])C([H])([H])[H])c1Cl,0,-0.13919203,-0.11968469,-148.7774632824656,-21.997373054437496,-0.022402607,-0.021929838,-0.022166222,0.005586073,0.0008122325,0.0031991526,-1374671.273434626,3.0906947795301676,-1374661.99654791,-1374668.1288434588
S2-43.9,reactant,[H]c1nc(N([H])c2c([H])c([H])c([H])c(N([H])C(=O)[C:91]([H])=[C:92]([H])[H])c2[H])nc(N([H])c2c([H])c([H])c([H])c([H])c2C(=O)N([H])C([H])([H])[H])c1Cl,0,-0.14651898,-0.28092432,-156.3588720303786,-23.450700940580933,0.03424889,0.026697516,0.030473202,-0.0011454523,-0.0075526983,-0.0043490753,-1099306.5172830434,2.5312448982149363,-1099298.4532333955,-1099304.0763569325
S2-43.9,intermediate,[H]c1nc(N([H])c2c([H])c([H])c([H])c(N([H])C(=O)[C-:91]([H])[C:92]([H])([H])[S:93]C([H])([H])[H])c2[H])nc(N([H])c2c([H])c([H])c([H])c([H])c2C(=O)N([H])C([H])([H])[H])c1Cl,-1,-0.50790715,-0.11846285,-69.44647628480311,40.75315372262907,0.013342924,0.02177231,0.017557617,0.038199306,0.25762665,0.14791298,-1374307.1559583792,5.2840027045458555,-1374296.3993464855,-1374302.059694837
S2-43.9,product,[H]c1nc(N([H])c2c([H])c([H])c([H])c(N([H])C(=O)[C:91]([H])([H])[C:92]([H])([H])[S:93]C([H])([H])[H])c2[H])nc(N([H])c2c([H])c([H])c([H])c([H])c2C(=O)N([H])C([H])([H])[H])c1Cl,0,-0.12847649,-0.10404158,-149.4652097289129,-22.836916688017258,-0.0369073,-0.038652852,-0.037780076,0.012462184,0.0026631355,0.0075626597,-1374672.8703395254,1.2715776786208153,-1374663.662706454,-1374670.3044870824
S2-43.10,reactant,[H]c1nc(N([H])c2c([H])c([H])c([H])c(N([H])C(=O)[C:91]([H])=[C:92]([H])[H])c2[H])nc(N([H])c2c([H])c([H])c([H])c([H])c2C(=O)N([H])C([H])([H])[H])c1Cl,0,-0.14775957,-0.27867255,-154.74741537184227,-23.376698005694085,0.051784635,0.03980939,0.045797013,0.008950263,-0.0091676265,-0.00010868162,-1099306.5291680747,1.5446849334985018,-1099299.995647933,-1099304.401771673
S2-43.10,intermediate,[H]c1nc(N([H])c2c([H])c([H])c([H])c(N([H])C(=O)[C-:91]([H])[C:92]([H])([H])[S:93]C([H])([H])[H])c2[H])nc(N([H])c2c([H])c([H])c([H])c([H])c2C(=O)N([H])C([H])([H])[H])c1Cl,-1,-0.50098616,-0.11350936,-71.50004476321936,43.506717301003306,0.0061435252,0.020109273,0.013126399,0.060294807,0.28138095,0.17083788,-1374303.5883456804,5.045427113771439,-1374292.0838931913,-1374296.5021188068
S2-43.10,product,[H]c1nc(N([H])c2c([H])c([H])c([H])c(N([H])C(=O)[C:91]([H])([H])[C:92]([H])([H])[S:93]C([H])([H])[H])c2[H])nc(N([H])c2c([H])c([H])c([H])c([H])c2C(=O)N([H])C([H])([H])[H])c1Cl,0,-0.13046412,-0.10264346,-149.4632717313054,-23.00429839907691,-0.03249442,-0.034273967,-0.033384193,0.0080473125,-0.0010226965,0.003512308,-1374671.1146481999,2.6708117704838514,-1374662.3844388248,-1374668.5237424197
S2-36.1,reactant,[H]c1nc(N([H])c2c([H])c([H])c([H])c(N([H])C(=O)/[C:91]([H])=[C:92](\[H])C([H])([H])N(C([H])([H])[H])C([H])([H])[H])c2[H])nc(-c2c([H])n([H])c3c([H])c([H])c([H])c([H])c23)c1Cl,0,-0.1430383,-0.13529456,-150.89991064962828,-23.46249204695238,0.017591164,0.009899169,0.013745166,0.003850177,-0.00849992,-0.0023248717,-1125346.8360248387,1.7148879002779722,-1125339.101025904,-1125344.3846265145
S2-36.1,intermediate,[H]c1nc(N([H])c2c([H])c([H])c([H])c(N([H])C(=O)[C-:91]([H])[C:92]([H])(C([H])([H])N(C([H])([H])[H])C([H])([H])[H])[S:93]C([H])([H])[H])c2[H])nc(-c2c([H])n([H])c3c([H])c([H])c([H])c([H])c23)c1Cl,-1,-0.14537808,-0.10196516,-81.23800732206095,30.759204392484545,0.00082452595,0.0011130944,0.00096881017,0.02104406,-0.0016725957,0.009685732,-1400354.160511798,4.544556995853782,-1400338.3695260205,-1400346.0477123174
S2-36.1,product,[H]c1nc(N([H])c2c([H])c([H])c([H])c(N([H])C(=O)[C:91]([H])([H])[C:92]([H])(C([H])([H])N(C([H])([H])[H])C([H])([H])[H])[S:93]C([H])([H])[H])c2[H])nc(-c2c([H])n([H])c3c([H])c([H])c([H])c([H])c23)c1Cl,0,-0.13929115,-0.04286963,-145.49309048996506,-23.006079385271196,-0.034744166,-0.037186023,-0.035965096,0.015295029,0.007983878,0.0116394535,-1400711.201912796,3.4795740358531475,-1400702.2388219957,-1400707.8572308715
S2-36.2,reactant,[H]c1nc(N([H])c2c([H])c([H])c([H])c(N([H])C(=O)/[C:91]([H])=[C:92](\[H])C([H])([H])N(C([H])([H])[H])C([H])([H])[H])c2[H])nc(-c2c([H])n([H])c3c([H])c([H])c([H])c([H])c23)c1Cl,0,-0.17574832,-0.08266219,-149.0622486872595,-23.11575975273274,0.029928118,0.020232603,0.02508036,0.025599927,-0.0010382384,0.012280844,-1125348.3199417915,1.850574878975749,-1125341.235181558,-1125346.2867279905
S2-36.2,intermediate,[H]c1nc(N([H])c2c([H])c([H])c([H])c(N([H])C(=O)[C-:91]([H])[C:92]([H])(C([H])([H])N(C([H])([H])[H])C([H])([H])[H])[S:93]C([H])([H])[H])c2[H])nc(-c2c([H])n([H])c3c([H])c([H])c([H])c([H])c23)c1Cl,-1,-0.46891013,-0.032144804,-66.264734812338,42.91708363436068,0.00059896335,0.008716205,0.0046575842,0.050843984,0.21377045,0.13230722,-1400344.2023109237,2.153945453464985,-1400330.1530487635,-1400337.9543667496
S2-36.2,product,[H]c1nc(N([H])c2c([H])c([H])c([H])c(N([H])C(=O)[C:91]([H])([H])[C:92]([H])(C([H])([H])N(C([H])([H])[H])C([H])([H])[H])[S:93]C([H])([H])[H])c2[H])nc(-c2c([H])n([H])c3c([H])c([H])c([H])c([H])c23)c1Cl,0,-0.13129361,-0.043995827,-144.58267677684142,-23.199056628031464,-0.031537995,-0.034704812,-0.033121403,0.0073102713,0.0018267334,0.0045685023,-1400708.712879976,2.2210689708590508,-1400698.9341069118,-1400705.459825292
S2-36.3,reactant,[H]c1nc(N([H])c2c([H])c([H])c([H])c(N([H])C(=O)/[C:91]([H])=[C:92](\[H])C([H])([H])N(C([H])([H])[H])C([H])([H])[H])c2[H])nc(-c2c([H])n([H])c3c([H])c([H])c([H])c([H])c23)c1Cl,0,-0.15316358,-0.10433353,-151.194808770658,-24.265979003082418,0.01378724,0.0009485036,0.0073678717,0.025432572,0.002278939,0.013855755,-1125347.5854915474,1.904509548097849,-1125340.8364075026,-1125345.0953206315
S2-36.3,intermediate,[H]c1nc(N([H])c2c([H])c([H])c([H])c(N([H])C(=O)[C-:91]([H])[C:92]([H])(C([H])([H])N(C([H])([H])[H])C([H])([H])[H])[S:93]C([H])([H])[H])c2[H])nc(-c2c([H])n([H])c3c([H])c([H])c([H])c([H])c23)c1Cl,-1,-0.16230576,-0.13478127,-82.0200721549047,27.674941139818856,0.008998275,0.0046154708,0.006806873,0.026315197,0.004704669,0.015509933,-1400347.8913246328,6.975778564810753,-1400335.9696587068,-1400341.1626374156
S2-36.3,product,[H]c1nc(N([H])c2c([H])c([H])c([H])c(N([H])C(=O)[C:91]([H])([H])[C:92]([H])(C([H])([H])N(C([H])([H])[H])C([H])([H])[H])[S:93]C([H])([H])[H])c2[H])nc(-c2c([H])n([H])c3c([H])c([H])c([H])c([H])c23)c1Cl,0,-0.13165905,-0.042783327,-143.8197914582226,-21.422250063724306,-0.030077662,-0.033281885,-0.031679776,0.005039215,0.000921011,0.002980113,-1400708.4614846718,2.4153483621776104,-1400700.1633843132,-1400704.7924028882
S2-36.4,reactant,[H]c1nc(N([H])c2c([H])c([H])c([H])c(N([H])C(=O)/[C:91]([H])=[C:92](\[H])C([H])([H])N(C([H])([H])[H])C([H])([H])[H])c2[H])nc(-c2c([H])n([H])c3c([H])c([H])c([H])c([H])c23)c1Cl,0,-0.14362682,-0.13452506,-151.2638753994332,-25.502851975445992,0.015286356,0.008015335,0.011650845,0.003532052,-0.007972121,-0.0022200346,-1125345.2634311789,2.7820437140762806,-1125337.633819143,-1125342.2676263542
S2-36.4,intermediate,[H]c1nc(N([H])c2c([H])c([H])c([H])c(N([H])C(=O)[C-:91]([H])[C:92]([H])(C([H])([H])N(C([H])([H])[H])C([H])([H])[H])[S:93]C([H])([H])[H])c2[H])nc(-c2c([H])n([H])c3c([H])c([H])c([H])c([H])c23)c1Cl,-1,-0.45405367,-0.014379841,-66.8803486885178,42.67576797846823,-0.0021864204,0.0009958511,-0.0005952846,0.02957511,0.1829575,0.106266305,-1400343.737867065,4.052443785592914,-1400331.8041478042,-1400336.4014414472
S2-36.4,product,[H]c1nc(N([H])c2c([H])c([H])c([H])c(N([H])C(=O)[C:91]([H])([H])[C:92]([H])(C([H])([H])N(C([H])([H])[H])C([H])([H])[H])[S:93]C([H])([H])[H])c2[H])nc(-c2c([H])n([H])c3c([H])c([H])c([H])c([H])c23)c1Cl,0,-0.13304175,-0.06624807,-145.0575936347925,-21.743274931061997,-0.01394422,-0.014805503,-0.0143748615,0.009386942,0.00571312,0.007550031,-1400711.5050581065,3.826256250962615,-1400698.9866160161,-1400706.3790513058
S2-36.5,reactant,[H]c1nc(N([H])c2c([H])c([H])c([H])c(N([H])C(=O)/[C:91]([H])=[C:92](\[H])C([H])([H])N(C([H])([H])[H])C([H])([H])[H])c2[H])nc(-c2c([H])n([H])c3c([H])c([H])c([H])c([H])c23)c1Cl,0,-0.14435995,-0.107422434,-150.88751151315094,-27.07253694126197,0.0042152554,-0.0039151683,0.00015004352,0.044892818,0.0077335536,0.026313186,-1125344.542618304,3.0071095507591963,-1125337.3989733304,-1125341.3498963683
S2-36.5,intermediate,[H]c1nc(N([H])c2c([H])c([H])c([H])c(N([H])C(=O)[C-:91]([H])[C:92]([H])(C([H])([H])N(C([H])([H])[H])C([H])([H])[H])[S:93]C([H])([H])[H])c2[H])nc(-c2c([H])n([H])c3c([H])c([H])c([H])c([H])c23)c1Cl,-1,-0.47028196,-0.017443808,-67.05965578801896,41.45677503563472,0.01501449,0.013212648,0.01411357,0.04467702,0.20307642,0.12387672,-1400346.2858508648,3.9306158870458603,-1400336.356134277,-1400341.6310498265
S2-36.5,product,[H]c1nc(N([H])c2c([H])c([H])c([H])c(N([H])C(=O)[C:91]([H])([H])[C:92]([H])(C([H])([H])N(C([H])([H])[H])C([H])([H])[H])[S:93]C([H])([H])[H])c2[H])nc(-c2c([H])n([H])c3c([H])c([H])c([H])c([H])c23)c1Cl,0,-0.1309369,-0.046296787,-144.9031078068882,-21.751656802069753,-0.027178748,-0.031024802,-0.029101774,0.009139568,0.004819721,0.0069796443,-1400709.6108718223,3.0840820763260126,-1400697.7698918348,-1400703.1386200434
S2-36.6,reactant,[H]c1nc(N([H])c2c([H])c([H])c([H])c(N([H])C(=O)/[C:91]([H])=[C:92](\[H])C([H])([H])N(C([H])([H])[H])C([H])([H])[H])c2[H])nc(-c2c([H])n([H])c3c([H])c([H])c([H])c([H])c23)c1Cl,0,-0.14284958,-0.13467056,-151.1244617037617,-23.402598802716714,0.020536482,0.011262536,0.01589951,-0.001096338,-0.011055231,-0.0060757846,-1125347.1638247797,1.71099909581244,-1125339.142960028,-1125344.717405114
S2-36.6,intermediate,[H]c1nc(N([H])c2c([H])c([H])c([H])c(N([H])C(=O)[C-:91]([H])[C:92]([H])(C([H])([H])N(C([H])([H])[H])C([H])([H])[H])[S:93]C([H])([H])[H])c2[H])nc(-c2c([H])n([H])c3c([H])c([H])c([H])c([H])c23)c1Cl,-1,-0.44239026,-0.04514748,-65.72455134292375,41.228473248767735,0.007278744,0.01335061,0.010314677,0.04802555,0.21566615,0.13184585,-1400342.4402502093,2.9396135322749615,-1400332.9715872963,-1400338.878655059
S2-36.6,product,[H]c1nc(N([H])c2c([H])c([H])c([H])c(N([H])C(=O)[C:91]([H])([H])[C:92]([H])(C([H])([H])N(C([H])([H])[H])C([H])([H])[H])[S:93]C([H])([H])[H])c2[H])nc(-c2c([H])n([H])c3c([H])c([H])c([H])c([H])c23)c1Cl,0,-0.13887809,-0.043504722,-145.60970825799697,-23.146670690451568,-0.035028603,-0.037324585,-0.036176596,0.0155150145,0.008071408,0.011793211,-1400711.377566034,2.510782651603222,-1400701.0453553845,-1400708.0369128014
S2-36.7,reactant,[H]c1nc(N([H])c2c([H])c([H])c([H])c(N([H])C(=O)/[C:91]([H])=[C:92](\[H])C([H])([H])N(C([H])([H])[H])C([H])([H])[H])c2[H])nc(-c2c([H])n([H])c3c([H])c([H])c([H])c([H])c23)c1Cl,0,-0.14627796,-0.13749312,-151.7321313693868,-25.27509773378275,0.0066237748,0.0039350092,0.005279392,-0.0038029402,-0.010550439,-0.00717669,-1125347.0195888672,2.72982344776392,-1125337.7056523531,-1125344.179521214
S2-36.7,intermediate,[H]c1nc(N([H])c2c([H])c([H])c([H])c(N([H])C(=O)[C-:91]([H])[C:92]([H])(C([H])([H])N(C([H])([H])[H])C([H])([H])[H])[S:93]C([H])([H])[H])c2[H])nc(-c2c([H])n([H])c3c([H])c([H])c([H])c([H])c23)c1Cl,-1,-0.14646438,-0.1027509,-80.66520433108343,30.1512700708274,0.0006274432,0.0014376864,0.0010325648,0.019906089,-0.001413554,0.009246267,-1400352.8808996473,3.813708985224366,-1400335.5219164628,-1400344.3600182272
S2-36.7,product,[H]c1nc(N([H])c2c([H])c([H])c([H])c(N([H])C(=O)[C:91]([H])([H])[C:92]([H])(C([H])([H])N(C([H])([H])[H])C([H])([H])[H])[S:93]C([H])([H])[H])c2[H])nc(-c2c([H])n([H])c3c([H])c([H])c([H])c([H])c23)c1Cl,0,-0.14200957,-0.03778223,-143.72574026681974,-22.140689020186297,-0.018943984,-0.025105275,-0.02202463,0.014205426,0.010058939,0.012132183,-1400709.552606634,4.9005152471363544,-1400699.405234516,-1400704.91920949
S2-36.8,reactant,[H]c1nc(N([H])c2c([H])c([H])c([H])c(N([H])C(=O)/[C:91]([H])=[C:92](\[H])C([H])([H])N(C([H])([H])[H])C([H])([H])[H])c2[H])nc(-c2c([H])n([H])c3c([H])c([H])c([H])c([H])c23)c1Cl,0,-0.15986778,-0.10051674,-151.18955561449937,-24.2301794703186,0.011461638,-0.0001693517,0.005646143,0.023139253,0.00265643,0.012897842,-1125347.4215601906,1.8132027089595795,-1125339.7058435632,-1125344.910946963
S2-36.8,intermediate,[H]c1nc(N([H])c2c([H])c([H])c([H])c(N([H])C(=O)[C-:91]([H])[C:92]([H])(C([H])([H])N(C([H])([H])[H])C([H])([H])[H])[S:93]C([H])([H])[H])c2[H])nc(-c2c([H])n([H])c3c([H])c([H])c([H])c([H])c23)c1Cl,-1,-0.14703979,-0.10277036,-80.68529549138444,30.03091324673449,0.0006733537,0.0014108717,0.0010421127,0.01956001,-0.00159733,0.00898134,-1400352.9520348415,3.8321359679102898,-1400338.1406110148,-1400344.2662436222
S2-36.8,product,[H]c1nc(N([H])c2c([H])c([H])c([H])c(N([H])C(=O)[C:91]([H])([H])[C:92]([H])(C([H])([H])N(C([H])([H])[H])C([H])([H])[H])[S:93]C([H])([H])[H])c2[H])nc(-c2c([H])n([H])c3c([H])c([H])c([H])c([H])c23)c1Cl,0,-0.1393598,-0.0644123,-147.19480708378796,-24.376630575838153,-0.026125535,-0.02602236,-0.026073948,0.0027996004,-0.00013445318,0.0013325736,-1400711.6265522386,12.115019032731652,-1400699.6501317248,-1400705.046865072
S2-36.9,reactant,[H]c1nc(N([H])c2c([H])c([H])c([H])c(N([H])C(=O)/[C:91]([H])=[C:92](\[H])C([H])([H])N(C([H])([H])[H])C([H])([H])[H])c2[H])nc(-c2c([H])n([H])c3c([H])c([H])c([H])c([H])c23)c1Cl,0,-0.1725864,-0.085508056,-149.05230219363892,-23.295937727272797,0.033706658,0.023472935,0.028589796,0.02770269,-0.00048668683,0.013608001,-1125347.957101352,1.7139757368713617,-1125341.2087062134,-1125345.9158254617
S2-36.9,intermediate,[H]c1nc(N([H])c2c([H])c([H])c([H])c(N([H])C(=O)[C-:91]([H])[C:92]([H])(C([H])([H])N(C([H])([H])[H])C([H])([H])[H])[S:93]C([H])([H])[H])c2[H])nc(-c2c([H])n([H])c3c([H])c([H])c([H])c([H])c23)c1Cl,-1,-0.4253032,-0.047758695,-67.3453976316264,42.178922432966544,0.023652244,0.022028245,0.022840245,0.0689185,0.22714552,0.14803201,-1400345.1843498927,2.192627100273967,-1400334.416871991,-1400340.571399898
S2-36.9,product,[H]c1nc(N([H])c2c([H])c([H])c([H])c(N([H])C(=O)[C:91]([H])([H])[C:92]([H])(C([H])([H])N(C([H])([H])[H])C([H])([H])[H])[S:93]C([H])([H])[H])c2[H])nc(-c2c([H])n([H])c3c([H])c([H])c([H])c([H])c23)c1Cl,0,-0.1424744,-0.06672484,-145.46282899131762,-22.01405905795506,-0.029537737,-0.027932577,-0.028735157,0.0014945716,-0.0008274615,0.00033355504,-1400712.4223647632,4.1685481537133455,-1400702.4448418387,-1400708.0210088347
S2-36.10,reactant,[H]c1nc(N([H])c2c([H])c([H])c([H])c(N([H])C(=O)/[C:91]([H])=[C:92](\[H])C([H])([H])N(C([H])([H])[H])C([H])([H])[H])c2[H])nc(-c2c([H])n([H])c3c([H])c([H])c([H])c([H])c23)c1Cl,0,-0.15032162,-0.10511013,-150.67110754185853,-25.623357343552406,0.01668486,0.0020488948,0.009366877,0.026684523,0.002213508,0.014449015,-1125345.027403621,2.6125077791512012,-1125335.771588389,-1125341.6257390426
S2-36.10,intermediate,[H]c1nc(N([H])c2c([H])c([H])c([H])c(N([H])C(=O)[C-:91]([H])[C:92]([H])(C([H])([H])N(C([H])([H])[H])C([H])([H])[H])[S:93]C([H])([H])[H])c2[H])nc(-c2c([H])n([H])c3c([H])c([H])c([H])c([H])c23)c1Cl,-1,-0.40109742,-0.052230265,-66.25296487689877,44.31642449520663,0.016449478,0.023425322,0.0199374,0.02122143,0.17340559,0.09731351,-1400341.0523112172,5.103827910497785,-1400329.3408705834,-1400333.5583803388
S2-36.10,product,[H]c1nc(N([H])c2c([H])c([H])c([H])c(N([H])C(=O)[C:91]([H])([H])[C:92]([H])(C([H])([H])N(C([H])([H])[H])C([H])([H])[H])[S:93]C([H])([H])[H])c2[H])nc(-c2c([H])n([H])c3c([H])c([H])c([H])c([H])c23)c1Cl,0,-0.13202952,-0.04744609,-145.32696458446893,-21.99200339112059,-0.028533185,-0.032036055,-0.03028462,0.007226512,0.0035072863,0.005366899,-1400710.990020315,2.8634666576981544,-1400699.0675976363,-1400704.698965518
S2-15.1,reactant,[H]c1nc(N([H])c2c([H])c(N([H])C(=O)/[C:91]([H])=[C:92](\[H])C([H])([H])N(C([H])([H])[H])C([H])([H])[H])c([H])c([H])c2OC([H])([H])[H])nc(-c2c([H])nn3c([H])c([H])c([H])c([H])c23)c1Cl,0,-0.15719041,-0.12352796,-150.4780290196687,-29.32919836428631,0.023171157,0.023630515,0.023400836,-0.015516296,-0.01832655,-0.016921423,-1207317.0121086068,1.7909168507903814,-1207307.1619184455,-1207314.2743564094
S2-15.1,intermediate,[H]C1=C([H])c2c(-c3nc(N([H])c4c([H])c(N([H])C(=O)[C-:91]([H])[C:92]([H])(C([H])([H])N(C([H])([H])[H])C([H])([H])[H])[S:93]C([H])([H])[H])c([H])c([H])c4OC([H])([H])[H])nc([H])c3Cl)c([H])nn2C([H])=C1[H],-1,-0.4984837,-0.024923427,-69.99279979536925,34.36682511530675,0.008627063,0.011672651,0.010149857,0.04583171,0.19368476,0.11975823,-1482315.6176129302,4.753809267655015,-1482304.7636977942,-1482309.4646703196
S2-15.1,product,[H]c1nc(N([H])c2c([H])c(N([H])C(=O)[C:91]([H])([H])[C:92]([H])(C([H])([H])N(C([H])([H])[H])C([H])([H])[H])[S:93]C([H])([H])[H])c([H])c([H])c2OC([H])([H])[H])nc(-c2c([H])nn3c([H])c([H])c([H])c([H])c23)c1Cl,0,-0.13592052,-0.06244196,-147.78613491343674,-19.6421871014153,-0.035284184,-0.03321582,-0.034250002,0.00596413,0.0025789142,0.004271522,-1482686.9299090684,5.642080431804061,-1482673.7899803421,-1482681.509051234
S2-15.2,reactant,[H]c1nc(N([H])c2c([H])c(N([H])C(=O)/[C:91]([H])=[C:92](\[H])C([H])([H])N(C([H])([H])[H])C([H])([H])[H])c([H])c([H])c2OC([H])([H])[H])nc(-c2c([H])nn3c([H])c([H])c([H])c([H])c23)c1Cl,0,-0.17489253,-0.0881407,-150.1707022956442,-30.279066813389964,0.01675491,0.012635253,0.014695082,0.0032372177,-0.0069282055,-0.0018454939,-1207316.8254142709,1.7864462062716484,-1207306.9315905157,-1207314.0863959407
S2-15.2,intermediate,[H]C1=C([H])c2c(-c3nc(N([H])c4c([H])c(N([H])C(=O)[C-:91]([H])[C:92]([H])(C([H])([H])N(C([H])([H])[H])C([H])([H])[H])[S:93]C([H])([H])[H])c([H])c([H])c4OC([H])([H])[H])nc([H])c3Cl)c([H])nn2C([H])=C1[H],-1,-0.17649262,-0.12815851,-79.7059731479931,31.88775187295295,0.0014684498,0.003154263,0.0023113564,0.0058777034,0.0018562227,0.003866963,-1482322.5476559626,2.507488928735256,-1482309.963714869,-1482317.0938376335
S2-15.2,product,[H]c1nc(N([H])c2c([H])c(N([H])C(=O)[C:91]([H])([H])[C:92]([H])(C([H])([H])N(C([H])([H])[H])C([H])([H])[H])[S:93]C([H])([H])[H])c([H])c([H])c2OC([H])([H])[H])nc(-c2c([H])nn3c([H])c([H])c([H])c([H])c23)c1Cl,0,-0.14038132,-0.034441143,-145.40259591097683,-27.520979983142247,-0.03476817,-0.035363913,-0.035066042,0.008479536,0.005249664,0.0068646,-1482679.7945860229,3.3671459313482046,-1482670.7860312054,-1482676.1401372878
S2-15.3,reactant,[H]c1nc(N([H])c2c([H])c(N([H])C(=O)/[C:91]([H])=[C:92](\[H])C([H])([H])N(C([H])([H])[H])C([H])([H])[H])c([H])c([H])c2OC([H])([H])[H])nc(-c2c([H])nn3c([H])c([H])c([H])c([H])c23)c1Cl,0,-0.12406842,-0.11856253,-151.7163279252989,-31.32679214075051,-0.0043016225,-0.00053316355,-0.002417393,-0.011094429,-0.019866206,-0.015480317,-1207314.0476243289,1.4951124377548695,-1207304.6077761012,-1207310.5661079502
S2-15.3,intermediate,[H]C1=C([H])c2c(-c3nc(N([H])c4c([H])c(N([H])C(=O)[C-:91]([H])[C:92]([H])(C([H])([H])N(C([H])([H])[H])C([H])([H])[H])[S:93]C([H])([H])[H])c([H])c([H])c4OC([H])([H])[H])nc([H])c3Cl)c([H])nn2C([H])=C1[H],-1,-0.18126738,-0.10526036,-79.5056313836178,30.822328907526746,-0.0055450276,-0.0067033544,-0.006124191,0.021804646,0.009344742,0.015574694,-1482323.7732519233,5.425577446818352,-1482309.8810490917,-1482315.0371944036
S2-15.3,product,[H]c1nc(N([H])c2c([H])c(N([H])C(=O)[C:91]([H])([H])[C:92]([H])(C([H])([H])N(C([H])([H])[H])C([H])([H])[H])[S:93]C([H])([H])[H])c([H])c([H])c2OC([H])([H])[H])nc(-c2c([H])nn3c([H])c([H])c([H])c([H])c23)c1Cl,0,-0.14153378,-0.05277245,-146.53126164208413,-26.658100009033184,-0.026130438,-0.027983878,-0.027057158,0.004070848,0.0026303083,0.0033505782,-1482678.8408760452,4.905848806723952,-1482669.3902408094,-1482674.5530494081
S2-15.4,reactant,[H]c1nc(N([H])c2c([H])c(N([H])C(=O)/[C:91]([H])=[C:92](\[H])C([H])([H])N(C([H])([H])[H])C([H])([H])[H])c([H])c([H])c2OC([H])([H])[H])nc(-c2c([H])nn3c([H])c([H])c([H])c([H])c23)c1Cl,0,-0.124867,-0.11633129,-149.96166864202064,-28.83890941288106,0.0022475198,0.0027714819,0.0025095008,-0.012770586,-0.020522378,-0.016646482,-1207311.7473108224,2.065177807584405,-1207300.6542536735,-1207308.104814124
S2-15.4,intermediate,[H]C1=C([H])c2c(-c3nc(N([H])c4c([H])c(N([H])C(=O)[C-:91]([H])[C:92]([H])(C([H])([H])N(C([H])([H])[H])C([H])([H])[H])[S:93]C([H])([H])[H])c([H])c([H])c4OC([H])([H])[H])nc([H])c3Cl)c([H])nn2C([H])=C1[H],-1,-0.49683926,-0.023739036,-70.28785789933005,34.05308627469978,0.009044621,0.0118732825,0.010458952,0.044799298,0.19303244,0.11891587,-1482315.5630600755,4.96989225782454,-1482302.1752722804,-1482309.7328820776
S2-15.4,product,[H]c1nc(N([H])c2c([H])c(N([H])C(=O)[C:91]([H])([H])[C:92]([H])(C([H])([H])N(C([H])([H])[H])C([H])([H])[H])[S:93]C([H])([H])[H])c([H])c([H])c2OC([H])([H])[H])nc(-c2c([H])nn3c([H])c([H])c([H])c([H])c23)c1Cl,0,-0.14044808,-0.04853683,-147.62413534170653,-28.682090039247196,-0.03961603,-0.039258584,-0.03943731,0.006119713,0.0023937821,0.0042567477,-1482682.858962345,2.173276398330927,-1482673.1455530813,-1482679.3188266899
S2-15.5,reactant,[H]c1nc(N([H])c2c([H])c(N([H])C(=O)/[C:91]([H])=[C:92](\[H])C([H])([H])N(C([H])([H])[H])C([H])([H])[H])c([H])c([H])c2OC([H])([H])[H])nc(-c2c([H])nn3c([H])c([H])c([H])c([H])c23)c1Cl,0,-0.15168901,-0.13790634,-149.77834656198104,-27.310364518076057,0.005820319,0.0044073164,0.0051138178,-0.012027398,-0.0118919015,-0.01195965,-1207313.4585190495,3.0576229728758335,-1207303.7651263804,-1207310.0936906475
S2-15.5,intermediate,[H]C1=C([H])c2c(-c3nc(N([H])c4c([H])c(N([H])C(=O)[C-:91]([H])[C:92]([H])(C([H])([H])N(C([H])([H])[H])C([H])([H])[H])[S:93]C([H])([H])[H])c([H])c([H])c4OC([H])([H])[H])nc([H])c3Cl)c([H])nn2C([H])=C1[H],-1,-0.51272684,-0.04456863,-69.06080515809168,36.66934752738917,0.0038712434,0.010235973,0.007053608,0.066863894,0.22212079,0.14449234,-1482309.3402382324,2.9007792994379997,-1482296.7061071473,-1482302.4995183763
S2-15.5,product,[H]c1nc(N([H])c2c([H])c(N([H])C(=O)[C:91]([H])([H])[C:92]([H])(C([H])([H])N(C([H])([H])[H])C([H])([H])[H])[S:93]C([H])([H])[H])c([H])c([H])c2OC([H])([H])[H])nc(-c2c([H])nn3c([H])c([H])c([H])c([H])c23)c1Cl,0,-0.13859065,-0.037630808,-147.00583749394738,-29.254368851117956,-0.041154437,-0.04223844,-0.04169644,0.0039562434,0.0012851954,0.0026207194,-1482679.8030196566,2.8345606923103333,-1482668.9902853516,-1482676.2311636333
S2-15.6,reactant,[H]c1nc(N([H])c2c([H])c(N([H])C(=O)/[C:91]([H])=[C:92](\[H])C([H])([H])N(C([H])([H])[H])C([H])([H])[H])c([H])c([H])c2OC([H])([H])[H])nc(-c2c([H])nn3c([H])c([H])c([H])c([H])c23)c1Cl,0,-0.15719305,-0.12354379,-150.49359474350206,-29.314262591165893,0.02313476,0.02357085,0.023352806,-0.015472084,-0.018283516,-0.0168778,-1207317.0091011145,1.9136300180107355,-1207309.425212955,-1207314.2792626033
S2-15.6,intermediate,[H]C1=C([H])c2c(-c3nc(N([H])c4c([H])c(N([H])C(=O)[C-:91]([H])[C:92]([H])(C([H])([H])N(C([H])([H])[H])C([H])([H])[H])[S:93]C([H])([H])[H])c([H])c([H])c4OC([H])([H])[H])nc([H])c3Cl)c([H])nn2C([H])=C1[H],-1,-0.39019683,-0.050159533,-67.01300321730734,49.48182198272303,-0.0051424466,0.0041881017,-0.00047717243,0.018308252,0.14048058,0.079394415,-1482317.1088820803,5.887351207435131,-1482303.1218704854,-1482308.124870992
S2-15.6,product,[H]c1nc(N([H])c2c([H])c(N([H])C(=O)[C:91]([H])([H])[C:92]([H])(C([H])([H])N(C([H])([H])[H])C([H])([H])[H])[S:93]C([H])([H])[H])c([H])c([H])c2OC([H])([H])[H])nc(-c2c([H])nn3c([H])c([H])c([H])c([H])c23)c1Cl,0,-0.14389472,-0.048821356,-144.58329681684597,-25.948649873468447,-0.030904125,-0.03183688,-0.031370502,0.007649347,0.005489424,0.0065693855,-1482684.497619022,7.807629222050309,-1482673.0111832637,-1482679.3981158736
S2-15.7,reactant,[H]c1nc(N([H])c2c([H])c(N([H])C(=O)/[C:91]([H])=[C:92](\[H])C([H])([H])N(C([H])([H])[H])C([H])([H])[H])c([H])c([H])c2OC([H])([H])[H])nc(-c2c([H])nn3c([H])c([H])c([H])c([H])c23)c1Cl,0,-0.124477305,-0.11563214,-149.85504070646743,-28.63349922260247,0.001046516,0.0016713291,0.0013589226,-0.0118878335,-0.020143904,-0.016015869,-1207311.7083841527,2.655257284641266,-1207302.49792893,-1207308.0160071405
S2-15.7,intermediate,[H]C1=C([H])c2c(-c3nc(N([H])c4c([H])c(N([H])C(=O)[C-:91]([H])[C:92]([H])(C([H])([H])N(C([H])([H])[H])C([H])([H])[H])[S:93]C([H])([H])[H])c([H])c([H])c4OC([H])([H])[H])nc([H])c3Cl)c([H])nn2C([H])=C1[H],-1,-0.50010693,-0.024765648,-70.9992400904733,34.080895431333566,0.007570084,0.010549925,0.009060005,0.047801495,0.20162275,0.124712124,-1482315.4901090888,5.080639963969588,-1482305.1929534718,-1482309.5710774201
S2-15.7,product,[H]c1nc(N([H])c2c([H])c(N([H])C(=O)[C:91]([H])([H])[C:92]([H])(C([H])([H])N(C([H])([H])[H])C([H])([H])[H])[S:93]C([H])([H])[H])c([H])c([H])c2OC([H])([H])[H])nc(-c2c([H])nn3c([H])c([H])c([H])c([H])c23)c1Cl,0,-0.14645374,-0.05242586,-144.72575347634105,-24.81552377038955,-0.034141935,-0.033768184,-0.03395506,0.007736802,0.0058259517,0.006781377,-1482682.7591752103,3.9541431590914726,-1482671.7147073853,-1482677.424786169
S2-15.8,reactant,[H]c1nc(N([H])c2c([H])c(N([H])C(=O)/[C:91]([H])=[C:92](\[H])C([H])([H])N(C([H])([H])[H])C([H])([H])[H])c([H])c([H])c2OC([H])([H])[H])nc(-c2c([H])nn3c([H])c([H])c([H])c([H])c23)c1Cl,0,-0.1255119,-0.11620312,-150.0570861163634,-28.94029765152333,0.0015047044,0.0022563115,0.0018805079,-0.012424588,-0.020203754,-0.016314171,-1207311.7702119746,2.190262785181403,-1207302.358537709,-1207308.019662223
S2-15.8,intermediate,[H]C1=C([H])c2c(-c3nc(N([H])c4c([H])c(N([H])C(=O)[C-:91]([H])[C:92]([H])(C([H])([H])N(C([H])([H])[H])C([H])([H])[H])[S:93]C([H])([H])[H])c([H])c([H])c4OC([H])([H])[H])nc([H])c3Cl)c([H])nn2C([H])=C1[H],-1,-0.46242988,-0.03294991,-74.86907174118265,45.254884595614435,0.0077101663,0.011481829,0.009595998,0.014962167,0.18242314,0.098692656,-1482323.052449946,12.351825471967459,-1482303.6271205803,-1482310.9512404336
S2-15.8,product,[H]c1nc(N([H])c2c([H])c(N([H])C(=O)[C:91]([H])([H])[C:92]([H])(C([H])([H])N(C([H])([H])[H])C([H])([H])[H])[S:93]C([H])([H])[H])c([H])c([H])c2OC([H])([H])[H])nc(-c2c([H])nn3c([H])c([H])c([H])c([H])c23)c1Cl,0,-0.12868012,-0.06277898,-145.1805363462139,-24.37105970921787,-0.0260005,-0.025416642,-0.025708571,0.0046902,0.0009229481,0.002806574,-1482679.348983596,3.9883012492209673,-1482669.1241972449,-1482675.3412913333
S2-15.9,reactant,[H]c1nc(N([H])c2c([H])c(N([H])C(=O)/[C:91]([H])=[C:92](\[H])C([H])([H])N(C([H])([H])[H])C([H])([H])[H])c([H])c([H])c2OC([H])([H])[H])nc(-c2c([H])nn3c([H])c([H])c([H])c([H])c23)c1Cl,0,-0.14506206,-0.108329535,-152.04612006498093,-22.69225949521416,0.00088082254,-0.0016504079,-0.0003847927,0.003620699,-0.0067548007,-0.0015670508,-1207317.645935733,4.791760046035051,-1207306.983922228,-1207312.9787645563
S2-15.9,intermediate,[H]C1=C([H])c2c(-c3nc(N([H])c4c([H])c(N([H])C(=O)[C-:91]([H])[C:92]([H])(C([H])([H])N(C([H])([H])[H])C([H])([H])[H])[S:93]C([H])([H])[H])c([H])c([H])c4OC([H])([H])[H])nc([H])c3Cl)c([H])nn2C([H])=C1[H],-1,-0.48563284,-0.012744038,-68.7969662635894,35.95011801026101,0.015012446,0.012034146,0.0135232955,0.045799136,0.19905558,0.12242736,-1482315.3684176106,2.7161568831652403,-1482304.3823846679,-1482309.526568857
S2-15.9,product,[H]c1nc(N([H])c2c([H])c(N([H])C(=O)[C:91]([H])([H])[C:92]([H])(C([H])([H])N(C([H])([H])[H])C([H])([H])[H])[S:93]C([H])([H])[H])c([H])c([H])c2OC([H])([H])[H])nc(-c2c([H])nn3c([H])c([H])c([H])c([H])c23)c1Cl,0,-0.14350006,-0.04578609,-146.04176410219583,-26.808161151536368,-0.030977296,-0.03226646,-0.031621877,0.0062906444,0.0035378933,0.004914269,-1482683.2756018934,5.257207112386823,-1482674.9400225594,-1482679.6143933055
S2-15.10,reactant,[H]c1nc(N([H])c2c([H])c(N([H])C(=O)/[C:91]([H])=[C:92](\[H])C([H])([H])N(C([H])([H])[H])C([H])([H])[H])c([H])c([H])c2OC([H])([H])[H])nc(-c2c([H])nn3c([H])c([H])c([H])c([H])c23)c1Cl,0,-0.15052179,-0.13887995,-152.07235764504605,-30.4879222549697,0.00050486624,0.0024142414,0.0014595538,-0.01131545,-0.0113803595,-0.011347905,-1207316.0590834091,1.7647134400904179,-1207306.0922480866,-1207312.8172972316
S2-15.10,intermediate,[H]C1=C([H])c2c(-c3nc(N([H])c4c([H])c(N([H])C(=O)[C-:91]([H])[C:92]([H])(C([H])([H])N(C([H])([H])[H])C([H])([H])[H])[S:93]C([H])([H])[H])c([H])c([H])c4OC([H])([H])[H])nc([H])c3Cl)c([H])nn2C([H])=C1[H],-1,-0.49217126,-0.034427356,-69.46050112058215,34.52132259068859,0.015572932,0.016123954,0.015848443,0.055036515,0.19814733,0.12659192,-1482316.292061686,2.3670066408813,-1482306.8715306395,-1482311.5974537483
S2-15.10,product,[H]c1nc(N([H])c2c([H])c(N([H])C(=O)[C:91]([H])([H])[C:92]([H])(C([H])([H])N(C([H])([H])[H])C([H])([H])[H])[S:93]C([H])([H])[H])c([H])c([H])c2OC([H])([H])[H])nc(-c2c([H])nn3c([H])c([H])c([H])c([H])c23)c1Cl,0,-0.14358278,-0.05674687,-147.0745329440672,-22.822288700555944,-0.0057817735,-0.00989075,-0.007836262,0.010274276,0.009062335,0.0096683055,-1482684.2129850667,5.539067747071385,-1482673.1812513876,-1482678.4727275802
S2-44.1,reactant,[H]c1nc(N([H])c2c([H])c(N([H])C(=O)[C:91]([H])=[C:92]([H])[H])c([H])c([H])c2OC([H])([H])[H])nc(N([H])c2c([H])c([H])c([H])c([H])c2C(=O)N([H])C([H])([H])[H])c1Cl,0,-0.15460788,-0.28289428,-152.59239773917093,-23.819055003482656,0.02568525,0.023894608,0.02478993,-0.0075963885,-0.0075343847,-0.0075653866,-1171213.6636980032,2.276926029473543,-1171204.0107758376,-1171209.4746822696
S2-44.1,intermediate,[H]c1nc(N([H])c2c([H])c(N([H])C(=O)[C-:91]([H])[C:92]([H])([H])[S:93]C([H])([H])[H])c([H])c([H])c2OC([H])([H])[H])nc(N([H])c2c([H])c([H])c([H])c([H])c2C(=O)N([H])C([H])([H])[H])c1Cl,-1,-0.5056055,-0.11790993,-69.89472911866726,43.21030497114959,0.016705655,0.019987091,0.018346373,0.07981312,0.2799474,0.17988026,-1446214.9363609115,4.920990033075213,-1446204.0554460108,-1446208.826814646
S2-44.1,product,[H]c1nc(N([H])c2c([H])c(N([H])C(=O)[C:91]([H])([H])[C:92]([H])([H])[S:93]C([H])([H])[H])c([H])c([H])c2OC([H])([H])[H])nc(N([H])c2c([H])c([H])c([H])c([H])c2C(=O)N([H])C([H])([H])[H])c1Cl,0,-0.14650422,-0.11538336,-147.05501567228953,-22.29241652161743,-0.01899799,-0.01936841,-0.0191832,0.0010708272,-0.002011165,-0.0004701689,-1446580.6976731145,2.9286585673689842,-1446570.4035717507,-1446575.6077474493
S2-44.2,reactant,[H]c1nc(N([H])c2c([H])c(N([H])C(=O)[C:91]([H])=[C:92]([H])[H])c([H])c([H])c2OC([H])([H])[H])nc(N([H])c2c([H])c([H])c([H])c([H])c2C(=O)N([H])C([H])([H])[H])c1Cl,0,-0.15953125,-0.28445572,-152.82010715940504,-23.285053972622364,0.026808172,0.024351954,0.025580063,-0.007160753,-0.007144034,-0.0071523935,-1171214.4678615935,3.8135328236967325,-1171205.8138352516,-1171210.2758452075
S2-44.2,intermediate,[H]c1nc(N([H])c2c([H])c(N([H])C(=O)[C-:91]([H])[C:92]([H])([H])[S:93]C([H])([H])[H])c([H])c([H])c2OC([H])([H])[H])nc(N([H])c2c([H])c([H])c([H])c([H])c2C(=O)N([H])C([H])([H])[H])c1Cl,-1,-0.53695613,-0.11017336,-66.92351061686034,44.15608568668892,0.0017586201,0.015284382,0.008521501,0.03556162,0.24157453,0.13856807,-1446213.1082065997,5.414511112496257,-1446201.1419222164,-1446205.8988521039
S2-44.2,product,[H]c1nc(N([H])c2c([H])c(N([H])C(=O)[C:91]([H])([H])[C:92]([H])([H])[S:93]C([H])([H])[H])c([H])c([H])c2OC([H])([H])[H])nc(N([H])c2c([H])c([H])c([H])c([H])c2C(=O)N([H])C([H])([H])[H])c1Cl,0,-0.13078609,-0.10382478,-145.90888211654965,-22.436184515133334,-0.032291062,-0.03412582,-0.03320844,0.00032830238,-0.0065814555,-0.0031265765,-1446585.3531467798,3.0089870244264603,-1446577.9447391822,-1446582.5173287364
S2-44.3,reactant,[H]c1nc(N([H])c2c([H])c(N([H])C(=O)[C:91]([H])=[C:92]([H])[H])c([H])c([H])c2OC([H])([H])[H])nc(N([H])c2c([H])c([H])c([H])c([H])c2C(=O)N([H])C([H])([H])[H])c1Cl,0,-0.15028775,-0.28038865,-149.76304831183637,-22.167734374579982,0.046085477,0.03620355,0.041144513,-0.004862994,-0.012657359,-0.008760177,-1171220.5190361103,1.731347281485796,-1171213.3448725445,-1171218.2147812285
S2-44.3,intermediate,[H]c1nc(N([H])c2c([H])c(N([H])C(=O)[C-:91]([H])[C:92]([H])([H])[S:93]C([H])([H])[H])c([H])c([H])c2OC([H])([H])[H])nc(N([H])c2c([H])c([H])c([H])c([H])c2C(=O)N([H])C([H])([H])[H])c1Cl,-1,-0.5333709,-0.116295815,-71.24775560176305,46.424054870767684,0.01826869,0.020308763,0.019288726,0.09225452,0.30239898,0.19732675,-1446213.2784472578,6.382139990106225,-1446200.966868394,-1446205.782232861
S2-44.3,product,[H]c1nc(N([H])c2c([H])c(N([H])C(=O)[C:91]([H])([H])[C:92]([H])([H])[S:93]C([H])([H])[H])c([H])c([H])c2OC([H])([H])[H])nc(N([H])c2c([H])c([H])c([H])c([H])c2C(=O)N([H])C([H])([H])[H])c1Cl,0,-0.12781656,-0.103674226,-145.48793911626314,-21.97562255426595,-0.0358788,-0.037916712,-0.036897756,0.008597925,-0.0005350113,0.004031457,-1446585.3789507532,2.384553438052535,-1446577.5576832138,-1446582.4155619673
S2-44.4,reactant,[H]c1nc(N([H])c2c([H])c(N([H])C(=O)[C:91]([H])=[C:92]([H])[H])c([H])c([H])c2OC([H])([H])[H])nc(N([H])c2c([H])c([H])c([H])c([H])c2C(=O)N([H])C([H])([H])[H])c1Cl,0,-0.15869515,-0.27070263,-153.9252134232202,-19.337502927085,0.03201008,0.028140306,0.030075192,-0.0001694113,-0.0043020546,-0.002235733,-1171220.303176491,4.885370414704084,-1171210.2731308942,-1171215.9590138965
S2-44.4,intermediate,[H]c1nc(N([H])c2c([H])c(N([H])C(=O)[C-:91]([H])[C:92]([H])([H])[S:93]C([H])([H])[H])c([H])c([H])c2OC([H])([H])[H])nc(N([H])c2c([H])c([H])c([H])c([H])c2C(=O)N([H])C([H])([H])[H])c1Cl,-1,-0.40143266,-0.10609142,-70.22089451828083,53.27571592715742,-0.0071481466,0.003867574,-0.0016402863,0.03936109,0.18042219,0.10989164,-1446229.7641524794,5.041698690503836,-1446215.0685861206,-1446220.93673808
S2-44.4,product,[H]c1nc(N([H])c2c([H])c(N([H])C(=O)[C:91]([H])([H])[C:92]([H])([H])[S:93]C([H])([H])[H])c([H])c([H])c2OC([H])([H])[H])nc(N([H])c2c([H])c([H])c([H])c([H])c2C(=O)N([H])C([H])([H])[H])c1Cl,0,-0.1551766,-0.118928984,-145.3946158868365,-20.50067410298067,-0.017906494,-0.017210767,-0.01755863,0.0064386725,0.0034348667,0.0049367696,-1446582.5540893774,5.597054403275251,-1446572.030923719,-1446576.1567716163
S2-44.5,reactant,[H]c1nc(N([H])c2c([H])c(N([H])C(=O)[C:91]([H])=[C:92]([H])[H])c([H])c([H])c2OC([H])([H])[H])nc(N([H])c2c([H])c([H])c([H])c([H])c2C(=O)N([H])C([H])([H])[H])c1Cl,0,-0.15400161,-0.28367755,-151.42445712894894,-23.144108801443632,0.026830286,0.024195373,0.02551283,-0.007003486,-0.00765869,-0.007331088,-1171220.04941506,2.7009915448725224,-1171211.855296932,-1171217.2537673984
S2-44.5,intermediate,[H]c1nc(N([H])c2c([H])c(N([H])C(=O)[C-:91]([H])[C:92]([H])([H])[S:93]C([H])([H])[H])c([H])c([H])c2OC([H])([H])[H])nc(N([H])c2c([H])c([H])c([H])c([H])c2C(=O)N([H])C([H])([H])[H])c1Cl,-1,-0.5146865,-0.10711469,-69.05148511681323,43.6779630579506,0.005569279,0.015972726,0.010771003,0.057824314,0.24862453,0.15322442,-1446210.845966744,3.4895119704306126,-1446196.7001227653,-1446203.1083416166
S2-44.5,product,[H]c1nc(N([H])c2c([H])c(N([H])C(=O)[C:91]([H])([H])[C:92]([H])([H])[S:93]C([H])([H])[H])c([H])c([H])c2OC([H])([H])[H])nc(N([H])c2c([H])c([H])c([H])c([H])c2C(=O)N([H])C([H])([H])[H])c1Cl,0,-0.12997548,-0.105182886,-147.4587721959863,-23.83836775244764,-0.03190583,-0.033416584,-0.032661207,0.0004949719,-0.006933704,-0.003219366,-1446581.8502796663,2.2578908018767834,-1446571.9415040177,-1446578.4760167138
S2-44.6,reactant,[H]c1nc(N([H])c2c([H])c(N([H])C(=O)[C:91]([H])=[C:92]([H])[H])c([H])c([H])c2OC([H])([H])[H])nc(N([H])c2c([H])c([H])c([H])c([H])c2C(=O)N([H])C([H])([H])[H])c1Cl,0,-0.15452686,-0.28324986,-152.62973910329077,-23.864185223478458,0.026043743,0.024126261,0.025085002,-0.007702589,-0.0076081455,-0.0076553673,-1171213.6894259355,2.1429685577750206,-1171205.0724049897,-1171209.3612410314
S2-44.6,intermediate,[H]c1nc(N([H])c2c([H])c(N([H])C(=O)[C-:91]([H])[C:92]([H])([H])[S:93]C([H])([H])[H])c([H])c([H])c2OC([H])([H])[H])nc(N([H])c2c([H])c([H])c([H])c([H])c2C(=O)N([H])C([H])([H])[H])c1Cl,-1,-0.51901746,-0.11887501,-66.85882664890815,42.457877319540195,0.012310788,0.01851137,0.015411079,0.03928101,0.24604735,0.14266418,-1446217.0574347982,2.28595214150846,-1446208.0631136068,-1446212.4724192293
S2-44.6,product,[H]c1nc(N([H])c2c([H])c(N([H])C(=O)[C:91]([H])([H])[C:92]([H])([H])[S:93]C([H])([H])[H])c([H])c([H])c2OC([H])([H])[H])nc(N([H])c2c([H])c([H])c([H])c([H])c2C(=O)N([H])C([H])([H])[H])c1Cl,0,-0.13114482,-0.10421424,-145.87362583278883,-22.645262590012663,-0.032198325,-0.034054272,-0.0331263,5.9753656e-06,-0.0068281293,-0.003411077,-1446585.4541452634,5.890031363815069,-1446577.5041044988,-1446582.277238812
S2-44.7,reactant,[H]c1nc(N([H])c2c([H])c(N([H])C(=O)[C:91]([H])=[C:92]([H])[H])c([H])c([H])c2OC([H])([H])[H])nc(N([H])c2c([H])c([H])c([H])c([H])c2C(=O)N([H])C([H])([H])[H])c1Cl,0,-0.15742467,-0.28069824,-150.23866364393723,-20.744936733105824,0.044044018,0.035321638,0.039682828,-0.00452964,-0.011180475,-0.007855058,-1171212.5186464207,3.1299737840890884,-1171203.0626990842,-1171207.9060130515
S2-44.7,intermediate,[H]c1nc(N([H])c2c([H])c(N([H])C(=O)[C-:91]([H])[C:92]([H])([H])[S:93]C([H])([H])[H])c([H])c([H])c2OC([H])([H])[H])nc(N([H])c2c([H])c([H])c([H])c([H])c2C(=O)N([H])C([H])([H])[H])c1Cl,-1,-0.52083653,-0.11860129,-69.04456219647791,46.635805186861795,0.015512511,0.019828044,0.017670278,0.07072139,0.27879512,0.17475826,-1446214.2391406507,4.9646940771490335,-1446203.9746802251,-1446208.1597673525
S2-44.7,product,[H]c1nc(N([H])c2c([H])c(N([H])C(=O)[C:91]([H])([H])[C:92]([H])([H])[S:93]C([H])([H])[H])c([H])c([H])c2OC([H])([H])[H])nc(N([H])c2c([H])c([H])c([H])c([H])c2C(=O)N([H])C([H])([H])[H])c1Cl,0,-0.15161899,-0.11760682,-146.28764613270954,-22.32390026193847,-0.016548425,-0.016216397,-0.016382411,0.0064844936,0.0035543293,0.0050194114,-1446584.1174056546,3.3092549834400415,-1446574.8938217435,-1446579.0138860766
S2-44.8,reactant,[H]c1nc(N([H])c2c([H])c(N([H])C(=O)[C:91]([H])=[C:92]([H])[H])c([H])c([H])c2OC([H])([H])[H])nc(N([H])c2c([H])c([H])c([H])c([H])c2C(=O)N([H])C([H])([H])[H])c1Cl,0,-0.15519904,-0.27928674,-152.0868009972198,-18.438388640839417,0.027264774,0.023498744,0.025381759,0.00031128526,-0.004068464,-0.0018785894,-1171214.4478245669,2.4910448491573334,-1171202.541605221,-1171209.8679746268
S2-44.8,intermediate,[H]c1nc(N([H])c2c([H])c(N([H])C(=O)[C-:91]([H])[C:92]([H])([H])[S:93]C([H])([H])[H])c([H])c([H])c2OC([H])([H])[H])nc(N([H])c2c([H])c([H])c([H])c([H])c2C(=O)N([H])C([H])([H])[H])c1Cl,-1,-0.47522745,-0.12228792,-72.91572411771324,52.76648968352225,0.011792637,0.019235253,0.015513945,0.02137795,0.25299203,0.13718498,-1446226.6192768607,6.20507175847888,-1446212.7733860346,-1446218.1613728667
S2-44.8,product,[H]c1nc(N([H])c2c([H])c(N([H])C(=O)[C:91]([H])([H])[C:92]([H])([H])[S:93]C([H])([H])[H])c([H])c([H])c2OC([H])([H])[H])nc(N([H])c2c([H])c([H])c([H])c([H])c2C(=O)N([H])C([H])([H])[H])c1Cl,0,-0.15039036,-0.12408419,-143.64371939182865,-19.2664816110405,-0.022307001,-0.021337807,-0.021822404,0.0018599927,-0.000925079,0.00046745688,-1446584.2633772173,6.564799878746271,-1446574.2360651677,-1446579.4731958983
S2-44.9,reactant,[H]c1nc(N([H])c2c([H])c(N([H])C(=O)[C:91]([H])=[C:92]([H])[H])c([H])c([H])c2OC([H])([H])[H])nc(N([H])c2c([H])c([H])c([H])c([H])c2C(=O)N([H])C([H])([H])[H])c1Cl,0,-0.15452348,-0.28390214,-151.39576056013337,-23.46284984169669,0.027335972,0.02453053,0.02593325,-0.0069913566,-0.0075494647,-0.0072704107,-1171220.1592672449,5.630294237285852,-1171211.6520090213,-1171216.9663287888
S2-44.9,intermediate,[H]c1nc(N([H])c2c([H])c(N([H])C(=O)[C-:91]([H])[C:92]([H])([H])[S:93]C([H])([H])[H])c([H])c([H])c2OC([H])([H])[H])nc(N([H])c2c([H])c([H])c([H])c([H])c2C(=O)N([H])C([H])([H])[H])c1Cl,-1,-0.5041137,-0.11711756,-68.54620749138358,43.07611339110408,0.015518375,0.019194812,0.017356593,0.06794661,0.26145455,0.16470058,-1446212.4197694983,2.51531470566988,-1446201.6733701148,-1446207.15298965
S2-44.9,product,[H]c1nc(N([H])c2c([H])c(N([H])C(=O)[C:91]([H])([H])[C:92]([H])([H])[S:93]C([H])([H])[H])c([H])c([H])c2OC([H])([H])[H])nc(N([H])c2c([H])c([H])c([H])c([H])c2C(=O)N([H])C([H])([H])[H])c1Cl,0,-0.13196556,-0.10744701,-148.1608871303105,-17.15679636057429,-0.027935296,-0.027473152,-0.027704224,0.0026379079,-0.0017753094,0.0004312992,-1446587.72433891,4.694757452234626,-1446578.9548011676,-1446583.6976724502
S2-44.10,reactant,[H]c1nc(N([H])c2c([H])c(N([H])C(=O)[C:91]([H])=[C:92]([H])[H])c([H])c([H])c2OC([H])([H])[H])nc(N([H])c2c([H])c([H])c([H])c([H])c2C(=O)N([H])C([H])([H])[H])c1Cl,0,-0.15034789,-0.2671771,-156.11723886503398,-21.301380704310837,0.031905204,0.027791455,0.02984833,0.0018228143,-0.0036979616,-0.0009375736,-1171222.3279586087,3.099649975076318,-1171212.4247227672,-1171218.247341508
S2-44.10,intermediate,[H]c1nc(N([H])c2c([H])c(N([H])C(=O)[C-:91]([H])[C:92]([H])([H])[S:93]C([H])([H])[H])c([H])c([H])c2OC([H])([H])[H])nc(N([H])c2c([H])c([H])c([H])c([H])c2C(=O)N([H])C([H])([H])[H])c1Cl,-1,-0.5156166,-0.10662272,-69.41706455049811,43.343736740956864,0.005725257,0.015992858,0.010859057,0.058047116,0.2501478,0.15409745,-1446210.9124136495,4.547550002112985,-1446198.0612604108,-1446202.7240183495
S2-44.10,product,[H]c1nc(N([H])c2c([H])c(N([H])C(=O)[C:91]([H])([H])[C:92]([H])([H])[S:93]C([H])([H])[H])c([H])c([H])c2OC([H])([H])[H])nc(N([H])c2c([H])c([H])c([H])c([H])c2C(=O)N([H])C([H])([H])[H])c1Cl,0,-0.13041273,-0.10638456,-145.8408251801814,-19.96558227724247,-0.0352118,-0.036565915,-0.03588886,0.009344593,-0.0006868243,0.004328884,-1446578.0572030696,2.786049662157893,-1446567.4593802674,-1446573.378369397
S2-39.1,reactant,[H]c1nc(N([H])c2c([H])c(N([H])C(=O)/[C:91]([H])=[C:92](\[H])C([H])([H])N(C([H])([H])[H])C([H])([H])[H])c([H])c([H])c2OC([H])([H])[H])nc(-c2c([H])nc3c(C([H])([H])[H])c([H])c([H])c([H])n23)c1Cl,0,-0.14946836,-0.13885768,-150.276948758439,-31.58868547764075,0.0022251457,0.0030397028,0.0026324242,-0.012231573,-0.012345478,-0.012288526,-1232015.193377749,2.219484232366085,-1232004.3160360525,-1232011.338093583
S2-39.1,intermediate,[H]C1=C([H])n2c(nc([H])c2-c2nc(N([H])c3c([H])c(N([H])C(=O)[C-:91]([H])[C:92]([H])(C([H])([H])N(C([H])([H])[H])C([H])([H])[H])[S:93]C([H])([H])[H])c([H])c([H])c3OC([H])([H])[H])nc([H])c2Cl)C(C([H])([H])[H])=C1[H],-1,-0.4818063,-0.02026528,-68.91940102364664,38.50226593834217,0.010007985,0.010956796,0.01048239,0.03125009,0.18814397,0.10969703,-1507008.7374938743,4.084650048986077,-1506996.4227699658,-1507003.3008383724
S2-39.1,product,[H]c1nc(N([H])c2c([H])c(N([H])C(=O)[C:91]([H])([H])[C:92]([H])(C([H])([H])N(C([H])([H])[H])C([H])([H])[H])[S:93]C([H])([H])[H])c([H])c([H])c2OC([H])([H])[H])nc(-c2c([H])nc3c(C([H])([H])[H])c([H])c([H])c([H])n23)c1Cl,0,-0.12934986,-0.04573403,-143.7309157452195,-28.237009324359697,-0.037286352,-0.037140224,-0.03721329,0.0022569,0.00045982003,0.00135836,-1507377.6024378485,2.5035626366734505,-1507366.1209313131,-1507373.2419816477
S2-39.2,reactant,[H]c1nc(N([H])c2c([H])c(N([H])C(=O)/[C:91]([H])=[C:92](\[H])C([H])([H])N(C([H])([H])[H])C([H])([H])[H])c([H])c([H])c2OC([H])([H])[H])nc(-c2c([H])nc3c(C([H])([H])[H])c([H])c([H])c([H])n23)c1Cl,0,-0.1561991,-0.12324214,-148.27480009643963,-27.240126896494797,0.022032902,0.022944003,0.022488452,-0.014827818,-0.017817885,-0.016322851,-1232012.8505023753,1.8561451602727175,-1232002.3558010547,-1232009.7144866087
S2-39.2,intermediate,[H]C1=C([H])n2c(nc([H])c2-c2nc(N([H])c3c([H])c(N([H])C(=O)[C-:91]([H])[C:92]([H])(C([H])([H])N(C([H])([H])[H])C([H])([H])[H])[S:93]C([H])([H])[H])c([H])c([H])c3OC([H])([H])[H])nc([H])c2Cl)C(C([H])([H])[H])=C1[H],-1,-0.5171263,-0.044873565,-68.95414010541121,35.104032284296686,0.003357131,0.010021225,0.006689178,0.06662476,0.22368732,0.14515604,-1507009.563483525,2.9614782445132732,-1506995.6144767785,-1507002.320929653
S2-39.2,product,[H]c1nc(N([H])c2c([H])c(N([H])C(=O)[C:91]([H])([H])[C:92]([H])(C([H])([H])N(C([H])([H])[H])C([H])([H])[H])[S:93]C([H])([H])[H])c([H])c([H])c2OC([H])([H])[H])nc(-c2c([H])nc3c(C([H])([H])[H])c([H])c([H])c([H])n23)c1Cl,0,-0.1438263,-0.071618,-145.40120755675662,-28.56089859313668,-0.029930823,-0.028291106,-0.029110964,-0.00046287477,-0.001808688,-0.0011357814,-1507380.3945149109,7.622429551556706,-1507366.8536640136,-1507373.2406067725
S2-39.3,reactant,[H]c1nc(N([H])c2c([H])c(N([H])C(=O)/[C:91]([H])=[C:92](\[H])C([H])([H])N(C([H])([H])[H])C([H])([H])[H])c([H])c([H])c2OC([H])([H])[H])nc(-c2c([H])nc3c(C([H])([H])[H])c([H])c([H])c([H])n23)c1Cl,0,-0.15042815,-0.13908413,-147.85906226020091,-30.027452403270047,0.002715543,0.0030991137,0.0029073283,-0.011517301,-0.011909679,-0.01171349,-1232011.2772507626,1.9356423858553171,-1231999.1497591285,-1232007.7782669752
S2-39.3,intermediate,[H]C1=C([H])n2c(nc([H])c2-c2nc(N([H])c3c([H])c(N([H])C(=O)[C-:91]([H])[C:92]([H])(C([H])([H])N(C([H])([H])[H])C([H])([H])[H])[S:93]C([H])([H])[H])c([H])c([H])c3OC([H])([H])[H])nc([H])c2Cl)C(C([H])([H])[H])=C1[H],-1,-0.47289765,-0.014587145,-67.00960667071082,35.577465719254896,0.006485272,0.0047556665,0.0056204693,0.06144792,0.20900363,0.13522577,-1507013.313050818,7.547665983438492,-1506999.1017447156,-1507004.8457834139
S2-39.3,product,[H]c1nc(N([H])c2c([H])c(N([H])C(=O)[C:91]([H])([H])[C:92]([H])(C([H])([H])N(C([H])([H])[H])C([H])([H])[H])[S:93]C([H])([H])[H])c([H])c([H])c2OC([H])([H])[H])nc(-c2c([H])nc3c(C([H])([H])[H])c([H])c([H])c([H])n23)c1Cl,0,-0.14510193,-0.042926,-142.24230850955803,-26.22938177235558,-0.029206624,-0.032102212,-0.03065442,-5.0872564e-05,-0.0020804107,-0.0010656416,-1507377.6645912826,2.440568370744586,-1507366.4609852936,-1507372.2137465575
S2-39.4,reactant,[H]c1nc(N([H])c2c([H])c(N([H])C(=O)/[C:91]([H])=[C:92](\[H])C([H])([H])N(C([H])([H])[H])C([H])([H])[H])c([H])c([H])c2OC([H])([H])[H])nc(-c2c([H])nc3c(C([H])([H])[H])c([H])c([H])c([H])n23)c1Cl,0,-0.15953462,-0.10855312,-150.03207071891066,-31.654588601149797,-0.0056873187,-0.006308086,-0.0059977025,0.00817056,-0.00068306923,0.0037437454,-1232015.629852671,2.2152471654117107,-1232005.7791083015,-1232011.5139963902
S2-39.4,intermediate,[H]C1=C([H])n2c(nc([H])c2-c2nc(N([H])c3c([H])c(N([H])C(=O)[C-:91]([H])[C:92]([H])(C([H])([H])N(C([H])([H])[H])C([H])([H])[H])[S:93]C([H])([H])[H])c([H])c([H])c3OC([H])([H])[H])nc([H])c2Cl)C(C([H])([H])[H])=C1[H],-1,-0.49499598,-0.01619372,-66.6343835895662,35.830643432002816,0.016367042,0.014473104,0.015420073,0.046798974,0.20755398,0.12717648,-1507009.5225181386,3.124048510566354,-1506998.0664667534,-1507003.2681384361
S2-39.4,product,[H]c1nc(N([H])c2c([H])c(N([H])C(=O)[C:91]([H])([H])[C:92]([H])(C([H])([H])N(C([H])([H])[H])C([H])([H])[H])[S:93]C([H])([H])[H])c([H])c([H])c2OC([H])([H])[H])nc(-c2c([H])nc3c(C([H])([H])[H])c([H])c([H])c([H])n23)c1Cl,0,-0.13768807,-0.045630045,-145.14546415914256,-29.02715943331186,-0.023243768,-0.025350563,-0.024297167,0.0033916086,0.0015319884,0.0024617985,-1507380.6180485846,5.4612924344837666,-1507368.2246628162,-1507375.5377048843
S2-39.5,reactant,[H]c1nc(N([H])c2c([H])c(N([H])C(=O)/[C:91]([H])=[C:92](\[H])C([H])([H])N(C([H])([H])[H])C([H])([H])[H])c([H])c([H])c2OC([H])([H])[H])nc(-c2c([H])nc3c(C([H])([H])[H])c([H])c([H])c([H])n23)c1Cl,0,-0.1788328,-0.08550457,-146.04050896946046,-29.697498177104208,0.017379582,0.012960479,0.01517003,0.004153669,-0.0059868395,-0.0009165853,-1232011.997612396,2.4127267114818096,-1232003.1461550372,-1232008.911944831
S2-39.5,intermediate,[H]C1=C([H])n2c(nc([H])c2-c2nc(N([H])c3c([H])c(N([H])C(=O)[C-:91]([H])[C:92]([H])(C([H])([H])N(C([H])([H])[H])C([H])([H])[H])[S:93]C([H])([H])[H])c([H])c([H])c3OC([H])([H])[H])nc([H])c2Cl)C(C([H])([H])[H])=C1[H],-1,-0.15189674,-0.11065728,-81.54182006278754,27.640233085331715,-0.0052514076,-0.0015892163,-0.003420312,0.006139636,-0.0046911985,0.0007242188,-1507022.655446701,4.361933700740337,-1507008.8387177405,-1507014.461142298
S2-39.5,product,[H]c1nc(N([H])c2c([H])c(N([H])C(=O)[C:91]([H])([H])[C:92]([H])(C([H])([H])N(C([H])([H])[H])C([H])([H])[H])[S:93]C([H])([H])[H])c([H])c([H])c2OC([H])([H])[H])nc(-c2c([H])nc3c(C([H])([H])[H])c([H])c([H])c([H])n23)c1Cl,0,-0.12610413,-0.030223403,-143.8801009198277,-26.822136272026228,-0.024395814,-0.027671453,-0.026033632,0.0022408813,-0.00020387769,0.0010185018,-1507375.6850651077,3.709897981956601,-1507363.3989019224,-1507369.4134691942
S2-39.6,reactant,[H]c1nc(N([H])c2c([H])c(N([H])C(=O)/[C:91]([H])=[C:92](\[H])C([H])([H])N(C([H])([H])[H])C([H])([H])[H])c([H])c([H])c2OC([H])([H])[H])nc(-c2c([H])nc3c(C([H])([H])[H])c([H])c([H])c([H])n23)c1Cl,0,-0.14984955,-0.13914493,-147.92273187494303,-30.002963344350086,0.0024092793,0.00283584,0.0026225597,-0.011418119,-0.011871651,-0.011644885,-1232011.2746057904,2.0467756651341915,-1232001.2571237597,-1232007.5619597386
S2-39.6,intermediate,[H]C1=C([H])n2c(nc([H])c2-c2nc(N([H])c3c([H])c(N([H])C(=O)[C-:91]([H])[C:92]([H])(C([H])([H])N(C([H])([H])[H])C([H])([H])[H])[S:93]C([H])([H])[H])c([H])c([H])c3OC([H])([H])[H])nc([H])c2Cl)C(C([H])([H])[H])=C1[H],-1,-0.170742,-0.09720863,-79.93520430014249,34.800611662953166,-0.0021768883,-0.0032667592,-0.0027218238,0.024683088,0.010464624,0.017573856,-1507030.9240803975,7.0335449334234,-1507013.3537151087,-1507018.5830911533
S2-39.6,product,[H]c1nc(N([H])c2c([H])c(N([H])C(=O)[C:91]([H])([H])[C:92]([H])(C([H])([H])N(C([H])([H])[H])C([H])([H])[H])[S:93]C([H])([H])[H])c([H])c([H])c2OC([H])([H])[H])nc(-c2c([H])nc3c(C([H])([H])[H])c([H])c([H])c([H])n23)c1Cl,0,-0.14092389,-0.06911098,-145.3662391624049,-28.90669103786762,-0.033594605,-0.03080234,-0.032198474,-0.0011284202,-0.0026053637,-0.001866892,-1507379.1411353124,2.576347230002284,-1507367.3337404092,-1507374.4395739506
S2-39.7,reactant,[H]c1nc(N([H])c2c([H])c(N([H])C(=O)/[C:91]([H])=[C:92](\[H])C([H])([H])N(C([H])([H])[H])C([H])([H])[H])c([H])c([H])c2OC([H])([H])[H])nc(-c2c([H])nc3c(C([H])([H])[H])c([H])c([H])c([H])n23)c1Cl,0,-0.17908268,-0.10100413,-153.48177998612266,-26.29270556080853,-0.023020409,-0.016484149,-0.019752279,0.0030739903,0.0023012608,0.0026876256,-1232018.9280006422,6.350224398076534,-1232008.1828196966,-1232014.653273543
S2-39.7,intermediate,[H]C1=C([H])n2c(nc([H])c2-c2nc(N([H])c3c([H])c(N([H])C(=O)[C-:91]([H])[C:92]([H])(C([H])([H])N(C([H])([H])[H])C([H])([H])[H])[S:93]C([H])([H])[H])c([H])c([H])c3OC([H])([H])[H])nc([H])c2Cl)C(C([H])([H])[H])=C1[H],-1,-0.48523724,-0.032863896,-66.54153281637888,38.795964157606484,0.008729935,0.010463154,0.009596544,0.0618304,0.21072388,0.13627714,-1507011.0892209946,4.138510072603822,-1506999.6903507113,-1507004.6176339344
S2-39.7,product,[H]c1nc(N([H])c2c([H])c(N([H])C(=O)[C:91]([H])([H])[C:92]([H])(C([H])([H])N(C([H])([H])[H])C([H])([H])[H])[S:93]C([H])([H])[H])c([H])c([H])c2OC([H])([H])[H])nc(-c2c([H])nc3c(C([H])([H])[H])c([H])c([H])c([H])n23)c1Cl,0,-0.14421652,-0.06083888,-144.09452534612234,-28.23620423177988,-0.020393979,-0.02120924,-0.02080161,0.008087873,0.006960869,0.007524371,-1507382.6067142044,3.788203591480851,-1507370.2319539324,-1507377.2074176248
S2-39.8,reactant,[H]c1nc(N([H])c2c([H])c(N([H])C(=O)/[C:91]([H])=[C:92](\[H])C([H])([H])N(C([H])([H])[H])C([H])([H])[H])c([H])c([H])c2OC([H])([H])[H])nc(-c2c([H])nc3c(C([H])([H])[H])c([H])c([H])c([H])n23)c1Cl,0,-0.15658672,-0.10076354,-147.68184160684964,-24.207694162773542,-0.017933667,-0.015531912,-0.01673279,0.020687938,0.0026335865,0.011660762,-1232010.3722131825,3.1065135188400745,-1232000.3375331014,-1232006.1307909188
S2-39.8,intermediate,[H]C1=C([H])n2c(nc([H])c2-c2nc(N([H])c3c([H])c(N([H])C(=O)[C-:91]([H])[C:92]([H])(C([H])([H])N(C([H])([H])[H])C([H])([H])[H])[S:93]C([H])([H])[H])c([H])c([H])c3OC([H])([H])[H])nc([H])c2Cl)C(C([H])([H])[H])=C1[H],-1,-0.1488593,-0.10452017,-84.17246282635381,20.337589060943305,-0.000694789,0.0015173554,0.00041128322,0.007386297,-0.0041569173,0.0016146898,-1507018.495660327,3.6211201939731836,-1506999.9838116765,-1507008.019217333
S2-39.8,product,[H]c1nc(N([H])c2c([H])c(N([H])C(=O)[C:91]([H])([H])[C:92]([H])(C([H])([H])N(C([H])([H])[H])C([H])([H])[H])[S:93]C([H])([H])[H])c([H])c([H])c2OC([H])([H])[H])nc(-c2c([H])nc3c(C([H])([H])[H])c([H])c([H])c([H])n23)c1Cl,0,-0.1362956,-0.050995696,-144.44422810936473,-28.162313933024276,-0.03967242,-0.04012489,-0.039898656,0.002240166,0.00011572242,0.0011779442,-1507378.264040566,3.667465638369322,-1507365.7154462403,-1507372.332283812
S2-39.9,reactant,[H]c1nc(N([H])c2c([H])c(N([H])C(=O)/[C:91]([H])=[C:92](\[H])C([H])([H])N(C([H])([H])[H])C([H])([H])[H])c([H])c([H])c2OC([H])([H])[H])nc(-c2c([H])nc3c(C([H])([H])[H])c([H])c([H])c([H])n23)c1Cl,0,-0.15358806,-0.10887394,-149.33722669466388,-30.34124310315576,-0.0098666325,-0.008377977,-0.009122305,0.013281971,-0.00028130412,0.0065003335,-1232012.778076846,2.1428724229335785,-1232002.2846243894,-1232008.689013535
S2-39.9,intermediate,[H]C1=C([H])n2c(nc([H])c2-c2nc(N([H])c3c([H])c(N([H])C(=O)[C-:91]([H])[C:92]([H])(C([H])([H])N(C([H])([H])[H])C([H])([H])[H])[S:93]C([H])([H])[H])c([H])c([H])c3OC([H])([H])[H])nc([H])c2Cl)C(C([H])([H])[H])=C1[H],-1,-0.18145639,-0.1060201,-78.89074055424518,29.461107279847266,-0.009170361,-0.008424073,-0.008797217,0.020484626,0.008582398,0.014533512,-1507021.037396944,5.62575931660831,-1507005.2681947965,-1507010.9761671913
S2-39.9,product,[H]c1nc(N([H])c2c([H])c(N([H])C(=O)[C:91]([H])([H])[C:92]([H])(C([H])([H])N(C([H])([H])[H])C([H])([H])[H])[S:93]C([H])([H])[H])c([H])c([H])c2OC([H])([H])[H])nc(-c2c([H])nc3c(C([H])([H])[H])c([H])c([H])c([H])n23)c1Cl,0,-0.13305305,-0.065841235,-142.3752872500742,-24.12442039685682,-0.02423688,-0.023787007,-0.024011943,0.00614202,0.0025009215,0.004321471,-1507375.4777557359,3.3881197292357683,-1507365.1808810679,-1507370.1769572496
S2-39.10,reactant,[H]c1nc(N([H])c2c([H])c(N([H])C(=O)/[C:91]([H])=[C:92](\[H])C([H])([H])N(C([H])([H])[H])C([H])([H])[H])c([H])c([H])c2OC([H])([H])[H])nc(-c2c([H])nc3c(C([H])([H])[H])c([H])c([H])c([H])n23)c1Cl,0,-0.152744,-0.13803175,-146.30574827086747,-27.396242543724593,0.0076737255,0.0054312944,0.00655251,-0.011520222,-0.011556357,-0.0115382895,-1232009.5062427379,3.6126839760690928,-1231998.175574814,-1232005.3830315329
S2-39.10,intermediate,[H]C1=C([H])n2c(nc([H])c2-c2nc(N([H])c3c([H])c(N([H])C(=O)[C-:91]([H])[C:92]([H])(C([H])([H])N(C([H])([H])[H])C([H])([H])[H])[S:93]C([H])([H])[H])c([H])c([H])c3OC([H])([H])[H])nc([H])c2Cl)C(C([H])([H])[H])=C1[H],-1,-0.4116928,-0.061938375,-66.87164733068138,37.1442611492214,0.0060877874,0.011762563,0.008925175,0.03944549,0.16568333,0.10256441,-1507009.7398003563,4.16086065582931,-1506997.051337141,-1507003.7629898407
S2-39.10,product,[H]c1nc(N([H])c2c([H])c(N([H])C(=O)[C:91]([H])([H])[C:92]([H])(C([H])([H])N(C([H])([H])[H])C([H])([H])[H])[S:93]C([H])([H])[H])c([H])c([H])c2OC([H])([H])[H])nc(-c2c([H])nc3c(C([H])([H])[H])c([H])c([H])c([H])n23)c1Cl,0,-0.14558771,-0.03992401,-146.35572416098202,-30.57748905443585,-0.039322406,-0.039316855,-0.03931963,0.005861059,0.0036771,0.0047690794,-1507381.2056343558,3.0091042146086693,-1507369.180421886,-1507376.4522781754
S2-40.1,reactant,[H]c1nc(N([H])c2c([H])c(N([H])C(=O)/[C:91]([H])=[C:92](\[H])C([H])([H])N(C([H])([H])[H])C([H])([H])[H])c([H])c([H])c2OC([H])([H])[H])nc(-c2c([H])nn3c([H])c([H])c([H])c([H])c23)c1C#N,0,-0.15782195,-0.11041596,-156.35748015631074,-37.89028847853997,-0.007660456,-0.006143652,-0.006902054,0.005614206,-0.0010590851,0.0022775605,-976803.4373411258,1.9745280742645264,-976792.5718599095,-976799.311411266
S2-40.1,intermediate,[H]C1=C([H])c2c(-c3nc(N([H])c4c([H])c(N([H])C(=O)[C-:91]([H])[C:92]([H])(C([H])([H])N(C([H])([H])[H])C([H])([H])[H])[S:93]C([H])([H])[H])c([H])c([H])c4OC([H])([H])[H])nc([H])c3C#N)c([H])nn2C([H])=C1[H],-1,-0.4572373,-0.014628225,-74.02998627790514,29.57567275270792,-0.010782134,-0.004912342,-0.007847238,0.033610106,0.17588282,0.10474646,-1251803.1888636278,6.182109124958515,-1251787.9153697288,-1251794.2537998166
S2-40.1,product,[H]c1nc(N([H])c2c([H])c(N([H])C(=O)[C:91]([H])([H])[C:92]([H])(C([H])([H])N(C([H])([H])[H])C([H])([H])[H])[S:93]C([H])([H])[H])c([H])c([H])c2OC([H])([H])[H])nc(-c2c([H])nn3c([H])c([H])c([H])c([H])c23)c1C#N,0,-0.1374127,-0.036163975,-150.00920993231477,-32.496149719517064,-0.038952418,-0.039121743,-0.03903708,0.003860727,0.00066937506,0.002265051,-1252165.1643172773,5.533503128215671,-1252155.346267269,-1252160.4318765502
S2-40.2,reactant,[H]c1nc(N([H])c2c([H])c(N([H])C(=O)/[C:91]([H])=[C:92](\[H])C([H])([H])N(C([H])([H])[H])C([H])([H])[H])c([H])c([H])c2OC([H])([H])[H])nc(-c2c([H])nn3c([H])c([H])c([H])c([H])c23)c1C#N,0,-0.1720769,-0.095246814,-160.4557479385419,-33.7169291202653,-0.007397227,-0.0017180964,-0.0045576617,-0.0076662004,-0.010818943,-0.009242572,-976806.7060003816,4.883031368255615,-976793.7770241156,-976800.7530070615
S2-40.2,intermediate,[H]C1=C([H])c2c(-c3nc(N([H])c4c([H])c(N([H])C(=O)[C-:91]([H])[C:92]([H])(C([H])([H])N(C([H])([H])[H])C([H])([H])[H])[S:93]C([H])([H])[H])c([H])c([H])c4OC([H])([H])[H])nc([H])c3C#N)c([H])nn2C([H])=C1[H],-1,-0.45276505,-0.047341518,-72.94885231665747,30.43386810659045,0.012488488,0.012443539,0.012466013,0.07727212,0.21388954,0.14558083,-1251803.8338064004,3.2279155422002077,-1251792.3638246604,-1251796.2094415564
S2-40.2,product,[H]c1nc(N([H])c2c([H])c(N([H])C(=O)[C:91]([H])([H])[C:92]([H])(C([H])([H])N(C([H])([H])[H])C([H])([H])[H])[S:93]C([H])([H])[H])c([H])c([H])c2OC([H])([H])[H])nc(-c2c([H])nn3c([H])c([H])c([H])c([H])c23)c1C#N,0,-0.14832106,-0.05244075,-152.92489635057763,-36.74376219703273,-0.031065302,-0.030194264,-0.030629784,0.0020269454,-0.000268057,0.0008794442,-1252165.5932015984,3.1092630364000797,-1252155.6911814772,-1252160.8823510737
S2-40.3,reactant,[H]c1nc(N([H])c2c([H])c(N([H])C(=O)/[C:91]([H])=[C:92](\[H])C([H])([H])N(C([H])([H])[H])C([H])([H])[H])c([H])c([H])c2OC([H])([H])[H])nc(-c2c([H])nn3c([H])c([H])c([H])c([H])c23)c1C#N,0,-0.18340215,-0.08734365,-153.19452272494956,-34.632326722209726,-0.00047839433,0.0019677132,0.00074465945,0.01145865,-0.0014959723,0.004981339,-976801.7788808809,3.5390123445540667,-976790.9480917793,-976797.509290929
S2-40.3,intermediate,[H]C1=C([H])c2c(-c3nc(N([H])c4c([H])c(N([H])C(=O)[C-:91]([H])[C:92]([H])(C([H])([H])N(C([H])([H])[H])C([H])([H])[H])[S:93]C([H])([H])[H])c([H])c([H])c4OC([H])([H])[H])nc([H])c3C#N)c([H])nn2C([H])=C1[H],-1,-0.39389208,-0.047840342,-73.58373489018247,40.92759852476665,-0.008608926,0.0024364404,-0.0030862428,0.009961039,0.13261542,0.07128823,-1251807.1957744039,7.499772084876895,-1251792.8078227025,-1251798.6660346424
S2-40.3,product,[H]c1nc(N([H])c2c([H])c(N([H])C(=O)[C:91]([H])([H])[C:92]([H])(C([H])([H])N(C([H])([H])[H])C([H])([H])[H])[S:93]C([H])([H])[H])c([H])c([H])c2OC([H])([H])[H])nc(-c2c([H])nn3c([H])c([H])c([H])c([H])c23)c1C#N,0,-0.13601966,-0.06965477,-150.1565520720464,-32.84357762660504,-0.023771968,-0.021149464,-0.022460716,-0.0013408363,-0.0011758357,-0.001258336,-1252172.3103490085,2.9382133167237043,-1252159.8323053443,-1252166.885530709
S2-40.4,reactant,[H]c1nc(N([H])c2c([H])c(N([H])C(=O)/[C:91]([H])=[C:92](\[H])C([H])([H])N(C([H])([H])[H])C([H])([H])[H])c([H])c([H])c2OC([H])([H])[H])nc(-c2c([H])nn3c([H])c([H])c([H])c([H])c23)c1C#N,0,-0.17609838,-0.08733928,-154.69397112674932,-37.87812959423159,-0.0011942089,0.0018976331,0.0003517121,0.010145694,-0.0031157285,0.0035149828,-976803.8210531868,1.7121492382138968,-976794.6070252602,-976800.3513142479
S2-40.4,intermediate,[H]C1=C([H])c2c(-c3nc(N([H])c4c([H])c(N([H])C(=O)[C-:91]([H])[C:92]([H])(C([H])([H])N(C([H])([H])[H])C([H])([H])[H])[S:93]C([H])([H])[H])c([H])c([H])c4OC([H])([H])[H])nc([H])c3C#N)c([H])nn2C([H])=C1[H],-1,-0.45491305,-0.022478815,-74.03958677107305,28.718999879912154,-0.010434835,-0.0039986894,-0.0072167623,0.027121484,0.15808016,0.09260082,-1251805.84174775,4.253497431054711,-1251791.0293149638,-1251798.0915754144
S2-40.4,product,[H]c1nc(N([H])c2c([H])c(N([H])C(=O)[C:91]([H])([H])[C:92]([H])(C([H])([H])N(C([H])([H])[H])C([H])([H])[H])[S:93]C([H])([H])[H])c([H])c([H])c2OC([H])([H])[H])nc(-c2c([H])nn3c([H])c([H])c([H])c([H])c23)c1C#N,0,-0.1417644,-0.046696562,-152.12152937195617,-36.99950114173246,-0.030128187,-0.03142078,-0.030774482,-0.0018737018,-0.0037725866,-0.0028231442,-1252170.7161916355,6.603679059073329,-1252157.2482577672,-1252163.6113885709
S2-40.5,reactant,[H]c1nc(N([H])c2c([H])c(N([H])C(=O)/[C:91]([H])=[C:92](\[H])C([H])([H])N(C([H])([H])[H])C([H])([H])[H])c([H])c([H])c2OC([H])([H])[H])nc(-c2c([H])nn3c([H])c([H])c([H])c([H])c23)c1C#N,0,-0.15774517,-0.11040407,-157.14879772949635,-38.747925789589445,-0.017225258,-0.011860371,-0.014542814,0.01280117,0.0014500469,0.0071256086,-976802.5861590534,2.0325413588434458,-976794.077397798,-976798.6392108835
S2-40.5,intermediate,[H]C1=C([H])c2c(-c3nc(N([H])c4c([H])c(N([H])C(=O)[C-:91]([H])[C:92]([H])(C([H])([H])N(C([H])([H])[H])C([H])([H])[H])[S:93]C([H])([H])[H])c([H])c([H])c4OC([H])([H])[H])nc([H])c3C#N)c([H])nn2C([H])=C1[H],-1,-0.4653805,-0.048407674,-71.4742158284384,30.85394099074124,0.0038873851,0.008195382,0.0060413834,0.053784132,0.19128287,0.1225335,-1251801.5663858748,3.852404473349452,-1251788.8691667248,-1251795.8472426033
S2-40.5,product,[H]c1nc(N([H])c2c([H])c(N([H])C(=O)[C:91]([H])([H])[C:92]([H])(C([H])([H])N(C([H])([H])[H])C([H])([H])[H])[S:93]C([H])([H])[H])c([H])c([H])c2OC([H])([H])[H])nc(-c2c([H])nn3c([H])c([H])c([H])c([H])c23)c1C#N,0,-0.14027421,-0.052133843,-152.2747744565871,-35.94020151303103,-0.040261038,-0.038296826,-0.039278932,0.0051321834,0.0021466017,0.0036393926,-1252169.7905126228,2.6631089244037867,-1252159.7057791476,-1252165.5677495815
S2-40.6,reactant,[H]c1nc(N([H])c2c([H])c(N([H])C(=O)/[C:91]([H])=[C:92](\[H])C([H])([H])N(C([H])([H])[H])C([H])([H])[H])c([H])c([H])c2OC([H])([H])[H])nc(-c2c([H])nn3c([H])c([H])c([H])c([H])c23)c1C#N,0,-0.17947905,-0.08451172,-154.54817768138872,-37.439091844480586,-0.002715692,0.00025510788,-0.001230292,0.008165568,-0.0038095117,0.0021780282,-976803.6755385732,1.73142459243536,-976795.1181562904,-976800.1910491012
S2-40.6,intermediate,[H]C1=C([H])c2c(-c3nc(N([H])c4c([H])c(N([H])C(=O)[C-:91]([H])[C:92]([H])(C([H])([H])N(C([H])([H])[H])C([H])([H])[H])[S:93]C([H])([H])[H])c([H])c([H])c4OC([H])([H])[H])nc([H])c3C#N)c([H])nn2C([H])=C1[H],-1,-0.46224397,-0.017182944,-73.07465431585638,30.586163945796557,-0.010291593,-0.003660787,-0.00697619,0.03139302,0.16134429,0.096368656,-1251802.6016778096,4.218028012663126,-1251790.4218040737,-1251794.7857538445
S2-40.6,product,[H]c1nc(N([H])c2c([H])c(N([H])C(=O)[C:91]([H])([H])[C:92]([H])(C([H])([H])N(C([H])([H])[H])C([H])([H])[H])[S:93]C([H])([H])[H])c([H])c([H])c2OC([H])([H])[H])nc(-c2c([H])nn3c([H])c([H])c([H])c([H])c23)c1C#N,0,-0.13774489,-0.05570524,-150.8457370373382,-35.10274648620168,-0.02582775,-0.025411412,-0.025619581,0.007756442,0.0060881525,0.006922297,-1252166.2972600497,1.9954651221632957,-1252155.7134823173,-1252161.3569116048
S2-40.7,reactant,[H]c1nc(N([H])c2c([H])c(N([H])C(=O)/[C:91]([H])=[C:92](\[H])C([H])([H])N(C([H])([H])[H])C([H])([H])[H])c([H])c([H])c2OC([H])([H])[H])nc(-c2c([H])nn3c([H])c([H])c([H])c([H])c23)c1C#N,0,-0.15807371,-0.12713942,-161.02020428534416,-34.04122850817247,-0.0019504428,0.0015612394,-0.00019460171,-0.016182497,-0.011188284,-0.01368539,-976806.1829515835,3.125057879835367,-976796.2249695477,-976800.3469343612
S2-40.7,intermediate,[H]C1=C([H])c2c(-c3nc(N([H])c4c([H])c(N([H])C(=O)[C-:91]([H])[C:92]([H])(C([H])([H])N(C([H])([H])[H])C([H])([H])[H])[S:93]C([H])([H])[H])c([H])c([H])c4OC([H])([H])[H])nc([H])c3C#N)c([H])nn2C([H])=C1[H],-1,-0.51943475,-0.041183516,-74.07830805422861,28.35734248352596,0.0017964393,0.0066385083,0.004217474,0.06699735,0.21742508,0.14221121,-1251803.457216128,3.2182281278073788,-1251789.4953552047,-1251795.0442433876
S2-40.7,product,[H]c1nc(N([H])c2c([H])c(N([H])C(=O)[C:91]([H])([H])[C:92]([H])(C([H])([H])N(C([H])([H])[H])C([H])([H])[H])[S:93]C([H])([H])[H])c([H])c([H])c2OC([H])([H])[H])nc(-c2c([H])nn3c([H])c([H])c([H])c([H])c23)c1C#N,0,-0.137613,-0.04060971,-151.04205823384896,-33.85481405489687,-0.03564632,-0.03567283,-0.035659574,0.003923431,0.0013628602,0.0026431456,-1252169.3240739654,3.2699764035642147,-1252159.407283405,-1252165.0636559348
S2-40.8,reactant,[H]c1nc(N([H])c2c([H])c(N([H])C(=O)/[C:91]([H])=[C:92](\[H])C([H])([H])N(C([H])([H])[H])C([H])([H])[H])c([H])c([H])c2OC([H])([H])[H])nc(-c2c([H])nn3c([H])c([H])c([H])c([H])c23)c1C#N,0,-0.15296632,-0.11050211,-156.0172354725094,-37.94278265521005,-0.005900152,-0.0062988177,-0.006099485,0.00416629,-0.0029673725,0.0005994588,-976803.268825217,2.254861945286393,-976794.2546093003,-976799.298774969
S2-40.8,intermediate,[H]C1=C([H])c2c(-c3nc(N([H])c4c([H])c(N([H])C(=O)[C-:91]([H])[C:92]([H])(C([H])([H])N(C([H])([H])[H])C([H])([H])[H])[S:93]C([H])([H])[H])c([H])c([H])c4OC([H])([H])[H])nc([H])c3C#N)c([H])nn2C([H])=C1[H],-1,-0.44059804,-0.0466343,-72.77050218500403,27.798389584452725,-0.0034534633,0.0029033348,-0.00027506426,0.04081604,0.17744416,0.1091301,-1251801.0594041632,6.198250241577625,-1251787.2891606132,-1251792.6635639735
S2-40.8,product,[H]c1nc(N([H])c2c([H])c(N([H])C(=O)[C:91]([H])([H])[C:92]([H])(C([H])([H])N(C([H])([H])[H])C([H])([H])[H])[S:93]C([H])([H])[H])c([H])c([H])c2OC([H])([H])[H])nc(-c2c([H])nn3c([H])c([H])c([H])c([H])c23)c1C#N,0,-0.13739584,-0.056564666,-150.6851672319817,-35.149073891817714,-0.026608137,-0.02601672,-0.02631243,0.007708341,0.006009087,0.006858714,-1252166.259288418,2.1832495722919703,-1252154.5063571124,-1252161.5020472747
S2-40.9,reactant,[H]c1nc(N([H])c2c([H])c(N([H])C(=O)/[C:91]([H])=[C:92](\[H])C([H])([H])N(C([H])([H])[H])C([H])([H])[H])c([H])c([H])c2OC([H])([H])[H])nc(-c2c([H])nn3c([H])c([H])c([H])c([H])c23)c1C#N,0,-0.15937461,-0.12205254,-155.23569519679782,-36.72367729000666,0.02103556,0.023708642,0.0223721,-0.017235354,-0.017346084,-0.017290719,-976804.0903657262,1.8937217555940151,-976794.3515377198,-976800.6157982121
S2-40.9,intermediate,[H]C1=C([H])c2c(-c3nc(N([H])c4c([H])c(N([H])C(=O)[C-:91]([H])[C:92]([H])(C([H])([H])N(C([H])([H])[H])C([H])([H])[H])[S:93]C([H])([H])[H])c([H])c([H])c4OC([H])([H])[H])nc([H])c3C#N)c([H])nn2C([H])=C1[H],-1,-0.47940597,-0.021759557,-73.86200827398348,27.218259150731885,0.006611498,0.0064411815,0.00652634,0.042872816,0.18020931,0.11154106,-1251807.5171329922,2.9498904272913933,-1251795.9796567557,-1251801.5727776424
S2-40.9,product,[H]c1nc(N([H])c2c([H])c(N([H])C(=O)[C:91]([H])([H])[C:92]([H])(C([H])([H])N(C([H])([H])[H])C([H])([H])[H])[S:93]C([H])([H])[H])c([H])c([H])c2OC([H])([H])[H])nc(-c2c([H])nn3c([H])c([H])c([H])c([H])c23)c1C#N,0,-0.1297176,-0.06635023,-149.86560129235878,-31.680654462550063,-0.026042532,-0.024397247,-0.02521989,0.0037492663,0.00084783137,0.0022985488,-1252166.855477759,3.92533490434289,-1252155.7858199803,-1252161.9406700272
S2-40.10,reactant,[H]c1nc(N([H])c2c([H])c(N([H])C(=O)/[C:91]([H])=[C:92](\[H])C([H])([H])N(C([H])([H])[H])C([H])([H])[H])c([H])c([H])c2OC([H])([H])[H])nc(-c2c([H])nn3c([H])c([H])c([H])c([H])c23)c1C#N,0,-0.15634198,-0.12794717,-160.78185901541963,-35.14571291366921,-0.011129588,-0.006473765,-0.008801676,-0.012073785,-0.008301258,-0.010187522,-976804.7687366185,2.7697647009044886,-976795.0013159994,-976800.4728757341
S2-40.10,intermediate,[H]C1=C([H])c2c(-c3nc(N([H])c4c([H])c(N([H])C(=O)[C-:91]([H])[C:92]([H])(C([H])([H])N(C([H])([H])[H])C([H])([H])[H])[S:93]C([H])([H])[H])c([H])c([H])c4OC([H])([H])[H])nc([H])c3C#N)c([H])nn2C([H])=C1[H],-1,-0.16407886,-0.113851,-87.54897237958843,13.440405582455439,-0.0040875003,-0.0018901527,-0.0029888265,0.021931633,0.008196369,0.015064001,-1251804.3906931842,8.485674053430557,-1251780.8893806513,-1251788.5099807808
S2-40.10,product,[H]c1nc(N([H])c2c([H])c(N([H])C(=O)[C:91]([H])([H])[C:92]([H])(C([H])([H])N(C([H])([H])[H])C([H])([H])[H])[S:93]C([H])([H])[H])c([H])c([H])c2OC([H])([H])[H])nc(-c2c([H])nn3c([H])c([H])c([H])c([H])c23)c1C#N,0,-0.13662295,-0.057927463,-149.84982223451632,-33.042766002949485,-0.033295862,-0.031515162,-0.03240551,0.0017349124,0.0013005286,0.0015177205,-1252169.382134389,3.078808220103383,-1252157.6080648073,-1252164.5269463311
S2-38.1,reactant,[H]c1nc(N([H])c2c([H])c(N([H])C(=O)[C:91]([H])=[C:92]([H])[H])c(C([H])([H])N(C([H])([H])[H])C([H])([H])[H])c([H])c2OC([H])([H])[H])nc(-c2c([H])nc3c([H])c([H])c([H])c([H])n23)c1Cl,0,-0.15527306,-0.27661398,-150.6084184372381,-30.303618510597733,0.024030328,0.022109896,0.023070112,0.0033916086,-0.00010108948,0.0016452596,-1207327.5509706119,4.353738829493523,-1207319.1323792052,-1207323.006908478
S2-38.1,intermediate,[H]C1=C([H])c2nc([H])c(-c3nc(N([H])c4c([H])c(N([H])C(=O)[C-:91]([H])[C:92]([H])([H])[S:93]C([H])([H])[H])c(C([H])([H])N(C([H])([H])[H])C([H])([H])[H])c([H])c4OC([H])([H])[H])nc([H])c3Cl)n2C([H])=C1[H],-1,-0.5048949,-0.12024012,-71.26325347230313,37.799627064847456,0.0075674504,0.01501146,0.011289455,0.06943792,0.23156205,0.15049998,-1482329.2969144296,5.307058563455939,-1482314.8068050495,-1482320.8307706262
S2-38.1,product,[H]c1nc(N([H])c2c([H])c(N([H])C(=O)[C:91]([H])([H])[C:92]([H])([H])[S:93]C([H])([H])[H])c(C([H])([H])N(C([H])([H])[H])C([H])([H])[H])c([H])c2OC([H])([H])[H])nc(-c2c([H])nc3c([H])c([H])c([H])c([H])n23)c1Cl,0,-0.13173634,-0.114777565,-146.86206766785563,-28.21460156252467,-0.029132023,-0.028368548,-0.028750286,0.003371179,-0.0016056597,0.0008827597,-1482693.4446138022,5.021196540445089,-1482683.394594066,-1482689.0792313027
S2-38.2,reactant,[H]c1nc(N([H])c2c([H])c(N([H])C(=O)[C:91]([H])=[C:92]([H])[H])c(C([H])([H])N(C([H])([H])[H])C([H])([H])[H])c([H])c2OC([H])([H])[H])nc(-c2c([H])nc3c([H])c([H])c([H])c([H])n23)c1Cl,0,-0.15346344,-0.27744457,-153.75489051166593,-33.124871822914635,0.022455335,0.021677464,0.0220664,-0.003582701,-0.0063218325,-0.004952267,-1207322.8230703631,3.0125298611819744,-1207311.6549215128,-1207318.789505602
S2-38.2,intermediate,[H]C1=C([H])c2nc([H])c(-c3nc(N([H])c4c([H])c(N([H])C(=O)[C-:91]([H])[C:92]([H])([H])[S:93]C([H])([H])[H])c(C([H])([H])N(C([H])([H])[H])C([H])([H])[H])c([H])c4OC([H])([H])[H])nc([H])c3Cl)n2C([H])=C1[H],-1,-0.49668777,-0.11855725,-69.32655360383245,37.220852041935345,0.0012454316,0.0140716955,0.0076585636,0.04553002,0.21938407,0.13245705,-1482318.2094492717,7.077077178284526,-1482305.385858345,-1482310.4268970406
S2-38.2,product,[H]c1nc(N([H])c2c([H])c(N([H])C(=O)[C:91]([H])([H])[C:92]([H])([H])[S:93]C([H])([H])[H])c(C([H])([H])N(C([H])([H])[H])C([H])([H])[H])c([H])c2OC([H])([H])[H])nc(-c2c([H])nc3c([H])c([H])c([H])c([H])n23)c1Cl,0,-0.1359136,-0.14016996,-148.29175400133641,-22.833879586020235,-0.025034279,-0.021943182,-0.02348873,0.011047602,0.006204948,0.008626275,-1482694.038113747,7.114856146275997,-1482683.6355899386,-1482688.1217909923
S2-38.3,reactant,[H]c1nc(N([H])c2c([H])c(N([H])C(=O)[C:91]([H])=[C:92]([H])[H])c(C([H])([H])N(C([H])([H])[H])C([H])([H])[H])c([H])c2OC([H])([H])[H])nc(-c2c([H])nc3c([H])c([H])c([H])c([H])n23)c1Cl,0,-0.14926098,-0.27643573,-150.03387661014952,-30.742959786384805,0.03556198,0.03147544,0.03351871,-0.0035615563,-0.012074411,-0.007817984,-1207319.4931065205,2.6187521889805794,-1207311.4404109898,-1207315.6637931794
S2-38.3,intermediate,[H]C1=C([H])c2nc([H])c(-c3nc(N([H])c4c([H])c(N([H])C(=O)[C-:91]([H])[C:92]([H])([H])[S:93]C([H])([H])[H])c(C([H])([H])N(C([H])([H])[H])C([H])([H])[H])c([H])c4OC([H])([H])[H])nc([H])c3Cl)n2C([H])=C1[H],-1,-0.5104232,-0.10959089,-68.02704499420324,38.84794769847909,0.013288021,0.019362263,0.016325142,0.083161,0.22741175,0.15528637,-1482326.7635943461,5.117407094687223,-1482311.0257805297,-1482316.1882543368
S2-38.3,product,[H]c1nc(N([H])c2c([H])c(N([H])C(=O)[C:91]([H])([H])[C:92]([H])([H])[S:93]C([H])([H])[H])c(C([H])([H])N(C([H])([H])[H])C([H])([H])[H])c([H])c2OC([H])([H])[H])nc(-c2c([H])nc3c([H])c([H])c([H])c([H])n23)c1Cl,0,-0.12538604,-0.10990636,-145.41814035766845,-27.235970222205964,-0.031879395,-0.032047257,-0.031963326,-0.0002925992,-0.0054018497,-0.0028472245,-1482685.4719514172,2.6045729517936707,-1482674.570960193,-1482681.5634034646
S2-38.4,reactant,[H]c1nc(N([H])c2c([H])c(N([H])C(=O)[C:91]([H])=[C:92]([H])[H])c(C([H])([H])N(C([H])([H])[H])C([H])([H])[H])c([H])c2OC([H])([H])[H])nc(-c2c([H])nc3c([H])c([H])c([H])c([H])n23)c1Cl,0,-0.15512381,-0.27662158,-150.69158608741634,-30.355608524714786,0.024012297,0.0220851,0.023048699,0.0032010674,-0.00020001829,0.0015005246,-1207327.6311999497,3.8496756237000227,-1207316.74774278,-1207323.162322344
S2-38.4,intermediate,[H]C1=C([H])c2nc([H])c(-c3nc(N([H])c4c([H])c(N([H])C(=O)[C-:91]([H])[C:92]([H])([H])[S:93]C([H])([H])[H])c(C([H])([H])N(C([H])([H])[H])C([H])([H])[H])c([H])c4OC([H])([H])[H])nc([H])c3Cl)n2C([H])=C1[H],-1,-0.28935194,-0.21326244,-65.71579695800712,37.395306061650864,0.07727647,0.07325953,0.075268,0.08304569,0.094925374,0.08898553,-1482322.726988416,7.326292963698506,-1482306.5844908513,-1482313.8246941303
S2-38.4,product,[H]c1nc(N([H])c2c([H])c(N([H])C(=O)[C:91]([H])([H])[C:92]([H])([H])[S:93]C([H])([H])[H])c(C([H])([H])N(C([H])([H])[H])C([H])([H])[H])c([H])c2OC([H])([H])[H])nc(-c2c([H])nc3c([H])c([H])c([H])c([H])n23)c1Cl,0,-0.1285838,-0.103342734,-149.43492739960647,-24.671896767090754,-0.021860547,-0.021095678,-0.021478113,0.0059254616,0.0018509179,0.0038881898,-1482692.5184772417,2.430908301845193,-1482682.5472570306,-1482688.1423277266
S2-38.5,reactant,[H]c1nc(N([H])c2c([H])c(N([H])C(=O)[C:91]([H])=[C:92]([H])[H])c(C([H])([H])N(C([H])([H])[H])C([H])([H])[H])c([H])c2OC([H])([H])[H])nc(-c2c([H])nc3c([H])c([H])c([H])c([H])n23)c1Cl,0,-0.15114485,-0.27623215,-149.53143390068172,-29.828477017641344,0.034412503,0.029569417,0.03199096,-0.005811423,-0.0133933425,-0.009602383,-1207321.020745188,1.9872155524790287,-1207311.7164618836,-1207317.62088478
S2-38.5,intermediate,[H]C1=C([H])c2nc([H])c(-c3nc(N([H])c4c([H])c(N([H])C(=O)[C-:91]([H])[C:92]([H])([H])[S:93]C([H])([H])[H])c(C([H])([H])N(C([H])([H])[H])C([H])([H])[H])c([H])c4OC([H])([H])[H])nc([H])c3Cl)n2C([H])=C1[H],-1,-0.5140934,-0.10368243,-69.16196318497319,37.69930316232562,0.015616655,0.021296203,0.01845643,0.074446976,0.22246018,0.14845358,-1482327.163711412,4.76434007845819,-1482313.0978361692,-1482317.7027013348
S2-38.5,product,[H]c1nc(N([H])c2c([H])c(N([H])C(=O)[C:91]([H])([H])[C:92]([H])([H])[S:93]C([H])([H])[H])c(C([H])([H])N(C([H])([H])[H])C([H])([H])[H])c([H])c2OC([H])([H])[H])nc(-c2c([H])nc3c([H])c([H])c([H])c([H])n23)c1Cl,0,-0.13055588,-0.11426661,-144.93448438145614,-27.310008781581868,-0.029394843,-0.028879203,-0.029137023,0.004005119,-0.001401335,0.0013018921,-1482690.6437824753,7.329747799783945,-1482677.1546924456,-1482685.6074510794
S2-38.6,reactant,[H]c1nc(N([H])c2c([H])c(N([H])C(=O)[C:91]([H])=[C:92]([H])[H])c(C([H])([H])N(C([H])([H])[H])C([H])([H])[H])c([H])c2OC([H])([H])[H])nc(-c2c([H])nc3c([H])c([H])c([H])c([H])n23)c1Cl,0,-0.15215059,-0.27504152,-148.43539856326882,-28.50285336824292,0.023758173,0.021152556,0.022455364,0.0023428202,-0.00095897913,0.0006919205,-1207323.9809944816,3.829106580466032,-1207313.0716613724,-1207319.1455115057
S2-38.6,intermediate,[H]C1=C([H])c2nc([H])c(-c3nc(N([H])c4c([H])c(N([H])C(=O)[C-:91]([H])[C:92]([H])([H])[S:93]C([H])([H])[H])c(C([H])([H])N(C([H])([H])[H])C([H])([H])[H])c([H])c4OC([H])([H])[H])nc([H])c3Cl)n2C([H])=C1[H],-1,-0.51442724,-0.11949873,-68.12102514250336,38.86022949406171,0.008788601,0.015609451,0.012199026,0.074682295,0.24174976,0.15821603,-1482323.688000319,3.040801713243127,-1482309.4746954418,-1482316.1105666843
S2-38.6,product,[H]c1nc(N([H])c2c([H])c(N([H])C(=O)[C:91]([H])([H])[C:92]([H])([H])[S:93]C([H])([H])[H])c(C([H])([H])N(C([H])([H])[H])C([H])([H])[H])c([H])c2OC([H])([H])[H])nc(-c2c([H])nc3c([H])c([H])c([H])c([H])n23)c1Cl,0,-0.12787877,-0.11469646,-146.92698730418815,-28.581802933713952,-0.029360041,-0.028741166,-0.029050604,0.003022045,-0.0022017807,0.0004101321,-1482694.1207549167,4.9282069224864244,-1482683.2007588642,-1482689.4088469674
S2-38.7,reactant,[H]c1nc(N([H])c2c([H])c(N([H])C(=O)[C:91]([H])=[C:92]([H])[H])c(C([H])([H])N(C([H])([H])[H])C([H])([H])[H])c([H])c2OC([H])([H])[H])nc(-c2c([H])nc3c([H])c([H])c([H])c([H])n23)c1Cl,0,-0.15176517,-0.27513644,-148.41821834750448,-28.592600725590913,0.02380383,0.021128982,0.022466406,0.0023839623,-0.0008890927,0.0007474348,-1207323.9682270687,2.9672267828136683,-1207315.2645324583,-1207319.3835205245
S2-38.7,intermediate,[H]C1=C([H])c2nc([H])c(-c3nc(N([H])c4c([H])c(N([H])C(=O)[C-:91]([H])[C:92]([H])([H])[S:93]C([H])([H])[H])c(C([H])([H])N(C([H])([H])[H])C([H])([H])[H])c([H])c4OC([H])([H])[H])nc([H])c3Cl)n2C([H])=C1[H],-1,-0.46006048,-0.122478366,-68.85957912738375,38.91275818413156,0.0021730661,0.0111069605,0.0066400133,0.057964683,0.22216588,0.14006528,-1482319.6536320548,7.2645544316619635,-1482307.4092733015,-1482313.0996747902
S2-38.7,product,[H]c1nc(N([H])c2c([H])c(N([H])C(=O)[C:91]([H])([H])[C:92]([H])([H])[S:93]C([H])([H])[H])c(C([H])([H])N(C([H])([H])[H])C([H])([H])[H])c([H])c2OC([H])([H])[H])nc(-c2c([H])nc3c([H])c([H])c([H])c([H])n23)c1Cl,0,-0.12349538,-0.103671625,-145.63885655742786,-23.056679553200976,-0.0067886338,-0.0070749,-0.006931767,0.004082598,0.0014631301,0.002772864,-1482693.4053607641,3.2785590197890997,-1482682.296745108,-1482688.4425566213
S2-38.8,reactant,[H]c1nc(N([H])c2c([H])c(N([H])C(=O)[C:91]([H])=[C:92]([H])[H])c(C([H])([H])N(C([H])([H])[H])C([H])([H])[H])c([H])c2OC([H])([H])[H])nc(-c2c([H])nc3c([H])c([H])c([H])c([H])n23)c1Cl,0,-0.15159437,-0.27884844,-148.17202557827045,-28.096034977271586,0.033339053,0.02952364,0.031431347,0.0032565147,-0.00726898,-0.0020062327,-1207320.4241920637,2.1399705670773983,-1207309.7107665874,-1207316.6775794378
S2-38.8,intermediate,[H]C1=C([H])c2nc([H])c(-c3nc(N([H])c4c([H])c(N([H])C(=O)[C-:91]([H])[C:92]([H])([H])[S:93]C([H])([H])[H])c(C([H])([H])N(C([H])([H])[H])C([H])([H])[H])c([H])c4OC([H])([H])[H])nc([H])c3Cl)n2C([H])=C1[H],-1,-0.30757403,-0.2102017,-64.42420164893868,38.45379639855297,0.07634787,0.07082231,0.07358509,0.09348574,0.11286214,0.10317394,-1482320.9157240207,3.618929421529174,-1482305.9284341473,-1482313.1187608596
S2-38.8,product,[H]c1nc(N([H])c2c([H])c(N([H])C(=O)[C:91]([H])([H])[C:92]([H])([H])[S:93]C([H])([H])[H])c(C([H])([H])N(C([H])([H])[H])C([H])([H])[H])c([H])c2OC([H])([H])[H])nc(-c2c([H])nc3c([H])c([H])c([H])c([H])n23)c1Cl,0,-0.12688288,-0.106471315,-146.99602377734237,-30.136878804110047,-0.03234276,-0.033189,-0.03276588,-0.00090779364,-0.006317228,-0.0036125109,-1482686.0419606667,1.9934025388211012,-1482674.910023754,-1482682.2934895852
S2-38.9,reactant,[H]c1nc(N([H])c2c([H])c(N([H])C(=O)[C:91]([H])=[C:92]([H])[H])c(C([H])([H])N(C([H])([H])[H])C([H])([H])[H])c([H])c2OC([H])([H])[H])nc(-c2c([H])nc3c([H])c([H])c([H])c([H])n23)c1Cl,0,-0.14725079,-0.28942043,-149.7310652915806,-28.77875757981187,0.03469792,0.033379734,0.034038827,-0.0020718873,-0.008121759,-0.005096823,-1207327.7700157608,3.8369106333702803,-1207317.1587326238,-1207323.8043146126
S2-38.9,intermediate,[H]C1=C([H])c2nc([H])c(-c3nc(N([H])c4c([H])c(N([H])C(=O)[C-:91]([H])[C:92]([H])([H])[S:93]C([H])([H])[H])c(C([H])([H])N(C([H])([H])[H])C([H])([H])[H])c([H])c4OC([H])([H])[H])nc([H])c3Cl)n2C([H])=C1[H],-1,-0.5191311,-0.12208036,-69.485004791786,39.60785701662234,0.008472063,0.015884362,0.012178212,0.07307893,0.2428368,0.15795787,-1482324.6579304012,4.5685772486031055,-1482309.774067095,-1482316.805822789
S2-38.9,product,[H]c1nc(N([H])c2c([H])c(N([H])C(=O)[C:91]([H])([H])[C:92]([H])([H])[S:93]C([H])([H])[H])c(C([H])([H])N(C([H])([H])[H])C([H])([H])[H])c([H])c2OC([H])([H])[H])nc(-c2c([H])nc3c([H])c([H])c([H])c([H])n23)c1Cl,0,-0.12616578,-0.11567623,-144.81697301894164,-26.914909266278805,-0.032022752,-0.031364776,-0.031693764,0.010425821,0.0038887635,0.007157292,-1482690.5007228297,2.86350242421031,-1482680.430962642,-1482685.8902688785
S2-38.10,reactant,[H]c1nc(N([H])c2c([H])c(N([H])C(=O)[C:91]([H])=[C:92]([H])[H])c(C([H])([H])N(C([H])([H])[H])C([H])([H])[H])c([H])c2OC([H])([H])[H])nc(-c2c([H])nc3c([H])c([H])c([H])c([H])n23)c1Cl,0,-0.14876342,-0.28843307,-147.87099461585348,-27.751255218781225,0.034599572,0.03296241,0.033780992,-0.0013719499,-0.0076068044,-0.004489377,-1207324.5425995982,3.5719705540686846,-1207315.204699536,-1207320.6434537338
S2-38.10,intermediate,[H]C1=C([H])c2nc([H])c(-c3nc(N([H])c4c([H])c(N([H])C(=O)[C-:91]([H])[C:92]([H])([H])[S:93]C([H])([H])[H])c(C([H])([H])N(C([H])([H])[H])C([H])([H])[H])c([H])c4OC([H])([H])[H])nc([H])c3Cl)n2C([H])=C1[H],-1,-0.4926862,-0.10157051,-68.28892945748005,46.77781241527019,-0.0003613457,0.010250062,0.004944358,0.043678522,0.18484649,0.11426251,-1482322.8186967843,11.181319523602724,-1482305.8416046407,-1482312.217494527
S2-38.10,product,[H]c1nc(N([H])c2c([H])c(N([H])C(=O)[C:91]([H])([H])[C:92]([H])([H])[S:93]C([H])([H])[H])c(C([H])([H])N(C([H])([H])[H])C([H])([H])[H])c([H])c2OC([H])([H])[H])nc(-c2c([H])nc3c([H])c([H])c([H])c([H])n23)c1Cl,0,-0.12738289,-0.10339656,-146.972603047887,-30.030323256980342,-0.032028355,-0.03300383,-0.032516092,-0.0004593134,-0.005936429,-0.0031978711,-1482686.0598123253,3.3144381288439035,-1482673.9956194232,-1482682.2047420912
S2-55.1,reactant,[H]c1nc(N([H])c2c([H])c([H])c([H])c(C([H])([H])[H])c2[H])c2c([H])c(N([H])C(=O)[C:91]([H])=[C:92]([H])[H])c([H])c([H])c2n1,0,-0.14661413,-0.2775399,-168.31267167205354,-17.884322480409494,0.05592552,0.046976596,0.051451057,-0.0019045472,-0.013930693,-0.00791762,-621547.3561343414,1.4180601015686989,-621542.026165711,-621545.6666955707
S2-55.1,intermediate,[H]c1nc(N([H])c2c([H])c([H])c([H])c(C([H])([H])[H])c2[H])c2c([H])c(N([H])C(=O)[C-:91]([H])[C:92]([H])([H])[S:93]C([H])([H])[H])c([H])c([H])c2n1,-1,-0.5053915,-0.11633663,-73.30331980895933,56.76143299714568,0.0024441555,0.016894206,0.009669181,-0.017060071,0.22352499,0.10323246,-896554.8756783099,1.6938368994742632,-896548.0403865224,-896551.5523566126
S2-55.1,product,[H]c1nc(N([H])c2c([H])c([H])c([H])c(C([H])([H])[H])c2[H])c2c([H])c(N([H])C(=O)[C:91]([H])([H])[C:92]([H])([H])[S:93]C([H])([H])[H])c([H])c([H])c2n1,0,-0.13942876,-0.12242639,-163.18265868493125,-19.46675369256687,-0.025123134,-0.02282691,-0.023975022,-0.00023631752,-0.002995938,-0.0016161278,-896912.670611106,1.8425700683146715,-896905.3276478905,-896909.1035311933
S2-55.2,reactant,[H]c1nc(N([H])c2c([H])c([H])c([H])c(C([H])([H])[H])c2[H])c2c([H])c(N([H])C(=O)[C:91]([H])=[C:92]([H])[H])c([H])c([H])c2n1,0,-0.15000927,-0.27863854,-169.67436164811315,-19.12824327576939,0.035721272,0.031565815,0.033643544,-0.0061489493,-0.008549333,-0.007349141,-621546.4568772075,0.9360563438385725,-621540.8231882844,-621544.4850086721
S2-55.2,intermediate,[H]c1nc(N([H])c2c([H])c([H])c([H])c(C([H])([H])[H])c2[H])c2c([H])c(N([H])C(=O)[C-:91]([H])[C:92]([H])([H])[S:93]C([H])([H])[H])c([H])c([H])c2n1,-1,-0.51485264,-0.103319116,-75.66974847548643,58.47316827066084,-0.008669972,0.012336455,0.0018332414,-0.010100901,0.23399925,0.111949176,-896553.7819549377,4.35426933132112,-896545.1745017956,-896548.6867643002
S2-55.2,product,[H]c1nc(N([H])c2c([H])c([H])c([H])c(C([H])([H])[H])c2[H])c2c([H])c(N([H])C(=O)[C:91]([H])([H])[C:92]([H])([H])[S:93]C([H])([H])[H])c([H])c([H])c2n1,0,-0.1277263,-0.10521709,-163.13167415309547,-20.419120297408973,-0.039239652,-0.039768063,-0.039503857,-0.0019232929,-0.009324789,-0.005624041,-896910.6483813268,2.2828821036964655,-896904.1794471068,-896908.4441346076
S2-55.3,reactant,[H]c1nc(N([H])c2c([H])c([H])c([H])c(C([H])([H])[H])c2[H])c2c([H])c(N([H])C(=O)[C:91]([H])=[C:92]([H])[H])c([H])c([H])c2n1,0,-0.14981906,-0.27840972,-169.99571121468423,-18.766608720808453,0.035604626,0.031445876,0.03352525,-0.0061479807,-0.008637309,-0.007392645,-621546.655763004,1.1869377568364143,-621540.1309539368,-621544.7306745516
S2-55.3,intermediate,[H]c1nc(N([H])c2c([H])c([H])c([H])c(C([H])([H])[H])c2[H])c2c([H])c(N([H])C(=O)[C-:91]([H])[C:92]([H])([H])[S:93]C([H])([H])[H])c([H])c([H])c2n1,-1,-0.50580335,-0.115903,-73.24536034163485,56.74032942007093,0.0023348704,0.016424485,0.0093796775,-0.015152425,0.22462687,0.10473722,-896554.9776510777,2.148975480347872,-896549.2254549791,-896551.6291432253
S2-55.3,product,[H]c1nc(N([H])c2c([H])c([H])c([H])c(C([H])([H])[H])c2[H])c2c([H])c(N([H])C(=O)[C:91]([H])([H])[C:92]([H])([H])[S:93]C([H])([H])[H])c([H])c([H])c2n1,0,-0.13130091,-0.10744911,-163.41569142672998,-16.606565019450787,-0.039161406,-0.038953625,-0.039057516,1.9192696e-05,-0.005767077,-0.0028739423,-896911.879753046,3.3362896163016558,-896904.095276123,-896908.6927386468
S2-55.4,reactant,[H]c1nc(N([H])c2c([H])c([H])c([H])c(C([H])([H])[H])c2[H])c2c([H])c(N([H])C(=O)[C:91]([H])=[C:92]([H])[H])c([H])c([H])c2n1,0,-0.1466059,-0.27733693,-167.9538375912161,-18.21573083100612,0.05609715,0.046882883,0.051490016,-0.0018670559,-0.013994843,-0.007930949,-621547.1358423241,1.062329014763236,-621542.8357117779,-621545.4260029405
S2-55.4,intermediate,[H]c1nc(N([H])c2c([H])c([H])c([H])c(C([H])([H])[H])c2[H])c2c([H])c(N([H])C(=O)[C-:91]([H])[C:92]([H])([H])[S:93]C([H])([H])[H])c([H])c([H])c2n1,-1,-0.47105458,-0.12046339,-70.74930163555581,56.93679832853665,-0.0035474673,0.0139160305,0.0051842816,-0.00081402063,0.22744669,0.113316335,-896552.1971214582,1.9566311966627836,-896544.4278344893,-896548.9913288985
S2-55.4,product,[H]c1nc(N([H])c2c([H])c([H])c([H])c(C([H])([H])[H])c2[H])c2c([H])c(N([H])C(=O)[C:91]([H])([H])[C:92]([H])([H])[S:93]C([H])([H])[H])c([H])c([H])c2n1,0,-0.14917003,-0.118537165,-163.87067539839472,-18.30770735494652,-0.023001611,-0.021437027,-0.022219319,0.0061672777,0.0033018738,0.0047345757,-896913.7185022288,6.683430403470993,-896904.5787836192,-896908.4983196064
S2-55.5,reactant,[H]c1nc(N([H])c2c([H])c([H])c([H])c(C([H])([H])[H])c2[H])c2c([H])c(N([H])C(=O)[C:91]([H])=[C:92]([H])[H])c([H])c([H])c2n1,0,-0.14736187,-0.27643943,-168.35477504615142,-19.975460761275656,0.05692765,0.047111273,0.052019462,-0.004462093,-0.014853075,-0.009657584,-621546.3182824216,1.5404087323695421,-621541.8417562324,-621544.4299368474
S2-55.5,intermediate,[H]c1nc(N([H])c2c([H])c([H])c([H])c(C([H])([H])[H])c2[H])c2c([H])c(N([H])C(=O)[C-:91]([H])[C:92]([H])([H])[S:93]C([H])([H])[H])c([H])c([H])c2n1,-1,-0.5064276,-0.106718555,-74.4489906359443,54.99848491865156,-0.008930802,0.01286757,0.0019683838,-0.0090382695,0.21766725,0.10431449,-896551.2515585138,3.584010446444154,-896542.1522247778,-896545.6838668726
S2-55.5,product,[H]c1nc(N([H])c2c([H])c([H])c([H])c(C([H])([H])[H])c2[H])c2c([H])c(N([H])C(=O)[C:91]([H])([H])[C:92]([H])([H])[S:93]C([H])([H])[H])c([H])c([H])c2n1,0,-0.14905226,-0.118428886,-163.78625712477208,-18.15684856241676,-0.02329231,-0.021633446,-0.022462878,0.0064781457,0.0035603493,0.0050192475,-896913.6129690605,5.77946674823761,-896904.3502632976,-896908.5041273723
S2-55.6,reactant,[H]c1nc(N([H])c2c([H])c([H])c([H])c(C([H])([H])[H])c2[H])c2c([H])c(N([H])C(=O)[C:91]([H])=[C:92]([H])[H])c([H])c([H])c2n1,0,-0.14939065,-0.27860498,-169.8858701506072,-18.70658977834701,0.035712004,0.031581268,0.033646636,-0.006408274,-0.008751869,-0.0075800717,-621546.6315099008,0.9399238917976618,-621541.761214854,-621544.7393176021
S2-55.6,intermediate,[H]c1nc(N([H])c2c([H])c([H])c([H])c(C([H])([H])[H])c2[H])c2c([H])c(N([H])C(=O)[C-:91]([H])[C:92]([H])([H])[S:93]C([H])([H])[H])c([H])c([H])c2n1,-1,-0.51488745,-0.10377499,-75.58461836813213,58.44900987607407,-0.008619897,0.01249174,0.0019359216,-0.009802401,0.23316833,0.11168297,-896553.7847800197,4.3540262673050165,-896545.060686932,-896548.7591283811
S2-55.6,product,[H]c1nc(N([H])c2c([H])c([H])c([H])c(C([H])([H])[H])c2[H])c2c([H])c(N([H])C(=O)[C:91]([H])([H])[C:92]([H])([H])[S:93]C([H])([H])[H])c([H])c([H])c2n1,0,-0.12761417,-0.104923114,-163.10135802751333,-20.403835733360822,-0.039198734,-0.039742485,-0.03947061,-0.0019512475,-0.0093064755,-0.0056288615,-896910.6573543918,2.290631400421262,-896904.9203519011,-896908.4564301793
S2-55.7,reactant,[H]c1nc(N([H])c2c([H])c([H])c([H])c(C([H])([H])[H])c2[H])c2c([H])c(N([H])C(=O)[C:91]([H])=[C:92]([H])[H])c([H])c([H])c2n1,0,-0.14657767,-0.27730364,-167.91750840309479,-18.210131794866303,0.056140244,0.046878606,0.051509425,-0.0017651469,-0.013965905,-0.007865526,-621547.1076326983,1.110232349485159,-621541.2135624038,-621545.4037863498
S2-55.7,intermediate,[H]c1nc(N([H])c2c([H])c([H])c([H])c(C([H])([H])[H])c2[H])c2c([H])c(N([H])C(=O)[C-:91]([H])[C:92]([H])([H])[S:93]C([H])([H])[H])c([H])c([H])c2n1,-1,-0.5050104,-0.11650989,-73.6356664197608,56.682064457387675,0.0024416298,0.016793959,0.009617794,-0.017292023,0.22481087,0.10375942,-896554.8371888722,1.8536733891814947,-896547.1805124854,-896551.3835238209
S2-55.7,product,[H]c1nc(N([H])c2c([H])c([H])c([H])c(C([H])([H])[H])c2[H])c2c([H])c(N([H])C(=O)[C:91]([H])([H])[C:92]([H])([H])[S:93]C([H])([H])[H])c([H])c([H])c2n1,0,-0.1383463,-0.103542656,-163.63209854487826,-20.60629039123392,-0.043180384,-0.039840832,-0.041510608,-0.00052188337,-0.0061145425,-0.003318213,-896911.0488287502,1.6310576554387808,-896905.2970575417,-896908.7256464845
S2-55.8,reactant,[H]c1nc(N([H])c2c([H])c([H])c([H])c(C([H])([H])[H])c2[H])c2c([H])c(N([H])C(=O)[C:91]([H])=[C:92]([H])[H])c([H])c([H])c2n1,0,-0.15377691,-0.27785665,-169.148687177256,-16.584845277341515,0.03358516,0.030940145,0.032262653,-0.006838873,-0.0072980076,-0.0070684403,-621546.0954390414,3.4191567432135344,-621538.5141969094,-621542.7457874991
S2-55.8,intermediate,[H]c1nc(N([H])c2c([H])c([H])c([H])c(C([H])([H])[H])c2[H])c2c([H])c(N([H])C(=O)[C-:91]([H])[C:92]([H])([H])[S:93]C([H])([H])[H])c([H])c([H])c2n1,-1,-0.51482016,-0.10374575,-75.61367914537186,58.43671734191919,-0.00860931,0.012451492,0.0019210912,-0.0097453,0.23373845,0.111996576,-896553.784936387,4.168970154598355,-896543.6161771637,-896548.7314713284
S2-55.8,product,[H]c1nc(N([H])c2c([H])c([H])c([H])c(C([H])([H])[H])c2[H])c2c([H])c(N([H])C(=O)[C:91]([H])([H])[C:92]([H])([H])[S:93]C([H])([H])[H])c([H])c([H])c2n1,0,-0.1395199,-0.12191419,-163.40408099401378,-19.07491251791014,-0.025868304,-0.023592144,-0.024730224,-0.0003927499,-0.0031172782,-0.0017550141,-896912.7231176916,1.771101811900735,-896905.5285278514,-896909.1964078658
S2-55.9,reactant,[H]c1nc(N([H])c2c([H])c([H])c([H])c(C([H])([H])[H])c2[H])c2c([H])c(N([H])C(=O)[C:91]([H])=[C:92]([H])[H])c([H])c([H])c2n1,0,-0.14730161,-0.27652007,-168.35438360731473,-19.832701820979974,0.056951314,0.047081158,0.052016236,-0.004423827,-0.014858633,-0.00964123,-621546.3535867473,1.9023631811141968,-621541.7122209242,-621544.3754105803
S2-55.9,intermediate,[H]c1nc(N([H])c2c([H])c([H])c([H])c(C([H])([H])[H])c2[H])c2c([H])c(N([H])C(=O)[C-:91]([H])[C:92]([H])([H])[S:93]C([H])([H])[H])c([H])c([H])c2n1,-1,-0.514403,-0.10367395,-75.32581108912153,57.475958701833925,-0.008246936,0.012567505,0.0021602847,-0.010368347,0.23044923,0.11004044,-896553.3476894527,3.8263590540736914,-896544.9352856762,-896548.4820710409
S2-55.9,product,[H]c1nc(N([H])c2c([H])c([H])c([H])c(C([H])([H])[H])c2[H])c2c([H])c(N([H])C(=O)[C:91]([H])([H])[C:92]([H])([H])[S:93]C([H])([H])[H])c([H])c([H])c2n1,0,-0.12609348,-0.105747245,-162.35432284205496,-17.622075490107743,-0.04402668,-0.044126175,-0.044076428,0.0069232583,-0.0016849786,0.0026191399,-896912.1147480654,1.1548751592636108,-896904.8590987014,-896909.9022410007
S2-55.10,reactant,[H]c1nc(N([H])c2c([H])c([H])c([H])c(C([H])([H])[H])c2[H])c2c([H])c(N([H])C(=O)[C:91]([H])=[C:92]([H])[H])c([H])c([H])c2n1,0,-0.14717877,-0.27650246,-168.34400721903708,-19.853437180598256,0.056952417,0.04710178,0.0520271,-0.0043836236,-0.014899403,-0.009641513,-621546.3312288165,1.6555339805781841,-621541.4704994047,-621544.3674554534
S2-55.10,intermediate,[H]c1nc(N([H])c2c([H])c([H])c([H])c(C([H])([H])[H])c2[H])c2c([H])c(N([H])C(=O)[C-:91]([H])[C:92]([H])([H])[S:93]C([H])([H])[H])c([H])c([H])c2n1,-1,-0.50605637,-0.11608036,-73.3129864317388,56.42459104140272,0.0023535788,0.016482264,0.009417921,-0.01529783,0.22322983,0.103966,-896554.9004950254,2.1007562186568975,-896547.9537953602,-896551.5435777408
S2-55.10,product,[H]c1nc(N([H])c2c([H])c([H])c([H])c(C([H])([H])[H])c2[H])c2c([H])c(N([H])C(=O)[C:91]([H])([H])[C:92]([H])([H])[S:93]C([H])([H])[H])c([H])c([H])c2n1,0,-0.13960259,-0.12199365,-163.3232773384788,-19.09015818175251,-0.025857642,-0.023589276,-0.024723459,-0.00042165816,-0.0031659007,-0.0017937794,-896912.7445301369,1.5105865392833948,-896904.4533770359,-896909.2636633376
S2-42.1,reactant,[H]c1nc(N([H])c2c([H])c(N([H])C(=O)[C:91]([H])=[C:92]([H])[H])c([H])c([H])c2OC([H])([H])[H])nc(N([H])c2c([H])c([H])c([H])c([H])c2C(=O)N([H])OC([H])([H])[H])c1Cl,0,-0.1641752,-0.28372967,-160.79456995590056,-27.321817530480715,0.02682209,0.02715692,0.026989505,-0.0055159777,-0.003227219,-0.0043715984,-1218407.8424395914,6.746927943080664,-1218394.9794076497,-1218398.5582806873
S2-42.1,intermediate,[H]c1nc(N([H])c2c([H])c(N([H])C(=O)[C-:91]([H])[C:92]([H])([H])[S:93]C([H])([H])[H])c([H])c([H])c2OC([H])([H])[H])nc(N([H])c2c([H])c([H])c([H])c([H])c2C(=O)N([H])OC([H])([H])[H])c1Cl,-1,-0.5414617,-0.12068809,-67.55662556645757,41.58946629480119,0.013479449,0.019271456,0.016375452,0.05028081,0.24834782,0.14931431,-1493405.6329814002,2.463520746678114,-1493391.9691434994,-1493398.85986115
S2-42.1,product,[H]c1nc(N([H])c2c([H])c(N([H])C(=O)[C:91]([H])([H])[C:92]([H])([H])[S:93]C([H])([H])[H])c([H])c([H])c2OC([H])([H])[H])nc(N([H])c2c([H])c([H])c([H])c([H])c2C(=O)N([H])OC([H])([H])[H])c1Cl,0,-0.13051789,-0.105923474,-146.14262409472843,-25.172936413241032,-0.032187857,-0.033554494,-0.032871176,-0.00076922774,-0.007061392,-0.00391531,-1493775.7687029091,2.280004572123289,-1493766.2604537213,-1493771.486006272
S2-42.2,reactant,[H]c1nc(N([H])c2c([H])c(N([H])C(=O)[C:91]([H])=[C:92]([H])[H])c([H])c([H])c2OC([H])([H])[H])nc(N([H])c2c([H])c([H])c([H])c([H])c2C(=O)N([H])OC([H])([H])[H])c1Cl,0,-0.15080245,-0.27910876,-150.17477570283467,-25.278224331823893,0.042835325,0.035232022,0.039033674,-0.006831914,-0.012401968,-0.009616941,-1218410.9983371163,2.155380455777049,-1218402.7788438988,-1218407.1302400685
S2-42.2,intermediate,[H]c1nc(N([H])c2c([H])c(N([H])C(=O)[C-:91]([H])[C:92]([H])([H])[S:93]C([H])([H])[H])c([H])c([H])c2OC([H])([H])[H])nc(N([H])c2c([H])c([H])c([H])c([H])c2C(=O)N([H])OC([H])([H])[H])c1Cl,-1,-0.51426345,-0.118831955,-69.1230650869409,38.13982798411357,0.012423463,0.01778645,0.015104957,0.050113738,0.24031016,0.14521195,-1493408.150737186,3.2024936750531197,-1493397.4209458998,-1493402.4110428868
S2-42.2,product,[H]c1nc(N([H])c2c([H])c(N([H])C(=O)[C:91]([H])([H])[C:92]([H])([H])[S:93]C([H])([H])[H])c([H])c([H])c2OC([H])([H])[H])nc(N([H])c2c([H])c([H])c([H])c([H])c2C(=O)N([H])OC([H])([H])[H])c1Cl,0,-0.13037232,-0.105940096,-146.23869131032802,-25.344123262321563,-0.03243822,-0.033778004,-0.03310811,-0.0008096248,-0.0071118176,-0.003960721,-1493775.6546235012,1.8827477004379034,-1493765.9396756145,-1493771.460075525
S2-42.3,reactant,[H]c1nc(N([H])c2c([H])c(N([H])C(=O)[C:91]([H])=[C:92]([H])[H])c([H])c([H])c2OC([H])([H])[H])nc(N([H])c2c([H])c([H])c([H])c([H])c2C(=O)N([H])OC([H])([H])[H])c1Cl,0,-0.15496038,-0.25668707,-156.25058293278184,-25.49770351403292,0.027663827,0.025154993,0.02640941,3.156066e-05,-0.0020163953,-0.0009924173,-1218411.7177430757,2.1820481047034264,-1218401.6958368632,-1218407.3989153034
S2-42.3,intermediate,[H]c1nc(N([H])c2c([H])c(N([H])C(=O)[C-:91]([H])[C:92]([H])([H])[S:93]C([H])([H])[H])c([H])c([H])c2OC([H])([H])[H])nc(N([H])c2c([H])c([H])c([H])c([H])c2C(=O)N([H])OC([H])([H])[H])c1Cl,-1,-0.5043636,-0.106182694,-73.93339435047325,39.96900355606704,0.007084936,0.015717767,0.011401352,0.07959169,0.25634998,0.16797084,-1493403.7018162715,9.334587436169386,-1493387.0554053583,-1493392.392045236
S2-42.3,product,[H]c1nc(N([H])c2c([H])c(N([H])C(=O)[C:91]([H])([H])[C:92]([H])([H])[S:93]C([H])([H])[H])c([H])c([H])c2OC([H])([H])[H])nc(N([H])c2c([H])c([H])c([H])c([H])c2C(=O)N([H])OC([H])([H])[H])c1Cl,0,-0.13484056,-0.10662046,-145.10100015278047,-22.808718889565586,-0.031953163,-0.032973364,-0.032463264,0.0008277446,-0.0054211468,-0.002296701,-1493773.954703392,5.657260296866298,-1493763.0654301075,-1493769.1134650956
S2-42.4,reactant,[H]c1nc(N([H])c2c([H])c(N([H])C(=O)[C:91]([H])=[C:92]([H])[H])c([H])c([H])c2OC([H])([H])[H])nc(N([H])c2c([H])c([H])c([H])c([H])c2C(=O)N([H])OC([H])([H])[H])c1Cl,0,-0.1548932,-0.28195462,-154.05552338850944,-28.649686952239556,0.024056673,0.023126364,0.023591518,-0.007877886,-0.007128507,-0.0075031966,-1218405.6687576293,2.953196592628956,-1218397.224168827,-1218401.300630806
S2-42.4,intermediate,[H]c1nc(N([H])c2c([H])c(N([H])C(=O)[C-:91]([H])[C:92]([H])([H])[S:93]C([H])([H])[H])c([H])c([H])c2OC([H])([H])[H])nc(N([H])c2c([H])c([H])c([H])c([H])c2C(=O)N([H])OC([H])([H])[H])c1Cl,-1,-0.50669676,-0.12262848,-65.98208760525308,39.06304025387033,-0.0018354133,0.012912735,0.005538661,0.05798924,0.24969041,0.15383983,-1493401.699415137,3.1584536507725716,-1493389.0367055228,-1493395.2669519745
S2-42.4,product,[H]c1nc(N([H])c2c([H])c(N([H])C(=O)[C:91]([H])([H])[C:92]([H])([H])[S:93]C([H])([H])[H])c([H])c([H])c2OC([H])([H])[H])nc(N([H])c2c([H])c([H])c([H])c([H])c2C(=O)N([H])OC([H])([H])[H])c1Cl,0,-0.152239,-0.117586195,-145.76956797998176,-24.32635312229872,-0.016724154,-0.01576288,-0.016243517,0.0037047118,0.0023021698,0.0030034408,-1493778.15472896,3.4245466999709606,-1493765.631566088,-1493771.7815988758
S2-42.5,reactant,[H]c1nc(N([H])c2c([H])c(N([H])C(=O)[C:91]([H])=[C:92]([H])[H])c([H])c([H])c2OC([H])([H])[H])nc(N([H])c2c([H])c([H])c([H])c([H])c2C(=O)N([H])OC([H])([H])[H])c1Cl,0,-0.15414073,-0.2580962,-156.15396385480435,-24.780264243630597,0.027228355,0.02492328,0.026075818,7.0780516e-06,-0.002632603,-0.0013127625,-1218412.4768186512,2.8981462717056274,-1218403.5398086908,-1218407.9707776646
S2-42.5,intermediate,[H]c1nc(N([H])c2c([H])c(N([H])C(=O)[C-:91]([H])[C:92]([H])([H])[S:93]C([H])([H])[H])c([H])c([H])c2OC([H])([H])[H])nc(N([H])c2c([H])c([H])c([H])c([H])c2C(=O)N([H])OC([H])([H])[H])c1Cl,-1,-0.5002971,-0.11761872,-72.56647387083535,38.97636110432136,0.017599083,0.019896239,0.018747661,0.08908129,0.27322137,0.18115133,-1493406.019874418,5.591123504564166,-1493392.577700058,-1493399.1172796467
S2-42.5,product,[H]c1nc(N([H])c2c([H])c(N([H])C(=O)[C:91]([H])([H])[C:92]([H])([H])[S:93]C([H])([H])[H])c([H])c([H])c2OC([H])([H])[H])nc(N([H])c2c([H])c([H])c([H])c([H])c2C(=O)N([H])OC([H])([H])[H])c1Cl,0,-0.13062862,-0.105598904,-146.2048625967694,-25.285223298519504,-0.032340012,-0.03371688,-0.033028446,-0.00075158477,-0.0070429146,-0.0038972497,-1493775.6947170536,2.1309600565582514,-1493765.8231686035,-1493771.4510510687
S2-42.6,reactant,[H]c1nc(N([H])c2c([H])c(N([H])C(=O)[C:91]([H])=[C:92]([H])[H])c([H])c([H])c2OC([H])([H])[H])nc(N([H])c2c([H])c([H])c([H])c([H])c2C(=O)N([H])OC([H])([H])[H])c1Cl,0,-0.15089343,-0.27898836,-150.1630717602601,-25.162261756634717,0.042939663,0.0352432,0.03909143,-0.0067440122,-0.012362316,-0.009553164,-1218410.9998821835,2.1513961274176836,-1218402.6443456267,-1218407.0936539571
S2-42.6,intermediate,[H]c1nc(N([H])c2c([H])c(N([H])C(=O)[C-:91]([H])[C:92]([H])([H])[S:93]C([H])([H])[H])c([H])c([H])c2OC([H])([H])[H])nc(N([H])c2c([H])c([H])c([H])c([H])c2C(=O)N([H])OC([H])([H])[H])c1Cl,-1,-0.51805705,-0.11897897,-67.97277652186821,38.51254593727507,0.011728071,0.017661758,0.014694914,0.046320617,0.24044728,0.14338395,-1493408.4446452996,2.2676320765167475,-1493395.9217146453,-1493402.1327693143
S2-42.6,product,[H]c1nc(N([H])c2c([H])c(N([H])C(=O)[C:91]([H])([H])[C:92]([H])([H])[S:93]C([H])([H])[H])c([H])c([H])c2OC([H])([H])[H])nc(N([H])c2c([H])c([H])c([H])c([H])c2C(=O)N([H])OC([H])([H])[H])c1Cl,0,-0.15555564,-0.11822181,-144.32376045973623,-22.426490428045483,-0.013989538,-0.013586424,-0.013787981,0.0038293302,0.002316624,0.003072977,-1493776.2768571856,6.978477071970701,-1493763.0412482847,-1493768.8714931547
S2-42.7,reactant,[H]c1nc(N([H])c2c([H])c(N([H])C(=O)[C:91]([H])=[C:92]([H])[H])c([H])c([H])c2OC([H])([H])[H])nc(N([H])c2c([H])c([H])c([H])c([H])c2C(=O)N([H])OC([H])([H])[H])c1Cl,0,-0.15090929,-0.2790563,-151.13375375035528,-26.032449613818926,0.04307136,0.03508152,0.03907644,-0.0065769106,-0.012378618,-0.009477764,-1218410.0412921472,2.2802368737757206,-1218401.6988009417,-1218406.8112634886
S2-42.7,intermediate,[H]c1nc(N([H])c2c([H])c(N([H])C(=O)[C-:91]([H])[C:92]([H])([H])[S:93]C([H])([H])[H])c([H])c([H])c2OC([H])([H])[H])nc(N([H])c2c([H])c([H])c([H])c([H])c2C(=O)N([H])OC([H])([H])[H])c1Cl,-1,-0.51809025,-0.11876227,-67.95816209348821,38.422958231477715,0.012129739,0.017972857,0.015051298,0.045830786,0.2390095,0.14242014,-1493408.4659989632,2.2204437106847763,-1493396.0676285948,-1493402.4429245803
S2-42.7,product,[H]c1nc(N([H])c2c([H])c(N([H])C(=O)[C:91]([H])([H])[C:92]([H])([H])[S:93]C([H])([H])[H])c([H])c([H])c2OC([H])([H])[H])nc(N([H])c2c([H])c([H])c([H])c([H])c2C(=O)N([H])OC([H])([H])[H])c1Cl,0,-0.14269847,-0.122182585,-145.33389118824473,-24.30096499633679,-0.019943886,-0.018444829,-0.019194357,0.0004416257,-0.0020035505,-0.0007809624,-1493776.5130740972,2.123945126309991,-1493765.6237631645,-1493771.4724543856
S2-42.8,reactant,[H]c1nc(N([H])c2c([H])c(N([H])C(=O)[C:91]([H])=[C:92]([H])[H])c([H])c([H])c2OC([H])([H])[H])nc(N([H])c2c([H])c([H])c([H])c([H])c2C(=O)N([H])OC([H])([H])[H])c1Cl,0,-0.15164319,-0.2791969,-157.26975986385864,-21.91465230309593,0.031144887,0.027279377,0.029212132,-0.0079678595,-0.008480296,-0.0082240775,-1218411.4138352056,3.9212632682174444,-1218400.4593697002,-1218406.6026308583
S2-42.8,intermediate,[H]c1nc(N([H])c2c([H])c(N([H])C(=O)[C-:91]([H])[C:92]([H])([H])[S:93]C([H])([H])[H])c([H])c([H])c2OC([H])([H])[H])nc(N([H])c2c([H])c([H])c([H])c([H])c2C(=O)N([H])OC([H])([H])[H])c1Cl,-1,-0.503234,-0.118405946,-70.19434648741883,38.50882747764165,0.014680885,0.018970475,0.01682568,0.07222682,0.26381427,0.16802055,-1493405.3120438892,5.172817623242736,-1493392.201432588,-1493398.2378906289
S2-42.8,product,[H]c1nc(N([H])c2c([H])c(N([H])C(=O)[C:91]([H])([H])[C:92]([H])([H])[S:93]C([H])([H])[H])c([H])c([H])c2OC([H])([H])[H])nc(N([H])c2c([H])c([H])c([H])c([H])c2C(=O)N([H])OC([H])([H])[H])c1Cl,0,-0.1469072,-0.121841125,-144.14839392564397,-22.39464082290138,-0.01950679,-0.018929727,-0.019218259,0.0009229034,-0.001741603,-0.0004093498,-1493774.7857354442,4.20312593318522,-1493762.8215463348,-1493768.5435560185
S2-42.9,reactant,[H]c1nc(N([H])c2c([H])c(N([H])C(=O)[C:91]([H])=[C:92]([H])[H])c([H])c([H])c2OC([H])([H])[H])nc(N([H])c2c([H])c([H])c([H])c([H])c2C(=O)N([H])OC([H])([H])[H])c1Cl,0,-0.15106806,-0.27900645,-150.0757773368803,-25.064197175990714,0.042940944,0.035226434,0.03908369,-0.0067222565,-0.012310252,-0.009516254,-1218410.946766068,2.137189157307148,-1218400.8822226648,-1218407.0270757806
S2-42.9,intermediate,[H]c1nc(N([H])c2c([H])c(N([H])C(=O)[C-:91]([H])[C:92]([H])([H])[S:93]C([H])([H])[H])c([H])c([H])c2OC([H])([H])[H])nc(N([H])c2c([H])c([H])c([H])c([H])c2C(=O)N([H])OC([H])([H])[H])c1Cl,-1,-0.15647745,-0.30148536,-79.85351019295386,37.74493283893648,0.027027905,0.02657181,0.026799858,0.010441929,0.00021116436,0.0053265467,-1493420.714683673,4.852478615939617,-1493389.0509389318,-1493394.606163627
S2-42.9,product,[H]c1nc(N([H])c2c([H])c(N([H])C(=O)[C:91]([H])([H])[C:92]([H])([H])[S:93]C([H])([H])[H])c([H])c([H])c2OC([H])([H])[H])nc(N([H])c2c([H])c([H])c([H])c([H])c2C(=O)N([H])OC([H])([H])[H])c1Cl,0,-0.15274854,-0.11822651,-143.12897792026695,-21.114702481760492,-0.016749762,-0.016305164,-0.016527463,0.006887108,0.004736915,0.0058120117,-1493775.0588536707,2.3453552462160587,-1493763.3789007252,-1493769.247123794
S2-42.10,reactant,[H]c1nc(N([H])c2c([H])c(N([H])C(=O)[C:91]([H])=[C:92]([H])[H])c([H])c([H])c2OC([H])([H])[H])nc(N([H])c2c([H])c([H])c([H])c([H])c2C(=O)N([H])OC([H])([H])[H])c1Cl,0,-0.15372427,-0.28249136,-151.7470012848793,-26.415453977076375,0.025040269,0.02364996,0.024345115,-0.007865384,-0.0075606853,-0.0077130347,-1218410.2965162953,2.2069222535938025,-1218400.4767457664,-1218406.0634546245
S2-42.10,intermediate,[H]c1nc(N([H])c2c([H])c(N([H])C(=O)[C-:91]([H])[C:92]([H])([H])[S:93]C([H])([H])[H])c([H])c([H])c2OC([H])([H])[H])nc(N([H])c2c([H])c([H])c([H])c([H])c2C(=O)N([H])OC([H])([H])[H])c1Cl,-1,-0.3942858,-0.10114485,-73.81430428327077,53.51077787102081,0.0061129853,0.013313942,0.0097134635,0.00985536,0.1377629,0.07380913,-1493423.7914989193,3.464671704918146,-1493411.3351800551,-1493416.2927958393
S2-42.10,product,[H]c1nc(N([H])c2c([H])c(N([H])C(=O)[C:91]([H])([H])[C:92]([H])([H])[S:93]C([H])([H])[H])c([H])c([H])c2OC([H])([H])[H])nc(N([H])c2c([H])c([H])c([H])c([H])c2C(=O)N([H])OC([H])([H])[H])c1Cl,0,-0.15573423,-0.11839447,-144.1638714549614,-22.29867722921364,-0.013748616,-0.013334759,-0.013541687,0.0038855523,0.0023710579,0.003128305,-1493776.3052851916,6.098383171483874,-1493763.880274414,-1493769.1104406484
S2-45.1,reactant,[H]c1nc(N([H])c2c([H])c(N([H])C(=O)/[C:91]([H])=[C:92](\[H])C([H])([H])N(C([H])([H])[H])C([H])([H])[H])c([H])c([H])c2OC([H])([H])[H])nc(N([H])c2c([H])c([H])c([H])c([H])c2C(=O)N([H])C([H])([H])[H])c1Cl,0,-0.16707684,-0.10066713,-148.79844302577004,-21.976727763102836,-0.015197471,-0.013033986,-0.014115728,0.010846868,0.0015039444,0.0061754063,-1280029.3649080608,3.428765010088682,-1280019.4450384222,-1280025.8268774317
S2-45.1,intermediate,[H]c1nc(N([H])c2c([H])c(N([H])C(=O)[C-:91]([H])[C:92]([H])(C([H])([H])N(C([H])([H])[H])C([H])([H])[H])[S:93]C([H])([H])[H])c([H])c([H])c2OC([H])([H])[H])nc(N([H])c2c([H])c([H])c([H])c([H])c2C(=O)N([H])C([H])([H])[H])c1Cl,-1,-0.49653047,-0.02177368,-63.385976988860186,42.699504355940434,0.015815893,0.013271275,0.014543584,0.045045972,0.20659018,0.12581807,-1555021.2331823066,5.065323216840625,-1555008.5289038261,-1555014.340943706
S2-45.1,product,[H]c1nc(N([H])c2c([H])c(N([H])C(=O)[C:91]([H])([H])[C:92]([H])(C([H])([H])N(C([H])([H])[H])C([H])([H])[H])[S:93]C([H])([H])[H])c([H])c([H])c2OC([H])([H])[H])nc(N([H])c2c([H])c([H])c([H])c([H])c2C(=O)N([H])C([H])([H])[H])c1Cl,0,-0.14617623,-0.041455563,-137.36367682486534,-19.145314420468875,-0.031210175,-0.03322416,-0.032217167,0.008430585,0.005838722,0.0071346536,-1555390.0909373616,6.9448349960148335,-1555378.0344971253,-1555384.9762071935
S2-45.2,reactant,[H]c1nc(N([H])c2c([H])c(N([H])C(=O)/[C:91]([H])=[C:92](\[H])C([H])([H])N(C([H])([H])[H])C([H])([H])[H])c([H])c([H])c2OC([H])([H])[H])nc(N([H])c2c([H])c([H])c([H])c([H])c2C(=O)N([H])C([H])([H])[H])c1Cl,0,-0.1520333,-0.1392095,-142.41651367446812,-22.398580437290327,0.012471929,0.008175492,0.010323711,-0.011685759,-0.012757346,-0.012221552,-1280022.7834712425,3.034588363021612,-1280013.7407039315,-1280019.0990135397
S2-45.2,intermediate,[H]c1nc(N([H])c2c([H])c(N([H])C(=O)[C-:91]([H])[C:92]([H])(C([H])([H])N(C([H])([H])[H])C([H])([H])[H])[S:93]C([H])([H])[H])c([H])c([H])c2OC([H])([H])[H])nc(N([H])c2c([H])c([H])c([H])c([H])c2C(=O)N([H])C([H])([H])[H])c1Cl,-1,-0.166512,-0.120444275,-76.95797364520504,30.075608834003923,0.005830981,0.0036598444,0.0047454126,0.005859509,-0.0003298819,0.0027648136,-1555023.3915018616,9.038025833666325,-1554998.0662863294,-1555003.4065994937
S2-45.2,product,[H]c1nc(N([H])c2c([H])c(N([H])C(=O)[C:91]([H])([H])[C:92]([H])(C([H])([H])N(C([H])([H])[H])C([H])([H])[H])[S:93]C([H])([H])[H])c([H])c([H])c2OC([H])([H])[H])nc(N([H])c2c([H])c([H])c([H])c([H])c2C(=O)N([H])C([H])([H])[H])c1Cl,0,-0.13721469,-0.047707975,-145.31160717695738,-20.454056312283264,-0.024430513,-0.025391422,-0.024910968,0.003907487,0.0023947805,0.0031511337,-1555399.1224151365,8.11890528537333,-1555384.2020673119,-1555391.2000686254
S2-45.3,reactant,[H]c1nc(N([H])c2c([H])c(N([H])C(=O)/[C:91]([H])=[C:92](\[H])C([H])([H])N(C([H])([H])[H])C([H])([H])[H])c([H])c([H])c2OC([H])([H])[H])nc(N([H])c2c([H])c([H])c([H])c([H])c2C(=O)N([H])C([H])([H])[H])c1Cl,0,-0.18355982,-0.08736896,-140.5285550587961,-21.982249544308484,0.0072609484,0.004624136,0.005942542,0.02352865,0.001213327,0.012370989,-1280023.5524673774,5.533821899443865,-1280014.0793452978,-1280020.2939047704
S2-45.3,intermediate,[H]c1nc(N([H])c2c([H])c(N([H])C(=O)[C-:91]([H])[C:92]([H])(C([H])([H])N(C([H])([H])[H])C([H])([H])[H])[S:93]C([H])([H])[H])c([H])c([H])c2OC([H])([H])[H])nc(N([H])c2c([H])c([H])c([H])c([H])c2C(=O)N([H])C([H])([H])[H])c1Cl,-1,-0.51025,-0.03368213,-63.11699065829467,41.282506846189854,-0.0059099607,0.0022322722,-0.0018388443,0.0346995,0.20970035,0.12219992,-1555014.7873475656,5.380432605743408,-1555000.76803574,-1555006.8191572584
S2-45.3,product,[H]c1nc(N([H])c2c([H])c(N([H])C(=O)[C:91]([H])([H])[C:92]([H])(C([H])([H])N(C([H])([H])[H])C([H])([H])[H])[S:93]C([H])([H])[H])c([H])c([H])c2OC([H])([H])[H])nc(N([H])c2c([H])c([H])c([H])c([H])c2C(=O)N([H])C([H])([H])[H])c1Cl,0,-0.13840163,-0.05076256,-136.53483879144332,-18.63356939245248,-0.034716543,-0.036112856,-0.0354147,0.002022162,-1.1458993e-05,0.0010053515,-1555388.9201758772,5.959180751815438,-1555377.7328250923,-1555383.781575688
S2-45.4,reactant,[H]c1nc(N([H])c2c([H])c(N([H])C(=O)/[C:91]([H])=[C:92](\[H])C([H])([H])N(C([H])([H])[H])C([H])([H])[H])c([H])c([H])c2OC([H])([H])[H])nc(N([H])c2c([H])c([H])c([H])c([H])c2C(=O)N([H])C([H])([H])[H])c1Cl,0,-0.15636374,-0.10881128,-143.45768346831747,-24.730553550662986,-0.0005928576,-0.004722774,-0.0026578158,0.012085095,-0.00049474835,0.0057951733,-1280025.8233122656,4.8660386726260185,-1280016.6657433778,-1280022.1770140023
S2-45.4,intermediate,[H]c1nc(N([H])c2c([H])c(N([H])C(=O)[C-:91]([H])[C:92]([H])(C([H])([H])N(C([H])([H])[H])C([H])([H])[H])[S:93]C([H])([H])[H])c([H])c([H])c2OC([H])([H])[H])nc(N([H])c2c([H])c([H])c([H])c([H])c2C(=O)N([H])C([H])([H])[H])c1Cl,-1,-0.4753013,-0.03238319,-64.11257458100854,40.322652298887625,-0.0017974768,0.0054986514,0.0018505873,0.028176278,0.18207774,0.10512701,-1555019.7504908075,5.500881550833583,-1555004.949364242,-1555010.5620275517
S2-45.4,product,[H]c1nc(N([H])c2c([H])c(N([H])C(=O)[C:91]([H])([H])[C:92]([H])(C([H])([H])N(C([H])([H])[H])C([H])([H])[H])[S:93]C([H])([H])[H])c([H])c([H])c2OC([H])([H])[H])nc(N([H])c2c([H])c([H])c([H])c([H])c2C(=O)N([H])C([H])([H])[H])c1Cl,0,-0.12134722,-0.048784662,-141.74039068692497,-19.279276862594074,-0.029643971,-0.031976867,-0.03081042,-0.0026316643,-0.0038742423,-0.0032529533,-1555393.8480995635,4.634265212342143,-1555383.5591899732,-1555389.9202526303
S2-45.5,reactant,[H]c1nc(N([H])c2c([H])c(N([H])C(=O)/[C:91]([H])=[C:92](\[H])C([H])([H])N(C([H])([H])[H])C([H])([H])[H])c([H])c([H])c2OC([H])([H])[H])nc(N([H])c2c([H])c([H])c([H])c([H])c2C(=O)N([H])C([H])([H])[H])c1Cl,0,-0.15813327,-0.10936869,-142.71595723476062,-23.477653484622632,0.005336508,-0.00089493394,0.002220787,0.010507226,-0.0008433759,0.004831925,-1280023.3921627905,6.030010245740414,-1280013.036739975,-1280019.2529431519
S2-45.5,intermediate,[H]c1nc(N([H])c2c([H])c(N([H])C(=O)[C-:91]([H])[C:92]([H])(C([H])([H])N(C([H])([H])[H])C([H])([H])[H])[S:93]C([H])([H])[H])c([H])c([H])c2OC([H])([H])[H])nc(N([H])c2c([H])c([H])c([H])c([H])c2C(=O)N([H])C([H])([H])[H])c1Cl,-1,-0.17585966,-0.12495404,-73.4856322663916,35.64214112752422,-0.000119410455,0.0013061389,0.00059336424,0.008743614,0.0026814193,0.0057125166,-1555028.674029202,5.221478605642915,-1555015.1109044123,-1555021.9242769496
S2-45.5,product,[H]c1nc(N([H])c2c([H])c(N([H])C(=O)[C:91]([H])([H])[C:92]([H])(C([H])([H])N(C([H])([H])[H])C([H])([H])[H])[S:93]C([H])([H])[H])c([H])c([H])c2OC([H])([H])[H])nc(N([H])c2c([H])c([H])c([H])c([H])c2C(=O)N([H])C([H])([H])[H])c1Cl,0,-0.13092998,-0.044998255,-136.9430204292385,-21.489238804522426,-0.034670934,-0.036253262,-0.0354621,0.0034014136,0.0012993515,0.0023503825,-1555387.0378651111,5.948315506801009,-1555375.2818094806,-1555382.3826998537
S2-45.6,reactant,[H]c1nc(N([H])c2c([H])c(N([H])C(=O)/[C:91]([H])=[C:92](\[H])C([H])([H])N(C([H])([H])[H])C([H])([H])[H])c([H])c([H])c2OC([H])([H])[H])nc(N([H])c2c([H])c([H])c([H])c([H])c2C(=O)N([H])C([H])([H])[H])c1Cl,0,-0.1607739,-0.11051016,-143.60006538063138,-24.866565722319717,-0.007343501,-0.010483198,-0.008913349,0.012394339,-6.54012e-05,0.006164469,-1280023.971247781,3.546102287247777,-1280014.0437368127,-1280020.7079951533
S2-45.6,intermediate,[H]c1nc(N([H])c2c([H])c(N([H])C(=O)[C-:91]([H])[C:92]([H])(C([H])([H])N(C([H])([H])[H])C([H])([H])[H])[S:93]C([H])([H])[H])c([H])c([H])c2OC([H])([H])[H])nc(N([H])c2c([H])c([H])c([H])c([H])c2C(=O)N([H])C([H])([H])[H])c1Cl,-1,-0.4838949,-0.023725128,-63.008872614756235,43.168550526991446,-0.004856527,-0.0003583338,-0.0026074303,0.050439447,0.21264496,0.1315422,-1555016.1710868645,7.4554244261235,-1554995.3277883905,-1555001.984023345
S2-45.6,product,[H]c1nc(N([H])c2c([H])c(N([H])C(=O)[C:91]([H])([H])[C:92]([H])(C([H])([H])N(C([H])([H])[H])C([H])([H])[H])[S:93]C([H])([H])[H])c([H])c([H])c2OC([H])([H])[H])nc(N([H])c2c([H])c([H])c([H])c([H])c2C(=O)N([H])C([H])([H])[H])c1Cl,0,-0.14293224,-0.058059767,-136.8105288857708,-21.15087916155136,-0.026371442,-0.028001659,-0.02718655,0.008055523,0.0059338063,0.0069946647,-1555386.8221700473,2.668013935908675,-1555376.1804130692,-1555382.1901522356
S2-45.7,reactant,[H]c1nc(N([H])c2c([H])c(N([H])C(=O)/[C:91]([H])=[C:92](\[H])C([H])([H])N(C([H])([H])[H])C([H])([H])[H])c([H])c([H])c2OC([H])([H])[H])nc(N([H])c2c([H])c([H])c([H])c([H])c2C(=O)N([H])C([H])([H])[H])c1Cl,0,-0.15736923,-0.12374416,-143.46778455620353,-23.770266942817837,0.02939926,0.02815403,0.028776646,-0.010324746,-0.016498253,-0.0134115,-1280019.941592926,2.887400733307004,-1280009.6369617006,-1280015.8201234008
S2-45.7,intermediate,[H]c1nc(N([H])c2c([H])c(N([H])C(=O)[C-:91]([H])[C:92]([H])(C([H])([H])N(C([H])([H])[H])C([H])([H])[H])[S:93]C([H])([H])[H])c([H])c([H])c2OC([H])([H])[H])nc(N([H])c2c([H])c([H])c([H])c([H])c2C(=O)N([H])C([H])([H])[H])c1Cl,-1,-0.42358127,-0.052093018,-65.56598724081493,41.02702752607631,0.020630512,0.019512542,0.020071527,0.080476254,0.2396875,0.16008188,-1555016.5144146122,4.511146206408739,-1555004.5958619132,-1555009.8775728124
S2-45.7,product,[H]c1nc(N([H])c2c([H])c(N([H])C(=O)[C:91]([H])([H])[C:92]([H])(C([H])([H])N(C([H])([H])[H])C([H])([H])[H])[S:93]C([H])([H])[H])c([H])c([H])c2OC([H])([H])[H])nc(N([H])c2c([H])c([H])c([H])c([H])c2C(=O)N([H])C([H])([H])[H])c1Cl,0,-0.13284552,-0.04934582,-139.35508833576455,-21.797189986733766,-0.027146311,-0.03004548,-0.028595895,0.0055816174,0.002354607,0.003968112,-1555383.108312194,2.984475251287222,-1555369.0646031282,-1555374.8127493248
S2-45.8,reactant,[H]c1nc(N([H])c2c([H])c(N([H])C(=O)/[C:91]([H])=[C:92](\[H])C([H])([H])N(C([H])([H])[H])C([H])([H])[H])c([H])c([H])c2OC([H])([H])[H])nc(N([H])c2c([H])c([H])c([H])c([H])c2C(=O)N([H])C([H])([H])[H])c1Cl,0,-0.17635848,-0.08714441,-143.10150073117242,-25.726050589952983,0.026500143,0.019305803,0.022902973,0.009849846,-0.0043260455,0.0027619004,-1280022.4938032553,4.436011582612991,-1280013.6397359436,-1280018.9962083322
S2-45.8,intermediate,[H]c1nc(N([H])c2c([H])c(N([H])C(=O)[C-:91]([H])[C:92]([H])(C([H])([H])N(C([H])([H])[H])C([H])([H])[H])[S:93]C([H])([H])[H])c([H])c([H])c2OC([H])([H])[H])nc(N([H])c2c([H])c([H])c([H])c([H])c2C(=O)N([H])C([H])([H])[H])c1Cl,-1,-0.5442301,-0.04754718,-63.39663520631155,40.086247125425295,0.0044000186,0.011853639,0.008126829,0.059504747,0.2373144,0.14840958,-1555014.058391452,5.089699372649193,-1554999.9817920749,-1555006.5839949956
S2-45.8,product,[H]c1nc(N([H])c2c([H])c(N([H])C(=O)[C:91]([H])([H])[C:92]([H])(C([H])([H])N(C([H])([H])[H])C([H])([H])[H])[S:93]C([H])([H])[H])c([H])c([H])c2OC([H])([H])[H])nc(N([H])c2c([H])c([H])c([H])c([H])c2C(=O)N([H])C([H])([H])[H])c1Cl,0,-0.14248477,-0.034128413,-138.24275324098105,-23.449290709210644,-0.029311,-0.03288091,-0.031095954,0.0066123307,0.0028200895,0.00471621,-1555388.2790227607,2.9991857800632715,-1555378.968498508,-1555384.6946490167
S2-45.9,reactant,[H]c1nc(N([H])c2c([H])c(N([H])C(=O)/[C:91]([H])=[C:92](\[H])C([H])([H])N(C([H])([H])[H])C([H])([H])[H])c([H])c([H])c2OC([H])([H])[H])nc(N([H])c2c([H])c([H])c([H])c([H])c2C(=O)N([H])C([H])([H])[H])c1Cl,0,-0.14930692,-0.13886656,-143.45933234763973,-24.485952998217723,0.006380141,0.004314661,0.005347401,-0.008987352,-0.0114649385,-0.010226145,-1280025.3339013786,4.803692160174251,-1280016.649367125,-1280021.727316793
S2-45.9,intermediate,[H]c1nc(N([H])c2c([H])c(N([H])C(=O)[C-:91]([H])[C:92]([H])(C([H])([H])N(C([H])([H])[H])C([H])([H])[H])[S:93]C([H])([H])[H])c([H])c([H])c2OC([H])([H])[H])nc(N([H])c2c([H])c([H])c([H])c([H])c2C(=O)N([H])C([H])([H])[H])c1Cl,-1,-0.47629002,-0.01692819,-62.91683733328673,41.279023887988124,-0.007630337,-0.003073264,-0.0053518005,0.024438292,0.18879193,0.10661511,-1555019.7270698603,2.8984024953097105,-1555005.8905141826,-1555011.4997686886
S2-45.9,product,[H]c1nc(N([H])c2c([H])c(N([H])C(=O)[C:91]([H])([H])[C:92]([H])(C([H])([H])N(C([H])([H])[H])C([H])([H])[H])[S:93]C([H])([H])[H])c([H])c([H])c2OC([H])([H])[H])nc(N([H])c2c([H])c([H])c([H])c([H])c2C(=O)N([H])C([H])([H])[H])c1Cl,0,-0.14066607,-0.043006446,-138.94657505577024,-22.29819761968686,-0.034211244,-0.036721963,-0.035466604,0.005161807,0.0017649233,0.0034633651,-1555388.991398184,6.015526723116636,-1555377.9296720568,-1555384.0769388028
S2-45.10,reactant,[H]c1nc(N([H])c2c([H])c(N([H])C(=O)/[C:91]([H])=[C:92](\[H])C([H])([H])N(C([H])([H])[H])C([H])([H])[H])c([H])c([H])c2OC([H])([H])[H])nc(N([H])c2c([H])c([H])c([H])c([H])c2C(=O)N([H])C([H])([H])[H])c1Cl,0,-0.15059815,-0.110083334,-147.5301170091502,-27.00126546116562,-0.008318946,-0.009265155,-0.00879205,0.02142483,0.00084479153,0.011134811,-1280021.9558967308,3.762927772477269,-1280012.5900542538,-1280017.033148798
S2-45.10,intermediate,[H]c1nc(N([H])c2c([H])c(N([H])C(=O)[C-:91]([H])[C:92]([H])(C([H])([H])N(C([H])([H])[H])C([H])([H])[H])[S:93]C([H])([H])[H])c([H])c([H])c2OC([H])([H])[H])nc(N([H])c2c([H])c([H])c([H])c([H])c2C(=O)N([H])C([H])([H])[H])c1Cl,-1,-0.41080877,-0.0610465,-62.76594346526885,40.48817720776503,0.011388931,0.015549328,0.01346913,0.04413283,0.17859066,0.11136174,-1555011.7114601617,3.5480419490486383,-1554999.8694964861,-1555006.2485080431
S2-45.10,product,[H]c1nc(N([H])c2c([H])c(N([H])C(=O)[C:91]([H])([H])[C:92]([H])(C([H])([H])N(C([H])([H])[H])C([H])([H])[H])[S:93]C([H])([H])[H])c([H])c([H])c2OC([H])([H])[H])nc(N([H])c2c([H])c([H])c([H])c([H])c2C(=O)N([H])C([H])([H])[H])c1Cl,0,-0.1502596,-0.052436415,-136.9059441672978,-20.339813758346,-0.023711266,-0.025549065,-0.024630167,0.010491565,0.008377895,0.00943473,-1555387.9197451668,5.803569069132209,-1555375.246657964,-1555381.8342716368
S2-47.1,reactant,[H]c1nc(N([H])c2c([H])c(N([H])C(=O)[C:91]3=[C:92]([H])C([H])([H])C([H])([H])N(C([H])([H])[H])C3([H])[H])c([H])c([H])c2OC([H])([H])[H])nc(-c2c([H])nn3c([H])c([H])c([H])c([H])c23)c1Cl,0,-0.013318567,-0.14742294,-150.32353454969783,-27.79158867235895,0.0196442,0.02419106,0.02191763,-0.042897955,-0.045629404,-0.04426368,-1231255.041756989,1.84321747161448,-1231246.9690639514,-1231252.3208799032
S2-47.1,intermediate,[H]C1=C([H])c2c(-c3nc(N([H])c4c([H])c(N([H])C(=O)[C-:91]5C([H])([H])N(C([H])([H])[H])C([H])([H])C([H])([H])[C:92]5([H])[S:93]C([H])([H])[H])c([H])c([H])c4OC([H])([H])[H])nc([H])c3Cl)c([H])nn2C([H])=C1[H],-1,-0.014499842,-0.14578551,-82.57647184378206,27.523153505168338,0.0026717186,0.0053338557,0.004002787,-0.014637733,-0.024987113,-0.019812424,-1506260.8863775923,4.357968274503946,-1506247.441584874,-1506253.7059610523
S2-47.1,product,[H]c1nc(N([H])c2c([H])c(N([H])C(=O)[C:91]3([H])C([H])([H])N(C([H])([H])[H])C([H])([H])C([H])([H])[C:92]3([H])[S:93]C([H])([H])[H])c([H])c([H])c2OC([H])([H])[H])nc(-c2c([H])nn3c([H])c([H])c([H])c([H])c23)c1Cl,0,-0.08521686,-0.05836006,-146.67245385478805,-27.052087715743088,-0.028310996,-0.026040222,-0.027175609,-0.008357868,-0.010857999,-0.009607933,-1506611.9968953303,2.6856114510446787,-1506599.707504404,-1506603.7545215287
S2-47.2,reactant,[H]c1nc(N([H])c2c([H])c(N([H])C(=O)[C:91]3=[C:92]([H])C([H])([H])C([H])([H])N(C([H])([H])[H])C3([H])[H])c([H])c([H])c2OC([H])([H])[H])nc(-c2c([H])nn3c([H])c([H])c([H])c([H])c23)c1Cl,0,-0.0099193975,-0.15799001,-150.65145153375423,-28.78745790038552,-0.0005040318,0.0065172464,0.0030066073,-0.04493543,-0.04152498,-0.043230206,-1231253.1359663666,1.9056069180369377,-1231243.697864791,-1231249.610845087
S2-47.2,intermediate,[H]C1=C([H])c2c(-c3nc(N([H])c4c([H])c(N([H])C(=O)[C-:91]5C([H])([H])N(C([H])([H])[H])C([H])([H])C([H])([H])[C:92]5([H])[S:93]C([H])([H])[H])c([H])c([H])c4OC([H])([H])[H])nc([H])c3Cl)c([H])nn2C([H])=C1[H],-1,-0.32792905,-0.05501193,-68.32799662514707,38.57461717037752,-0.0140279755,-0.008906584,-0.01146728,0.045779526,0.23379001,0.13978477,-1506250.6862813546,3.250360157340765,-1506237.3620599126,-1506243.0876468886
S2-47.2,product,[H]c1nc(N([H])c2c([H])c(N([H])C(=O)[C:91]3([H])C([H])([H])N(C([H])([H])[H])C([H])([H])C([H])([H])[C:92]3([H])[S:93]C([H])([H])[H])c([H])c([H])c2OC([H])([H])[H])nc(-c2c([H])nn3c([H])c([H])c([H])c([H])c23)c1Cl,0,-0.09098601,-0.06087614,-147.39297210377688,-28.043240475952267,-0.02335833,-0.022010505,-0.022684418,-0.007783182,-0.009409636,-0.008596409,-1506612.3598152036,4.52830427326262,-1506594.560198665,-1506599.5269366745
S2-47.3,reactant,[H]c1nc(N([H])c2c([H])c(N([H])C(=O)[C:91]3=[C:92]([H])C([H])([H])C([H])([H])N(C([H])([H])[H])C3([H])[H])c([H])c([H])c2OC([H])([H])[H])nc(-c2c([H])nn3c([H])c([H])c([H])c([H])c23)c1Cl,0,-0.01607341,-0.14822981,-148.70491145720246,-24.993021427931303,0.021019027,0.025431134,0.02322508,-0.042998157,-0.0454785,-0.04423833,-1231253.098789189,1.9046546556055546,-1231244.2878655307,-1231250.2169382938
S2-47.3,intermediate,[H]C1=C([H])c2c(-c3nc(N([H])c4c([H])c(N([H])C(=O)[C-:91]5C([H])([H])N(C([H])([H])[H])C([H])([H])C([H])([H])[C:92]5([H])[S:93]C([H])([H])[H])c([H])c([H])c4OC([H])([H])[H])nc([H])c3Cl)c([H])nn2C([H])=C1[H],-1,-0.022628777,-0.14745235,-80.11357810058168,29.524717357519226,0.0065583587,0.009564057,0.008061208,-0.010789104,-0.021122158,-0.01595563,-1506261.853670426,6.687102505937219,-1506241.760406224,-1506247.6435567352
S2-47.3,product,[H]c1nc(N([H])c2c([H])c(N([H])C(=O)[C:91]3([H])C([H])([H])N(C([H])([H])[H])C([H])([H])C([H])([H])[C:92]3([H])[S:93]C([H])([H])[H])c([H])c([H])c2OC([H])([H])[H])nc(-c2c([H])nn3c([H])c([H])c([H])c([H])c23)c1Cl,0,-0.08390716,-0.026824994,-145.74775714306452,-27.75061588421286,-0.03984502,-0.039930746,-0.039887883,-0.010052465,-0.013190314,-0.01162139,-1506611.7560690816,3.382716741412878,-1506599.1900178562,-1506607.4342498328
S2-47.4,reactant,[H]c1nc(N([H])c2c([H])c(N([H])C(=O)[C:91]3=[C:92]([H])C([H])([H])C([H])([H])N(C([H])([H])[H])C3([H])[H])c([H])c([H])c2OC([H])([H])[H])nc(-c2c([H])nn3c([H])c([H])c([H])c([H])c23)c1Cl,0,-0.0105739385,-0.1567475,-149.39428984230005,-26.566070346266034,0.002508238,0.0074432045,0.0049757212,-0.045941997,-0.041677397,-0.043809697,-1231251.1624250608,6.6037470400333405,-1231239.8783541713,-1231247.081058373
S2-47.4,intermediate,[H]C1=C([H])c2c(-c3nc(N([H])c4c([H])c(N([H])C(=O)[C-:91]5C([H])([H])N(C([H])([H])[H])C([H])([H])C([H])([H])[C:92]5([H])[S:93]C([H])([H])[H])c([H])c([H])c4OC([H])([H])[H])nc([H])c3Cl)c([H])nn2C([H])=C1[H],-1,-0.0017052202,-0.14773075,-79.99148790068858,33.956691217792866,-0.004125938,-0.00028161705,-0.0022037774,-0.016435346,-0.027899357,-0.022167351,-1506260.3139276232,3.061880335211754,-1506248.1110251925,-1506255.662990515
S2-47.4,product,[H]c1nc(N([H])c2c([H])c(N([H])C(=O)[C:91]3([H])C([H])([H])N(C([H])([H])[H])C([H])([H])C([H])([H])[C:92]3([H])[S:93]C([H])([H])[H])c([H])c([H])c2OC([H])([H])[H])nc(-c2c([H])nn3c([H])c([H])c([H])c([H])c23)c1Cl,0,-0.07976954,-0.05720173,-145.67369723506937,-19.175785029912277,-0.016765285,-0.015464082,-0.016114684,-0.0024162605,-0.0052080974,-0.003812179,-1506615.7986797343,2.739007679745555,-1506603.3604008232,-1506611.2314821798
S2-47.5,reactant,[H]c1nc(N([H])c2c([H])c(N([H])C(=O)[C:91]3=[C:92]([H])C([H])([H])C([H])([H])N(C([H])([H])[H])C3([H])[H])c([H])c([H])c2OC([H])([H])[H])nc(-c2c([H])nn3c([H])c([H])c([H])c([H])c23)c1Cl,0,-0.008653497,-0.15767764,-150.7240745076585,-29.051709627814155,-0.0004862696,0.006433189,0.0029734597,-0.045038007,-0.04171092,-0.043374464,-1231253.2207099586,1.8012965582311153,-1231242.9940432543,-1231249.7954257412
S2-47.5,intermediate,[H]C1=C([H])c2c(-c3nc(N([H])c4c([H])c(N([H])C(=O)[C-:91]5C([H])([H])N(C([H])([H])[H])C([H])([H])C([H])([H])[C:92]5([H])[S:93]C([H])([H])[H])c([H])c([H])c4OC([H])([H])[H])nc([H])c3Cl)c([H])nn2C([H])=C1[H],-1,-0.29247028,-0.06016183,-67.5717801241663,36.25420483903009,-0.018665798,-0.010659598,-0.014662698,0.041457206,0.22287893,0.13216807,-1506251.5667850042,2.982728408649564,-1506240.1768391198,-1506246.122850396
S2-47.5,product,[H]c1nc(N([H])c2c([H])c(N([H])C(=O)[C:91]3([H])C([H])([H])N(C([H])([H])[H])C([H])([H])C([H])([H])[C:92]3([H])[S:93]C([H])([H])[H])c([H])c([H])c2OC([H])([H])[H])nc(-c2c([H])nn3c([H])c([H])c([H])c([H])c23)c1Cl,0,-0.087138355,-0.06263894,-146.7830964883254,-28.521790134458804,-0.029641077,-0.02580411,-0.027722593,-0.0070246756,-0.009324275,-0.008174475,-1506611.063682893,3.269323419779539,-1506592.1627071656,-1506601.6456780015
S2-47.6,reactant,[H]c1nc(N([H])c2c([H])c(N([H])C(=O)[C:91]3=[C:92]([H])C([H])([H])C([H])([H])N(C([H])([H])[H])C3([H])[H])c([H])c([H])c2OC([H])([H])[H])nc(-c2c([H])nn3c([H])c([H])c([H])c([H])c23)c1Cl,0,-0.011542411,-0.16623309,-150.57180073453125,-27.780362838115792,0.007931367,0.011418253,0.00967481,-0.039704658,-0.040198267,-0.039951462,-1231255.917860448,1.8902873191982508,-1231247.3592252305,-1231252.6569800298
S2-47.6,intermediate,[H]C1=C([H])c2c(-c3nc(N([H])c4c([H])c(N([H])C(=O)[C-:91]5C([H])([H])N(C([H])([H])[H])C([H])([H])C([H])([H])[C:92]5([H])[S:93]C([H])([H])[H])c([H])c([H])c4OC([H])([H])[H])nc([H])c3Cl)c([H])nn2C([H])=C1[H],-1,-0.3181373,-0.053126957,-68.98276510460663,36.10455890851321,-0.014644887,-0.00923638,-0.011940634,0.031082451,0.21406752,0.122574985,-1506253.5538136219,2.7203950844705105,-1506238.4153228311,-1506244.9259401262
S2-47.6,product,[H]c1nc(N([H])c2c([H])c(N([H])C(=O)[C:91]3([H])C([H])([H])N(C([H])([H])[H])C([H])([H])C([H])([H])[C:92]3([H])[S:93]C([H])([H])[H])c([H])c([H])c2OC([H])([H])[H])nc(-c2c([H])nn3c([H])c([H])c([H])c([H])c23)c1Cl,0,-0.0746747,-0.048889305,-146.58568498620528,-28.031103986418632,-0.033463255,-0.03131486,-0.032389056,-0.0057343915,-0.012779653,-0.009257022,-1506612.2345607493,1.5344428289681673,-1506603.1249852106,-1506609.005902331
S2-47.7,reactant,[H]c1nc(N([H])c2c([H])c(N([H])C(=O)[C:91]3=[C:92]([H])C([H])([H])C([H])([H])N(C([H])([H])[H])C3([H])[H])c([H])c([H])c2OC([H])([H])[H])nc(-c2c([H])nn3c([H])c([H])c([H])c([H])c23)c1Cl,0,-0.011504411,-0.15740834,-150.62988265859346,-29.094081895503056,-0.00037030876,0.0066991,0.0031643957,-0.046505835,-0.042617884,-0.04456186,-1231253.3474275034,1.7033149190247059,-1231243.8066159354,-1231250.1200145818
S2-47.7,intermediate,[H]C1=C([H])c2c(-c3nc(N([H])c4c([H])c(N([H])C(=O)[C-:91]5C([H])([H])N(C([H])([H])[H])C([H])([H])C([H])([H])[C:92]5([H])[S:93]C([H])([H])[H])c([H])c([H])c4OC([H])([H])[H])nc([H])c3Cl)c([H])nn2C([H])=C1[H],-1,-0.33105147,-0.04617472,-68.50288005838881,37.80428322528196,-0.0026869252,-0.00039013103,-0.0015385281,0.03960079,0.22732164,0.1334612,-1506251.90492188,4.35956303961575,-1506240.6602742728,-1506246.5141810533
S2-47.7,product,[H]c1nc(N([H])c2c([H])c(N([H])C(=O)[C:91]3([H])C([H])([H])N(C([H])([H])[H])C([H])([H])C([H])([H])[C:92]3([H])[S:93]C([H])([H])[H])c([H])c([H])c2OC([H])([H])[H])nc(-c2c([H])nn3c([H])c([H])c([H])c([H])c23)c1Cl,0,-0.08762965,-0.059411965,-144.99652399851456,-25.77168467602118,-0.025424454,-0.023120873,-0.024272664,-0.011039287,-0.012492232,-0.011765759,-1506609.2460446884,6.521903550252318,-1506597.5770599437,-1506603.9199768116
S2-47.8,reactant,[H]c1nc(N([H])c2c([H])c(N([H])C(=O)[C:91]3=[C:92]([H])C([H])([H])C([H])([H])N(C([H])([H])[H])C3([H])[H])c([H])c([H])c2OC([H])([H])[H])nc(-c2c([H])nn3c([H])c([H])c([H])c([H])c23)c1Cl,0,-0.015758248,-0.14851041,-148.6716349914298,-25.018515956380682,0.02093169,0.025338277,0.023134984,-0.043045368,-0.04552444,-0.044284903,-1231253.1182360272,3.146972334012389,-1231244.5014827473,-1231250.1715784087
S2-47.8,intermediate,[H]C1=C([H])c2c(-c3nc(N([H])c4c([H])c(N([H])C(=O)[C-:91]5C([H])([H])N(C([H])([H])[H])C([H])([H])C([H])([H])[C:92]5([H])[S:93]C([H])([H])[H])c([H])c([H])c4OC([H])([H])[H])nc([H])c3Cl)c([H])nn2C([H])=C1[H],-1,-0.0262749,-0.15100002,-79.14459184297758,33.35605495927555,0.007501632,0.010909244,0.009205438,-0.013962497,-0.022888578,-0.018425537,-1506262.371964719,6.936156019568443,-1506243.574723677,-1506249.5445173625
S2-47.8,product,[H]c1nc(N([H])c2c([H])c(N([H])C(=O)[C:91]3([H])C([H])([H])N(C([H])([H])[H])C([H])([H])C([H])([H])[C:92]3([H])[S:93]C([H])([H])[H])c([H])c([H])c2OC([H])([H])[H])nc(-c2c([H])nn3c([H])c([H])c([H])c([H])c23)c1Cl,0,-0.08960822,-0.04071441,-144.3732535607496,-24.54771876331077,-0.03143279,-0.02874991,-0.030091349,-0.012255527,-0.014166027,-0.013210777,-1506609.5675749974,3.0887894220650196,-1506597.8785314434,-1506604.6991090549
S2-47.9,reactant,[H]c1nc(N([H])c2c([H])c(N([H])C(=O)[C:91]3=[C:92]([H])C([H])([H])C([H])([H])N(C([H])([H])[H])C3([H])[H])c([H])c([H])c2OC([H])([H])[H])nc(-c2c([H])nn3c([H])c([H])c([H])c([H])c23)c1Cl,0,-0.010088201,-0.13726304,-149.7127850173866,-28.170581016360778,0.0127975345,0.01830127,0.015549403,-0.04730437,-0.04738029,-0.04734233,-1231253.1117835776,1.6662198584526777,-1231243.454098881,-1231250.3236705482
S2-47.9,intermediate,[H]C1=C([H])c2c(-c3nc(N([H])c4c([H])c(N([H])C(=O)[C-:91]5C([H])([H])N(C([H])([H])[H])C([H])([H])C([H])([H])[C:92]5([H])[S:93]C([H])([H])[H])c([H])c([H])c4OC([H])([H])[H])nc([H])c3Cl)c([H])nn2C([H])=C1[H],-1,-0.011269673,-0.14887647,-77.56914737989612,33.40610832177699,0.0017640293,0.005595267,0.003679648,-0.017966447,-0.02747636,-0.022721404,-1506260.1637737849,2.308143485337496,-1506248.4288121029,-1506254.6694465636
S2-47.9,product,[H]c1nc(N([H])c2c([H])c(N([H])C(=O)[C:91]3([H])C([H])([H])N(C([H])([H])[H])C([H])([H])C([H])([H])[C:92]3([H])[S:93]C([H])([H])[H])c([H])c([H])c2OC([H])([H])[H])nc(-c2c([H])nn3c([H])c([H])c([H])c([H])c23)c1Cl,0,-0.08500387,-0.0506174,-145.9184840021866,-26.98254214372554,-0.031686895,-0.030515034,-0.031100962,-0.007511921,-0.010681577,-0.009096749,-1506611.1595971563,4.750274080783129,-1506600.2913858455,-1506605.386642095
S2-47.10,reactant,[H]c1nc(N([H])c2c([H])c(N([H])C(=O)[C:91]3=[C:92]([H])C([H])([H])C([H])([H])N(C([H])([H])[H])C3([H])[H])c([H])c([H])c2OC([H])([H])[H])nc(-c2c([H])nn3c([H])c([H])c([H])c([H])c23)c1Cl,0,-0.01139643,-0.15722658,-150.664429438353,-29.168149261823473,-0.0007817149,0.006438583,0.002828434,-0.04599792,-0.042297754,-0.044147838,-1231253.3888320127,1.7409750446677208,-1231243.253324089,-1231250.1602649502
S2-47.10,intermediate,[H]C1=C([H])c2c(-c3nc(N([H])c4c([H])c(N([H])C(=O)[C-:91]5C([H])([H])N(C([H])([H])[H])C([H])([H])C([H])([H])[C:92]5([H])[S:93]C([H])([H])[H])c([H])c([H])c4OC([H])([H])[H])nc([H])c3Cl)c([H])nn2C([H])=C1[H],-1,-0.023528181,-0.14785196,-78.76343652592197,32.65673028945291,0.006719604,0.0101174265,0.008418515,-0.011914701,-0.022503406,-0.017209053,-1506261.5442985774,2.0880447514355183,-1506250.6859697888,-1506256.1912424513
S2-47.10,product,[H]c1nc(N([H])c2c([H])c(N([H])C(=O)[C:91]3([H])C([H])([H])N(C([H])([H])[H])C([H])([H])C([H])([H])[C:92]3([H])[S:93]C([H])([H])[H])c([H])c([H])c2OC([H])([H])[H])nc(-c2c([H])nn3c([H])c([H])c([H])c([H])c23)c1Cl,0,-0.07909734,-0.05359541,-148.04452796419955,-29.313520275969775,-0.035279114,-0.03089808,-0.033088595,-0.011767462,-0.015875682,-0.013821572,-1506610.6431714632,2.6982590947300196,-1506598.489236821,-1506607.179787091
S2-48.1,reactant,[H]c1nc(N([H])c2c([H])c(N([H])C(=O)[C:91]3=[C:92]([H])C([H])([H])N(C([H])([H])[H])C([H])([H])C3([H])[H])c([H])c([H])c2OC([H])([H])[H])nc(-c2c([H])nn3c([H])c([H])c([H])c([H])c23)c1Cl,0,-0.0069652814,-0.16333745,-150.1329230557998,-29.5530380353655,0.0057223737,0.008340985,0.007031679,-0.038717367,-0.03719631,-0.037956834,-1231253.9380468926,2.7792855333536863,-1231244.8576556891,-1231250.8918159155
S2-48.1,intermediate,[H]C1=C([H])c2c(-c3nc(N([H])c4c([H])c(N([H])C(=O)[C-:91]5C([H])([H])C([H])([H])N(C([H])([H])[H])C([H])([H])[C:92]5([H])[S:93]C([H])([H])[H])c([H])c([H])c4OC([H])([H])[H])nc([H])c3Cl)c([H])nn2C([H])=C1[H],-1,-0.3940648,-0.046930525,-65.55130429956873,38.356426923555475,0.0023832768,-8.201972e-05,0.0011506286,0.05432263,0.2432797,0.14880116,-1506249.883613894,4.87644830904901,-1506238.087332458,-1506244.4056000798
S2-48.1,product,[H]c1nc(N([H])c2c([H])c(N([H])C(=O)[C:91]3([H])C([H])([H])C([H])([H])N(C([H])([H])[H])C([H])([H])[C:92]3([H])[S:93]C([H])([H])[H])c([H])c([H])c2OC([H])([H])[H])nc(-c2c([H])nn3c([H])c([H])c([H])c([H])c23)c1Cl,0,-0.083433494,-0.06420672,-147.25079141758545,-29.10976153501567,-0.034811668,-0.033015333,-0.0339135,-0.009507567,-0.013093233,-0.0113004,-1506610.2388533326,4.516511112451553,-1506595.7376490736,-1506605.4652454343
S2-48.2,reactant,[H]c1nc(N([H])c2c([H])c(N([H])C(=O)[C:91]3=[C:92]([H])C([H])([H])N(C([H])([H])[H])C([H])([H])C3([H])[H])c([H])c([H])c2OC([H])([H])[H])nc(-c2c([H])nn3c([H])c([H])c([H])c([H])c23)c1Cl,0,-0.007850716,-0.16260892,-149.0186194421787,-27.442653427683545,0.010592565,0.010715365,0.010653965,-0.03893836,-0.036886007,-0.037912183,-1231251.8804107513,2.385213589295745,-1231243.0883960587,-1231248.3648799544
S2-48.2,intermediate,[H]C1=C([H])c2c(-c3nc(N([H])c4c([H])c(N([H])C(=O)[C-:91]5C([H])([H])C([H])([H])N(C([H])([H])[H])C([H])([H])[C:92]5([H])[S:93]C([H])([H])[H])c([H])c([H])c4OC([H])([H])[H])nc([H])c3Cl)c([H])nn2C([H])=C1[H],-1,-0.023972644,-0.14925794,-80.50521346566286,30.953807001991557,0.0039447695,0.0076390505,0.00579191,-0.019496856,-0.02288399,-0.021190424,-1506261.9211400296,3.7786500360816717,-1506247.8915317645,-1506255.3559430335
S2-48.2,product,[H]c1nc(N([H])c2c([H])c(N([H])C(=O)[C:91]3([H])C([H])([H])C([H])([H])N(C([H])([H])[H])C([H])([H])[C:92]3([H])[S:93]C([H])([H])[H])c([H])c([H])c2OC([H])([H])[H])nc(-c2c([H])nn3c([H])c([H])c([H])c([H])c23)c1Cl,0,-0.080928676,-0.052390046,-145.69763434989886,-29.080974269803708,-0.031198673,-0.033035755,-0.032117214,-0.0056656003,-0.009782121,-0.0077238604,-1506608.5582217015,3.2461940199136734,-1506597.4543800694,-1506603.16083061
S2-48.3,reactant,[H]c1nc(N([H])c2c([H])c(N([H])C(=O)[C:91]3=[C:92]([H])C([H])([H])N(C([H])([H])[H])C([H])([H])C3([H])[H])c([H])c([H])c2OC([H])([H])[H])nc(-c2c([H])nn3c([H])c([H])c([H])c([H])c23)c1Cl,0,-0.00685687,-0.16343683,-150.2439202092037,-29.607741797147433,0.005263716,0.008053914,0.006658815,-0.038840435,-0.03720118,-0.03802081,-1231253.9163299866,1.7154461182653904,-1231243.9419312363,-1231250.9887658048
S2-48.3,intermediate,[H]C1=C([H])c2c(-c3nc(N([H])c4c([H])c(N([H])C(=O)[C-:91]5C([H])([H])C([H])([H])N(C([H])([H])[H])C([H])([H])[C:92]5([H])[S:93]C([H])([H])[H])c([H])c([H])c4OC([H])([H])[H])nc([H])c3Cl)c([H])nn2C([H])=C1[H],-1,-0.36454678,-0.02111419,-64.95525263002011,39.42717698660555,-0.0064142635,-0.0105282515,-0.008471258,0.025935352,0.21614233,0.12103884,-1506242.5226296778,3.215127769857645,-1506228.8448301903,-1506236.1485065867
S2-48.3,product,[H]c1nc(N([H])c2c([H])c(N([H])C(=O)[C:91]3([H])C([H])([H])C([H])([H])N(C([H])([H])[H])C([H])([H])[C:92]3([H])[S:93]C([H])([H])[H])c([H])c([H])c2OC([H])([H])[H])nc(-c2c([H])nn3c([H])c([H])c([H])c([H])c23)c1Cl,0,-0.083458744,-0.056778986,-147.23503602584415,-26.507036656274135,-0.03141685,-0.03183349,-0.031625167,-0.00800696,-0.012019038,-0.010012999,-1506616.2686846491,5.957880979403853,-1506605.877043692,-1506611.519977452
S2-48.4,reactant,[H]c1nc(N([H])c2c([H])c(N([H])C(=O)[C:91]3=[C:92]([H])C([H])([H])N(C([H])([H])[H])C([H])([H])C3([H])[H])c([H])c([H])c2OC([H])([H])[H])nc(-c2c([H])nn3c([H])c([H])c([H])c([H])c23)c1Cl,0,-0.020990351,-0.14575252,-150.02582485027935,-27.80901108427902,0.01906164,0.022231765,0.020646702,-0.04237651,-0.040199317,-0.041287914,-1231256.0256369733,1.5011641848832369,-1231245.623830552,-1231253.2726207676
S2-48.4,intermediate,[H]C1=C([H])c2c(-c3nc(N([H])c4c([H])c(N([H])C(=O)[C-:91]5C([H])([H])C([H])([H])N(C([H])([H])[H])C([H])([H])[C:92]5([H])[S:93]C([H])([H])[H])c([H])c([H])c4OC([H])([H])[H])nc([H])c3Cl)c([H])nn2C([H])=C1[H],-1,-0.016729595,-0.15791662,-77.64544993839617,40.57324477565841,0.0126540065,0.010149926,0.011401966,-0.011553649,-0.023593852,-0.017573752,-1506259.6911461481,7.887955699115992,-1506239.9057643786,-1506245.7859719186
S2-48.4,product,[H]c1nc(N([H])c2c([H])c(N([H])C(=O)[C:91]3([H])C([H])([H])C([H])([H])N(C([H])([H])[H])C([H])([H])[C:92]3([H])[S:93]C([H])([H])[H])c([H])c([H])c2OC([H])([H])[H])nc(-c2c([H])nn3c([H])c([H])c([H])c([H])c23)c1Cl,0,-0.09053426,-0.05513196,-145.4384565276444,-27.507438347040626,-0.035728797,-0.03393254,-0.034830667,-0.005230166,-0.008436546,-0.006833356,-1506612.8273577527,3.6588589008897543,-1506600.9033133835,-1506607.7007189477
S2-48.5,reactant,[H]c1nc(N([H])c2c([H])c(N([H])C(=O)[C:91]3=[C:92]([H])C([H])([H])N(C([H])([H])[H])C([H])([H])C3([H])[H])c([H])c([H])c2OC([H])([H])[H])nc(-c2c([H])nn3c([H])c([H])c([H])c([H])c23)c1Cl,0,-0.016303968,-0.13799204,-149.889343663203,-29.46327338952188,0.016363665,0.020114489,0.018239077,-0.04470409,-0.042466655,-0.043585375,-1231254.095661967,1.5693207141011953,-1231245.2548961055,-1231251.322867739
S2-48.5,intermediate,[H]C1=C([H])c2c(-c3nc(N([H])c4c([H])c(N([H])C(=O)[C-:91]5C([H])([H])C([H])([H])N(C([H])([H])[H])C([H])([H])[C:92]5([H])[S:93]C([H])([H])[H])c([H])c([H])c4OC([H])([H])[H])nc([H])c3Cl)c([H])nn2C([H])=C1[H],-1,-0.010893449,-0.14029655,-80.56499447108826,28.374600857089387,-0.0003119707,0.0010091215,0.0003485754,-0.0038047833,-0.016078185,-0.009941485,-1506261.4506507465,2.9357007294893265,-1506249.9939907868,-1506256.1016287578
S2-48.5,product,[H]c1nc(N([H])c2c([H])c(N([H])C(=O)[C:91]3([H])C([H])([H])C([H])([H])N(C([H])([H])[H])C([H])([H])[C:92]3([H])[S:93]C([H])([H])[H])c([H])c([H])c2OC([H])([H])[H])nc(-c2c([H])nn3c([H])c([H])c([H])c([H])c23)c1Cl,0,-0.081391215,-0.030786715,-145.55702189274626,-28.54458542500898,-0.037813164,-0.03885811,-0.038335636,-0.0022122115,-0.007822961,-0.005017586,-1506617.7252372336,2.5434432215988636,-1506608.0176980526,-1506614.458951314
S2-48.6,reactant,[H]c1nc(N([H])c2c([H])c(N([H])C(=O)[C:91]3=[C:92]([H])C([H])([H])N(C([H])([H])[H])C([H])([H])C3([H])[H])c([H])c([H])c2OC([H])([H])[H])nc(-c2c([H])nn3c([H])c([H])c([H])c([H])c23)c1Cl,0,-0.023998367,-0.14723384,-148.77727648406065,-25.36150325016131,0.02076365,0.02402404,0.022393845,-0.041887052,-0.039907172,-0.04089711,-1231253.9343879567,5.083151243627071,-1231242.6781268476,-1231250.4224787543
S2-48.6,intermediate,[H]C1=C([H])c2c(-c3nc(N([H])c4c([H])c(N([H])C(=O)[C-:91]5C([H])([H])C([H])([H])N(C([H])([H])[H])C([H])([H])[C:92]5([H])[S:93]C([H])([H])[H])c([H])c([H])c4OC([H])([H])[H])nc([H])c3Cl)c([H])nn2C([H])=C1[H],-1,-0.0060261614,-0.14036962,-77.99304958159892,16.469298605842898,0.024922684,0.02300486,0.023963772,-0.017946707,-0.03363451,-0.025790608,-1506251.3852181605,2.354732133448124,-1506237.6353531848,-1506245.9669017626
S2-48.6,product,[H]c1nc(N([H])c2c([H])c(N([H])C(=O)[C:91]3([H])C([H])([H])C([H])([H])N(C([H])([H])[H])C([H])([H])[C:92]3([H])[S:93]C([H])([H])[H])c([H])c([H])c2OC([H])([H])[H])nc(-c2c([H])nn3c([H])c([H])c([H])c([H])c23)c1Cl,0,-0.080388084,-0.04135308,-147.1998550100771,-28.327458160765044,-0.040733997,-0.042148452,-0.041441225,-0.004195571,-0.007711984,-0.0059537776,-1506614.5727838539,4.030498186126351,-1506604.6479296961,-1506609.4699556585
S2-48.7,reactant,[H]c1nc(N([H])c2c([H])c(N([H])C(=O)[C:91]3=[C:92]([H])C([H])([H])N(C([H])([H])[H])C([H])([H])C3([H])[H])c([H])c([H])c2OC([H])([H])[H])nc(-c2c([H])nn3c([H])c([H])c([H])c([H])c23)c1Cl,0,-0.016652333,-0.13808277,-149.87041051750728,-29.479098800693983,0.016209692,0.020000547,0.01810512,-0.04467286,-0.042361006,-0.043516934,-1231254.1573603873,1.5319937448948622,-1231246.242023362,-1231251.4046720508
S2-48.7,intermediate,[H]C1=C([H])c2c(-c3nc(N([H])c4c([H])c(N([H])C(=O)[C-:91]5C([H])([H])C([H])([H])N(C([H])([H])[H])C([H])([H])[C:92]5([H])[S:93]C([H])([H])[H])c([H])c([H])c4OC([H])([H])[H])nc([H])c3Cl)c([H])nn2C([H])=C1[H],-1,-0.008674496,-0.1439065,-76.85518983814822,20.18381964938476,0.025765106,0.023645237,0.024705172,-0.015531767,-0.03101119,-0.023271479,-1506247.9925566253,3.8879726342856884,-1506235.8031377373,-1506241.7139746586
S2-48.7,product,[H]c1nc(N([H])c2c([H])c(N([H])C(=O)[C:91]3([H])C([H])([H])C([H])([H])N(C([H])([H])[H])C([H])([H])[C:92]3([H])[S:93]C([H])([H])[H])c([H])c([H])c2OC([H])([H])[H])nc(-c2c([H])nn3c([H])c([H])c([H])c([H])c23)c1Cl,0,-0.080632895,-0.05379255,-145.89520786383738,-28.717186711894175,-0.03167502,-0.033507027,-0.032591023,-0.009473532,-0.012317456,-0.010895494,-1506612.5086527083,2.005912821739912,-1506599.258115998,-1506608.6232975158
S2-48.8,reactant,[H]c1nc(N([H])c2c([H])c(N([H])C(=O)[C:91]3=[C:92]([H])C([H])([H])N(C([H])([H])[H])C([H])([H])C3([H])[H])c([H])c([H])c2OC([H])([H])[H])nc(-c2c([H])nn3c([H])c([H])c([H])c([H])c23)c1Cl,0,-0.016336096,-0.13823335,-149.86538503280562,-29.42379704401294,0.016177088,0.019972213,0.01807465,-0.044501096,-0.04234422,-0.043422654,-1231254.1398834835,1.5995193254202604,-1231244.2613596534,-1231251.3422504999
S2-48.8,intermediate,[H]C1=C([H])c2c(-c3nc(N([H])c4c([H])c(N([H])C(=O)[C-:91]5C([H])([H])C([H])([H])N(C([H])([H])[H])C([H])([H])[C:92]5([H])[S:93]C([H])([H])[H])c([H])c([H])c4OC([H])([H])[H])nc([H])c3Cl)c([H])nn2C([H])=C1[H],-1,-0.011204328,-0.14047648,-80.59228181374887,28.36139916850384,-0.00022442639,0.0011309087,0.00045324117,-0.003992702,-0.016145369,-0.010069035,-1506261.4697670043,2.9091649185866117,-1506249.666709155,-1506255.9321026301
S2-48.8,product,[H]c1nc(N([H])c2c([H])c(N([H])C(=O)[C:91]3([H])C([H])([H])C([H])([H])N(C([H])([H])[H])C([H])([H])[C:92]3([H])[S:93]C([H])([H])[H])c([H])c([H])c2OC([H])([H])[H])nc(-c2c([H])nn3c([H])c([H])c([H])c([H])c23)c1Cl,0,-0.08633774,-0.037591532,-146.1756190277241,-26.949221525492803,-0.044712715,-0.04485718,-0.04478495,-0.003318593,-0.006747186,-0.0050328895,-1506612.9414722056,2.395178847014904,-1506601.9746666097,-1506608.8647828547
S2-48.9,reactant,[H]c1nc(N([H])c2c([H])c(N([H])C(=O)[C:91]3=[C:92]([H])C([H])([H])N(C([H])([H])[H])C([H])([H])C3([H])[H])c([H])c([H])c2OC([H])([H])[H])nc(-c2c([H])nn3c([H])c([H])c([H])c([H])c23)c1Cl,0,-0.021092905,-0.14588068,-150.01815033995442,-27.856835546131343,0.018903196,0.022159316,0.020531256,-0.042358898,-0.040213086,-0.04128599,-1231256.0556966912,1.6096506267786026,-1231248.470836481,-1231253.269616141
S2-48.9,intermediate,[H]C1=C([H])c2c(-c3nc(N([H])c4c([H])c(N([H])C(=O)[C-:91]5C([H])([H])C([H])([H])N(C([H])([H])[H])C([H])([H])[C:92]5([H])[S:93]C([H])([H])[H])c([H])c([H])c4OC([H])([H])[H])nc([H])c3Cl)c([H])nn2C([H])=C1[H],-1,-0.377819,-0.030432662,-65.77444120499548,35.34785917245185,-0.006376609,-0.010846751,-0.00861168,0.033403426,0.20545451,0.11942897,-1506239.6266358185,4.1924251317977905,-1506224.3068444908,-1506231.5219937456
S2-48.9,product,[H]c1nc(N([H])c2c([H])c(N([H])C(=O)[C:91]3([H])C([H])([H])C([H])([H])N(C([H])([H])[H])C([H])([H])[C:92]3([H])[S:93]C([H])([H])[H])c([H])c([H])c2OC([H])([H])[H])nc(-c2c([H])nn3c([H])c([H])c([H])c([H])c23)c1Cl,0,-0.08455744,-0.049592424,-147.63014131673094,-30.117573120679634,-0.032816082,-0.03099,-0.03190304,-0.008608058,-0.009031221,-0.00881964,-1506617.222968435,2.442800873890519,-1506605.209208479,-1506613.0913657886
S2-48.10,reactant,[H]c1nc(N([H])c2c([H])c(N([H])C(=O)[C:91]3=[C:92]([H])C([H])([H])N(C([H])([H])[H])C([H])([H])C3([H])[H])c([H])c([H])c2OC([H])([H])[H])nc(-c2c([H])nn3c([H])c([H])c([H])c([H])c23)c1Cl,0,-0.006874199,-0.16355284,-150.20116818824343,-29.535158211375208,0.005341977,0.008113623,0.0067278,-0.03883284,-0.03724496,-0.038038902,-1231253.8984729205,1.7248700894415379,-1231242.9973742987,-1231250.9658055662
S2-48.10,intermediate,[H]C1=C([H])c2c(-c3nc(N([H])c4c([H])c(N([H])C(=O)[C-:91]5C([H])([H])C([H])([H])N(C([H])([H])[H])C([H])([H])[C:92]5([H])[S:93]C([H])([H])[H])c([H])c([H])c4OC([H])([H])[H])nc([H])c3Cl)c([H])nn2C([H])=C1[H],-1,-0.35201845,-0.007539425,-64.85642114457605,39.56527276410418,-0.0029225405,-0.011076326,-0.006999433,0.04035613,0.224461,0.13240856,-1506243.5106544616,6.795216467231512,-1506229.142284604,-1506235.71304169
S2-48.10,product,[H]c1nc(N([H])c2c([H])c(N([H])C(=O)[C:91]3([H])C([H])([H])C([H])([H])N(C([H])([H])[H])C([H])([H])[C:92]3([H])[S:93]C([H])([H])[H])c([H])c([H])c2OC([H])([H])[H])nc(-c2c([H])nn3c([H])c([H])c([H])c([H])c23)c1Cl,0,-0.08064574,-0.04265597,-145.37004144417796,-27.22023627270936,-0.03568553,-0.03594206,-0.035813794,-0.011347823,-0.013684273,-0.012516048,-1506610.2304559269,2.2222403958439827,-1506598.8208063317,-1506605.3951707494
S2-46.1,reactant,[H]c1nc(N([H])c2c([H])c(N([H])C(=O)[C:91](C([H])([H])N3C([H])([H])C([H])([H])OC([H])([H])C3([H])[H])=[C:92]([H])[H])c([H])c([H])c2OC([H])([H])[H])nc(N([H])c2c([H])c([H])c([H])c([H])c2C(=O)N([H])C([H])([H])[H])c1Cl,0,0.020172486,-0.29462725,-142.67315599818258,-26.28510022241938,0.047546893,0.029185623,0.03836626,-0.011481265,-0.020750184,-0.016115723,-1375856.0850198634,3.767506929114461,-1375844.1273380478,-1375850.072097872
S2-46.1,intermediate,[H]c1nc(N([H])c2c([H])c(N([H])C(=O)[C-:91](C([H])([H])N3C([H])([H])C([H])([H])OC([H])([H])C3([H])[H])[C:92]([H])([H])[S:93]C([H])([H])[H])c([H])c([H])c2OC([H])([H])[H])nc(N([H])c2c([H])c([H])c([H])c([H])c2C(=O)N([H])C([H])([H])[H])c1Cl,-1,-0.007325741,-0.33211234,-75.6276026708484,35.0105294730085,0.038852215,0.037407845,0.03813003,0.012496155,0.004930012,0.008713083,-1650879.0981903158,3.811323845759034,-1650862.2768560362,-1650868.5435506485
S2-46.1,product,[H]c1nc(N([H])c2c([H])c(N([H])C(=O)[C:91]([H])(C([H])([H])N3C([H])([H])C([H])([H])OC([H])([H])C3([H])[H])[C:92]([H])([H])[S:93]C([H])([H])[H])c([H])c([H])c2OC([H])([H])[H])nc(N([H])c2c([H])c([H])c([H])c([H])c2C(=O)N([H])C([H])([H])[H])c1Cl,0,-0.08384178,-0.110871725,-137.7442007562887,-24.960325136339957,-0.009778835,-0.008583792,-0.009181313,0.0056353956,0.0030025095,0.0043189526,-1651230.2529139298,6.606302550062537,-1651217.2660118479,-1651224.1791130165
S2-46.2,reactant,[H]c1nc(N([H])c2c([H])c(N([H])C(=O)[C:91](C([H])([H])N3C([H])([H])C([H])([H])OC([H])([H])C3([H])[H])=[C:92]([H])[H])c([H])c([H])c2OC([H])([H])[H])nc(N([H])c2c([H])c([H])c([H])c([H])c2C(=O)N([H])C([H])([H])[H])c1Cl,0,0.003879305,-0.33117512,-142.12343423143238,-26.184963932743337,0.050738066,0.04470545,0.04772176,0.001929933,-0.010042401,-0.0040562344,-1375869.1518402675,2.542204286903143,-1375858.0229291134,-1375865.4063083201
S2-46.2,intermediate,[H]c1nc(N([H])c2c([H])c(N([H])C(=O)[C-:91](C([H])([H])N3C([H])([H])C([H])([H])OC([H])([H])C3([H])[H])[C:92]([H])([H])[S:93]C([H])([H])[H])c([H])c([H])c2OC([H])([H])[H])nc(N([H])c2c([H])c([H])c([H])c([H])c2C(=O)N([H])C([H])([H])[H])c1Cl,-1,-0.38103795,-0.14375693,-65.47352795881402,41.77432399386207,0.016663343,0.017750993,0.017207168,0.09261048,0.28832698,0.19046873,-1650867.1979617288,5.155940484255552,-1650852.984228571,-1650859.0303344862
S2-46.2,product,[H]c1nc(N([H])c2c([H])c(N([H])C(=O)[C:91]([H])(C([H])([H])N3C([H])([H])C([H])([H])OC([H])([H])C3([H])[H])[C:92]([H])([H])[S:93]C([H])([H])[H])c([H])c([H])c2OC([H])([H])[H])nc(N([H])c2c([H])c([H])c([H])c([H])c2C(=O)N([H])C([H])([H])[H])c1Cl,0,-0.08713982,-0.11535325,-138.98794517109,-24.306041722355587,-0.006439574,-0.0063894317,-0.006414503,0.005218677,0.0023074895,0.0037630834,-1651222.0754067032,4.042134815827012,-1651208.0317714594,-1651214.163191681
S2-46.3,reactant,[H]c1nc(N([H])c2c([H])c(N([H])C(=O)[C:91](C([H])([H])N3C([H])([H])C([H])([H])OC([H])([H])C3([H])[H])=[C:92]([H])[H])c([H])c([H])c2OC([H])([H])[H])nc(N([H])c2c([H])c([H])c([H])c([H])c2C(=O)N([H])C([H])([H])[H])c1Cl,0,-0.0016790298,-0.33105013,-144.97662010155784,-21.165484006408732,0.05157885,0.042833,0.047205925,1.3059471e-06,-0.008805975,-0.004402335,-1375865.8080829273,5.188299812376499,-1375851.9786743717,-1375858.4388405522
S2-46.3,intermediate,[H]c1nc(N([H])c2c([H])c(N([H])C(=O)[C-:91](C([H])([H])N3C([H])([H])C([H])([H])OC([H])([H])C3([H])[H])[C:92]([H])([H])[S:93]C([H])([H])[H])c([H])c([H])c2OC([H])([H])[H])nc(N([H])c2c([H])c([H])c([H])c([H])c2C(=O)N([H])C([H])([H])[H])c1Cl,-1,-0.3625201,-0.14429735,-62.06196892587106,39.415019683695014,0.020544678,0.021738552,0.021141615,0.03279054,0.22336936,0.12807995,-1650873.940053706,4.8485779874026775,-1650860.5610470115,-1650867.9692879415
S2-46.3,product,[H]c1nc(N([H])c2c([H])c(N([H])C(=O)[C:91]([H])(C([H])([H])N3C([H])([H])C([H])([H])OC([H])([H])C3([H])[H])[C:92]([H])([H])[S:93]C([H])([H])[H])c([H])c([H])c2OC([H])([H])[H])nc(N([H])c2c([H])c([H])c([H])c([H])c2C(=O)N([H])C([H])([H])[H])c1Cl,0,-0.08307826,-0.12317051,-138.7647353379705,-24.694057241256242,-0.012442231,-0.010414958,-0.011428595,-0.0016738996,-0.0048166513,-0.0032452755,-1651232.0131471995,6.576059402897954,-1651216.3547844999,-1651224.2977667595
S2-46.4,reactant,[H]c1nc(N([H])c2c([H])c(N([H])C(=O)[C:91](C([H])([H])N3C([H])([H])C([H])([H])OC([H])([H])C3([H])[H])=[C:92]([H])[H])c([H])c([H])c2OC([H])([H])[H])nc(N([H])c2c([H])c([H])c([H])c([H])c2C(=O)N([H])C([H])([H])[H])c1Cl,0,0.0064508994,-0.31475902,-142.85707172457083,-26.640671534948215,0.042807907,0.03351721,0.03816256,-0.0011674897,-0.013560792,-0.0073641413,-1375864.242859472,4.585184253752232,-1375853.4540605652,-1375859.8920045807
S2-46.4,intermediate,[H]c1nc(N([H])c2c([H])c(N([H])C(=O)[C-:91](C([H])([H])N3C([H])([H])C([H])([H])OC([H])([H])C3([H])[H])[C:92]([H])([H])[S:93]C([H])([H])[H])c([H])c([H])c2OC([H])([H])[H])nc(N([H])c2c([H])c([H])c([H])c([H])c2C(=O)N([H])C([H])([H])[H])c1Cl,-1,-0.3691366,-0.14569536,-59.411718828199966,40.73005493523787,0.018319935,0.019528821,0.018924378,0.080073714,0.27374697,0.17691034,-1650864.2942063552,5.319577928632498,-1650850.8020406873,-1650857.0945133378
S2-46.4,product,[H]c1nc(N([H])c2c([H])c(N([H])C(=O)[C:91]([H])(C([H])([H])N3C([H])([H])C([H])([H])OC([H])([H])C3([H])[H])[C:92]([H])([H])[S:93]C([H])([H])[H])c([H])c([H])c2OC([H])([H])[H])nc(N([H])c2c([H])c([H])c([H])c([H])c2C(=O)N([H])C([H])([H])[H])c1Cl,0,-0.08030079,-0.118235104,-139.81020888315547,-24.214860547403035,-0.01760123,-0.01608432,-0.016842775,0.004932992,-0.00169646,0.0016182661,-1651224.1775507177,9.534149687737226,-1651210.8804270227,-1651218.2671128488
S2-46.5,reactant,[H]c1nc(N([H])c2c([H])c(N([H])C(=O)[C:91](C([H])([H])N3C([H])([H])C([H])([H])OC([H])([H])C3([H])[H])=[C:92]([H])[H])c([H])c([H])c2OC([H])([H])[H])nc(N([H])c2c([H])c([H])c([H])c([H])c2C(=O)N([H])C([H])([H])[H])c1Cl,0,-0.0030379167,-0.33263308,-139.70589707278737,-22.42785570409217,0.04967466,0.04271257,0.046193615,-0.0035983205,-0.01047146,-0.0070348904,-1375862.014402389,3.0127887092530727,-1375846.438664139,-1375854.8163588732
S2-46.5,intermediate,[H]c1nc(N([H])c2c([H])c(N([H])C(=O)[C-:91](C([H])([H])N3C([H])([H])C([H])([H])OC([H])([H])C3([H])[H])[C:92]([H])([H])[S:93]C([H])([H])[H])c([H])c([H])c2OC([H])([H])[H])nc(N([H])c2c([H])c([H])c([H])c([H])c2C(=O)N([H])C([H])([H])[H])c1Cl,-1,-0.3377274,-0.13739535,-64.99047435088382,45.727157121799536,0.021750033,0.020563796,0.021156915,0.1165334,0.2867627,0.20164806,-1650867.2089481303,7.233074696734548,-1650848.0669917308,-1650855.426096321
S2-46.5,product,[H]c1nc(N([H])c2c([H])c(N([H])C(=O)[C:91]([H])(C([H])([H])N3C([H])([H])C([H])([H])OC([H])([H])C3([H])[H])[C:92]([H])([H])[S:93]C([H])([H])[H])c([H])c([H])c2OC([H])([H])[H])nc(N([H])c2c([H])c([H])c([H])c([H])c2C(=O)N([H])C([H])([H])[H])c1Cl,0,-0.08370341,-0.10733515,-139.25543705099238,-25.90283877788994,-0.019988254,-0.018831342,-0.019409798,0.00043543428,-0.0028497726,-0.0012071691,-1651236.3752421907,9.032568071037531,-1651221.576319787,-1651230.9300715795
S2-46.6,reactant,[H]c1nc(N([H])c2c([H])c(N([H])C(=O)[C:91](C([H])([H])N3C([H])([H])C([H])([H])OC([H])([H])C3([H])[H])=[C:92]([H])[H])c([H])c([H])c2OC([H])([H])[H])nc(N([H])c2c([H])c([H])c([H])c([H])c2C(=O)N([H])C([H])([H])[H])c1Cl,0,0.016465878,-0.293079,-142.03133819089587,-26.409463337835852,0.04432839,0.028514892,0.03642164,-0.015365845,-0.022359546,-0.018862696,-1375868.0527847663,7.966303655877709,-1375854.3202652915,-1375862.428037182
S2-46.6,intermediate,[H]c1nc(N([H])c2c([H])c(N([H])C(=O)[C-:91](C([H])([H])N3C([H])([H])C([H])([H])OC([H])([H])C3([H])[H])[C:92]([H])([H])[S:93]C([H])([H])[H])c([H])c([H])c2OC([H])([H])[H])nc(N([H])c2c([H])c([H])c([H])c([H])c2C(=O)N([H])C([H])([H])[H])c1Cl,-1,-0.4077295,-0.11831553,-63.55664258806935,40.3667392308747,0.007994786,0.012488954,0.01024187,0.055369228,0.2585681,0.15696867,-1650866.6112673837,5.61453047581017,-1650851.8090427674,-1650858.6594011714
S2-46.6,product,[H]c1nc(N([H])c2c([H])c(N([H])C(=O)[C:91]([H])(C([H])([H])N3C([H])([H])C([H])([H])OC([H])([H])C3([H])[H])[C:92]([H])([H])[S:93]C([H])([H])[H])c([H])c([H])c2OC([H])([H])[H])nc(N([H])c2c([H])c([H])c([H])c([H])c2C(=O)N([H])C([H])([H])[H])c1Cl,0,-0.08421775,-0.108743496,-140.2841864808878,-26.64109819541599,-0.016129866,-0.015117303,-0.015623584,0.00056296587,-0.0043817237,-0.0019093789,-1651227.9301823997,6.023577455431223,-1651214.561940048,-1651223.2113149995
S2-46.7,reactant,[H]c1nc(N([H])c2c([H])c(N([H])C(=O)[C:91](C([H])([H])N3C([H])([H])C([H])([H])OC([H])([H])C3([H])[H])=[C:92]([H])[H])c([H])c([H])c2OC([H])([H])[H])nc(N([H])c2c([H])c([H])c([H])c([H])c2C(=O)N([H])C([H])([H])[H])c1Cl,0,-6.82524e-05,-0.33532426,-139.99615166057174,-24.23806391225629,0.046714038,0.037903666,0.042308852,0.0033368743,-0.0069444454,-0.0018037856,-1375861.7069302683,2.2522296886891127,-1375851.437578973,-1375858.0101358022
S2-46.7,intermediate,[H]c1nc(N([H])c2c([H])c(N([H])C(=O)[C-:91](C([H])([H])N3C([H])([H])C([H])([H])OC([H])([H])C3([H])[H])[C:92]([H])([H])[S:93]C([H])([H])[H])c([H])c([H])c2OC([H])([H])[H])nc(N([H])c2c([H])c([H])c([H])c([H])c2C(=O)N([H])C([H])([H])[H])c1Cl,-1,-0.35833034,-0.12004763,-62.81516537710554,40.65845273208267,6.9499016e-05,0.0051103085,0.0025899038,0.053185254,0.23712888,0.14515707,-1650865.9227739251,6.1039702501147985,-1650849.9322622605,-1650856.9388635599
S2-46.7,product,[H]c1nc(N([H])c2c([H])c(N([H])C(=O)[C:91]([H])(C([H])([H])N3C([H])([H])C([H])([H])OC([H])([H])C3([H])[H])[C:92]([H])([H])[S:93]C([H])([H])[H])c([H])c([H])c2OC([H])([H])[H])nc(N([H])c2c([H])c([H])c([H])c([H])c2C(=O)N([H])C([H])([H])[H])c1Cl,0,-0.082112566,-0.12774155,-137.20591843011002,-25.012164465809686,-0.007307291,-0.004550785,-0.005929038,0.00086452067,0.00125435,0.0010594353,-1651223.464277619,3.9866041895002127,-1651210.2023375512,-1651217.0579073676
S2-46.8,reactant,[H]c1nc(N([H])c2c([H])c(N([H])C(=O)[C:91](C([H])([H])N3C([H])([H])C([H])([H])OC([H])([H])C3([H])[H])=[C:92]([H])[H])c([H])c([H])c2OC([H])([H])[H])nc(N([H])c2c([H])c([H])c([H])c([H])c2C(=O)N([H])C([H])([H])[H])c1Cl,0,0.0012699445,-0.3258334,-142.0349098231504,-26.443995586688494,0.05195409,0.044585288,0.04826969,0.0014069314,-0.009401342,-0.003997205,-1375864.060529668,3.166855312883854,-1375851.5605351261,-1375858.851236607
S2-46.8,intermediate,[H]c1nc(N([H])c2c([H])c(N([H])C(=O)[C-:91](C([H])([H])N3C([H])([H])C([H])([H])OC([H])([H])C3([H])[H])[C:92]([H])([H])[S:93]C([H])([H])[H])c([H])c([H])c2OC([H])([H])[H])nc(N([H])c2c([H])c([H])c([H])c([H])c2C(=O)N([H])C([H])([H])[H])c1Cl,-1,-0.35083497,-0.15118916,-61.33538688192565,39.298009636881844,0.0070765167,0.01250793,0.009792224,0.111281246,0.28194383,0.19661254,-1650870.2953840622,5.125073455274105,-1650856.4881868945,-1650864.2193505228
S2-46.8,product,[H]c1nc(N([H])c2c([H])c(N([H])C(=O)[C:91]([H])(C([H])([H])N3C([H])([H])C([H])([H])OC([H])([H])C3([H])[H])[C:92]([H])([H])[S:93]C([H])([H])[H])c([H])c([H])c2OC([H])([H])[H])nc(N([H])c2c([H])c([H])c([H])c([H])c2C(=O)N([H])C([H])([H])[H])c1Cl,0,-0.08341693,-0.123022854,-136.51438602325769,-22.74245479811371,-0.010332793,-0.008668825,-0.009500809,0.0028638095,-0.00074601173,0.0010588989,-1651226.2177975446,4.3986354768276215,-1651213.0378739235,-1651219.820022636
S2-46.9,reactant,[H]c1nc(N([H])c2c([H])c(N([H])C(=O)[C:91](C([H])([H])N3C([H])([H])C([H])([H])OC([H])([H])C3([H])[H])=[C:92]([H])[H])c([H])c([H])c2OC([H])([H])[H])nc(N([H])c2c([H])c([H])c([H])c([H])c2C(=O)N([H])C([H])([H])[H])c1Cl,0,0.004578263,-0.31363732,-142.73739846703768,-26.669766024905435,0.041697472,0.033452004,0.03757474,-0.0014446047,-0.010557445,-0.0060010245,-1375864.6763143404,2.258904194459319,-1375855.4398908503,-1375861.4552507354
S2-46.9,intermediate,[H]c1nc(N([H])c2c([H])c(N([H])C(=O)[C-:91](C([H])([H])N3C([H])([H])C([H])([H])OC([H])([H])C3([H])[H])[C:92]([H])([H])[S:93]C([H])([H])[H])c([H])c([H])c2OC([H])([H])[H])nc(N([H])c2c([H])c([H])c([H])c([H])c2C(=O)N([H])C([H])([H])[H])c1Cl,-1,-0.37380832,-0.14305826,-61.64714313319718,40.120192347820065,0.0067755133,0.012166187,0.00947085,0.091350526,0.27790588,0.18462819,-1650871.897755349,4.967748034745455,-1650858.1637816147,-1650866.0365738792
S2-46.9,product,[H]c1nc(N([H])c2c([H])c(N([H])C(=O)[C:91]([H])(C([H])([H])N3C([H])([H])C([H])([H])OC([H])([H])C3([H])[H])[C:92]([H])([H])[S:93]C([H])([H])[H])c([H])c([H])c2OC([H])([H])[H])nc(N([H])c2c([H])c([H])c([H])c([H])c2C(=O)N([H])C([H])([H])[H])c1Cl,0,-0.06682113,-0.11969565,-140.19937570901774,-25.672296118227372,-0.016302608,-0.015407577,-0.015855093,-0.0021624044,-0.008578077,-0.0053702407,-1651232.740007019,2.654967760667205,-1651221.1182322213,-1651229.1311192568
S2-46.10,reactant,[H]c1nc(N([H])c2c([H])c(N([H])C(=O)[C:91](C([H])([H])N3C([H])([H])C([H])([H])OC([H])([H])C3([H])[H])=[C:92]([H])[H])c([H])c([H])c2OC([H])([H])[H])nc(N([H])c2c([H])c([H])c([H])c([H])c2C(=O)N([H])C([H])([H])[H])c1Cl,0,0.008732084,-0.31127685,-143.59536552848147,-26.68917755141954,0.047778457,0.043258727,0.045518592,-0.0033680378,-0.015341909,-0.009354973,-1375859.7143253281,5.662070509046316,-1375849.198180174,-1375854.7552525834
S2-46.10,intermediate,[H]c1nc(N([H])c2c([H])c(N([H])C(=O)[C-:91](C([H])([H])N3C([H])([H])C([H])([H])OC([H])([H])C3([H])[H])[C:92]([H])([H])[S:93]C([H])([H])[H])c([H])c([H])c2OC([H])([H])[H])nc(N([H])c2c([H])c([H])c([H])c([H])c2C(=O)N([H])C([H])([H])[H])c1Cl,-1,-0.3553209,-0.1311427,-67.95217305829686,42.716393551044085,0.004602179,0.009999491,0.007300835,0.06506607,0.25887078,0.16196842,-1650866.9889926107,5.963245343416929,-1650846.998709361,-1650853.0252201927
S2-46.10,product,[H]c1nc(N([H])c2c([H])c(N([H])C(=O)[C:91]([H])(C([H])([H])N3C([H])([H])C([H])([H])OC([H])([H])C3([H])[H])[C:92]([H])([H])[S:93]C([H])([H])[H])c([H])c([H])c2OC([H])([H])[H])nc(N([H])c2c([H])c([H])c([H])c([H])c2C(=O)N([H])C([H])([H])[H])c1Cl,0,-0.087269425,-0.12071553,-138.68713655807605,-25.76685004884132,-0.0059355423,-0.005725771,-0.0058306567,0.0044242367,0.001639396,0.0030318163,-1651230.8109259885,4.292808827012777,-1651216.909530441,-1651224.5314004766
S2-53.1,reactant,[H]c1nc2c([H])c(OC([H])([H])C([H])([H])[H])c(N([H])C(=O)/[C:91]([H])=[C:92](\[H])C([H])([H])N(C([H])([H])[H])C([H])([H])[H])c([H])c2c(N([H])c2c([H])c([H])c(F)c(Cl)c2[H])c1C#N,0,-0.14477725,-0.10854922,-158.74642603737055,-31.34035098178955,-0.01236289,-0.0070771948,-0.009720042,0.019320324,0.0027028322,0.011011578,-1200868.4185961164,1.9646070338785648,-1200858.9764198945,-1200864.8681151445
S2-53.1,intermediate,[H]c1nc2c([H])c(OC([H])([H])C([H])([H])[H])c(N([H])C(=O)[C-:91]([H])[C:92]([H])(C([H])([H])N(C([H])([H])[H])C([H])([H])[H])[S:93]C([H])([H])[H])c([H])c2c(N([H])c2c([H])c([H])c(F)c(Cl)c2[H])c1C#N,-1,-0.51519686,-0.060039088,-73.39793584396105,39.32265469293917,-0.0016464218,0.0071279667,0.0027407724,0.035613894,0.21019754,0.12290572,-1475873.6927772365,3.5206448640674353,-1475858.4497076601,-1475865.321872443
S2-53.1,product,[H]c1nc2c([H])c(OC([H])([H])C([H])([H])[H])c(N([H])C(=O)[C:91]([H])([H])[C:92]([H])(C([H])([H])N(C([H])([H])[H])C([H])([H])[H])[S:93]C([H])([H])[H])c([H])c2c(N([H])c2c([H])c([H])c(F)c(Cl)c2[H])c1C#N,0,-0.1383756,-0.06404985,-153.11957768987153,-27.047570603048996,-0.034454077,-0.031883232,-0.033168655,0.004190907,0.00385347,0.0040221885,-1476235.018942734,4.127386460080743,-1476223.8365498905,-1476228.7753162533
S2-53.2,reactant,[H]c1nc2c([H])c(OC([H])([H])C([H])([H])[H])c(N([H])C(=O)/[C:91]([H])=[C:92](\[H])C([H])([H])N(C([H])([H])[H])C([H])([H])[H])c([H])c2c(N([H])c2c([H])c([H])c(F)c(Cl)c2[H])c1C#N,0,-0.16345574,-0.09863418,-157.574552033316,-31.608401612924112,-0.0042313114,0.0053636357,0.00056616217,0.019628257,-0.0011499077,0.009239174,-1200870.9752203245,2.123131664469838,-1200861.851609723,-1200867.5261680656
S2-53.2,intermediate,[H]c1nc2c([H])c(OC([H])([H])C([H])([H])[H])c(N([H])C(=O)[C-:91]([H])[C:92]([H])(C([H])([H])N(C([H])([H])[H])C([H])([H])[H])[S:93]C([H])([H])[H])c([H])c2c(N([H])c2c([H])c([H])c(F)c(Cl)c2[H])c1C#N,-1,-0.45422113,-0.0304179,-67.79574790843776,45.797953581359145,-0.01652666,-0.0071672313,-0.011846946,0.041945547,0.17878786,0.1103667,-1475875.296623031,2.110035566613078,-1475860.7542614487,-1475865.8460728014
S2-53.2,product,[H]c1nc2c([H])c(OC([H])([H])C([H])([H])[H])c(N([H])C(=O)[C:91]([H])([H])[C:92]([H])(C([H])([H])N(C([H])([H])[H])C([H])([H])[H])[S:93]C([H])([H])[H])c([H])c2c(N([H])c2c([H])c([H])c(F)c(Cl)c2[H])c1C#N,0,-0.14346516,-0.07836975,-154.73886062376425,-28.912867070627748,-0.03107654,-0.027959175,-0.029517857,0.0015382022,0.0020148307,0.0017765164,-1476238.2291725087,4.198603602126241,-1476229.0402603184,-1476233.7920375413
S2-53.3,reactant,[H]c1nc2c([H])c(OC([H])([H])C([H])([H])[H])c(N([H])C(=O)/[C:91]([H])=[C:92](\[H])C([H])([H])N(C([H])([H])[H])C([H])([H])[H])c([H])c2c(N([H])c2c([H])c([H])c(F)c(Cl)c2[H])c1C#N,0,-0.16374919,-0.09882502,-157.5051027492156,-31.37881151853123,-0.0033595487,0.006277576,0.0014590137,0.020815462,-0.0009766817,0.00991939,-1200870.3719888644,2.4476130045950413,-1200860.9137493148,-1200866.679492536
S2-53.3,intermediate,[H]c1nc2c([H])c(OC([H])([H])C([H])([H])[H])c(N([H])C(=O)[C-:91]([H])[C:92]([H])(C([H])([H])N(C([H])([H])[H])C([H])([H])[H])[S:93]C([H])([H])[H])c([H])c2c(N([H])c2c([H])c([H])c(F)c(Cl)c2[H])c1C#N,-1,-0.4794052,-0.0485393,-77.400850958456,35.44603047471526,0.006185271,0.010491755,0.008338513,0.05500254,0.22349206,0.1392473,-1475870.858486118,5.5556077267974615,-1475857.1707057762,-1475862.5182018725
S2-53.3,product,[H]c1nc2c([H])c(OC([H])([H])C([H])([H])[H])c(N([H])C(=O)[C:91]([H])([H])[C:92]([H])(C([H])([H])N(C([H])([H])[H])C([H])([H])[H])[S:93]C([H])([H])[H])c([H])c2c(N([H])c2c([H])c([H])c(F)c(Cl)c2[H])c1C#N,0,-0.13917595,-0.054519314,-158.38265658827007,-31.735971713909823,-0.031534947,-0.030276623,-0.030905787,0.0011226088,0.0014975816,0.0013100952,-1476231.4457065093,3.7336494252085686,-1476222.260522447,-1476227.1389340318
S2-53.4,reactant,[H]c1nc2c([H])c(OC([H])([H])C([H])([H])[H])c(N([H])C(=O)/[C:91]([H])=[C:92](\[H])C([H])([H])N(C([H])([H])[H])C([H])([H])[H])c([H])c2c(N([H])c2c([H])c([H])c(F)c(Cl)c2[H])c1C#N,0,-0.16512302,-0.09726624,-157.34902727200793,-31.190875525289346,-0.004345812,0.005127616,0.00039090216,0.020130053,-0.0010360628,0.009546995,-1200870.3506942561,2.572637304663658,-1200861.2451764157,-1200866.9003503285
S2-53.4,intermediate,[H]c1nc2c([H])c(OC([H])([H])C([H])([H])[H])c(N([H])C(=O)[C-:91]([H])[C:92]([H])(C([H])([H])N(C([H])([H])[H])C([H])([H])[H])[S:93]C([H])([H])[H])c([H])c2c(N([H])c2c([H])c([H])c(F)c(Cl)c2[H])c1C#N,-1,-0.5079628,-0.035496674,-73.96524452810854,39.352671451267945,-0.007733278,-0.0035367236,-0.0056350008,0.064837396,0.24425995,0.15454867,-1475875.0465130503,3.544714592397213,-1475862.0971679625,-1475867.1235611767
S2-53.4,product,[H]c1nc2c([H])c(OC([H])([H])C([H])([H])[H])c(N([H])C(=O)[C:91]([H])([H])[C:92]([H])(C([H])([H])N(C([H])([H])[H])C([H])([H])[H])[S:93]C([H])([H])[H])c([H])c2c(N([H])c2c([H])c([H])c(F)c(Cl)c2[H])c1C#N,0,-0.12544753,-0.06035838,-153.80558719318716,-29.749440732339327,-0.038321942,-0.034911614,-0.036616776,0.0065601617,0.003543578,0.00505187,-1476232.8336708755,2.7551255226135254,-1476223.6364195656,-1476228.252472081
S2-53.5,reactant,[H]c1nc2c([H])c(OC([H])([H])C([H])([H])[H])c(N([H])C(=O)/[C:91]([H])=[C:92](\[H])C([H])([H])N(C([H])([H])[H])C([H])([H])[H])c([H])c2c(N([H])c2c([H])c([H])c(F)c(Cl)c2[H])c1C#N,0,-0.16437031,-0.09801769,-157.43175626893404,-31.272057624681526,-0.0038345307,0.005755633,0.0009605512,0.02026844,-0.0011040568,0.009582192,-1200870.3901310621,2.4148027393966913,-1200860.8293138212,-1200866.8720141456
S2-53.5,intermediate,[H]c1nc2c([H])c(OC([H])([H])C([H])([H])[H])c(N([H])C(=O)[C-:91]([H])[C:92]([H])(C([H])([H])N(C([H])([H])[H])C([H])([H])[H])[S:93]C([H])([H])[H])c([H])c2c(N([H])c2c([H])c([H])c(F)c(Cl)c2[H])c1C#N,-1,-0.49190143,-0.044990167,-71.78742431149693,40.24709488733453,-0.0024337284,0.0065419115,0.0020540915,0.030424029,0.19250634,0.111465186,-1475874.6521533916,2.921322710812092,-1475861.591199112,-1475867.3131106067
S2-53.5,product,[H]c1nc2c([H])c(OC([H])([H])C([H])([H])[H])c(N([H])C(=O)[C:91]([H])([H])[C:92]([H])(C([H])([H])N(C([H])([H])[H])C([H])([H])[H])[S:93]C([H])([H])[H])c([H])c2c(N([H])c2c([H])c([H])c(F)c(Cl)c2[H])c1C#N,0,-0.1362389,-0.0805369,-154.204329266564,-30.04655309928402,-0.028745696,-0.023587927,-0.026166812,-0.000426203,-0.0013000518,-0.0008631274,-1476236.3157859847,6.275592604652047,-1476224.415536489,-1476229.7739331215
S2-53.6,reactant,[H]c1nc2c([H])c(OC([H])([H])C([H])([H])[H])c(N([H])C(=O)/[C:91]([H])=[C:92](\[H])C([H])([H])N(C([H])([H])[H])C([H])([H])[H])c([H])c2c(N([H])c2c([H])c([H])c(F)c(Cl)c2[H])c1C#N,0,-0.14991167,-0.106648944,-158.37311245444351,-31.068555219341665,-0.0009771138,-0.0007433966,-0.0008602552,0.013363615,0.0023483932,0.007856004,-1200869.1630922712,2.11642431281507,-1200861.1031251352,-1200865.192502976
S2-53.6,intermediate,[H]c1nc2c([H])c(OC([H])([H])C([H])([H])[H])c(N([H])C(=O)[C-:91]([H])[C:92]([H])(C([H])([H])N(C([H])([H])[H])C([H])([H])[H])[S:93]C([H])([H])[H])c([H])c2c(N([H])c2c([H])c([H])c(F)c(Cl)c2[H])c1C#N,-1,-0.48102194,-0.03926282,-77.5976793373605,35.71309173134305,0.010928437,0.013089465,0.012008951,0.045754373,0.21326265,0.12950851,-1475871.1250459815,3.3669401202350855,-1475857.2310639552,-1475862.5181893464
S2-53.6,product,[H]c1nc2c([H])c(OC([H])([H])C([H])([H])[H])c(N([H])C(=O)[C:91]([H])([H])[C:92]([H])(C([H])([H])N(C([H])([H])[H])C([H])([H])[H])[S:93]C([H])([H])[H])c([H])c2c(N([H])c2c([H])c([H])c(F)c(Cl)c2[H])c1C#N,0,-0.12644906,-0.083934896,-157.90878709707576,-29.523399465521216,-0.023928862,-0.018158361,-0.021043612,0.004423678,0.003969446,0.004196562,-1476236.8851408267,2.3696764335036278,-1476226.361648803,-1476232.8497021524
S2-53.7,reactant,[H]c1nc2c([H])c(OC([H])([H])C([H])([H])[H])c(N([H])C(=O)/[C:91]([H])=[C:92](\[H])C([H])([H])N(C([H])([H])[H])C([H])([H])[H])c([H])c2c(N([H])c2c([H])c([H])c(F)c(Cl)c2[H])c1C#N,0,-0.15469474,-0.10398043,-158.99857711888515,-31.53565056777448,-0.0024263188,-0.0016657487,-0.0020460337,0.012483582,0.0030426234,0.0077631027,-1200869.8736302296,2.7073414623737335,-1200860.8575508324,-1200866.028780905
S2-53.7,intermediate,[H]c1nc2c([H])c(OC([H])([H])C([H])([H])[H])c(N([H])C(=O)[C-:91]([H])[C:92]([H])(C([H])([H])N(C([H])([H])[H])C([H])([H])[H])[S:93]C([H])([H])[H])c([H])c2c(N([H])c2c([H])c([H])c(F)c(Cl)c2[H])c1C#N,-1,-0.44683242,-0.048071124,-73.02029161569999,41.23092374948059,-0.00504018,0.0037437044,-0.00064823776,0.012252569,0.15172562,0.081989095,-1475874.152373355,2.8993187248706818,-1475861.036814627,-1475867.283544085
S2-53.7,product,[H]c1nc2c([H])c(OC([H])([H])C([H])([H])[H])c(N([H])C(=O)[C:91]([H])([H])[C:92]([H])(C([H])([H])N(C([H])([H])[H])C([H])([H])[H])[S:93]C([H])([H])[H])c([H])c2c(N([H])c2c([H])c([H])c(F)c(Cl)c2[H])c1C#N,0,-0.13480482,-0.07118395,-155.09320038878528,-30.163147121012326,-0.028466828,-0.025196858,-0.026831843,0.004720688,0.0038209558,0.004270822,-1476235.0120581966,3.5438582841306925,-1476224.8655045298,-1476230.1627499138
S2-53.8,reactant,[H]c1nc2c([H])c(OC([H])([H])C([H])([H])[H])c(N([H])C(=O)/[C:91]([H])=[C:92](\[H])C([H])([H])N(C([H])([H])[H])C([H])([H])[H])c([H])c2c(N([H])c2c([H])c([H])c(F)c(Cl)c2[H])c1C#N,0,-0.18005596,-0.09598767,-159.58904660840102,-32.67990676852933,0.0054434836,0.012181379,0.008812431,0.0099797845,0.0017332733,0.005856529,-1200871.449603971,2.0285079069435596,-1200861.7182517026,-1200867.5813563534
S2-53.8,intermediate,[H]c1nc2c([H])c(OC([H])([H])C([H])([H])[H])c(N([H])C(=O)[C-:91]([H])[C:92]([H])(C([H])([H])N(C([H])([H])[H])C([H])([H])[H])[S:93]C([H])([H])[H])c([H])c2c(N([H])c2c([H])c([H])c(F)c(Cl)c2[H])c1C#N,-1,-0.43743703,-0.058864534,-71.6656473243519,40.02563059109049,0.009322725,0.012565564,0.010944145,0.04177144,0.18837456,0.115073,-1475877.093484408,2.4854861814528704,-1475867.3773119338,-1475871.4265961542
S2-53.8,product,[H]c1nc2c([H])c(OC([H])([H])C([H])([H])[H])c(N([H])C(=O)[C:91]([H])([H])[C:92]([H])(C([H])([H])N(C([H])([H])[H])C([H])([H])[H])[S:93]C([H])([H])[H])c([H])c2c(N([H])c2c([H])c([H])c(F)c(Cl)c2[H])c1C#N,0,-0.13496399,-0.058005217,-151.0754133518907,-26.05168886662688,-0.030518088,-0.028156687,-0.029337388,0.007251382,0.0072393715,0.0072453767,-1476233.290719511,4.623190801590681,-1476222.9958268346,-1476227.9840905233
S2-53.9,reactant,[H]c1nc2c([H])c(OC([H])([H])C([H])([H])[H])c(N([H])C(=O)/[C:91]([H])=[C:92](\[H])C([H])([H])N(C([H])([H])[H])C([H])([H])[H])c([H])c2c(N([H])c2c([H])c([H])c(F)c(Cl)c2[H])c1C#N,0,-0.14352933,-0.13421066,-158.36258427772802,-29.9401561635898,0.007464424,0.00884968,0.008157052,-0.011404991,-0.01136896,-0.011386976,-1200868.8720838008,2.144023111090064,-1200860.0238797523,-1200865.382078754
S2-53.9,intermediate,[H]c1nc2c([H])c(OC([H])([H])C([H])([H])[H])c(N([H])C(=O)[C-:91]([H])[C:92]([H])(C([H])([H])N(C([H])([H])[H])C([H])([H])[H])[S:93]C([H])([H])[H])c([H])c2c(N([H])c2c([H])c([H])c(F)c(Cl)c2[H])c1C#N,-1,-0.38827264,-0.057484027,-68.8939167562461,46.137732483510696,0.007274788,0.006432187,0.0068534873,0.03717342,0.16699894,0.10208618,-1475876.8932764588,4.147770443931222,-1475864.53352914,-1475868.816456623
S2-53.9,product,[H]c1nc2c([H])c(OC([H])([H])C([H])([H])[H])c(N([H])C(=O)[C:91]([H])([H])[C:92]([H])(C([H])([H])N(C([H])([H])[H])C([H])([H])[H])[S:93]C([H])([H])[H])c([H])c2c(N([H])c2c([H])c([H])c(F)c(Cl)c2[H])c1C#N,0,-0.13496172,-0.07653106,-159.58915774400805,-32.27270717661547,-0.038650706,-0.03482134,-0.036736023,0.002512306,0.0013317466,0.0019220263,-1476229.461819844,3.44010310806334,-1476218.084142972,-1476224.412556779
S2-53.10,reactant,[H]c1nc2c([H])c(OC([H])([H])C([H])([H])[H])c(N([H])C(=O)/[C:91]([H])=[C:92](\[H])C([H])([H])N(C([H])([H])[H])C([H])([H])[H])c([H])c2c(N([H])c2c([H])c([H])c(F)c(Cl)c2[H])c1C#N,0,-0.18169558,-0.09717529,-158.73070588705926,-32.2898833740353,0.015749738,0.018707164,0.01722845,0.0098454505,-0.0023399591,0.0037527457,-1200863.0071534817,5.073649765923619,-1200852.1105045632,-1200857.9286504553
S2-53.10,intermediate,[H]c1nc2c([H])c(OC([H])([H])C([H])([H])[H])c(N([H])C(=O)[C-:91]([H])[C:92]([H])(C([H])([H])N(C([H])([H])[H])C([H])([H])[H])[S:93]C([H])([H])[H])c([H])c2c(N([H])c2c([H])c([H])c(F)c(Cl)c2[H])c1C#N,-1,-0.47369888,-0.050553553,-71.1818210080174,40.529768619117434,0.0013300478,0.01058967,0.005959859,0.028831631,0.18050745,0.10466954,-1475874.9269948418,2.6691860035061836,-1475863.407661253,-1475870.3467522538
S2-53.10,product,[H]c1nc2c([H])c(OC([H])([H])C([H])([H])[H])c(N([H])C(=O)[C:91]([H])([H])[C:92]([H])(C([H])([H])N(C([H])([H])[H])C([H])([H])[H])[S:93]C([H])([H])[H])c([H])c2c(N([H])c2c([H])c([H])c(F)c(Cl)c2[H])c1C#N,0,-0.15154651,-0.08476945,-160.0514750954115,-33.51774364681361,-0.025116585,-0.020452224,-0.022784404,0.00032544136,0.0005480945,0.00043676794,-1476233.673218337,3.52298335544765,-1476224.001483442,-1476228.4641334931
S2-54.1,reactant,[H]c1nc(C([H])([H])Oc2c([H])c([H])c(N([H])c3c(C#N)c([H])nc4c([H])c(OC([H])([H])C([H])([H])[H])c(N([H])C(=O)/[C:91]([H])=[C:92](\[H])C([H])([H])N(C([H])([H])[H])C([H])([H])[H])c([H])c34)c([H])c2Cl)c([H])c([H])c1[H],0,-0.17300868,-0.10023071,-152.0382104513842,-32.77179833793176,-0.00058143586,0.0036604851,0.0015395246,0.00839591,0.001761809,0.0050788596,-1365638.1446959276,5.305279590189457,-1365628.5394458238,-1365633.0281782956
S2-54.1,intermediate,[H]c1nc(C([H])([H])Oc2c([H])c([H])c(N([H])c3c(C#N)c([H])nc4c([H])c(OC([H])([H])C([H])([H])[H])c(N([H])C(=O)[C-:91]([H])[C:92]([H])(C([H])([H])N(C([H])([H])[H])C([H])([H])[H])[S:93]C([H])([H])[H])c([H])c34)c([H])c2Cl)c([H])c([H])c1[H],-1,-0.49359667,-0.035452545,-70.28754168737919,34.524068850215315,0.008961115,0.01257099,0.010766053,0.029306352,0.16427782,0.09679209,-1640639.610788478,2.2786967791616917,-1640627.5093804186,-1640634.4358111287
S2-54.1,product,[H]c1nc(C([H])([H])Oc2c([H])c([H])c(N([H])c3c(C#N)c([H])nc4c([H])c(OC([H])([H])C([H])([H])[H])c(N([H])C(=O)[C:91]([H])([H])[C:92]([H])(C([H])([H])N(C([H])([H])[H])C([H])([H])[H])[S:93]C([H])([H])[H])c([H])c34)c([H])c2Cl)c([H])c([H])c1[H],0,-0.13834473,-0.0649334,-148.4977090757079,-34.35252442837343,-0.032165643,-0.029467367,-0.030816505,0.0062078238,0.005676016,0.00594192,-1641001.5624505302,6.707468073815107,-1640987.2104520525,-1640994.929570893
S2-54.2,reactant,[H]c1nc(C([H])([H])Oc2c([H])c([H])c(N([H])c3c(C#N)c([H])nc4c([H])c(OC([H])([H])C([H])([H])[H])c(N([H])C(=O)/[C:91]([H])=[C:92](\[H])C([H])([H])N(C([H])([H])[H])C([H])([H])[H])c([H])c34)c([H])c2Cl)c([H])c([H])c1[H],0,-0.16465364,-0.096430324,-147.5384224579535,-31.53746142921673,-0.0028556734,0.0036263987,0.00038536265,0.02136986,0.0014374852,0.011403672,-1365638.0715167432,6.730969835072756,-1365626.65186407,-1365631.6658928557
S2-54.2,intermediate,[H]c1nc(C([H])([H])Oc2c([H])c([H])c(N([H])c3c(C#N)c([H])nc4c([H])c(OC([H])([H])C([H])([H])[H])c(N([H])C(=O)[C-:91]([H])[C:92]([H])(C([H])([H])N(C([H])([H])[H])C([H])([H])[H])[S:93]C([H])([H])[H])c([H])c34)c([H])c2Cl)c([H])c([H])c1[H],-1,-0.48939615,-0.035564113,-67.91261816286928,37.332930308538785,0.0054380596,0.0104984995,0.0079682795,0.09544271,0.2415355,0.1684891,-1640638.9984564285,13.230917455628514,-1640615.5403040836,-1640621.1972707023
S2-54.2,product,[H]c1nc(C([H])([H])Oc2c([H])c([H])c(N([H])c3c(C#N)c([H])nc4c([H])c(OC([H])([H])C([H])([H])[H])c(N([H])C(=O)[C:91]([H])([H])[C:92]([H])(C([H])([H])N(C([H])([H])[H])C([H])([H])[H])[S:93]C([H])([H])[H])c([H])c34)c([H])c2Cl)c([H])c([H])c1[H],0,-0.14654185,-0.061003417,-147.45830734320853,-31.932650902147522,-0.009882331,-0.008899324,-0.009390827,0.009317517,0.008358389,0.008837953,-1640996.1179404587,7.706809734925628,-1640979.5810195403,-1640986.2930013344
S2-54.3,reactant,[H]c1nc(C([H])([H])Oc2c([H])c([H])c(N([H])c3c(C#N)c([H])nc4c([H])c(OC([H])([H])C([H])([H])[H])c(N([H])C(=O)/[C:91]([H])=[C:92](\[H])C([H])([H])N(C([H])([H])[H])C([H])([H])[H])c([H])c34)c([H])c2Cl)c([H])c([H])c1[H],0,-0.14215092,-0.10612901,-148.2501275883224,-32.065167574656186,0.0025063604,0.00015688688,0.0013316236,0.009800345,0.00028312206,0.0050417334,-1365634.7355616726,4.914327133446932,-1365621.7791592348,-1365629.8244508582
S2-54.3,intermediate,[H]c1nc(C([H])([H])Oc2c([H])c([H])c(N([H])c3c(C#N)c([H])nc4c([H])c(OC([H])([H])C([H])([H])[H])c(N([H])C(=O)[C-:91]([H])[C:92]([H])(C([H])([H])N(C([H])([H])[H])C([H])([H])[H])[S:93]C([H])([H])[H])c([H])c34)c([H])c2Cl)c([H])c([H])c1[H],-1,-0.5026191,-0.03974067,-71.38118596735615,33.08725827111428,0.016138304,0.018703047,0.017420676,0.05100584,0.1855812,0.118293524,-1640642.1949900144,3.856894362717867,-1640629.3373077668,-1640635.5041491957
S2-54.3,product,[H]c1nc(C([H])([H])Oc2c([H])c([H])c(N([H])c3c(C#N)c([H])nc4c([H])c(OC([H])([H])C([H])([H])[H])c(N([H])C(=O)[C:91]([H])([H])[C:92]([H])(C([H])([H])N(C([H])([H])[H])C([H])([H])[H])[S:93]C([H])([H])[H])c([H])c34)c([H])c2Cl)c([H])c([H])c1[H],0,-0.14631338,-0.06123445,-149.11781465197978,-35.76085278090351,-0.027678989,-0.024975657,-0.026327323,0.0022405982,0.00029189885,0.0012662485,-1640998.2642514356,4.977808406576514,-1640986.5566994615,-1640991.8586346365
S2-54.4,reactant,[H]c1nc(C([H])([H])Oc2c([H])c([H])c(N([H])c3c(C#N)c([H])nc4c([H])c(OC([H])([H])C([H])([H])[H])c(N([H])C(=O)/[C:91]([H])=[C:92](\[H])C([H])([H])N(C([H])([H])[H])C([H])([H])[H])c([H])c34)c([H])c2Cl)c([H])c([H])c1[H],0,-0.15829685,-0.10519745,-151.6067710078775,-35.383865924039,-0.013517402,-0.009134099,-0.0113257505,0.013404891,0.00556238,0.009483635,-1365632.922598091,6.312119936570525,-1365620.0850198762,-1365627.7334714008
S2-54.4,intermediate,[H]c1nc(C([H])([H])Oc2c([H])c([H])c(N([H])c3c(C#N)c([H])nc4c([H])c(OC([H])([H])C([H])([H])[H])c(N([H])C(=O)[C-:91]([H])[C:92]([H])(C([H])([H])N(C([H])([H])[H])C([H])([H])[H])[S:93]C([H])([H])[H])c([H])c34)c([H])c2Cl)c([H])c([H])c1[H],-1,-0.43829292,-0.049574506,-72.07891927560325,33.45278686029965,0.01520526,0.018666243,0.01693575,0.0650062,0.19311199,0.12905909,-1640638.8065231415,4.510267423465848,-1640623.9201546663,-1640630.1007947777
S2-54.4,product,[H]c1nc(C([H])([H])Oc2c([H])c([H])c(N([H])c3c(C#N)c([H])nc4c([H])c(OC([H])([H])C([H])([H])[H])c(N([H])C(=O)[C:91]([H])([H])[C:92]([H])(C([H])([H])N(C([H])([H])[H])C([H])([H])[H])[S:93]C([H])([H])[H])c([H])c34)c([H])c2Cl)c([H])c([H])c1[H],0,-0.12774606,-0.045210265,-149.28254358837074,-33.07885616056312,-0.013214525,-0.013118345,-0.013166435,0.010258198,0.010067344,0.010162771,-1641002.5861377944,4.678558891639113,-1640988.4541500674,-1640995.4396023848
S2-54.5,reactant,[H]c1nc(C([H])([H])Oc2c([H])c([H])c(N([H])c3c(C#N)c([H])nc4c([H])c(OC([H])([H])C([H])([H])[H])c(N([H])C(=O)/[C:91]([H])=[C:92](\[H])C([H])([H])N(C([H])([H])[H])C([H])([H])[H])c([H])c34)c([H])c2Cl)c([H])c([H])c1[H],0,-0.17434846,-0.10006818,-151.02992047366007,-35.96179852868407,-0.0029578283,0.0034602657,0.00025121868,0.01583983,0.0042058527,0.010022841,-1365635.7102439473,9.528192969039083,-1365624.998361008,-1365630.2018506117
S2-54.5,intermediate,[H]c1nc(C([H])([H])Oc2c([H])c([H])c(N([H])c3c(C#N)c([H])nc4c([H])c(OC([H])([H])C([H])([H])[H])c(N([H])C(=O)[C-:91]([H])[C:92]([H])(C([H])([H])N(C([H])([H])[H])C([H])([H])[H])[S:93]C([H])([H])[H])c([H])c34)c([H])c2Cl)c([H])c([H])c1[H],-1,-0.43536565,-0.047297996,-75.46801538386299,34.46679663406562,0.0022666939,0.0050546564,0.0036606751,0.026887089,0.14665356,0.086770326,-1640634.8679067653,8.537890389561653,-1640617.1437349939,-1640624.8678861065
S2-54.5,product,[H]c1nc(C([H])([H])Oc2c([H])c([H])c(N([H])c3c(C#N)c([H])nc4c([H])c(OC([H])([H])C([H])([H])[H])c(N([H])C(=O)[C:91]([H])([H])[C:92]([H])(C([H])([H])N(C([H])([H])[H])C([H])([H])[H])[S:93]C([H])([H])[H])c([H])c34)c([H])c2Cl)c([H])c([H])c1[H],0,-0.13645455,-0.06343656,-148.191427252634,-32.29434424836286,-0.016011242,-0.016386077,-0.01619866,0.0064038783,0.0058825314,0.006143205,-1640995.3882062726,8.217616993933916,-1640980.515085993,-1640988.4447590052
S2-54.6,reactant,[H]c1nc(C([H])([H])Oc2c([H])c([H])c(N([H])c3c(C#N)c([H])nc4c([H])c(OC([H])([H])C([H])([H])[H])c(N([H])C(=O)/[C:91]([H])=[C:92](\[H])C([H])([H])N(C([H])([H])[H])C([H])([H])[H])c([H])c34)c([H])c2Cl)c([H])c([H])c1[H],0,-0.16002902,-0.102723196,-151.84513856670284,-35.21225153360596,-0.013181478,-0.009441681,-0.0113115795,0.017036393,0.0079369545,0.012486674,-1365633.9934662206,7.200570313259959,-1365622.4010400092,-1365629.5121370407
S2-54.6,intermediate,[H]c1nc(C([H])([H])Oc2c([H])c([H])c(N([H])c3c(C#N)c([H])nc4c([H])c(OC([H])([H])C([H])([H])[H])c(N([H])C(=O)[C-:91]([H])[C:92]([H])(C([H])([H])N(C([H])([H])[H])C([H])([H])[H])[S:93]C([H])([H])[H])c([H])c34)c([H])c2Cl)c([H])c([H])c1[H],-1,-0.4000925,-0.052340243,-68.73087067347574,39.31580934230751,0.0044099204,0.012180544,0.008295232,0.011767149,0.09976792,0.055767536,-1640644.6945505226,6.263600768521428,-1640627.560007713,-1640632.330423282
S2-54.6,product,[H]c1nc(C([H])([H])Oc2c([H])c([H])c(N([H])c3c(C#N)c([H])nc4c([H])c(OC([H])([H])C([H])([H])[H])c(N([H])C(=O)[C:91]([H])([H])[C:92]([H])(C([H])([H])N(C([H])([H])[H])C([H])([H])[H])[S:93]C([H])([H])[H])c([H])c34)c([H])c2Cl)c([H])c([H])c1[H],0,-0.13394558,-0.05828086,-148.5934105967888,-31.304226496684773,-0.013942797,-0.013809014,-0.013875905,0.0060267,0.005468458,0.005747579,-1640998.877650675,9.614698203280568,-1640982.8438298365,-1640990.1762306297
S2-54.7,reactant,[H]c1nc(C([H])([H])Oc2c([H])c([H])c(N([H])c3c(C#N)c([H])nc4c([H])c(OC([H])([H])C([H])([H])[H])c(N([H])C(=O)/[C:91]([H])=[C:92](\[H])C([H])([H])N(C([H])([H])[H])C([H])([H])[H])c([H])c34)c([H])c2Cl)c([H])c([H])c1[H],0,-0.14348407,-0.1057098,-149.20280939755102,-33.793236955013256,-0.0088179335,-0.0064157546,-0.007616844,0.015341118,0.0019519776,0.008646548,-1365632.4896259666,4.868990721181035,-1365622.8001725012,-1365627.749743859
S2-54.7,intermediate,[H]c1nc(C([H])([H])Oc2c([H])c([H])c(N([H])c3c(C#N)c([H])nc4c([H])c(OC([H])([H])C([H])([H])[H])c(N([H])C(=O)[C-:91]([H])[C:92]([H])(C([H])([H])N(C([H])([H])[H])C([H])([H])[H])[S:93]C([H])([H])[H])c([H])c34)c([H])c2Cl)c([H])c([H])c1[H],-1,-0.47211573,-0.045080174,-71.37836892949544,32.531421590239745,0.008148894,0.013600886,0.01087489,0.056316823,0.20151451,0.12891567,-1640638.4350119096,4.276707535609603,-1640621.7050703429,-1640630.386180253
S2-54.7,product,[H]c1nc(C([H])([H])Oc2c([H])c([H])c(N([H])c3c(C#N)c([H])nc4c([H])c(OC([H])([H])C([H])([H])[H])c(N([H])C(=O)[C:91]([H])([H])[C:92]([H])(C([H])([H])N(C([H])([H])[H])C([H])([H])[H])[S:93]C([H])([H])[H])c([H])c34)c([H])c2Cl)c([H])c([H])c1[H],0,-0.14791806,-0.0643509,-145.9940139792975,-31.624608163964062,-0.029228624,-0.026362643,-0.027795633,0.0054250956,0.0039620847,0.00469359,-1640995.9636523072,3.6271026115864515,-1640982.9848289862,-1640989.717853232
S2-54.8,reactant,[H]c1nc(C([H])([H])Oc2c([H])c([H])c(N([H])c3c(C#N)c([H])nc4c([H])c(OC([H])([H])C([H])([H])[H])c(N([H])C(=O)/[C:91]([H])=[C:92](\[H])C([H])([H])N(C([H])([H])[H])C([H])([H])[H])c([H])c34)c([H])c2Cl)c([H])c([H])c1[H],0,-0.14543036,-0.105246045,-148.26251715016986,-30.818568994296307,0.0026068836,-0.00025224686,0.0011773184,0.012046993,0.0011790544,0.0066130236,-1365637.235805899,8.77277073264122,-1365623.311582625,-1365629.8989502278
S2-54.8,intermediate,[H]c1nc(C([H])([H])Oc2c([H])c([H])c(N([H])c3c(C#N)c([H])nc4c([H])c(OC([H])([H])C([H])([H])[H])c(N([H])C(=O)[C-:91]([H])[C:92]([H])(C([H])([H])N(C([H])([H])[H])C([H])([H])[H])[S:93]C([H])([H])[H])c([H])c34)c([H])c2Cl)c([H])c([H])c1[H],-1,-0.44480658,-0.06171211,-69.11363781665342,34.705507671496434,0.0048796237,0.009866163,0.0073728934,0.044489026,0.17797303,0.11123103,-1640636.9991847298,2.5069790985435247,-1640621.8987548647,-1640628.9141687406
S2-54.8,product,[H]c1nc(C([H])([H])Oc2c([H])c([H])c(N([H])c3c(C#N)c([H])nc4c([H])c(OC([H])([H])C([H])([H])[H])c(N([H])C(=O)[C:91]([H])([H])[C:92]([H])(C([H])([H])N(C([H])([H])[H])C([H])([H])[H])[S:93]C([H])([H])[H])c([H])c34)c([H])c2Cl)c([H])c([H])c1[H],0,-0.13200448,-0.047441565,-147.99170747627696,-30.525633086647325,-0.016036034,-0.01650343,-0.016269732,0.008623406,0.008674078,0.008648742,-1640999.7584369634,5.415387695655227,-1640986.1818589289,-1640993.6588748444
S2-54.9,reactant,[H]c1nc(C([H])([H])Oc2c([H])c([H])c(N([H])c3c(C#N)c([H])nc4c([H])c(OC([H])([H])C([H])([H])[H])c(N([H])C(=O)/[C:91]([H])=[C:92](\[H])C([H])([H])N(C([H])([H])[H])C([H])([H])[H])c([H])c34)c([H])c2Cl)c([H])c([H])c1[H],0,-0.14471422,-0.13431883,-149.04074486417852,-32.1368883105012,0.006694481,0.0073301196,0.0070123,-0.0074558705,-0.008335441,-0.007895656,-1365632.7852803932,5.32360097579658,-1365623.321266849,-1365628.4231771322
S2-54.9,intermediate,[H]c1nc(C([H])([H])Oc2c([H])c([H])c(N([H])c3c(C#N)c([H])nc4c([H])c(OC([H])([H])C([H])([H])[H])c(N([H])C(=O)[C-:91]([H])[C:92]([H])(C([H])([H])N(C([H])([H])[H])C([H])([H])[H])[S:93]C([H])([H])[H])c([H])c34)c([H])c2Cl)c([H])c([H])c1[H],-1,-0.46896595,-0.059919536,-68.37723842031416,35.15330013871904,0.011505656,0.017308433,0.014407044,0.068600595,0.19047534,0.12953797,-1640638.2193069772,4.129871372133493,-1640620.9234315583,-1640629.4063275657
S2-54.9,product,[H]c1nc(C([H])([H])Oc2c([H])c([H])c(N([H])c3c(C#N)c([H])nc4c([H])c(OC([H])([H])C([H])([H])[H])c(N([H])C(=O)[C:91]([H])([H])[C:92]([H])(C([H])([H])N(C([H])([H])[H])C([H])([H])[H])[S:93]C([H])([H])[H])c([H])c34)c([H])c2Cl)c([H])c([H])c1[H],0,-0.1351476,-0.06383214,-146.525803448005,-29.772576660515853,-0.018545799,-0.018314384,-0.018430091,0.004078552,0.0043316185,0.0042050853,-1641007.524479914,9.422381274402142,-1640994.3882735544,-1641000.374239045
S2-54.10,reactant,[H]c1nc(C([H])([H])Oc2c([H])c([H])c(N([H])c3c(C#N)c([H])nc4c([H])c(OC([H])([H])C([H])([H])[H])c(N([H])C(=O)/[C:91]([H])=[C:92](\[H])C([H])([H])N(C([H])([H])[H])C([H])([H])[H])c([H])c34)c([H])c2Cl)c([H])c([H])c1[H],0,-0.1580224,-0.099181935,-151.30141113337208,-34.63450172026307,-0.00510823,-0.0057458133,-0.0054270215,0.00999558,0.0043703318,0.0071829557,-1365633.7622400278,4.162586450576782,-1365622.269794489,-1365629.2963782423
S2-54.10,intermediate,[H]c1nc(C([H])([H])Oc2c([H])c([H])c(N([H])c3c(C#N)c([H])nc4c([H])c(OC([H])([H])C([H])([H])[H])c(N([H])C(=O)[C-:91]([H])[C:92]([H])(C([H])([H])N(C([H])([H])[H])C([H])([H])[H])[S:93]C([H])([H])[H])c([H])c34)c([H])c2Cl)c([H])c([H])c1[H],-1,-0.4975311,-0.023952104,-70.11898246546976,34.56315615624983,-0.004415823,0.00035508908,-0.002030367,0.059080273,0.18304971,0.12106499,-1640638.6088475797,7.2349830493330956,-1640622.0810514279,-1640628.3044504807
S2-54.10,product,[H]c1nc(C([H])([H])Oc2c([H])c([H])c(N([H])c3c(C#N)c([H])nc4c([H])c(OC([H])([H])C([H])([H])[H])c(N([H])C(=O)[C:91]([H])([H])[C:92]([H])(C([H])([H])N(C([H])([H])[H])C([H])([H])[H])[S:93]C([H])([H])[H])c([H])c34)c([H])c2Cl)c([H])c([H])c1[H],0,-0.14375007,-0.054242965,-148.4300896702607,-34.646105397516116,-0.033913516,-0.030672912,-0.032293215,0.008440182,0.0078099966,0.008125089,-1641002.5698240842,5.3042905908077955,-1640989.4649275155,-1640996.7339125632
