Name,RC,SMILES,charge,QCa,QCb,E_HOMO,E_LUMO,f_plus_Cb,f_minus_Cb,f_zero_Cb,f_plus_Ca,f_minus_Ca,f_zero_Ca,"E(opt, kcal/mol)","time(opt, sec)","E(rattled, kcal/mol)","E(initial, kcal/mol)"
S3-1.1,reactant,[H]c1nc(N([H])C(=O)[C:91]([H])=[C:92]([H])[H])c([H])c([H])c1[H],0,-0.157885,-0.2739919,-206.07795562385996,8.027590313103572,0.15071526,0.100078106,0.12539668,0.05671966,0.0013472587,0.02903346,-310451.9295718348,17.82297134026885,-310448.7367339979,-310449.9961760878
S3-1.1,intermediate,[H]c1nc(N([H])C(=O)[C-:91]([H])[C:92]([H])([H])[S:93]C([H])([H])[H])c([H])c([H])c1[H],-1,-0.51133454,-0.10859009,-69.63020188841134,103.85323269314131,-0.00832098,0.021998033,0.0068385266,0.0009225011,0.37450802,0.18771526,-585438.9315537296,22.1732539255172,-585413.4101469528,-585414.2776043237
S3-1.1,product,[H]c1nc(N([H])C(=O)[C:91]([H])([H])[C:92]([H])([H])[S:93]C([H])([H])[H])c([H])c([H])c1[H],0,-0.156936,-0.12323211,-194.47364936159912,15.24266679965705,-0.017690688,-0.01681067,-0.01725068,0.0111658275,0.008374006,0.009769917,-585810.9435135877,3.5244723968207836,-585802.3468981276,-585805.8611275225
S3-2.1,reactant,[H]c1c([H])c(C#N)c([H])c(N([H])C(=O)[C:91]([H])=[C:92]([H])[H])c1[H],0,-0.15212044,-0.27082476,-207.87685389912735,-7.796647371612138,0.073485345,0.057330474,0.06540791,0.013392061,0.0011519939,0.0072720274,-358302.3305629061,0.936615277081728,-358298.6845306239,-358299.9766980344
S3-2.1,intermediate,[H]c1c([H])c(C#N)c([H])c(N([H])C(=O)[C-:91]([H])[C:92]([H])([H])[S:93]C([H])([H])[H])c1[H],-1,-0.49723917,-0.11743994,-75.37250365812469,83.60943266626133,-0.009296365,0.022548698,0.0066261664,-0.04588613,0.3248036,0.13945872,-633309.4882184261,1.632562130689621,-633293.5596980889,-633293.9342784346
S3-2.1,product,[H]c1c([H])c(C#N)c([H])c(N([H])C(=O)[C:91]([H])([H])[C:92]([H])([H])[S:93]C([H])([H])[H])c1[H],0,-0.14104475,-0.12642394,-194.23164186747138,-2.7310833021072436,-0.030025326,-0.014833704,-0.022429515,0.011172861,0.007369265,0.009271063,-633669.2930800334,1.6499089188873768,-633663.1493857829,-633665.6649733811
S3-2.2,reactant,[H]c1c([H])c(C#N)c([H])c(N([H])C(=O)[C:91]([H])=[C:92]([H])[H])c1[H],0,-0.14992532,-0.27119783,-206.51357035969983,-8.415450022159742,0.075587004,0.059313074,0.06745004,0.010895297,-0.001734227,0.004580535,-358301.4128821348,1.1821468695998192,-358296.86548878084,-358298.9493555441
S3-2.2,intermediate,[H]c1c([H])c(C#N)c([H])c(N([H])C(=O)[C-:91]([H])[C:92]([H])([H])[S:93]C([H])([H])[H])c1[H],-1,-0.49950412,-0.11755017,-75.93898529661841,84.46429691296473,-0.026983544,0.02081155,-0.003085997,-0.037801087,0.3127271,0.137463,-633307.6727917974,2.361648440361023,-633285.7436070393,-633288.7549058667
S3-2.2,product,[H]c1c([H])c(C#N)c([H])c(N([H])C(=O)[C:91]([H])([H])[C:92]([H])([H])[S:93]C([H])([H])[H])c1[H],0,-0.13471404,-0.11220643,-194.93779139099615,-3.5520824806353746,-0.052348703,-0.039321437,-0.04583507,0.015123412,0.002528131,0.0088257715,-633667.4300975321,1.3239237144589424,-633663.2279639782,-633664.8884468519
S3-3.1,reactant,[H]c1c([H])c(Cl)c([H])c(N([H])C(=O)[C:91]([H])=[C:92]([H])[H])c1[H],0,-0.15169948,-0.27408472,-202.83483148563485,5.615648253295265,0.14191312,0.09327634,0.11759473,0.069355085,-0.0030862242,0.03313443,-588820.5692264044,0.49185338988900185,-588816.8658221447,-588818.5535021643
S3-3.1,intermediate,[H]c1c([H])c(Cl)c([H])c(N([H])C(=O)[C-:91]([H])[C:92]([H])([H])[S:93]C([H])([H])[H])c1[H],-1,-0.48505247,-0.11499147,-70.4783890347272,103.0748275931909,-0.0041970387,0.025181837,0.010492399,-0.031449974,0.3490718,0.15881091,-863823.1581212815,1.5888137053698301,-863806.1344599276,-863807.759468857
S3-3.1,product,[H]c1c([H])c(Cl)c([H])c(N([H])C(=O)[C:91]([H])([H])[C:92]([H])([H])[S:93]C([H])([H])[H])c1[H],0,-0.13357574,-0.106206834,-192.99318346935314,10.82013765991373,-0.045382027,-0.04064995,-0.043015987,0.036080196,0.007665172,0.021872684,-864185.41868859,1.0930605325847864,-864181.0879696003,-864182.9710312503
S3-3.2,reactant,[H]c1c([H])c(Cl)c([H])c(N([H])C(=O)[C:91]([H])=[C:92]([H])[H])c1[H],0,-0.14992891,-0.27605876,-203.2934238370454,4.139411518981071,0.10630408,0.06062706,0.08346557,0.0427278,-0.000740096,0.020993851,-588819.4028366493,1.0490453206002712,-588813.9076353746,-588817.0749893811
S3-3.2,intermediate,[H]c1c([H])c(Cl)c([H])c(N([H])C(=O)[C-:91]([H])[C:92]([H])([H])[S:93]C([H])([H])[H])c1[H],-1,-0.4915643,-0.11421613,-69.36965724646454,100.50773085707637,-0.03304617,0.015409254,-0.008818459,-0.011170149,0.3623175,0.17557368,-863819.7415825789,2.233501994982362,-863796.549017411,-863799.3907861178
S3-3.2,product,[H]c1c([H])c(Cl)c([H])c(N([H])C(=O)[C:91]([H])([H])[C:92]([H])([H])[S:93]C([H])([H])[H])c1[H],0,-0.14133604,-0.121078804,-191.2985465586176,10.779228378188328,-0.026425555,-0.02025555,-0.023340553,0.019977152,0.008460596,0.014218874,-864186.524229464,2.2307579778134823,-864181.031379189,-864182.9255674928
S3-4.1,reactant,[H]c1c([H])c([H])c(N([H])C(=O)[C:91]([H])=[C:92]([H])[H])c([H])c1[H],0,-0.1498965,-0.2790445,-202.5320377294328,12.017560417501134,0.13264489,0.0662591,0.099452,0.06120637,0.0013530701,0.03127972,-300374.33796262945,0.9868464097380638,-300371.0860502195,-300372.2809312775
S3-4.1,intermediate,[H]c1c([H])c([H])c(N([H])C(=O)[C-:91]([H])[C:92]([H])([H])[S:93]C([H])([H])[H])c([H])c1[H],-1,-0.48467427,-0.111728214,-64.91390032006561,113.20366171646755,-0.039784193,0.013591386,-0.013096403,-0.0053286254,0.35356122,0.1741163,-575370.5429416065,2.250330837443471,-575348.9321682745,-575351.3242310408
S3-4.1,product,[H]c1c([H])c([H])c(N([H])C(=O)[C:91]([H])([H])[C:92]([H])([H])[S:93]C([H])([H])[H])c([H])c1[H],0,-0.13413021,-0.10195727,-193.59512716208872,19.459805281524474,-0.04837966,-0.050760232,-0.049569946,0.056123137,0.019870333,0.037996735,-575740.627685496,0.4969795700162649,-575737.8567899878,-575738.4743252901
S3-5.1,reactant,[H]c1c([H])c(OC([H])([H])[H])c([H])c(N([H])C(=O)[C:91]([H])=[C:92]([H])[H])c1[H],0,-0.15304032,-0.2802337,-194.49545957086502,11.220811253584792,0.114822894,0.054177985,0.08450044,0.04767634,-0.002597466,0.022539437,-372286.30015059887,1.0437312759459019,-372282.4975291985,-372283.7400836162
S3-5.1,intermediate,[H]c1c([H])c(OC([H])([H])[H])c([H])c(N([H])C(=O)[C-:91]([H])[C:92]([H])([H])[S:93]C([H])([H])[H])c1[H],-1,-0.48362628,-0.118250005,-67.54140342190223,104.58477779684247,-0.014619045,0.025222354,0.0053016543,-0.0011902452,0.33739638,0.16810307,-647285.7964089516,2.015709236264229,-647263.5650150024,-647267.1745496786
S3-5.1,product,[H]c1c([H])c(OC([H])([H])[H])c([H])c(N([H])C(=O)[C:91]([H])([H])[C:92]([H])([H])[S:93]C([H])([H])[H])c1[H],0,-0.14123204,-0.116924085,-185.5390314465044,15.33029939980681,-0.0074140206,-0.024137788,-0.015775904,0.040171087,0.01555495,0.027863018,-647652.2560477353,1.3495732229202986,-647646.29827685,-647649.1801288077
S3-5.2,reactant,[H]c1c([H])c(OC([H])([H])[H])c([H])c(N([H])C(=O)[C:91]([H])=[C:92]([H])[H])c1[H],0,-0.15157674,-0.28030512,-193.89865931120073,9.958760060109936,0.11494285,0.055140227,0.08504154,0.04216245,-0.004788384,0.018687032,-372285.7112345267,1.022875478491187,-372281.13716930844,-372283.1619210774
S3-5.2,intermediate,[H]c1c([H])c(OC([H])([H])[H])c([H])c(N([H])C(=O)[C-:91]([H])[C:92]([H])([H])[S:93]C([H])([H])[H])c1[H],-1,-0.48242098,-0.096229404,-68.4292643405517,102.8348982214395,0.0076623783,0.023576267,0.015619323,0.0063259006,0.3370821,0.171704,-647282.9489444831,4.552223909646273,-647259.6520282985,-647261.0256537593
S3-5.2,product,[H]c1c([H])c(OC([H])([H])[H])c([H])c(N([H])C(=O)[C:91]([H])([H])[C:92]([H])([H])[S:93]C([H])([H])[H])c1[H],0,-0.13238174,-0.10307925,-185.93189226051862,14.13123024254573,-0.039551266,-0.047955327,-0.043753296,0.048158765,0.0013961047,0.024777435,-647652.1117687199,1.0804757233709097,-647647.5469884692,-647649.3898330805
S3-5.3,reactant,[H]c1c([H])c(OC([H])([H])[H])c([H])c(N([H])C(=O)[C:91]([H])=[C:92]([H])[H])c1[H],0,-0.15026626,-0.2773507,-193.28140326145476,9.87998660015174,0.15223572,0.08188844,0.11706208,0.08510138,-0.007990256,0.038555562,-372287.03351692186,1.0537189897149801,-372282.59685666417,-372284.55891688523
S3-5.3,intermediate,[H]c1c([H])c(OC([H])([H])[H])c([H])c(N([H])C(=O)[C-:91]([H])[C:92]([H])([H])[S:93]C([H])([H])[H])c1[H],-1,-0.48812136,-0.1145315,-67.45300749342836,104.16653583926217,0.016573563,0.024960682,0.020767123,-0.013210416,0.35363188,0.17021073,-647285.6335833254,1.5867950581014156,-647268.4022707478,-647270.5376065922
S3-5.3,product,[H]c1c([H])c(OC([H])([H])[H])c([H])c(N([H])C(=O)[C:91]([H])([H])[C:92]([H])([H])[S:93]C([H])([H])[H])c1[H],0,-0.13965589,-0.116540045,-184.84858099229285,15.447715082634097,-0.02310852,-0.02684024,-0.02497438,0.023013383,0.003283903,0.013148643,-647652.4621533372,1.5469848457723856,-647644.9498938755,-647648.723936477
S3-5.4,reactant,[H]c1c([H])c(OC([H])([H])[H])c([H])c(N([H])C(=O)[C:91]([H])=[C:92]([H])[H])c1[H],0,-0.15304664,-0.28027314,-194.50100836268146,11.21645538529068,0.1146923,0.05420336,0.08444783,0.047566056,-0.0025904775,0.02248779,-372286.30117335817,1.2338807601481676,-372281.15216327243,-372283.7401609098
S3-5.4,intermediate,[H]c1c([H])c(OC([H])([H])[H])c([H])c(N([H])C(=O)[C-:91]([H])[C:92]([H])([H])[S:93]C([H])([H])[H])c1[H],-1,-0.48800588,-0.114533894,-67.44608374959165,104.1618430596939,0.01651559,0.024952516,0.020734053,-0.013363481,0.35349357,0.17006505,-647285.6335932041,1.7661397159099579,-647267.2352991126,-647270.5376072066
S3-5.4,product,[H]c1c([H])c(OC([H])([H])[H])c([H])c(N([H])C(=O)[C:91]([H])([H])[C:92]([H])([H])[S:93]C([H])([H])[H])c1[H],0,-0.14178482,-0.12059833,-185.0921389772931,15.52460115110012,-0.022470295,-0.027734071,-0.025102183,0.028790802,0.0051740706,0.016982436,-647652.2073158568,2.93978039547801,-647645.7148196932,-647649.0760378765
S3-6.1,reactant,[H]c1c([H])c([H])c(N(C(=O)[C:91]([H])=[C:92]([H])[H])C([H])([H])[H])c([H])c1[H],0,-0.12776972,-0.2963028,-205.3193543858332,12.447988821140832,0.14793,0.12725277,0.13759139,0.12044729,0.017494738,0.068971016,-325054.0882771997,2.9298914466053247,-325047.8077155223,-325049.24700440286
S3-6.1,intermediate,[H]c1c([H])c([H])c(N(C(=O)[C-:91]([H])[C:92]([H])([H])[S:93]C([H])([H])[H])C([H])([H])[H])c([H])c1[H],-1,-0.42980254,-0.105870545,-67.72365444274126,114.14385886856562,-0.012268811,0.009250067,-0.0015093721,-0.03422433,0.31091157,0.13834362,-600050.8857356372,3.4203989394009113,-600028.1143567256,-600029.3826575654
S3-6.1,product,[H]c1c([H])c([H])c(N(C(=O)[C:91]([H])([H])[C:92]([H])([H])[S:93]C([H])([H])[H])C([H])([H])[H])c([H])c1[H],0,-0.12715259,-0.117508836,-191.40288362479018,18.07500453132966,-0.0316675,-0.02132865,-0.026498076,0.04195568,0.024500445,0.033228062,-600419.9099011465,3.188192693516612,-600412.0381900892,-600414.5584756918
S3-6.2,reactant,[H]c1c([H])c([H])c(N(C(=O)[C:91]([H])=[C:92]([H])[H])C([H])([H])[H])c([H])c1[H],0,-0.16256897,-0.28347212,-197.58619603777552,13.92627584128625,0.101397544,0.065748036,0.08357279,0.06748773,0.025424302,0.046456017,-325047.89002614294,2.6247044280171394,-325040.77982389554,-325042.81642557593
S3-6.2,intermediate,[H]c1c([H])c([H])c(N(C(=O)[C-:91]([H])[C:92]([H])([H])[S:93]C([H])([H])[H])C([H])([H])[H])c([H])c1[H],-1,-0.42968568,-0.105846085,-67.7530305812489,114.15349052273764,-0.012412146,0.009082474,-0.001664836,-0.034611344,0.31141973,0.13840419,-600050.8863745511,3.3552976977080107,-600026.289571304,-600029.2762731833
S3-6.2,product,[H]c1c([H])c([H])c(N(C(=O)[C:91]([H])([H])[C:92]([H])([H])[S:93]C([H])([H])[H])C([H])([H])[H])c([H])c1[H],0,-0.13947693,-0.12460995,-190.12728545873003,22.47203462813125,-0.043043204,-0.034023136,-0.03853317,0.041525677,0.017910257,0.029717967,-600416.119090564,3.06450111605227,-600408.1579819502,-600410.0202137165
S3-6.3,reactant,[H]c1c([H])c([H])c(N(C(=O)[C:91]([H])=[C:92]([H])[H])C([H])([H])[H])c([H])c1[H],0,-0.15010256,-0.29347274,-194.42237781717017,11.8168682606238,0.14160779,0.09708032,0.119344056,0.068629295,-0.0038046986,0.032412298,-325048.2480563732,1.3908637035638094,-325043.2592150559,-325044.54101162724
S3-6.3,intermediate,[H]c1c([H])c([H])c(N(C(=O)[C-:91]([H])[C:92]([H])([H])[S:93]C([H])([H])[H])C([H])([H])[H])c([H])c1[H],-1,-0.39549655,-0.11265093,-67.44695741846138,113.2884523526547,-0.020734169,0.011166319,-0.0047839247,-0.051443458,0.3008321,0.12469431,-600048.2230149058,4.806133180856705,-600020.9071966487,-600022.8020474934
S3-6.3,product,[H]c1c([H])c([H])c(N(C(=O)[C:91]([H])([H])[C:92]([H])([H])[S:93]C([H])([H])[H])C([H])([H])[H])c([H])c1[H],0,-0.12677415,-0.11747214,-191.45391227141772,18.618754164298203,-0.03277582,-0.022812992,-0.027794406,0.03879653,0.022416852,0.03060669,-600419.9589882357,4.476213214918971,-600411.2165782035,-600414.5584904131
S3-6.4,reactant,[H]c1c([H])c([H])c(N(C(=O)[C:91]([H])=[C:92]([H])[H])C([H])([H])[H])c([H])c1[H],0,-0.16341595,-0.28811476,-198.08499268144453,14.575530060743823,0.16320544,0.1052127,0.13420907,0.060026705,-0.004076928,0.027974889,-325051.06540186127,2.743796246126294,-325042.62619348353,-325045.367716288
S3-6.4,intermediate,[H]c1c([H])c([H])c(N(C(=O)[C-:91]([H])[C:92]([H])([H])[S:93]C([H])([H])[H])C([H])([H])[H])c([H])c1[H],-1,-0.38916904,-0.10946165,-65.93170685413519,113.95599246639286,-0.010267697,0.010754727,0.00024351478,-0.02042377,0.2686708,0.12412351,-600048.7832674937,2.767412532120943,-600028.4658886242,-600030.8536659313
S3-6.4,product,[H]c1c([H])c([H])c(N(C(=O)[C:91]([H])([H])[C:92]([H])([H])[S:93]C([H])([H])[H])C([H])([H])[H])c([H])c1[H],0,-0.13408418,-0.11393987,-190.39668886179433,19.47561041053513,-0.058646128,-0.049288437,-0.053967282,0.059826195,0.02307003,0.041448113,-600417.1170824579,3.5235619228333235,-600409.9732083768,-600412.047862154
S3-8.1,reactant,[H]c1c([H])c(N([H])C(=O)[C:91]([H])=[C:92]([H])[H])c([H])c([H])c1OC([H])([H])[H],0,-0.15159984,-0.28125167,-185.79335895302177,11.967625428501059,0.10878128,0.05476223,0.081771754,0.033181414,-0.0050913244,0.014045045,-372285.14849238377,1.1485790144652128,-372280.6102231451,-372282.80725311406
S3-8.1,intermediate,[H]c1c([H])c(N([H])C(=O)[C-:91]([H])[C:92]([H])([H])[S:93]C([H])([H])[H])c([H])c([H])c1OC([H])([H])[H],-1,-0.49543777,-0.12157711,-65.11914482305521,105.96063999940677,-0.017266147,0.024476215,0.0036050342,-0.02142182,0.30829102,0.1434346,-647281.4719226109,2.552722619846463,-647262.8008606356,-647263.5486147531
S3-8.1,product,[H]c1c([H])c(N([H])C(=O)[C:91]([H])([H])[C:92]([H])([H])[S:93]C([H])([H])[H])c([H])c([H])c1OC([H])([H])[H],0,-0.14128837,-0.121110156,-179.76391932916616,17.078040836729794,-0.025740013,-0.03133121,-0.028535612,0.02047053,-0.000113621354,0.010178454,-647651.0345431273,1.871890937909484,-647644.9174753306,-647648.1136860254
S3-8.2,reactant,[H]c1c([H])c(N([H])C(=O)[C:91]([H])=[C:92]([H])[H])c([H])c([H])c1OC([H])([H])[H],0,-0.15183663,-0.2787886,-184.5651025833302,12.454644893718962,0.14540648,0.077270225,0.111338355,0.06561354,-0.010798767,0.027407385,-372285.8891261164,0.8587878104299307,-372281.46680232184,-372283.85398722376
S3-8.2,intermediate,[H]c1c([H])c(N([H])C(=O)[C-:91]([H])[C:92]([H])([H])[S:93]C([H])([H])[H])c([H])c([H])c1OC([H])([H])[H],-1,-0.47300914,-0.11214785,-65.608822191285,102.41721488270697,-0.009576485,0.018270314,0.0043469146,-0.017514586,0.3204654,0.1514754,-647279.0631849855,2.8744491394609213,-647257.680609572,-647259.2179711112
S3-8.2,product,[H]c1c([H])c(N([H])C(=O)[C:91]([H])([H])[C:92]([H])([H])[S:93]C([H])([H])[H])c([H])c([H])c1OC([H])([H])[H],0,-0.14648922,-0.11802825,-179.87563572521353,19.35234338822466,-0.009940021,-0.024593309,-0.017266665,0.032001674,0.009835646,0.02091866,-647652.0295707092,3.9096781574189663,-647645.298476188,-647647.9377758105
S3-10.1,reactant,[H]c1c([H])c([H])c(C([H])([H])N([H])C(=O)[C:91]([H])=[C:92]([H])[H])c([H])c1[H],0,-0.16076532,-0.28363883,-209.98559180855764,16.205965160111212,0.1354514,0.071368545,0.103409976,0.04278156,-0.0063782334,0.018201664,-325059.944925883,3.0886632408946753,-325055.62762967387,-325057.58018119936
S3-10.1,intermediate,[H]c1c([H])c([H])c(C([H])([H])N([H])C(=O)[C-:91]([H])[C:92]([H])([H])[S:93]C([H])([H])[H])c([H])c1[H],-1,-0.5523752,-0.113727055,-72.54435873236788,110.0667707382934,0.008965515,0.022180386,0.01557295,-0.065190375,0.50482726,0.21981844,-600055.2104078213,4.113392189145088,-600035.7375397459,-600038.5737809867
S3-10.1,product,[H]c1c([H])c([H])c(C([H])([H])N([H])C(=O)[C:91]([H])([H])[C:92]([H])([H])[S:93]C([H])([H])[H])c([H])c1[H],0,-0.13830753,-0.10537908,-193.25681958544624,17.586637035774867,-0.039891064,-0.03953906,-0.039715063,0.06943701,0.013008878,0.041222945,-600426.8293020058,3.5583011023700237,-600421.8831014037,-600423.9951877691
S3-10.2,reactant,[H]c1c([H])c([H])c(C([H])([H])N([H])C(=O)[C:91]([H])=[C:92]([H])[H])c([H])c1[H],0,-0.16274773,-0.2797962,-207.86218025272527,17.89141985900317,0.16852227,0.09573367,0.13212797,0.08494681,-0.0052363873,0.039855212,-325061.362878504,2.407932922244072,-325057.01667365344,-325058.9052130718
S3-10.2,intermediate,[H]c1c([H])c([H])c(C([H])([H])N([H])C(=O)[C-:91]([H])[C:92]([H])([H])[S:93]C([H])([H])[H])c([H])c1[H],-1,-0.5050297,-0.12996796,-71.13385479217894,111.08247211647287,-0.016738087,0.03136895,0.007315431,-0.042594284,0.4319887,0.1946972,-600053.8885730514,4.625225532799959,-600034.763237315,-600036.3141728842
S3-10.2,product,[H]c1c([H])c([H])c(C([H])([H])N([H])C(=O)[C:91]([H])([H])[C:92]([H])([H])[S:93]C([H])([H])[H])c([H])c1[H],0,-0.13929951,-0.10498548,-192.44293531591515,18.12100225425367,-0.04090832,-0.04239624,-0.04165228,0.076799914,0.017780937,0.047290426,-600426.5874096338,2.083440149202943,-600420.6296072705,-600423.9952350211
S3-10.3,reactant,[H]c1c([H])c([H])c(C([H])([H])N([H])C(=O)[C:91]([H])=[C:92]([H])[H])c([H])c1[H],0,-0.16275406,-0.2797231,-207.84018144733648,17.840007960817307,0.16809303,0.09579073,0.13194188,0.08508642,-0.0051184744,0.039983973,-325061.36774963216,2.386226573958993,-325057.1558942855,-325058.9052726734
S3-10.3,intermediate,[H]c1c([H])c([H])c(C([H])([H])N([H])C(=O)[C-:91]([H])[C:92]([H])([H])[S:93]C([H])([H])[H])c([H])c1[H],-1,-0.55190414,-0.11405346,-70.64946106417295,108.14832301979979,0.005274497,0.021860123,0.01356731,-0.05354759,0.48356313,0.21500775,-600054.7062724967,2.326631823554635,-600036.5537237262,-600038.5596809208
S3-10.3,product,[H]c1c([H])c([H])c(C([H])([H])N([H])C(=O)[C:91]([H])([H])[C:92]([H])([H])[S:93]C([H])([H])[H])c([H])c1[H],0,-0.14374931,-0.12483123,-195.71014219721283,17.303497412944687,-0.023810096,-0.013792843,-0.01880147,0.023580313,0.006424144,0.015002228,-600426.3498566351,1.264716750010848,-600422.976927435,-600424.3910709971
S3-10.4,reactant,[H]c1c([H])c([H])c(C([H])([H])N([H])C(=O)[C:91]([H])=[C:92]([H])[H])c([H])c1[H],0,-0.15879676,-0.28334156,-208.48722284103306,16.15737551248443,0.1425713,0.071583316,0.10707731,0.060749486,-0.006408587,0.02717045,-325059.7187693903,2.136449484154582,-325055.91611078556,-325057.5801541899
S3-10.4,intermediate,[H]c1c([H])c([H])c(C([H])([H])N([H])C(=O)[C-:91]([H])[C:92]([H])([H])[S:93]C([H])([H])[H])c([H])c1[H],-1,-0.50511914,-0.12974769,-71.20306270412836,110.96332601988327,-0.01633408,0.031384856,0.007525388,-0.04247886,0.43306512,0.19529313,-600053.8906512893,4.768702778965235,-600033.2657687055,-600036.3142314033
S3-10.4,product,[H]c1c([H])c([H])c(C([H])([H])N([H])C(=O)[C:91]([H])([H])[C:92]([H])([H])[S:93]C([H])([H])[H])c([H])c1[H],0,-0.13819316,-0.10728179,-193.72978662054138,17.353318945877607,-0.039952233,-0.037717238,-0.038834736,0.06390947,0.010998115,0.037453793,-600426.7251006336,3.3034121338278055,-600421.2479394063,-600423.8804699051
S3-10.5,reactant,[H]c1c([H])c([H])c(C([H])([H])N([H])C(=O)[C:91]([H])=[C:92]([H])[H])c([H])c1[H],0,-0.15895283,-0.28336516,-208.51320282242108,16.145039808475428,0.14238194,0.07160701,0.10699447,0.060554877,-0.0063645095,0.027095184,-325059.722134716,2.153050182387233,-325055.866653438,-325057.5801123828
S3-10.5,intermediate,[H]c1c([H])c([H])c(C([H])([H])N([H])C(=O)[C-:91]([H])[C:92]([H])([H])[S:93]C([H])([H])[H])c([H])c1[H],-1,-0.50225705,-0.12150536,-67.23242737853255,112.77903291220342,0.0077250227,0.030476213,0.019100618,-0.04565695,0.42365173,0.18899739,-600055.7653538686,3.2203002125024796,-600036.7191508252,-600039.3112991308
S3-10.5,product,[H]c1c([H])c([H])c(C([H])([H])N([H])C(=O)[C:91]([H])([H])[C:92]([H])([H])[S:93]C([H])([H])[H])c([H])c1[H],0,-0.14576201,-0.123476,-191.8739628686812,17.114697455750015,-0.02545432,-0.021510303,-0.023482312,0.033329904,0.010330528,0.021830216,-600427.1023523808,4.242758763954043,-600421.7288718858,-600423.9302428022
S3-10.6,reactant,[H]c1c([H])c([H])c(C([H])([H])N([H])C(=O)[C:91]([H])=[C:92]([H])[H])c([H])c1[H],0,-0.16275075,-0.27962402,-207.80777338823782,17.832855952100964,0.16900045,0.096034065,0.13251725,0.08534482,-0.005136758,0.04010403,-325061.3731499626,2.2829765491187572,-325056.595127777,-325058.9052274602
S3-10.6,intermediate,[H]c1c([H])c([H])c(C([H])([H])N([H])C(=O)[C-:91]([H])[C:92]([H])([H])[S:93]C([H])([H])[H])c([H])c1[H],-1,-0.5148526,-0.116042115,-68.06688329030291,113.7057056248318,0.010354422,0.027417526,0.018885974,-0.051101297,0.43962884,0.19426377,-600056.3886074015,2.651898067444563,-600037.5912381794,-600040.0394223275
S3-10.6,product,[H]c1c([H])c([H])c(C([H])([H])N([H])C(=O)[C:91]([H])([H])[C:92]([H])([H])[S:93]C([H])([H])[H])c([H])c1[H],0,-0.13800527,-0.1072794,-193.7228533798443,17.3219792352455,-0.039454423,-0.037419535,-0.03843698,0.064591885,0.011416912,0.0380044,-600426.7180558775,3.2184840627014637,-600421.5718064014,-600423.8804158858
S3-12.1,reactant,[H]c1c([H])c(OC([H])([H])[H])c([H])c(C([H])([H])N([H])C(=O)[C:91]([H])=[C:92]([H])[H])c1[H],0,-0.1622742,-0.28000388,-196.6859332798007,14.328713973523376,0.15834373,0.07991351,0.11912862,0.07001126,-0.01274848,0.02863139,-396972.84162498626,4.2531247437000275,-396967.0647539286,-396969.94815782417
S3-12.1,intermediate,[H]c1c([H])c(OC([H])([H])[H])c([H])c(C([H])([H])N([H])C(=O)[C-:91]([H])[C:92]([H])([H])[S:93]C([H])([H])[H])c1[H],-1,-0.5339529,-0.12189313,-70.98180790618568,97.06492375101818,0.013360135,0.029434964,0.02139755,-0.03130251,0.46378183,0.21623966,-671961.1213818406,2.6862446181476116,-671940.7686457229,-671942.4474463061
S3-12.1,product,[H]c1c([H])c(OC([H])([H])[H])c([H])c(C([H])([H])N([H])C(=O)[C:91]([H])([H])[C:92]([H])([H])[S:93]C([H])([H])[H])c1[H],0,-0.15021259,-0.119606994,-186.14485630558397,15.153116857053002,-0.010791786,-0.015586518,-0.013189152,0.024542779,0.006413564,0.015478171,-672341.3274347113,3.492441890761256,-672331.2757936931,-672335.0644192077
S3-12.2,reactant,[H]c1c([H])c(OC([H])([H])[H])c([H])c(C([H])([H])N([H])C(=O)[C:91]([H])=[C:92]([H])[H])c1[H],0,-0.16117926,-0.28433827,-199.25324354975933,13.255516743783359,0.121037185,0.058547556,0.08979237,0.027165502,-0.0111922175,0.007986642,-396971.52018553537,3.7470271605998278,-396965.17118722544,-396968.69494883943
S3-12.2,intermediate,[H]c1c([H])c(OC([H])([H])[H])c([H])c(C([H])([H])N([H])C(=O)[C-:91]([H])[C:92]([H])([H])[S:93]C([H])([H])[H])c1[H],-1,-0.51483065,-0.1296714,-71.14792617936084,101.64527871044844,-0.004282221,0.03149736,0.013607569,-0.015422791,0.43380862,0.2091929,-671964.3501664654,3.859690262004733,-671945.78732491,-671946.8475205861
S3-12.2,product,[H]c1c([H])c(OC([H])([H])[H])c([H])c(C([H])([H])N([H])C(=O)[C:91]([H])([H])[C:92]([H])([H])[S:93]C([H])([H])[H])c1[H],0,-0.13560148,-0.104064584,-186.18766808954038,13.198922457789475,-0.04308033,-0.051491886,-0.047286108,0.09210117,0.022327922,0.057214547,-672339.3165638602,3.623688081279397,-672332.8343146901,-672336.002245116
S3-12.3,reactant,[H]c1c([H])c(OC([H])([H])[H])c([H])c(C([H])([H])N([H])C(=O)[C:91]([H])=[C:92]([H])[H])c1[H],0,-0.15910658,-0.28040093,-195.27103667613278,14.99869081303436,0.16543674,0.08209467,0.12376571,0.068983376,-0.0149734765,0.02700495,-396972.4172952825,1.3172216080129147,-396967.45621843357,-396969.94812160253
S3-12.3,intermediate,[H]c1c([H])c(OC([H])([H])[H])c([H])c(C([H])([H])N([H])C(=O)[C-:91]([H])[C:92]([H])([H])[S:93]C([H])([H])[H])c1[H],-1,-0.5152135,-0.11612406,-74.47890326488772,98.67753897978834,0.0076519027,0.019561522,0.013606712,-0.049722165,0.47454208,0.21240994,-671962.5758643742,5.48700793273747,-671942.0098641714,-671943.0460802261
S3-12.3,product,[H]c1c([H])c(OC([H])([H])[H])c([H])c(C([H])([H])N([H])C(=O)[C:91]([H])([H])[C:92]([H])([H])[S:93]C([H])([H])[H])c1[H],0,-0.14938487,-0.12282556,-184.71793501997863,13.204462613160219,0.001284115,-0.008915052,-0.0038154684,0.032401517,0.005873114,0.019137315,-672339.5019805346,5.360645726323128,-672332.1469660485,-672335.1896579816
S3-12.4,reactant,[H]c1c([H])c(OC([H])([H])[H])c([H])c(C([H])([H])N([H])C(=O)[C:91]([H])=[C:92]([H])[H])c1[H],0,-0.15852211,-0.27970797,-196.60399265030554,13.725057855782557,0.16366598,0.07718219,0.120424084,0.082526356,-0.013597593,0.03446438,-396974.00976416224,1.665186993777752,-396967.8064235652,-396971.14410175715
S3-12.4,intermediate,[H]c1c([H])c(OC([H])([H])[H])c([H])c(C([H])([H])N([H])C(=O)[C-:91]([H])[C:92]([H])([H])[S:93]C([H])([H])[H])c1[H],-1,-0.5231342,-0.115205504,-70.16895063198692,105.4255432045558,0.024229802,0.026483923,0.025356863,-0.03158039,0.45261848,0.21051905,-671968.0139294774,3.346377730369568,-671950.0114742364,-671951.3817958694
S3-12.4,product,[H]c1c([H])c(OC([H])([H])[H])c([H])c(C([H])([H])N([H])C(=O)[C:91]([H])([H])[C:92]([H])([H])[S:93]C([H])([H])[H])c1[H],0,-0.13678406,-0.10361469,-183.7688553128917,13.593013000829817,-0.041156083,-0.04878202,-0.044969052,0.058120072,0.0012280494,0.02967406,-672338.3591099741,3.403421124443412,-672332.5524941526,-672334.8303095979
S3-12.5,reactant,[H]c1c([H])c(OC([H])([H])[H])c([H])c(C([H])([H])N([H])C(=O)[C:91]([H])=[C:92]([H])[H])c1[H],0,-0.1618507,-0.28397948,-198.32602601000195,12.510623284522683,0.120581836,0.0572242,0.08890302,0.025731325,-0.012015745,0.00685779,-396971.50676041865,2.247695231810212,-396965.578412608,-396968.5203721804
S3-12.5,intermediate,[H]c1c([H])c(OC([H])([H])[H])c([H])c(C([H])([H])N([H])C(=O)[C-:91]([H])[C:92]([H])([H])[S:93]C([H])([H])[H])c1[H],-1,-0.50304776,-0.12434992,-73.77138740749953,100.09890478204117,0.016933769,0.033706516,0.025320143,-0.027285725,0.4578737,0.21529399,-671967.265238039,4.290473606437445,-671945.7005218498,-671947.7387171575
S3-12.5,product,[H]c1c([H])c(OC([H])([H])[H])c([H])c(C([H])([H])N([H])C(=O)[C:91]([H])([H])[C:92]([H])([H])[S:93]C([H])([H])[H])c1[H],0,-0.13842581,-0.106647335,-184.6707054095253,12.781202390861258,-0.03309057,-0.04037691,-0.03673374,0.061194018,0.004335031,0.032764524,-672337.9938353453,4.079224478453398,-672331.7290549903,-672334.8317891792
S3-12.6,reactant,[H]c1c([H])c(OC([H])([H])[H])c([H])c(C([H])([H])N([H])C(=O)[C:91]([H])=[C:92]([H])[H])c1[H],0,-0.16213521,-0.28001705,-196.7099906878311,14.302405981907894,0.15711164,0.07968503,0.11839834,0.071483016,-0.012600899,0.029441059,-396972.81717716507,4.012418916448951,-396966.1614173236,-396969.94813137647
S3-12.6,intermediate,[H]c1c([H])c(OC([H])([H])[H])c([H])c(C([H])([H])N([H])C(=O)[C-:91]([H])[C:92]([H])([H])[S:93]C([H])([H])[H])c1[H],-1,-0.53122395,-0.1172853,-69.97924767757814,103.02837656689479,-0.0072809383,0.020644195,0.0066816285,-0.0075783134,0.44971883,0.22107026,-671965.740518089,4.959810236468911,-671945.2406173733,-671948.3330654777
S3-12.6,product,[H]c1c([H])c(OC([H])([H])[H])c([H])c(C([H])([H])N([H])C(=O)[C:91]([H])([H])[C:92]([H])([H])[S:93]C([H])([H])[H])c1[H],0,-0.1379501,-0.10442006,-183.01166044368148,14.19613285884274,-0.036638267,-0.042704962,-0.039671615,0.07252525,0.00839591,0.04046058,-672337.8994335621,2.1375600956380367,-672332.9827702082,-672334.9645720794
S3-12.7,reactant,[H]c1c([H])c(OC([H])([H])[H])c([H])c(C([H])([H])N([H])C(=O)[C:91]([H])=[C:92]([H])[H])c1[H],0,-0.1587294,-0.27951717,-196.7060893923479,13.6607988748688,0.16437814,0.077053145,0.12071564,0.08277282,-0.013304621,0.0347341,-396974.02764425287,2.0098946820944548,-396968.54391877505,-396971.14406052337
S3-12.7,intermediate,[H]c1c([H])c(OC([H])([H])[H])c([H])c(C([H])([H])N([H])C(=O)[C-:91]([H])[C:92]([H])([H])[S:93]C([H])([H])[H])c1[H],-1,-0.5170146,-0.12441376,-72.08670353544208,96.65929667503168,0.010615259,0.02132389,0.015969574,0.0074444413,0.48302114,0.24523279,-671964.9992392922,5.9868747014552355,-671943.9608079379,-671945.7254203957
S3-12.7,product,[H]c1c([H])c(OC([H])([H])[H])c([H])c(C([H])([H])N([H])C(=O)[C:91]([H])([H])[C:92]([H])([H])[S:93]C([H])([H])[H])c1[H],0,-0.13573195,-0.105411045,-184.74350988830446,12.372270921154648,-0.038552515,-0.043215804,-0.04088416,0.05872953,0.0017493069,0.030239418,-672338.1977620041,3.6140894759446383,-672332.7214846596,-672335.0081075536
S3-12.8,reactant,[H]c1c([H])c(OC([H])([H])[H])c([H])c(C([H])([H])N([H])C(=O)[C:91]([H])=[C:92]([H])[H])c1[H],0,-0.16097207,-0.28450352,-199.1627953828264,13.256829690326638,0.12133524,0.058925897,0.09013057,0.027739093,-0.011325657,0.008206718,-396971.5014270164,3.342648059129715,-396965.7870493441,-396968.6950271785
S3-12.8,intermediate,[H]c1c([H])c(OC([H])([H])[H])c([H])c(C([H])([H])N([H])C(=O)[C-:91]([H])[C:92]([H])([H])[S:93]C([H])([H])[H])c1[H],-1,-0.558656,-0.11643653,-73.89995457638767,99.05727764164266,0.024784736,0.024205372,0.024495054,-0.030908406,0.50730497,0.23819828,-671968.2985360193,5.243473110720515,-671947.8655613291,-671950.2723278365
S3-12.8,product,[H]c1c([H])c(OC([H])([H])[H])c([H])c(C([H])([H])N([H])C(=O)[C:91]([H])([H])[C:92]([H])([H])[S:93]C([H])([H])[H])c1[H],0,-0.14642186,-0.116507776,-188.55236541469156,15.353455041093241,-0.014025055,-0.024607979,-0.019316517,0.024987161,0.0040936917,0.014540426,-672340.7415137859,5.356891902163625,-672331.4848523205,-672335.8975450149
S3-12.9,reactant,[H]c1c([H])c(OC([H])([H])[H])c([H])c(C([H])([H])N([H])C(=O)[C:91]([H])=[C:92]([H])[H])c1[H],0,-0.16182245,-0.28394777,-198.29231925661375,12.527332679976517,0.120823085,0.05723612,0.0890296,0.025923327,-0.012029052,0.0069471374,-396971.5049900816,2.28114022500813,-396966.33517727704,-396968.52037180075
S3-12.9,intermediate,[H]c1c([H])c(OC([H])([H])[H])c([H])c(C([H])([H])N([H])C(=O)[C-:91]([H])[C:92]([H])([H])[S:93]C([H])([H])[H])c1[H],-1,-0.5247754,-0.11558772,-69.88177712390889,104.88096312672509,0.028409712,0.02684857,0.02762914,-0.028284043,0.45418692,0.21295144,-671967.6068309189,2.5903541035950184,-671949.6908638356,-671950.6649853443
S3-12.9,product,[H]c1c([H])c(OC([H])([H])[H])c([H])c(C([H])([H])N([H])C(=O)[C:91]([H])([H])[C:92]([H])([H])[S:93]C([H])([H])[H])c1[H],0,-0.14277078,-0.124144375,-186.11980003667318,12.217407409386961,-0.020213932,-0.022068426,-0.021141179,0.030374736,0.004821226,0.01759798,-672338.6285710018,5.810825934633613,-672331.5056534457,-672334.9070536488
S3-12.10,reactant,[H]c1c([H])c(OC([H])([H])[H])c([H])c(C([H])([H])N([H])C(=O)[C:91]([H])=[C:92]([H])[H])c1[H],0,-0.15381534,-0.28322062,-201.10318427612492,15.144059928244843,0.12708247,0.07852925,0.10280586,0.04511802,-0.0099782795,0.01756987,-396972.511130548,0.6829605866223574,-396968.3278953425,-396970.49343302374
S3-12.10,intermediate,[H]c1c([H])c(OC([H])([H])[H])c([H])c(C([H])([H])N([H])C(=O)[C-:91]([H])[C:92]([H])([H])[S:93]C([H])([H])[H])c1[H],-1,-0.5589577,-0.1260225,-72.09804817905676,100.41604003845424,-0.0013787523,0.028209448,0.013415348,-0.021531582,0.45129097,0.21487969,-671964.004260256,3.0858954284340143,-671943.2936154456,-671948.2651713586
S3-12.10,product,[H]c1c([H])c(OC([H])([H])[H])c([H])c(C([H])([H])N([H])C(=O)[C:91]([H])([H])[C:92]([H])([H])[S:93]C([H])([H])[H])c1[H],0,-0.13497184,-0.10441042,-186.38367242333618,13.049099851407867,-0.042233776,-0.048874147,-0.04555396,0.06635283,0.0040829033,0.035217866,-672339.406248939,3.3835772685706615,-672331.9634085888,-672335.9769839125
S3-15.1,reactant,[H]c1c([H])c([H])c(N([H])C(=O)[C:91](C([H])([H])[H])=[C:92]([H])[H])c([H])c1[H],0,0.023005653,-0.3256822,-200.19022069475628,13.208659817711071,0.1377584,0.084393054,0.11107573,-0.010889791,-0.057356942,-0.03412337,-325063.5238444877,1.4508714415133,-325060.12831187126,-325061.02046333184
S3-15.1,intermediate,[H]c1c([H])c([H])c(N([H])C(=O)[C-:91](C([H])([H])[H])[C:92]([H])([H])[S:93]C([H])([H])[H])c([H])c1[H],-1,-0.30581227,-0.13303618,-59.03820724260135,110.28167061784892,0.011968002,0.03028512,0.02112656,-0.078822315,0.30964804,0.11541287,-600056.635103948,6.4194699209183455,-600026.4393745165,-600027.2936916284
S3-15.1,product,[H]c1c([H])c([H])c(N([H])C(=O)[C:91]([H])(C([H])([H])[H])[C:92]([H])([H])[S:93]C([H])([H])[H])c([H])c1[H],0,-0.077409044,-0.104132645,-191.95041280146367,14.439444713488214,-0.031051114,-0.03605137,-0.033551242,0.015158743,-0.0037914366,0.005683653,-600427.0945951424,1.3908228296786547,-600422.0034169662,-600424.410277865
S3-16.1,reactant,[H]c1c([H])c([H])c(N([H])C(=O)/[C:91]([H])=[C:92](\[H])C([H])([H])[H])c([H])c1[H],0,-0.17249404,-0.091572285,-197.46427871902154,15.182847614379867,0.10608035,0.065673806,0.085877076,0.087868735,-0.012077197,0.03789577,-325065.28013007354,0.5106791313737631,-325061.1768611759,-325063.3808099979
S3-16.1,intermediate,[H]c1c([H])c([H])c(N([H])C(=O)[C-:91]([H])[C:92]([H])(C([H])([H])[H])[S:93]C([H])([H])[H])c([H])c1[H],-1,-0.46093643,-0.0039602993,-65.75013515424314,110.32469827066512,-0.016882915,0.011079585,-0.0029016656,-0.018063366,0.31599623,0.14896643,-600059.6080642825,1.3335193041712046,-600043.689858313,-600045.4085987739
S3-16.1,product,[H]c1c([H])c([H])c(N([H])C(=O)[C:91]([H])([H])[C:92]([H])(C([H])([H])[H])[S:93]C([H])([H])[H])c([H])c1[H],0,-0.14329125,-0.032309093,-188.0590819802549,18.490148757461824,-0.036890272,-0.0364346,-0.036662433,0.016677737,0.008115351,0.012396544,-600428.282069364,2.1176413502544165,-600422.6695965932,-600425.0559745153
S3-1.1,reactant,[H]c1nc(N([H])C(=O)[C:91]([H])=[C:92]([H])[H])c([H])c([H])c1[H],0,-0.15788504,-0.2739919,-206.07799476093984,8.027582810608225,0.15071493,0.10007815,0.12539655,0.05671963,0.0013472885,0.02903346,-310451.9295587426,0.7717597987502813,-310448.73669513076,-310449.9961837331
S3-1.1,intermediate,[H]c1nc(N([H])C(=O)[C-:91]([H])[C:92]([H])([H])[S:93]C([H])([H])[H])c([H])c([H])c1[H],-1,-0.51133454,-0.10859009,-69.63020188841134,103.85323269314131,-0.00832098,0.021998033,0.0068385266,0.0009225011,0.37450802,0.18771526,-585438.9315537296,3.6621384229511023,-585413.4101469528,-585414.2776043237
S3-1.1,product,[H]c1nc(N([H])C(=O)[C:91]([H])([H])[C:92]([H])([H])[S:93]C([H])([H])[H])c([H])c([H])c1[H],0,-0.156936,-0.12323211,-194.47364936159912,15.24266679965705,-0.017690688,-0.01681067,-0.01725068,0.0111658275,0.008374006,0.009769917,-585810.9435135877,3.4962722081691027,-585802.3468981276,-585805.8611275225
S3-2.1,reactant,[H]c1c([H])c(C#N)c([H])c(N([H])C(=O)[C:91]([H])=[C:92]([H])[H])c1[H],0,-0.15212044,-0.27082476,-207.87685389912735,-7.796647371612138,0.073485345,0.057330474,0.06540791,0.013392061,0.0011519939,0.0072720274,-358302.3305629061,0.9356456603854895,-358298.6845306239,-358299.9766980344
S3-2.1,intermediate,[H]c1c([H])c(C#N)c([H])c(N([H])C(=O)[C-:91]([H])[C:92]([H])([H])[S:93]C([H])([H])[H])c1[H],-1,-0.49723917,-0.11743994,-75.37250365812469,83.60943266626133,-0.009296365,0.022548698,0.0066261664,-0.04588613,0.3248036,0.13945872,-633309.4882184261,1.5939000844955444,-633293.5596980889,-633293.9342784346
S3-2.1,product,[H]c1c([H])c(C#N)c([H])c(N([H])C(=O)[C:91]([H])([H])[C:92]([H])([H])[S:93]C([H])([H])[H])c1[H],0,-0.14104475,-0.12642394,-194.23164186747138,-2.7310833021072436,-0.030025326,-0.014833704,-0.022429515,0.011172861,0.007369265,0.009271063,-633669.2930800334,1.6535549722611904,-633663.1493857829,-633665.6649733811
S3-2.2,reactant,[H]c1c([H])c(C#N)c([H])c(N([H])C(=O)[C:91]([H])=[C:92]([H])[H])c1[H],0,-0.14992532,-0.27119783,-206.51357035969983,-8.415450022159742,0.075587004,0.059313074,0.06745004,0.010895297,-0.001734227,0.004580535,-358301.4128821348,1.1720045078545809,-358296.86548878084,-358298.9493555441
S3-2.2,intermediate,[H]c1c([H])c(C#N)c([H])c(N([H])C(=O)[C-:91]([H])[C:92]([H])([H])[S:93]C([H])([H])[H])c1[H],-1,-0.49950412,-0.11755017,-75.93898529661841,84.46429691296473,-0.026983544,0.02081155,-0.003085997,-0.037801087,0.3127271,0.137463,-633307.6727917974,3.4822833724319935,-633285.7436070393,-633288.7549058667
S3-2.2,product,[H]c1c([H])c(C#N)c([H])c(N([H])C(=O)[C:91]([H])([H])[C:92]([H])([H])[S:93]C([H])([H])[H])c1[H],0,-0.13471404,-0.11220643,-194.93779139099615,-3.5520824806353746,-0.052348703,-0.039321437,-0.04583507,0.015123412,0.002528131,0.0088257715,-633667.4300975321,1.2182957734912634,-633663.2279639782,-633664.8884468519
S3-3.1,reactant,[H]c1c([H])c(Cl)c([H])c(N([H])C(=O)[C:91]([H])=[C:92]([H])[H])c1[H],0,-0.15169948,-0.27408472,-202.83483148563485,5.615648253295265,0.14191312,0.09327634,0.11759473,0.069355085,-0.0030862242,0.03313443,-588820.5692264044,0.47096150182187557,-588816.8658221447,-588818.5535021643
S3-3.1,intermediate,[H]c1c([H])c(Cl)c([H])c(N([H])C(=O)[C-:91]([H])[C:92]([H])([H])[S:93]C([H])([H])[H])c1[H],-1,-0.48505247,-0.11499147,-70.4783890347272,103.0748275931909,-0.0041970387,0.025181837,0.010492399,-0.031449974,0.3490718,0.15881091,-863823.1581212815,1.5912736989557743,-863806.1344599276,-863807.759468857
S3-3.1,product,[H]c1c([H])c(Cl)c([H])c(N([H])C(=O)[C:91]([H])([H])[C:92]([H])([H])[S:93]C([H])([H])[H])c1[H],0,-0.13357574,-0.106206834,-192.99318346935314,10.82013765991373,-0.045382027,-0.04064995,-0.043015987,0.036080196,0.007665172,0.021872684,-864185.41868859,1.1263942439109087,-864181.0879696003,-864182.9710312503
S3-3.2,reactant,[H]c1c([H])c(Cl)c([H])c(N([H])C(=O)[C:91]([H])=[C:92]([H])[H])c1[H],0,-0.14992891,-0.27605876,-203.2934238370454,4.139411518981071,0.10630408,0.06062706,0.08346557,0.0427278,-0.000740096,0.020993851,-588819.4028366493,0.9370822533965111,-588813.9076353746,-588817.0749893811
S3-3.2,intermediate,[H]c1c([H])c(Cl)c([H])c(N([H])C(=O)[C-:91]([H])[C:92]([H])([H])[S:93]C([H])([H])[H])c1[H],-1,-0.4915643,-0.11421613,-69.36965724646454,100.50773085707637,-0.03304617,0.015409254,-0.008818459,-0.011170149,0.3623175,0.17557368,-863819.7415825789,2.159385310485959,-863796.549017411,-863799.3907861178
S3-3.2,product,[H]c1c([H])c(Cl)c([H])c(N([H])C(=O)[C:91]([H])([H])[C:92]([H])([H])[S:93]C([H])([H])[H])c1[H],0,-0.14133604,-0.121078804,-191.2985465586176,10.779228378188328,-0.026425555,-0.02025555,-0.023340553,0.019977152,0.008460596,0.014218874,-864186.524229464,2.2279148753732443,-864181.031379189,-864182.9255674928
S3-4.1,reactant,[H]c1c([H])c([H])c(N([H])C(=O)[C:91]([H])=[C:92]([H])[H])c([H])c1[H],0,-0.1498965,-0.2790445,-202.5320377294328,12.017560417501134,0.13264489,0.0662591,0.099452,0.06120637,0.0013530701,0.03127972,-300374.33796262945,0.920568885281682,-300371.0860502195,-300372.2809312775
S3-4.1,intermediate,[H]c1c([H])c([H])c(N([H])C(=O)[C-:91]([H])[C:92]([H])([H])[S:93]C([H])([H])[H])c([H])c1[H],-1,-0.48467427,-0.111728214,-64.91390032006561,113.20366171646755,-0.039784193,0.013591386,-0.013096403,-0.0053286254,0.35356122,0.1741163,-575370.5429416065,2.273472137749195,-575348.9321682745,-575351.3242310408
S3-4.1,product,[H]c1c([H])c([H])c(N([H])C(=O)[C:91]([H])([H])[C:92]([H])([H])[S:93]C([H])([H])[H])c([H])c1[H],0,-0.13413021,-0.10195727,-193.59512716208872,19.459805281524474,-0.04837966,-0.050760232,-0.049569946,0.056123137,0.019870333,0.037996735,-575740.627685496,0.5396994855254889,-575737.8567899878,-575738.4743252901
S3-5.1,reactant,[H]c1c([H])c(OC([H])([H])[H])c([H])c(N([H])C(=O)[C:91]([H])=[C:92]([H])[H])c1[H],0,-0.15304032,-0.2802337,-194.49545957086502,11.220811253584792,0.114822894,0.054177985,0.08450044,0.04767634,-0.002597466,0.022539437,-372286.30015059887,1.0007577389478683,-372282.4975291985,-372283.7400836162
S3-5.1,intermediate,[H]c1c([H])c(OC([H])([H])[H])c([H])c(N([H])C(=O)[C-:91]([H])[C:92]([H])([H])[S:93]C([H])([H])[H])c1[H],-1,-0.48362628,-0.118250005,-67.54140342190223,104.58477779684247,-0.014619045,0.025222354,0.0053016543,-0.0011902452,0.33739638,0.16810307,-647285.7964089516,1.8847818225622177,-647263.5650150024,-647267.1745496786
S3-5.1,product,[H]c1c([H])c(OC([H])([H])[H])c([H])c(N([H])C(=O)[C:91]([H])([H])[C:92]([H])([H])[S:93]C([H])([H])[H])c1[H],0,-0.14123204,-0.116924085,-185.5390314465044,15.33029939980681,-0.0074140206,-0.024137788,-0.015775904,0.040171087,0.01555495,0.027863018,-647652.2560477353,1.2595662344247103,-647646.29827685,-647649.1801288077
S3-5.2,reactant,[H]c1c([H])c(OC([H])([H])[H])c([H])c(N([H])C(=O)[C:91]([H])=[C:92]([H])[H])c1[H],0,-0.15157674,-0.28030512,-193.89865931120073,9.958760060109936,0.11494285,0.055140227,0.08504154,0.04216245,-0.004788384,0.018687032,-372285.7112345267,0.9217747300863266,-372281.13716930844,-372283.1619210774
S3-5.2,intermediate,[H]c1c([H])c(OC([H])([H])[H])c([H])c(N([H])C(=O)[C-:91]([H])[C:92]([H])([H])[S:93]C([H])([H])[H])c1[H],-1,-0.48242098,-0.096229404,-68.4292643405517,102.8348982214395,0.0076623783,0.023576267,0.015619323,0.0063259006,0.3370821,0.171704,-647282.9489444831,4.444568604230881,-647259.6520282985,-647261.0256537593
S3-5.2,product,[H]c1c([H])c(OC([H])([H])[H])c([H])c(N([H])C(=O)[C:91]([H])([H])[C:92]([H])([H])[S:93]C([H])([H])[H])c1[H],0,-0.13238174,-0.10307925,-185.93189226051862,14.13123024254573,-0.039551266,-0.047955327,-0.043753296,0.048158765,0.0013961047,0.024777435,-647652.1117687199,1.0369368512183428,-647647.5469884692,-647649.3898330805
S3-5.3,reactant,[H]c1c([H])c(OC([H])([H])[H])c([H])c(N([H])C(=O)[C:91]([H])=[C:92]([H])[H])c1[H],0,-0.15026626,-0.2773507,-193.28140326145476,9.87998660015174,0.15223572,0.08188844,0.11706208,0.08510138,-0.007990256,0.038555562,-372287.03351692186,1.0486234780400991,-372282.59685666417,-372284.55891688523
S3-5.3,intermediate,[H]c1c([H])c(OC([H])([H])[H])c([H])c(N([H])C(=O)[C-:91]([H])[C:92]([H])([H])[S:93]C([H])([H])[H])c1[H],-1,-0.48812136,-0.1145315,-67.45300749342836,104.16653583926217,0.016573563,0.024960682,0.020767123,-0.013210416,0.35363188,0.17021073,-647285.6335833254,1.617257596924901,-647268.4022707478,-647270.5376065922
S3-5.3,product,[H]c1c([H])c(OC([H])([H])[H])c([H])c(N([H])C(=O)[C:91]([H])([H])[C:92]([H])([H])[S:93]C([H])([H])[H])c1[H],0,-0.13965589,-0.116540045,-184.84858099229285,15.447715082634097,-0.02310852,-0.02684024,-0.02497438,0.023013383,0.003283903,0.013148643,-647652.4621533372,1.5264978967607021,-647644.9498938755,-647648.723936477
S3-5.4,reactant,[H]c1c([H])c(OC([H])([H])[H])c([H])c(N([H])C(=O)[C:91]([H])=[C:92]([H])[H])c1[H],0,-0.15304664,-0.28027314,-194.50100836268146,11.21645538529068,0.1146923,0.05420336,0.08444783,0.047566056,-0.0025904775,0.02248779,-372286.30117335817,1.038264460861683,-372281.15216327243,-372283.7401609098
S3-5.4,intermediate,[H]c1c([H])c(OC([H])([H])[H])c([H])c(N([H])C(=O)[C-:91]([H])[C:92]([H])([H])[S:93]C([H])([H])[H])c1[H],-1,-0.48800588,-0.114533894,-67.44608374959165,104.1618430596939,0.01651559,0.024952516,0.020734053,-0.013363481,0.35349357,0.17006505,-647285.6335932041,1.595367282629013,-647267.2352991126,-647270.5376072066
S3-5.4,product,[H]c1c([H])c(OC([H])([H])[H])c([H])c(N([H])C(=O)[C:91]([H])([H])[C:92]([H])([H])[S:93]C([H])([H])[H])c1[H],0,-0.14178482,-0.12059833,-185.0921389772931,15.52460115110012,-0.022470295,-0.027734071,-0.025102183,0.028790802,0.0051740706,0.016982436,-647652.2073158568,2.8380192201584578,-647645.7148196932,-647649.0760378765
S3-6.1,reactant,[H]c1c([H])c([H])c(N(C(=O)[C:91]([H])=[C:92]([H])[H])C([H])([H])[H])c([H])c1[H],0,-0.12776972,-0.2963028,-205.3193543858332,12.447988821140832,0.14793,0.12725277,0.13759139,0.12044729,0.017494738,0.068971016,-325054.0882771997,2.686047000810504,-325047.8077155223,-325049.24700440286
S3-6.1,intermediate,[H]c1c([H])c([H])c(N(C(=O)[C-:91]([H])[C:92]([H])([H])[S:93]C([H])([H])[H])C([H])([H])[H])c([H])c1[H],-1,-0.42980254,-0.105870545,-67.72365444274126,114.14385886856562,-0.012268811,0.009250067,-0.0015093721,-0.03422433,0.31091157,0.13834362,-600050.8857356372,3.3994898833334446,-600028.1143567256,-600029.3826575654
S3-6.1,product,[H]c1c([H])c([H])c(N(C(=O)[C:91]([H])([H])[C:92]([H])([H])[S:93]C([H])([H])[H])C([H])([H])[H])c([H])c1[H],0,-0.12715259,-0.117508836,-191.40288362479018,18.07500453132966,-0.0316675,-0.02132865,-0.026498076,0.04195568,0.024500445,0.033228062,-600419.9099011465,3.2090470362454653,-600412.0381900892,-600414.5584756918
S3-6.2,reactant,[H]c1c([H])c([H])c(N(C(=O)[C:91]([H])=[C:92]([H])[H])C([H])([H])[H])c([H])c1[H],0,-0.16256897,-0.28347212,-197.58619603777552,13.92627584128625,0.101397544,0.065748036,0.08357279,0.06748773,0.025424302,0.046456017,-325047.89002614294,2.6233889423310757,-325040.77982389554,-325042.81642557593
S3-6.2,intermediate,[H]c1c([H])c([H])c(N(C(=O)[C-:91]([H])[C:92]([H])([H])[S:93]C([H])([H])[H])C([H])([H])[H])c([H])c1[H],-1,-0.42968568,-0.105846085,-67.7530305812489,114.15349052273764,-0.012412146,0.009082474,-0.001664836,-0.034611344,0.31141973,0.13840419,-600050.8863745511,3.382553815841675,-600026.289571304,-600029.2762731833
S3-6.2,product,[H]c1c([H])c([H])c(N(C(=O)[C:91]([H])([H])[C:92]([H])([H])[S:93]C([H])([H])[H])C([H])([H])[H])c([H])c1[H],0,-0.13947693,-0.12460995,-190.12728545873003,22.47203462813125,-0.043043204,-0.034023136,-0.03853317,0.041525677,0.017910257,0.029717967,-600416.119090564,3.056129828095436,-600408.1579819502,-600410.0202137165
S3-6.3,reactant,[H]c1c([H])c([H])c(N(C(=O)[C:91]([H])=[C:92]([H])[H])C([H])([H])[H])c([H])c1[H],0,-0.15010256,-0.29347274,-194.42237781717017,11.8168682606238,0.14160779,0.09708032,0.119344056,0.068629295,-0.0038046986,0.032412298,-325048.2480563732,1.3726382609456778,-325043.2592150559,-325044.54101162724
S3-6.3,intermediate,[H]c1c([H])c([H])c(N(C(=O)[C-:91]([H])[C:92]([H])([H])[S:93]C([H])([H])[H])C([H])([H])[H])c([H])c1[H],-1,-0.39549655,-0.11265093,-67.44695741846138,113.2884523526547,-0.020734169,0.011166319,-0.0047839247,-0.051443458,0.3008321,0.12469431,-600048.2230149058,4.3149341605603695,-600020.9071966487,-600022.8020474934
S3-6.3,product,[H]c1c([H])c([H])c(N(C(=O)[C:91]([H])([H])[C:92]([H])([H])[S:93]C([H])([H])[H])C([H])([H])[H])c([H])c1[H],0,-0.12677415,-0.11747214,-191.45391227141772,18.618754164298203,-0.03277582,-0.022812992,-0.027794406,0.03879653,0.022416852,0.03060669,-600419.9589882357,3.869440210983157,-600411.2165782035,-600414.5584904131
S3-6.4,reactant,[H]c1c([H])c([H])c(N(C(=O)[C:91]([H])=[C:92]([H])[H])C([H])([H])[H])c([H])c1[H],0,-0.16341595,-0.28811476,-198.08499268144453,14.575530060743823,0.16320544,0.1052127,0.13420907,0.060026705,-0.004076928,0.027974889,-325051.06540186127,2.3921248614788055,-325042.62619348353,-325045.367716288
S3-6.4,intermediate,[H]c1c([H])c([H])c(N(C(=O)[C-:91]([H])[C:92]([H])([H])[S:93]C([H])([H])[H])C([H])([H])[H])c([H])c1[H],-1,-0.38916904,-0.10946165,-65.93170685413519,113.95599246639286,-0.010267697,0.010754727,0.00024351478,-0.02042377,0.2686708,0.12412351,-600048.7832674937,2.7408761773258448,-600028.4658886242,-600030.8536659313
S3-6.4,product,[H]c1c([H])c([H])c(N(C(=O)[C:91]([H])([H])[C:92]([H])([H])[S:93]C([H])([H])[H])C([H])([H])[H])c([H])c1[H],0,-0.13408418,-0.11393987,-190.39668886179433,19.47561041053513,-0.058646128,-0.049288437,-0.053967282,0.059826195,0.02307003,0.041448113,-600417.1170824579,3.536415321752429,-600409.9732083768,-600412.047862154
S3-8.1,reactant,[H]c1c([H])c(N([H])C(=O)[C:91]([H])=[C:92]([H])[H])c([H])c([H])c1OC([H])([H])[H],0,-0.15159984,-0.28125167,-185.79335895302177,11.967625428501059,0.10878128,0.05476223,0.081771754,0.033181414,-0.0050913244,0.014045045,-372285.14849238377,1.1499297730624676,-372280.6102231451,-372282.80725311406
S3-8.1,intermediate,[H]c1c([H])c(N([H])C(=O)[C-:91]([H])[C:92]([H])([H])[S:93]C([H])([H])[H])c([H])c([H])c1OC([H])([H])[H],-1,-0.49543777,-0.12157711,-65.11914482305521,105.96063999940677,-0.017266147,0.024476215,0.0036050342,-0.02142182,0.30829102,0.1434346,-647281.4719226109,2.5199179463088512,-647262.8008606356,-647263.5486147531
S3-8.1,product,[H]c1c([H])c(N([H])C(=O)[C:91]([H])([H])[C:92]([H])([H])[S:93]C([H])([H])[H])c([H])c([H])c1OC([H])([H])[H],0,-0.14128837,-0.121110156,-179.76391932916616,17.078040836729794,-0.025740013,-0.03133121,-0.028535612,0.02047053,-0.000113621354,0.010178454,-647651.0345431273,1.8425584360957146,-647644.9174753306,-647648.1136860254
S3-8.2,reactant,[H]c1c([H])c(N([H])C(=O)[C:91]([H])=[C:92]([H])[H])c([H])c([H])c1OC([H])([H])[H],0,-0.15183663,-0.2787886,-184.5651025833302,12.454644893718962,0.14540648,0.077270225,0.111338355,0.06561354,-0.010798767,0.027407385,-372285.8891261164,0.84221500903368,-372281.46680232184,-372283.85398722376
S3-8.2,intermediate,[H]c1c([H])c(N([H])C(=O)[C-:91]([H])[C:92]([H])([H])[S:93]C([H])([H])[H])c([H])c([H])c1OC([H])([H])[H],-1,-0.47300914,-0.11214785,-65.608822191285,102.41721488270697,-0.009576485,0.018270314,0.0043469146,-0.017514586,0.3204654,0.1514754,-647279.0631849855,2.8444234989583492,-647257.680609572,-647259.2179711112
S3-8.2,product,[H]c1c([H])c(N([H])C(=O)[C:91]([H])([H])[C:92]([H])([H])[S:93]C([H])([H])[H])c([H])c([H])c1OC([H])([H])[H],0,-0.14648922,-0.11802825,-179.87563572521353,19.35234338822466,-0.009940021,-0.024593309,-0.017266665,0.032001674,0.009835646,0.02091866,-647652.0295707092,3.8957835230976343,-647645.298476188,-647647.9377758105
S3-10.1,reactant,[H]c1c([H])c([H])c(C([H])([H])N([H])C(=O)[C:91]([H])=[C:92]([H])[H])c([H])c1[H],0,-0.16076532,-0.28363883,-209.98559180855764,16.205965160111212,0.1354514,0.071368545,0.103409976,0.04278156,-0.0063782334,0.018201664,-325059.944925883,2.9637026246637106,-325055.62762967387,-325057.58018119936
S3-10.1,intermediate,[H]c1c([H])c([H])c(C([H])([H])N([H])C(=O)[C-:91]([H])[C:92]([H])([H])[S:93]C([H])([H])[H])c([H])c1[H],-1,-0.5523752,-0.113727055,-72.54435873236788,110.0667707382934,0.008965515,0.022180386,0.01557295,-0.065190375,0.50482726,0.21981844,-600055.2104078213,4.255955254659057,-600035.7375397459,-600038.5737809867
S3-10.1,product,[H]c1c([H])c([H])c(C([H])([H])N([H])C(=O)[C:91]([H])([H])[C:92]([H])([H])[S:93]C([H])([H])[H])c([H])c1[H],0,-0.13830753,-0.10537908,-193.25681958544624,17.586637035774867,-0.039891064,-0.03953906,-0.039715063,0.06943701,0.013008878,0.041222945,-600426.8293020058,3.5200848914682865,-600421.8831014037,-600423.9951877691
S3-10.2,reactant,[H]c1c([H])c([H])c(C([H])([H])N([H])C(=O)[C:91]([H])=[C:92]([H])[H])c([H])c1[H],0,-0.16274773,-0.2797962,-207.86218025272527,17.89141985900317,0.16852227,0.09573367,0.13212797,0.08494681,-0.0052363873,0.039855212,-325061.362878504,2.4001427367329597,-325057.01667365344,-325058.9052130718
S3-10.2,intermediate,[H]c1c([H])c([H])c(C([H])([H])N([H])C(=O)[C-:91]([H])[C:92]([H])([H])[S:93]C([H])([H])[H])c([H])c1[H],-1,-0.5050297,-0.12996796,-71.13385479217894,111.08247211647287,-0.016738087,0.03136895,0.007315431,-0.042594284,0.4319887,0.1946972,-600053.8885730514,4.598074650391936,-600034.763237315,-600036.3141728842
S3-10.2,product,[H]c1c([H])c([H])c(C([H])([H])N([H])C(=O)[C:91]([H])([H])[C:92]([H])([H])[S:93]C([H])([H])[H])c([H])c1[H],0,-0.13929951,-0.10498548,-192.44293531591515,18.12100225425367,-0.04090832,-0.04239624,-0.04165228,0.076799914,0.017780937,0.047290426,-600426.5874096338,2.091806637123227,-600420.6296072705,-600423.9952350211
S3-10.3,reactant,[H]c1c([H])c([H])c(C([H])([H])N([H])C(=O)[C:91]([H])=[C:92]([H])[H])c([H])c1[H],0,-0.16275406,-0.2797231,-207.84018144733648,17.840007960817307,0.16809303,0.09579073,0.13194188,0.08508642,-0.0051184744,0.039983973,-325061.36774963216,2.3758719116449356,-325057.1558942855,-325058.9052726734
S3-10.3,intermediate,[H]c1c([H])c([H])c(C([H])([H])N([H])C(=O)[C-:91]([H])[C:92]([H])([H])[S:93]C([H])([H])[H])c([H])c1[H],-1,-0.55190414,-0.11405346,-70.64946106417295,108.14832301979979,0.005274497,0.021860123,0.01356731,-0.05354759,0.48356313,0.21500775,-600054.7062724967,3.502174409106374,-600036.5537237262,-600038.5596809208
S3-10.3,product,[H]c1c([H])c([H])c(C([H])([H])N([H])C(=O)[C:91]([H])([H])[C:92]([H])([H])[S:93]C([H])([H])[H])c([H])c1[H],0,-0.14374931,-0.12483123,-195.71014219721283,17.303497412944687,-0.023810096,-0.013792843,-0.01880147,0.023580313,0.006424144,0.015002228,-600426.3498566351,1.2104148287326097,-600422.976927435,-600424.3910709971
S3-10.4,reactant,[H]c1c([H])c([H])c(C([H])([H])N([H])C(=O)[C:91]([H])=[C:92]([H])[H])c([H])c1[H],0,-0.15879676,-0.28334156,-208.48722284103306,16.15737551248443,0.1425713,0.071583316,0.10707731,0.060749486,-0.006408587,0.02717045,-325059.7187693903,2.127753157168627,-325055.91611078556,-325057.5801541899
S3-10.4,intermediate,[H]c1c([H])c([H])c(C([H])([H])N([H])C(=O)[C-:91]([H])[C:92]([H])([H])[S:93]C([H])([H])[H])c([H])c1[H],-1,-0.50511914,-0.12974769,-71.20306270412836,110.96332601988327,-0.01633408,0.031384856,0.007525388,-0.04247886,0.43306512,0.19529313,-600053.8906512893,4.69641724973917,-600033.2657687055,-600036.3142314033
S3-10.4,product,[H]c1c([H])c([H])c(C([H])([H])N([H])C(=O)[C:91]([H])([H])[C:92]([H])([H])[S:93]C([H])([H])[H])c([H])c1[H],0,-0.13819316,-0.10728179,-193.72978662054138,17.353318945877607,-0.039952233,-0.037717238,-0.038834736,0.06390947,0.010998115,0.037453793,-600426.7251006336,3.3291763961315155,-600421.2479394063,-600423.8804699051
S3-10.5,reactant,[H]c1c([H])c([H])c(C([H])([H])N([H])C(=O)[C:91]([H])=[C:92]([H])[H])c([H])c1[H],0,-0.15895283,-0.28336516,-208.51320282242108,16.145039808475428,0.14238194,0.07160701,0.10699447,0.060554877,-0.0063645095,0.027095184,-325059.722134716,2.1460065618157387,-325055.866653438,-325057.5801123828
S3-10.5,intermediate,[H]c1c([H])c([H])c(C([H])([H])N([H])C(=O)[C-:91]([H])[C:92]([H])([H])[S:93]C([H])([H])[H])c([H])c1[H],-1,-0.50225705,-0.12150536,-67.23242737853255,112.77903291220342,0.0077250227,0.030476213,0.019100618,-0.04565695,0.42365173,0.18899739,-600055.7653538686,3.0672747530043125,-600036.7191508252,-600039.3112991308
S3-10.5,product,[H]c1c([H])c([H])c(C([H])([H])N([H])C(=O)[C:91]([H])([H])[C:92]([H])([H])[S:93]C([H])([H])[H])c([H])c1[H],0,-0.14576201,-0.123476,-191.8739628686812,17.114697455750015,-0.02545432,-0.021510303,-0.023482312,0.033329904,0.010330528,0.021830216,-600427.1023523808,4.0522814597934484,-600421.7288718858,-600423.9302428022
S3-10.6,reactant,[H]c1c([H])c([H])c(C([H])([H])N([H])C(=O)[C:91]([H])=[C:92]([H])[H])c([H])c1[H],0,-0.16275075,-0.27962402,-207.80777338823782,17.832855952100964,0.16900045,0.096034065,0.13251725,0.08534482,-0.005136758,0.04010403,-325061.3731499626,3.2457499634474516,-325056.595127777,-325058.9052274602
S3-10.6,intermediate,[H]c1c([H])c([H])c(C([H])([H])N([H])C(=O)[C-:91]([H])[C:92]([H])([H])[S:93]C([H])([H])[H])c([H])c1[H],-1,-0.5148526,-0.116042115,-68.06688329030291,113.7057056248318,0.010354422,0.027417526,0.018885974,-0.051101297,0.43962884,0.19426377,-600056.3886074015,2.677108721807599,-600037.5912381794,-600040.0394223275
S3-10.6,product,[H]c1c([H])c([H])c(C([H])([H])N([H])C(=O)[C:91]([H])([H])[C:92]([H])([H])[S:93]C([H])([H])[H])c([H])c1[H],0,-0.13800527,-0.1072794,-193.7228533798443,17.3219792352455,-0.039454423,-0.037419535,-0.03843698,0.064591885,0.011416912,0.0380044,-600426.7180558775,3.2003506906330585,-600421.5718064014,-600423.8804158858
S3-12.1,reactant,[H]c1c([H])c(OC([H])([H])[H])c([H])c(C([H])([H])N([H])C(=O)[C:91]([H])=[C:92]([H])[H])c1[H],0,-0.1622742,-0.28000388,-196.6859332798007,14.328713973523376,0.15834373,0.07991351,0.11912862,0.07001126,-0.01274848,0.02863139,-396972.84162498626,4.111918257549405,-396967.0647539286,-396969.94815782417
S3-12.1,intermediate,[H]c1c([H])c(OC([H])([H])[H])c([H])c(C([H])([H])N([H])C(=O)[C-:91]([H])[C:92]([H])([H])[S:93]C([H])([H])[H])c1[H],-1,-0.5339529,-0.12189313,-70.98180790618568,97.06492375101818,0.013360135,0.029434964,0.02139755,-0.03130251,0.46378183,0.21623966,-671961.1213818406,2.6405231207609177,-671940.7686457229,-671942.4474463061
S3-12.1,product,[H]c1c([H])c(OC([H])([H])[H])c([H])c(C([H])([H])N([H])C(=O)[C:91]([H])([H])[C:92]([H])([H])[S:93]C([H])([H])[H])c1[H],0,-0.15021259,-0.119606994,-186.14485630558397,15.153116857053002,-0.010791786,-0.015586518,-0.013189152,0.024542779,0.006413564,0.015478171,-672341.3274347113,3.5555127430707216,-672331.2757936931,-672335.0644192077
S3-12.2,reactant,[H]c1c([H])c(OC([H])([H])[H])c([H])c(C([H])([H])N([H])C(=O)[C:91]([H])=[C:92]([H])[H])c1[H],0,-0.16117926,-0.28433827,-199.25324354975933,13.255516743783359,0.121037185,0.058547556,0.08979237,0.027165502,-0.0111922175,0.007986642,-396971.52018553537,4.994767067953944,-396965.17118722544,-396968.69494883943
S3-12.2,intermediate,[H]c1c([H])c(OC([H])([H])[H])c([H])c(C([H])([H])N([H])C(=O)[C-:91]([H])[C:92]([H])([H])[S:93]C([H])([H])[H])c1[H],-1,-0.51483065,-0.1296714,-71.14792617936084,101.64527871044844,-0.004282221,0.03149736,0.013607569,-0.015422791,0.43380862,0.2091929,-671964.3501664654,4.462531745433807,-671945.78732491,-671946.8475205861
S3-12.2,product,[H]c1c([H])c(OC([H])([H])[H])c([H])c(C([H])([H])N([H])C(=O)[C:91]([H])([H])[C:92]([H])([H])[S:93]C([H])([H])[H])c1[H],0,-0.13560148,-0.104064584,-186.18766808954038,13.198922457789475,-0.04308033,-0.051491886,-0.047286108,0.09210117,0.022327922,0.057214547,-672339.3165638602,3.580490356311202,-672332.8343146901,-672336.002245116
S3-12.3,reactant,[H]c1c([H])c(OC([H])([H])[H])c([H])c(C([H])([H])N([H])C(=O)[C:91]([H])=[C:92]([H])[H])c1[H],0,-0.15910658,-0.28040093,-195.27103667613278,14.99869081303436,0.16543674,0.08209467,0.12376571,0.068983376,-0.0149734765,0.02700495,-396972.4172952825,1.351104725152254,-396967.45621843357,-396969.94812160253
S3-12.3,intermediate,[H]c1c([H])c(OC([H])([H])[H])c([H])c(C([H])([H])N([H])C(=O)[C-:91]([H])[C:92]([H])([H])[S:93]C([H])([H])[H])c1[H],-1,-0.5152135,-0.11612406,-74.47890326488772,98.67753897978834,0.0076519027,0.019561522,0.013606712,-0.049722165,0.47454208,0.21240994,-671962.5758643742,5.537503806874156,-671942.0098641714,-671943.0460802261
S3-12.3,product,[H]c1c([H])c(OC([H])([H])[H])c([H])c(C([H])([H])N([H])C(=O)[C:91]([H])([H])[C:92]([H])([H])[S:93]C([H])([H])[H])c1[H],0,-0.14938487,-0.12282556,-184.71793501997863,13.204462613160219,0.001284115,-0.008915052,-0.0038154684,0.032401517,0.005873114,0.019137315,-672339.5019805346,5.331642026081681,-672332.1469660485,-672335.1896579816
S3-12.4,reactant,[H]c1c([H])c(OC([H])([H])[H])c([H])c(C([H])([H])N([H])C(=O)[C:91]([H])=[C:92]([H])[H])c1[H],0,-0.15852211,-0.27970797,-196.60399265030554,13.725057855782557,0.16366598,0.07718219,0.120424084,0.082526356,-0.013597593,0.03446438,-396974.00976416224,1.6310587488114834,-396967.8064235652,-396971.14410175715
S3-12.4,intermediate,[H]c1c([H])c(OC([H])([H])[H])c([H])c(C([H])([H])N([H])C(=O)[C-:91]([H])[C:92]([H])([H])[S:93]C([H])([H])[H])c1[H],-1,-0.5231342,-0.115205504,-70.16895063198692,105.4255432045558,0.024229802,0.026483923,0.025356863,-0.03158039,0.45261848,0.21051905,-671968.0139294774,3.336477618664503,-671950.0114742364,-671951.3817958694
S3-12.4,product,[H]c1c([H])c(OC([H])([H])[H])c([H])c(C([H])([H])N([H])C(=O)[C:91]([H])([H])[C:92]([H])([H])[S:93]C([H])([H])[H])c1[H],0,-0.13678406,-0.10361469,-183.7688553128917,13.593013000829817,-0.041156083,-0.04878202,-0.044969052,0.058120072,0.0012280494,0.02967406,-672338.3591099741,3.402670891955495,-672332.5524941526,-672334.8303095979
S3-12.5,reactant,[H]c1c([H])c(OC([H])([H])[H])c([H])c(C([H])([H])N([H])C(=O)[C:91]([H])=[C:92]([H])[H])c1[H],0,-0.1618507,-0.28397948,-198.32602601000195,12.510623284522683,0.120581836,0.0572242,0.08890302,0.025731325,-0.012015745,0.00685779,-396971.50676041865,2.2813262064009905,-396965.578412608,-396968.5203721804
S3-12.5,intermediate,[H]c1c([H])c(OC([H])([H])[H])c([H])c(C([H])([H])N([H])C(=O)[C-:91]([H])[C:92]([H])([H])[S:93]C([H])([H])[H])c1[H],-1,-0.50304776,-0.12434992,-73.77138740749953,100.09890478204117,0.016933769,0.033706516,0.025320143,-0.027285725,0.4578737,0.21529399,-671967.265238039,4.472469702363014,-671945.7005218498,-671947.7387171575
S3-12.5,product,[H]c1c([H])c(OC([H])([H])[H])c([H])c(C([H])([H])N([H])C(=O)[C:91]([H])([H])[C:92]([H])([H])[S:93]C([H])([H])[H])c1[H],0,-0.13842581,-0.106647335,-184.6707054095253,12.781202390861258,-0.03309057,-0.04037691,-0.03673374,0.061194018,0.004335031,0.032764524,-672337.9938353453,4.541695360094309,-672331.7290549903,-672334.8317891792
S3-12.6,reactant,[H]c1c([H])c(OC([H])([H])[H])c([H])c(C([H])([H])N([H])C(=O)[C:91]([H])=[C:92]([H])[H])c1[H],0,-0.16213521,-0.28001705,-196.7099906878311,14.302405981907894,0.15711164,0.07968503,0.11839834,0.071483016,-0.012600899,0.029441059,-396972.81717716507,4.035195779055357,-396966.1614173236,-396969.94813137647
S3-12.6,intermediate,[H]c1c([H])c(OC([H])([H])[H])c([H])c(C([H])([H])N([H])C(=O)[C-:91]([H])[C:92]([H])([H])[S:93]C([H])([H])[H])c1[H],-1,-0.53122395,-0.1172853,-69.97924767757814,103.02837656689479,-0.0072809383,0.020644195,0.0066816285,-0.0075783134,0.44971883,0.22107026,-671965.740518089,5.053662944585085,-671945.2406173733,-671948.3330654777
S3-12.6,product,[H]c1c([H])c(OC([H])([H])[H])c([H])c(C([H])([H])N([H])C(=O)[C:91]([H])([H])[C:92]([H])([H])[S:93]C([H])([H])[H])c1[H],0,-0.1379501,-0.10442006,-183.01166044368148,14.19613285884274,-0.036638267,-0.042704962,-0.039671615,0.07252525,0.00839591,0.04046058,-672337.8994335621,2.1296650171279907,-672332.9827702082,-672334.9645720794
S3-12.7,reactant,[H]c1c([H])c(OC([H])([H])[H])c([H])c(C([H])([H])N([H])C(=O)[C:91]([H])=[C:92]([H])[H])c1[H],0,-0.1587294,-0.27951717,-196.7060893923479,13.6607988748688,0.16437814,0.077053145,0.12071564,0.08277282,-0.013304621,0.0347341,-396974.02764425287,2.0563944038003683,-396968.54391877505,-396971.14406052337
S3-12.7,intermediate,[H]c1c([H])c(OC([H])([H])[H])c([H])c(C([H])([H])N([H])C(=O)[C-:91]([H])[C:92]([H])([H])[S:93]C([H])([H])[H])c1[H],-1,-0.5170146,-0.12441376,-72.08670353544208,96.65929667503168,0.010615259,0.02132389,0.015969574,0.0074444413,0.48302114,0.24523279,-671964.9992392922,6.127794332802296,-671943.9608079379,-671945.7254203957
S3-12.7,product,[H]c1c([H])c(OC([H])([H])[H])c([H])c(C([H])([H])N([H])C(=O)[C:91]([H])([H])[C:92]([H])([H])[S:93]C([H])([H])[H])c1[H],0,-0.13573195,-0.105411045,-184.74350988830446,12.372270921154648,-0.038552515,-0.043215804,-0.04088416,0.05872953,0.0017493069,0.030239418,-672338.1977620041,3.6499319337308407,-672332.7214846596,-672335.0081075536
S3-12.8,reactant,[H]c1c([H])c(OC([H])([H])[H])c([H])c(C([H])([H])N([H])C(=O)[C:91]([H])=[C:92]([H])[H])c1[H],0,-0.16097207,-0.28450352,-199.1627953828264,13.256829690326638,0.12133524,0.058925897,0.09013057,0.027739093,-0.011325657,0.008206718,-396971.5014270164,3.3961368203163147,-396965.7870493441,-396968.6950271785
S3-12.8,intermediate,[H]c1c([H])c(OC([H])([H])[H])c([H])c(C([H])([H])N([H])C(=O)[C-:91]([H])[C:92]([H])([H])[S:93]C([H])([H])[H])c1[H],-1,-0.558656,-0.11643653,-73.89995457638767,99.05727764164266,0.024784736,0.024205372,0.024495054,-0.030908406,0.50730497,0.23819828,-671968.2985360193,5.224879095330834,-671947.8655613291,-671950.2723278365
S3-12.8,product,[H]c1c([H])c(OC([H])([H])[H])c([H])c(C([H])([H])N([H])C(=O)[C:91]([H])([H])[C:92]([H])([H])[S:93]C([H])([H])[H])c1[H],0,-0.14642186,-0.116507776,-188.55236541469156,15.353455041093241,-0.014025055,-0.024607979,-0.019316517,0.024987161,0.0040936917,0.014540426,-672340.7415137859,5.370277965441346,-672331.4848523205,-672335.8975450149
S3-12.9,reactant,[H]c1c([H])c(OC([H])([H])[H])c([H])c(C([H])([H])N([H])C(=O)[C:91]([H])=[C:92]([H])[H])c1[H],0,-0.16182245,-0.28394777,-198.29231925661375,12.527332679976517,0.120823085,0.05723612,0.0890296,0.025923327,-0.012029052,0.0069471374,-396971.5049900816,2.2706485744565725,-396966.33517727704,-396968.52037180075
S3-12.9,intermediate,[H]c1c([H])c(OC([H])([H])[H])c([H])c(C([H])([H])N([H])C(=O)[C-:91]([H])[C:92]([H])([H])[S:93]C([H])([H])[H])c1[H],-1,-0.5247754,-0.11558772,-69.88177712390889,104.88096312672509,0.028409712,0.02684857,0.02762914,-0.028284043,0.45418692,0.21295144,-671967.6068309189,2.5777981989085674,-671949.6908638356,-671950.6649853443
S3-12.9,product,[H]c1c([H])c(OC([H])([H])[H])c([H])c(C([H])([H])N([H])C(=O)[C:91]([H])([H])[C:92]([H])([H])[S:93]C([H])([H])[H])c1[H],0,-0.14277078,-0.124144375,-186.11980003667318,12.217407409386961,-0.020213932,-0.022068426,-0.021141179,0.030374736,0.004821226,0.01759798,-672338.6285710018,6.988247137516737,-672331.5056534457,-672334.9070536488
S3-12.10,reactant,[H]c1c([H])c(OC([H])([H])[H])c([H])c(C([H])([H])N([H])C(=O)[C:91]([H])=[C:92]([H])[H])c1[H],0,-0.15381534,-0.28322062,-201.10318427612492,15.144059928244843,0.12708247,0.07852925,0.10280586,0.04511802,-0.0099782795,0.01756987,-396972.511130548,0.72208396717906,-396968.3278953425,-396970.49343302374
S3-12.10,intermediate,[H]c1c([H])c(OC([H])([H])[H])c([H])c(C([H])([H])N([H])C(=O)[C-:91]([H])[C:92]([H])([H])[S:93]C([H])([H])[H])c1[H],-1,-0.5589577,-0.1260225,-72.09804817905676,100.41604003845424,-0.0013787523,0.028209448,0.013415348,-0.021531582,0.45129097,0.21487969,-671964.004260256,3.2458384931087494,-671943.2936154456,-671948.2651713586
S3-12.10,product,[H]c1c([H])c(OC([H])([H])[H])c([H])c(C([H])([H])N([H])C(=O)[C:91]([H])([H])[C:92]([H])([H])[S:93]C([H])([H])[H])c1[H],0,-0.13497184,-0.10441042,-186.38367242333618,13.049099851407867,-0.042233776,-0.048874147,-0.04555396,0.06635283,0.0040829033,0.035217866,-672339.406248939,3.6268437523394823,-672331.9634085888,-672335.9769839125
S3-15.1,reactant,[H]c1c([H])c([H])c(N([H])C(=O)[C:91](C([H])([H])[H])=[C:92]([H])[H])c([H])c1[H],0,0.023005653,-0.3256822,-200.19022069475628,13.208659817711071,0.1377584,0.084393054,0.11107573,-0.010889791,-0.057356942,-0.03412337,-325063.5238444877,1.4510999843478203,-325060.12831187126,-325061.02046333184
S3-15.1,intermediate,[H]c1c([H])c([H])c(N([H])C(=O)[C-:91](C([H])([H])[H])[C:92]([H])([H])[S:93]C([H])([H])[H])c([H])c1[H],-1,-0.30581227,-0.13303618,-59.03820724260135,110.28167061784892,0.011968002,0.03028512,0.02112656,-0.078822315,0.30964804,0.11541287,-600056.635103948,6.663400959223509,-600026.4393745165,-600027.2936916284
S3-15.1,product,[H]c1c([H])c([H])c(N([H])C(=O)[C:91]([H])(C([H])([H])[H])[C:92]([H])([H])[S:93]C([H])([H])[H])c([H])c1[H],0,-0.077409044,-0.104132645,-191.95041280146367,14.439444713488214,-0.031051114,-0.03605137,-0.033551242,0.015158743,-0.0037914366,0.005683653,-600427.0945951424,1.3841756470501423,-600422.0034169662,-600424.410277865
S3-16.1,reactant,[H]c1c([H])c([H])c(N([H])C(=O)/[C:91]([H])=[C:92](\[H])C([H])([H])[H])c([H])c1[H],0,-0.17249404,-0.091572285,-197.46427871902154,15.182847614379867,0.10608035,0.065673806,0.085877076,0.087868735,-0.012077197,0.03789577,-325065.28013007354,0.5167915392667055,-325061.1768611759,-325063.3808099979
S3-16.1,intermediate,[H]c1c([H])c([H])c(N([H])C(=O)[C-:91]([H])[C:92]([H])(C([H])([H])[H])[S:93]C([H])([H])[H])c([H])c1[H],-1,-0.46093643,-0.0039602993,-65.75013515424314,110.32469827066512,-0.016882915,0.011079585,-0.0029016656,-0.018063366,0.31599623,0.14896643,-600059.6080642825,1.3530908096581697,-600043.689858313,-600045.4085987739
S3-16.1,product,[H]c1c([H])c([H])c(N([H])C(=O)[C:91]([H])([H])[C:92]([H])(C([H])([H])[H])[S:93]C([H])([H])[H])c([H])c1[H],0,-0.14329125,-0.032309093,-188.0590819802549,18.490148757461824,-0.036890272,-0.0364346,-0.036662433,0.016677737,0.008115351,0.012396544,-600428.282069364,2.148090109229088,-600422.6695965932,-600425.0559745153
S3-1.1,reactant,[H]c1nc(N([H])C(=O)[C:91]([H])=[C:92]([H])[H])c([H])c([H])c1[H],0,-0.15788504,-0.2739919,-206.07799476093984,8.027582810608225,0.15071493,0.10007815,0.12539655,0.05671963,0.0013472885,0.02903346,-310451.9295587426,0.7724685147404671,-310448.73669513076,-310449.9961837331
S3-1.1,intermediate,[H]c1nc(N([H])C(=O)[C-:91]([H])[C:92]([H])([H])[S:93]C([H])([H])[H])c([H])c([H])c1[H],-1,-0.51133454,-0.10859009,-69.63020188841134,103.85323269314131,-0.00832098,0.021998033,0.0068385266,0.0009225011,0.37450802,0.18771526,-585438.9315537296,3.7471158299595118,-585413.4101469528,-585414.2776043237
S3-1.1,product,[H]c1nc(N([H])C(=O)[C:91]([H])([H])[C:92]([H])([H])[S:93]C([H])([H])[H])c([H])c([H])c1[H],0,-0.156936,-0.12323211,-194.47364936159912,15.24266679965705,-0.017690688,-0.01681067,-0.01725068,0.0111658275,0.008374006,0.009769917,-585810.9435135877,3.558920532464981,-585802.3468981276,-585805.8611275225
S3-2.1,reactant,[H]c1c([H])c(C#N)c([H])c(N([H])C(=O)[C:91]([H])=[C:92]([H])[H])c1[H],0,-0.15212044,-0.27082476,-207.87685389912735,-7.796647371612138,0.073485345,0.057330474,0.06540791,0.013392061,0.0011519939,0.0072720274,-358302.3305629061,0.9242953024804592,-358298.6845306239,-358299.9766980344
S3-2.1,intermediate,[H]c1c([H])c(C#N)c([H])c(N([H])C(=O)[C-:91]([H])[C:92]([H])([H])[S:93]C([H])([H])[H])c1[H],-1,-0.49723917,-0.11743994,-75.37250365812469,83.60943266626133,-0.009296365,0.022548698,0.0066261664,-0.04588613,0.3248036,0.13945872,-633309.4882184261,1.702077567577362,-633293.5596980889,-633293.9342784346
S3-2.1,product,[H]c1c([H])c(C#N)c([H])c(N([H])C(=O)[C:91]([H])([H])[C:92]([H])([H])[S:93]C([H])([H])[H])c1[H],0,-0.14104475,-0.12642394,-194.23164186747138,-2.7310833021072436,-0.030025326,-0.014833704,-0.022429515,0.011172861,0.007369265,0.009271063,-633669.2930800334,1.6916128154844046,-633663.1493857829,-633665.6649733811
S3-2.2,reactant,[H]c1c([H])c(C#N)c([H])c(N([H])C(=O)[C:91]([H])=[C:92]([H])[H])c1[H],0,-0.14992532,-0.27119783,-206.51357035969983,-8.415450022159742,0.075587004,0.059313074,0.06745004,0.010895297,-0.001734227,0.004580535,-358301.4128821348,1.1655558794736862,-358296.86548878084,-358298.9493555441
S3-2.2,intermediate,[H]c1c([H])c(C#N)c([H])c(N([H])C(=O)[C-:91]([H])[C:92]([H])([H])[S:93]C([H])([H])[H])c1[H],-1,-0.49950412,-0.11755017,-75.93898529661841,84.46429691296473,-0.026983544,0.02081155,-0.003085997,-0.037801087,0.3127271,0.137463,-633307.6727917974,2.341451019048691,-633285.7436070393,-633288.7549058667
S3-2.2,product,[H]c1c([H])c(C#N)c([H])c(N([H])C(=O)[C:91]([H])([H])[C:92]([H])([H])[S:93]C([H])([H])[H])c1[H],0,-0.13471404,-0.11220643,-194.93779139099615,-3.5520824806353746,-0.052348703,-0.039321437,-0.04583507,0.015123412,0.002528131,0.0088257715,-633667.4300975321,1.2361287008970976,-633663.2279639782,-633664.8884468519
S3-3.1,reactant,[H]c1c([H])c(Cl)c([H])c(N([H])C(=O)[C:91]([H])=[C:92]([H])[H])c1[H],0,-0.15169948,-0.27408472,-202.83483148563485,5.615648253295265,0.14191312,0.09327634,0.11759473,0.069355085,-0.0030862242,0.03313443,-588820.5692264044,0.47987145744264126,-588816.8658221447,-588818.5535021643
S3-3.1,intermediate,[H]c1c([H])c(Cl)c([H])c(N([H])C(=O)[C-:91]([H])[C:92]([H])([H])[S:93]C([H])([H])[H])c1[H],-1,-0.48505247,-0.11499147,-70.4783890347272,103.0748275931909,-0.0041970387,0.025181837,0.010492399,-0.031449974,0.3490718,0.15881091,-863823.1581212815,1.5667774993926287,-863806.1344599276,-863807.759468857
S3-3.1,product,[H]c1c([H])c(Cl)c([H])c(N([H])C(=O)[C:91]([H])([H])[C:92]([H])([H])[S:93]C([H])([H])[H])c1[H],0,-0.13357574,-0.106206834,-192.99318346935314,10.82013765991373,-0.045382027,-0.04064995,-0.043015987,0.036080196,0.007665172,0.021872684,-864185.41868859,1.179875761270523,-864181.0879696003,-864182.9710312503
S3-3.2,reactant,[H]c1c([H])c(Cl)c([H])c(N([H])C(=O)[C:91]([H])=[C:92]([H])[H])c1[H],0,-0.14992891,-0.27605876,-203.2934238370454,4.139411518981071,0.10630408,0.06062706,0.08346557,0.0427278,-0.000740096,0.020993851,-588819.4028366493,0.9372117388993502,-588813.9076353746,-588817.0749893811
S3-3.2,intermediate,[H]c1c([H])c(Cl)c([H])c(N([H])C(=O)[C-:91]([H])[C:92]([H])([H])[S:93]C([H])([H])[H])c1[H],-1,-0.4915643,-0.11421613,-69.36965724646454,100.50773085707637,-0.03304617,0.015409254,-0.008818459,-0.011170149,0.3623175,0.17557368,-863819.7415825789,2.1496292632073164,-863796.549017411,-863799.3907861178
S3-3.2,product,[H]c1c([H])c(Cl)c([H])c(N([H])C(=O)[C:91]([H])([H])[C:92]([H])([H])[S:93]C([H])([H])[H])c1[H],0,-0.14133604,-0.121078804,-191.2985465586176,10.779228378188328,-0.026425555,-0.02025555,-0.023340553,0.019977152,0.008460596,0.014218874,-864186.524229464,2.19323324598372,-864181.031379189,-864182.9255674928
S3-4.1,reactant,[H]c1c([H])c([H])c(N([H])C(=O)[C:91]([H])=[C:92]([H])[H])c([H])c1[H],0,-0.1498965,-0.2790445,-202.5320377294328,12.017560417501134,0.13264489,0.0662591,0.099452,0.06120637,0.0013530701,0.03127972,-300374.33796262945,0.9566955883055925,-300371.0860502195,-300372.2809312775
S3-4.1,intermediate,[H]c1c([H])c([H])c(N([H])C(=O)[C-:91]([H])[C:92]([H])([H])[S:93]C([H])([H])[H])c([H])c1[H],-1,-0.48467427,-0.111728214,-64.91390032006561,113.20366171646755,-0.039784193,0.013591386,-0.013096403,-0.0053286254,0.35356122,0.1741163,-575370.5429416065,2.2487451937049627,-575348.9321682745,-575351.3242310408
S3-4.1,product,[H]c1c([H])c([H])c(N([H])C(=O)[C:91]([H])([H])[C:92]([H])([H])[S:93]C([H])([H])[H])c([H])c1[H],0,-0.13413021,-0.10195727,-193.59512716208872,19.459805281524474,-0.04837966,-0.050760232,-0.049569946,0.056123137,0.019870333,0.037996735,-575740.627685496,0.6074004098773003,-575737.8567899878,-575738.4743252901
S3-5.1,reactant,[H]c1c([H])c(OC([H])([H])[H])c([H])c(N([H])C(=O)[C:91]([H])=[C:92]([H])[H])c1[H],0,-0.15304032,-0.2802337,-194.49545957086502,11.220811253584792,0.114822894,0.054177985,0.08450044,0.04767634,-0.002597466,0.022539437,-372286.30015059887,1.0245285592973232,-372282.4975291985,-372283.7400836162
S3-5.1,intermediate,[H]c1c([H])c(OC([H])([H])[H])c([H])c(N([H])C(=O)[C-:91]([H])[C:92]([H])([H])[S:93]C([H])([H])[H])c1[H],-1,-0.48362628,-0.118250005,-67.54140342190223,104.58477779684247,-0.014619045,0.025222354,0.0053016543,-0.0011902452,0.33739638,0.16810307,-647285.7964089516,1.9193599224090576,-647263.5650150024,-647267.1745496786
S3-5.1,product,[H]c1c([H])c(OC([H])([H])[H])c([H])c(N([H])C(=O)[C:91]([H])([H])[C:92]([H])([H])[S:93]C([H])([H])[H])c1[H],0,-0.14123204,-0.116924085,-185.5390314465044,15.33029939980681,-0.0074140206,-0.024137788,-0.015775904,0.040171087,0.01555495,0.027863018,-647652.2560477353,1.3315454833209515,-647646.29827685,-647649.1801288077
S3-5.2,reactant,[H]c1c([H])c(OC([H])([H])[H])c([H])c(N([H])C(=O)[C:91]([H])=[C:92]([H])[H])c1[H],0,-0.15157674,-0.28030512,-193.89865931120073,9.958760060109936,0.11494285,0.055140227,0.08504154,0.04216245,-0.004788384,0.018687032,-372285.7112345267,0.9214103296399117,-372281.13716930844,-372283.1619210774
S3-5.2,intermediate,[H]c1c([H])c(OC([H])([H])[H])c([H])c(N([H])C(=O)[C-:91]([H])[C:92]([H])([H])[S:93]C([H])([H])[H])c1[H],-1,-0.48242098,-0.096229404,-68.4292643405517,102.8348982214395,0.0076623783,0.023576267,0.015619323,0.0063259006,0.3370821,0.171704,-647282.9489444831,4.569086913019419,-647259.6520282985,-647261.0256537593
S3-5.2,product,[H]c1c([H])c(OC([H])([H])[H])c([H])c(N([H])C(=O)[C:91]([H])([H])[C:92]([H])([H])[S:93]C([H])([H])[H])c1[H],0,-0.13238174,-0.10307925,-185.93189226051862,14.13123024254573,-0.039551266,-0.047955327,-0.043753296,0.048158765,0.0013961047,0.024777435,-647652.1117687199,1.0369717199355364,-647647.5469884692,-647649.3898330805
S3-5.3,reactant,[H]c1c([H])c(OC([H])([H])[H])c([H])c(N([H])C(=O)[C:91]([H])=[C:92]([H])[H])c1[H],0,-0.15026626,-0.2773507,-193.28140326145476,9.87998660015174,0.15223572,0.08188844,0.11706208,0.08510138,-0.007990256,0.038555562,-372287.03351692186,1.0424099564552307,-372282.59685666417,-372284.55891688523
S3-5.3,intermediate,[H]c1c([H])c(OC([H])([H])[H])c([H])c(N([H])C(=O)[C-:91]([H])[C:92]([H])([H])[S:93]C([H])([H])[H])c1[H],-1,-0.48812136,-0.1145315,-67.45300749342836,104.16653583926217,0.016573563,0.024960682,0.020767123,-0.013210416,0.35363188,0.17021073,-647285.6335833254,1.5965329892933369,-647268.4022707478,-647270.5376065922
S3-5.3,product,[H]c1c([H])c(OC([H])([H])[H])c([H])c(N([H])C(=O)[C:91]([H])([H])[C:92]([H])([H])[S:93]C([H])([H])[H])c1[H],0,-0.13965589,-0.116540045,-184.84858099229285,15.447715082634097,-0.02310852,-0.02684024,-0.02497438,0.023013383,0.003283903,0.013148643,-647652.4621533372,1.6553185228258371,-647644.9498938755,-647648.723936477
S3-5.4,reactant,[H]c1c([H])c(OC([H])([H])[H])c([H])c(N([H])C(=O)[C:91]([H])=[C:92]([H])[H])c1[H],0,-0.15304664,-0.28027314,-194.50100836268146,11.21645538529068,0.1146923,0.05420336,0.08444783,0.047566056,-0.0025904775,0.02248779,-372286.30117335817,1.0297768339514732,-372281.15216327243,-372283.7401609098
S3-5.4,intermediate,[H]c1c([H])c(OC([H])([H])[H])c([H])c(N([H])C(=O)[C-:91]([H])[C:92]([H])([H])[S:93]C([H])([H])[H])c1[H],-1,-0.48800588,-0.114533894,-67.44608374959165,104.1618430596939,0.01651559,0.024952516,0.020734053,-0.013363481,0.35349357,0.17006505,-647285.6335932041,1.5913881044834852,-647267.2352991126,-647270.5376072066
S3-5.4,product,[H]c1c([H])c(OC([H])([H])[H])c([H])c(N([H])C(=O)[C:91]([H])([H])[C:92]([H])([H])[S:93]C([H])([H])[H])c1[H],0,-0.14178482,-0.12059833,-185.0921389772931,15.52460115110012,-0.022470295,-0.027734071,-0.025102183,0.028790802,0.0051740706,0.016982436,-647652.2073158568,2.825811417773366,-647645.7148196932,-647649.0760378765
S3-7.1,reactant,[H]N(C(=O)/[C:91]([H])=[C:92](\[H])C(F)(F)F)C([H])([H])[H],0,-0.12577362,-0.10169602,-238.17400009394078,13.623325037932236,0.18120453,0.08978248,0.1354935,0.2685045,0.069220595,0.16886255,-391606.18907419033,0.5216179303824902,-391603.70537696057,-391604.4877302107
S3-7.1,intermediate,[H]N(C(=O)[C-:91]([H])[C:92]([H])(C(F)(F)F)[S:93]C([H])([H])[H])C([H])([H])[H],-1,-0.41462272,-0.021743536,-72.72244269018292,119.58935782337701,-0.034516025,-0.026582874,-0.03054945,0.043060184,0.350573,0.1968166,-666601.1067998434,2.960759988054633,-666579.3824677162,-666581.7907530064
S3-7.1,product,[H]N(C(=O)[C:91]([H])([H])[C:92]([H])(C(F)(F)F)[S:93]C([H])([H])[H])C([H])([H])[H],0,-0.13618644,-0.047948603,-213.22864996079736,28.013632893116394,0.04418968,-0.004395295,0.019897193,0.071271464,0.017440207,0.044355836,-666972.1323733731,2.895495116710663,-666964.0206044437,-666965.9346678838
S3-6.1,reactant,[H]c1c([H])c([H])c(N(C(=O)[C:91]([H])=[C:92]([H])[H])C([H])([H])[H])c([H])c1[H],0,-0.1276813,-0.29629186,-205.28933386117686,12.441245793954959,0.14788514,0.12721837,0.13755175,0.12068087,0.01740028,0.069040574,-325054.08938131214,2.676182644441724,-325047.02171017136,-325049.24708537693
S3-6.1,intermediate,[H]c1c([H])c([H])c(N(C(=O)[C-:91]([H])[C:92]([H])([H])[S:93]C([H])([H])[H])C([H])([H])[H])c([H])c1[H],-1,-0.45310736,-0.10345949,-68.97597882535072,114.17050782893622,-0.010059804,0.008045167,-0.0010073185,-0.03633046,0.34748507,0.1555773,-600051.356817364,4.172917149960995,-600029.0233946226,-600030.0444010188
S3-6.1,product,[H]c1c([H])c([H])c(N(C(=O)[C:91]([H])([H])[C:92]([H])([H])[S:93]C([H])([H])[H])C([H])([H])[H])c([H])c1[H],0,-0.1289124,-0.11661404,-191.38566953305104,18.76713107153406,-0.031215273,-0.022365615,-0.026790444,0.04101762,0.024123967,0.032570794,-600419.9545525234,4.245950387790799,-600412.0926926716,-600414.3591297067
S3-6.2,reactant,[H]c1c([H])c([H])c(N(C(=O)[C:91]([H])=[C:92]([H])[H])C([H])([H])[H])c([H])c1[H],0,-0.1633013,-0.28804395,-198.07253392979194,14.584541000069693,0.16373238,0.10519229,0.13446233,0.059561655,-0.0042801052,0.027640775,-325051.06347976386,2.351237626746297,-325042.9293974416,-325045.3678801127
S3-6.2,intermediate,[H]c1c([H])c([H])c(N(C(=O)[C-:91]([H])[C:92]([H])([H])[S:93]C([H])([H])[H])C([H])([H])[H])c([H])c1[H],-1,-0.45370534,-0.10337567,-68.97399385527746,114.20157948348896,-0.009985648,0.007995777,-0.0009949356,-0.036478937,0.3480095,0.15576528,-600051.3653573344,4.2357410956174135,-600027.5035517751,-600030.0444427409
S3-6.2,product,[H]c1c([H])c([H])c(N(C(=O)[C:91]([H])([H])[C:92]([H])([H])[S:93]C([H])([H])[H])C([H])([H])[H])c([H])c1[H],0,-0.12698159,-0.117632255,-191.46409240788708,18.600315778507905,-0.032820456,-0.022754699,-0.027787577,0.038872346,0.022458673,0.03066551,-600419.9590364912,3.7274400889873505,-600411.1694364373,-600414.5584960106
S3-6.3,reactant,[H]c1c([H])c([H])c(N(C(=O)[C:91]([H])=[C:92]([H])[H])C([H])([H])[H])c([H])c1[H],0,-0.16255902,-0.2835415,-197.50349921835257,13.933375168900337,0.10130876,0.0656759,0.08349233,0.06723161,0.025369093,0.04630035,-325047.88547009253,2.7129374146461487,-325040.6265577471,-325042.81646494544
S3-6.3,intermediate,[H]c1c([H])c([H])c(N(C(=O)[C-:91]([H])[C:92]([H])([H])[S:93]C([H])([H])[H])C([H])([H])[H])c([H])c1[H],-1,-0.41812575,-0.1058595,-65.79535520694881,112.52981764419572,-0.028814211,-0.00076728314,-0.014790747,-0.028041929,0.33695602,0.15445703,-600047.0766192238,3.187878254801035,-600024.3779980749,-600025.4798904983
S3-6.3,product,[H]c1c([H])c([H])c(N(C(=O)[C:91]([H])([H])[C:92]([H])([H])[S:93]C([H])([H])[H])C([H])([H])[H])c([H])c1[H],0,-0.12978935,-0.11852426,-192.2973103618255,18.791804978580135,-0.031139836,-0.017578758,-0.024359297,0.048065588,0.029636241,0.038850915,-600420.1416637198,3.3289196956902742,-600412.1669388969,-600414.3814390703
S3-6.4,reactant,[H]c1c([H])c([H])c(N(C(=O)[C:91]([H])=[C:92]([H])[H])C([H])([H])[H])c([H])c1[H],0,-0.12764879,-0.29636353,-205.28088105277251,12.434692521381258,0.14772645,0.12713385,0.13743015,0.120549336,0.01725106,0.0689002,-325054.08621862286,2.646248336881399,-325048.0842777021,-325049.2470062784
S3-6.4,intermediate,[H]c1c([H])c([H])c(N(C(=O)[C-:91]([H])[C:92]([H])([H])[S:93]C([H])([H])[H])C([H])([H])[H])c([H])c1[H],-1,-0.38845804,-0.10922998,-65.97864257929065,113.97628142869152,-0.010161564,0.010777675,0.00030805543,-0.019616485,0.2675531,0.1239683,-600048.7703420086,2.4033782184123993,-600028.8763699787,-600030.98117387
S3-6.4,product,[H]c1c([H])c([H])c(N(C(=O)[C:91]([H])([H])[C:92]([H])([H])[S:93]C([H])([H])[H])C([H])([H])[H])c([H])c1[H],0,-0.13772476,-0.12487124,-188.82150946884465,22.138707573484208,-0.042480312,-0.029969797,-0.036225054,0.023181796,0.0069393963,0.015060596,-600415.4595176938,3.0079940408468246,-600406.4878708128,-600409.7631966294
S3-8.1,reactant,[H]c1c([H])c(N([H])C(=O)[C:91]([H])=[C:92]([H])[H])c([H])c([H])c1OC([H])([H])[H],0,-0.15179756,-0.2787588,-184.57480722136185,12.448037432429743,0.14539811,0.07726975,0.11133393,0.06568466,-0.010836571,0.027424045,-372285.88889468677,0.8284224048256874,-372282.0996827113,-372283.8540375796
S3-8.1,intermediate,[H]c1c([H])c(N([H])C(=O)[C-:91]([H])[C:92]([H])([H])[S:93]C([H])([H])[H])c([H])c([H])c1OC([H])([H])[H],-1,-0.4950358,-0.11617763,-64.07582039032846,107.41468988737638,0.009464264,0.0246903,0.017077282,-0.026628464,0.32005513,0.14671332,-647283.5367427006,1.9872213918715715,-647265.3583936744,-647268.7322315295
S3-8.1,product,[H]c1c([H])c(N([H])C(=O)[C:91]([H])([H])[C:92]([H])([H])[S:93]C([H])([H])[H])c([H])c([H])c1OC([H])([H])[H],0,-0.14765343,-0.11499073,-180.54113303149634,16.664383888845506,-0.017964058,-0.02643717,-0.022200614,0.015567914,-0.00044253469,0.0075626895,-647652.0799836717,3.6282521691173315,-647645.9135436849,-647648.2187714309
S3-8.2,reactant,[H]c1c([H])c(N([H])C(=O)[C:91]([H])=[C:92]([H])[H])c([H])c([H])c1OC([H])([H])[H],0,-0.15172285,-0.2813196,-185.7716074129448,11.955192872095562,0.108715266,0.05478601,0.08175064,0.033152327,-0.005095333,0.014028497,-372285.15134576376,1.177619757130742,-372279.6601423478,-372282.80731272773
S3-8.2,intermediate,[H]c1c([H])c(N([H])C(=O)[C-:91]([H])[C:92]([H])([H])[S:93]C([H])([H])[H])c([H])c([H])c1OC([H])([H])[H],-1,-0.465523,-0.11844853,-62.600309118710754,104.99285712113326,-0.0068502426,0.018610321,0.005880039,-0.019021511,0.32443887,0.15270868,-647280.2391313193,3.450880678370595,-647261.4636737141,-647265.4835073968
S3-8.2,product,[H]c1c([H])c(N([H])C(=O)[C:91]([H])([H])[C:92]([H])([H])[S:93]C([H])([H])[H])c([H])c([H])c1OC([H])([H])[H],0,-0.13216569,-0.10181966,-179.58287725057068,16.45385200162027,-0.04148887,-0.05054555,-0.04601721,0.033441603,-0.0041284263,0.014656588,-647650.6807611677,1.3231596983969212,-647644.9678809582,-647648.1595744601
S3-10.1,reactant,[H]c1c([H])c([H])c(C([H])([H])N([H])C(=O)[C:91]([H])=[C:92]([H])[H])c([H])c1[H],0,-0.16085139,-0.28364015,-209.90208722751606,16.202074375848113,0.1354141,0.071266845,0.10334047,0.043859974,-0.0062179267,0.018821023,-325059.9453902816,2.97743665240705,-325056.0506093997,-325057.58007883496
S3-10.1,intermediate,[H]c1c([H])c([H])c(C([H])([H])N([H])C(=O)[C-:91]([H])[C:92]([H])([H])[S:93]C([H])([H])[H])c([H])c1[H],-1,-0.55262434,-0.11377422,-72.61234141610883,110.1165580016219,0.008898221,0.022127256,0.015512738,-0.06517643,0.50528085,0.2200522,-600055.2112503346,4.4478271044790745,-600037.520623312,-600038.5720701066
S3-10.1,product,[H]c1c([H])c([H])c(C([H])([H])N([H])C(=O)[C:91]([H])([H])[C:92]([H])([H])[S:93]C([H])([H])[H])c([H])c1[H],0,-0.1457704,-0.12347688,-191.75070118847526,17.177487113363757,-0.025582723,-0.021667227,-0.023624975,0.03335996,0.010198027,0.021778993,-600427.0854914755,4.026369284838438,-600421.4567721878,-600423.9302402263
S3-10.2,reactant,[H]c1c([H])c([H])c(C([H])([H])N([H])C(=O)[C:91]([H])=[C:92]([H])[H])c([H])c1[H],0,-0.16278253,-0.27961588,-207.81603629991392,17.90711964896399,0.16921854,0.09575671,0.13248762,0.085763544,-0.005170569,0.040296488,-325061.36398460495,2.2833072524517775,-325057.618266966,-325058.9052302786
S3-10.2,intermediate,[H]c1c([H])c([H])c(C([H])([H])N([H])C(=O)[C-:91]([H])[C:92]([H])([H])[S:93]C([H])([H])[H])c([H])c1[H],-1,-0.50494933,-0.12983851,-71.2041115720805,111.02204549778435,-0.016577631,0.031255364,0.0073388666,-0.042534143,0.43245926,0.19496256,-600053.8914468585,4.771240768954158,-600034.692153743,-600036.3142276464
S3-10.2,product,[H]c1c([H])c([H])c(C([H])([H])N([H])C(=O)[C:91]([H])([H])[C:92]([H])([H])[S:93]C([H])([H])[H])c([H])c1[H],0,-0.13812432,-0.107285745,-193.72629032591243,17.322257074095234,-0.039498344,-0.037691347,-0.038594846,0.06398627,0.011025995,0.037506133,-600426.7220368773,4.44911901652813,-600421.0940014282,-600423.880477148
S3-10.3,reactant,[H]c1c([H])c([H])c(C([H])([H])N([H])C(=O)[C:91]([H])=[C:92]([H])[H])c([H])c1[H],0,-0.15893808,-0.2833889,-208.51210231646004,16.153048052639353,0.14227599,0.07154344,0.106909715,0.06061028,-0.0063704103,0.027119935,-325059.72061990877,2.311867903918028,-325055.8697266089,-325057.5801680245
S3-10.3,intermediate,[H]c1c([H])c([H])c(C([H])([H])N([H])C(=O)[C-:91]([H])[C:92]([H])([H])[S:93]C([H])([H])[H])c([H])c1[H],-1,-0.5526152,-0.113681674,-72.57150512633882,110.07347418997047,0.008651227,0.021881908,0.0152665675,-0.065328896,0.50501704,0.21984406,-600055.2106631688,4.6679576355963945,-600036.2852547952,-600038.5736956401
S3-10.3,product,[H]c1c([H])c([H])c(C([H])([H])N([H])C(=O)[C:91]([H])([H])[C:92]([H])([H])[S:93]C([H])([H])[H])c([H])c1[H],0,-0.13803004,-0.10736576,-193.70793729256832,17.301967587963777,-0.039757714,-0.03761281,-0.038685262,0.064214736,0.011206195,0.037710465,-600426.7189494869,3.30243725143373,-600421.2482054002,-600423.8804456859
S3-10.4,reactant,[H]c1c([H])c([H])c(C([H])([H])N([H])C(=O)[C:91]([H])=[C:92]([H])[H])c([H])c1[H],0,-0.16081735,-0.28368154,-209.91801260224372,16.216089384309175,0.1355243,0.07136135,0.103442825,0.043666616,-0.006235391,0.018715613,-325059.9450889746,3.052537564188242,-325055.2738918683,-325057.58013301867
S3-10.4,intermediate,[H]c1c([H])c([H])c(C([H])([H])N([H])C(=O)[C-:91]([H])[C:92]([H])([H])[S:93]C([H])([H])[H])c([H])c1[H],-1,-0.4875182,-0.12067142,-69.09550331462229,108.26382579253314,-0.012908183,0.025858909,0.006475363,-0.036986828,0.433507,0.19826008,-600053.1047305905,3.2836103066802025,-600032.3816235915,-600034.2145033835
S3-10.4,product,[H]c1c([H])c([H])c(C([H])([H])N([H])C(=O)[C:91]([H])([H])[C:92]([H])([H])[S:93]C([H])([H])[H])c([H])c1[H],0,-0.13820931,-0.10524447,-193.26488422007614,17.62012224178465,-0.039606147,-0.03949167,-0.039548907,0.069465116,0.012821108,0.041143112,-600426.8329394299,3.8356060571968555,-600421.0304828198,-600423.9952367062
S3-10.5,reactant,[H]c1c([H])c([H])c(C([H])([H])N([H])C(=O)[C:91]([H])=[C:92]([H])[H])c([H])c1[H],0,-0.162751,-0.27966982,-207.80208140357294,17.842135317310003,0.1687325,0.09597321,0.13235286,0.08527604,-0.00509499,0.040090524,-325061.3749095368,2.606009555980563,-325057.29077071307,-325058.905209471
S3-10.5,intermediate,[H]c1c([H])c([H])c(C([H])([H])N([H])C(=O)[C-:91]([H])[C:92]([H])([H])[S:93]C([H])([H])[H])c([H])c1[H],-1,-0.50493807,-0.12985544,-71.16931317531264,111.03632290452792,-0.01649078,0.031327583,0.0074184015,-0.042509437,0.4321287,0.19480963,-600053.8907482149,4.6561708357185125,-600034.4302760056,-600036.3143165888
S3-10.5,product,[H]c1c([H])c([H])c(C([H])([H])N([H])C(=O)[C:91]([H])([H])[C:92]([H])([H])[S:93]C([H])([H])[H])c([H])c1[H],0,-0.14381324,-0.12478894,-195.67734157220644,17.283190510295686,-0.023840778,-0.0137690455,-0.018804912,0.023622155,0.0065395087,0.015080832,-600426.3481335575,1.23459467664361,-600421.2552984584,-600424.3975027903
S3-10.6,reactant,[H]c1c([H])c([H])c(C([H])([H])N([H])C(=O)[C:91]([H])=[C:92]([H])[H])c([H])c1[H],0,-0.16275668,-0.2797112,-207.76270190869874,17.808722108778678,0.16816974,0.09601255,0.13209113,0.085642844,-0.0049521476,0.04034535,-325061.37114663323,2.876934379339218,-325056.8072920003,-325058.90521874063
S3-10.6,intermediate,[H]c1c([H])c([H])c(C([H])([H])N([H])C(=O)[C-:91]([H])[C:92]([H])([H])[S:93]C([H])([H])[H])c([H])c1[H],-1,-0.51387537,-0.11576621,-68.02979722604462,113.80738697510346,0.009246677,0.026854001,0.01805034,-0.051204503,0.4385684,0.19368196,-600056.3954798214,2.8112204801291227,-600036.9603589433,-600039.9852635303
S3-10.6,product,[H]c1c([H])c([H])c(C([H])([H])N([H])C(=O)[C:91]([H])([H])[C:92]([H])([H])[S:93]C([H])([H])[H])c([H])c1[H],0,-0.13811488,-0.10529291,-193.27868862082443,17.631044497725913,-0.03958577,-0.039502047,-0.039543908,0.0696675,0.012868509,0.041268006,-600426.831617317,3.7977848574519157,-600421.4218262627,-600423.9951585653
S3-9.1,reactant,[H]O[C@@]1([H])C([H])([H])N(C(=O)[C:91]([H])=[C:92]([H])[H])C([H])([H])C1([H])[H],0,-0.1497952,-0.28888422,-216.82573644738184,25.91477227676311,0.25657427,0.13345711,0.1950157,0.15557244,0.017459616,0.08651603,-300499.81512134714,0.7883203029632568,-300496.78665446694,-300498.0427694605
S3-9.1,intermediate,[H]O[C@@]1([H])C([H])([H])N(C(=O)[C-:91]([H])[C:92]([H])([H])[S:93]C([H])([H])[H])C([H])([H])C1([H])[H],-1,-0.45255315,-0.11482883,-64.70682346045206,120.04845666488978,0.028970413,0.027541831,0.028256122,-0.023059815,0.3901623,0.18355124,-575491.9330226055,2.0623814444988966,-575476.9255601115,-575477.8717403227
S3-9.1,product,[H]O[C@@]1([H])C([H])([H])N(C(=O)[C:91]([H])([H])[C:92]([H])([H])[S:93]C([H])([H])[H])C([H])([H])C1([H])[H],0,-0.12462234,-0.10511474,-202.33549649189845,24.883284315636452,-0.011487693,-0.022756323,-0.017122008,0.07568707,0.023091301,0.049389187,-575866.0467190448,2.0623500868678093,-575861.0059079814,-575863.1407907809
S3-9.2,reactant,[H]O[C@@]1([H])C([H])([H])N(C(=O)[C:91]([H])=[C:92]([H])[H])C([H])([H])C1([H])[H],0,-0.1498884,-0.28927326,-214.7210638757344,26.105704164381578,0.26090562,0.13673285,0.19881923,0.12757397,0.019219086,0.07339653,-300500.19043866836,1.115806009620428,-300497.0523983842,-300497.8997933901
S3-9.2,intermediate,[H]O[C@@]1([H])C([H])([H])N(C(=O)[C-:91]([H])[C:92]([H])([H])[S:93]C([H])([H])[H])C([H])([H])C1([H])[H],-1,-0.46502128,-0.11788485,-62.18771876243131,119.92666057580107,0.0337575,0.028839499,0.0312985,-0.024153352,0.3991277,0.18748717,-575490.2579013674,2.1827858965843916,-575474.2648515463,-575476.1311605986
S3-9.2,product,[H]O[C@@]1([H])C([H])([H])N(C(=O)[C:91]([H])([H])[C:92]([H])([H])[S:93]C([H])([H])[H])C([H])([H])C1([H])[H],0,-0.12812966,-0.10284874,-196.96551802388132,28.369768992951332,-0.009655133,-0.026993215,-0.018324174,0.07235567,0.029833153,0.051094413,-575865.767425629,0.9759168829768896,-575860.3544695593,-575862.794005152
S3-9.3,reactant,[H]O[C@@]1([H])C([H])([H])N(C(=O)[C:91]([H])=[C:92]([H])[H])C([H])([H])C1([H])[H],0,-0.15045999,-0.28926748,-213.58353664219626,27.522881530871693,0.26618546,0.1374945,0.20183998,0.13723643,0.019893795,0.07856511,-300500.6073727856,1.3125598281621933,-300496.1479785866,-300497.9555792831
S3-9.3,intermediate,[H]O[C@@]1([H])C([H])([H])N(C(=O)[C-:91]([H])[C:92]([H])([H])[S:93]C([H])([H])[H])C([H])([H])C1([H])[H],-1,-0.4375131,-0.112103194,-66.864320315293,121.45089779388026,0.028845757,0.027759068,0.028302412,-0.0063513815,0.3873735,0.19051106,-575495.9022890804,3.799889897927642,-575477.0636070439,-575479.4958444111
S3-9.3,product,[H]O[C@@]1([H])C([H])([H])N(C(=O)[C:91]([H])([H])[C:92]([H])([H])[S:93]C([H])([H])[H])C([H])([H])C1([H])[H],0,-0.13580585,-0.11865835,-195.93366040316403,32.18313533110594,-0.0063071027,-0.019741043,-0.013024073,0.0671566,0.04236023,0.054758415,-575864.6298315814,1.503259303048253,-575859.7846599432,-575861.6441113245
S3-9.4,reactant,[H]O[C@@]1([H])C([H])([H])N(C(=O)[C:91]([H])=[C:92]([H])[H])C([H])([H])C1([H])[H],0,-0.15455446,-0.28624177,-218.9685023239406,24.98312645197398,0.2824617,0.13621527,0.20933849,0.13811731,0.02406782,0.081092566,-300499.6279462886,1.1727220583707094,-300495.8016315876,-300497.0063781872
S3-9.4,intermediate,[H]O[C@@]1([H])C([H])([H])N(C(=O)[C-:91]([H])[C:92]([H])([H])[S:93]C([H])([H])[H])C([H])([H])C1([H])[H],-1,-0.45255473,-0.11513323,-64.76925561241947,119.98741936245108,0.029128052,0.027624048,0.02837605,-0.022903383,0.39017278,0.1836347,-575491.9264619664,2.0012428872287273,-575475.3813270978,-575477.745010562
S3-9.4,product,[H]O[C@@]1([H])C([H])([H])N(C(=O)[C:91]([H])([H])[C:92]([H])([H])[S:93]C([H])([H])[H])C([H])([H])C1([H])[H],0,-0.13528752,-0.1166441,-196.27388115710212,31.446662657069062,-0.0065723807,-0.01817748,-0.01237493,0.048717067,0.030681953,0.03969951,-575864.2025398901,1.8794700913131237,-575860.0870553596,-575861.9315818566
S3-9.5,reactant,[H]O[C@@]1([H])C([H])([H])N(C(=O)[C:91]([H])=[C:92]([H])[H])C([H])([H])C1([H])[H],0,-0.14696762,-0.28646135,-218.80348556756272,23.527717806546715,0.24449646,0.13770276,0.19109961,0.14529556,0.016727984,0.08101177,-300500.77760496095,1.5603356081992388,-300497.28337006544,-300498.5041854058
S3-9.5,intermediate,[H]O[C@@]1([H])C([H])([H])N(C(=O)[C-:91]([H])[C:92]([H])([H])[S:93]C([H])([H])[H])C([H])([H])C1([H])[H],-1,-0.42112258,-0.11362684,-64.55447286318527,121.7346253248081,0.0036133826,0.018163934,0.010888658,0.0015526712,0.39549527,0.19852397,-575492.6313747419,4.390847258269787,-575470.2921109995,-575472.6720801379
S3-9.5,product,[H]O[C@@]1([H])C([H])([H])N(C(=O)[C:91]([H])([H])[C:92]([H])([H])[S:93]C([H])([H])[H])C([H])([H])C1([H])[H],0,-0.13030735,-0.12112619,-199.6371122950962,29.549797247060745,-0.018172257,-0.01222837,-0.015200313,0.053356007,0.03197807,0.04266704,-575865.5230523305,2.395987417548895,-575861.0242635534,-575862.6158799982
S3-11.1,reactant,[H]N(C(=O)[C:91]([H])=[C:92]([H])[H])C([H])([H])[H],0,-0.14877908,-0.2793486,-238.63410614942836,40.226424975795666,0.31090438,0.21083182,0.2608681,0.21160989,0.042373255,0.12699157,-179968.57173731504,2.0915271565318108,-179966.29261095825,-179967.19865491224
S3-11.1,intermediate,[H]N(C(=O)[C-:91]([H])[C:92]([H])([H])[S:93]C([H])([H])[H])C([H])([H])[H],-1,-0.46559095,-0.096935935,-62.80791010273231,137.65833634626588,-0.04375961,0.0022095367,-0.020775037,0.031297803,0.39991224,0.21560502,-454955.38320354634,1.6973975598812103,-454941.2731424071,-454941.2873102867
S3-11.1,product,[H]N(C(=O)[C:91]([H])([H])[C:92]([H])([H])[S:93]C([H])([H])[H])C([H])([H])[H],0,-0.13858251,-0.098475985,-212.47460147799092,41.304884187802884,0.012421273,0.00097251683,0.0066968948,0.11798833,0.03176233,0.07487533,-455333.76867387356,2.3024195227771997,-455331.38360129244,-455331.8376706609
S3-13.1,reactant,[H]C([H])([H])N1C(=O)[C:91]([H])=[C:92]([H])C1([H])[H],0,-0.18495725,-0.16425458,-222.2084216113997,38.247163813578496,0.23035637,0.12393288,0.17714462,0.17986257,0.03220643,0.1060345,-203900.66232488144,0.5067938361316919,-203897.03732141326,-203898.3077799612
S3-13.1,intermediate,[H]C([H])([H])N1C(=O)[C-:91]([H])[C:92]([H])([S:93]C([H])([H])[H])C1([H])[H],-1,-0.441442,-0.028188108,-63.90091861538852,133.26328483798903,-0.03679848,0.024492737,-0.006152872,0.0054324865,0.32952055,0.16747652,-478886.1871325497,2.2009670678526163,-478868.84657140647,-478873.2650958955
S3-13.1,product,[H]C([H])([H])N1C(=O)[C:91]([H])([H])[C:92]([H])([S:93]C([H])([H])[H])C1([H])[H],0,-0.15276746,-0.03246643,-210.06407028999806,36.83392893790158,-0.03411897,-0.018598594,-0.026358781,0.048123434,0.011544183,0.029833809,-479262.77139276813,1.7457569539546967,-479257.9935896424,-479260.2535917135
S3-12.1,reactant,[H]c1c([H])c(OC([H])([H])[H])c([H])c(C([H])([H])N([H])C(=O)[C:91]([H])=[C:92]([H])[H])c1[H],0,-0.16235098,-0.27996975,-196.72549926909073,14.310387525868034,0.15823323,0.07996707,0.119100146,0.069601566,-0.012658998,0.028471284,-396972.82913103316,4.176408199593425,-396967.63759199507,-396969.94817911356
S3-12.1,intermediate,[H]c1c([H])c(OC([H])([H])[H])c([H])c(C([H])([H])N([H])C(=O)[C-:91]([H])[C:92]([H])([H])[S:93]C([H])([H])[H])c1[H],-1,-0.55869704,-0.11625887,-73.84186138530626,99.10803559129839,0.024368666,0.024046443,0.024207555,-0.031428218,0.50771034,0.23814104,-671968.2877000959,5.3766117468476295,-671946.464587044,-671950.2739790772
S3-12.1,product,[H]c1c([H])c(OC([H])([H])[H])c([H])c(C([H])([H])N([H])C(=O)[C:91]([H])([H])[C:92]([H])([H])[S:93]C([H])([H])[H])c1[H],0,-0.13562158,-0.10535237,-184.80449239107114,12.412011319918792,-0.03842812,-0.043439597,-0.04093386,0.058539495,0.0014792681,0.030009381,-672338.2021390005,3.703198676928878,-672331.977146598,-672335.0087534067
S3-12.2,reactant,[H]c1c([H])c(OC([H])([H])[H])c([H])c(C([H])([H])N([H])C(=O)[C:91]([H])=[C:92]([H])[H])c1[H],0,-0.16204144,-0.28021002,-196.67866979516222,14.322609257947,0.15675196,0.07974672,0.11824934,0.0702921,-0.012756303,0.028767899,-396972.8313452369,4.066439114511013,-396967.6741425916,-396969.9481566034
S3-12.2,intermediate,[H]c1c([H])c(OC([H])([H])[H])c([H])c(C([H])([H])N([H])C(=O)[C-:91]([H])[C:92]([H])([H])[S:93]C([H])([H])[H])c1[H],-1,-0.51506114,-0.12666813,-72.3115695256697,99.25937400526784,-0.014851458,0.018947273,0.0020479076,0.007466197,0.4730471,0.24025665,-671963.193817416,5.761246791109443,-671943.1510632576,-671943.699268792
S3-12.2,product,[H]c1c([H])c(OC([H])([H])[H])c([H])c(C([H])([H])N([H])C(=O)[C:91]([H])([H])[C:92]([H])([H])[S:93]C([H])([H])[H])c1[H],0,-0.14112394,-0.120558575,-187.70058627627407,14.925773868344459,-0.02472914,-0.026207969,-0.025468554,0.022157818,0.0035698563,0.012863837,-672338.4892205024,3.2408146653324366,-672331.7159577339,-672335.5404701221
S3-12.3,reactant,[H]c1c([H])c(OC([H])([H])[H])c([H])c(C([H])([H])N([H])C(=O)[C:91]([H])=[C:92]([H])[H])c1[H],0,-0.16116028,-0.28436702,-199.25450393810476,13.24818804926087,0.12090376,0.05868508,0.08979442,0.027350366,-0.011222109,0.008064128,-396971.52074466954,3.7147152200341225,-396965.80143996334,-396968.69492537476
S3-12.3,intermediate,[H]c1c([H])c(OC([H])([H])[H])c([H])c(C([H])([H])N([H])C(=O)[C-:91]([H])[C:92]([H])([H])[S:93]C([H])([H])[H])c1[H],-1,-0.5118963,-0.12271164,-69.32567522843749,102.77635427651812,0.029299483,0.032607198,0.03095334,-0.030570447,0.4343835,0.20190653,-671966.7278176013,3.9162693675607443,-671947.82702236,-671949.7943367427
S3-12.3,product,[H]c1c([H])c(OC([H])([H])[H])c([H])c(C([H])([H])N([H])C(=O)[C:91]([H])([H])[C:92]([H])([H])[S:93]C([H])([H])[H])c1[H],0,-0.14709805,-0.120213345,-183.6842254415257,15.080100370541597,-0.0055095106,-0.021931797,-0.013720654,0.044599995,0.014034286,0.02931714,-672338.4163586253,5.011778036132455,-672331.2233353534,-672334.714066568
S3-12.4,reactant,[H]c1c([H])c(OC([H])([H])[H])c([H])c(C([H])([H])N([H])C(=O)[C:91]([H])=[C:92]([H])[H])c1[H],0,-0.16184777,-0.28399724,-198.29290876792163,12.519205082557667,0.12060422,0.057184607,0.08889441,0.025826246,-0.01201795,0.0069041476,-396971.5070338317,2.382040547206998,-396964.9009436057,-396968.52038772136
S3-12.4,intermediate,[H]c1c([H])c(OC([H])([H])[H])c([H])c(C([H])([H])N([H])C(=O)[C-:91]([H])[C:92]([H])([H])[S:93]C([H])([H])[H])c1[H],-1,-0.5517565,-0.11723129,-70.53016879029741,98.7227061011366,0.020804726,0.026334755,0.02356974,-0.008576751,0.47639787,0.23391056,-671964.8908378447,2.291501674801111,-671943.4343680349,-671948.6488108453
S3-12.4,product,[H]c1c([H])c(OC([H])([H])[H])c([H])c(C([H])([H])N([H])C(=O)[C:91]([H])([H])[C:92]([H])([H])[S:93]C([H])([H])[H])c1[H],0,-0.13836423,-0.10668522,-184.66992276255985,12.794638345626407,-0.033654287,-0.040684596,-0.03716944,0.06112759,0.0042756796,0.032701634,-672337.996239584,4.096986178308725,-672331.674447443,-672334.8317961873
S3-12.5,reactant,[H]c1c([H])c(OC([H])([H])[H])c([H])c(C([H])([H])N([H])C(=O)[C:91]([H])=[C:92]([H])[H])c1[H],0,-0.1618863,-0.28398958,-198.30991360960113,12.515991709315639,0.12064591,0.057191446,0.08891868,0.025656328,-0.011987969,0.006834179,-396971.5072307634,2.327331867069006,-396965.7934904899,-396968.520467458
S3-12.5,intermediate,[H]c1c([H])c(OC([H])([H])[H])c([H])c(C([H])([H])N([H])C(=O)[C-:91]([H])[C:92]([H])([H])[S:93]C([H])([H])[H])c1[H],-1,-0.5112605,-0.12757558,-73.38831426157347,100.19574654692639,-0.01684209,0.020391464,0.0017746873,0.0010999441,0.4760218,0.23856087,-671966.1284685589,3.813160901889205,-671943.5689883678,-671946.104958666
S3-12.5,product,[H]c1c([H])c(OC([H])([H])[H])c([H])c(C([H])([H])N([H])C(=O)[C:91]([H])([H])[C:92]([H])([H])[S:93]C([H])([H])[H])c1[H],0,-0.14561367,-0.12275708,-185.45799003203985,12.69431049355296,-0.025699936,-0.027237132,-0.026468534,0.0319663,0.0060243905,0.018995345,-672339.8475531011,4.316982567310333,-672332.5968216449,-672335.8623110781
S3-12.6,reactant,[H]c1c([H])c(OC([H])([H])[H])c([H])c(C([H])([H])N([H])C(=O)[C:91]([H])=[C:92]([H])[H])c1[H],0,-0.15960182,-0.28274846,-199.57844240983158,12.083014004804594,0.12436959,0.056133926,0.09025176,0.037129164,-0.0098532885,0.013637938,-396972.6506550503,1.994814034551382,-396967.4612609092,-396969.89003435714
S3-12.6,intermediate,[H]c1c([H])c(OC([H])([H])[H])c([H])c(C([H])([H])N([H])C(=O)[C-:91]([H])[C:92]([H])([H])[S:93]C([H])([H])[H])c1[H],-1,-0.56045043,-0.11526292,-71.32874713826838,98.58395625404911,0.021252997,0.022794254,0.022023626,-0.014456391,0.48597723,0.23576042,-671965.4372487179,3.4388057235628366,-671946.6461856031,-671948.6587725433
S3-12.6,product,[H]c1c([H])c(OC([H])([H])[H])c([H])c(C([H])([H])N([H])C(=O)[C:91]([H])([H])[C:92]([H])([H])[S:93]C([H])([H])[H])c1[H],0,-0.13694616,-0.10328674,-186.0509342177395,13.247664520247051,-0.04095786,-0.048706517,-0.04483219,0.06793943,0.005160615,0.036550023,-672339.5311796978,3.623850481584668,-672333.4072049062,-672336.1110638905
S3-12.7,reactant,[H]c1c([H])c(OC([H])([H])[H])c([H])c(C([H])([H])N([H])C(=O)[C:91]([H])=[C:92]([H])[H])c1[H],0,-0.15473402,-0.28313383,-200.5606668207904,16.59349493613631,0.13449791,0.08018485,0.10734138,0.051100403,-0.009122878,0.020988762,-396972.32488646207,1.1317735128104687,-396968.7439026477,-396970.3277425687
S3-12.7,intermediate,[H]c1c([H])c(OC([H])([H])[H])c([H])c(C([H])([H])N([H])C(=O)[C-:91]([H])[C:92]([H])([H])[S:93]C([H])([H])[H])c1[H],-1,-0.5035877,-0.10388289,-71.08728370515162,98.54627573999139,0.018193707,0.035778344,0.026986025,-0.010284156,0.40274927,0.19623256,-671969.607413727,3.1934939678758383,-671948.6617369802,-671953.1082297323
S3-12.7,product,[H]c1c([H])c(OC([H])([H])[H])c([H])c(C([H])([H])N([H])C(=O)[C:91]([H])([H])[C:92]([H])([H])[S:93]C([H])([H])[H])c1[H],0,-0.13795392,-0.104310416,-183.0204002450059,14.223384779701686,-0.036658034,-0.042815425,-0.03973673,0.07264161,0.008450404,0.040546007,-672337.897925596,2.128235638141632,-672330.7751491704,-672334.9644845689
S3-12.8,reactant,[H]c1c([H])c(OC([H])([H])[H])c([H])c(C([H])([H])N([H])C(=O)[C:91]([H])=[C:92]([H])[H])c1[H],0,-0.16106589,-0.28437862,-199.23441583573222,13.24741914778873,0.12121108,0.058728307,0.089969695,0.027167946,-0.0112883,0.007939823,-396971.52064958937,3.6915577985346317,-396966.2983360256,-396968.69499179244
S3-12.8,intermediate,[H]c1c([H])c(OC([H])([H])[H])c([H])c(C([H])([H])N([H])C(=O)[C-:91]([H])[C:92]([H])([H])[S:93]C([H])([H])[H])c1[H],-1,-0.5151354,-0.11631101,-74.55068996742256,98.76298483742602,0.007905886,0.019597396,0.013751641,-0.04892978,0.47470215,0.21288618,-671962.5807519668,5.856294164434075,-671938.0933091153,-671942.9937985421
S3-12.8,product,[H]c1c([H])c(OC([H])([H])[H])c([H])c(C([H])([H])N([H])C(=O)[C:91]([H])([H])[C:92]([H])([H])[S:93]C([H])([H])[H])c1[H],0,-0.14653586,-0.124101385,-187.03999322473402,14.05412327461297,-0.020920523,-0.022703707,-0.021812115,0.016814202,-0.0011218935,0.007846154,-672338.5103293568,2.854044556617737,-672330.9769752893,-672335.072290126
S3-12.9,reactant,[H]c1c([H])c(OC([H])([H])[H])c([H])c(C([H])([H])N([H])C(=O)[C:91]([H])=[C:92]([H])[H])c1[H],0,-0.16115288,-0.28444427,-199.25680216471864,13.261353312926762,0.120696336,0.058594942,0.08964564,0.02714853,-0.011240989,0.00795377,-396971.5219455235,3.845226591452956,-396965.4621563575,-396968.6949955154
S3-12.9,intermediate,[H]c1c([H])c(OC([H])([H])[H])c([H])c(C([H])([H])N([H])C(=O)[C-:91]([H])[C:92]([H])([H])[S:93]C([H])([H])[H])c1[H],-1,-0.5121023,-0.1294682,-72.05356745627076,101.20366945645502,-0.003718093,0.031984977,0.014133442,-0.017282695,0.43499961,0.20885846,-671965.1151673519,4.838754257187247,-671940.4437185002,-671947.576769924
S3-12.9,product,[H]c1c([H])c(OC([H])([H])[H])c([H])c(C([H])([H])N([H])C(=O)[C:91]([H])([H])[C:92]([H])([H])[S:93]C([H])([H])[H])c1[H],0,-0.1472392,-0.11900768,-187.8041981102903,16.741565304039135,-0.023408607,-0.031928256,-0.027668431,0.030565664,0.010305211,0.020435438,-672339.093354619,4.07403171621263,-672330.6101125379,-672334.7803295786
S3-12.10,reactant,[H]c1c([H])c(OC([H])([H])[H])c([H])c(C([H])([H])N([H])C(=O)[C:91]([H])=[C:92]([H])[H])c1[H],0,-0.16194507,-0.2840743,-198.36399211310118,12.497142257150422,0.12016165,0.057257578,0.088709615,0.025142372,-0.01198265,0.006579861,-396971.5087004911,2.3100817669183016,-396965.3206048712,-396968.5204351838
S3-12.10,intermediate,[H]c1c([H])c(OC([H])([H])[H])c([H])c(C([H])([H])N([H])C(=O)[C-:91]([H])[C:92]([H])([H])[S:93]C([H])([H])[H])c1[H],-1,-0.5295875,-0.11284772,-71.25809646211339,103.18730362103443,-0.0051612034,0.02176994,0.008304369,-0.005461216,0.43713307,0.21583593,-671966.4874616023,4.066825207322836,-671942.4762752093,-671948.3847435982
S3-12.10,product,[H]c1c([H])c(OC([H])([H])[H])c([H])c(C([H])([H])N([H])C(=O)[C:91]([H])([H])[C:92]([H])([H])[S:93]C([H])([H])[H])c1[H],0,-0.14758174,-0.11829454,-187.78947269370465,17.27254983931333,-0.023191363,-0.03301072,-0.028101042,0.029901057,0.010329694,0.020115376,-672339.1013563275,4.61536730825901,-672331.5898255878,-672334.7615888093
S3-14.1,reactant,[H]C1([H])N(C(=O)[C:91]([H])=[C:92]([H])[H])C([H])([H])C([H])([H])C([H])([H])C1([H])[H],0,-0.1511161,-0.2892396,-217.12927544537274,27.24507083664724,0.1862452,0.09709878,0.14167199,0.17060441,0.042106345,0.10635538,-277950.18321005127,1.6027473825961351,-277944.5797829018,-277946.8801678409
S3-14.1,intermediate,[H]C1([H])N(C(=O)[C-:91]([H])[C:92]([H])([H])[S:93]C([H])([H])[H])C([H])([H])C([H])([H])C([H])([H])C1([H])[H],-1,-0.4582815,-0.11557789,-61.2852083455346,123.34976359154217,0.008467771,0.02410426,0.016286016,-0.03670627,0.35655287,0.1599233,-552941.9057883798,2.185241127386689,-552924.622872486,-552927.9429518958
S3-14.1,product,[H]C1([H])N(C(=O)[C:91]([H])([H])[C:92]([H])([H])[S:93]C([H])([H])[H])C([H])([H])C([H])([H])C([H])([H])C1([H])[H],0,-0.13837646,-0.11345892,-198.61402461739794,33.77496885087119,0.0015648454,-0.026426986,-0.01243107,0.06747447,0.039553665,0.053514067,-553316.9865509328,1.463359473273158,-553311.2354784082,-553313.7276439769
S3-14.2,reactant,[H]C1([H])N(C(=O)[C:91]([H])=[C:92]([H])[H])C([H])([H])C([H])([H])C([H])([H])C1([H])[H],0,-0.14935637,-0.2889508,-216.235435109451,29.415876482487025,0.30286372,0.13115032,0.21700701,0.1360693,0.00887157,0.072470434,-277952.14191681397,1.1908035930246115,-277946.8369651611,-277949.2513548818
S3-14.2,intermediate,[H]C1([H])N(C(=O)[C-:91]([H])[C:92]([H])([H])[S:93]C([H])([H])[H])C([H])([H])C([H])([H])C([H])([H])C1([H])[H],-1,-0.45363098,-0.112713836,-60.607814247349175,124.0815721295302,0.0075586885,0.0205388,0.014048744,-0.036503106,0.36130112,0.16239901,-552941.9252090484,2.439228607341647,-552925.4004911263,-552926.907332937
S3-14.2,product,[H]C1([H])N(C(=O)[C:91]([H])([H])[C:92]([H])([H])[S:93]C([H])([H])[H])C([H])([H])C([H])([H])C([H])([H])C1([H])[H],0,-0.13559832,-0.113633275,-197.1431987350611,33.28943254991773,-0.009495065,-0.021999776,-0.01574742,0.046292573,0.028404228,0.0373484,-553317.0395582577,1.6427903044968843,-553310.7069808467,-553313.8962523626
S3-15.1,reactant,[H]c1c([H])c([H])c(N([H])C(=O)[C:91](C([H])([H])[H])=[C:92]([H])[H])c([H])c1[H],0,0.012205442,-0.32240656,-199.2848408668707,12.768786479779687,0.14429042,0.11654432,0.13041738,0.0147932535,-0.048390493,-0.016798621,-325064.1850432126,1.3189253192394972,-325060.8358625271,-325061.8704142656
S3-15.1,intermediate,[H]c1c([H])c([H])c(N([H])C(=O)[C-:91](C([H])([H])[H])[C:92]([H])([H])[S:93]C([H])([H])[H])c([H])c1[H],-1,-0.3145865,-0.13094793,-60.46989353688416,110.0824333996335,0.015938103,0.02571135,0.020824727,-0.074397415,0.3372785,0.13144054,-600060.7091198473,3.933663573116064,-600038.3352694641,-600040.2051293775
S3-15.1,product,[H]c1c([H])c([H])c(N([H])C(=O)[C:91]([H])(C([H])([H])[H])[C:92]([H])([H])[S:93]C([H])([H])[H])c([H])c1[H],0,-0.078269266,-0.10934565,-190.91888967516644,16.77404218737577,-0.035472512,-0.03608013,-0.03577632,0.022495434,-0.0028868467,0.0098042935,-600427.0450215938,1.3489883244037628,-600422.47056692,-600424.7262410361
S3-16.1,reactant,[H]c1c([H])c([H])c(N([H])C(=O)/[C:91]([H])=[C:92](\[H])C([H])([H])[H])c([H])c1[H],0,-0.16886753,-0.10028669,-198.21826883310462,13.447464641430273,0.08858903,0.018033132,0.05331108,0.053074345,-0.008862138,0.022106104,-325063.28576235264,1.509296866133809,-325060.2787431926,-325060.88604126207
S3-16.1,intermediate,[H]c1c([H])c([H])c(N([H])C(=O)[C-:91]([H])[C:92]([H])(C([H])([H])[H])[S:93]C([H])([H])[H])c([H])c1[H],-1,-0.45399508,0.008034174,-64.54711851763466,107.90723689394721,-0.014823287,0.021660663,0.0034186877,-0.0104109645,0.2910548,0.14032191,-600059.2181880084,4.516284856945276,-600034.1625677432,-600038.2248243797
S3-16.1,product,[H]c1c([H])c([H])c(N([H])C(=O)[C:91]([H])([H])[C:92]([H])(C([H])([H])[H])[S:93]C([H])([H])[H])c([H])c1[H],0,-0.14331768,-0.032324754,-188.02709119722329,18.424655959965047,-0.036770537,-0.03630484,-0.03653769,0.016638026,0.0081216395,0.012379833,-600428.2876544744,2.3513156343251467,-600422.4926359876,-600425.074065994
S3-23.1,reactant,[H]N(C(=O)/[C:91]([H])=[C:92](\[H])C([H])([H])[N+]([H])(C([H])([H])[H])C([H])([H])[H])C([H])([H])[H],1,-0.14621203,-0.073127076,-298.97578648640234,-69.71271493321305,0.2531954,0.062895425,0.15804543,0.16143925,0.06701428,0.114226766,-289010.66496690304,1.1093130391091108,-289006.5395650696,-289008.152111313
S3-23.1,intermediate,[H]N(C(=O)[C-:91]([H])[C:92]([H])(C([H])([H])[N+]([H])(C([H])([H])[H])C([H])([H])[H])[S:93]C([H])([H])[H])C([H])([H])[H],0,-0.4258193,0.017851505,-146.4319084724506,35.88328368956488,0.0019102618,-0.013211581,-0.0056506596,-0.009919137,0.3082441,0.14916249,-564084.1827932039,3.0544974263757467,-564068.3773519775,-564069.4224326375
S3-23.1,product,[H]N(C(=O)[C:91]([H])([H])[C:92]([H])(C([H])([H])[N+]([H])(C([H])([H])[H])C([H])([H])[H])[S:93]C([H])([H])[H])C([H])([H])[H],1,-0.114892565,-0.012680146,-276.7835572725367,-57.063448703887545,0.08670333,-0.01077748,0.037962925,0.05914139,0.015499666,0.03732053,-564391.5149918535,2.829197322949767,-564385.2376367844,-564385.8503794628
S3-23.2,reactant,[H]N(C(=O)/[C:91]([H])=[C:92](\[H])C([H])([H])[N+]([H])(C([H])([H])[H])C([H])([H])[H])C([H])([H])[H],1,-0.11110511,-0.10814348,-300.88849692232725,-71.26526557832452,0.23666751,0.06965926,0.15316339,0.16576359,0.056551844,0.111157715,-289007.3068586315,1.2425239589065313,-289003.597178856,-289004.8400435715
S3-23.2,intermediate,[H]N(C(=O)[C-:91]([H])[C:92]([H])(C([H])([H])[N+]([H])(C([H])([H])[H])C([H])([H])[H])[S:93]C([H])([H])[H])C([H])([H])[H],0,-0.48845077,0.0034605924,-142.20590833622072,33.34077508749069,-0.018377248,-0.026514092,-0.022445671,-0.02589786,0.37873858,0.17642036,-564084.0431701604,2.0624059289693832,-564069.3828711045,-564070.7025434287
S3-23.2,product,[H]N(C(=O)[C:91]([H])([H])[C:92]([H])(C([H])([H])[N+]([H])(C([H])([H])[H])C([H])([H])[H])[S:93]C([H])([H])[H])C([H])([H])[H],1,-0.122534096,-0.011768797,-280.1782005610972,-54.05758804624546,0.029397866,-0.037007168,-0.0038046502,0.058261275,0.02468735,0.041474313,-564382.6776968297,3.685038646683097,-564376.570691793,-564378.1198840919
S3-23.3,reactant,[H]N(C(=O)/[C:91]([H])=[C:92](\[H])C([H])([H])[N+]([H])(C([H])([H])[H])C([H])([H])[H])C([H])([H])[H],1,-0.12161772,-0.10474947,-301.45339236597,-71.0387405542709,0.2084707,0.05801515,0.13324292,0.19128667,0.062490955,0.12688881,-289007.0082734817,1.823508396744728,-289003.0764253449,-289004.54477460275
S3-23.3,intermediate,[H]N(C(=O)[C-:91]([H])[C:92]([H])(C([H])([H])[N+]([H])(C([H])([H])[H])C([H])([H])[H])[S:93]C([H])([H])[H])C([H])([H])[H],0,-0.28566703,0.019696075,-168.0751902993023,33.3234278192338,0.058140066,0.01130696,0.034723513,0.106781125,0.18206769,0.14442441,-564119.4123167162,3.7577483784407377,-564088.5051492504,-564089.0410358448
S3-23.3,product,[H]N(C(=O)[C:91]([H])([H])[C:92]([H])(C([H])([H])[N+]([H])(C([H])([H])[H])C([H])([H])[H])[S:93]C([H])([H])[H])C([H])([H])[H],1,-0.11788296,-0.032945644,-282.8540435282674,-57.883282928200366,0.07239407,0.0076254457,0.04000976,0.058159493,0.018499449,0.03832947,-564382.8780776683,5.09370188601315,-564374.4087927286,-564376.9628803416
S3-23.4,reactant,[H]N(C(=O)/[C:91]([H])=[C:92](\[H])C([H])([H])[N+]([H])(C([H])([H])[H])C([H])([H])[H])C([H])([H])[H],1,-0.11101298,-0.10794224,-300.9122671422167,-71.29186785331387,0.23721866,0.06969851,0.1534586,0.16601227,0.056389555,0.111200914,-289007.3074956843,1.3624662179499865,-289002.52799925546,-289004.8400821501
S3-23.4,intermediate,[H]N(C(=O)[C-:91]([H])[C:92]([H])(C([H])([H])[N+]([H])(C([H])([H])[H])C([H])([H])[H])[S:93]C([H])([H])[H])C([H])([H])[H],0,-0.29344264,0.0174527,-168.17681407326938,31.745850535867174,0.07327838,0.015182985,0.044230685,0.12591192,0.1874931,0.15670252,-564118.6956533042,2.8396333251148462,-564086.2336879959,-564089.9195419329
S3-23.4,product,[H]N(C(=O)[C:91]([H])([H])[C:92]([H])(C([H])([H])[N+]([H])(C([H])([H])[H])C([H])([H])[H])[S:93]C([H])([H])[H])C([H])([H])[H],1,-0.11808566,-0.009586589,-278.2317201896548,-57.19322665715898,0.10421395,-0.005906049,0.04915395,0.058219798,0.016676731,0.037448265,-564390.8823989221,3.046200232580304,-564384.7417535413,-564385.4910186321
S3-23.5,reactant,[H]N(C(=O)/[C:91]([H])=[C:92](\[H])C([H])([H])[N+]([H])(C([H])([H])[H])C([H])([H])[H])C([H])([H])[H],1,-0.14648232,-0.07324887,-299.0108129834922,-69.88334452147643,0.24953353,0.062789045,0.15616128,0.16484624,0.06866921,0.11675772,-289010.69580693165,1.6239480674266815,-289006.2184845531,-289008.1521262261
S3-23.5,intermediate,[H]N(C(=O)[C-:91]([H])[C:92]([H])(C([H])([H])[N+]([H])(C([H])([H])[H])C([H])([H])[H])[S:93]C([H])([H])[H])C([H])([H])[H],0,-0.14473234,-0.053818606,-195.60504337656354,29.595506585937933,0.017880835,0.014796674,0.016338754,0.030367613,0.014034629,0.02220112,-564139.9176446416,10.021287519484758,-564072.6259110336,-564073.8500353942
S3-23.5,product,[H]N(C(=O)[C:91]([H])([H])[C:92]([H])(C([H])([H])[N+]([H])(C([H])([H])[H])C([H])([H])[H])[S:93]C([H])([H])[H])C([H])([H])[H],1,-0.121293455,-0.012032646,-279.9052739611,-56.251774321402024,0.036301613,-0.040039405,-0.0018688962,0.058759376,0.022690177,0.040724777,-564386.531414958,2.3488104697316885,-564379.9980525201,-564382.073200249
S3-22.1,reactant,[H]N(C(=O)/[C:91]([H])=[C:92](\[H])C([H])([H])[N+]1([H])C([H])([H])C([H])([H])C1([H])[H])C([H])([H])[H],1,-0.12845653,-0.10394478,-298.6046693742688,-72.00701962585902,0.18219861,0.07560765,0.12890314,0.1233187,0.024434999,0.07387685,-312922.81081540376,1.654731573536992,-312912.1251321302,-312913.05053363513
S3-22.1,intermediate,[H]N(C(=O)[C-:91]([H])[C:92]([H])(C([H])([H])[N+]1([H])C([H])([H])C([H])([H])C1([H])[H])[S:93]C([H])([H])[H])C([H])([H])[H],0,-0.31856057,-0.0008653416,-162.65666111209444,29.927728244581054,0.060482286,0.026857845,0.043670066,0.15332702,0.22105472,0.18719086,-588032.5020384566,2.3145413044840097,-587997.6361493771,-587998.6726131663
S3-22.1,product,[H]N(C(=O)[C:91]([H])([H])[C:92]([H])(C([H])([H])[N+]1([H])C([H])([H])C([H])([H])C1([H])[H])[S:93]C([H])([H])[H])C([H])([H])[H],1,-0.12701799,-0.02428486,-276.82089717732424,-60.92593344237122,0.023790015,-0.012998013,0.005396001,0.045740798,0.02252727,0.034134034,-588298.1636470156,3.7546015214174986,-588288.2059981847,-588289.4786952814
S3-22.2,reactant,[H]N(C(=O)/[C:91]([H])=[C:92](\[H])C([H])([H])[N+]1([H])C([H])([H])C([H])([H])C1([H])[H])C([H])([H])[H],1,-0.15406495,-0.08947714,-294.3474171559753,-72.59804658869497,0.18652545,0.088300385,0.13741292,0.16827416,0.07591878,0.12209647,-312926.5228234687,1.5671189706772566,-312915.8712601262,-312916.5203509244
S3-22.2,intermediate,[H]N(C(=O)[C-:91]([H])[C:92]([H])(C([H])([H])[N+]1([H])C([H])([H])C([H])([H])C1([H])[H])[S:93]C([H])([H])[H])C([H])([H])[H],0,-0.29084322,0.013929757,-164.92416599894005,25.080791830418235,0.08689945,0.0285246,0.057712026,0.1068196,0.15608121,0.13145041,-588031.2162152468,6.207302635535598,-587973.4129119616,-587975.846541665
S3-22.2,product,[H]N(C(=O)[C:91]([H])([H])[C:92]([H])(C([H])([H])[N+]1([H])C([H])([H])C([H])([H])C1([H])[H])[S:93]C([H])([H])[H])C([H])([H])[H],1,-0.12473857,-0.023862258,-276.9374768277116,-60.27386078205523,0.03479396,-0.00574651,0.014523726,0.05141563,0.019786358,0.035600994,-588296.6374060172,2.894499570131302,-588282.9362694403,-588283.6681571733
S3-22.3,reactant,[H]N(C(=O)/[C:91]([H])=[C:92](\[H])C([H])([H])[N+]1([H])C([H])([H])C([H])([H])C1([H])[H])C([H])([H])[H],1,-0.1404507,-0.08827711,-295.37534785417483,-75.5653233338432,0.2066831,0.1129031,0.1597931,0.1335936,0.04512909,0.08936135,-312926.07635466947,2.0009255427867174,-312919.28260809794,-312920.61696291465
S3-22.3,intermediate,[H]N(C(=O)[C-:91]([H])[C:92]([H])(C([H])([H])[N+]1([H])C([H])([H])C([H])([H])C1([H])[H])[S:93]C([H])([H])[H])C([H])([H])[H],0,-0.29244715,0.01390002,-164.55495599342203,26.155542622046674,0.0694961,0.027069319,0.048282713,0.16137987,0.18143336,0.17140663,-588032.4790828546,9.68384382687509,-587972.8413065294,-587976.7500797602
S3-22.3,product,[H]N(C(=O)[C:91]([H])([H])[C:92]([H])(C([H])([H])[N+]1([H])C([H])([H])C([H])([H])C1([H])[H])[S:93]C([H])([H])[H])C([H])([H])[H],1,-0.13071671,-0.034555066,-271.17879755063626,-64.31723423072486,-0.016114833,-0.0026390925,-0.009376963,0.022265837,0.019302815,0.020784326,-588294.1232924015,4.029942620545626,-588279.5694532207,-588281.9529582517
S3-22.4,reactant,[H]N(C(=O)/[C:91]([H])=[C:92](\[H])C([H])([H])[N+]1([H])C([H])([H])C([H])([H])C1([H])[H])C([H])([H])[H],1,-0.14946589,-0.08530368,-295.17519681732796,-72.3019553677143,0.20191272,0.09845371,0.15018322,0.13463628,0.052892618,0.093764454,-312926.0211973351,2.065291278064251,-312914.6774422746,-312916.62361571915
S3-22.4,intermediate,[H]N(C(=O)[C-:91]([H])[C:92]([H])(C([H])([H])[N+]1([H])C([H])([H])C([H])([H])C1([H])[H])[S:93]C([H])([H])[H])C([H])([H])[H],0,-0.29464734,0.013041092,-164.3297906703375,26.364961063323747,0.06911369,0.027306227,0.048209958,0.16469395,0.18664108,0.17566752,-588032.3903877425,2.604615619406104,-587995.8348037543,-587997.6990282004
S3-22.4,product,[H]N(C(=O)[C:91]([H])([H])[C:92]([H])(C([H])([H])[N+]1([H])C([H])([H])C([H])([H])C1([H])[H])[S:93]C([H])([H])[H])C([H])([H])[H],1,-0.12682968,-0.024249038,-276.7558570430061,-61.068107257577765,0.025144031,-0.012207424,0.0064683035,0.046203747,0.022623643,0.034413695,-588298.1730259599,4.268324671313167,-588287.9143907255,-588289.533924137
S3-22.5,reactant,[H]N(C(=O)/[C:91]([H])=[C:92](\[H])C([H])([H])[N+]1([H])C([H])([H])C([H])([H])C1([H])[H])C([H])([H])[H],1,-0.12860401,-0.10390026,-298.6233617841898,-72.01126231963352,0.18251047,0.07547696,0.1289937,0.12342645,0.024588376,0.074007414,-312922.8104729119,1.5506299417465925,-312911.66841387737,-312913.0505512221
S3-22.5,intermediate,[H]N(C(=O)[C-:91]([H])[C:92]([H])(C([H])([H])[N+]1([H])C([H])([H])C([H])([H])C1([H])[H])[S:93]C([H])([H])[H])C([H])([H])[H],0,-0.32474992,0.00059801305,-162.43264625116115,30.25817026931381,0.059344742,0.026238797,0.04279177,0.15348756,0.22788863,0.1906881,-588032.3552081641,2.633014990016818,-587996.5994320516,-587998.5161705296
S3-22.5,product,[H]N(C(=O)[C:91]([H])([H])[C:92]([H])(C([H])([H])[N+]1([H])C([H])([H])C([H])([H])C1([H])[H])[S:93]C([H])([H])[H])C([H])([H])[H],1,-0.11944981,-0.02448239,-274.02990435776826,-67.39163483321866,0.055582017,0.0094219,0.03250196,0.07958759,0.025847986,0.05271779,-588306.8648688144,3.8132254369556904,-588293.2792798819,-588295.5070560833
S3-22.6,reactant,[H]N(C(=O)/[C:91]([H])=[C:92](\[H])C([H])([H])[N+]1([H])C([H])([H])C([H])([H])C1([H])[H])C([H])([H])[H],1,-0.14966701,-0.08511737,-295.2850360782759,-72.66121634891381,0.20061445,0.09933259,0.14997353,0.13222526,0.052437216,0.09233124,-312926.03781857854,2.1882993299514055,-312916.2644390296,-312916.6235851542
S3-22.6,intermediate,[H]N(C(=O)[C-:91]([H])[C:92]([H])(C([H])([H])[N+]1([H])C([H])([H])C([H])([H])C1([H])[H])[S:93]C([H])([H])[H])C([H])([H])[H],0,-0.13276473,-0.04248584,-187.2541302705193,27.75389005419022,0.04006795,0.007872436,0.023970192,0.064539164,0.022680178,0.04360967,-588053.7651369937,7.154121533036232,-587978.7425257001,-587982.3741852222
S3-22.6,product,[H]N(C(=O)[C:91]([H])([H])[C:92]([H])(C([H])([H])[N+]1([H])C([H])([H])C([H])([H])C1([H])[H])[S:93]C([H])([H])[H])C([H])([H])[H],1,-0.12915091,-0.022565342,-275.69395864961575,-63.798647480986375,0.03107968,-0.01170633,0.009686675,0.06383146,0.033478715,0.04865509,-588301.7805250321,2.9779690355062485,-588286.704158131,-588290.4747962127
S3-22.7,reactant,[H]N(C(=O)/[C:91]([H])=[C:92](\[H])C([H])([H])[N+]1([H])C([H])([H])C([H])([H])C1([H])[H])C([H])([H])[H],1,-0.1285302,-0.10383731,-298.5792457634171,-71.95549879012526,0.1812866,0.07569861,0.12849261,0.12358549,0.02452024,0.07405287,-312922.81372315105,1.6917292829602957,-312911.2388573837,-312913.05046529917
S3-22.7,intermediate,[H]N(C(=O)[C-:91]([H])[C:92]([H])(C([H])([H])[N+]1([H])C([H])([H])C([H])([H])C1([H])[H])[S:93]C([H])([H])[H])C([H])([H])[H],0,-0.31213883,-0.004241101,-162.68393082019756,28.290773721475112,0.07445108,0.03586747,0.05515928,0.13044944,0.2147376,0.17259352,-588030.8934376021,2.7608172688633204,-587995.0214001703,-587996.959481319
S3-22.7,product,[H]N(C(=O)[C:91]([H])([H])[C:92]([H])(C([H])([H])[N+]1([H])C([H])([H])C([H])([H])C1([H])[H])[S:93]C([H])([H])[H])C([H])([H])[H],1,-0.118631765,-0.040209003,-277.5267235701777,-65.69886256747586,0.04302766,0.012243478,0.02763557,0.056924626,0.013555713,0.03524017,-588299.2185633401,3.703883184120059,-588288.9521664149,-588290.1980244964
S3-22.8,reactant,[H]N(C(=O)/[C:91]([H])=[C:92](\[H])C([H])([H])[N+]1([H])C([H])([H])C([H])([H])C1([H])[H])C([H])([H])[H],1,-0.14548673,-0.0759119,-296.49433389449365,-73.54454144139567,0.19891617,0.09157126,0.14524372,0.13660248,0.035701305,0.08615189,-312924.31848898286,2.6900922674685717,-312916.4286770074,-312918.74154557596
S3-22.8,intermediate,[H]N(C(=O)[C-:91]([H])[C:92]([H])(C([H])([H])[N+]1([H])C([H])([H])C([H])([H])C1([H])[H])[S:93]C([H])([H])[H])C([H])([H])[H],0,-0.13221619,-0.042553492,-186.9328358050506,28.265060601393127,0.04260081,0.009680998,0.026140904,0.06513968,0.02336736,0.04425352,-588053.8676390962,8.093915358185768,-587980.7380268638,-587982.8379232822
S3-22.8,product,[H]N(C(=O)[C:91]([H])([H])[C:92]([H])(C([H])([H])[N+]1([H])C([H])([H])C([H])([H])C1([H])[H])[S:93]C([H])([H])[H])C([H])([H])[H],1,-0.12087044,-0.019819954,-275.96263844017705,-67.44749428465745,0.07584748,0.014801109,0.045324292,0.07337831,0.025150672,0.04926449,-588305.8352689376,4.461063494905829,-588292.5169450195,-588294.7908856092
S3-22.9,reactant,[H]N(C(=O)/[C:91]([H])=[C:92](\[H])C([H])([H])[N+]1([H])C([H])([H])C([H])([H])C1([H])[H])C([H])([H])[H],1,-0.1206042,-0.11397427,-298.2596616606346,-75.74993933788787,0.190231,0.08589084,0.13806091,0.17635669,0.05732295,0.11683982,-312922.6086366151,1.915129840373993,-312909.97534262325,-312912.4014384639
S3-22.9,intermediate,[H]N(C(=O)[C-:91]([H])[C:92]([H])(C([H])([H])[N+]1([H])C([H])([H])C([H])([H])C1([H])[H])[S:93]C([H])([H])[H])C([H])([H])[H],0,-0.39705014,-0.0030754893,-145.6007463655785,29.236887375875938,-0.0019826647,-0.0015307781,-0.0017567214,-0.0055280626,0.2801149,0.1372934,-588003.8535871623,3.5439484864473343,-587977.3117151055,-587979.9099962208
S3-22.9,product,[H]N(C(=O)[C:91]([H])([H])[C:92]([H])(C([H])([H])[N+]1([H])C([H])([H])C([H])([H])C1([H])[H])[S:93]C([H])([H])[H])C([H])([H])[H],1,-0.12129139,-0.038010765,-276.82604996790826,-65.10127638504551,0.050066065,0.01063657,0.030351318,0.056580894,0.017527387,0.03705414,-588300.0058220711,4.152061015367508,-588286.3571427527,-588286.8771373165
S3-21.1,reactant,[H]N(C(=O)/[C:91]([H])=[C:92](\[H])C([H])([H])[N+]1([H])C([H])([H])C([H])([H])OC([H])([H])C1([H])[H])C([H])([H])[H],1,-0.11899959,-0.109918356,-292.3857050507921,-75.60772615732645,0.20351157,0.06274049,0.13312602,0.17885277,0.0367708,0.107811786,-384846.45288541424,1.9425780978053808,-384840.12759872066,-384842.81154674484
S3-21.1,intermediate,[H]N(C(=O)[C-:91]([H])[C:92]([H])(C([H])([H])[N+]1([H])C([H])([H])C([H])([H])OC([H])([H])C1([H])[H])[S:93]C([H])([H])[H])C([H])([H])[H],0,-0.29094848,0.010192875,-167.3267973046797,22.68815692880919,0.099614784,0.03180905,0.065711915,0.14396161,0.17867588,0.16131875,-659957.7214138457,3.1304893363267183,-659926.5404309863,-659929.5053158483
S3-21.1,product,[H]N(C(=O)[C:91]([H])([H])[C:92]([H])(C([H])([H])[N+]1([H])C([H])([H])C([H])([H])OC([H])([H])C1([H])[H])[S:93]C([H])([H])[H])C([H])([H])[H],1,-0.12297139,-0.010793554,-268.04527138900295,-59.0771126654839,0.059750915,-0.021109318,0.019320797,0.07248121,0.03539805,0.05393963,-660224.8002102582,3.1010220535099506,-660215.499532715,-660217.8871944314
S3-21.2,reactant,[H]N(C(=O)/[C:91]([H])=[C:92](\[H])C([H])([H])[N+]1([H])C([H])([H])C([H])([H])OC([H])([H])C1([H])[H])C([H])([H])[H],1,-0.11880357,-0.097186595,-293.2779325749237,-71.57663473209496,0.21465519,0.051133357,0.13289428,0.15538001,0.0017715916,0.0785758,-384845.25942680234,1.9251276273280382,-384838.05537366914,-384841.5625677443
S3-21.2,intermediate,[H]N(C(=O)[C-:91]([H])[C:92]([H])(C([H])([H])[N+]1([H])C([H])([H])C([H])([H])OC([H])([H])C1([H])[H])[S:93]C([H])([H])[H])C([H])([H])[H],0,-0.12678662,-0.033689428,-184.39327507378198,27.059924122532436,0.056519356,-0.006436996,0.02504118,0.07332291,0.023074292,0.0481986,-659977.9502066547,6.580177308991551,-659911.737343952,-659913.8667627636
S3-21.2,product,[H]N(C(=O)[C:91]([H])([H])[C:92]([H])(C([H])([H])[N+]1([H])C([H])([H])C([H])([H])OC([H])([H])C1([H])[H])[S:93]C([H])([H])[H])C([H])([H])[H],1,-0.12822117,-0.033303052,-268.7698108555297,-62.879694163787434,0.026432477,0.00059508905,0.013513783,0.040741906,0.029438332,0.03509012,-660222.6227602817,4.600977119058371,-660213.244677696,-660216.3563080356
S3-21.3,reactant,[H]N(C(=O)/[C:91]([H])=[C:92](\[H])C([H])([H])[N+]1([H])C([H])([H])C([H])([H])OC([H])([H])C1([H])[H])C([H])([H])[H],1,-0.11598338,-0.10798962,-291.534430559582,-71.82186311433438,0.16284376,0.050457627,0.106650695,0.19150127,0.030582853,0.11104207,-384848.16271718184,1.7093857992440462,-384842.0161883824,-384844.08233315166
S3-21.3,intermediate,[H]N(C(=O)[C-:91]([H])[C:92]([H])(C([H])([H])[N+]1([H])C([H])([H])C([H])([H])OC([H])([H])C1([H])[H])[S:93]C([H])([H])[H])C([H])([H])[H],0,-0.27603203,0.018350812,-166.60494436874436,26.085807098727972,0.10252818,0.027137766,0.06483297,0.107969135,0.13115197,0.119560555,-659957.2454737591,2.5257878601551056,-659923.5806824648,-659926.293614636
S3-21.3,product,[H]N(C(=O)[C:91]([H])([H])[C:92]([H])(C([H])([H])[N+]1([H])C([H])([H])C([H])([H])OC([H])([H])C1([H])[H])[S:93]C([H])([H])[H])C([H])([H])[H],1,-0.1138799,-0.023310062,-270.98080704834445,-62.102422573235536,0.045092624,-0.001723025,0.0216848,0.07558479,0.020452298,0.048018545,-660223.1411059814,2.008145747706294,-660215.0529784549,-660217.738764391
S3-21.4,reactant,[H]N(C(=O)/[C:91]([H])=[C:92](\[H])C([H])([H])[N+]1([H])C([H])([H])C([H])([H])OC([H])([H])C1([H])[H])C([H])([H])[H],1,-0.144981,-0.0777021,-292.7663913844755,-72.86611589546696,0.25754625,0.063055895,0.16030107,0.16969877,0.054938644,0.11231871,-384854.2067900105,2.0861350540071726,-384847.90101726033,-384850.8413925261
S3-21.4,intermediate,[H]N(C(=O)[C-:91]([H])[C:92]([H])(C([H])([H])[N+]1([H])C([H])([H])C([H])([H])OC([H])([H])C1([H])[H])[S:93]C([H])([H])[H])C([H])([H])[H],0,-0.29010108,0.011883121,-166.01301779376658,26.41050178257248,0.063896105,0.023459975,0.043678038,0.11552024,0.18813245,0.15182635,-659965.0031904158,5.7183691412210464,-659934.305480015,-659934.2683363109
S3-21.4,product,[H]N(C(=O)[C:91]([H])([H])[C:92]([H])(C([H])([H])[N+]1([H])C([H])([H])C([H])([H])OC([H])([H])C1([H])[H])[S:93]C([H])([H])[H])C([H])([H])[H],1,-0.12512465,-0.009691627,-268.9129536795234,-66.55099157175216,0.021021754,-0.021158554,-6.8400055e-05,0.038486153,0.025905207,0.03219568,-660225.6924997712,2.523328475654125,-660217.3021171052,-660219.782593905
S3-21.5,reactant,[H]N(C(=O)/[C:91]([H])=[C:92](\[H])C([H])([H])[N+]1([H])C([H])([H])C([H])([H])OC([H])([H])C1([H])[H])C([H])([H])[H],1,-0.11597615,-0.103636496,-291.70584785935284,-70.957696512253,0.1728222,0.03664227,0.104732245,0.19117606,0.02994299,0.11055952,-384848.26397230825,1.5821587853133678,-384842.1205997537,-384844.2722137849
S3-21.5,intermediate,[H]N(C(=O)[C-:91]([H])[C:92]([H])(C([H])([H])[N+]1([H])C([H])([H])C([H])([H])OC([H])([H])C1([H])[H])[S:93]C([H])([H])[H])C([H])([H])[H],0,-0.28381965,0.008675568,-167.64620327213916,24.21814779893828,0.0852699,0.030971196,0.05812055,0.105121434,0.16462997,0.1348757,-659958.3660458244,3.475556544959545,-659925.5127371524,-659927.5686693607
S3-21.5,product,[H]N(C(=O)[C:91]([H])([H])[C:92]([H])(C([H])([H])[N+]1([H])C([H])([H])C([H])([H])OC([H])([H])C1([H])[H])[S:93]C([H])([H])[H])C([H])([H])[H],1,-0.12655033,-0.010082015,-269.1423486668387,-60.358450079450535,0.08765544,-0.0031505637,0.042252436,0.066907406,0.031603828,0.049255617,-660224.9774360945,3.473167710006237,-660214.9951243637,-660217.5490886949
S3-21.6,reactant,[H]N(C(=O)/[C:91]([H])=[C:92](\[H])C([H])([H])[N+]1([H])C([H])([H])C([H])([H])OC([H])([H])C1([H])[H])C([H])([H])[H],1,-0.11692474,-0.09708945,-292.73126200466197,-68.04296756184486,0.17618698,0.041549984,0.10886848,0.19604015,0.0035878941,0.09981402,-384848.31454464584,2.1040360499173403,-384842.13815909764,-384843.704389146
S3-21.6,intermediate,[H]N(C(=O)[C-:91]([H])[C:92]([H])(C([H])([H])[N+]1([H])C([H])([H])C([H])([H])OC([H])([H])C1([H])[H])[S:93]C([H])([H])[H])C([H])([H])[H],0,-0.28959823,0.013020902,-165.26760642721462,24.58531629592846,0.099670306,0.0361233,0.067896806,0.113972485,0.160831,0.13740174,-659956.4322851871,3.1255230493843555,-659925.6673249047,-659926.6899351514
S3-21.6,product,[H]N(C(=O)[C:91]([H])([H])[C:92]([H])(C([H])([H])[N+]1([H])C([H])([H])C([H])([H])OC([H])([H])C1([H])[H])[S:93]C([H])([H])[H])C([H])([H])[H],1,-0.13188833,-0.026754238,-267.7704883244121,-61.96551141675275,0.0005746167,-0.024247017,-0.0118362,0.048041686,0.039020173,0.04353093,-660225.0620129654,2.9728886522352695,-660215.7663222081,-660218.2951800552
S3-21.7,reactant,[H]N(C(=O)/[C:91]([H])=[C:92](\[H])C([H])([H])[N+]1([H])C([H])([H])C([H])([H])OC([H])([H])C1([H])[H])C([H])([H])[H],1,-0.11614143,-0.10539771,-289.55438298384115,-72.92468780545872,0.12298363,0.068141185,0.095562406,0.20492053,0.049490705,0.12720563,-384848.1806493015,2.296148907393217,-384841.4695105989,-384843.57741004333
S3-21.7,intermediate,[H]N(C(=O)[C-:91]([H])[C:92]([H])(C([H])([H])[N+]1([H])C([H])([H])C([H])([H])OC([H])([H])C1([H])[H])[S:93]C([H])([H])[H])C([H])([H])[H],0,-0.4509167,0.004564917,-145.92476310525691,29.586680123256492,0.036834333,-0.010602968,0.013115682,0.016262382,0.34669286,0.18147762,-659927.8826556599,5.090893469750881,-659905.7993258777,-659907.9860720511
S3-21.7,product,[H]N(C(=O)[C:91]([H])([H])[C:92]([H])(C([H])([H])[N+]1([H])C([H])([H])C([H])([H])OC([H])([H])C1([H])[H])[S:93]C([H])([H])[H])C([H])([H])[H],1,-0.12023756,-0.010730577,-269.606292502538,-63.2259439153019,0.037449766,-0.03368862,0.0018805731,0.06454763,0.02391658,0.044232104,-660226.5189497214,2.8524991665035486,-660217.1764955827,-660220.2721542763
S3-21.8,reactant,[H]N(C(=O)/[C:91]([H])=[C:92](\[H])C([H])([H])[N+]1([H])C([H])([H])C([H])([H])OC([H])([H])C1([H])[H])C([H])([H])[H],1,-0.107266605,-0.113694206,-293.14840371505164,-75.0012741501736,0.25655144,0.07913324,0.16784234,0.16066945,0.03551998,0.09809472,-384850.6909943201,2.01448536477983,-384844.9669611224,-384847.01488954556
S3-21.8,intermediate,[H]N(C(=O)[C-:91]([H])[C:92]([H])(C([H])([H])[N+]1([H])C([H])([H])C([H])([H])OC([H])([H])C1([H])[H])[S:93]C([H])([H])[H])C([H])([H])[H],0,-0.48380366,0.0038958562,-147.75671961951844,18.14270464561813,0.076778434,0.008437104,0.04260777,0.0047074854,0.3403358,0.17252162,-659930.7914879204,4.951329478994012,-659910.4122122263,-659911.947411275
S3-21.8,product,[H]N(C(=O)[C:91]([H])([H])[C:92]([H])(C([H])([H])[N+]1([H])C([H])([H])C([H])([H])OC([H])([H])C1([H])[H])[S:93]C([H])([H])[H])C([H])([H])[H],1,-0.10534193,-0.042189136,-270.9147504351155,-63.55055833653615,0.071157455,0.01737622,0.04426684,0.06269444,0.016812377,0.039753407,-660228.7164642215,1.6220911294221878,-660219.8713312319,-660222.1849034993
S3-21.9,reactant,[H]N(C(=O)/[C:91]([H])=[C:92](\[H])C([H])([H])[N+]1([H])C([H])([H])C([H])([H])OC([H])([H])C1([H])[H])C([H])([H])[H],1,-0.14765997,-0.07072377,-290.2147850109946,-69.03811769026684,0.23708463,0.050492562,0.14378859,0.12409,0.03314893,0.078619465,-384852.10657556925,1.1421309281140566,-384846.7203063049,-384848.0359994987
S3-21.9,intermediate,[H]N(C(=O)[C-:91]([H])[C:92]([H])(C([H])([H])[N+]1([H])C([H])([H])C([H])([H])OC([H])([H])C1([H])[H])[S:93]C([H])([H])[H])C([H])([H])[H],0,-0.51363975,-0.028527189,-144.34526316954668,30.448753835641952,0.008559573,0.0138835665,0.01122157,0.0039258003,0.3768185,0.19037215,-659922.4517337794,5.309632679447532,-659897.9087393084,-659900.4895854895
S3-21.9,product,[H]N(C(=O)[C:91]([H])([H])[C:92]([H])(C([H])([H])[N+]1([H])C([H])([H])C([H])([H])OC([H])([H])C1([H])[H])[S:93]C([H])([H])[H])C([H])([H])[H],1,-0.12312488,-0.01105449,-268.01894140438003,-59.15885507258965,0.057984065,-0.02120028,0.018391892,0.072844386,0.035385586,0.054114986,-660224.7895024145,3.119804350659251,-660214.9272936143,-660217.8238671346
S3-21.10,reactant,[H]N(C(=O)/[C:91]([H])=[C:92](\[H])C([H])([H])[N+]1([H])C([H])([H])C([H])([H])OC([H])([H])C1([H])[H])C([H])([H])[H],1,-0.11949583,-0.109756134,-292.4170890612018,-75.58034362777072,0.20388368,0.06295405,0.13341887,0.17838418,0.036767907,0.10757605,-384846.45873977826,2.121029917150736,-384840.8892151056,-384842.8113537248
S3-21.10,intermediate,[H]N(C(=O)[C-:91]([H])[C:92]([H])(C([H])([H])[N+]1([H])C([H])([H])C([H])([H])OC([H])([H])C1([H])[H])[S:93]C([H])([H])[H])C([H])([H])[H],0,-0.43908045,-0.029242389,-146.76920845201727,30.846839930846336,-0.004264435,-0.002040755,-0.003152595,-0.010188937,0.33364165,0.16172636,-659928.0893570436,2.4824552703648806,-659906.5317964246,-659909.8786173982
S3-21.10,product,[H]N(C(=O)[C:91]([H])([H])[C:92]([H])(C([H])([H])[N+]1([H])C([H])([H])C([H])([H])OC([H])([H])C1([H])[H])[S:93]C([H])([H])[H])C([H])([H])[H],1,-0.114800684,-0.018351773,-265.9822198957315,-64.97693663178302,0.1051984,0.009606329,0.05740236,0.07483048,0.019459374,0.047144927,-660229.3566325718,4.846115369349718,-660219.6845621521,-660222.6495636924
S3-24.1,reactant,[H]N(C(=O)/[C:91]([H])=[C:92](\[H])C([H])([H])[H])C([H])([H])[H],0,-0.17798184,-0.08908495,-227.73116853241476,39.854079035340604,0.25147304,0.18799745,0.21973523,0.17473073,0.051323444,0.11302709,-204658.23687453754,1.5136935040354729,-204654.98489412785,-204656.7193749116
S3-24.1,intermediate,[H]N(C(=O)[C-:91]([H])[C:92]([H])(C([H])([H])[H])[S:93]C([H])([H])[H])C([H])([H])[H],-1,-0.41763246,0.008124224,-62.265937422932126,135.36862526498766,-0.042807873,-0.0035337023,-0.023170788,-0.0023620427,0.3609534,0.17929567,-479641.89367942326,2.8558643888682127,-479624.569622921,-479628.93159108784
S3-24.1,product,[H]N(C(=O)[C:91]([H])([H])[C:92]([H])(C([H])([H])[H])[S:93]C([H])([H])[H])C([H])([H])[H],0,-0.15144376,-0.030181726,-207.1567157428022,40.898670008595694,0.01901036,0.020997996,0.020004177,0.048524857,0.03668367,0.042604264,-480021.8615519609,2.8979410100728273,-480017.86315435683,-480018.77810204733
S3-25.1,reactant,[H]N(C(=O)/[C:91]([H])=[C:92](\[H])C([H])([H])C([H])([H])[H])C([H])([H])[H],0,-0.1694797,-0.10917377,-224.75423615083963,33.87504130421423,0.2096197,0.1612192,0.18541946,0.16824952,0.061882146,0.11506583,-229342.0763458598,1.1453513707965612,-229338.31013330352,-229340.49041909853
S3-25.1,intermediate,[H]N(C(=O)[C-:91]([H])[C:92]([H])(C([H])([H])C([H])([H])[H])[S:93]C([H])([H])[H])C([H])([H])[H],-1,-0.43414408,-0.0038476065,-63.592375966976306,126.92036350344706,-0.047187272,-0.0011180844,-0.024152678,0.011543751,0.33476466,0.1731542,-504330.4762477802,2.489568615332246,-504309.48105817713,-504314.46419484436
S3-25.1,product,[H]N(C(=O)[C:91]([H])([H])[C:92]([H])(C([H])([H])C([H])([H])[H])[S:93]C([H])([H])[H])C([H])([H])[H],0,-0.1408554,-0.030816184,-204.78468197151057,37.705704569530866,0.013866646,0.012116091,0.012991369,0.08366004,0.027083598,0.055371817,-504707.64817628515,2.8201019559055567,-504702.31823362724,-504704.60710870987
S3-25.2,reactant,[H]N(C(=O)/[C:91]([H])=[C:92](\[H])C([H])([H])C([H])([H])[H])C([H])([H])[H],0,-0.15975805,-0.09696383,-221.63119687239413,36.70725786398245,0.177329,0.1871143,0.18222165,0.22789617,0.050800852,0.1393485,-229343.1741067078,1.691104058176279,-229339.44469259403,-229341.48043199422
S3-25.2,intermediate,[H]N(C(=O)[C-:91]([H])[C:92]([H])(C([H])([H])C([H])([H])[H])[S:93]C([H])([H])[H])C([H])([H])[H],-1,-0.41663158,-0.010071512,-62.62193386042079,127.81152977816225,-0.044621322,-0.0019834405,-0.023302382,-0.003569752,0.34592006,0.17117515,-504328.0200570863,1.8567901868373156,-504310.5914336865,-504312.9732294933
S3-25.2,product,[H]N(C(=O)[C:91]([H])([H])[C:92]([H])(C([H])([H])C([H])([H])[H])[S:93]C([H])([H])[H])C([H])([H])[H],0,-0.1468547,-0.031115625,-205.96461558176932,38.646425815499605,0.007976454,0.007148035,0.0075622443,0.073776424,0.029622972,0.051699698,-504706.6172625544,2.3170045875012875,-504701.5310304957,-504704.08362222265
S3-44.1,reactant,[H]N(C(=O)[C:91]1=[C:92]([H])C([H])([H])C1([H])[H])C([H])([H])[H],0,0.028322596,-0.21813819,-210.2488822917787,26.05212774706337,0.105453044,0.18882677,0.1471399,0.124775395,0.05974217,0.09225878,-228563.71593799465,0.884923692792654,-228560.9641016273,-228561.49565078586
S3-44.1,intermediate,[H]N(C(=O)[C-:91]1C([H])([H])C([H])([H])[C:92]1([H])[S:93]C([H])([H])[H])C([H])([H])[H],-1,-0.23093429,-0.0139183225,-56.61748592177519,129.8761846293171,0.016546868,-0.014729361,0.00090875383,-0.06698972,0.32026795,0.12663911,-503553.9700719411,1.6853034552186728,-503537.3929351247,-503538.8818891456
S3-44.1,product,[H]N(C(=O)[C:91]1([H])C([H])([H])C([H])([H])[C:92]1([H])[S:93]C([H])([H])[H])C([H])([H])[H],0,-0.09255769,-0.081361905,-201.46370290179777,29.16478360953274,-0.023284446,0.03831296,0.007514257,0.062321313,0.04512354,0.053722426,-503929.4328797674,2.459403296932578,-503919.6867211017,-503919.5073040296
S3-45.1,reactant,[H]N(C(=O)[C:91]1=[C:92]([H])C([H])([H])C([H])([H])C1([H])[H])C([H])([H])[H],0,0.030057192,-0.18069361,-214.8323464841175,33.37988361496147,0.20537649,0.1620644,0.18372045,0.09704719,-0.019314922,0.038866132,-253274.3823283068,1.0636089127510786,-253270.80710973684,-253272.60065413124
S3-45.1,intermediate,[H]N(C(=O)[C-:91]1C([H])([H])C([H])([H])C([H])([H])[C:92]1([H])[S:93]C([H])([H])[H])C([H])([H])[H],-1,-0.25789005,0.0018471256,-54.79417971992496,127.07573456791563,0.0023557348,-0.018937582,-0.008290924,-0.04324481,0.26350355,0.110129364,-528263.3213743423,4.282470693811774,-528245.8029753828,-528248.8589765264
S3-45.1,product,[H]N(C(=O)[C:91]1([H])C([H])([H])C([H])([H])C([H])([H])[C:92]1([H])[S:93]C([H])([H])[H])C([H])([H])[H],0,-0.08779227,-0.0476096,-202.3675730505365,34.498600296036805,0.0065925084,0.025754618,0.016173564,0.11127076,0.041314766,0.07629277,-528637.7603077692,1.7730890363454819,-528633.2356766674,-528635.1666358009
S3-1.1,reactant,[H]c1nc(N([H])C(=O)[C:91]([H])=[C:92]([H])[H])c([H])c([H])c1[H],0,-0.15768552,-0.27404553,-206.09697276791422,8.01788190115194,0.15061954,0.100087196,0.12535337,0.057011724,0.0011697114,0.029090717,-310451.9295767566,0.7596634738147259,-310450.427855077,-310451.46450311184
S3-1.1,intermediate,[H]c1nc(N([H])C(=O)[C-:91]([H])[C:92]([H])([H])[S:93]C([H])([H])[H])c([H])c([H])c1[H],-1,-0.51396745,-0.10518185,-68.02924444947612,104.01405471836686,-0.019720525,0.018634975,-0.0005427748,-0.00078475475,0.36630362,0.18275943,-585438.7188917082,1.716057339683175,-585431.9485219023,-585433.4907116663
S3-1.1,product,[H]c1nc(N([H])C(=O)[C:91]([H])([H])[C:92]([H])([H])[S:93]C([H])([H])[H])c([H])c([H])c1[H],0,-0.15705302,-0.12388344,-194.5108371966529,15.092478390617677,-0.0182532,-0.016513899,-0.01738355,0.011230901,0.007995784,0.009613343,-585810.9287845518,2.9223271925002337,-585804.6844397611,-585807.845293018
S3-2.1,reactant,[H]c1c([H])c(C#N)c([H])c(N([H])C(=O)[C:91]([H])=[C:92]([H])[H])c1[H],0,-0.151935,-0.27072534,-207.9180132967076,-7.796080648582785,0.07352087,0.057375073,0.06544797,0.0133259,0.0011518896,0.0072388947,-358302.33082036115,1.0139525327831507,-358298.56640914385,-358301.1451725858
S3-2.1,intermediate,[H]c1c([H])c(C#N)c([H])c(N([H])C(=O)[C-:91]([H])[C:92]([H])([H])[S:93]C([H])([H])[H])c1[H],-1,-0.4986033,-0.116744824,-75.18016685170986,83.62991420842121,-0.009216115,0.022191383,0.006487634,-0.044461936,0.32459527,0.14006668,-633309.5384152698,1.974026994779706,-633305.3821429241,-633306.9721948312
S3-2.1,product,[H]c1c([H])c(C#N)c([H])c(N([H])C(=O)[C:91]([H])([H])[C:92]([H])([H])[S:93]C([H])([H])[H])c1[H],0,-0.14139,-0.12630163,-195.05546775840762,-2.540641509564162,-0.030666396,-0.017224818,-0.023945607,0.010722175,0.0062280446,0.00847511,-633669.3333367557,2.3600812572985888,-633665.3956610498,-633667.0039308148
S3-2.2,reactant,[H]c1c([H])c(C#N)c([H])c(N([H])C(=O)[C:91]([H])=[C:92]([H])[H])c1[H],0,-0.14986943,-0.27114442,-206.51136372223806,-8.416676048156155,0.07564142,0.05922769,0.06743456,0.011074796,-0.0017494708,0.0046626627,-358301.4106652711,1.1076257340610027,-358297.6823107522,-358300.11176913464
S3-2.2,intermediate,[H]c1c([H])c(C#N)c([H])c(N([H])C(=O)[C-:91]([H])[C:92]([H])([H])[S:93]C([H])([H])[H])c1[H],-1,-0.51870024,-0.10612995,-77.85084459725056,86.07260216430592,-0.019610554,0.019645661,1.7553568e-05,-0.032310635,0.31312412,0.14040673,-633308.4131633188,3.7463535722345114,-633302.206213115,-633304.0620469061
S3-2.2,product,[H]c1c([H])c(C#N)c([H])c(N([H])C(=O)[C:91]([H])([H])[C:92]([H])([H])[S:93]C([H])([H])[H])c1[H],0,-0.13473551,-0.112148374,-194.945957328462,-3.555791102799678,-0.052280396,-0.03934051,-0.045810454,0.015030235,0.0024678707,0.008749053,-633667.428601141,1.1190225686877966,-633664.5401975877,-633666.1423025712
S3-3.1,reactant,[H]c1c([H])c(Cl)c([H])c(N([H])C(=O)[C:91]([H])=[C:92]([H])[H])c1[H],0,-0.15235741,-0.27389193,-202.84846766407566,5.66012163629792,0.14272162,0.09341307,0.11806735,0.06870155,-0.0026865304,0.03300751,-588820.5726809336,0.6620595492422581,-588818.552158809,-588820.0034228944
S3-3.1,intermediate,[H]c1c([H])c(Cl)c([H])c(N([H])C(=O)[C-:91]([H])[C:92]([H])([H])[S:93]C([H])([H])[H])c1[H],-1,-0.48639914,-0.11436255,-70.3024898022821,103.07323964072322,-0.004062012,0.024917223,0.010427605,-0.030451357,0.34890127,0.15922496,-863823.1973222451,1.8948194365948439,-863818.8001986641,-863820.9995905422
S3-3.1,product,[H]c1c([H])c(Cl)c([H])c(N([H])C(=O)[C:91]([H])([H])[C:92]([H])([H])[S:93]C([H])([H])[H])c1[H],0,-0.13353577,-0.10596788,-192.9608169499685,10.848410847501794,-0.0453694,-0.040678635,-0.04302402,0.036046267,0.0076460987,0.021846183,-864185.4199825148,1.0388233419507742,-864182.4389760015,-864184.4744149211
S3-3.2,reactant,[H]c1c([H])c(Cl)c([H])c(N([H])C(=O)[C:91]([H])=[C:92]([H])[H])c1[H],0,-0.14955388,-0.27593213,-203.27735723375838,4.139516369936862,0.10651457,0.060594663,0.08355462,0.042753473,-0.000802055,0.020975709,-588819.401957398,0.941376032307744,-588815.8799525838,-588818.4825649202
S3-3.2,intermediate,[H]c1c([H])c(Cl)c([H])c(N([H])C(=O)[C-:91]([H])[C:92]([H])([H])[S:93]C([H])([H])[H])c1[H],-1,-0.49172428,-0.11448115,-69.3875835556655,100.6083955937038,-0.03306646,0.015545234,-0.008760612,-0.011341572,0.36161435,0.17513639,-863819.7581071297,1.8878255430608988,-863815.1959477306,-863817.3933307884
S3-3.2,product,[H]c1c([H])c(Cl)c([H])c(N([H])C(=O)[C:91]([H])([H])[C:92]([H])([H])[S:93]C([H])([H])[H])c1[H],0,-0.14162564,-0.121565074,-191.23544393649752,10.724965811807984,-0.025716998,-0.01932782,-0.022522409,0.01980324,0.0086297095,0.014216475,-864186.5142471496,1.6092986334115267,-864182.2953800145,-864184.4789432818
S3-4.1,reactant,[H]c1c([H])c([H])c(N([H])C(=O)[C:91]([H])=[C:92]([H])[H])c([H])c1[H],0,-0.14942777,-0.27895176,-202.51722517174355,12.04364206930571,0.13326666,0.06643343,0.09985004,0.061000377,0.0011684746,0.031084426,-300374.3395765533,0.9002953823655844,-300371.5188245759,-300373.432926779
S3-4.1,intermediate,[H]c1c([H])c([H])c(N([H])C(=O)[C-:91]([H])[C:92]([H])([H])[S:93]C([H])([H])[H])c([H])c1[H],-1,-0.48527935,-0.11208634,-64.97280575860827,113.41929796717675,-0.039720908,0.013760492,-0.012980208,-0.0058871508,0.35196728,0.17304006,-575370.5564232828,1.8038817532360554,-575366.6621022384,-575368.1081604314
S3-4.1,product,[H]c1c([H])c([H])c(N([H])C(=O)[C:91]([H])([H])[C:92]([H])([H])[S:93]C([H])([H])[H])c([H])c1[H],0,-0.1342209,-0.10197195,-193.59529371222527,19.468154936983233,-0.04829883,-0.05072386,-0.049511343,0.056145832,0.019888662,0.038017247,-575740.6272588806,0.5709319617599249,-575737.6762214055,-575739.5446146806
S3-5.1,reactant,[H]c1c([H])c(OC([H])([H])[H])c([H])c(N([H])C(=O)[C:91]([H])=[C:92]([H])[H])c1[H],0,-0.15278874,-0.2801513,-194.51422641017754,11.210338850044783,0.11466324,0.054161474,0.08441236,0.047633395,-0.002653852,0.022489771,-372286.30296517245,1.1075503882020712,-372283.28155099857,-372285.2475599218
S3-5.1,intermediate,[H]c1c([H])c(OC([H])([H])[H])c([H])c(N([H])C(=O)[C-:91]([H])[C:92]([H])([H])[S:93]C([H])([H])[H])c1[H],-1,-0.49878663,-0.11345105,-67.90733543012456,106.46188892514732,-0.016670987,0.021977372,0.0026531927,0.0025300384,0.35100657,0.1767683,-647285.7517650343,1.5904929991811514,-647280.2946834987,-647282.444303647
S3-5.1,product,[H]c1c([H])c(OC([H])([H])[H])c([H])c(N([H])C(=O)[C:91]([H])([H])[C:92]([H])([H])[S:93]C([H])([H])[H])c1[H],0,-0.14577085,-0.11766281,-184.4330483742624,17.190932183775892,-0.0051678494,-0.02393385,-0.01455085,0.03657338,0.013674304,0.025123842,-647652.8617372875,3.972133183851838,-647648.2043367891,-647650.5096599308
S3-5.2,reactant,[H]c1c([H])c(OC([H])([H])[H])c([H])c(N([H])C(=O)[C:91]([H])=[C:92]([H])[H])c1[H],0,-0.151064,-0.28036156,-193.9269590346027,9.938488553129691,0.114788175,0.055339083,0.08506363,0.04187265,-0.005082965,0.018394843,-372285.7155565588,1.098794911056757,-372281.6640450267,-372284.6332656208
S3-5.2,intermediate,[H]c1c([H])c(OC([H])([H])[H])c([H])c(N([H])C(=O)[C-:91]([H])[C:92]([H])([H])[S:93]C([H])([H])[H])c1[H],-1,-0.51179916,-0.105684,-68.53219114934691,106.98894100401809,-0.0010041744,0.023904487,0.011450157,-0.0014890432,0.33133176,0.16492136,-647283.8769270232,3.417327655479312,-647275.4090461944,-647278.6709585943
S3-5.2,product,[H]c1c([H])c(OC([H])([H])[H])c([H])c(N([H])C(=O)[C:91]([H])([H])[C:92]([H])([H])[S:93]C([H])([H])[H])c1[H],0,-0.13233371,-0.10285795,-185.87751239435153,14.205443209298418,-0.039398044,-0.048023775,-0.04371091,0.048120707,0.0013442189,0.024732463,-647652.1153082785,1.1845198329538107,-647648.2986685332,-647651.0121521454
S3-5.3,reactant,[H]c1c([H])c(OC([H])([H])[H])c([H])c(N([H])C(=O)[C:91]([H])=[C:92]([H])[H])c1[H],0,-0.15034315,-0.2773171,-193.23700498927084,9.909934966631097,0.15245864,0.08195594,0.11720729,0.084928066,-0.008014053,0.038457006,-372287.03198343917,0.6568513531237841,-372284.9204480007,-372286.324194352
S3-5.3,intermediate,[H]c1c([H])c(OC([H])([H])[H])c([H])c(N([H])C(=O)[C-:91]([H])[C:92]([H])([H])[S:93]C([H])([H])[H])c1[H],-1,-0.48975867,-0.114516385,-67.22865992769722,104.19971362102727,0.016832776,0.025042161,0.020937469,-0.012291163,0.3532588,0.1704838,-647285.6731005929,1.9560369532555342,-647280.1017067793,-647283.0495089428
S3-5.3,product,[H]c1c([H])c(OC([H])([H])[H])c([H])c(N([H])C(=O)[C:91]([H])([H])[C:92]([H])([H])[S:93]C([H])([H])[H])c1[H],0,-0.14101309,-0.118427254,-184.7687467269261,15.311981742374469,-0.021072231,-0.024880283,-0.022976257,0.022622287,0.0035907924,0.01310654,-647652.4696673558,1.6599069368094206,-647647.3312952205,-647650.2264113987
S3-5.4,reactant,[H]c1c([H])c(OC([H])([H])[H])c([H])c(N([H])C(=O)[C:91]([H])=[C:92]([H])[H])c1[H],0,-0.15284906,-0.28012493,-194.5030417977748,11.219911587918725,0.114687294,0.054093674,0.084390484,0.047883883,-0.0025694221,0.02265723,-372286.30200147885,1.0684289913624525,-372283.4874873146,-372285.2575425481
S3-5.4,intermediate,[H]c1c([H])c(OC([H])([H])[H])c([H])c(N([H])C(=O)[C-:91]([H])[C:92]([H])([H])[S:93]C([H])([H])[H])c1[H],-1,-0.49002415,-0.11444229,-67.27667454538374,104.16867948151003,0.016960159,0.025075868,0.021018013,-0.012183517,0.35371763,0.17076705,-647285.6706206705,1.9444622863084078,-647280.5965305382,-647283.0574941501
S3-5.4,product,[H]c1c([H])c(OC([H])([H])[H])c([H])c(N([H])C(=O)[C:91]([H])([H])[C:92]([H])([H])[S:93]C([H])([H])[H])c1[H],0,-0.14166321,-0.12069234,-185.2146399966617,15.54802804632921,-0.022588015,-0.027994677,-0.025291346,0.029129446,0.005016595,0.01707302,-647652.1947908095,2.60476110689342,-647646.5571367798,-647650.5470772967
S3-7.1,reactant,[H]N(C(=O)/[C:91]([H])=[C:92](\[H])C(F)(F)F)C([H])([H])[H],0,-0.123944014,-0.10084694,-237.8140222288974,14.046532090783217,0.19046506,0.09243784,0.14145146,0.2656369,0.062793344,0.16421512,-391606.31629347464,0.7957780547440052,-391604.01075873454,-391605.47029506625
S3-7.1,intermediate,[H]N(C(=O)[C-:91]([H])[C:92]([H])(C(F)(F)F)[S:93]C([H])([H])[H])C([H])([H])[H],-1,-0.109621875,-0.122893006,-96.56267395807737,87.70446001539402,0.12546691,-0.009632185,0.057917364,0.24792206,0.0069293305,0.1274257,-666612.8966675478,4.3895812556147575,-666593.7026646042,-666594.7646546656
S3-7.1,product,[H]N(C(=O)[C:91]([H])([H])[C:92]([H])(C(F)(F)F)[S:93]C([H])([H])[H])C([H])([H])[H],0,-0.13557206,-0.04717341,-212.9132591690972,28.111424611909456,0.047485054,-0.004647862,0.021418596,0.071576804,0.014398336,0.04298757,-666972.0466867612,3.3509137686342,-666967.8232917982,-666969.2854314904
S3-6.1,reactant,[H]c1c([H])c([H])c(N(C(=O)[C:91]([H])=[C:92]([H])[H])C([H])([H])[H])c([H])c1[H],0,-0.1274067,-0.2948057,-204.1714638027056,11.820162351557917,0.15337661,0.12418446,0.13878053,0.10216887,0.0014143735,0.051791623,-325053.937572871,2.016583224758506,-325050.02847849095,-325052.1899540255
S3-6.1,intermediate,[H]c1c([H])c([H])c(N(C(=O)[C-:91]([H])[C:92]([H])([H])[S:93]C([H])([H])[H])C([H])([H])[H])c([H])c1[H],-1,-0.45543253,-0.1022609,-69.03671971410066,114.37487773745596,-0.009013645,0.00859689,-0.00020837784,-0.035770595,0.34718496,0.15570718,-600051.3781485356,2.481735685840249,-600044.2334861377,-600047.3849448743
S3-6.1,product,[H]c1c([H])c([H])c(N(C(=O)[C:91]([H])([H])[C:92]([H])([H])[S:93]C([H])([H])[H])C([H])([H])[H])c([H])c1[H],0,-0.13006712,-0.11627145,-191.37307857871974,18.88964196058699,-0.029925898,-0.021667361,-0.02579663,0.042353407,0.025384784,0.033869095,-600419.8764967046,1.63640770688653,-600414.9807845239,-600418.2275398412
S3-6.2,reactant,[H]c1c([H])c([H])c(N(C(=O)[C:91]([H])=[C:92]([H])[H])C([H])([H])[H])c([H])c1[H],0,-0.16355897,-0.28811902,-197.99334850474665,14.522249322414558,0.16268557,0.105042115,0.13386384,0.059927538,-0.0040726513,0.027927443,-325051.0680265073,2.3760761842131615,-325046.6557859643,-325048.60764900455
S3-6.2,intermediate,[H]c1c([H])c([H])c(N(C(=O)[C-:91]([H])[C:92]([H])([H])[S:93]C([H])([H])[H])C([H])([H])[H])c([H])c1[H],-1,-0.45506874,-0.101987034,-69.01427937765123,114.39894283082822,-0.008831434,0.008615091,-0.000108171254,-0.035253257,0.3471328,0.15593979,-600051.3746294169,2.542784808203578,-600045.6973649685,-600047.4810386939
S3-6.2,product,[H]c1c([H])c([H])c(N(C(=O)[C:91]([H])([H])[C:92]([H])([H])[S:93]C([H])([H])[H])C([H])([H])[H])c([H])c1[H],0,-0.12585323,-0.11808662,-191.17641748913996,18.20826495261144,-0.03182009,-0.021382615,-0.026601352,0.040619552,0.023440115,0.032029834,-600419.8958461971,1.7968013267964125,-600415.5108705009,-600418.1525759371
S3-6.3,reactant,[H]c1c([H])c([H])c(N(C(=O)[C:91]([H])=[C:92]([H])[H])C([H])([H])[H])c([H])c1[H],0,-0.16353296,-0.28812957,-197.9799292009263,14.488069951627065,0.16265559,0.10497104,0.13381332,0.06003052,-0.0040178895,0.028006315,-325051.0651471018,2.383288498967886,-325046.26733315835,-325048.7007050631
S3-6.3,intermediate,[H]c1c([H])c([H])c(N(C(=O)[C-:91]([H])[C:92]([H])([H])[S:93]C([H])([H])[H])C([H])([H])[H])c([H])c1[H],-1,-0.41419834,-0.10439714,-65.88970726285743,112.60515631201679,-0.028297916,-0.0011938587,-0.014745887,-0.028324723,0.33388984,0.15278256,-600047.1532357868,4.077899834141135,-600041.2639543787,-600043.7759017842
S3-6.3,product,[H]c1c([H])c([H])c(N(C(=O)[C:91]([H])([H])[C:92]([H])([H])[S:93]C([H])([H])[H])C([H])([H])[H])c([H])c1[H],0,-0.12971893,-0.11827697,-192.2470672536466,18.753908453127046,-0.0307801,-0.017634973,-0.024207536,0.04841715,0.029871128,0.03914414,-600420.1478958263,1.656917791813612,-600416.456948261,-600418.6408167481
S3-6.4,reactant,[H]c1c([H])c([H])c(N(C(=O)[C:91]([H])=[C:92]([H])[H])C([H])([H])[H])c([H])c1[H],0,-0.12888946,-0.29639632,-205.65674953677467,12.516179262009587,0.15774763,0.13118991,0.14446877,0.107632026,0.016592517,0.06211227,-325054.61852452235,4.3764625154435635,-325050.7286392934,-325052.20312609413
S3-6.4,intermediate,[H]c1c([H])c([H])c(N(C(=O)[C-:91]([H])[C:92]([H])([H])[S:93]C([H])([H])[H])C([H])([H])[H])c([H])c1[H],-1,-0.3892704,-0.10966829,-65.80538761812412,113.95477057648588,-0.010126404,0.011175521,0.0005245581,-0.02077654,0.2680078,0.12361564,-600048.784180333,2.2612615451216698,-600044.0058211832,-600046.3560469226
S3-6.4,product,[H]c1c([H])c([H])c(N(C(=O)[C:91]([H])([H])[C:92]([H])([H])[S:93]C([H])([H])[H])C([H])([H])[H])c([H])c1[H],0,-0.14069755,-0.12533973,-188.8842520758036,21.7407136057364,-0.04189755,-0.029359177,-0.035628363,0.023123577,0.008770913,0.015947245,-600415.6618224812,1.618187304586172,-600411.6540033293,-600414.0700262744
S3-8.1,reactant,[H]c1c([H])c(N([H])C(=O)[C:91]([H])=[C:92]([H])[H])c([H])c([H])c1OC([H])([H])[H],0,-0.15176861,-0.27871233,-184.55140324146845,12.451408400230688,0.14560893,0.077298775,0.11145385,0.06578255,-0.010905713,0.027438417,-372285.8880595483,0.810680503025651,-372282.5361461561,-372285.1337957462
S3-8.1,intermediate,[H]c1c([H])c(N([H])C(=O)[C-:91]([H])[C:92]([H])([H])[S:93]C([H])([H])[H])c([H])c([H])c1OC([H])([H])[H],-1,-0.49596426,-0.11579292,-63.76680479598891,107.38404040103092,0.009111844,0.024423324,0.016767584,-0.026364505,0.3192529,0.1464442,-647283.5522555122,2.2054844815284014,-647277.9837016389,-647280.9145832136
S3-8.1,product,[H]c1c([H])c(N([H])C(=O)[C:91]([H])([H])[C:92]([H])([H])[S:93]C([H])([H])[H])c([H])c([H])c1OC([H])([H])[H],0,-0.14741646,-0.11506931,-180.66701039944547,16.711894840714095,-0.017909557,-0.026236303,-0.02207293,0.015216857,-0.00079488754,0.007210985,-647652.0640340857,2.797383725643158,-647646.9611323752,-647649.8730763305
S3-8.2,reactant,[H]c1c([H])c(N([H])C(=O)[C:91]([H])=[C:92]([H])[H])c([H])c([H])c1OC([H])([H])[H],0,-0.15140021,-0.2811963,-185.77274023781197,11.972728148044345,0.109187484,0.05485888,0.08202318,0.03304419,-0.005208805,0.013917692,-372285.14844881155,1.1616151165217161,-372281.0512931494,-372284.04207250214
S3-8.2,intermediate,[H]c1c([H])c(N([H])C(=O)[C-:91]([H])[C:92]([H])([H])[S:93]C([H])([H])[H])c([H])c([H])c1OC([H])([H])[H],-1,-0.46738675,-0.11882268,-62.14122390029026,105.0288734715956,-0.00678844,0.01897572,0.00609364,-0.01772064,0.32291374,0.15259655,-647280.2071585318,1.9489952716976404,-647275.8611661831,-647277.4317565964
S3-8.2,product,[H]c1c([H])c(N([H])C(=O)[C:91]([H])([H])[C:92]([H])([H])[S:93]C([H])([H])[H])c([H])c([H])c1OC([H])([H])[H],0,-0.13217056,-0.10177136,-179.59984704469866,16.456039719817074,-0.04128088,-0.05057069,-0.045925785,0.033213675,-0.004296094,0.01445879,-647650.679518975,1.197763454169035,-647646.9183688741,-647649.6116683275
S3-10.1,reactant,[H]c1c([H])c([H])c(C([H])([H])N([H])C(=O)[C:91]([H])=[C:92]([H])[H])c([H])c1[H],0,-0.16064134,-0.28371698,-209.99109516777875,16.15131133807627,0.13411447,0.0714954,0.10280494,0.042827204,-0.0064107925,0.018208206,-325059.9516018698,2.8158580642193556,-325056.5437262524,-325058.42532948754
S3-10.1,intermediate,[H]c1c([H])c([H])c(C([H])([H])N([H])C(=O)[C-:91]([H])[C:92]([H])([H])[S:93]C([H])([H])[H])c([H])c1[H],-1,-0.54995686,-0.1137256,-72.08073806668607,109.89364372848802,0.008390158,0.022522628,0.015456393,-0.06318614,0.49967325,0.21824355,-600055.1621047155,2.7022428326308727,-600047.1995319709,-600049.8072687654
S3-10.1,product,[H]c1c([H])c([H])c(C([H])([H])N([H])C(=O)[C:91]([H])([H])[C:92]([H])([H])[S:93]C([H])([H])[H])c([H])c1[H],0,-0.14674675,-0.12381362,-193.04329460992375,16.858617669813718,-0.026743323,-0.02046574,-0.02360453,0.03085345,0.009055242,0.019954346,-600427.3826845995,3.9178784154355526,-600423.3817774149,-600425.4419611216
S3-10.2,reactant,[H]c1c([H])c([H])c(C([H])([H])N([H])C(=O)[C:91]([H])=[C:92]([H])[H])c([H])c1[H],0,-0.16281125,-0.27956605,-207.8143040461092,17.77937655723195,0.1690175,0.09639634,0.13270691,0.08375451,-0.005049616,0.039352447,-325061.3836410135,2.39541326649487,-325057.88439777115,-325060.1293865518
S3-10.2,intermediate,[H]c1c([H])c([H])c(C([H])([H])N([H])C(=O)[C-:91]([H])[C:92]([H])([H])[S:93]C([H])([H])[H])c([H])c1[H],-1,-0.5100086,-0.11057048,-69.26216258878259,111.43474814547548,0.008334421,0.042369537,0.025351979,-0.02095732,0.380592,0.17981735,-600053.3106766726,3.930691260844469,-600043.1470986765,-600045.027067206
S3-10.2,product,[H]c1c([H])c([H])c(C([H])([H])N([H])C(=O)[C:91]([H])([H])[C:92]([H])([H])[S:93]C([H])([H])[H])c([H])c1[H],0,-0.13728385,-0.10646825,-193.46307648557845,17.517245812885168,-0.040254064,-0.03832867,-0.039291367,0.06657985,0.010674953,0.0386274,-600426.7479717783,2.4073402136564255,-600422.2430591446,-600425.4073884388
S3-10.3,reactant,[H]c1c([H])c([H])c(C([H])([H])N([H])C(=O)[C:91]([H])=[C:92]([H])[H])c([H])c1[H],0,-0.16073366,-0.28363958,-210.00880728964495,16.117842808640848,0.13392928,0.07148971,0.102709495,0.04304312,-0.0063740015,0.01833456,-325059.9509650449,2.7600303143262863,-325055.93048961303,-325058.4735796374
S3-10.3,intermediate,[H]c1c([H])c([H])c(C([H])([H])N([H])C(=O)[C-:91]([H])[C:92]([H])([H])[S:93]C([H])([H])[H])c([H])c1[H],-1,-0.5500801,-0.1138035,-72.14681638525064,109.89241311597644,0.008846313,0.022648461,0.015747387,-0.06327984,0.50012106,0.21842061,-600055.165255207,2.801296267658472,-600048.2726586479,-600049.9472620463
S3-10.3,product,[H]c1c([H])c([H])c(C([H])([H])N([H])C(=O)[C:91]([H])([H])[C:92]([H])([H])[S:93]C([H])([H])[H])c([H])c1[H],0,-0.13709226,-0.106359005,-193.44369365090657,17.533071021873248,-0.040367633,-0.038189456,-0.039278544,0.06650238,0.010637447,0.038569912,-600426.74815854,2.4136766847223043,-600422.36477745,-600425.4042357552
S3-10.4,reactant,[H]c1c([H])c([H])c(C([H])([H])N([H])C(=O)[C:91]([H])=[C:92]([H])[H])c([H])c1[H],0,-0.15927826,-0.28347826,-208.86895117176763,15.99467122373235,0.13981062,0.07224442,0.10602752,0.05772111,-0.0062221885,0.02574946,-325059.7973254711,1.6950329970568419,-325056.3072295668,-325058.44537568773
S3-10.4,intermediate,[H]c1c([H])c([H])c(C([H])([H])N([H])C(=O)[C-:91]([H])[C:92]([H])([H])[S:93]C([H])([H])[H])c([H])c1[H],-1,-0.5164881,-0.11160671,-68.45448384352942,111.54363045954914,0.004062563,0.04061064,0.022336602,-0.02858013,0.3969788,0.18419933,-600053.1857645656,3.3549657203257084,-600041.0471895301,-600044.2914110456
S3-10.4,product,[H]c1c([H])c([H])c(C([H])([H])N([H])C(=O)[C:91]([H])([H])[C:92]([H])([H])[S:93]C([H])([H])[H])c([H])c1[H],0,-0.13878453,-0.10573248,-193.2438058014052,17.53163913382574,-0.040101543,-0.03931866,-0.0397101,0.07047328,0.014381431,0.042427357,-600426.8181526219,1.3537473995238543,-600423.6437832821,-600425.672935652
S3-10.5,reactant,[H]c1c([H])c([H])c(C([H])([H])N([H])C(=O)[C:91]([H])=[C:92]([H])[H])c([H])c1[H],0,-0.16266018,-0.27966806,-207.82571897056772,17.790459087551305,0.16875339,0.09632687,0.13254014,0.08369964,-0.0052581728,0.039220735,-325061.3863128929,2.508568426594138,-325058.09697077685,-325060.12892868946
S3-10.5,intermediate,[H]c1c([H])c([H])c(C([H])([H])N([H])C(=O)[C-:91]([H])[C:92]([H])([H])[S:93]C([H])([H])[H])c([H])c1[H],-1,-0.5173391,-0.11181315,-68.43727151783835,111.52601249415262,0.0037964955,0.040627874,0.022212185,-0.02878493,0.3986731,0.18494408,-600053.2010981522,3.328256633132696,-600042.4589523848,-600045.1636381735
S3-10.5,product,[H]c1c([H])c([H])c(C([H])([H])N([H])C(=O)[C:91]([H])([H])[C:92]([H])([H])[S:93]C([H])([H])[H])c([H])c1[H],0,-0.1408756,-0.123259015,-195.93201907864486,16.04767393264715,-0.03064289,-0.019162439,-0.024902664,0.021072283,0.0014106333,0.011241458,-600426.6652073977,4.4596405774354935,-600421.1202056861,-600423.7239487743
S3-10.6,reactant,[H]c1c([H])c([H])c(C([H])([H])N([H])C(=O)[C:91]([H])=[C:92]([H])[H])c([H])c1[H],0,-0.16254537,-0.2797573,-207.87839577276586,17.873049191898563,0.16870052,0.096086726,0.13239363,0.08380732,-0.0054427832,0.039182268,-325061.3829387699,2.31256502866745,-325058.94894784724,-325060.13847345253
S3-10.6,intermediate,[H]c1c([H])c([H])c(C([H])([H])N([H])C(=O)[C-:91]([H])[C:92]([H])([H])[S:93]C([H])([H])[H])c([H])c1[H],-1,-0.51220703,-0.11404961,-67.61461029579468,114.2110729711409,0.008050732,0.025551796,0.016801264,-0.051479816,0.43714786,0.19283402,-600056.3866968736,2.057411188259721,-600048.9526975577,-600050.8671449622
S3-10.6,product,[H]c1c([H])c([H])c(C([H])([H])N([H])C(=O)[C:91]([H])([H])[C:92]([H])([H])[S:93]C([H])([H])[H])c([H])c1[H],0,-0.13889503,-0.105317645,-193.21559263285707,17.58130838049509,-0.03948371,-0.03971403,-0.03959887,0.07070388,0.014617622,0.04266075,-600426.7795450073,1.3834384121000767,-600423.0592825339,-600425.6234113966
S3-9.1,reactant,[H]O[C@@]1([H])C([H])([H])N(C(=O)[C:91]([H])=[C:92]([H])[H])C([H])([H])C1([H])[H],0,-0.1500228,-0.28876358,-216.762915799362,25.920964501107626,0.25790083,0.13384001,0.19587043,0.15528199,0.01754874,0.086415365,-300499.82060897385,1.1545673683285713,-300497.555939302,-300498.8665814263
S3-9.1,intermediate,[H]O[C@@]1([H])C([H])([H])N(C(=O)[C-:91]([H])[C:92]([H])([H])[S:93]C([H])([H])[H])C([H])([H])C1([H])[H],-1,-0.45214444,-0.11485903,-64.80410249031505,120.09503375535637,0.029130936,0.028034963,0.02858295,-0.022474676,0.38957345,0.1835494,-575491.9388196765,1.991328727453947,-575485.9343680689,-575487.2384664082
S3-9.1,product,[H]O[C@@]1([H])C([H])([H])N(C(=O)[C:91]([H])([H])[C:92]([H])([H])[S:93]C([H])([H])[H])C([H])([H])C1([H])[H],0,-0.124782495,-0.10501687,-202.25873799316074,24.93775732630448,-0.012286082,-0.023036882,-0.017661482,0.07591122,0.023364373,0.049637794,-575866.0477355667,2.426417985931039,-575862.3888324366,-575864.3482808067
S3-9.2,reactant,[H]O[C@@]1([H])C([H])([H])N(C(=O)[C:91]([H])=[C:92]([H])[H])C([H])([H])C1([H])[H],0,-0.14995241,-0.28923342,-214.7513863209934,26.094283549617376,0.2615166,0.13681935,0.19916797,0.12769806,0.019292891,0.07349548,-300500.19196406787,1.1818436812609434,-300497.3437351993,-300498.96502581856
S3-9.2,intermediate,[H]O[C@@]1([H])C([H])([H])N(C(=O)[C-:91]([H])[C:92]([H])([H])[S:93]C([H])([H])[H])C([H])([H])C1([H])[H],-1,-0.4631252,-0.11845326,-62.22715649288944,119.85683150948596,0.035203345,0.029968597,0.03258597,-0.023434073,0.3975677,0.1870668,-575490.2805841801,2.090037500485778,-575484.9295119294,-575486.3700674262
S3-9.2,product,[H]O[C@@]1([H])C([H])([H])N(C(=O)[C:91]([H])([H])[C:92]([H])([H])[S:93]C([H])([H])[H])C([H])([H])C1([H])[H],0,-0.12837258,-0.10275356,-196.92705821005237,28.290190902038873,-0.009254694,-0.026812442,-0.018033568,0.0731329,0.029862516,0.05149771,-575865.7642393666,0.7983061019331217,-575862.8146177047,-575864.3922506155
S3-9.3,reactant,[H]O[C@@]1([H])C([H])([H])N(C(=O)[C:91]([H])=[C:92]([H])[H])C([H])([H])C1([H])[H],0,-0.150354,-0.2892364,-213.60754385267407,27.503409134215197,0.26621667,0.13751023,0.20186344,0.13740212,0.01981005,0.078606084,-300500.6114057141,1.334927774965763,-300498.5206439048,-300499.6070720728
S3-9.3,intermediate,[H]O[C@@]1([H])C([H])([H])N(C(=O)[C-:91]([H])[C:92]([H])([H])[S:93]C([H])([H])[H])C([H])([H])C1([H])[H],-1,-0.43667343,-0.11192981,-66.81172153263698,121.43834005821594,0.029746257,0.027940221,0.028843239,-0.0069225132,0.38738635,0.19023192,-575495.9056208439,3.436601022258401,-575487.7049475008,-575489.4400299337
S3-9.3,product,[H]O[C@@]1([H])C([H])([H])N(C(=O)[C:91]([H])([H])[C:92]([H])([H])[S:93]C([H])([H])[H])C([H])([H])C1([H])[H],0,-0.13580495,-0.11833893,-195.8660267386258,32.25008357360557,-0.006529808,-0.019744262,-0.013137035,0.06673315,0.04204964,0.054391395,-575864.6370698725,1.5373585633933544,-575861.6476935719,-575863.1234779505
S3-9.4,reactant,[H]O[C@@]1([H])C([H])([H])N(C(=O)[C:91]([H])=[C:92]([H])[H])C([H])([H])C1([H])[H],0,-0.15456577,-0.2861973,-218.95958672302206,24.984277397647023,0.28233618,0.13639016,0.20936316,0.13849379,0.024117738,0.081305765,-300499.63470716064,1.1656079236418009,-300496.76317035547,-300498.5902901618
S3-9.4,intermediate,[H]O[C@@]1([H])C([H])([H])N(C(=O)[C-:91]([H])[C:92]([H])([H])[S:93]C([H])([H])[H])C([H])([H])C1([H])[H],-1,-0.45221415,-0.114820965,-64.79821447934837,120.10173282484158,0.029060744,0.027989618,0.028525181,-0.022575378,0.38956818,0.1834964,-575491.9406374488,1.9860211052000523,-575486.1384713044,-575487.3099050252
S3-9.4,product,[H]O[C@@]1([H])C([H])([H])N(C(=O)[C:91]([H])([H])[C:92]([H])([H])[S:93]C([H])([H])[H])C([H])([H])C1([H])[H],0,-0.13491574,-0.11519619,-196.328350540119,31.377169000119622,-0.005336724,-0.018072806,-0.011704765,0.05015762,0.031633273,0.040895447,-575864.180104708,1.702687693759799,-575861.4366754919,-575862.7029971189
S3-9.5,reactant,[H]O[C@@]1([H])C([H])([H])N(C(=O)[C:91]([H])=[C:92]([H])[H])C([H])([H])C1([H])[H],0,-0.14856602,-0.29018858,-214.43569461638077,26.812482456975328,0.24416432,0.13575445,0.18995938,0.13890265,0.01985678,0.079379715,-300501.19624336297,3.692186491563916,-300497.8520349404,-300499.36150889774
S3-9.5,intermediate,[H]O[C@@]1([H])C([H])([H])N(C(=O)[C-:91]([H])[C:92]([H])([H])[S:93]C([H])([H])[H])C([H])([H])C1([H])[H],-1,-0.42555085,-0.113533735,-64.66381678116599,121.84526838502927,0.0034467727,0.017136358,0.010291565,0.0030212104,0.39876541,0.20089331,-575492.6131863754,3.312759568914771,-575481.9384450024,-575483.8806489203
S3-9.5,product,[H]O[C@@]1([H])C([H])([H])N(C(=O)[C:91]([H])([H])[C:92]([H])([H])[S:93]C([H])([H])[H])C([H])([H])C1([H])[H],0,-0.12956804,-0.121352695,-199.68137225591738,29.660708883418845,-0.01929029,-0.012078993,-0.015684642,0.055626005,0.03248156,0.04405378,-575865.5470105668,3.181745598092675,-575861.5394461778,-575863.5591693321
S3-11.1,reactant,[H]N(C(=O)[C:91]([H])=[C:92]([H])[H])C([H])([H])[H],0,-0.14908141,-0.27903488,-237.7977053798879,40.58548953261736,0.32474187,0.21392536,0.2693336,0.20554799,0.039716303,0.122632146,-179968.46634752164,0.4120496138930321,-179967.55177693168,-179967.91933464745
S3-11.1,intermediate,[H]N(C(=O)[C-:91]([H])[C:92]([H])([H])[S:93]C([H])([H])[H])C([H])([H])[H],-1,-0.4663258,-0.09660766,-62.72514811591756,137.7494857059267,-0.044222064,0.0017993599,-0.021211352,0.031806976,0.40026703,0.216037,-454955.3859191581,1.663121173158288,-454951.0613403723,-454951.6548045213
S3-11.1,product,[H]N(C(=O)[C:91]([H])([H])[C:92]([H])([H])[S:93]C([H])([H])[H])C([H])([H])[H],0,-0.13722995,-0.0993283,-212.29167127219674,41.42459411161811,0.015547134,0.0033242255,0.00943568,0.121872276,0.02804242,0.07495735,-455333.51836482214,1.358213922008872,-455331.7346771481,-455332.6534840243
S3-13.1,reactant,[H]C([H])([H])N1C(=O)[C:91]([H])=[C:92]([H])C1([H])[H],0,-0.18491125,-0.16429394,-222.2160590191529,38.2339216571479,0.23010778,0.12376772,0.17693776,0.17997274,0.032253146,0.10611294,-203900.66108926653,0.3409636318683624,-203899.0445483065,-203899.84491159115
S3-13.1,intermediate,[H]C([H])([H])N1C(=O)[C-:91]([H])[C:92]([H])([S:93]C([H])([H])[H])C1([H])[H],-1,-0.22439577,-0.1441273,-81.05168727454544,107.31634856722681,0.14605372,0.046056196,0.09605496,0.16817327,0.01564172,0.091907494,-478893.9748943066,2.5552308578044176,-478884.0566258594,-478885.56902374147
S3-13.1,product,[H]C([H])([H])N1C(=O)[C:91]([H])([H])[C:92]([H])([S:93]C([H])([H])[H])C1([H])[H],0,-0.15233289,-0.03263039,-210.00876836242537,36.74055342997897,-0.03227425,-0.018019944,-0.025147097,0.04755521,0.010976136,0.029265672,-479262.7821372086,1.5059848558157682,-479258.4519695869,-479261.3633599025
S3-12.1,reactant,[H]c1c([H])c(OC([H])([H])[H])c([H])c(C([H])([H])N([H])C(=O)[C:91]([H])=[C:92]([H])[H])c1[H],0,-0.16223928,-0.28000584,-196.67602342217657,14.34102652439977,0.15831247,0.07976389,0.11903818,0.06993109,-0.012761727,0.028584681,-396972.84168897965,3.9411118142306805,-396968.51992044324,-396971.47095030337
S3-12.1,intermediate,[H]c1c([H])c(OC([H])([H])[H])c([H])c(C([H])([H])N([H])C(=O)[C-:91]([H])[C:92]([H])([H])[S:93]C([H])([H])[H])c1[H],-1,-0.55847627,-0.116711944,-74.00253973378405,98.80021961205918,0.024791732,0.023671217,0.024231475,-0.029769957,0.5071432,0.23868664,-671968.332177698,3.7260952927172184,-671958.2534505418,-671962.2843519722
S3-12.1,product,[H]c1c([H])c(OC([H])([H])[H])c([H])c(C([H])([H])N([H])C(=O)[C:91]([H])([H])[C:92]([H])([H])[S:93]C([H])([H])[H])c1[H],0,-0.13583499,-0.1052846,-184.83115016456773,12.484220077655975,-0.03844157,-0.043837592,-0.04113958,0.058385834,0.0016159862,0.03000091,-672338.1849792597,2.8295729253441095,-672333.2772704265,-672336.8004825086
S3-12.2,reactant,[H]c1c([H])c(OC([H])([H])[H])c([H])c(C([H])([H])N([H])C(=O)[C:91]([H])=[C:92]([H])[H])c1[H],0,-0.16219467,-0.28008094,-196.66917626052975,14.344066687009853,0.15784207,0.07972069,0.11878138,0.06997287,-0.012813896,0.028579488,-396972.84191816725,2.7945140171796083,-396968.90499038686,-396971.6211074145
S3-12.2,intermediate,[H]c1c([H])c(OC([H])([H])[H])c([H])c(C([H])([H])N([H])C(=O)[C-:91]([H])[C:92]([H])([H])[S:93]C([H])([H])[H])c1[H],-1,-0.51388425,-0.11138374,-69.01536195605574,99.98421546987322,0.023949929,0.028646223,0.026298076,0.0053992867,0.4232616,0.21433045,-671961.9546061546,3.6836234852671623,-671953.3157790046,-671956.3812164352
S3-12.2,product,[H]c1c([H])c(OC([H])([H])[H])c([H])c(C([H])([H])N([H])C(=O)[C:91]([H])([H])[C:92]([H])([H])[S:93]C([H])([H])[H])c1[H],0,-0.14763305,-0.12123617,-183.44516162301096,14.806349078027457,-0.010658272,-0.020788886,-0.015723579,0.025582656,0.0018297285,0.013706192,-672340.2341996959,8.564965073019266,-672333.4566026665,-672336.0451791408
S3-12.3,reactant,[H]c1c([H])c(OC([H])([H])[H])c([H])c(C([H])([H])N([H])C(=O)[C:91]([H])=[C:92]([H])[H])c1[H],0,-0.16081871,-0.28452045,-199.26618058390682,13.213329022035152,0.120330185,0.05898729,0.08965874,0.026714563,-0.011416987,0.0076487884,-396971.5212575389,2.898968018591404,-396966.9846230592,-396970.1628403071
S3-12.3,intermediate,[H]c1c([H])c(OC([H])([H])[H])c([H])c(C([H])([H])N([H])C(=O)[C-:91]([H])[C:92]([H])([H])[S:93]C([H])([H])[H])c1[H],-1,-0.51130056,-0.12241644,-69.33536026288259,102.82253636282995,0.028780416,0.03225667,0.030518543,-0.031175077,0.43296856,0.20089674,-671966.718144927,3.54016050696373,-671958.097263349,-671961.947191622
S3-12.3,product,[H]c1c([H])c(OC([H])([H])[H])c([H])c(C([H])([H])N([H])C(=O)[C:91]([H])([H])[C:92]([H])([H])[S:93]C([H])([H])[H])c1[H],0,-0.14714195,-0.11997615,-183.5237079332057,15.174244550486858,-0.0056365132,-0.022548169,-0.014092341,0.046253785,0.014264941,0.030259363,-672338.4098757663,4.843284294009209,-672333.3317423898,-672336.4919909999
S3-12.4,reactant,[H]c1c([H])c(OC([H])([H])[H])c([H])c(C([H])([H])N([H])C(=O)[C:91]([H])=[C:92]([H])[H])c1[H],0,-0.16089457,-0.28397793,-198.1507709719244,12.614088875815805,0.12278953,0.057514876,0.090152204,0.026933819,-0.012525499,0.00720416,-396971.491624825,1.793878449127078,-396967.3115894867,-396970.18910954153
S3-12.4,intermediate,[H]c1c([H])c(OC([H])([H])[H])c([H])c(C([H])([H])N([H])C(=O)[C-:91]([H])[C:92]([H])([H])[S:93]C([H])([H])[H])c1[H],-1,-0.5473785,-0.11634401,-72.79790554261808,99.62434820603343,0.028916322,0.024791136,0.026853729,-0.018182814,0.4855847,0.23370095,-671965.9269897436,2.3362285252660513,-671957.8398340592,-671961.6141571024
S3-12.4,product,[H]c1c([H])c(OC([H])([H])[H])c([H])c(C([H])([H])N([H])C(=O)[C:91]([H])([H])[C:92]([H])([H])[S:93]C([H])([H])[H])c1[H],0,-0.13717762,-0.10682322,-184.6001366342584,12.843728795650398,-0.036991782,-0.042466044,-0.039728913,0.061410964,0.0034056455,0.032408305,-672338.0525230644,5.024393670260906,-672333.1494657862,-672336.4127217222
S3-12.5,reactant,[H]c1c([H])c(OC([H])([H])[H])c([H])c(C([H])([H])N([H])C(=O)[C:91]([H])=[C:92]([H])[H])c1[H],0,-0.16099705,-0.2840407,-198.18402328098506,12.585407463503103,0.122222304,0.057570845,0.089896575,0.026925802,-0.012464657,0.0072305724,-396971.49572382245,1.7844324577599764,-396968.0291167659,-396970.19344091613
S3-12.5,intermediate,[H]c1c([H])c(OC([H])([H])[H])c([H])c(C([H])([H])N([H])C(=O)[C-:91]([H])[C:92]([H])([H])[S:93]C([H])([H])[H])c1[H],-1,-0.5036881,-0.1227554,-70.44182367561793,102.17859214340092,0.021357737,0.038322486,0.029840112,-0.017864257,0.43060958,0.20637266,-671965.1202840895,4.642688741907477,-671957.1603584087,-671960.2047767735
S3-12.5,product,[H]c1c([H])c(OC([H])([H])[H])c([H])c(C([H])([H])N([H])C(=O)[C:91]([H])([H])[C:92]([H])([H])[S:93]C([H])([H])[H])c1[H],0,-0.14338513,-0.12215905,-185.24626563660848,14.38434030787573,-0.028388038,-0.029038653,-0.028713346,0.039382175,0.0066128224,0.022997499,-672339.5329234191,2.032683651894331,-672335.3230644622,-672337.9922495227
S3-12.6,reactant,[H]c1c([H])c(OC([H])([H])[H])c([H])c(C([H])([H])N([H])C(=O)[C:91]([H])=[C:92]([H])[H])c1[H],0,-0.1584199,-0.28238186,-199.3828353233425,12.357187060570704,0.12595433,0.0561319,0.091043115,0.038058326,-0.010539725,0.0137593,-396972.60330504086,0.9018781296908855,-396968.5921169747,-396971.39847844583
S3-12.6,intermediate,[H]c1c([H])c(OC([H])([H])[H])c([H])c(C([H])([H])N([H])C(=O)[C-:91]([H])[C:92]([H])([H])[S:93]C([H])([H])[H])c1[H],-1,-0.5561759,-0.11488448,-73.53191878771383,99.01360530888168,0.027184531,0.022375159,0.024779845,-0.021463156,0.50177854,0.2401577,-671966.29254526,3.3754350002855062,-671957.6993650818,-671961.0397618153
S3-12.6,product,[H]c1c([H])c(OC([H])([H])[H])c([H])c(C([H])([H])N([H])C(=O)[C:91]([H])([H])[C:92]([H])([H])[S:93]C([H])([H])[H])c1[H],0,-0.13674931,-0.10347244,-186.0256368698865,13.21265903410396,-0.041107967,-0.04874663,-0.0449273,0.06781821,0.0049553066,0.036386758,-672339.5359746357,3.481490708887577,-672334.4642655578,-672337.8108652941
S3-12.7,reactant,[H]c1c([H])c(OC([H])([H])[H])c([H])c(C([H])([H])N([H])C(=O)[C:91]([H])=[C:92]([H])[H])c1[H],0,-0.16204257,-0.2800528,-196.6839525975388,14.303490625525702,0.15706638,0.07991497,0.11849067,0.07173428,-0.012602225,0.029566027,-396972.8240023642,2.3530267532914877,-396969.5523079607,-396971.758436612
S3-12.7,intermediate,[H]c1c([H])c(OC([H])([H])[H])c([H])c(C([H])([H])N([H])C(=O)[C-:91]([H])[C:92]([H])([H])[S:93]C([H])([H])[H])c1[H],-1,-0.5135205,-0.118984155,-70.51730838573982,103.65864937006042,0.0012982488,0.03447081,0.01788453,-0.005889356,0.38293803,0.18852434,-671969.6379467725,2.4137525279074907,-671958.0564753287,-671961.2849790197
S3-12.7,product,[H]c1c([H])c(OC([H])([H])[H])c([H])c(C([H])([H])N([H])C(=O)[C:91]([H])([H])[C:92]([H])([H])[S:93]C([H])([H])[H])c1[H],0,-0.13760756,-0.10520058,-183.9049288517615,13.09846246864226,-0.03757178,-0.04311619,-0.040343985,0.067903176,0.006391421,0.0371473,-672338.0766658607,1.986501831561327,-672333.6557861994,-672336.7601441315
S3-12.8,reactant,[H]c1c([H])c(OC([H])([H])[H])c([H])c(C([H])([H])N([H])C(=O)[C:91]([H])=[C:92]([H])[H])c1[H],0,-0.16102687,-0.28443274,-199.2856338050448,13.2954733815467,0.121294916,0.058576822,0.08993587,0.026195675,-0.011274487,0.007460594,-396971.5203067513,3.3876385372132063,-396967.47110153775,-396969.8140422033
S3-12.8,intermediate,[H]c1c([H])c(OC([H])([H])[H])c([H])c(C([H])([H])N([H])C(=O)[C-:91]([H])[C:92]([H])([H])[S:93]C([H])([H])[H])c1[H],-1,-0.54549,-0.11878567,-74.92434976808715,100.13316254527867,-1.3016164e-05,0.025230877,0.0126089305,-0.026005328,0.46551377,0.21975422,-671964.573167147,3.577204342931509,-671952.6666922774,-671955.4863280096
S3-12.8,product,[H]c1c([H])c(OC([H])([H])[H])c([H])c(C([H])([H])N([H])C(=O)[C:91]([H])([H])[C:92]([H])([H])[S:93]C([H])([H])[H])c1[H],0,-0.14429668,-0.12387304,-186.83617446213927,13.304207188408506,-0.017816901,-0.021650985,-0.019733943,0.019405842,-0.00019973516,0.009603053,-672338.3031325189,2.721412308514118,-672332.1020826037,-672335.8529665808
S3-12.9,reactant,[H]c1c([H])c(OC([H])([H])[H])c([H])c(C([H])([H])N([H])C(=O)[C:91]([H])=[C:92]([H])[H])c1[H],0,-0.16083825,-0.28459394,-199.22798022939332,13.183644937211827,0.1206727,0.05917968,0.08992619,0.027568296,-0.011463955,0.00805217,-396971.5172021517,3.1550880316644907,-396966.7314614451,-396970.05044399534
S3-12.9,intermediate,[H]c1c([H])c(OC([H])([H])[H])c([H])c(C([H])([H])N([H])C(=O)[C-:91]([H])[C:92]([H])([H])[S:93]C([H])([H])[H])c1[H],-1,-0.5329784,-0.112650245,-70.32435939152704,101.98446549160812,0.01613012,0.038556367,0.027343243,-0.030570865,0.42658478,0.19800696,-671964.3406382969,3.178941287100315,-671952.3465704056,-671955.7959840107
S3-12.9,product,[H]c1c([H])c(OC([H])([H])[H])c([H])c(C([H])([H])N([H])C(=O)[C:91]([H])([H])[C:92]([H])([H])[S:93]C([H])([H])[H])c1[H],0,-0.13898794,-0.1128051,-185.0443445007574,12.639349412418257,-0.028409041,-0.034007266,-0.031208154,0.0510218,0.011655733,0.031338766,-672337.6149716387,2.831015009433031,-672331.7927871327,-672335.2026785513
S3-12.10,reactant,[H]c1c([H])c(OC([H])([H])[H])c([H])c(C([H])([H])N([H])C(=O)[C:91]([H])=[C:92]([H])[H])c1[H],0,-0.16141494,-0.2837654,-198.17663122182236,12.580050357911293,0.12240845,0.05717948,0.089793965,0.026690736,-0.012164101,0.0072633177,-396971.501286766,1.972061850130558,-396966.7030596134,-396970.1736911536
S3-12.10,intermediate,[H]c1c([H])c(OC([H])([H])[H])c([H])c(C([H])([H])N([H])C(=O)[C-:91]([H])[C:92]([H])([H])[S:93]C([H])([H])[H])c1[H],-1,-0.52423453,-0.11714874,-70.23525614012254,104.85733217697845,-0.0070836693,0.02794233,0.01042933,-0.0096187,0.41070592,0.20054361,-671966.6698551313,2.5613976027816534,-671954.8508018424,-671958.1464780292
S3-12.10,product,[H]c1c([H])c(OC([H])([H])[H])c([H])c(C([H])([H])N([H])C(=O)[C:91]([H])([H])[C:92]([H])([H])[S:93]C([H])([H])[H])c1[H],0,-0.13925749,-0.11309687,-185.18737353365407,12.516944294300366,-0.02859699,-0.033548184,-0.031072587,0.053104192,0.012573615,0.032838903,-672337.6919543714,3.3803732860833406,-672331.9748347522,-672335.2160346865
S3-14.1,reactant,[H]C1([H])N(C(=O)[C:91]([H])=[C:92]([H])[H])C([H])([H])C([H])([H])C([H])([H])C1([H])[H],0,-0.15080075,-0.28907996,-217.0421616497583,27.236401254588607,0.18706322,0.09720248,0.14213285,0.1704791,0.041950405,0.106214754,-277950.18283639976,0.9318652264773846,-277947.4173837079,-277948.87464083836
S3-14.1,intermediate,[H]C1([H])N(C(=O)[C-:91]([H])[C:92]([H])([H])[S:93]C([H])([H])[H])C([H])([H])C([H])([H])C([H])([H])C1([H])[H],-1,-0.45873666,-0.10872669,-61.69914055312199,123.03713973843166,0.012069508,0.01703702,0.014553264,-0.032431602,0.36699456,0.16728148,-552942.3677390709,1.9272169079631567,-552933.8478280667,-552936.4263927239
S3-14.1,product,[H]C1([H])N(C(=O)[C:91]([H])([H])[C:92]([H])([H])[S:93]C([H])([H])[H])C([H])([H])C([H])([H])C([H])([H])C1([H])[H],0,-0.1387677,-0.11326643,-198.5703704358124,33.884539382911605,0.0009690821,-0.025831945,-0.012431432,0.06581123,0.03776452,0.051787876,-553316.9937482553,1.3532207068055868,-553313.3185036001,-553315.5876555754
S3-14.2,reactant,[H]C1([H])N(C(=O)[C:91]([H])=[C:92]([H])[H])C([H])([H])C([H])([H])C([H])([H])C1([H])[H],0,-0.1490808,-0.2891611,-216.25652898559377,29.396181925607987,0.30203998,0.13101982,0.2165299,0.13649024,0.008717477,0.07260386,-277952.13726524235,1.1553153302520514,-277949.19536143576,-277950.7060120862
S3-14.2,intermediate,[H]C1([H])N(C(=O)[C-:91]([H])[C:92]([H])([H])[S:93]C([H])([H])[H])C([H])([H])C([H])([H])C([H])([H])C1([H])[H],-1,-0.45557353,-0.1094599,-60.61365436419295,123.34439816049894,0.0022656024,0.01630503,0.009285316,-0.044671834,0.3587195,0.15702383,-552941.9647966159,3.1385313887149096,-552933.7976266028,-552936.0996683585
S3-14.2,product,[H]C1([H])N(C(=O)[C:91]([H])([H])[C:92]([H])([H])[S:93]C([H])([H])[H])C([H])([H])C([H])([H])C([H])([H])C1([H])[H],0,-0.13600422,-0.113437444,-197.02604529682293,33.233423955379926,-0.008261882,-0.021322206,-0.014792044,0.04689674,0.028629996,0.03776337,-553317.0413578186,1.8948282971978188,-553313.5020589608,-553315.4676469899
S3-15.1,reactant,[H]c1c([H])c([H])c(N([H])C(=O)[C:91](C([H])([H])[H])=[C:92]([H])[H])c([H])c1[H],0,0.012225265,-0.32218942,-199.23137282459254,12.786635100567285,0.14570186,0.116957694,0.13132977,0.014008398,-0.048497245,-0.017244423,-325064.192312283,0.9210361987352371,-325062.1727674623,-325063.4250923135
S3-15.1,intermediate,[H]c1c([H])c([H])c(N([H])C(=O)[C-:91](C([H])([H])[H])[C:92]([H])([H])[S:93]C([H])([H])[H])c([H])c1[H],-1,-0.31316012,-0.13028002,-60.3913098010008,109.77530794292333,0.014644235,0.025093183,0.01986871,-0.07783355,0.33866093,0.13041368,-600060.6274811124,3.328370800241828,-600055.0782811748,-600057.37377435
S3-15.1,product,[H]c1c([H])c([H])c(N([H])C(=O)[C:91]([H])(C([H])([H])[H])[C:92]([H])([H])[S:93]C([H])([H])[H])c([H])c1[H],0,-0.0780314,-0.10951501,-190.94658402273606,16.74078971656791,-0.035156168,-0.0358779,-0.035517033,0.022380695,-0.0030599013,0.009660397,-600427.0484460283,1.6159133668988943,-600423.2319626823,-600425.8327426788
S3-16.1,reactant,[H]c1c([H])c([H])c(N([H])C(=O)/[C:91]([H])=[C:92](\[H])C([H])([H])[H])c([H])c1[H],0,-0.16874401,-0.09958847,-198.18022501852127,13.46130232364004,0.0889613,0.017191805,0.053076554,0.053641424,-0.008702233,0.022469595,-325063.28376937076,1.1807637177407742,-325060.35595897137,-325062.3360510183
S3-16.1,intermediate,[H]c1c([H])c([H])c(N([H])C(=O)[C-:91]([H])[C:92]([H])(C([H])([H])[H])[S:93]C([H])([H])[H])c([H])c1[H],-1,-0.47745866,0.018072465,-67.27050161711313,111.70831563954255,-0.021842962,0.00728702,-0.007277971,-0.022564858,0.29907292,0.13825403,-600060.5508728216,4.300903191789985,-600052.8024008921,-600054.9559524404
S3-16.1,product,[H]c1c([H])c([H])c(N([H])C(=O)[C:91]([H])([H])[C:92]([H])(C([H])([H])[H])[S:93]C([H])([H])[H])c([H])c1[H],0,-0.14421171,-0.03327289,-188.10481540705118,18.567127959438693,-0.036208484,-0.037667643,-0.036938064,0.016321018,0.0071416944,0.011731356,-600428.2431696187,1.3907734006643295,-600423.7316826454,-600426.3477724699
S3-23.1,reactant,[H]N(C(=O)/[C:91]([H])=[C:92](\[H])C([H])([H])[N+]([H])(C([H])([H])[H])C([H])([H])[H])C([H])([H])[H],1,-0.13883567,-0.070973285,-298.09587626455556,-69.32254670192992,0.2952817,0.080845535,0.18806362,0.12903973,0.04967311,0.08935642,-289010.9512945181,1.8464189674705267,-289006.24365627184,-289008.68315405597
S3-23.1,intermediate,[H]N(C(=O)[C-:91]([H])[C:92]([H])(C([H])([H])[N+]([H])(C([H])([H])[H])C([H])([H])[H])[S:93]C([H])([H])[H])C([H])([H])[H],0,-0.17411938,-0.087272905,-188.6859278057797,12.864745685025484,0.11163763,0.07273722,0.09218742,0.17372897,0.013751417,0.093740195,-564120.9572639755,7.125932727009058,-564074.0470582619,-564077.6312169273
S3-23.1,product,[H]N(C(=O)[C:91]([H])([H])[C:92]([H])(C([H])([H])[N+]([H])(C([H])([H])[H])C([H])([H])[H])[S:93]C([H])([H])[H])C([H])([H])[H],1,-0.114996545,-0.014380405,-276.12931133575177,-57.64365159826442,0.099293105,-0.0040190686,0.047637016,0.06121426,0.014229193,0.037721727,-564391.4628835776,1.5665958225727081,-564387.0220806141,-564389.6833451017
S3-23.2,reactant,[H]N(C(=O)/[C:91]([H])=[C:92](\[H])C([H])([H])[N+]([H])(C([H])([H])[H])C([H])([H])[H])C([H])([H])[H],1,-0.12832904,-0.1048578,-297.53230184185537,-67.16861931089892,0.19393447,0.063103616,0.12851904,0.18949836,0.07275911,0.13112873,-289007.2880072086,3.0820883344858885,-289003.2966530966,-289004.5682906432
S3-23.2,intermediate,[H]N(C(=O)[C-:91]([H])[C:92]([H])(C([H])([H])[N+]([H])(C([H])([H])[H])C([H])([H])[H])[S:93]C([H])([H])[H])C([H])([H])[H],0,-0.18994233,-0.07692817,-193.258184809311,14.751202070563721,0.14912838,0.08520767,0.117168024,0.13270864,0.014144361,0.0734265,-564123.3882825723,3.7232866510748863,-564097.4889851634,-564099.7346456201
S3-23.2,product,[H]N(C(=O)[C:91]([H])([H])[C:92]([H])(C([H])([H])[N+]([H])(C([H])([H])[H])C([H])([H])[H])[S:93]C([H])([H])[H])C([H])([H])[H],1,-0.122269295,-0.01215796,-279.5643586538721,-53.99184804623134,0.029417867,-0.035177305,-0.0028797183,0.059680127,0.023092307,0.041386217,-564382.4758141256,2.711743764579296,-564377.4361384575,-564379.4595582032
S3-23.3,reactant,[H]N(C(=O)/[C:91]([H])=[C:92](\[H])C([H])([H])[N+]([H])(C([H])([H])[H])C([H])([H])[H])C([H])([H])[H],1,-0.13461863,-0.10133886,-298.6032132662953,-67.54277585627001,0.18181142,0.054631647,0.11822154,0.21110864,0.07758218,0.14434542,-289006.97952732217,2.3360798731446266,-289002.7203468813,-289004.83126821776
S3-23.3,intermediate,[H]N(C(=O)[C-:91]([H])[C:92]([H])(C([H])([H])[N+]([H])(C([H])([H])[H])C([H])([H])[H])[S:93]C([H])([H])[H])C([H])([H])[H],0,-0.28849104,0.01977717,-167.64401027744273,33.34242684487315,0.058629893,0.011033988,0.03483194,0.1065515,0.18337232,0.14496191,-564119.4068282525,3.418835110962391,-564113.9415603328,-564116.2831290757
S3-23.3,product,[H]N(C(=O)[C:91]([H])([H])[C:92]([H])(C([H])([H])[N+]([H])(C([H])([H])[H])C([H])([H])[H])[S:93]C([H])([H])[H])C([H])([H])[H],1,-0.11802252,-0.03281282,-282.786826712651,-57.90441200932132,0.07188491,0.0067033265,0.039294116,0.058748886,0.018711232,0.03873006,-564382.8735077854,4.346452733501792,-564376.5965063848,-564378.7291774818
S3-23.4,reactant,[H]N(C(=O)/[C:91]([H])=[C:92](\[H])C([H])([H])[N+]([H])(C([H])([H])[H])C([H])([H])[H])C([H])([H])[H],1,-0.12985463,-0.10486839,-297.3210106488871,-66.86559353376664,0.18912262,0.06283334,0.12597798,0.1905597,0.07341853,0.13198912,-289007.33535052376,3.8268806412816048,-289001.8622568113,-289004.5966765266
S3-23.4,intermediate,[H]N(C(=O)[C-:91]([H])[C:92]([H])(C([H])([H])[N+]([H])(C([H])([H])[H])C([H])([H])[H])[S:93]C([H])([H])[H])C([H])([H])[H],0,-0.2938959,0.017165875,-168.20835549753076,31.823961106105376,0.07325084,0.014905432,0.044078134,0.12574637,0.1884397,0.15709303,-564118.6874043985,2.216596430167556,-564113.6808032336,-564116.3359331423
S3-23.4,product,[H]N(C(=O)[C:91]([H])([H])[C:92]([H])(C([H])([H])[N+]([H])(C([H])([H])[H])C([H])([H])[H])[S:93]C([H])([H])[H])C([H])([H])[H],1,-0.11757944,-0.00997002,-278.25854577857405,-57.26808437130704,0.10569749,-0.005248395,0.050224546,0.057835527,0.016068496,0.03695201,-564390.8817114929,2.506802137941122,-564385.7498261967,-564388.6073537269
S3-23.5,reactant,[H]N(C(=O)/[C:91]([H])=[C:92](\[H])C([H])([H])[N+]([H])(C([H])([H])[H])C([H])([H])[H])C([H])([H])[H],1,-0.13898697,-0.07093199,-298.0743163033192,-69.26765003813462,0.29555407,0.08116319,0.18835863,0.12869394,0.049783565,0.08923875,-289010.95018723415,1.8228003587573767,-289005.9846672302,-289008.6399220854
S3-23.5,intermediate,[H]N(C(=O)[C-:91]([H])[C:92]([H])(C([H])([H])[N+]([H])(C([H])([H])[H])C([H])([H])[H])[S:93]C([H])([H])[H])C([H])([H])[H],0,-0.19436732,-0.09677341,-188.50098870122355,15.273707846652972,0.10291206,0.038370732,0.0706414,0.17709246,0.033816516,0.10545449,-564121.224672939,4.689106725156307,-564103.2439784881,-564104.7048696231
S3-23.5,product,[H]N(C(=O)[C:91]([H])([H])[C:92]([H])(C([H])([H])[N+]([H])(C([H])([H])[H])C([H])([H])[H])[S:93]C([H])([H])[H])C([H])([H])[H],1,-0.12128242,-0.012796949,-279.00998216294903,-56.187078302107615,0.037430603,-0.038432244,-0.0005008206,0.05842308,0.020574234,0.039498657,-564386.3409822083,1.6387949343770742,-564381.8667881103,-564383.9962756254
S3-22.1,reactant,[H]N(C(=O)/[C:91]([H])=[C:92](\[H])C([H])([H])[N+]1([H])C([H])([H])C([H])([H])C1([H])[H])C([H])([H])[H],1,-0.13280189,-0.10240342,-297.66638809770023,-71.16521168195112,0.17852546,0.0705923,0.12455888,0.12410253,0.025980882,0.07504171,-312922.68197367096,1.1865221448242664,-312919.1151560821,-312920.2168088918
S3-22.1,intermediate,[H]N(C(=O)[C-:91]([H])[C:92]([H])(C([H])([H])[N+]1([H])C([H])([H])C([H])([H])C1([H])[H])[S:93]C([H])([H])[H])C([H])([H])[H],0,-0.32260898,1.9222702e-05,-162.6063214983779,29.863442452052567,0.05857199,0.02634007,0.04245603,0.15688002,0.22774547,0.19231275,-588032.4755446839,2.4328628964722157,-588027.3877480027,-588029.5013804152
S3-22.1,product,[H]N(C(=O)[C:91]([H])([H])[C:92]([H])(C([H])([H])[N+]1([H])C([H])([H])C([H])([H])C1([H])[H])[S:93]C([H])([H])[H])C([H])([H])[H],1,-0.12844801,-0.025279088,-276.7610443834837,-60.12485894833742,0.02223946,-0.010970591,0.0056344345,0.046891823,0.020495817,0.03369382,-588297.8619787581,1.2586213760077953,-588292.8434634826,-588295.2705336738
S3-22.2,reactant,[H]N(C(=O)/[C:91]([H])=[C:92](\[H])C([H])([H])[N+]1([H])C([H])([H])C([H])([H])C1([H])[H])C([H])([H])[H],1,-0.15349443,-0.088954106,-293.4654614888008,-72.05776194857748,0.19155608,0.0880317,0.13979389,0.16534902,0.07411451,0.11973177,-312926.54679003335,2.697206350043416,-312922.51046276157,-312923.99984178954
S3-22.2,intermediate,[H]N(C(=O)[C-:91]([H])[C:92]([H])(C([H])([H])[N+]1([H])C([H])([H])C([H])([H])C1([H])[H])[S:93]C([H])([H])[H])C([H])([H])[H],0,-0.2923072,0.013091544,-164.8054633784046,27.70375693286071,0.06797811,0.02733889,0.047658496,0.1240468,0.1862528,0.1551498,-588033.4724592753,6.688425835222006,-587980.6219113179,-587982.8532974151
S3-22.2,product,[H]N(C(=O)[C:91]([H])([H])[C:92]([H])(C([H])([H])[N+]1([H])C([H])([H])C([H])([H])C1([H])[H])[S:93]C([H])([H])[H])C([H])([H])[H],1,-0.12473996,-0.023966786,-276.4051317515237,-60.27871327122863,0.035665747,-0.0049931966,0.015336275,0.05199881,0.018510751,0.03525478,-588296.4366677359,2.612882912158966,-588290.2788460368,-588292.6230924135
S3-22.3,reactant,[H]N(C(=O)/[C:91]([H])=[C:92](\[H])C([H])([H])[N+]1([H])C([H])([H])C([H])([H])C1([H])[H])C([H])([H])[H],1,-0.14060812,-0.08719978,-294.63519140081104,-75.183501454743,0.21818385,0.11552097,0.16685241,0.1274076,0.041493095,0.08445035,-312926.07287010434,2.442232420668006,-312921.0695131029,-312923.19739314244
S3-22.3,intermediate,[H]N(C(=O)[C-:91]([H])[C:92]([H])(C([H])([H])[N+]1([H])C([H])([H])C([H])([H])C1([H])[H])[S:93]C([H])([H])[H])C([H])([H])[H],0,-0.17846896,-0.081235304,-185.40442782129517,11.035047730970138,0.12650311,0.10678619,0.11664465,0.16941513,0.024285823,0.09685048,-588036.9295079459,3.771113883703947,-588015.6568097121,-588018.3816380204
S3-22.3,product,[H]N(C(=O)[C:91]([H])([H])[C:92]([H])(C([H])([H])[N+]1([H])C([H])([H])C([H])([H])C1([H])[H])[S:93]C([H])([H])[H])C([H])([H])[H],1,-0.13095354,-0.03267727,-272.15693890393476,-63.05672201093206,-0.012362465,0.0005681254,-0.00589717,0.02615574,0.018279307,0.022217523,-588293.6016893376,3.805966429412365,-588287.0425762503,-588289.8747286837
S3-22.4,reactant,[H]N(C(=O)/[C:91]([H])=[C:92](\[H])C([H])([H])[N+]1([H])C([H])([H])C([H])([H])C1([H])[H])C([H])([H])[H],1,-0.15013266,-0.08379419,-294.38804859683745,-72.0212893047266,0.21479155,0.10077112,0.15778133,0.12591511,0.05043342,0.08817427,-312926.04313012626,1.9107896089553833,-312921.634919534,-312923.35945950507
S3-22.4,intermediate,[H]N(C(=O)[C-:91]([H])[C:92]([H])(C([H])([H])[N+]1([H])C([H])([H])C([H])([H])C1([H])[H])[S:93]C([H])([H])[H])C([H])([H])[H],0,-0.29500112,0.01312759,-164.2450215513961,26.37755958596507,0.06947034,0.027032478,0.04825141,0.16422734,0.18727288,0.1757501,-588032.3857477688,2.0280652157962322,-588027.0558246901,-588029.1671430065
S3-22.4,product,[H]N(C(=O)[C:91]([H])([H])[C:92]([H])(C([H])([H])[N+]1([H])C([H])([H])C([H])([H])C1([H])[H])[S:93]C([H])([H])[H])C([H])([H])[H],1,-0.12845254,-0.025280287,-276.74592946835685,-60.13866705626817,0.021845417,-0.011078669,0.005383374,0.04722175,0.020735107,0.03397843,-588297.8550208969,1.3909588027745485,-588292.6292633688,-588295.3080827553
S3-22.5,reactant,[H]N(C(=O)/[C:91]([H])=[C:92](\[H])C([H])([H])[N+]1([H])C([H])([H])C([H])([H])C1([H])[H])C([H])([H])[H],1,-0.13274705,-0.102450445,-297.66478133809164,-71.17002492636698,0.17809404,0.070641614,0.12436783,0.12410709,0.025936231,0.07502166,-312922.68345377507,1.1971550602465868,-312918.5544079828,-312920.2623922061
S3-22.5,intermediate,[H]N(C(=O)[C-:91]([H])[C:92]([H])(C([H])([H])[N+]1([H])C([H])([H])C([H])([H])C1([H])[H])[S:93]C([H])([H])[H])C([H])([H])[H],0,-0.3277171,0.0020441723,-162.07335525129724,29.860666224826915,0.05545073,0.02472254,0.040086634,0.15680534,0.23438196,0.19559366,-588032.3560786321,2.087470857426524,-588026.9692028124,-588029.6345251865
S3-22.5,product,[H]N(C(=O)[C:91]([H])([H])[C:92]([H])(C([H])([H])[N+]1([H])C([H])([H])C([H])([H])C1([H])[H])[S:93]C([H])([H])[H])C([H])([H])[H],1,-0.120202444,-0.025955383,-273.9870749137507,-67.47536516530457,0.057806518,0.013332349,0.035569433,0.08245184,0.023526773,0.052989308,-588306.7289457333,1.7721789125353098,-588302.1846749001,-588304.4433136211
S3-22.6,reactant,[H]N(C(=O)/[C:91]([H])=[C:92](\[H])C([H])([H])[N+]1([H])C([H])([H])C([H])([H])C1([H])[H])C([H])([H])[H],1,-0.14990199,-0.08392744,-294.4180258620831,-72.0626486022364,0.21380357,0.10071057,0.15725707,0.12641543,0.050217286,0.08831636,-312926.03783103626,1.8680161405354738,-312921.96890509553,-312923.28004065104
S3-22.6,intermediate,[H]N(C(=O)[C-:91]([H])[C:92]([H])(C([H])([H])[N+]1([H])C([H])([H])C([H])([H])C1([H])[H])[S:93]C([H])([H])[H])C([H])([H])[H],0,-0.18223333,-0.0970551,-182.53630951576352,12.370613361006866,0.10885925,0.03702957,0.07294441,0.13330284,0.010916054,0.072109446,-588033.6351578478,2.015468942001462,-588016.798265249,-588020.8509653
S3-22.6,product,[H]N(C(=O)[C:91]([H])([H])[C:92]([H])(C([H])([H])[N+]1([H])C([H])([H])C([H])([H])C1([H])[H])[S:93]C([H])([H])[H])C([H])([H])[H],1,-0.12846,-0.0232152,-275.0787891442173,-63.33356238074707,0.031044766,-0.010416962,0.010313902,0.062613636,0.03127926,0.046946447,-588301.5840263682,1.758513443171978,-588296.5248449671,-588299.3615275774
S3-22.7,reactant,[H]N(C(=O)/[C:91]([H])=[C:92](\[H])C([H])([H])[N+]1([H])C([H])([H])C([H])([H])C1([H])[H])C([H])([H])[H],1,-0.13164987,-0.102618374,-297.63418914780357,-71.32459910831125,0.18324572,0.07164844,0.12744707,0.12160893,0.024221607,0.07291527,-312922.67490171525,1.1725268140435219,-312918.4993673211,-312920.3006261891
S3-22.7,intermediate,[H]N(C(=O)[C-:91]([H])[C:92]([H])(C([H])([H])[N+]1([H])C([H])([H])C([H])([H])C1([H])[H])[S:93]C([H])([H])[H])C([H])([H])[H],0,-0.31209448,-0.0037582128,-162.55388464482098,28.324549133369146,0.073763564,0.035571307,0.054667436,0.13116294,0.21484084,0.17300189,-588030.8954001383,2.355326969176531,-588024.0628421674,-588026.879198868
S3-22.7,product,[H]N(C(=O)[C:91]([H])([H])[C:92]([H])(C([H])([H])[N+]1([H])C([H])([H])C([H])([H])C1([H])[H])[S:93]C([H])([H])[H])C([H])([H])[H],1,-0.1235275,-0.03362914,-277.1875286745594,-65.95710555348252,0.027346808,-0.008980725,0.009183042,0.059522316,0.021030828,0.040276572,-588302.4244912817,3.647246425971389,-588295.2309379416,-588297.3132407899
S3-22.8,reactant,[H]N(C(=O)/[C:91]([H])=[C:92](\[H])C([H])([H])[N+]1([H])C([H])([H])C([H])([H])C1([H])[H])C([H])([H])[H],1,-0.14607693,-0.07508131,-295.7749464682468,-73.1767327151938,0.21185192,0.095006585,0.15342925,0.12715574,0.03329683,0.08022629,-312924.21040721505,1.6497242972254753,-312919.88603451406,-312921.7382502525
S3-22.8,intermediate,[H]N(C(=O)[C-:91]([H])[C:92]([H])(C([H])([H])[N+]1([H])C([H])([H])C([H])([H])C1([H])[H])[S:93]C([H])([H])[H])C([H])([H])[H],0,-0.18254344,-0.09843395,-183.71352949689933,12.078838249713314,0.121312805,0.06697234,0.09414257,0.16890217,0.022971734,0.095936954,-588034.325965273,4.495629411190748,-588019.1704204875,-588021.0466121322
S3-22.8,product,[H]N(C(=O)[C:91]([H])([H])[C:92]([H])(C([H])([H])[N+]1([H])C([H])([H])C([H])([H])C1([H])[H])[S:93]C([H])([H])[H])C([H])([H])[H],1,-0.12056045,-0.019933866,-276.02733599472776,-67.51622405069105,0.07447403,0.015264088,0.044869058,0.07653557,0.024864726,0.050700147,-588305.8212307193,2.0091729406267405,-588300.7847504026,-588303.3071209829
S3-22.9,reactant,[H]N(C(=O)/[C:91]([H])=[C:92](\[H])C([H])([H])[N+]1([H])C([H])([H])C([H])([H])C1([H])[H])C([H])([H])[H],1,-0.12788035,-0.11109708,-296.1906864890797,-73.5132584393967,0.17211573,0.0828145,0.12746511,0.18587537,0.062373683,0.12412453,-312922.5149137808,3.7894967012107372,-312918.0500332534,-312919.357338258
S3-22.9,intermediate,[H]N(C(=O)[C-:91]([H])[C:92]([H])(C([H])([H])[N+]1([H])C([H])([H])C([H])([H])C1([H])[H])[S:93]C([H])([H])[H])C([H])([H])[H],0,-0.41171613,-0.0050708354,-146.44627901346004,30.41975243607417,0.00256139,-0.0038692802,-0.00065394514,-0.011707574,0.27944964,0.13387102,-588006.8584809748,4.757553359493613,-587979.328597312,-587980.9994182494
S3-22.9,product,[H]N(C(=O)[C:91]([H])([H])[C:92]([H])(C([H])([H])[N+]1([H])C([H])([H])C([H])([H])C1([H])[H])[S:93]C([H])([H])[H])C([H])([H])[H],1,-0.12084916,-0.037128147,-277.00924958324026,-64.98982509646264,0.050368425,0.010066714,0.03021757,0.05674006,0.017233774,0.036986917,-588299.9902279102,4.666886173188686,-588293.7324418301,-588295.2953592578
S3-21.1,reactant,[H]N(C(=O)/[C:91]([H])=[C:92](\[H])C([H])([H])[N+]1([H])C([H])([H])C([H])([H])OC([H])([H])C1([H])[H])C([H])([H])[H],1,-0.120812066,-0.10848939,-291.3530676867572,-74.80389897431404,0.20939267,0.062786415,0.13608955,0.17583165,0.034868926,0.105350286,-384846.2962174619,2.8483252096921206,-384841.42349936184,-384844.02245744894
S3-21.1,intermediate,[H]N(C(=O)[C-:91]([H])[C:92]([H])(C([H])([H])[N+]1([H])C([H])([H])C([H])([H])OC([H])([H])C1([H])[H])[S:93]C([H])([H])[H])C([H])([H])[H],0,-0.29192463,0.010367074,-167.12583022094785,22.76186876090333,0.09943732,0.031376317,0.065406814,0.1441119,0.17895949,0.1615357,-659957.714508278,4.3073155377060175,-659952.34844049,-659954.8472222699
S3-21.1,product,[H]N(C(=O)[C:91]([H])([H])[C:92]([H])(C([H])([H])[N+]1([H])C([H])([H])C([H])([H])OC([H])([H])C1([H])[H])[S:93]C([H])([H])[H])C([H])([H])[H],1,-0.123636864,-0.011707164,-267.37481120157423,-59.362118752040196,0.057029806,-0.02078446,0.018122673,0.07198293,0.032589458,0.052286193,-660224.4973584231,1.2007127478718758,-660219.9897915606,-660221.9761837361
S3-21.2,reactant,[H]N(C(=O)/[C:91]([H])=[C:92](\[H])C([H])([H])[N+]1([H])C([H])([H])C([H])([H])OC([H])([H])C1([H])[H])C([H])([H])[H],1,-0.12332407,-0.09506944,-292.0997564547269,-70.44813280016311,0.20545897,0.046821732,0.12614036,0.15916213,0.0026131421,0.08088764,-384845.16661570105,1.2921636961400509,-384839.47989067016,-384842.81010946236
S3-21.2,intermediate,[H]N(C(=O)[C-:91]([H])[C:92]([H])(C([H])([H])[N+]1([H])C([H])([H])C([H])([H])OC([H])([H])C1([H])[H])[S:93]C([H])([H])[H])C([H])([H])[H],0,-0.18857718,-0.09570492,-181.67948050061025,8.582876581955944,0.11296853,0.030743353,0.07185594,0.16539213,0.027678251,0.09653519,-659960.5808744744,2.904323123395443,-659956.0583260084,-659958.4399962515
S3-21.2,product,[H]N(C(=O)[C:91]([H])([H])[C:92]([H])(C([H])([H])[N+]1([H])C([H])([H])C([H])([H])OC([H])([H])C1([H])[H])[S:93]C([H])([H])[H])C([H])([H])[H],1,-0.12804823,-0.033695024,-267.93734080746924,-62.819435417149855,0.024516996,-0.00030730292,0.012104847,0.042237014,0.030410342,0.036323678,-660222.5693595726,3.7799794282764196,-660216.2843335218,-660218.9727797956
S3-21.3,reactant,[H]N(C(=O)/[C:91]([H])=[C:92](\[H])C([H])([H])[N+]1([H])C([H])([H])C([H])([H])OC([H])([H])C1([H])[H])C([H])([H])[H],1,-0.1216096,-0.10606934,-289.795825183357,-70.31093403925844,0.15519224,0.051220648,0.10320644,0.19295374,0.033208072,0.113080904,-384848.01542414865,1.5501053873449564,-384842.82026973297,-384845.5646305995
S3-21.3,intermediate,[H]N(C(=O)[C-:91]([H])[C:92]([H])(C([H])([H])[N+]1([H])C([H])([H])C([H])([H])OC([H])([H])C1([H])[H])[S:93]C([H])([H])[H])C([H])([H])[H],0,-0.28126982,0.01744579,-164.97472342483206,26.01511838831885,0.08799953,0.028357247,0.058178388,0.11253852,0.14530785,0.12892318,-659958.2412261607,3.4803479984402657,-659951.8722572066,-659954.7186221667
S3-21.3,product,[H]N(C(=O)[C:91]([H])([H])[C:92]([H])(C([H])([H])[N+]1([H])C([H])([H])C([H])([H])OC([H])([H])C1([H])[H])[S:93]C([H])([H])[H])C([H])([H])[H],1,-0.11401796,-0.031591695,-270.4278389801255,-62.05064477658521,0.06757489,0.011613524,0.039594207,0.074933976,0.018530816,0.046732396,-660224.7834525476,3.6548483073711395,-660217.6865369446,-660221.3073772296
S3-21.4,reactant,[H]N(C(=O)/[C:91]([H])=[C:92](\[H])C([H])([H])[N+]1([H])C([H])([H])C([H])([H])OC([H])([H])C1([H])[H])C([H])([H])[H],1,-0.14421853,-0.076730266,-292.49813840807536,-72.85416962217104,0.27584362,0.067432225,0.17163791,0.16249853,0.051482692,0.10699061,-384854.11571053043,2.7378844376653433,-384848.0652690289,-384850.9456492986
S3-21.4,intermediate,[H]N(C(=O)[C-:91]([H])[C:92]([H])(C([H])([H])[N+]1([H])C([H])([H])C([H])([H])OC([H])([H])C1([H])[H])[S:93]C([H])([H])[H])C([H])([H])[H],0,-0.28910437,0.0123777315,-166.15551979734903,26.396291390519902,0.062304355,0.022679027,0.04249169,0.11739236,0.18870834,0.15305035,-659965.02301241,5.563144236803055,-659958.1907321817,-659961.23726476
S3-21.4,product,[H]N(C(=O)[C:91]([H])([H])[C:92]([H])(C([H])([H])[N+]1([H])C([H])([H])C([H])([H])OC([H])([H])C1([H])[H])[S:93]C([H])([H])[H])C([H])([H])[H],1,-0.12564878,-0.009082034,-268.402705632155,-66.49526101522794,0.020045804,-0.021886535,-0.00092036556,0.037799165,0.025337175,0.03156817,-660225.6265117462,2.6196759566664696,-660218.6774784996,-660221.946220274
S3-21.5,reactant,[H]N(C(=O)/[C:91]([H])=[C:92](\[H])C([H])([H])[N+]1([H])C([H])([H])C([H])([H])OC([H])([H])C1([H])[H])C([H])([H])[H],1,-0.124286324,-0.10164174,-289.3876696780564,-69.37337170167982,0.15266258,0.03591019,0.09428638,0.20739979,0.0370932,0.12224649,-384848.1071728531,1.643132746219635,-384843.1120633654,-384845.5275469712
S3-21.5,intermediate,[H]N(C(=O)[C-:91]([H])[C:92]([H])(C([H])([H])[N+]1([H])C([H])([H])C([H])([H])OC([H])([H])C1([H])[H])[S:93]C([H])([H])[H])C([H])([H])[H],0,-0.29016626,0.0132749975,-166.27147129939755,24.48983070167798,0.074001506,0.022852685,0.048427097,0.11090985,0.17217243,0.14154114,-659958.325040475,2.3566130995750427,-659952.1593482425,-659954.9828178419
S3-21.5,product,[H]N(C(=O)[C:91]([H])([H])[C:92]([H])(C([H])([H])[N+]1([H])C([H])([H])C([H])([H])OC([H])([H])C1([H])[H])[S:93]C([H])([H])[H])C([H])([H])[H],1,-0.1265473,-0.010225866,-268.6217098890467,-60.38893809660263,0.08843112,-0.0041753193,0.042127904,0.066292435,0.029397674,0.047845054,-660224.768313318,3.5971564017236233,-660219.0875055261,-660221.8788942938
S3-21.6,reactant,[H]N(C(=O)/[C:91]([H])=[C:92](\[H])C([H])([H])[N+]1([H])C([H])([H])C([H])([H])OC([H])([H])C1([H])[H])C([H])([H])[H],1,-0.123580664,-0.09660308,-290.98106063543514,-66.5607741618334,0.14891922,0.035337903,0.09212856,0.20854408,0.0068023354,0.107673205,-384848.2981604005,2.880317999050021,-384843.5344953385,-384845.52097504836
S3-21.6,intermediate,[H]N(C(=O)[C-:91]([H])[C:92]([H])(C([H])([H])[N+]1([H])C([H])([H])C([H])([H])OC([H])([H])C1([H])[H])[S:93]C([H])([H])[H])C([H])([H])[H],0,-0.29380023,0.013947953,-163.89062709912074,24.84794649206641,0.10801263,0.03661719,0.07231491,0.12646294,0.17833585,0.15239939,-659956.7293942306,2.7330380585044622,-659951.0983572172,-659953.538930793
S3-21.6,product,[H]N(C(=O)[C:91]([H])([H])[C:92]([H])(C([H])([H])[N+]1([H])C([H])([H])C([H])([H])OC([H])([H])C1([H])[H])[S:93]C([H])([H])[H])C([H])([H])[H],1,-0.13301377,-0.024705024,-267.8454077723891,-63.810300249442726,0.00156652,-0.022294125,-0.010363802,0.055617645,0.04324077,0.049429208,-660225.1430408222,2.824020627886057,-660217.7578309135,-660221.1391203072
S3-21.7,reactant,[H]N(C(=O)/[C:91]([H])=[C:92](\[H])C([H])([H])[N+]1([H])C([H])([H])C([H])([H])OC([H])([H])C1([H])[H])C([H])([H])[H],1,-0.14164345,-0.09974905,-284.64742135783433,-68.71670923092987,0.09472693,0.062004246,0.07836559,0.23155569,0.08963758,0.16059662,-384848.437060947,4.1196844056248665,-384843.4123106734,-384845.60200240277
S3-21.7,intermediate,[H]N(C(=O)[C-:91]([H])[C:92]([H])(C([H])([H])[N+]1([H])C([H])([H])C([H])([H])OC([H])([H])C1([H])[H])[S:93]C([H])([H])[H])C([H])([H])[H],0,-0.18865472,-0.0769737,-186.18569875382897,8.74818799650321,0.15617713,0.085388035,0.120782584,0.14986855,0.01678446,0.0833265,-659961.6819335266,4.194233879446983,-659955.2905033013,-659958.0893475406
S3-21.7,product,[H]N(C(=O)[C:91]([H])([H])[C:92]([H])(C([H])([H])[N+]1([H])C([H])([H])C([H])([H])OC([H])([H])C1([H])[H])[S:93]C([H])([H])[H])C([H])([H])[H],1,-0.12036776,-0.011748557,-268.87012653016865,-63.1073109297959,0.03979279,-0.032036148,0.0038783215,0.064108275,0.02226536,0.043186817,-660226.3315976048,2.794362273067236,-660219.8614233347,-660223.7364234338
S3-21.8,reactant,[H]N(C(=O)/[C:91]([H])=[C:92](\[H])C([H])([H])[N+]1([H])C([H])([H])C([H])([H])OC([H])([H])C1([H])[H])C([H])([H])[H],1,-0.13233596,-0.10593389,-289.0012193783373,-69.23377660205766,0.18374969,0.080153614,0.13195166,0.23056468,0.07752419,0.15404443,-384850.903017871,4.311954662203789,-384845.24168340466,-384847.69369134866
S3-21.8,intermediate,[H]N(C(=O)[C-:91]([H])[C:92]([H])(C([H])([H])[N+]1([H])C([H])([H])C([H])([H])OC([H])([H])C1([H])[H])[S:93]C([H])([H])[H])C([H])([H])[H],0,-0.1812547,-0.11413006,-182.5290225966546,10.136175418058388,0.14196324,0.061955277,0.10195926,0.14564447,0.0061156005,0.075880036,-659961.8980410105,5.876261638477445,-659954.7221182211,-659957.6892355474
S3-21.8,product,[H]N(C(=O)[C:91]([H])([H])[C:92]([H])(C([H])([H])[N+]1([H])C([H])([H])C([H])([H])OC([H])([H])C1([H])[H])[S:93]C([H])([H])[H])C([H])([H])[H],1,-0.10516241,-0.043973204,-270.7391559678176,-63.98043085874033,0.07366939,0.020292586,0.04698099,0.064985216,0.01543539,0.040210303,-660228.7771958006,1.4280029069632292,-660223.8495137478,-660226.198863497
S3-21.9,reactant,[H]N(C(=O)/[C:91]([H])=[C:92](\[H])C([H])([H])[N+]1([H])C([H])([H])C([H])([H])OC([H])([H])C1([H])[H])C([H])([H])[H],1,-0.14962378,-0.07005678,-289.55806064022215,-68.47982527806975,0.24825038,0.050281525,0.14926594,0.11597434,0.032367073,0.07417071,-384852.2335400283,1.5523779280483723,-384847.02398399875,-384849.7019975724
S3-21.9,intermediate,[H]N(C(=O)[C-:91]([H])[C:92]([H])(C([H])([H])[N+]1([H])C([H])([H])C([H])([H])OC([H])([H])C1([H])[H])[S:93]C([H])([H])[H])C([H])([H])[H],0,-0.15309672,-0.10697021,-155.82235827100993,8.294623232508155,0.063196875,-0.0106385425,0.026279166,0.1964129,0.005855307,0.10113411,-659930.4059024247,4.250420123338699,-659919.764004727,-659923.5220287096
S3-21.9,product,[H]N(C(=O)[C:91]([H])([H])[C:92]([H])(C([H])([H])[N+]1([H])C([H])([H])C([H])([H])OC([H])([H])C1([H])[H])[S:93]C([H])([H])[H])C([H])([H])[H],1,-0.123679265,-0.012009126,-267.37688152233187,-59.33035753042473,0.05746953,-0.020077359,0.018696085,0.07140908,0.03236872,0.051888898,-660224.5109821693,1.2977794334292412,-660219.3125739639,-660222.1778209504
S3-21.10,reactant,[H]N(C(=O)/[C:91]([H])=[C:92](\[H])C([H])([H])[N+]1([H])C([H])([H])C([H])([H])OC([H])([H])C1([H])[H])C([H])([H])[H],1,-0.12318321,-0.10856304,-290.9442357908356,-74.20180436949511,0.19837871,0.062679365,0.13052903,0.18117607,0.038119562,0.10964782,-384846.318159613,1.9791544750332832,-384841.3331097248,-384844.1294927273
S3-21.10,intermediate,[H]N(C(=O)[C-:91]([H])[C:92]([H])(C([H])([H])[N+]1([H])C([H])([H])C([H])([H])OC([H])([H])C1([H])[H])[S:93]C([H])([H])[H])C([H])([H])[H],0,-0.15953681,-0.09567049,-182.34016458479297,7.724744204620961,0.106127426,0.08110095,0.09361418,0.17469227,0.004468605,0.08958044,-659960.6572012013,7.586738850921392,-659906.5406924102,-659909.5116294726
S3-21.10,product,[H]N(C(=O)[C:91]([H])([H])[C:92]([H])(C([H])([H])[N+]1([H])C([H])([H])C([H])([H])OC([H])([H])C1([H])[H])[S:93]C([H])([H])[H])C([H])([H])[H],1,-0.11488838,-0.01800927,-265.91639914979504,-65.04033849388958,0.1026025,0.0085965255,0.05559951,0.0742377,0.019576587,0.04690714,-660229.3634490079,3.5395343881100416,-660223.8284180557,-660226.6176495195
S3-24.1,reactant,[H]N(C(=O)/[C:91]([H])=[C:92](\[H])C([H])([H])[H])C([H])([H])[H],0,-0.17799097,-0.087971225,-227.35783495201986,40.3030692190633,0.27227473,0.19748148,0.23487811,0.16154936,0.04982762,0.10568849,-204658.19198715448,0.6364722717553377,-204656.67518559433,-204657.55483429396
S3-24.1,intermediate,[H]N(C(=O)[C-:91]([H])[C:92]([H])(C([H])([H])[H])[S:93]C([H])([H])[H])C([H])([H])[H],-1,-0.4359451,0.018818526,-63.07488093897426,135.58943679023474,-0.012183856,0.008336313,-0.0019237716,-0.0027599335,0.33969057,0.16846532,-479646.0194654913,2.8040744587779045,-479640.36521639454,-479641.65277925367
S3-24.1,product,[H]N(C(=O)[C:91]([H])([H])[C:92]([H])(C([H])([H])[H])[S:93]C([H])([H])[H])C([H])([H])[H],0,-0.15223692,-0.030816602,-206.91776539910487,41.023574331459926,0.017109374,0.02101505,0.019062212,0.049939916,0.037547044,0.04374348,-480021.842852498,3.074726304039359,-480018.1110860699,-480018.97490055335
S3-25.1,reactant,[H]N(C(=O)/[C:91]([H])=[C:92](\[H])C([H])([H])C([H])([H])[H])C([H])([H])[H],0,-0.17099552,-0.106738426,-224.32855319016886,34.568830785094306,0.22706628,0.15467067,0.19086847,0.1588021,0.0594723,0.10913721,-229341.9340023355,1.2426563408225775,-229339.46463672354,-229340.99912800506
S3-25.1,intermediate,[H]N(C(=O)[C-:91]([H])[C:92]([H])(C([H])([H])C([H])([H])[H])[S:93]C([H])([H])[H])C([H])([H])[H],-1,-0.19636226,-0.09056125,-86.51546500076147,104.51568357431078,0.1310089,0.011030495,0.071019694,0.13647854,0.002197221,0.06933788,-504344.6103307085,3.6991680078208447,-504336.1667042817,-504338.29226936237
S3-25.1,product,[H]N(C(=O)[C:91]([H])([H])[C:92]([H])(C([H])([H])C([H])([H])[H])[S:93]C([H])([H])[H])C([H])([H])[H],0,-0.14037743,-0.030880213,-204.38218783945888,37.7326561114613,0.016950604,0.0130598955,0.0150052495,0.08361545,0.024798542,0.054206997,-504707.4420511643,2.4614168517291546,-504703.30489457294,-504706.0205321809
S3-25.2,reactant,[H]N(C(=O)/[C:91]([H])=[C:92](\[H])C([H])([H])C([H])([H])[H])C([H])([H])[H],0,-0.15972674,-0.09573483,-221.31791978334732,37.238052815536115,0.19595361,0.19711709,0.19653535,0.21338347,0.048590697,0.13098708,-229343.12720217975,1.003890274092555,-229339.80657088087,-229342.4311510087
S3-25.2,intermediate,[H]N(C(=O)[C-:91]([H])[C:92]([H])(C([H])([H])C([H])([H])[H])[S:93]C([H])([H])[H])C([H])([H])[H],-1,-0.14184959,-0.11285822,-86.61157647201048,102.53990826012163,0.0761545,0.00964994,0.04290222,0.17995115,-0.032472163,0.07373949,-504343.26287853974,2.725083274766803,-504337.2682671552,-504339.0516641814
S3-25.2,product,[H]N(C(=O)[C:91]([H])([H])[C:92]([H])(C([H])([H])C([H])([H])[H])[S:93]C([H])([H])[H])C([H])([H])[H],0,-0.14982899,-0.03401346,-205.3028853045039,37.935856548421,0.019171003,0.017545877,0.01835844,0.06791362,0.025088146,0.046500884,-504706.3727495109,2.2756207399070263,-504702.277589333,-504705.14803765365
S3-44.1,reactant,[H]N(C(=O)[C:91]1=[C:92]([H])C([H])([H])C1([H])[H])C([H])([H])[H],0,0.029298523,-0.2172792,-210.0245711863704,26.598386060623202,0.11052108,0.19283132,0.1516762,0.11553251,0.0562499,0.0858912,-228563.83762685495,0.35195841267704964,-228561.85619375363,-228563.11947240002
S3-44.1,intermediate,[H]N(C(=O)[C-:91]1C([H])([H])C([H])([H])[C:92]1([H])[S:93]C([H])([H])[H])C([H])([H])[H],-1,-0.2318008,-0.012837889,-56.855170762961976,129.89570186342644,0.019205967,-0.012993118,0.0031064246,-0.069294125,0.31920034,0.124953106,-503554.01878157846,2.455262502655387,-503550.5802615052,-503551.6631837811
S3-44.1,product,[H]N(C(=O)[C:91]1([H])C([H])([H])C([H])([H])[C:92]1([H])[S:93]C([H])([H])[H])C([H])([H])[H],0,-0.095654115,-0.07726518,-201.59639059866635,30.613892471778055,-0.008719884,0.046082642,0.018681379,0.05884351,0.041141987,0.049992748,-503929.740558303,2.670025698840618,-503924.4227337892,-503926.2298168334
S3-45.1,reactant,[H]N(C(=O)[C:91]1=[C:92]([H])C([H])([H])C([H])([H])C1([H])[H])C([H])([H])[H],0,0.029837927,-0.1793361,-214.54020483420794,34.197272952523804,0.21826753,0.15912119,0.18869436,0.08533263,-0.022445632,0.0314435,-253274.3070938508,0.993591109290719,-253271.71278763496,-253273.36908865627
S3-45.1,intermediate,[H]N(C(=O)[C-:91]1C([H])([H])C([H])([H])C([H])([H])[C:92]1([H])[S:93]C([H])([H])[H])C([H])([H])[H],-1,0.07036279,-0.15690571,-84.89493775609606,104.4388506664,0.10372859,0.019622147,0.06167537,0.15731812,-0.07411444,0.041601833,-528276.1892510824,3.4771857280284166,-528267.1640286891,-528268.9437327004
S3-45.1,product,[H]N(C(=O)[C:91]1([H])C([H])([H])C([H])([H])C([H])([H])[C:92]1([H])[S:93]C([H])([H])[H])C([H])([H])[H],0,-0.07961579,-0.047945306,-202.1372646994199,33.85023550107928,0.01241225,0.026353255,0.019382752,0.10645321,0.050254382,0.07835379,-528637.2065651144,2.441763687878847,-528633.9103920121,-528635.5456294445
