Name,RC,SMILES,charge,QCa,QCb,E_HOMO,E_LUMO,f_plus_Cb,f_minus_Cb,f_zero_Cb,f_plus_Ca,f_minus_Ca,f_zero_Ca,"E(opt, kcal/mol)","time(opt, sec)","E(rattled, kcal/mol)","E(initial, kcal/mol)"
S5-8.1,reactant,[H]c1c([H])c(N([H])C(=O)[C:91]([H])=[C:92]([H])[H])c([H])c([H])c1N([H])[H],0,-0.14971058,-0.28200856,-180.0416842587856,15.892097082764456,0.14929953,0.07616913,0.11273433,0.069494635,-0.013944969,0.027774833,-335137.59991052473,18.040335819125175,-335134.41816405486,-335136.31052276306
S5-8.1,intermediate,[H]c1c([H])c(N([H])C(=O)[C-:91]([H])[C:92]([H])([H])[S:93]C([H])([H])[H])c([H])c([H])c1N([H])[H],-1,-0.48691136,-0.11493647,-61.535719249190315,111.41646113108703,0.0013139695,0.023427434,0.012370702,-0.028022736,0.30240184,0.13718954,-610133.8266812372,20.598419884219766,-610127.9787130025,-610130.2037031786
S5-8.1,product,[H]c1c([H])c(N([H])C(=O)[C:91]([H])([H])[C:92]([H])([H])[S:93]C([H])([H])[H])c([H])c([H])c1N([H])[H],0,-0.13119237,-0.09954209,-176.77338433798985,20.609217365943334,-0.043560434,-0.054856785,-0.04920861,0.025982812,-0.008384988,0.008798912,-610502.5136858276,1.4889895673841238,-610499.1565015916,-610500.9712510739
S5-9.1,reactant,[H]c1c([H])c(N([H])C(=O)[C:91]([H])=[C:92]([H])[H])c([H])c([H])c1F,0,-0.15079287,-0.27639848,-201.87332458635296,8.630711969673401,0.11723149,0.06532712,0.091279306,0.043392703,0.0009251386,0.02215892,-362685.7016755774,1.107874970883131,-362682.9811773991,-362684.5818735102
S5-9.1,intermediate,[H]c1c([H])c(N([H])C(=O)[C-:91]([H])[C:92]([H])([H])[S:93]C([H])([H])[H])c([H])c([H])c1F,-1,-0.5067069,-0.11618111,-68.76336196263365,109.68353362615935,-0.02559983,0.022164077,-0.0017178766,-0.016349286,0.34136453,0.16250762,-637685.4321327375,1.6253352537751198,-637680.2852773778,-637682.2802695166
S5-9.1,product,[H]c1c([H])c(N([H])C(=O)[C:91]([H])([H])[C:92]([H])([H])[S:93]C([H])([H])[H])c([H])c([H])c1F,0,-0.13427895,-0.10628534,-192.8692966205478,14.743855219664402,-0.04596448,-0.0443084,-0.04513644,0.038447425,0.003482625,0.020965025,-638051.573319427,1.084885222837329,-638048.3030358328,-638050.4392685613
S5-12.1,reactant,[H]c1c([H])c([H])c(N([H])C(=O)[C:91]([H])=[C:92]([H])[H])c([H])c1[H],0,-0.14946179,-0.2789019,-202.53309449522976,12.047936860659247,0.13314882,0.0663818,0.09976531,0.060986087,0.0012108833,0.031098485,-300374.33709313796,0.8626957684755325,-300371.9567531463,-300373.4357625912
S5-12.1,intermediate,[H]c1c([H])c([H])c(N([H])C(=O)[C-:91]([H])[C:92]([H])([H])[S:93]C([H])([H])[H])c([H])c1[H],-1,-0.49732324,-0.110780396,-66.19070511592102,116.35854607524585,-0.032502554,0.020142302,-0.006180126,-0.0059535205,0.32871088,0.16137868,-575372.1436111714,1.651439379900694,-575366.8579549006,-575368.3483471103
S5-12.1,product,[H]c1c([H])c([H])c(N([H])C(=O)[C:91]([H])([H])[C:92]([H])([H])[S:93]C([H])([H])[H])c([H])c1[H],0,-0.14200549,-0.11883503,-190.6097957477737,19.263826171569605,-0.024030246,-0.022082657,-0.023056451,0.020522729,0.008082449,0.014302589,-575741.2709668245,1.6836285796016455,-575736.6688988539,-575739.2217238016
S5-11.1,reactant,[H]c1c([H])c([H])c(N(C(=O)[C:91]([H])=[C:92]([H])[H])C([H])([H])[H])c([H])c1[H],0,-0.16348112,-0.28810123,-197.9669418619261,14.52797196543393,0.16270927,0.10512221,0.13391574,0.059765488,-0.004217297,0.027774096,-325051.0662958333,2.2733282074332237,-325046.11088755704,-325048.60642320197
S5-11.1,intermediate,[H]c1c([H])c([H])c(N(C(=O)[C-:91]([H])[C:92]([H])([H])[S:93]C([H])([H])[H])C([H])([H])[H])c([H])c1[H],-1,-0.45487216,-0.10217103,-69.02300335778233,114.3989232675526,-0.008878961,0.0086044,-0.00013728067,-0.035347074,0.3469852,0.15581906,-600051.3758090003,2.427019726485014,-600044.7125515606,-600047.4103366989
S5-11.1,product,[H]c1c([H])c([H])c(N(C(=O)[C:91]([H])([H])[C:92]([H])([H])[S:93]C([H])([H])[H])C([H])([H])[H])c([H])c1[H],0,-0.14462021,-0.115323015,-187.99795357856183,21.712679519378444,-0.040733255,-0.034742065,-0.03773766,0.041264996,0.017150179,0.029207587,-600417.0382421385,1.8449549712240696,-600412.7728652036,-600415.2333068567
S5-11.2,reactant,[H]c1c([H])c([H])c(N(C(=O)[C:91]([H])=[C:92]([H])[H])C([H])([H])[H])c([H])c1[H],0,-0.12744972,-0.29485652,-204.10955856625048,11.799714322154674,0.15334287,0.124095455,0.13871917,0.10126379,0.00093619525,0.051099993,-325053.93132300104,2.0222242400050163,-325050.2848199441,-325052.18839000416
S5-11.2,intermediate,[H]c1c([H])c([H])c(N(C(=O)[C-:91]([H])[C:92]([H])([H])[S:93]C([H])([H])[H])C([H])([H])[H])c([H])c1[H],-1,-0.38916546,-0.109704636,-65.80320977179287,113.92388916753369,-0.010089345,0.011272378,0.0005915165,-0.020906031,0.26798248,0.123538226,-600048.7837289724,2.236914172768593,-600044.1111708584,-600046.4016250862
S5-11.2,product,[H]c1c([H])c([H])c(N(C(=O)[C:91]([H])([H])[C:92]([H])([H])[S:93]C([H])([H])[H])C([H])([H])[H])c([H])c1[H],0,-0.13650182,-0.13178584,-191.2162747200669,17.770144889205138,0.018898413,0.0058355182,0.012366965,0.024336472,0.017320119,0.020828295,-600419.3485399878,1.590252060443163,-600414.6792770119,-600417.5996456285
S5-11.3,reactant,[H]c1c([H])c([H])c(N(C(=O)[C:91]([H])=[C:92]([H])[H])C([H])([H])[H])c([H])c1[H],0,-0.1272804,-0.29503968,-204.09475719806258,11.781452140871878,0.15292367,0.12397827,0.13845098,0.101582676,0.0009663999,0.051274538,-325053.9358325599,2.0741092301905155,-325050.76869134116,-325052.1998355947
S5-11.3,intermediate,[H]c1c([H])c([H])c(N(C(=O)[C-:91]([H])[C:92]([H])([H])[S:93]C([H])([H])[H])C([H])([H])[H])c([H])c1[H],-1,-0.40114805,-0.10916788,-69.18389173896489,113.86437121308445,-0.011724837,0.014027119,0.0011511408,-0.037635803,0.28727812,0.124821156,-600046.8224384269,1.8342142179608345,-600042.9156420968,-600044.7817832257
S5-11.3,product,[H]c1c([H])c([H])c(N(C(=O)[C:91]([H])([H])[C:92]([H])([H])[S:93]C([H])([H])[H])C([H])([H])[H])c([H])c1[H],0,-0.13391937,-0.114002906,-190.32766441422694,19.5074530940225,-0.059192177,-0.049862184,-0.05452718,0.059187204,0.023306519,0.04124686,-600417.0775919964,1.6717485506087542,-600412.5004172693,-600415.457654131
S5-11.4,reactant,[H]c1c([H])c([H])c(N(C(=O)[C:91]([H])=[C:92]([H])[H])C([H])([H])[H])c([H])c1[H],0,-0.16371612,-0.28801,-198.23163534881618,14.652747939322408,0.16317147,0.105332315,0.1342519,0.060100168,-0.003934756,0.028082706,-325051.06322160666,2.120547916740179,-325047.7102992397,-325049.4230372225
S5-11.4,intermediate,[H]c1c([H])c([H])c(N(C(=O)[C-:91]([H])[C:92]([H])([H])[S:93]C([H])([H])[H])C([H])([H])[H])c([H])c1[H],-1,-0.38692486,-0.106006436,-66.25010581009747,113.5123869341151,0.0038849711,0.018929288,0.0114071295,-0.025601804,0.24442984,0.10941402,-600051.9903257792,2.108293803408742,-600046.1672298985,-600049.5173774319
S5-11.4,product,[H]c1c([H])c([H])c(N(C(=O)[C:91]([H])([H])[C:92]([H])([H])[S:93]C([H])([H])[H])C([H])([H])[H])c([H])c1[H],0,-0.13293734,-0.112723604,-189.75496259521105,19.252941239218217,-0.053249903,-0.045548707,-0.049399305,0.039353266,0.00752376,0.023438513,-600416.5638119711,1.3637065328657627,-600412.0632834223,-600415.1989416489
S5-13.1,reactant,[H]c1c([H])c([H])c(C([H])([H])[H])c(N([H])C(=O)[C:91]([H])=[C:92]([H])[H])c1[H],0,-0.14856778,-0.28205585,-197.36179932341577,13.087008967178784,0.14908695,0.088703826,0.11889539,0.09906547,-0.0077084005,0.045678534,-325063.80587259034,0.4778962843120098,-325062.42421081546,-325063.0999410238
S5-13.1,intermediate,[H]c1c([H])c([H])c(C([H])([H])[H])c(N([H])C(=O)[C-:91]([H])[C:92]([H])([H])[S:93]C([H])([H])[H])c1[H],-1,-0.4891143,-0.118662015,-67.38911341524373,111.73660896658873,-0.03759581,0.01776062,-0.0099175945,-0.0033972263,0.41279477,0.20469877,-600056.5712928644,1.8642720393836498,-600050.2943858105,-600053.9085298735
S5-13.1,product,[H]c1c([H])c([H])c(C([H])([H])[H])c(N([H])C(=O)[C:91]([H])([H])[C:92]([H])([H])[S:93]C([H])([H])[H])c1[H],0,-0.13741311,-0.10809903,-191.85760578148592,21.4873758223045,-0.042204738,-0.042653933,-0.042429335,0.049883023,0.01082021,0.030351616,-600427.2637766835,2.8996379245072603,-600423.5526938237,-600425.4848594506
S5-13.2,reactant,[H]c1c([H])c([H])c(C([H])([H])[H])c(N([H])C(=O)[C:91]([H])=[C:92]([H])[H])c1[H],0,-0.14954536,-0.28062144,-198.0259683633532,12.557842059674224,0.11600274,0.05758132,0.08679203,0.067599356,-0.0010113865,0.033293985,-325062.61251549254,0.8848065510392189,-325060.04746537155,-325061.5696852131
S5-13.2,intermediate,[H]c1c([H])c([H])c(C([H])([H])[H])c(N([H])C(=O)[C-:91]([H])[C:92]([H])([H])[S:93]C([H])([H])[H])c1[H],-1,-0.4840898,-0.118425936,-64.92595009421463,111.41477519302755,-0.0024850965,0.028843269,0.013179086,-0.025229633,0.34381932,0.15929484,-600061.9248921426,1.9828391559422016,-600056.5836990258,-600059.0851412091
S5-13.2,product,[H]c1c([H])c([H])c(C([H])([H])[H])c(N([H])C(=O)[C:91]([H])([H])[C:92]([H])([H])[S:93]C([H])([H])[H])c1[H],0,-0.14071143,-0.10791348,-191.81884840789522,21.503628105440608,-0.03811989,-0.041911066,-0.040015478,0.07044321,0.032367826,0.05140552,-600427.4159858848,1.468847244977951,-600423.1435874292,-600425.3817488091
S5-13.3,reactant,[H]c1c([H])c([H])c(C([H])([H])[H])c(N([H])C(=O)[C:91]([H])=[C:92]([H])[H])c1[H],0,-0.1491409,-0.28176552,-197.3230072331926,13.137303650572088,0.1505265,0.08888404,0.11970527,0.09842126,-0.007322222,0.04554952,-325063.812689741,0.7117143366485834,-325061.13766671356,-325063.09404708806
S5-13.3,intermediate,[H]c1c([H])c([H])c(C([H])([H])[H])c(N([H])C(=O)[C-:91]([H])[C:92]([H])([H])[S:93]C([H])([H])[H])c1[H],-1,-0.48431876,-0.11842417,-64.95008746577393,111.36545174101941,-0.00238356,0.028876565,0.013246503,-0.025268465,0.3442621,0.15949681,-600061.9273244694,2.082521116361022,-600056.5453914456,-600059.0699680505
S5-13.3,product,[H]c1c([H])c([H])c(C([H])([H])[H])c(N([H])C(=O)[C:91]([H])([H])[C:92]([H])([H])[S:93]C([H])([H])[H])c1[H],0,-0.14438331,-0.11401084,-189.8725851914883,22.124288276846578,-0.0034980997,-0.024405971,-0.013952035,0.0315935,0.015103549,0.023348525,-600429.9125900035,2.616745512932539,-600425.0995984011,-600427.7399169724
S5-10.1,reactant,[H]c1c([H])c([H])c(C([H])([H])N([H])C(=O)[C:91]([H])=[C:92]([H])[H])c([H])c1[H],0,-0.16271853,-0.2796046,-207.86453232069243,17.806778850401656,0.168794,0.09630291,0.13254845,0.083532676,-0.005239576,0.03914655,-325061.3856041516,2.511824080720544,-325058.2411349612,-325060.1240692335
S5-10.1,intermediate,[H]c1c([H])c([H])c(C([H])([H])N([H])C(=O)[C-:91]([H])[C:92]([H])([H])[S:93]C([H])([H])[H])c([H])c1[H],-1,-0.5524093,-0.11391587,-72.44562829967239,110.01921245187347,0.008711033,0.022181898,0.015446465,-0.064765394,0.5039509,0.21959274,-600055.2056134228,3.1179338991642,-600048.1112026606,-600050.2689846562
S5-10.1,product,[H]c1c([H])c([H])c(C([H])([H])N([H])C(=O)[C:91]([H])([H])[C:92]([H])([H])[S:93]C([H])([H])[H])c([H])c1[H],0,-0.13842481,-0.10540985,-193.13635063722586,17.565414934148,-0.040102713,-0.039332233,-0.039717473,0.07034187,0.013826482,0.042084176,-600426.8190652878,1.3902296349406242,-600422.1272536346,-600425.6876607364
S5-10.2,reactant,[H]c1c([H])c([H])c(C([H])([H])N([H])C(=O)[C:91]([H])=[C:92]([H])[H])c([H])c1[H],0,-0.15509287,-0.28207016,-212.80858493510326,19.163645517056363,0.14798105,0.099363014,0.12367203,0.0564515,-0.0041437447,0.026153877,-325060.7889226753,1.228129118680954,-325057.98356269754,-325060.17835261766
S5-10.2,intermediate,[H]c1c([H])c([H])c(C([H])([H])N([H])C(=O)[C-:91]([H])[C:92]([H])([H])[S:93]C([H])([H])[H])c([H])c1[H],-1,-0.5520539,-0.113619246,-72.6217906485308,110.02214304307616,0.008811429,0.021800324,0.015305877,-0.06469867,0.50448585,0.2198936,-600055.2118676421,3.3219248428940773,-600047.388499985,-600050.1383169363
S5-10.2,product,[H]c1c([H])c([H])c(C([H])([H])N([H])C(=O)[C:91]([H])([H])[C:92]([H])([H])[S:93]C([H])([H])[H])c([H])c1[H],0,-0.13859162,-0.10565396,-193.18550058329595,17.534607885123247,-0.04032056,-0.03939931,-0.039859936,0.070619926,0.014212027,0.042415977,-600426.8157651351,1.334465840831399,-600423.1187592217,-600425.6575686005
S5-10.3,reactant,[H]c1c([H])c([H])c(C([H])([H])N([H])C(=O)[C:91]([H])=[C:92]([H])[H])c([H])c1[H],0,-0.1650821,-0.28208387,-210.52002527010023,16.96427612216045,0.12531096,0.06754738,0.09642917,0.052568585,-0.0017409623,0.025413811,-325059.69051213335,1.870380936190486,-325057.4143489575,-325058.7420715122
S5-10.3,intermediate,[H]c1c([H])c([H])c(C([H])([H])N([H])C(=O)[C-:91]([H])[C:92]([H])([H])[S:93]C([H])([H])[H])c([H])c1[H],-1,-0.5179207,-0.11212382,-68.44177940523628,111.41431797626207,0.004768215,0.041227095,0.022997655,-0.029149145,0.39942682,0.18513884,-600053.1900514843,3.0696519520133734,-600043.1928098466,-600045.305061098
S5-10.3,product,[H]c1c([H])c([H])c(C([H])([H])N([H])C(=O)[C:91]([H])([H])[C:92]([H])([H])[S:93]C([H])([H])[H])c([H])c1[H],0,-0.14665392,-0.123930134,-193.0226268555248,16.816917642100773,-0.02661115,-0.020424478,-0.023517814,0.03071861,0.008855715,0.019787163,-600427.3777082479,3.598184447735548,-600423.1791268672,-600425.4481175793
S5-10.4,reactant,[H]c1c([H])c([H])c(C([H])([H])N([H])C(=O)[C:91]([H])=[C:92]([H])[H])c([H])c1[H],0,-0.16261347,-0.27970085,-207.77945052709774,17.902325399233625,0.1697064,0.096199766,0.13295308,0.08479963,-0.0053687543,0.03971544,-325061.3815488768,2.1967189479619265,-325058.71577867726,-325060.1871307678
S5-10.4,intermediate,[H]c1c([H])c([H])c(C([H])([H])N([H])C(=O)[C-:91]([H])[C:92]([H])([H])[S:93]C([H])([H])[H])c([H])c1[H],-1,-0.5072264,-0.11388062,-68.39915321471838,112.00078702621366,-0.011546582,0.01772461,0.0030890144,0.0045142174,0.4168406,0.21067742,-600053.0178032661,3.6173261739313602,-600045.905147037,-600048.3161223346
S5-10.4,product,[H]c1c([H])c([H])c(C([H])([H])N([H])C(=O)[C:91]([H])([H])[C:92]([H])([H])[S:93]C([H])([H])[H])c([H])c1[H],0,-0.14618269,-0.12411584,-193.26139381932117,16.781103745965925,-0.027080834,-0.02047716,-0.023778997,0.030342788,0.009046137,0.019694462,-600427.4247350717,4.316351596266031,-600421.9789629341,-600425.4143278156
S5-10.5,reactant,[H]c1c([H])c([H])c(C([H])([H])N([H])C(=O)[C:91]([H])=[C:92]([H])[H])c([H])c1[H],0,-0.16063859,-0.2836738,-209.96541480356368,16.088827753597798,0.13427266,0.071766585,0.103019625,0.043086767,-0.0064324588,0.018327154,-325059.95088009967,2.648913361132145,-325057.12843552633,-325058.4320433275
S5-10.5,intermediate,[H]c1c([H])c([H])c(C([H])([H])N([H])C(=O)[C-:91]([H])[C:92]([H])([H])[S:93]C([H])([H])[H])c([H])c1[H],-1,-0.50688934,-0.11383769,-68.39493774212808,111.9821032686362,-0.011065796,0.017843656,0.00338893,0.004409611,0.4159894,0.2101995,-600053.0074282082,3.3574061263352633,-600047.307170372,-600048.3239434285
S5-10.5,product,[H]c1c([H])c([H])c(C([H])([H])N([H])C(=O)[C:91]([H])([H])[C:92]([H])([H])[S:93]C([H])([H])[H])c([H])c1[H],0,-0.13720115,-0.10638427,-193.43852886552472,17.489468471794808,-0.040293634,-0.038289808,-0.03929172,0.06753883,0.011193514,0.03936617,-600426.7446272689,2.192820928990841,-600423.4232185229,-600425.4144371798
S5-10.6,reactant,[H]c1c([H])c([H])c(C([H])([H])N([H])C(=O)[C:91]([H])=[C:92]([H])[H])c([H])c1[H],0,-0.1550537,-0.28200594,-212.83479780417014,19.166506766186686,0.1482144,0.099377885,0.12379614,0.056472883,-0.004257202,0.02610784,-325060.79005146225,1.252349965274334,-325058.3624091948,-325060.176492074
S5-10.6,intermediate,[H]c1c([H])c([H])c(C([H])([H])N([H])C(=O)[C-:91]([H])[C:92]([H])([H])[S:93]C([H])([H])[H])c([H])c1[H],-1,-0.5093421,-0.11071033,-69.23627475200743,111.30214879111149,0.009157442,0.04289358,0.026025511,-0.020768702,0.3799804,0.17960584,-600053.3159872442,3.753685152158141,-600042.0041966327,-600044.3764635208
S5-10.6,product,[H]c1c([H])c([H])c(C([H])([H])N([H])C(=O)[C:91]([H])([H])[C:92]([H])([H])[S:93]C([H])([H])[H])c([H])c1[H],0,-0.13872132,-0.10541428,-193.21094950154682,17.571067797630857,-0.03942632,-0.039745234,-0.039585777,0.07087563,0.014356628,0.04261613,-600426.799046239,1.3622887283563614,-600423.7719235689,-600425.6352037282
S5-14.1,reactant,[H]c1c([H])c(N([H])C(=O)[C:91]([H])=[C:92]([H])[H])c([H])c([H])c1OC([H])([H])[H],0,-0.15179607,-0.27876943,-184.52364739480473,12.458082490928692,0.14556202,0.077319875,0.11144095,0.065779686,-0.010863915,0.027457885,-372285.8886972899,0.822691697627306,-372282.6507408119,-372285.1361941705
S5-14.1,intermediate,[H]c1c([H])c(N([H])C(=O)[C-:91]([H])[C:92]([H])([H])[S:93]C([H])([H])[H])c([H])c([H])c1OC([H])([H])[H],-1,-0.5202212,-0.11056856,-65.84398625955616,108.47413679950331,-0.0112703,0.02191294,0.00532132,-0.017221034,0.3198604,0.15131968,-647281.769902067,3.1316773239523172,-647274.0215545393,-647277.1100038295
S5-14.1,product,[H]c1c([H])c(N([H])C(=O)[C:91]([H])([H])[C:92]([H])([H])[S:93]C([H])([H])[H])c([H])c([H])c1OC([H])([H])[H],0,-0.13168085,-0.101875074,-179.68334585032432,16.537003342175556,-0.041577358,-0.050624542,-0.04610095,0.032287315,-0.005302429,0.013492443,-647650.7784992253,1.0855964850634336,-647647.4767115904,-647649.715017883
S5-14.2,reactant,[H]c1c([H])c(N([H])C(=O)[C:91]([H])=[C:92]([H])[H])c([H])c([H])c1OC([H])([H])[H],0,-0.15200299,-0.27910823,-184.5762347574193,12.635300635855806,0.14447054,0.077367276,0.11091891,0.06830424,-0.010286093,0.029009074,-372285.82715696935,0.6599639095366001,-372282.04898257204,-372285.0775361428
S5-14.2,intermediate,[H]c1c([H])c(N([H])C(=O)[C-:91]([H])[C:92]([H])([H])[S:93]C([H])([H])[H])c([H])c([H])c1OC([H])([H])[H],-1,-0.52070636,-0.11088606,-65.68415257593709,108.46274000382058,-0.011774905,0.021602295,0.004913695,-0.016351819,0.3201114,0.15187979,-647281.7527141494,2.652649737894535,-647275.1480193682,-647277.1826077515
S5-14.2,product,[H]c1c([H])c(N([H])C(=O)[C:91]([H])([H])[C:92]([H])([H])[S:93]C([H])([H])[H])c([H])c([H])c1OC([H])([H])[H],0,-0.13223213,-0.10208327,-179.62665067869827,16.456944713283796,-0.041547664,-0.05053822,-0.04604294,0.033073783,-0.0043308437,0.01437147,-647650.6861423732,1.3061253819614649,-647647.0076426145,-647649.615121409
S5-15.1,reactant,[H]c1c([H])c([H])c(N([H])C(=O)[C:91]([H])=[C:92]([H])[H])c(C#N)c1[H],0,-0.1423896,-0.26872402,-209.48929901974162,-8.81546153102973,0.07944599,0.064199805,0.0718229,0.033624277,0.008235365,0.02092982,-358304.2343988631,2.1171828117221594,-358301.06466054585,-358302.6722480003
S5-15.1,intermediate,[H]c1c([H])c([H])c(N([H])C(=O)[C-:91]([H])[C:92]([H])([H])[S:93]C([H])([H])[H])c(C#N)c1[H],-1,-0.4884653,-0.11788519,-73.2532418791697,87.72528465654001,-0.011746049,0.024333067,0.006293509,-0.025025874,0.3422625,0.15861832,-633310.9932631153,1.9443447571247816,-633305.7804917942,-633308.5223370244
S5-15.1,product,[H]c1c([H])c([H])c(N([H])C(=O)[C:91]([H])([H])[C:92]([H])([H])[S:93]C([H])([H])[H])c(C#N)c1[H],0,-0.13222058,-0.11753923,-198.5228446492575,-3.10841407768403,-0.05461038,-0.03609495,-0.045352664,0.026866749,0.011877432,0.01937209,-633669.8162927782,0.9682318530976772,-633666.0050155867,-633668.5452095603
S5-15.2,reactant,[H]c1c([H])c([H])c(N([H])C(=O)[C:91]([H])=[C:92]([H])[H])c(C#N)c1[H],0,-0.14564791,-0.26996028,-208.73790282149642,-8.28403797727182,0.10020885,0.09285523,0.09653204,0.050242484,0.0034293532,0.026835918,-358305.2037566773,0.6861275993287563,-358302.8067798358,-358304.2615225109
S5-15.2,intermediate,[H]c1c([H])c([H])c(N([H])C(=O)[C-:91]([H])[C:92]([H])([H])[S:93]C([H])([H])[H])c(C#N)c1[H],-1,-0.48740396,-0.11305819,-73.2553465629895,85.24763993071029,-0.013382718,0.022729099,0.0046731904,-0.0037159324,0.33071437,0.16349922,-633308.7607640985,2.4698908869177103,-633302.3497444706,-633304.6381362292
S5-15.2,product,[H]c1c([H])c([H])c(N([H])C(=O)[C:91]([H])([H])[C:92]([H])([H])[S:93]C([H])([H])[H])c(C#N)c1[H],0,-0.13206586,-0.11704489,-198.5593957128658,-3.0547704783067284,-0.054660738,-0.03625887,-0.045459803,0.02654244,0.011691205,0.019116823,-633669.8288434095,1.286042707040906,-633666.0921553125,-633668.5463071032
S5-15.3,reactant,[H]c1c([H])c([H])c(N([H])C(=O)[C:91]([H])=[C:92]([H])[H])c(C#N)c1[H],0,-0.14573742,-0.2699101,-208.75606907992585,-8.280767750763768,0.100209326,0.09282464,0.09651698,0.050172597,0.003516212,0.026844405,-358305.20369982795,0.6292372681200504,-358302.31938708154,-358304.25534283824
S5-15.3,intermediate,[H]c1c([H])c([H])c(N([H])C(=O)[C-:91]([H])[C:92]([H])([H])[S:93]C([H])([H])[H])c(C#N)c1[H],-1,-0.46322238,-0.12229162,-72.10743167650354,86.8840643268079,-0.020023592,0.022785038,0.001380723,-0.015335083,0.34623277,0.16544884,-633308.0664159064,1.5584002025425434,-633303.9577194197,-633305.7529969227
S5-15.3,product,[H]c1c([H])c([H])c(N([H])C(=O)[C:91]([H])([H])[C:92]([H])([H])[S:93]C([H])([H])[H])c(C#N)c1[H],0,-0.13222076,-0.117414445,-198.5695089773475,-3.0857735694053146,-0.054576255,-0.036233082,-0.04540467,0.02655606,0.011658557,0.019107308,-633669.8227175769,1.1751281879842281,-633666.1971180948,-633668.5370657985
S5-16.1,reactant,[H]c1c([H])c(F)c([H])c(N([H])C(=O)[C:91]([H])=[C:92]([H])[H])c1[H],0,-0.15336408,-0.27317902,-204.5610457866105,7.322116502673563,0.15437162,0.09700437,0.12568799,0.085427105,-2.259016e-05,0.042702258,-362687.40113441995,0.7286388408392668,-362685.1868469763,-362686.70227493386
S5-16.1,intermediate,[H]c1c([H])c(F)c([H])c(N([H])C(=O)[C-:91]([H])[C:92]([H])([H])[S:93]C([H])([H])[H])c1[H],-1,-0.5038502,-0.11304301,-69.94682078117876,108.82271046532134,-0.028425947,0.020821914,-0.0038020164,-0.011911631,0.3413285,0.16470844,-637687.8750731134,1.5466918051242828,-637681.8088398405,-637684.8891135141
S5-16.1,product,[H]c1c([H])c(F)c([H])c(N([H])C(=O)[C:91]([H])([H])[C:92]([H])([H])[S:93]C([H])([H])[H])c1[H],0,-0.1432469,-0.122345075,-193.72143716718273,14.07066282231723,-0.02418156,-0.017691374,-0.020936467,0.02317208,0.010225803,0.016698942,-638053.6724692422,1.680214924737811,-638049.500383529,-638051.3467018411
S5-16.2,reactant,[H]c1c([H])c(F)c([H])c(N([H])C(=O)[C:91]([H])=[C:92]([H])[H])c1[H],0,-0.1506077,-0.27559978,-205.75615264028264,6.413489733041889,0.11911407,0.065774426,0.09244425,0.052829057,0.002474293,0.027651675,-362686.38648800936,0.93888477422297,-362683.9089033316,-362685.39986883826
S5-16.2,intermediate,[H]c1c([H])c(F)c([H])c(N([H])C(=O)[C-:91]([H])[C:92]([H])([H])[S:93]C([H])([H])[H])c1[H],-1,-0.4864615,-0.114160195,-69.00548009018019,107.76346076332142,-0.0011681914,0.024579674,0.011705741,-0.024897844,0.34508315,0.16009265,-637689.9078649131,1.8142213560640812,-637685.4646590303,-637687.6547228387
S5-16.2,product,[H]c1c([H])c(F)c([H])c(N([H])C(=O)[C:91]([H])([H])[C:92]([H])([H])[S:93]C([H])([H])[H])c1[H],0,-0.13575727,-0.10651123,-194.8963078995181,12.932646004532971,-0.046160303,-0.0419996,-0.044079952,0.042368606,0.009179205,0.025773905,-638052.3477323349,1.0774634554982185,-638049.2771691193,-638051.2835442277
S5-17.1,reactant,[H]c1c([H])c(C([H])([H])[H])c([H])c([H])c1N([H])C(=O)[C:91]([H])=[C:92]([H])[H],0,-0.14961071,-0.280704,-195.1342853829066,13.093405082196291,0.12147346,0.05880879,0.090141125,0.046203747,-0.0040518194,0.021075964,-325062.21695226716,0.904737077653408,-325058.7439799121,-325061.24556187587
S5-17.1,intermediate,[H]c1c([H])c(C([H])([H])[H])c([H])c([H])c1N([H])C(=O)[C-:91]([H])[C:92]([H])([H])[S:93]C([H])([H])[H],-1,-0.45370498,-0.115113646,-62.97369652925915,109.00569363477206,-0.016743235,0.018776938,0.0010168515,-0.019604504,0.3281809,0.1542882,-600058.2372337271,2.051588596776128,-600053.2911186202,-600055.5176820409
S5-17.1,product,[H]c1c([H])c(C([H])([H])[H])c([H])c([H])c1N([H])C(=O)[C:91]([H])([H])[C:92]([H])([H])[S:93]C([H])([H])[H],0,-0.13063903,-0.100714624,-186.94686616078897,18.819126805864947,-0.041435774,-0.04925479,-0.045345284,0.03643553,-0.0010787398,0.017678395,-600427.9977945366,1.1559053305536509,-600425.0569338566,-600426.9850100804
S5-18.1,reactant,[H]c1nc(N([H])C(=O)[C:91]([H])=[C:92]([H])[H])c([H])c([H])c1[H],0,-0.15736721,-0.27423474,-206.1323366186921,7.994429707248637,0.1496341,0.09984593,0.12474001,0.056825876,0.0010065287,0.028916202,-310451.92371313815,0.47201560996472836,-310449.60174457,-310451.46480346384
S5-18.1,intermediate,[H]c1nc(N([H])C(=O)[C-:91]([H])[C:92]([H])([H])[S:93]C([H])([H])[H])c([H])c([H])c1[H],-1,-0.4839606,-0.11245101,-68.18274859182296,107.63825708603959,-0.013831586,0.020470947,0.0033196807,-0.019509912,0.35720664,0.16884837,-585452.5432599778,1.6346844267100096,-585449.0551555927,-585450.3381485699
S5-18.1,product,[H]c1nc(N([H])C(=O)[C:91]([H])([H])[C:92]([H])([H])[S:93]C([H])([H])[H])c([H])c([H])c1[H],0,-0.14250137,-0.1106031,-195.91491670742022,15.184898118292985,-0.05391062,-0.042368524,-0.048139572,0.041300535,0.023333251,0.032316893,-585809.2236098123,1.318683722987771,-585804.9786683952,-585807.7641816299
S5-19.1,reactant,[H]c1c([H])c(N([H])C(=O)[C:91]([H])=[C:92]([H])[H])c([H])c([H])c1C#N,0,-0.15411569,-0.26747927,-204.60583182060842,-8.021014385432716,0.10840216,0.08985318,0.09912767,0.029757246,-0.0023348182,0.013711214,-358303.29677713936,0.4866600073873997,-358299.78405146603,-358302.2690481284
S5-19.1,intermediate,[H]c1c([H])c(N([H])C(=O)[C-:91]([H])[C:92]([H])([H])[S:93]C([H])([H])[H])c([H])c([H])c1C#N,-1,-0.47399467,-0.11276659,-75.9317630742991,84.61092460307258,-0.005025141,0.01941654,0.0071957,-0.021850199,0.29325247,0.13570113,-633312.2565972917,1.5540576986968517,-633308.1696428867,-633309.8767274169
S5-19.1,product,[H]c1c([H])c(N([H])C(=O)[C:91]([H])([H])[C:92]([H])([H])[S:93]C([H])([H])[H])c([H])c([H])c1C#N,0,-0.1340391,-0.11122377,-194.21351400714343,-3.134045531277166,-0.05065558,-0.03910859,-0.044882085,0.014904842,0.0010524988,0.00797867,-633668.1279781879,1.1695047337561846,-633664.5522152813,-633666.7536006215
S5-21.1,reactant,[H]c1c([H])c([H])c(N([H])C(=O)[C:91](C([H])([H])[H])=[C:92]([H])[H])c([H])c1[H],0,0.012468469,-0.3223349,-199.23312380504208,12.759773614378355,0.14507154,0.11678572,0.13092864,0.014471321,-0.048534945,-0.017031811,-325064.2028462326,0.8352898582816124,-325062.18879498506,-325063.50469808973
S5-21.1,intermediate,[H]c1c([H])c([H])c(N([H])C(=O)[C-:91](C([H])([H])[H])[C:92]([H])([H])[S:93]C([H])([H])[H])c([H])c1[H],-1,-0.31062984,-0.13150015,-60.2051515069947,110.16096333258692,0.017250359,0.026800409,0.022025384,-0.07344405,0.3334715,0.13001372,-600060.682740519,2.108416872099042,-600055.3191009538,-600057.9932586128
S5-21.1,product,[H]c1c([H])c([H])c(N([H])C(=O)[C:91]([H])(C([H])([H])[H])[C:92]([H])([H])[S:93]C([H])([H])[H])c([H])c1[H],0,-0.07038011,-0.121217474,-187.8435366405424,17.94273741573352,-0.014043018,-0.02308765,-0.018565334,0.019188322,-0.0010355785,0.009076372,-600427.6256883028,3.2584051247686148,-600423.5619291976,-600425.8155669292
S5-20.1,reactant,[H]c1c([H])c([H])c(C(N([H])C(=O)[C:91](C([H])([H])[H])=[C:92]([H])[H])(C([H])([H])[H])C([H])([H])[H])c([H])c1[H],0,0.01578243,-0.32675424,-195.98662094320338,16.802485562567128,0.12824258,0.07457596,0.10140927,0.00729776,-0.054008815,-0.023355529,-399122.008405434,3.114803848788142,-399116.4467169225,-399120.0599496262
S5-20.1,intermediate,[H]c1c([H])c([H])c(C(N([H])C(=O)[C-:91](C([H])([H])[H])[C:92]([H])([H])[S:93]C([H])([H])[H])(C([H])([H])[H])C([H])([H])[H])c([H])c1[H],-1,-0.3609718,-0.13411832,-63.581406860131366,100.80055618751538,0.027097076,0.024978854,0.026037965,-0.09436324,0.42848352,0.16706014,-674114.4235558283,3.802029961720109,-674098.4006803322,-674102.3003096026
S5-20.1,product,[H]c1c([H])c([H])c(C(N([H])C(=O)[C:91]([H])(C([H])([H])[H])[C:92]([H])([H])[S:93]C([H])([H])[H])(C([H])([H])[H])C([H])([H])[H])c([H])c1[H],0,-0.08856471,-0.114596605,-184.75422115775248,14.847778992837114,1.3329089e-05,-0.0048536137,-0.0024201423,0.015510768,0.020655937,0.018083353,-674487.105957222,1.6805600598454475,-674480.6373675667,-674484.7446246115
S5-20.2,reactant,[H]c1c([H])c([H])c(C(N([H])C(=O)[C:91](C([H])([H])[H])=[C:92]([H])[H])(C([H])([H])[H])C([H])([H])[H])c([H])c1[H],0,-0.0021271715,-0.3250667,-199.46219590787237,13.554701484953913,0.14220509,0.11161071,0.1269079,-0.015877271,-0.038407333,-0.027142301,-399123.714210119,1.6569577679038048,-399119.9731321439,-399122.90840160305
S5-20.2,intermediate,[H]c1c([H])c([H])c(C(N([H])C(=O)[C-:91](C([H])([H])[H])[C:92]([H])([H])[S:93]C([H])([H])[H])(C([H])([H])[H])C([H])([H])[H])c([H])c1[H],-1,-0.34883887,-0.13684693,-62.610871660417914,104.36696914744498,0.03667438,0.024374776,0.030524578,-0.06037566,0.42684653,0.18323544,-674113.2226255354,4.364080550149083,-674097.1184140717,-674100.8465920646
S5-20.2,product,[H]c1c([H])c([H])c(C(N([H])C(=O)[C:91]([H])(C([H])([H])[H])[C:92]([H])([H])[S:93]C([H])([H])[H])(C([H])([H])[H])C([H])([H])[H])c([H])c1[H],0,-0.08414942,-0.11322833,-185.85987288100415,12.305732448367598,-0.030114852,-0.018271305,-0.024193078,0.019076027,0.0018033683,0.010439698,-674486.4617910376,2.1078932881355286,-674481.4744368067,-674485.007515349
S5-20.3,reactant,[H]c1c([H])c([H])c(C(N([H])C(=O)[C:91](C([H])([H])[H])=[C:92]([H])[H])(C([H])([H])[H])C([H])([H])[H])c([H])c1[H],0,0.015947448,-0.32683906,-195.99327082744037,16.736634118971914,0.12826371,0.07468292,0.10147332,0.00638781,-0.05433537,-0.02397378,-399122.0197513146,3.4561314806342125,-399117.37426297844,-399120.06091414945
S5-20.3,intermediate,[H]c1c([H])c([H])c(C(N([H])C(=O)[C-:91](C([H])([H])[H])[C:92]([H])([H])[S:93]C([H])([H])[H])(C([H])([H])[H])C([H])([H])[H])c([H])c1[H],-1,0.03642304,-0.33709872,-85.96930037948702,83.56376854848324,0.087029874,0.058196306,0.07261309,0.10794674,-0.033696935,0.037124902,-674124.8480670474,3.2893731109797955,-674116.470912851,-674119.9656292468
S5-20.3,product,[H]c1c([H])c([H])c(C(N([H])C(=O)[C:91]([H])(C([H])([H])[H])[C:92]([H])([H])[S:93]C([H])([H])[H])(C([H])([H])[H])C([H])([H])[H])c([H])c1[H],0,-0.08483335,-0.10081983,-184.76036298248624,11.694984601398636,-0.025537454,-0.033201016,-0.029369235,0.03423042,0.018341504,0.026285961,-674486.8136165254,4.174450745806098,-674481.0597901054,-674484.8214970609
S5-20.4,reactant,[H]c1c([H])c([H])c(C(N([H])C(=O)[C:91](C([H])([H])[H])=[C:92]([H])[H])(C([H])([H])[H])C([H])([H])[H])c([H])c1[H],0,-0.0012863919,-0.32692248,-195.8733661574586,15.07126806985945,0.15315458,0.10947047,0.13131252,0.03218032,-0.035385996,-0.0016028378,-399121.9995069879,2.2317015025764704,-399118.0036018687,-399120.98304831627
S5-20.4,intermediate,[H]c1c([H])c([H])c(C(N([H])C(=O)[C-:91](C([H])([H])[H])[C:92]([H])([H])[S:93]C([H])([H])[H])(C([H])([H])[H])C([H])([H])[H])c([H])c1[H],-1,-0.32829702,-0.14214434,-64.22323063327292,105.07257192644829,0.042999253,0.040501043,0.041750148,-0.07710317,0.37475577,0.1488263,-674114.5799138021,3.7420769054442644,-674104.5250889414,-674107.7674126348
S5-20.4,product,[H]c1c([H])c([H])c(C(N([H])C(=O)[C:91]([H])(C([H])([H])[H])[C:92]([H])([H])[S:93]C([H])([H])[H])(C([H])([H])[H])C([H])([H])[H])c([H])c1[H],0,-0.09453819,-0.12567179,-184.71772555598983,13.031328857791163,-0.0014246926,-0.0034238398,-0.0024242662,0.0050769746,-0.00074242055,0.002167277,-674487.4454398601,3.198518132790923,-674481.7752796395,-674485.7457267153
S5-20.5,reactant,[H]c1c([H])c([H])c(C(N([H])C(=O)[C:91](C([H])([H])[H])=[C:92]([H])[H])(C([H])([H])[H])C([H])([H])[H])c([H])c1[H],0,-0.0019589944,-0.32502544,-199.4903758820827,13.583561264849518,0.14247358,0.111571416,0.1270225,-0.015872793,-0.03870984,-0.027291318,-399123.7240954394,1.9350741431117058,-399120.4726564179,-399122.91744117806
S5-20.5,intermediate,[H]c1c([H])c([H])c(C(N([H])C(=O)[C-:91](C([H])([H])[H])[C:92]([H])([H])[S:93]C([H])([H])[H])(C([H])([H])[H])C([H])([H])[H])c([H])c1[H],-1,-0.36051503,-0.13418214,-63.75280632366401,100.7743126820322,0.026998252,0.025104374,0.026051313,-0.093294084,0.42919397,0.16794994,-674114.4111136171,3.832916535437107,-674099.0970684751,-674102.1926868658
S5-20.5,product,[H]c1c([H])c([H])c(C(N([H])C(=O)[C:91]([H])(C([H])([H])[H])[C:92]([H])([H])[S:93]C([H])([H])[H])(C([H])([H])[H])C([H])([H])[H])c([H])c1[H],0,-0.08468722,-0.10086035,-184.71519401782373,11.76436789523504,-0.025580414,-0.03304019,-0.029310301,0.03423646,0.018466383,0.026351422,-674486.8181024446,4.50746563449502,-674481.1000347609,-674484.8301075337
S5-22.1,reactant,[H]c1c([H])c([H])c(N([H])C(=O)[C:91]([H])=[C:92](C([H])([H])[H])C([H])([H])[H])c([H])c1[H],0,-0.1880242,0.047718536,-194.16336634043532,12.131777281357728,0.033366613,0.08941804,0.061392326,0.059542254,-0.012144998,0.023698628,-349752.78129227005,1.51433883048594,-349749.63146957825,-349751.96374515415
S5-22.1,intermediate,[H]c1c([H])c([H])c(N([H])C(=O)[C-:91]([H])[C:92](C([H])([H])[H])(C([H])([H])[H])[S:93]C([H])([H])[H])c([H])c1[H],-1,-0.4427273,0.11142489,-63.539660087220916,107.14117346566435,-0.02373217,0.010728613,-0.006501779,-0.022186339,0.28156048,0.12968707,-624747.4061766259,2.3985654916614294,-624740.5515267026,-624743.4572490895
S5-22.1,product,[H]c1c([H])c([H])c(N([H])C(=O)[C:91]([H])([H])[C:92](C([H])([H])[H])(C([H])([H])[H])[S:93]C([H])([H])[H])c([H])c1[H],0,-0.12499472,0.07343437,-185.86006049343047,16.33028746434732,-0.041763984,-0.060550313,-0.05115715,0.020678528,0.0062955394,0.013487034,-625113.2496145639,1.5670196861028671,-625109.0424627027,-625112.1405054427
S5-22.2,reactant,[H]c1c([H])c([H])c(N([H])C(=O)[C:91]([H])=[C:92](C([H])([H])[H])C([H])([H])[H])c([H])c1[H],0,-0.19990592,0.02788415,-194.00964145164403,12.21453994955779,-0.005926674,0.01820985,0.006141588,0.047618583,0.005813256,0.02671592,-349750.5621117069,1.6045929118990898,-349747.99735271244,-349749.63741759956
S5-22.2,intermediate,[H]c1c([H])c([H])c(N([H])C(=O)[C-:91]([H])[C:92](C([H])([H])[H])(C([H])([H])[H])[S:93]C([H])([H])[H])c([H])c1[H],-1,-0.4404118,0.11189337,-63.6694621711134,107.062342603607,-0.02248992,0.01052136,-0.0059842803,-0.021132708,0.28087425,0.12987077,-624747.4014473745,1.9469704497605562,-624741.1064850215,-624743.7742225747
S5-22.2,product,[H]c1c([H])c([H])c(N([H])C(=O)[C:91]([H])([H])[C:92](C([H])([H])[H])(C([H])([H])[H])[S:93]C([H])([H])[H])c([H])c1[H],0,-0.14374337,0.05364607,-183.68784760653045,16.481584706099515,-0.023989256,-0.0368027,-0.030395977,0.009409457,0.008337811,0.008873634,-625115.2371344502,1.5350827034562826,-625110.503824533,-625113.2239014091
S5-22.3,reactant,[H]c1c([H])c([H])c(N([H])C(=O)[C:91]([H])=[C:92](C([H])([H])[H])C([H])([H])[H])c([H])c1[H],0,-0.19992283,0.027808752,-193.98214789432674,12.196460013344744,-0.006156951,0.018178549,0.0060107987,0.047685027,0.005768642,0.026726834,-349750.5642851584,1.622088585048914,-349747.61585578934,-349749.62682199373
S5-22.3,intermediate,[H]c1c([H])c([H])c(N([H])C(=O)[C-:91]([H])[C:92](C([H])([H])[H])(C([H])([H])[H])[S:93]C([H])([H])[H])c([H])c1[H],-1,-0.44244707,0.11158897,-63.510379951391585,107.15924880974136,-0.023831904,0.01054845,-0.006641727,-0.022192895,0.28152886,0.12966798,-624747.406768688,2.395624527707696,-624740.5095622739,-624743.3553430812
S5-22.3,product,[H]c1c([H])c([H])c(N([H])C(=O)[C:91]([H])([H])[C:92](C([H])([H])[H])(C([H])([H])[H])[S:93]C([H])([H])[H])c([H])c1[H],0,-0.12504297,0.07322218,-185.88671863069052,16.303428912301573,-0.041860342,-0.060476933,-0.05116864,0.020660177,0.006214477,0.013437327,-625113.2495551639,1.4809784088283777,-625109.9884588369,-625112.1423989077
S5-23.1,reactant,[H]c1c([H])c(N([H])C(=O)[C:91]([H])=[C:92]([H])[H])c([H])c([H])c1N([H])[H],0,-0.15009096,-0.28360298,-181.11075677218992,15.793393819155114,0.11343497,0.05455433,0.08399465,0.038756296,-0.0069269985,0.015914649,-335136.8494135757,1.0384749099612236,-335133.98622477474,-335135.259167942
S5-23.1,intermediate,[H]c1c([H])c(N([H])C(=O)[C-:91]([H])[C:92]([H])([H])[S:93]C([H])([H])[H])c([H])c([H])c1N([H])[H],-1,-0.48843533,-0.114523426,-61.37448157707306,111.49244636612745,0.0009133145,0.022869006,0.01189116,-0.027953386,0.3031808,0.13761371,-610133.8558293207,2.0845953579992056,-610127.3858365508,-610130.3023600022
S5-23.1,product,[H]c1c([H])c(N([H])C(=O)[C:91]([H])([H])[C:92]([H])([H])[S:93]C([H])([H])[H])c([H])c([H])c1N([H])[H],0,-0.13036571,-0.098220296,-177.01223398875905,21.029462330509,-0.046980873,-0.059704266,-0.05334257,0.042330444,0.0018306822,0.022080563,-610502.8659521505,0.9309014212340117,-610498.8635295939,-610501.2518380338
S5-26.1,reactant,[H]c1nc(N([H])C2([H])C([H])([H])C([H])([H])OC([H])([H])C2([H])[H])nc2c1C([H])([H])C([H])([H])N(C(=O)[C:91]([H])=[C:92]([H])[H])C2([H])[H],0,-0.14558367,-0.28994316,-176.74709269895092,-5.036166376586572,0.08256507,0.055285692,0.06892538,0.01173152,-0.016139016,-0.0022037476,-598492.3702367765,1.2648392803967,-598486.1254747792,-598489.7026550168
S5-26.1,intermediate,[H]c1nc(N([H])C2([H])C([H])([H])C([H])([H])OC([H])([H])C2([H])[H])nc2c1C([H])([H])C([H])([H])N(C(=O)[C-:91]([H])[C:92]([H])([H])[S:93]C([H])([H])[H])C2([H])[H],-1,-0.49883145,-0.11086823,-74.83802186864445,74.12717550626672,0.0033772811,0.010487251,0.006932266,0.020971358,0.3970206,0.20899598,-873482.736905669,4.198213649913669,-873471.8686431651,-873477.2305115736
S5-26.1,product,[H]c1nc(N([H])C2([H])C([H])([H])C([H])([H])OC([H])([H])C2([H])[H])nc2c1C([H])([H])C([H])([H])N(C(=O)[C:91]([H])([H])[C:92]([H])([H])[S:93]C([H])([H])[H])C2([H])[H],0,-0.12778713,-0.1106722,-169.68593714947073,-2.2113961301756584,-0.032892615,-0.031819783,-0.0323562,0.017202795,0.0027612746,0.009982035,-873853.9771475374,3.353144124150276,-873846.8005781124,-873851.1656317036
S5-26.2,reactant,[H]c1nc(N([H])C2([H])C([H])([H])C([H])([H])OC([H])([H])C2([H])[H])nc2c1C([H])([H])C([H])([H])N(C(=O)[C:91]([H])=[C:92]([H])[H])C2([H])[H],0,-0.13761076,-0.29022473,-176.10186750028592,-3.86420761111755,0.08618379,0.054825544,0.070504665,0.010811895,-0.022538021,-0.005863063,-598487.5761874535,5.932844210416079,-598479.9034823708,-598482.8039607973
S5-26.2,intermediate,[H]c1nc(N([H])C2([H])C([H])([H])C([H])([H])OC([H])([H])C2([H])[H])nc2c1C([H])([H])C([H])([H])N(C(=O)[C-:91]([H])[C:92]([H])([H])[S:93]C([H])([H])[H])C2([H])[H],-1,-0.47047997,-0.11085881,-75.66256558374803,73.92150843003066,0.0055294186,0.015913062,0.01072124,0.061686993,0.39579013,0.22873856,-873484.6944072634,3.4097635615617037,-873475.0868853886,-873479.1298180314
S5-26.2,product,[H]c1nc(N([H])C2([H])C([H])([H])C([H])([H])OC([H])([H])C2([H])[H])nc2c1C([H])([H])C([H])([H])N(C(=O)[C:91]([H])([H])[C:92]([H])([H])[S:93]C([H])([H])[H])C2([H])[H],0,-0.11772962,-0.10441169,-166.89005343248874,-3.1874568112301462,-0.039760917,-0.041963786,-0.04086235,0.009741247,-0.010794789,-0.00052677095,-873851.3868918623,1.3538735434412956,-873844.7216176463,-873849.1472040969
S5-26.3,reactant,[H]c1nc(N([H])C2([H])C([H])([H])C([H])([H])OC([H])([H])C2([H])[H])nc2c1C([H])([H])C([H])([H])N(C(=O)[C:91]([H])=[C:92]([H])[H])C2([H])[H],0,-0.1401243,-0.28980833,-174.08664158045946,-3.0811807960945425,0.08662623,0.05711864,0.071872436,0.009274274,-0.021252126,-0.0059889257,-598491.894781643,4.692437831312418,-598482.7825460129,-598486.934838033
S5-26.3,intermediate,[H]c1nc(N([H])C2([H])C([H])([H])C([H])([H])OC([H])([H])C2([H])[H])nc2c1C([H])([H])C([H])([H])N(C(=O)[C-:91]([H])[C:92]([H])([H])[S:93]C([H])([H])[H])C2([H])[H],-1,-0.47046292,-0.12058303,-73.94367174131617,76.36501817730141,0.011630356,0.01831761,0.014973983,0.032816052,0.3872195,0.21001777,-873488.3060564433,3.153012178838253,-873479.432843609,-873482.4924377345
S5-26.3,product,[H]c1nc(N([H])C2([H])C([H])([H])C([H])([H])OC([H])([H])C2([H])[H])nc2c1C([H])([H])C([H])([H])N(C(=O)[C:91]([H])([H])[C:92]([H])([H])[S:93]C([H])([H])[H])C2([H])[H],0,-0.1262447,-0.10992375,-166.60752288843676,-2.183953944588378,-0.034961067,-0.032854974,-0.03390802,0.01814802,0.0019552112,0.010051616,-873851.3486392914,2.151423517614603,-873845.4206827192,-873848.4444828506
S5-26.4,reactant,[H]c1nc(N([H])C2([H])C([H])([H])C([H])([H])OC([H])([H])C2([H])[H])nc2c1C([H])([H])C([H])([H])N(C(=O)[C:91]([H])=[C:92]([H])[H])C2([H])[H],0,-0.14540683,-0.2901078,-177.23293226117167,-5.003510601750349,0.083737314,0.055275336,0.069506325,0.010592431,-0.01621984,-0.0028137043,-598491.840890859,1.3208752870559692,-598485.8468826185,-598489.4645782404
S5-26.4,intermediate,[H]c1nc(N([H])C2([H])C([H])([H])C([H])([H])OC([H])([H])C2([H])[H])nc2c1C([H])([H])C([H])([H])N(C(=O)[C-:91]([H])[C:92]([H])([H])[S:93]C([H])([H])[H])C2([H])[H],-1,-0.50571024,-0.11866825,-76.66579260074559,73.31833024872287,0.010691144,0.016457222,0.013574183,0.027226388,0.39851263,0.21286951,-873485.5054579575,5.436372604221106,-873475.554386829,-873480.0917712289
S5-26.4,product,[H]c1nc(N([H])C2([H])C([H])([H])C([H])([H])OC([H])([H])C2([H])[H])nc2c1C([H])([H])C([H])([H])N(C(=O)[C:91]([H])([H])[C:92]([H])([H])[S:93]C([H])([H])[H])C2([H])[H],0,-0.12507707,-0.1253601,-169.1384452397588,-1.6361758087455618,-0.030627131,-0.02666746,-0.028647296,0.0049078315,-0.0032624155,0.000822708,-873853.0869563448,5.370836464688182,-873845.3213805452,-873849.1253971868
S5-26.5,reactant,[H]c1nc(N([H])C2([H])C([H])([H])C([H])([H])OC([H])([H])C2([H])[H])nc2c1C([H])([H])C([H])([H])N(C(=O)[C:91]([H])=[C:92]([H])[H])C2([H])[H],0,-0.14614446,-0.29016185,-175.61743127504423,-3.362997585247207,0.087700725,0.05739732,0.07254902,0.014739603,-0.01421544,0.00026208162,-598485.7750491292,1.4196895472705364,-598478.5717604344,-598482.7940930732
S5-26.5,intermediate,[H]c1nc(N([H])C2([H])C([H])([H])C([H])([H])OC([H])([H])C2([H])[H])nc2c1C([H])([H])C([H])([H])N(C(=O)[C-:91]([H])[C:92]([H])([H])[S:93]C([H])([H])[H])C2([H])[H],-1,-0.47437927,-0.13209149,-75.39438587648833,73.74135679847465,0.006489545,0.018890977,0.012690261,0.018360406,0.3835039,0.20093215,-873482.2856463059,4.167291583493352,-873474.2252072081,-873478.2628900982
S5-26.5,product,[H]c1nc(N([H])C2([H])C([H])([H])C([H])([H])OC([H])([H])C2([H])[H])nc2c1C([H])([H])C([H])([H])N(C(=O)[C:91]([H])([H])[C:92]([H])([H])[S:93]C([H])([H])[H])C2([H])[H],0,-0.11632505,-0.10640292,-166.58631091421591,-2.678852169869599,-0.0413562,-0.042853504,-0.04210485,0.00516735,-0.01428622,-0.004559435,-873853.3001516309,2.5646924637258053,-873846.6343368974,-873850.7557478367
S5-26.6,reactant,[H]c1nc(N([H])C2([H])C([H])([H])C([H])([H])OC([H])([H])C2([H])[H])nc2c1C([H])([H])C([H])([H])N(C(=O)[C:91]([H])=[C:92]([H])[H])C2([H])[H],0,-0.13785857,-0.29008347,-174.48482196263035,-4.335253301857058,0.08313042,0.055065513,0.069097966,0.0067513287,-0.022236407,-0.007742539,-598486.5246659465,3.5955481119453907,-598478.5756114546,-598483.2725632779
S5-26.6,intermediate,[H]c1nc(N([H])C2([H])C([H])([H])C([H])([H])OC([H])([H])C2([H])[H])nc2c1C([H])([H])C([H])([H])N(C(=O)[C-:91]([H])[C:92]([H])([H])[S:93]C([H])([H])[H])C2([H])[H],-1,-0.47636688,-0.13174817,-75.16402134631811,72.34875329732799,0.0057819188,0.018635802,0.01220886,0.013854295,0.3741316,0.19399294,-873481.3680798276,4.128432294353843,-873472.3482210068,-873476.7511613563
S5-26.6,product,[H]c1nc(N([H])C2([H])C([H])([H])C([H])([H])OC([H])([H])C2([H])[H])nc2c1C([H])([H])C([H])([H])N(C(=O)[C:91]([H])([H])[C:92]([H])([H])[S:93]C([H])([H])[H])C2([H])[H],0,-0.129831,-0.12573804,-167.36059819738134,-1.2267082304037598,-0.031109795,-0.028753906,-0.02993185,0.011059269,0.0030789822,0.007069126,-873856.2269889716,3.381869051605463,-873848.2142148857,-873852.9502097891
S5-26.7,reactant,[H]c1nc(N([H])C2([H])C([H])([H])C([H])([H])OC([H])([H])C2([H])[H])nc2c1C([H])([H])C([H])([H])N(C(=O)[C:91]([H])=[C:92]([H])[H])C2([H])[H],0,-0.14559308,-0.29067698,-176.67147034068864,-5.4598062485480785,0.079965115,0.05536154,0.06766333,0.013169974,-0.01671967,-0.0017748475,-598486.6861990484,1.4065864644944668,-598480.2262407978,-598484.1623552566
S5-26.7,intermediate,[H]c1nc(N([H])C2([H])C([H])([H])C([H])([H])OC([H])([H])C2([H])[H])nc2c1C([H])([H])C([H])([H])N(C(=O)[C-:91]([H])[C:92]([H])([H])[S:93]C([H])([H])[H])C2([H])[H],-1,-0.5021646,-0.102809735,-78.39089104831507,72.68092582365985,0.020485826,0.021898411,0.021192119,0.03405583,0.3765178,0.20528682,-873481.7642563195,4.361361501738429,-873472.1389486745,-873475.9142322536
S5-26.7,product,[H]c1nc(N([H])C2([H])C([H])([H])C([H])([H])OC([H])([H])C2([H])[H])nc2c1C([H])([H])C([H])([H])N(C(=O)[C:91]([H])([H])[C:92]([H])([H])[S:93]C([H])([H])[H])C2([H])[H],0,-0.117185995,-0.10428132,-168.61138913272794,-4.508404869386748,-0.03961301,-0.042036697,-0.040824853,0.009017244,-0.012180671,-0.0015817136,-873852.5372689568,1.4208561535924673,-873846.5471368291,-873850.6243307946
S5-26.8,reactant,[H]c1nc(N([H])C2([H])C([H])([H])C([H])([H])OC([H])([H])C2([H])[H])nc2c1C([H])([H])C([H])([H])N(C(=O)[C:91]([H])=[C:92]([H])[H])C2([H])[H],0,-0.1558921,-0.2929102,-176.54210928206115,-4.481311659964679,0.045176476,0.041000426,0.04308845,0.019226044,0.0048448294,0.012035437,-598490.2559819533,3.59625612385571,-598484.1849108704,-598487.7619088462
S5-26.8,intermediate,[H]c1nc(N([H])C2([H])C([H])([H])C([H])([H])OC([H])([H])C2([H])[H])nc2c1C([H])([H])C([H])([H])N(C(=O)[C-:91]([H])[C:92]([H])([H])[S:93]C([H])([H])[H])C2([H])[H],-1,-0.52265626,-0.12203451,-78.26915402582016,76.72620101070756,0.021800257,0.026925847,0.024363052,0.046569288,0.4026217,0.22459549,-873480.4400069907,4.861645366996527,-873470.1821415047,-873473.7742393997
S5-26.8,product,[H]c1nc(N([H])C2([H])C([H])([H])C([H])([H])OC([H])([H])C2([H])[H])nc2c1C([H])([H])C([H])([H])N(C(=O)[C:91]([H])([H])[C:92]([H])([H])[S:93]C([H])([H])[H])C2([H])[H],0,-0.11730975,-0.10737351,-167.2507332099009,-4.028940006029776,-0.041517064,-0.042608656,-0.04206286,0.005097918,-0.013911158,-0.00440662,-873852.1647322526,2.70157328248024,-873844.9264093357,-873849.1075570155
S5-26.9,reactant,[H]c1nc(N([H])C2([H])C([H])([H])C([H])([H])OC([H])([H])C2([H])[H])nc2c1C([H])([H])C([H])([H])N(C(=O)[C:91]([H])=[C:92]([H])[H])C2([H])[H],0,-0.14947718,-0.28799817,-175.54937284243033,-3.176112895561841,0.0962016,0.05740437,0.076802984,0.009255543,-0.012254357,-0.001499407,-598485.539606133,1.4887531846761703,-598479.324632154,-598482.360943251
S5-26.9,intermediate,[H]c1nc(N([H])C2([H])C([H])([H])C([H])([H])OC([H])([H])C2([H])[H])nc2c1C([H])([H])C([H])([H])N(C(=O)[C-:91]([H])[C:92]([H])([H])[S:93]C([H])([H])[H])C2([H])[H],-1,-0.47416013,-0.13166352,-75.29045739964278,72.25952621265655,0.0056756884,0.01831574,0.011995714,0.014898747,0.37188873,0.19339374,-873481.3169702784,3.910471085458994,-873473.0704525982,-873477.1311094469
S5-26.9,product,[H]c1nc(N([H])C2([H])C([H])([H])C([H])([H])OC([H])([H])C2([H])[H])nc2c1C([H])([H])C([H])([H])N(C(=O)[C:91]([H])([H])[C:92]([H])([H])[S:93]C([H])([H])[H])C2([H])[H],0,-0.116405465,-0.10759266,-167.28614908933906,-4.125113149110197,-0.041776985,-0.042538464,-0.042157724,0.005974889,-0.013369955,-0.0036975332,-873851.9858413567,3.0245367493480444,-873843.5097809278,-873848.2365049744
S5-26.10,reactant,[H]c1nc(N([H])C2([H])C([H])([H])C([H])([H])OC([H])([H])C2([H])[H])nc2c1C([H])([H])C([H])([H])N(C(=O)[C:91]([H])=[C:92]([H])[H])C2([H])[H],0,-0.14541732,-0.28995052,-176.7934275334455,-5.109811422851967,0.082784206,0.055082172,0.06893319,0.01243715,-0.016206458,-0.0018846542,-598486.6894627821,1.3022743985056877,-598480.6350429729,-598484.2461125545
S5-26.10,intermediate,[H]c1nc(N([H])C2([H])C([H])([H])C([H])([H])OC([H])([H])C2([H])[H])nc2c1C([H])([H])C([H])([H])N(C(=O)[C-:91]([H])[C:92]([H])([H])[S:93]C([H])([H])[H])C2([H])[H],-1,-0.5067409,-0.111586325,-74.08211196052093,72.71438297684634,0.00301373,0.010316893,0.0066653118,0.017840505,0.38331234,0.20057642,-873483.5155224019,3.5445771012455225,-873473.6558195242,-873477.7203173836
S5-26.10,product,[H]c1nc(N([H])C2([H])C([H])([H])C([H])([H])OC([H])([H])C2([H])[H])nc2c1C([H])([H])C([H])([H])N(C(=O)[C:91]([H])([H])[C:92]([H])([H])[S:93]C([H])([H])[H])C2([H])[H],0,-0.12483972,-0.11140666,-169.74537661071352,-3.882084484647317,-0.03279397,-0.03291168,-0.032852825,0.0075833946,-0.008939862,-0.0006782338,-873852.5119726511,2.0688794497400522,-873844.7719953506,-873849.9715144091
S5-3.1,reactant,[H]c1nc(N([H])[H])c2c(-c3c([H])c([H])c(Oc4c([H])c([H])c([H])c([H])c4[H])c([H])c3[H])nn([C@@]3([H])C([H])([H])N(C(=O)[C:91]([H])=[C:92]([H])[H])C([H])([H])C([H])([H])C3([H])[H])c2n1,0,-0.16409022,-0.26511487,-159.54745056829293,-24.252207170824278,0.044754952,0.04162562,0.043190286,0.007052779,-0.0017423034,0.002655238,-908068.1497106999,2.2809878662228584,-908056.8801834413,-908062.832663249
S5-3.1,intermediate,[H]c1nc(N([H])[H])c2c(-c3c([H])c([H])c(Oc4c([H])c([H])c([H])c([H])c4[H])c([H])c3[H])nn([C@@]3([H])C([H])([H])N(C(=O)[C-:91]([H])[C:92]([H])([H])[S:93]C([H])([H])[H])C([H])([H])C([H])([H])C3([H])[H])c2n1,-1,-0.4756095,-0.11716266,-77.14756542541568,37.018826453288376,0.012758747,0.015345097,0.014051922,0.1605424,0.36427355,0.26240796,-1183058.1239606668,3.655878322198987,-1183046.3668176383,-1183051.0433108173
S5-3.1,product,[H]c1nc(N([H])[H])c2c(-c3c([H])c([H])c(Oc4c([H])c([H])c([H])c([H])c4[H])c([H])c3[H])nn([C@@]3([H])C([H])([H])N(C(=O)[C:91]([H])([H])[C:92]([H])([H])[S:93]C([H])([H])[H])C([H])([H])C([H])([H])C3([H])[H])c2n1,0,-0.1317359,-0.120560735,-153.37426478604073,-27.43044298342945,-0.025199853,-0.023042843,-0.024121348,0.00021646917,-0.0055464357,-0.0026649833,-1183429.4660045195,3.655460622161627,-1183418.4015404086,-1183425.7740725458
S5-3.2,reactant,[H]c1nc(N([H])[H])c2c(-c3c([H])c([H])c(Oc4c([H])c([H])c([H])c([H])c4[H])c([H])c3[H])nn([C@@]3([H])C([H])([H])N(C(=O)[C:91]([H])=[C:92]([H])[H])C([H])([H])C([H])([H])C3([H])[H])c2n1,0,-0.15074319,-0.28313392,-160.47074293429856,-27.95947926432589,0.055976838,0.03964567,0.047811255,-0.012240276,-0.019013613,-0.015626945,-908065.1401958746,2.3731404468417168,-908053.5074966057,-908061.169613999
S5-3.2,intermediate,[H]c1nc(N([H])[H])c2c(-c3c([H])c([H])c(Oc4c([H])c([H])c([H])c([H])c4[H])c([H])c3[H])nn([C@@]3([H])C([H])([H])N(C(=O)[C-:91]([H])[C:92]([H])([H])[S:93]C([H])([H])[H])C([H])([H])C([H])([H])C3([H])[H])c2n1,-1,-0.47986877,-0.11498417,-74.11651942710014,37.112014996276905,0.014613181,0.016429536,0.015521359,0.16835111,0.3749629,0.271657,-1183058.8273798367,2.873865559697151,-1183047.0213856476,-1183052.6835859588
S5-3.2,product,[H]c1nc(N([H])[H])c2c(-c3c([H])c([H])c(Oc4c([H])c([H])c([H])c([H])c4[H])c([H])c3[H])nn([C@@]3([H])C([H])([H])N(C(=O)[C:91]([H])([H])[C:92]([H])([H])[S:93]C([H])([H])[H])C([H])([H])C([H])([H])C3([H])[H])c2n1,0,-0.13109913,-0.11952373,-153.49871367328842,-27.42408772552415,-0.02466765,-0.022874348,-0.023771,0.0012702495,-0.0051217973,-0.0019257739,-1183428.732997057,1.8440720438957214,-1183418.0699479184,-1183425.3544521455
S5-3.3,reactant,[H]c1nc(N([H])[H])c2c(-c3c([H])c([H])c(Oc4c([H])c([H])c([H])c([H])c4[H])c([H])c3[H])nn([C@@]3([H])C([H])([H])N(C(=O)[C:91]([H])=[C:92]([H])[H])C([H])([H])C([H])([H])C3([H])[H])c2n1,0,-0.14407454,-0.28728294,-161.76102697847463,-30.73773679557885,0.04440245,0.037133306,0.04076788,0.0015312731,-0.008409813,-0.00343927,-908063.1340917217,2.1671686489135027,-908053.947334745,-908059.2477017636
S5-3.3,intermediate,[H]c1nc(N([H])[H])c2c(-c3c([H])c([H])c(Oc4c([H])c([H])c([H])c([H])c4[H])c([H])c3[H])nn([C@@]3([H])C([H])([H])N(C(=O)[C-:91]([H])[C:92]([H])([H])[S:93]C([H])([H])[H])C([H])([H])C([H])([H])C3([H])[H])c2n1,-1,-0.46070766,-0.11403433,-76.2624473599536,35.211827890462054,0.0103076175,0.013124786,0.011716202,0.17101473,0.3702965,0.27065563,-1183063.446152219,2.681473135948181,-1183051.6479197396,-1183057.2438777804
S5-3.3,product,[H]c1nc(N([H])[H])c2c(-c3c([H])c([H])c(Oc4c([H])c([H])c([H])c([H])c4[H])c([H])c3[H])nn([C@@]3([H])C([H])([H])N(C(=O)[C:91]([H])([H])[C:92]([H])([H])[S:93]C([H])([H])[H])C([H])([H])C([H])([H])C3([H])[H])c2n1,0,-0.11899645,-0.112445235,-155.74268642258465,-29.57655172920184,-0.032432616,-0.032944977,-0.032688797,0.0043326467,-0.0058704987,-0.000768926,-1183429.210544673,4.676361683756113,-1183419.2412767021,-1183424.828964819
S5-3.4,reactant,[H]c1nc(N([H])[H])c2c(-c3c([H])c([H])c(Oc4c([H])c([H])c([H])c([H])c4[H])c([H])c3[H])nn([C@@]3([H])C([H])([H])N(C(=O)[C:91]([H])=[C:92]([H])[H])C([H])([H])C([H])([H])C3([H])[H])c2n1,0,-0.11447764,-0.28258857,-162.95539752982796,-28.018654816862476,0.038148016,0.034893587,0.0365208,0.008428581,-0.002612479,0.002908051,-908064.3308277193,5.991722282022238,-908053.1639851629,-908059.0576958782
S5-3.4,intermediate,[H]c1nc(N([H])[H])c2c(-c3c([H])c([H])c(Oc4c([H])c([H])c([H])c([H])c4[H])c([H])c3[H])nn([C@@]3([H])C([H])([H])N(C(=O)[C-:91]([H])[C:92]([H])([H])[S:93]C([H])([H])[H])C([H])([H])C([H])([H])C3([H])[H])c2n1,-1,-0.24874887,-0.20248003,-68.79570570359729,39.95859079924635,0.07536434,0.061387822,0.06837608,0.09342608,0.082583785,0.08800493,-1183052.7951425686,6.082981830462813,-1183037.535634493,-1183043.7764589402
S5-3.4,product,[H]c1nc(N([H])[H])c2c(-c3c([H])c([H])c(Oc4c([H])c([H])c([H])c([H])c4[H])c([H])c3[H])nn([C@@]3([H])C([H])([H])N(C(=O)[C:91]([H])([H])[C:92]([H])([H])[S:93]C([H])([H])[H])C([H])([H])C([H])([H])C3([H])[H])c2n1,0,-0.11827287,-0.11124943,-153.9821306642957,-26.505005535223038,-0.029706411,-0.030103624,-0.029905017,-0.00071579963,-0.011937454,-0.006326627,-1183433.7860377256,2.2138438373804092,-1183425.2859124567,-1183430.5708432877
S5-3.5,reactant,[H]c1nc(N([H])[H])c2c(-c3c([H])c([H])c(Oc4c([H])c([H])c([H])c([H])c4[H])c([H])c3[H])nn([C@@]3([H])C([H])([H])N(C(=O)[C:91]([H])=[C:92]([H])[H])C([H])([H])C([H])([H])C3([H])[H])c2n1,0,-0.14988837,-0.2869905,-162.49509804543212,-28.458574743151935,0.026202768,0.025056005,0.025629386,0.0052476674,-0.0014313608,0.0019081533,-908063.1483598105,5.310807786881924,-908051.3699349941,-908059.1885131423
S5-3.5,intermediate,[H]c1nc(N([H])[H])c2c(-c3c([H])c([H])c(Oc4c([H])c([H])c([H])c([H])c4[H])c([H])c3[H])nn([C@@]3([H])C([H])([H])N(C(=O)[C-:91]([H])[C:92]([H])([H])[S:93]C([H])([H])[H])C([H])([H])C([H])([H])C3([H])[H])c2n1,-1,-0.44134685,-0.11742866,-78.12131364912133,34.91379181519288,0.009775236,0.012919098,0.011347167,0.15168318,0.35371903,0.2527011,-1183064.4239155315,2.3706682231277227,-1183054.1101566446,-1183057.971465241
S5-3.5,product,[H]c1nc(N([H])[H])c2c(-c3c([H])c([H])c(Oc4c([H])c([H])c([H])c([H])c4[H])c([H])c3[H])nn([C@@]3([H])C([H])([H])N(C(=O)[C:91]([H])([H])[C:92]([H])([H])[S:93]C([H])([H])[H])C([H])([H])C([H])([H])C3([H])[H])c2n1,0,-0.13125493,-0.121081114,-154.3310658041039,-25.484911048759734,-0.009708546,-0.009479135,-0.009593841,0.0039867163,0.0023156255,0.003151171,-1183435.6101394515,10.6197099853307,-1183423.4295183043,-1183429.3919298921
S5-3.6,reactant,[H]c1nc(N([H])[H])c2c(-c3c([H])c([H])c(Oc4c([H])c([H])c([H])c([H])c4[H])c([H])c3[H])nn([C@@]3([H])C([H])([H])N(C(=O)[C:91]([H])=[C:92]([H])[H])C([H])([H])C([H])([H])C3([H])[H])c2n1,0,-0.12681343,-0.2461428,-162.37139744745696,-26.067942982758296,0.037546873,0.034695134,0.036121003,0.0049964786,-0.0008740276,0.0020612255,-908064.1916911129,2.585057556629181,-908053.8069832211,-908059.7708695142
S5-3.6,intermediate,[H]c1nc(N([H])[H])c2c(-c3c([H])c([H])c(Oc4c([H])c([H])c([H])c([H])c4[H])c([H])c3[H])nn([C@@]3([H])C([H])([H])N(C(=O)[C-:91]([H])[C:92]([H])([H])[S:93]C([H])([H])[H])C([H])([H])C([H])([H])C3([H])[H])c2n1,-1,-0.45611855,-0.12555525,-76.72451439562523,39.55593266952652,0.01384224,0.017516576,0.015679408,0.15256163,0.35686845,0.25471506,-1183062.204808892,5.506346402689815,-1183049.8204020527,-1183055.736709668
S5-3.6,product,[H]c1nc(N([H])[H])c2c(-c3c([H])c([H])c(Oc4c([H])c([H])c([H])c([H])c4[H])c([H])c3[H])nn([C@@]3([H])C([H])([H])N(C(=O)[C:91]([H])([H])[C:92]([H])([H])[S:93]C([H])([H])[H])C([H])([H])C([H])([H])C3([H])[H])c2n1,0,-0.12813593,-0.12057987,-153.59740820800113,-27.59814373970087,-0.024861142,-0.022936136,-0.023898639,0.0024321228,-0.0043857694,-0.0009768233,-1183428.6822326037,2.662165207788348,-1183419.1470605046,-1183425.2076657624
S5-3.7,reactant,[H]c1nc(N([H])[H])c2c(-c3c([H])c([H])c(Oc4c([H])c([H])c([H])c([H])c4[H])c([H])c3[H])nn([C@@]3([H])C([H])([H])N(C(=O)[C:91]([H])=[C:92]([H])[H])C([H])([H])C([H])([H])C3([H])[H])c2n1,0,-0.16946451,-0.2764897,-159.29026850938274,-24.8655484241022,0.058398128,0.04894571,0.05367192,-0.0019376427,-0.005227849,-0.0035827458,-908065.9301541899,1.832755722105503,-908056.6610616357,-908062.4872717053
S5-3.7,intermediate,[H]c1nc(N([H])[H])c2c(-c3c([H])c([H])c(Oc4c([H])c([H])c([H])c([H])c4[H])c([H])c3[H])nn([C@@]3([H])C([H])([H])N(C(=O)[C-:91]([H])[C:92]([H])([H])[S:93]C([H])([H])[H])C([H])([H])C([H])([H])C3([H])[H])c2n1,-1,-0.4985398,-0.11982472,-74.63654224212549,36.43721496808417,0.009974122,0.015506744,0.012740433,0.14069486,0.35047507,0.24558496,-1183059.3903217833,4.988323129713535,-1183042.7800343717,-1183050.6684801092
S5-3.7,product,[H]c1nc(N([H])[H])c2c(-c3c([H])c([H])c(Oc4c([H])c([H])c([H])c([H])c4[H])c([H])c3[H])nn([C@@]3([H])C([H])([H])N(C(=O)[C:91]([H])([H])[C:92]([H])([H])[S:93]C([H])([H])[H])C([H])([H])C([H])([H])C3([H])[H])c2n1,0,-0.13405928,-0.12104728,-153.86043166145743,-27.80465305416791,-0.026964687,-0.025376953,-0.02617082,0.008207992,0.0010412484,0.00462462,-1183429.004673173,3.226141458377242,-1183419.345327959,-1183425.6859442634
S5-3.8,reactant,[H]c1nc(N([H])[H])c2c(-c3c([H])c([H])c(Oc4c([H])c([H])c([H])c([H])c4[H])c([H])c3[H])nn([C@@]3([H])C([H])([H])N(C(=O)[C:91]([H])=[C:92]([H])[H])C([H])([H])C([H])([H])C3([H])[H])c2n1,0,-0.15269352,-0.27703685,-163.4988241173613,-29.804523971885445,0.032099277,0.028176725,0.030138,0.006992936,0.0019726604,0.0044827983,-908062.4727560402,2.405075551941991,-908051.2843037418,-908058.3997124238
S5-3.8,intermediate,[H]c1nc(N([H])[H])c2c(-c3c([H])c([H])c(Oc4c([H])c([H])c([H])c([H])c4[H])c([H])c3[H])nn([C@@]3([H])C([H])([H])N(C(=O)[C-:91]([H])[C:92]([H])([H])[S:93]C([H])([H])[H])C([H])([H])C([H])([H])C3([H])[H])c2n1,-1,-0.48078224,-0.121120915,-80.36726941007431,44.804693800888266,0.025266498,0.028888255,0.027077377,0.10756394,0.31773987,0.21265191,-1183069.6185782342,8.463240195065737,-1183044.2777653204,-1183051.4023338729
S5-3.8,product,[H]c1nc(N([H])[H])c2c(-c3c([H])c([H])c(Oc4c([H])c([H])c([H])c([H])c4[H])c([H])c3[H])nn([C@@]3([H])C([H])([H])N(C(=O)[C:91]([H])([H])[C:92]([H])([H])[S:93]C([H])([H])[H])C([H])([H])C([H])([H])C3([H])[H])c2n1,0,-0.12734106,-0.12171805,-153.91246144156412,-27.367723037607995,-0.02625943,-0.024810955,-0.025535192,0.010765597,0.0021030605,0.006434329,-1183428.9251580846,3.6947395112365484,-1183419.4616673163,-1183425.3453225496
S5-3.9,reactant,[H]c1nc(N([H])[H])c2c(-c3c([H])c([H])c(Oc4c([H])c([H])c([H])c([H])c4[H])c([H])c3[H])nn([C@@]3([H])C([H])([H])N(C(=O)[C:91]([H])=[C:92]([H])[H])C([H])([H])C([H])([H])C3([H])[H])c2n1,0,-0.15050727,-0.28569084,-161.71242983724525,-28.982555268623422,0.048188925,0.037068725,0.042628825,-0.0075675547,-0.013449699,-0.010508627,-908065.1760486803,1.506678942590952,-908056.7121378069,-908061.9501953244
S5-3.9,intermediate,[H]c1nc(N([H])[H])c2c(-c3c([H])c([H])c(Oc4c([H])c([H])c([H])c([H])c4[H])c([H])c3[H])nn([C@@]3([H])C([H])([H])N(C(=O)[C-:91]([H])[C:92]([H])([H])[S:93]C([H])([H])[H])C([H])([H])C([H])([H])C3([H])[H])c2n1,-1,-0.44576505,-0.10966619,-77.01456563326427,37.76654078947324,0.013888046,0.015295401,0.014591724,0.1189836,0.3351597,0.22707164,-1183059.6649431733,4.498333973810077,-1183045.0243950353,-1183052.0296880691
S5-3.9,product,[H]c1nc(N([H])[H])c2c(-c3c([H])c([H])c(Oc4c([H])c([H])c([H])c([H])c4[H])c([H])c3[H])nn([C@@]3([H])C([H])([H])N(C(=O)[C:91]([H])([H])[C:92]([H])([H])[S:93]C([H])([H])[H])C([H])([H])C([H])([H])C3([H])[H])c2n1,0,-0.14080408,-0.12088994,-154.20657270818728,-25.389248198519,-0.018321574,-0.018101268,-0.01821142,0.012180477,0.0038517416,0.0080161095,-1183432.8179309273,4.777899848297238,-1183420.7547206678,-1183428.6323810865
S5-3.10,reactant,[H]c1nc(N([H])[H])c2c(-c3c([H])c([H])c(Oc4c([H])c([H])c([H])c([H])c4[H])c([H])c3[H])nn([C@@]3([H])C([H])([H])N(C(=O)[C:91]([H])=[C:92]([H])[H])C([H])([H])C([H])([H])C3([H])[H])c2n1,0,-0.15507932,-0.2849342,-163.90121031158537,-31.48581759978309,0.029563814,0.0285075,0.029035658,0.006061688,0.001635924,0.003848806,-908062.0042650296,2.460312582552433,-908051.6261747082,-908059.0186467844
S5-3.10,intermediate,[H]c1nc(N([H])[H])c2c(-c3c([H])c([H])c(Oc4c([H])c([H])c([H])c([H])c4[H])c([H])c3[H])nn([C@@]3([H])C([H])([H])N(C(=O)[C-:91]([H])[C:92]([H])([H])[S:93]C([H])([H])[H])C([H])([H])C([H])([H])C3([H])[H])c2n1,-1,-0.48050603,-0.12571304,-74.86157314437962,36.98899469367505,0.017979309,0.020692937,0.019336123,0.17281756,0.35801405,0.2654158,-1183057.7801869712,2.9234481155872345,-1183045.4575762143,-1183051.5768872353
S5-3.10,product,[H]c1nc(N([H])[H])c2c(-c3c([H])c([H])c(Oc4c([H])c([H])c([H])c([H])c4[H])c([H])c3[H])nn([C@@]3([H])C([H])([H])N(C(=O)[C:91]([H])([H])[C:92]([H])([H])[S:93]C([H])([H])[H])C([H])([H])C([H])([H])C3([H])[H])c2n1,0,-0.12661554,-0.104731925,-156.13507891078615,-28.456992213075146,-0.030368768,-0.031168766,-0.030768767,0.0002361536,-0.009138361,-0.0044511035,-1183430.5193057356,1.8077669329941273,-1183420.742565467,-1183427.1978724722
S5-25.1,reactant,[H]c1nc(N([H])[H])c2c([H])c(-c3c(-c4c([H])c([H])c([H])c([H])c4[H])nc([H])n3C([H])([H])[C@@]3([H])N(C(=O)[C:91]([H])=[C:92]([H])[H])C([H])([H])C([H])([H])C3([H])[H])sc2n1,0,-0.16135707,-0.2849375,-156.2819957546663,-22.55237637086226,0.027030736,0.02755636,0.027293548,-0.0084567815,-0.0062863976,-0.0073715895,-1062136.9390979537,3.6376465428620577,-1062128.6575323066,-1062133.4477917505
S5-25.1,intermediate,[H]c1nc(N([H])[H])c2c([H])c(-c3c(-c4c([H])c([H])c([H])c([H])c4[H])nc([H])n3C([H])([H])[C@@]3([H])N(C(=O)[C-:91]([H])[C:92]([H])([H])[S:93]C([H])([H])[H])C([H])([H])C([H])([H])C3([H])[H])sc2n1,-1,-0.44665763,-0.103457205,-79.51553783238579,38.43201443552746,0.009099916,0.019605346,0.014352631,0.061140448,0.27718908,0.16916476,-1337137.5933019714,6.487516747787595,-1337119.5748004327,-1337124.9943021708
S5-25.1,product,[H]c1nc(N([H])[H])c2c([H])c(-c3c(-c4c([H])c([H])c([H])c([H])c4[H])nc([H])n3C([H])([H])[C@@]3([H])N(C(=O)[C:91]([H])([H])[C:92]([H])([H])[S:93]C([H])([H])[H])C([H])([H])C([H])([H])C3([H])[H])sc2n1,0,-0.120354235,-0.10726164,-146.59512254287753,-16.518404943923564,-0.01892586,-0.017760605,-0.018343233,0.0017485023,-0.0031979606,-0.00072472915,-1337506.7274817538,2.89033086784184,-1337495.2470058093,-1337501.3484489645
S5-25.2,reactant,[H]c1nc(N([H])[H])c2c([H])c(-c3c(-c4c([H])c([H])c([H])c([H])c4[H])nc([H])n3C([H])([H])[C@@]3([H])N(C(=O)[C:91]([H])=[C:92]([H])[H])C([H])([H])C([H])([H])C3([H])[H])sc2n1,0,-0.13187437,-0.28895432,-156.5330563923146,-23.42869038007888,0.043902397,0.03913051,0.041516453,-0.011591189,-0.019074678,-0.0153329335,-1062135.2804551297,2.5357480868697166,-1062124.7382665859,-1062130.4212361088
S5-25.2,intermediate,[H]c1nc(N([H])[H])c2c([H])c(-c3c(-c4c([H])c([H])c([H])c([H])c4[H])nc([H])n3C([H])([H])[C@@]3([H])N(C(=O)[C-:91]([H])[C:92]([H])([H])[S:93]C([H])([H])[H])C([H])([H])C([H])([H])C3([H])[H])sc2n1,-1,-0.4319093,-0.099662594,-81.8619542801467,49.065959656664624,0.018138476,0.022671908,0.020405192,0.030664176,0.23502894,0.13284656,-1337155.5621182458,4.339864516630769,-1337140.4289953362,-1337146.116092766
S5-25.2,product,[H]c1nc(N([H])[H])c2c([H])c(-c3c(-c4c([H])c([H])c([H])c([H])c4[H])nc([H])n3C([H])([H])[C@@]3([H])N(C(=O)[C:91]([H])([H])[C:92]([H])([H])[S:93]C([H])([H])[H])C([H])([H])C([H])([H])C3([H])[H])sc2n1,0,-0.11470891,-0.10922409,-150.63393779841562,-21.856845771960167,-0.03584782,-0.03616082,-0.03600432,0.0016392246,-0.0022570938,-0.0003089346,-1337498.98196643,2.6426100563257933,-1337487.5715057915,-1337494.7495050684
S5-25.3,reactant,[H]c1nc(N([H])[H])c2c([H])c(-c3c(-c4c([H])c([H])c([H])c([H])c4[H])nc([H])n3C([H])([H])[C@@]3([H])N(C(=O)[C:91]([H])=[C:92]([H])[H])C([H])([H])C([H])([H])C3([H])[H])sc2n1,0,-0.15040511,-0.28626508,-154.07395871419004,-21.59189599085742,0.048514158,0.041367844,0.044941,-0.01813832,-0.020338967,-0.019238643,-1062138.901757259,3.508926695212722,-1062130.5799517846,-1062135.317774152
S5-25.3,intermediate,[H]c1nc(N([H])[H])c2c([H])c(-c3c(-c4c([H])c([H])c([H])c([H])c4[H])nc([H])n3C([H])([H])[C@@]3([H])N(C(=O)[C-:91]([H])[C:92]([H])([H])[S:93]C([H])([H])[H])C([H])([H])C([H])([H])C3([H])[H])sc2n1,-1,-0.44550318,-0.12483492,-75.27247165807111,38.10596809075863,0.0032739267,0.013242938,0.008258432,0.081424475,0.29609826,0.18876137,-1337135.523078247,2.7617575097829103,-1337123.7122599257,-1337128.4038199354
S5-25.3,product,[H]c1nc(N([H])[H])c2c([H])c(-c3c(-c4c([H])c([H])c([H])c([H])c4[H])nc([H])n3C([H])([H])[C@@]3([H])N(C(=O)[C:91]([H])([H])[C:92]([H])([H])[S:93]C([H])([H])[H])C([H])([H])C([H])([H])C3([H])[H])sc2n1,0,-0.14037132,-0.11343175,-145.3252949707977,-16.7486645637412,-0.011244297,-0.0115524605,-0.011398379,0.0013488531,-0.0014325529,-4.184991e-05,-1337505.854112576,2.731002736836672,-1337493.9723941702,-1337499.3062334578
S5-25.4,reactant,[H]c1nc(N([H])[H])c2c([H])c(-c3c(-c4c([H])c([H])c([H])c([H])c4[H])nc([H])n3C([H])([H])[C@@]3([H])N(C(=O)[C:91]([H])=[C:92]([H])[H])C([H])([H])C([H])([H])C3([H])[H])sc2n1,0,-0.15147547,-0.29592296,-150.81900882645198,-18.235482558898894,0.04792586,0.043904692,0.045915276,-0.00040517747,-0.010987461,-0.005696319,-1062142.5925138877,3.779151378199458,-1062132.270165321,-1062136.8875252772
S5-25.4,intermediate,[H]c1nc(N([H])[H])c2c([H])c(-c3c(-c4c([H])c([H])c([H])c([H])c4[H])nc([H])n3C([H])([H])[C@@]3([H])N(C(=O)[C-:91]([H])[C:92]([H])([H])[S:93]C([H])([H])[H])C([H])([H])C([H])([H])C3([H])[H])sc2n1,-1,-0.4701423,-0.11835007,-80.21905295683314,38.95061349432987,0.004116997,0.01194232,0.008029658,0.08066034,0.31162924,0.19614479,-1337143.1114034753,3.950984241440892,-1337126.2733898878,-1337132.7725992189
S5-25.4,product,[H]c1nc(N([H])[H])c2c([H])c(-c3c(-c4c([H])c([H])c([H])c([H])c4[H])nc([H])n3C([H])([H])[C@@]3([H])N(C(=O)[C:91]([H])([H])[C:92]([H])([H])[S:93]C([H])([H])[H])C([H])([H])C([H])([H])C3([H])[H])sc2n1,0,-0.11424601,-0.10629333,-149.6767726538086,-21.826706880220325,-0.02929306,-0.029531695,-0.029412378,-0.003991574,-0.010447495,-0.0072195344,-1337505.4266389897,4.205101795494556,-1337495.1177691156,-1337500.8306658247
S5-25.5,reactant,[H]c1nc(N([H])[H])c2c([H])c(-c3c(-c4c([H])c([H])c([H])c([H])c4[H])nc([H])n3C([H])([H])[C@@]3([H])N(C(=O)[C:91]([H])=[C:92]([H])[H])C([H])([H])C([H])([H])C3([H])[H])sc2n1,0,-0.13817316,-0.28946355,-156.53055574996435,-24.74711864192742,0.041603923,0.037831277,0.0397176,-0.013992444,-0.017527834,-0.015760139,-1062136.190550397,2.996377220377326,-1062126.0091263577,-1062131.4401839233
S5-25.5,intermediate,[H]c1nc(N([H])[H])c2c([H])c(-c3c(-c4c([H])c([H])c([H])c([H])c4[H])nc([H])n3C([H])([H])[C@@]3([H])N(C(=O)[C-:91]([H])[C:92]([H])([H])[S:93]C([H])([H])[H])C([H])([H])C([H])([H])C3([H])[H])sc2n1,-1,-0.47604603,-0.11443157,-80.89297483874485,38.13223848705226,0.0054199398,0.013121352,0.009270646,0.07373947,0.30493864,0.18933906,-1337142.7237041635,7.129083337262273,-1337120.228370859,-1337126.6054546284
S5-25.5,product,[H]c1nc(N([H])[H])c2c([H])c(-c3c(-c4c([H])c([H])c([H])c([H])c4[H])nc([H])n3C([H])([H])[C@@]3([H])N(C(=O)[C:91]([H])([H])[C:92]([H])([H])[S:93]C([H])([H])[H])C([H])([H])C([H])([H])C3([H])[H])sc2n1,0,-0.13275394,-0.13007298,-144.97770265320023,-15.456487345567986,-0.013474934,-0.011763394,-0.012619164,0.001484111,-0.0018291771,-0.0001725331,-1337503.8176336004,3.5900780335068703,-1337492.1157043825,-1337498.5091694815
S5-25.6,reactant,[H]c1nc(N([H])[H])c2c([H])c(-c3c(-c4c([H])c([H])c([H])c([H])c4[H])nc([H])n3C([H])([H])[C@@]3([H])N(C(=O)[C:91]([H])=[C:92]([H])[H])C([H])([H])C([H])([H])C3([H])[H])sc2n1,0,-0.11114951,-0.29612845,-158.45109066210148,-24.660562709529437,0.050569087,0.048941642,0.049755365,0.003654912,-0.0105686635,-0.0034568757,-1062137.7466333355,4.6364345364272594,-1062125.8953154401,-1062132.5301553814
S5-25.6,intermediate,[H]c1nc(N([H])[H])c2c([H])c(-c3c(-c4c([H])c([H])c([H])c([H])c4[H])nc([H])n3C([H])([H])[C@@]3([H])N(C(=O)[C-:91]([H])[C:92]([H])([H])[S:93]C([H])([H])[H])C([H])([H])C([H])([H])C3([H])[H])sc2n1,-1,-0.44146472,-0.12974325,-80.75450477331937,48.095905904506886,0.010995537,0.019465588,0.015230563,0.06970084,0.28780562,0.17875323,-1337150.1949269418,6.316336231306195,-1337130.4964286028,-1337136.9373526128
S5-25.6,product,[H]c1nc(N([H])[H])c2c([H])c(-c3c(-c4c([H])c([H])c([H])c([H])c4[H])nc([H])n3C([H])([H])[C@@]3([H])N(C(=O)[C:91]([H])([H])[C:92]([H])([H])[S:93]C([H])([H])[H])C([H])([H])C([H])([H])C3([H])[H])sc2n1,0,-0.11670503,-0.105589874,-149.4294682526617,-21.30579495500299,-0.028880239,-0.029164903,-0.02902257,-0.002952993,-0.009861067,-0.00640703,-1337503.504777948,3.4673904292285442,-1337491.9798091755,-1337498.7869435865
S5-25.7,reactant,[H]c1nc(N([H])[H])c2c([H])c(-c3c(-c4c([H])c([H])c([H])c([H])c4[H])nc([H])n3C([H])([H])[C@@]3([H])N(C(=O)[C:91]([H])=[C:92]([H])[H])C([H])([H])C([H])([H])C3([H])[H])sc2n1,0,-0.102976665,-0.28713256,-155.97133025129216,-19.758351201053262,0.03680694,0.036143243,0.036475092,0.01114355,0.0027865693,0.00696506,-1062141.7346032907,5.906416544690728,-1062127.0581026564,-1062132.6174471288
S5-25.7,intermediate,[H]c1nc(N([H])[H])c2c([H])c(-c3c(-c4c([H])c([H])c([H])c([H])c4[H])nc([H])n3C([H])([H])[C@@]3([H])N(C(=O)[C-:91]([H])[C:92]([H])([H])[S:93]C([H])([H])[H])C([H])([H])C([H])([H])C3([H])[H])sc2n1,-1,-0.500063,-0.12100838,-78.89393626365079,37.8786931881486,0.009627596,0.01675111,0.013189353,0.07891452,0.3141225,0.19651851,-1337140.5996263432,3.5761435627937317,-1337126.5972537582,-1337132.4786651807
S5-25.7,product,[H]c1nc(N([H])[H])c2c([H])c(-c3c(-c4c([H])c([H])c([H])c([H])c4[H])nc([H])n3C([H])([H])[C@@]3([H])N(C(=O)[C:91]([H])([H])[C:92]([H])([H])[S:93]C([H])([H])[H])C([H])([H])C([H])([H])C3([H])[H])sc2n1,0,-0.12421285,-0.10886457,-150.640448881476,-21.953098711788655,-0.03289921,-0.032215767,-0.032557487,-0.00069306046,-0.0074389353,-0.004065998,-1337504.523882277,5.476658111438155,-1337491.4363986356,-1337497.6814498294
S5-25.8,reactant,[H]c1nc(N([H])[H])c2c([H])c(-c3c(-c4c([H])c([H])c([H])c([H])c4[H])nc([H])n3C([H])([H])[C@@]3([H])N(C(=O)[C:91]([H])=[C:92]([H])[H])C([H])([H])C([H])([H])C3([H])[H])sc2n1,0,-0.1435827,-0.28417963,-152.5371732745051,-21.451653456805847,0.055705607,0.044281945,0.049993776,-0.010636315,-0.020077601,-0.015356958,-1062140.51527034,2.566526722162962,-1062130.0023028955,-1062136.1231227508
S5-25.8,intermediate,[H]c1nc(N([H])[H])c2c([H])c(-c3c(-c4c([H])c([H])c([H])c([H])c4[H])nc([H])n3C([H])([H])[C@@]3([H])N(C(=O)[C-:91]([H])[C:92]([H])([H])[S:93]C([H])([H])[H])C([H])([H])C([H])([H])C3([H])[H])sc2n1,-1,-0.4713107,-0.11434653,-81.10262625163654,39.44078481574243,0.0063725337,0.013396822,0.009884678,0.0827156,0.3172801,0.19999786,-1337141.9830851732,5.386967778205872,-1337126.514236031,-1337133.4984249435
S5-25.8,product,[H]c1nc(N([H])[H])c2c([H])c(-c3c(-c4c([H])c([H])c([H])c([H])c4[H])nc([H])n3C([H])([H])[C@@]3([H])N(C(=O)[C:91]([H])([H])[C:92]([H])([H])[S:93]C([H])([H])[H])C([H])([H])C([H])([H])C3([H])[H])sc2n1,0,-0.12048358,-0.11179666,-150.12938625775487,-22.35291360311539,-0.03478563,-0.033875793,-0.03433071,-0.0074605644,-0.013588622,-0.010524593,-1337503.1650612273,2.7116792257875204,-1337493.2129360193,-1337498.4901192344
S5-25.9,reactant,[H]c1nc(N([H])[H])c2c([H])c(-c3c(-c4c([H])c([H])c([H])c([H])c4[H])nc([H])n3C([H])([H])[C@@]3([H])N(C(=O)[C:91]([H])=[C:92]([H])[H])C([H])([H])C([H])([H])C3([H])[H])sc2n1,0,-0.12350545,-0.25695875,-151.92451601379958,-18.625247490232294,0.045648098,0.05313766,0.04939288,0.01459109,-0.0037316754,0.0054297075,-1062142.3941833782,6.3820539973676205,-1062132.0524874723,-1062135.4446787026
S5-25.9,intermediate,[H]c1nc(N([H])[H])c2c([H])c(-c3c(-c4c([H])c([H])c([H])c([H])c4[H])nc([H])n3C([H])([H])[C@@]3([H])N(C(=O)[C-:91]([H])[C:92]([H])([H])[S:93]C([H])([H])[H])C([H])([H])C([H])([H])C3([H])[H])sc2n1,-1,-0.47496098,-0.12289652,-81.79974865356324,49.70663079698717,0.01254876,0.018871829,0.015710294,0.07081604,0.29611868,0.18346736,-1337150.8379362195,6.501570835709572,-1337126.276284559,-1337132.91011176
S5-25.9,product,[H]c1nc(N([H])[H])c2c([H])c(-c3c(-c4c([H])c([H])c([H])c([H])c4[H])nc([H])n3C([H])([H])[C@@]3([H])N(C(=O)[C:91]([H])([H])[C:92]([H])([H])[S:93]C([H])([H])[H])C([H])([H])C([H])([H])C3([H])[H])sc2n1,0,-0.12772791,-0.11511788,-149.27772770708933,-18.98530135322927,-0.036174268,-0.03443612,-0.035305195,0.0051912963,-0.002624303,0.0012834966,-1337503.7937983847,3.2101522982120514,-1337494.1400561102,-1337499.3733838922
S5-25.10,reactant,[H]c1nc(N([H])[H])c2c([H])c(-c3c(-c4c([H])c([H])c([H])c([H])c4[H])nc([H])n3C([H])([H])[C@@]3([H])N(C(=O)[C:91]([H])=[C:92]([H])[H])C([H])([H])C([H])([H])C3([H])[H])sc2n1,0,-0.13710772,-0.268725,-152.1950601155403,-18.81578147734698,0.05964896,0.03672865,0.048188806,0.010875061,-0.009975195,0.0004499331,-1062143.4911903176,5.543953433632851,-1062132.7061676336,-1062138.475524229
S5-25.10,intermediate,[H]c1nc(N([H])[H])c2c([H])c(-c3c(-c4c([H])c([H])c([H])c([H])c4[H])nc([H])n3C([H])([H])[C@@]3([H])N(C(=O)[C-:91]([H])[C:92]([H])([H])[S:93]C([H])([H])[H])C([H])([H])C([H])([H])C3([H])[H])sc2n1,-1,-0.43650907,-0.121601954,-81.41968855695049,47.18607860726217,0.010502756,0.018449374,0.014476065,0.042923927,0.27047604,0.15669999,-1337152.8812494343,3.446917539462447,-1337141.918849434,-1337147.7974930047
S5-25.10,product,[H]c1nc(N([H])[H])c2c([H])c(-c3c(-c4c([H])c([H])c([H])c([H])c4[H])nc([H])n3C([H])([H])[C@@]3([H])N(C(=O)[C:91]([H])([H])[C:92]([H])([H])[S:93]C([H])([H])[H])C([H])([H])C([H])([H])C3([H])[H])sc2n1,0,-0.11635584,-0.099078976,-148.46588195678274,-17.293263429836724,-0.032452248,-0.0328461,-0.032649174,0.0009288639,-0.0065207556,-0.0027959459,-1337507.8854620508,3.395420864224434,-1337498.1080115621,-1337503.5683891636
S5-29.1,reactant,[H]Oc1c([H])c(Cl)c(I)c([H])c1N([H])C([H])([H])C(=O)N1C([H])([H])C([H])([H])N(C(=O)[C:91]([H])=[C:92]([H])[H])C([H])([H])C1([H])[H],0,-0.14604154,-0.2833956,-174.89545397059962,-16.58327179361545,0.06683639,0.048614606,0.057725497,0.001753822,-0.012559071,-0.0054026246,-1085896.0163970941,6.954500552266836,-1085887.9235311067,-1085891.1306319088
S5-29.1,intermediate,[H]Oc1c([H])c(Cl)c(I)c([H])c1N([H])C([H])([H])C(=O)N1C([H])([H])C([H])([H])N(C(=O)[C-:91]([H])[C:92]([H])([H])[S:93]C([H])([H])[H])C([H])([H])C1([H])[H],-1,-0.505686,-0.11309944,-80.73664744645424,51.541943634214945,0.017626062,0.018026672,0.017826367,0.1050182,0.42001438,0.2625163,-1360901.6218806591,3.5740187112241983,-1360889.839896667,-1360893.1731063805
S5-29.1,product,[H]Oc1c([H])c(Cl)c(I)c([H])c1N([H])C([H])([H])C(=O)N1C([H])([H])C([H])([H])N(C(=O)[C:91]([H])([H])[C:92]([H])([H])[S:93]C([H])([H])[H])C([H])([H])C1([H])[H],0,-0.12879908,-0.116158135,-169.7890728899487,-18.864836646930332,-0.02694343,-0.026961662,-0.026952546,0.014950499,-0.0018563569,0.006547071,-1361264.8728799329,3.3421853221952915,-1361255.1379667078,-1361258.7528522944
S5-29.2,reactant,[H]Oc1c([H])c(Cl)c(I)c([H])c1N([H])C([H])([H])C(=O)N1C([H])([H])C([H])([H])N(C(=O)[C:91]([H])=[C:92]([H])[H])C([H])([H])C1([H])[H],0,-0.15229474,-0.2882229,-173.96652416372507,-17.08611371434352,0.0409621,0.034474373,0.037718236,0.021845967,0.0074074864,0.0146267265,-1085894.8081722374,4.32198616117239,-1085885.205328311,-1085889.6674581207
S5-29.2,intermediate,[H]Oc1c([H])c(Cl)c(I)c([H])c1N([H])C([H])([H])C(=O)N1C([H])([H])C([H])([H])N(C(=O)[C-:91]([H])[C:92]([H])([H])[S:93]C([H])([H])[H])C([H])([H])C1([H])[H],-1,-0.4595165,-0.12569103,-76.48032632207455,50.28502626411388,0.0054921955,0.015882611,0.010687403,0.08832803,0.37588257,0.2321053,-1360897.0338436991,1.7036882359534502,-1360888.1740595985,-1360891.8150289778
S5-29.2,product,[H]Oc1c([H])c(Cl)c(I)c([H])c1N([H])C([H])([H])C(=O)N1C([H])([H])C([H])([H])N(C(=O)[C:91]([H])([H])[C:92]([H])([H])[S:93]C([H])([H])[H])C([H])([H])C1([H])[H],0,-0.1172416,-0.115105815,-168.90937235390587,-19.894144419998536,-0.0375076,-0.03692759,-0.037217595,0.03274443,0.0039389953,0.018341713,-1361266.1048322378,4.153134539723396,-1361256.267834615,-1361259.7405477716
S5-29.3,reactant,[H]Oc1c([H])c(Cl)c(I)c([H])c1N([H])C([H])([H])C(=O)N1C([H])([H])C([H])([H])N(C(=O)[C:91]([H])=[C:92]([H])[H])C([H])([H])C1([H])[H],0,-0.14284876,-0.28081393,-177.71075960031405,-20.444224371766925,0.08189571,0.05236748,0.067131594,0.019913465,-0.011762291,0.004075587,-1085898.6931506207,3.4122805781662464,-1085889.6434590172,-1085892.8447462243
S5-29.3,intermediate,[H]Oc1c([H])c(Cl)c(I)c([H])c1N([H])C([H])([H])C(=O)N1C([H])([H])C([H])([H])N(C(=O)[C-:91]([H])[C:92]([H])([H])[S:93]C([H])([H])[H])C([H])([H])C1([H])[H],-1,-0.49891898,-0.12457505,-80.36056800909692,49.29053070033798,0.023813084,0.025821574,0.024817329,0.08416775,0.39496616,0.23956695,-1360897.0280054493,7.244395477697253,-1360885.7406907936,-1360888.83689279
S5-29.3,product,[H]Oc1c([H])c(Cl)c(I)c([H])c1N([H])C([H])([H])C(=O)N1C([H])([H])C([H])([H])N(C(=O)[C:91]([H])([H])[C:92]([H])([H])[S:93]C([H])([H])[H])C([H])([H])C1([H])[H],0,-0.13276677,-0.12462961,-171.83284837889403,-15.05221974647029,-0.018369302,-0.016428284,-0.017398793,0.0066389292,-0.0003810823,0.0031289235,-1361266.4555146564,6.518913749605417,-1361256.2040421716,-1361260.280134222
S5-29.4,reactant,[H]Oc1c([H])c(Cl)c(I)c([H])c1N([H])C([H])([H])C(=O)N1C([H])([H])C([H])([H])N(C(=O)[C:91]([H])=[C:92]([H])[H])C([H])([H])C1([H])[H],0,-0.147074,-0.28296408,-176.29050649911647,-20.336979333162795,0.044388145,0.035649717,0.04001893,0.022401541,0.0035932362,0.012997389,-1085894.2956433503,1.6235491465777159,-1085887.4399334218,-1085891.1164857624
S5-29.4,intermediate,[H]Oc1c([H])c(Cl)c(I)c([H])c1N([H])C([H])([H])C(=O)N1C([H])([H])C([H])([H])N(C(=O)[C-:91]([H])[C:92]([H])([H])[S:93]C([H])([H])[H])C([H])([H])C1([H])[H],-1,-0.4946822,-0.11756034,-79.79004632201456,48.468754615528326,0.022223666,0.032304734,0.0272642,0.038284123,0.35636806,0.1973261,-1360895.352057372,3.0340685304254293,-1360885.670762201,-1360889.5019496894
S5-29.4,product,[H]Oc1c([H])c(Cl)c(I)c([H])c1N([H])C([H])([H])C(=O)N1C([H])([H])C([H])([H])N(C(=O)[C:91]([H])([H])[C:92]([H])([H])[S:93]C([H])([H])[H])C([H])([H])C1([H])[H],0,-0.12905188,-0.116871364,-168.40166515339016,-19.25262103258089,-0.027438022,-0.026077695,-0.026757859,0.023890719,0.0043489337,0.014119826,-1361265.979485329,4.774553755298257,-1361256.1325629973,-1361260.2340116058
S5-29.5,reactant,[H]Oc1c([H])c(Cl)c(I)c([H])c1N([H])C([H])([H])C(=O)N1C([H])([H])C([H])([H])N(C(=O)[C:91]([H])=[C:92]([H])[H])C([H])([H])C1([H])[H],0,-0.1444341,-0.2820943,-176.74111455904543,-19.963820085772827,0.079574406,0.05456108,0.06706774,0.011820614,-0.012291282,-0.00023533404,-1085894.318567227,6.186306942254305,-1085884.0006617669,-1085887.2683883791
S5-29.5,intermediate,[H]Oc1c([H])c(Cl)c(I)c([H])c1N([H])C([H])([H])C(=O)N1C([H])([H])C([H])([H])N(C(=O)[C-:91]([H])[C:92]([H])([H])[S:93]C([H])([H])[H])C([H])([H])C1([H])[H],-1,-0.5002201,-0.117124654,-79.30761055422609,51.80429138313366,0.015847169,0.019503787,0.017675478,0.079728246,0.4071918,0.24346003,-1360900.8360371697,4.01439068838954,-1360888.3011186891,-1360892.4661653447
S5-29.5,product,[H]Oc1c([H])c(Cl)c(I)c([H])c1N([H])C([H])([H])C(=O)N1C([H])([H])C([H])([H])N(C(=O)[C:91]([H])([H])[C:92]([H])([H])[S:93]C([H])([H])[H])C([H])([H])C1([H])[H],0,-0.11861984,-0.11398435,-169.19945465137312,-20.10703858422564,-0.033922054,-0.03384438,-0.033883218,0.01853723,-0.0057307854,0.0064032227,-1361265.8451765582,3.466610372066498,-1361255.4008625632,-1361259.6746007288
S5-29.6,reactant,[H]Oc1c([H])c(Cl)c(I)c([H])c1N([H])C([H])([H])C(=O)N1C([H])([H])C([H])([H])N(C(=O)[C:91]([H])=[C:92]([H])[H])C([H])([H])C1([H])[H],0,-0.14581731,-0.28076464,-177.5040414089469,-21.125746932942544,0.09024632,0.053799182,0.07202275,0.021976829,-0.0127277225,0.004624553,-1085898.471644716,4.055960210040212,-1085888.2355107241,-1085892.1144709066
S5-29.6,intermediate,[H]Oc1c([H])c(Cl)c(I)c([H])c1N([H])C([H])([H])C(=O)N1C([H])([H])C([H])([H])N(C(=O)[C-:91]([H])[C:92]([H])([H])[S:93]C([H])([H])[H])C([H])([H])C1([H])[H],-1,-0.53200734,-0.11372781,-80.83890793062427,52.960236055274606,0.008714147,0.014498018,0.011606082,0.04077822,0.40398148,0.22237985,-1360896.573168565,7.050138896331191,-1360884.0170394373,-1360887.3008807742
S5-29.6,product,[H]Oc1c([H])c(Cl)c(I)c([H])c1N([H])C([H])([H])C(=O)N1C([H])([H])C([H])([H])N(C(=O)[C:91]([H])([H])[C:92]([H])([H])[S:93]C([H])([H])[H])C([H])([H])C1([H])[H],0,-0.12756582,-0.11563482,-169.54064233235798,-20.4587881731001,-0.02746898,-0.027368985,-0.027418982,0.012466967,-0.003786862,0.0043400526,-1361266.373393622,3.3548628129065037,-1361257.3268079,-1361261.397022402
S5-29.7,reactant,[H]Oc1c([H])c(Cl)c(I)c([H])c1N([H])C([H])([H])C(=O)N1C([H])([H])C([H])([H])N(C(=O)[C:91]([H])=[C:92]([H])[H])C([H])([H])C1([H])[H],0,-0.14174925,-0.28117988,-177.6604227038333,-20.396968756253706,0.08457044,0.05161506,0.06809275,0.026467994,-0.011646494,0.00741075,-1085898.0295169328,2.697631910443306,-1085889.8550292219,-1085892.8002255084
S5-29.7,intermediate,[H]Oc1c([H])c(Cl)c(I)c([H])c1N([H])C([H])([H])C(=O)N1C([H])([H])C([H])([H])N(C(=O)[C-:91]([H])[C:92]([H])([H])[S:93]C([H])([H])[H])C([H])([H])C1([H])[H],-1,-0.50126094,-0.11225223,-80.94185097764883,52.137037051334204,0.016575016,0.017257117,0.016916066,0.09737283,0.4174444,0.25740862,-1360900.8286814736,4.260535713285208,-1360887.7451790962,-1360892.27065608
S5-29.7,product,[H]Oc1c([H])c(Cl)c(I)c([H])c1N([H])C([H])([H])C(=O)N1C([H])([H])C([H])([H])N(C(=O)[C:91]([H])([H])[C:92]([H])([H])[S:93]C([H])([H])[H])C([H])([H])C1([H])[H],0,-0.12307874,-0.10645041,-166.68158100060154,-17.344677877722496,-0.035018764,-0.03662546,-0.035822112,0.01496347,-0.0041802004,0.005391635,-1361262.9431440325,1.512986235320568,-1361255.1709634983,-1361259.6376838768
S5-29.8,reactant,[H]Oc1c([H])c(Cl)c(I)c([H])c1N([H])C([H])([H])C(=O)N1C([H])([H])C([H])([H])N(C(=O)[C:91]([H])=[C:92]([H])[H])C([H])([H])C1([H])[H],0,-0.14599079,-0.28233734,-179.1668915724601,-21.5145739347804,0.047967166,0.03731802,0.042642593,0.026862234,0.004723802,0.015793018,-1085895.4662070351,4.041571110486984,-1085885.3295018626,-1085889.1439632683
S5-29.8,intermediate,[H]Oc1c([H])c(Cl)c(I)c([H])c1N([H])C([H])([H])C(=O)N1C([H])([H])C([H])([H])N(C(=O)[C-:91]([H])[C:92]([H])([H])[S:93]C([H])([H])[H])C([H])([H])C1([H])[H],-1,-0.5026742,-0.11839187,-76.35383203488578,53.52255104425679,0.0103136,0.017630942,0.013972271,0.054713786,0.37349072,0.21410225,-1360895.3577479888,3.793370706960559,-1360883.7819437871,-1360887.7426668336
S5-29.8,product,[H]Oc1c([H])c(Cl)c(I)c([H])c1N([H])C([H])([H])C(=O)N1C([H])([H])C([H])([H])N(C(=O)[C:91]([H])([H])[C:92]([H])([H])[S:93]C([H])([H])[H])C([H])([H])C1([H])[H],0,-0.12809764,-0.1151353,-167.73147679373758,-17.764751687221736,-0.027984597,-0.027623117,-0.027803857,0.009625241,-0.003561616,0.0030318126,-1361263.6161233122,2.3311545476317406,-1361254.5386991622,-1361259.1443587367
S5-29.9,reactant,[H]Oc1c([H])c(Cl)c(I)c([H])c1N([H])C([H])([H])C(=O)N1C([H])([H])C([H])([H])N(C(=O)[C:91]([H])=[C:92]([H])[H])C([H])([H])C1([H])[H],0,-0.14524043,-0.28009653,-177.82534977217614,-21.03885896387683,0.08986345,0.053881884,0.07187267,0.020407125,-0.013138041,0.0036345422,-1085898.73069219,6.281790899112821,-1085887.8550691742,-1085891.2007030959
S5-29.9,intermediate,[H]Oc1c([H])c(Cl)c(I)c([H])c1N([H])C([H])([H])C(=O)N1C([H])([H])C([H])([H])N(C(=O)[C-:91]([H])[C:92]([H])([H])[S:93]C([H])([H])[H])C([H])([H])C1([H])[H],-1,-0.5095618,-0.11856999,-78.61233958964186,50.719192997084654,0.0129907355,0.01970581,0.016348273,0.051762402,0.38977268,0.22076754,-1360900.879655498,2.9264570772647858,-1360890.0397391315,-1360894.1293798184
S5-29.9,product,[H]Oc1c([H])c(Cl)c(I)c([H])c1N([H])C([H])([H])C(=O)N1C([H])([H])C([H])([H])N(C(=O)[C:91]([H])([H])[C:92]([H])([H])[S:93]C([H])([H])[H])C([H])([H])C1([H])[H],0,-0.12354197,-0.111611195,-168.0020011765797,-18.30661057407927,-0.042236313,-0.041399695,-0.041818004,0.024604045,0.0065731704,0.015588608,-1361260.2511086483,7.868503859266639,-1361249.152993614,-1361252.9674691213
S5-29.10,reactant,[H]Oc1c([H])c(Cl)c(I)c([H])c1N([H])C([H])([H])C(=O)N1C([H])([H])C([H])([H])N(C(=O)[C:91]([H])=[C:92]([H])[H])C([H])([H])C1([H])[H],0,-0.1436148,-0.28506416,-172.39050128588278,-16.247061650691883,0.06758928,0.047830492,0.057709888,-0.0022305697,-0.017466098,-0.009848334,-1085893.7527413117,2.1491649970412254,-1085886.541910225,-1085890.4648606367
S5-29.10,intermediate,[H]Oc1c([H])c(Cl)c(I)c([H])c1N([H])C([H])([H])C(=O)N1C([H])([H])C([H])([H])N(C(=O)[C-:91]([H])[C:92]([H])([H])[S:93]C([H])([H])[H])C([H])([H])C1([H])[H],-1,-0.49960965,-0.12453647,-79.09440203730219,49.731380839404856,0.01942712,0.024896413,0.022161767,0.06078136,0.3772663,0.21902382,-1360900.5673807939,9.66881999373436,-1360884.0653580585,-1360887.7818091165
S5-29.10,product,[H]Oc1c([H])c(Cl)c(I)c([H])c1N([H])C([H])([H])C(=O)N1C([H])([H])C([H])([H])N(C(=O)[C:91]([H])([H])[C:92]([H])([H])[S:93]C([H])([H])[H])C([H])([H])C1([H])[H],0,-0.11973548,-0.11068582,-165.14948756916542,-14.863136332562469,-0.035744175,-0.036749206,-0.03624669,0.008891925,-0.0076012015,0.00064536184,-1361264.6922800015,2.7874742448329926,-1361256.888301122,-1361260.766195726
S5-28.1,reactant,[H]c1nc(N([H])[H])c(-n2nnc3c([H])c([H])c([H])c([H])c32)nc1-c1c([H])nn(C2([H])C([H])([H])C([H])([H])N(C(=O)[C:91]([H])=[C:92]([H])[H])C([H])([H])C2([H])[H])c1[H],0,-0.14789681,-0.2860641,-164.31279622813162,-30.169871131029186,0.041586727,0.036211103,0.038898915,-0.015347853,-0.018485755,-0.016916804,-867092.0457693861,5.206436850130558,-867079.8731048756,-867085.160971262
S5-28.1,intermediate,[H]c1nc(N([H])[H])c(-n2nnc3c([H])c([H])c([H])c([H])c32)nc1-c1c([H])nn(C2([H])C([H])([H])C([H])([H])N(C(=O)[C-:91]([H])[C:92]([H])([H])[S:93]C([H])([H])[H])C([H])([H])C2([H])[H])c1[H],-1,-0.47304097,-0.1287997,-79.99189265648911,31.46282363901848,0.0062271953,0.014802121,0.010514658,0.062022477,0.28434962,0.17318605,-1142090.3065454273,7.257068170234561,-1142074.029924977,-1142079.0156485287
S5-28.1,product,[H]c1nc(N([H])[H])c(-n2nnc3c([H])c([H])c([H])c([H])c32)nc1-c1c([H])nn(C2([H])C([H])([H])C([H])([H])N(C(=O)[C:91]([H])([H])[C:92]([H])([H])[S:93]C([H])([H])[H])C([H])([H])C2([H])[H])c1[H],0,-0.1414998,-0.11990494,-156.0509849274147,-29.24200600205837,-0.022988945,-0.021542676,-0.02226581,-0.003966287,-0.0066714436,-0.005318865,-1142460.3748145327,5.694687079638243,-1142449.9007850979,-1142455.2848277409
S5-28.2,reactant,[H]c1nc(N([H])[H])c(-n2nnc3c([H])c([H])c([H])c([H])c32)nc1-c1c([H])nn(C2([H])C([H])([H])C([H])([H])N(C(=O)[C:91]([H])=[C:92]([H])[H])C([H])([H])C2([H])[H])c1[H],0,-0.14894849,-0.28657487,-160.1361842635186,-28.75416045831424,0.04137236,0.036926076,0.039149217,-0.018029407,-0.019474283,-0.018751845,-867094.4620726893,5.025685481727123,-867084.3506427268,-867089.5994944179
S5-28.2,intermediate,[H]c1nc(N([H])[H])c(-n2nnc3c([H])c([H])c([H])c([H])c32)nc1-c1c([H])nn(C2([H])C([H])([H])C([H])([H])N(C(=O)[C-:91]([H])[C:92]([H])([H])[S:93]C([H])([H])[H])C([H])([H])C2([H])[H])c1[H],-1,-0.50204957,-0.10693725,-79.15949727641403,28.039704239995682,0.00992389,0.01936689,0.01464539,0.052444518,0.28001636,0.16623044,-1142092.1294927197,2.6108808908611536,-1142079.9059721304,-1142084.9053013842
S5-28.2,product,[H]c1nc(N([H])[H])c(-n2nnc3c([H])c([H])c([H])c([H])c32)nc1-c1c([H])nn(C2([H])C([H])([H])C([H])([H])N(C(=O)[C:91]([H])([H])[C:92]([H])([H])[S:93]C([H])([H])[H])C([H])([H])C2([H])[H])c1[H],0,-0.12962285,-0.12656133,-154.05598276604326,-28.227266621494618,-0.026051618,-0.023377195,-0.024714407,-0.0050546676,-0.008930758,-0.0069927126,-1142460.4707905273,3.093785161152482,-1142449.2285954948,-1142455.2914064596
S5-28.3,reactant,[H]c1nc(N([H])[H])c(-n2nnc3c([H])c([H])c([H])c([H])c32)nc1-c1c([H])nn(C2([H])C([H])([H])C([H])([H])N(C(=O)[C:91]([H])=[C:92]([H])[H])C([H])([H])C2([H])[H])c1[H],0,-0.15450956,-0.27866462,-161.485050632177,-28.3853995810263,0.029455513,0.02857399,0.029014751,-0.0003065318,-0.005618915,-0.0029627234,-867094.1181718615,7.988748267292976,-867080.4318558164,-867084.9132207303
S5-28.3,intermediate,[H]c1nc(N([H])[H])c(-n2nnc3c([H])c([H])c([H])c([H])c32)nc1-c1c([H])nn(C2([H])C([H])([H])C([H])([H])N(C(=O)[C-:91]([H])[C:92]([H])([H])[S:93]C([H])([H])[H])C([H])([H])C2([H])[H])c1[H],-1,-0.25721937,-0.22982398,-71.23289572349076,34.60472122126244,0.08252329,0.07971117,0.08111723,0.0762223,0.071643725,0.07393301,-1142089.5222139522,9.684697229415178,-1142068.114548687,-1142074.583190921
S5-28.3,product,[H]c1nc(N([H])[H])c(-n2nnc3c([H])c([H])c([H])c([H])c32)nc1-c1c([H])nn(C2([H])C([H])([H])C([H])([H])N(C(=O)[C:91]([H])([H])[C:92]([H])([H])[S:93]C([H])([H])[H])C([H])([H])C2([H])[H])c1[H],0,-0.1282277,-0.12684347,-154.06393001338517,-27.997789179508377,-0.024105854,-0.020896152,-0.022501003,-0.0015827119,-0.006970361,-0.0042765364,-1142460.643171136,8.542484607547522,-1142446.1346760711,-1142451.382188038
S5-28.4,reactant,[H]c1nc(N([H])[H])c(-n2nnc3c([H])c([H])c([H])c([H])c32)nc1-c1c([H])nn(C2([H])C([H])([H])C([H])([H])N(C(=O)[C:91]([H])=[C:92]([H])[H])C([H])([H])C2([H])[H])c1[H],0,-0.15555693,-0.28768343,-161.74339575962188,-30.287138504409995,0.026121676,0.026809573,0.026465625,-0.00069093704,-0.0013155639,-0.0010032505,-867092.5733838279,3.854731945320964,-867083.0200057403,-867088.8522457776
S5-28.4,intermediate,[H]c1nc(N([H])[H])c(-n2nnc3c([H])c([H])c([H])c([H])c32)nc1-c1c([H])nn(C2([H])C([H])([H])C([H])([H])N(C(=O)[C-:91]([H])[C:92]([H])([H])[S:93]C([H])([H])[H])C([H])([H])C2([H])[H])c1[H],-1,-0.5176359,-0.1154991,-76.08645399465487,29.254605942672445,0.0066779703,0.0129304305,0.0098042,0.07877666,0.3209469,0.19986178,-1142091.664649133,8.85509724356234,-1142069.4047544966,-1142076.3858541278
S5-28.4,product,[H]c1nc(N([H])[H])c(-n2nnc3c([H])c([H])c([H])c([H])c32)nc1-c1c([H])nn(C2([H])C([H])([H])C([H])([H])N(C(=O)[C:91]([H])([H])[C:92]([H])([H])[S:93]C([H])([H])[H])C([H])([H])C2([H])[H])c1[H],0,-0.12926163,-0.12631759,-153.64620994519854,-27.56277511377264,-0.026284978,-0.023257017,-0.024770997,-0.0042890385,-0.008740708,-0.0065148734,-1142461.174934566,9.076961632817984,-1142448.4339005426,-1142452.8097392987
S5-28.5,reactant,[H]c1nc(N([H])[H])c(-n2nnc3c([H])c([H])c([H])c([H])c32)nc1-c1c([H])nn(C2([H])C([H])([H])C([H])([H])N(C(=O)[C:91]([H])=[C:92]([H])[H])C([H])([H])C2([H])[H])c1[H],0,-0.15006886,-0.28368554,-160.8142752995908,-28.778305389290825,0.046038747,0.038169667,0.042104207,-0.02097565,-0.022101238,-0.021538444,-867092.5975232908,7.445916272699833,-867078.9962530938,-867083.9043479745
S5-28.5,intermediate,[H]c1nc(N([H])[H])c(-n2nnc3c([H])c([H])c([H])c([H])c32)nc1-c1c([H])nn(C2([H])C([H])([H])C([H])([H])N(C(=O)[C-:91]([H])[C:92]([H])([H])[S:93]C([H])([H])[H])C([H])([H])C2([H])[H])c1[H],-1,-0.48196182,-0.12249797,-77.04988012941236,29.829799528160002,0.0069339946,0.014925927,0.010929961,0.046321005,0.2840591,0.16519007,-1142093.302880336,4.569545641541481,-1142078.8344003398,-1142084.467339234
S5-28.5,product,[H]c1nc(N([H])[H])c(-n2nnc3c([H])c([H])c([H])c([H])c32)nc1-c1c([H])nn(C2([H])C([H])([H])C([H])([H])N(C(=O)[C:91]([H])([H])[C:92]([H])([H])[S:93]C([H])([H])[H])C([H])([H])C2([H])[H])c1[H],0,-0.12674448,-0.106147945,-156.0346992935628,-29.27552685395012,-0.0340968,-0.034312665,-0.034204733,-0.008038901,-0.013759658,-0.010899279,-1142458.632065375,8.74261024966836,-1142443.3585181485,-1142449.9911029919
S5-28.6,reactant,[H]c1nc(N([H])[H])c(-n2nnc3c([H])c([H])c([H])c([H])c32)nc1-c1c([H])nn(C2([H])C([H])([H])C([H])([H])N(C(=O)[C:91]([H])=[C:92]([H])[H])C([H])([H])C2([H])[H])c1[H],0,-0.15450695,-0.28406397,-164.1424609982851,-29.866696345824934,0.04755318,0.037873596,0.04271339,-0.020877063,-0.02096881,-0.020922936,-867091.2015249925,3.7265582159161568,-867078.1611335834,-867084.6624720867
S5-28.6,intermediate,[H]c1nc(N([H])[H])c(-n2nnc3c([H])c([H])c([H])c([H])c32)nc1-c1c([H])nn(C2([H])C([H])([H])C([H])([H])N(C(=O)[C-:91]([H])[C:92]([H])([H])[S:93]C([H])([H])[H])C([H])([H])C2([H])[H])c1[H],-1,-0.51457995,-0.11486747,-76.35525081771736,28.313834899030844,0.006713055,0.012810059,0.009761557,0.08130193,0.31956542,0.20043367,-1142091.8988865793,3.9580268394201994,-1142077.798392141,-1142082.1763054712
S5-28.6,product,[H]c1nc(N([H])[H])c(-n2nnc3c([H])c([H])c([H])c([H])c32)nc1-c1c([H])nn(C2([H])C([H])([H])C([H])([H])N(C(=O)[C:91]([H])([H])[C:92]([H])([H])[S:93]C([H])([H])[H])C([H])([H])C2([H])[H])c1[H],0,-0.12846713,-0.109153755,-156.46174411517399,-28.75282125108671,-0.034643956,-0.034671135,-0.034657545,-0.00513041,-0.010476232,-0.007803321,-1142459.9691136116,5.018752513453364,-1142449.9530293285,-1142454.8223055948
S5-28.7,reactant,[H]c1nc(N([H])[H])c(-n2nnc3c([H])c([H])c([H])c([H])c32)nc1-c1c([H])nn(C2([H])C([H])([H])C([H])([H])N(C(=O)[C:91]([H])=[C:92]([H])[H])C([H])([H])C2([H])[H])c1[H],0,-0.15424973,-0.2842988,-159.8506878231585,-28.494541177231707,0.047014624,0.038531736,0.04277318,-0.022853702,-0.021758273,-0.022305988,-867093.7756531398,5.425521234050393,-867084.7657548258,-867088.8651011139
S5-28.7,intermediate,[H]c1nc(N([H])[H])c(-n2nnc3c([H])c([H])c([H])c([H])c32)nc1-c1c([H])nn(C2([H])C([H])([H])C([H])([H])N(C(=O)[C-:91]([H])[C:92]([H])([H])[S:93]C([H])([H])[H])C([H])([H])C2([H])[H])c1[H],-1,-0.49325323,-0.121432625,-77.85183669226498,32.56652938334349,0.009950079,0.01544828,0.012699179,0.07167119,0.30281034,0.18724076,-1142092.9644413495,12.033660300076008,-1142072.5004782053,-1142077.7181494373
S5-28.7,product,[H]c1nc(N([H])[H])c(-n2nnc3c([H])c([H])c([H])c([H])c32)nc1-c1c([H])nn(C2([H])C([H])([H])C([H])([H])N(C(=O)[C:91]([H])([H])[C:92]([H])([H])[S:93]C([H])([H])[H])C([H])([H])C2([H])[H])c1[H],0,-0.13562165,-0.10375968,-157.18150299302465,-30.508634172567124,-0.034578048,-0.032499693,-0.03353887,0.00011430681,-0.003271684,-0.0015786886,-1142459.3015363852,9.059740711003542,-1142445.568529081,-1142450.6035348407
S5-28.8,reactant,[H]c1nc(N([H])[H])c(-n2nnc3c([H])c([H])c([H])c([H])c32)nc1-c1c([H])nn(C2([H])C([H])([H])C([H])([H])N(C(=O)[C:91]([H])=[C:92]([H])[H])C([H])([H])C2([H])[H])c1[H],0,-0.15117294,-0.2836937,-161.00104668568596,-27.78987096674329,0.04738471,0.03871478,0.043049745,-0.021367162,-0.022565141,-0.021966152,-867093.059061002,7.946006087586284,-867080.767338273,-867084.231434893
S5-28.8,intermediate,[H]c1nc(N([H])[H])c(-n2nnc3c([H])c([H])c([H])c([H])c32)nc1-c1c([H])nn(C2([H])C([H])([H])C([H])([H])N(C(=O)[C-:91]([H])[C:92]([H])([H])[S:93]C([H])([H])[H])C([H])([H])C2([H])[H])c1[H],-1,-0.5104617,-0.11505813,-77.78684096124934,27.991130685839508,0.0055057257,0.012291543,0.008898634,0.087557554,0.31685936,0.20220846,-1142093.1083192439,8.475373512133956,-1142072.7685648256,-1142079.8009528199
S5-28.8,product,[H]c1nc(N([H])[H])c(-n2nnc3c([H])c([H])c([H])c([H])c32)nc1-c1c([H])nn(C2([H])C([H])([H])C([H])([H])N(C(=O)[C:91]([H])([H])[C:92]([H])([H])[S:93]C([H])([H])[H])C([H])([H])C2([H])[H])c1[H],0,-0.13815425,-0.12225961,-154.5367267446841,-28.1376694041555,-0.026833147,-0.02436211,-0.025597628,-0.006233752,-0.008837596,-0.0075356737,-1142458.506139378,9.410005128011107,-1142445.1737513756,-1142449.9666757383
S5-28.9,reactant,[H]c1nc(N([H])[H])c(-n2nnc3c([H])c([H])c([H])c([H])c32)nc1-c1c([H])nn(C2([H])C([H])([H])C([H])([H])N(C(=O)[C:91]([H])=[C:92]([H])[H])C([H])([H])C2([H])[H])c1[H],0,-0.1489077,-0.2839949,-161.57517299038122,-29.98376368991199,0.044071525,0.037358776,0.04071515,-0.018503979,-0.020005092,-0.019254535,-867091.8707268523,4.5812594927847385,-867083.4616378681,-867088.0349061616
S5-28.9,intermediate,[H]c1nc(N([H])[H])c(-n2nnc3c([H])c([H])c([H])c([H])c32)nc1-c1c([H])nn(C2([H])C([H])([H])C([H])([H])N(C(=O)[C-:91]([H])[C:92]([H])([H])[S:93]C([H])([H])[H])C([H])([H])C2([H])[H])c1[H],-1,-0.50505394,-0.12072208,-72.72702026210764,28.837037095885577,0.0062133595,0.014185369,0.010199364,0.07874805,0.30592614,0.1923371,-1142090.3570103613,3.6189495865255594,-1142076.8121550593,-1142082.1944740566
S5-28.9,product,[H]c1nc(N([H])[H])c(-n2nnc3c([H])c([H])c([H])c([H])c32)nc1-c1c([H])nn(C2([H])C([H])([H])C([H])([H])N(C(=O)[C:91]([H])([H])[C:92]([H])([H])[S:93]C([H])([H])[H])C([H])([H])C2([H])[H])c1[H],0,-0.12676543,-0.106460236,-156.14365567930483,-29.502372328604192,-0.03405565,-0.03412389,-0.03408977,-0.007836305,-0.013797596,-0.01081695,-1142458.503382472,7.69453882239759,-1142442.9584753378,-1142449.9911766627
S5-28.10,reactant,[H]c1nc(N([H])[H])c(-n2nnc3c([H])c([H])c([H])c([H])c32)nc1-c1c([H])nn(C2([H])C([H])([H])C([H])([H])N(C(=O)[C:91]([H])=[C:92]([H])[H])C([H])([H])C2([H])[H])c1[H],0,-0.157719,-0.2907097,-162.92447558239218,-30.768571714790113,0.025541931,0.02688247,0.0262122,-0.0012651533,-0.001571998,-0.0014185756,-867092.4507811804,3.6157973296940327,-867083.1706147386,-867088.3777381596
S5-28.10,intermediate,[H]c1nc(N([H])[H])c(-n2nnc3c([H])c([H])c([H])c([H])c32)nc1-c1c([H])nn(C2([H])C([H])([H])C([H])([H])N(C(=O)[C-:91]([H])[C:92]([H])([H])[S:93]C([H])([H])[H])C([H])([H])C2([H])[H])c1[H],-1,-0.49133173,-0.12331224,-78.10683205950272,29.585999578802554,0.006638728,0.014770798,0.010704763,0.0472835,0.28469843,0.16599096,-1142094.4284287593,9.157410027459264,-1142073.8201797341,-1142079.2225112624
S5-28.10,product,[H]c1nc(N([H])[H])c(-n2nnc3c([H])c([H])c([H])c([H])c32)nc1-c1c([H])nn(C2([H])C([H])([H])C([H])([H])N(C(=O)[C:91]([H])([H])[C:92]([H])([H])[S:93]C([H])([H])[H])C([H])([H])C2([H])[H])c1[H],0,-0.12754233,-0.10944555,-156.23924150481594,-28.207120580899673,-0.038789026,-0.038339175,-0.0385641,-0.0010993332,-0.007696584,-0.0043979585,-1142460.2527857416,3.8297040797770023,-1142450.635927979,-1142456.2250524648
S5-31.1,reactant,[H]c1nc(N2C([H])([H])C([H])([H])N(C(=O)[C:91]([H])=[C:92]([H])[H])C([H])([H])C2([H])[H])nc([H])c1-c1c([H])c([H])c([H])c([H])c1[H],0,-0.1356091,-0.28732535,-169.7439323233324,-7.34883874879558,0.07411599,0.051053718,0.062584855,0.0006174743,-0.023775443,-0.011578985,-598357.4327169056,2.5034961253404617,-598351.6762395727,-598355.2421762545
S5-31.1,intermediate,[H]c1nc(N2C([H])([H])C([H])([H])N(C(=O)[C-:91]([H])[C:92]([H])([H])[S:93]C([H])([H])[H])C([H])([H])C2([H])[H])nc([H])c1-c1c([H])c([H])c([H])c([H])c1[H],-1,-0.47844148,-0.11435195,-71.23409017383801,59.356048226788616,-0.0035448968,0.013245381,0.0048502423,-0.0075106025,0.33130413,0.16189677,-873352.7037374759,2.271147510036826,-873343.7459878131,-873347.8383270525
S5-31.1,product,[H]c1nc(N2C([H])([H])C([H])([H])N(C(=O)[C:91]([H])([H])[C:92]([H])([H])[S:93]C([H])([H])[H])C([H])([H])C2([H])[H])nc([H])c1-c1c([H])c([H])c([H])c([H])c1[H],0,-0.11727714,-0.1010031,-162.65402182989538,-7.189841004578218,-0.041126218,-0.04265707,-0.041891642,0.000116467476,-0.0125919655,-0.006237749,-873723.0577991522,1.530809797346592,-873716.7765032985,-873720.9977831916
S5-31.2,reactant,[H]c1nc(N2C([H])([H])C([H])([H])N(C(=O)[C:91]([H])=[C:92]([H])[H])C([H])([H])C2([H])[H])nc([H])c1-c1c([H])c([H])c([H])c([H])c1[H],0,-0.14524694,-0.28658986,-171.48755053777435,-7.981253691755267,0.041457385,0.036201417,0.0388294,0.009544805,-0.003237754,0.0031535253,-598354.937752306,1.569342140108347,-598347.6277257045,-598352.9924055345
S5-31.2,intermediate,[H]c1nc(N2C([H])([H])C([H])([H])N(C(=O)[C-:91]([H])[C:92]([H])([H])[S:93]C([H])([H])[H])C([H])([H])C2([H])[H])nc([H])c1-c1c([H])c([H])c([H])c([H])c1[H],-1,-0.23951891,-0.2126038,-62.373320830408154,54.079608403024785,0.06638053,0.06422709,0.06530381,0.08777332,0.08639826,0.08708579,-873343.9159880314,1.7449868600815535,-873334.8589950696,-873339.3194780762
S5-31.2,product,[H]c1nc(N2C([H])([H])C([H])([H])N(C(=O)[C:91]([H])([H])[C:92]([H])([H])[S:93]C([H])([H])[H])C([H])([H])C2([H])[H])nc([H])c1-c1c([H])c([H])c([H])c([H])c1[H],0,-0.12760638,-0.10733408,-162.59409475230296,-6.116725373037511,-0.03528969,-0.034044147,-0.03466692,0.0007765293,-0.008102253,-0.003662862,-873722.9141655269,2.6502217650413513,-873714.9721990641,-873720.609055276
S5-31.3,reactant,[H]c1nc(N2C([H])([H])C([H])([H])N(C(=O)[C:91]([H])=[C:92]([H])[H])C([H])([H])C2([H])[H])nc([H])c1-c1c([H])c([H])c([H])c([H])c1[H],0,-0.13584515,-0.2872416,-169.373878681829,-7.369880695734142,0.07444075,0.051209927,0.06282534,-0.00022552907,-0.023994803,-0.012110166,-598357.4206703238,1.2880482468754053,-598350.7158181373,-598355.2037974402
S5-31.3,intermediate,[H]c1nc(N2C([H])([H])C([H])([H])N(C(=O)[C-:91]([H])[C:92]([H])([H])[S:93]C([H])([H])[H])C([H])([H])C2([H])[H])nc([H])c1-c1c([H])c([H])c([H])c([H])c1[H],-1,-0.41479775,-0.1230952,-72.15865605806977,62.261127315053216,-0.006989263,0.01252351,0.0027671233,-0.0025422573,0.29176956,0.14461365,-873352.9568366981,3.627675713971257,-873343.0839917251,-873347.31207138
S5-31.3,product,[H]c1nc(N2C([H])([H])C([H])([H])N(C(=O)[C:91]([H])([H])[C:92]([H])([H])[S:93]C([H])([H])[H])C([H])([H])C2([H])[H])nc([H])c1-c1c([H])c([H])c([H])c([H])c1[H],0,-0.1163507,-0.10122232,-162.6444457521679,-7.310805017825705,-0.04144771,-0.042901292,-0.042174503,0.00019709766,-0.012156583,-0.005979743,-873723.2096670683,1.8736506346613169,-873716.5171028005,-873721.0957032283
S5-31.4,reactant,[H]c1nc(N2C([H])([H])C([H])([H])N(C(=O)[C:91]([H])=[C:92]([H])[H])C([H])([H])C2([H])[H])nc([H])c1-c1c([H])c([H])c([H])c([H])c1[H],0,-0.14917526,-0.2788105,-173.31126680497886,-7.77296146850007,0.038081378,0.032478273,0.035279825,0.009308755,-0.0027807206,0.0032640174,-598356.0642711634,1.7378851007670164,-598349.3330090615,-598352.6272406622
S5-31.4,intermediate,[H]c1nc(N2C([H])([H])C([H])([H])N(C(=O)[C-:91]([H])[C:92]([H])([H])[S:93]C([H])([H])[H])C([H])([H])C2([H])[H])nc([H])c1-c1c([H])c([H])c([H])c([H])c1[H],-1,-0.46093577,-0.116445266,-73.7816159763543,63.17877263770732,-0.0070088133,0.009124845,0.001058016,0.014664918,0.36585122,0.19025809,-873355.2360464992,3.198119228705764,-873347.8943057067,-873350.7282469631
S5-31.4,product,[H]c1nc(N2C([H])([H])C([H])([H])N(C(=O)[C:91]([H])([H])[C:92]([H])([H])[S:93]C([H])([H])[H])C([H])([H])C2([H])[H])nc([H])c1-c1c([H])c([H])c([H])c([H])c1[H],0,-0.12774704,-0.10492893,-162.57153691388277,-6.012975323171661,-0.03455534,-0.032987826,-0.033771582,0.0019030124,-0.006600663,-0.0023488253,-873722.9875672662,2.7453378308564425,-873715.4437164415,-873720.693463372
S5-31.5,reactant,[H]c1nc(N2C([H])([H])C([H])([H])N(C(=O)[C:91]([H])=[C:92]([H])[H])C([H])([H])C2([H])[H])nc([H])c1-c1c([H])c([H])c([H])c([H])c1[H],0,-0.13557377,-0.28742847,-169.77569850013427,-7.338377508162598,0.07427561,0.051060215,0.062667914,0.0006738603,-0.023859978,-0.011593059,-598357.4293928668,2.453128157183528,-598352.079836165,-598355.2758844534
S5-31.5,intermediate,[H]c1nc(N2C([H])([H])C([H])([H])N(C(=O)[C-:91]([H])[C:92]([H])([H])[S:93]C([H])([H])[H])C([H])([H])C2([H])[H])nc([H])c1-c1c([H])c([H])c([H])c([H])c1[H],-1,-0.45956072,-0.11270141,-74.72701647921988,59.97839182464193,-0.007168323,0.008126371,0.0004790239,0.011860549,0.35511398,0.18348727,-873355.9827466124,3.568112537264824,-873342.2887035883,-873347.8634227429
S5-31.5,product,[H]c1nc(N2C([H])([H])C([H])([H])N(C(=O)[C:91]([H])([H])[C:92]([H])([H])[S:93]C([H])([H])[H])C([H])([H])C2([H])[H])nc([H])c1-c1c([H])c([H])c([H])c([H])c1[H],0,-0.11677078,-0.10933617,-166.60357309857062,-8.796193556345562,-0.04375145,-0.043863595,-0.04380752,0.0012919307,-0.011055984,-0.0048820265,-873725.2124824517,3.3901076670736074,-873716.519142645,-873722.37350246
S5-31.6,reactant,[H]c1nc(N2C([H])([H])C([H])([H])N(C(=O)[C:91]([H])=[C:92]([H])[H])C([H])([H])C2([H])[H])nc([H])c1-c1c([H])c([H])c([H])c([H])c1[H],0,-0.13553767,-0.28736848,-169.75815097917447,-7.349789659008677,0.074197024,0.051076293,0.06263666,0.0007543564,-0.023774698,-0.011510171,-598357.4318832045,2.5913672540336847,-598350.7779699768,-598355.2681790525
S5-31.6,intermediate,[H]c1nc(N2C([H])([H])C([H])([H])N(C(=O)[C-:91]([H])[C:92]([H])([H])[S:93]C([H])([H])[H])C([H])([H])C2([H])[H])nc([H])c1-c1c([H])c([H])c([H])c([H])c1[H],-1,-0.47699627,-0.11502272,-70.81352085408736,59.62276684542665,-0.0032500103,0.013870664,0.005310327,-0.007686883,0.32798773,0.16015041,-873352.7045980109,2.425397701561451,-873343.4204343802,-873347.4834051307
S5-31.6,product,[H]c1nc(N2C([H])([H])C([H])([H])N(C(=O)[C:91]([H])([H])[C:92]([H])([H])[S:93]C([H])([H])[H])C([H])([H])C2([H])[H])nc([H])c1-c1c([H])c([H])c([H])c([H])c1[H],0,-0.12516709,-0.11706359,-161.2384160906877,-6.576533995401012,-0.034562275,-0.030717857,-0.032640066,-0.00026236475,-0.006637767,-0.0034500659,-873722.3496159157,2.051107481122017,-873716.3152878329,-873719.9031857839
S5-31.7,reactant,[H]c1nc(N2C([H])([H])C([H])([H])N(C(=O)[C:91]([H])=[C:92]([H])[H])C([H])([H])C2([H])[H])nc([H])c1-c1c([H])c([H])c([H])c([H])c1[H],0,-0.14515807,-0.28663304,-171.48289027266864,-7.987104643565268,0.04138416,0.03618282,0.03878349,0.009493381,-0.003253162,0.0031201094,-598354.9360476306,1.4712592754513025,-598350.0990197648,-598352.987985893
S5-31.7,intermediate,[H]c1nc(N2C([H])([H])C([H])([H])N(C(=O)[C-:91]([H])[C:92]([H])([H])[S:93]C([H])([H])[H])C([H])([H])C2([H])[H])nc([H])c1-c1c([H])c([H])c([H])c([H])c1[H],-1,-0.4401102,-0.11782722,-73.17735415496615,63.039220810918906,-0.00051609427,0.01583831,0.007661108,-0.021514177,0.3076549,0.14307036,-873354.3423142936,3.533176314085722,-873344.9015080426,-873349.544676779
S5-31.7,product,[H]c1nc(N2C([H])([H])C([H])([H])N(C(=O)[C:91]([H])([H])[C:92]([H])([H])[S:93]C([H])([H])[H])C([H])([H])C2([H])[H])nc([H])c1-c1c([H])c([H])c([H])c([H])c1[H],0,-0.13092275,-0.09797274,-165.43888408192123,-9.24598868214263,-0.038037345,-0.03947849,-0.038757917,0.0052835494,-0.0019217432,0.0016809031,-873721.834891766,3.2146158311516047,-873715.035381516,-873719.1899434939
S5-31.8,reactant,[H]c1nc(N2C([H])([H])C([H])([H])N(C(=O)[C:91]([H])=[C:92]([H])[H])C([H])([H])C2([H])[H])nc([H])c1-c1c([H])c([H])c([H])c([H])c1[H],0,-0.14469382,-0.28670344,-171.50873999163144,-8.051998356802137,0.041606277,0.03622988,0.038918078,0.009663627,-0.0032852888,0.0031891689,-598354.9531978199,1.4189209323376417,-598347.2729174042,-598352.9984390592
S5-31.8,intermediate,[H]c1nc(N2C([H])([H])C([H])([H])N(C(=O)[C-:91]([H])[C:92]([H])([H])[S:93]C([H])([H])[H])C([H])([H])C2([H])[H])nc([H])c1-c1c([H])c([H])c([H])c([H])c1[H],-1,-0.48016566,-0.11413392,-71.20161539673875,59.26397214710035,-0.0036077127,0.013236575,0.004814431,-0.007789761,0.3309601,0.16158515,-873352.6903119618,2.745748918503523,-873342.4037524232,-873347.5117005514
S5-31.8,product,[H]c1nc(N2C([H])([H])C([H])([H])N(C(=O)[C:91]([H])([H])[C:92]([H])([H])[S:93]C([H])([H])[H])C([H])([H])C2([H])[H])nc([H])c1-c1c([H])c([H])c([H])c([H])c1[H],0,-0.1251259,-0.111461625,-164.33193836985657,-6.9745441715119645,-0.03408713,-0.032385692,-0.03323641,0.0011881143,-0.008276343,-0.0035441145,-873724.0953333516,3.616923263296485,-873714.879717778,-873720.3032067796
S5-31.9,reactant,[H]c1nc(N2C([H])([H])C([H])([H])N(C(=O)[C:91]([H])=[C:92]([H])[H])C([H])([H])C2([H])[H])nc([H])c1-c1c([H])c([H])c([H])c([H])c1[H],0,-0.13803498,-0.28603598,-171.87424378802214,-7.60110984498372,0.0763374,0.05225557,0.064296484,-0.0056778938,-0.023973212,-0.014825553,-598357.7461857187,4.4689231887459755,-598350.2898776402,-598353.3165230954
S5-31.9,intermediate,[H]c1nc(N2C([H])([H])C([H])([H])N(C(=O)[C-:91]([H])[C:92]([H])([H])[S:93]C([H])([H])[H])C([H])([H])C2([H])[H])nc([H])c1-c1c([H])c([H])c([H])c([H])c1[H],-1,-0.46648473,-0.11897925,-74.08642715027077,61.52163106135515,-0.0029070377,0.013459466,0.0052762143,0.017029613,0.35538876,0.18620919,-873354.8094380972,2.040283013135195,-873345.9469637972,-873351.4289243885
S5-31.9,product,[H]c1nc(N2C([H])([H])C([H])([H])N(C(=O)[C:91]([H])([H])[C:92]([H])([H])[S:93]C([H])([H])[H])C([H])([H])C2([H])[H])nc([H])c1-c1c([H])c([H])c([H])c([H])c1[H],0,-0.11729326,-0.10094756,-162.4809667237752,-7.249221670539711,-0.041243896,-0.042738825,-0.04199136,0.00038412958,-0.01217211,-0.0058939904,-873723.0747625403,1.4517604038119316,-873716.2282179706,-873720.9988651894
S5-31.10,reactant,[H]c1nc(N2C([H])([H])C([H])([H])N(C(=O)[C:91]([H])=[C:92]([H])[H])C([H])([H])C2([H])[H])nc([H])c1-c1c([H])c([H])c([H])c([H])c1[H],0,-0.13562138,-0.28746924,-169.7697249543363,-7.337536149474061,0.07407218,0.05102016,0.06254617,0.0006495416,-0.023818567,-0.011584513,-598357.4286401123,2.461574660614133,-598352.2763012465,-598355.2573068723
S5-31.10,intermediate,[H]c1nc(N2C([H])([H])C([H])([H])N(C(=O)[C-:91]([H])[C:92]([H])([H])[S:93]C([H])([H])[H])C([H])([H])C2([H])[H])nc([H])c1-c1c([H])c([H])c([H])c([H])c1[H],-1,-0.4745039,-0.11454543,-71.1039175247215,59.772024898733605,-0.0024646446,0.014320105,0.0059277304,-0.0033271015,0.33033502,0.16350394,-873352.5691704323,3.856961041688919,-873343.1479476284,-873347.0647310234
S5-31.10,product,[H]c1nc(N2C([H])([H])C([H])([H])N(C(=O)[C:91]([H])([H])[C:92]([H])([H])[S:93]C([H])([H])[H])C([H])([H])C2([H])[H])nc([H])c1-c1c([H])c([H])c([H])c([H])c1[H],0,-0.1248872,-0.11686571,-161.2517639011054,-6.526868772025904,-0.034633838,-0.030748382,-0.03269111,-0.00081796944,-0.0072214603,-0.004019715,-873722.3171852444,2.0552962068468332,-873714.9673112477,-873720.047078915
S5-30.1,reactant,[H]c1c(Cl)c(Cl)c([H])c(N([H])C([H])([H])C(=O)N2C([H])([H])C([H])([H])N(C(=O)[C:91]([H])=[C:92]([H])[H])C([H])([H])C2([H])[H])c1OC([H])([H])[H],0,-0.15112734,-0.277154,-174.68482777333708,-12.621419013982543,0.04100722,0.029812306,0.035409763,0.020110726,0.00047396123,0.010292344,-1212529.5995422578,1.983927747234702,-1212523.1449292053,-1212526.1583928554
S5-30.1,intermediate,[H]c1c(Cl)c(Cl)c([H])c(N([H])C([H])([H])C(=O)N2C([H])([H])C([H])([H])N(C(=O)[C-:91]([H])[C:92]([H])([H])[S:93]C([H])([H])[H])C([H])([H])C2([H])[H])c1OC([H])([H])[H],-1,-0.50676906,-0.11721749,-74.88823575921877,60.56195330980187,0.012832053,0.019074507,0.01595328,0.0374375,0.38659465,0.21201608,-1487530.1616527687,3.8795801755040884,-1487516.9132745042,-1487523.2058165995
S5-30.1,product,[H]c1c(Cl)c(Cl)c([H])c(N([H])C([H])([H])C(=O)N2C([H])([H])C([H])([H])N(C(=O)[C:91]([H])([H])[C:92]([H])([H])[S:93]C([H])([H])[H])C([H])([H])C2([H])[H])c1OC([H])([H])[H],0,-0.12112759,-0.105113074,-164.07207609445285,-10.227170971384137,-0.038764007,-0.04124911,-0.04000656,0.028388232,0.0051586106,0.016773421,-1487895.799874743,2.0824233442544937,-1487887.3194529114,-1487892.4780363708
S5-30.2,reactant,[H]c1c(Cl)c(Cl)c([H])c(N([H])C([H])([H])C(=O)N2C([H])([H])C([H])([H])N(C(=O)[C:91]([H])=[C:92]([H])[H])C([H])([H])C2([H])[H])c1OC([H])([H])[H],0,-0.14453942,-0.2837547,-176.06241512088232,-14.482801588671238,0.08497968,0.053192437,0.06908606,-0.0007634759,-0.017601684,-0.00918258,-1212525.210385422,5.936077443882823,-1212513.5798379213,-1212519.398862356
S5-30.2,intermediate,[H]c1c(Cl)c(Cl)c([H])c(N([H])C([H])([H])C(=O)N2C([H])([H])C([H])([H])N(C(=O)[C-:91]([H])[C:92]([H])([H])[S:93]C([H])([H])[H])C([H])([H])C2([H])[H])c1OC([H])([H])[H],-1,-0.47043997,-0.1340963,-74.94949057944963,60.641865080441846,0.0160397,0.025998585,0.021019142,0.037627697,0.36391437,0.20077103,-1487526.9617754777,2.2658955715596676,-1487518.3865999843,-1487522.7485543296
S5-30.2,product,[H]c1c(Cl)c(Cl)c([H])c(N([H])C([H])([H])C(=O)N2C([H])([H])C([H])([H])N(C(=O)[C:91]([H])([H])[C:92]([H])([H])[S:93]C([H])([H])[H])C([H])([H])C2([H])[H])c1OC([H])([H])[H],0,-0.12192002,-0.10281819,-165.65664608201183,-10.438489684827605,-0.036034897,-0.03881675,-0.037425824,0.011990994,-0.0065353513,0.0027278215,-1487896.1422203574,3.30859337747097,-1487887.2403715348,-1487893.215537455
S5-30.3,reactant,[H]c1c(Cl)c(Cl)c([H])c(N([H])C([H])([H])C(=O)N2C([H])([H])C([H])([H])N(C(=O)[C:91]([H])=[C:92]([H])[H])C([H])([H])C2([H])[H])c1OC([H])([H])[H],0,-0.13917607,-0.28351352,-173.44618855743406,-14.212172706891646,0.079291254,0.048555285,0.06392327,0.015091911,-0.022206187,-0.0035571381,-1212530.4179196719,1.606854885816574,-1212522.6433807549,-1212527.2755638154
S5-30.3,intermediate,[H]c1c(Cl)c(Cl)c([H])c(N([H])C([H])([H])C(=O)N2C([H])([H])C([H])([H])N(C(=O)[C-:91]([H])[C:92]([H])([H])[S:93]C([H])([H])[H])C([H])([H])C2([H])[H])c1OC([H])([H])[H],-1,-0.44885042,-0.12029385,-76.52697608721022,60.56359783084203,0.00410749,0.0130389035,0.008573197,0.058730155,0.37019438,0.21446227,-1487531.4769028903,3.601659845560789,-1487521.602774692,-1487526.6732243204
S5-30.3,product,[H]c1c(Cl)c(Cl)c([H])c(N([H])C([H])([H])C(=O)N2C([H])([H])C([H])([H])N(C(=O)[C:91]([H])([H])[C:92]([H])([H])[S:93]C([H])([H])[H])C([H])([H])C2([H])[H])c1OC([H])([H])[H],0,-0.12913601,-0.11326265,-164.88379407670618,-10.735643581209295,-0.02934917,-0.02833359,-0.02884138,0.015487447,0.0015698969,0.008528672,-1487897.8184054377,7.2333772629499435,-1487889.772864678,-1487894.1715475046
S5-30.4,reactant,[H]c1c(Cl)c(Cl)c([H])c(N([H])C([H])([H])C(=O)N2C([H])([H])C([H])([H])N(C(=O)[C:91]([H])=[C:92]([H])[H])C([H])([H])C2([H])[H])c1OC([H])([H])[H],0,-0.1463201,-0.2849693,-174.01903019324467,-11.80175211188079,0.044982105,0.037111253,0.04104668,0.019613102,0.0023497194,0.010981411,-1212523.502014576,6.777699239552021,-1212513.8441483448,-1212517.2823650949
S5-30.4,intermediate,[H]c1c(Cl)c(Cl)c([H])c(N([H])C([H])([H])C(=O)N2C([H])([H])C([H])([H])N(C(=O)[C-:91]([H])[C:92]([H])([H])[S:93]C([H])([H])[H])C([H])([H])C2([H])[H])c1OC([H])([H])[H],-1,-0.5029016,-0.12427043,-75.86179375410264,60.11066969651192,0.020255588,0.025617383,0.022936486,0.042149484,0.37552634,0.20883791,-1487529.8138809097,3.6551746372133493,-1487518.1974543105,-1487523.2512460328
S5-30.4,product,[H]c1c(Cl)c(Cl)c([H])c(N([H])C([H])([H])C(=O)N2C([H])([H])C([H])([H])N(C(=O)[C:91]([H])([H])[C:92]([H])([H])[S:93]C([H])([H])[H])C([H])([H])C2([H])[H])c1OC([H])([H])[H],0,-0.13051546,-0.1200114,-164.3613833490873,-10.28356300917755,-0.030537516,-0.027516596,-0.029027056,0.0017905235,-0.004437536,-0.0013235062,-1487893.9047443082,3.004711853340268,-1487887.321665438,-1487890.5864447597
S5-30.5,reactant,[H]c1c(Cl)c(Cl)c([H])c(N([H])C([H])([H])C(=O)N2C([H])([H])C([H])([H])N(C(=O)[C:91]([H])=[C:92]([H])[H])C([H])([H])C2([H])[H])c1OC([H])([H])[H],0,-0.14227256,-0.28476903,-172.8208325857802,-12.952522473255646,0.07974467,0.048132464,0.063938566,0.0063910186,-0.01870802,-0.006158501,-1212531.2456897658,5.010779296979308,-1212521.8981751513,-1212526.9935677317
S5-30.5,intermediate,[H]c1c(Cl)c(Cl)c([H])c(N([H])C([H])([H])C(=O)N2C([H])([H])C([H])([H])N(C(=O)[C-:91]([H])[C:92]([H])([H])[S:93]C([H])([H])[H])C([H])([H])C2([H])[H])c1OC([H])([H])[H],-1,-0.5078125,-0.116651915,-76.5547989839681,58.09549441329617,0.007849939,0.01559642,0.011723179,0.021269798,0.3508286,0.1860492,-1487530.5883594796,2.4376242868602276,-1487521.0515775625,-1487525.4433284274
S5-30.5,product,[H]c1c(Cl)c(Cl)c([H])c(N([H])C([H])([H])C(=O)N2C([H])([H])C([H])([H])N(C(=O)[C:91]([H])([H])[C:92]([H])([H])[S:93]C([H])([H])[H])C([H])([H])C2([H])[H])c1OC([H])([H])[H],0,-0.12737091,-0.11941198,-162.81117098429308,-10.037476393601999,-0.029516406,-0.026824646,-0.028170526,0.010365635,0.00012768805,0.0052466616,-1487894.3146310267,2.1939248330891132,-1487885.6889009483,-1487890.8540903754
S5-30.6,reactant,[H]c1c(Cl)c(Cl)c([H])c(N([H])C([H])([H])C(=O)N2C([H])([H])C([H])([H])N(C(=O)[C:91]([H])=[C:92]([H])[H])C([H])([H])C2([H])[H])c1OC([H])([H])[H],0,-0.14391738,-0.28526095,-171.99602231310803,-12.58170183055825,0.08444443,0.0502543,0.06734937,0.012722939,-0.018717721,-0.002997391,-1212531.1796708491,2.056689988821745,-1212523.9658284348,-1212528.3778498108
S5-30.6,intermediate,[H]c1c(Cl)c(Cl)c([H])c(N([H])C([H])([H])C(=O)N2C([H])([H])C([H])([H])N(C(=O)[C-:91]([H])[C:92]([H])([H])[S:93]C([H])([H])[H])C([H])([H])C2([H])[H])c1OC([H])([H])[H],-1,-0.5329143,-0.112974316,-76.65206078951421,59.57773614074192,0.006650053,0.011957809,0.009303931,0.040959,0.3809579,0.21095845,-1487529.604088768,4.769312577322125,-1487516.7876942477,-1487522.4008950035
S5-30.6,product,[H]c1c(Cl)c(Cl)c([H])c(N([H])C([H])([H])C(=O)N2C([H])([H])C([H])([H])N(C(=O)[C:91]([H])([H])[C:92]([H])([H])[S:93]C([H])([H])[H])C([H])([H])C2([H])[H])c1OC([H])([H])[H],0,-0.12122796,-0.10580195,-167.230870580297,-13.40274877619408,-0.036059707,-0.037713595,-0.03688665,0.008960493,-0.0064258054,0.0012673438,-1487893.681550715,3.285929836332798,-1487885.6489529698,-1487890.5217037909
S5-30.7,reactant,[H]c1c(Cl)c(Cl)c([H])c(N([H])C([H])([H])C(=O)N2C([H])([H])C([H])([H])N(C(=O)[C:91]([H])=[C:92]([H])[H])C([H])([H])C2([H])[H])c1OC([H])([H])[H],0,-0.14150292,-0.28470433,-171.74910207871676,-12.302668703801821,0.08471608,0.051346928,0.068031505,0.019675761,-0.014453664,0.0026110485,-1212529.3841494739,2.0632890444248915,-1212521.1521567255,-1212526.0605202517
S5-30.7,intermediate,[H]c1c(Cl)c(Cl)c([H])c(N([H])C([H])([H])C(=O)N2C([H])([H])C([H])([H])N(C(=O)[C-:91]([H])[C:92]([H])([H])[S:93]C([H])([H])[H])C([H])([H])C2([H])[H])c1OC([H])([H])[H],-1,-0.5060708,-0.118788026,-74.78853083963979,58.04130236887039,0.008097373,0.017218798,0.012658086,0.0142892,0.33810985,0.17619953,-1487532.793998357,2.456300651654601,-1487521.1455677035,-1487526.8966309729
S5-30.7,product,[H]c1c(Cl)c(Cl)c([H])c(N([H])C([H])([H])C(=O)N2C([H])([H])C([H])([H])N(C(=O)[C:91]([H])([H])[C:92]([H])([H])[S:93]C([H])([H])[H])C([H])([H])C2([H])[H])c1OC([H])([H])[H],0,-0.122079864,-0.1047717,-164.982347880098,-9.600265718773915,-0.040083542,-0.04293132,-0.04150743,0.02371563,0.0019964576,0.012856044,-1487896.8902659756,1.7207054402679205,-1487889.5564458803,-1487894.2135318955
S5-30.8,reactant,[H]c1c(Cl)c(Cl)c([H])c(N([H])C([H])([H])C(=O)N2C([H])([H])C([H])([H])N(C(=O)[C:91]([H])=[C:92]([H])[H])C([H])([H])C2([H])[H])c1OC([H])([H])[H],0,-0.14728272,-0.28542483,-175.45057767343127,-13.47734596163263,0.042399436,0.03516844,0.038783938,0.015414491,0.0009497553,0.008182123,-1212527.215547035,3.1446354910731316,-1212519.2038995612,-1212524.353568941
S5-30.8,intermediate,[H]c1c(Cl)c(Cl)c([H])c(N([H])C([H])([H])C(=O)N2C([H])([H])C([H])([H])N(C(=O)[C-:91]([H])[C:92]([H])([H])[S:93]C([H])([H])[H])C([H])([H])C2([H])[H])c1OC([H])([H])[H],-1,-0.49641868,-0.11830722,-75.4632351450239,58.11339895189215,0.010954499,0.0175829,0.0142687,0.029388517,0.34068155,0.18503504,-1487533.059801192,4.411341346800327,-1487520.350195002,-1487525.1380497292
S5-30.8,product,[H]c1c(Cl)c(Cl)c([H])c(N([H])C([H])([H])C(=O)N2C([H])([H])C([H])([H])N(C(=O)[C:91]([H])([H])[C:92]([H])([H])[S:93]C([H])([H])[H])C([H])([H])C2([H])[H])c1OC([H])([H])[H],0,-0.13233595,-0.11061679,-164.75797302304747,-10.393123130670403,-0.03328927,-0.030984804,-0.032137036,0.015564382,0.0046103597,0.010087371,-1487895.4399743632,4.6070936899632215,-1487887.4192011482,-1487891.4697731617
S5-30.9,reactant,[H]c1c(Cl)c(Cl)c([H])c(N([H])C([H])([H])C(=O)N2C([H])([H])C([H])([H])N(C(=O)[C:91]([H])=[C:92]([H])[H])C([H])([H])C2([H])[H])c1OC([H])([H])[H],0,-0.14329755,-0.28551492,-171.836749554493,-12.23823574353737,0.083141744,0.04945743,0.06629959,0.012812674,-0.01799357,-0.0025904477,-1212531.25856284,2.2622238267213106,-1212523.8554576468,-1212528.5677431084
S5-30.9,intermediate,[H]c1c(Cl)c(Cl)c([H])c(N([H])C([H])([H])C(=O)N2C([H])([H])C([H])([H])N(C(=O)[C-:91]([H])[C:92]([H])([H])[S:93]C([H])([H])[H])C([H])([H])C2([H])[H])c1OC([H])([H])[H],-1,-0.50882465,-0.11755051,-75.19009131717154,57.65015466577703,0.006251946,0.015138723,0.0106953345,0.013063073,0.34036767,0.17671537,-1487532.4586145224,2.4206235874444246,-1487521.9165349992,-1487526.784475455
S5-30.9,product,[H]c1c(Cl)c(Cl)c([H])c(N([H])C([H])([H])C(=O)N2C([H])([H])C([H])([H])N(C(=O)[C:91]([H])([H])[C:92]([H])([H])[S:93]C([H])([H])[H])C([H])([H])C2([H])[H])c1OC([H])([H])[H],0,-0.12578367,-0.12411606,-165.1757988531086,-11.228368907459673,-0.028250806,-0.02580306,-0.027026933,0.0066093504,-0.0043714345,0.001118958,-1487896.6855083613,4.907429443672299,-1487889.547413742,-1487892.8408546245
S5-30.10,reactant,[H]c1c(Cl)c(Cl)c([H])c(N([H])C([H])([H])C(=O)N2C([H])([H])C([H])([H])N(C(=O)[C:91]([H])=[C:92]([H])[H])C([H])([H])C2([H])[H])c1OC([H])([H])[H],0,-0.14213811,-0.28462562,-171.8154433672161,-12.547668328747037,0.084326684,0.049581543,0.06695411,0.014984101,-0.017654032,-0.0013349652,-1212530.5543642058,1.9212565887719393,-1212523.182895992,-1212527.7177687713
S5-30.10,intermediate,[H]c1c(Cl)c(Cl)c([H])c(N([H])C([H])([H])C(=O)N2C([H])([H])C([H])([H])N(C(=O)[C-:91]([H])[C:92]([H])([H])[S:93]C([H])([H])[H])C([H])([H])C2([H])[H])c1OC([H])([H])[H],-1,-0.47238296,-0.10418608,-77.71256938940256,59.65180457570137,0.006296195,0.01874432,0.012520257,0.04671651,0.37778425,0.21225038,-1487528.9963305553,4.589923121035099,-1487519.253453489,-1487523.2579857872
S5-30.10,product,[H]c1c(Cl)c(Cl)c([H])c(N([H])C([H])([H])C(=O)N2C([H])([H])C([H])([H])N(C(=O)[C:91]([H])([H])[C:92]([H])([H])[S:93]C([H])([H])[H])C([H])([H])C2([H])[H])c1OC([H])([H])[H],0,-0.12814069,-0.118586965,-164.7205910882288,-9.94747673593082,-0.029163755,-0.027324714,-0.028244235,0.0077175796,-0.0031841397,0.00226672,-1487895.086003537,1.8375729322433472,-1487886.1109047956,-1487892.1000327028
S5-51.1,reactant,[H]c1c(-c2c([H])c([H])c([H])c([H])c2[H])noc1N([H])C(=O)[C:91]([H])=[C:92]([H])[H],0,-0.13706636,-0.26594132,-193.33272846816573,-5.165938449155365,0.11752719,0.077639654,0.09758342,0.044103295,-0.013529256,0.015287019,-454131.08690839447,0.5002645663917065,-454127.78402580204,-454129.6640563837
S5-51.1,intermediate,[H]c1c(-c2c([H])c([H])c([H])c([H])c2[H])noc1N([H])C(=O)[C-:91]([H])[C:92]([H])([H])[S:93]C([H])([H])[H],-1,-0.47738227,-0.112912886,-78.46087767529602,81.98390578263982,0.013715245,0.026642628,0.020178936,-0.00076168776,0.36379892,0.18151861,-729139.5135334324,1.6485935393720865,-729134.8129923897,-729136.9826076895
S5-51.1,product,[H]c1c(-c2c([H])c([H])c([H])c([H])c2[H])noc1N([H])C(=O)[C:91]([H])([H])[C:92]([H])([H])[S:93]C([H])([H])[H],0,-0.13833955,-0.124829926,-183.84101752786708,-3.586993736691957,-0.02797708,-0.019647576,-0.023812328,0.018079594,0.0012417138,0.009660654,-729492.53700433,3.008667839691043,-729486.4471769389,-729489.5246605435
S5-51.2,reactant,[H]c1c(-c2c([H])c([H])c([H])c([H])c2[H])noc1N([H])C(=O)[C:91]([H])=[C:92]([H])[H],0,-0.13645601,-0.27239788,-195.39019602827597,-4.917583159390622,0.07379717,0.050277025,0.062037095,0.012656659,-0.010899946,0.0008783564,-454124.2956156032,1.021755425259471,-454120.75699025235,-454122.503944954
S5-51.2,intermediate,[H]c1c(-c2c([H])c([H])c([H])c([H])c2[H])noc1N([H])C(=O)[C-:91]([H])[C:92]([H])([H])[S:93]C([H])([H])[H],-1,-0.47797868,-0.11310202,-78.43447667659761,81.99053393444349,0.013716862,0.026656844,0.020186853,-0.0002580583,0.36397308,0.18185753,-729139.517411782,1.7842235639691353,-729134.3802635274,-729136.943797939
S5-51.2,product,[H]c1c(-c2c([H])c([H])c([H])c([H])c2[H])noc1N([H])C(=O)[C:91]([H])([H])[C:92]([H])([H])[S:93]C([H])([H])[H],0,-0.13699897,-0.117422655,-184.43990165512184,-4.486576232976824,-0.03440944,-0.030203834,-0.032306638,0.028063864,0.0071600825,0.017611973,-729491.5267640762,1.6347516551613808,-729485.1120906224,-729488.8575304395
S5-51.3,reactant,[H]c1c(-c2c([H])c([H])c([H])c([H])c2[H])noc1N([H])C(=O)[C:91]([H])=[C:92]([H])[H],0,-0.1385017,-0.26755643,-195.2367811171206,-5.7642160440600145,0.08963701,0.050105378,0.069871195,0.011202306,-0.007885858,0.0016582236,-454129.3212255155,1.2271356023848057,-454125.308659286,-454127.6340387087
S5-51.3,intermediate,[H]c1c(-c2c([H])c([H])c([H])c([H])c2[H])noc1N([H])C(=O)[C-:91]([H])[C:92]([H])([H])[S:93]C([H])([H])[H],-1,-0.48175448,-0.117616184,-78.6304433232918,79.17129746059638,-0.0071780607,0.028745823,0.010783881,0.0061976314,0.35877448,0.18248606,-729130.0305229446,2.0311706326901913,-729124.080009213,-729126.4730366394
S5-51.3,product,[H]c1c(-c2c([H])c([H])c([H])c([H])c2[H])noc1N([H])C(=O)[C:91]([H])([H])[C:92]([H])([H])[S:93]C([H])([H])[H],0,-0.14877598,-0.12142005,-183.7578933972542,-2.9559044348314076,-0.02037137,-0.014136247,-0.017253809,0.016994387,0.0034683645,0.010231376,-729491.516565444,4.153358602896333,-729485.1203936475,-729488.0982432249
S5-51.4,reactant,[H]c1c(-c2c([H])c([H])c([H])c([H])c2[H])noc1N([H])C(=O)[C:91]([H])=[C:92]([H])[H],0,-0.13707298,-0.26596108,-193.29363399793755,-5.1635517247495155,0.11743057,0.077567235,0.0974989,0.04393761,-0.013526633,0.015205488,-454131.09033393336,0.5390033628791571,-454127.1876961952,-454129.6605425333
S5-51.4,intermediate,[H]c1c(-c2c([H])c([H])c([H])c([H])c2[H])noc1N([H])C(=O)[C-:91]([H])[C:92]([H])([H])[S:93]C([H])([H])[H],-1,-0.47562924,-0.11453731,-78.43372791215067,80.51462322169654,-0.0096921325,0.023428038,0.0068679526,-0.0012356639,0.3301136,0.16443896,-729136.0574886417,1.7635540831834078,-729130.870445643,-729132.5393837045
S5-51.4,product,[H]c1c(-c2c([H])c([H])c([H])c([H])c2[H])noc1N([H])C(=O)[C:91]([H])([H])[C:92]([H])([H])[S:93]C([H])([H])[H],0,-0.1367042,-0.11711884,-183.8963593793175,-4.737750899644884,-0.031580567,-0.028753005,-0.030166786,0.029029414,0.007963672,0.018496543,-729491.6856978864,2.610154354944825,-729485.8441262102,-729488.8730154473
S5-52.1,reactant,[H]c1sc(N([H])C(=O)[C:91]([H])=[C:92]([H])[H])nc1-c1c([H])c([H])c([H])c([H])c1[H],0,-0.13951123,-0.27200702,-182.1524183072785,-5.508154924658656,0.11421642,0.07829031,0.096253365,0.044735387,-0.008015975,0.018359706,-656837.4787964801,1.1905431635677814,-656832.9690880944,-656834.7539340006
S5-52.1,intermediate,[H]c1sc(N([H])C(=O)[C-:91]([H])[C:92]([H])([H])[S:93]C([H])([H])[H])nc1-c1c([H])c([H])c([H])c([H])c1[H],-1,-0.43504152,-0.09247688,-72.99848516273636,78.7448342264412,-0.011379175,0.014024943,0.0013228841,0.026394665,0.2705142,0.14845443,-931844.0350666092,3.080795919522643,-931837.6925341156,-931839.3489185068
S5-52.1,product,[H]c1sc(N([H])C(=O)[C:91]([H])([H])[C:92]([H])([H])[S:93]C([H])([H])[H])nc1-c1c([H])c([H])c([H])c([H])c1[H],0,-0.124726415,-0.101428926,-174.53410263736532,-3.08280114825808,-0.0328824,-0.034880683,-0.03388154,0.025955021,0.0060064346,0.015980728,-932201.7286190458,1.3184145279228687,-932196.2370082857,-932199.4018318853
S5-52.2,reactant,[H]c1sc(N([H])C(=O)[C:91]([H])=[C:92]([H])[H])nc1-c1c([H])c([H])c([H])c([H])c1[H],0,-0.13942666,-0.27196297,-182.06246769836036,-5.743338123061819,0.11329043,0.078049526,0.09566998,0.044028684,-0.008043259,0.017992713,-656837.474257919,1.208871029317379,-656833.8664859032,-656834.8447339862
S5-52.2,intermediate,[H]c1sc(N([H])C(=O)[C-:91]([H])[C:92]([H])([H])[S:93]C([H])([H])[H])nc1-c1c([H])c([H])c([H])c([H])c1[H],-1,-0.5105384,-0.11802336,-74.25278186784375,80.56804312089699,-0.010132901,0.026290275,0.008078687,-0.0037744045,0.34808272,0.17215416,-931830.8009353267,2.6370418276637793,-931825.0643762333,-931827.2902586415
S5-52.2,product,[H]c1sc(N([H])C(=O)[C:91]([H])([H])[C:92]([H])([H])[S:93]C([H])([H])[H])nc1-c1c([H])c([H])c([H])c([H])c1[H],0,-0.15006451,-0.12227708,-175.44527823659502,-2.789136870405704,-0.025065728,-0.019987717,-0.022526722,0.01170364,0.0048565716,0.008280106,-932194.802197637,1.622519962489605,-932189.454075062,-932191.6034658233
S5-52.3,reactant,[H]c1sc(N([H])C(=O)[C:91]([H])=[C:92]([H])[H])nc1-c1c([H])c([H])c([H])c([H])c1[H],0,-0.13946182,-0.27205777,-182.15053503081842,-5.508840955262768,0.11416754,0.07827848,0.09622301,0.044730574,-0.008026004,0.018352285,-656837.478742563,1.2803966458886862,-656833.4442171283,-656834.7474842432
S5-52.3,intermediate,[H]c1sc(N([H])C(=O)[C-:91]([H])[C:92]([H])([H])[S:93]C([H])([H])[H])nc1-c1c([H])c([H])c([H])c([H])c1[H],-1,-0.43503577,-0.09241416,-72.99309698842359,78.73185600740848,-0.011479519,0.013901025,0.0012107529,0.02649808,0.270419,0.14845854,-931844.0409840067,3.2173246927559376,-931837.4049853802,-931839.2543993758
S5-52.3,product,[H]c1sc(N([H])C(=O)[C:91]([H])([H])[C:92]([H])([H])[S:93]C([H])([H])[H])nc1-c1c([H])c([H])c([H])c([H])c1[H],0,-0.15007208,-0.12213149,-175.47071278501505,-2.765108700449983,-0.025138654,-0.020110197,-0.022624426,0.011666,0.0047846287,0.008225314,-932194.8019878047,1.534254940226674,-932188.4757820305,-932191.6108511771
S5-52.4,reactant,[H]c1sc(N([H])C(=O)[C:91]([H])=[C:92]([H])[H])nc1-c1c([H])c([H])c([H])c([H])c1[H],0,-0.13120574,-0.27051896,-183.29062028393145,-5.472240810853973,0.08445379,0.049705043,0.06707942,0.021245599,-0.007551685,0.006846957,-656836.0802761738,1.0917444061487913,-656830.8450509355,-656833.1892902754
S5-52.4,intermediate,[H]c1sc(N([H])C(=O)[C-:91]([H])[C:92]([H])([H])[S:93]C([H])([H])[H])nc1-c1c([H])c([H])c([H])c([H])c1[H],-1,-0.43533552,-0.09231202,-73.00918697408298,78.71103694704486,-0.011368297,0.01399114,0.0013114214,0.026405573,0.27082205,0.14861381,-931844.0498943761,3.118616661056876,-931837.4317854044,-931839.4784341082
S5-52.4,product,[H]c1sc(N([H])C(=O)[C:91]([H])([H])[C:92]([H])([H])[S:93]C([H])([H])[H])nc1-c1c([H])c([H])c([H])c([H])c1[H],0,-0.12441725,-0.10139854,-174.4854584855824,-3.1617256001245857,-0.033335388,-0.034841403,-0.034088396,0.025582813,0.0058712885,0.01572705,-932201.7427437534,1.5131056383252144,-932195.769984408,-932199.3926498389
S5-52.5,reactant,[H]c1sc(N([H])C(=O)[C:91]([H])=[C:92]([H])[H])nc1-c1c([H])c([H])c([H])c([H])c1[H],0,-0.13947304,-0.272033,-182.14873836680528,-5.516719857861626,0.114126444,0.078290045,0.096208245,0.044713423,-0.008022025,0.018345699,-656837.47923534,1.2300117015838623,-656833.9345820254,-656834.7545587427
S5-52.5,intermediate,[H]c1sc(N([H])C(=O)[C-:91]([H])[C:92]([H])([H])[S:93]C([H])([H])[H])nc1-c1c([H])c([H])c([H])c([H])c1[H],-1,-0.5105037,-0.11795383,-74.24566032662355,80.5727248580297,-0.01019606,0.026210926,0.008007433,-0.0038257241,0.34835565,0.17226496,-931830.8026804166,3.8014075737446547,-931824.6164998247,-931827.317323867
S5-52.5,product,[H]c1sc(N([H])C(=O)[C:91]([H])([H])[C:92]([H])([H])[S:93]C([H])([H])[H])nc1-c1c([H])c([H])c([H])c([H])c1[H],0,-0.1311556,-0.112684816,-174.02647467134153,-2.9687407586008523,-0.019965902,-0.018393546,-0.019179724,0.016858444,0.010129422,0.013493933,-932203.1328004046,1.335484066978097,-932197.578314834,-932200.0514804258
S5-52.6,reactant,[H]c1sc(N([H])C(=O)[C:91]([H])=[C:92]([H])[H])nc1-c1c([H])c([H])c([H])c([H])c1[H],0,-0.13108623,-0.27050227,-183.27865604109016,-5.490697748748085,0.08443385,0.04968129,0.06705757,0.021248102,-0.0075599253,0.0068440884,-656836.0822812071,1.0708470698446035,-656832.3271392277,-656833.2285975488
S5-52.6,intermediate,[H]c1sc(N([H])C(=O)[C-:91]([H])[C:92]([H])([H])[S:93]C([H])([H])[H])nc1-c1c([H])c([H])c([H])c([H])c1[H],-1,-0.4580482,-0.0953906,-71.40266983160231,81.2280846193755,-0.016647711,0.012787744,-0.0019299835,0.025355607,0.26263043,0.14399302,-931844.4569569456,3.6675113774836063,-931836.9412986034,-931840.0473614641
S5-52.6,product,[H]c1sc(N([H])C(=O)[C:91]([H])([H])[C:92]([H])([H])[S:93]C([H])([H])[H])nc1-c1c([H])c([H])c([H])c([H])c1[H],0,-0.12449414,-0.101491064,-174.50322247557816,-3.161900729742965,-0.033253342,-0.034841686,-0.034047514,0.02548217,0.005799599,0.015640885,-932201.7426968636,1.4952837210148573,-932198.1604499716,-932199.4163732299
S5-36.1,reactant,[H]O[C@]([H])(c1c([H])c([H])c([H])c(OC([H])([H])[H])c1[H])C(N([H])C(=O)[C:91]([H])=[C:92]([H])[H])(C([H])([H])[H])C([H])([H])[H],0,-0.14827508,-0.27649137,-187.01855392335634,4.9582760794641105,0.10405561,0.04882154,0.076438576,0.043010548,-0.01680334,0.013103604,-518267.8006338969,2.163895133882761,-518262.93745747756,-518266.32421719347
S5-36.1,intermediate,[H]O[C@]([H])(c1c([H])c([H])c([H])c(OC([H])([H])[H])c1[H])C(N([H])C(=O)[C-:91]([H])[C:92]([H])([H])[S:93]C([H])([H])[H])(C([H])([H])[H])C([H])([H])[H],-1,-0.1588535,-0.28699598,-85.28393474620557,76.80417073469039,0.07363099,0.050099865,0.061865427,0.14415598,0.014130339,0.07914316,-793271.3048438685,7.517078446224332,-793244.2739967135,-793246.9641146166
S5-36.1,product,[H]O[C@]([H])(c1c([H])c([H])c([H])c(OC([H])([H])[H])c1[H])C(N([H])C(=O)[C:91]([H])([H])[C:92]([H])([H])[S:93]C([H])([H])[H])(C([H])([H])[H])C([H])([H])[H],0,-0.14273198,-0.12599121,-174.5009294817552,4.190915676085072,-0.009396277,-0.009475768,-0.0094360225,0.033299565,0.02027665,0.026788108,-793635.5239512052,4.782390836626291,-793626.8542909106,-793631.4300279769
S5-36.2,reactant,[H]O[C@]([H])(c1c([H])c([H])c([H])c(OC([H])([H])[H])c1[H])C(N([H])C(=O)[C:91]([H])=[C:92]([H])[H])(C([H])([H])[H])C([H])([H])[H],0,-0.16023056,-0.26726252,-190.50911899747237,2.9332838243128183,0.116415024,0.058937073,0.08767605,0.012798667,-0.0050711334,0.0038637668,-518266.68586170266,3.3405665829777718,-518259.8316678937,-518262.6876449086
S5-36.2,intermediate,[H]O[C@]([H])(c1c([H])c([H])c([H])c(OC([H])([H])[H])c1[H])C(N([H])C(=O)[C-:91]([H])[C:92]([H])([H])[S:93]C([H])([H])[H])(C([H])([H])[H])C([H])([H])[H],-1,-0.45966768,-0.12558955,-73.91502977711956,100.32290232587107,0.0052898377,0.033672027,0.019480933,0.0003424883,0.33920676,0.16977462,-793270.9180284642,5.704120621085167,-793260.3071500664,-793263.3072031678
S5-36.2,product,[H]O[C@]([H])(c1c([H])c([H])c([H])c(OC([H])([H])[H])c1[H])C(N([H])C(=O)[C:91]([H])([H])[C:92]([H])([H])[S:93]C([H])([H])[H])(C([H])([H])[H])C([H])([H])[H],0,-0.1236243,-0.09793593,-172.92508041555993,3.5309539904622427,-0.023908041,-0.037295386,-0.030601714,0.04693938,0.0010998696,0.024019625,-793633.9220858971,2.140683151781559,-793628.9367423432,-793632.3941503067
S5-36.3,reactant,[H]O[C@]([H])(c1c([H])c([H])c([H])c(OC([H])([H])[H])c1[H])C(N([H])C(=O)[C:91]([H])=[C:92]([H])[H])(C([H])([H])[H])C([H])([H])[H],0,-0.15539752,-0.27687973,-187.30519676398228,5.902210654211164,0.11486301,0.049307078,0.08208504,0.02697508,-0.0156060755,0.0056845024,-518267.1172444484,2.047359252348542,-518262.61494748516,-518265.6573967784
S5-36.3,intermediate,[H]O[C@]([H])(c1c([H])c([H])c([H])c(OC([H])([H])[H])c1[H])C(N([H])C(=O)[C-:91]([H])[C:92]([H])([H])[S:93]C([H])([H])[H])(C([H])([H])[H])C([H])([H])[H],-1,-0.51795447,-0.12440842,-72.42430229920029,89.87465500307121,0.016078942,0.025949717,0.021014329,0.0017591715,0.4325741,0.21716663,-793260.1097602011,3.347035663202405,-793249.483310394,-793252.7278407124
S5-36.3,product,[H]O[C@]([H])(c1c([H])c([H])c([H])c(OC([H])([H])[H])c1[H])C(N([H])C(=O)[C:91]([H])([H])[C:92]([H])([H])[S:93]C([H])([H])[H])(C([H])([H])[H])C([H])([H])[H],0,-0.13703997,-0.111579746,-172.39757033945978,7.0453552958729695,-0.04116629,-0.0357569,-0.038461596,0.038241968,0.009085089,0.023663528,-793631.6526864533,3.62977166287601,-793626.1077434993,-793629.3529871467
S5-36.4,reactant,[H]O[C@]([H])(c1c([H])c([H])c([H])c(OC([H])([H])[H])c1[H])C(N([H])C(=O)[C:91]([H])=[C:92]([H])[H])(C([H])([H])[H])C([H])([H])[H],0,-0.15731114,-0.28619432,-188.04696539250827,6.075125858384417,0.1018464,0.07895705,0.090401724,0.041301087,-0.008992165,0.01615446,-518267.43444913684,1.5924292039126158,-518262.99182031286,-518266.1001333682
S5-36.4,intermediate,[H]O[C@]([H])(c1c([H])c([H])c([H])c(OC([H])([H])[H])c1[H])C(N([H])C(=O)[C-:91]([H])[C:92]([H])([H])[S:93]C([H])([H])[H])(C([H])([H])[H])C([H])([H])[H],-1,-0.15981348,-0.29769522,-88.07910775950519,76.5759059350831,0.07390219,0.046219468,0.06006083,0.07331367,-0.0034095645,0.034952052,-793280.5100161724,5.3657935075461864,-793243.5418830637,-793246.894565624
S5-36.4,product,[H]O[C@]([H])(c1c([H])c([H])c([H])c(OC([H])([H])[H])c1[H])C(N([H])C(=O)[C:91]([H])([H])[C:92]([H])([H])[S:93]C([H])([H])[H])(C([H])([H])[H])C([H])([H])[H],0,-0.123094015,-0.09796337,-172.4360907050542,3.384654562053486,-0.024846397,-0.0374239,-0.03113515,0.047966473,0.0014410615,0.024703767,-793633.7693662951,2.104521941393614,-793629.116265137,-793632.3549858778
S5-36.5,reactant,[H]O[C@]([H])(c1c([H])c([H])c([H])c(OC([H])([H])[H])c1[H])C(N([H])C(=O)[C:91]([H])=[C:92]([H])[H])(C([H])([H])[H])C([H])([H])[H],0,-0.15944254,-0.28172737,-184.21696017640804,6.480312695526261,0.08891308,0.05224842,0.07058075,0.051934972,-0.0067638904,0.022585541,-518267.2867183134,2.3997274674475193,-518261.58667312824,-518264.52907823084
S5-36.5,intermediate,[H]O[C@]([H])(c1c([H])c([H])c([H])c(OC([H])([H])[H])c1[H])C(N([H])C(=O)[C-:91]([H])[C:92]([H])([H])[S:93]C([H])([H])[H])(C([H])([H])[H])C([H])([H])[H],-1,-0.52680016,-0.12838835,-76.1859757499399,88.86065542290348,0.036847144,0.047274247,0.042060696,-0.021856308,0.37988812,0.1790159,-793263.1467776013,4.832708712667227,-793244.8737498577,-793247.9964247071
S5-36.5,product,[H]O[C@]([H])(c1c([H])c([H])c([H])c(OC([H])([H])[H])c1[H])C(N([H])C(=O)[C:91]([H])([H])[C:92]([H])([H])[S:93]C([H])([H])[H])(C([H])([H])[H])C([H])([H])[H],0,-0.14249724,-0.12509286,-175.67940697669977,9.819623285364322,-0.010849424,-0.0037212074,-0.0072853155,0.014147803,0.013418108,0.013782956,-793635.5253548751,3.417406652122736,-793627.3866932258,-793631.7100431283
S5-36.6,reactant,[H]O[C@]([H])(c1c([H])c([H])c([H])c(OC([H])([H])[H])c1[H])C(N([H])C(=O)[C:91]([H])=[C:92]([H])[H])(C([H])([H])[H])C([H])([H])[H],0,-0.16297747,-0.28330112,-183.21290631770248,8.11352973331455,0.121878356,0.0712316,0.09655498,0.08255431,-0.0051264614,0.038713925,-518269.02268166235,2.4078955817967653,-518263.8681088077,-518267.15445715084
S5-36.6,intermediate,[H]O[C@]([H])(c1c([H])c([H])c([H])c(OC([H])([H])[H])c1[H])C(N([H])C(=O)[C-:91]([H])[C:92]([H])([H])[S:93]C([H])([H])[H])(C([H])([H])[H])C([H])([H])[H],-1,-0.48610905,-0.12927732,-71.41269925087356,96.31839987552775,0.027977556,0.03763642,0.03280699,-0.017592639,0.38261563,0.18251148,-793264.9814767357,2.283590143546462,-793255.9857777073,-793259.9557449195
S5-36.6,product,[H]O[C@]([H])(c1c([H])c([H])c([H])c(OC([H])([H])[H])c1[H])C(N([H])C(=O)[C:91]([H])([H])[C:92]([H])([H])[S:93]C([H])([H])[H])(C([H])([H])[H])C([H])([H])[H],0,-0.14682542,-0.124550514,-175.1516515659774,12.60701923053593,-0.009666093,-0.0076288953,-0.008647494,0.018479794,0.009354517,0.013917156,-793633.7644462863,4.3217821177095175,-793625.6833296799,-793629.6037814403
S5-36.7,reactant,[H]O[C@]([H])(c1c([H])c([H])c([H])c(OC([H])([H])[H])c1[H])C(N([H])C(=O)[C:91]([H])=[C:92]([H])[H])(C([H])([H])[H])C([H])([H])[H],0,-0.16671659,-0.26889548,-189.38401915290206,6.214656701323768,0.11227444,0.062265858,0.08727015,0.010858238,-0.0035338402,0.0036621988,-518266.7014998974,1.6677681300789118,-518262.38607641927,-518265.01264944184
S5-36.7,intermediate,[H]O[C@]([H])(c1c([H])c([H])c([H])c(OC([H])([H])[H])c1[H])C(N([H])C(=O)[C-:91]([H])[C:92]([H])([H])[S:93]C([H])([H])[H])(C([H])([H])[H])C([H])([H])[H],-1,-0.1558668,-0.29200622,-87.08316037116272,73.77299377146505,0.07811037,0.045832276,0.06197132,0.07199536,-0.0031145066,0.034440428,-793272.0809787541,4.4175986386835575,-793243.3468273714,-793246.6287372787
S5-36.7,product,[H]O[C@]([H])(c1c([H])c([H])c([H])c(OC([H])([H])[H])c1[H])C(N([H])C(=O)[C:91]([H])([H])[C:92]([H])([H])[S:93]C([H])([H])[H])(C([H])([H])[H])C([H])([H])[H],0,-0.13602582,-0.12525749,-176.4273370123629,1.5550273252574363,0.00236243,-0.0030028224,-0.00032019615,0.022017911,0.005506739,0.013762325,-793633.5932425869,3.5949050337076187,-793626.1854564034,-793629.2268541598
S5-36.8,reactant,[H]O[C@]([H])(c1c([H])c([H])c([H])c(OC([H])([H])[H])c1[H])C(N([H])C(=O)[C:91]([H])=[C:92]([H])[H])(C([H])([H])[H])C([H])([H])[H],0,-0.14832047,-0.2763588,-187.0203462081139,4.970704010301881,0.10423824,0.048780426,0.076509334,0.043161973,-0.016813412,0.0131742805,-518267.80320584326,2.423010414466262,-518263.5490225571,-518266.3246937614
S5-36.8,intermediate,[H]O[C@]([H])(c1c([H])c([H])c([H])c(OC([H])([H])[H])c1[H])C(N([H])C(=O)[C-:91]([H])[C:92]([H])([H])[S:93]C([H])([H])[H])(C([H])([H])[H])C([H])([H])[H],-1,-0.49031705,-0.124205865,-77.34305985639402,87.05319779043354,0.02527631,0.03870427,0.03199029,0.0061078966,0.35568476,0.18089631,-793267.7639858619,4.4350075628608465,-793249.2260060408,-793252.0326129538
S5-36.8,product,[H]O[C@]([H])(c1c([H])c([H])c([H])c(OC([H])([H])[H])c1[H])C(N([H])C(=O)[C:91]([H])([H])[C:92]([H])([H])[S:93]C([H])([H])[H])(C([H])([H])[H])C([H])([H])[H],0,-0.13334456,-0.1069854,-172.38986263538433,4.942903323416833,-0.02888707,-0.030503727,-0.0296954,0.05192186,0.013884664,0.03290326,-793633.2061429524,1.5947276018559933,-793628.6301593861,-793631.3961124977
S5-36.9,reactant,[H]O[C@]([H])(c1c([H])c([H])c([H])c(OC([H])([H])[H])c1[H])C(N([H])C(=O)[C:91]([H])=[C:92]([H])[H])(C([H])([H])[H])C([H])([H])[H],0,-0.15809228,-0.2876318,-187.2190469602227,6.844103987044798,0.12324458,0.083712846,0.103478715,0.05158791,-0.014164075,0.018711917,-518268.47103285335,1.5983720272779465,-518264.52902774827,-518267.25160646386
S5-36.9,intermediate,[H]O[C@]([H])(c1c([H])c([H])c([H])c(OC([H])([H])[H])c1[H])C(N([H])C(=O)[C-:91]([H])[C:92]([H])([H])[S:93]C([H])([H])[H])(C([H])([H])[H])C([H])([H])[H],-1,-0.4785875,-0.118322335,-77.9293143077216,87.49483338925667,0.019522034,0.022719897,0.021120965,0.001485914,0.39342076,0.19745332,-793261.9202638508,4.143909256905317,-793254.8383691919,-793257.7407514687
S5-36.9,product,[H]O[C@]([H])(c1c([H])c([H])c([H])c(OC([H])([H])[H])c1[H])C(N([H])C(=O)[C:91]([H])([H])[C:92]([H])([H])[S:93]C([H])([H])[H])(C([H])([H])[H])C([H])([H])[H],0,-0.13688011,-0.11206154,-171.74425444380554,4.724111964034844,-0.027791835,-0.025088854,-0.026440345,0.04486297,0.019504257,0.032183614,-793628.71816377,4.248189913108945,-793622.7326838045,-793626.4358081217
S5-36.10,reactant,[H]O[C@]([H])(c1c([H])c([H])c([H])c(OC([H])([H])[H])c1[H])C(N([H])C(=O)[C:91]([H])=[C:92]([H])[H])(C([H])([H])[H])C([H])([H])[H],0,-0.15637553,-0.28502306,-189.16225427621663,6.24311414407667,0.10188612,0.08168869,0.091787405,0.043830723,-0.0085874945,0.017621614,-518266.9691738652,1.5955539271235466,-518263.3879100092,-518265.50108687545
S5-36.10,intermediate,[H]O[C@]([H])(c1c([H])c([H])c([H])c(OC([H])([H])[H])c1[H])C(N([H])C(=O)[C-:91]([H])[C:92]([H])([H])[S:93]C([H])([H])[H])(C([H])([H])[H])C([H])([H])[H],-1,-0.5161741,-0.11041527,-70.35833251330335,85.92171804180957,0.03317476,0.04764826,0.04041151,-0.020338029,0.4112209,0.19544145,-793255.8838904198,3.432460555806756,-793244.9433071406,-793249.0153784535
S5-36.10,product,[H]O[C@]([H])(c1c([H])c([H])c([H])c(OC([H])([H])[H])c1[H])C(N([H])C(=O)[C:91]([H])([H])[C:92]([H])([H])[S:93]C([H])([H])[H])(C([H])([H])[H])C([H])([H])[H],0,-0.13896286,-0.10359624,-173.14239015700772,9.659613639648843,-0.025797896,-0.030971318,-0.028384607,0.03690526,0.02072426,0.02881476,-793634.4627672214,1.5269798878580332,-793628.7561433606,-793632.3727977993
S5-24.1,reactant,[H]c1nc(N([H])c2c([H])c([H])c([H])c(Cl)c2F)c2c([H])c(OC3([H])C([H])([H])C([H])([H])N(C(=O)[C:91]([H])=[C:92]([H])[H])C([H])([H])C3([H])[H])c(OC([H])([H])[H])c([H])c2n1,0,-0.15265264,-0.2821036,-160.30825374669428,-23.070966325175547,0.051272094,0.042654127,0.04696311,-0.02006407,-0.021789849,-0.02092696,-1189421.051808092,3.8443606961518526,-1189408.4277803702,-1189414.0449641815
S5-24.1,intermediate,[H]c1nc(N([H])c2c([H])c([H])c([H])c(Cl)c2F)c2c([H])c(OC3([H])C([H])([H])C([H])([H])N(C(=O)[C-:91]([H])[C:92]([H])([H])[S:93]C([H])([H])[H])C([H])([H])C3([H])[H])c(OC([H])([H])[H])c([H])c2n1,-1,-0.50021696,-0.113383695,-75.92670639587473,32.180547947447906,0.008536167,0.014036894,0.011286531,0.09527868,0.32185918,0.20856893,-1464419.036610902,5.824015289545059,-1464404.5636560484,-1464410.3570961228
S5-24.1,product,[H]c1nc(N([H])c2c([H])c([H])c([H])c(Cl)c2F)c2c([H])c(OC3([H])C([H])([H])C([H])([H])N(C(=O)[C:91]([H])([H])[C:92]([H])([H])[S:93]C([H])([H])[H])C([H])([H])C3([H])[H])c(OC([H])([H])[H])c([H])c2n1,0,-0.13271976,-0.1278922,-153.49691987282185,-20.48683179339946,-0.024743214,-0.021319762,-0.023031488,-0.00400196,-0.0076500922,-0.005826026,-1464784.5377811808,3.522425029426813,-1464771.1210239357,-1464778.2973158131
S5-24.2,reactant,[H]c1nc(N([H])c2c([H])c([H])c([H])c(Cl)c2F)c2c([H])c(OC3([H])C([H])([H])C([H])([H])N(C(=O)[C:91]([H])=[C:92]([H])[H])C([H])([H])C3([H])[H])c(OC([H])([H])[H])c([H])c2n1,0,-0.15114623,-0.28514832,-161.68234327492493,-24.621911007207956,0.04757455,0.041781425,0.044677988,-0.01963991,-0.018839225,-0.019239567,-1189415.6371975925,7.285649785771966,-1189402.79075534,-1189407.2061323896
S5-24.2,intermediate,[H]c1nc(N([H])c2c([H])c([H])c([H])c(Cl)c2F)c2c([H])c(OC3([H])C([H])([H])C([H])([H])N(C(=O)[C-:91]([H])[C:92]([H])([H])[S:93]C([H])([H])[H])C([H])([H])C3([H])[H])c(OC([H])([H])[H])c([H])c2n1,-1,-0.5068324,-0.11602192,-72.93159151621462,34.887880662321436,0.009608887,0.015313908,0.012461398,0.09700495,0.3234649,0.21023493,-1464413.581920654,6.430725881829858,-1464395.7357457476,-1464401.6235625304
S5-24.2,product,[H]c1nc(N([H])c2c([H])c([H])c([H])c(Cl)c2F)c2c([H])c(OC3([H])C([H])([H])C([H])([H])N(C(=O)[C:91]([H])([H])[C:92]([H])([H])[S:93]C([H])([H])[H])C([H])([H])C3([H])[H])c(OC([H])([H])[H])c([H])c2n1,0,-0.13148907,-0.10622691,-159.13870146974844,-27.722813132869554,-0.030733898,-0.030595459,-0.030664679,-0.0065617263,-0.0122873485,-0.009424537,-1464786.8443937877,4.745440198108554,-1464775.8682266087,-1464782.6072044568
S5-24.3,reactant,[H]c1nc(N([H])c2c([H])c([H])c([H])c(Cl)c2F)c2c([H])c(OC3([H])C([H])([H])C([H])([H])N(C(=O)[C:91]([H])=[C:92]([H])[H])C([H])([H])C3([H])[H])c(OC([H])([H])[H])c([H])c2n1,0,-0.16078377,-0.28228876,-161.3618374609515,-22.260043922114598,0.048137784,0.041332856,0.04473532,-0.02677384,-0.020103827,-0.023438834,-1189422.6262147054,4.172806208953261,-1189413.472781909,-1189418.506893486
S5-24.3,intermediate,[H]c1nc(N([H])c2c([H])c([H])c([H])c(Cl)c2F)c2c([H])c(OC3([H])C([H])([H])C([H])([H])N(C(=O)[C-:91]([H])[C:92]([H])([H])[S:93]C([H])([H])[H])C([H])([H])C3([H])[H])c(OC([H])([H])[H])c([H])c2n1,-1,-0.49254665,-0.12263994,-76.22632070384545,33.792411151742535,0.0069704503,0.014361389,0.01066592,0.08768037,0.30792177,0.19780108,-1464415.0760865076,3.067860433831811,-1464401.421891751,-1464408.051817391
S5-24.3,product,[H]c1nc(N([H])c2c([H])c([H])c([H])c(Cl)c2F)c2c([H])c(OC3([H])C([H])([H])C([H])([H])N(C(=O)[C:91]([H])([H])[C:92]([H])([H])[S:93]C([H])([H])[H])C([H])([H])C3([H])[H])c(OC([H])([H])[H])c([H])c2n1,0,-0.13040169,-0.10824091,-157.22158858962962,-24.06659729183269,-0.031254828,-0.031098865,-0.031176846,-0.004469067,-0.010241672,-0.0073553696,-1464783.812443851,6.864376787096262,-1464770.3554588212,-1464775.509488698
S5-24.4,reactant,[H]c1nc(N([H])c2c([H])c([H])c([H])c(Cl)c2F)c2c([H])c(OC3([H])C([H])([H])C([H])([H])N(C(=O)[C:91]([H])=[C:92]([H])[H])C([H])([H])C3([H])[H])c(OC([H])([H])[H])c([H])c2n1,0,-0.15268369,-0.28543422,-159.53790776233723,-21.830476915571495,0.044451773,0.039230287,0.04184103,-0.015667662,-0.016180098,-0.01592388,-1189417.819173831,4.587639477103949,-1189406.521122563,-1189412.1361349758
S5-24.4,intermediate,[H]c1nc(N([H])c2c([H])c([H])c([H])c(Cl)c2F)c2c([H])c(OC3([H])C([H])([H])C([H])([H])N(C(=O)[C-:91]([H])[C:92]([H])([H])[S:93]C([H])([H])[H])C([H])([H])C3([H])[H])c(OC([H])([H])[H])c([H])c2n1,-1,-0.43358794,-0.12578082,-75.08161768177179,31.922286772513623,-0.0016191527,0.006908864,0.0026448555,0.112458676,0.29582834,0.2041435,-1464417.3418499606,3.867268079891801,-1464407.713152015,-1464412.374403968
S5-24.4,product,[H]c1nc(N([H])c2c([H])c([H])c([H])c(Cl)c2F)c2c([H])c(OC3([H])C([H])([H])C([H])([H])N(C(=O)[C:91]([H])([H])[C:92]([H])([H])[S:93]C([H])([H])[H])C([H])([H])C3([H])[H])c(OC([H])([H])[H])c([H])c2n1,0,-0.12919077,-0.10973791,-157.10848435153358,-25.99795656718969,-0.03169453,-0.031164028,-0.03142928,-0.005065322,-0.010442525,-0.0077539235,-1464786.9059316844,2.341027457267046,-1464777.7037638326,-1464783.7718673977
S5-24.5,reactant,[H]c1nc(N([H])c2c([H])c([H])c([H])c(Cl)c2F)c2c([H])c(OC3([H])C([H])([H])C([H])([H])N(C(=O)[C:91]([H])=[C:92]([H])[H])C([H])([H])C3([H])[H])c(OC([H])([H])[H])c([H])c2n1,0,-0.16297287,-0.2821948,-164.20093727213052,-26.53334048424107,0.024477243,0.025355816,0.02491653,-0.0035659373,-0.0013633668,-0.002464652,-1189421.9057613271,3.96880716830492,-1189415.4585627492,-1189418.6522275938
S5-24.5,intermediate,[H]c1nc(N([H])c2c([H])c([H])c([H])c(Cl)c2F)c2c([H])c(OC3([H])C([H])([H])C([H])([H])N(C(=O)[C-:91]([H])[C:92]([H])([H])[S:93]C([H])([H])[H])C([H])([H])C3([H])[H])c(OC([H])([H])[H])c([H])c2n1,-1,-0.51109827,-0.11948523,-72.98561723819157,34.40027195358461,0.008424327,0.015757985,0.012091156,0.077436745,0.3005986,0.18901767,-1464418.5131640777,2.897615395486355,-1464406.4193440096,-1464412.5066313392
S5-24.5,product,[H]c1nc(N([H])c2c([H])c([H])c([H])c(Cl)c2F)c2c([H])c(OC3([H])C([H])([H])C([H])([H])N(C(=O)[C:91]([H])([H])[C:92]([H])([H])[S:93]C([H])([H])[H])C([H])([H])C3([H])[H])c(OC([H])([H])[H])c([H])c2n1,0,-0.13892624,-0.12036331,-158.09764485431975,-23.54961992405473,-0.024816982,-0.023060754,-0.023938868,-0.0035019666,-0.00799419,-0.005748078,-1464783.1014278005,11.830445252358913,-1464770.7568734738,-1464775.2300730566
S5-24.6,reactant,[H]c1nc(N([H])c2c([H])c([H])c([H])c(Cl)c2F)c2c([H])c(OC3([H])C([H])([H])C([H])([H])N(C(=O)[C:91]([H])=[C:92]([H])[H])C([H])([H])C3([H])[H])c(OC([H])([H])[H])c([H])c2n1,0,-0.15539588,-0.28365812,-161.3362632001845,-23.82737542631984,0.05031845,0.04111743,0.04571794,-0.017470837,-0.016883269,-0.017177053,-1189418.1687065824,4.303735233843327,-1189404.2776275363,-1189410.1551295079
S5-24.6,intermediate,[H]c1nc(N([H])c2c([H])c([H])c([H])c(Cl)c2F)c2c([H])c(OC3([H])C([H])([H])C([H])([H])N(C(=O)[C-:91]([H])[C:92]([H])([H])[S:93]C([H])([H])[H])C([H])([H])C3([H])[H])c(OC([H])([H])[H])c([H])c2n1,-1,-0.49673185,-0.12030385,-72.62527366478703,36.292870030465465,0.006238453,0.014095165,0.010166809,0.07919642,0.30224794,0.1907222,-1464414.0255980068,5.740098539739847,-1464399.6949289932,-1464404.630808414
S5-24.6,product,[H]c1nc(N([H])c2c([H])c([H])c([H])c(Cl)c2F)c2c([H])c(OC3([H])C([H])([H])C([H])([H])N(C(=O)[C:91]([H])([H])[C:92]([H])([H])[S:93]C([H])([H])[H])C([H])([H])C3([H])[H])c(OC([H])([H])[H])c([H])c2n1,0,-0.13582385,-0.12274319,-157.2501422374965,-26.364323221896967,-0.025799535,-0.023015097,-0.024407316,-0.0039031804,-0.006912783,-0.0054079816,-1464786.4671275783,7.303786709904671,-1464774.6522029676,-1464780.8015212386
S5-24.7,reactant,[H]c1nc(N([H])c2c([H])c([H])c([H])c(Cl)c2F)c2c([H])c(OC3([H])C([H])([H])C([H])([H])N(C(=O)[C:91]([H])=[C:92]([H])[H])C([H])([H])C3([H])[H])c(OC([H])([H])[H])c([H])c2n1,0,-0.15170564,-0.28199208,-160.93155794533178,-24.715223055942086,0.046999842,0.04078038,0.04389011,-0.021933436,-0.022156224,-0.02204483,-1189423.5174522947,2.565260911360383,-1189413.707126448,-1189419.3166405258
S5-24.7,intermediate,[H]c1nc(N([H])c2c([H])c([H])c([H])c(Cl)c2F)c2c([H])c(OC3([H])C([H])([H])C([H])([H])N(C(=O)[C-:91]([H])[C:92]([H])([H])[S:93]C([H])([H])[H])C([H])([H])C3([H])[H])c(OC([H])([H])[H])c([H])c2n1,-1,-0.48905835,-0.12124245,-72.95042172390062,35.6647401891691,0.012188435,0.017784707,0.014986571,0.08793762,0.31172395,0.19983077,-1464413.8307192596,4.009320046752691,-1464399.3846080527,-1464403.6671004586
S5-24.7,product,[H]c1nc(N([H])c2c([H])c([H])c([H])c(Cl)c2F)c2c([H])c(OC3([H])C([H])([H])C([H])([H])N(C(=O)[C:91]([H])([H])[C:92]([H])([H])[S:93]C([H])([H])[H])C([H])([H])C3([H])[H])c(OC([H])([H])[H])c([H])c2n1,0,-0.14184114,-0.11633532,-154.44133815044123,-21.220955373336047,-0.02622483,-0.023905694,-0.025065262,0.00438793,0.0007060766,0.0025470033,-1464783.1298228023,4.631453361362219,-1464771.6371697036,-1464777.279387047
S5-24.8,reactant,[H]c1nc(N([H])c2c([H])c([H])c([H])c(Cl)c2F)c2c([H])c(OC3([H])C([H])([H])C([H])([H])N(C(=O)[C:91]([H])=[C:92]([H])[H])C([H])([H])C3([H])[H])c(OC([H])([H])[H])c([H])c2n1,0,-0.15650807,-0.28222477,-162.16941353237652,-25.8286760828939,0.049134552,0.040681303,0.044907928,-0.020761505,-0.018706635,-0.01973407,-1189421.4571453293,3.031275477260351,-1189411.4658232064,-1189418.1228657006
S5-24.8,intermediate,[H]c1nc(N([H])c2c([H])c([H])c([H])c(Cl)c2F)c2c([H])c(OC3([H])C([H])([H])C([H])([H])N(C(=O)[C-:91]([H])[C:92]([H])([H])[S:93]C([H])([H])[H])C([H])([H])C3([H])[H])c(OC([H])([H])[H])c([H])c2n1,-1,-0.50100255,-0.103011385,-78.02686994403462,37.24790509811406,0.015260391,0.021274798,0.018267594,0.07634401,0.2953296,0.1858368,-1464414.3769027304,4.10656757466495,-1464399.6950471764,-1464405.587395255
S5-24.8,product,[H]c1nc(N([H])c2c([H])c([H])c([H])c(Cl)c2F)c2c([H])c(OC3([H])C([H])([H])C([H])([H])N(C(=O)[C:91]([H])([H])[C:92]([H])([H])[S:93]C([H])([H])[H])C([H])([H])C3([H])[H])c(OC([H])([H])[H])c([H])c2n1,0,-0.13023846,-0.1084769,-156.64432020362403,-23.76020225023693,-0.031413093,-0.031239279,-0.031326186,-0.004020065,-0.00946711,-0.0067435876,-1464784.0586695874,4.052046369761229,-1464772.2428764296,-1464777.7684233095
S5-24.9,reactant,[H]c1nc(N([H])c2c([H])c([H])c([H])c(Cl)c2F)c2c([H])c(OC3([H])C([H])([H])C([H])([H])N(C(=O)[C:91]([H])=[C:92]([H])[H])C([H])([H])C3([H])[H])c(OC([H])([H])[H])c([H])c2n1,0,-0.15908729,-0.28327665,-164.46714726724738,-27.987252675160214,0.046415716,0.03917104,0.04279338,-0.022110999,-0.018231854,-0.020171426,-1189421.543769501,4.862745562568307,-1189414.9076486211,-1189417.9652172162
S5-24.9,intermediate,[H]c1nc(N([H])c2c([H])c([H])c([H])c(Cl)c2F)c2c([H])c(OC3([H])C([H])([H])C([H])([H])N(C(=O)[C-:91]([H])[C:92]([H])([H])[S:93]C([H])([H])[H])C([H])([H])C3([H])[H])c(OC([H])([H])[H])c([H])c2n1,-1,-0.5014532,-0.13594158,-76.89419920903775,35.69247155780761,0.0041424036,0.01373183,0.008937117,0.09159589,0.33121783,0.21140686,-1464415.9578652168,8.101901089772582,-1464398.839630477,-1464405.285278058
S5-24.9,product,[H]c1nc(N([H])c2c([H])c([H])c([H])c(Cl)c2F)c2c([H])c(OC3([H])C([H])([H])C([H])([H])N(C(=O)[C:91]([H])([H])[C:92]([H])([H])[S:93]C([H])([H])[H])C([H])([H])C3([H])[H])c(OC([H])([H])[H])c([H])c2n1,0,-0.12949471,-0.11489384,-157.25919464904382,-23.11101981730689,-0.033156462,-0.0328324,-0.03299443,-0.0058490783,-0.010860413,-0.008354746,-1464787.1432795972,3.168871184810996,-1464774.8639516889,-1464781.182027207
S5-24.10,reactant,[H]c1nc(N([H])c2c([H])c([H])c([H])c(Cl)c2F)c2c([H])c(OC3([H])C([H])([H])C([H])([H])N(C(=O)[C:91]([H])=[C:92]([H])[H])C([H])([H])C3([H])[H])c(OC([H])([H])[H])c([H])c2n1,0,-0.1575556,-0.2827807,-163.44398291792848,-27.114223319204424,0.04964441,0.040645123,0.045144767,-0.02098547,-0.018682897,-0.019834183,-1189421.57771473,4.927088791504502,-1189412.6307563107,-1189416.0189069335
S5-24.10,intermediate,[H]c1nc(N([H])c2c([H])c([H])c([H])c(Cl)c2F)c2c([H])c(OC3([H])C([H])([H])C([H])([H])N(C(=O)[C-:91]([H])[C:92]([H])([H])[S:93]C([H])([H])[H])C([H])([H])C3([H])[H])c(OC([H])([H])[H])c([H])c2n1,-1,-0.49981472,-0.13482423,-76.09194243596701,38.646540983880854,0.007467866,0.016132914,0.01180039,0.089156896,0.32134736,0.20525211,-1464413.506835498,5.2316658813506365,-1464400.5475923521,-1464405.4539220044
S5-24.10,product,[H]c1nc(N([H])c2c([H])c([H])c([H])c(Cl)c2F)c2c([H])c(OC3([H])C([H])([H])C([H])([H])N(C(=O)[C:91]([H])([H])[C:92]([H])([H])[S:93]C([H])([H])[H])C([H])([H])C3([H])[H])c(OC([H])([H])[H])c([H])c2n1,0,-0.14117987,-0.118305534,-155.52206174893115,-21.08615509337668,-0.025026895,-0.023181513,-0.024104204,-0.004555866,-0.008632109,-0.0065939873,-1464783.091648477,4.294871287420392,-1464771.338652526,-1464777.3615311107
S5-1.1,reactant,[H]c1nc(N([H])c2c([H])c([H])c(F)c(Cl)c2[H])c2c([H])c(N([H])C(=O)/[C:91]([H])=[C:92](\[H])C([H])([H])[N+]([H])(C([H])([H])[H])C([H])([H])[H])c(O[C@]3([H])C([H])([H])OC([H])([H])C3([H])[H])c([H])c2n1,1,-0.12539421,-0.056505583,-210.9370922249613,-87.80405053673668,0.03359478,-0.011207759,0.01119351,0.05231777,0.0018409416,0.027079355,-1249097.9868982926,2.965621152892709,-1249086.16693437,-1249092.8068581696
S5-1.1,intermediate,[H]c1nc(N([H])c2c([H])c([H])c(F)c(Cl)c2[H])c2c([H])c(N([H])C(=O)[C-:91]([H])[C:92]([H])(C([H])([H])[N+]([H])(C([H])([H])[H])C([H])([H])[H])[S:93]C([H])([H])[H])c(O[C@]3([H])C([H])([H])OC([H])([H])C3([H])[H])c([H])c2n1,0,-0.17959918,-0.09131005,-151.07349026690682,-28.859046952518778,-0.004251115,-0.00585787,-0.0050544925,0.026151791,0.014275491,0.020213641,-1524215.172657483,4.376218397170305,-1524185.401738543,-1524190.0376519968
S5-1.1,product,[H]c1nc(N([H])c2c([H])c([H])c(F)c(Cl)c2[H])c2c([H])c(N([H])C(=O)[C:91]([H])([H])[C:92]([H])(C([H])([H])[N+]([H])(C([H])([H])[H])C([H])([H])[H])[S:93]C([H])([H])[H])c(O[C@]3([H])C([H])([H])OC([H])([H])C3([H])[H])c([H])c2n1,1,-0.12154467,-0.01841039,-209.3326911730028,-83.19603942498311,-0.02440799,-0.029669574,-0.027038783,0.013022132,0.0094219,0.011222016,-1524471.651085884,4.767991671338677,-1524459.7024307684,-1524464.4026930677
S5-1.2,reactant,[H]c1nc(N([H])c2c([H])c([H])c(F)c(Cl)c2[H])c2c([H])c(N([H])C(=O)/[C:91]([H])=[C:92](\[H])C([H])([H])[N+]([H])(C([H])([H])[H])C([H])([H])[H])c(O[C@]3([H])C([H])([H])OC([H])([H])C3([H])[H])c([H])c2n1,1,-0.12892176,-0.06596128,-211.61280429084633,-87.65058990430744,0.059233584,-0.0036077127,0.027812935,0.049397007,-0.0012664646,0.024065271,-1249098.31399289,3.9900784865021706,-1249088.3697536606,-1249092.4066195202
S5-1.2,intermediate,[H]c1nc(N([H])c2c([H])c([H])c(F)c(Cl)c2[H])c2c([H])c(N([H])C(=O)[C-:91]([H])[C:92]([H])(C([H])([H])[N+]([H])(C([H])([H])[H])C([H])([H])[H])[S:93]C([H])([H])[H])c(O[C@]3([H])C([H])([H])OC([H])([H])C3([H])[H])c([H])c2n1,0,-0.272345,-0.0028596423,-144.2417976222978,-20.49195364873757,-0.00270342,-0.0009013284,-0.0018023741,0.008406252,0.03499274,0.021699496,-1524212.049786374,6.628464801236987,-1524199.1435190414,-1524205.5510464492
S5-1.2,product,[H]c1nc(N([H])c2c([H])c([H])c(F)c(Cl)c2[H])c2c([H])c(N([H])C(=O)[C:91]([H])([H])[C:92]([H])(C([H])([H])[N+]([H])(C([H])([H])[H])C([H])([H])[H])[S:93]C([H])([H])[H])c(O[C@]3([H])C([H])([H])OC([H])([H])C3([H])[H])c([H])c2n1,1,-0.10591091,0.0014480809,-215.31593700224605,-88.17799188930603,-0.026148569,-0.03807499,-0.03211178,0.008987889,0.00041844696,0.004703168,-1524478.0767536561,2.758642153814435,-1524466.1471604416,-1524471.0899147359
S5-1.3,reactant,[H]c1nc(N([H])c2c([H])c([H])c(F)c(Cl)c2[H])c2c([H])c(N([H])C(=O)/[C:91]([H])=[C:92](\[H])C([H])([H])[N+]([H])(C([H])([H])[H])C([H])([H])[H])c(O[C@]3([H])C([H])([H])OC([H])([H])C3([H])[H])c([H])c2n1,1,-0.12676373,-0.06795419,-210.74780931448527,-87.11700167113811,0.06764924,-0.00088083744,0.0333842,0.028986454,-0.004239857,0.012373298,-1249098.5795734194,3.330599533393979,-1249088.2797517786,-1249093.286773916
S5-1.3,intermediate,[H]c1nc(N([H])c2c([H])c([H])c(F)c(Cl)c2[H])c2c([H])c(N([H])C(=O)[C-:91]([H])[C:92]([H])(C([H])([H])[N+]([H])(C([H])([H])[H])C([H])([H])[H])[S:93]C([H])([H])[H])c(O[C@]3([H])C([H])([H])OC([H])([H])C3([H])[H])c([H])c2n1,0,-0.3263618,-0.004415495,-137.97316510371843,-15.325211110791527,0.0036896518,0.00041702157,0.0020533367,0.012040883,0.059374362,0.035707623,-1524200.5914169082,4.645371410995722,-1524185.3982333953,-1524191.434849662
S5-1.3,product,[H]c1nc(N([H])c2c([H])c([H])c(F)c(Cl)c2[H])c2c([H])c(N([H])C(=O)[C:91]([H])([H])[C:92]([H])(C([H])([H])[N+]([H])(C([H])([H])[H])C([H])([H])[H])[S:93]C([H])([H])[H])c(O[C@]3([H])C([H])([H])OC([H])([H])C3([H])[H])c([H])c2n1,1,-0.10433098,0.0018906831,-208.13276439583694,-82.01021890050114,-0.027967827,-0.038494438,-0.03323113,0.0070827976,-0.0012714863,0.0029056557,-1524463.7529526262,4.714550957083702,-1524449.3972342857,-1524456.7919145238
S5-1.4,reactant,[H]c1nc(N([H])c2c([H])c([H])c(F)c(Cl)c2[H])c2c([H])c(N([H])C(=O)/[C:91]([H])=[C:92](\[H])C([H])([H])[N+]([H])(C([H])([H])[H])C([H])([H])[H])c(O[C@]3([H])C([H])([H])OC([H])([H])C3([H])[H])c([H])c2n1,1,-0.09797938,-0.08496516,-212.93419758389027,-88.39012044942231,0.076880254,-0.0030961856,0.036892034,0.021143176,-0.006026,0.007558588,-1249096.4281745388,4.241440976038575,-1249085.0231245237,-1249090.3465345597
S5-1.4,intermediate,[H]c1nc(N([H])c2c([H])c([H])c(F)c(Cl)c2[H])c2c([H])c(N([H])C(=O)[C-:91]([H])[C:92]([H])(C([H])([H])[N+]([H])(C([H])([H])[H])C([H])([H])[H])[S:93]C([H])([H])[H])c(O[C@]3([H])C([H])([H])OC([H])([H])C3([H])[H])c([H])c2n1,0,-0.42719656,-0.005152919,-139.75235323975906,-18.10470940847254,0.02769383,0.011131959,0.019412894,0.051119715,0.20241657,0.12676814,-1524179.8701438063,5.168219264596701,-1524156.5535019739,-1524162.419164092
S5-1.4,product,[H]c1nc(N([H])c2c([H])c([H])c(F)c(Cl)c2[H])c2c([H])c(N([H])C(=O)[C:91]([H])([H])[C:92]([H])(C([H])([H])[N+]([H])(C([H])([H])[H])C([H])([H])[H])[S:93]C([H])([H])[H])c(O[C@]3([H])C([H])([H])OC([H])([H])C3([H])[H])c([H])c2n1,1,-0.103697196,-0.013218853,-209.53690726998607,-84.61341387487867,-0.024684612,-0.033777446,-0.02923103,0.0080029,0.0010409579,0.0045219287,-1524470.0764435092,4.080998059362173,-1524456.4706559961,-1524463.073555313
S5-1.5,reactant,[H]c1nc(N([H])c2c([H])c([H])c(F)c(Cl)c2[H])c2c([H])c(N([H])C(=O)/[C:91]([H])=[C:92](\[H])C([H])([H])[N+]([H])(C([H])([H])[H])C([H])([H])[H])c(O[C@]3([H])C([H])([H])OC([H])([H])C3([H])[H])c([H])c2n1,1,-0.1258489,-0.07364968,-218.5944013041325,-90.38222313269183,0.03023205,-0.013999797,0.008116126,0.0436479,0.009488061,0.02656798,-1249107.3235926367,5.100397752597928,-1249091.5966947253,-1249097.544960171
S5-1.5,intermediate,[H]c1nc(N([H])c2c([H])c([H])c(F)c(Cl)c2[H])c2c([H])c(N([H])C(=O)[C-:91]([H])[C:92]([H])(C([H])([H])[N+]([H])(C([H])([H])[H])C([H])([H])[H])[S:93]C([H])([H])[H])c(O[C@]3([H])C([H])([H])OC([H])([H])C3([H])[H])c([H])c2n1,0,-0.1940478,-0.103786126,-154.5712412815453,-34.1780340776154,0.011511326,0.012058616,0.011784971,0.022706196,0.0058554113,0.0142808035,-1524206.91801091,6.377060005441308,-1524163.8224780948,-1524168.9946099992
S5-1.5,product,[H]c1nc(N([H])c2c([H])c([H])c(F)c(Cl)c2[H])c2c([H])c(N([H])C(=O)[C:91]([H])([H])[C:92]([H])(C([H])([H])[N+]([H])(C([H])([H])[H])C([H])([H])[H])[S:93]C([H])([H])[H])c(O[C@]3([H])C([H])([H])OC([H])([H])C3([H])[H])c([H])c2n1,1,-0.10261395,-0.014825605,-210.11938820185358,-84.61748964669935,-0.02459075,-0.03354234,-0.029066544,0.008414559,0.001160726,0.0047876425,-1524469.8445325322,4.392802415415645,-1524455.6578703192,-1524462.751570041
S5-1.6,reactant,[H]c1nc(N([H])c2c([H])c([H])c(F)c(Cl)c2[H])c2c([H])c(N([H])C(=O)/[C:91]([H])=[C:92](\[H])C([H])([H])[N+]([H])(C([H])([H])[H])C([H])([H])[H])c(O[C@]3([H])C([H])([H])OC([H])([H])C3([H])[H])c([H])c2n1,1,-0.08601314,-0.056203216,-214.10956889903085,-87.74509615841897,0.0104993805,-0.01745487,-0.0034777448,0.042555586,-0.014316626,0.01411948,-1249091.8052470563,5.893130337819457,-1249077.9482647416,-1249085.1092434833
S5-1.6,intermediate,[H]c1nc(N([H])c2c([H])c([H])c(F)c(Cl)c2[H])c2c([H])c(N([H])C(=O)[C-:91]([H])[C:92]([H])(C([H])([H])[N+]([H])(C([H])([H])[H])C([H])([H])[H])[S:93]C([H])([H])[H])c(O[C@]3([H])C([H])([H])OC([H])([H])C3([H])[H])c([H])c2n1,0,-0.2738411,-0.004456096,-143.8586448089879,-21.608875486882155,0.00063447375,0.0013108554,0.00097266457,0.013668299,0.03959863,0.026633464,-1524211.6384063428,5.528229244053364,-1524201.3556511374,-1524205.1524008177
S5-1.6,product,[H]c1nc(N([H])c2c([H])c([H])c(F)c(Cl)c2[H])c2c([H])c(N([H])C(=O)[C:91]([H])([H])[C:92]([H])(C([H])([H])[N+]([H])(C([H])([H])[H])C([H])([H])[H])[S:93]C([H])([H])[H])c(O[C@]3([H])C([H])([H])OC([H])([H])C3([H])[H])c([H])c2n1,1,-0.11275055,0.0010157166,-206.18862998581707,-81.68946345318797,-0.032755923,-0.03655687,-0.034656398,0.008496635,0.0048956275,0.006696131,-1524472.0996394628,4.793605780228972,-1524460.052639503,-1524465.7508802197
S5-1.7,reactant,[H]c1nc(N([H])c2c([H])c([H])c(F)c(Cl)c2[H])c2c([H])c(N([H])C(=O)/[C:91]([H])=[C:92](\[H])C([H])([H])[N+]([H])(C([H])([H])[H])C([H])([H])[H])c(O[C@]3([H])C([H])([H])OC([H])([H])C3([H])[H])c([H])c2n1,1,-0.124726586,-0.05684585,-211.06949937547603,-87.86306731927853,0.03272032,-0.01126878,0.01072577,0.052208774,0.0010052472,0.02660701,-1249098.029948411,2.9054843056946993,-1249086.7741176113,-1249092.9034873801
S5-1.7,intermediate,[H]c1nc(N([H])c2c([H])c([H])c(F)c(Cl)c2[H])c2c([H])c(N([H])C(=O)[C-:91]([H])[C:92]([H])(C([H])([H])[N+]([H])(C([H])([H])[H])C([H])([H])[H])[S:93]C([H])([H])[H])c(O[C@]3([H])C([H])([H])OC([H])([H])C3([H])[H])c([H])c2n1,0,-0.4776717,-0.035198666,-132.43859584192072,-15.413400434712358,0.008622933,0.008134628,0.00837878,0.03193274,0.1803622,0.10614747,-1524176.832503391,4.924808971583843,-1524161.3691674403,-1524168.7467118104
S5-1.7,product,[H]c1nc(N([H])c2c([H])c([H])c(F)c(Cl)c2[H])c2c([H])c(N([H])C(=O)[C:91]([H])([H])[C:92]([H])(C([H])([H])[N+]([H])(C([H])([H])[H])C([H])([H])[H])[S:93]C([H])([H])[H])c(O[C@]3([H])C([H])([H])OC([H])([H])C3([H])[H])c([H])c2n1,1,-0.11347851,-0.00085450045,-205.86200008896756,-82.1753189722583,-0.03387216,-0.037683006,-0.035777584,0.008512832,0.0045644045,0.0065386184,-1524465.6479302552,4.924206523224711,-1524454.877876772,-1524459.142373849
S5-1.8,reactant,[H]c1nc(N([H])c2c([H])c([H])c(F)c(Cl)c2[H])c2c([H])c(N([H])C(=O)/[C:91]([H])=[C:92](\[H])C([H])([H])[N+]([H])(C([H])([H])[H])C([H])([H])[H])c(O[C@]3([H])C([H])([H])OC([H])([H])C3([H])[H])c([H])c2n1,1,-0.126472,-0.06815373,-210.62072430330394,-87.11021500437681,0.06883479,-0.00032439828,0.034255195,0.02988197,-0.0036510825,0.013115443,-1249098.6129419114,2.9095152486115694,-1249087.3384847364,-1249093.501619932
S5-1.8,intermediate,[H]c1nc(N([H])c2c([H])c([H])c(F)c(Cl)c2[H])c2c([H])c(N([H])C(=O)[C-:91]([H])[C:92]([H])(C([H])([H])[N+]([H])(C([H])([H])[H])C([H])([H])[H])[S:93]C([H])([H])[H])c(O[C@]3([H])C([H])([H])OC([H])([H])C3([H])[H])c([H])c2n1,0,-0.46005777,-0.05498561,-134.61220530211503,-14.374885313209141,-0.00985029,0.005924996,-0.0019626468,0.009879261,0.14960161,0.079740435,-1524184.3418865537,3.6078702826052904,-1524169.1673196144,-1524175.0966451368
S5-1.8,product,[H]c1nc(N([H])c2c([H])c([H])c(F)c(Cl)c2[H])c2c([H])c(N([H])C(=O)[C:91]([H])([H])[C:92]([H])(C([H])([H])[N+]([H])(C([H])([H])[H])C([H])([H])[H])[S:93]C([H])([H])[H])c(O[C@]3([H])C([H])([H])OC([H])([H])C3([H])[H])c([H])c2n1,1,-0.115360446,0.0002361531,-209.44440675721003,-84.02103785933421,-0.024279376,-0.02979708,-0.027038228,0.012824707,0.008010924,0.010417815,-1524471.9128244403,4.785115787759423,-1524460.2066643497,-1524464.7583183951
S5-1.9,reactant,[H]c1nc(N([H])c2c([H])c([H])c(F)c(Cl)c2[H])c2c([H])c(N([H])C(=O)/[C:91]([H])=[C:92](\[H])C([H])([H])[N+]([H])(C([H])([H])[H])C([H])([H])[H])c(O[C@]3([H])C([H])([H])OC([H])([H])C3([H])[H])c([H])c2n1,1,-0.09690734,-0.07422945,-213.46771770570905,-88.10961588406798,0.08230543,-0.0036048442,0.039350294,0.0358798,-0.010161698,0.01285905,-1249096.1661614033,3.648504100739956,-1249084.9995827118,-1249090.471284176
S5-1.9,intermediate,[H]c1nc(N([H])c2c([H])c([H])c(F)c(Cl)c2[H])c2c([H])c(N([H])C(=O)[C-:91]([H])[C:92]([H])(C([H])([H])[N+]([H])(C([H])([H])[H])C([H])([H])[H])[S:93]C([H])([H])[H])c(O[C@]3([H])C([H])([H])OC([H])([H])C3([H])[H])c([H])c2n1,0,-0.43053335,-0.026657406,-135.49753648212007,-13.957849327696838,-0.012087046,-0.0071471483,-0.009617098,0.020793885,0.15629146,0.08854267,-1524182.416803763,8.05967641249299,-1524162.7182175592,-1524168.3561942053
S5-1.9,product,[H]c1nc(N([H])c2c([H])c([H])c(F)c(Cl)c2[H])c2c([H])c(N([H])C(=O)[C:91]([H])([H])[C:92]([H])(C([H])([H])[N+]([H])(C([H])([H])[H])C([H])([H])[H])[S:93]C([H])([H])[H])c(O[C@]3([H])C([H])([H])OC([H])([H])C3([H])[H])c([H])c2n1,1,-0.11658019,0.002436061,-206.33614353363876,-81.59905558060773,-0.029550351,-0.041171283,-0.035360817,0.0155457705,0.0070036054,0.011274688,-1524464.8779152716,4.39165592007339,-1524452.4527820682,-1524458.2986303356
S5-1.10,reactant,[H]c1nc(N([H])c2c([H])c([H])c(F)c(Cl)c2[H])c2c([H])c(N([H])C(=O)/[C:91]([H])=[C:92](\[H])C([H])([H])[N+]([H])(C([H])([H])[H])C([H])([H])[H])c(O[C@]3([H])C([H])([H])OC([H])([H])C3([H])[H])c([H])c2n1,1,-0.12177892,-0.07879756,-218.77074562465083,-91.80392413642153,0.05456517,-0.009183228,0.02269097,0.023968667,-0.0029004142,0.010534126,-1249086.711747168,6.304134372621775,-1249074.6847176321,-1249078.7886109282
S5-1.10,intermediate,[H]c1nc(N([H])c2c([H])c([H])c(F)c(Cl)c2[H])c2c([H])c(N([H])C(=O)[C-:91]([H])[C:92]([H])(C([H])([H])[N+]([H])(C([H])([H])[H])C([H])([H])[H])[S:93]C([H])([H])[H])c(O[C@]3([H])C([H])([H])OC([H])([H])C3([H])[H])c([H])c2n1,0,-0.43157545,-0.0057170633,-139.06989788204524,-16.969312259527154,0.0068573197,0.0012264783,0.004041899,0.007238269,0.17254907,0.08989367,-1524173.1659411269,6.673181425780058,-1524156.4142499173,-1524162.9823305712
S5-1.10,product,[H]c1nc(N([H])c2c([H])c([H])c(F)c(Cl)c2[H])c2c([H])c(N([H])C(=O)[C:91]([H])([H])[C:92]([H])(C([H])([H])[N+]([H])(C([H])([H])[H])C([H])([H])[H])[S:93]C([H])([H])[H])c(O[C@]3([H])C([H])([H])OC([H])([H])C3([H])[H])c([H])c2n1,1,-0.10004972,-0.017250706,-208.35646925463735,-83.32462762453305,-0.02793416,-0.034777135,-0.03135565,0.008435577,0.00034229457,0.004388936,-1524462.7186326701,3.8759693037718534,-1524452.4855645844,-1524456.482260379
S5-32.1,reactant,[H]c1c([H])c(S[C@]2([H])C([H])([H])N(C(=O)[C:91]([H])=[C:92]([H])[H])[C@]([H])(C(=O)N([H])C([H])([H])c3c([H])c([H])c(F)c([H])c3[H])C2([H])[H])c([H])c([H])c1F,0,-0.12217885,-0.29104835,-173.72906015841355,-22.59191830470006,0.067442715,0.061206162,0.06432444,0.057627156,0.01368583,0.035656493,-1048603.18456945,4.448598064482212,-1048592.616788136,-1048597.147841535
S5-32.1,intermediate,[H]c1c([H])c(S[C@]2([H])C([H])([H])N(C(=O)[C-:91]([H])[C:92]([H])([H])[S:93]C([H])([H])[H])[C@]([H])(C(=O)N([H])C([H])([H])c3c([H])c([H])c(F)c([H])c3[H])C2([H])[H])c([H])c([H])c1F,-1,-0.46228778,-0.12563911,-87.05098612609812,54.27414646549259,0.010314271,0.018715605,0.014514938,0.099072754,0.40673774,0.25290525,-1323614.650520386,7.357056530192494,-1323575.2254802,-1323580.3712210732
S5-32.1,product,[H]c1c([H])c(S[C@]2([H])C([H])([H])N(C(=O)[C:91]([H])([H])[C:92]([H])([H])[S:93]C([H])([H])[H])[C@]([H])(C(=O)N([H])C([H])([H])c3c([H])c([H])c(F)c([H])c3[H])C2([H])[H])c([H])c([H])c1F,0,-0.13113147,-0.113621734,-164.41160899150304,-15.374770377322971,0.014213644,0.0022029951,0.00820832,0.019440979,0.015541635,0.017491307,-1323978.4976473344,5.979180751368403,-1323964.9506819465,-1323970.3821609302
S5-32.2,reactant,[H]c1c([H])c(S[C@]2([H])C([H])([H])N(C(=O)[C:91]([H])=[C:92]([H])[H])[C@]([H])(C(=O)N([H])C([H])([H])c3c([H])c([H])c(F)c([H])c3[H])C2([H])[H])c([H])c([H])c1F,0,-0.14642644,-0.26833996,-176.7501893138567,-25.78834552096715,0.052425385,0.0453849,0.04890514,0.034898072,0.011988029,0.02344305,-1048603.277366239,4.693398021161556,-1048592.351272518,-1048596.9585636419
S5-32.2,intermediate,[H]c1c([H])c(S[C@]2([H])C([H])([H])N(C(=O)[C-:91]([H])[C:92]([H])([H])[S:93]C([H])([H])[H])[C@]([H])(C(=O)N([H])C([H])([H])c3c([H])c([H])c(F)c([H])c3[H])C2([H])[H])c([H])c([H])c1F,-1,-0.45877942,-0.11956468,-85.07996478989601,57.50989888288336,0.024527282,0.025195345,0.024861313,0.08710429,0.40934727,0.24822578,-1323615.8444258545,11.60775139182806,-1323580.7986083503,-1323585.5867756726
S5-32.2,product,[H]c1c([H])c(S[C@]2([H])C([H])([H])N(C(=O)[C:91]([H])([H])[C:92]([H])([H])[S:93]C([H])([H])[H])[C@]([H])(C(=O)N([H])C([H])([H])c3c([H])c([H])c(F)c([H])c3[H])C2([H])[H])c([H])c([H])c1F,0,-0.12006346,-0.13209046,-164.79744726533923,-19.681801571833017,-0.015206754,-0.009809226,-0.01250799,0.013414212,0.011441864,0.012428038,-1323967.904326271,3.554366357624531,-1323955.7543276327,-1323962.5816272
S5-32.3,reactant,[H]c1c([H])c(S[C@]2([H])C([H])([H])N(C(=O)[C:91]([H])=[C:92]([H])[H])[C@]([H])(C(=O)N([H])C([H])([H])c3c([H])c([H])c(F)c([H])c3[H])C2([H])[H])c([H])c([H])c1F,0,-0.12970798,-0.281912,-171.96435087000705,-23.241252135374594,0.07900822,0.053858176,0.0664332,0.08484298,0.009493552,0.047168266,-1048606.8021997577,7.151620341464877,-1048594.931394309,-1048600.1334242611
S5-32.3,intermediate,[H]c1c([H])c(S[C@]2([H])C([H])([H])N(C(=O)[C-:91]([H])[C:92]([H])([H])[S:93]C([H])([H])[H])[C@]([H])(C(=O)N([H])C([H])([H])c3c([H])c([H])c(F)c([H])c3[H])C2([H])[H])c([H])c([H])c1F,-1,-0.5186333,-0.11739727,-83.5481547590481,55.38392358961128,0.022237264,0.022717133,0.022477198,0.11436397,0.43176478,0.27306437,-1323613.2255164632,8.411028794944286,-1323583.1556982126,-1323590.5740797373
S5-32.3,product,[H]c1c([H])c(S[C@]2([H])C([H])([H])N(C(=O)[C:91]([H])([H])[C:92]([H])([H])[S:93]C([H])([H])[H])[C@]([H])(C(=O)N([H])C([H])([H])c3c([H])c([H])c(F)c([H])c3[H])C2([H])[H])c([H])c([H])c1F,0,-0.12020054,-0.11584383,-162.87484035255528,-20.641252071733838,-0.028720044,-0.029729277,-0.02922466,0.027399413,0.010679491,0.019039452,-1323968.8497096817,3.2878808360546827,-1323958.6267233377,-1323964.423221622
S5-32.4,reactant,[H]c1c([H])c(S[C@]2([H])C([H])([H])N(C(=O)[C:91]([H])=[C:92]([H])[H])[C@]([H])(C(=O)N([H])C([H])([H])c3c([H])c([H])c(F)c([H])c3[H])C2([H])[H])c([H])c([H])c1F,0,-0.14285126,-0.2789177,-173.07284705129965,-18.46812469861756,0.09842533,0.061406985,0.07991616,0.037317827,-0.0018740296,0.017721899,-1048610.2272944883,2.986654970794916,-1048598.4220031037,-1048604.265168495
S5-32.4,intermediate,[H]c1c([H])c(S[C@]2([H])C([H])([H])N(C(=O)[C-:91]([H])[C:92]([H])([H])[S:93]C([H])([H])[H])[C@]([H])(C(=O)N([H])C([H])([H])c3c([H])c([H])c(F)c([H])c3[H])C2([H])[H])c([H])c([H])c1F,-1,-0.5015914,-0.122224815,-84.08941414981113,59.70915179943852,0.04058305,0.02554088,0.033061966,0.14920586,0.44054446,0.29487514,-1323602.7851775612,7.024781649932265,-1323584.245134234,-1323590.1372188567
S5-32.4,product,[H]c1c([H])c(S[C@]2([H])C([H])([H])N(C(=O)[C:91]([H])([H])[C:92]([H])([H])[S:93]C([H])([H])[H])[C@]([H])(C(=O)N([H])C([H])([H])c3c([H])c([H])c(F)c([H])c3[H])C2([H])[H])c([H])c([H])c1F,0,-0.109258875,-0.114938065,-163.15517163580017,-22.174561728988046,-0.0348657,-0.03466399,-0.034764845,0.024463952,0.0018435866,0.013153769,-1323972.9008020477,5.112350165843964,-1323960.9950896522,-1323966.5853485956
S5-32.5,reactant,[H]c1c([H])c(S[C@]2([H])C([H])([H])N(C(=O)[C:91]([H])=[C:92]([H])[H])[C@]([H])(C(=O)N([H])C([H])([H])c3c([H])c([H])c(F)c([H])c3[H])C2([H])[H])c([H])c([H])c1F,0,-0.1365876,-0.2716334,-174.9494008567479,-22.787692239064725,0.052907616,0.04331273,0.048110172,0.04494679,0.005303785,0.025125287,-1048605.0530336418,7.01638706959784,-1048591.0154501183,-1048597.9663512805
S5-32.5,intermediate,[H]c1c([H])c(S[C@]2([H])C([H])([H])N(C(=O)[C-:91]([H])[C:92]([H])([H])[S:93]C([H])([H])[H])[C@]([H])(C(=O)N([H])C([H])([H])c3c([H])c([H])c(F)c([H])c3[H])C2([H])[H])c([H])c([H])c1F,-1,-0.38472503,-0.109483205,-83.58169078447315,55.792582086559364,0.053973474,0.040836282,0.047404878,-0.0037765503,0.28647643,0.14134994,-1323603.1843393743,2.454820528626442,-1323591.4447580634,-1323597.8437898422
S5-32.5,product,[H]c1c([H])c(S[C@]2([H])C([H])([H])N(C(=O)[C:91]([H])([H])[C:92]([H])([H])[S:93]C([H])([H])[H])[C@]([H])(C(=O)N([H])C([H])([H])c3c([H])c([H])c(F)c([H])c3[H])C2([H])[H])c([H])c([H])c1F,0,-0.13237049,-0.11078379,-165.93540916893645,-21.054533084688487,0.02221363,0.0045179576,0.013365794,0.02432637,0.02156835,0.02294736,-1323972.9249166276,3.837099416181445,-1323961.1720736527,-1323967.8145709473
S5-32.6,reactant,[H]c1c([H])c(S[C@]2([H])C([H])([H])N(C(=O)[C:91]([H])=[C:92]([H])[H])[C@]([H])(C(=O)N([H])C([H])([H])c3c([H])c([H])c(F)c([H])c3[H])C2([H])[H])c([H])c([H])c1F,0,-0.15338524,-0.28787422,-177.13471786812403,-16.493543370591357,0.08598167,0.06574124,0.075861454,0.045556888,0.009400576,0.027478732,-1048606.9010567425,1.9753784872591496,-1048598.5439913757,-1048603.110612874
S5-32.6,intermediate,[H]c1c([H])c(S[C@]2([H])C([H])([H])N(C(=O)[C-:91]([H])[C:92]([H])([H])[S:93]C([H])([H])[H])[C@]([H])(C(=O)N([H])C([H])([H])c3c([H])c([H])c(F)c([H])c3[H])C2([H])[H])c([H])c([H])c1F,-1,-0.4346224,-0.10358568,-81.98109637407993,56.25607009401922,0.02846872,0.03579638,0.03213255,0.031759053,0.34034696,0.18605301,-1323611.6211921258,8.045616025105119,-1323597.0386805306,-1323602.507015014
S5-32.6,product,[H]c1c([H])c(S[C@]2([H])C([H])([H])N(C(=O)[C:91]([H])([H])[C:92]([H])([H])[S:93]C([H])([H])[H])[C@]([H])(C(=O)N([H])C([H])([H])c3c([H])c([H])c(F)c([H])c3[H])C2([H])[H])c([H])c([H])c1F,0,-0.11892628,-0.121666394,-167.8145183438388,-13.803644727363917,-0.014414392,-0.01434318,-0.014378786,0.01290492,0.0065660924,0.009735506,-1323973.2126875569,3.2003235574811697,-1323962.029302455,-1323968.3961247988
S5-32.7,reactant,[H]c1c([H])c(S[C@]2([H])C([H])([H])N(C(=O)[C:91]([H])=[C:92]([H])[H])[C@]([H])(C(=O)N([H])C([H])([H])c3c([H])c([H])c(F)c([H])c3[H])C2([H])[H])c([H])c([H])c1F,0,-0.1368351,-0.2815479,-172.66915048665876,-24.58349050307036,0.07686901,0.054665923,0.06576747,0.07262345,0.017171085,0.044897266,-1048607.9221360402,7.052468962967396,-1048594.6315837435,-1048599.6815663711
S5-32.7,intermediate,[H]c1c([H])c(S[C@]2([H])C([H])([H])N(C(=O)[C-:91]([H])[C:92]([H])([H])[S:93]C([H])([H])[H])[C@]([H])(C(=O)N([H])C([H])([H])c3c([H])c([H])c(F)c([H])c3[H])C2([H])[H])c([H])c([H])c1F,-1,-0.38660282,-0.12569243,-77.43238866446094,60.378769719944586,0.028078482,0.033501364,0.030789923,0.003309071,0.30304888,0.15317897,-1323615.1162914068,4.815749840810895,-1323602.534344338,-1323608.0832863115
S5-32.7,product,[H]c1c([H])c(S[C@]2([H])C([H])([H])N(C(=O)[C:91]([H])([H])[C:92]([H])([H])[S:93]C([H])([H])[H])[C@]([H])(C(=O)N([H])C([H])([H])c3c([H])c([H])c(F)c([H])c3[H])C2([H])[H])c([H])c([H])c1F,0,-0.11493356,-0.11605303,-165.97241498325246,-17.68112943675738,-0.016630404,-0.017735064,-0.017182734,0.026705243,0.0131977275,0.019951485,-1323977.2082429742,6.142684681341052,-1323963.9936766734,-1323970.8144317153
S5-32.8,reactant,[H]c1c([H])c(S[C@]2([H])C([H])([H])N(C(=O)[C:91]([H])=[C:92]([H])[H])[C@]([H])(C(=O)N([H])C([H])([H])c3c([H])c([H])c(F)c([H])c3[H])C2([H])[H])c([H])c([H])c1F,0,-0.12535474,-0.29051504,-175.23713883300007,-22.146750716455948,0.07697365,0.0688431,0.07290837,0.049858645,0.008618318,0.029238481,-1048602.87685966,5.811275565996766,-1048592.7313766608,-1048596.964059698
S5-32.8,intermediate,[H]c1c([H])c(S[C@]2([H])C([H])([H])N(C(=O)[C-:91]([H])[C:92]([H])([H])[S:93]C([H])([H])[H])[C@]([H])(C(=O)N([H])C([H])([H])c3c([H])c([H])c(F)c([H])c3[H])C2([H])[H])c([H])c([H])c1F,-1,-0.42280906,-0.10960333,-93.30640559838355,54.40855162200025,0.010899931,0.010650903,0.010775417,0.10075903,0.38079777,0.2407784,-1323611.3025200204,9.626404907554388,-1323589.7358287196,-1323594.9518038803
S5-32.8,product,[H]c1c([H])c(S[C@]2([H])C([H])([H])N(C(=O)[C:91]([H])([H])[C:92]([H])([H])[S:93]C([H])([H])[H])[C@]([H])(C(=O)N([H])C([H])([H])c3c([H])c([H])c(F)c([H])c3[H])C2([H])[H])c([H])c([H])c1F,0,-0.123803824,-0.11713758,-167.6928507817065,-19.635771918514987,0.008234486,-0.006555535,0.00083947554,0.022643387,0.018166266,0.020404827,-1323969.3490586323,4.340525675565004,-1323959.9118001868,-1323964.9992114143
S5-32.9,reactant,[H]c1c([H])c(S[C@]2([H])C([H])([H])N(C(=O)[C:91]([H])=[C:92]([H])[H])[C@]([H])(C(=O)N([H])C([H])([H])c3c([H])c([H])c(F)c([H])c3[H])C2([H])[H])c([H])c([H])c1F,0,-0.17008571,-0.27701104,-174.51576666843656,-22.073794645130942,0.044478476,0.04670097,0.045589723,0.03127207,0.022783369,0.027027719,-1048601.5592744742,4.197445821017027,-1048591.473158416,-1048596.658096737
S5-32.9,intermediate,[H]c1c([H])c(S[C@]2([H])C([H])([H])N(C(=O)[C-:91]([H])[C:92]([H])([H])[S:93]C([H])([H])[H])[C@]([H])(C(=O)N([H])C([H])([H])c3c([H])c([H])c(F)c([H])c3[H])C2([H])[H])c([H])c([H])c1F,-1,-0.48387942,-0.11474619,-87.47327607650514,57.55932965819715,0.021300353,0.02041047,0.020855412,0.118116945,0.44131023,0.27971357,-1323617.380963448,5.831231681630015,-1323607.9465373112,-1323613.2998098442
S5-32.9,product,[H]c1c([H])c(S[C@]2([H])C([H])([H])N(C(=O)[C:91]([H])([H])[C:92]([H])([H])[S:93]C([H])([H])[H])[C@]([H])(C(=O)N([H])C([H])([H])c3c([H])c([H])c(F)c([H])c3[H])C2([H])[H])c([H])c([H])c1F,0,-0.13124007,-0.11346473,-164.3686200865415,-15.27818390063809,0.014261246,0.002281703,0.008271474,0.01931125,0.015513338,0.017412294,-1323978.4953726176,5.570286516100168,-1323965.6958838515,-1323970.0347653143
S5-32.10,reactant,[H]c1c([H])c(S[C@]2([H])C([H])([H])N(C(=O)[C:91]([H])=[C:92]([H])[H])[C@]([H])(C(=O)N([H])C([H])([H])c3c([H])c([H])c(F)c([H])c3[H])C2([H])[H])c([H])c([H])c1F,0,-0.13293257,-0.2819706,-174.46529189906394,-23.269280359989903,0.070016176,0.05064243,0.060329303,0.086745426,0.010458179,0.048601802,-1048607.2769963124,4.622284879907966,-1048595.935749109,-1048601.3756954807
S5-32.10,intermediate,[H]c1c([H])c(S[C@]2([H])C([H])([H])N(C(=O)[C-:91]([H])[C:92]([H])([H])[S:93]C([H])([H])[H])[C@]([H])(C(=O)N([H])C([H])([H])c3c([H])c([H])c(F)c([H])c3[H])C2([H])[H])c([H])c([H])c1F,-1,-0.501388,-0.1104012,-85.0801423760922,56.90825953188315,0.026174992,0.026630647,0.02640282,0.09948045,0.4132067,0.25634357,-1323615.103748444,9.410294434055686,-1323596.5490228196,-1323602.7498704568
S5-32.10,product,[H]c1c([H])c(S[C@]2([H])C([H])([H])N(C(=O)[C:91]([H])([H])[C:92]([H])([H])[S:93]C([H])([H])[H])[C@]([H])(C(=O)N([H])C([H])([H])c3c([H])c([H])c(F)c([H])c3[H])C2([H])[H])c([H])c([H])c1F,0,-0.13326454,-0.12987027,-161.3014028605244,-15.195455481907945,-0.022126712,-0.016282976,-0.019204844,0.013308704,0.007852972,0.010580838,-1323968.235745309,4.552163880318403,-1323956.1841239328,-1323963.284234691
S5-34.1,reactant,[H]c1nc(N([H])c2c([H])c(N([H])C(=O)/[C:91]([H])=[C:92](\[H])C([H])([H])[N+]([H])(C([H])([H])[H])C([H])([H])[H])c([H])c([H])c2OC([H])([H])[H])nc(-c2c([H])nn3c([H])c([H])c([H])c([H])c23)c1Cl,1,-0.13818665,-0.05385102,-202.5524203216838,-85.87670907350115,0.048312057,-0.0049390234,0.021686517,0.034785733,-0.0027440488,0.016020842,-1207551.032017526,2.7528203390538692,-1207540.5053369312,-1207545.7922766362
S5-34.1,intermediate,[H]C1=C([H])c2c(-c3nc(N([H])c4c([H])c(N([H])C(=O)[C-:91]([H])[C:92]([H])(C([H])([H])[N+]([H])(C([H])([H])[H])C([H])([H])[H])[S:93]C([H])([H])[H])c([H])c([H])c4OC([H])([H])[H])nc([H])c3Cl)c([H])nn2C([H])=C1[H],0,-0.19705474,-0.110074975,-147.60982831978572,-33.16769871874239,0.0045933723,0.0055011734,0.005047273,0.015989468,0.0041809827,0.010085225,-1482662.1374932942,3.665807195007801,-1482634.8198148187,-1482640.692196042
S5-34.1,product,[H]c1nc(N([H])c2c([H])c(N([H])C(=O)[C:91]([H])([H])[C:92]([H])(C([H])([H])[N+]([H])(C([H])([H])[H])C([H])([H])[H])[S:93]C([H])([H])[H])c([H])c([H])c2OC([H])([H])[H])nc(-c2c([H])nn3c([H])c([H])c([H])c([H])c23)c1Cl,1,-0.12295642,-0.0004033715,-198.91744077668275,-81.75501305650883,-0.020885287,-0.029021483,-0.024953384,0.005930595,0.0032105222,0.0045705587,-1482928.541444813,1.873670419678092,-1482918.012095416,-1482923.7573010013
S5-34.2,reactant,[H]c1nc(N([H])c2c([H])c(N([H])C(=O)/[C:91]([H])=[C:92](\[H])C([H])([H])[N+]([H])(C([H])([H])[H])C([H])([H])[H])c([H])c([H])c2OC([H])([H])[H])nc(-c2c([H])nn3c([H])c([H])c([H])c([H])c23)c1Cl,1,-0.141477,-0.0629139,-201.985389024618,-86.35316173789222,0.066635005,-0.0014410168,0.032596994,0.025100023,-0.0065345764,0.009282723,-1207553.0546629885,2.69387873634696,-1207539.7948910738,-1207547.107082205
S5-34.2,intermediate,[H]C1=C([H])c2c(-c3nc(N([H])c4c([H])c(N([H])C(=O)[C-:91]([H])[C:92]([H])(C([H])([H])[N+]([H])(C([H])([H])[H])C([H])([H])[H])[S:93]C([H])([H])[H])c([H])c([H])c4OC([H])([H])[H])nc([H])c3Cl)c([H])nn2C([H])=C1[H],0,-0.19612545,-0.082262,-147.91948596467103,-35.03652951235183,0.010119751,0.0055602193,0.007839985,0.007030338,-1.40070915e-05,0.0035081655,-1482666.2342308024,5.3979696277529,-1482619.4431648906,-1482624.028261699
S5-34.2,product,[H]c1nc(N([H])c2c([H])c(N([H])C(=O)[C:91]([H])([H])[C:92]([H])(C([H])([H])[N+]([H])(C([H])([H])[H])C([H])([H])[H])[S:93]C([H])([H])[H])c([H])c([H])c2OC([H])([H])[H])nc(-c2c([H])nn3c([H])c([H])c([H])c([H])c23)c1Cl,1,-0.103617355,-0.010810249,-200.5714006711735,-82.91738130562663,-0.012086586,-0.032583766,-0.022335175,0.0028292611,-0.0022857115,0.00027177483,-1482932.6713438637,2.90037084184587,-1482920.9421898152,-1482927.0113263084
S5-34.3,reactant,[H]c1nc(N([H])c2c([H])c(N([H])C(=O)/[C:91]([H])=[C:92](\[H])C([H])([H])[N+]([H])(C([H])([H])[H])C([H])([H])[H])c([H])c([H])c2OC([H])([H])[H])nc(-c2c([H])nn3c([H])c([H])c([H])c([H])c23)c1Cl,1,-0.11551272,-0.084275305,-203.5244375070379,-86.56911298459575,0.06454629,-0.006377779,0.029084254,0.021296225,-0.009420767,0.005937729,-1207548.507602215,1.7874246630817652,-1207537.1234914048,-1207543.2084326977
S5-34.3,intermediate,[H]C1=C([H])c2c(-c3nc(N([H])c4c([H])c(N([H])C(=O)[C-:91]([H])[C:92]([H])(C([H])([H])[N+]([H])(C([H])([H])[H])C([H])([H])[H])[S:93]C([H])([H])[H])c([H])c([H])c4OC([H])([H])[H])nc([H])c3Cl)c([H])nn2C([H])=C1[H],0,-0.48554552,-0.041562304,-128.46754826318852,-16.197383452639567,0.002178315,0.004262995,0.003220655,0.030436635,0.15512314,0.09277989,-1482621.8773852244,3.4219741094857454,-1482607.437466002,-1482613.1202774202
S5-34.3,product,[H]c1nc(N([H])c2c([H])c(N([H])C(=O)[C:91]([H])([H])[C:92]([H])(C([H])([H])[N+]([H])(C([H])([H])[H])C([H])([H])[H])[S:93]C([H])([H])[H])c([H])c([H])c2OC([H])([H])[H])nc(-c2c([H])nn3c([H])c([H])c([H])c([H])c23)c1Cl,1,-0.11098024,0.02402067,-205.60697270618363,-82.17518391685532,-0.031967618,-0.04346302,-0.03771532,0.0046573877,-0.0015673414,0.0015450232,-1482925.4394631656,2.4308956507593393,-1482913.4431109694,-1482919.4794203043
S5-34.4,reactant,[H]c1nc(N([H])c2c([H])c(N([H])C(=O)/[C:91]([H])=[C:92](\[H])C([H])([H])[N+]([H])(C([H])([H])[H])C([H])([H])[H])c([H])c([H])c2OC([H])([H])[H])nc(-c2c([H])nn3c([H])c([H])c([H])c([H])c23)c1Cl,1,-0.13910535,-0.06398886,-201.7736714297846,-85.78198612409211,0.07515643,0.0021924376,0.038674433,0.013107717,-0.0075986534,0.0027545318,-1207553.3103560102,2.2973646447062492,-1207542.2698674072,-1207548.1173803974
S5-34.4,intermediate,[H]C1=C([H])c2c(-c3nc(N([H])c4c([H])c(N([H])C(=O)[C-:91]([H])[C:92]([H])(C([H])([H])[N+]([H])(C([H])([H])[H])C([H])([H])[H])[S:93]C([H])([H])[H])c([H])c([H])c4OC([H])([H])[H])nc([H])c3Cl)c([H])nn2C([H])=C1[H],0,-0.28043652,0.015149815,-142.09801334779982,-19.235531811203668,-8.9863315e-05,-0.006446691,-0.0032682773,0.001599282,0.026557356,0.014078319,-1482665.8301749914,5.600808210670948,-1482654.1528408583,-1482659.8366458626
S5-34.4,product,[H]c1nc(N([H])c2c([H])c(N([H])C(=O)[C:91]([H])([H])[C:92]([H])(C([H])([H])[N+]([H])(C([H])([H])[H])C([H])([H])[H])[S:93]C([H])([H])[H])c([H])c([H])c2OC([H])([H])[H])nc(-c2c([H])nn3c([H])c([H])c([H])c([H])c23)c1Cl,1,-0.1104709,-0.0075893695,-211.12213232270148,-84.81338180888382,-0.024608476,-0.033268366,-0.02893842,0.0052727237,0.0009975657,0.0031351447,-1482930.818969736,3.2735838759690523,-1482917.0207678564,-1482924.3381489378
S5-34.5,reactant,[H]c1nc(N([H])c2c([H])c(N([H])C(=O)/[C:91]([H])=[C:92](\[H])C([H])([H])[N+]([H])(C([H])([H])[H])C([H])([H])[H])c([H])c([H])c2OC([H])([H])[H])nc(-c2c([H])nn3c([H])c([H])c([H])c([H])c23)c1Cl,1,-0.10980397,-0.07333802,-204.6896288264829,-88.57507125934272,0.020047963,-0.01622586,0.0019110516,0.030691378,-0.0033943877,0.013648495,-1207550.2494888995,2.2967806849628687,-1207537.4399647461,-1207545.0336273126
S5-34.5,intermediate,[H]C1=C([H])c2c(-c3nc(N([H])c4c([H])c(N([H])C(=O)[C-:91]([H])[C:92]([H])(C([H])([H])[N+]([H])(C([H])([H])[H])C([H])([H])[H])[S:93]C([H])([H])[H])c([H])c([H])c4OC([H])([H])[H])nc([H])c3Cl)c([H])nn2C([H])=C1[H],0,-0.19118395,-0.09507227,-147.4339092459571,-35.38799371420104,0.0037210286,-0.00057663023,0.0015721992,0.019690305,0.0059103817,0.012800343,-1482663.0582768063,4.238220576196909,-1482640.2567295078,-1482645.0813721057
S5-34.5,product,[H]c1nc(N([H])c2c([H])c(N([H])C(=O)[C:91]([H])([H])[C:92]([H])(C([H])([H])[N+]([H])(C([H])([H])[H])C([H])([H])[H])[S:93]C([H])([H])[H])c([H])c([H])c2OC([H])([H])[H])nc(-c2c([H])nn3c([H])c([H])c([H])c([H])c23)c1Cl,1,-0.11599465,0.013771437,-196.37873976425752,-79.31413816687893,-0.029808544,-0.037169605,-0.033489075,0.0031500906,0.00018001348,0.001665052,-1482925.2627466992,4.362895477563143,-1482912.910881435,-1482918.790950019
S5-34.6,reactant,[H]c1nc(N([H])c2c([H])c(N([H])C(=O)/[C:91]([H])=[C:92](\[H])C([H])([H])[N+]([H])(C([H])([H])[H])C([H])([H])[H])c([H])c([H])c2OC([H])([H])[H])nc(-c2c([H])nn3c([H])c([H])c([H])c([H])c23)c1Cl,1,-0.13648391,-0.050490778,-202.01282031441605,-86.66078873807534,0.044581402,-0.0077114142,0.018434994,0.032334253,-0.0026904345,0.014821909,-1207552.7572337375,2.116023276001215,-1207543.6010488074,-1207547.7211752275
S5-34.6,intermediate,[H]C1=C([H])c2c(-c3nc(N([H])c4c([H])c(N([H])C(=O)[C-:91]([H])[C:92]([H])(C([H])([H])[N+]([H])(C([H])([H])[H])C([H])([H])[H])[S:93]C([H])([H])[H])c([H])c([H])c4OC([H])([H])[H])nc([H])c3Cl)c([H])nn2C([H])=C1[H],0,-0.42576694,-0.0046417415,-135.03089879911673,-13.194361220823616,0.0062688123,0.0010668153,0.0036678137,-0.0014727712,0.12905955,0.06379339,-1482630.7603101302,10.30664287135005,-1482610.601710482,-1482613.4134231207
S5-34.6,product,[H]c1nc(N([H])c2c([H])c(N([H])C(=O)[C:91]([H])([H])[C:92]([H])(C([H])([H])[N+]([H])(C([H])([H])[H])C([H])([H])[H])[S:93]C([H])([H])[H])c([H])c([H])c2OC([H])([H])[H])nc(-c2c([H])nn3c([H])c([H])c([H])c([H])c23)c1Cl,1,-0.12223136,-0.0029805806,-201.0244127717728,-80.56371887632316,-0.024328748,-0.03156346,-0.027946105,0.008105032,0.003984034,0.006044533,-1482925.3807986763,2.05270441994071,-1482912.67233171,-1482920.451566591
S5-34.7,reactant,[H]c1nc(N([H])c2c([H])c(N([H])C(=O)/[C:91]([H])=[C:92](\[H])C([H])([H])[N+]([H])(C([H])([H])[H])C([H])([H])[H])c([H])c([H])c2OC([H])([H])[H])nc(-c2c([H])nn3c([H])c([H])c([H])c([H])c23)c1Cl,1,-0.10891962,-0.09011475,-203.63669784614157,-86.8583497127454,0.07136633,-0.0036098063,0.033878263,0.011104248,-0.0071971864,0.001953531,-1207548.7603928666,2.3329046610742807,-1207536.997123321,-1207542.9326768296
S5-34.7,intermediate,[H]C1=C([H])c2c(-c3nc(N([H])c4c([H])c(N([H])C(=O)[C-:91]([H])[C:92]([H])(C([H])([H])[N+]([H])(C([H])([H])[H])C([H])([H])[H])[S:93]C([H])([H])[H])c([H])c([H])c4OC([H])([H])[H])nc([H])c3Cl)c([H])nn2C([H])=C1[H],0,-0.28681165,0.011762519,-137.71429418741283,-24.505912761388146,-0.0012571672,-0.0069008255,-0.0040789964,0.014792651,0.036406785,0.025599718,-1482662.4260075588,3.7706970535218716,-1482652.4443796503,-1482657.574718448
S5-34.7,product,[H]c1nc(N([H])c2c([H])c(N([H])C(=O)[C:91]([H])([H])[C:92]([H])(C([H])([H])[N+]([H])(C([H])([H])[H])C([H])([H])[H])[S:93]C([H])([H])[H])c([H])c([H])c2OC([H])([H])[H])nc(-c2c([H])nn3c([H])c([H])c([H])c([H])c23)c1Cl,1,-0.10657948,-0.009857664,-201.15478788612302,-83.05596364828575,-0.009324395,-0.0315732,-0.020448796,0.0043195114,-0.0013372377,0.0014911368,-1482932.7819247944,6.975055666640401,-1482919.6144453485,-1482925.854574975
S5-34.8,reactant,[H]c1nc(N([H])c2c([H])c(N([H])C(=O)/[C:91]([H])=[C:92](\[H])C([H])([H])[N+]([H])(C([H])([H])[H])C([H])([H])[H])c([H])c([H])c2OC([H])([H])[H])nc(-c2c([H])nn3c([H])c([H])c([H])c([H])c23)c1Cl,1,-0.14155513,-0.06176755,-202.33225286529915,-86.59003796891669,0.06850964,-0.0011029616,0.03370334,0.026198894,-0.006209016,0.009994939,-1207553.0299835266,2.6483678203076124,-1207541.7802437672,-1207547.7674409489
S5-34.8,intermediate,[H]C1=C([H])c2c(-c3nc(N([H])c4c([H])c(N([H])C(=O)[C-:91]([H])[C:92]([H])(C([H])([H])[N+]([H])(C([H])([H])[H])C([H])([H])[H])[S:93]C([H])([H])[H])c([H])c([H])c4OC([H])([H])[H])nc([H])c3Cl)c([H])nn2C([H])=C1[H],0,-0.14530893,-0.08165971,-139.8813526205345,-30.166795347789165,0.009933926,-0.010018326,-4.220009e-05,0.03569673,0.011350036,0.023523383,-1482633.0301003405,4.766041439026594,-1482615.4359521666,-1482621.3652274474
S5-34.8,product,[H]c1nc(N([H])c2c([H])c(N([H])C(=O)[C:91]([H])([H])[C:92]([H])(C([H])([H])[N+]([H])(C([H])([H])[H])C([H])([H])[H])[S:93]C([H])([H])[H])c([H])c([H])c2OC([H])([H])[H])nc(-c2c([H])nn3c([H])c([H])c([H])c([H])c23)c1Cl,1,-0.10816448,0.02402144,-207.2326089613775,-85.30552165903346,-0.032534715,-0.043977644,-0.03825618,0.0059123114,-0.0007291287,0.0025915913,-1482936.8772520937,6.602849192917347,-1482923.4148919675,-1482929.4275737246
S5-34.9,reactant,[H]c1nc(N([H])c2c([H])c(N([H])C(=O)/[C:91]([H])=[C:92](\[H])C([H])([H])[N+]([H])(C([H])([H])[H])C([H])([H])[H])c([H])c([H])c2OC([H])([H])[H])nc(-c2c([H])nn3c([H])c([H])c([H])c([H])c23)c1Cl,1,-0.10914269,-0.07404069,-204.65123224264465,-88.55879949162338,0.02124194,-0.0155669525,0.002837494,0.030710638,-0.0035705268,0.013570055,-1207550.2703317765,2.706897273659706,-1207538.0880882216,-1207545.0266120974
S5-34.9,intermediate,[H]C1=C([H])c2c(-c3nc(N([H])c4c([H])c(N([H])C(=O)[C-:91]([H])[C:92]([H])(C([H])([H])[N+]([H])(C([H])([H])[H])C([H])([H])[H])[S:93]C([H])([H])[H])c([H])c([H])c4OC([H])([H])[H])nc([H])c3Cl)c([H])nn2C([H])=C1[H],0,-0.28052437,0.0171431,-140.33950560324675,-22.00468179557828,-0.0143299475,-0.02008307,-0.017206509,0.012468994,0.030477762,0.021473378,-1482662.7709907338,4.869803134351969,-1482651.7180917112,-1482657.241621521
S5-34.9,product,[H]c1nc(N([H])c2c([H])c(N([H])C(=O)[C:91]([H])([H])[C:92]([H])(C([H])([H])[N+]([H])(C([H])([H])[H])C([H])([H])[H])[S:93]C([H])([H])[H])c([H])c([H])c2OC([H])([H])[H])nc(-c2c([H])nn3c([H])c([H])c([H])c([H])c23)c1Cl,1,-0.11867209,0.02116186,-198.3249257534991,-79.1519186892361,-0.028235966,-0.042156033,-0.035196,0.0054075345,0.00057318807,0.0029903613,-1482927.7195729394,2.956445099785924,-1482915.5176425963,-1482922.692783599
S5-34.10,reactant,[H]c1nc(N([H])c2c([H])c(N([H])C(=O)/[C:91]([H])=[C:92](\[H])C([H])([H])[N+]([H])(C([H])([H])[H])C([H])([H])[H])c([H])c([H])c2OC([H])([H])[H])nc(-c2c([H])nn3c([H])c([H])c([H])c([H])c23)c1Cl,1,-0.1459456,-0.064158164,-202.06911028669512,-84.8592327618962,0.06950768,-0.000100553036,0.034703564,0.02585125,-0.005628288,0.010111481,-1207551.2416505404,8.25183237157762,-1207536.185788179,-1207542.4917182159
S5-34.10,intermediate,[H]C1=C([H])c2c(-c3nc(N([H])c4c([H])c(N([H])C(=O)[C-:91]([H])[C:92]([H])(C([H])([H])[N+]([H])(C([H])([H])[H])C([H])([H])[H])[S:93]C([H])([H])[H])c([H])c([H])c4OC([H])([H])[H])nc([H])c3Cl)c([H])nn2C([H])=C1[H],0,-0.19611226,-0.110223554,-147.80259560626845,-33.29550192397879,0.005071543,0.0061216876,0.0055966154,0.015872583,0.0039095283,0.0098910555,-1482662.0535857189,3.4267511628568172,-1482633.415556723,-1482640.248035866
S5-34.10,product,[H]c1nc(N([H])c2c([H])c(N([H])C(=O)[C:91]([H])([H])[C:92]([H])(C([H])([H])[N+]([H])(C([H])([H])[H])C([H])([H])[H])[S:93]C([H])([H])[H])c([H])c([H])c2OC([H])([H])[H])nc(-c2c([H])nn3c([H])c([H])c([H])c([H])c23)c1Cl,1,-0.10456322,-0.007129999,-201.11755465421265,-83.28462841889544,-0.013460377,-0.03056646,-0.022013418,0.0013305098,-0.002840355,-0.0007549226,-1482932.6788537195,4.442336739972234,-1482921.5266483899,-1482926.8203673342
S5-27.1,reactant,[H]c1nc2c([H])c(OC([H])([H])[H])c(N([H])C(=O)[C@@]3([H])N(C(=O)[C:91]([H])=[C:92]([H])[H])C([H])([H])C([H])([H])C3([H])[H])c([H])c2c(N([H])c2c([H])c([H])c([H])c(C([H])([H])C([H])([H])[H])c2[H])c1C(=O)N([H])[H],0,-0.11209012,-0.2855631,-154.35208339155918,-25.962205078215273,0.039110065,0.0372452,0.03817763,-0.0036628842,-0.012836918,-0.008249901,-1017937.8557972284,5.381574474275112,-1017925.6549378978,-1017931.390388885
S5-27.1,intermediate,[H]c1nc2c([H])c(OC([H])([H])[H])c(N([H])C(=O)[C@@]3([H])N(C(=O)[C-:91]([H])[C:92]([H])([H])[S:93]C([H])([H])[H])C([H])([H])C([H])([H])C3([H])[H])c([H])c2c(N([H])c2c([H])c([H])c([H])c(C([H])([H])C([H])([H])[H])c2[H])c1C(=O)N([H])[H],-1,-0.3299173,-0.095776215,-67.95386376957713,47.86865576314749,0.0065918565,0.013599552,0.010095704,0.014323682,0.0765371,0.045430392,-1292929.035996255,4.463112907484174,-1292912.114148815,-1292918.8282984635
S5-27.1,product,[H]c1nc2c([H])c(OC([H])([H])[H])c(N([H])C(=O)[C@@]3([H])N(C(=O)[C:91]([H])([H])[C:92]([H])([H])[S:93]C([H])([H])[H])C([H])([H])C([H])([H])C3([H])[H])c([H])c2c(N([H])c2c([H])c([H])c([H])c(C([H])([H])C([H])([H])[H])c2[H])c1C(=O)N([H])[H],0,-0.11906672,-0.110746115,-150.53545900428912,-26.523555773744416,-0.019037545,-0.018302873,-0.018670209,-0.005990185,-0.008125208,-0.0070576966,-1293301.0274385933,3.677402503788471,-1293288.0433830793,-1293295.571891499
S5-27.2,reactant,[H]c1nc2c([H])c(OC([H])([H])[H])c(N([H])C(=O)[C@@]3([H])N(C(=O)[C:91]([H])=[C:92]([H])[H])C([H])([H])C([H])([H])C3([H])[H])c([H])c2c(N([H])c2c([H])c([H])c([H])c(C([H])([H])C([H])([H])[H])c2[H])c1C(=O)N([H])[H],0,-0.11379879,-0.27885145,-154.93701974652348,-28.40277837975554,0.03971848,0.037576824,0.03864765,-0.011911921,-0.017372482,-0.014642201,-1017929.5916399043,6.20006644167006,-1017916.8118582222,-1017923.7539823186
S5-27.2,intermediate,[H]c1nc2c([H])c(OC([H])([H])[H])c(N([H])C(=O)[C@@]3([H])N(C(=O)[C-:91]([H])[C:92]([H])([H])[S:93]C([H])([H])[H])C([H])([H])C([H])([H])C3([H])[H])c([H])c2c(N([H])c2c([H])c([H])c([H])c(C([H])([H])C([H])([H])[H])c2[H])c1C(=O)N([H])[H],-1,-0.3371698,-0.07876456,-72.32458965652727,47.27632757326859,-0.003642723,8.518994e-05,-0.0017787665,0.014358163,0.082313776,0.04833597,-1292932.4332319659,4.329024441540241,-1292916.8835972243,-1292923.998360213
S5-27.2,product,[H]c1nc2c([H])c(OC([H])([H])[H])c(N([H])C(=O)[C@@]3([H])N(C(=O)[C:91]([H])([H])[C:92]([H])([H])[S:93]C([H])([H])[H])C([H])([H])C([H])([H])C3([H])[H])c([H])c2c(N([H])c2c([H])c([H])c([H])c(C([H])([H])C([H])([H])[H])c2[H])c1C(=O)N([H])[H],0,-0.13955802,-0.11227275,-145.0664300881331,-21.14881946980065,-0.014359504,-0.01232966,-0.013344582,-0.0011081398,-0.0026243776,-0.0018662587,-1293303.125292028,4.881087638437748,-1293290.8916412177,-1293296.7264349079
S5-27.3,reactant,[H]c1nc2c([H])c(OC([H])([H])[H])c(N([H])C(=O)[C@@]3([H])N(C(=O)[C:91]([H])=[C:92]([H])[H])C([H])([H])C([H])([H])C3([H])[H])c([H])c2c(N([H])c2c([H])c([H])c([H])c(C([H])([H])C([H])([H])[H])c2[H])c1C(=O)N([H])[H],0,-0.14880647,-0.27822685,-150.0449517090735,-22.258361676891745,0.02651447,0.025301129,0.0259078,-0.0026673675,-0.003894791,-0.0032810792,-1017939.4496236299,2.6824424043297768,-1017928.2990603312,-1017934.3626695635
S5-27.3,intermediate,[H]c1nc2c([H])c(OC([H])([H])[H])c(N([H])C(=O)[C@@]3([H])N(C(=O)[C-:91]([H])[C:92]([H])([H])[S:93]C([H])([H])[H])C([H])([H])C([H])([H])C3([H])[H])c([H])c2c(N([H])c2c([H])c([H])c([H])c(C([H])([H])C([H])([H])[H])c2[H])c1C(=O)N([H])[H],-1,-0.28119954,-0.09325608,-71.26851375540659,45.77924859118754,-0.0025809258,0.0041605607,0.0007898174,0.0028724968,0.038780913,0.020826705,-1292926.7200764408,4.3020176365971565,-1292910.2875080972,-1292917.0309862765
S5-27.3,product,[H]c1nc2c([H])c(OC([H])([H])[H])c(N([H])C(=O)[C@@]3([H])N(C(=O)[C:91]([H])([H])[C:92]([H])([H])[S:93]C([H])([H])[H])C([H])([H])C([H])([H])C3([H])[H])c([H])c2c(N([H])c2c([H])c([H])c([H])c(C([H])([H])C([H])([H])[H])c2[H])c1C(=O)N([H])[H],0,-0.13223417,-0.11031255,-148.45408724197182,-28.3696297551915,-0.026208796,-0.025229558,-0.025719177,-0.0043768585,-0.0076024383,-0.0059896484,-1293297.101267732,5.1212299559265375,-1293282.9199088113,-1293291.192940777
S5-27.4,reactant,[H]c1nc2c([H])c(OC([H])([H])[H])c(N([H])C(=O)[C@@]3([H])N(C(=O)[C:91]([H])=[C:92]([H])[H])C([H])([H])C([H])([H])C3([H])[H])c([H])c2c(N([H])c2c([H])c([H])c([H])c(C([H])([H])C([H])([H])[H])c2[H])c1C(=O)N([H])[H],0,-0.13126904,-0.27047306,-154.13886653156612,-26.334694427692078,0.040840596,0.034511685,0.03767614,-0.020240843,-0.019276142,-0.019758493,-1017936.0361412258,4.611369915306568,-1017924.7485267965,-1017930.7774311465
S5-27.4,intermediate,[H]c1nc2c([H])c(OC([H])([H])[H])c(N([H])C(=O)[C@@]3([H])N(C(=O)[C-:91]([H])[C:92]([H])([H])[S:93]C([H])([H])[H])C([H])([H])C([H])([H])C3([H])[H])c([H])c2c(N([H])c2c([H])c([H])c([H])c(C([H])([H])C([H])([H])[H])c2[H])c1C(=O)N([H])[H],-1,-0.3787213,-0.1313343,-72.85232579735059,30.570989517677074,0.020932376,0.02238322,0.021657798,0.04302022,0.21467236,0.12884629,-1292926.7608180468,5.5182120986282825,-1292908.541980773,-1292916.135770448
S5-27.4,product,[H]c1nc2c([H])c(OC([H])([H])[H])c(N([H])C(=O)[C@@]3([H])N(C(=O)[C:91]([H])([H])[C:92]([H])([H])[S:93]C([H])([H])[H])C([H])([H])C([H])([H])C3([H])[H])c([H])c2c(N([H])c2c([H])c([H])c([H])c(C([H])([H])C([H])([H])[H])c2[H])c1C(=O)N([H])[H],0,-0.111781046,-0.11610556,-147.29317609182286,-24.521787087502712,-0.020461842,-0.02069877,-0.020580307,-0.0045562983,-0.0058793724,-0.0052178353,-1293302.1019152256,4.930305980145931,-1293290.1247749664,-1293296.375471233
S5-27.5,reactant,[H]c1nc2c([H])c(OC([H])([H])[H])c(N([H])C(=O)[C@@]3([H])N(C(=O)[C:91]([H])=[C:92]([H])[H])C([H])([H])C([H])([H])C3([H])[H])c([H])c2c(N([H])c2c([H])c([H])c([H])c(C([H])([H])C([H])([H])[H])c2[H])c1C(=O)N([H])[H],0,-0.1570015,-0.2785947,-148.49626939510227,-22.640146124346874,0.04305139,0.03839171,0.04072155,-0.009039342,-0.011083066,-0.010061204,-1017938.877915965,2.4060682207345963,-1017927.204077098,-1017934.5850090473
S5-27.5,intermediate,[H]c1nc2c([H])c(OC([H])([H])[H])c(N([H])C(=O)[C@@]3([H])N(C(=O)[C-:91]([H])[C:92]([H])([H])[S:93]C([H])([H])[H])C([H])([H])C([H])([H])C3([H])[H])c([H])c2c(N([H])c2c([H])c([H])c([H])c(C([H])([H])C([H])([H])[H])c2[H])c1C(=O)N([H])[H],-1,-0.42638448,-0.1126061,-80.76229517367989,35.10242927843159,0.006528035,0.010749847,0.008638941,0.0548324,0.21127936,0.13305588,-1292936.9704261955,9.450687300413847,-1292904.6860014962,-1292912.5136997218
S5-27.5,product,[H]c1nc2c([H])c(OC([H])([H])[H])c(N([H])C(=O)[C@@]3([H])N(C(=O)[C:91]([H])([H])[C:92]([H])([H])[S:93]C([H])([H])[H])C([H])([H])C([H])([H])C3([H])[H])c([H])c2c(N([H])c2c([H])c([H])c([H])c(C([H])([H])C([H])([H])[H])c2[H])c1C(=O)N([H])[H],0,-0.122014225,-0.10531052,-145.31686632749475,-22.702684150186997,-0.019780949,-0.018963732,-0.01937234,-0.0014558658,-0.0038752407,-0.0026655532,-1293305.228634427,2.7401886768639088,-1293290.0993846578,-1293299.012174153
S5-27.6,reactant,[H]c1nc2c([H])c(OC([H])([H])[H])c(N([H])C(=O)[C@@]3([H])N(C(=O)[C:91]([H])=[C:92]([H])[H])C([H])([H])C([H])([H])C3([H])[H])c([H])c2c(N([H])c2c([H])c([H])c([H])c(C([H])([H])C([H])([H])[H])c2[H])c1C(=O)N([H])[H],0,-0.1579316,-0.28807184,-149.85193692803918,-25.197170080184044,0.043572456,0.039826885,0.04169967,-0.014872223,-0.013294533,-0.014083378,-1017938.1471589197,7.3161645866930485,-1017928.20828105,-1017933.3206975647
S5-27.6,intermediate,[H]c1nc2c([H])c(OC([H])([H])[H])c(N([H])C(=O)[C@@]3([H])N(C(=O)[C-:91]([H])[C:92]([H])([H])[S:93]C([H])([H])[H])C([H])([H])C([H])([H])C3([H])[H])c([H])c2c(N([H])c2c([H])c([H])c([H])c(C([H])([H])C([H])([H])[H])c2[H])c1C(=O)N([H])[H],-1,-0.37626562,-0.10392147,-73.52198509041227,44.525567789282164,0.018774152,0.020878084,0.019826118,0.020157903,0.14932702,0.084742464,-1292946.6828731094,5.632884416729212,-1292924.7726179522,-1292932.3742561673
S5-27.6,product,[H]c1nc2c([H])c(OC([H])([H])[H])c(N([H])C(=O)[C@@]3([H])N(C(=O)[C:91]([H])([H])[C:92]([H])([H])[S:93]C([H])([H])[H])C([H])([H])C([H])([H])C3([H])[H])c([H])c2c(N([H])c2c([H])c([H])c([H])c(C([H])([H])C([H])([H])[H])c2[H])c1C(=O)N([H])[H],0,-0.119065695,-0.12116949,-145.00556085128832,-22.74241127670268,-0.020925619,-0.020001575,-0.020463597,0.005251251,0.0018238947,0.003537573,-1293302.892014233,3.221125414595008,-1293291.542102505,-1293298.36721525
S5-27.7,reactant,[H]c1nc2c([H])c(OC([H])([H])[H])c(N([H])C(=O)[C@@]3([H])N(C(=O)[C:91]([H])=[C:92]([H])[H])C([H])([H])C([H])([H])C3([H])[H])c([H])c2c(N([H])c2c([H])c([H])c([H])c(C([H])([H])C([H])([H])[H])c2[H])c1C(=O)N([H])[H],0,-0.11121178,-0.26479012,-150.5002608223436,-24.18958937860564,0.023613036,0.02353385,0.023573443,-0.0073269233,-0.008232884,-0.0077799037,-1017932.9289236075,2.6498759482055902,-1017920.5203580265,-1017927.5782315657
S5-27.7,intermediate,[H]c1nc2c([H])c(OC([H])([H])[H])c(N([H])C(=O)[C@@]3([H])N(C(=O)[C-:91]([H])[C:92]([H])([H])[S:93]C([H])([H])[H])C([H])([H])C([H])([H])C3([H])[H])c([H])c2c(N([H])c2c([H])c([H])c([H])c(C([H])([H])C([H])([H])[H])c2[H])c1C(=O)N([H])[H],-1,-0.40238404,-0.11946557,-75.97412646367653,40.31714720818271,0.0043496042,0.011084802,0.0077172033,0.046920836,0.19859593,0.12275838,-1292938.2158211959,5.328646594658494,-1292921.46633473,-1292929.08450785
S5-27.7,product,[H]c1nc2c([H])c(OC([H])([H])[H])c(N([H])C(=O)[C@@]3([H])N(C(=O)[C:91]([H])([H])[C:92]([H])([H])[S:93]C([H])([H])[H])C([H])([H])C([H])([H])C3([H])[H])c([H])c2c(N([H])c2c([H])c([H])c([H])c(C([H])([H])C([H])([H])[H])c2[H])c1C(=O)N([H])[H],0,-0.12221078,-0.1053334,-143.790962186218,-20.837112233976338,-0.02314873,-0.023135588,-0.023142159,-0.0014928281,-0.004970737,-0.0032317825,-1293301.0845447495,6.370778810232878,-1293287.813921816,-1293295.0450830543
S5-27.8,reactant,[H]c1nc2c([H])c(OC([H])([H])[H])c(N([H])C(=O)[C@@]3([H])N(C(=O)[C:91]([H])=[C:92]([H])[H])C([H])([H])C([H])([H])C3([H])[H])c([H])c2c(N([H])c2c([H])c([H])c([H])c(C([H])([H])C([H])([H])[H])c2[H])c1C(=O)N([H])[H],0,-0.13655001,-0.26639572,-154.39739696981135,-27.18845966522542,0.043087065,0.037980914,0.04053399,-0.0051071197,-0.011164159,-0.008135639,-1017937.7234371667,2.517250468954444,-1017926.6804148896,-1017932.2138426751
S5-27.8,intermediate,[H]c1nc2c([H])c(OC([H])([H])[H])c(N([H])C(=O)[C@@]3([H])N(C(=O)[C-:91]([H])[C:92]([H])([H])[S:93]C([H])([H])[H])C([H])([H])C([H])([H])C3([H])[H])c([H])c2c(N([H])c2c([H])c([H])c([H])c(C([H])([H])C([H])([H])[H])c2[H])c1C(=O)N([H])[H],-1,-0.46122956,-0.10875734,-76.82130940910481,38.07306649010207,0.010779284,0.015619829,0.013199557,0.0542621,0.21862108,0.13644159,-1292949.229482351,12.01360402815044,-1292908.2442123874,-1292913.5396635046
S5-27.8,product,[H]c1nc2c([H])c(OC([H])([H])[H])c(N([H])C(=O)[C@@]3([H])N(C(=O)[C:91]([H])([H])[C:92]([H])([H])[S:93]C([H])([H])[H])C([H])([H])C([H])([H])C3([H])[H])c([H])c2c(N([H])c2c([H])c([H])c([H])c(C([H])([H])C([H])([H])[H])c2[H])c1C(=O)N([H])[H],0,-0.14143197,-0.12136203,-148.77406116196602,-25.161538420226208,-0.018029861,-0.015434846,-0.016732354,-0.00047004223,-0.00069859624,-0.00058431923,-1293302.581665714,3.565238680690527,-1293290.3236095835,-1293297.053355516
S5-27.9,reactant,[H]c1nc2c([H])c(OC([H])([H])[H])c(N([H])C(=O)[C@@]3([H])N(C(=O)[C:91]([H])=[C:92]([H])[H])C([H])([H])C([H])([H])C3([H])[H])c([H])c2c(N([H])c2c([H])c([H])c([H])c(C([H])([H])C([H])([H])[H])c2[H])c1C(=O)N([H])[H],0,-0.15702508,-0.26462033,-150.1630012997158,-23.49469588018042,0.027348131,0.024082944,0.025715537,0.0044238567,0.0028616488,0.0036427528,-1017936.1525373113,3.1151473969221115,-1017923.4830116999,-1017930.9084632336
S5-27.9,intermediate,[H]c1nc2c([H])c(OC([H])([H])[H])c(N([H])C(=O)[C@@]3([H])N(C(=O)[C-:91]([H])[C:92]([H])([H])[S:93]C([H])([H])[H])C([H])([H])C([H])([H])C3([H])[H])c([H])c2c(N([H])c2c([H])c([H])c([H])c(C([H])([H])C([H])([H])[H])c2[H])c1C(=O)N([H])[H],-1,-0.3207852,-0.08413481,-74.57724309458031,40.79325369762205,0.005003646,0.010877155,0.0079404,0.015377998,0.09827632,0.056827158,-1292937.1042578714,3.6894052140414715,-1292920.9180231255,-1292927.8085516146
S5-27.9,product,[H]c1nc2c([H])c(OC([H])([H])[H])c(N([H])C(=O)[C@@]3([H])N(C(=O)[C:91]([H])([H])[C:92]([H])([H])[S:93]C([H])([H])[H])C([H])([H])C([H])([H])C3([H])[H])c([H])c2c(N([H])c2c([H])c([H])c([H])c(C([H])([H])C([H])([H])[H])c2[H])c1C(=O)N([H])[H],0,-0.14366436,-0.115181595,-145.02577664151164,-22.128269066305176,-0.0038648397,-0.004028797,-0.0039468184,0.007180214,0.0063284487,0.0067543313,-1293307.0036961555,2.33058275654912,-1293292.7386612524,-1293300.5936136227
S5-27.10,reactant,[H]c1nc2c([H])c(OC([H])([H])[H])c(N([H])C(=O)[C@@]3([H])N(C(=O)[C:91]([H])=[C:92]([H])[H])C([H])([H])C([H])([H])C3([H])[H])c([H])c2c(N([H])c2c([H])c([H])c([H])c(C([H])([H])C([H])([H])[H])c2[H])c1C(=O)N([H])[H],0,-0.14338362,-0.2859637,-145.74125733063076,-21.97673293314123,0.037621945,0.033660263,0.035641104,-0.009527564,-0.014784738,-0.012156151,-1017936.3469984503,5.617093127220869,-1017922.314330683,-1017926.3556795896
S5-27.10,intermediate,[H]c1nc2c([H])c(OC([H])([H])[H])c(N([H])C(=O)[C@@]3([H])N(C(=O)[C-:91]([H])[C:92]([H])([H])[S:93]C([H])([H])[H])C([H])([H])C([H])([H])C3([H])[H])c([H])c2c(N([H])c2c([H])c([H])c([H])c(C([H])([H])C([H])([H])[H])c2[H])c1C(=O)N([H])[H],-1,-0.43757358,-0.11001501,-76.0752760437962,37.66815503086967,0.013911486,0.018536836,0.01622416,0.030789226,0.19801609,0.11440266,-1292936.9336316097,6.752535743638873,-1292920.7392599946,-1292927.0752968427
S5-27.10,product,[H]c1nc2c([H])c(OC([H])([H])[H])c(N([H])C(=O)[C@@]3([H])N(C(=O)[C:91]([H])([H])[C:92]([H])([H])[S:93]C([H])([H])[H])C([H])([H])C([H])([H])C3([H])[H])c([H])c2c(N([H])c2c([H])c([H])c([H])c(C([H])([H])C([H])([H])[H])c2[H])c1C(=O)N([H])[H],0,-0.119094804,-0.12687032,-148.39085378833306,-27.305927211022773,-0.011191621,-0.010998189,-0.011094905,0.00060488284,0.00067607313,0.000640478,-1293302.1286179798,4.600022194907069,-1293287.80124526,-1293296.7985790437
S5-35.1,reactant,[H]C([H])=C([H])C(=O)N1C([H])([H])C([H])([H])N(S(=O)(=O)/[C:91]([H])=[C:92](\[H])c2c([H])c([H])c(Cl)c([H])c2[H])C([H])([H])C1([H])[H],0,-0.15551093,-0.0720795,-181.87198958308028,-21.67532297954403,0.019934013,-0.014828458,0.0025527775,0.056149527,-0.0017508566,0.027199335,-1114528.257217702,3.2360329553484917,-1114518.2231745087,-1114521.8184530206
S5-35.1,intermediate,[H]C([H])=C([H])C(=O)N1C([H])([H])C([H])([H])N(S(=O)(=O)[C-:91]([H])[C:92]([H])(c2c([H])c([H])c(Cl)c([H])c2[H])[S:93]C([H])([H])[H])C([H])([H])C1([H])[H],-1,-0.5722121,0.004665828,-87.50823108929482,62.67718342031839,-0.0073971194,0.00473035,-0.0013333848,0.10343218,0.4429999,0.27321604,-1389538.1153780813,3.845925746485591,-1389523.7023209245,-1389526.368482316
S5-35.1,product,[H]C([H])=C([H])C(=O)N1C([H])([H])C([H])([H])N(S(=O)(=O)[C:91]([H])([H])[C:92]([H])(c2c([H])c([H])c(Cl)c([H])c2[H])[S:93]C([H])([H])[H])C([H])([H])C1([H])[H],0,-0.117066644,-0.050854735,-172.69536262274565,-13.084474463744908,3.2022595e-05,0.0069144517,0.0034732372,0.035881363,0.025172561,0.030526962,-1389889.652141828,2.970754688605666,-1389877.6795551025,-1389882.538066631
S5-35.2,reactant,[H]C([H])=C([H])C(=O)N1C([H])([H])C([H])([H])N(S(=O)(=O)/[C:91]([H])=[C:92](\[H])c2c([H])c([H])c(Cl)c([H])c2[H])C([H])([H])C1([H])[H],0,-0.1610781,-0.073381275,-183.79141970786287,-23.081184693385,0.028438427,-0.0108900145,0.008774206,0.03691867,-0.0021382123,0.017390229,-1114526.6744253268,4.541646217927337,-1114514.4352452632,-1114518.977831379
S5-35.2,intermediate,[H]C([H])=C([H])C(=O)N1C([H])([H])C([H])([H])N(S(=O)(=O)[C-:91]([H])[C:92]([H])(c2c([H])c([H])c(Cl)c([H])c2[H])[S:93]C([H])([H])[H])C([H])([H])C1([H])[H],-1,-0.5500241,-0.0023668662,-90.75559890658499,63.08738721377142,0.007823764,0.0066366885,0.0072302264,0.16058892,0.48137558,0.32098225,-1389536.2145637036,5.663585824891925,-1389520.2138313446,-1389524.1834305986
S5-35.2,product,[H]C([H])=C([H])C(=O)N1C([H])([H])C([H])([H])N(S(=O)(=O)[C:91]([H])([H])[C:92]([H])(c2c([H])c([H])c(Cl)c([H])c2[H])[S:93]C([H])([H])[H])C([H])([H])C1([H])[H],0,-0.10755511,-0.028866194,-170.33790399094832,-16.569168448354585,0.0023502354,0.019040287,0.010695261,0.0038967356,0.00018966198,0.0020431988,-1389895.1584026741,2.371260618790984,-1389884.76087125,-1389888.0682975692
S5-35.3,reactant,[H]C([H])=C([H])C(=O)N1C([H])([H])C([H])([H])N(S(=O)(=O)/[C:91]([H])=[C:92](\[H])c2c([H])c([H])c(Cl)c([H])c2[H])C([H])([H])C1([H])[H],0,-0.1583354,-0.074608915,-179.40676253979134,-22.831398484713752,0.031232238,-0.0030509457,0.014090646,0.028565884,-0.003161341,0.012702271,-1114532.7220606185,4.060527989640832,-1114524.5719784827,-1114527.0074894524
S5-35.3,intermediate,[H]C([H])=C([H])C(=O)N1C([H])([H])C([H])([H])N(S(=O)(=O)[C-:91]([H])[C:92]([H])(c2c([H])c([H])c(Cl)c([H])c2[H])[S:93]C([H])([H])[H])C([H])([H])C1([H])[H],-1,-0.53119874,-0.0026206046,-87.27499561027875,60.855695244943014,0.0022838453,0.008648279,0.0054660626,0.09824699,0.42082354,0.25953525,-1389532.7637045719,4.126800609752536,-1389511.4620847597,-1389515.7940151435
S5-35.3,product,[H]C([H])=C([H])C(=O)N1C([H])([H])C([H])([H])N(S(=O)(=O)[C:91]([H])([H])[C:92]([H])(c2c([H])c([H])c(Cl)c([H])c2[H])[S:93]C([H])([H])[H])C([H])([H])C1([H])[H],0,-0.11777495,-0.051495206,-171.18685067233082,-12.55908894388876,-0.0025229566,0.008407947,0.002942495,0.035647675,0.029212788,0.03243023,-1389892.260218218,2.75486483797431,-1389882.3567931866,-1389885.013778892
S5-35.4,reactant,[H]C([H])=C([H])C(=O)N1C([H])([H])C([H])([H])N(S(=O)(=O)/[C:91]([H])=[C:92](\[H])c2c([H])c([H])c(Cl)c([H])c2[H])C([H])([H])C1([H])[H],0,-0.15670586,-0.07402075,-181.60573647880642,-21.990603286233508,0.030698821,-0.0013484806,0.01467517,0.047410905,0.0029440373,0.025177471,-1114529.457976668,2.9001488480716944,-1114520.724293123,-1114524.7136834492
S5-35.4,intermediate,[H]C([H])=C([H])C(=O)N1C([H])([H])C([H])([H])N(S(=O)(=O)[C-:91]([H])[C:92]([H])(c2c([H])c([H])c(Cl)c([H])c2[H])[S:93]C([H])([H])[H])C([H])([H])C1([H])[H],-1,-0.5429414,-0.008674859,-83.76841810888132,59.519824713179936,0.004565657,0.008497756,0.0065317065,0.10345507,0.42097455,0.2622148,-1389536.4147120572,5.134508952498436,-1389520.4752625409,-1389524.7834640737
S5-35.4,product,[H]C([H])=C([H])C(=O)N1C([H])([H])C([H])([H])N(S(=O)(=O)[C:91]([H])([H])[C:92]([H])(c2c([H])c([H])c(Cl)c([H])c2[H])[S:93]C([H])([H])[H])C([H])([H])C1([H])[H],0,-0.10997286,-0.029639963,-173.86437042147674,-8.960392295928552,0.007968694,0.014914075,0.011441384,0.02335792,0.025704145,0.024531033,-1389898.6726396827,11.068270096555352,-1389881.5738791164,-1389886.7973704434
S5-35.5,reactant,[H]C([H])=C([H])C(=O)N1C([H])([H])C([H])([H])N(S(=O)(=O)/[C:91]([H])=[C:92](\[H])c2c([H])c([H])c(Cl)c([H])c2[H])C([H])([H])C1([H])[H],0,-0.15590316,-0.071993075,-179.05099827155712,-21.128381201313445,0.029300548,-0.011341564,0.008979492,0.041319862,-0.004306853,0.018506505,-1114531.2278164015,2.803440023213625,-1114521.0353818939,-1114525.864762342
S5-35.5,intermediate,[H]C([H])=C([H])C(=O)N1C([H])([H])C([H])([H])N(S(=O)(=O)[C-:91]([H])[C:92]([H])(c2c([H])c([H])c(Cl)c([H])c2[H])[S:93]C([H])([H])[H])C([H])([H])C1([H])[H],-1,-0.54795605,-0.00854671,-85.74323502575653,61.59510460783456,0.0035039792,0.009855881,0.0066799303,0.10313773,0.45372707,0.2784324,-1389537.916923477,6.75966508500278,-1389517.6270510585,-1389521.3564957895
S5-35.5,product,[H]C([H])=C([H])C(=O)N1C([H])([H])C([H])([H])N(S(=O)(=O)[C:91]([H])([H])[C:92]([H])(c2c([H])c([H])c(Cl)c([H])c2[H])[S:93]C([H])([H])[H])C([H])([H])C1([H])[H],0,-0.114100695,-0.029007843,-171.14237418995617,-13.542851307626181,0.0047443043,0.011335155,0.00803973,0.03275299,0.027565517,0.030159254,-1389895.6886097065,3.278884567320347,-1389886.2881642168,-1389890.2673289694
S5-35.6,reactant,[H]C([H])=C([H])C(=O)N1C([H])([H])C([H])([H])N(S(=O)(=O)/[C:91]([H])=[C:92](\[H])c2c([H])c([H])c(Cl)c([H])c2[H])C([H])([H])C1([H])[H],0,-0.16140279,-0.07499551,-184.08003799720473,-23.60532358783894,0.019871585,-0.007052541,0.006409522,0.05232434,0.009248421,0.03078638,-1114529.0255827047,2.6090666968375444,-1114521.2038758933,-1114524.6263654777
S5-35.6,intermediate,[H]C([H])=C([H])C(=O)N1C([H])([H])C([H])([H])N(S(=O)(=O)[C-:91]([H])[C:92]([H])(c2c([H])c([H])c(Cl)c([H])c2[H])[S:93]C([H])([H])[H])C([H])([H])C1([H])[H],-1,-0.5185304,-0.01164909,-84.73246206414937,63.6039609333146,0.0065246215,0.010685509,0.008605066,0.13085574,0.48630774,0.30858174,-1389530.9264086264,4.67324486002326,-1389519.122664409,-1389521.9706520813
S5-35.6,product,[H]C([H])=C([H])C(=O)N1C([H])([H])C([H])([H])N(S(=O)(=O)[C:91]([H])([H])[C:92]([H])(c2c([H])c([H])c(Cl)c([H])c2[H])[S:93]C([H])([H])[H])C([H])([H])C1([H])[H],0,-0.110972926,-0.02888108,-169.84080670704404,-14.761387701656517,0.023371387,0.023847528,0.023609458,0.010813706,0.010193773,0.010503739,-1389896.0361884383,5.140036500990391,-1389883.2436687688,-1389887.6571861785
S5-35.7,reactant,[H]C([H])=C([H])C(=O)N1C([H])([H])C([H])([H])N(S(=O)(=O)/[C:91]([H])=[C:92](\[H])c2c([H])c([H])c(Cl)c([H])c2[H])C([H])([H])C1([H])[H],0,-0.16021536,-0.07703177,-182.33547777510645,-22.473072328646115,0.022878729,-0.0024515614,0.010213584,0.05048901,0.009738281,0.030113645,-1114531.8521998897,1.4592023957520723,-1114524.9163276698,-1114527.5249855095
S5-35.7,intermediate,[H]C([H])=C([H])C(=O)N1C([H])([H])C([H])([H])N(S(=O)(=O)[C-:91]([H])[C:92]([H])(c2c([H])c([H])c(Cl)c([H])c2[H])[S:93]C([H])([H])[H])C([H])([H])C1([H])[H],-1,-0.5547665,-0.0043526054,-88.82020113928853,61.35430083507238,0.004980561,0.007202708,0.0060916343,0.12775135,0.46838993,0.29807064,-1389538.8314142264,3.552508268505335,-1389524.7303552825,-1389528.8321856936
S5-35.7,product,[H]C([H])=C([H])C(=O)N1C([H])([H])C([H])([H])N(S(=O)(=O)[C:91]([H])([H])[C:92]([H])(c2c([H])c([H])c(Cl)c([H])c2[H])[S:93]C([H])([H])[H])C([H])([H])C1([H])[H],0,-0.11312385,-0.03022854,-174.11812745252158,-16.291843115666488,0.023290385,0.013806954,0.01854867,0.041277826,0.022375338,0.03182658,-1389888.7177364505,2.219742637127638,-1389876.2147871694,-1389881.7484483705
S5-35.8,reactant,[H]C([H])=C([H])C(=O)N1C([H])([H])C([H])([H])N(S(=O)(=O)/[C:91]([H])=[C:92](\[H])c2c([H])c([H])c(Cl)c([H])c2[H])C([H])([H])C1([H])[H],0,-0.1566921,-0.07128043,-181.22103403772323,-21.600621076373024,0.03451962,-0.006299153,0.014110234,0.0538498,0.0053511113,0.029600456,-1114528.934342623,4.305242743343115,-1114519.0080687487,-1114522.4869841512
S5-35.8,intermediate,[H]C([H])=C([H])C(=O)N1C([H])([H])C([H])([H])N(S(=O)(=O)[C-:91]([H])[C:92]([H])(c2c([H])c([H])c(Cl)c([H])c2[H])[S:93]C([H])([H])[H])C([H])([H])C1([H])[H],-1,-0.51724714,-0.007947015,-87.08939993182035,61.52904548416798,0.022731353,0.021843132,0.022287242,0.11648196,0.45234537,0.28441367,-1389534.092165313,7.16630071029067,-1389515.5374025204,-1389519.7908898615
S5-35.8,product,[H]C([H])=C([H])C(=O)N1C([H])([H])C([H])([H])N(S(=O)(=O)[C:91]([H])([H])[C:92]([H])(c2c([H])c([H])c(Cl)c([H])c2[H])[S:93]C([H])([H])[H])C([H])([H])C1([H])[H],0,-0.11375561,-0.028048929,-170.7210575094694,-13.114420027794326,0.0069420636,0.01253058,0.009736322,0.026280776,0.02082166,0.023551218,-1389895.9141059408,3.8522217329591513,-1389884.9398669354,-1389890.030644166
S5-35.9,reactant,[H]C([H])=C([H])C(=O)N1C([H])([H])C([H])([H])N(S(=O)(=O)/[C:91]([H])=[C:92](\[H])c2c([H])c([H])c(Cl)c([H])c2[H])C([H])([H])C1([H])[H],0,-0.15669987,-0.074342676,-183.5557525780607,-23.448514629115113,0.024814598,-0.004461251,0.0101766735,0.053579286,0.0058624446,0.029720865,-1114526.5254580604,2.7659621629863977,-1114519.1469629104,-1114521.584174199
S5-35.9,intermediate,[H]C([H])=C([H])C(=O)N1C([H])([H])C([H])([H])N(S(=O)(=O)[C-:91]([H])[C:92]([H])(c2c([H])c([H])c(Cl)c([H])c2[H])[S:93]C([H])([H])[H])C([H])([H])C1([H])[H],-1,-0.5446719,-0.009010949,-83.48118777006275,59.79529714390784,0.0048655104,0.009104598,0.0069850544,0.10346079,0.43239576,0.26792827,-1389535.517972728,8.189900508150458,-1389518.1142582083,-1389521.886475557
S5-35.9,product,[H]C([H])=C([H])C(=O)N1C([H])([H])C([H])([H])N(S(=O)(=O)[C:91]([H])([H])[C:92]([H])(c2c([H])c([H])c(Cl)c([H])c2[H])[S:93]C([H])([H])[H])C([H])([H])C1([H])[H],0,-0.10358119,-0.02965229,-172.71569715505768,-17.23168876555747,0.0046864226,0.020756308,0.012721365,0.01296059,0.003089331,0.008024961,-1389889.9415780492,2.0948710963129997,-1389879.0263391084,-1389883.6032992757
S5-35.10,reactant,[H]C([H])=C([H])C(=O)N1C([H])([H])C([H])([H])N(S(=O)(=O)/[C:91]([H])=[C:92](\[H])c2c([H])c([H])c(Cl)c([H])c2[H])C([H])([H])C1([H])[H],0,-0.15885723,-0.07310989,-182.06990280141065,-21.63901766172138,0.027504355,-0.01135084,0.008076757,0.044515893,6.9215894e-05,0.022292554,-1114529.2988707349,6.3252574522048235,-1114518.985997262,-1114521.672201232
S5-35.10,intermediate,[H]C([H])=C([H])C(=O)N1C([H])([H])C([H])([H])N(S(=O)(=O)[C-:91]([H])[C:92]([H])(c2c([H])c([H])c(Cl)c([H])c2[H])[S:93]C([H])([H])[H])C([H])([H])C1([H])[H],-1,-0.54260916,-0.0064774593,-83.78822682263424,61.58204528213623,0.014043982,0.016204733,0.015124358,0.12700689,0.47447556,0.30074123,-1389538.9151687857,5.811564885079861,-1389522.3746296172,-1389526.089526093
S5-35.10,product,[H]C([H])=C([H])C(=O)N1C([H])([H])C([H])([H])N(S(=O)(=O)[C:91]([H])([H])[C:92]([H])(c2c([H])c([H])c(Cl)c([H])c2[H])[S:93]C([H])([H])[H])C([H])([H])C1([H])[H],0,-0.11192343,-0.023155363,-170.9430807326192,-11.999334034996727,0.011396447,0.020445168,0.015920809,0.020844758,0.02256801,0.021706384,-1389892.8429817145,4.689300334081054,-1389879.4714969473,-1389883.3876570498
