Name,RC,SMILES,charge,QCa,QCb,E_HOMO,E_LUMO,f_plus_Cb,f_minus_Cb,f_zero_Cb,f_plus_Ca,f_minus_Ca,f_zero_Ca,"E(opt, kcal/mol)","time(opt, sec)","E(rattled, kcal/mol)","E(initial, kcal/mol)"
S5-9.1,reactant,[H]c1c([H])c(N([H])C(=O)[C:91]([H])=[C:92]([H])[H])c([H])c([H])c1F,0,-0.15113665,-0.27633375,-201.8817880736811,8.632779414468247,0.11717385,0.06517325,0.09117355,0.043470755,0.0011572838,0.02231402,-362685.70264950313,17.610902220010757,-362682.5401630869,-362684.5846989498
S5-9.1,intermediate,[H]c1c([H])c(N([H])C(=O)[C-:91]([H])[C:92]([H])([H])[S:93]C([H])([H])[H])c([H])c([H])c1F,-1,-0.49681452,-0.116852276,-68.01668862457666,106.71186085016146,-0.031240433,0.01644244,-0.0073989965,-0.013079286,0.36752808,0.1772244,-637683.8863502516,20.227670665830374,-637679.8488480686,-637681.5923010249
S5-9.1,product,[H]c1c([H])c(N([H])C(=O)[C:91]([H])([H])[C:92]([H])([H])[S:93]C([H])([H])[H])c([H])c([H])c1F,0,-0.14269622,-0.12260247,-190.92741651664804,15.1257704894099,-0.024545267,-0.019794427,-0.022169847,0.019333705,0.006363049,0.012848377,-638052.7263822962,1.720556065440178,-638048.3252718762,-638050.404767716
S5-10.1,reactant,[H]c1c([H])c([H])c(C([H])([H])N([H])C(=O)[C:91]([H])=[C:92]([H])[H])c([H])c1[H],0,-0.16264193,-0.27967852,-207.8290518117475,17.85972485076721,0.16921207,0.09623334,0.1327227,0.08412835,-0.0053090304,0.03940966,-325061.38458635483,2.387091401964426,-325058.0336653253,-325060.1388804573
S5-10.1,intermediate,[H]c1c([H])c([H])c(C([H])([H])N([H])C(=O)[C-:91]([H])[C:92]([H])([H])[S:93]C([H])([H])[H])c([H])c1[H],-1,-0.55232704,-0.11391431,-72.37376189846132,110.03526697319704,0.008500539,0.022186048,0.015343294,-0.06478745,0.5038519,0.2195322,-600055.193150182,3.121450312435627,-600046.8620146627,-600049.0667772335
S5-10.1,product,[H]c1c([H])c([H])c(C([H])([H])N([H])C(=O)[C:91]([H])([H])[C:92]([H])([H])[S:93]C([H])([H])[H])c([H])c1[H],0,-0.14164254,-0.12345472,-196.42779625969823,16.502428533754127,-0.028854728,-0.019487485,-0.024171107,0.019889027,0.0008433312,0.010366179,-600426.6455524707,4.050949037075043,-600421.7266336979,-600423.9900571019
S5-10.2,reactant,[H]c1c([H])c([H])c(C([H])([H])N([H])C(=O)[C:91]([H])=[C:92]([H])[H])c([H])c1[H],0,-0.1628362,-0.27960458,-207.7455959972822,17.857800183420718,0.1702928,0.09645411,0.13337345,0.084067956,-0.0051745623,0.039446697,-325061.3820710174,2.3911594841629267,-325058.5588685419,-325060.1858321148
S5-10.2,intermediate,[H]c1c([H])c([H])c(C([H])([H])N([H])C(=O)[C-:91]([H])[C:92]([H])([H])[S:93]C([H])([H])[H])c([H])c1[H],-1,-0.54241115,-0.11535781,-71.9882405994222,110.1532655479448,0.009139024,0.023858055,0.01649854,-0.057217687,0.48881596,0.21579914,-600054.8719213158,2.426709955558181,-600048.9287205416,-600051.0796780143
S5-10.2,product,[H]c1c([H])c([H])c(C([H])([H])N([H])C(=O)[C:91]([H])([H])[C:92]([H])([H])[S:93]C([H])([H])[H])c([H])c1[H],0,-0.13778637,-0.10747318,-193.79356552455607,17.81855352688842,-0.043298177,-0.040177345,-0.04173776,0.09106539,0.03283997,0.06195268,-600426.7455938888,3.0962999369949102,-600422.5228516245,-600424.96477026
S5-10.3,reactant,[H]c1c([H])c([H])c(C([H])([H])N([H])C(=O)[C:91]([H])=[C:92]([H])[H])c([H])c1[H],0,-0.16515453,-0.2819573,-210.5467005421625,17.046255864741862,0.12554839,0.06731957,0.09643398,0.052271113,-0.00171341,0.025278851,-325059.6948044305,2.008451195433736,-325056.1616204711,-325058.7262227817
S5-10.3,intermediate,[H]c1c([H])c([H])c(C([H])([H])N([H])C(=O)[C-:91]([H])[C:92]([H])([H])[S:93]C([H])([H])[H])c([H])c1[H],-1,-0.5114335,-0.110480644,-69.19588158912562,111.30189811891498,0.007943906,0.04267928,0.025311593,-0.021976322,0.38285956,0.18044162,-600053.3226730067,4.4399539437144995,-600041.7280099114,-600044.3762562526
S5-10.3,product,[H]c1c([H])c([H])c(C([H])([H])N([H])C(=O)[C:91]([H])([H])[C:92]([H])([H])[S:93]C([H])([H])[H])c([H])c1[H],0,-0.13717018,-0.10646798,-193.49089899055235,17.54072065634864,-0.040262155,-0.038103193,-0.039182674,0.06610179,0.010393113,0.03824745,-600426.7500080712,2.3972469717264175,-600423.3010821493,-600425.4084141001
S5-10.4,reactant,[H]c1c([H])c([H])c(C([H])([H])N([H])C(=O)[C:91]([H])=[C:92]([H])[H])c([H])c1[H],0,-0.16072392,-0.28352472,-209.97171896281324,16.139966011524237,0.13457644,0.07139668,0.10298656,0.043935835,-0.0063079298,0.018813953,-325059.9497049629,2.8374823313206434,-325056.9628107801,-325058.42907994473
S5-10.4,intermediate,[H]c1c([H])c([H])c(C([H])([H])N([H])C(=O)[C-:91]([H])[C:92]([H])([H])[S:93]C([H])([H])[H])c([H])c1[H],-1,-0.50681454,-0.121079825,-67.83875119396855,113.650623367598,0.005289085,0.031208403,0.018248744,-0.048551917,0.42100438,0.18622623,-600055.8595055575,4.193898255005479,-600049.0427673641,-600051.4141515522
S5-10.4,product,[H]c1c([H])c([H])c(C([H])([H])N([H])C(=O)[C:91]([H])([H])[C:92]([H])([H])[S:93]C([H])([H])[H])c([H])c1[H],0,-0.13858694,-0.10527929,-193.09869189209525,17.57296477579168,-0.03993634,-0.03955952,-0.03974793,0.07124403,0.014448747,0.04284639,-600426.7995179577,1.3717076051980257,-600421.8073160271,-600425.6513847747
S5-10.5,reactant,[H]c1c([H])c([H])c(C([H])([H])N([H])C(=O)[C:91]([H])=[C:92]([H])[H])c([H])c1[H],0,-0.16063613,-0.283675,-210.0218528539521,16.110901923248484,0.133854,0.07168536,0.10276968,0.042704552,-0.006455973,0.01812429,-325059.9522807315,2.864732602611184,-325057.1002162956,-325058.4608287902
S5-10.5,intermediate,[H]c1c([H])c([H])c(C([H])([H])N([H])C(=O)[C-:91]([H])[C:92]([H])([H])[S:93]C([H])([H])[H])c([H])c1[H],-1,-0.49918672,-0.12088597,-67.12858374296836,112.86813551527675,0.007556066,0.030333474,0.01894477,-0.045634747,0.4197533,0.18705928,-600055.748267938,2.840928088873625,-600048.9865503608,-600051.7634579563
S5-10.5,product,[H]c1c([H])c([H])c(C([H])([H])N([H])C(=O)[C:91]([H])([H])[C:92]([H])([H])[S:93]C([H])([H])[H])c([H])c1[H],0,-0.13738556,-0.10636305,-193.37129960040622,17.455633565448665,-0.040773258,-0.038214736,-0.039493997,0.06814541,0.011627376,0.039886393,-600426.738343286,2.1237207744270563,-600422.3967223502,-600425.4776900973
S5-10.6,reactant,[H]c1c([H])c([H])c(C([H])([H])N([H])C(=O)[C:91]([H])=[C:92]([H])[H])c([H])c1[H],0,-0.16060194,-0.2835971,-210.00073330182283,16.1362371461252,0.13439754,0.07155605,0.10297679,0.043551207,-0.0064029545,0.018574126,-325059.9492845763,2.8517775554209948,-325057.3767201565,-325058.41896522004
S5-10.6,intermediate,[H]c1c([H])c([H])c(C([H])([H])N([H])C(=O)[C-:91]([H])[C:92]([H])([H])[S:93]C([H])([H])[H])c([H])c1[H],-1,-0.47999328,-0.12438384,-65.79935956603072,110.18106978404032,-0.001992561,0.025252067,0.011629753,-0.024935246,0.43771765,0.2063912,-600052.0239826115,2.191977033391595,-600046.0714059743,-600048.3804978472
S5-10.6,product,[H]c1c([H])c([H])c(C([H])([H])N([H])C(=O)[C:91]([H])([H])[C:92]([H])([H])[S:93]C([H])([H])[H])c([H])c1[H],0,-0.14853685,-0.11759813,-194.48379868211947,19.42208102247878,0.0038955882,-0.015802577,-0.0059534945,0.04455635,0.019949377,0.032252863,-600428.1910007376,3.334275610744953,-600424.4238120408,-600426.3787296063
S5-11.1,reactant,[H]c1c([H])c([H])c(N(C(=O)[C:91]([H])=[C:92]([H])[H])C([H])([H])[H])c([H])c1[H],0,-0.16341881,-0.2880539,-197.93940750559304,14.52500777493815,0.1634973,0.10520892,0.1343531,0.059873983,-0.0043051094,0.027784437,-325051.06562004104,2.268445899710059,-325046.2769222451,-325048.6807725562
S5-11.1,intermediate,[H]c1c([H])c([H])c(N(C(=O)[C-:91]([H])[C:92]([H])([H])[S:93]C([H])([H])[H])C([H])([H])[H])c([H])c1[H],-1,-0.4314428,-0.10570987,-67.68477347221243,114.19815252187186,-0.011993147,0.009059228,-0.0014669597,-0.034322143,0.31241262,0.13904524,-600050.880618397,3.346233546733856,-600044.7979723056,-600047.6280089259
S5-11.1,product,[H]c1c([H])c([H])c(N(C(=O)[C:91]([H])([H])[C:92]([H])([H])[S:93]C([H])([H])[H])C([H])([H])[H])c([H])c1[H],0,-0.13216692,-0.112757355,-189.82557265687467,19.098327104914254,-0.053255387,-0.045801446,-0.049528416,0.038368672,0.007142827,0.02275575,-600416.799759702,2.302559845149517,-600412.6977132662,-600415.1737577918
S5-11.2,reactant,[H]c1c([H])c([H])c(N(C(=O)[C:91]([H])=[C:92]([H])[H])C([H])([H])[H])c([H])c1[H],0,-0.1635688,-0.28816012,-197.99992105950983,14.523055813252087,0.16274339,0.105089635,0.13391651,0.05985661,-0.004081726,0.027887441,-325051.0676066127,2.4122384767979383,-325046.79405327595,-325048.7995778303
S5-11.2,intermediate,[H]c1c([H])c([H])c(N(C(=O)[C-:91]([H])[C:92]([H])([H])[S:93]C([H])([H])[H])C([H])([H])[H])c([H])c1[H],-1,-0.38719767,-0.106109954,-66.2412198897094,113.50337011928801,0.0039559156,0.019092724,0.01152432,-0.02573824,0.24510814,0.10968495,-600051.9884820707,1.8789948858320713,-600046.2354940056,-600049.4830596306
S5-11.2,product,[H]c1c([H])c([H])c(N(C(=O)[C:91]([H])([H])[C:92]([H])([H])[S:93]C([H])([H])[H])C([H])([H])[H])c([H])c1[H],0,-0.13287663,-0.112615876,-189.77170073896764,19.258751711438045,-0.053080183,-0.04549151,-0.049285844,0.039415523,0.007476166,0.023445845,-600416.5659006467,1.3776705581694841,-600412.263454843,-600415.1971978326
S5-11.3,reactant,[H]c1c([H])c([H])c(N(C(=O)[C:91]([H])=[C:92]([H])[H])C([H])([H])[H])c([H])c1[H],0,-0.12904555,-0.2962789,-205.6685493458679,12.51206674970278,0.15808305,0.13121115,0.14464709,0.107619524,0.016600989,0.062110256,-325054.6176016367,4.046914150938392,-325050.21747270937,-325052.19366331893
S5-11.3,intermediate,[H]c1c([H])c([H])c(N(C(=O)[C-:91]([H])[C:92]([H])([H])[S:93]C([H])([H])[H])C([H])([H])[H])c([H])c1[H],-1,-0.41769516,-0.10571429,-65.68671525178485,112.6442336264693,-0.028871045,-0.0009948909,-0.014932968,-0.028137416,0.33557388,0.15371823,-600047.1176116375,3.071585526689887,-600041.7054447492,-600044.0207024087
S5-11.3,product,[H]c1c([H])c([H])c(N(C(=O)[C:91]([H])([H])[C:92]([H])([H])[S:93]C([H])([H])[H])C([H])([H])[H])c([H])c1[H],0,-0.13186786,-0.112779915,-189.67049874779983,19.062480932407418,-0.053679228,-0.046020895,-0.04985006,0.039577752,0.008024767,0.02380126,-600416.767768257,1.7890264131128788,-600412.4062518715,-600415.1365638041
S5-11.4,reactant,[H]c1c([H])c([H])c(N(C(=O)[C:91]([H])=[C:92]([H])[H])C([H])([H])[H])c([H])c1[H],0,-0.16355334,-0.2880939,-197.96114400833824,14.506861417624584,0.16291195,0.105078146,0.13399506,0.059783608,-0.0041021705,0.027840719,-325051.0664430471,2.3661250434815884,-325046.6518298169,-325048.5832206192
S5-11.4,intermediate,[H]c1c([H])c([H])c(N(C(=O)[C-:91]([H])[C:92]([H])([H])[S:93]C([H])([H])[H])C([H])([H])[H])c([H])c1[H],-1,-0.41553006,-0.1050047,-65.76459537477243,112.82407382550338,-0.02878192,-0.0012610182,-0.015021469,-0.028265208,0.3346748,0.1532048,-600047.116869742,3.418700125068426,-600041.9923808497,-600043.7876079837
S5-11.4,product,[H]c1c([H])c([H])c(N(C(=O)[C:91]([H])([H])[C:92]([H])([H])[S:93]C([H])([H])[H])C([H])([H])[H])c([H])c1[H],0,-0.1330143,-0.11290006,-189.84144582634562,19.282797449423484,-0.05289499,-0.045290127,-0.04909256,0.039484844,0.007442087,0.023463465,-600416.561159314,1.1616885997354984,-600412.0503809167,-600415.1960474028
S5-12.1,reactant,[H]c1c([H])c([H])c(N([H])C(=O)[C:91]([H])=[C:92]([H])[H])c([H])c1[H],0,-0.15205133,-0.27691722,-201.74527603504285,12.88388896506328,0.16309997,0.09529747,0.12919873,0.089458,-0.0024032295,0.043527387,-300375.38120595843,0.7314996365457773,-300373.40214778594,-300374.7898224824
S5-12.1,intermediate,[H]c1c([H])c([H])c(N([H])C(=O)[C-:91]([H])[C:92]([H])([H])[S:93]C([H])([H])[H])c([H])c1[H],-1,-0.49693167,-0.11091398,-66.22748614313228,116.34505692829751,-0.032669447,0.02017489,-0.0062472783,-0.0060753226,0.32880175,0.16136321,-575372.137515499,1.7065341491252184,-575367.2234352641,-575368.4071915128
S5-12.1,product,[H]c1c([H])c([H])c(N([H])C(=O)[C:91]([H])([H])[C:92]([H])([H])[S:93]C([H])([H])[H])c([H])c1[H],0,-0.13436192,-0.10216337,-192.8936881403587,18.970794489852896,-0.044708833,-0.047330342,-0.046019588,0.039990366,0.0070619136,0.02352614,-575740.3073677886,1.1516871880739927,-575737.2842116369,-575739.3341893906
S5-13.1,reactant,[H]c1c([H])c([H])c(C([H])([H])[H])c(N([H])C(=O)[C:91]([H])=[C:92]([H])[H])c1[H],0,-0.14958036,-0.28059608,-198.025623897989,12.565549643362097,0.11617643,0.05766529,0.08692086,0.0675251,-0.0010094047,0.03325785,-325062.61057232076,1.0478786882013083,-325059.1108322483,-325061.5821992706
S5-13.1,intermediate,[H]c1c([H])c([H])c(C([H])([H])[H])c(N([H])C(=O)[C-:91]([H])[C:92]([H])([H])[S:93]C([H])([H])[H])c1[H],-1,-0.48452538,-0.11839738,-64.9094182820207,111.40250362795643,-0.0025850534,0.028726436,0.013070691,-0.02520305,0.3443053,0.15955113,-600061.9294508039,2.098303923383355,-600056.4530503765,-600059.0280862566
S5-13.1,product,[H]c1c([H])c([H])c(C([H])([H])[H])c(N([H])C(=O)[C:91]([H])([H])[C:92]([H])([H])[S:93]C([H])([H])[H])c1[H],0,-0.12920098,-0.104936525,-190.76503176271186,18.55293549985043,-0.046581943,-0.049670056,-0.048125997,0.06672503,0.017548762,0.042136896,-600428.92150339,0.577046412974596,-600424.9954433254,-600427.7075219649
S5-13.2,reactant,[H]c1c([H])c([H])c(C([H])([H])[H])c(N([H])C(=O)[C:91]([H])=[C:92]([H])[H])c1[H],0,-0.14906336,-0.28176633,-197.33387599350687,13.130781418153509,0.15047055,0.088868394,0.119669475,0.09810768,-0.0074269474,0.045340367,-325063.8133792386,0.6745334826409817,-325061.8350355125,-325063.0991246904
S5-13.2,intermediate,[H]c1c([H])c([H])c(C([H])([H])[H])c(N([H])C(=O)[C-:91]([H])[C:92]([H])([H])[S:93]C([H])([H])[H])c1[H],-1,-0.45738778,-0.12158316,-66.50431089486081,112.93690637978499,-0.020335473,0.018112145,-0.0011116639,-0.017275542,0.40992847,0.19632646,-600056.6776994166,3.2598111368715763,-600052.1298655155,-600053.6725082688
S5-13.2,product,[H]c1c([H])c([H])c(C([H])([H])[H])c(N([H])C(=O)[C:91]([H])([H])[C:92]([H])([H])[S:93]C([H])([H])[H])c1[H],0,-0.12997568,-0.104616545,-190.22650049372314,18.233920651508427,-0.04276481,-0.04594601,-0.044355407,0.048788935,0.0047463626,0.026767649,-600428.7615259669,1.3238487467169762,-600426.0191196081,-600427.6397692929
S5-13.3,reactant,[H]c1c([H])c([H])c(C([H])([H])[H])c(N([H])C(=O)[C:91]([H])=[C:92]([H])[H])c1[H],0,-0.14954962,-0.28045395,-198.01377747616655,12.549797021499938,0.116312236,0.057516873,0.086914554,0.06777313,-0.0009796172,0.03339676,-325062.6144136296,1.0381827503442764,-325060.3542300212,-325061.5752785379
S5-13.3,intermediate,[H]c1c([H])c([H])c(C([H])([H])[H])c(N([H])C(=O)[C-:91]([H])[C:92]([H])([H])[S:93]C([H])([H])[H])c1[H],-1,-0.46065804,-0.12162105,-64.0750370780853,110.16395461330868,-0.015462227,0.02468086,0.0046093166,-0.022001326,0.35283637,0.16541752,-600058.9439869112,2.106806254014373,-600053.9925457925,-600055.9742205219
S5-13.3,product,[H]c1c([H])c([H])c(C([H])([H])[H])c(N([H])C(=O)[C:91]([H])([H])[C:92]([H])([H])[S:93]C([H])([H])[H])c1[H],0,-0.13009012,-0.104514785,-190.20729808303864,18.34151011336206,-0.043025225,-0.045912676,-0.04446895,0.048562974,0.004808128,0.02668555,-600428.7694053662,1.5438755564391613,-600425.4978000453,-600427.6377330946
S5-15.1,reactant,[H]c1c([H])c([H])c(N([H])C(=O)[C:91]([H])=[C:92]([H])[H])c(C#N)c1[H],0,-0.14240138,-0.26870343,-209.48550190611934,-8.811047806477447,0.07944697,0.06423423,0.0718406,0.03361304,0.008245692,0.020929366,-358304.23640448594,2.200053855776787,-358300.7475117922,-358302.6792320086
S5-15.1,intermediate,[H]c1c([H])c([H])c(N([H])C(=O)[C-:91]([H])[C:92]([H])([H])[S:93]C([H])([H])[H])c(C#N)c1[H],-1,-0.4995827,-0.12315399,-72.80427897007154,91.0796355150802,-0.02799441,0.023785263,-0.002104573,-0.01739499,0.36065367,0.17162934,-633308.1189815251,1.972039533779025,-633303.20323879,-633304.9160506357
S5-15.1,product,[H]c1c([H])c([H])c(N([H])C(=O)[C:91]([H])([H])[C:92]([H])([H])[S:93]C([H])([H])[H])c(C#N)c1[H],0,-0.14571658,-0.12289785,-197.46955069800921,3.262452051285357,-0.050364465,-0.026982337,-0.0386734,0.03628485,0.03223052,0.034257684,-633666.3158242889,3.4161034170538187,-633658.6485075618,-633660.914753281
S5-15.2,reactant,[H]c1c([H])c([H])c(N([H])C(=O)[C:91]([H])=[C:92]([H])[H])c(C#N)c1[H],0,-0.14241128,-0.26868725,-209.49735898467566,-8.812642775695464,0.07947421,0.06419082,0.071832515,0.033681437,0.008238465,0.020959951,-358304.23586084455,2.0875734947621822,-358300.62784402823,-358302.68240797456
S5-15.2,intermediate,[H]c1c([H])c([H])c(N([H])C(=O)[C-:91]([H])[C:92]([H])([H])[S:93]C([H])([H])[H])c(C#N)c1[H],-1,-0.51297045,-0.12227911,-72.94697159694437,91.57714434078551,-0.015437886,0.032652035,0.008607075,-0.022137493,0.33518416,0.15652333,-633307.7105461285,1.3273659944534302,-633302.0883895161,-633304.3162797526
S5-15.2,product,[H]c1c([H])c([H])c(N([H])C(=O)[C:91]([H])([H])[C:92]([H])([H])[S:93]C([H])([H])[H])c(C#N)c1[H],0,-0.13119516,-0.1191262,-198.51226154132453,-2.9304081989757185,-0.059806667,-0.038478985,-0.049142826,0.038322747,0.021779709,0.030051228,-633669.7377995173,0.9909806586802006,-633665.4725783142,-633668.3438230224
S5-15.3,reactant,[H]c1c([H])c([H])c(N([H])C(=O)[C:91]([H])=[C:92]([H])[H])c(C#N)c1[H],0,-0.14571133,-0.26994962,-208.75605180229448,-8.278156408425003,0.100256294,0.09285526,0.09655578,0.05014141,0.003458321,0.026799865,-358305.2032221722,0.6427641175687313,-358302.40050675266,-358304.25586118794
S5-15.3,intermediate,[H]c1c([H])c([H])c(N([H])C(=O)[C-:91]([H])[C:92]([H])([H])[S:93]C([H])([H])[H])c(C#N)c1[H],-1,-0.48661727,-0.11288693,-73.19499515172343,85.24662664974666,-0.013668232,0.022604503,0.0044681355,-0.0041983724,0.3302986,0.16305012,-633308.7585817431,2.5783034153282642,-633302.720112478,-633304.6520784852
S5-15.3,product,[H]c1c([H])c([H])c(N([H])C(=O)[C:91]([H])([H])[C:92]([H])([H])[S:93]C([H])([H])[H])c(C#N)c1[H],0,-0.1321715,-0.11748408,-198.53843590935227,-3.095370300356441,-0.05456949,-0.036150053,-0.04535977,0.026646003,0.011699274,0.019172639,-633669.8198613174,0.9999666158109903,-633666.0073860885,-633668.5401739562
S5-8.1,reactant,[H]c1c([H])c(N([H])C(=O)[C:91]([H])=[C:92]([H])[H])c([H])c([H])c1N([H])[H],0,-0.1497716,-0.28203478,-180.00855142315774,15.912488157474089,0.1492292,0.07616396,0.11269658,0.06947158,-0.013929188,0.027771197,-335137.5990333896,0.9461084082722664,-335134.62902122526,-335136.31042763306
S5-8.1,intermediate,[H]c1c([H])c(N([H])C(=O)[C-:91]([H])[C:92]([H])([H])[S:93]C([H])([H])[H])c([H])c([H])c1N([H])[H],-1,-0.4882197,-0.114674896,-61.534888359271626,111.45087194637057,0.001192227,0.023007348,0.012099788,-0.028058797,0.30402705,0.13798413,-610133.8617459165,2.108257941901684,-610129.0116092467,-610130.4319864014
S5-8.1,product,[H]c1c([H])c(N([H])C(=O)[C:91]([H])([H])[C:92]([H])([H])[S:93]C([H])([H])[H])c([H])c([H])c1N([H])[H],0,-0.13096789,-0.09916835,-176.68839039897347,20.498945083449172,-0.043206897,-0.054862984,-0.04903494,0.026714325,-0.008149117,0.009282604,-610502.4407637931,1.163498541340232,-610498.9869182139,-610500.9494767154
S5-14.1,reactant,[H]c1c([H])c(N([H])C(=O)[C:91]([H])=[C:92]([H])[H])c([H])c([H])c1OC([H])([H])[H],0,-0.15138152,-0.28124413,-185.77665416174273,11.974025535268748,0.10907918,0.05487816,0.08197867,0.032939047,-0.0052019507,0.013868548,-372285.14669668657,1.1693480089306831,-372282.09326855146,-372284.03466694214
S5-14.1,intermediate,[H]c1c([H])c(N([H])C(=O)[C-:91]([H])[C:92]([H])([H])[S:93]C([H])([H])[H])c([H])c([H])c1OC([H])([H])[H],-1,-0.52057683,-0.11039801,-65.40496145780415,108.18011222519395,-0.009353019,0.022995174,0.0068210773,-0.0141144395,0.31444818,0.15016687,-647281.4112945097,3.3101564534008503,-647274.6747272161,-647276.6233125409
S5-14.1,product,[H]c1c([H])c(N([H])C(=O)[C:91]([H])([H])[C:92]([H])([H])[S:93]C([H])([H])[H])c([H])c([H])c1OC([H])([H])[H],0,-0.13180578,-0.10208755,-179.72085835927555,16.496558912389013,-0.04156201,-0.050558276,-0.046060145,0.03235151,-0.005219996,0.013565756,-647650.7800981627,1.0747614577412605,-647647.1181074836,-647649.7170369724
S5-14.2,reactant,[H]c1c([H])c(N([H])C(=O)[C:91]([H])=[C:92]([H])[H])c([H])c([H])c1OC([H])([H])[H],0,-0.15175088,-0.2787451,-184.55086675031956,12.448458360770765,0.14548504,0.0772665,0.11137577,0.06577225,-0.010918856,0.027426697,-372285.887929066,0.7973438017070293,-372282.5677739852,-372285.1332019438
S5-14.2,intermediate,[H]c1c([H])c(N([H])C(=O)[C-:91]([H])[C:92]([H])([H])[S:93]C([H])([H])[H])c([H])c([H])c1OC([H])([H])[H],-1,-0.5121416,-0.11563264,-65.40864118317369,107.71239524327804,-0.018214636,0.02083031,0.0013078377,-0.015595883,0.322228,0.15331608,-647281.0536296613,1.6873490680009127,-647275.7474547945,-647276.6839530136
S5-14.2,product,[H]c1c([H])c(N([H])C(=O)[C:91]([H])([H])[C:92]([H])([H])[S:93]C([H])([H])[H])c([H])c([H])c1OC([H])([H])[H],0,-0.13057135,-0.10156445,-180.09006783047408,16.779397274315325,-0.045162536,-0.054706916,-0.049934726,0.04968208,0.005153641,0.02741786,-647651.1570796657,0.7004460543394089,-647647.4525307094,-647649.9736978739
S5-16.1,reactant,[H]c1c([H])c(F)c([H])c(N([H])C(=O)[C:91]([H])=[C:92]([H])[H])c1[H],0,-0.14593208,-0.2751952,-206.37591638667166,7.182196477556458,0.121326745,0.06715569,0.09424122,0.049307063,0.0005120039,0.024909534,-362686.31501899834,0.5094199236482382,-362684.34264882456,-362685.5174382279
S5-16.1,intermediate,[H]c1c([H])c(F)c([H])c(N([H])C(=O)[C-:91]([H])[C:92]([H])([H])[S:93]C([H])([H])[H])c1[H],-1,-0.51235896,-0.1069086,-70.87174055557028,108.97181518880993,-0.014482275,0.024078079,0.004797902,-0.0074008107,0.32870162,0.1606504,-637688.4654384902,3.4318107962608337,-637681.2385895726,-637684.621409722
S5-16.1,product,[H]c1c([H])c(F)c([H])c(N([H])C(=O)[C:91]([H])([H])[C:92]([H])([H])[S:93]C([H])([H])[H])c1[H],0,-0.13583218,-0.10744206,-195.91258704530176,13.832690834181378,-0.04933368,-0.044484936,-0.04690931,0.060271233,0.021989197,0.041130215,-638052.785519583,0.5009055491536856,-638049.1120795055,-638051.5573522652
S5-16.2,reactant,[H]c1c([H])c(F)c([H])c(N([H])C(=O)[C:91]([H])=[C:92]([H])[H])c1[H],0,-0.15423599,-0.27312297,-205.27287117490297,7.945966160076383,0.1568686,0.09757437,0.1272215,0.08384845,0.00057423115,0.04221134,-362687.6000107023,0.5744609460234642,-362685.8782687775,-362686.8936489247
S5-16.2,intermediate,[H]c1c([H])c(F)c([H])c(N([H])C(=O)[C-:91]([H])[C:92]([H])([H])[S:93]C([H])([H])[H])c1[H],-1,-0.5166067,-0.10956073,-70.53181927744409,108.5689501325527,-0.014638059,0.025442705,0.005402323,-0.008718848,0.34019253,0.16573684,-637688.0502198201,2.4716114327311516,-637681.2484631534,-637684.3562318449
S5-16.2,product,[H]c1c([H])c(F)c([H])c(N([H])C(=O)[C:91]([H])([H])[C:92]([H])([H])[S:93]C([H])([H])[H])c1[H],0,-0.13518116,-0.10686514,-195.56863056018113,13.424097313389202,-0.04982835,-0.044924617,-0.047376484,0.05840361,0.02116996,0.039786786,-638052.7753581257,0.6956402771174908,-638048.2018726838,-638051.5789275282
S5-17.1,reactant,[H]c1c([H])c(C([H])([H])[H])c([H])c([H])c1N([H])C(=O)[C:91]([H])=[C:92]([H])[H],0,-0.14968161,-0.2807083,-195.12038773887244,13.092196742729568,0.12155938,0.058800936,0.09018016,0.046208665,-0.004008189,0.021100238,-325062.2161906677,0.8975174482911825,-325059.6160206687,-325061.2373490136
S5-17.1,intermediate,[H]c1c([H])c(C([H])([H])[H])c([H])c([H])c1N([H])C(=O)[C-:91]([H])[C:92]([H])([H])[S:93]C([H])([H])[H],-1,-0.47912753,-0.11334525,-64.36941675792369,110.34883609852272,-0.0033773258,0.023507632,0.010065153,-0.025170177,0.32604426,0.15043703,-600061.1858502643,1.885944226756692,-600056.4657368666,-600058.2329408219
S5-17.1,product,[H]c1c([H])c(C([H])([H])[H])c([H])c([H])c1N([H])C(=O)[C:91]([H])([H])[C:92]([H])([H])[S:93]C([H])([H])[H],0,-0.1411819,-0.10800187,-188.07086242364238,17.895286319060315,-0.02728843,-0.03948942,-0.033388924,0.033356667,0.012928501,0.023142584,-600428.2236640081,3.0480495747178793,-600422.8917544804,-600426.365865224
S5-18.1,reactant,[H]c1nc(N([H])C(=O)[C:91]([H])=[C:92]([H])[H])c([H])c([H])c1[H],0,-0.15460956,-0.27821538,-206.23960231337227,7.341524860729145,0.11273438,0.071111605,0.09192299,0.03096649,0.004115984,0.017541237,-310450.62698089593,0.8988491501659155,-310447.744997578,-310449.8452752536
S5-18.1,intermediate,[H]c1nc(N([H])C(=O)[C-:91]([H])[C:92]([H])([H])[S:93]C([H])([H])[H])c([H])c([H])c1[H],-1,-0.50072473,-0.10380853,-70.0769734804371,108.43975068909378,-0.0075754374,0.028450556,0.010437559,0.0024812818,0.3377752,0.17012824,-585449.4959168228,3.2892001066356897,-585442.4798198923,-585444.4431651016
S5-18.1,product,[H]c1nc(N([H])C(=O)[C:91]([H])([H])[C:92]([H])([H])[S:93]C([H])([H])[H])c([H])c([H])c1[H],0,-0.15085898,-0.12233504,-194.69340978547368,13.5759349682828,-0.02046378,-0.01684133,-0.018652555,0.027416557,0.02120018,0.024308369,-585817.5895493036,3.066045707091689,-585812.8374573286,-585816.0390873977
S5-19.1,reactant,[H]c1c([H])c(N([H])C(=O)[C:91]([H])=[C:92]([H])[H])c([H])c([H])c1C#N,0,-0.15239851,-0.27119282,-206.02422574685582,-8.804610022549522,0.077374935,0.05892533,0.06815013,0.012455553,0.0007906258,0.0066230893,-358302.25960612716,0.9697491973638535,-358298.3190782323,-358300.9054639608
S5-19.1,intermediate,[H]c1c([H])c(N([H])C(=O)[C-:91]([H])[C:92]([H])([H])[S:93]C([H])([H])[H])c([H])c([H])c1C#N,-1,-0.47492352,-0.1127887,-75.91395772408012,84.72879753236376,-0.0052357987,0.019213647,0.006988924,-0.021608561,0.2937054,0.13604844,-633312.2743214482,1.8411741945892572,-633307.5989029037,-633309.8609512427
S5-19.1,product,[H]c1c([H])c(N([H])C(=O)[C:91]([H])([H])[C:92]([H])([H])[S:93]C([H])([H])[H])c([H])c([H])c1C#N,0,-0.15128103,-0.1236939,-193.58935029025258,-3.1885625512824793,-0.021364093,-0.010429949,-0.01589702,0.016149178,0.0134902,0.014819689,-633670.512915158,5.071050468832254,-633663.9446089815,-633666.7198128477
S5-20.1,reactant,[H]c1c([H])c([H])c(C(N([H])C(=O)[C:91](C([H])([H])[H])=[C:92]([H])[H])(C([H])([H])[H])C([H])([H])[H])c([H])c1[H],0,-0.0022915017,-0.3250474,-199.4332104268986,13.54727363712204,0.1425896,0.111800164,0.12719488,-0.016519869,-0.038483314,-0.02750159,-399123.71264882555,1.7165670935064554,-399120.62909381726,-399122.91676113347
S5-20.1,intermediate,[H]c1c([H])c([H])c(C(N([H])C(=O)[C-:91](C([H])([H])[H])[C:92]([H])([H])[S:93]C([H])([H])[H])(C([H])([H])[H])C([H])([H])[H])c([H])c1[H],-1,0.021506976,-0.37965658,-84.74394785821829,82.74572736153912,0.20734134,0.0785386,0.14293997,0.06854729,-0.042114776,0.013216261,-674127.0525073239,4.852635772898793,-674119.3104617011,-674122.6409299998
S5-20.1,product,[H]c1c([H])c([H])c(C(N([H])C(=O)[C:91]([H])(C([H])([H])[H])[C:92]([H])([H])[S:93]C([H])([H])[H])(C([H])([H])[H])C([H])([H])[H])c([H])c1[H],0,-0.09190793,-0.1149219,-183.32862514881168,16.724887173030456,-0.021415018,-0.023849636,-0.022632327,0.014149144,-0.0123873055,0.0008809194,-674485.9640353061,2.0652704648673534,-674478.4242089029,-674483.2079490181
S5-20.2,reactant,[H]c1c([H])c([H])c(C(N([H])C(=O)[C:91](C([H])([H])[H])=[C:92]([H])[H])(C([H])([H])[H])C([H])([H])[H])c([H])c1[H],0,0.016027942,-0.3267798,-196.01032854787584,16.817441743521886,0.12821725,0.07455629,0.10138677,0.0075563863,-0.05414651,-0.023295062,-399122.0051907126,3.131434429436922,-399116.9254404952,-399120.01490223565
S5-20.2,intermediate,[H]c1c([H])c([H])c(C(N([H])C(=O)[C-:91](C([H])([H])[H])[C:92]([H])([H])[S:93]C([H])([H])[H])(C([H])([H])[H])C([H])([H])[H])c([H])c1[H],-1,0.018494071,-0.37927115,-85.34694274041482,83.07290792511232,0.21853411,0.080249965,0.14939204,0.065252036,-0.041021913,0.012115062,-674126.7590745268,3.266827255487442,-674119.6298618296,-674122.6305968759
S5-20.2,product,[H]c1c([H])c([H])c(C(N([H])C(=O)[C:91]([H])(C([H])([H])[H])[C:92]([H])([H])[S:93]C([H])([H])[H])(C([H])([H])[H])C([H])([H])[H])c([H])c1[H],0,-0.08847771,-0.108465865,-183.28731239796474,9.965345501377953,-0.002024904,-0.01788807,-0.0099564865,0.062171094,0.031029318,0.046600208,-674485.0302734317,6.085790375247598,-674476.6055949746,-674481.7330426797
S5-20.3,reactant,[H]c1c([H])c([H])c(C(N([H])C(=O)[C:91](C([H])([H])[H])=[C:92]([H])[H])(C([H])([H])[H])C([H])([H])[H])c([H])c1[H],0,0.0018952192,-0.32536685,-194.15101154354318,16.721544708394628,0.16221154,0.108376816,0.13529417,0.039211463,-0.04019536,-0.0004919488,-399122.518700842,1.7904780991375446,-399118.61560724315,-399121.1430316186
S5-20.3,intermediate,[H]c1c([H])c([H])c(C(N([H])C(=O)[C-:91](C([H])([H])[H])[C:92]([H])([H])[S:93]C([H])([H])[H])(C([H])([H])[H])C([H])([H])[H])c([H])c1[H],-1,-0.36124688,-0.13409995,-63.744340119939025,100.7928951129479,0.027344123,0.025213122,0.026278622,-0.09331003,0.4290418,0.16786589,-674114.4000749454,4.021500734612346,-674099.414519779,-674102.1254797815
S5-20.3,product,[H]c1c([H])c([H])c(C(N([H])C(=O)[C:91]([H])(C([H])([H])[H])[C:92]([H])([H])[S:93]C([H])([H])[H])(C([H])([H])[H])C([H])([H])[H])c([H])c1[H],0,-0.08750292,-0.10462389,-184.0804430968859,14.60065948570624,0.044559903,0.0063976273,0.025478765,0.07202748,0.05093543,0.061481453,-674484.6019985987,2.676566543057561,-674479.3266668703,-674482.6731884883
S5-20.4,reactant,[H]c1c([H])c([H])c(C(N([H])C(=O)[C:91](C([H])([H])[H])=[C:92]([H])[H])(C([H])([H])[H])C([H])([H])[H])c([H])c1[H],0,-0.002334148,-0.32504052,-199.4754259193353,13.566180005263885,0.14275768,0.11181699,0.12728733,-0.016297983,-0.03840649,-0.027352236,-399123.7200297718,1.5892183165997267,-399119.58494609926,-399122.9408028749
S5-20.4,intermediate,[H]c1c([H])c([H])c(C(N([H])C(=O)[C-:91](C([H])([H])[H])[C:92]([H])([H])[S:93]C([H])([H])[H])(C([H])([H])[H])C([H])([H])[H])c([H])c1[H],-1,0.047336612,-0.34824613,-79.10304530506845,85.3141585976848,0.07046604,0.056327462,0.06339675,0.05703878,-0.04239028,0.0073242495,-674123.5777443977,4.097340269014239,-674114.3436641083,-674117.9187534242
S5-20.4,product,[H]c1c([H])c([H])c(C(N([H])C(=O)[C:91]([H])(C([H])([H])[H])[C:92]([H])([H])[S:93]C([H])([H])[H])(C([H])([H])[H])C([H])([H])[H])c([H])c1[H],0,-0.07911547,-0.12156923,-185.35135411600646,12.17956453426103,-0.007790476,-0.016660899,-0.0122256875,0.0034048557,-0.009435929,-0.0030155368,-674488.0531063263,6.328075082972646,-674480.8330898198,-674485.1911055904
S5-20.5,reactant,[H]c1c([H])c([H])c(C(N([H])C(=O)[C:91](C([H])([H])[H])=[C:92]([H])[H])(C([H])([H])[H])C([H])([H])[H])c([H])c1[H],0,0.015854098,-0.32694632,-196.02698108574313,16.82702925404268,0.12808743,0.0746274,0.101357415,0.007778934,-0.054001376,-0.02311122,-399121.99286372977,2.952604053542018,-399117.9336546803,-399120.0329603597
S5-20.5,intermediate,[H]c1c([H])c([H])c(C(N([H])C(=O)[C-:91](C([H])([H])[H])[C:92]([H])([H])[S:93]C([H])([H])[H])(C([H])([H])[H])C([H])([H])[H])c([H])c1[H],-1,0.013887505,-0.37998626,-81.97073169922032,83.00486009147143,0.1628519,0.08046201,0.121656954,0.014987486,-0.04935408,-0.017183296,-674125.3545167034,2.6428137812763453,-674115.5735420551,-674118.8018670559
S5-20.5,product,[H]c1c([H])c([H])c(C(N([H])C(=O)[C:91]([H])(C([H])([H])[H])[C:92]([H])([H])[S:93]C([H])([H])[H])(C([H])([H])[H])C([H])([H])[H])c([H])c1[H],0,-0.08709975,-0.10746912,-184.8398529391185,10.551676658051509,-0.014164247,-0.020374037,-0.017269142,0.034364343,0.021215208,0.027789775,-674486.0892099629,5.151885544881225,-674480.4499601445,-674483.4903102148
S5-21.1,reactant,[H]c1c([H])c([H])c(N([H])C(=O)[C:91](C([H])([H])[H])=[C:92]([H])[H])c([H])c1[H],0,0.012318712,-0.3221611,-199.22742985910833,12.788502351426827,0.1456269,0.116941124,0.13128401,0.014161546,-0.048530858,-0.017184656,-325064.19217352924,1.0240144655108452,-325061.5143258679,-325063.4125046224
S5-21.1,intermediate,[H]c1c([H])c([H])c(N([H])C(=O)[C-:91](C([H])([H])[H])[C:92]([H])([H])[S:93]C([H])([H])[H])c([H])c1[H],-1,-0.32170528,-0.1129399,-61.5621469465824,112.84296198592538,-0.0013342276,0.0140478015,0.006356787,-0.08497016,0.30141902,0.10822443,-600060.4226109325,2.3278857711702585,-600053.5534001015,-600055.5005188135
S5-21.1,product,[H]c1c([H])c([H])c(N([H])C(=O)[C:91]([H])(C([H])([H])[H])[C:92]([H])([H])[S:93]C([H])([H])[H])c([H])c1[H],0,-0.07508595,-0.12313706,-188.2374349551526,16.55085991328074,-0.018217027,-0.018905744,-0.018561386,0.025688954,0.00531736,0.015503157,-600427.6675558098,2.8638389501720667,-600422.4253971166,-600425.8801118413
S5-23.1,reactant,[H]c1c([H])c(N([H])C(=O)[C:91]([H])=[C:92]([H])[H])c([H])c([H])c1N([H])[H],0,-0.14966443,-0.28199044,-180.03344340194664,15.884955235389185,0.14923355,0.07616596,0.112699755,0.06944542,-0.013942614,0.027751401,-335137.5999783619,0.9018398243933916,-335134.38527689705,-335136.3125344528
S5-23.1,intermediate,[H]c1c([H])c(N([H])C(=O)[C-:91]([H])[C:92]([H])([H])[S:93]C([H])([H])[H])c([H])c([H])c1N([H])[H],-1,-0.51547825,-0.10928198,-63.2373075522178,112.78057905704232,-0.019255929,0.020023711,0.00038389117,-0.017072737,0.30628425,0.14460576,-610132.1434180248,3.2961409613490105,-610122.5163245756,-610125.5450461819
S5-23.1,product,[H]c1c([H])c(N([H])C(=O)[C:91]([H])([H])[C:92]([H])([H])[S:93]C([H])([H])[H])c([H])c([H])c1N([H])[H],0,-0.13119641,-0.099594295,-176.7625768529411,20.6201643889239,-0.043588087,-0.054878473,-0.04923328,0.026029572,-0.008355141,0.008837216,-610502.5110597247,1.5571642350405455,-610498.7679778879,-610500.9648447207
S5-22.1,reactant,[H]c1c([H])c([H])c(N([H])C(=O)[C:91]([H])=[C:92](C([H])([H])[H])C([H])([H])[H])c([H])c1[H],0,-0.19971235,0.027798885,-193.99706000319165,12.20018533200818,-0.005797481,0.018224752,0.006213635,0.04716143,0.005577937,0.026369683,-349750.5592129861,1.5194615125656128,-349747.5481841621,-349749.63542687136
S5-22.1,intermediate,[H]c1c([H])c([H])c(N([H])C(=O)[C-:91]([H])[C:92](C([H])([H])[H])(C([H])([H])[H])[S:93]C([H])([H])[H])c([H])c1[H],-1,-0.43053603,0.10435126,-63.32148819015088,108.23925097369487,-0.054312445,-0.020963043,-0.037637744,-0.008301586,0.2895043,0.14060135,-624743.0627818105,1.0253394600003958,-624738.3851820895,-624741.3831670845
S5-22.1,product,[H]c1c([H])c([H])c(N([H])C(=O)[C:91]([H])([H])[C:92](C([H])([H])[H])(C([H])([H])[H])[S:93]C([H])([H])[H])c([H])c1[H],0,-0.14369695,0.053759083,-183.67458064606342,16.495755280567778,-0.023912355,-0.03676719,-0.030339772,0.009495214,0.008405685,0.0089504495,-625115.2343948706,1.5551137700676918,-625110.0898848041,-625113.1998736013
S5-22.2,reactant,[H]c1c([H])c([H])c(N([H])C(=O)[C:91]([H])=[C:92](C([H])([H])[H])C([H])([H])[H])c([H])c1[H],0,-0.18808848,0.047627993,-194.1599642502214,12.137457455161922,0.03321305,0.089579545,0.061396297,0.059454873,-0.012115657,0.023669608,-349752.7815383795,1.3800646644085646,-349750.2039570645,-349751.98432894313
S5-22.2,intermediate,[H]c1c([H])c([H])c(N([H])C(=O)[C-:91]([H])[C:92](C([H])([H])[H])(C([H])([H])[H])[S:93]C([H])([H])[H])c([H])c1[H],-1,-0.19059381,0.048758037,-83.54881657757029,75.57387770054005,0.009293474,-0.017632581,-0.0041695535,0.073321104,-0.011422157,0.030949473,-624743.4131435382,4.713564911857247,-624734.2439661158,-624736.1999825224
S5-22.2,product,[H]c1c([H])c([H])c(N([H])C(=O)[C:91]([H])([H])[C:92](C([H])([H])[H])(C([H])([H])[H])[S:93]C([H])([H])[H])c([H])c1[H],0,-0.14131673,0.058729827,-181.42318651060242,18.388648929347166,-0.03065832,-0.031497538,-0.031077929,0.0034812093,0.0098321885,0.006656699,-625113.7677827842,4.308743977919221,-625107.0592757558,-625109.889828812
S5-22.3,reactant,[H]c1c([H])c([H])c(N([H])C(=O)[C:91]([H])=[C:92](C([H])([H])[H])C([H])([H])[H])c([H])c1[H],0,-0.18785487,0.04760478,-194.17484560672884,12.087651381756222,0.03321991,0.08947705,0.061348483,0.059621662,-0.012150407,0.023735628,-349752.7835288849,1.4366919584572315,-349750.2235953445,-349751.9873861613
S5-22.3,intermediate,[H]c1c([H])c([H])c(N([H])C(=O)[C-:91]([H])[C:92](C([H])([H])[H])(C([H])([H])[H])[S:93]C([H])([H])[H])c([H])c1[H],-1,-0.43093207,0.103873044,-63.27180031763507,108.16074831352033,-0.0543413,-0.02068469,-0.037512995,-0.007978499,0.28847766,0.14024958,-624743.0756624035,1.4772270023822784,-624738.4925628504,-624741.363729473
S5-22.3,product,[H]c1c([H])c([H])c(N([H])C(=O)[C:91]([H])([H])[C:92](C([H])([H])[H])(C([H])([H])[H])[S:93]C([H])([H])[H])c([H])c1[H],0,-0.14082524,0.05877696,-181.40370097391406,18.44559282901513,-0.030273825,-0.030721555,-0.030497689,0.0035330951,0.009861261,0.006697178,-625113.75031026,4.349423088133335,-625107.0374898978,-625109.8730911302
S5-26.1,reactant,[H]c1nc(N([H])C2([H])C([H])([H])C([H])([H])OC([H])([H])C2([H])[H])nc2c1C([H])([H])C([H])([H])N(C(=O)[C:91]([H])=[C:92]([H])[H])C2([H])[H],0,-0.1520819,-0.28316662,-178.09921892455196,-5.229687200401456,0.045516282,0.03601423,0.040765256,0.014480725,-0.0009573847,0.00676167,-598483.8383336405,2.442061923444271,-598478.1052853382,-598481.2696341415
S5-26.1,intermediate,[H]c1nc(N([H])C2([H])C([H])([H])C([H])([H])OC([H])([H])C2([H])[H])nc2c1C([H])([H])C([H])([H])N(C(=O)[C-:91]([H])[C:92]([H])([H])[S:93]C([H])([H])[H])C2([H])[H],-1,-0.49300304,-0.11582101,-76.08058255304631,73.42886929508043,0.0064650327,0.01287806,0.0096715465,0.022224396,0.40063053,0.21142747,-873491.2555397298,5.573858620598912,-873481.2065140097,-873485.7005821492
S5-26.1,product,[H]c1nc(N([H])C2([H])C([H])([H])C([H])([H])OC([H])([H])C2([H])[H])nc2c1C([H])([H])C([H])([H])N(C(=O)[C:91]([H])([H])[C:92]([H])([H])[S:93]C([H])([H])[H])C2([H])[H],0,-0.11731923,-0.10737139,-167.29661526066147,-4.012950999627999,-0.041253857,-0.04246813,-0.041860994,0.0050802156,-0.01395414,-0.0044369623,-873852.2094073327,2.6508643943816423,-873845.5216260027,-873849.4769728938
S5-26.2,reactant,[H]c1nc(N([H])C2([H])C([H])([H])C([H])([H])OC([H])([H])C2([H])[H])nc2c1C([H])([H])C([H])([H])N(C(=O)[C:91]([H])=[C:92]([H])[H])C2([H])[H],0,-0.13527201,-0.28899872,-174.98189598807338,-1.931828993638749,0.08398923,0.05711904,0.07055414,0.00040450692,-0.02450715,-0.012051322,-598491.5963692358,3.489609295502305,-598485.3345225933,-598488.57515582
S5-26.2,intermediate,[H]c1nc(N([H])C2([H])C([H])([H])C([H])([H])OC([H])([H])C2([H])[H])nc2c1C([H])([H])C([H])([H])N(C(=O)[C-:91]([H])[C:92]([H])([H])[S:93]C([H])([H])[H])C2([H])[H],-1,-0.5009006,-0.1120798,-75.22459057294758,73.60662200315143,0.0010626987,0.010194778,0.0056287386,0.014491975,0.40597892,0.21023545,-873482.7234729052,4.035172892734408,-873473.862279112,-873477.1835782062
S5-26.2,product,[H]c1nc(N([H])C2([H])C([H])([H])C([H])([H])OC([H])([H])C2([H])[H])nc2c1C([H])([H])C([H])([H])N(C(=O)[C:91]([H])([H])[C:92]([H])([H])[S:93]C([H])([H])[H])C2([H])[H],0,-0.114759445,-0.10667615,-167.94721889424198,-3.3651689304812606,-0.04385481,-0.045867205,-0.044861007,0.021238923,-0.0038354024,0.00870176,-873853.5076104798,5.319232065230608,-873845.661329843,-873850.4355758991
S5-26.3,reactant,[H]c1nc(N([H])C2([H])C([H])([H])C([H])([H])OC([H])([H])C2([H])[H])nc2c1C([H])([H])C([H])([H])N(C(=O)[C:91]([H])=[C:92]([H])[H])C2([H])[H],0,-0.13829549,-0.29093996,-173.68060768211683,-2.996172160229334,0.08539325,0.055137157,0.0702652,0.011120588,-0.022681937,-0.0057806745,-598487.5839408414,3.6479691956192255,-598479.7179664897,-598483.7383983963
S5-26.3,intermediate,[H]c1nc(N([H])C2([H])C([H])([H])C([H])([H])OC([H])([H])C2([H])[H])nc2c1C([H])([H])C([H])([H])N(C(=O)[C-:91]([H])[C:92]([H])([H])[S:93]C([H])([H])[H])C2([H])[H],-1,-0.5058758,-0.10309265,-78.36301483806358,73.28781363914267,0.022828393,0.024187602,0.023507997,0.0520612,0.40735418,0.22970769,-873483.121009201,4.954929118975997,-873471.2603507349,-873474.7313356008
S5-26.3,product,[H]c1nc(N([H])C2([H])C([H])([H])C([H])([H])OC([H])([H])C2([H])[H])nc2c1C([H])([H])C([H])([H])N(C(=O)[C:91]([H])([H])[C:92]([H])([H])[S:93]C([H])([H])[H])C2([H])[H],0,-0.11793124,-0.10614924,-168.4627190748521,-4.049564939195216,-0.04045093,-0.041693047,-0.04107199,0.0071827844,-0.011979125,-0.0023981705,-873852.0112415779,3.316680697724223,-873844.910657616,-873849.2114051875
S5-26.4,reactant,[H]c1nc(N([H])C2([H])C([H])([H])C([H])([H])OC([H])([H])C2([H])[H])nc2c1C([H])([H])C([H])([H])N(C(=O)[C:91]([H])=[C:92]([H])[H])C2([H])[H],0,-0.13818389,-0.28945428,-175.12521222865823,-4.516760687515164,0.08503276,0.05578509,0.070408925,0.007086709,-0.021975532,-0.0074444115,-598487.1010620242,4.680588535964489,-598479.2679963214,-598482.9759009737
S5-26.4,intermediate,[H]c1nc(N([H])C2([H])C([H])([H])C([H])([H])OC([H])([H])C2([H])[H])nc2c1C([H])([H])C([H])([H])N(C(=O)[C-:91]([H])[C:92]([H])([H])[S:93]C([H])([H])[H])C2([H])[H],-1,-0.47565344,-0.132219,-75.38374746468172,73.85545804423737,0.0062218457,0.018633358,0.012427602,0.018903553,0.38403586,0.2014697,-873482.2883287837,4.383060123771429,-873474.3372211804,-873478.2347308919
S5-26.4,product,[H]c1nc(N([H])C2([H])C([H])([H])C([H])([H])OC([H])([H])C2([H])[H])nc2c1C([H])([H])C([H])([H])N(C(=O)[C:91]([H])([H])[C:92]([H])([H])[S:93]C([H])([H])[H])C2([H])[H],0,-0.1184988,-0.10407919,-169.34128073799894,-3.4515419365080655,-0.039523773,-0.042192057,-0.040857915,0.010808185,-0.010461897,0.00017314404,-873853.4968265889,3.4298916403204203,-873846.6278881155,-873850.7870133822
S5-26.5,reactant,[H]c1nc(N([H])C2([H])C([H])([H])C([H])([H])OC([H])([H])C2([H])[H])nc2c1C([H])([H])C([H])([H])N(C(=O)[C:91]([H])=[C:92]([H])[H])C2([H])[H],0,-0.15410987,-0.29042777,-178.19694852922558,-5.655678522536311,0.047468692,0.039782286,0.04362549,0.021486685,0.002301678,0.011894181,-598485.7716198182,4.547805288806558,-598478.5982340279,-598482.5954972939
S5-26.5,intermediate,[H]c1nc(N([H])C2([H])C([H])([H])C([H])([H])OC([H])([H])C2([H])[H])nc2c1C([H])([H])C([H])([H])N(C(=O)[C-:91]([H])[C:92]([H])([H])[S:93]C([H])([H])[H])C2([H])[H],-1,-0.50186086,-0.11300869,-74.69991876839289,73.41473315456452,0.0006693527,0.01033625,0.0055028014,0.009084582,0.3969329,0.20300874,-873489.878759886,6.687397448346019,-873479.8296103752,-873484.318490881
S5-26.5,product,[H]c1nc(N([H])C2([H])C([H])([H])C([H])([H])OC([H])([H])C2([H])[H])nc2c1C([H])([H])C([H])([H])N(C(=O)[C:91]([H])([H])[C:92]([H])([H])[S:93]C([H])([H])[H])C2([H])[H],0,-0.12083488,-0.112043284,-170.65802240758424,-3.9487732137200213,-0.03933323,-0.040719263,-0.040026248,0.0074339285,-0.0076389387,-0.00010250509,-873853.5231775073,4.574885817244649,-873846.011010943,-873850.6439735419
S5-26.6,reactant,[H]c1nc(N([H])C2([H])C([H])([H])C([H])([H])OC([H])([H])C2([H])[H])nc2c1C([H])([H])C([H])([H])N(C(=O)[C:91]([H])=[C:92]([H])[H])C2([H])[H],0,-0.13685064,-0.29021636,-174.28775948365595,-3.4168340942722013,0.08572221,0.055106565,0.07041439,0.008296445,-0.023066923,-0.007385239,-598486.8263290159,1.5889430362731218,-598480.3802950826,-598484.3529907899
S5-26.6,intermediate,[H]c1nc(N([H])C2([H])C([H])([H])C([H])([H])OC([H])([H])C2([H])[H])nc2c1C([H])([H])C([H])([H])N(C(=O)[C-:91]([H])[C:92]([H])([H])[S:93]C([H])([H])[H])C2([H])[H],-1,-0.46139833,-0.12133186,-73.4495784326056,71.98552162819469,-0.0040955245,0.008456372,0.0021804236,0.04727903,0.3766575,0.21196827,-873485.9127016856,3.0283850599080324,-873476.6223148473,-873481.164580022
S5-26.6,product,[H]c1nc(N([H])C2([H])C([H])([H])C([H])([H])OC([H])([H])C2([H])[H])nc2c1C([H])([H])C([H])([H])N(C(=O)[C:91]([H])([H])[C:92]([H])([H])[S:93]C([H])([H])[H])C2([H])[H],0,-0.1217735,-0.1126815,-171.21175880033775,-2.542453380752012,-0.039472677,-0.040687926,-0.0400803,0.008041926,-0.006619759,0.0007110834,-873854.5913555445,6.343429634347558,-873846.1667919819,-873850.7767823818
S5-26.7,reactant,[H]c1nc(N([H])C2([H])C([H])([H])C([H])([H])OC([H])([H])C2([H])[H])nc2c1C([H])([H])C([H])([H])N(C(=O)[C:91]([H])=[C:92]([H])[H])C2([H])[H],0,-0.14719757,-0.2899621,-175.8287971544964,-4.733994461211124,0.08304307,0.056865007,0.06995404,0.00937964,-0.01427491,-0.002447635,-598489.8131998213,1.3780982624739408,-598484.1616829534,-598487.5226026267
S5-26.7,intermediate,[H]c1nc(N([H])C2([H])C([H])([H])C([H])([H])OC([H])([H])C2([H])[H])nc2c1C([H])([H])C([H])([H])N(C(=O)[C-:91]([H])[C:92]([H])([H])[S:93]C([H])([H])[H])C2([H])[H],-1,-0.4911624,-0.11548,-76.76890374457254,74.61419844040874,0.0047101676,0.011971749,0.0083409585,0.021110445,0.402538,0.21182424,-873491.7071134455,3.5966062899678946,-873481.988801196,-873486.8760151189
S5-26.7,product,[H]c1nc(N([H])C2([H])C([H])([H])C([H])([H])OC([H])([H])C2([H])[H])nc2c1C([H])([H])C([H])([H])N(C(=O)[C:91]([H])([H])[C:92]([H])([H])[S:93]C([H])([H])[H])C2([H])[H],0,-0.11580944,-0.10619674,-166.98889072355053,-3.3947103071944436,-0.041300483,-0.042590298,-0.04194539,0.006709583,-0.013385668,-0.0033380426,-873851.1650172435,3.330543950200081,-873844.5471185662,-873848.0443907202
S5-26.8,reactant,[H]c1nc(N([H])C2([H])C([H])([H])C([H])([H])OC([H])([H])C2([H])[H])nc2c1C([H])([H])C([H])([H])N(C(=O)[C:91]([H])=[C:92]([H])[H])C2([H])[H],0,-0.1453366,-0.29038155,-176.55728582849872,-5.040391001401566,0.08097193,0.05530718,0.06813955,0.011671931,-0.016670048,-0.0024990588,-598492.4098460104,1.4210962653160095,-598485.6949957904,-598489.875825343
S5-26.8,intermediate,[H]c1nc(N([H])C2([H])C([H])([H])C([H])([H])OC([H])([H])C2([H])[H])nc2c1C([H])([H])C([H])([H])N(C(=O)[C-:91]([H])[C:92]([H])([H])[S:93]C([H])([H])[H])C2([H])[H],-1,-0.52596533,-0.123493746,-78.14818213544963,75.8688817074393,0.020856678,0.026281789,0.023569234,0.046832144,0.39801258,0.22242236,-873480.1586890308,5.1168191488832235,-873469.4375765924,-873473.1426738275
S5-26.8,product,[H]c1nc(N([H])C2([H])C([H])([H])C([H])([H])OC([H])([H])C2([H])[H])nc2c1C([H])([H])C([H])([H])N(C(=O)[C:91]([H])([H])[C:92]([H])([H])[S:93]C([H])([H])[H])C2([H])[H],0,-0.12202222,-0.11257564,-171.2009647066666,-2.4048515520736724,-0.0392951,-0.04057052,-0.03993281,0.008552231,-0.006252818,0.0011497065,-873854.5538277901,3.9694659914821386,-873846.4523726617,-873851.4627719875
S5-26.9,reactant,[H]c1nc(N([H])C2([H])C([H])([H])C([H])([H])OC([H])([H])C2([H])[H])nc2c1C([H])([H])C([H])([H])N(C(=O)[C:91]([H])=[C:92]([H])[H])C2([H])[H],0,-0.13593099,-0.29036492,-174.72753590543155,-3.177246551438903,0.08361143,0.055342034,0.06947673,0.0052134097,-0.023906276,-0.009346433,-598487.593237271,3.11609367467463,-598481.5636160673,-598484.9239754665
S5-26.9,intermediate,[H]c1nc(N([H])C2([H])C([H])([H])C([H])([H])OC([H])([H])C2([H])[H])nc2c1C([H])([H])C([H])([H])N(C(=O)[C-:91]([H])[C:92]([H])([H])[S:93]C([H])([H])[H])C2([H])[H],-1,-0.47663227,-0.13238361,-75.3612254918613,73.95479990322693,0.006387219,0.018827766,0.0126074925,0.017636627,0.38375378,0.2006952,-873482.2995031754,4.615551646798849,-873473.8998917768,-873477.8542838808
S5-26.9,product,[H]c1nc(N([H])C2([H])C([H])([H])C([H])([H])OC([H])([H])C2([H])[H])nc2c1C([H])([H])C([H])([H])N(C(=O)[C:91]([H])([H])[C:92]([H])([H])[S:93]C([H])([H])[H])C2([H])[H],0,-0.11848191,-0.10431206,-169.30131749292886,-3.5489484289670155,-0.03957528,-0.042066842,-0.04082106,0.010732509,-0.010625862,5.3323805e-05,-873853.4787504514,3.3779160641133785,-873846.775748119,-873850.9812854307
S5-26.10,reactant,[H]c1nc(N([H])C2([H])C([H])([H])C([H])([H])OC([H])([H])C2([H])[H])nc2c1C([H])([H])C([H])([H])N(C(=O)[C:91]([H])=[C:92]([H])[H])C2([H])[H],0,-0.14787966,-0.28903937,-177.34810833397262,-4.102700570849081,0.08555749,0.056456774,0.07100713,0.007772997,-0.013249904,-0.0027384534,-598486.3900274151,3.4282988142222166,-598479.483120602,-598482.5926413795
S5-26.10,intermediate,[H]c1nc(N([H])C2([H])C([H])([H])C([H])([H])OC([H])([H])C2([H])[H])nc2c1C([H])([H])C([H])([H])N(C(=O)[C-:91]([H])[C:92]([H])([H])[S:93]C([H])([H])[H])C2([H])[H],-1,-0.46670064,-0.12998138,-75.0893783545374,72.31776598019053,0.005683452,0.018323384,0.012003418,0.008659571,0.3615097,0.18508464,-873481.1793417885,4.5407428946346045,-873472.9537385865,-873476.8583530722
S5-26.10,product,[H]c1nc(N([H])C2([H])C([H])([H])C([H])([H])OC([H])([H])C2([H])[H])nc2c1C([H])([H])C([H])([H])N(C(=O)[C:91]([H])([H])[C:92]([H])([H])[S:93]C([H])([H])[H])C2([H])[H],0,-0.12102991,-0.11988597,-166.99091918063837,-1.3758165541102372,-0.033645824,-0.030910455,-0.03227814,0.006335482,-0.0050777346,0.0006288737,-873852.6983226988,4.334926957264543,-873844.8989477301,-873849.8157029094
S5-25.1,reactant,[H]c1nc(N([H])[H])c2c([H])c(-c3c(-c4c([H])c([H])c([H])c([H])c4[H])nc([H])n3C([H])([H])[C@@]3([H])N(C(=O)[C:91]([H])=[C:92]([H])[H])C([H])([H])C([H])([H])C3([H])[H])sc2n1,0,-0.10613626,-0.28662845,-158.28057596566347,-22.254425478993298,0.044884384,0.043576434,0.04423041,-0.013875201,-0.022307247,-0.018091224,-1062140.027511486,5.56531191803515,-1062128.243115328,-1062133.6562656192
S5-25.1,intermediate,[H]c1nc(N([H])[H])c2c([H])c(-c3c(-c4c([H])c([H])c([H])c([H])c4[H])nc([H])n3C([H])([H])[C@@]3([H])N(C(=O)[C-:91]([H])[C:92]([H])([H])[S:93]C([H])([H])[H])C([H])([H])C([H])([H])C3([H])[H])sc2n1,-1,-0.49325633,-0.11877139,-77.75828171984823,43.97434078128244,0.0075811893,0.015871972,0.011726581,0.056089997,0.30506742,0.18057871,-1337144.817949232,4.918459910899401,-1337127.8454644887,-1337134.2467227662
S5-25.1,product,[H]c1nc(N([H])[H])c2c([H])c(-c3c(-c4c([H])c([H])c([H])c([H])c4[H])nc([H])n3C([H])([H])[C@@]3([H])N(C(=O)[C:91]([H])([H])[C:92]([H])([H])[S:93]C([H])([H])[H])C([H])([H])C([H])([H])C3([H])[H])sc2n1,0,-0.115297265,-0.086702146,-147.9817040122327,-17.87867965020385,-0.0324682,-0.034414098,-0.03344115,0.0034213737,-0.005199246,-0.0008889362,-1337507.8591021746,3.565536729991436,-1337496.5003773468,-1337502.9244560055
S5-25.2,reactant,[H]c1nc(N([H])[H])c2c([H])c(-c3c(-c4c([H])c([H])c([H])c([H])c4[H])nc([H])n3C([H])([H])[C@@]3([H])N(C(=O)[C:91]([H])=[C:92]([H])[H])C([H])([H])C([H])([H])C3([H])[H])sc2n1,0,-0.1583413,-0.2629964,-155.8114463247759,-21.955810736946347,0.02839154,0.027118728,0.027755134,0.00118348,-0.0012580603,-3.7290156e-05,-1062139.494305712,3.6773545872420073,-1062130.100291281,-1062135.1360382356
S5-25.2,intermediate,[H]c1nc(N([H])[H])c2c([H])c(-c3c(-c4c([H])c([H])c([H])c([H])c4[H])nc([H])n3C([H])([H])[C@@]3([H])N(C(=O)[C-:91]([H])[C:92]([H])([H])[S:93]C([H])([H])[H])C([H])([H])C([H])([H])C3([H])[H])sc2n1,-1,-0.44316062,-0.11568425,-78.34284755875024,39.420391643855965,0.0020490587,0.010440156,0.0062446073,0.09304872,0.31205803,0.20255338,-1337140.8349895265,6.626319792121649,-1337123.2029208415,-1337129.156835955
S5-25.2,product,[H]c1nc(N([H])[H])c2c([H])c(-c3c(-c4c([H])c([H])c([H])c([H])c4[H])nc([H])n3C([H])([H])[C@@]3([H])N(C(=O)[C:91]([H])([H])[C:92]([H])([H])[S:93]C([H])([H])[H])C([H])([H])C([H])([H])C3([H])[H])sc2n1,0,-0.14216611,-0.1207528,-150.2982619206452,-21.857771482493717,-0.010231733,-0.011268422,-0.010750078,0.0033728331,0.0032013357,0.0032870844,-1337505.9883735832,3.359587525948882,-1337495.2529513084,-1337501.4986704956
S5-25.3,reactant,[H]c1nc(N([H])[H])c2c([H])c(-c3c(-c4c([H])c([H])c([H])c([H])c4[H])nc([H])n3C([H])([H])[C@@]3([H])N(C(=O)[C:91]([H])=[C:92]([H])[H])C([H])([H])C([H])([H])C3([H])[H])sc2n1,0,-0.13081631,-0.28820524,-154.84707262297263,-22.68848126159454,0.043823242,0.03736049,0.040591866,-0.0044067204,-0.014672369,-0.009539545,-1062136.0034693766,3.3113961927592754,-1062125.0686922593,-1062131.633331707
S5-25.3,intermediate,[H]c1nc(N([H])[H])c2c([H])c(-c3c(-c4c([H])c([H])c([H])c([H])c4[H])nc([H])n3C([H])([H])[C@@]3([H])N(C(=O)[C-:91]([H])[C:92]([H])([H])[S:93]C([H])([H])[H])C([H])([H])C([H])([H])C3([H])[H])sc2n1,-1,-0.45603484,-0.12565184,-79.12689635880096,39.92653160326604,0.017549112,0.02538886,0.021468986,0.051032305,0.2835081,0.1672702,-1337140.4933709295,4.81417310424149,-1337125.6197864003,-1337132.305408887
S5-25.3,product,[H]c1nc(N([H])[H])c2c([H])c(-c3c(-c4c([H])c([H])c([H])c([H])c4[H])nc([H])n3C([H])([H])[C@@]3([H])N(C(=O)[C:91]([H])([H])[C:92]([H])([H])[S:93]C([H])([H])[H])C([H])([H])C([H])([H])C3([H])[H])sc2n1,0,-0.12860954,-0.11316708,-151.8162007621476,-22.718569621590895,-0.0150034875,-0.015385628,-0.015194558,0.0007812679,-0.0010986328,-0.00015868247,-1337503.3606921318,4.499091533944011,-1337489.7300104077,-1337496.686867152
S5-25.4,reactant,[H]c1nc(N([H])[H])c2c([H])c(-c3c(-c4c([H])c([H])c([H])c([H])c4[H])nc([H])n3C([H])([H])[C@@]3([H])N(C(=O)[C:91]([H])=[C:92]([H])[H])C([H])([H])C([H])([H])C3([H])[H])sc2n1,0,-0.15512156,-0.29124105,-152.808001557214,-18.913955660522966,0.04839194,0.04069829,0.044545114,-0.009175226,-0.015007496,-0.012091361,-1062138.9543346,3.690227521583438,-1062130.3959362458,-1062134.0498971557
S5-25.4,intermediate,[H]c1nc(N([H])[H])c2c([H])c(-c3c(-c4c([H])c([H])c([H])c([H])c4[H])nc([H])n3C([H])([H])[C@@]3([H])N(C(=O)[C-:91]([H])[C:92]([H])([H])[S:93]C([H])([H])[H])C([H])([H])C([H])([H])C3([H])[H])sc2n1,-1,-0.4980188,-0.13486488,-78.63922576430356,39.02526098785108,0.011349201,0.02131141,0.016330305,0.052491605,0.2900707,0.17128116,-1337136.9201310063,3.6177123822271824,-1337126.17280574,-1337131.8490621138
S5-25.4,product,[H]c1nc(N([H])[H])c2c([H])c(-c3c(-c4c([H])c([H])c([H])c([H])c4[H])nc([H])n3C([H])([H])[C@@]3([H])N(C(=O)[C:91]([H])([H])[C:92]([H])([H])[S:93]C([H])([H])[H])C([H])([H])C([H])([H])C3([H])[H])sc2n1,0,-0.12770888,-0.11530378,-149.2981757028931,-18.9086554949853,-0.03614953,-0.034424953,-0.035287242,0.005166009,-0.002700746,0.0012326315,-1337503.7736696822,2.9831706900149584,-1337493.8916178925,-1337499.399103877
S5-25.5,reactant,[H]c1nc(N([H])[H])c2c([H])c(-c3c(-c4c([H])c([H])c([H])c([H])c4[H])nc([H])n3C([H])([H])[C@@]3([H])N(C(=O)[C:91]([H])=[C:92]([H])[H])C([H])([H])C([H])([H])C3([H])[H])sc2n1,0,-0.1584091,-0.263005,-155.8035536097365,-22.02999243287795,0.02857712,0.027243271,0.027910195,0.001299277,-0.0011933446,5.2966177e-05,-1062139.5058767477,4.321045216172934,-1062128.1096733822,-1062134.6641151549
S5-25.5,intermediate,[H]c1nc(N([H])[H])c2c([H])c(-c3c(-c4c([H])c([H])c([H])c([H])c4[H])nc([H])n3C([H])([H])[C@@]3([H])N(C(=O)[C-:91]([H])[C:92]([H])([H])[S:93]C([H])([H])[H])C([H])([H])C([H])([H])C3([H])[H])sc2n1,-1,-0.48243707,-0.12480255,-77.27096018926895,41.236907149358615,0.006130241,0.015509754,0.010819998,0.062954664,0.3074146,0.18518463,-1337142.2379151126,6.192031744867563,-1337128.4900885439,-1337133.4049288211
S5-25.5,product,[H]c1nc(N([H])[H])c2c([H])c(-c3c(-c4c([H])c([H])c([H])c([H])c4[H])nc([H])n3C([H])([H])[C@@]3([H])N(C(=O)[C:91]([H])([H])[C:92]([H])([H])[S:93]C([H])([H])[H])C([H])([H])C([H])([H])C3([H])[H])sc2n1,0,-0.12552495,-0.10612233,-150.6438867187478,-21.10961734908108,-0.030913204,-0.03005831,-0.030485757,-0.0087445155,-0.01406692,-0.011405718,-1337504.1610436495,3.3242690041661263,-1337494.3097408288,-1337500.847945907
S5-25.6,reactant,[H]c1nc(N([H])[H])c2c([H])c(-c3c(-c4c([H])c([H])c([H])c([H])c4[H])nc([H])n3C([H])([H])[C@@]3([H])N(C(=O)[C:91]([H])=[C:92]([H])[H])C([H])([H])C([H])([H])C3([H])[H])sc2n1,0,-0.14454278,-0.28042927,-156.79007226501943,-22.443560028008704,0.03042981,0.027879953,0.029154882,0.0029013306,0.00034481287,0.0016230717,-1062133.9655324067,3.7488320227712393,-1062123.604121332,-1062128.9425078859
S5-25.6,intermediate,[H]c1nc(N([H])[H])c2c([H])c(-c3c(-c4c([H])c([H])c([H])c([H])c4[H])nc([H])n3C([H])([H])[C@@]3([H])N(C(=O)[C-:91]([H])[C:92]([H])([H])[S:93]C([H])([H])[H])C([H])([H])C([H])([H])C3([H])[H])sc2n1,-1,-0.4733623,-0.101914525,-79.00475037910478,42.34361734187053,0.019101568,0.022492118,0.020796843,0.06252727,0.26683396,0.1646806,-1337135.804060106,4.96918760985136,-1337122.072179288,-1337127.410232793
S5-25.6,product,[H]c1nc(N([H])[H])c2c([H])c(-c3c(-c4c([H])c([H])c([H])c([H])c4[H])nc([H])n3C([H])([H])[C@@]3([H])N(C(=O)[C:91]([H])([H])[C:92]([H])([H])[S:93]C([H])([H])[H])C([H])([H])C([H])([H])C3([H])[H])sc2n1,0,-0.09988385,-0.12423931,-154.2328123013677,-23.678842897706886,0.004553646,0.0024225563,0.003488101,0.0063191876,0.005879678,0.0060994327,-1337506.8660231766,5.75692237354815,-1337492.8629694083,-1337500.689325359
S5-25.7,reactant,[H]c1nc(N([H])[H])c2c([H])c(-c3c(-c4c([H])c([H])c([H])c([H])c4[H])nc([H])n3C([H])([H])[C@@]3([H])N(C(=O)[C:91]([H])=[C:92]([H])[H])C([H])([H])C([H])([H])C3([H])[H])sc2n1,0,-0.15955791,-0.26879656,-150.37446224936687,-17.540784904809858,0.03460917,0.033096284,0.033852726,0.005393043,-0.0004274398,0.0024828017,-1062137.3343936778,3.1936040055006742,-1062125.6513552363,-1062130.7129842099
S5-25.7,intermediate,[H]c1nc(N([H])[H])c2c([H])c(-c3c(-c4c([H])c([H])c([H])c([H])c4[H])nc([H])n3C([H])([H])[C@@]3([H])N(C(=O)[C-:91]([H])[C:92]([H])([H])[S:93]C([H])([H])[H])C([H])([H])C([H])([H])C3([H])[H])sc2n1,-1,-0.35708693,-0.1011209,-78.59873568841199,49.39252921626505,0.026917808,0.03328304,0.030100424,0.016423166,0.13924448,0.077833824,-1337154.1200276115,11.07195315696299,-1337124.5643056557,-1337129.9490463384
S5-25.7,product,[H]c1nc(N([H])[H])c2c([H])c(-c3c(-c4c([H])c([H])c([H])c([H])c4[H])nc([H])n3C([H])([H])[C@@]3([H])N(C(=O)[C:91]([H])([H])[C:92]([H])([H])[S:93]C([H])([H])[H])C([H])([H])C([H])([H])C3([H])[H])sc2n1,0,-0.109023325,-0.102184966,-150.28843244392152,-22.157844932256715,-0.03456597,-0.035761118,-0.035163544,-0.001216434,-0.006229922,-0.003723178,-1337500.2337167559,4.397207874804735,-1337488.9913261011,-1337495.1489645143
S5-25.8,reactant,[H]c1nc(N([H])[H])c2c([H])c(-c3c(-c4c([H])c([H])c([H])c([H])c4[H])nc([H])n3C([H])([H])[C@@]3([H])N(C(=O)[C:91]([H])=[C:92]([H])[H])C([H])([H])C([H])([H])C3([H])[H])sc2n1,0,-0.14597058,-0.2770578,-157.06456102484344,-21.494713824506853,0.028958887,0.026959866,0.027959377,0.00030489266,-0.0003617108,-2.8409064e-05,-1062134.9806406226,3.547338953241706,-1062126.9250623898,-1062131.3838480872
S5-25.8,intermediate,[H]c1nc(N([H])[H])c2c([H])c(-c3c(-c4c([H])c([H])c([H])c([H])c4[H])nc([H])n3C([H])([H])[C@@]3([H])N(C(=O)[C-:91]([H])[C:92]([H])([H])[S:93]C([H])([H])[H])C([H])([H])C([H])([H])C3([H])[H])sc2n1,-1,-0.34743807,-0.073994875,-80.2441105424569,46.69185463834402,0.031448,0.027987357,0.029717678,0.010609508,0.14426287,0.07743619,-1337152.0754298095,6.7555537316948175,-1337126.6604331937,-1337131.1436942718
S5-25.8,product,[H]c1nc(N([H])[H])c2c([H])c(-c3c(-c4c([H])c([H])c([H])c([H])c4[H])nc([H])n3C([H])([H])[C@@]3([H])N(C(=O)[C:91]([H])([H])[C:92]([H])([H])[S:93]C([H])([H])[H])C([H])([H])C([H])([H])C3([H])[H])sc2n1,0,-0.12017243,-0.11992392,-151.5542937191941,-21.893883645614935,-0.016617559,-0.016487464,-0.016552512,3.543496e-05,-0.00042255968,-0.00019356236,-1337502.0419584275,2.7072959449142218,-1337490.1323942088,-1337495.7630906242
S5-25.9,reactant,[H]c1nc(N([H])[H])c2c([H])c(-c3c(-c4c([H])c([H])c([H])c([H])c4[H])nc([H])n3C([H])([H])[C@@]3([H])N(C(=O)[C:91]([H])=[C:92]([H])[H])C([H])([H])C([H])([H])C3([H])[H])sc2n1,0,-0.15060678,-0.2782955,-154.92173834661332,-21.342959067998446,0.030489355,0.028643921,0.029566638,-0.0042448193,-0.0063906014,-0.0053177103,-1062139.4904581816,3.7268595546483994,-1062127.3502698545,-1062133.9611780231
S5-25.9,intermediate,[H]c1nc(N([H])[H])c2c([H])c(-c3c(-c4c([H])c([H])c([H])c([H])c4[H])nc([H])n3C([H])([H])[C@@]3([H])N(C(=O)[C-:91]([H])[C:92]([H])([H])[S:93]C([H])([H])[H])C([H])([H])C([H])([H])C3([H])[H])sc2n1,-1,-0.49759322,-0.12029846,-79.10648123795131,38.69655365571535,0.010288596,0.017439313,0.013863955,0.074367344,0.31037048,0.19236891,-1337140.1804018575,4.667448243126273,-1337126.7711757363,-1337133.5999634499
S5-25.9,product,[H]c1nc(N([H])[H])c2c([H])c(-c3c(-c4c([H])c([H])c([H])c([H])c4[H])nc([H])n3C([H])([H])[C@@]3([H])N(C(=O)[C:91]([H])([H])[C:92]([H])([H])[S:93]C([H])([H])[H])C([H])([H])C([H])([H])C3([H])[H])sc2n1,0,-0.13697164,-0.12003171,-150.07646240614554,-22.141125866030713,-0.02379585,-0.022873633,-0.023334742,-0.0054762214,-0.008048296,-0.0067622587,-1337504.255424713,5.955102883279324,-1337492.3316820175,-1337498.472690007
S5-25.10,reactant,[H]c1nc(N([H])[H])c2c([H])c(-c3c(-c4c([H])c([H])c([H])c([H])c4[H])nc([H])n3C([H])([H])[C@@]3([H])N(C(=O)[C:91]([H])=[C:92]([H])[H])C([H])([H])C([H])([H])C3([H])[H])sc2n1,0,-0.14910315,-0.28628257,-153.92026981918823,-21.450625260785667,0.046773553,0.040214226,0.04349389,-0.019847423,-0.021933377,-0.0208904,-1062138.6021755987,3.100745039060712,-1062130.819716297,-1062134.0434552508
S5-25.10,intermediate,[H]c1nc(N([H])[H])c2c([H])c(-c3c(-c4c([H])c([H])c([H])c([H])c4[H])nc([H])n3C([H])([H])[C@@]3([H])N(C(=O)[C-:91]([H])[C:92]([H])([H])[S:93]C([H])([H])[H])C([H])([H])C([H])([H])C3([H])[H])sc2n1,-1,-0.47938216,-0.1276235,-77.33396427461507,39.589323921124766,0.0057288706,0.015954882,0.010841876,0.04493022,0.28258485,0.16375753,-1337137.5365835468,4.101340686902404,-1337123.3251119151,-1337128.939113344
S5-25.10,product,[H]c1nc(N([H])[H])c2c([H])c(-c3c(-c4c([H])c([H])c([H])c([H])c4[H])nc([H])n3C([H])([H])[C@@]3([H])N(C(=O)[C:91]([H])([H])[C:92]([H])([H])[S:93]C([H])([H])[H])C([H])([H])C([H])([H])C3([H])[H])sc2n1,0,-0.12740439,-0.115322985,-148.74796826831036,-18.96397811403721,-0.033927254,-0.032625712,-0.033276483,-0.00046019256,-0.0070367903,-0.0037484914,-1337503.1733628446,3.0157627183943987,-1337492.8050941208,-1337498.2674011772
S5-3.1,reactant,[H]c1nc(N([H])[H])c2c(-c3c([H])c([H])c(Oc4c([H])c([H])c([H])c([H])c4[H])c([H])c3[H])nn([C@@]3([H])C([H])([H])N(C(=O)[C:91]([H])=[C:92]([H])[H])C([H])([H])C([H])([H])C3([H])[H])c2n1,0,-0.15217467,-0.2807482,-159.38032339886283,-28.52504585141091,0.0630281,0.041083008,0.052055553,-0.0059797317,-0.015628844,-0.010804288,-908064.6266708005,3.7854426819831133,-908053.4965455574,-908060.9960138152
S5-3.1,intermediate,[H]c1nc(N([H])[H])c2c(-c3c([H])c([H])c(Oc4c([H])c([H])c([H])c([H])c4[H])c([H])c3[H])nn([C@@]3([H])C([H])([H])N(C(=O)[C-:91]([H])[C:92]([H])([H])[S:93]C([H])([H])[H])C([H])([H])C([H])([H])C3([H])[H])c2n1,-1,-0.47359896,-0.12043267,-72.87091419126872,36.212473414655385,0.01192566,0.015965812,0.013945736,0.17190361,0.3604403,0.26617196,-1183057.6565480316,2.3497684244066477,-1183044.0424608123,-1183051.7254359256
S5-3.1,product,[H]c1nc(N([H])[H])c2c(-c3c([H])c([H])c(Oc4c([H])c([H])c([H])c([H])c4[H])c([H])c3[H])nn([C@@]3([H])C([H])([H])N(C(=O)[C:91]([H])([H])[C:92]([H])([H])[S:93]C([H])([H])[H])C([H])([H])C([H])([H])C3([H])[H])c2n1,0,-0.12345308,-0.105989836,-154.0950188946877,-28.613260062423045,-0.03097608,-0.031726725,-0.031351402,0.0010747984,-0.009463534,-0.0041943677,-1183430.4042954321,3.4188604969531298,-1183421.4653706066,-1183427.1005027625
S5-3.2,reactant,[H]c1nc(N([H])[H])c2c(-c3c([H])c([H])c(Oc4c([H])c([H])c([H])c([H])c4[H])c([H])c3[H])nn([C@@]3([H])C([H])([H])N(C(=O)[C:91]([H])=[C:92]([H])[H])C([H])([H])C([H])([H])C3([H])[H])c2n1,0,-0.15081531,-0.28554782,-162.11879413834023,-29.334360904586582,0.048601568,0.037047833,0.0428247,-0.007247284,-0.013407856,-0.01032757,-908064.7520389507,1.8319982271641493,-908055.5645586875,-908061.4051398056
S5-3.2,intermediate,[H]c1nc(N([H])[H])c2c(-c3c([H])c([H])c(Oc4c([H])c([H])c([H])c([H])c4[H])c([H])c3[H])nn([C@@]3([H])C([H])([H])N(C(=O)[C-:91]([H])[C:92]([H])([H])[S:93]C([H])([H])[H])C([H])([H])C([H])([H])C3([H])[H])c2n1,-1,-0.20321548,-0.22087514,-69.02424336438438,45.42415515678555,0.056102484,0.04931356,0.052708022,0.050483584,0.031719,0.04110129,-1183053.6115617603,5.226378323510289,-1183033.33676797,-1183040.7336032072
S5-3.2,product,[H]c1nc(N([H])[H])c2c(-c3c([H])c([H])c(Oc4c([H])c([H])c([H])c([H])c4[H])c([H])c3[H])nn([C@@]3([H])C([H])([H])N(C(=O)[C:91]([H])([H])[C:92]([H])([H])[S:93]C([H])([H])[H])C([H])([H])C([H])([H])C3([H])[H])c2n1,0,-0.12123631,-0.10577203,-155.00907843942062,-29.135429672760257,-0.031276897,-0.032184303,-0.0317306,0.0032878444,-0.0082529485,-0.002482552,-1183429.7169374567,1.9786567464470863,-1183420.0791667372,-1183426.3934751067
S5-3.3,reactant,[H]c1nc(N([H])[H])c2c(-c3c([H])c([H])c(Oc4c([H])c([H])c([H])c([H])c4[H])c([H])c3[H])nn([C@@]3([H])C([H])([H])N(C(=O)[C:91]([H])=[C:92]([H])[H])C([H])([H])C([H])([H])C3([H])[H])c2n1,0,-0.15485452,-0.28470615,-164.00699602971324,-31.51616871393939,0.029723227,0.028555542,0.029139385,0.005919978,0.0014613271,0.0036906525,-908061.9860194533,2.2285477109253407,-908052.3634546124,-908059.0029300957
S5-3.3,intermediate,[H]c1nc(N([H])[H])c2c(-c3c([H])c([H])c(Oc4c([H])c([H])c([H])c([H])c4[H])c([H])c3[H])nn([C@@]3([H])C([H])([H])N(C(=O)[C-:91]([H])[C:92]([H])([H])[S:93]C([H])([H])[H])C([H])([H])C([H])([H])C3([H])[H])c2n1,-1,-0.49268785,-0.10385446,-80.14000083372683,37.14740423373358,0.030886143,0.03025055,0.030568346,0.11403689,0.33650464,0.22527075,-1183057.4007482654,8.59768559038639,-1183040.8100654446,-1183047.4469241884
S5-3.3,product,[H]c1nc(N([H])[H])c2c(-c3c([H])c([H])c(Oc4c([H])c([H])c([H])c([H])c4[H])c([H])c3[H])nn([C@@]3([H])C([H])([H])N(C(=O)[C:91]([H])([H])[C:92]([H])([H])[S:93]C([H])([H])[H])C([H])([H])C([H])([H])C3([H])[H])c2n1,0,-0.12099817,-0.10628649,-155.24151690113703,-29.41681318491012,-0.031250454,-0.032089897,-0.031670175,0.0036729053,-0.008023553,-0.0021753237,-1183429.4919492432,1.9990225248038769,-1183420.104882241,-1183426.1293271326
S5-3.4,reactant,[H]c1nc(N([H])[H])c2c(-c3c([H])c([H])c(Oc4c([H])c([H])c([H])c([H])c4[H])c([H])c3[H])nn([C@@]3([H])C([H])([H])N(C(=O)[C:91]([H])=[C:92]([H])[H])C([H])([H])C([H])([H])C3([H])[H])c2n1,0,-0.15045664,-0.28699094,-162.00982922143922,-30.29245547202712,0.045658827,0.036586553,0.04112269,-0.0044299364,-0.01173161,-0.008080773,-908064.5865334416,1.8046449963003397,-908054.891431232,-908061.3064184209
S5-3.4,intermediate,[H]c1nc(N([H])[H])c2c(-c3c([H])c([H])c(Oc4c([H])c([H])c([H])c([H])c4[H])c([H])c3[H])nn([C@@]3([H])C([H])([H])N(C(=O)[C-:91]([H])[C:92]([H])([H])[S:93]C([H])([H])[H])C([H])([H])C([H])([H])C3([H])[H])c2n1,-1,-0.454124,-0.11494147,-75.12477131134114,50.97511814840256,0.032099225,0.029175162,0.030637193,0.14746776,0.30161563,0.2245417,-1183065.6226904127,4.515782644972205,-1183044.9255407257,-1183052.9427527757
S5-3.4,product,[H]c1nc(N([H])[H])c2c(-c3c([H])c([H])c(Oc4c([H])c([H])c([H])c([H])c4[H])c([H])c3[H])nn([C@@]3([H])C([H])([H])N(C(=O)[C:91]([H])([H])[C:92]([H])([H])[S:93]C([H])([H])[H])C([H])([H])C([H])([H])C3([H])[H])c2n1,0,-0.1278266,-0.12057158,-153.53367001243885,-26.237424944522353,-0.023842104,-0.021834373,-0.022838239,0.00075621903,-0.0059120655,-0.0025779232,-1183429.1567110266,5.705939322710037,-1183416.8128175535,-1183424.6332639565
S5-3.5,reactant,[H]c1nc(N([H])[H])c2c(-c3c([H])c([H])c(Oc4c([H])c([H])c([H])c([H])c4[H])c([H])c3[H])nn([C@@]3([H])C([H])([H])N(C(=O)[C:91]([H])=[C:92]([H])[H])C([H])([H])C([H])([H])C3([H])[H])c2n1,0,-0.16380076,-0.26630145,-158.79473187756622,-23.824897139985417,0.044541925,0.040285096,0.04241351,0.0058381706,-0.0026844293,0.0015768707,-908068.3965474603,3.26171943731606,-908056.3872311547,-908062.9324389703
S5-3.5,intermediate,[H]c1nc(N([H])[H])c2c(-c3c([H])c([H])c(Oc4c([H])c([H])c([H])c([H])c4[H])c([H])c3[H])nn([C@@]3([H])C([H])([H])N(C(=O)[C-:91]([H])[C:92]([H])([H])[S:93]C([H])([H])[H])C([H])([H])C([H])([H])C3([H])[H])c2n1,-1,-0.41900936,-0.10683437,-78.02674499598706,34.89624285235061,0.019667909,0.019699484,0.019683696,0.15629163,0.33536324,0.24582744,-1183055.7041724646,2.720819292590022,-1183045.898763873,-1183051.4898347761
S5-3.5,product,[H]c1nc(N([H])[H])c2c(-c3c([H])c([H])c(Oc4c([H])c([H])c([H])c([H])c4[H])c([H])c3[H])nn([C@@]3([H])C([H])([H])N(C(=O)[C:91]([H])([H])[C:92]([H])([H])[S:93]C([H])([H])[H])C([H])([H])C([H])([H])C3([H])[H])c2n1,0,-0.12021636,-0.104952335,-155.07595290950098,-27.56681396779768,-0.030363888,-0.031283647,-0.030823767,0.0009013191,-0.009823598,-0.0044611394,-1183430.2400124238,4.770934496074915,-1183419.874115167,-1183426.4656403929
S5-3.6,reactant,[H]c1nc(N([H])[H])c2c(-c3c([H])c([H])c(Oc4c([H])c([H])c([H])c([H])c4[H])c([H])c3[H])nn([C@@]3([H])C([H])([H])N(C(=O)[C:91]([H])=[C:92]([H])[H])C([H])([H])C([H])([H])C3([H])[H])c2n1,0,-0.1499427,-0.28663605,-162.45743635521018,-28.312990665973448,0.026328385,0.025073946,0.025701165,0.005220175,-0.0015127808,0.001853697,-908063.1873318909,6.538535561412573,-908053.189108937,-908059.1517150973
S5-3.6,intermediate,[H]c1nc(N([H])[H])c2c(-c3c([H])c([H])c(Oc4c([H])c([H])c([H])c([H])c4[H])c([H])c3[H])nn([C@@]3([H])C([H])([H])N(C(=O)[C-:91]([H])[C:92]([H])([H])[S:93]C([H])([H])[H])C([H])([H])C([H])([H])C3([H])[H])c2n1,-1,-0.42327425,-0.097882025,-79.05018889131034,37.57241833480261,0.030371435,0.030449145,0.03041029,0.08360538,0.27343178,0.1785186,-1183055.0436693428,6.57788472995162,-1183041.8345064563,-1183048.2626797124
S5-3.6,product,[H]c1nc(N([H])[H])c2c(-c3c([H])c([H])c(Oc4c([H])c([H])c([H])c([H])c4[H])c([H])c3[H])nn([C@@]3([H])C([H])([H])N(C(=O)[C:91]([H])([H])[C:92]([H])([H])[S:93]C([H])([H])[H])C([H])([H])C([H])([H])C3([H])[H])c2n1,0,-0.12316671,-0.11240136,-156.59063198768624,-29.643296965101182,-0.036471598,-0.036983497,-0.036727548,0.010990873,2.348423e-05,0.0055071786,-1183430.0326088385,1.4228264316916466,-1183421.0164781157,-1183426.9170059492
S5-3.7,reactant,[H]c1nc(N([H])[H])c2c(-c3c([H])c([H])c(Oc4c([H])c([H])c([H])c([H])c4[H])c([H])c3[H])nn([C@@]3([H])C([H])([H])N(C(=O)[C:91]([H])=[C:92]([H])[H])C([H])([H])C([H])([H])C3([H])[H])c2n1,0,-0.15094897,-0.28867847,-162.81941227868012,-30.239781290335237,0.026387721,0.02574259,0.026065156,0.0077116787,2.1234155e-05,0.0038664564,-908062.372642392,2.568672491237521,-908054.0343543879,-908059.0217980165
S5-3.7,intermediate,[H]c1nc(N([H])[H])c2c(-c3c([H])c([H])c(Oc4c([H])c([H])c([H])c([H])c4[H])c([H])c3[H])nn([C@@]3([H])C([H])([H])N(C(=O)[C-:91]([H])[C:92]([H])([H])[S:93]C([H])([H])[H])C([H])([H])C([H])([H])C3([H])[H])c2n1,-1,-0.41501477,-0.10146102,-79.09576634739582,37.803055706353696,0.010857157,0.016900048,0.013878603,0.11709157,0.30639473,0.21174315,-1183057.670787402,4.335063898935914,-1183046.0964124885,-1183052.2433216334
S5-3.7,product,[H]c1nc(N([H])[H])c2c(-c3c([H])c([H])c(Oc4c([H])c([H])c([H])c([H])c4[H])c([H])c3[H])nn([C@@]3([H])C([H])([H])N(C(=O)[C:91]([H])([H])[C:92]([H])([H])[S:93]C([H])([H])[H])C([H])([H])C([H])([H])C3([H])[H])c2n1,0,-0.13761646,-0.11385439,-156.58856515355424,-27.66795427194933,-0.02516462,-0.02410242,-0.02463352,-0.0008303076,-0.007277265,-0.0040537864,-1183430.800721208,1.9503756947815418,-1183421.6738550526,-1183427.1870931047
S5-3.8,reactant,[H]c1nc(N([H])[H])c2c(-c3c([H])c([H])c(Oc4c([H])c([H])c([H])c([H])c4[H])c([H])c3[H])nn([C@@]3([H])C([H])([H])N(C(=O)[C:91]([H])=[C:92]([H])[H])C([H])([H])C([H])([H])C3([H])[H])c2n1,0,-0.1606294,-0.27686477,-161.80439857684914,-28.57563856437117,0.026211202,0.024719805,0.025465503,0.008654088,0.004461661,0.0065578744,-908061.6201954425,1.5322836842387915,-908051.5775639475,-908058.409500929
S5-3.8,intermediate,[H]c1nc(N([H])[H])c2c(-c3c([H])c([H])c(Oc4c([H])c([H])c([H])c([H])c4[H])c([H])c3[H])nn([C@@]3([H])C([H])([H])N(C(=O)[C-:91]([H])[C:92]([H])([H])[S:93]C([H])([H])[H])C([H])([H])C([H])([H])C3([H])[H])c2n1,-1,-0.4721276,-0.10138189,-79.98210687819235,36.68404499618654,0.039956518,0.03293898,0.03644775,0.14414659,0.3397625,0.24195455,-1183057.1263397723,5.567607963457704,-1183042.8455274447,-1183050.70190595
S5-3.8,product,[H]c1nc(N([H])[H])c2c(-c3c([H])c([H])c(Oc4c([H])c([H])c([H])c([H])c4[H])c([H])c3[H])nn([C@@]3([H])C([H])([H])N(C(=O)[C:91]([H])([H])[C:92]([H])([H])[S:93]C([H])([H])[H])C([H])([H])C([H])([H])C3([H])[H])c2n1,0,-0.13604794,-0.11142995,-157.15491978717648,-28.460377495588723,-0.025814094,-0.025234811,-0.025524452,0.001197964,-0.0038342476,-0.0013181418,-1183430.3613059022,3.7122080009430647,-1183419.1563707325,-1183426.938104023
S5-3.9,reactant,[H]c1nc(N([H])[H])c2c(-c3c([H])c([H])c(Oc4c([H])c([H])c([H])c([H])c4[H])c([H])c3[H])nn([C@@]3([H])C([H])([H])N(C(=O)[C:91]([H])=[C:92]([H])[H])C([H])([H])C([H])([H])C3([H])[H])c2n1,0,-0.15123545,-0.28081283,-159.520397887455,-28.785895142060394,0.06265113,0.040982425,0.051816776,-0.0059915483,-0.016156748,-0.011074148,-908064.456462991,3.7243651300668716,-908053.7948975108,-908060.3978844587
S5-3.9,intermediate,[H]c1nc(N([H])[H])c2c(-c3c([H])c([H])c(Oc4c([H])c([H])c([H])c([H])c4[H])c([H])c3[H])nn([C@@]3([H])C([H])([H])N(C(=O)[C-:91]([H])[C:92]([H])([H])[S:93]C([H])([H])[H])C([H])([H])C([H])([H])C3([H])[H])c2n1,-1,-0.449845,-0.12252828,-80.84824654330212,38.222279725335646,0.015657373,0.018539816,0.017098594,0.11693969,0.33146206,0.22420087,-1183062.6046167586,4.81343718059361,-1183048.1099745776,-1183055.7369090896
S5-3.9,product,[H]c1nc(N([H])[H])c2c(-c3c([H])c([H])c(Oc4c([H])c([H])c([H])c([H])c4[H])c([H])c3[H])nn([C@@]3([H])C([H])([H])N(C(=O)[C:91]([H])([H])[C:92]([H])([H])[S:93]C([H])([H])[H])C([H])([H])C([H])([H])C3([H])[H])c2n1,0,-0.12559672,-0.10569231,-154.56353036433788,-29.27685660433463,-0.030949712,-0.031737402,-0.031343557,0.0016056448,-0.009028435,-0.003711395,-1183429.8181364,1.699804613366723,-1183420.7051289205,-1183426.8819911531
S5-3.10,reactant,[H]c1nc(N([H])[H])c2c(-c3c([H])c([H])c(Oc4c([H])c([H])c([H])c([H])c4[H])c([H])c3[H])nn([C@@]3([H])C([H])([H])N(C(=O)[C:91]([H])=[C:92]([H])[H])C([H])([H])C([H])([H])C3([H])[H])c2n1,0,-0.14438176,-0.2867646,-162.95645061142937,-27.969047628858767,0.0333983,0.033506036,0.033452168,0.012366161,0.0030173212,0.007691741,-908062.6921771012,5.085132457315922,-908051.193322521,-908056.7578166643
S5-3.10,intermediate,[H]c1nc(N([H])[H])c2c(-c3c([H])c([H])c(Oc4c([H])c([H])c([H])c([H])c4[H])c([H])c3[H])nn([C@@]3([H])C([H])([H])N(C(=O)[C-:91]([H])[C:92]([H])([H])[S:93]C([H])([H])[H])C([H])([H])C([H])([H])C3([H])[H])c2n1,-1,-0.46995142,-0.097771324,-80.20783678681843,36.143284304142114,0.027480416,0.024424255,0.025952335,0.12363818,0.33034953,0.22699386,-1183063.042801193,2.5289268251508474,-1183048.3956048863,-1183057.0760347012
S5-3.10,product,[H]c1nc(N([H])[H])c2c(-c3c([H])c([H])c(Oc4c([H])c([H])c([H])c([H])c4[H])c([H])c3[H])nn([C@@]3([H])C([H])([H])N(C(=O)[C:91]([H])([H])[C:92]([H])([H])[S:93]C([H])([H])[H])C([H])([H])C([H])([H])C3([H])[H])c2n1,0,-0.119083084,-0.11259494,-155.01263073717791,-28.87436492458218,-0.031333484,-0.031589873,-0.03146168,0.0013904572,-0.010817118,-0.0047133304,-1183432.6259692863,2.7515299264341593,-1183422.5132288514,-1183429.329368409
S5-28.1,reactant,[H]c1nc(N([H])[H])c(-n2nnc3c([H])c([H])c([H])c([H])c32)nc1-c1c([H])nn(C2([H])C([H])([H])C([H])([H])N(C(=O)[C:91]([H])=[C:92]([H])[H])C([H])([H])C2([H])[H])c1[H],0,-0.15322074,-0.28475413,-160.62185672349776,-28.71924059668488,0.04692778,0.038241625,0.042584702,-0.021219358,-0.02096498,-0.021092169,-867094.3345348666,8.294641682878137,-867079.014941035,-867085.6729273725
S5-28.1,intermediate,[H]c1nc(N([H])[H])c(-n2nnc3c([H])c([H])c([H])c([H])c32)nc1-c1c([H])nn(C2([H])C([H])([H])C([H])([H])N(C(=O)[C-:91]([H])[C:92]([H])([H])[S:93]C([H])([H])[H])C([H])([H])C2([H])[H])c1[H],-1,-0.50864494,-0.11369336,-79.8088557292433,28.607777314982084,0.0067679808,0.012503602,0.009635791,0.08586401,0.3279919,0.20692796,-1142093.830389758,7.320192493498325,-1142074.0109523837,-1142080.1197638276
S5-28.1,product,[H]c1nc(N([H])[H])c(-n2nnc3c([H])c([H])c([H])c([H])c32)nc1-c1c([H])nn(C2([H])C([H])([H])C([H])([H])N(C(=O)[C:91]([H])([H])[C:92]([H])([H])[S:93]C([H])([H])[H])C([H])([H])C2([H])[H])c1[H],0,-0.12957035,-0.106679335,-156.14117506122653,-28.6244210959322,-0.0341248,-0.034414336,-0.034269568,-0.007047184,-0.012539864,-0.009793524,-1142460.1887343237,7.5833070911467075,-1142446.883634233,-1142452.1933174087
S5-28.2,reactant,[H]c1nc(N([H])[H])c(-n2nnc3c([H])c([H])c([H])c([H])c32)nc1-c1c([H])nn(C2([H])C([H])([H])C([H])([H])N(C(=O)[C:91]([H])=[C:92]([H])[H])C([H])([H])C2([H])[H])c1[H],0,-0.15481433,-0.28423935,-159.89557523188932,-28.454845807366013,0.047189206,0.038632184,0.042910695,-0.023140237,-0.021945626,-0.022542931,-867093.8242558807,6.19261771813035,-867083.3791026497,-867088.7977714024
S5-28.2,intermediate,[H]c1nc(N([H])[H])c(-n2nnc3c([H])c([H])c([H])c([H])c32)nc1-c1c([H])nn(C2([H])C([H])([H])C([H])([H])N(C(=O)[C-:91]([H])[C:92]([H])([H])[S:93]C([H])([H])[H])C([H])([H])C2([H])[H])c1[H],-1,-0.44395712,-0.12742256,-73.87401893861173,33.95527055003573,0.0010713488,0.010309398,0.0056903735,0.100804955,0.29590708,0.198356,-1142089.1558999687,3.576556883752346,-1142077.6894735617,-1142083.3911296683
S5-28.2,product,[H]c1nc(N([H])[H])c(-n2nnc3c([H])c([H])c([H])c([H])c32)nc1-c1c([H])nn(C2([H])C([H])([H])C([H])([H])N(C(=O)[C:91]([H])([H])[C:92]([H])([H])[S:93]C([H])([H])[H])C([H])([H])C2([H])[H])c1[H],0,-0.1244265,-0.11335612,-156.3423608403676,-28.70276027706996,-0.032920472,-0.032537527,-0.032729,-0.007179655,-0.014139101,-0.010659378,-1142463.0755855637,2.9340580739080906,-1142454.1546226703,-1142459.3747274715
S5-28.3,reactant,[H]c1nc(N([H])[H])c(-n2nnc3c([H])c([H])c([H])c([H])c32)nc1-c1c([H])nn(C2([H])C([H])([H])C([H])([H])N(C(=O)[C:91]([H])=[C:92]([H])[H])C([H])([H])C2([H])[H])c1[H],0,-0.1458769,-0.28492504,-163.9688009186452,-29.566052029896067,0.0450598,0.03774984,0.04140482,-0.020774603,-0.022556826,-0.021665715,-867094.2379459281,3.634065417572856,-867083.5992365443,-867088.0024180348
S5-28.3,intermediate,[H]c1nc(N([H])[H])c(-n2nnc3c([H])c([H])c([H])c([H])c32)nc1-c1c([H])nn(C2([H])C([H])([H])C([H])([H])N(C(=O)[C-:91]([H])[C:92]([H])([H])[S:93]C([H])([H])[H])C([H])([H])C2([H])[H])c1[H],-1,-0.4959239,-0.13637663,-78.11438365016403,29.641166692166895,0.0027955472,0.012925878,0.007860713,0.08011952,0.3135022,0.19681084,-1142094.1944524616,5.705144312232733,-1142081.1047665088,-1142087.6528384478
S5-28.3,product,[H]c1nc(N([H])[H])c(-n2nnc3c([H])c([H])c([H])c([H])c32)nc1-c1c([H])nn(C2([H])C([H])([H])C([H])([H])N(C(=O)[C:91]([H])([H])[C:92]([H])([H])[S:93]C([H])([H])[H])C([H])([H])C2([H])[H])c1[H],0,-0.14059526,-0.11184447,-156.22286412404966,-27.58834997941385,-0.027439512,-0.02495157,-0.026195541,0.0020153224,-0.0022736639,-0.00012917072,-1142458.6183939008,11.23073055036366,-1142442.9120028655,-1142448.8815423078
S5-28.4,reactant,[H]c1nc(N([H])[H])c(-n2nnc3c([H])c([H])c([H])c([H])c32)nc1-c1c([H])nn(C2([H])C([H])([H])C([H])([H])N(C(=O)[C:91]([H])=[C:92]([H])[H])C([H])([H])C2([H])[H])c1[H],0,-0.14748418,-0.2866055,-159.88717145973786,-28.88017688063138,0.040844947,0.036679715,0.03876233,-0.017406777,-0.019485205,-0.018445991,-867094.3101048672,9.529094455763698,-867080.0748341025,-867085.9184592805
S5-28.4,intermediate,[H]c1nc(N([H])[H])c(-n2nnc3c([H])c([H])c([H])c([H])c32)nc1-c1c([H])nn(C2([H])C([H])([H])C([H])([H])N(C(=O)[C-:91]([H])[C:92]([H])([H])[S:93]C([H])([H])[H])C([H])([H])C2([H])[H])c1[H],-1,-0.4804444,-0.120815,-79.4201875010915,27.620970610556302,0.005633898,0.012661099,0.009147499,0.080506414,0.30505645,0.19278143,-1142092.654676826,5.805008798837662,-1142079.408177985,-1142084.4592852937
S5-28.4,product,[H]c1nc(N([H])[H])c(-n2nnc3c([H])c([H])c([H])c([H])c32)nc1-c1c([H])nn(C2([H])C([H])([H])C([H])([H])N(C(=O)[C:91]([H])([H])[C:92]([H])([H])[S:93]C([H])([H])[H])C([H])([H])C2([H])[H])c1[H],0,-0.122330405,-0.1132576,-156.57091083018534,-28.324808180766098,-0.032643847,-0.032154784,-0.032399315,-0.005747229,-0.012999497,-0.009373363,-1142461.7987477586,8.412609606981277,-1142447.6786703065,-1142452.8622502245
S5-28.5,reactant,[H]c1nc(N([H])[H])c(-n2nnc3c([H])c([H])c([H])c([H])c32)nc1-c1c([H])nn(C2([H])C([H])([H])C([H])([H])N(C(=O)[C:91]([H])=[C:92]([H])[H])C([H])([H])C2([H])[H])c1[H],0,-0.15637507,-0.2836051,-159.94485694573274,-28.636668213347658,0.048316777,0.039197236,0.043757007,-0.024107754,-0.022482187,-0.02329497,-867093.7481482371,8.094537327066064,-867080.9902567914,-867084.8614208413
S5-28.5,intermediate,[H]c1nc(N([H])[H])c(-n2nnc3c([H])c([H])c([H])c([H])c32)nc1-c1c([H])nn(C2([H])C([H])([H])C([H])([H])N(C(=O)[C-:91]([H])[C:92]([H])([H])[S:93]C([H])([H])[H])C([H])([H])C2([H])[H])c1[H],-1,-0.46313962,-0.114858285,-81.79413024785858,30.525632167003653,0.008794509,0.013500638,0.011147574,0.081543654,0.30467469,0.19310915,-1142095.0743094701,5.525885431095958,-1142080.2734307246,-1142086.4156085872
S5-28.5,product,[H]c1nc(N([H])[H])c(-n2nnc3c([H])c([H])c([H])c([H])c32)nc1-c1c([H])nn(C2([H])C([H])([H])C([H])([H])N(C(=O)[C:91]([H])([H])[C:92]([H])([H])[S:93]C([H])([H])[H])C([H])([H])C2([H])[H])c1[H],0,-0.13780418,-0.12231952,-155.58888132294555,-27.576873410976678,-0.02959995,-0.02735062,-0.028475285,-0.0007633865,-0.0038863271,-0.0023248568,-1142459.3018299902,5.671087725088,-1142449.4212289825,-1142454.3411419294
S5-28.6,reactant,[H]c1nc(N([H])[H])c(-n2nnc3c([H])c([H])c([H])c([H])c32)nc1-c1c([H])nn(C2([H])C([H])([H])C([H])([H])N(C(=O)[C:91]([H])=[C:92]([H])[H])C([H])([H])C2([H])[H])c1[H],0,-0.15039366,-0.2831513,-163.39299016483733,-29.71800581434201,0.047995865,0.039390087,0.043692976,-0.01531294,-0.020211816,-0.017762378,-867093.8169559492,4.74906213581562,-867082.3553449876,-867086.3505129775
S5-28.6,intermediate,[H]c1nc(N([H])[H])c(-n2nnc3c([H])c([H])c([H])c([H])c32)nc1-c1c([H])nn(C2([H])C([H])([H])C([H])([H])N(C(=O)[C-:91]([H])[C:92]([H])([H])[S:93]C([H])([H])[H])C([H])([H])C2([H])[H])c1[H],-1,-0.4980558,-0.11911979,-78.78571683061413,27.306333915508134,0.0057015195,0.013470545,0.0095860325,0.06791994,0.30278596,0.18535295,-1142093.2834279519,8.073007112368941,-1142073.923516983,-1142081.12324424
S5-28.6,product,[H]c1nc(N([H])[H])c(-n2nnc3c([H])c([H])c([H])c([H])c32)nc1-c1c([H])nn(C2([H])C([H])([H])C([H])([H])N(C(=O)[C:91]([H])([H])[C:92]([H])([H])[S:93]C([H])([H])[H])C([H])([H])C2([H])[H])c1[H],0,-0.13469137,-0.11641758,-159.4297373430699,-29.033572006276522,-0.027142577,-0.025476582,-0.02630958,-0.0016507655,-0.0068751723,-0.004262969,-1142459.419223916,3.6660694889724255,-1142446.976524472,-1142452.8612141311
S5-28.7,reactant,[H]c1nc(N([H])[H])c(-n2nnc3c([H])c([H])c([H])c([H])c32)nc1-c1c([H])nn(C2([H])C([H])([H])C([H])([H])N(C(=O)[C:91]([H])=[C:92]([H])[H])C([H])([H])C2([H])[H])c1[H],0,-0.1562342,-0.28744066,-162.51597123708595,-30.17510071991354,0.026158392,0.026929468,0.02654393,-0.00042584538,-0.0010928363,-0.0007593408,-867093.1999707116,2.982069170102477,-867084.8614600516,-867089.5402032691
S5-28.7,intermediate,[H]c1nc(N([H])[H])c(-n2nnc3c([H])c([H])c([H])c([H])c32)nc1-c1c([H])nn(C2([H])C([H])([H])C([H])([H])N(C(=O)[C-:91]([H])[C:92]([H])([H])[S:93]C([H])([H])[H])C([H])([H])C2([H])[H])c1[H],-1,-0.5008615,-0.11875842,-78.9198360054574,29.038925540845483,0.0076956674,0.014867336,0.0112815015,0.06471318,0.2995062,0.18210968,-1142092.6094544993,3.9628209844231606,-1142079.2575724097,-1142084.7716333666
S5-28.7,product,[H]c1nc(N([H])[H])c(-n2nnc3c([H])c([H])c([H])c([H])c32)nc1-c1c([H])nn(C2([H])C([H])([H])C([H])([H])N(C(=O)[C:91]([H])([H])[C:92]([H])([H])[S:93]C([H])([H])[H])C([H])([H])C2([H])[H])c1[H],0,-0.12409661,-0.11303348,-155.25330303764068,-28.70445643775492,-0.033470564,-0.033097364,-0.033283964,-0.006935291,-0.013966076,-0.0104506835,-1142462.5414476898,3.2130589466542006,-1142453.0714887246,-1142458.7560298883
S5-28.8,reactant,[H]c1nc(N([H])[H])c(-n2nnc3c([H])c([H])c([H])c([H])c32)nc1-c1c([H])nn(C2([H])C([H])([H])C([H])([H])N(C(=O)[C:91]([H])=[C:92]([H])[H])C([H])([H])C2([H])[H])c1[H],0,-0.15118985,-0.28654397,-160.36746857880433,-29.03445624274297,0.042241007,0.037334725,0.039787866,-0.01956217,-0.019993648,-0.019777909,-867094.3601123459,3.16896515712142,-867084.2180565378,-867090.0349669246
S5-28.8,intermediate,[H]c1nc(N([H])[H])c(-n2nnc3c([H])c([H])c([H])c([H])c32)nc1-c1c([H])nn(C2([H])C([H])([H])C([H])([H])N(C(=O)[C-:91]([H])[C:92]([H])([H])[S:93]C([H])([H])[H])C([H])([H])C2([H])[H])c1[H],-1,-0.51137775,-0.115495,-77.13038229098656,28.291097218007216,0.0067706555,0.013556346,0.010163501,0.08708042,0.31572568,0.20140305,-1142092.9112928864,3.3737367149442434,-1142076.5692866566,-1142084.4434168013
S5-28.8,product,[H]c1nc(N([H])[H])c(-n2nnc3c([H])c([H])c([H])c([H])c32)nc1-c1c([H])nn(C2([H])C([H])([H])C([H])([H])N(C(=O)[C:91]([H])([H])[C:92]([H])([H])[S:93]C([H])([H])[H])C([H])([H])C2([H])[H])c1[H],0,-0.13103847,-0.115241975,-155.2528162075436,-28.28538432608831,-0.026357464,-0.023721173,-0.025039319,0.00028005242,-0.0057964623,-0.002758205,-1142460.9568158577,8.203565770760179,-1142445.1279985625,-1142452.0693465741
S5-28.9,reactant,[H]c1nc(N([H])[H])c(-n2nnc3c([H])c([H])c([H])c([H])c32)nc1-c1c([H])nn(C2([H])C([H])([H])C([H])([H])N(C(=O)[C:91]([H])=[C:92]([H])[H])C([H])([H])C2([H])[H])c1[H],0,-0.14589232,-0.2850433,-159.56796548113533,-28.168507266360734,0.044323742,0.038503155,0.04141345,-0.023884222,-0.023987085,-0.023935653,-867096.3508346211,3.5777087062597275,-867087.4578740959,-867091.5497504284
S5-28.9,intermediate,[H]c1nc(N([H])[H])c(-n2nnc3c([H])c([H])c([H])c([H])c32)nc1-c1c([H])nn(C2([H])C([H])([H])C([H])([H])N(C(=O)[C-:91]([H])[C:92]([H])([H])[S:93]C([H])([H])[H])C([H])([H])C2([H])[H])c1[H],-1,-0.46823913,-0.119933575,-81.68536770877391,30.361415667106392,0.007521674,0.014567055,0.011044364,0.060450673,0.28552708,0.17298888,-1142098.8557141677,9.476864501833916,-1142079.5476217445,-1142085.415051501
S5-28.9,product,[H]c1nc(N([H])[H])c(-n2nnc3c([H])c([H])c([H])c([H])c32)nc1-c1c([H])nn(C2([H])C([H])([H])C([H])([H])N(C(=O)[C:91]([H])([H])[C:92]([H])([H])[S:93]C([H])([H])[H])C([H])([H])C2([H])[H])c1[H],0,-0.12963286,-0.10867901,-156.54931509961727,-28.935200139812586,-0.035142608,-0.035194352,-0.03516848,-0.006174445,-0.011431426,-0.0088029355,-1142460.4993705605,5.233084198087454,-1142450.7478039302,-1142456.2305633633
S5-28.10,reactant,[H]c1nc(N([H])[H])c(-n2nnc3c([H])c([H])c([H])c([H])c32)nc1-c1c([H])nn(C2([H])C([H])([H])C([H])([H])N(C(=O)[C:91]([H])=[C:92]([H])[H])C([H])([H])C2([H])[H])c1[H],0,-0.15034091,-0.28343883,-160.66592563845558,-28.934296253911615,0.046574026,0.038393542,0.042483784,-0.021632195,-0.02271311,-0.022172652,-867092.6673227875,4.374618338420987,-867083.656387758,-867088.2987403433
S5-28.10,intermediate,[H]c1nc(N([H])[H])c(-n2nnc3c([H])c([H])c([H])c([H])c32)nc1-c1c([H])nn(C2([H])C([H])([H])C([H])([H])N(C(=O)[C-:91]([H])[C:92]([H])([H])[S:93]C([H])([H])[H])C([H])([H])C2([H])[H])c1[H],-1,-0.5159086,-0.12041737,-73.809843009441,29.099346047955656,0.0063561797,0.01451683,0.010436505,0.07522398,0.3126521,0.19393805,-1142090.6617036767,4.334430450573564,-1142076.3665184851,-1142082.4728758512
S5-28.10,product,[H]c1nc(N([H])[H])c(-n2nnc3c([H])c([H])c([H])c([H])c32)nc1-c1c([H])nn(C2([H])C([H])([H])C([H])([H])N(C(=O)[C:91]([H])([H])[C:92]([H])([H])[S:93]C([H])([H])[H])C([H])([H])C2([H])[H])c1[H],0,-0.1294657,-0.106707305,-156.99250373817392,-29.309719996909134,-0.03234896,-0.032393172,-0.032371067,-0.0062985495,-0.01196596,-0.009132255,-1142458.040686072,7.466745026409626,-1142444.1228936121,-1142449.7475756684
S5-29.1,reactant,[H]Oc1c([H])c(Cl)c(I)c([H])c1N([H])C([H])([H])C(=O)N1C([H])([H])C([H])([H])N(C(=O)[C:91]([H])=[C:92]([H])[H])C([H])([H])C1([H])[H],0,-0.14604829,-0.27920204,-176.01094802981427,-21.984336047002778,0.08833861,0.05233696,0.07033779,0.016472057,-0.01546666,0.0005026981,-1085900.2965365967,2.208233879879117,-1085893.8479055278,-1085897.0772429681
S5-29.1,intermediate,[H]Oc1c([H])c(Cl)c(I)c([H])c1N([H])C([H])([H])C(=O)N1C([H])([H])C([H])([H])N(C(=O)[C-:91]([H])[C:92]([H])([H])[S:93]C([H])([H])[H])C([H])([H])C1([H])[H],-1,-0.52508146,-0.11879337,-77.32595214734341,53.37766948994213,0.00793235,0.016704366,0.012318358,0.03741902,0.3693685,0.20339376,-1360896.7340782117,5.358275890350342,-1360885.1060194978,-1360888.8536386786
S5-29.1,product,[H]Oc1c([H])c(Cl)c(I)c([H])c1N([H])C([H])([H])C(=O)N1C([H])([H])C([H])([H])N(C(=O)[C:91]([H])([H])[C:92]([H])([H])[S:93]C([H])([H])[H])C([H])([H])C1([H])[H],0,-0.13486607,-0.11386183,-169.3319781471311,-17.975562844272993,-0.027375087,-0.027380869,-0.027377978,0.01419197,0.0010505766,0.0076212734,-1361262.8504524268,3.9102530013769865,-1361253.2912243463,-1361257.3892191495
S5-29.2,reactant,[H]Oc1c([H])c(Cl)c(I)c([H])c1N([H])C([H])([H])C(=O)N1C([H])([H])C([H])([H])N(C(=O)[C:91]([H])=[C:92]([H])[H])C([H])([H])C1([H])[H],0,-0.14617483,-0.28194076,-179.6512068566731,-21.160753157015368,0.047569633,0.0381992,0.042884417,0.026365548,0.005736977,0.016051263,-1085895.981022217,3.712948888540268,-1085887.8173969346,-1085890.6035424704
S5-29.2,intermediate,[H]Oc1c([H])c(Cl)c(I)c([H])c1N([H])C([H])([H])C(=O)N1C([H])([H])C([H])([H])N(C(=O)[C-:91]([H])[C:92]([H])([H])[S:93]C([H])([H])[H])C([H])([H])C1([H])[H],-1,-0.51186043,-0.118118115,-78.96805616593721,50.47745672812403,0.011164971,0.01805336,0.0146091655,0.050087214,0.39360985,0.22184853,-1360900.6729409297,2.4181058537214994,-1360891.2337497508,-1360894.613554728
S5-29.2,product,[H]Oc1c([H])c(Cl)c(I)c([H])c1N([H])C([H])([H])C(=O)N1C([H])([H])C([H])([H])N(C(=O)[C:91]([H])([H])[C:92]([H])([H])[S:93]C([H])([H])[H])C([H])([H])C1([H])[H],0,-0.1290966,-0.12147324,-163.90520507841967,-14.72033264491588,-0.03027983,-0.026877046,-0.028578438,0.001788944,-0.0040308535,-0.0011209548,-1361258.3785304558,2.6859922241419554,-1361250.011227738,-1361254.8345306243
S5-29.3,reactant,[H]Oc1c([H])c(Cl)c(I)c([H])c1N([H])C([H])([H])C(=O)N1C([H])([H])C([H])([H])N(C(=O)[C:91]([H])=[C:92]([H])[H])C([H])([H])C1([H])[H],0,-0.14782041,-0.28315982,-176.0171983268629,-20.11904081014585,0.045360953,0.036590546,0.04097575,0.023435757,0.0045797676,0.014007762,-1085894.7314669373,2.1715818122029305,-1085889.1873912017,-1085891.6403103345
S5-29.3,intermediate,[H]Oc1c([H])c(Cl)c(I)c([H])c1N([H])C([H])([H])C(=O)N1C([H])([H])C([H])([H])N(C(=O)[C-:91]([H])[C:92]([H])([H])[S:93]C([H])([H])[H])C([H])([H])C1([H])[H],-1,-0.4911252,-0.116283655,-82.03184214856623,50.73387273912527,0.009979263,0.016516276,0.013247769,0.05975184,0.35291958,0.20633572,-1360900.4615485095,4.155014352872968,-1360890.2241501142,-1360894.0556057678
S5-29.3,product,[H]Oc1c([H])c(Cl)c(I)c([H])c1N([H])C([H])([H])C(=O)N1C([H])([H])C([H])([H])N(C(=O)[C:91]([H])([H])[C:92]([H])([H])[S:93]C([H])([H])[H])C([H])([H])C1([H])[H],0,-0.13166633,-0.11123891,-168.64978483870163,-18.63788319745149,-0.030841745,-0.028706,-0.029773872,0.012714848,0.0021938384,0.007454343,-1361260.3051348038,3.8793056681752205,-1361250.824027909,-1361254.5889275076
S5-29.4,reactant,[H]Oc1c([H])c(Cl)c(I)c([H])c1N([H])C([H])([H])C(=O)N1C([H])([H])C([H])([H])N(C(=O)[C:91]([H])=[C:92]([H])[H])C([H])([H])C1([H])[H],0,-0.15048662,-0.28591907,-173.57217861763937,-15.770121711231111,0.039072245,0.034802377,0.03693731,0.009681627,0.00078751147,0.0052345693,-1085893.118544566,3.100917724892497,-1085885.4333519368,-1085889.8510663856
S5-29.4,intermediate,[H]Oc1c([H])c(Cl)c(I)c([H])c1N([H])C([H])([H])C(=O)N1C([H])([H])C([H])([H])N(C(=O)[C-:91]([H])[C:92]([H])([H])[S:93]C([H])([H])[H])C([H])([H])C1([H])[H],-1,-0.51406497,-0.11790755,-78.99617493745019,50.19533526661062,0.011321135,0.017844714,0.014582925,0.052111626,0.39251828,0.22231495,-1360900.517709052,2.769870100542903,-1360890.3591921125,-1360894.2276394158
S5-29.4,product,[H]Oc1c([H])c(Cl)c(I)c([H])c1N([H])C([H])([H])C(=O)N1C([H])([H])C([H])([H])N(C(=O)[C:91]([H])([H])[C:92]([H])([H])[S:93]C([H])([H])[H])C([H])([H])C1([H])[H],0,-0.13042787,-0.12422973,-166.2218110301182,-17.7858628165828,-0.028390646,-0.024226382,-0.026308514,0.008386061,0.0016713291,0.005028695,-1361258.933385246,2.0777569618076086,-1361250.8165251256,-1361254.1576184204
S5-29.5,reactant,[H]Oc1c([H])c(Cl)c(I)c([H])c1N([H])C([H])([H])C(=O)N1C([H])([H])C([H])([H])N(C(=O)[C:91]([H])=[C:92]([H])[H])C([H])([H])C1([H])[H],0,-0.14173204,-0.2781018,-178.22328640699521,-21.28511887129351,0.08752337,0.05226524,0.06989431,0.023957983,-0.018383905,0.0027870387,-1085898.4007620495,3.5006102602928877,-1085888.008319032,-1085892.10849345
S5-29.5,intermediate,[H]Oc1c([H])c(Cl)c(I)c([H])c1N([H])C([H])([H])C(=O)N1C([H])([H])C([H])([H])N(C(=O)[C-:91]([H])[C:92]([H])([H])[S:93]C([H])([H])[H])C([H])([H])C1([H])[H],-1,-0.49262053,-0.13081405,-79.78661201230864,51.20643412704841,0.015353769,0.023036577,0.019195173,0.06598842,0.39312503,0.22955672,-1360891.0099998799,5.601691421121359,-1360881.2828133204,-1360884.7342277677
S5-29.5,product,[H]Oc1c([H])c(Cl)c(I)c([H])c1N([H])C([H])([H])C(=O)N1C([H])([H])C([H])([H])N(C(=O)[C:91]([H])([H])[C:92]([H])([H])[S:93]C([H])([H])[H])C([H])([H])C1([H])[H],0,-0.12845396,-0.122425914,-168.19917766586556,-18.114266126366832,-0.027333252,-0.024934381,-0.026133817,0.013196573,0.00050240755,0.00684949,-1361262.9545051171,3.398492181673646,-1361252.9845629565,-1361257.6771008314
S5-29.6,reactant,[H]Oc1c([H])c(Cl)c(I)c([H])c1N([H])C([H])([H])C(=O)N1C([H])([H])C([H])([H])N(C(=O)[C:91]([H])=[C:92]([H])[H])C([H])([H])C1([H])[H],0,-0.14691101,-0.28002825,-177.8406951858966,-20.75022446826916,0.09349382,0.05480154,0.07414768,0.022763908,-0.013096869,0.0048335195,-1085898.602103258,3.3861046954989433,-1085890.0335288288,-1085893.6816336764
S5-29.6,intermediate,[H]Oc1c([H])c(Cl)c(I)c([H])c1N([H])C([H])([H])C(=O)N1C([H])([H])C([H])([H])N(C(=O)[C-:91]([H])[C:92]([H])([H])[S:93]C([H])([H])[H])C([H])([H])C1([H])[H],-1,-0.50432265,-0.11322896,-80.98129802325337,50.98559021846477,0.017762288,0.018021487,0.017891888,0.10517758,0.41802078,0.26159918,-1360901.624730672,5.858502177521586,-1360889.391741659,-1360892.8245361305
S5-29.6,product,[H]Oc1c([H])c(Cl)c(I)c([H])c1N([H])C([H])([H])C(=O)N1C([H])([H])C([H])([H])N(C(=O)[C:91]([H])([H])[C:92]([H])([H])[S:93]C([H])([H])[H])C([H])([H])C1([H])[H],0,-0.13260786,-0.12281789,-167.96707073091045,-18.999069460267783,-0.025842443,-0.023768842,-0.024805643,0.011839569,0.0014922172,0.006665893,-1361263.6186222325,4.508883312344551,-1361252.8331245156,-1361257.4789195813
S5-29.7,reactant,[H]Oc1c([H])c(Cl)c(I)c([H])c1N([H])C([H])([H])C(=O)N1C([H])([H])C([H])([H])N(C(=O)[C:91]([H])=[C:92]([H])[H])C([H])([H])C1([H])[H],0,-0.14401585,-0.2803962,-177.91962743048902,-20.111431781604676,0.08207384,0.052540183,0.06730701,0.016179502,-0.01258935,0.0017950758,-1085898.7076802107,3.4198622908443213,-1085889.2458267435,-1085893.2845434535
S5-29.7,intermediate,[H]Oc1c([H])c(Cl)c(I)c([H])c1N([H])C([H])([H])C(=O)N1C([H])([H])C([H])([H])N(C(=O)[C-:91]([H])[C:92]([H])([H])[S:93]C([H])([H])[H])C([H])([H])C1([H])[H],-1,-0.46940368,-0.1363318,-78.29400139811581,51.40456786807855,0.017250463,0.027060576,0.02215552,0.043721497,0.36028153,0.20200151,-1360897.7401845912,2.740577731281519,-1360888.3655555216,-1360893.0577294102
S5-29.7,product,[H]Oc1c([H])c(Cl)c(I)c([H])c1N([H])C([H])([H])C(=O)N1C([H])([H])C([H])([H])N(C(=O)[C:91]([H])([H])[C:92]([H])([H])[S:93]C([H])([H])[H])C([H])([H])C1([H])[H],0,-0.12676568,-0.12512963,-163.2294251199791,-14.486487533590426,-0.027925499,-0.02468124,-0.02630337,0.005924195,-0.0035852492,0.0011694729,-1361264.0355855583,6.671617232263088,-1361254.0215963908,-1361257.4397050235
S5-29.8,reactant,[H]Oc1c([H])c(Cl)c(I)c([H])c1N([H])C([H])([H])C(=O)N1C([H])([H])C([H])([H])N(C(=O)[C:91]([H])=[C:92]([H])[H])C([H])([H])C1([H])[H],0,-0.14835149,-0.28470618,-173.8999655287447,-16.41587968140434,0.039575905,0.034656852,0.03711638,0.01289475,0.0017742813,0.0073345155,-1085893.7050537912,2.841405028477311,-1085887.0280639015,-1085890.5560231605
S5-29.8,intermediate,[H]Oc1c([H])c(Cl)c(I)c([H])c1N([H])C([H])([H])C(=O)N1C([H])([H])C([H])([H])N(C(=O)[C-:91]([H])[C:92]([H])([H])[S:93]C([H])([H])[H])C([H])([H])C1([H])[H],-1,-0.5005939,-0.12333152,-75.89202756998226,51.7828904467194,0.013555512,0.021946818,0.017751165,0.03176868,0.33463788,0.18320328,-1360899.6420392932,4.721986560150981,-1360889.6273772728,-1360893.5850772893
S5-29.8,product,[H]Oc1c([H])c(Cl)c(I)c([H])c1N([H])C([H])([H])C(=O)N1C([H])([H])C([H])([H])N(C(=O)[C:91]([H])([H])[C:92]([H])([H])[S:93]C([H])([H])[H])C([H])([H])C1([H])[H],0,-0.120925695,-0.11346062,-166.97761192028165,-18.628046309550868,-0.034886375,-0.03488741,-0.034886893,0.014078304,-0.005787894,0.004145205,-1361264.196891048,3.217960625886917,-1361256.8901847624,-1361260.148137845
S5-29.9,reactant,[H]Oc1c([H])c(Cl)c(I)c([H])c1N([H])C([H])([H])C(=O)N1C([H])([H])C([H])([H])N(C(=O)[C:91]([H])=[C:92]([H])[H])C([H])([H])C1([H])[H],0,-0.14578494,-0.2815401,-174.50858279832883,-19.634776951480724,0.0836159,0.052143604,0.06787975,0.01380834,-0.014839485,-0.0005155727,-1085897.389831119,1.7861778009682894,-1085890.2081864239,-1085894.2174376275
S5-29.9,intermediate,[H]Oc1c([H])c(Cl)c(I)c([H])c1N([H])C([H])([H])C(=O)N1C([H])([H])C([H])([H])N(C(=O)[C-:91]([H])[C:92]([H])([H])[S:93]C([H])([H])[H])C([H])([H])C1([H])[H],-1,-0.50050944,-0.11994083,-77.97636187486974,54.11607589290294,0.010740221,0.01997374,0.01535698,0.05416429,0.38791946,0.22104187,-1360897.7910433973,4.0802958663553,-1360888.9853530508,-1360891.2921274994
S5-29.9,product,[H]Oc1c([H])c(Cl)c(I)c([H])c1N([H])C([H])([H])C(=O)N1C([H])([H])C([H])([H])N(C(=O)[C:91]([H])([H])[C:92]([H])([H])[S:93]C([H])([H])[H])C([H])([H])C1([H])[H],0,-0.12982085,-0.12355872,-163.89529117636005,-15.45679605154191,-0.030684136,-0.026950218,-0.028817177,0.003808245,-0.0017912686,0.0010084882,-1361255.4518784757,2.9308879263699055,-1361246.4106951344,-1361251.7051760694
S5-29.10,reactant,[H]Oc1c([H])c(Cl)c(I)c([H])c1N([H])C([H])([H])C(=O)N1C([H])([H])C([H])([H])N(C(=O)[C:91]([H])=[C:92]([H])[H])C([H])([H])C1([H])[H],0,-0.14315657,-0.28157637,-174.43863514554798,-19.764091700906707,0.08058116,0.050601706,0.06559143,0.016104415,-0.0140462965,0.0010290593,-1085896.6888113222,1.5627213157713413,-1085889.5498324996,-1085893.3293160133
S5-29.10,intermediate,[H]Oc1c([H])c(Cl)c(I)c([H])c1N([H])C([H])([H])C(=O)N1C([H])([H])C([H])([H])N(C(=O)[C-:91]([H])[C:92]([H])([H])[S:93]C([H])([H])[H])C([H])([H])C1([H])[H],-1,-0.508605,-0.113991156,-78.07638205756086,51.854484023244474,0.0051532164,0.013605811,0.009379514,0.040288866,0.3663792,0.20333403,-1360901.7396376363,3.7322557512670755,-1360891.941520741,-1360895.7358636113
S5-29.10,product,[H]Oc1c([H])c(Cl)c(I)c([H])c1N([H])C([H])([H])C(=O)N1C([H])([H])C([H])([H])N(C(=O)[C:91]([H])([H])[C:92]([H])([H])[S:93]C([H])([H])[H])C([H])([H])C1([H])[H],0,-0.119532116,-0.115585506,-169.30006215901622,-19.82530471770347,-0.037391037,-0.037088484,-0.03723976,0.035366513,0.005309999,0.020338256,-1361265.737455081,4.24109460785985,-1361254.286952154,-1361259.5310528856
S5-31.1,reactant,[H]c1nc(N2C([H])([H])C([H])([H])N(C(=O)[C:91]([H])=[C:92]([H])[H])C([H])([H])C2([H])[H])nc([H])c1-c1c([H])c([H])c([H])c([H])c1[H],0,-0.1447324,-0.286646,-171.5331644266655,-8.03934492148388,0.041624904,0.03621316,0.03891903,0.009753481,-0.0032604784,0.003246501,-598354.9581656517,1.3967663422226906,-598349.5911343232,-598353.0030945964
S5-31.1,intermediate,[H]c1nc(N2C([H])([H])C([H])([H])N(C(=O)[C-:91]([H])[C:92]([H])([H])[S:93]C([H])([H])[H])C([H])([H])C2([H])[H])nc([H])c1-c1c([H])c([H])c([H])c([H])c1[H],-1,-0.4787509,-0.11452989,-71.24413710878926,59.32072055193364,-0.0037975833,0.013133429,0.004667923,-0.0074217916,0.33201158,0.1622949,-873352.6631053742,2.7816159203648567,-873343.3477038372,-873347.4895923622
S5-31.1,product,[H]c1nc(N2C([H])([H])C([H])([H])N(C(=O)[C:91]([H])([H])[C:92]([H])([H])[S:93]C([H])([H])[H])C([H])([H])C2([H])[H])nc([H])c1-c1c([H])c([H])c([H])c([H])c1[H],0,-0.1279878,-0.11736825,-161.97825728643446,-6.213380314936923,-0.0358529,-0.033231854,-0.034542378,0.006950602,-0.0001309514,0.0034098253,-873722.2742006095,2.139278758317232,-873715.3312803267,-873720.0527267682
S5-31.2,reactant,[H]c1nc(N2C([H])([H])C([H])([H])N(C(=O)[C:91]([H])=[C:92]([H])[H])C([H])([H])C2([H])[H])nc([H])c1-c1c([H])c([H])c([H])c([H])c1[H],0,-0.13790718,-0.2863023,-171.98040147525265,-7.651855695393894,0.07566458,0.05198346,0.06382402,-0.005737841,-0.024046227,-0.014892034,-598357.7450613587,4.693815005943179,-598350.0263131531,-598353.2543409773
S5-31.2,intermediate,[H]c1nc(N2C([H])([H])C([H])([H])N(C(=O)[C-:91]([H])[C:92]([H])([H])[S:93]C([H])([H])[H])C([H])([H])C2([H])[H])nc([H])c1-c1c([H])c([H])c([H])c([H])c1[H],-1,-0.45788032,-0.10122573,-74.60710483665787,61.4929210463793,0.010530531,0.029463813,0.019997172,0.007323444,0.30615622,0.15673983,-873347.4654469087,2.5564887318760157,-873338.2905564732,-873343.2244298907
S5-31.2,product,[H]c1nc(N2C([H])([H])C([H])([H])N(C(=O)[C:91]([H])([H])[C:92]([H])([H])[S:93]C([H])([H])[H])C([H])([H])C2([H])[H])nc([H])c1-c1c([H])c([H])c([H])c([H])c1[H],0,-0.12500179,-0.1114412,-164.33141455904354,-6.863102947163108,-0.034057856,-0.032390602,-0.03322423,0.0013467222,-0.008219659,-0.0034364685,-873724.0721854975,4.0893904864788055,-873715.8162708626,-873720.2748587233
S5-31.3,reactant,[H]c1nc(N2C([H])([H])C([H])([H])N(C(=O)[C:91]([H])=[C:92]([H])[H])C([H])([H])C2([H])[H])nc([H])c1-c1c([H])c([H])c([H])c([H])c1[H],0,-0.13301256,-0.28625983,-171.65967984183285,-7.413610704381647,0.07694334,0.053471535,0.06520744,-0.005083889,-0.027228877,-0.016156383,-598357.7242471396,3.1524953097105026,-598351.4125942084,-598354.3311912686
S5-31.3,intermediate,[H]c1nc(N2C([H])([H])C([H])([H])N(C(=O)[C-:91]([H])[C:92]([H])([H])[S:93]C([H])([H])[H])C([H])([H])C2([H])[H])nc([H])c1-c1c([H])c([H])c([H])c([H])c1[H],-1,-0.47321713,-0.10937171,-73.44124161692284,61.30664997899173,-0.002065234,0.012069248,0.005002007,0.005932927,0.334289,0.17011097,-873353.6090462402,2.8177447710186243,-873343.3918189441,-873346.9912254645
S5-31.3,product,[H]c1nc(N2C([H])([H])C([H])([H])N(C(=O)[C:91]([H])([H])[C:92]([H])([H])[S:93]C([H])([H])[H])C([H])([H])C2([H])[H])nc([H])c1-c1c([H])c([H])c([H])c([H])c1[H],0,-0.12264752,-0.12200377,-162.65930095621408,-7.084599145361172,-0.032897606,-0.028163515,-0.03053056,0.00060139596,-0.007068403,-0.0032335036,-873723.298314632,3.378446202725172,-873715.6047924748,-873719.5341859333
S5-31.4,reactant,[H]c1nc(N2C([H])([H])C([H])([H])N(C(=O)[C:91]([H])=[C:92]([H])[H])C([H])([H])C2([H])[H])nc([H])c1-c1c([H])c([H])c([H])c([H])c1[H],0,-0.13587098,-0.2871882,-169.42217164340585,-7.386869051194251,0.074390054,0.051238865,0.06281446,-0.00025260448,-0.024012312,-0.012132458,-598357.420116105,1.5721182134002447,-598352.4349105485,-598355.1796563572
S5-31.4,intermediate,[H]c1nc(N2C([H])([H])C([H])([H])N(C(=O)[C-:91]([H])[C:92]([H])([H])[S:93]C([H])([H])[H])C([H])([H])C2([H])[H])nc([H])c1-c1c([H])c([H])c([H])c([H])c1[H],-1,-0.48746282,-0.11027038,-72.05129926807825,59.38860235952243,-0.002051793,0.012066767,0.005007487,-0.004010558,0.33881313,0.16740128,-873353.1582567621,3.712391760200262,-873343.4818493867,-873347.9251085401
S5-31.4,product,[H]c1nc(N2C([H])([H])C([H])([H])N(C(=O)[C:91]([H])([H])[C:92]([H])([H])[S:93]C([H])([H])[H])C([H])([H])C2([H])[H])nc([H])c1-c1c([H])c([H])c([H])c([H])c1[H],0,-0.1245782,-0.11792511,-161.0939797199174,-6.819834718683524,-0.03409397,-0.030258521,-0.032176245,-0.00031683594,-0.007239066,-0.003777951,-873721.9776507535,2.634489620104432,-873715.5513504212,-873719.5080989078
S5-31.5,reactant,[H]c1nc(N2C([H])([H])C([H])([H])N(C(=O)[C:91]([H])=[C:92]([H])[H])C([H])([H])C2([H])[H])nc([H])c1-c1c([H])c([H])c([H])c([H])c1[H],0,-0.1358325,-0.28725022,-169.42498948765362,-7.376694076625595,0.074200094,0.051151186,0.06267564,-0.00022134185,-0.023977622,-0.012099482,-598357.4221272743,1.4698863197118044,-598352.7658148605,-598355.1958369595
S5-31.5,intermediate,[H]c1nc(N2C([H])([H])C([H])([H])N(C(=O)[C-:91]([H])[C:92]([H])([H])[S:93]C([H])([H])[H])C([H])([H])C2([H])[H])nc([H])c1-c1c([H])c([H])c([H])c([H])c1[H],-1,-0.4983185,-0.10940107,-72.93933184826092,59.39778009747826,-0.0034222081,0.010150768,0.0033642799,-0.000795573,0.354007,0.1766057,-873353.207020353,3.7753301188349724,-873343.732904351,-873347.8887054925
S5-31.5,product,[H]c1nc(N2C([H])([H])C([H])([H])N(C(=O)[C:91]([H])([H])[C:92]([H])([H])[S:93]C([H])([H])[H])C([H])([H])C2([H])[H])nc([H])c1-c1c([H])c([H])c([H])c([H])c1[H],0,-0.115883574,-0.10956526,-166.68087047259274,-8.764961189824747,-0.04292629,-0.04316047,-0.04304338,-4.2267144e-05,-0.012612686,-0.0063274764,-873725.1381582228,3.7432837057858706,-873717.6809142072,-873722.0375524951
S5-31.6,reactant,[H]c1nc(N2C([H])([H])C([H])([H])N(C(=O)[C:91]([H])=[C:92]([H])[H])C([H])([H])C2([H])[H])nc([H])c1-c1c([H])c([H])c([H])c([H])c1[H],0,-0.14475805,-0.28663945,-171.4896499254634,-8.048833086326841,0.04159221,0.036200196,0.038896203,0.009665757,-0.0032636672,0.003201045,-598354.9532956018,1.4619621764868498,-598349.2880869926,-598352.9925955969
S5-31.6,intermediate,[H]c1nc(N2C([H])([H])C([H])([H])N(C(=O)[C-:91]([H])[C:92]([H])([H])[S:93]C([H])([H])[H])C([H])([H])C2([H])[H])nc([H])c1-c1c([H])c([H])c([H])c([H])c1[H],-1,-0.4785952,-0.11446985,-71.06017761383887,59.28592892765935,-0.0036948174,0.01324147,0.004773326,-0.008283198,0.33024508,0.16098094,-873352.6792008326,2.430335918441415,-873345.1596378408,-873347.6989211484
S5-31.6,product,[H]c1nc(N2C([H])([H])C([H])([H])N(C(=O)[C:91]([H])([H])[C:92]([H])([H])[S:93]C([H])([H])[H])C([H])([H])C2([H])[H])nc([H])c1-c1c([H])c([H])c([H])c([H])c1[H],0,-0.12456684,-0.117545724,-161.11123389342237,-6.809290123618737,-0.034252554,-0.030507267,-0.03237991,0.00046934187,-0.0065315366,-0.0030310974,-873721.9811118006,1.8209616634994745,-873713.9098985064,-873719.5262492531
S5-31.7,reactant,[H]c1nc(N2C([H])([H])C([H])([H])N(C(=O)[C:91]([H])=[C:92]([H])[H])C([H])([H])C2([H])[H])nc([H])c1-c1c([H])c([H])c([H])c([H])c1[H],0,-0.14863347,-0.29208782,-173.3048009429337,-7.867169598496359,0.04011622,0.03554365,0.037829936,0.010241851,8.46982e-05,0.0051632747,-598355.2505069487,3.387121396139264,-598349.227198789,-598352.1334351698
S5-31.7,intermediate,[H]c1nc(N2C([H])([H])C([H])([H])N(C(=O)[C-:91]([H])[C:92]([H])([H])[S:93]C([H])([H])[H])C([H])([H])C2([H])[H])nc([H])c1-c1c([H])c([H])c([H])c([H])c1[H],-1,-0.43986803,-0.13084789,-74.4878286385094,60.31604809893203,-0.003926024,0.015237004,0.00565549,0.006450385,0.33387458,0.17016248,-873352.5322601176,4.183068584650755,-873344.7113070582,-873347.9054639764
S5-31.7,product,[H]c1nc(N2C([H])([H])C([H])([H])N(C(=O)[C:91]([H])([H])[C:92]([H])([H])[S:93]C([H])([H])[H])C([H])([H])C2([H])[H])nc([H])c1-c1c([H])c([H])c([H])c([H])c1[H],0,-0.11652353,-0.10125136,-162.61244013092647,-7.323459566246702,-0.0414529,-0.042910628,-0.042181764,0.00030519068,-0.011970408,-0.005832609,-873723.2056094145,1.8145630117505789,-873716.6260365775,-873721.0951759599
S5-31.8,reactant,[H]c1nc(N2C([H])([H])C([H])([H])N(C(=O)[C:91]([H])=[C:92]([H])[H])C([H])([H])C2([H])[H])nc([H])c1-c1c([H])c([H])c([H])c([H])c1[H],0,-0.1371023,-0.2868835,-169.89672040118398,-7.575852015382026,0.07518166,0.051294297,0.06323798,-0.0012552142,-0.024186283,-0.012720749,-598357.5309781494,1.7887748181819916,-598351.443404936,-598355.3287162549
S5-31.8,intermediate,[H]c1nc(N2C([H])([H])C([H])([H])N(C(=O)[C-:91]([H])[C:92]([H])([H])[S:93]C([H])([H])[H])C([H])([H])C2([H])[H])nc([H])c1-c1c([H])c([H])c([H])c([H])c1[H],-1,-0.42755523,-0.1278528,-73.50920951312578,63.919987795192085,-0.003069073,0.016208388,0.0065696575,-0.015106052,0.3052136,0.14505377,-873353.809920097,2.6365781147032976,-873345.2722176309,-873350.1412327945
S5-31.8,product,[H]c1nc(N2C([H])([H])C([H])([H])N(C(=O)[C:91]([H])([H])[C:92]([H])([H])[S:93]C([H])([H])[H])C([H])([H])C2([H])[H])nc([H])c1-c1c([H])c([H])c([H])c([H])c1[H],0,-0.124359414,-0.12363654,-164.81784444667747,-7.296270797608888,-0.03430017,-0.029692017,-0.031996094,-0.00022830069,-0.00578174,-0.0030050203,-873724.335188216,4.777632545679808,-873716.6897387007,-873720.820188152
S5-31.9,reactant,[H]c1nc(N2C([H])([H])C([H])([H])N(C(=O)[C:91]([H])=[C:92]([H])[H])C([H])([H])C2([H])[H])nc([H])c1-c1c([H])c([H])c([H])c([H])c1[H],0,-0.14530839,-0.28660572,-171.3425570325729,-7.942750580763386,0.041431844,0.03622654,0.038829193,0.009432808,-0.0032231212,0.0031048432,-598354.9319214612,1.6175224967300892,-598348.6027199333,-598352.99138063
S5-31.9,intermediate,[H]c1nc(N2C([H])([H])C([H])([H])N(C(=O)[C-:91]([H])[C:92]([H])([H])[S:93]C([H])([H])[H])C([H])([H])C2([H])[H])nc([H])c1-c1c([H])c([H])c([H])c([H])c1[H],-1,-0.49905783,-0.110436074,-73.16612574719724,59.504332176271106,-0.0034907162,0.01028949,0.003399387,-0.0010331869,0.35355794,0.17626238,-873353.2868235855,3.4481029827147722,-873342.3620276086,-873347.6142652351
S5-31.9,product,[H]c1nc(N2C([H])([H])C([H])([H])N(C(=O)[C:91]([H])([H])[C:92]([H])([H])[S:93]C([H])([H])[H])C([H])([H])C2([H])[H])nc([H])c1-c1c([H])c([H])c([H])c([H])c1[H],0,-0.116418295,-0.101287045,-162.65966355589103,-7.3139744953226336,-0.041442383,-0.042912282,-0.042177334,0.00024217367,-0.012125544,-0.0059416853,-873723.2108501879,1.9953791797161102,-873715.4542799289,-873721.094229415
S5-31.10,reactant,[H]c1nc(N2C([H])([H])C([H])([H])N(C(=O)[C:91]([H])=[C:92]([H])[H])C([H])([H])C2([H])[H])nc([H])c1-c1c([H])c([H])c([H])c([H])c1[H],0,-0.13551594,-0.28739637,-169.74889415781942,-7.343535333212686,0.074205846,0.05104825,0.06262705,0.0006657094,-0.02383393,-0.011584111,-598357.428649535,2.495267655700445,-598351.9990083224,-598355.2555818423
S5-31.10,intermediate,[H]c1nc(N2C([H])([H])C([H])([H])N(C(=O)[C-:91]([H])[C:92]([H])([H])[S:93]C([H])([H])[H])C([H])([H])C2([H])[H])nc([H])c1-c1c([H])c([H])c([H])c([H])c1[H],-1,-0.47844535,-0.11458508,-70.91146730003366,59.533158281620906,-0.0032581538,0.013691664,0.005216755,-0.0080344975,0.3293308,0.16064815,-873352.6933822354,2.426059866324067,-873343.6119186165,-873347.5771355267
S5-31.10,product,[H]c1nc(N2C([H])([H])C([H])([H])N(C(=O)[C:91]([H])([H])[C:92]([H])([H])[S:93]C([H])([H])[H])C([H])([H])C2([H])[H])nc([H])c1-c1c([H])c([H])c([H])c([H])c1[H],0,-0.116313964,-0.101986654,-162.17790537857243,-6.5912481463097325,-0.045951135,-0.04722757,-0.046589352,0.010987014,-0.003568232,0.0037093908,-873723.1269459476,1.550622209906578,-873716.8452644577,-873720.8687755079
S5-1.1,reactant,[H]c1nc(N([H])c2c([H])c([H])c(F)c(Cl)c2[H])c2c([H])c(N([H])C(=O)/[C:91]([H])=[C:92](\[H])C([H])([H])N(C([H])([H])[H])C([H])([H])[H])c(O[C@]3([H])C([H])([H])OC([H])([H])C3([H])[H])c([H])c2n1,0,-0.15945849,-0.09839267,-154.30862481009498,-28.01181560490685,-0.0031532273,0.005424507,0.0011356398,0.023836955,-0.0016064495,0.011115253,-1248864.893199668,1.872790101915598,-1248856.1661974047,-1248861.9026770329
S5-1.1,intermediate,[H]c1nc(N([H])c2c([H])c([H])c(F)c(Cl)c2[H])c2c([H])c(N([H])C(=O)[C-:91]([H])[C:92]([H])(C([H])([H])N(C([H])([H])[H])C([H])([H])[H])[S:93]C([H])([H])[H])c(O[C@]3([H])C([H])([H])OC([H])([H])C3([H])[H])c([H])c2n1,-1,-0.47345904,-0.04150807,-70.45740305559771,44.07048826528095,-0.00047926977,0.0018302388,0.00067548454,0.06165704,0.21692538,0.13929121,-1523867.4082605836,4.196377729997039,-1523856.941374085,-1523861.1957199383
S5-1.1,product,[H]c1nc(N([H])c2c([H])c([H])c(F)c(Cl)c2[H])c2c([H])c(N([H])C(=O)[C:91]([H])([H])[C:92]([H])(C([H])([H])N(C([H])([H])[H])C([H])([H])[H])[S:93]C([H])([H])[H])c(O[C@]3([H])C([H])([H])OC([H])([H])C3([H])[H])c([H])c2n1,0,-0.13590455,-0.051966734,-150.90318907276884,-25.21688036840617,-0.036506638,-0.034147732,-0.035327185,0.008943915,0.0076788217,0.0083113685,-1524226.9454212834,4.796690894290805,-1524218.0551340901,-1524222.6467818196
S5-1.2,reactant,[H]c1nc(N([H])c2c([H])c([H])c(F)c(Cl)c2[H])c2c([H])c(N([H])C(=O)/[C:91]([H])=[C:92](\[H])C([H])([H])N(C([H])([H])[H])C([H])([H])[H])c(O[C@]3([H])C([H])([H])OC([H])([H])C3([H])[H])c([H])c2n1,0,-0.15010945,-0.10773776,-155.3657360742819,-27.163046992445377,-0.000664711,-0.0016387403,-0.0011517256,0.013695702,0.0016161352,0.0076559186,-1248864.2719570394,3.944818526506424,-1248855.487966109,-1248859.9153483678
S5-1.2,intermediate,[H]c1nc(N([H])c2c([H])c([H])c(F)c(Cl)c2[H])c2c([H])c(N([H])C(=O)[C-:91]([H])[C:92]([H])(C([H])([H])N(C([H])([H])[H])C([H])([H])[H])[S:93]C([H])([H])[H])c(O[C@]3([H])C([H])([H])OC([H])([H])C3([H])[H])c([H])c2n1,-1,-0.47550532,-0.04990237,-71.26052590196267,44.99330214241298,-0.006162703,0.0008899234,-0.0026363898,0.022883773,0.19300058,0.10794218,-1523868.8207556878,5.187232090160251,-1523856.8229490456,-1523861.9090369812
S5-1.2,product,[H]c1nc(N([H])c2c([H])c([H])c(F)c(Cl)c2[H])c2c([H])c(N([H])C(=O)[C:91]([H])([H])[C:92]([H])(C([H])([H])N(C([H])([H])[H])C([H])([H])[H])[S:93]C([H])([H])[H])c(O[C@]3([H])C([H])([H])OC([H])([H])C3([H])[H])c([H])c2n1,0,-0.13740695,-0.070777126,-155.560923218098,-30.54795585938015,-0.02740733,-0.024138287,-0.025772808,0.0027702749,0.0012429953,0.002006635,-1524221.936989262,2.7838088925927877,-1524211.6778924582,-1524215.987196979
S5-1.3,reactant,[H]c1nc(N([H])c2c([H])c([H])c(F)c(Cl)c2[H])c2c([H])c(N([H])C(=O)/[C:91]([H])=[C:92](\[H])C([H])([H])N(C([H])([H])[H])C([H])([H])[H])c(O[C@]3([H])C([H])([H])OC([H])([H])C3([H])[H])c([H])c2n1,0,-0.15023954,-0.10725988,-155.16820626380394,-26.520375510862493,-0.0016113371,-0.0025932118,-0.0021022744,0.014480457,0.0022088438,0.00834465,-1248863.9862793135,3.9616668857634068,-1248856.2291126226,-1248860.0526726358
S5-1.3,intermediate,[H]c1nc(N([H])c2c([H])c([H])c(F)c(Cl)c2[H])c2c([H])c(N([H])C(=O)[C-:91]([H])[C:92]([H])(C([H])([H])N(C([H])([H])[H])C([H])([H])[H])[S:93]C([H])([H])[H])c(O[C@]3([H])C([H])([H])OC([H])([H])C3([H])[H])c([H])c2n1,-1,-0.47642162,-0.04728097,-70.06959688054997,45.394425487015766,0.005656898,0.011507209,0.008582054,0.018522263,0.17974272,0.09913249,-1523869.2635068235,2.328580442816019,-1523859.813940356,-1523865.2222639215
S5-1.3,product,[H]c1nc(N([H])c2c([H])c([H])c(F)c(Cl)c2[H])c2c([H])c(N([H])C(=O)[C:91]([H])([H])[C:92]([H])(C([H])([H])N(C([H])([H])[H])C([H])([H])[H])[S:93]C([H])([H])[H])c(O[C@]3([H])C([H])([H])OC([H])([H])C3([H])[H])c([H])c2n1,0,-0.13850378,-0.069680065,-150.02635132337775,-24.372206156883685,-0.020279545,-0.020221494,-0.02025052,0.0115572065,0.0105519295,0.011054568,-1524231.7889390613,5.966838371008635,-1524220.155683886,-1524226.1041630995
S5-1.4,reactant,[H]c1nc(N([H])c2c([H])c([H])c(F)c(Cl)c2[H])c2c([H])c(N([H])C(=O)/[C:91]([H])=[C:92](\[H])C([H])([H])N(C([H])([H])[H])C([H])([H])[H])c(O[C@]3([H])C([H])([H])OC([H])([H])C3([H])[H])c([H])c2n1,0,-0.11780056,-0.109267205,-153.73977980389628,-27.009661920631427,0.010349989,0.01740808,0.013879035,-0.001899004,-0.02382955,-0.012864277,-1248862.7678815662,3.7178402096033096,-1248854.8160587046,-1248859.5545943105
S5-1.4,intermediate,[H]c1nc(N([H])c2c([H])c([H])c(F)c(Cl)c2[H])c2c([H])c(N([H])C(=O)[C-:91]([H])[C:92]([H])(C([H])([H])N(C([H])([H])[H])C([H])([H])[H])[S:93]C([H])([H])[H])c(O[C@]3([H])C([H])([H])OC([H])([H])C3([H])[H])c([H])c2n1,-1,-0.4549539,-0.050327968,-71.50937223144682,46.13194616540218,0.0063862316,0.011989225,0.009187728,0.007190615,0.16400838,0.0855995,-1523868.6674931808,4.937789158895612,-1523854.4881937013,-1523861.3702198095
S5-1.4,product,[H]c1nc(N([H])c2c([H])c([H])c(F)c(Cl)c2[H])c2c([H])c(N([H])C(=O)[C:91]([H])([H])[C:92]([H])(C([H])([H])N(C([H])([H])[H])C([H])([H])[H])[S:93]C([H])([H])[H])c(O[C@]3([H])C([H])([H])OC([H])([H])C3([H])[H])c([H])c2n1,0,-0.13542016,-0.056607846,-150.94530548907844,-25.035049005756253,-0.02265833,-0.024459343,-0.023558836,0.01033026,0.00866437,0.009497315,-1524228.6699385871,6.388650042936206,-1524216.3590420727,-1524223.1728877784
S5-1.5,reactant,[H]c1nc(N([H])c2c([H])c([H])c(F)c(Cl)c2[H])c2c([H])c(N([H])C(=O)/[C:91]([H])=[C:92](\[H])C([H])([H])N(C([H])([H])[H])C([H])([H])[H])c(O[C@]3([H])C([H])([H])OC([H])([H])C3([H])[H])c([H])c2n1,0,-0.15102853,-0.10782165,-155.16447592799852,-26.741001606515635,-0.00034283847,-0.0014970899,-0.00091996416,0.014594421,0.0020240247,0.008309223,-1248864.1817158833,3.115327773615718,-1248856.5203306973,-1248860.274292806
S5-1.5,intermediate,[H]c1nc(N([H])c2c([H])c([H])c(F)c(Cl)c2[H])c2c([H])c(N([H])C(=O)[C-:91]([H])[C:92]([H])(C([H])([H])N(C([H])([H])[H])C([H])([H])[H])[S:93]C([H])([H])[H])c(O[C@]3([H])C([H])([H])OC([H])([H])C3([H])[H])c([H])c2n1,-1,-0.45862025,-0.063342124,-70.81159819276711,44.076997422307834,0.012887582,0.019108746,0.015998164,0.04490578,0.21605787,0.13048182,-1523869.4450535583,5.192963141947985,-1523857.4805150672,-1523862.3413821224
S5-1.5,product,[H]c1nc(N([H])c2c([H])c([H])c(F)c(Cl)c2[H])c2c([H])c(N([H])C(=O)[C:91]([H])([H])[C:92]([H])(C([H])([H])N(C([H])([H])[H])C([H])([H])[H])[S:93]C([H])([H])[H])c(O[C@]3([H])C([H])([H])OC([H])([H])C3([H])[H])c([H])c2n1,0,-0.14051679,-0.04894572,-152.47134890225976,-26.67319581290414,-0.026201745,-0.02729201,-0.026746877,0.008835286,0.007632628,0.008233957,-1524232.0881845064,4.284713618457317,-1524219.5316432212,-1524226.1300853277
S5-1.6,reactant,[H]c1nc(N([H])c2c([H])c([H])c(F)c(Cl)c2[H])c2c([H])c(N([H])C(=O)/[C:91]([H])=[C:92](\[H])C([H])([H])N(C([H])([H])[H])C([H])([H])[H])c(O[C@]3([H])C([H])([H])OC([H])([H])C3([H])[H])c([H])c2n1,0,-0.14724417,-0.1304199,-153.45381887200503,-24.79977229564906,0.022024706,0.029993683,0.026009195,-0.009127945,-0.016520798,-0.012824371,-1248865.4190361323,3.418195301666856,-1248857.8078163436,-1248862.2626492402
S5-1.6,intermediate,[H]c1nc(N([H])c2c([H])c([H])c(F)c(Cl)c2[H])c2c([H])c(N([H])C(=O)[C-:91]([H])[C:92]([H])(C([H])([H])N(C([H])([H])[H])C([H])([H])[H])[S:93]C([H])([H])[H])c(O[C@]3([H])C([H])([H])OC([H])([H])C3([H])[H])c([H])c2n1,-1,-0.4868456,-0.06470512,-71.32494924112008,43.460836406634655,0.0010984913,0.0101114325,0.005604962,0.041185737,0.21786791,0.12952682,-1523868.069776765,5.538386890664697,-1523855.6982159847,-1523861.5891562148
S5-1.6,product,[H]c1nc(N([H])c2c([H])c([H])c(F)c(Cl)c2[H])c2c([H])c(N([H])C(=O)[C:91]([H])([H])[C:92]([H])(C([H])([H])N(C([H])([H])[H])C([H])([H])[H])[S:93]C([H])([H])[H])c(O[C@]3([H])C([H])([H])OC([H])([H])C3([H])[H])c([H])c2n1,0,-0.129117,-0.07786485,-151.65281578640602,-26.26793664094693,-0.021951206,-0.018819556,-0.02038538,0.009328112,0.008017197,0.008672655,-1524228.2947144432,3.2081084810197353,-1524215.5910175578,-1524222.4095491332
S5-1.7,reactant,[H]c1nc(N([H])c2c([H])c([H])c(F)c(Cl)c2[H])c2c([H])c(N([H])C(=O)/[C:91]([H])=[C:92](\[H])C([H])([H])N(C([H])([H])[H])C([H])([H])[H])c(O[C@]3([H])C([H])([H])OC([H])([H])C3([H])[H])c([H])c2n1,0,-0.14407237,-0.13111924,-154.44053379512,-25.934169242084643,0.021842733,0.030132703,0.025987718,-0.009306714,-0.017316893,-0.013311803,-1248865.633167629,2.1131864991039038,-1248857.3220401555,-1248862.7618270717
S5-1.7,intermediate,[H]c1nc(N([H])c2c([H])c([H])c(F)c(Cl)c2[H])c2c([H])c(N([H])C(=O)[C-:91]([H])[C:92]([H])(C([H])([H])N(C([H])([H])[H])C([H])([H])[H])[S:93]C([H])([H])[H])c(O[C@]3([H])C([H])([H])OC([H])([H])C3([H])[H])c([H])c2n1,-1,-0.49771276,-0.046908498,-71.52496661423606,44.663799525384256,-0.0070502535,0.0027852356,-0.002132509,0.040401906,0.21505922,0.12773056,-1523871.6675091453,4.9679095558822155,-1523858.7901502042,-1523864.9942110342
S5-1.7,product,[H]c1nc(N([H])c2c([H])c([H])c(F)c(Cl)c2[H])c2c([H])c(N([H])C(=O)[C:91]([H])([H])[C:92]([H])(C([H])([H])N(C([H])([H])[H])C([H])([H])[H])[S:93]C([H])([H])[H])c(O[C@]3([H])C([H])([H])OC([H])([H])C3([H])[H])c([H])c2n1,0,-0.13252042,-0.06699296,-149.51834852663433,-23.495125980293377,-0.038081966,-0.03513655,-0.03660926,0.003878355,0.0025337934,0.0032060742,-1524230.4592716065,5.771798517554998,-1524218.8208964511,-1524225.0994791312
S5-1.8,reactant,[H]c1nc(N([H])c2c([H])c([H])c(F)c(Cl)c2[H])c2c([H])c(N([H])C(=O)/[C:91]([H])=[C:92](\[H])C([H])([H])N(C([H])([H])[H])C([H])([H])[H])c(O[C@]3([H])C([H])([H])OC([H])([H])C3([H])[H])c([H])c2n1,0,-0.14167328,-0.13447347,-155.9068890877256,-26.557970016760212,0.004872933,0.005773768,0.0053233504,-0.009155333,-0.010558531,-0.009856932,-1248863.6536645214,2.2578284814953804,-1248856.2983807118,-1248860.4729293818
S5-1.8,intermediate,[H]c1nc(N([H])c2c([H])c([H])c(F)c(Cl)c2[H])c2c([H])c(N([H])C(=O)[C-:91]([H])[C:92]([H])(C([H])([H])N(C([H])([H])[H])C([H])([H])[H])[S:93]C([H])([H])[H])c(O[C@]3([H])C([H])([H])OC([H])([H])C3([H])[H])c([H])c2n1,-1,-0.47262806,-0.027055316,-71.21918396086052,44.716029293173385,-0.0025729034,0.001925379,-0.0003237622,0.017457783,0.17890576,0.09818177,-1523870.8454626107,7.346342070028186,-1523858.3395005306,-1523861.954060334
S5-1.8,product,[H]c1nc(N([H])c2c([H])c([H])c(F)c(Cl)c2[H])c2c([H])c(N([H])C(=O)[C:91]([H])([H])[C:92]([H])(C([H])([H])N(C([H])([H])[H])C([H])([H])[H])[S:93]C([H])([H])[H])c(O[C@]3([H])C([H])([H])OC([H])([H])C3([H])[H])c([H])c2n1,0,-0.13865264,-0.07933647,-152.82182757864908,-27.658900025644947,-0.028922185,-0.023181602,-0.026051894,0.0022693127,0.0017090291,0.001989171,-1524230.945018949,3.3977113030850887,-1524221.0688074501,-1524226.600207942
S5-1.9,reactant,[H]c1nc(N([H])c2c([H])c([H])c(F)c(Cl)c2[H])c2c([H])c(N([H])C(=O)/[C:91]([H])=[C:92](\[H])C([H])([H])N(C([H])([H])[H])C([H])([H])[H])c(O[C@]3([H])C([H])([H])OC([H])([H])C3([H])[H])c([H])c2n1,0,-0.14738785,-0.10317339,-156.0220395281229,-28.436737325327858,-0.016169332,-0.012960598,-0.014564965,0.018321902,0.0012273341,0.009774618,-1248862.650787727,1.8674614522606134,-1248853.491738595,-1248859.532928215
S5-1.9,intermediate,[H]c1nc(N([H])c2c([H])c([H])c(F)c(Cl)c2[H])c2c([H])c(N([H])C(=O)[C-:91]([H])[C:92]([H])(C([H])([H])N(C([H])([H])[H])C([H])([H])[H])[S:93]C([H])([H])[H])c(O[C@]3([H])C([H])([H])OC([H])([H])C3([H])[H])c([H])c2n1,-1,-0.50571674,-0.05611727,-70.3586803619361,43.5885183516265,0.005681686,0.011893395,0.008787541,0.047893226,0.2101557,0.12902446,-1523873.786755689,3.759136289358139,-1523862.7408902831,-1523869.095581327
S5-1.9,product,[H]c1nc(N([H])c2c([H])c([H])c(F)c(Cl)c2[H])c2c([H])c(N([H])C(=O)[C:91]([H])([H])[C:92]([H])(C([H])([H])N(C([H])([H])[H])C([H])([H])[H])[S:93]C([H])([H])[H])c(O[C@]3([H])C([H])([H])OC([H])([H])C3([H])[H])c([H])c2n1,0,-0.13177626,-0.06745686,-149.55636266471407,-23.409324589939516,-0.03656695,-0.03314071,-0.03485383,0.0038801432,0.002787426,0.0033337846,-1524229.8364345953,5.781639900058508,-1524218.9632004893,-1524224.2084407667
S5-1.10,reactant,[H]c1nc(N([H])c2c([H])c([H])c(F)c(Cl)c2[H])c2c([H])c(N([H])C(=O)/[C:91]([H])=[C:92](\[H])C([H])([H])N(C([H])([H])[H])C([H])([H])[H])c(O[C@]3([H])C([H])([H])OC([H])([H])C3([H])[H])c([H])c2n1,0,-0.15036392,-0.10844795,-157.48368566425447,-29.302106245483444,-0.00011309236,8.969009e-05,-1.1701137e-05,0.008793071,-0.004721731,0.00203567,-1248859.967961289,2.389503464102745,-1248850.7042663677,-1248855.0383687094
S5-1.10,intermediate,[H]c1nc(N([H])c2c([H])c([H])c(F)c(Cl)c2[H])c2c([H])c(N([H])C(=O)[C-:91]([H])[C:92]([H])(C([H])([H])N(C([H])([H])[H])C([H])([H])[H])[S:93]C([H])([H])[H])c(O[C@]3([H])C([H])([H])OC([H])([H])C3([H])[H])c([H])c2n1,-1,-0.4466105,-0.02675031,-72.31619520816328,45.34074710510744,0.0023574494,0.004237706,0.0032975776,0.011424661,0.17474902,0.09308684,-1523869.6766365601,2.612334441393614,-1523856.65536486,-1523863.096840885
S5-1.10,product,[H]c1nc(N([H])c2c([H])c([H])c(F)c(Cl)c2[H])c2c([H])c(N([H])C(=O)[C:91]([H])([H])[C:92]([H])(C([H])([H])N(C([H])([H])[H])C([H])([H])[H])[S:93]C([H])([H])[H])c(O[C@]3([H])C([H])([H])OC([H])([H])C3([H])[H])c([H])c2n1,0,-0.13607678,-0.05982355,-152.38224334310505,-25.61547274590785,-0.029887317,-0.028095096,-0.028991207,0.0045541376,0.0023448765,0.003449507,-1524223.7637474206,5.570457242429256,-1524211.2997466696,-1524217.2165181453
S5-51.1,reactant,[H]c1c(-c2c([H])c([H])c([H])c([H])c2[H])noc1N([H])C(=O)[C:91]([H])=[C:92]([H])[H],0,-0.14197244,-0.2727704,-195.664617379276,-4.842246220788256,0.074918,0.049005628,0.061961815,0.015926123,-0.008345425,0.0037903488,-454124.7870906791,1.8360461629927158,-454120.1394307423,-454122.7086583016
S5-51.1,intermediate,[H]c1c(-c2c([H])c([H])c([H])c([H])c2[H])noc1N([H])C(=O)[C-:91]([H])[C:92]([H])([H])[S:93]C([H])([H])[H],-1,-0.4808046,-0.11423455,-78.20204999566594,79.70675599479354,0.018716738,0.029800259,0.024258498,0.011729211,0.38355255,0.19764088,-729131.1324221196,2.254072092473507,-729124.1517767408,-729127.4181219502
S5-51.1,product,[H]c1c(-c2c([H])c([H])c([H])c([H])c2[H])noc1N([H])C(=O)[C:91]([H])([H])[C:92]([H])([H])[S:93]C([H])([H])[H],0,-0.13261591,-0.12159538,-183.67296277774315,-3.645150528658461,-0.025282256,-0.019428656,-0.022355456,0.015684128,0.0025478154,0.009115972,-729496.7636825118,1.5319855995476246,-729491.2531430719,-729494.008783508
S5-51.2,reactant,[H]c1c(-c2c([H])c([H])c([H])c([H])c2[H])noc1N([H])C(=O)[C:91]([H])=[C:92]([H])[H],0,-0.13707022,-0.26595294,-193.3279254581205,-5.158721436556213,0.11756477,0.0776573,0.09761103,0.04412417,-0.013535649,0.015294261,-454131.0865403378,0.4831455163657665,-454127.888556158,-454129.6687033989
S5-51.2,intermediate,[H]c1c(-c2c([H])c([H])c([H])c([H])c2[H])noc1N([H])C(=O)[C-:91]([H])[C:92]([H])([H])[S:93]C([H])([H])[H],-1,-0.47931588,-0.100677475,-78.50120926223703,79.94772996262556,-0.0009444654,0.020099737,0.009577636,0.009122372,0.35037553,0.17974895,-729135.6769937043,1.2189184501767159,-729128.6144566931,-729131.5962300461
S5-51.2,product,[H]c1c(-c2c([H])c([H])c([H])c([H])c2[H])noc1N([H])C(=O)[C:91]([H])([H])[C:92]([H])([H])[S:93]C([H])([H])[H],0,-0.13803132,-0.124276124,-184.0789184345607,-3.669794006925371,-0.028198294,-0.020039745,-0.02411902,0.018026814,0.0010138601,0.009520337,-729492.583517322,3.6629259809851646,-729486.6041332067,-729489.3720926995
S5-51.3,reactant,[H]c1c(-c2c([H])c([H])c([H])c([H])c2[H])noc1N([H])C(=O)[C:91]([H])=[C:92]([H])[H],0,-0.14209825,-0.2727079,-195.6678982881894,-4.854760734290675,0.074967235,0.048948795,0.061958015,0.016142085,-0.008261979,0.0039400533,-454124.7811672053,1.8499423898756504,-454120.3919968197,-454122.69314574735
S5-51.3,intermediate,[H]c1c(-c2c([H])c([H])c([H])c([H])c2[H])noc1N([H])C(=O)[C-:91]([H])[C:92]([H])([H])[S:93]C([H])([H])[H],-1,-0.47791648,-0.11304241,-78.46496270991338,81.98033428260189,0.013880648,0.02683276,0.020356704,-0.0005002916,0.36404195,0.18177083,-729139.5125635923,1.7021829783916473,-729134.7614381692,-729137.0070276149
S5-51.3,product,[H]c1c(-c2c([H])c([H])c([H])c([H])c2[H])noc1N([H])C(=O)[C:91]([H])([H])[C:92]([H])([H])[S:93]C([H])([H])[H],0,-0.12513912,-0.11537928,-182.4414969146874,-3.6143113291023976,-0.044340424,-0.033759065,-0.039049745,0.029554725,-0.006909907,0.011322409,-729489.946780186,1.8845143169164658,-729484.5250901474,-729487.9351801387
S5-51.4,reactant,[H]c1c(-c2c([H])c([H])c([H])c([H])c2[H])noc1N([H])C(=O)[C:91]([H])=[C:92]([H])[H],0,-0.14200431,-0.2726482,-195.6644458876277,-4.85380682453919,0.075054616,0.04899776,0.062026188,0.016023114,-0.00831224,0.003855437,-454124.78004134225,1.8390411268919706,-454119.8098436204,-454122.6935080002
S5-51.4,intermediate,[H]c1c(-c2c([H])c([H])c([H])c([H])c2[H])noc1N([H])C(=O)[C-:91]([H])[C:92]([H])([H])[S:93]C([H])([H])[H],-1,-0.50007755,-0.10471205,-81.7199479645027,82.06170139992119,-0.006710522,0.022324353,0.007806916,0.016505897,0.3968271,0.2066665,-729130.8402061341,3.963086076080799,-729123.4273498879,-729126.4538884884
S5-51.4,product,[H]c1c(-c2c([H])c([H])c([H])c([H])c2[H])noc1N([H])C(=O)[C:91]([H])([H])[C:92]([H])([H])[S:93]C([H])([H])[H],0,-0.13285956,-0.12187779,-183.64632506702577,-3.7123442121576344,-0.025013395,-0.019105285,-0.02205934,0.015694395,0.002629578,0.009161986,-729496.7766033873,1.5779394246637821,-729490.7227698568,-729494.0147899815
S5-52.1,reactant,[H]c1sc(N([H])C(=O)[C:91]([H])=[C:92]([H])[H])nc1-c1c([H])c([H])c([H])c([H])c1[H],0,-0.13938512,-0.27194405,-182.05698259207787,-5.739291880595035,0.11331579,0.078038245,0.09567702,0.044098362,-0.008044466,0.018026948,-656837.4739427761,1.202480036765337,-656833.9279455019,-656834.818740817
S5-52.1,intermediate,[H]c1sc(N([H])C(=O)[C-:91]([H])[C:92]([H])([H])[S:93]C([H])([H])[H])nc1-c1c([H])c([H])c([H])c([H])c1[H],-1,-0.4352536,-0.106235534,-72.65571445619803,79.54556712411046,0.010034576,0.026693523,0.01836405,0.013777971,0.27859712,0.14618754,-931845.3627878401,2.46439659781754,-931839.5633952462,-931841.9469642241
S5-52.1,product,[H]c1sc(N([H])C(=O)[C:91]([H])([H])[C:92]([H])([H])[S:93]C([H])([H])[H])nc1-c1c([H])c([H])c([H])c([H])c1[H],0,-0.13182358,-0.11299929,-173.9062976757579,-3.1489530619743493,-0.019436672,-0.018028855,-0.018732764,0.016662851,0.010117888,0.01339037,-932203.1257858375,1.3578361440449953,-932197.2980448917,-932200.1678732292
S5-52.2,reactant,[H]c1sc(N([H])C(=O)[C:91]([H])=[C:92]([H])[H])nc1-c1c([H])c([H])c([H])c([H])c1[H],0,-0.13935952,-0.27193573,-182.06657543589435,-5.7482826170390835,0.11325887,0.078070596,0.09566473,0.0441121,-0.008062363,0.01802487,-656837.4745146837,1.2324690781533718,-656832.480000366,-656834.8542485379
S5-52.2,intermediate,[H]c1sc(N([H])C(=O)[C-:91]([H])[C:92]([H])([H])[S:93]C([H])([H])[H])nc1-c1c([H])c([H])c([H])c([H])c1[H],-1,-0.45850852,-0.095168434,-71.39031947701191,81.24487536797488,-0.016709872,0.012622394,-0.002043739,0.025396466,0.26252127,0.14395887,-931844.4606488533,3.6471829004585743,-931837.2720516995,-931840.108005587
S5-52.2,product,[H]c1sc(N([H])C(=O)[C:91]([H])([H])[C:92]([H])([H])[S:93]C([H])([H])[H])nc1-c1c([H])c([H])c([H])c([H])c1[H],0,-0.13182884,-0.11309249,-173.87210446031466,-3.099790385525764,-0.01892621,-0.017971538,-0.018448874,0.01651588,0.009958848,0.013237365,-932203.0913751074,1.5783698167651892,-932198.7426042416,-932200.2013151287
S5-52.3,reactant,[H]c1sc(N([H])C(=O)[C:91]([H])=[C:92]([H])[H])nc1-c1c([H])c([H])c([H])c([H])c1[H],0,-0.13025136,-0.27046525,-183.23195141982197,-5.574421964809283,0.08449623,0.049824744,0.06716049,0.021150917,-0.0077614784,0.006694719,-656836.0768902499,1.0947354212403297,-656831.1551605902,-656833.228511917
S5-52.3,intermediate,[H]c1sc(N([H])C(=O)[C-:91]([H])[C:92]([H])([H])[S:93]C([H])([H])[H])nc1-c1c([H])c([H])c([H])c([H])c1[H],-1,-0.4348955,-0.09250609,-73.02917749305054,78.72401014570568,-0.011438422,0.013974033,0.0012678057,0.026295215,0.27031305,0.14830413,-931844.0399697141,3.23022897541523,-931836.6552526001,-931839.3464605937
S5-52.3,product,[H]c1sc(N([H])C(=O)[C:91]([H])([H])[C:92]([H])([H])[S:93]C([H])([H])[H])nc1-c1c([H])c([H])c([H])c([H])c1[H],0,-0.12447362,-0.10141701,-174.48626697334367,-3.166111552436352,-0.033262312,-0.034845926,-0.03405412,0.025490284,0.0058164746,0.01565338,-932201.7443073659,1.5084163844585419,-932197.8324058783,-932199.4089509523
S5-52.4,reactant,[H]c1sc(N([H])C(=O)[C:91]([H])=[C:92]([H])[H])nc1-c1c([H])c([H])c([H])c([H])c1[H],0,-0.13938029,-0.27195013,-182.06712800188944,-5.744300493082047,0.11329067,0.07805821,0.09567444,0.04405117,-0.008066177,0.017992496,-656837.4746891721,1.2262088153511286,-656832.1723906562,-656834.8667325856
S5-52.4,intermediate,[H]c1sc(N([H])C(=O)[C-:91]([H])[C:92]([H])([H])[S:93]C([H])([H])[H])nc1-c1c([H])c([H])c([H])c([H])c1[H],-1,-0.4357923,-0.09221906,-73.00605962166892,78.72450671217985,-0.011104703,0.014125459,0.001510378,0.026532173,0.27062458,0.14857838,-931844.0562252154,3.1669203899800777,-931837.1468027885,-931839.2649367081
S5-52.4,product,[H]c1sc(N([H])C(=O)[C:91]([H])([H])[C:92]([H])([H])[S:93]C([H])([H])[H])nc1-c1c([H])c([H])c([H])c([H])c1[H],0,-0.124176666,-0.10115595,-174.4533396909539,-3.137855975496048,-0.033187695,-0.03492251,-0.034055103,0.02545534,0.0058129057,0.015634123,-932201.7540298563,1.7586769200861454,-932196.5662240773,-932199.4192782504
S5-52.5,reactant,[H]c1sc(N([H])C(=O)[C:91]([H])=[C:92]([H])[H])nc1-c1c([H])c([H])c([H])c([H])c1[H],0,-0.15762234,-0.2742944,-185.62856361159595,-4.71026688839165,0.072437406,0.045627385,0.059032395,0.009236142,-0.0021726936,0.0035317242,-656827.9450743567,1.9441845063120127,-656824.011625519,-656825.7231482668
S5-52.5,intermediate,[H]c1sc(N([H])C(=O)[C-:91]([H])[C:92]([H])([H])[S:93]C([H])([H])[H])nc1-c1c([H])c([H])c([H])c([H])c1[H],-1,-0.4585461,-0.09533693,-71.46570247892309,81.18346309270048,-0.016349845,0.013182081,-0.0015838817,0.02539891,0.26366836,0.14453363,-931844.450184362,3.8189665246754885,-931837.3770041218,-931840.2248754479
S5-52.5,product,[H]c1sc(N([H])C(=O)[C:91]([H])([H])[C:92]([H])([H])[S:93]C([H])([H])[H])nc1-c1c([H])c([H])c([H])c([H])c1[H],0,-0.12435822,-0.10149274,-174.509996470351,-3.189378157263638,-0.033103973,-0.034896143,-0.034000058,0.025560468,0.0057926998,0.015676584,-932201.7398234844,1.3839500155299902,-932197.397724689,-932199.431244972
S5-52.6,reactant,[H]c1sc(N([H])C(=O)[C:91]([H])=[C:92]([H])[H])nc1-c1c([H])c([H])c([H])c([H])c1[H],0,-0.13953267,-0.2720337,-182.146008895935,-5.513355443927054,0.11416823,0.078258574,0.0962134,0.044720396,-0.007998601,0.018360898,-656837.4790542908,1.2433045115321875,-656833.0471791598,-656834.742198454
S5-52.6,intermediate,[H]c1sc(N([H])C(=O)[C-:91]([H])[C:92]([H])([H])[S:93]C([H])([H])[H])nc1-c1c([H])c([H])c([H])c([H])c1[H],-1,-0.51844823,-0.1129761,-74.35179949849572,80.80471426282574,0.008224554,0.023650222,0.015937388,3.248453e-05,0.38289177,0.19146213,-931834.4236430178,1.9826564155519009,-931828.7752811975,-931831.1720535124
S5-52.6,product,[H]c1sc(N([H])C(=O)[C:91]([H])([H])[C:92]([H])([H])[S:93]C([H])([H])[H])nc1-c1c([H])c([H])c([H])c([H])c1[H],0,-0.12419092,-0.10088497,-174.45969674334725,-3.067849875593106,-0.032913096,-0.034961052,-0.033937074,0.025689192,0.0059352145,0.015812203,-932201.7375762587,1.8589427154511213,-932196.1401552348,-932199.3624409535
S5-36.1,reactant,[H]O[C@]([H])(c1c([H])c([H])c([H])c(OC([H])([H])[H])c1[H])C(N([H])C(=O)[C:91]([H])=[C:92]([H])[H])(C([H])([H])[H])C([H])([H])[H],0,-0.16717336,-0.28514725,-188.9413946052492,7.424641217114691,0.086395204,0.054233477,0.07031434,0.0044713765,-0.011043221,-0.003285922,-518267.5460536018,1.1156229879707098,-518263.6325857992,-518266.15536796494
S5-36.1,intermediate,[H]O[C@]([H])(c1c([H])c([H])c([H])c(OC([H])([H])[H])c1[H])C(N([H])C(=O)[C-:91]([H])[C:92]([H])([H])[S:93]C([H])([H])[H])(C([H])([H])[H])C([H])([H])[H],-1,-0.4997767,-0.1375789,-78.03858870762079,87.64205149303396,0.06498054,0.07503526,0.0700079,0.027184278,0.3666893,0.19693679,-793266.0920991926,6.7678606659173965,-793245.0287793368,-793249.1780881501
S5-36.1,product,[H]O[C@]([H])(c1c([H])c([H])c([H])c(OC([H])([H])[H])c1[H])C(N([H])C(=O)[C:91]([H])([H])[C:92]([H])([H])[S:93]C([H])([H])[H])(C([H])([H])[H])C([H])([H])[H],0,-0.13199621,-0.10567637,-174.75630598282044,5.42398706332956,-0.041107483,-0.03842461,-0.039766047,0.045126364,0.02068574,0.03290605,-793629.5430683162,2.3503290060907602,-793624.6791863309,-793627.7823926698
S5-36.2,reactant,[H]O[C@]([H])(c1c([H])c([H])c([H])c(OC([H])([H])[H])c1[H])C(N([H])C(=O)[C:91]([H])=[C:92]([H])[H])(C([H])([H])[H])C([H])([H])[H],0,-0.15828252,-0.2879141,-186.09157630187065,7.731322739794547,0.12535208,0.082696676,0.10402438,0.05234535,-0.014717162,0.018814094,-518268.108265835,1.5044450163841248,-518263.9977077519,-518266.9090314788
S5-36.2,intermediate,[H]O[C@]([H])(c1c([H])c([H])c([H])c(OC([H])([H])[H])c1[H])C(N([H])C(=O)[C-:91]([H])[C:92]([H])([H])[S:93]C([H])([H])[H])(C([H])([H])[H])C([H])([H])[H],-1,-0.5165091,-0.1109418,-71.40149135949754,85.60627883844573,0.037682787,0.048693057,0.043187924,-0.015652299,0.4146666,0.19950715,-793256.6112167386,3.220647318288684,-793247.6526652322,-793250.0555290955
S5-36.2,product,[H]O[C@]([H])(c1c([H])c([H])c([H])c(OC([H])([H])[H])c1[H])C(N([H])C(=O)[C:91]([H])([H])[C:92]([H])([H])[S:93]C([H])([H])[H])(C([H])([H])[H])C([H])([H])[H],0,-0.13329281,-0.11146708,-173.16401560460005,7.503650843992028,-0.04060231,-0.032876685,-0.0367395,0.034201995,0.017572492,0.025887243,-793632.0469117041,1.643647687509656,-793626.9757544668,-793630.2472754936
S5-36.3,reactant,[H]O[C@]([H])(c1c([H])c([H])c([H])c(OC([H])([H])[H])c1[H])C(N([H])C(=O)[C:91]([H])=[C:92]([H])[H])(C([H])([H])[H])C([H])([H])[H],0,-0.15796085,-0.28804904,-186.132710467682,7.707565522686691,0.124483496,0.08242375,0.10345362,0.053469464,-0.01460503,0.019432217,-518268.11895994196,1.8747370447963476,-518263.6421716509,-518266.9320886649
S5-36.3,intermediate,[H]O[C@]([H])(c1c([H])c([H])c([H])c(OC([H])([H])[H])c1[H])C(N([H])C(=O)[C-:91]([H])[C:92]([H])([H])[S:93]C([H])([H])[H])(C([H])([H])[H])C([H])([H])[H],-1,-0.42830774,-0.1106119,-78.5542574991344,89.09746870875667,0.021280706,0.022736818,0.022008762,-0.008007467,0.32835248,0.1601725,-793269.4303056807,4.499620798975229,-793262.6355197835,-793265.6594073365
S5-36.3,product,[H]O[C@]([H])(c1c([H])c([H])c([H])c(OC([H])([H])[H])c1[H])C(N([H])C(=O)[C:91]([H])([H])[C:92]([H])([H])[S:93]C([H])([H])[H])(C([H])([H])[H])C([H])([H])[H],0,-0.12957478,-0.11271382,-172.8131409631366,7.427437215420851,-0.04281953,-0.034800164,-0.038809847,0.056197748,0.033423945,0.044810846,-793631.2524668962,2.041365733370185,-793626.2036773337,-793629.1769672742
S5-36.4,reactant,[H]O[C@]([H])(c1c([H])c([H])c([H])c(OC([H])([H])[H])c1[H])C(N([H])C(=O)[C:91]([H])=[C:92]([H])[H])(C([H])([H])[H])C([H])([H])[H],0,-0.1581715,-0.287981,-186.0950662961602,7.728876621189662,0.12507838,0.08271621,0.103897296,0.05246137,-0.014754072,0.01885365,-518268.1088665549,1.5925415586680174,-518264.78896346287,-518266.92928520334
S5-36.4,intermediate,[H]O[C@]([H])(c1c([H])c([H])c([H])c(OC([H])([H])[H])c1[H])C(N([H])C(=O)[C-:91]([H])[C:92]([H])([H])[S:93]C([H])([H])[H])(C([H])([H])[H])C([H])([H])[H],-1,-0.46917492,-0.110532954,-78.2669038507139,89.01350812489267,0.0077868104,0.025129631,0.01645822,0.01689282,0.3543141,0.18560345,-793269.3057355366,4.960711494088173,-793260.4989709922,-793262.9058106294
S5-36.4,product,[H]O[C@]([H])(c1c([H])c([H])c([H])c(OC([H])([H])[H])c1[H])C(N([H])C(=O)[C:91]([H])([H])[C:92]([H])([H])[S:93]C([H])([H])[H])(C([H])([H])[H])C([H])([H])[H],0,-0.122995675,-0.09787406,-171.949084992125,3.8573305451955355,-0.026156463,-0.038303927,-0.032230195,0.050088763,0.0020327568,0.02606076,-793633.7847929928,2.384317895397544,-793628.2385281574,-793632.1049392615
S5-36.5,reactant,[H]O[C@]([H])(c1c([H])c([H])c([H])c(OC([H])([H])[H])c1[H])C(N([H])C(=O)[C:91]([H])=[C:92]([H])[H])(C([H])([H])[H])C([H])([H])[H],0,-0.14853607,-0.27630123,-186.27403284033483,5.873616124902862,0.10550845,0.048458084,0.076983266,0.045562297,-0.016887695,0.014337301,-518267.89890885487,2.2534929141402245,-518263.650605019,-518266.33930862934
S5-36.5,intermediate,[H]O[C@]([H])(c1c([H])c([H])c([H])c(OC([H])([H])[H])c1[H])C(N([H])C(=O)[C-:91]([H])[C:92]([H])([H])[S:93]C([H])([H])[H])(C([H])([H])[H])C([H])([H])[H],-1,-0.46205887,-0.12638053,-73.78298780400223,99.18739362000409,0.009515613,0.0349271,0.022221357,0.0023356378,0.34049588,0.17141576,-793270.9243200835,4.3519988264888525,-793262.7246073177,-793266.2338059724
S5-36.5,product,[H]O[C@]([H])(c1c([H])c([H])c([H])c(OC([H])([H])[H])c1[H])C(N([H])C(=O)[C:91]([H])([H])[C:92]([H])([H])[S:93]C([H])([H])[H])(C([H])([H])[H])C([H])([H])[H],0,-0.13665809,-0.103089474,-172.57609038656508,9.612004053102243,-0.026840419,-0.032578804,-0.029709611,0.04145494,0.019705445,0.030580193,-793633.6492183544,3.2923442516475916,-793627.7128674516,-793630.9407758319
S5-36.6,reactant,[H]O[C@]([H])(c1c([H])c([H])c([H])c(OC([H])([H])[H])c1[H])C(N([H])C(=O)[C:91]([H])=[C:92]([H])[H])(C([H])([H])[H])C([H])([H])[H],0,-0.15745242,-0.28540426,-186.42782616648793,6.757544134625821,0.12248936,0.08075355,0.10162146,0.05718112,-0.014330357,0.021425381,-518267.0458701471,2.841207878664136,-518260.2626048139,-518262.94137644704
S5-36.6,intermediate,[H]O[C@]([H])(c1c([H])c([H])c([H])c(OC([H])([H])[H])c1[H])C(N([H])C(=O)[C-:91]([H])[C:92]([H])([H])[S:93]C([H])([H])[H])(C([H])([H])[H])C([H])([H])[H],-1,-0.43555823,-0.12511566,-72.68117188497004,90.87430939199501,0.01944828,0.030709848,0.025079064,0.032100827,0.3572274,0.19466412,-793269.0847322884,2.6882939487695694,-793263.7033968802,-793265.9143452441
S5-36.6,product,[H]O[C@]([H])(c1c([H])c([H])c([H])c(OC([H])([H])[H])c1[H])C(N([H])C(=O)[C:91]([H])([H])[C:92]([H])([H])[S:93]C([H])([H])[H])(C([H])([H])[H])C([H])([H])[H],0,-0.12301619,-0.09790274,-171.9609428529489,3.834864515938897,-0.0261046,-0.038330548,-0.032217573,0.050128356,0.001966253,0.026047304,-793633.7881351248,2.652164163067937,-793628.8872040359,-793632.0988488389
S5-36.7,reactant,[H]O[C@]([H])(c1c([H])c([H])c([H])c(OC([H])([H])[H])c1[H])C(N([H])C(=O)[C:91]([H])=[C:92]([H])[H])(C([H])([H])[H])C([H])([H])[H],0,-0.16022635,-0.2884359,-186.71878032365544,7.866526806245646,0.11042696,0.07878475,0.094605856,0.04095137,-0.010461062,0.0152451545,-518267.50600354635,1.752411836758256,-518262.91727703623,-518265.6496349514
S5-36.7,intermediate,[H]O[C@]([H])(c1c([H])c([H])c([H])c(OC([H])([H])[H])c1[H])C(N([H])C(=O)[C-:91]([H])[C:92]([H])([H])[S:93]C([H])([H])[H])(C([H])([H])[H])C([H])([H])[H],-1,-0.5257481,-0.12758118,-75.29521791723425,88.8939346551576,0.036634862,0.046202704,0.041418783,-0.020046175,0.37791747,0.17893565,-793261.9064354073,9.623225728049874,-793245.8697050383,-793248.6866060245
S5-36.7,product,[H]O[C@]([H])(c1c([H])c([H])c([H])c(OC([H])([H])[H])c1[H])C(N([H])C(=O)[C:91]([H])([H])[C:92]([H])([H])[S:93]C([H])([H])[H])(C([H])([H])[H])C([H])([H])[H],0,-0.122818455,-0.09797959,-172.5560583977251,3.176371604111793,-0.027625725,-0.038700014,-0.03316287,0.048844054,0.0020490214,0.025446538,-793633.7904725488,2.205531435087323,-793628.7586655469,-793632.2651291061
S5-36.8,reactant,[H]O[C@]([H])(c1c([H])c([H])c([H])c(OC([H])([H])[H])c1[H])C(N([H])C(=O)[C:91]([H])=[C:92]([H])[H])(C([H])([H])[H])C([H])([H])[H],0,-0.16077475,-0.28827733,-187.70243895029483,8.064691246612412,0.11360946,0.07824087,0.09592517,0.042148307,-0.011017576,0.015565366,-518267.23924925,4.011254457756877,-518261.287293199,-518265.1862103682
S5-36.8,intermediate,[H]O[C@]([H])(c1c([H])c([H])c([H])c(OC([H])([H])[H])c1[H])C(N([H])C(=O)[C-:91]([H])[C:92]([H])([H])[S:93]C([H])([H])[H])(C([H])([H])[H])C([H])([H])[H],-1,-0.4942917,-0.12915352,-66.81517933444836,87.8984552622541,0.029337943,0.03307142,0.031204682,-0.0062792897,0.40903097,0.20137584,-793252.4465362597,4.253513399511576,-793243.1438619463,-793246.5918284382
S5-36.8,product,[H]O[C@]([H])(c1c([H])c([H])c([H])c(OC([H])([H])[H])c1[H])C(N([H])C(=O)[C:91]([H])([H])[C:92]([H])([H])[S:93]C([H])([H])[H])(C([H])([H])[H])C([H])([H])[H],0,-0.1325523,-0.12040233,-174.76150343535153,4.476576954812957,0.0027739778,-0.008756839,-0.0029914305,0.021418959,0.00194031,0.011679634,-793635.77650319,2.497335582971573,-793631.3542227908,-793633.4712840405
S5-36.9,reactant,[H]O[C@]([H])(c1c([H])c([H])c([H])c(OC([H])([H])[H])c1[H])C(N([H])C(=O)[C:91]([H])=[C:92]([H])[H])(C([H])([H])[H])C([H])([H])[H],0,-0.15832193,-0.28796104,-186.08851056675704,7.710250363657353,0.12522906,0.08269557,0.10396232,0.051852673,-0.014740765,0.018555954,-518268.1098753269,1.456304932013154,-518264.04849450215,-518266.93711116293
S5-36.9,intermediate,[H]O[C@]([H])(c1c([H])c([H])c([H])c(OC([H])([H])[H])c1[H])C(N([H])C(=O)[C-:91]([H])[C:92]([H])([H])[S:93]C([H])([H])[H])(C([H])([H])[H])C([H])([H])[H],-1,-0.4504588,-0.11275829,-79.78246633280368,87.53546709818737,0.018364213,0.018009908,0.018187061,0.008888692,0.38476935,0.19682902,-793270.6683801537,4.603852355852723,-793263.0576156238,-793266.3567872507
S5-36.9,product,[H]O[C@]([H])(c1c([H])c([H])c([H])c(OC([H])([H])[H])c1[H])C(N([H])C(=O)[C:91]([H])([H])[C:92]([H])([H])[S:93]C([H])([H])[H])(C([H])([H])[H])C([H])([H])[H],0,-0.14288883,-0.12052346,-172.46762230526946,6.18404504293761,-0.010496192,-0.005955152,-0.008225672,0.018539727,0.0037260056,0.011132866,-793635.1217490932,3.4799312483519316,-793628.9263600695,-793632.1980911618
S5-36.10,reactant,[H]O[C@]([H])(c1c([H])c([H])c([H])c(OC([H])([H])[H])c1[H])C(N([H])C(=O)[C:91]([H])=[C:92]([H])[H])(C([H])([H])[H])C([H])([H])[H],0,-0.16321602,-0.2820236,-185.22782882785356,7.507866178409276,0.16535658,0.08871457,0.12703557,0.08662957,0.0012895614,0.043959565,-518267.5239484922,2.402129979804158,-518260.9648491865,-518264.35332570516
S5-36.10,intermediate,[H]O[C@]([H])(c1c([H])c([H])c([H])c(OC([H])([H])[H])c1[H])C(N([H])C(=O)[C-:91]([H])[C:92]([H])([H])[S:93]C([H])([H])[H])(C([H])([H])[H])C([H])([H])[H],-1,-0.49232757,-0.13388899,-70.85673432610024,101.0498542128828,0.024116233,0.04273987,0.03342805,-0.024138898,0.37359324,0.17472717,-793264.9371191153,2.957032388076186,-793254.4688617716,-793258.3931619052
S5-36.10,product,[H]O[C@]([H])(c1c([H])c([H])c([H])c(OC([H])([H])[H])c1[H])C(N([H])C(=O)[C:91]([H])([H])[C:92]([H])([H])[S:93]C([H])([H])[H])(C([H])([H])[H])C([H])([H])[H],0,-0.14107284,-0.09952804,-176.4647323495493,6.557077503663838,0.028515972,0.004401244,0.016458608,0.04383634,0.018509328,0.031172834,-793638.882264466,2.4992821346968412,-793632.2046284974,-793635.7716162596
S5-24.1,reactant,[H]c1nc(N([H])c2c([H])c([H])c([H])c(Cl)c2F)c2c([H])c(OC3([H])C([H])([H])C([H])([H])N(C(=O)[C:91]([H])=[C:92]([H])[H])C([H])([H])C3([H])[H])c(OC([H])([H])[H])c([H])c2n1,0,-0.15416121,-0.28460735,-161.5065668886525,-24.048533563605265,0.048272967,0.04026626,0.044269614,-0.017285898,-0.01752001,-0.017402954,-1189417.7709343822,6.474468171596527,-1189405.628119963,-1189410.2470633707
S5-24.1,intermediate,[H]c1nc(N([H])c2c([H])c([H])c([H])c(Cl)c2F)c2c([H])c(OC3([H])C([H])([H])C([H])([H])N(C(=O)[C-:91]([H])[C:92]([H])([H])[S:93]C([H])([H])[H])C([H])([H])C3([H])[H])c(OC([H])([H])[H])c([H])c2n1,-1,-0.50488436,-0.119319834,-73.2276954102324,35.35611260492724,0.007444985,0.0148378685,0.011141427,0.076826334,0.29683876,0.18683255,-1464418.275504727,2.6217080391943455,-1464405.112539304,-1464412.799398244
S5-24.1,product,[H]c1nc(N([H])c2c([H])c([H])c([H])c(Cl)c2F)c2c([H])c(OC3([H])C([H])([H])C([H])([H])N(C(=O)[C:91]([H])([H])[C:92]([H])([H])[S:93]C([H])([H])[H])C([H])([H])C3([H])[H])c(OC([H])([H])[H])c([H])c2n1,0,-0.13030866,-0.11097384,-155.72279788372754,-22.865643667658723,-0.033938505,-0.0330616,-0.033500053,0.0032741576,-0.0030972064,8.8475645e-05,-1464782.0318747978,4.337180042639375,-1464767.709177774,-1464775.0330381882
S5-24.2,reactant,[H]c1nc(N([H])c2c([H])c([H])c([H])c(Cl)c2F)c2c([H])c(OC3([H])C([H])([H])C([H])([H])N(C(=O)[C:91]([H])=[C:92]([H])[H])C([H])([H])C3([H])[H])c(OC([H])([H])[H])c([H])c2n1,0,-0.16069703,-0.28974572,-163.04240313727576,-25.343917223548207,0.027904838,0.028507411,0.028206125,-0.0014394224,5.349517e-06,-0.0007170364,-1189416.3418472842,5.459072640165687,-1189402.7601908073,-1189409.4077533106
S5-24.2,intermediate,[H]c1nc(N([H])c2c([H])c([H])c([H])c(Cl)c2F)c2c([H])c(OC3([H])C([H])([H])C([H])([H])N(C(=O)[C-:91]([H])[C:92]([H])([H])[S:93]C([H])([H])[H])C([H])([H])C3([H])[H])c(OC([H])([H])[H])c([H])c2n1,-1,-0.49227828,-0.11958554,-76.5718639056783,37.269899593963025,0.0071328655,0.013807327,0.010470096,0.0834955,0.30528295,0.19438922,-1464417.8856483584,3.935119664296508,-1464403.2046183469,-1464408.7119793622
S5-24.2,product,[H]c1nc(N([H])c2c([H])c([H])c([H])c(Cl)c2F)c2c([H])c(OC3([H])C([H])([H])C([H])([H])N(C(=O)[C:91]([H])([H])[C:92]([H])([H])[S:93]C([H])([H])[H])C([H])([H])C3([H])[H])c(OC([H])([H])[H])c([H])c2n1,0,-0.13660996,-0.12301844,-158.78804786407912,-27.06018843065696,-0.024820335,-0.021765277,-0.023292806,-0.004149452,-0.0072227865,-0.005686119,-1464784.6914636977,4.277415841817856,-1464774.0570991558,-1464780.7199978486
S5-24.3,reactant,[H]c1nc(N([H])c2c([H])c([H])c([H])c(Cl)c2F)c2c([H])c(OC3([H])C([H])([H])C([H])([H])N(C(=O)[C:91]([H])=[C:92]([H])[H])C([H])([H])C3([H])[H])c(OC([H])([H])[H])c([H])c2n1,0,-0.15560788,-0.27920792,-163.12946714738192,-25.979399789147777,0.046817183,0.040257946,0.043537565,-0.019549131,-0.020608902,-0.020079017,-1189422.9239245248,3.4563936851918697,-1189412.9180221513,-1189418.7681259685
S5-24.3,intermediate,[H]c1nc(N([H])c2c([H])c([H])c([H])c(Cl)c2F)c2c([H])c(OC3([H])C([H])([H])C([H])([H])N(C(=O)[C-:91]([H])[C:92]([H])([H])[S:93]C([H])([H])[H])C([H])([H])C3([H])[H])c(OC([H])([H])[H])c([H])c2n1,-1,-0.48747116,-0.1137351,-76.37846454580207,32.720836247347876,0.006617777,0.012218706,0.009418242,0.10001123,0.31351656,0.2067639,-1464417.4779716488,5.068741582334042,-1464403.4421147986,-1464410.1268975285
S5-24.3,product,[H]c1nc(N([H])c2c([H])c([H])c([H])c(Cl)c2F)c2c([H])c(OC3([H])C([H])([H])C([H])([H])N(C(=O)[C:91]([H])([H])[C:92]([H])([H])[S:93]C([H])([H])[H])C([H])([H])C3([H])[H])c(OC([H])([H])[H])c([H])c2n1,0,-0.13036497,-0.116248906,-154.90625451267795,-22.51590252737219,-0.025437608,-0.023868531,-0.02465307,-0.00082845986,-0.0067037493,-0.0037661046,-1464778.3582273154,4.735623007640243,-1464766.9382746452,-1464771.836639386
S5-24.4,reactant,[H]c1nc(N([H])c2c([H])c([H])c([H])c(Cl)c2F)c2c([H])c(OC3([H])C([H])([H])C([H])([H])N(C(=O)[C:91]([H])=[C:92]([H])[H])C([H])([H])C3([H])[H])c(OC([H])([H])[H])c([H])c2n1,0,-0.15597823,-0.283893,-162.53889523009835,-26.034224486001953,0.042621195,0.038159087,0.04039014,-0.02004312,-0.018038988,-0.019041054,-1189421.4739625852,6.587290361523628,-1189411.989304136,-1189416.9334502595
S5-24.4,intermediate,[H]c1nc(N([H])c2c([H])c([H])c([H])c(Cl)c2F)c2c([H])c(OC3([H])C([H])([H])C([H])([H])N(C(=O)[C-:91]([H])[C:92]([H])([H])[S:93]C([H])([H])[H])C([H])([H])C3([H])[H])c(OC([H])([H])[H])c([H])c2n1,-1,-0.49336818,-0.117284715,-74.97247273216401,36.666846249459624,0.008860394,0.014112309,0.0114863515,0.0954102,0.32232922,0.2088697,-1464411.6590942706,5.531984386965632,-1464397.4135702536,-1464400.385075342
S5-24.4,product,[H]c1nc(N([H])c2c([H])c([H])c([H])c(Cl)c2F)c2c([H])c(OC3([H])C([H])([H])C([H])([H])N(C(=O)[C:91]([H])([H])[C:92]([H])([H])[S:93]C([H])([H])[H])C([H])([H])C3([H])[H])c(OC([H])([H])[H])c([H])c2n1,0,-0.12528251,-0.114512935,-157.04504665461624,-23.884036762491785,-0.029779471,-0.02897726,-0.029378366,-0.0050395653,-0.012499958,-0.008769762,-1464785.7017125161,8.670648727566004,-1464769.728433602,-1464776.7389992634
S5-24.5,reactant,[H]c1nc(N([H])c2c([H])c([H])c([H])c(Cl)c2F)c2c([H])c(OC3([H])C([H])([H])C([H])([H])N(C(=O)[C:91]([H])=[C:92]([H])[H])C([H])([H])C3([H])[H])c(OC([H])([H])[H])c([H])c2n1,0,-0.15727831,-0.28835863,-163.05361872792,-25.09650732328215,0.02669385,0.0275262,0.027110025,0.0018046796,0.001530841,0.0016677603,-1189416.281205765,4.367056407034397,-1189403.7373563536,-1189411.1281148132
S5-24.5,intermediate,[H]c1nc(N([H])c2c([H])c([H])c([H])c(Cl)c2F)c2c([H])c(OC3([H])C([H])([H])C([H])([H])N(C(=O)[C-:91]([H])[C:92]([H])([H])[S:93]C([H])([H])[H])C([H])([H])C3([H])[H])c(OC([H])([H])[H])c([H])c2n1,-1,-0.4945285,-0.120275,-77.0108588288266,37.31137897154156,0.0064520016,0.013170235,0.009811118,0.08350143,0.3066187,0.19506006,-1464417.9267124669,5.610413037240505,-1464405.3974005845,-1464409.2416476386
S5-24.5,product,[H]c1nc(N([H])c2c([H])c([H])c([H])c(Cl)c2F)c2c([H])c(OC3([H])C([H])([H])C([H])([H])N(C(=O)[C:91]([H])([H])[C:92]([H])([H])[S:93]C([H])([H])[H])C([H])([H])C3([H])[H])c(OC([H])([H])[H])c([H])c2n1,0,-0.1352674,-0.12275666,-155.66687971595152,-24.356042209960123,-0.025494494,-0.022925228,-0.02420986,-0.004358411,-0.007381782,-0.0058700964,-1464784.465929413,4.690453395247459,-1464772.8147256805,-1464779.1560652952
S5-24.6,reactant,[H]c1nc(N([H])c2c([H])c([H])c([H])c(Cl)c2F)c2c([H])c(OC3([H])C([H])([H])C([H])([H])N(C(=O)[C:91]([H])=[C:92]([H])[H])C([H])([H])C3([H])[H])c(OC([H])([H])[H])c([H])c2n1,0,-0.15902315,-0.28212795,-160.38526544224413,-23.386240964000915,0.05303055,0.042849258,0.047939904,-0.019086182,-0.01817678,-0.01863148,-1189417.404003472,8.599798332899809,-1189405.2891956659,-1189410.9000089467
S5-24.6,intermediate,[H]c1nc(N([H])c2c([H])c([H])c([H])c(Cl)c2F)c2c([H])c(OC3([H])C([H])([H])C([H])([H])N(C(=O)[C-:91]([H])[C:92]([H])([H])[S:93]C([H])([H])[H])C([H])([H])C3([H])[H])c(OC([H])([H])[H])c([H])c2n1,-1,-0.49786595,-0.113764875,-75.78189743971802,35.517571522321404,0.009077385,0.014553301,0.011815343,0.102320105,0.33238104,0.21735057,-1464415.653446913,14.396815948188305,-1464397.8124699665,-1464402.387597802
S5-24.6,product,[H]c1nc(N([H])c2c([H])c([H])c([H])c(Cl)c2F)c2c([H])c(OC3([H])C([H])([H])C([H])([H])N(C(=O)[C:91]([H])([H])[C:92]([H])([H])[S:93]C([H])([H])[H])C([H])([H])C3([H])[H])c(OC([H])([H])[H])c([H])c2n1,0,-0.12958899,-0.11172388,-159.5592703356337,-27.911949898023185,-0.033263303,-0.03289395,-0.033078626,-0.0060956925,-0.01108484,-0.008590266,-1464786.5086679156,2.4945752546191216,-1464775.529819478,-1464782.8423711085
S5-24.7,reactant,[H]c1nc(N([H])c2c([H])c([H])c([H])c(Cl)c2F)c2c([H])c(OC3([H])C([H])([H])C([H])([H])N(C(=O)[C:91]([H])=[C:92]([H])[H])C([H])([H])C3([H])[H])c(OC([H])([H])[H])c([H])c2n1,0,-0.15886542,-0.28243652,-163.29734232537598,-26.965527242174527,0.05071789,0.041149497,0.045933694,-0.02168551,-0.019012526,-0.020349018,-1189421.6833228224,7.296473762020469,-1189408.87543697,-1189415.4425746868
S5-24.7,intermediate,[H]c1nc(N([H])c2c([H])c([H])c([H])c(Cl)c2F)c2c([H])c(OC3([H])C([H])([H])C([H])([H])N(C(=O)[C-:91]([H])[C:92]([H])([H])[S:93]C([H])([H])[H])C([H])([H])C3([H])[H])c(OC([H])([H])[H])c([H])c2n1,-1,-0.4959367,-0.12002815,-72.02019624983402,35.12366387041685,0.0085840225,0.015776895,0.012180459,0.091341734,0.317015,0.20417836,-1464413.3599174637,5.468686545267701,-1464397.1058989323,-1464402.6468843317
S5-24.7,product,[H]c1nc(N([H])c2c([H])c([H])c([H])c(Cl)c2F)c2c([H])c(OC3([H])C([H])([H])C([H])([H])N(C(=O)[C:91]([H])([H])[C:92]([H])([H])[S:93]C([H])([H])[H])C([H])([H])C3([H])[H])c(OC([H])([H])[H])c([H])c2n1,0,-0.13771237,-0.122788094,-155.92161103505157,-25.16861149130879,-0.025645018,-0.022978745,-0.024311882,-0.0042596012,-0.0069122314,-0.0055859163,-1464785.8272941108,2.084649495780468,-1464775.9819183457,-1464782.6586910763
S5-24.8,reactant,[H]c1nc(N([H])c2c([H])c([H])c([H])c(Cl)c2F)c2c([H])c(OC3([H])C([H])([H])C([H])([H])N(C(=O)[C:91]([H])=[C:92]([H])[H])C([H])([H])C3([H])[H])c(OC([H])([H])[H])c([H])c2n1,0,-0.15498506,-0.2833183,-161.74651547149335,-25.91595297784185,0.046658278,0.03976737,0.043212824,-0.019237325,-0.017530814,-0.01838407,-1189421.1031087756,3.2020325139164925,-1189412.3475671236,-1189417.453165245
S5-24.8,intermediate,[H]c1nc(N([H])c2c([H])c([H])c([H])c(Cl)c2F)c2c([H])c(OC3([H])C([H])([H])C([H])([H])N(C(=O)[C-:91]([H])[C:92]([H])([H])[S:93]C([H])([H])[H])C([H])([H])C3([H])[H])c(OC([H])([H])[H])c([H])c2n1,-1,-0.50629336,-0.11323731,-76.94517458067895,33.23268450951904,0.012609541,0.022033647,0.017321594,0.071193874,0.27672082,0.17395735,-1464414.0502275703,3.8238028530031443,-1464404.5388478246,-1464408.7822268447
S5-24.8,product,[H]c1nc(N([H])c2c([H])c([H])c([H])c(Cl)c2F)c2c([H])c(OC3([H])C([H])([H])C([H])([H])N(C(=O)[C:91]([H])([H])[C:92]([H])([H])[S:93]C([H])([H])[H])C([H])([H])C3([H])[H])c(OC([H])([H])[H])c([H])c2n1,0,-0.13959596,-0.115484394,-157.39344680828808,-23.8574322308435,-0.026722558,-0.024855055,-0.025788806,-0.0016846061,-0.0056662112,-0.0036754087,-1464779.2318032458,5.696119621396065,-1464766.9100437947,-1464773.306608833
S5-24.9,reactant,[H]c1nc(N([H])c2c([H])c([H])c([H])c(Cl)c2F)c2c([H])c(OC3([H])C([H])([H])C([H])([H])N(C(=O)[C:91]([H])=[C:92]([H])[H])C([H])([H])C3([H])[H])c(OC([H])([H])[H])c([H])c2n1,0,-0.16334018,-0.2890691,-162.87499737638478,-24.596632196693477,0.029904068,0.03010273,0.030003399,-0.00176768,-0.00020059943,-0.0009841397,-1189413.800637366,6.500525441020727,-1189403.1664147617,-1189407.9930960299
S5-24.9,intermediate,[H]c1nc(N([H])c2c([H])c([H])c([H])c(Cl)c2F)c2c([H])c(OC3([H])C([H])([H])C([H])([H])N(C(=O)[C-:91]([H])[C:92]([H])([H])[S:93]C([H])([H])[H])C([H])([H])C3([H])[H])c(OC([H])([H])[H])c([H])c2n1,-1,-0.45658076,-0.113961786,-75.90451189841697,33.65429648488708,0.0057372004,0.01131624,0.00852672,0.067486346,0.28544205,0.1764642,-1464423.1043599688,5.334127938374877,-1464409.4293660375,-1464416.0483245992
S5-24.9,product,[H]c1nc(N([H])c2c([H])c([H])c([H])c(Cl)c2F)c2c([H])c(OC3([H])C([H])([H])C([H])([H])N(C(=O)[C:91]([H])([H])[C:92]([H])([H])[S:93]C([H])([H])[H])C([H])([H])C3([H])[H])c(OC([H])([H])[H])c([H])c2n1,0,-0.13510531,-0.123321734,-157.7810089957122,-26.675427531881063,-0.025721192,-0.022983499,-0.024352346,-0.0034217238,-0.0065413713,-0.0049815476,-1464786.6132025956,9.116033531725407,-1464775.754895211,-1464780.5713274556
S5-24.10,reactant,[H]c1nc(N([H])c2c([H])c([H])c([H])c(Cl)c2F)c2c([H])c(OC3([H])C([H])([H])C([H])([H])N(C(=O)[C:91]([H])=[C:92]([H])[H])C([H])([H])C3([H])[H])c(OC([H])([H])[H])c([H])c2n1,0,-0.15369791,-0.282512,-162.7808400326657,-26.267123379461488,0.04683706,0.041009635,0.04392335,-0.022615641,-0.020796567,-0.021706104,-1189422.828742062,4.737951783463359,-1189415.2184278218,-1189418.7834715925
S5-24.10,intermediate,[H]c1nc(N([H])c2c([H])c([H])c([H])c(Cl)c2F)c2c([H])c(OC3([H])C([H])([H])C([H])([H])N(C(=O)[C-:91]([H])[C:92]([H])([H])[S:93]C([H])([H])[H])C([H])([H])C3([H])[H])c(OC([H])([H])[H])c([H])c2n1,-1,-0.504094,-0.11887784,-72.8325334177176,34.552531917291454,0.0098128915,0.016621284,0.013217088,0.09164935,0.3247059,0.20817763,-1464413.336193382,8.071877475827932,-1464398.8869447038,-1464402.89783447
S5-24.10,product,[H]c1nc(N([H])c2c([H])c([H])c([H])c(Cl)c2F)c2c([H])c(OC3([H])C([H])([H])C([H])([H])N(C(=O)[C:91]([H])([H])[C:92]([H])([H])[S:93]C([H])([H])[H])C([H])([H])C3([H])[H])c(OC([H])([H])[H])c([H])c2n1,0,-0.12626055,-0.1138723,-158.71236528434116,-27.383219482457108,-0.030648261,-0.030053027,-0.030350644,-0.004962638,-0.012117028,-0.008539833,-1464789.4649093882,5.637446248903871,-1464778.7426975963,-1464785.245844078
S5-32.1,reactant,[H]c1c([H])c(S[C@]2([H])C([H])([H])N(C(=O)[C:91]([H])=[C:92]([H])[H])[C@]([H])(C(=O)N([H])C([H])([H])c3c([H])c([H])c(F)c([H])c3[H])C2([H])[H])c([H])c([H])c1F,0,-0.14095528,-0.2892393,-174.677240136201,-19.009718219030475,0.051937044,0.04813993,0.050038487,0.028865352,0.021320567,0.02509296,-1048602.1770538196,4.730558862909675,-1048589.6844822625,-1048596.1453317867
S5-32.1,intermediate,[H]c1c([H])c(S[C@]2([H])C([H])([H])N(C(=O)[C-:91]([H])[C:92]([H])([H])[S:93]C([H])([H])[H])[C@]([H])(C(=O)N([H])C([H])([H])c3c([H])c([H])c(F)c([H])c3[H])C2([H])[H])c([H])c([H])c1F,-1,-0.47118813,-0.1252957,-81.12029933818603,57.81317297953679,0.008483976,0.013324924,0.01090445,0.14412409,0.4066685,0.27539632,-1323600.8395390834,8.1900022495538,-1323584.479915241,-1323591.1763348924
S5-32.1,product,[H]c1c([H])c(S[C@]2([H])C([H])([H])N(C(=O)[C:91]([H])([H])[C:92]([H])([H])[S:93]C([H])([H])[H])[C@]([H])(C(=O)N([H])C([H])([H])c3c([H])c([H])c(F)c([H])c3[H])C2([H])[H])c([H])c([H])c1F,0,-0.11729102,-0.116965435,-165.22716612718352,-23.250377411862093,-0.030507654,-0.029357828,-0.029932741,0.026284054,0.0063587204,0.016321387,-1323969.2309561903,3.6858585868030787,-1323957.9469116898,-1323964.0528482518
S5-32.2,reactant,[H]c1c([H])c(S[C@]2([H])C([H])([H])N(C(=O)[C:91]([H])=[C:92]([H])[H])[C@]([H])(C(=O)N([H])C([H])([H])c3c([H])c([H])c(F)c([H])c3[H])C2([H])[H])c([H])c([H])c1F,0,-0.14542653,-0.27142656,-176.29752934248665,-24.600703169789657,0.057822943,0.048314586,0.053068765,0.036468685,0.010097787,0.023283236,-1048601.7695858504,4.074422065168619,-1048590.6424392362,-1048596.5374924247
S5-32.2,intermediate,[H]c1c([H])c(S[C@]2([H])C([H])([H])N(C(=O)[C-:91]([H])[C:92]([H])([H])[S:93]C([H])([H])[H])[C@]([H])(C(=O)N([H])C([H])([H])c3c([H])c([H])c(F)c([H])c3[H])C2([H])[H])c([H])c([H])c1F,-1,-0.47685134,-0.11494451,-86.72468792815997,55.67783182840904,0.036933295,0.04209458,0.039513938,0.07103783,0.38989422,0.23046602,-1323609.3289374304,2.507261782884598,-1323599.7977999388,-1323604.5785086264
S5-32.2,product,[H]c1c([H])c(S[C@]2([H])C([H])([H])N(C(=O)[C:91]([H])([H])[C:92]([H])([H])[S:93]C([H])([H])[H])[C@]([H])(C(=O)N([H])C([H])([H])c3c([H])c([H])c(F)c([H])c3[H])C2([H])[H])c([H])c([H])c1F,0,-0.10544825,-0.12565367,-166.51320579098444,-19.25177471610524,0.020118803,0.0031099617,0.011614382,0.0062016994,0.00054930896,0.0033755042,-1323975.2340591894,7.573183998465538,-1323960.3244516707,-1323967.2799864707
S5-32.3,reactant,[H]c1c([H])c(S[C@]2([H])C([H])([H])N(C(=O)[C:91]([H])=[C:92]([H])[H])[C@]([H])(C(=O)N([H])C([H])([H])c3c([H])c([H])c(F)c([H])c3[H])C2([H])[H])c([H])c([H])c1F,0,-0.14105056,-0.2758286,-174.522178304811,-24.230216398181494,0.05568701,0.04696782,0.051327415,0.03664735,0.0052196234,0.020933487,-1048604.6558883411,5.570910785347223,-1048593.0644564645,-1048598.4040987154
S5-32.3,intermediate,[H]c1c([H])c(S[C@]2([H])C([H])([H])N(C(=O)[C-:91]([H])[C:92]([H])([H])[S:93]C([H])([H])[H])[C@]([H])(C(=O)N([H])C([H])([H])c3c([H])c([H])c(F)c([H])c3[H])C2([H])[H])c([H])c([H])c1F,-1,-0.46056554,-0.13412529,-84.61346305408657,56.53622155529855,0.017873257,0.025209822,0.02154154,0.08997139,0.40436938,0.24717039,-1323611.0979153966,4.994810523465276,-1323599.7915373053,-1323605.4190832544
S5-32.3,product,[H]c1c([H])c(S[C@]2([H])C([H])([H])N(C(=O)[C:91]([H])([H])[C:92]([H])([H])[S:93]C([H])([H])[H])[C@]([H])(C(=O)N([H])C([H])([H])c3c([H])c([H])c(F)c([H])c3[H])C2([H])[H])c([H])c([H])c1F,0,-0.11088356,-0.10955667,-162.24862724967795,-17.47268226595997,-0.03631798,-0.03780382,-0.0370609,0.03957943,0.008934781,0.024257105,-1323974.6949855178,3.970873052254319,-1323964.8322411182,-1323970.593602683
S5-32.4,reactant,[H]c1c([H])c(S[C@]2([H])C([H])([H])N(C(=O)[C:91]([H])=[C:92]([H])[H])[C@]([H])(C(=O)N([H])C([H])([H])c3c([H])c([H])c(F)c([H])c3[H])C2([H])[H])c([H])c([H])c1F,0,-0.12034888,-0.2916892,-175.80586670837408,-17.989413339035227,0.056883484,0.054600567,0.055742025,0.021098606,-0.006597899,0.0072503537,-1048603.1727621243,5.054000491276383,-1048589.811903503,-1048596.939565929
S5-32.4,intermediate,[H]c1c([H])c(S[C@]2([H])C([H])([H])N(C(=O)[C-:91]([H])[C:92]([H])([H])[S:93]C([H])([H])[H])[C@]([H])(C(=O)N([H])C([H])([H])c3c([H])c([H])c(F)c([H])c3[H])C2([H])[H])c([H])c([H])c1F,-1,-0.5030911,-0.11250198,-86.40329865491213,61.10724232241449,0.056064352,0.04937215,0.052718252,0.105475426,0.3972965,0.25138596,-1323610.4178167963,6.314113827422261,-1323593.5629504146,-1323598.814439405
S5-32.4,product,[H]c1c([H])c(S[C@]2([H])C([H])([H])N(C(=O)[C:91]([H])([H])[C:92]([H])([H])[S:93]C([H])([H])[H])[C@]([H])(C(=O)N([H])C([H])([H])c3c([H])c([H])c(F)c([H])c3[H])C2([H])[H])c([H])c([H])c1F,0,-0.12223528,-0.11742542,-163.22843424981394,-19.078382825096888,-0.02114971,-0.019674174,-0.020411942,0.013437718,0.0037595853,0.008598652,-1323965.4081227009,3.8880411237478256,-1323953.6516624698,-1323961.1665494859
S5-32.5,reactant,[H]c1c([H])c(S[C@]2([H])C([H])([H])N(C(=O)[C:91]([H])=[C:92]([H])[H])[C@]([H])(C(=O)N([H])C([H])([H])c3c([H])c([H])c(F)c([H])c3[H])C2([H])[H])c([H])c([H])c1F,0,-0.13180636,-0.28203115,-176.70560129251373,-25.754228235104062,0.046883464,0.05396703,0.050425246,0.046966508,0.03856013,0.04276332,-1048602.5042602478,4.042583916336298,-1048593.1675208097,-1048597.8016430535
S5-32.5,intermediate,[H]c1c([H])c(S[C@]2([H])C([H])([H])N(C(=O)[C-:91]([H])[C:92]([H])([H])[S:93]C([H])([H])[H])[C@]([H])(C(=O)N([H])C([H])([H])c3c([H])c([H])c(F)c([H])c3[H])C2([H])[H])c([H])c([H])c1F,-1,-0.36006638,-0.1386072,-73.54199134131018,66.73603852923543,0.053155452,0.05211348,0.052634466,-0.0329535,0.22946005,0.09825327,-1323614.2556834708,6.55267483741045,-1323600.5138720025,-1323606.2831216322
S5-32.5,product,[H]c1c([H])c(S[C@]2([H])C([H])([H])N(C(=O)[C:91]([H])([H])[C:92]([H])([H])[S:93]C([H])([H])[H])[C@]([H])(C(=O)N([H])C([H])([H])c3c([H])c([H])c(F)c([H])c3[H])C2([H])[H])c([H])c([H])c1F,0,-0.11226884,-0.10888463,-162.68311543997459,-17.692553239695147,-0.03340812,-0.034458965,-0.033933543,0.023925059,-0.0002701208,0.011827469,-1323975.0379972223,4.16306172311306,-1323965.3708975809,-1323971.0262506267
S5-32.6,reactant,[H]c1c([H])c(S[C@]2([H])C([H])([H])N(C(=O)[C:91]([H])=[C:92]([H])[H])[C@]([H])(C(=O)N([H])C([H])([H])c3c([H])c([H])c(F)c([H])c3[H])C2([H])[H])c([H])c([H])c1F,0,-0.14989306,-0.28641394,-171.79578019944836,-21.972232573197054,0.0797534,0.06258309,0.071168244,0.050184354,0.009881005,0.03003268,-1048604.274659145,3.590782228857279,-1048594.6764668163,-1048600.1741639515
S5-32.6,intermediate,[H]c1c([H])c(S[C@]2([H])C([H])([H])N(C(=O)[C-:91]([H])[C:92]([H])([H])[S:93]C([H])([H])[H])[C@]([H])(C(=O)N([H])C([H])([H])c3c([H])c([H])c(F)c([H])c3[H])C2([H])[H])c([H])c([H])c1F,-1,-0.47579172,-0.13221066,-81.01054692324533,57.81322913702971,0.047996104,0.036658555,0.04232733,0.06499985,0.38092738,0.22296362,-1323603.0952815711,3.2106938641518354,-1323590.1466970546,-1323596.6521200882
S5-32.6,product,[H]c1c([H])c(S[C@]2([H])C([H])([H])N(C(=O)[C:91]([H])([H])[C:92]([H])([H])[S:93]C([H])([H])[H])[C@]([H])(C(=O)N([H])C([H])([H])c3c([H])c([H])c(F)c([H])c3[H])C2([H])[H])c([H])c([H])c1F,0,-0.103089504,-0.11656122,-165.42086374691513,-19.17108358059248,-0.01209221,-0.013388813,-0.012740511,0.022720672,0.01240357,0.017562121,-1323970.8848666486,4.384120423346758,-1323958.9251697925,-1323966.9018495486
S5-32.7,reactant,[H]c1c([H])c(S[C@]2([H])C([H])([H])N(C(=O)[C:91]([H])=[C:92]([H])[H])[C@]([H])(C(=O)N([H])C([H])([H])c3c([H])c([H])c(F)c([H])c3[H])C2([H])[H])c([H])c([H])c1F,0,-0.13963683,-0.28193307,-174.60164777969848,-22.692207830233425,0.067854255,0.0513082,0.059581228,0.05981812,0.009134114,0.034476116,-1048606.9247884664,3.4626127257943153,-1048599.2360561567,-1048603.3543271113
S5-32.7,intermediate,[H]c1c([H])c(S[C@]2([H])C([H])([H])N(C(=O)[C-:91]([H])[C:92]([H])([H])[S:93]C([H])([H])[H])[C@]([H])(C(=O)N([H])C([H])([H])c3c([H])c([H])c(F)c([H])c3[H])C2([H])[H])c([H])c([H])c1F,-1,-0.44158712,-0.12019271,-83.19915285505577,62.57928560978046,0.025582105,0.029091612,0.027336858,0.0495826,0.36612895,0.20785578,-1323616.3690021003,10.748455153778195,-1323579.2442120335,-1323586.3380770464
S5-32.7,product,[H]c1c([H])c(S[C@]2([H])C([H])([H])N(C(=O)[C:91]([H])([H])[C:92]([H])([H])[S:93]C([H])([H])[H])[C@]([H])(C(=O)N([H])C([H])([H])c3c([H])c([H])c(F)c([H])c3[H])C2([H])[H])c([H])c([H])c1F,0,-0.116934754,-0.114918604,-164.21667687590042,-18.57779859619041,0.0006225109,-0.008879229,-0.0041283593,0.022232942,0.008514084,0.015373513,-1323974.6048933119,6.577090138569474,-1323961.089357181,-1323967.7333043134
S5-32.8,reactant,[H]c1c([H])c(S[C@]2([H])C([H])([H])N(C(=O)[C:91]([H])=[C:92]([H])[H])[C@]([H])(C(=O)N([H])C([H])([H])c3c([H])c([H])c(F)c([H])c3[H])C2([H])[H])c([H])c([H])c1F,0,-0.13435838,-0.28101853,-172.44137537171846,-24.780434739627445,0.07837859,0.054627925,0.06650326,0.07161835,0.014683217,0.043150783,-1048607.8221037234,6.959841536357999,-1048594.4891127872,-1048599.5437396017
S5-32.8,intermediate,[H]c1c([H])c(S[C@]2([H])C([H])([H])N(C(=O)[C-:91]([H])[C:92]([H])([H])[S:93]C([H])([H])[H])[C@]([H])(C(=O)N([H])C([H])([H])c3c([H])c([H])c(F)c([H])c3[H])C2([H])[H])c([H])c([H])c1F,-1,-0.4875235,-0.10764405,-79.1027896092282,62.04230566833699,0.043491706,0.030306645,0.036899175,0.04432881,0.3861708,0.2152498,-1323605.0635384212,4.725357700139284,-1323591.4297433374,-1323597.8394233766
S5-32.8,product,[H]c1c([H])c(S[C@]2([H])C([H])([H])N(C(=O)[C:91]([H])([H])[C:92]([H])([H])[S:93]C([H])([H])[H])[C@]([H])(C(=O)N([H])C([H])([H])c3c([H])c([H])c(F)c([H])c3[H])C2([H])[H])c([H])c([H])c1F,0,-0.14014995,-0.12699842,-163.70276601489113,-17.589905781851243,-0.021373942,-0.017520174,-0.019447058,0.02133967,0.015272871,0.01830627,-1323971.4657520938,6.887453047558665,-1323958.6862260418,-1323964.3002098463
S5-32.9,reactant,[H]c1c([H])c(S[C@]2([H])C([H])([H])N(C(=O)[C:91]([H])=[C:92]([H])[H])[C@]([H])(C(=O)N([H])C([H])([H])c3c([H])c([H])c(F)c([H])c3[H])C2([H])[H])c([H])c([H])c1F,0,-0.13914315,-0.28084865,-174.8851666230745,-22.52836166401336,0.07461035,0.053086296,0.063848324,0.06520362,0.008841634,0.037022628,-1048606.7312381028,3.1489935610443354,-1048598.8647945991,-1048603.2929242915
S5-32.9,intermediate,[H]c1c([H])c(S[C@]2([H])C([H])([H])N(C(=O)[C-:91]([H])[C:92]([H])([H])[S:93]C([H])([H])[H])[C@]([H])(C(=O)N([H])C([H])([H])c3c([H])c([H])c(F)c([H])c3[H])C2([H])[H])c([H])c([H])c1F,-1,-0.5130319,-0.10950092,-83.42541464054673,57.44828129887931,0.025927179,0.024791934,0.025359556,0.11740589,0.43230498,0.27485543,-1323615.693539814,6.48516914434731,-1323583.143585354,-1323589.2682086227
S5-32.9,product,[H]c1c([H])c(S[C@]2([H])C([H])([H])N(C(=O)[C:91]([H])([H])[C:92]([H])([H])[S:93]C([H])([H])[H])[C@]([H])(C(=O)N([H])C([H])([H])c3c([H])c([H])c(F)c([H])c3[H])C2([H])[H])c([H])c([H])c1F,0,-0.09871644,-0.10882394,-164.33504562836683,-20.40580407686043,-0.009531923,-0.015332952,-0.012432437,0.02313219,0.010779142,0.016955666,-1323967.9273540073,4.028842970728874,-1323956.9730177626,-1323963.4259811295
S5-32.10,reactant,[H]c1c([H])c(S[C@]2([H])C([H])([H])N(C(=O)[C:91]([H])=[C:92]([H])[H])[C@]([H])(C(=O)N([H])C([H])([H])c3c([H])c([H])c(F)c([H])c3[H])C2([H])[H])c([H])c([H])c1F,0,-0.13505025,-0.28117135,-172.8592400813475,-19.27489462123999,0.101323605,0.059226617,0.08027511,0.060896784,0.0029063523,0.03190157,-1048609.1416112424,5.644703213125467,-1048601.0755213385,-1048605.5957574921
S5-32.10,intermediate,[H]c1c([H])c(S[C@]2([H])C([H])([H])N(C(=O)[C-:91]([H])[C:92]([H])([H])[S:93]C([H])([H])[H])[C@]([H])(C(=O)N([H])C([H])([H])c3c([H])c([H])c(F)c([H])c3[H])C2([H])[H])c([H])c([H])c1F,-1,-0.46529642,-0.10716453,-85.25701686439122,57.001954528060615,0.024462849,0.021218546,0.022840697,0.057836205,0.38584924,0.22184274,-1323614.2856657156,9.481089713051915,-1323594.4067704151,-1323599.710428754
S5-32.10,product,[H]c1c([H])c(S[C@]2([H])C([H])([H])N(C(=O)[C:91]([H])([H])[C:92]([H])([H])[S:93]C([H])([H])[H])[C@]([H])(C(=O)N([H])C([H])([H])c3c([H])c([H])c(F)c([H])c3[H])C2([H])[H])c([H])c([H])c1F,0,-0.11267459,-0.10884256,-162.70360387358943,-17.577707415282006,-0.033160865,-0.034341432,-0.03375115,0.023009948,-0.0004614964,0.011274226,-1323975.0418817918,4.535575835034251,-1323965.4998262988,-1323970.920365344
S5-30.1,reactant,[H]c1c(Cl)c(Cl)c([H])c(N([H])C([H])([H])C(=O)N2C([H])([H])C([H])([H])N(C(=O)[C:91]([H])=[C:92]([H])[H])C([H])([H])C2([H])[H])c1OC([H])([H])[H],0,-0.14404508,-0.28517672,-172.014587014079,-12.59183916525746,0.084781855,0.05036524,0.06757355,0.01277943,-0.018728629,-0.0029745996,-1212531.1724343302,2.138120785355568,-1212523.6634471712,-1212528.3513907264
S5-30.1,intermediate,[H]c1c(Cl)c(Cl)c([H])c(N([H])C([H])([H])C(=O)N2C([H])([H])C([H])([H])N(C(=O)[C-:91]([H])[C:92]([H])([H])[S:93]C([H])([H])[H])C([H])([H])C2([H])[H])c1OC([H])([H])[H],-1,-0.45338297,-0.112277456,-77.67041532475025,58.148948927827334,0.0070565343,0.013323098,0.010189816,0.016950846,0.30313015,0.1600405,-1487537.2261044963,4.24452437646687,-1487526.0836449629,-1487531.0069522096
S5-30.1,product,[H]c1c(Cl)c(Cl)c([H])c(N([H])C([H])([H])C(=O)N2C([H])([H])C([H])([H])N(C(=O)[C:91]([H])([H])[C:92]([H])([H])[S:93]C([H])([H])[H])C([H])([H])C2([H])[H])c1OC([H])([H])[H],0,-0.12052832,-0.109943956,-166.15915437477486,-11.423975783962586,-0.036025546,-0.037832946,-0.036929246,0.010790519,-0.0074788556,0.0016558319,-1487897.9188414866,3.906226260587573,-1487889.7703215631,-1487894.618603741
S5-30.2,reactant,[H]c1c(Cl)c(Cl)c([H])c(N([H])C([H])([H])C(=O)N2C([H])([H])C([H])([H])N(C(=O)[C:91]([H])=[C:92]([H])[H])C([H])([H])C2([H])[H])c1OC([H])([H])[H],0,-0.14349931,-0.28465945,-172.04981264086956,-12.758496520431327,0.08558601,0.050071344,0.06782868,0.014664382,-0.017932862,-0.0016342402,-1212530.487948783,2.6417854130268097,-1212523.1664379064,-1212527.6648918772
S5-30.2,intermediate,[H]c1c(Cl)c(Cl)c([H])c(N([H])C([H])([H])C(=O)N2C([H])([H])C([H])([H])N(C(=O)[C-:91]([H])[C:92]([H])([H])[S:93]C([H])([H])[H])C([H])([H])C2([H])[H])c1OC([H])([H])[H],-1,-0.51309544,-0.112726934,-76.64267604481853,57.41602590939688,0.007732548,0.014325105,0.011028826,0.028244853,0.35297692,0.19061089,-1487533.0337771599,3.252788729965687,-1487522.1045662654,-1487526.71495983
S5-30.2,product,[H]c1c(Cl)c(Cl)c([H])c(N([H])C([H])([H])C(=O)N2C([H])([H])C([H])([H])N(C(=O)[C:91]([H])([H])[C:92]([H])([H])[S:93]C([H])([H])[H])C([H])([H])C2([H])[H])c1OC([H])([H])[H],0,-0.11905124,-0.10407473,-166.0502550837871,-10.609781434361258,-0.036308713,-0.03890179,-0.037605252,0.009825341,-0.008037649,0.00089384615,-1487896.2496393514,6.365371102467179,-1487886.797863058,-1487891.1630064587
S5-30.3,reactant,[H]c1c(Cl)c(Cl)c([H])c(N([H])C([H])([H])C(=O)N2C([H])([H])C([H])([H])N(C(=O)[C:91]([H])=[C:92]([H])[H])C([H])([H])C2([H])[H])c1OC([H])([H])[H],0,-0.14347917,-0.28542075,-171.86299296802858,-12.274538244206724,0.083559155,0.04960221,0.06658068,0.012731671,-0.018064946,-0.0026666373,-1212531.2564116346,2.3669700641185045,-1212524.7259226725,-1212528.5958229296
S5-30.3,intermediate,[H]c1c(Cl)c(Cl)c([H])c(N([H])C([H])([H])C(=O)N2C([H])([H])C([H])([H])N(C(=O)[C-:91]([H])[C:92]([H])([H])[S:93]C([H])([H])[H])C([H])([H])C2([H])[H])c1OC([H])([H])[H],-1,-0.45519677,-0.119626,-74.50516324216052,56.76012688333172,0.00068219006,0.012744807,0.0067134984,0.04584959,0.33222118,0.18903539,-1487528.8550259299,3.2663492541760206,-1487519.4716253018,-1487523.492476761
S5-30.3,product,[H]c1c(Cl)c(Cl)c([H])c(N([H])C([H])([H])C(=O)N2C([H])([H])C([H])([H])N(C(=O)[C:91]([H])([H])[C:92]([H])([H])[S:93]C([H])([H])[H])C([H])([H])C2([H])[H])c1OC([H])([H])[H],0,-0.12108315,-0.10431806,-164.99035483783462,-10.652730303530744,-0.03559541,-0.038271047,-0.03693323,0.015916564,-0.0039345846,0.0059909895,-1487895.5428386384,2.187206218019128,-1487887.2395928807,-1487892.2710816374
S5-30.4,reactant,[H]c1c(Cl)c(Cl)c([H])c(N([H])C([H])([H])C(=O)N2C([H])([H])C([H])([H])N(C(=O)[C:91]([H])=[C:92]([H])[H])C([H])([H])C2([H])[H])c1OC([H])([H])[H],0,-0.15420952,-0.2850312,-174.16207826331902,-13.477611280090004,0.053098828,0.03993039,0.046514608,0.012726247,-0.0007215291,0.006002359,-1212525.8125588924,4.980405962094665,-1212517.8428382608,-1212522.24208013
S5-30.4,intermediate,[H]c1c(Cl)c(Cl)c([H])c(N([H])C([H])([H])C(=O)N2C([H])([H])C([H])([H])N(C(=O)[C-:91]([H])[C:92]([H])([H])[S:93]C([H])([H])[H])C([H])([H])C2([H])[H])c1OC([H])([H])[H],-1,-0.5062795,-0.11903661,-74.71625221683638,58.07846395246823,0.0076517537,0.016983308,0.012317531,0.013424158,0.33677104,0.1750976,-1487532.78825548,2.5571804847568274,-1487521.9182564565,-1487526.6130242269
S5-30.4,product,[H]c1c(Cl)c(Cl)c([H])c(N([H])C([H])([H])C(=O)N2C([H])([H])C([H])([H])N(C(=O)[C:91]([H])([H])[C:92]([H])([H])[S:93]C([H])([H])[H])C([H])([H])C2([H])[H])c1OC([H])([H])[H],0,-0.118557885,-0.110746995,-165.92940159405757,-11.271298002528471,-0.03916943,-0.040937006,-0.04005322,0.02231744,-0.00058698654,0.010865226,-1487898.0924827405,3.978249231353402,-1487889.5421929532,-1487894.4024776213
S5-30.5,reactant,[H]c1c(Cl)c(Cl)c([H])c(N([H])C([H])([H])C(=O)N2C([H])([H])C([H])([H])N(C(=O)[C:91]([H])=[C:92]([H])[H])C([H])([H])C2([H])[H])c1OC([H])([H])[H],0,-0.14045174,-0.28488022,-172.14624763692288,-12.897628030799991,0.085177094,0.05117005,0.06817357,0.023158371,-0.014129549,0.004514411,-1212529.521694599,3.66561633720994,-1212521.0470622133,-1212526.0576187265
S5-30.5,intermediate,[H]c1c(Cl)c(Cl)c([H])c(N([H])C([H])([H])C(=O)N2C([H])([H])C([H])([H])N(C(=O)[C-:91]([H])[C:92]([H])([H])[S:93]C([H])([H])[H])C([H])([H])C2([H])[H])c1OC([H])([H])[H],-1,-0.5011783,-0.1203763,-75.66940170371431,58.547823171835475,0.008182861,0.018008642,0.013095751,0.021647453,0.3402986,0.18097302,-1487532.707284693,2.5085740461945534,-1487523.4988956023,-1487527.3257382342
S5-30.5,product,[H]c1c(Cl)c(Cl)c([H])c(N([H])C([H])([H])C(=O)N2C([H])([H])C([H])([H])N(C(=O)[C:91]([H])([H])[C:92]([H])([H])[S:93]C([H])([H])[H])C([H])([H])C2([H])[H])c1OC([H])([H])[H],0,-0.1281148,-0.11914801,-163.4170763844264,-10.018233454668923,-0.028840885,-0.02659864,-0.027719762,0.010640129,-2.682209e-06,0.0053187236,-1487894.948261533,2.194088354706764,-1487887.5665769659,-1487891.4732339443
S5-30.6,reactant,[H]c1c(Cl)c(Cl)c([H])c(N([H])C([H])([H])C(=O)N2C([H])([H])C([H])([H])N(C(=O)[C:91]([H])=[C:92]([H])[H])C([H])([H])C2([H])[H])c1OC([H])([H])[H],0,-0.14367767,-0.2843801,-172.2835803813196,-12.48930276801952,0.09266472,0.053516626,0.07309067,0.021293417,-0.015335634,0.0029788911,-1212529.8451817082,2.161467818543315,-1212522.0013551293,-1212526.6205604535
S5-30.6,intermediate,[H]c1c(Cl)c(Cl)c([H])c(N([H])C([H])([H])C(=O)N2C([H])([H])C([H])([H])N(C(=O)[C-:91]([H])[C:92]([H])([H])[S:93]C([H])([H])[H])C([H])([H])C2([H])[H])c1OC([H])([H])[H],-1,-0.45870948,-0.123618044,-76.8268573431912,57.74660829161982,-0.0032769889,0.007694654,0.0022088327,0.07432699,0.3549657,0.21464634,-1487530.2555358834,4.000458056107163,-1487519.762926326,-1487524.528308382
S5-30.6,product,[H]c1c(Cl)c(Cl)c([H])c(N([H])C([H])([H])C(=O)N2C([H])([H])C([H])([H])N(C(=O)[C:91]([H])([H])[C:92]([H])([H])[S:93]C([H])([H])[H])C([H])([H])C2([H])[H])c1OC([H])([H])[H],0,-0.11931218,-0.107343055,-163.72534143224723,-10.459493449942867,-0.038825564,-0.040698238,-0.0397619,0.030219272,0.0063560754,0.018287674,-1487895.0465622523,2.176255913451314,-1487885.875584469,-1487891.6568390504
S5-30.7,reactant,[H]c1c(Cl)c(Cl)c([H])c(N([H])C([H])([H])C(=O)N2C([H])([H])C([H])([H])N(C(=O)[C:91]([H])=[C:92]([H])[H])C([H])([H])C2([H])[H])c1OC([H])([H])[H],0,-0.14731187,-0.2860252,-173.64959671230122,-13.054908493904243,0.04536614,0.0350914,0.04022877,0.022864372,0.0020725876,0.01246848,-1212528.5014644857,1.8323748037219048,-1212521.1506886687,-1212526.1274095157
S5-30.7,intermediate,[H]c1c(Cl)c(Cl)c([H])c(N([H])C([H])([H])C(=O)N2C([H])([H])C([H])([H])N(C(=O)[C-:91]([H])[C:92]([H])([H])[S:93]C([H])([H])[H])C([H])([H])C2([H])[H])c1OC([H])([H])[H],-1,-0.4003979,-0.102744624,-78.47215372852664,63.29791896458536,0.020907298,0.031515554,0.026211426,0.020467132,0.2726273,0.14654721,-1487525.8636666746,6.173787798732519,-1487513.9936052943,-1487518.4766983115
S5-30.7,product,[H]c1c(Cl)c(Cl)c([H])c(N([H])C([H])([H])C(=O)N2C([H])([H])C([H])([H])N(C(=O)[C:91]([H])([H])[C:92]([H])([H])[S:93]C([H])([H])[H])C([H])([H])C2([H])[H])c1OC([H])([H])[H],0,-0.13631216,-0.11374959,-167.64391290083594,-11.299637018717196,-0.025569461,-0.027316332,-0.026442897,0.0018136054,-0.0068804175,-0.002533406,-1487896.4830064527,3.0706325359642506,-1487888.3806052275,-1487893.195977237
S5-30.8,reactant,[H]c1c(Cl)c(Cl)c([H])c(N([H])C([H])([H])C(=O)N2C([H])([H])C([H])([H])N(C(=O)[C:91]([H])=[C:92]([H])[H])C([H])([H])C2([H])[H])c1OC([H])([H])[H],0,-0.14145978,-0.28470477,-171.76760490634345,-12.301462091540342,0.084566295,0.051333368,0.06794983,0.019658953,-0.014449999,0.002604477,-1212529.391360803,2.1896489337086678,-1212522.4757504107,-1212526.164340445
S5-30.8,intermediate,[H]c1c(Cl)c(Cl)c([H])c(N([H])C([H])([H])C(=O)N2C([H])([H])C([H])([H])N(C(=O)[C-:91]([H])[C:92]([H])([H])[S:93]C([H])([H])[H])C([H])([H])C2([H])[H])c1OC([H])([H])[H],-1,-0.39860374,-0.10979475,-76.30662091898512,75.59994939473961,0.026346713,0.026810512,0.026578613,-0.00018617511,0.29937345,0.14959365,-1487534.6707577677,4.830827035009861,-1487521.0151717858,-1487525.0646257845
S5-30.8,product,[H]c1c(Cl)c(Cl)c([H])c(N([H])C([H])([H])C(=O)N2C([H])([H])C([H])([H])N(C(=O)[C:91]([H])([H])[C:92]([H])([H])[S:93]C([H])([H])[H])C([H])([H])C2([H])[H])c1OC([H])([H])[H],0,-0.1281874,-0.11956477,-164.51259779035837,-9.719508414442723,-0.029132903,-0.027513817,-0.02832336,0.0068400055,-0.0037346184,0.0015526935,-1487895.8478653536,2.564333787187934,-1487887.2487428566,-1487892.7633560835
S5-30.9,reactant,[H]c1c(Cl)c(Cl)c([H])c(N([H])C([H])([H])C(=O)N2C([H])([H])C([H])([H])N(C(=O)[C:91]([H])=[C:92]([H])[H])C([H])([H])C2([H])[H])c1OC([H])([H])[H],0,-0.14296713,-0.28421235,-172.15848237732044,-12.675332877020267,0.08939898,0.053077593,0.07123829,0.018567473,-0.015521899,0.0015227869,-1212530.1381055168,2.324035683646798,-1212523.263071598,-1212526.6866428808
S5-30.9,intermediate,[H]c1c(Cl)c(Cl)c([H])c(N([H])C([H])([H])C(=O)N2C([H])([H])C([H])([H])N(C(=O)[C-:91]([H])[C:92]([H])([H])[S:93]C([H])([H])[H])C([H])([H])C2([H])[H])c1OC([H])([H])[H],-1,-0.48001885,-0.10365034,-79.2611603794519,61.40705436350607,0.0245144,0.030776523,0.027645461,0.039473653,0.367592,0.20353283,-1487530.1076151617,2.8653596341609955,-1487518.4820991566,-1487524.097331425
S5-30.9,product,[H]c1c(Cl)c(Cl)c([H])c(N([H])C([H])([H])C(=O)N2C([H])([H])C([H])([H])N(C(=O)[C:91]([H])([H])[C:92]([H])([H])[S:93]C([H])([H])[H])C([H])([H])C2([H])[H])c1OC([H])([H])[H],0,-0.12173536,-0.10416143,-164.27281939428184,-10.816723727337017,-0.03559386,-0.03812559,-0.036859725,0.016153254,-0.0036003217,0.006276466,-1487895.1084098544,1.9522551447153091,-1487886.8203986848,-1487891.8321440655
S5-30.10,reactant,[H]c1c(Cl)c(Cl)c([H])c(N([H])C([H])([H])C(=O)N2C([H])([H])C([H])([H])N(C(=O)[C:91]([H])=[C:92]([H])[H])C([H])([H])C2([H])[H])c1OC([H])([H])[H],0,-0.14340201,-0.28547835,-171.83124732523729,-12.238939002988628,0.08337006,0.0495072,0.06643863,0.012791112,-0.018022,-0.0026154444,-1212531.2574326023,2.375883024185896,-1212523.6564988673,-1212528.583443547
S5-30.10,intermediate,[H]c1c(Cl)c(Cl)c([H])c(N([H])C([H])([H])C(=O)N2C([H])([H])C([H])([H])N(C(=O)[C-:91]([H])[C:92]([H])([H])[S:93]C([H])([H])[H])C([H])([H])C2([H])[H])c1OC([H])([H])[H],-1,-0.53028125,-0.117004916,-79.37035623765405,58.4151532336033,0.008618623,0.015982024,0.012300324,0.017976522,0.3936023,0.20578942,-1487529.0121567354,6.5205807369202375,-1487516.9529888977,-1487520.9779955817
S5-30.10,product,[H]c1c(Cl)c(Cl)c([H])c(N([H])C([H])([H])C(=O)N2C([H])([H])C([H])([H])N(C(=O)[C:91]([H])([H])[C:92]([H])([H])[S:93]C([H])([H])[H])C([H])([H])C2([H])[H])c1OC([H])([H])[H],0,-0.11900427,-0.11031569,-166.22652312253913,-11.65958960815716,-0.03557855,-0.03733387,-0.03645621,0.011651047,-0.008224197,0.0017134249,-1487897.826452227,3.991331586614251,-1487888.6061141298,-1487894.179667249
S5-27.1,reactant,[H]c1nc2c([H])c(OC([H])([H])[H])c(N([H])C(=O)[C@@]3([H])N(C(=O)[C:91]([H])=[C:92]([H])[H])C([H])([H])C([H])([H])C3([H])[H])c([H])c2c(N([H])c2c([H])c([H])c([H])c(C([H])([H])C([H])([H])[H])c2[H])c1C(=O)N([H])[H],0,-0.12165489,-0.28840744,-149.8057731003707,-25.231474611270365,0.038116574,0.035832286,0.03697443,-0.011082642,-0.01681026,-0.013946451,-1017937.4906160044,11.175801126286387,-1017925.7112971685,-1017931.761357116
S5-27.1,intermediate,[H]c1nc2c([H])c(OC([H])([H])[H])c(N([H])C(=O)[C@@]3([H])N(C(=O)[C-:91]([H])[C:92]([H])([H])[S:93]C([H])([H])[H])C([H])([H])C([H])([H])C3([H])[H])c([H])c2c(N([H])c2c([H])c([H])c([H])c(C([H])([H])C([H])([H])[H])c2[H])c1C(=O)N([H])[H],-1,-0.42623758,-0.12500726,-72.99095548177593,34.33223398509778,0.015746757,0.019884072,0.017815415,0.04537177,0.22708079,0.13622628,-1292929.3970977466,2.512119147926569,-1292917.0378436747,-1292921.8014547476
S5-27.1,product,[H]c1nc2c([H])c(OC([H])([H])[H])c(N([H])C(=O)[C@@]3([H])N(C(=O)[C:91]([H])([H])[C:92]([H])([H])[S:93]C([H])([H])[H])C([H])([H])C([H])([H])C3([H])[H])c([H])c2c(N([H])c2c([H])c([H])c([H])c(C([H])([H])C([H])([H])[H])c2[H])c1C(=O)N([H])[H],0,-0.11615705,-0.12428568,-152.26820185085845,-30.917438137982558,-0.016743809,-0.01494208,-0.015842944,-0.0044355392,-0.0068778843,-0.0056567118,-1293296.45043651,3.250463377684355,-1293283.4493589983,-1293290.1430665776
S5-27.2,reactant,[H]c1nc2c([H])c(OC([H])([H])[H])c(N([H])C(=O)[C@@]3([H])N(C(=O)[C:91]([H])=[C:92]([H])[H])C([H])([H])C([H])([H])C3([H])[H])c([H])c2c(N([H])c2c([H])c([H])c([H])c(C([H])([H])C([H])([H])[H])c2[H])c1C(=O)N([H])[H],0,-0.14970319,-0.26880234,-152.42785957154217,-26.763397838827796,0.024766833,0.023126438,0.023946635,0.0038615465,0.0020279884,0.0029447675,-1017935.2446217192,6.995354255661368,-1017922.5643699254,-1017928.8745570597
S5-27.2,intermediate,[H]c1nc2c([H])c(OC([H])([H])[H])c(N([H])C(=O)[C@@]3([H])N(C(=O)[C-:91]([H])[C:92]([H])([H])[S:93]C([H])([H])[H])C([H])([H])C([H])([H])C3([H])[H])c([H])c2c(N([H])c2c([H])c([H])c([H])c(C([H])([H])C([H])([H])[H])c2[H])c1C(=O)N([H])[H],-1,-0.42542735,-0.09156319,-79.27487155650351,37.65495297868846,0.007896826,0.009804778,0.008850802,0.055383354,0.1990474,0.12721539,-1292943.8956768527,5.5426788460463285,-1292929.6211151956,-1292937.194669677
S5-27.2,product,[H]c1nc2c([H])c(OC([H])([H])[H])c(N([H])C(=O)[C@@]3([H])N(C(=O)[C:91]([H])([H])[C:92]([H])([H])[S:93]C([H])([H])[H])C([H])([H])C([H])([H])C3([H])[H])c([H])c2c(N([H])c2c([H])c([H])c([H])c(C([H])([H])C([H])([H])[H])c2[H])c1C(=O)N([H])[H],0,-0.13823304,-0.1252281,-146.7550099150793,-26.432576136663656,-0.021407016,-0.019226938,-0.020316977,0.0020318031,-0.00022572279,0.00090304017,-1293295.9469776812,4.762779321521521,-1293280.9517404279,-1293289.8757671944
S5-27.3,reactant,[H]c1nc2c([H])c(OC([H])([H])[H])c(N([H])C(=O)[C@@]3([H])N(C(=O)[C:91]([H])=[C:92]([H])[H])C([H])([H])C([H])([H])C3([H])[H])c([H])c2c(N([H])c2c([H])c([H])c([H])c(C([H])([H])C([H])([H])[H])c2[H])c1C(=O)N([H])[H],0,-0.13992733,-0.28285027,-150.59602644532328,-25.863953782388975,0.040801257,0.0362013,0.038501278,-0.0075420886,-0.013819709,-0.010680899,-1017938.6242275415,3.2889146842062473,-1017928.5704670064,-1017934.6620627507
S5-27.3,intermediate,[H]c1nc2c([H])c(OC([H])([H])[H])c(N([H])C(=O)[C@@]3([H])N(C(=O)[C-:91]([H])[C:92]([H])([H])[S:93]C([H])([H])[H])C([H])([H])C([H])([H])C3([H])[H])c([H])c2c(N([H])c2c([H])c([H])c([H])c(C([H])([H])C([H])([H])[H])c2[H])c1C(=O)N([H])[H],-1,-0.43577933,-0.108856685,-75.86439959271547,38.31748996374075,0.012069628,0.016354345,0.014211986,0.05485338,0.2000505,0.12745194,-1292948.700589291,12.009185122326016,-1292929.6489324903,-1292937.5622605497
S5-27.3,product,[H]c1nc2c([H])c(OC([H])([H])[H])c(N([H])C(=O)[C@@]3([H])N(C(=O)[C:91]([H])([H])[C:92]([H])([H])[S:93]C([H])([H])[H])C([H])([H])C([H])([H])C3([H])[H])c([H])c2c(N([H])c2c([H])c([H])c([H])c(C([H])([H])C([H])([H])[H])c2[H])c1C(=O)N([H])[H],0,-0.12022235,-0.10470465,-148.24076094354305,-22.972003894285038,-0.019909859,-0.019708693,-0.019809276,0.00018366426,-0.004376173,-0.0020962544,-1293301.122756979,3.1889036297798157,-1293287.4947762515,-1293294.871864717
S5-27.4,reactant,[H]c1nc2c([H])c(OC([H])([H])[H])c(N([H])C(=O)[C@@]3([H])N(C(=O)[C:91]([H])=[C:92]([H])[H])C([H])([H])C([H])([H])C3([H])[H])c([H])c2c(N([H])c2c([H])c([H])c([H])c(C([H])([H])C([H])([H])[H])c2[H])c1C(=O)N([H])[H],0,-0.12250713,-0.28866744,-154.53038490743538,-28.00851539337581,0.041327685,0.04138893,0.041358307,-0.018264838,-0.017678343,-0.01797159,-1017929.9605205732,3.04869482293725,-1017917.0446515601,-1017923.5971247897
S5-27.4,intermediate,[H]c1nc2c([H])c(OC([H])([H])[H])c(N([H])C(=O)[C@@]3([H])N(C(=O)[C-:91]([H])[C:92]([H])([H])[S:93]C([H])([H])[H])C([H])([H])C([H])([H])C3([H])[H])c([H])c2c(N([H])c2c([H])c([H])c([H])c(C([H])([H])C([H])([H])[H])c2[H])c1C(=O)N([H])[H],-1,-0.40136972,-0.13003309,-77.48046877987105,36.44514056227241,0.0054084957,0.014051482,0.009729989,0.036646605,0.19043477,0.11354069,-1292943.955743441,3.7602483835071325,-1292931.2806852034,-1292937.078240145
S5-27.4,product,[H]c1nc2c([H])c(OC([H])([H])[H])c(N([H])C(=O)[C@@]3([H])N(C(=O)[C:91]([H])([H])[C:92]([H])([H])[S:93]C([H])([H])[H])C([H])([H])C([H])([H])C3([H])[H])c([H])c2c(N([H])c2c([H])c([H])c([H])c(C([H])([H])C([H])([H])[H])c2[H])c1C(=O)N([H])[H],0,-0.116622515,-0.117129795,-148.73251114699505,-25.213194641610823,-0.007932514,-0.006925553,-0.0074290335,-0.00041601062,-0.0010020062,-0.0007090084,-1293303.9118172652,3.398542419075966,-1293290.7913034735,-1293298.2686585924
S5-27.5,reactant,[H]c1nc2c([H])c(OC([H])([H])[H])c(N([H])C(=O)[C@@]3([H])N(C(=O)[C:91]([H])=[C:92]([H])[H])C([H])([H])C([H])([H])C3([H])[H])c([H])c2c(N([H])c2c([H])c([H])c([H])c(C([H])([H])C([H])([H])[H])c2[H])c1C(=O)N([H])[H],0,-0.13970712,-0.28932247,-148.1235793685039,-23.801048369673943,0.044829518,0.038625807,0.041727662,-0.00096453726,-0.007842526,-0.0044035316,-1017942.8873430658,6.826539101079106,-1017929.7456108086,-1017938.0627045513
S5-27.5,intermediate,[H]c1nc2c([H])c(OC([H])([H])[H])c(N([H])C(=O)[C@@]3([H])N(C(=O)[C-:91]([H])[C:92]([H])([H])[S:93]C([H])([H])[H])C([H])([H])C([H])([H])C3([H])[H])c([H])c2c(N([H])c2c([H])c([H])c([H])c(C([H])([H])C([H])([H])[H])c2[H])c1C(=O)N([H])[H],-1,-0.34039235,-0.082340285,-72.73894696835272,42.02443073803428,0.0032994226,0.006089121,0.004694272,0.017713428,0.101995155,0.05985429,-1292931.1084370732,6.74474124610424,-1292912.5170065113,-1292919.8731314917
S5-27.5,product,[H]c1nc2c([H])c(OC([H])([H])[H])c(N([H])C(=O)[C@@]3([H])N(C(=O)[C:91]([H])([H])[C:92]([H])([H])[S:93]C([H])([H])[H])C([H])([H])C([H])([H])C3([H])[H])c([H])c2c(N([H])c2c([H])c([H])c([H])c(C([H])([H])C([H])([H])[H])c2[H])c1C(=O)N([H])[H],0,-0.112774275,-0.10716383,-147.5767988458731,-24.625409479887335,-0.021843165,-0.020445392,-0.021144278,-0.0016636401,-0.0044800863,-0.0030718632,-1293308.9973405893,7.225079899653792,-1293292.6168324465,-1293299.2731709683
S5-27.6,reactant,[H]c1nc2c([H])c(OC([H])([H])[H])c(N([H])C(=O)[C@@]3([H])N(C(=O)[C:91]([H])=[C:92]([H])[H])C([H])([H])C([H])([H])C3([H])[H])c([H])c2c(N([H])c2c([H])c([H])c([H])c(C([H])([H])C([H])([H])[H])c2[H])c1C(=O)N([H])[H],0,-0.14790788,-0.27452758,-149.618608059804,-24.83339397360837,0.029649258,0.028698117,0.029173687,0.0062677115,0.0005066693,0.0033871904,-1017939.5376108127,4.512870214879513,-1017928.1171740617,-1017933.4376225733
S5-27.6,intermediate,[H]c1nc2c([H])c(OC([H])([H])[H])c(N([H])C(=O)[C@@]3([H])N(C(=O)[C-:91]([H])[C:92]([H])([H])[S:93]C([H])([H])[H])C([H])([H])C([H])([H])C3([H])[H])c([H])c2c(N([H])c2c([H])c([H])c([H])c(C([H])([H])C([H])([H])[H])c2[H])c1C(=O)N([H])[H],-1,-0.47010636,-0.098840065,-77.17448492654788,41.974353061100516,0.012769163,0.014419109,0.013594136,0.080607235,0.24565431,0.16313078,-1292934.3374809276,5.638079831376672,-1292917.6827627202,-1292924.543843303
S5-27.6,product,[H]c1nc2c([H])c(OC([H])([H])[H])c(N([H])C(=O)[C@@]3([H])N(C(=O)[C:91]([H])([H])[C:92]([H])([H])[S:93]C([H])([H])[H])C([H])([H])C([H])([H])C3([H])[H])c([H])c2c(N([H])c2c([H])c([H])c([H])c(C([H])([H])C([H])([H])[H])c2[H])c1C(=O)N([H])[H],0,-0.11765337,-0.10342592,-145.97864878157688,-24.51401138684341,-0.029673055,-0.02927503,-0.029474042,-0.0019563437,-0.006166488,-0.004061416,-1293301.516713092,4.777515761554241,-1293289.1508240951,-1293296.4940187822
S5-27.7,reactant,[H]c1nc2c([H])c(OC([H])([H])[H])c(N([H])C(=O)[C@@]3([H])N(C(=O)[C:91]([H])=[C:92]([H])[H])C([H])([H])C([H])([H])C3([H])[H])c([H])c2c(N([H])c2c([H])c([H])c([H])c(C([H])([H])C([H])([H])[H])c2[H])c1C(=O)N([H])[H],0,-0.1529196,-0.27564242,-148.83723853965662,-21.833628702889353,0.049060553,0.04151985,0.045290202,-0.010971367,-0.010824323,-0.010897845,-1017938.335160451,7.456115899607539,-1017926.6436919428,-1017931.6700562743
S5-27.7,intermediate,[H]c1nc2c([H])c(OC([H])([H])[H])c(N([H])C(=O)[C@@]3([H])N(C(=O)[C-:91]([H])[C:92]([H])([H])[S:93]C([H])([H])[H])C([H])([H])C([H])([H])C3([H])[H])c([H])c2c(N([H])c2c([H])c([H])c([H])c(C([H])([H])C([H])([H])[H])c2[H])c1C(=O)N([H])[H],-1,-0.39475426,-0.09521083,-76.47110412695642,40.430585649922925,0.013349488,0.016586795,0.014968142,0.021911174,0.16909745,0.09550431,-1292947.802868209,5.951095199212432,-1292924.9824805623,-1292930.8813233064
S5-27.7,product,[H]c1nc2c([H])c(OC([H])([H])[H])c(N([H])C(=O)[C@@]3([H])N(C(=O)[C:91]([H])([H])[C:92]([H])([H])[S:93]C([H])([H])[H])C([H])([H])C([H])([H])C3([H])[H])c([H])c2c(N([H])c2c([H])c([H])c([H])c(C([H])([H])C([H])([H])[H])c2[H])c1C(=O)N([H])[H],0,-0.111587085,-0.107254565,-145.93779389356146,-21.372873075568442,-0.028172582,-0.028150365,-0.028161474,-0.00038653612,-0.005783081,-0.0030848086,-1293306.1555321116,3.5674893110990524,-1293293.7315004717,-1293301.2233834318
S5-27.8,reactant,[H]c1nc2c([H])c(OC([H])([H])[H])c(N([H])C(=O)[C@@]3([H])N(C(=O)[C:91]([H])=[C:92]([H])[H])C([H])([H])C([H])([H])C3([H])[H])c([H])c2c(N([H])c2c([H])c([H])c([H])c(C([H])([H])C([H])([H])[H])c2[H])c1C(=O)N([H])[H],0,-0.14340165,-0.2540094,-151.6045722130165,-24.540229222841834,0.03491953,0.03213355,0.03352654,-0.0034226626,-0.011122018,-0.0072723404,-1017938.0388588536,3.171633617952466,-1017925.3556578511,-1017932.4730479197
S5-27.8,intermediate,[H]c1nc2c([H])c(OC([H])([H])[H])c(N([H])C(=O)[C@@]3([H])N(C(=O)[C-:91]([H])[C:92]([H])([H])[S:93]C([H])([H])[H])C([H])([H])C([H])([H])C3([H])[H])c([H])c2c(N([H])c2c([H])c([H])c([H])c(C([H])([H])C([H])([H])[H])c2[H])c1C(=O)N([H])[H],-1,-0.4491244,-0.110163756,-77.55510001175655,39.51512533754204,0.009989142,0.015257813,0.012623478,0.050906062,0.21522295,0.13306451,-1292948.529928208,4.128824912011623,-1292935.6891864145,-1292941.5623633913
S5-27.8,product,[H]c1nc2c([H])c(OC([H])([H])[H])c(N([H])C(=O)[C@@]3([H])N(C(=O)[C:91]([H])([H])[C:92]([H])([H])[S:93]C([H])([H])[H])C([H])([H])C([H])([H])C3([H])[H])c([H])c2c(N([H])c2c([H])c([H])c([H])c(C([H])([H])C([H])([H])[H])c2[H])c1C(=O)N([H])[H],0,-0.13965444,-0.11985727,-146.94318716654442,-24.252495105871564,-0.016611218,-0.014514998,-0.015563108,-0.00057025254,-0.002301544,-0.0014358982,-1293297.9129264574,4.812063192948699,-1293286.113663528,-1293292.1489635021
S5-27.9,reactant,[H]c1nc2c([H])c(OC([H])([H])[H])c(N([H])C(=O)[C@@]3([H])N(C(=O)[C:91]([H])=[C:92]([H])[H])C([H])([H])C([H])([H])C3([H])[H])c([H])c2c(N([H])c2c([H])c([H])c([H])c(C([H])([H])C([H])([H])[H])c2[H])c1C(=O)N([H])[H],0,-0.119983405,-0.28141543,-153.69384586315184,-28.586002761959033,0.041657984,0.039688215,0.0406731,-0.012542523,-0.01584071,-0.014191616,-1017931.3247791887,2.4074074272066355,-1017921.694997413,-1017926.0000291185
S5-27.9,intermediate,[H]c1nc2c([H])c(OC([H])([H])[H])c(N([H])C(=O)[C@@]3([H])N(C(=O)[C-:91]([H])[C:92]([H])([H])[S:93]C([H])([H])[H])C([H])([H])C([H])([H])C3([H])[H])c([H])c2c(N([H])c2c([H])c([H])c([H])c(C([H])([H])C([H])([H])[H])c2[H])c1C(=O)N([H])[H],-1,-0.4244112,-0.11919976,-75.4064008926872,37.74589287578666,0.015809692,0.01889126,0.017350476,0.046840668,0.21507329,0.13095698,-1292938.5909376596,6.7159399557858706,-1292920.822493555,-1292928.6578864516
S5-27.9,product,[H]c1nc2c([H])c(OC([H])([H])[H])c(N([H])C(=O)[C@@]3([H])N(C(=O)[C:91]([H])([H])[C:92]([H])([H])[S:93]C([H])([H])[H])C([H])([H])C([H])([H])C3([H])[H])c([H])c2c(N([H])c2c([H])c([H])c([H])c(C([H])([H])C([H])([H])[H])c2[H])c1C(=O)N([H])[H],0,-0.11782764,-0.10450303,-144.28478016425132,-24.035511371812966,-0.026635312,-0.026341312,-0.026488312,0.00019853562,-0.0035266355,-0.0016640499,-1293309.1075241545,3.6642209738492966,-1293297.6722134538,-1293304.3393763902
S5-27.10,reactant,[H]c1nc2c([H])c(OC([H])([H])[H])c(N([H])C(=O)[C@@]3([H])N(C(=O)[C:91]([H])=[C:92]([H])[H])C([H])([H])C([H])([H])C3([H])[H])c([H])c2c(N([H])c2c([H])c([H])c([H])c(C([H])([H])C([H])([H])[H])c2[H])c1C(=O)N([H])[H],0,-0.13665944,-0.2873038,-148.02120829839893,-22.18657404196138,0.043714076,0.0371733,0.04044369,-0.0030658245,-0.012428492,-0.0077471584,-1017942.5114417836,2.7186163384467363,-1017930.6495832414,-1017938.2489650958
S5-27.10,intermediate,[H]c1nc2c([H])c(OC([H])([H])[H])c(N([H])C(=O)[C@@]3([H])N(C(=O)[C-:91]([H])[C:92]([H])([H])[S:93]C([H])([H])[H])C([H])([H])C([H])([H])C3([H])[H])c([H])c2c(N([H])c2c([H])c([H])c([H])c(C([H])([H])C([H])([H])[H])c2[H])c1C(=O)N([H])[H],-1,-0.44615003,-0.11047471,-73.32057541285334,41.063546460797916,0.018803842,0.016551763,0.017677803,0.07314125,0.23972678,0.15643401,-1292933.8849342575,11.789177095517516,-1292913.2331708989,-1292919.7877724736
S5-27.10,product,[H]c1nc2c([H])c(OC([H])([H])[H])c(N([H])C(=O)[C@@]3([H])N(C(=O)[C:91]([H])([H])[C:92]([H])([H])[S:93]C([H])([H])[H])C([H])([H])C([H])([H])C3([H])[H])c([H])c2c(N([H])c2c([H])c([H])c([H])c(C([H])([H])C([H])([H])[H])c2[H])c1C(=O)N([H])[H],0,-0.13002522,-0.112216696,-147.72276028484674,-26.716286611229975,-0.028380767,-0.027617961,-0.027999364,0.0029451102,-0.0013469011,0.0007991046,-1293297.51271561,6.261195223778486,-1293284.0829296634,-1293291.5377649162
S5-35.1,reactant,[H]C([H])=C([H])C(=O)N1C([H])([H])C([H])([H])N(S(=O)(=O)/[C:91]([H])=[C:92](\[H])c2c([H])c([H])c(Cl)c([H])c2[H])C([H])([H])C1([H])[H],0,-0.15492533,-0.070991345,-181.70024784808982,-21.464998021373,0.0315302,-0.009430595,0.011049803,0.051897064,-0.0016574711,0.025119796,-1114528.3871233761,3.7222282141447067,-1114520.4618576698,-1114522.7776621385
S5-35.1,intermediate,[H]C([H])=C([H])C(=O)N1C([H])([H])C([H])([H])N(S(=O)(=O)[C-:91]([H])[C:92]([H])(c2c([H])c([H])c(Cl)c([H])c2[H])[S:93]C([H])([H])[H])C([H])([H])C1([H])[H],-1,-0.5791695,0.016828945,-86.44627333283005,61.87774601014071,0.0139403315,0.013313169,0.013626751,0.062238157,0.45307976,0.25765896,-1389535.4606850764,3.3733849581331015,-1389523.2061071005,-1389526.7091021324
S5-35.1,product,[H]C([H])=C([H])C(=O)N1C([H])([H])C([H])([H])N(S(=O)(=O)[C:91]([H])([H])[C:92]([H])(c2c([H])c([H])c(Cl)c([H])c2[H])[S:93]C([H])([H])[H])C([H])([H])C1([H])[H],0,-0.114550814,-0.027385136,-173.53278784697903,-14.255766034190733,0.0047230143,0.003910184,0.004316599,0.026651487,0.019081853,0.02286667,-1389895.5985797476,3.999097617343068,-1389887.2524493402,-1389890.6239627434
S5-35.2,reactant,[H]C([H])=C([H])C(=O)N1C([H])([H])C([H])([H])N(S(=O)(=O)/[C:91]([H])=[C:92](\[H])c2c([H])c([H])c(Cl)c([H])c2[H])C([H])([H])C1([H])[H],0,-0.12664206,-0.07037052,-185.35466847773444,-20.774666193812294,0.030280434,0.0115163475,0.02089839,0.05268231,0.0022230446,0.027452677,-1114532.8301230113,2.7009075712412596,-1114522.124339309,-1114526.1812773882
S5-35.2,intermediate,[H]C([H])=C([H])C(=O)N1C([H])([H])C([H])([H])N(S(=O)(=O)[C-:91]([H])[C:92]([H])(c2c([H])c([H])c(Cl)c([H])c2[H])[S:93]C([H])([H])[H])C([H])([H])C1([H])[H],-1,-0.5309469,-0.004886232,-87.39392395157289,62.975422747241595,0.008159608,0.009395777,0.008777692,0.1354832,0.4609459,0.29821455,-1389536.6800992317,4.430256573483348,-1389513.0554910947,-1389517.6584232398
S5-35.2,product,[H]C([H])=C([H])C(=O)N1C([H])([H])C([H])([H])N(S(=O)(=O)[C:91]([H])([H])[C:92]([H])(c2c([H])c([H])c(Cl)c([H])c2[H])[S:93]C([H])([H])[H])C([H])([H])C1([H])[H],0,-0.10567472,-0.026944224,-173.23610658217467,-16.804616366045714,0.012313604,0.025018416,0.01866601,0.011648878,0.0014484748,0.0065486766,-1389889.973081149,4.080759407952428,-1389877.57843707,-1389884.2237082864
S5-35.3,reactant,[H]C([H])=C([H])C(=O)N1C([H])([H])C([H])([H])N(S(=O)(=O)/[C:91]([H])=[C:92](\[H])c2c([H])c([H])c(Cl)c([H])c2[H])C([H])([H])C1([H])[H],0,-0.16017574,-0.07464776,-182.02371557878575,-21.145047725365295,0.02853378,-0.01007659,0.009228595,0.03351806,-0.004525572,0.0144962445,-1114529.3733565335,5.145785007625818,-1114517.3081859446,-1114522.0458475153
S5-35.3,intermediate,[H]C([H])=C([H])C(=O)N1C([H])([H])C([H])([H])N(S(=O)(=O)[C-:91]([H])[C:92]([H])(c2c([H])c([H])c(Cl)c([H])c2[H])[S:93]C([H])([H])[H])C([H])([H])C1([H])[H],-1,-0.5220483,-0.009732061,-84.31784298123135,61.84936578884836,0.014768547,0.015900379,0.015334463,0.1362825,0.47577935,0.30603093,-1389539.2410330817,4.913464581593871,-1389522.8749258579,-1389527.7646950884
S5-35.3,product,[H]C([H])=C([H])C(=O)N1C([H])([H])C([H])([H])N(S(=O)(=O)[C:91]([H])([H])[C:92]([H])(c2c([H])c([H])c(Cl)c([H])c2[H])[S:93]C([H])([H])[H])C([H])([H])C1([H])[H],0,-0.10435433,-0.015700204,-170.12108393483868,-6.810364785386224,0.030421557,0.026706075,0.028563816,0.03750799,0.040282965,0.038895477,-1389894.2887519484,5.674361389130354,-1389883.7014653815,-1389887.4243728274
S5-35.4,reactant,[H]C([H])=C([H])C(=O)N1C([H])([H])C([H])([H])N(S(=O)(=O)/[C:91]([H])=[C:92](\[H])c2c([H])c([H])c(Cl)c([H])c2[H])C([H])([H])C1([H])[H],0,-0.15774478,-0.07486517,-181.6108018758085,-23.433501161960457,0.02815029,-0.0008414909,0.0136544,0.061850727,0.014492556,0.03817164,-1114529.7015807277,3.4334583804011345,-1114521.4624472084,-1114525.8160172869
S5-35.4,intermediate,[H]C([H])=C([H])C(=O)N1C([H])([H])C([H])([H])N(S(=O)(=O)[C-:91]([H])[C:92]([H])(c2c([H])c([H])c(Cl)c([H])c2[H])[S:93]C([H])([H])[H])C([H])([H])C1([H])[H],-1,-0.48535892,-0.007080222,-85.0799205231726,60.00647624282448,0.008434117,0.008613146,0.008523631,0.08910379,0.4268185,0.25796115,-1389537.0283214245,5.983255621045828,-1389522.37376453,-1389526.010009309
S5-35.4,product,[H]C([H])=C([H])C(=O)N1C([H])([H])C([H])([H])N(S(=O)(=O)[C:91]([H])([H])[C:92]([H])(c2c([H])c([H])c(Cl)c([H])c2[H])[S:93]C([H])([H])[H])C([H])([H])C1([H])[H],0,-0.11251803,-0.028720943,-171.15815158519163,-13.828817686237539,0.004688224,0.011642475,0.008165349,0.03393364,0.028841794,0.031387717,-1389895.5415835015,2.4668573401868343,-1389885.2665881065,-1389890.22620954
S5-35.5,reactant,[H]C([H])=C([H])C(=O)N1C([H])([H])C([H])([H])N(S(=O)(=O)/[C:91]([H])=[C:92](\[H])c2c([H])c([H])c(Cl)c([H])c2[H])C([H])([H])C1([H])[H],0,-0.15873069,-0.074198864,-179.5900637762523,-22.96735915229803,0.028142005,-0.0045641884,0.011788908,0.026738957,-0.0038817972,0.01142858,-1114532.6021324764,4.0700415931642056,-1114522.145312525,-1114526.967693609
S5-35.5,intermediate,[H]C([H])=C([H])C(=O)N1C([H])([H])C([H])([H])N(S(=O)(=O)[C-:91]([H])[C:92]([H])(c2c([H])c([H])c(Cl)c([H])c2[H])[S:93]C([H])([H])[H])C([H])([H])C1([H])[H],-1,-0.55573016,-0.02363246,-82.56989976826212,63.25378652324013,-0.01860186,-0.00022678636,-0.009414325,0.05970651,0.42630762,0.24300706,-1389528.6704935369,3.0473217610269785,-1389513.9103626118,-1389516.5666603823
S5-35.5,product,[H]C([H])=C([H])C(=O)N1C([H])([H])C([H])([H])N(S(=O)(=O)[C:91]([H])([H])[C:92]([H])(c2c([H])c([H])c(Cl)c([H])c2[H])[S:93]C([H])([H])[H])C([H])([H])C1([H])[H],0,-0.1097005,-0.029325442,-170.2581344897379,-16.11479075660356,0.011910511,0.032162998,0.022036755,0.016004369,0.006558396,0.011281382,-1389891.8376551794,5.260423211380839,-1389880.3800496354,-1389884.7573126804
S5-35.6,reactant,[H]C([H])=C([H])C(=O)N1C([H])([H])C([H])([H])N(S(=O)(=O)/[C:91]([H])=[C:92](\[H])c2c([H])c([H])c(Cl)c([H])c2[H])C([H])([H])C1([H])[H],0,-0.16032624,-0.07704992,-182.31762497246535,-22.477677361691256,0.02294717,-0.0024017394,0.010272715,0.050556272,0.0098974705,0.030226871,-1114531.8482915037,1.5375683177262545,-1114523.617086606,-1114527.4755228346
S5-35.6,intermediate,[H]C([H])=C([H])C(=O)N1C([H])([H])C([H])([H])N(S(=O)(=O)[C-:91]([H])[C:92]([H])(c2c([H])c([H])c(Cl)c([H])c2[H])[S:93]C([H])([H])[H])C([H])([H])C1([H])[H],-1,-0.537182,-0.004433994,-87.29271217092318,60.43800554093734,-0.0021702922,0.0077885212,0.0028091148,0.09896761,0.45289442,0.27593103,-1389538.7979117518,6.055368799716234,-1389516.7127514,-1389522.7266617508
S5-35.6,product,[H]C([H])=C([H])C(=O)N1C([H])([H])C([H])([H])N(S(=O)(=O)[C:91]([H])([H])[C:92]([H])(c2c([H])c([H])c(Cl)c([H])c2[H])[S:93]C([H])([H])[H])C([H])([H])C1([H])[H],0,-0.113442264,-0.019966878,-174.5089268611706,-18.654371568185166,0.019191623,0.023362225,0.021276925,0.02511812,0.019712806,0.022415463,-1389890.50900101,1.7110538091510534,-1389882.1788624062,-1389885.5909618486
S5-35.7,reactant,[H]C([H])=C([H])C(=O)N1C([H])([H])C([H])([H])N(S(=O)(=O)/[C:91]([H])=[C:92](\[H])c2c([H])c([H])c(Cl)c([H])c2[H])C([H])([H])C1([H])[H],0,-0.1564216,-0.07484102,-184.31523448975264,-24.884554215775314,0.02614528,-0.0030166507,0.011564314,0.04157281,0.0023584068,0.021965608,-1114527.7121298497,4.229444924741983,-1114518.959069013,-1114522.6359827959
S5-35.7,intermediate,[H]C([H])=C([H])C(=O)N1C([H])([H])C([H])([H])N(S(=O)(=O)[C-:91]([H])[C:92]([H])(c2c([H])c([H])c(Cl)c([H])c2[H])[S:93]C([H])([H])[H])C([H])([H])C1([H])[H],-1,-0.52419615,-0.019896228,-86.79960902414645,59.68837794104622,0.017122872,0.02460995,0.02086641,0.10038489,0.43776053,0.2690727,-1389536.4754316462,4.303962741047144,-1389522.6736351398,-1389527.3318061042
S5-35.7,product,[H]C([H])=C([H])C(=O)N1C([H])([H])C([H])([H])N(S(=O)(=O)[C:91]([H])([H])[C:92]([H])(c2c([H])c([H])c(Cl)c([H])c2[H])[S:93]C([H])([H])[H])C([H])([H])C1([H])[H],0,-0.11260082,-0.037240766,-169.83542194368476,-12.096852744453573,0.02833534,0.038766876,0.033551108,0.031968847,0.027192526,0.029580686,-1389890.4473466028,4.39497503824532,-1389876.2077967494,-1389882.2908052825
S5-35.8,reactant,[H]C([H])=C([H])C(=O)N1C([H])([H])C([H])([H])N(S(=O)(=O)/[C:91]([H])=[C:92](\[H])c2c([H])c([H])c(Cl)c([H])c2[H])C([H])([H])C1([H])[H],0,-0.16088027,-0.07416297,-180.57761731741363,-22.471844635050992,0.033458374,-0.00032453984,0.016566917,0.0297167,-0.002724871,0.013495915,-1114532.4236648763,4.186274439096451,-1114524.355099695,-1114526.9347765124
S5-35.8,intermediate,[H]C([H])=C([H])C(=O)N1C([H])([H])C([H])([H])N(S(=O)(=O)[C-:91]([H])[C:92]([H])(c2c([H])c([H])c(Cl)c([H])c2[H])[S:93]C([H])([H])[H])C([H])([H])C1([H])[H],-1,-0.5540567,-0.00430071,-85.72496107967075,63.34053844343267,-0.0065205754,0.00235696,-0.0020818077,0.036150575,0.40608442,0.2211175,-1389533.0432257554,4.489776697009802,-1389517.5008638042,-1389521.0245198656
S5-35.8,product,[H]C([H])=C([H])C(=O)N1C([H])([H])C([H])([H])N(S(=O)(=O)[C:91]([H])([H])[C:92]([H])(c2c([H])c([H])c(Cl)c([H])c2[H])[S:93]C([H])([H])[H])C([H])([H])C1([H])[H],0,-0.11371535,-0.026668673,-173.74620651900875,-15.848430494630408,0.029196175,0.019656878,0.024426527,0.039723217,0.027786642,0.03375493,-1389893.867296869,3.072642894461751,-1389883.783285565,-1389889.138086026
S5-35.9,reactant,[H]C([H])=C([H])C(=O)N1C([H])([H])C([H])([H])N(S(=O)(=O)/[C:91]([H])=[C:92](\[H])c2c([H])c([H])c(Cl)c([H])c2[H])C([H])([H])C1([H])[H],0,-0.1564091,-0.07545031,-181.89124918667477,-22.970432127277498,0.029521517,-0.00014419109,0.014688663,0.041560292,0.0037003607,0.022630326,-1114530.1832588862,3.4942242596298456,-1114522.0624578581,-1114524.71802446
S5-35.9,intermediate,[H]C([H])=C([H])C(=O)N1C([H])([H])C([H])([H])N(S(=O)(=O)[C-:91]([H])[C:92]([H])(c2c([H])c([H])c(Cl)c([H])c2[H])[S:93]C([H])([H])[H])C([H])([H])C1([H])[H],-1,-0.5207644,-0.009970265,-84.28711114164251,61.77851935191539,0.015379376,0.016333664,0.01585652,0.13476235,0.4743176,0.30453998,-1389539.2546601614,4.95401949621737,-1389523.138449152,-1389527.7852321446
S5-35.9,product,[H]C([H])=C([H])C(=O)N1C([H])([H])C([H])([H])N(S(=O)(=O)[C:91]([H])([H])[C:92]([H])(c2c([H])c([H])c(Cl)c([H])c2[H])[S:93]C([H])([H])[H])C([H])([H])C1([H])[H],0,-0.11095722,-0.02690407,-173.1628628222823,-14.053197244360204,0.010682678,0.010466211,0.010574444,0.034068555,0.021008067,0.02753831,-1389892.875894258,3.8312919437885284,-1389882.5359000475,-1389887.4933074345
S5-35.10,reactant,[H]C([H])=C([H])C(=O)N1C([H])([H])C([H])([H])N(S(=O)(=O)/[C:91]([H])=[C:92](\[H])c2c([H])c([H])c(Cl)c([H])c2[H])C([H])([H])C1([H])[H],0,-0.15643246,-0.068832144,-186.64822767822707,-24.192015553308817,0.016635768,-0.010852501,0.0028916337,0.042899445,0.0048834085,0.023891427,-1114532.0444931872,3.380369497463107,-1114522.2437513082,-1114526.345697059
S5-35.10,intermediate,[H]C([H])=C([H])C(=O)N1C([H])([H])C([H])([H])N(S(=O)(=O)[C-:91]([H])[C:92]([H])(c2c([H])c([H])c(Cl)c([H])c2[H])[S:93]C([H])([H])[H])C([H])([H])C1([H])[H],-1,-0.5366202,-0.0004432574,-81.39709673181571,64.06778354341749,0.0063279546,0.002349315,0.0043386347,0.16289109,0.46462083,0.31375596,-1389535.6924903109,4.400505466386676,-1389519.2681719786,-1389523.8145212561
S5-35.10,product,[H]C([H])=C([H])C(=O)N1C([H])([H])C([H])([H])N(S(=O)(=O)[C:91]([H])([H])[C:92]([H])(c2c([H])c([H])c(Cl)c([H])c2[H])[S:93]C([H])([H])[H])C([H])([H])C1([H])[H],0,-0.092023075,-0.030235978,-170.38210036254566,-15.521135567720721,0.0070607048,0.028857565,0.017959135,0.003392078,-0.0010766536,0.0011577122,-1389891.3344537606,5.263233061879873,-1389881.1486175193,-1389884.7508088294
S5-34.1,reactant,[H]c1nc(N([H])c2c([H])c(N([H])C(=O)/[C:91]([H])=[C:92](\[H])C([H])([H])N(C([H])([H])[H])C([H])([H])[H])c([H])c([H])c2OC([H])([H])[H])nc(-c2c([H])nn3c([H])c([H])c([H])c([H])c23)c1Cl,0,-0.16100658,-0.098551504,-156.2647501675224,-26.226004225520125,-0.02673053,-0.019212075,-0.022971302,0.0055992156,-0.0020459592,0.0017766282,-1207318.983929361,5.88854199834168,-1207308.454347672,-1207313.332707926
S5-34.1,intermediate,[H]C1=C([H])c2c(-c3nc(N([H])c4c([H])c(N([H])C(=O)[C-:91]([H])[C:92]([H])(C([H])([H])N(C([H])([H])[H])C([H])([H])[H])[S:93]C([H])([H])[H])c([H])c([H])c4OC([H])([H])[H])nc([H])c3Cl)c([H])nn2C([H])=C1[H],-1,-0.17804311,-0.123929575,-81.58613036214481,26.909201729132402,0.0042963475,0.004451081,0.0043737143,0.005825788,0.0025463551,0.0041860715,-1482323.4085933384,6.696917060762644,-1482309.534134263,-1482315.0655354387
S5-34.1,product,[H]c1nc(N([H])c2c([H])c(N([H])C(=O)[C:91]([H])([H])[C:92]([H])(C([H])([H])N(C([H])([H])[H])C([H])([H])[H])[S:93]C([H])([H])[H])c([H])c([H])c2OC([H])([H])[H])nc(-c2c([H])nn3c([H])c([H])c([H])c([H])c23)c1Cl,0,-0.14168608,-0.058155023,-143.61080404987348,-25.359182203598987,-0.027080981,-0.027995437,-0.02753821,0.0065683424,0.004558012,0.005563177,-1482677.0760765818,1.909202940762043,-1482666.3288304063,-1482672.6848148776
S5-34.2,reactant,[H]c1nc(N([H])c2c([H])c(N([H])C(=O)/[C:91]([H])=[C:92](\[H])C([H])([H])N(C([H])([H])[H])C([H])([H])[H])c([H])c([H])c2OC([H])([H])[H])nc(-c2c([H])nn3c([H])c([H])c([H])c([H])c23)c1Cl,0,-0.15784268,-0.10857581,-149.68153369724632,-27.51562697811086,-0.004208103,-0.006354481,-0.005281292,0.009758979,0.00018700957,0.0049729943,-1207313.618764455,2.0689546801149845,-1207305.8909222926,-1207310.2881986958
S5-34.2,intermediate,[H]C1=C([H])c2c(-c3nc(N([H])c4c([H])c(N([H])C(=O)[C-:91]([H])[C:92]([H])(C([H])([H])N(C([H])([H])[H])C([H])([H])[H])[S:93]C([H])([H])[H])c([H])c([H])c4OC([H])([H])[H])nc([H])c3Cl)c([H])nn2C([H])=C1[H],-1,-0.4588261,-0.03635795,-66.83246441408814,35.16930762809615,0.0016770661,0.0062219556,0.003949511,0.06383142,0.20120177,0.1325166,-1482315.5128348842,2.5741035155951977,-1482305.5343092144,-1482311.350538699
S5-34.2,product,[H]c1nc(N([H])c2c([H])c(N([H])C(=O)[C:91]([H])([H])[C:92]([H])(C([H])([H])N(C([H])([H])[H])C([H])([H])[H])[S:93]C([H])([H])[H])c([H])c([H])c2OC([H])([H])[H])nc(-c2c([H])nn3c([H])c([H])c([H])c([H])c23)c1Cl,0,-0.12437336,-0.058076166,-148.82012512717094,-22.83944749186106,-0.034862243,-0.033981666,-0.034421954,-0.0007065907,-0.0020337254,-0.001370158,-1482681.5340505983,4.419029835611582,-1482667.998772731,-1482675.6019124181
S5-34.3,reactant,[H]c1nc(N([H])c2c([H])c(N([H])C(=O)/[C:91]([H])=[C:92](\[H])C([H])([H])N(C([H])([H])[H])C([H])([H])[H])c([H])c([H])c2OC([H])([H])[H])nc(-c2c([H])nn3c([H])c([H])c([H])c([H])c23)c1Cl,0,-0.15759139,-0.109720655,-151.65749539918033,-30.609355187662313,-0.0060862526,-0.006500475,-0.006293364,0.007878885,-0.0011942089,0.003342338,-1207316.4220697328,3.3039936516433954,-1207306.1142391956,-1207312.9355912143
S5-34.3,intermediate,[H]C1=C([H])c2c(-c3nc(N([H])c4c([H])c(N([H])C(=O)[C-:91]([H])[C:92]([H])(C([H])([H])N(C([H])([H])[H])C([H])([H])[H])[S:93]C([H])([H])[H])c([H])c([H])c4OC([H])([H])[H])nc([H])c3Cl)c([H])nn2C([H])=C1[H],-1,-0.5144236,-0.023901269,-70.4556421919989,37.431703651730764,0.019388165,0.018161826,0.018774996,0.046563268,0.19747758,0.12202042,-1482313.7423478272,2.7105426155030727,-1482303.291842156,-1482307.598604754
S5-34.3,product,[H]c1nc(N([H])c2c([H])c(N([H])C(=O)[C:91]([H])([H])[C:92]([H])(C([H])([H])N(C([H])([H])[H])C([H])([H])[H])[S:93]C([H])([H])[H])c([H])c([H])c2OC([H])([H])[H])nc(-c2c([H])nn3c([H])c([H])c([H])c([H])c23)c1Cl,0,-0.14191121,-0.043592617,-150.8105625756892,-24.332882844376893,-0.028556343,-0.031823307,-0.030189825,0.005251333,0.003031224,0.0041412786,-1482683.2188695185,6.417153740301728,-1482674.0161394465,-1482678.7400566193
S5-34.4,reactant,[H]c1nc(N([H])c2c([H])c(N([H])C(=O)/[C:91]([H])=[C:92](\[H])C([H])([H])N(C([H])([H])[H])C([H])([H])[H])c([H])c([H])c2OC([H])([H])[H])nc(-c2c([H])nn3c([H])c([H])c([H])c([H])c23)c1Cl,0,-0.15544847,-0.108020164,-151.19646476786457,-23.43776360399636,-0.0031029657,-0.007488236,-0.0052956007,0.009010419,-0.0018618852,0.003574267,-1207315.4206043442,6.022841865196824,-1207303.7645826826,-1207310.7752109831
S5-34.4,intermediate,[H]C1=C([H])c2c(-c3nc(N([H])c4c([H])c(N([H])C(=O)[C-:91]([H])[C:92]([H])(C([H])([H])N(C([H])([H])[H])C([H])([H])[H])[S:93]C([H])([H])[H])c([H])c([H])c4OC([H])([H])[H])nc([H])c3Cl)c([H])nn2C([H])=C1[H],-1,-0.15424146,-0.10639865,-82.79940537003621,25.787761716198407,-0.0032891855,-0.00058582425,-0.0019375049,0.0063361526,-0.003237471,0.0015493408,-1482322.7393959179,3.987383561208844,-1482308.2212562605,-1482313.4651936528
S5-34.4,product,[H]c1nc(N([H])c2c([H])c(N([H])C(=O)[C:91]([H])([H])[C:92]([H])(C([H])([H])N(C([H])([H])[H])C([H])([H])[H])[S:93]C([H])([H])[H])c([H])c([H])c2OC([H])([H])[H])nc(-c2c([H])nn3c([H])c([H])c([H])c([H])c23)c1Cl,0,-0.11257145,-0.050592124,-145.84115568276738,-27.525254545145472,-0.026438579,-0.027170315,-0.026804447,0.0015492216,-0.0020584017,-0.00025459006,-1482677.3459955337,3.299245845526457,-1482667.4244751886,-1482672.6613101556
S5-34.5,reactant,[H]c1nc(N([H])c2c([H])c(N([H])C(=O)/[C:91]([H])=[C:92](\[H])C([H])([H])N(C([H])([H])[H])C([H])([H])[H])c([H])c([H])c2OC([H])([H])[H])nc(-c2c([H])nn3c([H])c([H])c([H])c([H])c23)c1Cl,0,-0.17567722,-0.08738026,-150.07902728647028,-30.17939352411694,0.016420744,0.012239359,0.014330052,0.0035936832,-0.006698668,-0.0015524924,-1207316.8447396422,1.722146699205041,-1207309.1544551458,-1207314.1121998953
S5-34.5,intermediate,[H]C1=C([H])c2c(-c3nc(N([H])c4c([H])c(N([H])C(=O)[C-:91]([H])[C:92]([H])(C([H])([H])N(C([H])([H])[H])C([H])([H])[H])[S:93]C([H])([H])[H])c([H])c([H])c4OC([H])([H])[H])nc([H])c3Cl)c([H])nn2C([H])=C1[H],-1,-0.44936827,-0.010487011,-68.82424740280798,38.73434060875432,0.0032795696,0.0048557576,0.0040676636,0.025462747,0.15165311,0.08855793,-1482311.2610951494,3.99190217256546,-1482297.6772493643,-1482303.5157939394
S5-34.5,product,[H]c1nc(N([H])c2c([H])c(N([H])C(=O)[C:91]([H])([H])[C:92]([H])(C([H])([H])N(C([H])([H])[H])C([H])([H])[H])[S:93]C([H])([H])[H])c([H])c([H])c2OC([H])([H])[H])nc(-c2c([H])nn3c([H])c([H])c([H])c([H])c23)c1Cl,0,-0.13318272,-0.039372798,-145.042387677543,-25.52918443686509,-0.03355774,-0.03466582,-0.03411178,0.0008595586,-0.0012148917,-0.00017766654,-1482679.1564537329,5.719031846150756,-1482667.43909438,-1482673.5615834321
S5-34.6,reactant,[H]c1nc(N([H])c2c([H])c(N([H])C(=O)/[C:91]([H])=[C:92](\[H])C([H])([H])N(C([H])([H])[H])C([H])([H])[H])c([H])c([H])c2OC([H])([H])[H])nc(-c2c([H])nn3c([H])c([H])c([H])c([H])c23)c1Cl,0,-0.13521816,-0.109953,-156.21035132424558,-26.74763109927756,-0.020564593,-0.0122788325,-0.016421713,-0.012806818,-0.014088541,-0.01344768,-1207315.9650181336,3.3717799559235573,-1207307.547666252,-1207312.0060277155
S5-34.6,intermediate,[H]C1=C([H])c2c(-c3nc(N([H])c4c([H])c(N([H])C(=O)[C-:91]([H])[C:92]([H])(C([H])([H])N(C([H])([H])[H])C([H])([H])[H])[S:93]C([H])([H])[H])c([H])c([H])c4OC([H])([H])[H])nc([H])c3Cl)c([H])nn2C([H])=C1[H],-1,-0.4923146,-0.036024056,-68.08177366690231,37.179822514073464,-0.011945069,-0.0016589202,-0.0068019945,0.05962035,0.20509565,0.132358,-1482311.8833823218,5.315899312496185,-1482296.8401063585,-1482303.7363970967
S5-34.6,product,[H]c1nc(N([H])c2c([H])c(N([H])C(=O)[C:91]([H])([H])[C:92]([H])(C([H])([H])N(C([H])([H])[H])C([H])([H])[H])[S:93]C([H])([H])[H])c([H])c([H])c2OC([H])([H])[H])nc(-c2c([H])nn3c([H])c([H])c([H])c([H])c23)c1Cl,0,-0.1471531,-0.06393621,-145.6180238436863,-21.495333660146148,-0.009242512,-0.011562869,-0.010402691,0.010806084,0.009828016,0.01031705,-1482686.7661094707,4.127132546156645,-1482672.550857064,-1482680.2241429812
S5-34.7,reactant,[H]c1nc(N([H])c2c([H])c(N([H])C(=O)/[C:91]([H])=[C:92](\[H])C([H])([H])N(C([H])([H])[H])C([H])([H])[H])c([H])c([H])c2OC([H])([H])[H])nc(-c2c([H])nn3c([H])c([H])c([H])c([H])c23)c1Cl,0,-0.15261339,-0.109009705,-150.6881735090531,-28.97866099748294,-0.01031483,-0.008993112,-0.009653971,0.014142349,-0.00013194978,0.0070052,-1207313.3075448081,1.9039719048887491,-1207305.5408490966,-1207310.0295256113
S5-34.7,intermediate,[H]C1=C([H])c2c(-c3nc(N([H])c4c([H])c(N([H])C(=O)[C-:91]([H])[C:92]([H])(C([H])([H])N(C([H])([H])[H])C([H])([H])[H])[S:93]C([H])([H])[H])c([H])c([H])c4OC([H])([H])[H])nc([H])c3Cl)c([H])nn2C([H])=C1[H],-1,-0.4994159,-0.02521584,-70.18730470687237,34.26353765459659,0.0083086025,0.011335116,0.009821859,0.045965344,0.19529703,0.12063119,-1482315.6509288296,4.429453967139125,-1482303.4715263306,-1482309.7590266287
S5-34.7,product,[H]c1nc(N([H])c2c([H])c(N([H])C(=O)[C:91]([H])([H])[C:92]([H])(C([H])([H])N(C([H])([H])[H])C([H])([H])[H])[S:93]C([H])([H])[H])c([H])c([H])c2OC([H])([H])[H])nc(-c2c([H])nn3c([H])c([H])c([H])c([H])c23)c1Cl,0,-0.12868546,-0.062251363,-146.36017992601032,-27.037755529881483,-0.026044693,-0.025567602,-0.025806148,0.004274249,0.0006559789,0.002465114,-1482680.8412292204,1.8278539646416903,-1482671.547625498,-1482677.2061846869
S5-34.8,reactant,[H]c1nc(N([H])c2c([H])c(N([H])C(=O)/[C:91]([H])=[C:92](\[H])C([H])([H])N(C([H])([H])[H])C([H])([H])[H])c([H])c([H])c2OC([H])([H])[H])nc(-c2c([H])nn3c([H])c([H])c([H])c([H])c23)c1Cl,0,-0.1775422,-0.08439156,-149.83451098838543,-30.21334746743844,-0.00022345781,2.1651387e-05,-0.00010090321,0.012902081,-0.0036500543,0.0046260133,-1207316.7296654636,1.5406579785048962,-1207307.9057042338,-1207314.020874419
S5-34.8,intermediate,[H]C1=C([H])c2c(-c3nc(N([H])c4c([H])c(N([H])C(=O)[C-:91]([H])[C:92]([H])(C([H])([H])N(C([H])([H])[H])C([H])([H])[H])[S:93]C([H])([H])[H])c([H])c([H])c4OC([H])([H])[H])nc([H])c3Cl)c([H])nn2C([H])=C1[H],-1,-0.46158528,-0.011276299,-68.88714077788858,37.53635180939705,-0.010091282,-0.004987411,-0.007539347,0.038413376,0.18361762,0.1110155,-1482312.5163841227,3.8961950354278088,-1482298.9485125185,-1482304.8009686188
S5-34.8,product,[H]c1nc(N([H])c2c([H])c(N([H])C(=O)[C:91]([H])([H])[C:92]([H])(C([H])([H])N(C([H])([H])[H])C([H])([H])[H])[S:93]C([H])([H])[H])c([H])c([H])c2OC([H])([H])[H])nc(-c2c([H])nn3c([H])c([H])c([H])c([H])c23)c1Cl,0,-0.14851904,-0.04304283,-146.4094466564237,-26.144467931433734,-0.032718908,-0.036548242,-0.034633577,0.0038219392,0.0012176037,0.0025197715,-1482677.9344981571,4.466674787923694,-1482666.9096691697,-1482673.6744803886
S5-34.9,reactant,[H]c1nc(N([H])c2c([H])c(N([H])C(=O)/[C:91]([H])=[C:92](\[H])C([H])([H])N(C([H])([H])[H])C([H])([H])[H])c([H])c([H])c2OC([H])([H])[H])nc(-c2c([H])nn3c([H])c([H])c([H])c([H])c23)c1Cl,0,-0.17466626,-0.09278838,-154.1927876577922,-25.301527712834112,-0.0007356256,0.001247406,0.0002558902,-0.010136649,-0.014446169,-0.012291409,-1207319.3262656603,2.6452897153794765,-1207308.9387765732,-1207315.3399926587
S5-34.9,intermediate,[H]C1=C([H])c2c(-c3nc(N([H])c4c([H])c(N([H])C(=O)[C-:91]([H])[C:92]([H])(C([H])([H])N(C([H])([H])[H])C([H])([H])[H])[S:93]C([H])([H])[H])c([H])c([H])c4OC([H])([H])[H])nc([H])c3Cl)c([H])nn2C([H])=C1[H],-1,-0.51073384,-0.046820756,-69.42876635965371,35.18134756511163,-0.005252909,0.0021174885,-0.0015677102,0.052764773,0.20518747,0.12897612,-1482312.6025544915,4.314841205254197,-1482300.151989775,-1482304.3362328936
S5-34.9,product,[H]c1nc(N([H])c2c([H])c(N([H])C(=O)[C:91]([H])([H])[C:92]([H])(C([H])([H])N(C([H])([H])[H])C([H])([H])[H])[S:93]C([H])([H])[H])c([H])c([H])c2OC([H])([H])[H])nc(-c2c([H])nn3c([H])c([H])c([H])c([H])c23)c1Cl,0,-0.14149956,-0.05564283,-147.03699842809826,-27.722829047184984,-0.028526174,-0.030128323,-0.029327247,0.004157558,0.002910599,0.0035340786,-1482678.53730915,2.1741284988820553,-1482667.9967850042,-1482674.3160505772
S5-34.10,reactant,[H]c1nc(N([H])c2c([H])c(N([H])C(=O)/[C:91]([H])=[C:92](\[H])C([H])([H])N(C([H])([H])[H])C([H])([H])[H])c([H])c([H])c2OC([H])([H])[H])nc(-c2c([H])nn3c([H])c([H])c([H])c([H])c23)c1Cl,0,-0.12429067,-0.11900905,-151.77371324654612,-31.372109243045024,-0.004374534,-0.00051143765,-0.0024429858,-0.011053972,-0.019767798,-0.015410885,-1207313.9562792126,1.4923305325210094,-1207305.6371006195,-1207310.4793569266
S5-34.10,intermediate,[H]C1=C([H])c2c(-c3nc(N([H])c4c([H])c(N([H])C(=O)[C-:91]([H])[C:92]([H])(C([H])([H])N(C([H])([H])[H])C([H])([H])[H])[S:93]C([H])([H])[H])c([H])c([H])c4OC([H])([H])[H])nc([H])c3Cl)c([H])nn2C([H])=C1[H],-1,-0.49775723,-0.023752026,-71.46543447922035,33.817061290756506,0.018724654,0.017688815,0.018206734,0.04111889,0.19107714,0.11609802,-1482315.5778501225,2.4531075675040483,-1482304.6629478491,-1482310.1233815455
S5-34.10,product,[H]c1nc(N([H])c2c([H])c(N([H])C(=O)[C:91]([H])([H])[C:92]([H])(C([H])([H])N(C([H])([H])[H])C([H])([H])[H])[S:93]C([H])([H])[H])c([H])c([H])c2OC([H])([H])[H])nc(-c2c([H])nn3c([H])c([H])c([H])c([H])c23)c1Cl,0,-0.1298522,-0.03617039,-148.22882011377928,-21.09449415288261,-0.03339662,-0.035725314,-0.034560967,0.0047100782,0.0020810664,0.0033955723,-1482686.6735767105,2.418757939711213,-1482676.0480487952,-1482682.673638443
