Name,RC,SMILES,charge,QCa,QCb,E_HOMO,E_LUMO,f_plus_Cb,f_minus_Cb,f_zero_Cb,f_plus_Ca,f_minus_Ca,f_zero_Ca,"E(opt, kcal/mol)","time(opt, sec)","E(rattled, kcal/mol)","E(initial, kcal/mol)"
S2-20.1,reactant,[H]c1c([H])c(N([H])C(=O)[C:91]([H])=[C:92]([H])[H])c([H])c([H])c1N([H])[H],0,0.0,0.0,0.0,0.0,0.0,0.0,0.0,0.0,0.0,0.0,-334908.67007607286,0.8868066444993019,-334905.6646533516,-334907.6253946031
S2-20.1,intermediate,[H]c1c([H])c(N([H])C(=O)[C-:91]([H])[C:92]([H])([H])[S:93]C([H])([H])[H])c([H])c([H])c1N([H])[H],-1,0.0,0.0,0.0,0.0,0.0,0.0,0.0,0.0,0.0,0.0,-609838.7759389464,2.052678966894746,-609833.7883380257,-609836.0300083088
S2-20.1,product,[H]c1c([H])c(N([H])C(=O)[C:91]([H])([H])[C:92]([H])([H])[S:93]C([H])([H])[H])c([H])c([H])c1N([H])[H],0,0.0,0.0,0.0,0.0,0.0,0.0,0.0,0.0,0.0,0.0,-610203.5827283608,1.0137699376791716,-610200.394857914,-610202.269032162
S2-22.1,reactant,[H]c1c([H])c([H])c(C([H])([H])N([H])C(=O)[C:91]([H])=[C:92]([H])[H])c([H])c1[H],0,0.0,0.0,0.0,0.0,0.0,0.0,0.0,0.0,0.0,0.0,-324829.27829640184,2.080089347437024,-324826.2884978014,-324828.4605474862
S2-22.1,intermediate,[H]c1c([H])c([H])c(C([H])([H])N([H])C(=O)[C-:91]([H])[C:92]([H])([H])[S:93]C([H])([H])[H])c([H])c1[H],-1,0.0,0.0,0.0,0.0,0.0,0.0,0.0,0.0,0.0,0.0,-599758.2314339933,9.72199360653758,-599752.644830095,-599755.2861215959
S2-22.1,product,[H]c1c([H])c([H])c(C([H])([H])N([H])C(=O)[C:91]([H])([H])[C:92]([H])([H])[S:93]C([H])([H])[H])c([H])c1[H],0,0.0,0.0,0.0,0.0,0.0,0.0,0.0,0.0,0.0,0.0,-600125.8316353181,12.525655090808868,-600122.7888037757,-600124.9006318009
S2-22.2,reactant,[H]c1c([H])c([H])c(C([H])([H])N([H])C(=O)[C:91]([H])=[C:92]([H])[H])c([H])c1[H],0,0.0,0.0,0.0,0.0,0.0,0.0,0.0,0.0,0.0,0.0,-324829.28280893713,7.131684748455882,-324826.09556252044,-324828.4056493262
S2-22.2,intermediate,[H]c1c([H])c([H])c(C([H])([H])N([H])C(=O)[C-:91]([H])[C:92]([H])([H])[S:93]C([H])([H])[H])c([H])c1[H],-1,0.0,0.0,0.0,0.0,0.0,0.0,0.0,0.0,0.0,0.0,-599757.3283386444,48.20788158103824,-599749.0280447503,-599752.5894591017
S2-22.2,product,[H]c1c([H])c([H])c(C([H])([H])N([H])C(=O)[C:91]([H])([H])[C:92]([H])([H])[S:93]C([H])([H])[H])c([H])c1[H],0,0.0,0.0,0.0,0.0,0.0,0.0,0.0,0.0,0.0,0.0,-600125.7431000082,13.383967384696007,-600121.5114827623,-600124.7573302845
S2-22.3,reactant,[H]c1c([H])c([H])c(C([H])([H])N([H])C(=O)[C:91]([H])=[C:92]([H])[H])c([H])c1[H],0,0.0,0.0,0.0,0.0,0.0,0.0,0.0,0.0,0.0,0.0,-324829.24725296313,6.327792838215828,-324826.2760474375,-324828.4501877608
S2-22.3,intermediate,[H]c1c([H])c([H])c(C([H])([H])N([H])C(=O)[C-:91]([H])[C:92]([H])([H])[S:93]C([H])([H])[H])c([H])c1[H],-1,0.0,0.0,0.0,0.0,0.0,0.0,0.0,0.0,0.0,0.0,-599759.5793831251,25.120850356295705,-599754.308620959,-599756.609532872
S2-22.3,product,[H]c1c([H])c([H])c(C([H])([H])N([H])C(=O)[C:91]([H])([H])[C:92]([H])([H])[S:93]C([H])([H])[H])c([H])c1[H],0,0.0,0.0,0.0,0.0,0.0,0.0,0.0,0.0,0.0,0.0,-600125.8031993358,22.59796828404069,-600121.6069896163,-600124.8122779271
S2-22.4,reactant,[H]c1c([H])c([H])c(C([H])([H])N([H])C(=O)[C:91]([H])=[C:92]([H])[H])c([H])c1[H],0,0.0,0.0,0.0,0.0,0.0,0.0,0.0,0.0,0.0,0.0,-324830.064887794,4.1932536493986845,-324828.6044744073,-324829.5811737014
S2-22.4,intermediate,[H]c1c([H])c([H])c(C([H])([H])N([H])C(=O)[C-:91]([H])[C:92]([H])([H])[S:93]C([H])([H])[H])c([H])c1[H],-1,0.0,0.0,0.0,0.0,0.0,0.0,0.0,0.0,0.0,0.0,-599757.3835831822,58.62634140625596,-599751.0418807971,-599753.1140897798
S2-22.4,product,[H]c1c([H])c([H])c(C([H])([H])N([H])C(=O)[C:91]([H])([H])[C:92]([H])([H])[S:93]C([H])([H])[H])c([H])c1[H],0,0.0,0.0,0.0,0.0,0.0,0.0,0.0,0.0,0.0,0.0,-600125.7837306944,19.131931647658348,-600122.1278046387,-600124.799725849
S2-22.5,reactant,[H]c1c([H])c([H])c(C([H])([H])N([H])C(=O)[C:91]([H])=[C:92]([H])[H])c([H])c1[H],0,0.0,0.0,0.0,0.0,0.0,0.0,0.0,0.0,0.0,0.0,-324829.26211147866,8.715736554935575,-324826.84357950196,-324828.44122729247
S2-22.5,intermediate,[H]c1c([H])c([H])c(C([H])([H])N([H])C(=O)[C-:91]([H])[C:92]([H])([H])[S:93]C([H])([H])[H])c([H])c1[H],-1,0.0,0.0,0.0,0.0,0.0,0.0,0.0,0.0,0.0,0.0,-599758.2430239103,38.39194944500923,-599753.0630292678,-599755.0651214519
S2-22.5,product,[H]c1c([H])c([H])c(C([H])([H])N([H])C(=O)[C:91]([H])([H])[C:92]([H])([H])[S:93]C([H])([H])[H])c([H])c1[H],0,0.0,0.0,0.0,0.0,0.0,0.0,0.0,0.0,0.0,0.0,-600125.7690673602,15.760825788602233,-600122.5691396609,-600124.7780469862
S2-22.6,reactant,[H]c1c([H])c([H])c(C([H])([H])N([H])C(=O)[C:91]([H])=[C:92]([H])[H])c([H])c1[H],0,0.0,0.0,0.0,0.0,0.0,0.0,0.0,0.0,0.0,0.0,-324830.0554489942,4.0808446779847145,-324827.7806267651,-324829.5717623919
S2-22.6,intermediate,[H]c1c([H])c([H])c(C([H])([H])N([H])C(=O)[C-:91]([H])[C:92]([H])([H])[S:93]C([H])([H])[H])c([H])c1[H],-1,0.0,0.0,0.0,0.0,0.0,0.0,0.0,0.0,0.0,0.0,-599756.0072475508,21.870660338550806,-599749.7276677806,-599753.1817434462
S2-22.6,product,[H]c1c([H])c([H])c(C([H])([H])N([H])C(=O)[C:91]([H])([H])[C:92]([H])([H])[S:93]C([H])([H])[H])c([H])c1[H],0,0.0,0.0,0.0,0.0,0.0,0.0,0.0,0.0,0.0,0.0,-600126.1106345296,24.84071460738778,-600122.8552533662,-600125.0578764053
S2-23.1,reactant,[H]c1c([H])c([H])c(N(C(=O)[C:91]([H])=[C:92]([H])[H])C([H])([H])[H])c([H])c1[H],0,0.0,0.0,0.0,0.0,0.0,0.0,0.0,0.0,0.0,0.0,-324820.7934270319,17.834426933899522,-324816.9786880492,-324819.5271035193
S2-23.1,intermediate,[H]c1c([H])c([H])c(N(C(=O)[C-:91]([H])[C:92]([H])([H])[S:93]C([H])([H])[H])C([H])([H])[H])c([H])c1[H],-1,0.0,0.0,0.0,0.0,0.0,0.0,0.0,0.0,0.0,0.0,-599752.34792919,36.96008299663663,-599748.0259567754,-599750.3059870447
S2-23.1,product,[H]c1c([H])c([H])c(N(C(=O)[C:91]([H])([H])[C:92]([H])([H])[S:93]C([H])([H])[H])C([H])([H])[H])c([H])c1[H],0,0.0,0.0,0.0,0.0,0.0,0.0,0.0,0.0,0.0,0.0,-600117.4084102316,21.089475482702255,-600113.6455853351,-600116.1463628375
S2-23.2,reactant,[H]c1c([H])c([H])c(N(C(=O)[C:91]([H])=[C:92]([H])[H])C([H])([H])[H])c([H])c1[H],0,0.0,0.0,0.0,0.0,0.0,0.0,0.0,0.0,0.0,0.0,-324820.7857792261,18.183644082397223,-324817.4382395291,-324819.56681740354
S2-23.2,intermediate,[H]c1c([H])c([H])c(N(C(=O)[C-:91]([H])[C:92]([H])([H])[S:93]C([H])([H])[H])C([H])([H])[H])c([H])c1[H],-1,0.0,0.0,0.0,0.0,0.0,0.0,0.0,0.0,0.0,0.0,-599752.938943482,22.400482550263405,-599749.161169352,-599751.313149732
S2-23.2,product,[H]c1c([H])c([H])c(N(C(=O)[C:91]([H])([H])[C:92]([H])([H])[S:93]C([H])([H])[H])C([H])([H])[H])c([H])c1[H],0,0.0,0.0,0.0,0.0,0.0,0.0,0.0,0.0,0.0,0.0,-600117.372639833,16.420585023239255,-600113.5480881823,-600116.2329023506
S2-23.3,reactant,[H]c1c([H])c([H])c(N(C(=O)[C:91]([H])=[C:92]([H])[H])C([H])([H])[H])c([H])c1[H],0,0.0,0.0,0.0,0.0,0.0,0.0,0.0,0.0,0.0,0.0,-324820.7970681242,21.778105568140745,-324817.4869839819,-324819.58189309255
S2-23.3,intermediate,[H]c1c([H])c([H])c(N(C(=O)[C-:91]([H])[C:92]([H])([H])[S:93]C([H])([H])[H])C([H])([H])[H])c([H])c1[H],-1,0.0,0.0,0.0,0.0,0.0,0.0,0.0,0.0,0.0,0.0,-599755.4690091665,22.41333399526775,-599751.0065282515,-599753.4740974528
S2-23.3,product,[H]c1c([H])c([H])c(N(C(=O)[C:91]([H])([H])[C:92]([H])([H])[S:93]C([H])([H])[H])C([H])([H])[H])c([H])c1[H],0,0.0,0.0,0.0,0.0,0.0,0.0,0.0,0.0,0.0,0.0,-600116.7022060199,22.34974647499621,-600112.4991237214,-600115.42535784
S2-23.4,reactant,[H]c1c([H])c([H])c(N(C(=O)[C:91]([H])=[C:92]([H])[H])C([H])([H])[H])c([H])c1[H],0,0.0,0.0,0.0,0.0,0.0,0.0,0.0,0.0,0.0,0.0,-324820.8044946329,15.946479979902506,-324818.27241665724,-324819.636616689
S2-23.4,intermediate,[H]c1c([H])c([H])c(N(C(=O)[C-:91]([H])[C:92]([H])([H])[S:93]C([H])([H])[H])C([H])([H])[H])c([H])c1[H],-1,0.0,0.0,0.0,0.0,0.0,0.0,0.0,0.0,0.0,0.0,-599755.7835038733,43.055781146511436,-599749.9675097867,-599753.4088024556
S2-23.4,product,[H]c1c([H])c([H])c(N(C(=O)[C:91]([H])([H])[C:92]([H])([H])[S:93]C([H])([H])[H])C([H])([H])[H])c([H])c1[H],0,0.0,0.0,0.0,0.0,0.0,0.0,0.0,0.0,0.0,0.0,-600117.3966553727,20.981317533180118,-600113.1918686747,-600116.1999359643
S2-21.1,reactant,[H]c1c([H])c(N([H])C(=O)[C:91]([H])=[C:92]([H])[H])c([H])c([H])c1F,0,0.0,0.0,0.0,0.0,0.0,0.0,0.0,0.0,0.0,0.0,-362459.10760090523,3.3483131416141987,-362456.6421154698,-362458.4816299282
S2-21.1,intermediate,[H]c1c([H])c(N([H])C(=O)[C-:91]([H])[C:92]([H])([H])[S:93]C([H])([H])[H])c([H])c([H])c1F,-1,0.0,0.0,0.0,0.0,0.0,0.0,0.0,0.0,0.0,0.0,-637390.3007827278,23.825646072626114,-637387.2850841266,-637388.5331279539
S2-21.1,product,[H]c1c([H])c(N([H])C(=O)[C:91]([H])([H])[C:92]([H])([H])[S:93]C([H])([H])[H])c([H])c([H])c1F,0,0.0,0.0,0.0,0.0,0.0,0.0,0.0,0.0,0.0,0.0,-637754.0388641367,7.158639555796981,-637750.733445101,-637753.1120831319
S2-24.1,reactant,[H]c1c([H])c([H])c(N([H])C(=O)[C:91]([H])=[C:92]([H])[H])c([H])c1[H],0,0.0,0.0,0.0,0.0,0.0,0.0,0.0,0.0,0.0,0.0,-300166.080841209,4.746867209672928,-300163.2159764706,-300165.53444095
S2-24.1,intermediate,[H]c1c([H])c([H])c(N([H])C(=O)[C-:91]([H])[C:92]([H])([H])[S:93]C([H])([H])[H])c([H])c1[H],-1,0.0,0.0,0.0,0.0,0.0,0.0,0.0,0.0,0.0,0.0,-575096.8189456005,18.389812298119068,-575093.222745004,-575094.8190801321
S2-24.1,product,[H]c1c([H])c([H])c(N([H])C(=O)[C:91]([H])([H])[C:92]([H])([H])[S:93]C([H])([H])[H])c([H])c1[H],0,0.0,0.0,0.0,0.0,0.0,0.0,0.0,0.0,0.0,0.0,-575462.4049480063,9.401672584936023,-575459.8169217407,-575461.5964138444
S2-26.1,reactant,[H]c1c([H])c(N([H])C(=O)[C:91]([H])=[C:92]([H])[H])c([H])c([H])c1OC([H])([H])[H],0,0.0,0.0,0.0,0.0,0.0,0.0,0.0,0.0,0.0,0.0,-372035.06096049875,17.100451555103064,-372031.66807277733,-372034.395881799
S2-26.1,intermediate,[H]c1c([H])c(N([H])C(=O)[C-:91]([H])[C:92]([H])([H])[S:93]C([H])([H])[H])c([H])c([H])c1OC([H])([H])[H],-1,0.0,0.0,0.0,0.0,0.0,0.0,0.0,0.0,0.0,0.0,-646967.6899669954,24.548819294199347,-646962.9045133602,-646965.7133473377
S2-26.1,product,[H]c1c([H])c(N([H])C(=O)[C:91]([H])([H])[C:92]([H])([H])[S:93]C([H])([H])[H])c([H])c([H])c1OC([H])([H])[H],0,0.0,0.0,0.0,0.0,0.0,0.0,0.0,0.0,0.0,0.0,-647331.4552198321,11.12013752758503,-647327.6864460314,-647330.5444381909
S2-26.2,reactant,[H]c1c([H])c(N([H])C(=O)[C:91]([H])=[C:92]([H])[H])c([H])c([H])c1OC([H])([H])[H],0,0.0,0.0,0.0,0.0,0.0,0.0,0.0,0.0,0.0,0.0,-372034.7358132947,8.509505320340395,-372032.35408810136,-372034.0854144234
S2-26.2,intermediate,[H]c1c([H])c(N([H])C(=O)[C-:91]([H])[C:92]([H])([H])[S:93]C([H])([H])[H])c([H])c([H])c1OC([H])([H])[H],-1,0.0,0.0,0.0,0.0,0.0,0.0,0.0,0.0,0.0,0.0,-646966.3719823075,29.914929423481226,-646961.7282027621,-646964.1769685877
S2-26.2,product,[H]c1c([H])c(N([H])C(=O)[C:91]([H])([H])[C:92]([H])([H])[S:93]C([H])([H])[H])c([H])c([H])c1OC([H])([H])[H],0,0.0,0.0,0.0,0.0,0.0,0.0,0.0,0.0,0.0,0.0,-647331.4650338747,12.792452942579985,-647327.9094859568,-647330.5340908362
S2-25.1,reactant,[H]c1c([H])c([H])c(C([H])([H])[H])c(N([H])C(=O)[C:91]([H])=[C:92]([H])[H])c1[H],0,0.0,0.0,0.0,0.0,0.0,0.0,0.0,0.0,0.0,0.0,-324833.56805154134,2.487728176638484,-324832.0893007397,-324832.9075032456
S2-25.1,intermediate,[H]c1c([H])c([H])c(C([H])([H])[H])c(N([H])C(=O)[C-:91]([H])[C:92]([H])([H])[S:93]C([H])([H])[H])c1[H],-1,0.0,0.0,0.0,0.0,0.0,0.0,0.0,0.0,0.0,0.0,-599766.4845764983,21.563245359808207,-599762.2863599857,-599764.5042181576
S2-25.1,product,[H]c1c([H])c([H])c(C([H])([H])[H])c(N([H])C(=O)[C:91]([H])([H])[C:92]([H])([H])[S:93]C([H])([H])[H])c1[H],0,0.0,0.0,0.0,0.0,0.0,0.0,0.0,0.0,0.0,0.0,-600129.6328476911,19.77691556327045,-600126.5047796764,-600128.1036054271
S2-25.2,reactant,[H]c1c([H])c([H])c(C([H])([H])[H])c(N([H])C(=O)[C:91]([H])=[C:92]([H])[H])c1[H],0,0.0,0.0,0.0,0.0,0.0,0.0,0.0,0.0,0.0,0.0,-324832.5675043986,8.415649503469467,-324830.3334544308,-324831.66543718736
S2-25.2,intermediate,[H]c1c([H])c([H])c(C([H])([H])[H])c(N([H])C(=O)[C-:91]([H])[C:92]([H])([H])[S:93]C([H])([H])[H])c1[H],-1,0.0,0.0,0.0,0.0,0.0,0.0,0.0,0.0,0.0,0.0,-599766.5188239332,24.935503877699375,-599762.0980403287,-599764.5115085893
S2-25.2,product,[H]c1c([H])c([H])c(C([H])([H])[H])c(N([H])C(=O)[C:91]([H])([H])[C:92]([H])([H])[S:93]C([H])([H])[H])c1[H],0,0.0,0.0,0.0,0.0,0.0,0.0,0.0,0.0,0.0,0.0,-600127.7001795497,17.499845193699002,-600124.8389160427,-600126.5916875597
S2-25.3,reactant,[H]c1c([H])c([H])c(C([H])([H])[H])c(N([H])C(=O)[C:91]([H])=[C:92]([H])[H])c1[H],0,0.0,0.0,0.0,0.0,0.0,0.0,0.0,0.0,0.0,0.0,-324832.55693024874,9.727829661220312,-324829.88771408546,-324831.660399587
S2-25.3,intermediate,[H]c1c([H])c([H])c(C([H])([H])[H])c(N([H])C(=O)[C-:91]([H])[C:92]([H])([H])[S:93]C([H])([H])[H])c1[H],-1,0.0,0.0,0.0,0.0,0.0,0.0,0.0,0.0,0.0,0.0,-599761.3037406522,26.7971110381186,-599756.7356749335,-599758.865294691
S2-25.3,product,[H]c1c([H])c([H])c(C([H])([H])[H])c(N([H])C(=O)[C:91]([H])([H])[C:92]([H])([H])[S:93]C([H])([H])[H])c1[H],0,0.0,0.0,0.0,0.0,0.0,0.0,0.0,0.0,0.0,0.0,-600128.5420429701,15.569609528407454,-600125.3790402627,-600127.555794915
S2-27.1,reactant,[H]c1c([H])c([H])c(N([H])C(=O)[C:91]([H])=[C:92]([H])[H])c(C#N)c1[H],0,0.0,0.0,0.0,0.0,0.0,0.0,0.0,0.0,0.0,0.0,-358066.17075673945,3.7527581956237555,-358063.908765615,-358065.2494573035
S2-27.1,intermediate,[H]c1c([H])c([H])c(N([H])C(=O)[C-:91]([H])[C:92]([H])([H])[S:93]C([H])([H])[H])c(C#N)c1[H],-1,0.0,0.0,0.0,0.0,0.0,0.0,0.0,0.0,0.0,0.0,-632999.1964979706,32.49499570578337,-632993.5628361503,-632995.3934492446
S2-27.1,product,[H]c1c([H])c([H])c(N([H])C(=O)[C:91]([H])([H])[C:92]([H])([H])[S:93]C([H])([H])[H])c(C#N)c1[H],0,0.0,0.0,0.0,0.0,0.0,0.0,0.0,0.0,0.0,0.0,-633361.0576148643,11.485053503885865,-633357.3282319366,-633359.8489151765
S2-27.2,reactant,[H]c1c([H])c([H])c(N([H])C(=O)[C:91]([H])=[C:92]([H])[H])c(C#N)c1[H],0,0.0,0.0,0.0,0.0,0.0,0.0,0.0,0.0,0.0,0.0,-358064.9595444368,9.40470534004271,-358061.6856952793,-358063.93188497034
S2-27.2,intermediate,[H]c1c([H])c([H])c(N([H])C(=O)[C-:91]([H])[C:92]([H])([H])[S:93]C([H])([H])[H])c(C#N)c1[H],-1,0.0,0.0,0.0,0.0,0.0,0.0,0.0,0.0,0.0,0.0,-633003.6398456261,21.064430937170982,-632999.8571122432,-633001.4026507662
S2-27.2,product,[H]c1c([H])c([H])c(N([H])C(=O)[C:91]([H])([H])[C:92]([H])([H])[S:93]C([H])([H])[H])c(C#N)c1[H],0,0.0,0.0,0.0,0.0,0.0,0.0,0.0,0.0,0.0,0.0,-633361.0723826617,8.48951773159206,-633357.7935934947,-633359.8234646424
S2-27.3,reactant,[H]c1c([H])c([H])c(N([H])C(=O)[C:91]([H])=[C:92]([H])[H])c(C#N)c1[H],0,0.0,0.0,0.0,0.0,0.0,0.0,0.0,0.0,0.0,0.0,-358066.1791027992,4.37616690248251,-358063.84240399353,-358065.2752597136
S2-27.3,intermediate,[H]c1c([H])c([H])c(N([H])C(=O)[C-:91]([H])[C:92]([H])([H])[S:93]C([H])([H])[H])c(C#N)c1[H],-1,0.0,0.0,0.0,0.0,0.0,0.0,0.0,0.0,0.0,0.0,-633002.5073545907,32.993738889694214,-632998.0645512434,-632999.67051348
S2-27.3,product,[H]c1c([H])c([H])c(N([H])C(=O)[C:91]([H])([H])[C:92]([H])([H])[S:93]C([H])([H])[H])c(C#N)c1[H],0,0.0,0.0,0.0,0.0,0.0,0.0,0.0,0.0,0.0,0.0,-633361.927468924,27.83444289676845,-633357.7227454537,-633360.0561839079
S2-29.1,reactant,[H]c1c([H])c(C([H])([H])[H])c([H])c([H])c1N([H])C(=O)[C:91]([H])=[C:92]([H])[H],0,0.0,0.0,0.0,0.0,0.0,0.0,0.0,0.0,0.0,0.0,-324831.78394793725,4.787432290613651,-324829.47471058223,-324831.16626391583
S2-29.1,intermediate,[H]c1c([H])c(C([H])([H])[H])c([H])c([H])c1N([H])C(=O)[C-:91]([H])[C:92]([H])([H])[S:93]C([H])([H])[H],-1,0.0,0.0,0.0,0.0,0.0,0.0,0.0,0.0,0.0,0.0,-599763.8466223218,27.938238168135285,-599759.2283317968,-599761.5853954281
S2-29.1,product,[H]c1c([H])c(C([H])([H])[H])c([H])c([H])c1N([H])C(=O)[C:91]([H])([H])[C:92]([H])([H])[S:93]C([H])([H])[H],0,0.0,0.0,0.0,0.0,0.0,0.0,0.0,0.0,0.0,0.0,-600129.1966038753,21.888503462076187,-600125.6675731156,-600127.900726899
S2-28.1,reactant,[H]c1c([H])c(F)c([H])c(N([H])C(=O)[C:91]([H])=[C:92]([H])[H])c1[H],0,0.0,0.0,0.0,0.0,0.0,0.0,0.0,0.0,0.0,0.0,-362459.8445502858,2.0778423584997654,-362456.90858459554,-362459.2001635464
S2-28.1,intermediate,[H]c1c([H])c(F)c([H])c(N([H])C(=O)[C-:91]([H])[C:92]([H])([H])[S:93]C([H])([H])[H])c1[H],-1,0.0,0.0,0.0,0.0,0.0,0.0,0.0,0.0,0.0,0.0,-637396.3368587819,17.972587134689093,-637392.9754529697,-637394.786108095
S2-28.1,product,[H]c1c([H])c(F)c([H])c(N([H])C(=O)[C:91]([H])([H])[C:92]([H])([H])[S:93]C([H])([H])[H])c1[H],0,0.0,0.0,0.0,0.0,0.0,0.0,0.0,0.0,0.0,0.0,-637756.7096472479,52.772763622924685,-637752.1415320468,-637754.578235122
S2-28.2,reactant,[H]c1c([H])c(F)c([H])c(N([H])C(=O)[C:91]([H])=[C:92]([H])[H])c1[H],0,0.0,0.0,0.0,0.0,0.0,0.0,0.0,0.0,0.0,0.0,-362460.1278627278,3.6960118003189564,-362456.97813234455,-362459.4797345565
S2-28.2,intermediate,[H]c1c([H])c(F)c([H])c(N([H])C(=O)[C-:91]([H])[C:92]([H])([H])[S:93]C([H])([H])[H])c1[H],-1,0.0,0.0,0.0,0.0,0.0,0.0,0.0,0.0,0.0,0.0,-637394.9931761471,24.62142775952816,-637389.9562026197,-637393.1100895386
S2-28.2,product,[H]c1c([H])c(F)c([H])c(N([H])C(=O)[C:91]([H])([H])[C:92]([H])([H])[S:93]C([H])([H])[H])c1[H],0,0.0,0.0,0.0,0.0,0.0,0.0,0.0,0.0,0.0,0.0,-637754.8179231824,5.330760633572936,-637751.1540579235,-637753.8771001245
S2-30.1,reactant,[H]c1nc(N([H])C(=O)[C:91]([H])=[C:92]([H])[H])c([H])c([H])c1[H],0,0.0,0.0,0.0,0.0,0.0,0.0,0.0,0.0,0.0,0.0,-310245.0973519583,2.4227028600871563,-310243.5201445918,-310244.68307565345
S2-30.1,intermediate,[H]c1nc(N([H])C(=O)[C-:91]([H])[C:92]([H])([H])[S:93]C([H])([H])[H])c([H])c([H])c1[H],-1,0.0,0.0,0.0,0.0,0.0,0.0,0.0,0.0,0.0,0.0,-585176.9225058937,30.239784639328718,-585173.0712611466,-585175.1348986488
S2-30.1,product,[H]c1nc(N([H])C(=O)[C:91]([H])([H])[C:92]([H])([H])[S:93]C([H])([H])[H])c([H])c([H])c1[H],0,0.0,0.0,0.0,0.0,0.0,0.0,0.0,0.0,0.0,0.0,-585540.0775067158,8.697046091780066,-585537.187240926,-585539.3681081294
S2-31.1,reactant,[H]c1c([H])c(N([H])C(=O)[C:91]([H])=[C:92]([H])[H])c([H])c([H])c1C#N,0,0.0,0.0,0.0,0.0,0.0,0.0,0.0,0.0,0.0,0.0,-358063.26926940284,2.775944633409381,-358060.2753156412,-358062.4018894716
S2-31.1,intermediate,[H]c1c([H])c(N([H])C(=O)[C-:91]([H])[C:92]([H])([H])[S:93]C([H])([H])[H])c([H])c([H])c1C#N,-1,0.0,0.0,0.0,0.0,0.0,0.0,0.0,0.0,0.0,0.0,-633008.2784954787,24.919136034324765,-633003.2864906093,-633006.3391416925
S2-31.1,product,[H]c1c([H])c(N([H])C(=O)[C:91]([H])([H])[C:92]([H])([H])[S:93]C([H])([H])[H])c([H])c([H])c1C#N,0,0.0,0.0,0.0,0.0,0.0,0.0,0.0,0.0,0.0,0.0,-633359.5921528811,13.02268317528069,-633355.7817587428,-633358.4308327519
S2-32.1,reactant,[H]c1c([H])c([H])c(C(N([H])C(=O)[C:91](C([H])([H])[H])=[C:92]([H])[H])(C([H])([H])[H])C([H])([H])[H])c([H])c1[H],0,0.0,0.0,0.0,0.0,0.0,0.0,0.0,0.0,0.0,0.0,-398825.29967635655,31.611944932490587,-398821.03981556057,-398824.26168053155
S2-32.1,intermediate,[H]c1c([H])c([H])c(C(N([H])C(=O)[C-:91](C([H])([H])[H])[C:92]([H])([H])[S:93]C([H])([H])[H])(C([H])([H])[H])C([H])([H])[H])c([H])c1[H],-1,0.0,0.0,0.0,0.0,0.0,0.0,0.0,0.0,0.0,0.0,-673763.8858067213,46.33116610720754,-673758.6372677262,-673761.4794694484
S2-32.1,product,[H]c1c([H])c([H])c(C(N([H])C(=O)[C:91]([H])(C([H])([H])[H])[C:92]([H])([H])[S:93]C([H])([H])[H])(C([H])([H])[H])C([H])([H])[H])c([H])c1[H],0,0.0,0.0,0.0,0.0,0.0,0.0,0.0,0.0,0.0,0.0,-674119.2077885333,99.82197924144566,-674113.8550282543,-674117.4096030152
S2-32.2,reactant,[H]c1c([H])c([H])c(C(N([H])C(=O)[C:91](C([H])([H])[H])=[C:92]([H])[H])(C([H])([H])[H])C([H])([H])[H])c([H])c1[H],0,0.0,0.0,0.0,0.0,0.0,0.0,0.0,0.0,0.0,0.0,-398826.9863611553,18.553184870630503,-398823.2800343551,-398826.1591665672
S2-32.2,intermediate,[H]c1c([H])c([H])c(C(N([H])C(=O)[C-:91](C([H])([H])[H])[C:92]([H])([H])[S:93]C([H])([H])[H])(C([H])([H])[H])C([H])([H])[H])c([H])c1[H],-1,0.0,0.0,0.0,0.0,0.0,0.0,0.0,0.0,0.0,0.0,-673759.5067314233,42.967476703226566,-673753.4276110333,-673756.6026874874
S2-32.2,product,[H]c1c([H])c([H])c(C(N([H])C(=O)[C:91]([H])(C([H])([H])[H])[C:92]([H])([H])[S:93]C([H])([H])[H])(C([H])([H])[H])C([H])([H])[H])c([H])c1[H],0,0.0,0.0,0.0,0.0,0.0,0.0,0.0,0.0,0.0,0.0,-674118.9620031209,31.57648279517889,-674114.1927852661,-674117.8586958045
S2-32.3,reactant,[H]c1c([H])c([H])c(C(N([H])C(=O)[C:91](C([H])([H])[H])=[C:92]([H])[H])(C([H])([H])[H])C([H])([H])[H])c([H])c1[H],0,0.0,0.0,0.0,0.0,0.0,0.0,0.0,0.0,0.0,0.0,-398826.3759332026,18.502136509865522,-398822.25505244546,-398825.18868695694
S2-32.3,intermediate,[H]c1c([H])c([H])c(C(N([H])C(=O)[C-:91](C([H])([H])[H])[C:92]([H])([H])[S:93]C([H])([H])[H])(C([H])([H])[H])C([H])([H])[H])c([H])c1[H],-1,0.0,0.0,0.0,0.0,0.0,0.0,0.0,0.0,0.0,0.0,-673761.1243495535,140.46968088671565,-673737.6418801799,-673740.6614274252
S2-32.3,product,[H]c1c([H])c([H])c(C(N([H])C(=O)[C:91]([H])(C([H])([H])[H])[C:92]([H])([H])[S:93]C([H])([H])[H])(C([H])([H])[H])C([H])([H])[H])c([H])c1[H],0,0.0,0.0,0.0,0.0,0.0,0.0,0.0,0.0,0.0,0.0,-674118.832688677,35.547880958765745,-674115.1598615753,-674117.7248069721
S2-32.4,reactant,[H]c1c([H])c([H])c(C(N([H])C(=O)[C:91](C([H])([H])[H])=[C:92]([H])[H])(C([H])([H])[H])C([H])([H])[H])c([H])c1[H],0,0.0,0.0,0.0,0.0,0.0,0.0,0.0,0.0,0.0,0.0,-398826.3745916752,15.936999078840017,-398822.3343070249,-398825.22062520543
S2-32.4,intermediate,[H]c1c([H])c([H])c(C(N([H])C(=O)[C-:91](C([H])([H])[H])[C:92]([H])([H])[S:93]C([H])([H])[H])(C([H])([H])[H])C([H])([H])[H])c([H])c1[H],-1,0.0,0.0,0.0,0.0,0.0,0.0,0.0,0.0,0.0,0.0,-673765.6609663512,72.03973126783967,-673758.5636486614,-673762.2662752651
S2-32.4,product,[H]c1c([H])c([H])c(C(N([H])C(=O)[C:91]([H])(C([H])([H])[H])[C:92]([H])([H])[S:93]C([H])([H])[H])(C([H])([H])[H])C([H])([H])[H])c([H])c1[H],0,0.0,0.0,0.0,0.0,0.0,0.0,0.0,0.0,0.0,0.0,-674118.0785633475,52.939671117812395,-674112.4891939233,-674116.4442860861
S2-32.5,reactant,[H]c1c([H])c([H])c(C(N([H])C(=O)[C:91](C([H])([H])[H])=[C:92]([H])[H])(C([H])([H])[H])C([H])([H])[H])c([H])c1[H],0,0.0,0.0,0.0,0.0,0.0,0.0,0.0,0.0,0.0,0.0,-398826.32965600555,14.943860841915011,-398822.7989098502,-398825.1764427704
S2-32.5,intermediate,[H]c1c([H])c([H])c(C(N([H])C(=O)[C-:91](C([H])([H])[H])[C:92]([H])([H])[S:93]C([H])([H])[H])(C([H])([H])[H])C([H])([H])[H])c([H])c1[H],-1,0.0,0.0,0.0,0.0,0.0,0.0,0.0,0.0,0.0,0.0,-673763.9299561678,73.6614874061197,-673758.0697356617,-673761.416065785
S2-32.5,product,[H]c1c([H])c([H])c(C(N([H])C(=O)[C:91]([H])(C([H])([H])[H])[C:92]([H])([H])[S:93]C([H])([H])[H])(C([H])([H])[H])C([H])([H])[H])c([H])c1[H],0,0.0,0.0,0.0,0.0,0.0,0.0,0.0,0.0,0.0,0.0,-674118.2048208682,36.43556029908359,-674112.9227656806,-674116.5042919467
S2-33.1,reactant,[H]c1c([H])c([H])c(N([H])C(=O)[C:91](C([H])([H])[H])=[C:92]([H])[H])c([H])c1[H],0,0.0,0.0,0.0,0.0,0.0,0.0,0.0,0.0,0.0,0.0,-324834.0465122347,7.793917385861278,-324830.6705393044,-324833.4172836553
S2-33.1,intermediate,[H]c1c([H])c([H])c(N([H])C(=O)[C-:91](C([H])([H])[H])[C:92]([H])([H])[S:93]C([H])([H])[H])c([H])c1[H],-1,0.0,0.0,0.0,0.0,0.0,0.0,0.0,0.0,0.0,0.0,-599763.6380313061,31.97051253914833,-599759.1381855543,-599761.8226313523
S2-33.1,product,[H]c1c([H])c([H])c(N([H])C(=O)[C:91]([H])(C([H])([H])[H])[C:92]([H])([H])[S:93]C([H])([H])[H])c([H])c1[H],0,0.0,0.0,0.0,0.0,0.0,0.0,0.0,0.0,0.0,0.0,-600127.567478299,35.50024476647377,-600123.6733596559,-600125.8961330963
S2-34.1,reactant,[H]c1c([H])c([H])c(N([H])C(=O)[C:91]([H])=[C:92](C([H])([H])[H])C([H])([H])[H])c([H])c1[H],0,0.0,0.0,0.0,0.0,0.0,0.0,0.0,0.0,0.0,0.0,-349499.22898675123,21.867433689534664,-349496.5092818746,-349498.4186602207
S2-34.1,intermediate,[H]c1c([H])c([H])c(N([H])C(=O)[C-:91]([H])[C:92](C([H])([H])[H])(C([H])([H])[H])[S:93]C([H])([H])[H])c([H])c1[H],-1,0.0,0.0,0.0,0.0,0.0,0.0,0.0,0.0,0.0,0.0,-624429.9362964913,37.5659364014864,-624424.2845570396,-624426.8152165149
S2-34.1,product,[H]c1c([H])c([H])c(N([H])C(=O)[C:91]([H])([H])[C:92](C([H])([H])[H])(C([H])([H])[H])[S:93]C([H])([H])[H])c([H])c1[H],0,0.0,0.0,0.0,0.0,0.0,0.0,0.0,0.0,0.0,0.0,-624792.3411635776,10.258377965539694,-624789.2003620489,-624791.439415254
S2-34.2,reactant,[H]c1c([H])c([H])c(N([H])C(=O)[C:91]([H])=[C:92](C([H])([H])[H])C([H])([H])[H])c([H])c1[H],0,0.0,0.0,0.0,0.0,0.0,0.0,0.0,0.0,0.0,0.0,-349501.0338689102,13.587917881086469,-349498.11416923965,-349500.3282364971
S2-34.2,intermediate,[H]c1c([H])c([H])c(N([H])C(=O)[C-:91]([H])[C:92](C([H])([H])[H])(C([H])([H])[H])[S:93]C([H])([H])[H])c([H])c1[H],-1,0.0,0.0,0.0,0.0,0.0,0.0,0.0,0.0,0.0,0.0,-624429.8971722744,39.869948480278254,-624423.873780252,-624426.4079804799
S2-34.2,product,[H]c1c([H])c([H])c(N([H])C(=O)[C:91]([H])([H])[C:92](C([H])([H])[H])(C([H])([H])[H])[S:93]C([H])([H])[H])c([H])c1[H],0,0.0,0.0,0.0,0.0,0.0,0.0,0.0,0.0,0.0,0.0,-624794.9978936396,101.00135621987283,-624786.2569629773,-624788.4347017829
S2-34.3,reactant,[H]c1c([H])c([H])c(N([H])C(=O)[C:91]([H])=[C:92](C([H])([H])[H])C([H])([H])[H])c([H])c1[H],0,0.0,0.0,0.0,0.0,0.0,0.0,0.0,0.0,0.0,0.0,-349501.01748193323,16.254184644669294,-349498.4369137902,-349500.33030926686
S2-34.3,intermediate,[H]c1c([H])c([H])c(N([H])C(=O)[C-:91]([H])[C:92](C([H])([H])[H])(C([H])([H])[H])[S:93]C([H])([H])[H])c([H])c1[H],-1,0.0,0.0,0.0,0.0,0.0,0.0,0.0,0.0,0.0,0.0,-624426.046422353,9.981791224330664,-624421.3313439254,-624424.7024098345
S2-34.3,product,[H]c1c([H])c([H])c(N([H])C(=O)[C:91]([H])([H])[C:92](C([H])([H])[H])(C([H])([H])[H])[S:93]C([H])([H])[H])c([H])c1[H],0,0.0,0.0,0.0,0.0,0.0,0.0,0.0,0.0,0.0,0.0,-624792.3346868593,17.056581307202578,-624788.5102561659,-624791.4074715074
S2-35.1,reactant,[H]c1c([H])c([H])c(N([H])C(=O)/[C:91]([H])=[C:92](\[H])C([H])([H])[H])c([H])c1[H],0,0.0,0.0,0.0,0.0,0.0,0.0,0.0,0.0,0.0,0.0,-324835.2090996674,4.001708585768938,-324833.39429075544,-324834.5642813301
S2-35.1,intermediate,[H]c1c([H])c([H])c(N([H])C(=O)[C-:91]([H])[C:92]([H])(C([H])([H])[H])[S:93]C([H])([H])[H])c([H])c1[H],-1,0.0,0.0,0.0,0.0,0.0,0.0,0.0,0.0,0.0,0.0,-599762.522903154,27.55985408090055,-599758.2003699369,-599760.3704224502
S2-35.1,product,[H]c1c([H])c([H])c(N([H])C(=O)[C:91]([H])([H])[C:92]([H])(C([H])([H])[H])[S:93]C([H])([H])[H])c([H])c1[H],0,0.0,0.0,0.0,0.0,0.0,0.0,0.0,0.0,0.0,0.0,-600127.6882817412,21.323581397533417,-600124.8482517538,-600126.6757804347
S2-5.1,reactant,[H]c1nc(N([H])c2c([H])c([H])c(F)c(Cl)c2[H])c2c([H])c(N([H])C(=O)/[C:91]([H])=[C:92](\[H])C([H])([H])N3C([H])([H])C([H])([H])C([H])([H])C([H])([H])C3([H])[H])c(OC([H])([H])[H])c([H])c2n1,0,0.0,0.0,0.0,0.0,0.0,0.0,0.0,0.0,0.0,0.0,-1200986.477456346,47.68292395025492,-1200980.1273776619,-1200984.1003907612
S2-5.1,intermediate,[H]c1nc(N([H])c2c([H])c([H])c(F)c(Cl)c2[H])c2c([H])c(N([H])C(=O)[C-:91]([H])[C:92]([H])(C([H])([H])N3C([H])([H])C([H])([H])C([H])([H])C([H])([H])C3([H])[H])[S:93]C([H])([H])[H])c(OC([H])([H])[H])c([H])c2n1,-1,0.0,0.0,0.0,0.0,0.0,0.0,0.0,0.0,0.0,0.0,-1475924.6647737084,52.38702245615423,-1475913.3793174557,-1475920.6620628212
S2-5.1,product,[H]c1nc(N([H])c2c([H])c([H])c(F)c(Cl)c2[H])c2c([H])c(N([H])C(=O)[C:91]([H])([H])[C:92]([H])(C([H])([H])N3C([H])([H])C([H])([H])C([H])([H])C([H])([H])C3([H])[H])[S:93]C([H])([H])[H])c(OC([H])([H])[H])c([H])c2n1,0,0.0,0.0,0.0,0.0,0.0,0.0,0.0,0.0,0.0,0.0,-1476282.0761404522,81.44681357778609,-1476272.2574464746,-1476278.3735688291
S2-5.2,reactant,[H]c1nc(N([H])c2c([H])c([H])c(F)c(Cl)c2[H])c2c([H])c(N([H])C(=O)/[C:91]([H])=[C:92](\[H])C([H])([H])N3C([H])([H])C([H])([H])C([H])([H])C([H])([H])C3([H])[H])c(OC([H])([H])[H])c([H])c2n1,0,0.0,0.0,0.0,0.0,0.0,0.0,0.0,0.0,0.0,0.0,-1200994.9268961975,46.14496800303459,-1200986.917004498,-1200992.578959351
S2-5.2,intermediate,[H]c1nc(N([H])c2c([H])c([H])c(F)c(Cl)c2[H])c2c([H])c(N([H])C(=O)[C-:91]([H])[C:92]([H])(C([H])([H])N3C([H])([H])C([H])([H])C([H])([H])C([H])([H])C3([H])[H])[S:93]C([H])([H])[H])c(OC([H])([H])[H])c([H])c2n1,-1,0.0,0.0,0.0,0.0,0.0,0.0,0.0,0.0,0.0,0.0,-1475924.2173193418,81.17835002578795,-1475915.262997855,-1475920.130631039
S2-5.2,product,[H]c1nc(N([H])c2c([H])c([H])c(F)c(Cl)c2[H])c2c([H])c(N([H])C(=O)[C:91]([H])([H])[C:92]([H])(C([H])([H])N3C([H])([H])C([H])([H])C([H])([H])C([H])([H])C3([H])[H])[S:93]C([H])([H])[H])c(OC([H])([H])[H])c([H])c2n1,0,0.0,0.0,0.0,0.0,0.0,0.0,0.0,0.0,0.0,0.0,-1476282.3219148684,44.12676450423896,-1476272.8468113474,-1476279.7580580881
S2-5.3,reactant,[H]c1nc(N([H])c2c([H])c([H])c(F)c(Cl)c2[H])c2c([H])c(N([H])C(=O)/[C:91]([H])=[C:92](\[H])C([H])([H])N3C([H])([H])C([H])([H])C([H])([H])C([H])([H])C3([H])[H])c(OC([H])([H])[H])c([H])c2n1,0,0.0,0.0,0.0,0.0,0.0,0.0,0.0,0.0,0.0,0.0,-1200985.2150900643,51.75995855778456,-1200977.736995768,-1200982.9367641946
S2-5.3,intermediate,[H]c1nc(N([H])c2c([H])c([H])c(F)c(Cl)c2[H])c2c([H])c(N([H])C(=O)[C-:91]([H])[C:92]([H])(C([H])([H])N3C([H])([H])C([H])([H])C([H])([H])C([H])([H])C3([H])[H])[S:93]C([H])([H])[H])c(OC([H])([H])[H])c([H])c2n1,-1,0.0,0.0,0.0,0.0,0.0,0.0,0.0,0.0,0.0,0.0,-1475931.5926191015,92.49537149816751,-1475920.993552041,-1475927.1511517835
S2-5.3,product,[H]c1nc(N([H])c2c([H])c([H])c(F)c(Cl)c2[H])c2c([H])c(N([H])C(=O)[C:91]([H])([H])[C:92]([H])(C([H])([H])N3C([H])([H])C([H])([H])C([H])([H])C([H])([H])C3([H])[H])[S:93]C([H])([H])[H])c(OC([H])([H])[H])c([H])c2n1,0,0.0,0.0,0.0,0.0,0.0,0.0,0.0,0.0,0.0,0.0,-1476286.9132923745,47.77798002772033,-1476277.4832234883,-1476283.7743931757
S2-5.4,reactant,[H]c1nc(N([H])c2c([H])c([H])c(F)c(Cl)c2[H])c2c([H])c(N([H])C(=O)/[C:91]([H])=[C:92](\[H])C([H])([H])N3C([H])([H])C([H])([H])C([H])([H])C([H])([H])C3([H])[H])c(OC([H])([H])[H])c([H])c2n1,0,0.0,0.0,0.0,0.0,0.0,0.0,0.0,0.0,0.0,0.0,-1200991.514490352,48.59872294217348,-1200984.096201237,-1200989.1795234364
S2-5.4,intermediate,[H]c1nc(N([H])c2c([H])c([H])c(F)c(Cl)c2[H])c2c([H])c(N([H])C(=O)[C-:91]([H])[C:92]([H])(C([H])([H])N3C([H])([H])C([H])([H])C([H])([H])C([H])([H])C3([H])[H])[S:93]C([H])([H])[H])c(OC([H])([H])[H])c([H])c2n1,-1,0.0,0.0,0.0,0.0,0.0,0.0,0.0,0.0,0.0,0.0,-1475928.1609040585,150.11638552509248,-1475917.9927971754,-1475924.1742475156
S2-5.4,product,[H]c1nc(N([H])c2c([H])c([H])c(F)c(Cl)c2[H])c2c([H])c(N([H])C(=O)[C:91]([H])([H])[C:92]([H])(C([H])([H])N3C([H])([H])C([H])([H])C([H])([H])C([H])([H])C3([H])[H])[S:93]C([H])([H])[H])c(OC([H])([H])[H])c([H])c2n1,0,0.0,0.0,0.0,0.0,0.0,0.0,0.0,0.0,0.0,0.0,-1476282.764223048,134.36154758930206,-1476273.3310917406,-1476279.6781822275
S2-5.5,reactant,[H]c1nc(N([H])c2c([H])c([H])c(F)c(Cl)c2[H])c2c([H])c(N([H])C(=O)/[C:91]([H])=[C:92](\[H])C([H])([H])N3C([H])([H])C([H])([H])C([H])([H])C([H])([H])C3([H])[H])c(OC([H])([H])[H])c([H])c2n1,0,0.0,0.0,0.0,0.0,0.0,0.0,0.0,0.0,0.0,0.0,-1200985.0321255208,37.89703700132668,-1200977.8117501829,-1200982.7637126588
S2-5.5,intermediate,[H]c1nc(N([H])c2c([H])c([H])c(F)c(Cl)c2[H])c2c([H])c(N([H])C(=O)[C-:91]([H])[C:92]([H])(C([H])([H])N3C([H])([H])C([H])([H])C([H])([H])C([H])([H])C3([H])[H])[S:93]C([H])([H])[H])c(OC([H])([H])[H])c([H])c2n1,-1,0.0,0.0,0.0,0.0,0.0,0.0,0.0,0.0,0.0,0.0,-1475933.0738192901,67.99780987761915,-1475923.6123344717,-1475929.4805051768
S2-5.5,product,[H]c1nc(N([H])c2c([H])c([H])c(F)c(Cl)c2[H])c2c([H])c(N([H])C(=O)[C:91]([H])([H])[C:92]([H])(C([H])([H])N3C([H])([H])C([H])([H])C([H])([H])C([H])([H])C3([H])[H])[S:93]C([H])([H])[H])c(OC([H])([H])[H])c([H])c2n1,0,0.0,0.0,0.0,0.0,0.0,0.0,0.0,0.0,0.0,0.0,-1476282.4158657705,154.13746312260628,-1476273.2463500942,-1476278.3293644018
S2-5.6,reactant,[H]c1nc(N([H])c2c([H])c([H])c(F)c(Cl)c2[H])c2c([H])c(N([H])C(=O)/[C:91]([H])=[C:92](\[H])C([H])([H])N3C([H])([H])C([H])([H])C([H])([H])C([H])([H])C3([H])[H])c(OC([H])([H])[H])c([H])c2n1,0,0.0,0.0,0.0,0.0,0.0,0.0,0.0,0.0,0.0,0.0,-1200989.3193446787,37.482513992115855,-1200980.969931089,-1200987.1097610916
S2-5.6,intermediate,[H]c1nc(N([H])c2c([H])c([H])c(F)c(Cl)c2[H])c2c([H])c(N([H])C(=O)[C-:91]([H])[C:92]([H])(C([H])([H])N3C([H])([H])C([H])([H])C([H])([H])C([H])([H])C3([H])[H])[S:93]C([H])([H])[H])c(OC([H])([H])[H])c([H])c2n1,-1,0.0,0.0,0.0,0.0,0.0,0.0,0.0,0.0,0.0,0.0,-1475922.2646932313,61.40758468396962,-1475911.5719941566,-1475918.1449725656
S2-5.6,product,[H]c1nc(N([H])c2c([H])c([H])c(F)c(Cl)c2[H])c2c([H])c(N([H])C(=O)[C:91]([H])([H])[C:92]([H])(C([H])([H])N3C([H])([H])C([H])([H])C([H])([H])C([H])([H])C3([H])[H])[S:93]C([H])([H])[H])c(OC([H])([H])[H])c([H])c2n1,0,0.0,0.0,0.0,0.0,0.0,0.0,0.0,0.0,0.0,0.0,-1476273.3538262316,64.16926462389529,-1476262.8105535153,-1476269.5322820211
S2-5.7,reactant,[H]c1nc(N([H])c2c([H])c([H])c(F)c(Cl)c2[H])c2c([H])c(N([H])C(=O)/[C:91]([H])=[C:92](\[H])C([H])([H])N3C([H])([H])C([H])([H])C([H])([H])C([H])([H])C3([H])[H])c(OC([H])([H])[H])c([H])c2n1,0,0.0,0.0,0.0,0.0,0.0,0.0,0.0,0.0,0.0,0.0,-1200988.6911084997,35.58806671388447,-1200982.2431010648,-1200986.4396021815
S2-5.7,intermediate,[H]c1nc(N([H])c2c([H])c([H])c(F)c(Cl)c2[H])c2c([H])c(N([H])C(=O)[C-:91]([H])[C:92]([H])(C([H])([H])N3C([H])([H])C([H])([H])C([H])([H])C([H])([H])C3([H])[H])[S:93]C([H])([H])[H])c(OC([H])([H])[H])c([H])c2n1,-1,0.0,0.0,0.0,0.0,0.0,0.0,0.0,0.0,0.0,0.0,-1475925.9226205822,58.73606964573264,-1475916.627298226,-1475922.0885572822
S2-5.7,product,[H]c1nc(N([H])c2c([H])c([H])c(F)c(Cl)c2[H])c2c([H])c(N([H])C(=O)[C:91]([H])([H])[C:92]([H])(C([H])([H])N3C([H])([H])C([H])([H])C([H])([H])C([H])([H])C3([H])[H])[S:93]C([H])([H])[H])c(OC([H])([H])[H])c([H])c2n1,0,0.0,0.0,0.0,0.0,0.0,0.0,0.0,0.0,0.0,0.0,-1476279.6063885198,221.16748026385903,-1476268.6644237586,-1476274.758922231
S2-5.8,reactant,[H]c1nc(N([H])c2c([H])c([H])c(F)c(Cl)c2[H])c2c([H])c(N([H])C(=O)/[C:91]([H])=[C:92](\[H])C([H])([H])N3C([H])([H])C([H])([H])C([H])([H])C([H])([H])C3([H])[H])c(OC([H])([H])[H])c([H])c2n1,0,0.0,0.0,0.0,0.0,0.0,0.0,0.0,0.0,0.0,0.0,-1200981.2846347224,86.55050309933722,-1200972.6939688732,-1200977.522343138
S2-5.8,intermediate,[H]c1nc(N([H])c2c([H])c([H])c(F)c(Cl)c2[H])c2c([H])c(N([H])C(=O)[C-:91]([H])[C:92]([H])(C([H])([H])N3C([H])([H])C([H])([H])C([H])([H])C([H])([H])C3([H])[H])[S:93]C([H])([H])[H])c(OC([H])([H])[H])c([H])c2n1,-1,0.0,0.0,0.0,0.0,0.0,0.0,0.0,0.0,0.0,0.0,-1475920.764953574,113.10079983435571,-1475910.9025609908,-1475915.9657052984
S2-5.8,product,[H]c1nc(N([H])c2c([H])c([H])c(F)c(Cl)c2[H])c2c([H])c(N([H])C(=O)[C:91]([H])([H])[C:92]([H])(C([H])([H])N3C([H])([H])C([H])([H])C([H])([H])C([H])([H])C3([H])[H])[S:93]C([H])([H])[H])c(OC([H])([H])[H])c([H])c2n1,0,0.0,0.0,0.0,0.0,0.0,0.0,0.0,0.0,0.0,0.0,-1476274.405033902,112.06886613741517,-1476262.2711000592,-1476268.6448781441
S2-5.9,reactant,[H]c1nc(N([H])c2c([H])c([H])c(F)c(Cl)c2[H])c2c([H])c(N([H])C(=O)/[C:91]([H])=[C:92](\[H])C([H])([H])N3C([H])([H])C([H])([H])C([H])([H])C([H])([H])C3([H])[H])c(OC([H])([H])[H])c([H])c2n1,0,0.0,0.0,0.0,0.0,0.0,0.0,0.0,0.0,0.0,0.0,-1200987.219491435,34.94717421755195,-1200980.3419175816,-1200984.9431173776
S2-5.9,intermediate,[H]c1nc(N([H])c2c([H])c([H])c(F)c(Cl)c2[H])c2c([H])c(N([H])C(=O)[C-:91]([H])[C:92]([H])(C([H])([H])N3C([H])([H])C([H])([H])C([H])([H])C([H])([H])C3([H])[H])[S:93]C([H])([H])[H])c(OC([H])([H])[H])c([H])c2n1,-1,0.0,0.0,0.0,0.0,0.0,0.0,0.0,0.0,0.0,0.0,-1475927.2629274062,74.11449730955064,-1475917.6517523217,-1475923.7764186666
S2-5.9,product,[H]c1nc(N([H])c2c([H])c([H])c(F)c(Cl)c2[H])c2c([H])c(N([H])C(=O)[C:91]([H])([H])[C:92]([H])(C([H])([H])N3C([H])([H])C([H])([H])C([H])([H])C([H])([H])C3([H])[H])[S:93]C([H])([H])[H])c(OC([H])([H])[H])c([H])c2n1,0,0.0,0.0,0.0,0.0,0.0,0.0,0.0,0.0,0.0,0.0,-1476282.5015255935,100.03895428404212,-1476273.5698946128,-1476279.1436825262
S2-5.10,reactant,[H]c1nc(N([H])c2c([H])c([H])c(F)c(Cl)c2[H])c2c([H])c(N([H])C(=O)/[C:91]([H])=[C:92](\[H])C([H])([H])N3C([H])([H])C([H])([H])C([H])([H])C([H])([H])C3([H])[H])c(OC([H])([H])[H])c([H])c2n1,0,0.0,0.0,0.0,0.0,0.0,0.0,0.0,0.0,0.0,0.0,-1200981.9794359512,136.0159340761602,-1200974.3847112427,-1200978.5731494501
S2-5.10,intermediate,[H]c1nc(N([H])c2c([H])c([H])c(F)c(Cl)c2[H])c2c([H])c(N([H])C(=O)[C-:91]([H])[C:92]([H])(C([H])([H])N3C([H])([H])C([H])([H])C([H])([H])C([H])([H])C3([H])[H])[S:93]C([H])([H])[H])c(OC([H])([H])[H])c([H])c2n1,-1,0.0,0.0,0.0,0.0,0.0,0.0,0.0,0.0,0.0,0.0,-1475923.6553073328,69.51375734061003,-1475913.7904406213,-1475919.838332013
S2-5.10,product,[H]c1nc(N([H])c2c([H])c([H])c(F)c(Cl)c2[H])c2c([H])c(N([H])C(=O)[C:91]([H])([H])[C:92]([H])(C([H])([H])N3C([H])([H])C([H])([H])C([H])([H])C([H])([H])C3([H])[H])[S:93]C([H])([H])[H])c(OC([H])([H])[H])c([H])c2n1,0,0.0,0.0,0.0,0.0,0.0,0.0,0.0,0.0,0.0,0.0,-1476281.0583829973,103.70340152829885,-1476270.4975989503,-1476276.5921194148
S2-3.1,reactant,[H]c1nc(N([H])c2c([H])c([H])c(F)c(Cl)c2[H])c2c([H])c(N([H])C(=O)/[C:91]([H])=[C:92](\[H])C([H])([H])N(C([H])([H])[H])C([H])([H])[H])c(O[C@]3([H])C([H])([H])OC([H])([H])C3([H])[H])c([H])c2n1,0,0.0,0.0,0.0,0.0,0.0,0.0,0.0,0.0,0.0,0.0,-1248190.124305743,146.31449608318508,-1248180.7478649642,-1248185.7379455115
S2-3.1,intermediate,[H]c1nc(N([H])c2c([H])c([H])c(F)c(Cl)c2[H])c2c([H])c(N([H])C(=O)[C-:91]([H])[C:92]([H])(C([H])([H])N(C([H])([H])[H])C([H])([H])[H])[S:93]C([H])([H])[H])c(O[C@]3([H])C([H])([H])OC([H])([H])C3([H])[H])c([H])c2n1,-1,0.0,0.0,0.0,0.0,0.0,0.0,0.0,0.0,0.0,0.0,-1523136.3749339858,67.93014356866479,-1523127.1515372912,-1523132.4604890035
S2-3.1,product,[H]c1nc(N([H])c2c([H])c([H])c(F)c(Cl)c2[H])c2c([H])c(N([H])C(=O)[C:91]([H])([H])[C:92]([H])(C([H])([H])N(C([H])([H])[H])C([H])([H])[H])[S:93]C([H])([H])[H])c(O[C@]3([H])C([H])([H])OC([H])([H])C3([H])[H])c([H])c2n1,0,0.0,0.0,0.0,0.0,0.0,0.0,0.0,0.0,0.0,0.0,-1523489.0311689125,110.4081254992634,-1523479.738661565,-1523485.808479232
S2-3.2,reactant,[H]c1nc(N([H])c2c([H])c([H])c(F)c(Cl)c2[H])c2c([H])c(N([H])C(=O)/[C:91]([H])=[C:92](\[H])C([H])([H])N(C([H])([H])[H])C([H])([H])[H])c(O[C@]3([H])C([H])([H])OC([H])([H])C3([H])[H])c([H])c2n1,0,0.0,0.0,0.0,0.0,0.0,0.0,0.0,0.0,0.0,0.0,-1248191.533981629,55.02963954769075,-1248182.4914822062,-1248188.8457476655
S2-3.2,intermediate,[H]c1nc(N([H])c2c([H])c([H])c(F)c(Cl)c2[H])c2c([H])c(N([H])C(=O)[C-:91]([H])[C:92]([H])(C([H])([H])N(C([H])([H])[H])C([H])([H])[H])[S:93]C([H])([H])[H])c(O[C@]3([H])C([H])([H])OC([H])([H])C3([H])[H])c([H])c2n1,-1,0.0,0.0,0.0,0.0,0.0,0.0,0.0,0.0,0.0,0.0,-1523129.6223008672,204.78209478594363,-1523121.108209292,-1523124.7983717867
S2-3.2,product,[H]c1nc(N([H])c2c([H])c([H])c(F)c(Cl)c2[H])c2c([H])c(N([H])C(=O)[C:91]([H])([H])[C:92]([H])(C([H])([H])N(C([H])([H])[H])C([H])([H])[H])[S:93]C([H])([H])[H])c(O[C@]3([H])C([H])([H])OC([H])([H])C3([H])[H])c([H])c2n1,0,0.0,0.0,0.0,0.0,0.0,0.0,0.0,0.0,0.0,0.0,-1523489.8611895049,52.474904553964734,-1523480.4834456851,-1523487.0851019912
S2-3.3,reactant,[H]c1nc(N([H])c2c([H])c([H])c(F)c(Cl)c2[H])c2c([H])c(N([H])C(=O)/[C:91]([H])=[C:92](\[H])C([H])([H])N(C([H])([H])[H])C([H])([H])[H])c(O[C@]3([H])C([H])([H])OC([H])([H])C3([H])[H])c([H])c2n1,0,0.0,0.0,0.0,0.0,0.0,0.0,0.0,0.0,0.0,0.0,-1248194.5084200157,48.201830826699734,-1248186.2414196427,-1248192.009454125
S2-3.3,intermediate,[H]c1nc(N([H])c2c([H])c([H])c(F)c(Cl)c2[H])c2c([H])c(N([H])C(=O)[C-:91]([H])[C:92]([H])(C([H])([H])N(C([H])([H])[H])C([H])([H])[H])[S:93]C([H])([H])[H])c(O[C@]3([H])C([H])([H])OC([H])([H])C3([H])[H])c([H])c2n1,-1,0.0,0.0,0.0,0.0,0.0,0.0,0.0,0.0,0.0,0.0,-1523134.914912336,98.62654135935009,-1523125.5597270692,-1523130.8435966177
S2-3.3,product,[H]c1nc(N([H])c2c([H])c([H])c(F)c(Cl)c2[H])c2c([H])c(N([H])C(=O)[C:91]([H])([H])[C:92]([H])(C([H])([H])N(C([H])([H])[H])C([H])([H])[H])[S:93]C([H])([H])[H])c(O[C@]3([H])C([H])([H])OC([H])([H])C3([H])[H])c([H])c2n1,0,0.0,0.0,0.0,0.0,0.0,0.0,0.0,0.0,0.0,0.0,-1523487.422419158,7.788876116275787,-1523476.4961733592,-1523483.1018707417
S2-3.4,reactant,[H]c1nc(N([H])c2c([H])c([H])c(F)c(Cl)c2[H])c2c([H])c(N([H])C(=O)/[C:91]([H])=[C:92](\[H])C([H])([H])N(C([H])([H])[H])C([H])([H])[H])c(O[C@]3([H])C([H])([H])OC([H])([H])C3([H])[H])c([H])c2n1,0,0.0,0.0,0.0,0.0,0.0,0.0,0.0,0.0,0.0,0.0,-1248191.9437522711,2.027084669098258,-1248184.623741034,-1248189.6726728485
S2-3.4,intermediate,[H]c1nc(N([H])c2c([H])c([H])c(F)c(Cl)c2[H])c2c([H])c(N([H])C(=O)[C-:91]([H])[C:92]([H])(C([H])([H])N(C([H])([H])[H])C([H])([H])[H])[S:93]C([H])([H])[H])c(O[C@]3([H])C([H])([H])OC([H])([H])C3([H])[H])c([H])c2n1,-1,0.0,0.0,0.0,0.0,0.0,0.0,0.0,0.0,0.0,0.0,-1523134.4882956287,3.5635034907609224,-1523125.2652068257,-1523130.5745543984
S2-3.4,product,[H]c1nc(N([H])c2c([H])c([H])c(F)c(Cl)c2[H])c2c([H])c(N([H])C(=O)[C:91]([H])([H])[C:92]([H])(C([H])([H])N(C([H])([H])[H])C([H])([H])[H])[S:93]C([H])([H])[H])c(O[C@]3([H])C([H])([H])OC([H])([H])C3([H])[H])c([H])c2n1,0,0.0,0.0,0.0,0.0,0.0,0.0,0.0,0.0,0.0,0.0,-1523487.6903452706,4.881239466369152,-1523477.394369934,-1523484.4112949453
S2-3.5,reactant,[H]c1nc(N([H])c2c([H])c([H])c(F)c(Cl)c2[H])c2c([H])c(N([H])C(=O)/[C:91]([H])=[C:92](\[H])C([H])([H])N(C([H])([H])[H])C([H])([H])[H])c(O[C@]3([H])C([H])([H])OC([H])([H])C3([H])[H])c([H])c2n1,0,0.0,0.0,0.0,0.0,0.0,0.0,0.0,0.0,0.0,0.0,-1248195.5613265878,2.1803675424307585,-1248187.843016417,-1248193.131119474
S2-3.5,intermediate,[H]c1nc(N([H])c2c([H])c([H])c(F)c(Cl)c2[H])c2c([H])c(N([H])C(=O)[C-:91]([H])[C:92]([H])(C([H])([H])N(C([H])([H])[H])C([H])([H])[H])[S:93]C([H])([H])[H])c(O[C@]3([H])C([H])([H])OC([H])([H])C3([H])[H])c([H])c2n1,-1,0.0,0.0,0.0,0.0,0.0,0.0,0.0,0.0,0.0,0.0,-1523128.4217987915,3.648406634107232,-1523115.8981787309,-1523122.671869431
S2-3.5,product,[H]c1nc(N([H])c2c([H])c([H])c(F)c(Cl)c2[H])c2c([H])c(N([H])C(=O)[C:91]([H])([H])[C:92]([H])(C([H])([H])N(C([H])([H])[H])C([H])([H])[H])[S:93]C([H])([H])[H])c(O[C@]3([H])C([H])([H])OC([H])([H])C3([H])[H])c([H])c2n1,0,0.0,0.0,0.0,0.0,0.0,0.0,0.0,0.0,0.0,0.0,-1523489.4867824046,4.270670684054494,-1523479.5286905353,-1523484.493694417
S2-3.6,reactant,[H]c1nc(N([H])c2c([H])c([H])c(F)c(Cl)c2[H])c2c([H])c(N([H])C(=O)/[C:91]([H])=[C:92](\[H])C([H])([H])N(C([H])([H])[H])C([H])([H])[H])c(O[C@]3([H])C([H])([H])OC([H])([H])C3([H])[H])c([H])c2n1,0,0.0,0.0,0.0,0.0,0.0,0.0,0.0,0.0,0.0,0.0,-1248194.6485326556,3.1626171320676804,-1248186.3813783368,-1248192.201094612
S2-3.6,intermediate,[H]c1nc(N([H])c2c([H])c([H])c(F)c(Cl)c2[H])c2c([H])c(N([H])C(=O)[C-:91]([H])[C:92]([H])(C([H])([H])N(C([H])([H])[H])C([H])([H])[H])[S:93]C([H])([H])[H])c(O[C@]3([H])C([H])([H])OC([H])([H])C3([H])[H])c([H])c2n1,-1,0.0,0.0,0.0,0.0,0.0,0.0,0.0,0.0,0.0,0.0,-1523133.5690084838,4.410106498748064,-1523126.690777612,-1523129.9470384656
S2-3.6,product,[H]c1nc(N([H])c2c([H])c([H])c(F)c(Cl)c2[H])c2c([H])c(N([H])C(=O)[C:91]([H])([H])[C:92]([H])(C([H])([H])N(C([H])([H])[H])C([H])([H])[H])[S:93]C([H])([H])[H])c(O[C@]3([H])C([H])([H])OC([H])([H])C3([H])[H])c([H])c2n1,0,0.0,0.0,0.0,0.0,0.0,0.0,0.0,0.0,0.0,0.0,-1523488.2858184916,2.302940832450986,-1523479.016666916,-1523485.3271458007
S2-3.7,reactant,[H]c1nc(N([H])c2c([H])c([H])c(F)c(Cl)c2[H])c2c([H])c(N([H])C(=O)/[C:91]([H])=[C:92](\[H])C([H])([H])N(C([H])([H])[H])C([H])([H])[H])c(O[C@]3([H])C([H])([H])OC([H])([H])C3([H])[H])c([H])c2n1,0,0.0,0.0,0.0,0.0,0.0,0.0,0.0,0.0,0.0,0.0,-1248195.2241221315,2.1448630895465612,-1248187.964589588,-1248192.8032204895
S2-3.7,intermediate,[H]c1nc(N([H])c2c([H])c([H])c(F)c(Cl)c2[H])c2c([H])c(N([H])C(=O)[C-:91]([H])[C:92]([H])(C([H])([H])N(C([H])([H])[H])C([H])([H])[H])[S:93]C([H])([H])[H])c(O[C@]3([H])C([H])([H])OC([H])([H])C3([H])[H])c([H])c2n1,-1,0.0,0.0,0.0,0.0,0.0,0.0,0.0,0.0,0.0,0.0,-1523135.8495610692,4.156854823231697,-1523126.4836875678,-1523131.0269350295
S2-3.7,product,[H]c1nc(N([H])c2c([H])c([H])c(F)c(Cl)c2[H])c2c([H])c(N([H])C(=O)[C:91]([H])([H])[C:92]([H])(C([H])([H])N(C([H])([H])[H])C([H])([H])[H])[S:93]C([H])([H])[H])c(O[C@]3([H])C([H])([H])OC([H])([H])C3([H])[H])c([H])c2n1,0,0.0,0.0,0.0,0.0,0.0,0.0,0.0,0.0,0.0,0.0,-1523490.9911019488,6.044378895312548,-1523479.6976130258,-1523485.332050073
S2-3.8,reactant,[H]c1nc(N([H])c2c([H])c([H])c(F)c(Cl)c2[H])c2c([H])c(N([H])C(=O)/[C:91]([H])=[C:92](\[H])C([H])([H])N(C([H])([H])[H])C([H])([H])[H])c(O[C@]3([H])C([H])([H])OC([H])([H])C3([H])[H])c([H])c2n1,0,0.0,0.0,0.0,0.0,0.0,0.0,0.0,0.0,0.0,0.0,-1248193.5711184673,2.7638702411204576,-1248185.8024762778,-1248191.1524050543
S2-3.8,intermediate,[H]c1nc(N([H])c2c([H])c([H])c(F)c(Cl)c2[H])c2c([H])c(N([H])C(=O)[C-:91]([H])[C:92]([H])(C([H])([H])N(C([H])([H])[H])C([H])([H])[H])[S:93]C([H])([H])[H])c(O[C@]3([H])C([H])([H])OC([H])([H])C3([H])[H])c([H])c2n1,-1,0.0,0.0,0.0,0.0,0.0,0.0,0.0,0.0,0.0,0.0,-1523134.7696864975,4.601057467982173,-1523124.854787412,-1523130.0112558426
S2-3.8,product,[H]c1nc(N([H])c2c([H])c([H])c(F)c(Cl)c2[H])c2c([H])c(N([H])C(=O)[C:91]([H])([H])[C:92]([H])(C([H])([H])N(C([H])([H])[H])C([H])([H])[H])[S:93]C([H])([H])[H])c(O[C@]3([H])C([H])([H])OC([H])([H])C3([H])[H])c([H])c2n1,0,0.0,0.0,0.0,0.0,0.0,0.0,0.0,0.0,0.0,0.0,-1523487.7580759097,3.7492620553821325,-1523478.0093117964,-1523484.68707779
S2-3.9,reactant,[H]c1nc(N([H])c2c([H])c([H])c(F)c(Cl)c2[H])c2c([H])c(N([H])C(=O)/[C:91]([H])=[C:92](\[H])C([H])([H])N(C([H])([H])[H])C([H])([H])[H])c(O[C@]3([H])C([H])([H])OC([H])([H])C3([H])[H])c([H])c2n1,0,0.0,0.0,0.0,0.0,0.0,0.0,0.0,0.0,0.0,0.0,-1248196.1002357358,4.156182631850243,-1248187.887457261,-1248193.2830034671
S2-3.9,intermediate,[H]c1nc(N([H])c2c([H])c([H])c(F)c(Cl)c2[H])c2c([H])c(N([H])C(=O)[C-:91]([H])[C:92]([H])(C([H])([H])N(C([H])([H])[H])C([H])([H])[H])[S:93]C([H])([H])[H])c(O[C@]3([H])C([H])([H])OC([H])([H])C3([H])[H])c([H])c2n1,-1,0.0,0.0,0.0,0.0,0.0,0.0,0.0,0.0,0.0,0.0,-1523131.564931499,3.0617381893098354,-1523121.5337813674,-1523127.7140661182
S2-3.9,product,[H]c1nc(N([H])c2c([H])c([H])c(F)c(Cl)c2[H])c2c([H])c(N([H])C(=O)[C:91]([H])([H])[C:92]([H])(C([H])([H])N(C([H])([H])[H])C([H])([H])[H])[S:93]C([H])([H])[H])c(O[C@]3([H])C([H])([H])OC([H])([H])C3([H])[H])c([H])c2n1,0,0.0,0.0,0.0,0.0,0.0,0.0,0.0,0.0,0.0,0.0,-1523487.562025976,5.699582193046808,-1523477.3918848096,-1523483.656773755
S2-3.10,reactant,[H]c1nc(N([H])c2c([H])c([H])c(F)c(Cl)c2[H])c2c([H])c(N([H])C(=O)/[C:91]([H])=[C:92](\[H])C([H])([H])N(C([H])([H])[H])C([H])([H])[H])c(O[C@]3([H])C([H])([H])OC([H])([H])C3([H])[H])c([H])c2n1,0,0.0,0.0,0.0,0.0,0.0,0.0,0.0,0.0,0.0,0.0,-1248194.556382369,1.9433578178286552,-1248186.8026839152,-1248192.186975586
S2-3.10,intermediate,[H]c1nc(N([H])c2c([H])c([H])c(F)c(Cl)c2[H])c2c([H])c(N([H])C(=O)[C-:91]([H])[C:92]([H])(C([H])([H])N(C([H])([H])[H])C([H])([H])[H])[S:93]C([H])([H])[H])c(O[C@]3([H])C([H])([H])OC([H])([H])C3([H])[H])c([H])c2n1,-1,0.0,0.0,0.0,0.0,0.0,0.0,0.0,0.0,0.0,0.0,-1523129.5025750455,7.271571299061179,-1523116.6340944755,-1523122.6172846607
S2-3.10,product,[H]c1nc(N([H])c2c([H])c([H])c(F)c(Cl)c2[H])c2c([H])c(N([H])C(=O)[C:91]([H])([H])[C:92]([H])(C([H])([H])N(C([H])([H])[H])C([H])([H])[H])[S:93]C([H])([H])[H])c(O[C@]3([H])C([H])([H])OC([H])([H])C3([H])[H])c([H])c2n1,0,0.0,0.0,0.0,0.0,0.0,0.0,0.0,0.0,0.0,0.0,-1523491.7793867444,13.295624569058418,-1523481.0804473679,-1523487.1196133334
S2-37.1,reactant,[H]c1nc(N([H])c2c([H])c(N([H])C(=O)[C:91]([H])=[C:92]([H])[H])c([H])c([H])c2OC([H])([H])[H])nc(-c2c([H])nc3c([H])c([H])c([H])c([H])n23)c1Cl,0,0.0,0.0,0.0,0.0,0.0,0.0,0.0,0.0,0.0,0.0,-1097942.001105936,2.62107827141881,-1097934.2620818126,-1097939.7627454868
S2-37.1,intermediate,[H]C1=C([H])c2nc([H])c(-c3nc(N([H])c4c([H])c(N([H])C(=O)[C-:91]([H])[C:92]([H])([H])[S:93]C([H])([H])[H])c([H])c([H])c4OC([H])([H])[H])nc([H])c3Cl)n2C([H])=C1[H],-1,0.0,0.0,0.0,0.0,0.0,0.0,0.0,0.0,0.0,0.0,-1372889.359291498,9.92433651164174,-1372878.6545956496,-1372883.4814881864
S2-37.1,product,[H]c1nc(N([H])c2c([H])c(N([H])C(=O)[C:91]([H])([H])[C:92]([H])([H])[S:93]C([H])([H])[H])c([H])c([H])c2OC([H])([H])[H])nc(-c2c([H])nc3c([H])c([H])c([H])c([H])n23)c1Cl,0,0.0,0.0,0.0,0.0,0.0,0.0,0.0,0.0,0.0,0.0,-1373238.2122192897,2.6684052310884,-1373229.1569753569,-1373235.7849069063
S2-37.2,reactant,[H]c1nc(N([H])c2c([H])c(N([H])C(=O)[C:91]([H])=[C:92]([H])[H])c([H])c([H])c2OC([H])([H])[H])nc(-c2c([H])nc3c([H])c([H])c([H])c([H])n23)c1Cl,0,0.0,0.0,0.0,0.0,0.0,0.0,0.0,0.0,0.0,0.0,-1097943.3065825305,1.5861077327281237,-1097937.5288384687,-1097941.2084446822
S2-37.2,intermediate,[H]C1=C([H])c2nc([H])c(-c3nc(N([H])c4c([H])c(N([H])C(=O)[C-:91]([H])[C:92]([H])([H])[S:93]C([H])([H])[H])c([H])c([H])c4OC([H])([H])[H])nc([H])c3Cl)n2C([H])=C1[H],-1,0.0,0.0,0.0,0.0,0.0,0.0,0.0,0.0,0.0,0.0,-1372872.224302974,2.666267553344369,-1372861.8314407698,-1372868.423436979
S2-37.2,product,[H]c1nc(N([H])c2c([H])c(N([H])C(=O)[C:91]([H])([H])[C:92]([H])([H])[S:93]C([H])([H])[H])c([H])c([H])c2OC([H])([H])[H])nc(-c2c([H])nc3c([H])c([H])c([H])c([H])n23)c1Cl,0,0.0,0.0,0.0,0.0,0.0,0.0,0.0,0.0,0.0,0.0,-1373237.2228153464,1.996583390980959,-1373228.390025795,-1373234.7970094322
S2-37.3,reactant,[H]c1nc(N([H])c2c([H])c(N([H])C(=O)[C:91]([H])=[C:92]([H])[H])c([H])c([H])c2OC([H])([H])[H])nc(-c2c([H])nc3c([H])c([H])c([H])c([H])n23)c1Cl,0,0.0,0.0,0.0,0.0,0.0,0.0,0.0,0.0,0.0,0.0,-1097948.9445988168,5.473117966204882,-1097939.5129299941,-1097946.4288610846
S2-37.3,intermediate,[H]C1=C([H])c2nc([H])c(-c3nc(N([H])c4c([H])c(N([H])C(=O)[C-:91]([H])[C:92]([H])([H])[S:93]C([H])([H])[H])c([H])c([H])c4OC([H])([H])[H])nc([H])c3Cl)n2C([H])=C1[H],-1,0.0,0.0,0.0,0.0,0.0,0.0,0.0,0.0,0.0,0.0,-1372875.72200577,2.8636166155338287,-1372867.144131165,-1372871.81734734
S2-37.3,product,[H]c1nc(N([H])c2c([H])c(N([H])C(=O)[C:91]([H])([H])[C:92]([H])([H])[S:93]C([H])([H])[H])c([H])c([H])c2OC([H])([H])[H])nc(-c2c([H])nc3c([H])c([H])c([H])c([H])n23)c1Cl,0,0.0,0.0,0.0,0.0,0.0,0.0,0.0,0.0,0.0,0.0,-1373241.5766875232,2.692308086901903,-1373233.9139600212,-1373237.8151326792
S2-37.4,reactant,[H]c1nc(N([H])c2c([H])c(N([H])C(=O)[C:91]([H])=[C:92]([H])[H])c([H])c([H])c2OC([H])([H])[H])nc(-c2c([H])nc3c([H])c([H])c([H])c([H])n23)c1Cl,0,0.0,0.0,0.0,0.0,0.0,0.0,0.0,0.0,0.0,0.0,-1097944.7360239532,2.76301140896976,-1097938.3711692244,-1097942.3993911243
S2-37.4,intermediate,[H]C1=C([H])c2nc([H])c(-c3nc(N([H])c4c([H])c(N([H])C(=O)[C-:91]([H])[C:92]([H])([H])[S:93]C([H])([H])[H])c([H])c([H])c4OC([H])([H])[H])nc([H])c3Cl)n2C([H])=C1[H],-1,0.0,0.0,0.0,0.0,0.0,0.0,0.0,0.0,0.0,0.0,-1372878.201038433,2.6841798182576895,-1372868.6583472225,-1372873.9111582127
S2-37.4,product,[H]c1nc(N([H])c2c([H])c(N([H])C(=O)[C:91]([H])([H])[C:92]([H])([H])[S:93]C([H])([H])[H])c([H])c([H])c2OC([H])([H])[H])nc(-c2c([H])nc3c([H])c([H])c([H])c([H])n23)c1Cl,0,0.0,0.0,0.0,0.0,0.0,0.0,0.0,0.0,0.0,0.0,-1373244.404379857,2.250980459153652,-1373234.8797332894,-1373241.8059292636
S2-37.5,reactant,[H]c1nc(N([H])c2c([H])c(N([H])C(=O)[C:91]([H])=[C:92]([H])[H])c([H])c([H])c2OC([H])([H])[H])nc(-c2c([H])nc3c([H])c([H])c([H])c([H])n23)c1Cl,0,0.0,0.0,0.0,0.0,0.0,0.0,0.0,0.0,0.0,0.0,-1097946.162771325,2.4589365292340517,-1097938.6727159927,-1097943.879013369
S2-37.5,intermediate,[H]C1=C([H])c2nc([H])c(-c3nc(N([H])c4c([H])c(N([H])C(=O)[C-:91]([H])[C:92]([H])([H])[S:93]C([H])([H])[H])c([H])c([H])c4OC([H])([H])[H])nc([H])c3Cl)n2C([H])=C1[H],-1,0.0,0.0,0.0,0.0,0.0,0.0,0.0,0.0,0.0,0.0,-1372889.8152843567,3.767090717330575,-1372880.7925119842,-1372885.4549299637
S2-37.5,product,[H]c1nc(N([H])c2c([H])c(N([H])C(=O)[C:91]([H])([H])[C:92]([H])([H])[S:93]C([H])([H])[H])c([H])c([H])c2OC([H])([H])[H])nc(-c2c([H])nc3c([H])c([H])c([H])c([H])n23)c1Cl,0,0.0,0.0,0.0,0.0,0.0,0.0,0.0,0.0,0.0,0.0,-1373238.1462260385,2.6723513454198837,-1373229.323786591,-1373235.7147131348
S2-37.6,reactant,[H]c1nc(N([H])c2c([H])c(N([H])C(=O)[C:91]([H])=[C:92]([H])[H])c([H])c([H])c2OC([H])([H])[H])nc(-c2c([H])nc3c([H])c([H])c([H])c([H])n23)c1Cl,0,0.0,0.0,0.0,0.0,0.0,0.0,0.0,0.0,0.0,0.0,-1097944.7610291443,2.801757525652647,-1097937.9920117976,-1097942.3514095277
S2-37.6,intermediate,[H]C1=C([H])c2nc([H])c(-c3nc(N([H])c4c([H])c(N([H])C(=O)[C-:91]([H])[C:92]([H])([H])[S:93]C([H])([H])[H])c([H])c([H])c4OC([H])([H])[H])nc([H])c3Cl)n2C([H])=C1[H],-1,0.0,0.0,0.0,0.0,0.0,0.0,0.0,0.0,0.0,0.0,-1372879.7965213612,3.249043295159936,-1372871.6803191137,-1372875.8953047188
S2-37.6,product,[H]c1nc(N([H])c2c([H])c(N([H])C(=O)[C:91]([H])([H])[C:92]([H])([H])[S:93]C([H])([H])[H])c([H])c([H])c2OC([H])([H])[H])nc(-c2c([H])nc3c([H])c([H])c([H])c([H])n23)c1Cl,0,0.0,0.0,0.0,0.0,0.0,0.0,0.0,0.0,0.0,0.0,-1373237.2737109163,2.3427063319832087,-1373228.4031386755,-1373234.9245864882
S2-37.7,reactant,[H]c1nc(N([H])c2c([H])c(N([H])C(=O)[C:91]([H])=[C:92]([H])[H])c([H])c([H])c2OC([H])([H])[H])nc(-c2c([H])nc3c([H])c([H])c([H])c([H])n23)c1Cl,0,0.0,0.0,0.0,0.0,0.0,0.0,0.0,0.0,0.0,0.0,-1097946.1677855588,2.7093966584652662,-1097938.0648611337,-1097943.9041780038
S2-37.7,intermediate,[H]C1=C([H])c2nc([H])c(-c3nc(N([H])c4c([H])c(N([H])C(=O)[C-:91]([H])[C:92]([H])([H])[S:93]C([H])([H])[H])c([H])c([H])c4OC([H])([H])[H])nc([H])c3Cl)n2C([H])=C1[H],-1,0.0,0.0,0.0,0.0,0.0,0.0,0.0,0.0,0.0,0.0,-1372875.3551420125,4.2671004962176085,-1372863.0967595114,-1372870.9437765898
S2-37.7,product,[H]c1nc(N([H])c2c([H])c(N([H])C(=O)[C:91]([H])([H])[C:92]([H])([H])[S:93]C([H])([H])[H])c([H])c([H])c2OC([H])([H])[H])nc(-c2c([H])nc3c([H])c([H])c([H])c([H])n23)c1Cl,0,0.0,0.0,0.0,0.0,0.0,0.0,0.0,0.0,0.0,0.0,-1373242.8814658634,3.0170346666127443,-1373232.726999675,-1373239.4062831337
S2-37.8,reactant,[H]c1nc(N([H])c2c([H])c(N([H])C(=O)[C:91]([H])=[C:92]([H])[H])c([H])c([H])c2OC([H])([H])[H])nc(-c2c([H])nc3c([H])c([H])c([H])c([H])n23)c1Cl,0,0.0,0.0,0.0,0.0,0.0,0.0,0.0,0.0,0.0,0.0,-1097949.2360346469,1.7269830275326967,-1097942.1426920567,-1097947.0813327257
S2-37.8,intermediate,[H]C1=C([H])c2nc([H])c(-c3nc(N([H])c4c([H])c(N([H])C(=O)[C-:91]([H])[C:92]([H])([H])[S:93]C([H])([H])[H])c([H])c([H])c4OC([H])([H])[H])nc([H])c3Cl)n2C([H])=C1[H],-1,0.0,0.0,0.0,0.0,0.0,0.0,0.0,0.0,0.0,0.0,-1372875.9921860886,2.6839432027190924,-1372865.186850944,-1372871.9840596092
S2-37.8,product,[H]c1nc(N([H])c2c([H])c(N([H])C(=O)[C:91]([H])([H])[C:92]([H])([H])[S:93]C([H])([H])[H])c([H])c([H])c2OC([H])([H])[H])nc(-c2c([H])nc3c([H])c([H])c([H])c([H])n23)c1Cl,0,0.0,0.0,0.0,0.0,0.0,0.0,0.0,0.0,0.0,0.0,-1373243.6146655648,3.5801722705364227,-1373233.5127333691,-1373240.3711547195
S2-37.9,reactant,[H]c1nc(N([H])c2c([H])c(N([H])C(=O)[C:91]([H])=[C:92]([H])[H])c([H])c([H])c2OC([H])([H])[H])nc(-c2c([H])nc3c([H])c([H])c([H])c([H])n23)c1Cl,0,0.0,0.0,0.0,0.0,0.0,0.0,0.0,0.0,0.0,0.0,-1097943.3796242985,2.1381099596619606,-1097934.40790694,-1097941.2732723441
S2-37.9,intermediate,[H]C1=C([H])c2nc([H])c(-c3nc(N([H])c4c([H])c(N([H])C(=O)[C-:91]([H])[C:92]([H])([H])[S:93]C([H])([H])[H])c([H])c([H])c4OC([H])([H])[H])nc([H])c3Cl)n2C([H])=C1[H],-1,0.0,0.0,0.0,0.0,0.0,0.0,0.0,0.0,0.0,0.0,-1372874.8697730028,2.2058332543820143,-1372865.1803604807,-1372871.1134413187
S2-37.9,product,[H]c1nc(N([H])c2c([H])c(N([H])C(=O)[C:91]([H])([H])[C:92]([H])([H])[S:93]C([H])([H])[H])c([H])c([H])c2OC([H])([H])[H])nc(-c2c([H])nc3c([H])c([H])c([H])c([H])n23)c1Cl,0,0.0,0.0,0.0,0.0,0.0,0.0,0.0,0.0,0.0,0.0,-1373245.0674407675,2.6704221330583096,-1373238.4852970873,-1373242.2452464968
S2-37.10,reactant,[H]c1nc(N([H])c2c([H])c(N([H])C(=O)[C:91]([H])=[C:92]([H])[H])c([H])c([H])c2OC([H])([H])[H])nc(-c2c([H])nc3c([H])c([H])c([H])c([H])n23)c1Cl,0,0.0,0.0,0.0,0.0,0.0,0.0,0.0,0.0,0.0,0.0,-1097946.1486303068,2.6965041421353817,-1097939.6605584861,-1097943.8595447277
S2-37.10,intermediate,[H]C1=C([H])c2nc([H])c(-c3nc(N([H])c4c([H])c(N([H])C(=O)[C-:91]([H])[C:92]([H])([H])[S:93]C([H])([H])[H])c([H])c([H])c4OC([H])([H])[H])nc([H])c3Cl)n2C([H])=C1[H],-1,0.0,0.0,0.0,0.0,0.0,0.0,0.0,0.0,0.0,0.0,-1372874.6174833816,2.678482387214899,-1372864.6614038036,-1372870.8919958319
S2-37.10,product,[H]c1nc(N([H])c2c([H])c(N([H])C(=O)[C:91]([H])([H])[C:92]([H])([H])[S:93]C([H])([H])[H])c([H])c([H])c2OC([H])([H])[H])nc(-c2c([H])nc3c([H])c([H])c([H])c([H])n23)c1Cl,0,0.0,0.0,0.0,0.0,0.0,0.0,0.0,0.0,0.0,0.0,-1373238.1869886783,2.7789216786623,-1373227.953336636,-1373235.7378819727
S2-4.1,reactant,[H]c1nc(N([H])c2c([H])c([H])c(F)c(Cl)c2[H])c2c([H])c(N([H])C(=O)[C:91]([H])=[C:92]([H])[H])c(OC([H])([H])C([H])([H])C([H])([H])N3C([H])([H])C([H])([H])OC([H])([H])C3([H])[H])c([H])c2n1,0,0.0,0.0,0.0,0.0,0.0,0.0,0.0,0.0,0.0,0.0,-1248194.6182135865,2.441069332882762,-1248186.9042166464,-1248192.2351276227
S2-4.1,intermediate,[H]c1nc(N([H])c2c([H])c([H])c(F)c(Cl)c2[H])c2c([H])c(N([H])C(=O)[C-:91]([H])[C:92]([H])([H])[S:93]C([H])([H])[H])c(OC([H])([H])C([H])([H])C([H])([H])N3C([H])([H])C([H])([H])OC([H])([H])C3([H])[H])c([H])c2n1,-1,0.0,0.0,0.0,0.0,0.0,0.0,0.0,0.0,0.0,0.0,-1523135.868188507,5.456558095291257,-1523126.6683894992,-1523131.647556391
S2-4.1,product,[H]c1nc(N([H])c2c([H])c([H])c(F)c(Cl)c2[H])c2c([H])c(N([H])C(=O)[C:91]([H])([H])[C:92]([H])([H])[S:93]C([H])([H])[H])c(OC([H])([H])C([H])([H])C([H])([H])N3C([H])([H])C([H])([H])OC([H])([H])C3([H])[H])c([H])c2n1,0,0.0,0.0,0.0,0.0,0.0,0.0,0.0,0.0,0.0,0.0,-1523484.5930774054,2.8931913040578365,-1523474.5289663854,-1523481.165606867
S2-4.2,reactant,[H]c1nc(N([H])c2c([H])c([H])c(F)c(Cl)c2[H])c2c([H])c(N([H])C(=O)[C:91]([H])=[C:92]([H])[H])c(OC([H])([H])C([H])([H])C([H])([H])N3C([H])([H])C([H])([H])OC([H])([H])C3([H])[H])c([H])c2n1,0,0.0,0.0,0.0,0.0,0.0,0.0,0.0,0.0,0.0,0.0,-1248189.9272991463,2.1420695409178734,-1248182.1324476902,-1248187.5536478586
S2-4.2,intermediate,[H]c1nc(N([H])c2c([H])c([H])c(F)c(Cl)c2[H])c2c([H])c(N([H])C(=O)[C-:91]([H])[C:92]([H])([H])[S:93]C([H])([H])[H])c(OC([H])([H])C([H])([H])C([H])([H])N3C([H])([H])C([H])([H])OC([H])([H])C3([H])[H])c([H])c2n1,-1,0.0,0.0,0.0,0.0,0.0,0.0,0.0,0.0,0.0,0.0,-1523134.6934283625,10.068986177444458,-1523122.4876623251,-1523129.3993873973
S2-4.2,product,[H]c1nc(N([H])c2c([H])c([H])c(F)c(Cl)c2[H])c2c([H])c(N([H])C(=O)[C:91]([H])([H])[C:92]([H])([H])[S:93]C([H])([H])[H])c(OC([H])([H])C([H])([H])C([H])([H])N3C([H])([H])C([H])([H])OC([H])([H])C3([H])[H])c([H])c2n1,0,0.0,0.0,0.0,0.0,0.0,0.0,0.0,0.0,0.0,0.0,-1523482.1865751906,2.1725844778120518,-1523472.59770025,-1523479.2321799928
S2-4.3,reactant,[H]c1nc(N([H])c2c([H])c([H])c(F)c(Cl)c2[H])c2c([H])c(N([H])C(=O)[C:91]([H])=[C:92]([H])[H])c(OC([H])([H])C([H])([H])C([H])([H])N3C([H])([H])C([H])([H])OC([H])([H])C3([H])[H])c([H])c2n1,0,0.0,0.0,0.0,0.0,0.0,0.0,0.0,0.0,0.0,0.0,-1248195.183046102,4.551572237163782,-1248187.207368849,-1248192.529356469
S2-4.3,intermediate,[H]c1nc(N([H])c2c([H])c([H])c(F)c(Cl)c2[H])c2c([H])c(N([H])C(=O)[C-:91]([H])[C:92]([H])([H])[S:93]C([H])([H])[H])c(OC([H])([H])C([H])([H])C([H])([H])N3C([H])([H])C([H])([H])OC([H])([H])C3([H])[H])c([H])c2n1,-1,0.0,0.0,0.0,0.0,0.0,0.0,0.0,0.0,0.0,0.0,-1523129.1493794725,2.199284775182605,-1523119.5566448919,-1523125.4222534997
S2-4.3,product,[H]c1nc(N([H])c2c([H])c([H])c(F)c(Cl)c2[H])c2c([H])c(N([H])C(=O)[C:91]([H])([H])[C:92]([H])([H])[S:93]C([H])([H])[H])c(OC([H])([H])C([H])([H])C([H])([H])N3C([H])([H])C([H])([H])OC([H])([H])C3([H])[H])c([H])c2n1,0,0.0,0.0,0.0,0.0,0.0,0.0,0.0,0.0,0.0,0.0,-1523490.337723127,2.660777058452368,-1523480.1296838117,-1523487.44228366
S2-4.4,reactant,[H]c1nc(N([H])c2c([H])c([H])c(F)c(Cl)c2[H])c2c([H])c(N([H])C(=O)[C:91]([H])=[C:92]([H])[H])c(OC([H])([H])C([H])([H])C([H])([H])N3C([H])([H])C([H])([H])OC([H])([H])C3([H])[H])c([H])c2n1,0,0.0,0.0,0.0,0.0,0.0,0.0,0.0,0.0,0.0,0.0,-1248188.7208481662,2.159894062206149,-1248180.4066881572,-1248186.3129824318
S2-4.4,intermediate,[H]c1nc(N([H])c2c([H])c([H])c(F)c(Cl)c2[H])c2c([H])c(N([H])C(=O)[C-:91]([H])[C:92]([H])([H])[S:93]C([H])([H])[H])c(OC([H])([H])C([H])([H])C([H])([H])N3C([H])([H])C([H])([H])OC([H])([H])C3([H])[H])c([H])c2n1,-1,0.0,0.0,0.0,0.0,0.0,0.0,0.0,0.0,0.0,0.0,-1523130.9407583887,3.079936008900404,-1523121.0793939433,-1523127.1467759686
S2-4.4,product,[H]c1nc(N([H])c2c([H])c([H])c(F)c(Cl)c2[H])c2c([H])c(N([H])C(=O)[C:91]([H])([H])[C:92]([H])([H])[S:93]C([H])([H])[H])c(OC([H])([H])C([H])([H])C([H])([H])N3C([H])([H])C([H])([H])OC([H])([H])C3([H])[H])c([H])c2n1,0,0.0,0.0,0.0,0.0,0.0,0.0,0.0,0.0,0.0,0.0,-1523487.9818635716,10.069936273619533,-1523477.5826346104,-1523483.5773707281
S2-4.5,reactant,[H]c1nc(N([H])c2c([H])c([H])c(F)c(Cl)c2[H])c2c([H])c(N([H])C(=O)[C:91]([H])=[C:92]([H])[H])c(OC([H])([H])C([H])([H])C([H])([H])N3C([H])([H])C([H])([H])OC([H])([H])C3([H])[H])c([H])c2n1,0,0.0,0.0,0.0,0.0,0.0,0.0,0.0,0.0,0.0,0.0,-1248189.8801697495,3.0215066727250814,-1248182.286937765,-1248187.5024279028
S2-4.5,intermediate,[H]c1nc(N([H])c2c([H])c([H])c(F)c(Cl)c2[H])c2c([H])c(N([H])C(=O)[C-:91]([H])[C:92]([H])([H])[S:93]C([H])([H])[H])c(OC([H])([H])C([H])([H])C([H])([H])N3C([H])([H])C([H])([H])OC([H])([H])C3([H])[H])c([H])c2n1,-1,0.0,0.0,0.0,0.0,0.0,0.0,0.0,0.0,0.0,0.0,-1523132.2632075038,4.1744509395211935,-1523123.69103439,-1523128.5710492122
S2-4.5,product,[H]c1nc(N([H])c2c([H])c([H])c(F)c(Cl)c2[H])c2c([H])c(N([H])C(=O)[C:91]([H])([H])[C:92]([H])([H])[S:93]C([H])([H])[H])c(OC([H])([H])C([H])([H])C([H])([H])N3C([H])([H])C([H])([H])OC([H])([H])C3([H])[H])c([H])c2n1,0,0.0,0.0,0.0,0.0,0.0,0.0,0.0,0.0,0.0,0.0,-1523483.4905947982,7.543675037100911,-1523473.184420555,-1523479.4218741658
S2-4.6,reactant,[H]c1nc(N([H])c2c([H])c([H])c(F)c(Cl)c2[H])c2c([H])c(N([H])C(=O)[C:91]([H])=[C:92]([H])[H])c(OC([H])([H])C([H])([H])C([H])([H])N3C([H])([H])C([H])([H])OC([H])([H])C3([H])[H])c([H])c2n1,0,0.0,0.0,0.0,0.0,0.0,0.0,0.0,0.0,0.0,0.0,-1248191.3092592964,1.9790492579340935,-1248182.8736690658,-1248188.7625124883
S2-4.6,intermediate,[H]c1nc(N([H])c2c([H])c([H])c(F)c(Cl)c2[H])c2c([H])c(N([H])C(=O)[C-:91]([H])[C:92]([H])([H])[S:93]C([H])([H])[H])c(OC([H])([H])C([H])([H])C([H])([H])N3C([H])([H])C([H])([H])OC([H])([H])C3([H])[H])c([H])c2n1,-1,0.0,0.0,0.0,0.0,0.0,0.0,0.0,0.0,0.0,0.0,-1523134.6353908086,10.18593018874526,-1523120.2145541173,-1523127.0746853654
S2-4.6,product,[H]c1nc(N([H])c2c([H])c([H])c(F)c(Cl)c2[H])c2c([H])c(N([H])C(=O)[C:91]([H])([H])[C:92]([H])([H])[S:93]C([H])([H])[H])c(OC([H])([H])C([H])([H])C([H])([H])N3C([H])([H])C([H])([H])OC([H])([H])C3([H])[H])c([H])c2n1,0,0.0,0.0,0.0,0.0,0.0,0.0,0.0,0.0,0.0,0.0,-1523493.8727577718,3.798683375120163,-1523484.7700105736,-1523491.0558361434
S2-4.7,reactant,[H]c1nc(N([H])c2c([H])c([H])c(F)c(Cl)c2[H])c2c([H])c(N([H])C(=O)[C:91]([H])=[C:92]([H])[H])c(OC([H])([H])C([H])([H])C([H])([H])N3C([H])([H])C([H])([H])OC([H])([H])C3([H])[H])c([H])c2n1,0,0.0,0.0,0.0,0.0,0.0,0.0,0.0,0.0,0.0,0.0,-1248188.1362226238,3.0099856443703175,-1248180.3020490203,-1248185.5405485523
S2-4.7,intermediate,[H]c1nc(N([H])c2c([H])c([H])c(F)c(Cl)c2[H])c2c([H])c(N([H])C(=O)[C-:91]([H])[C:92]([H])([H])[S:93]C([H])([H])[H])c(OC([H])([H])C([H])([H])C([H])([H])N3C([H])([H])C([H])([H])OC([H])([H])C3([H])[H])c([H])c2n1,-1,0.0,0.0,0.0,0.0,0.0,0.0,0.0,0.0,0.0,0.0,-1523126.1459140617,9.485141649842262,-1523113.123570196,-1523118.786542191
S2-4.7,product,[H]c1nc(N([H])c2c([H])c([H])c(F)c(Cl)c2[H])c2c([H])c(N([H])C(=O)[C:91]([H])([H])[C:92]([H])([H])[S:93]C([H])([H])[H])c(OC([H])([H])C([H])([H])C([H])([H])N3C([H])([H])C([H])([H])OC([H])([H])C3([H])[H])c([H])c2n1,0,0.0,0.0,0.0,0.0,0.0,0.0,0.0,0.0,0.0,0.0,-1523487.3376335271,7.615085380151868,-1523477.4079061653,-1523483.0982200278
S2-4.8,reactant,[H]c1nc(N([H])c2c([H])c([H])c(F)c(Cl)c2[H])c2c([H])c(N([H])C(=O)[C:91]([H])=[C:92]([H])[H])c(OC([H])([H])C([H])([H])C([H])([H])N3C([H])([H])C([H])([H])OC([H])([H])C3([H])[H])c([H])c2n1,0,0.0,0.0,0.0,0.0,0.0,0.0,0.0,0.0,0.0,0.0,-1248192.3661629602,5.755358615890145,-1248182.7678368494,-1248188.3682848706
S2-4.8,intermediate,[H]c1nc(N([H])c2c([H])c([H])c(F)c(Cl)c2[H])c2c([H])c(N([H])C(=O)[C-:91]([H])[C:92]([H])([H])[S:93]C([H])([H])[H])c(OC([H])([H])C([H])([H])C([H])([H])N3C([H])([H])C([H])([H])OC([H])([H])C3([H])[H])c([H])c2n1,-1,0.0,0.0,0.0,0.0,0.0,0.0,0.0,0.0,0.0,0.0,-1523130.2896447692,4.260469973087311,-1523119.7260072273,-1523126.2452530656
S2-4.8,product,[H]c1nc(N([H])c2c([H])c([H])c(F)c(Cl)c2[H])c2c([H])c(N([H])C(=O)[C:91]([H])([H])[C:92]([H])([H])[S:93]C([H])([H])[H])c(OC([H])([H])C([H])([H])C([H])([H])N3C([H])([H])C([H])([H])OC([H])([H])C3([H])[H])c([H])c2n1,0,0.0,0.0,0.0,0.0,0.0,0.0,0.0,0.0,0.0,0.0,-1523484.2974410548,1.915695235133171,-1523475.2328229242,-1523481.5917232507
S2-4.9,reactant,[H]c1nc(N([H])c2c([H])c([H])c(F)c(Cl)c2[H])c2c([H])c(N([H])C(=O)[C:91]([H])=[C:92]([H])[H])c(OC([H])([H])C([H])([H])C([H])([H])N3C([H])([H])C([H])([H])OC([H])([H])C3([H])[H])c([H])c2n1,0,0.0,0.0,0.0,0.0,0.0,0.0,0.0,0.0,0.0,0.0,-1248188.730238858,2.259109193459153,-1248180.4904566463,-1248186.2358061203
S2-4.9,intermediate,[H]c1nc(N([H])c2c([H])c([H])c(F)c(Cl)c2[H])c2c([H])c(N([H])C(=O)[C-:91]([H])[C:92]([H])([H])[S:93]C([H])([H])[H])c(OC([H])([H])C([H])([H])C([H])([H])N3C([H])([H])C([H])([H])OC([H])([H])C3([H])[H])c([H])c2n1,-1,0.0,0.0,0.0,0.0,0.0,0.0,0.0,0.0,0.0,0.0,-1523138.760653522,2.0646813698112965,-1523128.5873784595,-1523135.1080592924
S2-4.9,product,[H]c1nc(N([H])c2c([H])c([H])c(F)c(Cl)c2[H])c2c([H])c(N([H])C(=O)[C:91]([H])([H])[C:92]([H])([H])[S:93]C([H])([H])[H])c(OC([H])([H])C([H])([H])C([H])([H])N3C([H])([H])C([H])([H])OC([H])([H])C3([H])[H])c([H])c2n1,0,0.0,0.0,0.0,0.0,0.0,0.0,0.0,0.0,0.0,0.0,-1523484.0345566662,2.5892550218850374,-1523475.7177026062,-1523481.1361207548
S2-4.10,reactant,[H]c1nc(N([H])c2c([H])c([H])c(F)c(Cl)c2[H])c2c([H])c(N([H])C(=O)[C:91]([H])=[C:92]([H])[H])c(OC([H])([H])C([H])([H])C([H])([H])N3C([H])([H])C([H])([H])OC([H])([H])C3([H])[H])c([H])c2n1,0,0.0,0.0,0.0,0.0,0.0,0.0,0.0,0.0,0.0,0.0,-1248189.7141777268,3.3100064247846603,-1248181.4866342035,-1248187.055023019
S2-4.10,intermediate,[H]c1nc(N([H])c2c([H])c([H])c(F)c(Cl)c2[H])c2c([H])c(N([H])C(=O)[C-:91]([H])[C:92]([H])([H])[S:93]C([H])([H])[H])c(OC([H])([H])C([H])([H])C([H])([H])N3C([H])([H])C([H])([H])OC([H])([H])C3([H])[H])c([H])c2n1,-1,0.0,0.0,0.0,0.0,0.0,0.0,0.0,0.0,0.0,0.0,-1523132.5592232205,3.0198010485619307,-1523122.6007519849,-1523129.0114220735
S2-4.10,product,[H]c1nc(N([H])c2c([H])c([H])c(F)c(Cl)c2[H])c2c([H])c(N([H])C(=O)[C:91]([H])([H])[C:92]([H])([H])[S:93]C([H])([H])[H])c(OC([H])([H])C([H])([H])C([H])([H])N3C([H])([H])C([H])([H])OC([H])([H])C3([H])[H])c([H])c2n1,0,0.0,0.0,0.0,0.0,0.0,0.0,0.0,0.0,0.0,0.0,-1523487.65299143,2.7065821941941977,-1523479.0650773614,-1523484.8491991763
S2-14.1,reactant,[H]c1nc(N([H])c2c([H])c(N([H])C(=O)/[C:91]([H])=[C:92](\[H])C([H])([H])N(C([H])([H])[H])C([H])([H])[H])c([H])c([H])c2OC([H])([H])[H])nc(-c2c([H])n([H])c3c([H])c([H])c([H])c([H])c23)c1Cl,0,0.0,0.0,0.0,0.0,0.0,0.0,0.0,0.0,0.0,0.0,-1196599.1511766375,2.0977694001048803,-1196591.2105165482,-1196597.1133497923
S2-14.1,intermediate,[H]c1nc(N([H])c2c([H])c(N([H])C(=O)[C-:91]([H])[C:92]([H])(C([H])([H])N(C([H])([H])[H])C([H])([H])[H])[S:93]C([H])([H])[H])c([H])c([H])c2OC([H])([H])[H])nc(-c2c([H])n([H])c3c([H])c([H])c([H])c([H])c23)c1Cl,-1,0.0,0.0,0.0,0.0,0.0,0.0,0.0,0.0,0.0,0.0,-1471539.5369440091,6.966498296707869,-1471527.3217707858,-1471531.4238701595
S2-14.1,product,[H]c1nc(N([H])c2c([H])c(N([H])C(=O)[C:91]([H])([H])[C:92]([H])(C([H])([H])N(C([H])([H])[H])C([H])([H])[H])[S:93]C([H])([H])[H])c([H])c([H])c2OC([H])([H])[H])nc(-c2c([H])n([H])c3c([H])c([H])c([H])c([H])c23)c1Cl,0,0.0,0.0,0.0,0.0,0.0,0.0,0.0,0.0,0.0,0.0,-1471894.5851277772,10.750060714781284,-1471885.4323866914,-1471890.4519258607
S2-14.2,reactant,[H]c1nc(N([H])c2c([H])c(N([H])C(=O)/[C:91]([H])=[C:92](\[H])C([H])([H])N(C([H])([H])[H])C([H])([H])[H])c([H])c([H])c2OC([H])([H])[H])nc(-c2c([H])n([H])c3c([H])c([H])c([H])c([H])c23)c1Cl,0,0.0,0.0,0.0,0.0,0.0,0.0,0.0,0.0,0.0,0.0,-1196597.954435237,2.9889086559414864,-1196589.7463163706,-1196595.8208788664
S2-14.2,intermediate,[H]c1nc(N([H])c2c([H])c(N([H])C(=O)[C-:91]([H])[C:92]([H])(C([H])([H])N(C([H])([H])[H])C([H])([H])[H])[S:93]C([H])([H])[H])c([H])c([H])c2OC([H])([H])[H])nc(-c2c([H])n([H])c3c([H])c([H])c([H])c([H])c23)c1Cl,-1,0.0,0.0,0.0,0.0,0.0,0.0,0.0,0.0,0.0,0.0,-1471526.6447447948,4.961070192977786,-1471516.3833907617,-1471522.765795308
S2-14.2,product,[H]c1nc(N([H])c2c([H])c(N([H])C(=O)[C:91]([H])([H])[C:92]([H])(C([H])([H])N(C([H])([H])[H])C([H])([H])[H])[S:93]C([H])([H])[H])c([H])c([H])c2OC([H])([H])[H])nc(-c2c([H])n([H])c3c([H])c([H])c([H])c([H])c23)c1Cl,0,0.0,0.0,0.0,0.0,0.0,0.0,0.0,0.0,0.0,0.0,-1471893.3491302063,5.152654878795147,-1471885.1073357034,-1471890.2414435116
S2-14.3,reactant,[H]c1nc(N([H])c2c([H])c(N([H])C(=O)/[C:91]([H])=[C:92](\[H])C([H])([H])N(C([H])([H])[H])C([H])([H])[H])c([H])c([H])c2OC([H])([H])[H])nc(-c2c([H])n([H])c3c([H])c([H])c([H])c([H])c23)c1Cl,0,0.0,0.0,0.0,0.0,0.0,0.0,0.0,0.0,0.0,0.0,-1196597.3744995422,1.7586357276886702,-1196589.7626841045,-1196595.3279390237
S2-14.3,intermediate,[H]c1nc(N([H])c2c([H])c(N([H])C(=O)[C-:91]([H])[C:92]([H])(C([H])([H])N(C([H])([H])[H])C([H])([H])[H])[S:93]C([H])([H])[H])c([H])c([H])c2OC([H])([H])[H])nc(-c2c([H])n([H])c3c([H])c([H])c([H])c([H])c23)c1Cl,-1,0.0,0.0,0.0,0.0,0.0,0.0,0.0,0.0,0.0,0.0,-1471522.7160378369,4.597416011616588,-1471512.472398563,-1471518.175654866
S2-14.3,product,[H]c1nc(N([H])c2c([H])c(N([H])C(=O)[C:91]([H])([H])[C:92]([H])(C([H])([H])N(C([H])([H])[H])C([H])([H])[H])[S:93]C([H])([H])[H])c([H])c([H])c2OC([H])([H])[H])nc(-c2c([H])n([H])c3c([H])c([H])c([H])c([H])c23)c1Cl,0,0.0,0.0,0.0,0.0,0.0,0.0,0.0,0.0,0.0,0.0,-1471891.5090054628,5.153583437204361,-1471882.8778271358,-1471888.4536603286
S2-14.4,reactant,[H]c1nc(N([H])c2c([H])c(N([H])C(=O)/[C:91]([H])=[C:92](\[H])C([H])([H])N(C([H])([H])[H])C([H])([H])[H])c([H])c([H])c2OC([H])([H])[H])nc(-c2c([H])n([H])c3c([H])c([H])c([H])c([H])c23)c1Cl,0,0.0,0.0,0.0,0.0,0.0,0.0,0.0,0.0,0.0,0.0,-1196597.8598575557,3.6160356011241674,-1196590.592187879,-1196595.6232180002
S2-14.4,intermediate,[H]c1nc(N([H])c2c([H])c(N([H])C(=O)[C-:91]([H])[C:92]([H])(C([H])([H])N(C([H])([H])[H])C([H])([H])[H])[S:93]C([H])([H])[H])c([H])c([H])c2OC([H])([H])[H])nc(-c2c([H])n([H])c3c([H])c([H])c([H])c([H])c23)c1Cl,-1,0.0,0.0,0.0,0.0,0.0,0.0,0.0,0.0,0.0,0.0,-1471524.9566744843,9.906840408220887,-1471514.80608443,-1471520.3138406058
S2-14.4,product,[H]c1nc(N([H])c2c([H])c(N([H])C(=O)[C:91]([H])([H])[C:92]([H])(C([H])([H])N(C([H])([H])[H])C([H])([H])[H])[S:93]C([H])([H])[H])c([H])c([H])c2OC([H])([H])[H])nc(-c2c([H])n([H])c3c([H])c([H])c([H])c([H])c23)c1Cl,0,0.0,0.0,0.0,0.0,0.0,0.0,0.0,0.0,0.0,0.0,-1471894.4737810036,8.473875956609845,-1471884.5556270645,-1471891.1353735893
S2-14.5,reactant,[H]c1nc(N([H])c2c([H])c(N([H])C(=O)/[C:91]([H])=[C:92](\[H])C([H])([H])N(C([H])([H])[H])C([H])([H])[H])c([H])c([H])c2OC([H])([H])[H])nc(-c2c([H])n([H])c3c([H])c([H])c([H])c([H])c23)c1Cl,0,0.0,0.0,0.0,0.0,0.0,0.0,0.0,0.0,0.0,0.0,-1196596.2613616888,3.038422740995884,-1196588.1781863063,-1196593.9576127753
S2-14.5,intermediate,[H]c1nc(N([H])c2c([H])c(N([H])C(=O)[C-:91]([H])[C:92]([H])(C([H])([H])N(C([H])([H])[H])C([H])([H])[H])[S:93]C([H])([H])[H])c([H])c([H])c2OC([H])([H])[H])nc(-c2c([H])n([H])c3c([H])c([H])c([H])c([H])c23)c1Cl,-1,0.0,0.0,0.0,0.0,0.0,0.0,0.0,0.0,0.0,0.0,-1471539.48212832,7.360491316765547,-1471525.5036327967,-1471531.824887885
S2-14.5,product,[H]c1nc(N([H])c2c([H])c(N([H])C(=O)[C:91]([H])([H])[C:92]([H])(C([H])([H])N(C([H])([H])[H])C([H])([H])[H])[S:93]C([H])([H])[H])c([H])c([H])c2OC([H])([H])[H])nc(-c2c([H])n([H])c3c([H])c([H])c([H])c([H])c23)c1Cl,0,0.0,0.0,0.0,0.0,0.0,0.0,0.0,0.0,0.0,0.0,-1471891.4465749564,5.035968367010355,-1471882.2457368146,-1471888.410725954
S2-14.6,reactant,[H]c1nc(N([H])c2c([H])c(N([H])C(=O)/[C:91]([H])=[C:92](\[H])C([H])([H])N(C([H])([H])[H])C([H])([H])[H])c([H])c([H])c2OC([H])([H])[H])nc(-c2c([H])n([H])c3c([H])c([H])c([H])c([H])c23)c1Cl,0,0.0,0.0,0.0,0.0,0.0,0.0,0.0,0.0,0.0,0.0,-1196592.8262708352,1.4608294367790222,-1196586.0361629187,-1196590.8061889887
S2-14.6,intermediate,[H]c1nc(N([H])c2c([H])c(N([H])C(=O)[C-:91]([H])[C:92]([H])(C([H])([H])N(C([H])([H])[H])C([H])([H])[H])[S:93]C([H])([H])[H])c([H])c([H])c2OC([H])([H])[H])nc(-c2c([H])n([H])c3c([H])c([H])c([H])c([H])c23)c1Cl,-1,0.0,0.0,0.0,0.0,0.0,0.0,0.0,0.0,0.0,0.0,-1471526.2502917566,3.5000003911554813,-1471514.8360818624,-1471522.0596350806
S2-14.6,product,[H]c1nc(N([H])c2c([H])c(N([H])C(=O)[C:91]([H])([H])[C:92]([H])(C([H])([H])N(C([H])([H])[H])C([H])([H])[H])[S:93]C([H])([H])[H])c([H])c([H])c2OC([H])([H])[H])nc(-c2c([H])n([H])c3c([H])c([H])c([H])c([H])c23)c1Cl,0,0.0,0.0,0.0,0.0,0.0,0.0,0.0,0.0,0.0,0.0,-1471890.9147308194,3.703542845323682,-1471882.4721030681,-1471888.104060489
S2-14.7,reactant,[H]c1nc(N([H])c2c([H])c(N([H])C(=O)/[C:91]([H])=[C:92](\[H])C([H])([H])N(C([H])([H])[H])C([H])([H])[H])c([H])c([H])c2OC([H])([H])[H])nc(-c2c([H])n([H])c3c([H])c([H])c([H])c([H])c23)c1Cl,0,0.0,0.0,0.0,0.0,0.0,0.0,0.0,0.0,0.0,0.0,-1196599.9213040797,2.8551652915775776,-1196590.995058452,-1196597.5063183538
S2-14.7,intermediate,[H]c1nc(N([H])c2c([H])c(N([H])C(=O)[C-:91]([H])[C:92]([H])(C([H])([H])N(C([H])([H])[H])C([H])([H])[H])[S:93]C([H])([H])[H])c([H])c([H])c2OC([H])([H])[H])nc(-c2c([H])n([H])c3c([H])c([H])c([H])c([H])c23)c1Cl,-1,0.0,0.0,0.0,0.0,0.0,0.0,0.0,0.0,0.0,0.0,-1471539.1591940864,6.536786511540413,-1471528.9715360908,-1471533.2937724127
S2-14.7,product,[H]c1nc(N([H])c2c([H])c(N([H])C(=O)[C:91]([H])([H])[C:92]([H])(C([H])([H])N(C([H])([H])[H])C([H])([H])[H])[S:93]C([H])([H])[H])c([H])c([H])c2OC([H])([H])[H])nc(-c2c([H])n([H])c3c([H])c([H])c([H])c([H])c23)c1Cl,0,0.0,0.0,0.0,0.0,0.0,0.0,0.0,0.0,0.0,0.0,-1471890.1601601467,4.630083251744509,-1471879.464420643,-1471886.4012883576
S2-14.8,reactant,[H]c1nc(N([H])c2c([H])c(N([H])C(=O)/[C:91]([H])=[C:92](\[H])C([H])([H])N(C([H])([H])[H])C([H])([H])[H])c([H])c([H])c2OC([H])([H])[H])nc(-c2c([H])n([H])c3c([H])c([H])c([H])c([H])c23)c1Cl,0,0.0,0.0,0.0,0.0,0.0,0.0,0.0,0.0,0.0,0.0,-1196603.1429573752,5.295173252001405,-1196594.3646783703,-1196600.2242858424
S2-14.8,intermediate,[H]c1nc(N([H])c2c([H])c(N([H])C(=O)[C-:91]([H])[C:92]([H])(C([H])([H])N(C([H])([H])[H])C([H])([H])[H])[S:93]C([H])([H])[H])c([H])c([H])c2OC([H])([H])[H])nc(-c2c([H])n([H])c3c([H])c([H])c([H])c([H])c23)c1Cl,-1,0.0,0.0,0.0,0.0,0.0,0.0,0.0,0.0,0.0,0.0,-1471526.75551977,4.983658485114574,-1471518.1052631643,-1471522.6624812044
S2-14.8,product,[H]c1nc(N([H])c2c([H])c(N([H])C(=O)[C:91]([H])([H])[C:92]([H])(C([H])([H])N(C([H])([H])[H])C([H])([H])[H])[S:93]C([H])([H])[H])c([H])c([H])c2OC([H])([H])[H])nc(-c2c([H])n([H])c3c([H])c([H])c([H])c([H])c23)c1Cl,0,0.0,0.0,0.0,0.0,0.0,0.0,0.0,0.0,0.0,0.0,-1471889.7304260375,3.142286168411374,-1471880.4623685766,-1471886.8877019992
S2-14.9,reactant,[H]c1nc(N([H])c2c([H])c(N([H])C(=O)/[C:91]([H])=[C:92](\[H])C([H])([H])N(C([H])([H])[H])C([H])([H])[H])c([H])c([H])c2OC([H])([H])[H])nc(-c2c([H])n([H])c3c([H])c([H])c([H])c([H])c23)c1Cl,0,0.0,0.0,0.0,0.0,0.0,0.0,0.0,0.0,0.0,0.0,-1196597.903553412,2.4615347255021334,-1196590.8721657458,-1196595.7328713704
S2-14.9,intermediate,[H]c1nc(N([H])c2c([H])c(N([H])C(=O)[C-:91]([H])[C:92]([H])(C([H])([H])N(C([H])([H])[H])C([H])([H])[H])[S:93]C([H])([H])[H])c([H])c([H])c2OC([H])([H])[H])nc(-c2c([H])n([H])c3c([H])c([H])c([H])c([H])c23)c1Cl,-1,0.0,0.0,0.0,0.0,0.0,0.0,0.0,0.0,0.0,0.0,-1471524.2633797247,2.8920017033815384,-1471513.0761078827,-1471520.4660104979
S2-14.9,product,[H]c1nc(N([H])c2c([H])c(N([H])C(=O)[C:91]([H])([H])[C:92]([H])(C([H])([H])N(C([H])([H])[H])C([H])([H])[H])[S:93]C([H])([H])[H])c([H])c([H])c2OC([H])([H])[H])nc(-c2c([H])n([H])c3c([H])c([H])c([H])c([H])c23)c1Cl,0,0.0,0.0,0.0,0.0,0.0,0.0,0.0,0.0,0.0,0.0,-1471890.6959189046,3.963473081588745,-1471881.5295591166,-1471887.518351828
S2-14.10,reactant,[H]c1nc(N([H])c2c([H])c(N([H])C(=O)/[C:91]([H])=[C:92](\[H])C([H])([H])N(C([H])([H])[H])C([H])([H])[H])c([H])c([H])c2OC([H])([H])[H])nc(-c2c([H])n([H])c3c([H])c([H])c([H])c([H])c23)c1Cl,0,0.0,0.0,0.0,0.0,0.0,0.0,0.0,0.0,0.0,0.0,-1196595.671221589,1.4885525796562433,-1196588.837415067,-1196593.715406602
S2-14.10,intermediate,[H]c1nc(N([H])c2c([H])c(N([H])C(=O)[C-:91]([H])[C:92]([H])(C([H])([H])N(C([H])([H])[H])C([H])([H])[H])[S:93]C([H])([H])[H])c([H])c([H])c2OC([H])([H])[H])nc(-c2c([H])n([H])c3c([H])c([H])c([H])c([H])c23)c1Cl,-1,0.0,0.0,0.0,0.0,0.0,0.0,0.0,0.0,0.0,0.0,-1471525.2871740528,3.2973142731934786,-1471515.497048011,-1471520.729202778
S2-14.10,product,[H]c1nc(N([H])c2c([H])c(N([H])C(=O)[C:91]([H])([H])[C:92]([H])(C([H])([H])N(C([H])([H])[H])C([H])([H])[H])[S:93]C([H])([H])[H])c([H])c([H])c2OC([H])([H])[H])nc(-c2c([H])n([H])c3c([H])c([H])c([H])c([H])c23)c1Cl,0,0.0,0.0,0.0,0.0,0.0,0.0,0.0,0.0,0.0,0.0,-1471892.8157411136,5.281023072078824,-1471885.020141921,-1471889.8753439845
S2-18.1,reactant,[H]c1nc(N([H])c2c([H])c(N([H])C(=O)/[C:91]([H])=[C:92](\[H])C([H])([H])N(C([H])([H])[H])C([H])([H])[H])c([H])c([H])c2OC([H])([H])[H])nc(-c2c([H])nn3c([H])c([H])c([H])c([H])c23)c1[H],0,0.0,0.0,0.0,0.0,0.0,0.0,0.0,0.0,0.0,0.0,-918252.3864416617,2.2999936658889055,-918242.9378552991,-918250.2679389879
S2-18.1,intermediate,[H]C1=C([H])c2c(-c3nc(N([H])c4c([H])c(N([H])C(=O)[C-:91]([H])[C:92]([H])(C([H])([H])N(C([H])([H])[H])C([H])([H])[H])[S:93]C([H])([H])[H])c([H])c([H])c4OC([H])([H])[H])nc([H])c3[H])c([H])nn2C([H])=C1[H],-1,0.0,0.0,0.0,0.0,0.0,0.0,0.0,0.0,0.0,0.0,-1193179.8290757628,3.9267846196889877,-1193170.7940097211,-1193176.019253423
S2-18.1,product,[H]c1nc(N([H])c2c([H])c(N([H])C(=O)[C:91]([H])([H])[C:92]([H])(C([H])([H])N(C([H])([H])[H])C([H])([H])[H])[S:93]C([H])([H])[H])c([H])c([H])c2OC([H])([H])[H])nc(-c2c([H])nn3c([H])c([H])c([H])c([H])c23)c1[H],0,0.0,0.0,0.0,0.0,0.0,0.0,0.0,0.0,0.0,0.0,-1193545.4728298231,3.5774547532200813,-1193536.6147574289,-1193542.7477808292
S2-18.2,reactant,[H]c1nc(N([H])c2c([H])c(N([H])C(=O)/[C:91]([H])=[C:92](\[H])C([H])([H])N(C([H])([H])[H])C([H])([H])[H])c([H])c([H])c2OC([H])([H])[H])nc(-c2c([H])nn3c([H])c([H])c([H])c([H])c23)c1[H],0,0.0,0.0,0.0,0.0,0.0,0.0,0.0,0.0,0.0,0.0,-918254.4953942001,1.9355400241911411,-918246.2631883194,-918252.1601743733
S2-18.2,intermediate,[H]C1=C([H])c2c(-c3nc(N([H])c4c([H])c(N([H])C(=O)[C-:91]([H])[C:92]([H])(C([H])([H])N(C([H])([H])[H])C([H])([H])[H])[S:93]C([H])([H])[H])c([H])c([H])c4OC([H])([H])[H])nc([H])c3[H])c([H])nn2C([H])=C1[H],-1,0.0,0.0,0.0,0.0,0.0,0.0,0.0,0.0,0.0,0.0,-1193185.5742438005,4.354759603738785,-1193175.0034367845,-1193181.2237199442
S2-18.2,product,[H]c1nc(N([H])c2c([H])c(N([H])C(=O)[C:91]([H])([H])[C:92]([H])(C([H])([H])N(C([H])([H])[H])C([H])([H])[H])[S:93]C([H])([H])[H])c([H])c([H])c2OC([H])([H])[H])nc(-c2c([H])nn3c([H])c([H])c([H])c([H])c23)c1[H],0,0.0,0.0,0.0,0.0,0.0,0.0,0.0,0.0,0.0,0.0,-1193551.002985108,10.531115202233195,-1193539.7548826959,-1193545.3709946987
S2-18.3,reactant,[H]c1nc(N([H])c2c([H])c(N([H])C(=O)/[C:91]([H])=[C:92](\[H])C([H])([H])N(C([H])([H])[H])C([H])([H])[H])c([H])c([H])c2OC([H])([H])[H])nc(-c2c([H])nn3c([H])c([H])c([H])c([H])c23)c1[H],0,0.0,0.0,0.0,0.0,0.0,0.0,0.0,0.0,0.0,0.0,-918250.8859927541,1.8119684793055058,-918241.8580082179,-918248.8145919867
S2-18.3,intermediate,[H]C1=C([H])c2c(-c3nc(N([H])c4c([H])c(N([H])C(=O)[C-:91]([H])[C:92]([H])(C([H])([H])N(C([H])([H])[H])C([H])([H])[H])[S:93]C([H])([H])[H])c([H])c([H])c4OC([H])([H])[H])nc([H])c3[H])c([H])nn2C([H])=C1[H],-1,0.0,0.0,0.0,0.0,0.0,0.0,0.0,0.0,0.0,0.0,-1193183.257948307,4.0523417219519615,-1193173.2626840333,-1193178.7964735376
S2-18.3,product,[H]c1nc(N([H])c2c([H])c(N([H])C(=O)[C:91]([H])([H])[C:92]([H])(C([H])([H])N(C([H])([H])[H])C([H])([H])[H])[S:93]C([H])([H])[H])c([H])c([H])c2OC([H])([H])[H])nc(-c2c([H])nn3c([H])c([H])c([H])c([H])c23)c1[H],0,0.0,0.0,0.0,0.0,0.0,0.0,0.0,0.0,0.0,0.0,-1193552.9095539437,2.8524346835911274,-1193540.0508159415,-1193548.6702064213
S2-18.4,reactant,[H]c1nc(N([H])c2c([H])c(N([H])C(=O)/[C:91]([H])=[C:92](\[H])C([H])([H])N(C([H])([H])[H])C([H])([H])[H])c([H])c([H])c2OC([H])([H])[H])nc(-c2c([H])nn3c([H])c([H])c([H])c([H])c23)c1[H],0,0.0,0.0,0.0,0.0,0.0,0.0,0.0,0.0,0.0,0.0,-918249.3052721253,2.7818878684192896,-918241.6909330767,-918247.1434392163
S2-18.4,intermediate,[H]C1=C([H])c2c(-c3nc(N([H])c4c([H])c(N([H])C(=O)[C-:91]([H])[C:92]([H])(C([H])([H])N(C([H])([H])[H])C([H])([H])[H])[S:93]C([H])([H])[H])c([H])c([H])c4OC([H])([H])[H])nc([H])c3[H])c([H])nn2C([H])=C1[H],-1,0.0,0.0,0.0,0.0,0.0,0.0,0.0,0.0,0.0,0.0,-1193173.496983992,3.4546435959637165,-1193164.9815838775,-1193169.4145291976
S2-18.4,product,[H]c1nc(N([H])c2c([H])c(N([H])C(=O)[C:91]([H])([H])[C:92]([H])(C([H])([H])N(C([H])([H])[H])C([H])([H])[H])[S:93]C([H])([H])[H])c([H])c([H])c2OC([H])([H])[H])nc(-c2c([H])nn3c([H])c([H])c([H])c([H])c23)c1[H],0,0.0,0.0,0.0,0.0,0.0,0.0,0.0,0.0,0.0,0.0,-1193546.8012388388,3.6168964598327875,-1193538.5480468513,-1193543.5876869392
S2-18.5,reactant,[H]c1nc(N([H])c2c([H])c(N([H])C(=O)/[C:91]([H])=[C:92](\[H])C([H])([H])N(C([H])([H])[H])C([H])([H])[H])c([H])c([H])c2OC([H])([H])[H])nc(-c2c([H])nn3c([H])c([H])c([H])c([H])c23)c1[H],0,0.0,0.0,0.0,0.0,0.0,0.0,0.0,0.0,0.0,0.0,-918249.2362164529,2.8292779494076967,-918241.2347038015,-918247.1439065516
S2-18.5,intermediate,[H]C1=C([H])c2c(-c3nc(N([H])c4c([H])c(N([H])C(=O)[C-:91]([H])[C:92]([H])(C([H])([H])N(C([H])([H])[H])C([H])([H])[H])[S:93]C([H])([H])[H])c([H])c([H])c4OC([H])([H])[H])nc([H])c3[H])c([H])nn2C([H])=C1[H],-1,0.0,0.0,0.0,0.0,0.0,0.0,0.0,0.0,0.0,0.0,-1193185.2173865177,7.919246952980757,-1193172.794424996,-1193179.59160892
S2-18.5,product,[H]c1nc(N([H])c2c([H])c(N([H])C(=O)[C:91]([H])([H])[C:92]([H])(C([H])([H])N(C([H])([H])[H])C([H])([H])[H])[S:93]C([H])([H])[H])c([H])c([H])c2OC([H])([H])[H])nc(-c2c([H])nn3c([H])c([H])c([H])c([H])c23)c1[H],0,0.0,0.0,0.0,0.0,0.0,0.0,0.0,0.0,0.0,0.0,-1193543.1799395843,3.106104964390397,-1193534.759875884,-1193540.5098107425
S2-18.6,reactant,[H]c1nc(N([H])c2c([H])c(N([H])C(=O)/[C:91]([H])=[C:92](\[H])C([H])([H])N(C([H])([H])[H])C([H])([H])[H])c([H])c([H])c2OC([H])([H])[H])nc(-c2c([H])nn3c([H])c([H])c([H])c([H])c23)c1[H],0,0.0,0.0,0.0,0.0,0.0,0.0,0.0,0.0,0.0,0.0,-918250.3858449509,1.4037700966000557,-918244.093135806,-918248.4014015493
S2-18.6,intermediate,[H]C1=C([H])c2c(-c3nc(N([H])c4c([H])c(N([H])C(=O)[C-:91]([H])[C:92]([H])(C([H])([H])N(C([H])([H])[H])C([H])([H])[H])[S:93]C([H])([H])[H])c([H])c([H])c4OC([H])([H])[H])nc([H])c3[H])c([H])nn2C([H])=C1[H],-1,0.0,0.0,0.0,0.0,0.0,0.0,0.0,0.0,0.0,0.0,-1193195.1458383289,10.661541286855936,-1193172.9362530315,-1193179.988739515
S2-18.6,product,[H]c1nc(N([H])c2c([H])c(N([H])C(=O)[C:91]([H])([H])[C:92]([H])(C([H])([H])N(C([H])([H])[H])C([H])([H])[H])[S:93]C([H])([H])[H])c([H])c([H])c2OC([H])([H])[H])nc(-c2c([H])nn3c([H])c([H])c([H])c([H])c23)c1[H],0,0.0,0.0,0.0,0.0,0.0,0.0,0.0,0.0,0.0,0.0,-1193549.3743543574,1.84099112264812,-1193540.6023486424,-1193546.2911285453
S2-18.7,reactant,[H]c1nc(N([H])c2c([H])c(N([H])C(=O)/[C:91]([H])=[C:92](\[H])C([H])([H])N(C([H])([H])[H])C([H])([H])[H])c([H])c([H])c2OC([H])([H])[H])nc(-c2c([H])nn3c([H])c([H])c([H])c([H])c23)c1[H],0,0.0,0.0,0.0,0.0,0.0,0.0,0.0,0.0,0.0,0.0,-918254.8683278194,2.3263110760599375,-918247.795003677,-918252.7631304583
S2-18.7,intermediate,[H]C1=C([H])c2c(-c3nc(N([H])c4c([H])c(N([H])C(=O)[C-:91]([H])[C:92]([H])(C([H])([H])N(C([H])([H])[H])C([H])([H])[H])[S:93]C([H])([H])[H])c([H])c([H])c4OC([H])([H])[H])nc([H])c3[H])c([H])nn2C([H])=C1[H],-1,0.0,0.0,0.0,0.0,0.0,0.0,0.0,0.0,0.0,0.0,-1193180.1702140833,3.349991548806429,-1193168.1177835276,-1193174.824667263
S2-18.7,product,[H]c1nc(N([H])c2c([H])c(N([H])C(=O)[C:91]([H])([H])[C:92]([H])(C([H])([H])N(C([H])([H])[H])C([H])([H])[H])[S:93]C([H])([H])[H])c([H])c([H])c2OC([H])([H])[H])nc(-c2c([H])nn3c([H])c([H])c([H])c([H])c23)c1[H],0,0.0,0.0,0.0,0.0,0.0,0.0,0.0,0.0,0.0,0.0,-1193546.8994122534,5.253896031528711,-1193538.6654359964,-1193543.876208796
S2-18.8,reactant,[H]c1nc(N([H])c2c([H])c(N([H])C(=O)/[C:91]([H])=[C:92](\[H])C([H])([H])N(C([H])([H])[H])C([H])([H])[H])c([H])c([H])c2OC([H])([H])[H])nc(-c2c([H])nn3c([H])c([H])c([H])c([H])c23)c1[H],0,0.0,0.0,0.0,0.0,0.0,0.0,0.0,0.0,0.0,0.0,-918252.257055743,1.8449464682489634,-918245.1316099624,-918250.122592192
S2-18.8,intermediate,[H]C1=C([H])c2c(-c3nc(N([H])c4c([H])c(N([H])C(=O)[C-:91]([H])[C:92]([H])(C([H])([H])N(C([H])([H])[H])C([H])([H])[H])[S:93]C([H])([H])[H])c([H])c([H])c4OC([H])([H])[H])nc([H])c3[H])c([H])nn2C([H])=C1[H],-1,0.0,0.0,0.0,0.0,0.0,0.0,0.0,0.0,0.0,0.0,-1193193.1474683334,6.03402141854167,-1193180.0736516013,-1193186.880154742
S2-18.8,product,[H]c1nc(N([H])c2c([H])c(N([H])C(=O)[C:91]([H])([H])[C:92]([H])(C([H])([H])N(C([H])([H])[H])C([H])([H])[H])[S:93]C([H])([H])[H])c([H])c([H])c2OC([H])([H])[H])nc(-c2c([H])nn3c([H])c([H])c([H])c([H])c23)c1[H],0,0.0,0.0,0.0,0.0,0.0,0.0,0.0,0.0,0.0,0.0,-1193544.9136163283,2.8765369802713394,-1193536.216345785,-1193541.845108831
S2-18.9,reactant,[H]c1nc(N([H])c2c([H])c(N([H])C(=O)/[C:91]([H])=[C:92](\[H])C([H])([H])N(C([H])([H])[H])C([H])([H])[H])c([H])c([H])c2OC([H])([H])[H])nc(-c2c([H])nn3c([H])c([H])c([H])c([H])c23)c1[H],0,0.0,0.0,0.0,0.0,0.0,0.0,0.0,0.0,0.0,0.0,-918252.4490865926,3.5682619009166956,-918243.8573073859,-918250.1410436918
S2-18.9,intermediate,[H]C1=C([H])c2c(-c3nc(N([H])c4c([H])c(N([H])C(=O)[C-:91]([H])[C:92]([H])(C([H])([H])N(C([H])([H])[H])C([H])([H])[H])[S:93]C([H])([H])[H])c([H])c([H])c4OC([H])([H])[H])nc([H])c3[H])c([H])nn2C([H])=C1[H],-1,0.0,0.0,0.0,0.0,0.0,0.0,0.0,0.0,0.0,0.0,-1193180.3835114408,10.332600509747863,-1193169.4188011927,-1193175.2466765936
S2-18.9,product,[H]c1nc(N([H])c2c([H])c(N([H])C(=O)[C:91]([H])([H])[C:92]([H])(C([H])([H])N(C([H])([H])[H])C([H])([H])[H])[S:93]C([H])([H])[H])c([H])c([H])c2OC([H])([H])[H])nc(-c2c([H])nn3c([H])c([H])c([H])c([H])c23)c1[H],0,0.0,0.0,0.0,0.0,0.0,0.0,0.0,0.0,0.0,0.0,-1193546.1955447185,4.41326012276113,-1193536.0531852648,-1193542.511067221
S2-18.10,reactant,[H]c1nc(N([H])c2c([H])c(N([H])C(=O)/[C:91]([H])=[C:92](\[H])C([H])([H])N(C([H])([H])[H])C([H])([H])[H])c([H])c([H])c2OC([H])([H])[H])nc(-c2c([H])nn3c([H])c([H])c([H])c([H])c23)c1[H],0,0.0,0.0,0.0,0.0,0.0,0.0,0.0,0.0,0.0,0.0,-918252.4175332085,4.6057051960378885,-918244.4433184403,-918249.4256962012
S2-18.10,intermediate,[H]C1=C([H])c2c(-c3nc(N([H])c4c([H])c(N([H])C(=O)[C-:91]([H])[C:92]([H])(C([H])([H])N(C([H])([H])[H])C([H])([H])[H])[S:93]C([H])([H])[H])c([H])c([H])c4OC([H])([H])[H])nc([H])c3[H])c([H])nn2C([H])=C1[H],-1,0.0,0.0,0.0,0.0,0.0,0.0,0.0,0.0,0.0,0.0,-1193180.9266376032,4.431932142004371,-1193169.4224574047,-1193176.8300417908
S2-18.10,product,[H]c1nc(N([H])c2c([H])c(N([H])C(=O)[C:91]([H])([H])[C:92]([H])(C([H])([H])N(C([H])([H])[H])C([H])([H])[H])[S:93]C([H])([H])[H])c([H])c([H])c2OC([H])([H])[H])nc(-c2c([H])nn3c([H])c([H])c([H])c([H])c23)c1[H],0,0.0,0.0,0.0,0.0,0.0,0.0,0.0,0.0,0.0,0.0,-1193548.2571919218,3.442508079111576,-1193538.0143883536,-1193545.4120432378
S2-41.1,reactant,[H]c1nc(N([H])c2nn(C([H])([H])[H])c(N([H])C(=O)[C:91]([H])=[C:92]([H])[H])c2[H])nc(-c2c([H])nn3c([H])c([H])c([H])c([H])c23)c1Cl,0,0.0,0.0,0.0,0.0,0.0,0.0,0.0,0.0,0.0,0.0,-1046948.0964334084,2.00497136823833,-1046942.2572045072,-1046945.5801843564
S2-41.1,intermediate,[H]C1=C([H])c2c(-c3nc(N([H])c4nn(C([H])([H])[H])c(N([H])C(=O)[C-:91]([H])[C:92]([H])([H])[S:93]C([H])([H])[H])c4[H])nc([H])c3Cl)c([H])nn2C([H])=C1[H],-1,0.0,0.0,0.0,0.0,0.0,0.0,0.0,0.0,0.0,0.0,-1321889.6763196045,5.287325160577893,-1321880.097717795,-1321885.4166842292
S2-41.1,product,[H]c1nc(N([H])c2nn(C([H])([H])[H])c(N([H])C(=O)[C:91]([H])([H])[C:92]([H])([H])[S:93]C([H])([H])[H])c2[H])nc(-c2c([H])nn3c([H])c([H])c([H])c([H])c23)c1Cl,0,0.0,0.0,0.0,0.0,0.0,0.0,0.0,0.0,0.0,0.0,-1322246.4926529722,15.394341366365552,-1322233.0832014806,-1322236.2545007654
S2-41.2,reactant,[H]c1nc(N([H])c2nn(C([H])([H])[H])c(N([H])C(=O)[C:91]([H])=[C:92]([H])[H])c2[H])nc(-c2c([H])nn3c([H])c([H])c([H])c([H])c23)c1Cl,0,0.0,0.0,0.0,0.0,0.0,0.0,0.0,0.0,0.0,0.0,-1046950.1962151774,2.8585715163499117,-1046944.233125911,-1046947.1155899492
S2-41.2,intermediate,[H]C1=C([H])c2c(-c3nc(N([H])c4nn(C([H])([H])[H])c(N([H])C(=O)[C-:91]([H])[C:92]([H])([H])[S:93]C([H])([H])[H])c4[H])nc([H])c3Cl)c([H])nn2C([H])=C1[H],-1,0.0,0.0,0.0,0.0,0.0,0.0,0.0,0.0,0.0,0.0,-1321890.5872359483,15.612006364390254,-1321875.7118496401,-1321880.0988778863
S2-41.2,product,[H]c1nc(N([H])c2nn(C([H])([H])[H])c(N([H])C(=O)[C:91]([H])([H])[C:92]([H])([H])[S:93]C([H])([H])[H])c2[H])nc(-c2c([H])nn3c([H])c([H])c([H])c([H])c23)c1Cl,0,0.0,0.0,0.0,0.0,0.0,0.0,0.0,0.0,0.0,0.0,-1322240.7256906123,5.806590210646391,-1322232.926468196,-1322236.7149525532
S2-41.3,reactant,[H]c1nc(N([H])c2nn(C([H])([H])[H])c(N([H])C(=O)[C:91]([H])=[C:92]([H])[H])c2[H])nc(-c2c([H])nn3c([H])c([H])c([H])c([H])c23)c1Cl,0,0.0,0.0,0.0,0.0,0.0,0.0,0.0,0.0,0.0,0.0,-1046943.8520386639,3.268514821305871,-1046934.8238561974,-1046940.5217793792
S2-41.3,intermediate,[H]C1=C([H])c2c(-c3nc(N([H])c4nn(C([H])([H])[H])c(N([H])C(=O)[C-:91]([H])[C:92]([H])([H])[S:93]C([H])([H])[H])c4[H])nc([H])c3Cl)c([H])nn2C([H])=C1[H],-1,0.0,0.0,0.0,0.0,0.0,0.0,0.0,0.0,0.0,0.0,-1321887.7069711352,16.03224630281329,-1321872.2923842818,-1321878.0385804572
S2-41.3,product,[H]c1nc(N([H])c2nn(C([H])([H])[H])c(N([H])C(=O)[C:91]([H])([H])[C:92]([H])([H])[S:93]C([H])([H])[H])c2[H])nc(-c2c([H])nn3c([H])c([H])c([H])c([H])c23)c1Cl,0,0.0,0.0,0.0,0.0,0.0,0.0,0.0,0.0,0.0,0.0,-1322239.9617787304,2.7014607321470976,-1322232.6133590012,-1322237.08244309
S2-41.4,reactant,[H]c1nc(N([H])c2nn(C([H])([H])[H])c(N([H])C(=O)[C:91]([H])=[C:92]([H])[H])c2[H])nc(-c2c([H])nn3c([H])c([H])c([H])c([H])c23)c1Cl,0,0.0,0.0,0.0,0.0,0.0,0.0,0.0,0.0,0.0,0.0,-1046950.3086945522,2.84472718834877,-1046943.9310513287,-1046947.1431187511
S2-41.4,intermediate,[H]C1=C([H])c2c(-c3nc(N([H])c4nn(C([H])([H])[H])c(N([H])C(=O)[C-:91]([H])[C:92]([H])([H])[S:93]C([H])([H])[H])c4[H])nc([H])c3Cl)c([H])nn2C([H])=C1[H],-1,0.0,0.0,0.0,0.0,0.0,0.0,0.0,0.0,0.0,0.0,-1321885.8023128763,2.177227294072509,-1321877.7951784553,-1321881.6750406208
S2-41.4,product,[H]c1nc(N([H])c2nn(C([H])([H])[H])c(N([H])C(=O)[C:91]([H])([H])[C:92]([H])([H])[S:93]C([H])([H])[H])c2[H])nc(-c2c([H])nn3c([H])c([H])c([H])c([H])c23)c1Cl,0,0.0,0.0,0.0,0.0,0.0,0.0,0.0,0.0,0.0,0.0,-1322243.1817688618,2.1505126636475325,-1322236.4048288064,-1322240.2485741954
S2-41.5,reactant,[H]c1nc(N([H])c2nn(C([H])([H])[H])c(N([H])C(=O)[C:91]([H])=[C:92]([H])[H])c2[H])nc(-c2c([H])nn3c([H])c([H])c([H])c([H])c23)c1Cl,0,0.0,0.0,0.0,0.0,0.0,0.0,0.0,0.0,0.0,0.0,-1046951.4497020872,2.8543766736984253,-1046944.9635270983,-1046948.2493125508
S2-41.5,intermediate,[H]C1=C([H])c2c(-c3nc(N([H])c4nn(C([H])([H])[H])c(N([H])C(=O)[C-:91]([H])[C:92]([H])([H])[S:93]C([H])([H])[H])c4[H])nc([H])c3Cl)c([H])nn2C([H])=C1[H],-1,0.0,0.0,0.0,0.0,0.0,0.0,0.0,0.0,0.0,0.0,-1321887.6992353604,2.447171615436673,-1321877.2408307462,-1321883.532308325
S2-41.5,product,[H]c1nc(N([H])c2nn(C([H])([H])[H])c(N([H])C(=O)[C:91]([H])([H])[C:92]([H])([H])[S:93]C([H])([H])[H])c2[H])nc(-c2c([H])nn3c([H])c([H])c([H])c([H])c23)c1Cl,0,0.0,0.0,0.0,0.0,0.0,0.0,0.0,0.0,0.0,0.0,-1322240.0986365168,5.797869708389044,-1322230.282708065,-1322235.903614379
S2-41.6,reactant,[H]c1nc(N([H])c2nn(C([H])([H])[H])c(N([H])C(=O)[C:91]([H])=[C:92]([H])[H])c2[H])nc(-c2c([H])nn3c([H])c([H])c([H])c([H])c23)c1Cl,0,0.0,0.0,0.0,0.0,0.0,0.0,0.0,0.0,0.0,0.0,-1046947.9053207354,14.988624792546034,-1046935.2165333615,-1046938.7229395915
S2-41.6,intermediate,[H]C1=C([H])c2c(-c3nc(N([H])c4nn(C([H])([H])[H])c(N([H])C(=O)[C-:91]([H])[C:92]([H])([H])[S:93]C([H])([H])[H])c4[H])nc([H])c3Cl)c([H])nn2C([H])=C1[H],-1,0.0,0.0,0.0,0.0,0.0,0.0,0.0,0.0,0.0,0.0,-1321890.2302989434,3.351096762344241,-1321882.9541842418,-1321886.347209415
S2-41.6,product,[H]c1nc(N([H])c2nn(C([H])([H])[H])c(N([H])C(=O)[C:91]([H])([H])[C:92]([H])([H])[S:93]C([H])([H])[H])c2[H])nc(-c2c([H])nn3c([H])c([H])c([H])c([H])c23)c1Cl,0,0.0,0.0,0.0,0.0,0.0,0.0,0.0,0.0,0.0,0.0,-1322241.8699475026,3.3894327748566866,-1322232.071205996,-1322238.3545519395
S2-41.7,reactant,[H]c1nc(N([H])c2nn(C([H])([H])[H])c(N([H])C(=O)[C:91]([H])=[C:92]([H])[H])c2[H])nc(-c2c([H])nn3c([H])c([H])c([H])c([H])c23)c1Cl,0,0.0,0.0,0.0,0.0,0.0,0.0,0.0,0.0,0.0,0.0,-1046951.4348188305,2.7478124666959047,-1046945.6115892928,-1046948.2814157411
S2-41.7,intermediate,[H]C1=C([H])c2c(-c3nc(N([H])c4nn(C([H])([H])[H])c(N([H])C(=O)[C-:91]([H])[C:92]([H])([H])[S:93]C([H])([H])[H])c4[H])nc([H])c3Cl)c([H])nn2C([H])=C1[H],-1,0.0,0.0,0.0,0.0,0.0,0.0,0.0,0.0,0.0,0.0,-1321883.6924256673,2.9122582022100687,-1321875.8978711066,-1321879.333269852
S2-41.7,product,[H]c1nc(N([H])c2nn(C([H])([H])[H])c(N([H])C(=O)[C:91]([H])([H])[C:92]([H])([H])[S:93]C([H])([H])[H])c2[H])nc(-c2c([H])nn3c([H])c([H])c([H])c([H])c23)c1Cl,0,0.0,0.0,0.0,0.0,0.0,0.0,0.0,0.0,0.0,0.0,-1322241.8769960196,3.7966194581240416,-1322232.1205841007,-1322238.2158138154
S2-41.8,reactant,[H]c1nc(N([H])c2nn(C([H])([H])[H])c(N([H])C(=O)[C:91]([H])=[C:92]([H])[H])c2[H])nc(-c2c([H])nn3c([H])c([H])c([H])c([H])c23)c1Cl,0,0.0,0.0,0.0,0.0,0.0,0.0,0.0,0.0,0.0,0.0,-1046950.2548685145,14.600909223780036,-1046937.6726336032,-1046940.4966917173
S2-41.8,intermediate,[H]C1=C([H])c2c(-c3nc(N([H])c4nn(C([H])([H])[H])c(N([H])C(=O)[C-:91]([H])[C:92]([H])([H])[S:93]C([H])([H])[H])c4[H])nc([H])c3Cl)c([H])nn2C([H])=C1[H],-1,0.0,0.0,0.0,0.0,0.0,0.0,0.0,0.0,0.0,0.0,-1321882.0233346703,2.965382680296898,-1321873.685354303,-1321877.5260235257
S2-41.8,product,[H]c1nc(N([H])c2nn(C([H])([H])[H])c(N([H])C(=O)[C:91]([H])([H])[C:92]([H])([H])[S:93]C([H])([H])[H])c2[H])nc(-c2c([H])nn3c([H])c([H])c([H])c([H])c23)c1Cl,0,0.0,0.0,0.0,0.0,0.0,0.0,0.0,0.0,0.0,0.0,-1322246.553978368,16.983433024957776,-1322232.6143376564,-1322236.2564250873
S2-41.9,reactant,[H]c1nc(N([H])c2nn(C([H])([H])[H])c(N([H])C(=O)[C:91]([H])=[C:92]([H])[H])c2[H])nc(-c2c([H])nn3c([H])c([H])c([H])c([H])c23)c1Cl,0,0.0,0.0,0.0,0.0,0.0,0.0,0.0,0.0,0.0,0.0,-1046943.7444415693,2.894579155370593,-1046934.6479236766,-1046940.4322379237
S2-41.9,intermediate,[H]C1=C([H])c2c(-c3nc(N([H])c4nn(C([H])([H])[H])c(N([H])C(=O)[C-:91]([H])[C:92]([H])([H])[S:93]C([H])([H])[H])c4[H])nc([H])c3Cl)c([H])nn2C([H])=C1[H],-1,0.0,0.0,0.0,0.0,0.0,0.0,0.0,0.0,0.0,0.0,-1321884.3554673346,4.225602688267827,-1321874.4745187887,-1321880.0299019357
S2-41.9,product,[H]c1nc(N([H])c2nn(C([H])([H])[H])c(N([H])C(=O)[C:91]([H])([H])[C:92]([H])([H])[S:93]C([H])([H])[H])c2[H])nc(-c2c([H])nn3c([H])c([H])c([H])c([H])c23)c1Cl,0,0.0,0.0,0.0,0.0,0.0,0.0,0.0,0.0,0.0,0.0,-1322241.736124647,3.4082688745111227,-1322234.3992563484,-1322238.1258984916
S2-41.10,reactant,[H]c1nc(N([H])c2nn(C([H])([H])[H])c(N([H])C(=O)[C:91]([H])=[C:92]([H])[H])c2[H])nc(-c2c([H])nn3c([H])c([H])c([H])c([H])c23)c1Cl,0,0.0,0.0,0.0,0.0,0.0,0.0,0.0,0.0,0.0,0.0,-1046948.1708771826,1.90330764465034,-1046940.7677462277,-1046945.6561071096
S2-41.10,intermediate,[H]C1=C([H])c2c(-c3nc(N([H])c4nn(C([H])([H])[H])c(N([H])C(=O)[C-:91]([H])[C:92]([H])([H])[S:93]C([H])([H])[H])c4[H])nc([H])c3Cl)c([H])nn2C([H])=C1[H],-1,0.0,0.0,0.0,0.0,0.0,0.0,0.0,0.0,0.0,0.0,-1321889.5956960074,4.989819634705782,-1321881.7307222546,-1321885.4746558063
S2-41.10,product,[H]c1nc(N([H])c2nn(C([H])([H])[H])c(N([H])C(=O)[C:91]([H])([H])[C:92]([H])([H])[S:93]C([H])([H])[H])c2[H])nc(-c2c([H])nn3c([H])c([H])c([H])c([H])c23)c1Cl,0,0.0,0.0,0.0,0.0,0.0,0.0,0.0,0.0,0.0,0.0,-1322243.4933056107,2.356163201853633,-1322236.6343839366,-1322240.4260296798
S2-16.1,reactant,[H]c1nc(N([H])c2c([H])c(N([H])C(=O)/[C:91]([H])=[C:92](\[H])C([H])([H])N(C([H])([H])[H])C([H])([H])[H])c([H])c([H])c2OC([H])([H])[H])nc(-c2c([H])nn3c([H])c([H])c([H])c([H])c23)c1[H],0,0.0,0.0,0.0,0.0,0.0,0.0,0.0,0.0,0.0,0.0,-918252.5255261638,3.445628112182021,-918243.885374998,-918250.2095000753
S2-16.1,intermediate,[H]C1=C([H])c2c(-c3nc(N([H])c4c([H])c(N([H])C(=O)[C-:91]([H])[C:92]([H])(C([H])([H])N(C([H])([H])[H])C([H])([H])[H])[S:93]C([H])([H])[H])c([H])c([H])c4OC([H])([H])[H])nc([H])c3[H])c([H])nn2C([H])=C1[H],-1,0.0,0.0,0.0,0.0,0.0,0.0,0.0,0.0,0.0,0.0,-1193179.8111355829,4.095959080383182,-1193168.6819067928,-1193175.2321232206
S2-16.1,product,[H]c1nc(N([H])c2c([H])c(N([H])C(=O)[C:91]([H])([H])[C:92]([H])(C([H])([H])N(C([H])([H])[H])C([H])([H])[H])[S:93]C([H])([H])[H])c([H])c([H])c2OC([H])([H])[H])nc(-c2c([H])nn3c([H])c([H])c([H])c([H])c23)c1[H],0,0.0,0.0,0.0,0.0,0.0,0.0,0.0,0.0,0.0,0.0,-1193551.4250989016,16.608659693971276,-1193538.2612513863,-1193544.34402249
S2-16.2,reactant,[H]c1nc(N([H])c2c([H])c(N([H])C(=O)/[C:91]([H])=[C:92](\[H])C([H])([H])N(C([H])([H])[H])C([H])([H])[H])c([H])c([H])c2OC([H])([H])[H])nc(-c2c([H])nn3c([H])c([H])c([H])c([H])c23)c1[H],0,0.0,0.0,0.0,0.0,0.0,0.0,0.0,0.0,0.0,0.0,-918256.1014993861,2.482032047584653,-918247.534263533,-918253.778875622
S2-16.2,intermediate,[H]C1=C([H])c2c(-c3nc(N([H])c4c([H])c(N([H])C(=O)[C-:91]([H])[C:92]([H])(C([H])([H])N(C([H])([H])[H])C([H])([H])[H])[S:93]C([H])([H])[H])c([H])c([H])c4OC([H])([H])[H])nc([H])c3[H])c([H])nn2C([H])=C1[H],-1,0.0,0.0,0.0,0.0,0.0,0.0,0.0,0.0,0.0,0.0,-1193180.5901121576,4.611609302461147,-1193169.9334693805,-1193176.2454107502
S2-16.2,product,[H]c1nc(N([H])c2c([H])c(N([H])C(=O)[C:91]([H])([H])[C:92]([H])(C([H])([H])N(C([H])([H])[H])C([H])([H])[H])[S:93]C([H])([H])[H])c([H])c([H])c2OC([H])([H])[H])nc(-c2c([H])nn3c([H])c([H])c([H])c([H])c23)c1[H],0,0.0,0.0,0.0,0.0,0.0,0.0,0.0,0.0,0.0,0.0,-1193545.3717424353,4.838174570351839,-1193536.0290432696,-1193542.5052392741
S2-16.3,reactant,[H]c1nc(N([H])c2c([H])c(N([H])C(=O)/[C:91]([H])=[C:92](\[H])C([H])([H])N(C([H])([H])[H])C([H])([H])[H])c([H])c([H])c2OC([H])([H])[H])nc(-c2c([H])nn3c([H])c([H])c([H])c([H])c23)c1[H],0,0.0,0.0,0.0,0.0,0.0,0.0,0.0,0.0,0.0,0.0,-918252.8658342768,2.8439413364976645,-918245.7917953861,-918250.5561089687
S2-16.3,intermediate,[H]C1=C([H])c2c(-c3nc(N([H])c4c([H])c(N([H])C(=O)[C-:91]([H])[C:92]([H])(C([H])([H])N(C([H])([H])[H])C([H])([H])[H])[S:93]C([H])([H])[H])c([H])c([H])c4OC([H])([H])[H])nc([H])c3[H])c([H])nn2C([H])=C1[H],-1,0.0,0.0,0.0,0.0,0.0,0.0,0.0,0.0,0.0,0.0,-1193173.9058694458,4.30594409070909,-1193161.5778292345,-1193169.8854767878
S2-16.3,product,[H]c1nc(N([H])c2c([H])c(N([H])C(=O)[C:91]([H])([H])[C:92]([H])(C([H])([H])N(C([H])([H])[H])C([H])([H])[H])[S:93]C([H])([H])[H])c([H])c([H])c2OC([H])([H])[H])nc(-c2c([H])nn3c([H])c([H])c([H])c([H])c23)c1[H],0,0.0,0.0,0.0,0.0,0.0,0.0,0.0,0.0,0.0,0.0,-1193549.7306948223,8.090552672743797,-1193537.3873727445,-1193545.6036782267
S2-16.4,reactant,[H]c1nc(N([H])c2c([H])c(N([H])C(=O)/[C:91]([H])=[C:92](\[H])C([H])([H])N(C([H])([H])[H])C([H])([H])[H])c([H])c([H])c2OC([H])([H])[H])nc(-c2c([H])nn3c([H])c([H])c([H])c([H])c23)c1[H],0,0.0,0.0,0.0,0.0,0.0,0.0,0.0,0.0,0.0,0.0,-918253.9977370194,1.3932839706540108,-918245.591616407,-918251.7788122232
S2-16.4,intermediate,[H]C1=C([H])c2c(-c3nc(N([H])c4c([H])c(N([H])C(=O)[C-:91]([H])[C:92]([H])(C([H])([H])N(C([H])([H])[H])C([H])([H])[H])[S:93]C([H])([H])[H])c([H])c([H])c4OC([H])([H])[H])nc([H])c3[H])c([H])nn2C([H])=C1[H],-1,0.0,0.0,0.0,0.0,0.0,0.0,0.0,0.0,0.0,0.0,-1193187.7012684722,4.470290238037705,-1193173.9458073762,-1193182.062823337
S2-16.4,product,[H]c1nc(N([H])c2c([H])c(N([H])C(=O)[C:91]([H])([H])[C:92]([H])(C([H])([H])N(C([H])([H])[H])C([H])([H])[H])[S:93]C([H])([H])[H])c([H])c([H])c2OC([H])([H])[H])nc(-c2c([H])nn3c([H])c([H])c([H])c([H])c23)c1[H],0,0.0,0.0,0.0,0.0,0.0,0.0,0.0,0.0,0.0,0.0,-1193550.8038507607,2.94224226847291,-1193540.8035007787,-1193547.6542963155
S2-16.5,reactant,[H]c1nc(N([H])c2c([H])c(N([H])C(=O)/[C:91]([H])=[C:92](\[H])C([H])([H])N(C([H])([H])[H])C([H])([H])[H])c([H])c([H])c2OC([H])([H])[H])nc(-c2c([H])nn3c([H])c([H])c([H])c([H])c23)c1[H],0,0.0,0.0,0.0,0.0,0.0,0.0,0.0,0.0,0.0,0.0,-918253.6280362611,2.443237317726016,-918246.4037792906,-918251.5415213183
S2-16.5,intermediate,[H]C1=C([H])c2c(-c3nc(N([H])c4c([H])c(N([H])C(=O)[C-:91]([H])[C:92]([H])(C([H])([H])N(C([H])([H])[H])C([H])([H])[H])[S:93]C([H])([H])[H])c([H])c([H])c4OC([H])([H])[H])nc([H])c3[H])c([H])nn2C([H])=C1[H],-1,0.0,0.0,0.0,0.0,0.0,0.0,0.0,0.0,0.0,0.0,-1193180.0832237292,4.846918852999806,-1193168.5247831459,-1193174.9511666987
S2-16.5,product,[H]c1nc(N([H])c2c([H])c(N([H])C(=O)[C:91]([H])([H])[C:92]([H])(C([H])([H])N(C([H])([H])[H])C([H])([H])[H])[S:93]C([H])([H])[H])c([H])c([H])c2OC([H])([H])[H])nc(-c2c([H])nn3c([H])c([H])c([H])c([H])c23)c1[H],0,0.0,0.0,0.0,0.0,0.0,0.0,0.0,0.0,0.0,0.0,-1193551.4325982598,3.080245539546013,-1193543.4771208905,-1193548.594707019
S2-16.6,reactant,[H]c1nc(N([H])c2c([H])c(N([H])C(=O)/[C:91]([H])=[C:92](\[H])C([H])([H])N(C([H])([H])[H])C([H])([H])[H])c([H])c([H])c2OC([H])([H])[H])nc(-c2c([H])nn3c([H])c([H])c([H])c([H])c23)c1[H],0,0.0,0.0,0.0,0.0,0.0,0.0,0.0,0.0,0.0,0.0,-918254.1295750743,2.332331780344248,-918244.2007109084,-918251.9740099572
S2-16.6,intermediate,[H]C1=C([H])c2c(-c3nc(N([H])c4c([H])c(N([H])C(=O)[C-:91]([H])[C:92]([H])(C([H])([H])N(C([H])([H])[H])C([H])([H])[H])[S:93]C([H])([H])[H])c([H])c([H])c4OC([H])([H])[H])nc([H])c3[H])c([H])nn2C([H])=C1[H],-1,0.0,0.0,0.0,0.0,0.0,0.0,0.0,0.0,0.0,0.0,-1193181.22594666,2.4060541652143,-1193170.3875599091,-1193177.0080030968
S2-16.6,product,[H]c1nc(N([H])c2c([H])c(N([H])C(=O)[C:91]([H])([H])[C:92]([H])(C([H])([H])N(C([H])([H])[H])C([H])([H])[H])[S:93]C([H])([H])[H])c([H])c([H])c2OC([H])([H])[H])nc(-c2c([H])nn3c([H])c([H])c([H])c([H])c23)c1[H],0,0.0,0.0,0.0,0.0,0.0,0.0,0.0,0.0,0.0,0.0,-1193546.0228010742,3.811493279412389,-1193536.105746748,-1193542.8908954116
S2-16.7,reactant,[H]c1nc(N([H])c2c([H])c(N([H])C(=O)/[C:91]([H])=[C:92](\[H])C([H])([H])N(C([H])([H])[H])C([H])([H])[H])c([H])c([H])c2OC([H])([H])[H])nc(-c2c([H])nn3c([H])c([H])c([H])c([H])c23)c1[H],0,0.0,0.0,0.0,0.0,0.0,0.0,0.0,0.0,0.0,0.0,-918254.4615591198,1.9412562418729067,-918246.3111314295,-918252.2236440136
S2-16.7,intermediate,[H]C1=C([H])c2c(-c3nc(N([H])c4c([H])c(N([H])C(=O)[C-:91]([H])[C:92]([H])(C([H])([H])N(C([H])([H])[H])C([H])([H])[H])[S:93]C([H])([H])[H])c([H])c([H])c4OC([H])([H])[H])nc([H])c3[H])c([H])nn2C([H])=C1[H],-1,0.0,0.0,0.0,0.0,0.0,0.0,0.0,0.0,0.0,0.0,-1193180.207490951,5.749931499361992,-1193170.358607109,-1193176.3749616107
S2-16.7,product,[H]c1nc(N([H])c2c([H])c(N([H])C(=O)[C:91]([H])([H])[C:92]([H])(C([H])([H])N(C([H])([H])[H])C([H])([H])[H])[S:93]C([H])([H])[H])c([H])c([H])c2OC([H])([H])[H])nc(-c2c([H])nn3c([H])c([H])c([H])c([H])c23)c1[H],0,0.0,0.0,0.0,0.0,0.0,0.0,0.0,0.0,0.0,0.0,-1193545.6969968516,4.667139017954469,-1193536.9976315463,-1193542.690776911
S2-16.8,reactant,[H]c1nc(N([H])c2c([H])c(N([H])C(=O)/[C:91]([H])=[C:92](\[H])C([H])([H])N(C([H])([H])[H])C([H])([H])[H])c([H])c([H])c2OC([H])([H])[H])nc(-c2c([H])nn3c([H])c([H])c([H])c([H])c23)c1[H],0,0.0,0.0,0.0,0.0,0.0,0.0,0.0,0.0,0.0,0.0,-918251.4055872065,2.205383351072669,-918244.8300961826,-918249.1427438823
S2-16.8,intermediate,[H]C1=C([H])c2c(-c3nc(N([H])c4c([H])c(N([H])C(=O)[C-:91]([H])[C:92]([H])(C([H])([H])N(C([H])([H])[H])C([H])([H])[H])[S:93]C([H])([H])[H])c([H])c([H])c4OC([H])([H])[H])nc([H])c3[H])c([H])nn2C([H])=C1[H],-1,0.0,0.0,0.0,0.0,0.0,0.0,0.0,0.0,0.0,0.0,-1193179.7649958374,3.6671737357974052,-1193170.1009293862,-1193175.889741049
S2-16.8,product,[H]c1nc(N([H])c2c([H])c(N([H])C(=O)[C:91]([H])([H])[C:92]([H])(C([H])([H])N(C([H])([H])[H])C([H])([H])[H])[S:93]C([H])([H])[H])c([H])c([H])c2OC([H])([H])[H])nc(-c2c([H])nn3c([H])c([H])c([H])c([H])c23)c1[H],0,0.0,0.0,0.0,0.0,0.0,0.0,0.0,0.0,0.0,0.0,-1193549.9293838262,4.213523045182228,-1193539.6278609443,-1193546.4108873555
S2-16.9,reactant,[H]c1nc(N([H])c2c([H])c(N([H])C(=O)/[C:91]([H])=[C:92](\[H])C([H])([H])N(C([H])([H])[H])C([H])([H])[H])c([H])c([H])c2OC([H])([H])[H])nc(-c2c([H])nn3c([H])c([H])c([H])c([H])c23)c1[H],0,0.0,0.0,0.0,0.0,0.0,0.0,0.0,0.0,0.0,0.0,-918257.7478009114,8.701276283711195,-918249.4669151802,-918254.4632030407
S2-16.9,intermediate,[H]C1=C([H])c2c(-c3nc(N([H])c4c([H])c(N([H])C(=O)[C-:91]([H])[C:92]([H])(C([H])([H])N(C([H])([H])[H])C([H])([H])[H])[S:93]C([H])([H])[H])c([H])c([H])c4OC([H])([H])[H])nc([H])c3[H])c([H])nn2C([H])=C1[H],-1,0.0,0.0,0.0,0.0,0.0,0.0,0.0,0.0,0.0,0.0,-1193178.7531707927,4.456246320158243,-1193166.9179302233,-1193173.8351423622
S2-16.9,product,[H]c1nc(N([H])c2c([H])c(N([H])C(=O)[C:91]([H])([H])[C:92]([H])(C([H])([H])N(C([H])([H])[H])C([H])([H])[H])[S:93]C([H])([H])[H])c([H])c([H])c2OC([H])([H])[H])nc(-c2c([H])nn3c([H])c([H])c([H])c([H])c23)c1[H],0,0.0,0.0,0.0,0.0,0.0,0.0,0.0,0.0,0.0,0.0,-1193544.7463707472,4.296855233609676,-1193536.409635691,-1193541.9606726193
S2-16.10,reactant,[H]c1nc(N([H])c2c([H])c(N([H])C(=O)/[C:91]([H])=[C:92](\[H])C([H])([H])N(C([H])([H])[H])C([H])([H])[H])c([H])c([H])c2OC([H])([H])[H])nc(-c2c([H])nn3c([H])c([H])c([H])c([H])c23)c1[H],0,0.0,0.0,0.0,0.0,0.0,0.0,0.0,0.0,0.0,0.0,-918255.701922153,2.782204097136855,-918246.6922516648,-918253.1358441552
S2-16.10,intermediate,[H]C1=C([H])c2c(-c3nc(N([H])c4c([H])c(N([H])C(=O)[C-:91]([H])[C:92]([H])(C([H])([H])N(C([H])([H])[H])C([H])([H])[H])[S:93]C([H])([H])[H])c([H])c([H])c4OC([H])([H])[H])nc([H])c3[H])c([H])nn2C([H])=C1[H],-1,0.0,0.0,0.0,0.0,0.0,0.0,0.0,0.0,0.0,0.0,-1193190.6216581496,15.224155679345131,-1193176.2241662343,-1193183.3100369568
S2-16.10,product,[H]c1nc(N([H])c2c([H])c(N([H])C(=O)[C:91]([H])([H])[C:92]([H])(C([H])([H])N(C([H])([H])[H])C([H])([H])[H])[S:93]C([H])([H])[H])c([H])c([H])c2OC([H])([H])[H])nc(-c2c([H])nn3c([H])c([H])c([H])c([H])c23)c1[H],0,0.0,0.0,0.0,0.0,0.0,0.0,0.0,0.0,0.0,0.0,-1193544.4348614886,3.493019927293062,-1193535.0886160722,-1193541.4962347357
S2-43.1,reactant,[H]c1nc(N([H])c2c([H])c([H])c([H])c(N([H])C(=O)[C:91]([H])=[C:92]([H])[H])c2[H])nc(N([H])c2c([H])c([H])c([H])c([H])c2C(=O)N([H])C([H])([H])[H])c1Cl,0,0.0,0.0,0.0,0.0,0.0,0.0,0.0,0.0,0.0,0.0,-1098722.938834308,6.087675470858812,-1098713.9692666922,-1098720.0902658287
S2-43.1,intermediate,[H]c1nc(N([H])c2c([H])c([H])c([H])c(N([H])C(=O)[C-:91]([H])[C:92]([H])([H])[S:93]C([H])([H])[H])c2[H])nc(N([H])c2c([H])c([H])c([H])c([H])c2C(=O)N([H])C([H])([H])[H])c1Cl,-1,0.0,0.0,0.0,0.0,0.0,0.0,0.0,0.0,0.0,0.0,-1373652.4566243533,5.074748884886503,-1373640.4490744865,-1373645.6399717883
S2-43.1,product,[H]c1nc(N([H])c2c([H])c([H])c([H])c(N([H])C(=O)[C:91]([H])([H])[C:92]([H])([H])[S:93]C([H])([H])[H])c2[H])nc(N([H])c2c([H])c([H])c([H])c([H])c2C(=O)N([H])C([H])([H])[H])c1Cl,0,0.0,0.0,0.0,0.0,0.0,0.0,0.0,0.0,0.0,0.0,-1374016.858470425,6.372138002887368,-1374009.327317071,-1374013.6936918432
S2-43.2,reactant,[H]c1nc(N([H])c2c([H])c([H])c([H])c(N([H])C(=O)[C:91]([H])=[C:92]([H])[H])c2[H])nc(N([H])c2c([H])c([H])c([H])c([H])c2C(=O)N([H])C([H])([H])[H])c1Cl,0,0.0,0.0,0.0,0.0,0.0,0.0,0.0,0.0,0.0,0.0,-1098727.2978966562,2.9701473247259855,-1098719.2507885676,-1098725.1511449344
S2-43.2,intermediate,[H]c1nc(N([H])c2c([H])c([H])c([H])c(N([H])C(=O)[C-:91]([H])[C:92]([H])([H])[S:93]C([H])([H])[H])c2[H])nc(N([H])c2c([H])c([H])c([H])c([H])c2C(=O)N([H])C([H])([H])[H])c1Cl,-1,0.0,0.0,0.0,0.0,0.0,0.0,0.0,0.0,0.0,0.0,-1373660.4108041797,7.177196130156517,-1373652.0728595497,-1373656.3470208077
S2-43.2,product,[H]c1nc(N([H])c2c([H])c([H])c([H])c(N([H])C(=O)[C:91]([H])([H])[C:92]([H])([H])[S:93]C([H])([H])[H])c2[H])nc(N([H])c2c([H])c([H])c([H])c([H])c2C(=O)N([H])C([H])([H])[H])c1Cl,0,0.0,0.0,0.0,0.0,0.0,0.0,0.0,0.0,0.0,0.0,-1374017.0183980842,5.815489582717419,-1374004.8264541775,-1374011.7809541805
S2-43.3,reactant,[H]c1nc(N([H])c2c([H])c([H])c([H])c(N([H])C(=O)[C:91]([H])=[C:92]([H])[H])c2[H])nc(N([H])c2c([H])c([H])c([H])c([H])c2C(=O)N([H])C([H])([H])[H])c1Cl,0,0.0,0.0,0.0,0.0,0.0,0.0,0.0,0.0,0.0,0.0,-1098719.5816565063,5.1465134378522635,-1098710.174492551,-1098715.5104672434
S2-43.3,intermediate,[H]c1nc(N([H])c2c([H])c([H])c([H])c(N([H])C(=O)[C-:91]([H])[C:92]([H])([H])[S:93]C([H])([H])[H])c2[H])nc(N([H])c2c([H])c([H])c([H])c([H])c2C(=O)N([H])C([H])([H])[H])c1Cl,-1,0.0,0.0,0.0,0.0,0.0,0.0,0.0,0.0,0.0,0.0,-1373659.1204747492,6.75426684319973,-1373649.4484526005,-1373654.1525129096
S2-43.3,product,[H]c1nc(N([H])c2c([H])c([H])c([H])c(N([H])C(=O)[C:91]([H])([H])[C:92]([H])([H])[S:93]C([H])([H])[H])c2[H])nc(N([H])c2c([H])c([H])c([H])c([H])c2C(=O)N([H])C([H])([H])[H])c1Cl,0,0.0,0.0,0.0,0.0,0.0,0.0,0.0,0.0,0.0,0.0,-1374016.7704739252,5.84740786999464,-1374009.2849874832,-1374013.5822406062
S2-43.4,reactant,[H]c1nc(N([H])c2c([H])c([H])c([H])c(N([H])C(=O)[C:91]([H])=[C:92]([H])[H])c2[H])nc(N([H])c2c([H])c([H])c([H])c([H])c2C(=O)N([H])C([H])([H])[H])c1Cl,0,0.0,0.0,0.0,0.0,0.0,0.0,0.0,0.0,0.0,0.0,-1098725.826136642,2.9030657429248095,-1098718.2834978339,-1098723.5032104843
S2-43.4,intermediate,[H]c1nc(N([H])c2c([H])c([H])c([H])c(N([H])C(=O)[C-:91]([H])[C:92]([H])([H])[S:93]C([H])([H])[H])c2[H])nc(N([H])c2c([H])c([H])c([H])c([H])c2C(=O)N([H])C([H])([H])[H])c1Cl,-1,0.0,0.0,0.0,0.0,0.0,0.0,0.0,0.0,0.0,0.0,-1373654.6018036294,5.780387829989195,-1373644.4926249865,-1373649.279508118
S2-43.4,product,[H]c1nc(N([H])c2c([H])c([H])c([H])c(N([H])C(=O)[C:91]([H])([H])[C:92]([H])([H])[S:93]C([H])([H])[H])c2[H])nc(N([H])c2c([H])c([H])c([H])c([H])c2C(=O)N([H])C([H])([H])[H])c1Cl,0,0.0,0.0,0.0,0.0,0.0,0.0,0.0,0.0,0.0,0.0,-1374022.6281598243,7.283095119521022,-1374014.2312264754,-1374019.633793708
S2-43.5,reactant,[H]c1nc(N([H])c2c([H])c([H])c([H])c(N([H])C(=O)[C:91]([H])=[C:92]([H])[H])c2[H])nc(N([H])c2c([H])c([H])c([H])c([H])c2C(=O)N([H])C([H])([H])[H])c1Cl,0,0.0,0.0,0.0,0.0,0.0,0.0,0.0,0.0,0.0,0.0,-1098722.4806037378,2.4724967908114195,-1098715.8745654754,-1098720.088803344
S2-43.5,intermediate,[H]c1nc(N([H])c2c([H])c([H])c([H])c(N([H])C(=O)[C-:91]([H])[C:92]([H])([H])[S:93]C([H])([H])[H])c2[H])nc(N([H])c2c([H])c([H])c([H])c([H])c2C(=O)N([H])C([H])([H])[H])c1Cl,-1,0.0,0.0,0.0,0.0,0.0,0.0,0.0,0.0,0.0,0.0,-1373665.3040583378,11.375900177285075,-1373655.939207476,-1373660.0771927075
S2-43.5,product,[H]c1nc(N([H])c2c([H])c([H])c([H])c(N([H])C(=O)[C:91]([H])([H])[C:92]([H])([H])[S:93]C([H])([H])[H])c2[H])nc(N([H])c2c([H])c([H])c([H])c([H])c2C(=O)N([H])C([H])([H])[H])c1Cl,0,0.0,0.0,0.0,0.0,0.0,0.0,0.0,0.0,0.0,0.0,-1374021.3736447766,4.771941713988781,-1374011.723994247,-1374018.4183149082
S2-43.6,reactant,[H]c1nc(N([H])c2c([H])c([H])c([H])c(N([H])C(=O)[C:91]([H])=[C:92]([H])[H])c2[H])nc(N([H])c2c([H])c([H])c([H])c([H])c2C(=O)N([H])C([H])([H])[H])c1Cl,0,0.0,0.0,0.0,0.0,0.0,0.0,0.0,0.0,0.0,0.0,-1098727.6657665595,6.869734905660152,-1098719.1969405378,-1098724.0965174683
S2-43.6,intermediate,[H]c1nc(N([H])c2c([H])c([H])c([H])c(N([H])C(=O)[C-:91]([H])[C:92]([H])([H])[S:93]C([H])([H])[H])c2[H])nc(N([H])c2c([H])c([H])c([H])c([H])c2C(=O)N([H])C([H])([H])[H])c1Cl,-1,0.0,0.0,0.0,0.0,0.0,0.0,0.0,0.0,0.0,0.0,-1373658.329182513,6.7950491309165955,-1373647.9563442545,-1373653.3060421124
S2-43.6,product,[H]c1nc(N([H])c2c([H])c([H])c([H])c(N([H])C(=O)[C:91]([H])([H])[C:92]([H])([H])[S:93]C([H])([H])[H])c2[H])nc(N([H])c2c([H])c([H])c([H])c([H])c2C(=O)N([H])C([H])([H])[H])c1Cl,0,0.0,0.0,0.0,0.0,0.0,0.0,0.0,0.0,0.0,0.0,-1374023.3378278157,3.1173234414309263,-1374014.3089525932,-1374020.734286016
S2-43.7,reactant,[H]c1nc(N([H])c2c([H])c([H])c([H])c(N([H])C(=O)[C:91]([H])=[C:92]([H])[H])c2[H])nc(N([H])c2c([H])c([H])c([H])c([H])c2C(=O)N([H])C([H])([H])[H])c1Cl,0,0.0,0.0,0.0,0.0,0.0,0.0,0.0,0.0,0.0,0.0,-1098727.6489040002,5.825016111135483,-1098718.7242500617,-1098724.990760936
S2-43.7,intermediate,[H]c1nc(N([H])c2c([H])c([H])c([H])c(N([H])C(=O)[C-:91]([H])[C:92]([H])([H])[S:93]C([H])([H])[H])c2[H])nc(N([H])c2c([H])c([H])c([H])c([H])c2C(=O)N([H])C([H])([H])[H])c1Cl,-1,0.0,0.0,0.0,0.0,0.0,0.0,0.0,0.0,0.0,0.0,-1373663.0616073296,7.555881971493363,-1373653.2746701646,-1373658.391926409
S2-43.7,product,[H]c1nc(N([H])c2c([H])c([H])c([H])c(N([H])C(=O)[C:91]([H])([H])[C:92]([H])([H])[S:93]C([H])([H])[H])c2[H])nc(N([H])c2c([H])c([H])c([H])c([H])c2C(=O)N([H])C([H])([H])[H])c1Cl,0,0.0,0.0,0.0,0.0,0.0,0.0,0.0,0.0,0.0,0.0,-1374024.0107467535,7.775153094902635,-1374013.5459423936,-1374020.1581109965
S2-43.8,reactant,[H]c1nc(N([H])c2c([H])c([H])c([H])c(N([H])C(=O)[C:91]([H])=[C:92]([H])[H])c2[H])nc(N([H])c2c([H])c([H])c([H])c([H])c2C(=O)N([H])C([H])([H])[H])c1Cl,0,0.0,0.0,0.0,0.0,0.0,0.0,0.0,0.0,0.0,0.0,-1098719.5004556125,4.48167029581964,-1098711.739802109,-1098715.4584280762
S2-43.8,intermediate,[H]c1nc(N([H])c2c([H])c([H])c([H])c(N([H])C(=O)[C-:91]([H])[C:92]([H])([H])[S:93]C([H])([H])[H])c2[H])nc(N([H])c2c([H])c([H])c([H])c([H])c2C(=O)N([H])C([H])([H])[H])c1Cl,-1,0.0,0.0,0.0,0.0,0.0,0.0,0.0,0.0,0.0,0.0,-1373661.127597661,5.70163850300014,-1373650.9870910544,-1373656.308446397
S2-43.8,product,[H]c1nc(N([H])c2c([H])c([H])c([H])c(N([H])C(=O)[C:91]([H])([H])[C:92]([H])([H])[S:93]C([H])([H])[H])c2[H])nc(N([H])c2c([H])c([H])c([H])c([H])c2C(=O)N([H])C([H])([H])[H])c1Cl,0,0.0,0.0,0.0,0.0,0.0,0.0,0.0,0.0,0.0,0.0,-1374021.499594406,8.116728994995356,-1374011.8595434942,-1374018.1514334278
S2-43.9,reactant,[H]c1nc(N([H])c2c([H])c([H])c([H])c(N([H])C(=O)[C:91]([H])=[C:92]([H])[H])c2[H])nc(N([H])c2c([H])c([H])c([H])c([H])c2C(=O)N([H])C([H])([H])[H])c1Cl,0,0.0,0.0,0.0,0.0,0.0,0.0,0.0,0.0,0.0,0.0,-1098726.237914077,6.958054205402732,-1098718.151390374,-1098723.5898269701
S2-43.9,intermediate,[H]c1nc(N([H])c2c([H])c([H])c([H])c(N([H])C(=O)[C-:91]([H])[C:92]([H])([H])[S:93]C([H])([H])[H])c2[H])nc(N([H])c2c([H])c([H])c([H])c([H])c2C(=O)N([H])C([H])([H])[H])c1Cl,-1,0.0,0.0,0.0,0.0,0.0,0.0,0.0,0.0,0.0,0.0,-1373660.3277284463,4.088789450004697,-1373650.7161794938,-1373656.3771721858
S2-43.9,product,[H]c1nc(N([H])c2c([H])c([H])c([H])c(N([H])C(=O)[C:91]([H])([H])[C:92]([H])([H])[S:93]C([H])([H])[H])c2[H])nc(N([H])c2c([H])c([H])c([H])c([H])c2C(=O)N([H])C([H])([H])[H])c1Cl,0,0.0,0.0,0.0,0.0,0.0,0.0,0.0,0.0,0.0,0.0,-1374022.7119393097,6.569443294778466,-1374012.500045852,-1374019.4488938462
S2-43.10,reactant,[H]c1nc(N([H])c2c([H])c([H])c([H])c(N([H])C(=O)[C:91]([H])=[C:92]([H])[H])c2[H])nc(N([H])c2c([H])c([H])c([H])c([H])c2C(=O)N([H])C([H])([H])[H])c1Cl,0,0.0,0.0,0.0,0.0,0.0,0.0,0.0,0.0,0.0,0.0,-1098726.1800249708,6.261593110859394,-1098718.9899549566,-1098723.463371519
S2-43.10,intermediate,[H]c1nc(N([H])c2c([H])c([H])c([H])c(N([H])C(=O)[C-:91]([H])[C:92]([H])([H])[S:93]C([H])([H])[H])c2[H])nc(N([H])c2c([H])c([H])c([H])c([H])c2C(=O)N([H])C([H])([H])[H])c1Cl,-1,0.0,0.0,0.0,0.0,0.0,0.0,0.0,0.0,0.0,0.0,-1373656.398471682,5.282968459650874,-1373647.1936254525,-1373651.5093520675
S2-43.10,product,[H]c1nc(N([H])c2c([H])c([H])c([H])c(N([H])C(=O)[C:91]([H])([H])[C:92]([H])([H])[S:93]C([H])([H])[H])c2[H])nc(N([H])c2c([H])c([H])c([H])c([H])c2C(=O)N([H])C([H])([H])[H])c1Cl,0,0.0,0.0,0.0,0.0,0.0,0.0,0.0,0.0,0.0,0.0,-1374021.2922184623,9.313501197844744,-1374011.9239807937,-1374018.1402448693
S2-36.1,reactant,[H]c1nc(N([H])c2c([H])c([H])c([H])c(N([H])C(=O)/[C:91]([H])=[C:92](\[H])C([H])([H])N(C([H])([H])[H])C([H])([H])[H])c2[H])nc(-c2c([H])n([H])c3c([H])c([H])c([H])c([H])c23)c1Cl,0,0.0,0.0,0.0,0.0,0.0,0.0,0.0,0.0,0.0,0.0,-1124727.6372887178,2.7621191199868917,-1124720.1033066101,-1124725.6945178853
S2-36.1,intermediate,[H]c1nc(N([H])c2c([H])c([H])c([H])c(N([H])C(=O)[C-:91]([H])[C:92]([H])(C([H])([H])N(C([H])([H])[H])C([H])([H])[H])[S:93]C([H])([H])[H])c2[H])nc(-c2c([H])n([H])c3c([H])c([H])c([H])c([H])c23)c1Cl,-1,0.0,0.0,0.0,0.0,0.0,0.0,0.0,0.0,0.0,0.0,-1399667.3393774421,3.824406933039427,-1399655.1193494292,-1399662.4929887736
S2-36.1,product,[H]c1nc(N([H])c2c([H])c([H])c([H])c(N([H])C(=O)[C:91]([H])([H])[C:92]([H])(C([H])([H])N(C([H])([H])[H])C([H])([H])[H])[S:93]C([H])([H])[H])c2[H])nc(-c2c([H])n([H])c3c([H])c([H])c([H])c([H])c23)c1Cl,0,0.0,0.0,0.0,0.0,0.0,0.0,0.0,0.0,0.0,0.0,-1400020.5177854125,4.8822014685720205,-1400011.6939219667,-1400017.3279906437
S2-36.2,reactant,[H]c1nc(N([H])c2c([H])c([H])c([H])c(N([H])C(=O)/[C:91]([H])=[C:92](\[H])C([H])([H])N(C([H])([H])[H])C([H])([H])[H])c2[H])nc(-c2c([H])n([H])c3c([H])c([H])c([H])c([H])c23)c1Cl,0,0.0,0.0,0.0,0.0,0.0,0.0,0.0,0.0,0.0,0.0,-1124730.415690916,3.781077964231372,-1124723.3121494188,-1124728.4767439864
S2-36.2,intermediate,[H]c1nc(N([H])c2c([H])c([H])c([H])c(N([H])C(=O)[C-:91]([H])[C:92]([H])(C([H])([H])N(C([H])([H])[H])C([H])([H])[H])[S:93]C([H])([H])[H])c2[H])nc(-c2c([H])n([H])c3c([H])c([H])c([H])c([H])c23)c1Cl,-1,0.0,0.0,0.0,0.0,0.0,0.0,0.0,0.0,0.0,0.0,-1399658.636559353,3.9030583780258894,-1399646.5982643175,-1399654.468015887
S2-36.2,product,[H]c1nc(N([H])c2c([H])c([H])c([H])c(N([H])C(=O)[C:91]([H])([H])[C:92]([H])(C([H])([H])N(C([H])([H])[H])C([H])([H])[H])[S:93]C([H])([H])[H])c2[H])nc(-c2c([H])n([H])c3c([H])c([H])c([H])c([H])c23)c1Cl,0,0.0,0.0,0.0,0.0,0.0,0.0,0.0,0.0,0.0,0.0,-1400019.3216707911,3.380799191072583,-1400009.7078676326,-1400016.4205298326
S2-36.3,reactant,[H]c1nc(N([H])c2c([H])c([H])c([H])c(N([H])C(=O)/[C:91]([H])=[C:92](\[H])C([H])([H])N(C([H])([H])[H])C([H])([H])[H])c2[H])nc(-c2c([H])n([H])c3c([H])c([H])c([H])c([H])c23)c1Cl,0,0.0,0.0,0.0,0.0,0.0,0.0,0.0,0.0,0.0,0.0,-1124729.1669213444,2.614401090890169,-1124723.0788446094,-1124727.1644223034
S2-36.3,intermediate,[H]c1nc(N([H])c2c([H])c([H])c([H])c(N([H])C(=O)[C-:91]([H])[C:92]([H])(C([H])([H])N(C([H])([H])[H])C([H])([H])[H])[S:93]C([H])([H])[H])c2[H])nc(-c2c([H])n([H])c3c([H])c([H])c([H])c([H])c23)c1Cl,-1,0.0,0.0,0.0,0.0,0.0,0.0,0.0,0.0,0.0,0.0,-1399662.5985845735,4.489171242341399,-1399653.6013671982,-1399659.316625773
S2-36.3,product,[H]c1nc(N([H])c2c([H])c([H])c([H])c(N([H])C(=O)[C:91]([H])([H])[C:92]([H])(C([H])([H])N(C([H])([H])[H])C([H])([H])[H])[S:93]C([H])([H])[H])c2[H])nc(-c2c([H])n([H])c3c([H])c([H])c([H])c([H])c23)c1Cl,0,0.0,0.0,0.0,0.0,0.0,0.0,0.0,0.0,0.0,0.0,-1400020.2285213172,4.985734514892101,-1400011.9296239314,-1400016.791478651
S2-36.4,reactant,[H]c1nc(N([H])c2c([H])c([H])c([H])c(N([H])C(=O)/[C:91]([H])=[C:92](\[H])C([H])([H])N(C([H])([H])[H])C([H])([H])[H])c2[H])nc(-c2c([H])n([H])c3c([H])c([H])c([H])c([H])c23)c1Cl,0,0.0,0.0,0.0,0.0,0.0,0.0,0.0,0.0,0.0,0.0,-1124726.3268941059,2.238938743248582,-1124719.423740514,-1124724.2701264336
S2-36.4,intermediate,[H]c1nc(N([H])c2c([H])c([H])c([H])c(N([H])C(=O)[C-:91]([H])[C:92]([H])(C([H])([H])N(C([H])([H])[H])C([H])([H])[H])[S:93]C([H])([H])[H])c2[H])nc(-c2c([H])n([H])c3c([H])c([H])c([H])c([H])c23)c1Cl,-1,0.0,0.0,0.0,0.0,0.0,0.0,0.0,0.0,0.0,0.0,-1399656.661567122,3.993259722366929,-1399648.243785118,-1399652.7276919847
S2-36.4,product,[H]c1nc(N([H])c2c([H])c([H])c([H])c(N([H])C(=O)[C:91]([H])([H])[C:92]([H])(C([H])([H])N(C([H])([H])[H])C([H])([H])[H])[S:93]C([H])([H])[H])c2[H])nc(-c2c([H])n([H])c3c([H])c([H])c([H])c([H])c23)c1Cl,0,0.0,0.0,0.0,0.0,0.0,0.0,0.0,0.0,0.0,0.0,-1400023.2880834658,5.244295921176672,-1400011.491945121,-1400019.4634988266
S2-36.5,reactant,[H]c1nc(N([H])c2c([H])c([H])c([H])c(N([H])C(=O)/[C:91]([H])=[C:92](\[H])C([H])([H])N(C([H])([H])[H])C([H])([H])[H])c2[H])nc(-c2c([H])n([H])c3c([H])c([H])c([H])c([H])c23)c1Cl,0,0.0,0.0,0.0,0.0,0.0,0.0,0.0,0.0,0.0,0.0,-1124725.109917084,2.741674765944481,-1124718.559244317,-1124722.804991585
S2-36.5,intermediate,[H]c1nc(N([H])c2c([H])c([H])c([H])c(N([H])C(=O)[C-:91]([H])[C:92]([H])(C([H])([H])N(C([H])([H])[H])C([H])([H])[H])[S:93]C([H])([H])[H])c2[H])nc(-c2c([H])n([H])c3c([H])c([H])c([H])c([H])c23)c1Cl,-1,0.0,0.0,0.0,0.0,0.0,0.0,0.0,0.0,0.0,0.0,-1399660.7129138752,7.820525912567973,-1399649.7857004174,-1399655.5215547364
S2-36.5,product,[H]c1nc(N([H])c2c([H])c([H])c([H])c(N([H])C(=O)[C:91]([H])([H])[C:92]([H])(C([H])([H])N(C([H])([H])[H])C([H])([H])[H])[S:93]C([H])([H])[H])c2[H])nc(-c2c([H])n([H])c3c([H])c([H])c([H])c([H])c23)c1Cl,0,0.0,0.0,0.0,0.0,0.0,0.0,0.0,0.0,0.0,0.0,-1400020.518362709,3.8063058964908123,-1400011.2884123235,-1400016.8333573977
S2-36.6,reactant,[H]c1nc(N([H])c2c([H])c([H])c([H])c(N([H])C(=O)/[C:91]([H])=[C:92](\[H])C([H])([H])N(C([H])([H])[H])C([H])([H])[H])c2[H])nc(-c2c([H])n([H])c3c([H])c([H])c([H])c([H])c23)c1Cl,0,0.0,0.0,0.0,0.0,0.0,0.0,0.0,0.0,0.0,0.0,-1124728.7438288953,1.472621113061905,-1124721.036611067,-1124726.8828445005
S2-36.6,intermediate,[H]c1nc(N([H])c2c([H])c([H])c([H])c(N([H])C(=O)[C-:91]([H])[C:92]([H])(C([H])([H])N(C([H])([H])[H])C([H])([H])[H])[S:93]C([H])([H])[H])c2[H])nc(-c2c([H])n([H])c3c([H])c([H])c([H])c([H])c23)c1Cl,-1,0.0,0.0,0.0,0.0,0.0,0.0,0.0,0.0,0.0,0.0,-1399657.8568350417,3.772621236741543,-1399647.7057171736,-1399654.0711876855
S2-36.6,product,[H]c1nc(N([H])c2c([H])c([H])c([H])c(N([H])C(=O)[C:91]([H])([H])[C:92]([H])(C([H])([H])N(C([H])([H])[H])C([H])([H])[H])[S:93]C([H])([H])[H])c2[H])nc(-c2c([H])n([H])c3c([H])c([H])c([H])c([H])c23)c1Cl,0,0.0,0.0,0.0,0.0,0.0,0.0,0.0,0.0,0.0,0.0,-1400020.6656778117,23.50369810499251,-1400010.8090581947,-1400017.5746282558
S2-36.7,reactant,[H]c1nc(N([H])c2c([H])c([H])c([H])c(N([H])C(=O)/[C:91]([H])=[C:92](\[H])C([H])([H])N(C([H])([H])[H])C([H])([H])[H])c2[H])nc(-c2c([H])n([H])c3c([H])c([H])c([H])c([H])c23)c1Cl,0,0.0,0.0,0.0,0.0,0.0,0.0,0.0,0.0,0.0,0.0,-1124727.3721171347,22.534935789182782,-1124719.6154332329,-1124725.4524491637
S2-36.7,intermediate,[H]c1nc(N([H])c2c([H])c([H])c([H])c(N([H])C(=O)[C-:91]([H])[C:92]([H])(C([H])([H])N(C([H])([H])[H])C([H])([H])[H])[S:93]C([H])([H])[H])c2[H])nc(-c2c([H])n([H])c3c([H])c([H])c([H])c([H])c23)c1Cl,-1,0.0,0.0,0.0,0.0,0.0,0.0,0.0,0.0,0.0,0.0,-1399666.4615017085,60.549930742010474,-1399652.7217100922,-1399661.6495419112
S2-36.7,product,[H]c1nc(N([H])c2c([H])c([H])c([H])c(N([H])C(=O)[C:91]([H])([H])[C:92]([H])(C([H])([H])N(C([H])([H])[H])C([H])([H])[H])[S:93]C([H])([H])[H])c2[H])nc(-c2c([H])n([H])c3c([H])c([H])c([H])c([H])c23)c1Cl,0,0.0,0.0,0.0,0.0,0.0,0.0,0.0,0.0,0.0,0.0,-1400020.7061215637,79.60652741789818,-1400011.4421216731,-1400017.2609472624
S2-36.8,reactant,[H]c1nc(N([H])c2c([H])c([H])c([H])c(N([H])C(=O)/[C:91]([H])=[C:92](\[H])C([H])([H])N(C([H])([H])[H])C([H])([H])[H])c2[H])nc(-c2c([H])n([H])c3c([H])c([H])c([H])c([H])c23)c1Cl,0,0.0,0.0,0.0,0.0,0.0,0.0,0.0,0.0,0.0,0.0,-1124729.0889863,42.00747884809971,-1124721.9928506936,-1124727.1402858065
S2-36.8,intermediate,[H]c1nc(N([H])c2c([H])c([H])c([H])c(N([H])C(=O)[C-:91]([H])[C:92]([H])(C([H])([H])N(C([H])([H])[H])C([H])([H])[H])[S:93]C([H])([H])[H])c2[H])nc(-c2c([H])n([H])c3c([H])c([H])c([H])c([H])c23)c1Cl,-1,0.0,0.0,0.0,0.0,0.0,0.0,0.0,0.0,0.0,0.0,-1399666.62267193,90.06334825605154,-1399656.046047963,-1399661.7940969858
S2-36.8,product,[H]c1nc(N([H])c2c([H])c([H])c([H])c(N([H])C(=O)[C:91]([H])([H])[C:92]([H])(C([H])([H])N(C([H])([H])[H])C([H])([H])[H])[S:93]C([H])([H])[H])c2[H])nc(-c2c([H])n([H])c3c([H])c([H])c([H])c([H])c23)c1Cl,0,0.0,0.0,0.0,0.0,0.0,0.0,0.0,0.0,0.0,0.0,-1400025.0892709263,330.8277775030583,-1400011.801244158,-1400017.3225640554
S2-36.9,reactant,[H]c1nc(N([H])c2c([H])c([H])c([H])c(N([H])C(=O)/[C:91]([H])=[C:92](\[H])C([H])([H])N(C([H])([H])[H])C([H])([H])[H])c2[H])nc(-c2c([H])n([H])c3c([H])c([H])c([H])c([H])c23)c1Cl,0,0.0,0.0,0.0,0.0,0.0,0.0,0.0,0.0,0.0,0.0,-1124730.5463908718,170.2674318831414,-1124723.3820572908,-1124727.7785944373
S2-36.9,intermediate,[H]c1nc(N([H])c2c([H])c([H])c([H])c(N([H])C(=O)[C-:91]([H])[C:92]([H])(C([H])([H])N(C([H])([H])[H])C([H])([H])[H])[S:93]C([H])([H])[H])c2[H])nc(-c2c([H])n([H])c3c([H])c([H])c([H])c([H])c23)c1Cl,-1,0.0,0.0,0.0,0.0,0.0,0.0,0.0,0.0,0.0,0.0,-1399659.3926639855,70.33972158282995,-1399648.1299367254,-1399655.188108206
S2-36.9,product,[H]c1nc(N([H])c2c([H])c([H])c([H])c(N([H])C(=O)[C:91]([H])([H])[C:92]([H])(C([H])([H])N(C([H])([H])[H])C([H])([H])[H])[S:93]C([H])([H])[H])c2[H])nc(-c2c([H])n([H])c3c([H])c([H])c([H])c([H])c23)c1Cl,0,0.0,0.0,0.0,0.0,0.0,0.0,0.0,0.0,0.0,0.0,-1400025.1358835052,49.921859165653586,-1400016.7590400788,-1400022.3819916723
S2-36.10,reactant,[H]c1nc(N([H])c2c([H])c([H])c([H])c(N([H])C(=O)/[C:91]([H])=[C:92](\[H])C([H])([H])N(C([H])([H])[H])C([H])([H])[H])c2[H])nc(-c2c([H])n([H])c3c([H])c([H])c([H])c([H])c23)c1Cl,0,0.0,0.0,0.0,0.0,0.0,0.0,0.0,0.0,0.0,0.0,-1124726.6303184626,84.79974647425115,-1124717.7246713282,-1124724.0491345366
S2-36.10,intermediate,[H]c1nc(N([H])c2c([H])c([H])c([H])c(N([H])C(=O)[C-:91]([H])[C:92]([H])(C([H])([H])N(C([H])([H])[H])C([H])([H])[H])[S:93]C([H])([H])[H])c2[H])nc(-c2c([H])n([H])c3c([H])c([H])c([H])c([H])c23)c1Cl,-1,0.0,0.0,0.0,0.0,0.0,0.0,0.0,0.0,0.0,0.0,-1399656.8402651686,130.9697675500065,-1399647.424447262,-1399651.3912997816
S2-36.10,product,[H]c1nc(N([H])c2c([H])c([H])c([H])c(N([H])C(=O)[C:91]([H])([H])[C:92]([H])(C([H])([H])N(C([H])([H])[H])C([H])([H])[H])[S:93]C([H])([H])[H])c2[H])nc(-c2c([H])n([H])c3c([H])c([H])c([H])c([H])c23)c1Cl,0,0.0,0.0,0.0,0.0,0.0,0.0,0.0,0.0,0.0,0.0,-1400021.7195300506,59.616716869175434,-1400012.0819697615,-1400018.1103375312
S2-15.1,reactant,[H]c1nc(N([H])c2c([H])c(N([H])C(=O)/[C:91]([H])=[C:92](\[H])C([H])([H])N(C([H])([H])[H])C([H])([H])[H])c([H])c([H])c2OC([H])([H])[H])nc(-c2c([H])nn3c([H])c([H])c([H])c([H])c23)c1Cl,0,0.0,0.0,0.0,0.0,0.0,0.0,0.0,0.0,0.0,0.0,-1206656.0575565528,69.5967293009162,-1206646.2889884163,-1206653.5040526253
S2-15.1,intermediate,[H]C1=C([H])c2c(-c3nc(N([H])c4c([H])c(N([H])C(=O)[C-:91]([H])[C:92]([H])(C([H])([H])N(C([H])([H])[H])C([H])([H])[H])[S:93]C([H])([H])[H])c([H])c([H])c4OC([H])([H])[H])nc([H])c3Cl)c([H])nn2C([H])=C1[H],-1,0.0,0.0,0.0,0.0,0.0,0.0,0.0,0.0,0.0,0.0,-1481583.767061138,68.899095678702,-1481573.7433278935,-1481579.1583922235
S2-15.1,product,[H]c1nc(N([H])c2c([H])c(N([H])C(=O)[C:91]([H])([H])[C:92]([H])(C([H])([H])N(C([H])([H])[H])C([H])([H])[H])[S:93]C([H])([H])[H])c([H])c([H])c2OC([H])([H])[H])nc(-c2c([H])nn3c([H])c([H])c([H])c([H])c23)c1Cl,0,0.0,0.0,0.0,0.0,0.0,0.0,0.0,0.0,0.0,0.0,-1481954.1946853916,93.3848892338574,-1481942.6917532533,-1481950.5958017404
S2-15.2,reactant,[H]c1nc(N([H])c2c([H])c(N([H])C(=O)/[C:91]([H])=[C:92](\[H])C([H])([H])N(C([H])([H])[H])C([H])([H])[H])c([H])c([H])c2OC([H])([H])[H])nc(-c2c([H])nn3c([H])c([H])c([H])c([H])c23)c1Cl,0,0.0,0.0,0.0,0.0,0.0,0.0,0.0,0.0,0.0,0.0,-1206655.5781529415,66.69333023764193,-1206645.8387795202,-1206653.1203098139
S2-15.2,intermediate,[H]C1=C([H])c2c(-c3nc(N([H])c4c([H])c(N([H])C(=O)[C-:91]([H])[C:92]([H])(C([H])([H])N(C([H])([H])[H])C([H])([H])[H])[S:93]C([H])([H])[H])c([H])c([H])c4OC([H])([H])[H])nc([H])c3Cl)c([H])nn2C([H])=C1[H],-1,0.0,0.0,0.0,0.0,0.0,0.0,0.0,0.0,0.0,0.0,-1481596.7579066001,100.76226249337196,-1481584.6162754688,-1481591.419160884
S2-15.2,product,[H]c1nc(N([H])c2c([H])c(N([H])C(=O)[C:91]([H])([H])[C:92]([H])(C([H])([H])N(C([H])([H])[H])C([H])([H])[H])[S:93]C([H])([H])[H])c([H])c([H])c2OC([H])([H])[H])nc(-c2c([H])nn3c([H])c([H])c([H])c([H])c23)c1Cl,0,0.0,0.0,0.0,0.0,0.0,0.0,0.0,0.0,0.0,0.0,-1481947.4402159199,61.81586487963796,-1481939.145667502,-1481944.5716070007
S2-15.3,reactant,[H]c1nc(N([H])c2c([H])c(N([H])C(=O)/[C:91]([H])=[C:92](\[H])C([H])([H])N(C([H])([H])[H])C([H])([H])[H])c([H])c([H])c2OC([H])([H])[H])nc(-c2c([H])nn3c([H])c([H])c([H])c([H])c23)c1Cl,0,0.0,0.0,0.0,0.0,0.0,0.0,0.0,0.0,0.0,0.0,-1206650.894457458,30.020826740190387,-1206642.193525205,-1206648.5112890233
S2-15.3,intermediate,[H]C1=C([H])c2c(-c3nc(N([H])c4c([H])c(N([H])C(=O)[C-:91]([H])[C:92]([H])(C([H])([H])N(C([H])([H])[H])C([H])([H])[H])[S:93]C([H])([H])[H])c([H])c([H])c4OC([H])([H])[H])nc([H])c3Cl)c([H])nn2C([H])=C1[H],-1,0.0,0.0,0.0,0.0,0.0,0.0,0.0,0.0,0.0,0.0,-1481596.4921137362,184.20764539390802,-1481583.353199937,-1481589.0838530883
S2-15.3,product,[H]c1nc(N([H])c2c([H])c(N([H])C(=O)[C:91]([H])([H])[C:92]([H])(C([H])([H])N(C([H])([H])[H])C([H])([H])[H])[S:93]C([H])([H])[H])c([H])c([H])c2OC([H])([H])[H])nc(-c2c([H])nn3c([H])c([H])c([H])c([H])c23)c1Cl,0,0.0,0.0,0.0,0.0,0.0,0.0,0.0,0.0,0.0,0.0,-1481946.5749252527,122.23288779705763,-1481936.9550577307,-1481942.2353150516
S2-15.4,reactant,[H]c1nc(N([H])c2c([H])c(N([H])C(=O)/[C:91]([H])=[C:92](\[H])C([H])([H])N(C([H])([H])[H])C([H])([H])[H])c([H])c([H])c2OC([H])([H])[H])nc(-c2c([H])nn3c([H])c([H])c([H])c([H])c23)c1Cl,0,0.0,0.0,0.0,0.0,0.0,0.0,0.0,0.0,0.0,0.0,-1206649.321384635,50.78650287352502,-1206639.4595748468,-1206646.774709302
S2-15.4,intermediate,[H]C1=C([H])c2c(-c3nc(N([H])c4c([H])c(N([H])C(=O)[C-:91]([H])[C:92]([H])(C([H])([H])N(C([H])([H])[H])C([H])([H])[H])[S:93]C([H])([H])[H])c([H])c([H])c4OC([H])([H])[H])nc([H])c3Cl)c([H])nn2C([H])=C1[H],-1,0.0,0.0,0.0,0.0,0.0,0.0,0.0,0.0,0.0,0.0,-1481583.9791489218,75.88711659424007,-1481572.9013325197,-1481579.559475926
S2-15.4,product,[H]c1nc(N([H])c2c([H])c(N([H])C(=O)[C:91]([H])([H])[C:92]([H])(C([H])([H])N(C([H])([H])[H])C([H])([H])[H])[S:93]C([H])([H])[H])c([H])c([H])c2OC([H])([H])[H])nc(-c2c([H])nn3c([H])c([H])c([H])c([H])c23)c1Cl,0,0.0,0.0,0.0,0.0,0.0,0.0,0.0,0.0,0.0,0.0,-1481949.315181889,77.01849029958248,-1481939.787401426,-1481946.0315571756
S2-15.5,reactant,[H]c1nc(N([H])c2c([H])c(N([H])C(=O)/[C:91]([H])=[C:92](\[H])C([H])([H])N(C([H])([H])[H])C([H])([H])[H])c([H])c([H])c2OC([H])([H])[H])nc(-c2c([H])nn3c([H])c([H])c([H])c([H])c23)c1Cl,0,0.0,0.0,0.0,0.0,0.0,0.0,0.0,0.0,0.0,0.0,-1206652.3208859426,38.67666594311595,-1206643.6060160992,-1206650.0259174358
S2-15.5,intermediate,[H]C1=C([H])c2c(-c3nc(N([H])c4c([H])c(N([H])C(=O)[C-:91]([H])[C:92]([H])(C([H])([H])N(C([H])([H])[H])C([H])([H])[H])[S:93]C([H])([H])[H])c([H])c([H])c4OC([H])([H])[H])nc([H])c3Cl)c([H])nn2C([H])=C1[H],-1,0.0,0.0,0.0,0.0,0.0,0.0,0.0,0.0,0.0,0.0,-1481581.4120152958,95.9680214356631,-1481571.0565454187,-1481576.8257839768
S2-15.5,product,[H]c1nc(N([H])c2c([H])c(N([H])C(=O)[C:91]([H])([H])[C:92]([H])(C([H])([H])N(C([H])([H])[H])C([H])([H])[H])[S:93]C([H])([H])[H])c([H])c([H])c2OC([H])([H])[H])nc(-c2c([H])nn3c([H])c([H])c([H])c([H])c23)c1Cl,0,0.0,0.0,0.0,0.0,0.0,0.0,0.0,0.0,0.0,0.0,-1481946.6018327735,153.30780161730945,-1481936.1138815682,-1481943.2973649027
S2-15.6,reactant,[H]c1nc(N([H])c2c([H])c(N([H])C(=O)/[C:91]([H])=[C:92](\[H])C([H])([H])N(C([H])([H])[H])C([H])([H])[H])c([H])c([H])c2OC([H])([H])[H])nc(-c2c([H])nn3c([H])c([H])c([H])c([H])c23)c1Cl,0,0.0,0.0,0.0,0.0,0.0,0.0,0.0,0.0,0.0,0.0,-1206656.0364769788,72.36798646487296,-1206648.2216620557,-1206653.4839352125
S2-15.6,intermediate,[H]C1=C([H])c2c(-c3nc(N([H])c4c([H])c(N([H])C(=O)[C-:91]([H])[C:92]([H])(C([H])([H])N(C([H])([H])[H])C([H])([H])[H])[S:93]C([H])([H])[H])c([H])c([H])c4OC([H])([H])[H])nc([H])c3Cl)c([H])nn2C([H])=C1[H],-1,0.0,0.0,0.0,0.0,0.0,0.0,0.0,0.0,0.0,0.0,-1481590.0844180998,91.74327354319394,-1481579.2888172762,-1481584.5992314732
S2-15.6,product,[H]c1nc(N([H])c2c([H])c(N([H])C(=O)[C:91]([H])([H])[C:92]([H])(C([H])([H])N(C([H])([H])[H])C([H])([H])[H])[S:93]C([H])([H])[H])c([H])c([H])c2OC([H])([H])[H])nc(-c2c([H])nn3c([H])c([H])c([H])c([H])c23)c1Cl,0,0.0,0.0,0.0,0.0,0.0,0.0,0.0,0.0,0.0,0.0,-1481950.348366909,113.59893095679581,-1481939.8844422393,-1481946.3367546578
S2-15.7,reactant,[H]c1nc(N([H])c2c([H])c(N([H])C(=O)/[C:91]([H])=[C:92](\[H])C([H])([H])N(C([H])([H])[H])C([H])([H])[H])c([H])c([H])c2OC([H])([H])[H])nc(-c2c([H])nn3c([H])c([H])c([H])c([H])c23)c1Cl,0,0.0,0.0,0.0,0.0,0.0,0.0,0.0,0.0,0.0,0.0,-1206649.4811748427,37.348194912075996,-1206641.683030047,-1206647.0629507576
S2-15.7,intermediate,[H]C1=C([H])c2c(-c3nc(N([H])c4c([H])c(N([H])C(=O)[C-:91]([H])[C:92]([H])(C([H])([H])N(C([H])([H])[H])C([H])([H])[H])[S:93]C([H])([H])[H])c([H])c([H])c4OC([H])([H])[H])nc([H])c3Cl)c([H])nn2C([H])=C1[H],-1,0.0,0.0,0.0,0.0,0.0,0.0,0.0,0.0,0.0,0.0,-1481583.7167318685,194.69106616452336,-1481572.8505414128,-1481578.1396341212
S2-15.7,product,[H]c1nc(N([H])c2c([H])c(N([H])C(=O)[C:91]([H])([H])[C:92]([H])(C([H])([H])N(C([H])([H])[H])C([H])([H])[H])[S:93]C([H])([H])[H])c([H])c([H])c2OC([H])([H])[H])nc(-c2c([H])nn3c([H])c([H])c([H])c([H])c23)c1Cl,0,0.0,0.0,0.0,0.0,0.0,0.0,0.0,0.0,0.0,0.0,-1481948.229759772,69.05199461616576,-1481939.0045377205,-1481944.9792993749
S2-15.8,reactant,[H]c1nc(N([H])c2c([H])c(N([H])C(=O)/[C:91]([H])=[C:92](\[H])C([H])([H])N(C([H])([H])[H])C([H])([H])[H])c([H])c([H])c2OC([H])([H])[H])nc(-c2c([H])nn3c([H])c([H])c([H])c([H])c23)c1Cl,0,0.0,0.0,0.0,0.0,0.0,0.0,0.0,0.0,0.0,0.0,-1206649.4674516772,46.094770073890686,-1206641.3126200384,-1206647.0626978467
S2-15.8,intermediate,[H]C1=C([H])c2c(-c3nc(N([H])c4c([H])c(N([H])C(=O)[C-:91]([H])[C:92]([H])(C([H])([H])N(C([H])([H])[H])C([H])([H])[H])[S:93]C([H])([H])[H])c([H])c([H])c4OC([H])([H])[H])nc([H])c3Cl)c([H])nn2C([H])=C1[H],-1,0.0,0.0,0.0,0.0,0.0,0.0,0.0,0.0,0.0,0.0,-1481593.7809528497,241.44137741439044,-1481578.1022747825,-1481585.3342455355
S2-15.8,product,[H]c1nc(N([H])c2c([H])c(N([H])C(=O)[C:91]([H])([H])[C:92]([H])(C([H])([H])N(C([H])([H])[H])C([H])([H])[H])[S:93]C([H])([H])[H])c([H])c([H])c2OC([H])([H])[H])nc(-c2c([H])nn3c([H])c([H])c([H])c([H])c23)c1Cl,0,0.0,0.0,0.0,0.0,0.0,0.0,0.0,0.0,0.0,0.0,-1481947.9642747995,109.29546516761184,-1481938.3759716577,-1481944.496701389
S2-15.9,reactant,[H]c1nc(N([H])c2c([H])c(N([H])C(=O)/[C:91]([H])=[C:92](\[H])C([H])([H])N(C([H])([H])[H])C([H])([H])[H])c([H])c([H])c2OC([H])([H])[H])nc(-c2c([H])nn3c([H])c([H])c([H])c([H])c23)c1Cl,0,0.0,0.0,0.0,0.0,0.0,0.0,0.0,0.0,0.0,0.0,-1206656.3583225962,44.73955268599093,-1206647.0256628937,-1206653.7100705474
S2-15.9,intermediate,[H]C1=C([H])c2c(-c3nc(N([H])c4c([H])c(N([H])C(=O)[C-:91]([H])[C:92]([H])(C([H])([H])N(C([H])([H])[H])C([H])([H])[H])[S:93]C([H])([H])[H])c([H])c([H])c4OC([H])([H])[H])nc([H])c3Cl)c([H])nn2C([H])=C1[H],-1,0.0,0.0,0.0,0.0,0.0,0.0,0.0,0.0,0.0,0.0,-1481584.0700758891,86.24183437041938,-1481572.8309683083,-1481578.855608391
S2-15.9,product,[H]c1nc(N([H])c2c([H])c(N([H])C(=O)[C:91]([H])([H])[C:92]([H])(C([H])([H])N(C([H])([H])[H])C([H])([H])[H])[S:93]C([H])([H])[H])c([H])c([H])c2OC([H])([H])[H])nc(-c2c([H])nn3c([H])c([H])c([H])c([H])c23)c1Cl,0,0.0,0.0,0.0,0.0,0.0,0.0,0.0,0.0,0.0,0.0,-1481951.4263721392,57.37573716789484,-1481942.8670754891,-1481948.0080228876
S2-15.10,reactant,[H]c1nc(N([H])c2c([H])c(N([H])C(=O)/[C:91]([H])=[C:92](\[H])C([H])([H])N(C([H])([H])[H])C([H])([H])[H])c([H])c([H])c2OC([H])([H])[H])nc(-c2c([H])nn3c([H])c([H])c([H])c([H])c23)c1Cl,0,0.0,0.0,0.0,0.0,0.0,0.0,0.0,0.0,0.0,0.0,-1206653.7833762225,46.48851015046239,-1206644.6839608506,-1206651.3876722038
S2-15.10,intermediate,[H]C1=C([H])c2c(-c3nc(N([H])c4c([H])c(N([H])C(=O)[C-:91]([H])[C:92]([H])(C([H])([H])N(C([H])([H])[H])C([H])([H])[H])[S:93]C([H])([H])[H])c([H])c([H])c4OC([H])([H])[H])nc([H])c3Cl)c([H])nn2C([H])=C1[H],-1,0.0,0.0,0.0,0.0,0.0,0.0,0.0,0.0,0.0,0.0,-1481584.2170281194,102.5046969205141,-1481574.3555262226,-1481579.9113079794
S2-15.10,product,[H]c1nc(N([H])c2c([H])c(N([H])C(=O)[C:91]([H])([H])[C:92]([H])(C([H])([H])N(C([H])([H])[H])C([H])([H])[H])[S:93]C([H])([H])[H])c([H])c([H])c2OC([H])([H])[H])nc(-c2c([H])nn3c([H])c([H])c([H])c([H])c23)c1Cl,0,0.0,0.0,0.0,0.0,0.0,0.0,0.0,0.0,0.0,0.0,-1481952.9367120622,143.68658216670156,-1481943.282135268,-1481949.0346047336
S2-44.1,reactant,[H]c1nc(N([H])c2c([H])c(N([H])C(=O)[C:91]([H])=[C:92]([H])[H])c([H])c([H])c2OC([H])([H])[H])nc(N([H])c2c([H])c([H])c([H])c([H])c2C(=O)N([H])C([H])([H])[H])c1Cl,0,0.0,0.0,0.0,0.0,0.0,0.0,0.0,0.0,0.0,0.0,-1170589.5740489329,96.39079301804304,-1170579.4199401184,-1170585.1755599743
S2-44.1,intermediate,[H]c1nc(N([H])c2c([H])c(N([H])C(=O)[C-:91]([H])[C:92]([H])([H])[S:93]C([H])([H])[H])c([H])c([H])c2OC([H])([H])[H])nc(N([H])c2c([H])c([H])c([H])c([H])c2C(=O)N([H])C([H])([H])[H])c1Cl,-1,0.0,0.0,0.0,0.0,0.0,0.0,0.0,0.0,0.0,0.0,-1445523.8657026966,114.32938739657402,-1445513.8267453155,-1445518.6268677828
S2-44.1,product,[H]c1nc(N([H])c2c([H])c(N([H])C(=O)[C:91]([H])([H])[C:92]([H])([H])[S:93]C([H])([H])[H])c([H])c([H])c2OC([H])([H])[H])nc(N([H])c2c([H])c([H])c([H])c([H])c2C(=O)N([H])C([H])([H])[H])c1Cl,0,0.0,0.0,0.0,0.0,0.0,0.0,0.0,0.0,0.0,0.0,-1445887.5004040252,185.53424968943,-1445876.5102157525,-1445882.0625997062
S2-44.2,reactant,[H]c1nc(N([H])c2c([H])c(N([H])C(=O)[C:91]([H])=[C:92]([H])[H])c([H])c([H])c2OC([H])([H])[H])nc(N([H])c2c([H])c([H])c([H])c([H])c2C(=O)N([H])C([H])([H])[H])c1Cl,0,0.0,0.0,0.0,0.0,0.0,0.0,0.0,0.0,0.0,0.0,-1170589.5029149926,50.78875743038952,-1170582.566228714,-1170586.9558877836
S2-44.2,intermediate,[H]c1nc(N([H])c2c([H])c(N([H])C(=O)[C-:91]([H])[C:92]([H])([H])[S:93]C([H])([H])[H])c([H])c([H])c2OC([H])([H])[H])nc(N([H])c2c([H])c([H])c([H])c([H])c2C(=O)N([H])C([H])([H])[H])c1Cl,-1,0.0,0.0,0.0,0.0,0.0,0.0,0.0,0.0,0.0,0.0,-1445525.1854577607,171.1854186374694,-1445515.8841095276,-1445520.5091791644
S2-44.2,product,[H]c1nc(N([H])c2c([H])c(N([H])C(=O)[C:91]([H])([H])[C:92]([H])([H])[S:93]C([H])([H])[H])c([H])c([H])c2OC([H])([H])[H])nc(N([H])c2c([H])c([H])c([H])c([H])c2C(=O)N([H])C([H])([H])[H])c1Cl,0,0.0,0.0,0.0,0.0,0.0,0.0,0.0,0.0,0.0,0.0,-1445892.467359719,123.35167565196753,-1445884.8970161711,-1445889.3018663889
S2-44.3,reactant,[H]c1nc(N([H])c2c([H])c(N([H])C(=O)[C:91]([H])=[C:92]([H])[H])c([H])c([H])c2OC([H])([H])[H])nc(N([H])c2c([H])c([H])c([H])c([H])c2C(=O)N([H])C([H])([H])[H])c1Cl,0,0.0,0.0,0.0,0.0,0.0,0.0,0.0,0.0,0.0,0.0,-1170597.3572060089,57.19264478608966,-1170590.4838134325,-1170594.9868700532
S2-44.3,intermediate,[H]c1nc(N([H])c2c([H])c(N([H])C(=O)[C-:91]([H])[C:92]([H])([H])[S:93]C([H])([H])[H])c([H])c([H])c2OC([H])([H])[H])nc(N([H])c2c([H])c([H])c([H])c([H])c2C(=O)N([H])C([H])([H])[H])c1Cl,-1,0.0,0.0,0.0,0.0,0.0,0.0,0.0,0.0,0.0,0.0,-1445522.427838241,134.13841953501105,-1445511.886759252,-1445516.8683232996
S2-44.3,product,[H]c1nc(N([H])c2c([H])c(N([H])C(=O)[C:91]([H])([H])[C:92]([H])([H])[S:93]C([H])([H])[H])c([H])c([H])c2OC([H])([H])[H])nc(N([H])c2c([H])c([H])c([H])c([H])c2C(=O)N([H])C([H])([H])[H])c1Cl,0,0.0,0.0,0.0,0.0,0.0,0.0,0.0,0.0,0.0,0.0,-1445892.434662738,162.06644681841135,-1445884.2090765252,-1445889.0566087905
S2-44.4,reactant,[H]c1nc(N([H])c2c([H])c(N([H])C(=O)[C:91]([H])=[C:92]([H])[H])c([H])c([H])c2OC([H])([H])[H])nc(N([H])c2c([H])c([H])c([H])c([H])c2C(=O)N([H])C([H])([H])[H])c1Cl,0,0.0,0.0,0.0,0.0,0.0,0.0,0.0,0.0,0.0,0.0,-1170595.4574767633,45.602131612598896,-1170587.2841001577,-1170593.171343644
S2-44.4,intermediate,[H]c1nc(N([H])c2c([H])c(N([H])C(=O)[C-:91]([H])[C:92]([H])([H])[S:93]C([H])([H])[H])c([H])c([H])c2OC([H])([H])[H])nc(N([H])c2c([H])c([H])c([H])c([H])c2C(=O)N([H])C([H])([H])[H])c1Cl,-1,0.0,0.0,0.0,0.0,0.0,0.0,0.0,0.0,0.0,0.0,-1445541.3435724273,169.13000465370715,-1445528.9376768935,-1445535.1055470179
S2-44.4,product,[H]c1nc(N([H])c2c([H])c(N([H])C(=O)[C:91]([H])([H])[C:92]([H])([H])[S:93]C([H])([H])[H])c([H])c([H])c2OC([H])([H])[H])nc(N([H])c2c([H])c([H])c([H])c([H])c2C(=O)N([H])C([H])([H])[H])c1Cl,0,0.0,0.0,0.0,0.0,0.0,0.0,0.0,0.0,0.0,0.0,-1445888.0377517233,139.62405634485185,-1445879.5669518968,-1445883.8410801664
S2-44.5,reactant,[H]c1nc(N([H])c2c([H])c(N([H])C(=O)[C:91]([H])=[C:92]([H])[H])c([H])c([H])c2OC([H])([H])[H])nc(N([H])c2c([H])c([H])c([H])c([H])c2C(=O)N([H])C([H])([H])[H])c1Cl,0,0.0,0.0,0.0,0.0,0.0,0.0,0.0,0.0,0.0,0.0,-1170595.9223929783,57.43607193045318,-1170588.091947062,-1170593.4716038655
S2-44.5,intermediate,[H]c1nc(N([H])c2c([H])c(N([H])C(=O)[C-:91]([H])[C:92]([H])([H])[S:93]C([H])([H])[H])c([H])c([H])c2OC([H])([H])[H])nc(N([H])c2c([H])c([H])c([H])c([H])c2C(=O)N([H])C([H])([H])[H])c1Cl,-1,0.0,0.0,0.0,0.0,0.0,0.0,0.0,0.0,0.0,0.0,-1445520.7495874711,120.64241687394679,-1445507.4101318207,-1445513.617395567
S2-44.5,product,[H]c1nc(N([H])c2c([H])c(N([H])C(=O)[C:91]([H])([H])[C:92]([H])([H])[S:93]C([H])([H])[H])c([H])c([H])c2OC([H])([H])[H])nc(N([H])c2c([H])c([H])c([H])c([H])c2C(=O)N([H])C([H])([H])[H])c1Cl,0,0.0,0.0,0.0,0.0,0.0,0.0,0.0,0.0,0.0,0.0,-1445887.3808761335,66.14542350918055,-1445877.9128046352,-1445884.5520457006
S2-44.6,reactant,[H]c1nc(N([H])c2c([H])c(N([H])C(=O)[C:91]([H])=[C:92]([H])[H])c([H])c([H])c2OC([H])([H])[H])nc(N([H])c2c([H])c([H])c([H])c([H])c2C(=O)N([H])C([H])([H])[H])c1Cl,0,0.0,0.0,0.0,0.0,0.0,0.0,0.0,0.0,0.0,0.0,-1170589.5556359198,87.73405797034502,-1170580.9708172607,-1170585.1761812554
S2-44.6,intermediate,[H]c1nc(N([H])c2c([H])c(N([H])C(=O)[C-:91]([H])[C:92]([H])([H])[S:93]C([H])([H])[H])c([H])c([H])c2OC([H])([H])[H])nc(N([H])c2c([H])c([H])c([H])c([H])c2C(=O)N([H])C([H])([H])[H])c1Cl,-1,0.0,0.0,0.0,0.0,0.0,0.0,0.0,0.0,0.0,0.0,-1445528.424608642,139.88313834555447,-1445519.671939615,-1445523.901824971
S2-44.6,product,[H]c1nc(N([H])c2c([H])c(N([H])C(=O)[C:91]([H])([H])[C:92]([H])([H])[S:93]C([H])([H])[H])c([H])c([H])c2OC([H])([H])[H])nc(N([H])c2c([H])c([H])c([H])c([H])c2C(=O)N([H])C([H])([H])[H])c1Cl,0,0.0,0.0,0.0,0.0,0.0,0.0,0.0,0.0,0.0,0.0,-1445892.5196847855,148.57684312202036,-1445884.2852576873,-1445888.9229068924
S2-44.7,reactant,[H]c1nc(N([H])c2c([H])c(N([H])C(=O)[C:91]([H])=[C:92]([H])[H])c([H])c([H])c2OC([H])([H])[H])nc(N([H])c2c([H])c([H])c([H])c([H])c2C(=O)N([H])C([H])([H])[H])c1Cl,0,0.0,0.0,0.0,0.0,0.0,0.0,0.0,0.0,0.0,0.0,-1170589.5110191377,104.5288119930774,-1170580.074962861,-1170584.9296755968
S2-44.7,intermediate,[H]c1nc(N([H])c2c([H])c(N([H])C(=O)[C-:91]([H])[C:92]([H])([H])[S:93]C([H])([H])[H])c([H])c([H])c2OC([H])([H])[H])nc(N([H])c2c([H])c([H])c([H])c([H])c2C(=O)N([H])C([H])([H])[H])c1Cl,-1,0.0,0.0,0.0,0.0,0.0,0.0,0.0,0.0,0.0,0.0,-1445523.6384952392,114.90958639234304,-1445514.312818077,-1445518.635153364
S2-44.7,product,[H]c1nc(N([H])c2c([H])c(N([H])C(=O)[C:91]([H])([H])[C:92]([H])([H])[S:93]C([H])([H])[H])c([H])c([H])c2OC([H])([H])[H])nc(N([H])c2c([H])c([H])c([H])c([H])c2C(=O)N([H])C([H])([H])[H])c1Cl,0,0.0,0.0,0.0,0.0,0.0,0.0,0.0,0.0,0.0,0.0,-1445889.464922446,136.24222945980728,-1445881.1063765737,-1445885.327838897
S2-44.8,reactant,[H]c1nc(N([H])c2c([H])c(N([H])C(=O)[C:91]([H])=[C:92]([H])[H])c([H])c([H])c2OC([H])([H])[H])nc(N([H])c2c([H])c([H])c([H])c([H])c2C(=O)N([H])C([H])([H])[H])c1Cl,0,0.0,0.0,0.0,0.0,0.0,0.0,0.0,0.0,0.0,0.0,-1170590.4229608702,99.23521997965872,-1170579.3098524013,-1170586.238709438
S2-44.8,intermediate,[H]c1nc(N([H])c2c([H])c(N([H])C(=O)[C-:91]([H])[C:92]([H])([H])[S:93]C([H])([H])[H])c([H])c([H])c2OC([H])([H])[H])nc(N([H])c2c([H])c([H])c([H])c([H])c2C(=O)N([H])C([H])([H])[H])c1Cl,-1,0.0,0.0,0.0,0.0,0.0,0.0,0.0,0.0,0.0,0.0,-1445537.8932189504,187.9984888304025,-1445526.2045457468,-1445531.778427127
S2-44.8,product,[H]c1nc(N([H])c2c([H])c(N([H])C(=O)[C:91]([H])([H])[C:92]([H])([H])[S:93]C([H])([H])[H])c([H])c([H])c2OC([H])([H])[H])nc(N([H])c2c([H])c([H])c([H])c([H])c2C(=O)N([H])C([H])([H])[H])c1Cl,0,0.0,0.0,0.0,0.0,0.0,0.0,0.0,0.0,0.0,0.0,-1445890.8247308999,139.72485072538257,-1445882.1185040118,-1445887.3704408098
S2-44.9,reactant,[H]c1nc(N([H])c2c([H])c(N([H])C(=O)[C:91]([H])=[C:92]([H])[H])c([H])c([H])c2OC([H])([H])[H])nc(N([H])c2c([H])c([H])c([H])c([H])c2C(=O)N([H])C([H])([H])[H])c1Cl,0,0.0,0.0,0.0,0.0,0.0,0.0,0.0,0.0,0.0,0.0,-1170596.1621690078,130.1774984523654,-1170588.1266948206,-1170592.9334864386
S2-44.9,intermediate,[H]c1nc(N([H])c2c([H])c(N([H])C(=O)[C-:91]([H])[C:92]([H])([H])[S:93]C([H])([H])[H])c([H])c([H])c2OC([H])([H])[H])nc(N([H])c2c([H])c([H])c([H])c([H])c2C(=O)N([H])C([H])([H])[H])c1Cl,-1,0.0,0.0,0.0,0.0,0.0,0.0,0.0,0.0,0.0,0.0,-1445522.1844334898,118.55028305575252,-1445510.085104456,-1445515.3908672917
S2-44.9,product,[H]c1nc(N([H])c2c([H])c(N([H])C(=O)[C:91]([H])([H])[C:92]([H])([H])[S:93]C([H])([H])[H])c([H])c([H])c2OC([H])([H])[H])nc(N([H])c2c([H])c([H])c([H])c([H])c2C(=O)N([H])C([H])([H])[H])c1Cl,0,0.0,0.0,0.0,0.0,0.0,0.0,0.0,0.0,0.0,0.0,-1445893.546305118,113.56819204054773,-1445885.946233543,-1445890.4094182102
S2-44.10,reactant,[H]c1nc(N([H])c2c([H])c(N([H])C(=O)[C:91]([H])=[C:92]([H])[H])c([H])c([H])c2OC([H])([H])[H])nc(N([H])c2c([H])c([H])c([H])c([H])c2C(=O)N([H])C([H])([H])[H])c1Cl,0,0.0,0.0,0.0,0.0,0.0,0.0,0.0,0.0,0.0,0.0,-1170599.3610300827,68.75674884580076,-1170591.31915615,-1170596.9267296612
S2-44.10,intermediate,[H]c1nc(N([H])c2c([H])c(N([H])C(=O)[C-:91]([H])[C:92]([H])([H])[S:93]C([H])([H])[H])c([H])c([H])c2OC([H])([H])[H])nc(N([H])c2c([H])c([H])c([H])c([H])c2C(=O)N([H])C([H])([H])[H])c1Cl,-1,0.0,0.0,0.0,0.0,0.0,0.0,0.0,0.0,0.0,0.0,-1445520.6583746043,122.59715723991394,-1445507.9789834202,-1445512.7655861506
S2-44.10,product,[H]c1nc(N([H])c2c([H])c(N([H])C(=O)[C:91]([H])([H])[C:92]([H])([H])[S:93]C([H])([H])[H])c([H])c([H])c2OC([H])([H])[H])nc(N([H])c2c([H])c([H])c([H])c([H])c2C(=O)N([H])C([H])([H])[H])c1Cl,0,0.0,0.0,0.0,0.0,0.0,0.0,0.0,0.0,0.0,0.0,-1445884.395482856,133.08708245120943,-1445873.671642752,-1445879.4602674805
S2-39.1,reactant,[H]c1nc(N([H])c2c([H])c(N([H])C(=O)/[C:91]([H])=[C:92](\[H])C([H])([H])N(C([H])([H])[H])C([H])([H])[H])c([H])c([H])c2OC([H])([H])[H])nc(-c2c([H])nc3c(C([H])([H])[H])c([H])c([H])c([H])n23)c1Cl,0,0.0,0.0,0.0,0.0,0.0,0.0,0.0,0.0,0.0,0.0,-1231331.8226836624,60.25639371201396,-1231321.8072085087,-1231328.965213819
S2-39.1,intermediate,[H]C1=C([H])n2c(nc([H])c2-c2nc(N([H])c3c([H])c(N([H])C(=O)[C-:91]([H])[C:92]([H])(C([H])([H])N(C([H])([H])[H])C([H])([H])[H])[S:93]C([H])([H])[H])c([H])c([H])c3OC([H])([H])[H])nc([H])c2Cl)C(C([H])([H])[H])=C1[H],-1,0.0,0.0,0.0,0.0,0.0,0.0,0.0,0.0,0.0,0.0,-1506260.1081158544,145.20650523528457,-1506248.798627568,-1506254.8930655618
S2-39.1,product,[H]c1nc(N([H])c2c([H])c(N([H])C(=O)[C:91]([H])([H])[C:92]([H])(C([H])([H])N(C([H])([H])[H])C([H])([H])[H])[S:93]C([H])([H])[H])c([H])c([H])c2OC([H])([H])[H])nc(-c2c([H])nc3c(C([H])([H])[H])c([H])c([H])c([H])n23)c1Cl,0,0.0,0.0,0.0,0.0,0.0,0.0,0.0,0.0,0.0,0.0,-1506624.0602258632,81.72248808480799,-1506612.8532104767,-1506620.175574885
S2-39.2,reactant,[H]c1nc(N([H])c2c([H])c(N([H])C(=O)/[C:91]([H])=[C:92](\[H])C([H])([H])N(C([H])([H])[H])C([H])([H])[H])c([H])c([H])c2OC([H])([H])[H])nc(-c2c([H])nc3c(C([H])([H])[H])c([H])c([H])c([H])n23)c1Cl,0,0.0,0.0,0.0,0.0,0.0,0.0,0.0,0.0,0.0,0.0,-1231332.2620063936,48.767292734235525,-1231322.4664647595,-1231329.588661185
S2-39.2,intermediate,[H]C1=C([H])n2c(nc([H])c2-c2nc(N([H])c3c([H])c(N([H])C(=O)[C-:91]([H])[C:92]([H])(C([H])([H])N(C([H])([H])[H])C([H])([H])[H])[S:93]C([H])([H])[H])c([H])c([H])c3OC([H])([H])[H])nc([H])c2Cl)C(C([H])([H])[H])=C1[H],-1,0.0,0.0,0.0,0.0,0.0,0.0,0.0,0.0,0.0,0.0,-1506260.7603400827,88.00951038300991,-1506249.5140795216,-1506255.6416323495
S2-39.2,product,[H]c1nc(N([H])c2c([H])c(N([H])C(=O)[C:91]([H])([H])[C:92]([H])(C([H])([H])N(C([H])([H])[H])C([H])([H])[H])[S:93]C([H])([H])[H])c([H])c([H])c2OC([H])([H])[H])nc(-c2c([H])nc3c(C([H])([H])[H])c([H])c([H])c([H])n23)c1Cl,0,0.0,0.0,0.0,0.0,0.0,0.0,0.0,0.0,0.0,0.0,-1506628.4146533445,327.18667548522353,-1506615.7297366068,-1506622.091578397
S2-39.3,reactant,[H]c1nc(N([H])c2c([H])c(N([H])C(=O)/[C:91]([H])=[C:92](\[H])C([H])([H])N(C([H])([H])[H])C([H])([H])[H])c([H])c([H])c2OC([H])([H])[H])nc(-c2c([H])nc3c(C([H])([H])[H])c([H])c([H])c([H])n23)c1Cl,0,0.0,0.0,0.0,0.0,0.0,0.0,0.0,0.0,0.0,0.0,-1231329.07406997,49.05053550004959,-1231318.4410963545,-1231326.6944862723
S2-39.3,intermediate,[H]C1=C([H])n2c(nc([H])c2-c2nc(N([H])c3c([H])c(N([H])C(=O)[C-:91]([H])[C:92]([H])(C([H])([H])N(C([H])([H])[H])C([H])([H])[H])[S:93]C([H])([H])[H])c([H])c([H])c3OC([H])([H])[H])nc([H])c2Cl)C(C([H])([H])[H])=C1[H],-1,0.0,0.0,0.0,0.0,0.0,0.0,0.0,0.0,0.0,0.0,-1506260.567687952,92.26827845536172,-1506250.1488364036,-1506255.8306887469
S2-39.3,product,[H]c1nc(N([H])c2c([H])c(N([H])C(=O)[C:91]([H])([H])[C:92]([H])(C([H])([H])N(C([H])([H])[H])C([H])([H])[H])[S:93]C([H])([H])[H])c([H])c([H])c2OC([H])([H])[H])nc(-c2c([H])nc3c(C([H])([H])[H])c([H])c([H])c([H])n23)c1Cl,0,0.0,0.0,0.0,0.0,0.0,0.0,0.0,0.0,0.0,0.0,-1506625.3626455346,80.73474493436515,-1506615.450891341,-1506621.354326623
S2-39.4,reactant,[H]c1nc(N([H])c2c([H])c(N([H])C(=O)/[C:91]([H])=[C:92](\[H])C([H])([H])N(C([H])([H])[H])C([H])([H])[H])c([H])c([H])c2OC([H])([H])[H])nc(-c2c([H])nc3c(C([H])([H])[H])c([H])c([H])c([H])n23)c1Cl,0,0.0,0.0,0.0,0.0,0.0,0.0,0.0,0.0,0.0,0.0,-1231332.500133004,52.366675198078156,-1231323.6386188222,-1231329.3769252773
S2-39.4,intermediate,[H]C1=C([H])n2c(nc([H])c2-c2nc(N([H])c3c([H])c(N([H])C(=O)[C-:91]([H])[C:92]([H])(C([H])([H])N(C([H])([H])[H])C([H])([H])[H])[S:93]C([H])([H])[H])c([H])c([H])c3OC([H])([H])[H])nc([H])c2Cl)C(C([H])([H])[H])=C1[H],-1,0.0,0.0,0.0,0.0,0.0,0.0,0.0,0.0,0.0,0.0,-1506260.097268176,89.3698370885104,-1506249.2725111237,-1506254.6040543772
S2-39.4,product,[H]c1nc(N([H])c2c([H])c(N([H])C(=O)[C:91]([H])([H])[C:92]([H])(C([H])([H])N(C([H])([H])[H])C([H])([H])[H])[S:93]C([H])([H])[H])c([H])c([H])c2OC([H])([H])[H])nc(-c2c([H])nc3c(C([H])([H])[H])c([H])c([H])c([H])n23)c1Cl,0,0.0,0.0,0.0,0.0,0.0,0.0,0.0,0.0,0.0,0.0,-1506628.7373401653,542.4636179208755,-1506615.1174503088,-1506622.3952914022
S2-39.5,reactant,[H]c1nc(N([H])c2c([H])c(N([H])C(=O)/[C:91]([H])=[C:92](\[H])C([H])([H])N(C([H])([H])[H])C([H])([H])[H])c([H])c([H])c2OC([H])([H])[H])nc(-c2c([H])nc3c(C([H])([H])[H])c([H])c([H])c([H])n23)c1Cl,0,0.0,0.0,0.0,0.0,0.0,0.0,0.0,0.0,0.0,0.0,-1231330.7888828595,55.37742882594466,-1231322.348069469,-1231328.2935704316
S2-39.5,intermediate,[H]C1=C([H])n2c(nc([H])c2-c2nc(N([H])c3c([H])c(N([H])C(=O)[C-:91]([H])[C:92]([H])(C([H])([H])N(C([H])([H])[H])C([H])([H])[H])[S:93]C([H])([H])[H])c([H])c([H])c3OC([H])([H])[H])nc([H])c2Cl)C(C([H])([H])[H])=C1[H],-1,0.0,0.0,0.0,0.0,0.0,0.0,0.0,0.0,0.0,0.0,-1506273.0251663136,178.47123377211392,-1506261.23033101,-1506266.3031684028
S2-39.5,product,[H]c1nc(N([H])c2c([H])c(N([H])C(=O)[C:91]([H])([H])[C:92]([H])(C([H])([H])N(C([H])([H])[H])C([H])([H])[H])[S:93]C([H])([H])[H])c([H])c([H])c2OC([H])([H])[H])nc(-c2c([H])nc3c(C([H])([H])[H])c([H])c([H])c([H])n23)c1Cl,0,0.0,0.0,0.0,0.0,0.0,0.0,0.0,0.0,0.0,0.0,-1506622.4918813745,135.87053496949375,-1506611.4074123162,-1506617.5691575983
S2-39.6,reactant,[H]c1nc(N([H])c2c([H])c(N([H])C(=O)/[C:91]([H])=[C:92](\[H])C([H])([H])N(C([H])([H])[H])C([H])([H])[H])c([H])c([H])c2OC([H])([H])[H])nc(-c2c([H])nc3c(C([H])([H])[H])c([H])c([H])c([H])n23)c1Cl,0,0.0,0.0,0.0,0.0,0.0,0.0,0.0,0.0,0.0,0.0,-1231329.1103571863,47.72497106343508,-1231320.0625081481,-1231326.5433720083
S2-39.6,intermediate,[H]C1=C([H])n2c(nc([H])c2-c2nc(N([H])c3c([H])c(N([H])C(=O)[C-:91]([H])[C:92]([H])(C([H])([H])N(C([H])([H])[H])C([H])([H])[H])[S:93]C([H])([H])[H])c([H])c([H])c3OC([H])([H])[H])nc([H])c2Cl)C(C([H])([H])[H])=C1[H],-1,0.0,0.0,0.0,0.0,0.0,0.0,0.0,0.0,0.0,0.0,-1506284.6647967945,235.00084398314357,-1506267.6507106777,-1506273.7425315934
S2-39.6,product,[H]c1nc(N([H])c2c([H])c(N([H])C(=O)[C:91]([H])([H])[C:92]([H])(C([H])([H])N(C([H])([H])[H])C([H])([H])[H])[S:93]C([H])([H])[H])c([H])c([H])c2OC([H])([H])[H])nc(-c2c([H])nc3c(C([H])([H])[H])c([H])c([H])c([H])n23)c1Cl,0,0.0,0.0,0.0,0.0,0.0,0.0,0.0,0.0,0.0,0.0,-1506628.6706046755,103.8132476080209,-1506617.9466161237,-1506625.1280651747
S2-39.7,reactant,[H]c1nc(N([H])c2c([H])c(N([H])C(=O)/[C:91]([H])=[C:92](\[H])C([H])([H])N(C([H])([H])[H])C([H])([H])[H])c([H])c([H])c2OC([H])([H])[H])nc(-c2c([H])nc3c(C([H])([H])[H])c([H])c([H])c([H])n23)c1Cl,0,0.0,0.0,0.0,0.0,0.0,0.0,0.0,0.0,0.0,0.0,-1231338.1527411498,96.03645843453705,-1231328.3467696903,-1231334.7664291118
S2-39.7,intermediate,[H]C1=C([H])n2c(nc([H])c2-c2nc(N([H])c3c([H])c(N([H])C(=O)[C-:91]([H])[C:92]([H])(C([H])([H])N(C([H])([H])[H])C([H])([H])[H])[S:93]C([H])([H])[H])c([H])c([H])c3OC([H])([H])[H])nc([H])c2Cl)C(C([H])([H])[H])=C1[H],-1,0.0,0.0,0.0,0.0,0.0,0.0,0.0,0.0,0.0,0.0,-1506262.0560466188,63.03681209683418,-1506251.756893402,-1506257.330208482
S2-39.7,product,[H]c1nc(N([H])c2c([H])c(N([H])C(=O)[C:91]([H])([H])[C:92]([H])(C([H])([H])N(C([H])([H])[H])C([H])([H])[H])[S:93]C([H])([H])[H])c([H])c([H])c2OC([H])([H])[H])nc(-c2c([H])nc3c(C([H])([H])[H])c([H])c([H])c([H])n23)c1Cl,0,0.0,0.0,0.0,0.0,0.0,0.0,0.0,0.0,0.0,0.0,-1506629.0202979823,103.0626491624862,-1506616.9377985194,-1506624.8604689462
S2-39.8,reactant,[H]c1nc(N([H])c2c([H])c(N([H])C(=O)/[C:91]([H])=[C:92](\[H])C([H])([H])N(C([H])([H])[H])C([H])([H])[H])c([H])c([H])c2OC([H])([H])[H])nc(-c2c([H])nc3c(C([H])([H])[H])c([H])c([H])c([H])n23)c1Cl,0,0.0,0.0,0.0,0.0,0.0,0.0,0.0,0.0,0.0,0.0,-1231328.2759986222,51.01581193879247,-1231318.9871474865,-1231325.4274741272
S2-39.8,intermediate,[H]C1=C([H])n2c(nc([H])c2-c2nc(N([H])c3c([H])c(N([H])C(=O)[C-:91]([H])[C:92]([H])(C([H])([H])N(C([H])([H])[H])C([H])([H])[H])[S:93]C([H])([H])[H])c([H])c([H])c3OC([H])([H])[H])nc([H])c2Cl)C(C([H])([H])[H])=C1[H],-1,0.0,0.0,0.0,0.0,0.0,0.0,0.0,0.0,0.0,0.0,-1506269.1556075185,152.80048212967813,-1506254.7352051742,-1506262.4600937774
S2-39.8,product,[H]c1nc(N([H])c2c([H])c(N([H])C(=O)[C:91]([H])([H])[C:92]([H])(C([H])([H])N(C([H])([H])[H])C([H])([H])[H])[S:93]C([H])([H])[H])c([H])c([H])c2OC([H])([H])[H])nc(-c2c([H])nc3c(C([H])([H])[H])c([H])c([H])c([H])n23)c1Cl,0,0.0,0.0,0.0,0.0,0.0,0.0,0.0,0.0,0.0,0.0,-1506624.689908033,260.08548162318766,-1506613.9275649928,-1506620.5485854773
S2-39.9,reactant,[H]c1nc(N([H])c2c([H])c(N([H])C(=O)/[C:91]([H])=[C:92](\[H])C([H])([H])N(C([H])([H])[H])C([H])([H])[H])c([H])c([H])c2OC([H])([H])[H])nc(-c2c([H])nc3c(C([H])([H])[H])c([H])c([H])c([H])n23)c1Cl,0,0.0,0.0,0.0,0.0,0.0,0.0,0.0,0.0,0.0,0.0,-1231329.4728829723,52.064440831542015,-1231320.0066698194,-1231326.6478846895
S2-39.9,intermediate,[H]C1=C([H])n2c(nc([H])c2-c2nc(N([H])c3c([H])c(N([H])C(=O)[C-:91]([H])[C:92]([H])(C([H])([H])N(C([H])([H])[H])C([H])([H])[H])[S:93]C([H])([H])[H])c([H])c([H])c3OC([H])([H])[H])nc([H])c2Cl)C(C([H])([H])[H])=C1[H],-1,0.0,0.0,0.0,0.0,0.0,0.0,0.0,0.0,0.0,0.0,-1506273.921130675,188.58421440981328,-1506260.126468389,-1506265.9718936074
S2-39.9,product,[H]c1nc(N([H])c2c([H])c(N([H])C(=O)[C:91]([H])([H])[C:92]([H])(C([H])([H])N(C([H])([H])[H])C([H])([H])[H])[S:93]C([H])([H])[H])c([H])c([H])c2OC([H])([H])[H])nc(-c2c([H])nc3c(C([H])([H])[H])c([H])c([H])c([H])n23)c1Cl,0,0.0,0.0,0.0,0.0,0.0,0.0,0.0,0.0,0.0,0.0,-1506623.5976738154,187.96902308799326,-1506614.2663281502,-1506619.4223127512
S2-39.10,reactant,[H]c1nc(N([H])c2c([H])c(N([H])C(=O)/[C:91]([H])=[C:92](\[H])C([H])([H])N(C([H])([H])[H])C([H])([H])[H])c([H])c([H])c2OC([H])([H])[H])nc(-c2c([H])nc3c(C([H])([H])[H])c([H])c([H])c([H])n23)c1Cl,0,0.0,0.0,0.0,0.0,0.0,0.0,0.0,0.0,0.0,0.0,-1231327.99799456,52.02696287818253,-1231318.3247518414,-1231325.2845134907
S2-39.10,intermediate,[H]C1=C([H])n2c(nc([H])c2-c2nc(N([H])c3c([H])c(N([H])C(=O)[C-:91]([H])[C:92]([H])(C([H])([H])N(C([H])([H])[H])C([H])([H])[H])[S:93]C([H])([H])[H])c([H])c([H])c3OC([H])([H])[H])nc([H])c2Cl)C(C([H])([H])[H])=C1[H],-1,0.0,0.0,0.0,0.0,0.0,0.0,0.0,0.0,0.0,0.0,-1506259.676111045,118.69391644187272,-1506247.6075051879,-1506253.7407979933
S2-39.10,product,[H]c1nc(N([H])c2c([H])c(N([H])C(=O)[C:91]([H])([H])[C:92]([H])(C([H])([H])N(C([H])([H])[H])C([H])([H])[H])[S:93]C([H])([H])[H])c([H])c([H])c2OC([H])([H])[H])nc(-c2c([H])nc3c(C([H])([H])[H])c([H])c([H])c([H])n23)c1Cl,0,0.0,0.0,0.0,0.0,0.0,0.0,0.0,0.0,0.0,0.0,-1506625.7041082408,169.11877162195742,-1506613.81192973,-1506621.4253176136
S2-40.1,reactant,[H]c1nc(N([H])c2c([H])c(N([H])C(=O)/[C:91]([H])=[C:92](\[H])C([H])([H])N(C([H])([H])[H])C([H])([H])[H])c([H])c([H])c2OC([H])([H])[H])nc(-c2c([H])nn3c([H])c([H])c([H])c([H])c23)c1C#N,0,0.0,0.0,0.0,0.0,0.0,0.0,0.0,0.0,0.0,0.0,-976151.1265689584,40.73659819364548,-976141.4549591645,-976148.1042396931
S2-40.1,intermediate,[H]C1=C([H])c2c(-c3nc(N([H])c4c([H])c(N([H])C(=O)[C-:91]([H])[C:92]([H])(C([H])([H])N(C([H])([H])[H])C([H])([H])[H])[S:93]C([H])([H])[H])c([H])c([H])c4OC([H])([H])[H])nc([H])c3C#N)c([H])nn2C([H])=C1[H],-1,0.0,0.0,0.0,0.0,0.0,0.0,0.0,0.0,0.0,0.0,-1251082.5642661408,177.47514478117228,-1251071.281773344,-1251077.1946570475
S2-40.1,product,[H]c1nc(N([H])c2c([H])c(N([H])C(=O)[C:91]([H])([H])[C:92]([H])(C([H])([H])N(C([H])([H])[H])C([H])([H])[H])[S:93]C([H])([H])[H])c([H])c([H])c2OC([H])([H])[H])nc(-c2c([H])nn3c([H])c([H])c([H])c([H])c23)c1C#N,0,0.0,0.0,0.0,0.0,0.0,0.0,0.0,0.0,0.0,0.0,-1251443.7730076094,271.5842294860631,-1251433.8473378182,-1251439.2548807978
S2-40.2,reactant,[H]c1nc(N([H])c2c([H])c(N([H])C(=O)/[C:91]([H])=[C:92](\[H])C([H])([H])N(C([H])([H])[H])C([H])([H])[H])c([H])c([H])c2OC([H])([H])[H])nc(-c2c([H])nn3c([H])c([H])c([H])c([H])c23)c1C#N,0,0.0,0.0,0.0,0.0,0.0,0.0,0.0,0.0,0.0,0.0,-976155.6891366139,158.21607281640172,-976145.1226400792,-976152.2540017756
S2-40.2,intermediate,[H]C1=C([H])c2c(-c3nc(N([H])c4c([H])c(N([H])C(=O)[C-:91]([H])[C:92]([H])(C([H])([H])N(C([H])([H])[H])C([H])([H])[H])[S:93]C([H])([H])[H])c([H])c([H])c4OC([H])([H])[H])nc([H])c3C#N)c([H])nn2C([H])=C1[H],-1,0.0,0.0,0.0,0.0,0.0,0.0,0.0,0.0,0.0,0.0,-1251082.1055077566,110.27825767919421,-1251072.5631986614,-1251076.6794940338
S2-40.2,product,[H]c1nc(N([H])c2c([H])c(N([H])C(=O)[C:91]([H])([H])[C:92]([H])(C([H])([H])N(C([H])([H])[H])C([H])([H])[H])[S:93]C([H])([H])[H])c([H])c([H])c2OC([H])([H])[H])nc(-c2c([H])nn3c([H])c([H])c([H])c([H])c23)c1C#N,0,0.0,0.0,0.0,0.0,0.0,0.0,0.0,0.0,0.0,0.0,-1251443.298629228,75.07327510416508,-1251433.6737089858,-1251439.5415827958
S2-40.3,reactant,[H]c1nc(N([H])c2c([H])c(N([H])C(=O)/[C:91]([H])=[C:92](\[H])C([H])([H])N(C([H])([H])[H])C([H])([H])[H])c([H])c([H])c2OC([H])([H])[H])nc(-c2c([H])nn3c([H])c([H])c([H])c([H])c23)c1C#N,0,0.0,0.0,0.0,0.0,0.0,0.0,0.0,0.0,0.0,0.0,-976149.6360880391,81.47690449096262,-976139.8919148085,-976146.4768460067
S2-40.3,intermediate,[H]C1=C([H])c2c(-c3nc(N([H])c4c([H])c(N([H])C(=O)[C-:91]([H])[C:92]([H])(C([H])([H])N(C([H])([H])[H])C([H])([H])[H])[S:93]C([H])([H])[H])c([H])c([H])c4OC([H])([H])[H])nc([H])c3C#N)c([H])nn2C([H])=C1[H],-1,0.0,0.0,0.0,0.0,0.0,0.0,0.0,0.0,0.0,0.0,-1251091.9514941194,121.05927708931267,-1251079.805522267,-1251086.1033198694
S2-40.3,product,[H]c1nc(N([H])c2c([H])c(N([H])C(=O)[C:91]([H])([H])[C:92]([H])(C([H])([H])N(C([H])([H])[H])C([H])([H])[H])[S:93]C([H])([H])[H])c([H])c([H])c2OC([H])([H])[H])nc(-c2c([H])nn3c([H])c([H])c([H])c([H])c23)c1C#N,0,0.0,0.0,0.0,0.0,0.0,0.0,0.0,0.0,0.0,0.0,-1251450.1714664998,74.84149822592735,-1251438.4446752248,-1251445.5178234293
S2-40.4,reactant,[H]c1nc(N([H])c2c([H])c(N([H])C(=O)/[C:91]([H])=[C:92](\[H])C([H])([H])N(C([H])([H])[H])C([H])([H])[H])c([H])c([H])c2OC([H])([H])[H])nc(-c2c([H])nn3c([H])c([H])c([H])c([H])c23)c1C#N,0,0.0,0.0,0.0,0.0,0.0,0.0,0.0,0.0,0.0,0.0,-976151.0831342599,41.601497720927,-976142.54336673,-976148.1229990844
S2-40.4,intermediate,[H]C1=C([H])c2c(-c3nc(N([H])c4c([H])c(N([H])C(=O)[C-:91]([H])[C:92]([H])(C([H])([H])N(C([H])([H])[H])C([H])([H])[H])[S:93]C([H])([H])[H])c([H])c([H])c4OC([H])([H])[H])nc([H])c3C#N)c([H])nn2C([H])=C1[H],-1,0.0,0.0,0.0,0.0,0.0,0.0,0.0,0.0,0.0,0.0,-1251081.7901003712,89.14613907784224,-1251070.3345230503,-1251077.1221870778
S2-40.4,product,[H]c1nc(N([H])c2c([H])c(N([H])C(=O)[C:91]([H])([H])[C:92]([H])(C([H])([H])N(C([H])([H])[H])C([H])([H])[H])[S:93]C([H])([H])[H])c([H])c([H])c2OC([H])([H])[H])nc(-c2c([H])nn3c([H])c([H])c([H])c([H])c23)c1C#N,0,0.0,0.0,0.0,0.0,0.0,0.0,0.0,0.0,0.0,0.0,-1251447.3643094318,146.35281339287758,-1251435.6307225507,-1251442.2187491583
S2-40.5,reactant,[H]c1nc(N([H])c2c([H])c(N([H])C(=O)/[C:91]([H])=[C:92](\[H])C([H])([H])N(C([H])([H])[H])C([H])([H])[H])c([H])c([H])c2OC([H])([H])[H])nc(-c2c([H])nn3c([H])c([H])c([H])c([H])c23)c1C#N,0,0.0,0.0,0.0,0.0,0.0,0.0,0.0,0.0,0.0,0.0,-976149.5095776074,55.11585230380297,-976142.1132642506,-976146.6020369034
S2-40.5,intermediate,[H]C1=C([H])c2c(-c3nc(N([H])c4c([H])c(N([H])C(=O)[C-:91]([H])[C:92]([H])(C([H])([H])N(C([H])([H])[H])C([H])([H])[H])[S:93]C([H])([H])[H])c([H])c([H])c4OC([H])([H])[H])nc([H])c3C#N)c([H])nn2C([H])=C1[H],-1,0.0,0.0,0.0,0.0,0.0,0.0,0.0,0.0,0.0,0.0,-1251080.7801171776,65.57931695878506,-1251069.0504531646,-1251076.1286925755
S2-40.5,product,[H]c1nc(N([H])c2c([H])c(N([H])C(=O)[C:91]([H])([H])[C:92]([H])(C([H])([H])N(C([H])([H])[H])C([H])([H])[H])[S:93]C([H])([H])[H])c([H])c([H])c2OC([H])([H])[H])nc(-c2c([H])nn3c([H])c([H])c([H])c([H])c23)c1C#N,0,0.0,0.0,0.0,0.0,0.0,0.0,0.0,0.0,0.0,0.0,-1251445.7236654132,91.5918240416795,-1251436.204709341,-1251441.9580145124
S2-40.6,reactant,[H]c1nc(N([H])c2c([H])c(N([H])C(=O)/[C:91]([H])=[C:92](\[H])C([H])([H])N(C([H])([H])[H])C([H])([H])[H])c([H])c([H])c2OC([H])([H])[H])nc(-c2c([H])nn3c([H])c([H])c([H])c([H])c23)c1C#N,0,0.0,0.0,0.0,0.0,0.0,0.0,0.0,0.0,0.0,0.0,-976150.7253093179,34.46391729451716,-976142.7875687003,-976147.7987123271
S2-40.6,intermediate,[H]C1=C([H])c2c(-c3nc(N([H])c4c([H])c(N([H])C(=O)[C-:91]([H])[C:92]([H])(C([H])([H])N(C([H])([H])[H])C([H])([H])[H])[S:93]C([H])([H])[H])c([H])c([H])c4OC([H])([H])[H])nc([H])c3C#N)c([H])nn2C([H])=C1[H],-1,0.0,0.0,0.0,0.0,0.0,0.0,0.0,0.0,0.0,0.0,-1251080.92010886,85.84841805323958,-1251071.9274163907,-1251076.302596311
S2-40.6,product,[H]c1nc(N([H])c2c([H])c(N([H])C(=O)[C:91]([H])([H])[C:92]([H])(C([H])([H])N(C([H])([H])[H])C([H])([H])[H])[S:93]C([H])([H])[H])c([H])c([H])c2OC([H])([H])[H])nc(-c2c([H])nn3c([H])c([H])c([H])c([H])c23)c1C#N,0,0.0,0.0,0.0,0.0,0.0,0.0,0.0,0.0,0.0,0.0,-1251443.1710961566,53.136924462392926,-1251433.7289590219,-1251439.6946103857
S2-40.7,reactant,[H]c1nc(N([H])c2c([H])c(N([H])C(=O)/[C:91]([H])=[C:92](\[H])C([H])([H])N(C([H])([H])[H])C([H])([H])[H])c([H])c([H])c2OC([H])([H])[H])nc(-c2c([H])nn3c([H])c([H])c([H])c([H])c23)c1C#N,0,0.0,0.0,0.0,0.0,0.0,0.0,0.0,0.0,0.0,0.0,-976154.5327290042,39.88110820017755,-976147.3501913364,-976151.6517109564
S2-40.7,intermediate,[H]C1=C([H])c2c(-c3nc(N([H])c4c([H])c(N([H])C(=O)[C-:91]([H])[C:92]([H])(C([H])([H])N(C([H])([H])[H])C([H])([H])[H])[S:93]C([H])([H])[H])c([H])c([H])c4OC([H])([H])[H])nc([H])c3C#N)c([H])nn2C([H])=C1[H],-1,0.0,0.0,0.0,0.0,0.0,0.0,0.0,0.0,0.0,0.0,-1251083.5613453803,110.05125460401177,-1251070.8278037726,-1251076.6538153302
S2-40.7,product,[H]c1nc(N([H])c2c([H])c(N([H])C(=O)[C:91]([H])([H])[C:92]([H])(C([H])([H])N(C([H])([H])[H])C([H])([H])[H])[S:93]C([H])([H])[H])c([H])c([H])c2OC([H])([H])[H])nc(-c2c([H])nn3c([H])c([H])c([H])c([H])c23)c1C#N,0,0.0,0.0,0.0,0.0,0.0,0.0,0.0,0.0,0.0,0.0,-1251447.1652135712,72.19203647971153,-1251437.6125873604,-1251443.5473341118
S2-40.8,reactant,[H]c1nc(N([H])c2c([H])c(N([H])C(=O)/[C:91]([H])=[C:92](\[H])C([H])([H])N(C([H])([H])[H])C([H])([H])[H])c([H])c([H])c2OC([H])([H])[H])nc(-c2c([H])nn3c([H])c([H])c([H])c([H])c23)c1C#N,0,0.0,0.0,0.0,0.0,0.0,0.0,0.0,0.0,0.0,0.0,-976151.1147481228,48.341422360390425,-976143.4936739468,-976148.2333672028
S2-40.8,intermediate,[H]C1=C([H])c2c(-c3nc(N([H])c4c([H])c(N([H])C(=O)[C-:91]([H])[C:92]([H])(C([H])([H])N(C([H])([H])[H])C([H])([H])[H])[S:93]C([H])([H])[H])c([H])c([H])c4OC([H])([H])[H])nc([H])c3C#N)c([H])nn2C([H])=C1[H],-1,0.0,0.0,0.0,0.0,0.0,0.0,0.0,0.0,0.0,0.0,-1251079.3932857437,129.9651880376041,-1251067.0817644629,-1251071.9536201595
S2-40.8,product,[H]c1nc(N([H])c2c([H])c(N([H])C(=O)[C:91]([H])([H])[C:92]([H])(C([H])([H])N(C([H])([H])[H])C([H])([H])[H])[S:93]C([H])([H])[H])c([H])c([H])c2OC([H])([H])[H])nc(-c2c([H])nn3c([H])c([H])c([H])c([H])c23)c1C#N,0,0.0,0.0,0.0,0.0,0.0,0.0,0.0,0.0,0.0,0.0,-1251443.2908384725,103.22274966165423,-1251432.5056784707,-1251439.6853461494
S2-40.9,reactant,[H]c1nc(N([H])c2c([H])c(N([H])C(=O)/[C:91]([H])=[C:92](\[H])C([H])([H])N(C([H])([H])[H])C([H])([H])[H])c([H])c([H])c2OC([H])([H])[H])nc(-c2c([H])nn3c([H])c([H])c([H])c([H])c23)c1C#N,0,0.0,0.0,0.0,0.0,0.0,0.0,0.0,0.0,0.0,0.0,-976152.7558869668,68.87975930981338,-976143.679827367,-976149.769679976
S2-40.9,intermediate,[H]C1=C([H])c2c(-c3nc(N([H])c4c([H])c(N([H])C(=O)[C-:91]([H])[C:92]([H])(C([H])([H])N(C([H])([H])[H])C([H])([H])[H])[S:93]C([H])([H])[H])c([H])c([H])c4OC([H])([H])[H])nc([H])c3C#N)c([H])nn2C([H])=C1[H],-1,0.0,0.0,0.0,0.0,0.0,0.0,0.0,0.0,0.0,0.0,-1251085.3647485604,182.77192380651832,-1251073.9258963473,-1251079.2052932214
S2-40.9,product,[H]c1nc(N([H])c2c([H])c(N([H])C(=O)[C:91]([H])([H])[C:92]([H])(C([H])([H])N(C([H])([H])[H])C([H])([H])[H])[S:93]C([H])([H])[H])c([H])c([H])c2OC([H])([H])[H])nc(-c2c([H])nn3c([H])c([H])c([H])c([H])c23)c1C#N,0,0.0,0.0,0.0,0.0,0.0,0.0,0.0,0.0,0.0,0.0,-1251444.6503115445,48.12381284870207,-1251434.759653419,-1251441.0239815623
S2-40.10,reactant,[H]c1nc(N([H])c2c([H])c(N([H])C(=O)/[C:91]([H])=[C:92](\[H])C([H])([H])N(C([H])([H])[H])C([H])([H])[H])c([H])c([H])c2OC([H])([H])[H])nc(-c2c([H])nn3c([H])c([H])c([H])c([H])c23)c1C#N,0,0.0,0.0,0.0,0.0,0.0,0.0,0.0,0.0,0.0,0.0,-976155.3093414118,188.60407051630318,-976145.3882954916,-976151.0246678571
S2-40.10,intermediate,[H]C1=C([H])c2c(-c3nc(N([H])c4c([H])c(N([H])C(=O)[C-:91]([H])[C:92]([H])(C([H])([H])N(C([H])([H])[H])C([H])([H])[H])[S:93]C([H])([H])[H])c([H])c([H])c4OC([H])([H])[H])nc([H])c3C#N)c([H])nn2C([H])=C1[H],-1,0.0,0.0,0.0,0.0,0.0,0.0,0.0,0.0,0.0,0.0,-1251084.2076646888,286.79250035621226,-1251064.9510285987,-1251072.6354267162
S2-40.10,product,[H]c1nc(N([H])c2c([H])c(N([H])C(=O)[C:91]([H])([H])[C:92]([H])(C([H])([H])N(C([H])([H])[H])C([H])([H])[H])[S:93]C([H])([H])[H])c([H])c([H])c2OC([H])([H])[H])nc(-c2c([H])nn3c([H])c([H])c([H])c([H])c23)c1C#N,0,0.0,0.0,0.0,0.0,0.0,0.0,0.0,0.0,0.0,0.0,-1251448.23649467,83.16594020277262,-1251436.802788644,-1251444.2003720535
S2-38.1,reactant,[H]c1nc(N([H])c2c([H])c(N([H])C(=O)[C:91]([H])=[C:92]([H])[H])c(C([H])([H])N(C([H])([H])[H])C([H])([H])[H])c([H])c2OC([H])([H])[H])nc(-c2c([H])nc3c([H])c([H])c([H])c([H])n23)c1Cl,0,0.0,0.0,0.0,0.0,0.0,0.0,0.0,0.0,0.0,0.0,-1206667.354817147,64.00537973642349,-1206660.244842916,-1206664.4348618165
S2-38.1,intermediate,[H]C1=C([H])c2nc([H])c(-c3nc(N([H])c4c([H])c(N([H])C(=O)[C-:91]([H])[C:92]([H])([H])[S:93]C([H])([H])[H])c(C([H])([H])N(C([H])([H])[H])C([H])([H])[H])c([H])c4OC([H])([H])[H])nc([H])c3Cl)n2C([H])=C1[H],-1,0.0,0.0,0.0,0.0,0.0,0.0,0.0,0.0,0.0,0.0,-1481599.2714890917,90.62809460423887,-1481587.3141420388,-1481593.4699878993
S2-38.1,product,[H]c1nc(N([H])c2c([H])c(N([H])C(=O)[C:91]([H])([H])[C:92]([H])([H])[S:93]C([H])([H])[H])c(C([H])([H])N(C([H])([H])[H])C([H])([H])[H])c([H])c2OC([H])([H])[H])nc(-c2c([H])nc3c([H])c([H])c([H])c([H])n23)c1Cl,0,0.0,0.0,0.0,0.0,0.0,0.0,0.0,0.0,0.0,0.0,-1481963.1698885222,89.5254748556763,-1481953.899219481,-1481959.2294431995
S2-38.2,reactant,[H]c1nc(N([H])c2c([H])c(N([H])C(=O)[C:91]([H])=[C:92]([H])[H])c(C([H])([H])N(C([H])([H])[H])C([H])([H])[H])c([H])c2OC([H])([H])[H])nc(-c2c([H])nc3c([H])c([H])c([H])c([H])n23)c1Cl,0,0.0,0.0,0.0,0.0,0.0,0.0,0.0,0.0,0.0,0.0,-1206661.3826780687,70.36876616068184,-1206651.2182164013,-1206658.3056925582
S2-38.2,intermediate,[H]C1=C([H])c2nc([H])c(-c3nc(N([H])c4c([H])c(N([H])C(=O)[C-:91]([H])[C:92]([H])([H])[S:93]C([H])([H])[H])c(C([H])([H])N(C([H])([H])[H])C([H])([H])[H])c([H])c4OC([H])([H])[H])nc([H])c3Cl)n2C([H])=C1[H],-1,0.0,0.0,0.0,0.0,0.0,0.0,0.0,0.0,0.0,0.0,-1481590.2152939937,76.46150917187333,-1481579.7994938702,-1481585.0944969964
S2-38.2,product,[H]c1nc(N([H])c2c([H])c(N([H])C(=O)[C:91]([H])([H])[C:92]([H])([H])[S:93]C([H])([H])[H])c(C([H])([H])N(C([H])([H])[H])C([H])([H])[H])c([H])c2OC([H])([H])[H])nc(-c2c([H])nc3c([H])c([H])c([H])c([H])n23)c1Cl,0,0.0,0.0,0.0,0.0,0.0,0.0,0.0,0.0,0.0,0.0,-1481964.4605203462,159.57104751467705,-1481955.9689378412,-1481960.142764946
S2-38.3,reactant,[H]c1nc(N([H])c2c([H])c(N([H])C(=O)[C:91]([H])=[C:92]([H])[H])c(C([H])([H])N(C([H])([H])[H])C([H])([H])[H])c([H])c2OC([H])([H])[H])nc(-c2c([H])nc3c([H])c([H])c([H])c([H])n23)c1Cl,0,0.0,0.0,0.0,0.0,0.0,0.0,0.0,0.0,0.0,0.0,-1206659.62908734,70.01277016848326,-1206652.1773974919,-1206656.520751874
S2-38.3,intermediate,[H]C1=C([H])c2nc([H])c(-c3nc(N([H])c4c([H])c(N([H])C(=O)[C-:91]([H])[C:92]([H])([H])[S:93]C([H])([H])[H])c(C([H])([H])N(C([H])([H])[H])C([H])([H])[H])c([H])c4OC([H])([H])[H])nc([H])c3Cl)n2C([H])=C1[H],-1,0.0,0.0,0.0,0.0,0.0,0.0,0.0,0.0,0.0,0.0,-1481598.405291244,83.38616996072233,-1481587.2068253455,-1481592.448167376
S2-38.3,product,[H]c1nc(N([H])c2c([H])c(N([H])C(=O)[C:91]([H])([H])[C:92]([H])([H])[S:93]C([H])([H])[H])c(C([H])([H])N(C([H])([H])[H])C([H])([H])[H])c([H])c2OC([H])([H])[H])nc(-c2c([H])nc3c([H])c([H])c([H])c([H])n23)c1Cl,0,0.0,0.0,0.0,0.0,0.0,0.0,0.0,0.0,0.0,0.0,-1481953.8506495918,53.72715107537806,-1481943.595431397,-1481950.827391154
S2-38.4,reactant,[H]c1nc(N([H])c2c([H])c(N([H])C(=O)[C:91]([H])=[C:92]([H])[H])c(C([H])([H])N(C([H])([H])[H])C([H])([H])[H])c([H])c2OC([H])([H])[H])nc(-c2c([H])nc3c([H])c([H])c([H])c([H])n23)c1Cl,0,0.0,0.0,0.0,0.0,0.0,0.0,0.0,0.0,0.0,0.0,-1206667.323879546,62.244846975430846,-1206657.9681114843,-1206664.2909830036
S2-38.4,intermediate,[H]C1=C([H])c2nc([H])c(-c3nc(N([H])c4c([H])c(N([H])C(=O)[C-:91]([H])[C:92]([H])([H])[S:93]C([H])([H])[H])c(C([H])([H])N(C([H])([H])[H])C([H])([H])[H])c([H])c4OC([H])([H])[H])nc([H])c3Cl)n2C([H])=C1[H],-1,0.0,0.0,0.0,0.0,0.0,0.0,0.0,0.0,0.0,0.0,-1481595.8264082572,72.60462282411754,-1481584.1600461935,-1481591.0853239913
S2-38.4,product,[H]c1nc(N([H])c2c([H])c(N([H])C(=O)[C:91]([H])([H])[C:92]([H])([H])[S:93]C([H])([H])[H])c(C([H])([H])N(C([H])([H])[H])C([H])([H])[H])c([H])c2OC([H])([H])[H])nc(-c2c([H])nc3c([H])c([H])c([H])c([H])n23)c1Cl,0,0.0,0.0,0.0,0.0,0.0,0.0,0.0,0.0,0.0,0.0,-1481961.8307197972,72.10075820982456,-1481952.9484889135,-1481958.4850549395
S2-38.5,reactant,[H]c1nc(N([H])c2c([H])c(N([H])C(=O)[C:91]([H])=[C:92]([H])[H])c(C([H])([H])N(C([H])([H])[H])C([H])([H])[H])c([H])c2OC([H])([H])[H])nc(-c2c([H])nc3c([H])c([H])c([H])c([H])n23)c1Cl,0,0.0,0.0,0.0,0.0,0.0,0.0,0.0,0.0,0.0,0.0,-1206662.2313645852,56.082871025428176,-1206653.7392762585,-1206659.5186202566
S2-38.5,intermediate,[H]C1=C([H])c2nc([H])c(-c3nc(N([H])c4c([H])c(N([H])C(=O)[C-:91]([H])[C:92]([H])([H])[S:93]C([H])([H])[H])c(C([H])([H])N(C([H])([H])[H])C([H])([H])[H])c([H])c4OC([H])([H])[H])nc([H])c3Cl)n2C([H])=C1[H],-1,0.0,0.0,0.0,0.0,0.0,0.0,0.0,0.0,0.0,0.0,-1481598.3349050402,90.98116862773895,-1481588.958172864,-1481593.4062818422
S2-38.5,product,[H]c1nc(N([H])c2c([H])c(N([H])C(=O)[C:91]([H])([H])[C:92]([H])([H])[S:93]C([H])([H])[H])c(C([H])([H])N(C([H])([H])[H])C([H])([H])[H])c([H])c2OC([H])([H])[H])nc(-c2c([H])nc3c([H])c([H])c([H])c([H])n23)c1Cl,0,0.0,0.0,0.0,0.0,0.0,0.0,0.0,0.0,0.0,0.0,-1481960.889687813,98.0375391356647,-1481948.3347452867,-1481957.0303279245
S2-38.6,reactant,[H]c1nc(N([H])c2c([H])c(N([H])C(=O)[C:91]([H])=[C:92]([H])[H])c(C([H])([H])N(C([H])([H])[H])C([H])([H])[H])c([H])c2OC([H])([H])[H])nc(-c2c([H])nc3c([H])c([H])c([H])c([H])n23)c1Cl,0,0.0,0.0,0.0,0.0,0.0,0.0,0.0,0.0,0.0,0.0,-1206664.7097869632,64.43209090642631,-1206655.6004475874,-1206661.7512737163
S2-38.6,intermediate,[H]C1=C([H])c2nc([H])c(-c3nc(N([H])c4c([H])c(N([H])C(=O)[C-:91]([H])[C:92]([H])([H])[S:93]C([H])([H])[H])c(C([H])([H])N(C([H])([H])[H])C([H])([H])[H])c([H])c4OC([H])([H])[H])nc([H])c3Cl)n2C([H])=C1[H],-1,0.0,0.0,0.0,0.0,0.0,0.0,0.0,0.0,0.0,0.0,-1481596.5054520373,76.66313954815269,-1481584.680602807,-1481591.3418361247
S2-38.6,product,[H]c1nc(N([H])c2c([H])c(N([H])C(=O)[C:91]([H])([H])[C:92]([H])([H])[S:93]C([H])([H])[H])c(C([H])([H])N(C([H])([H])[H])C([H])([H])[H])c([H])c2OC([H])([H])[H])nc(-c2c([H])nc3c([H])c([H])c([H])c([H])n23)c1Cl,0,0.0,0.0,0.0,0.0,0.0,0.0,0.0,0.0,0.0,0.0,-1481963.4442418704,76.59293541125953,-1481953.343123388,-1481959.4075034708
S2-38.7,reactant,[H]c1nc(N([H])c2c([H])c(N([H])C(=O)[C:91]([H])=[C:92]([H])[H])c(C([H])([H])N(C([H])([H])[H])C([H])([H])[H])c([H])c2OC([H])([H])[H])nc(-c2c([H])nc3c([H])c([H])c([H])c([H])n23)c1Cl,0,0.0,0.0,0.0,0.0,0.0,0.0,0.0,0.0,0.0,0.0,-1206664.7363646002,75.20055015012622,-1206657.3801486176,-1206661.78924334
S2-38.7,intermediate,[H]C1=C([H])c2nc([H])c(-c3nc(N([H])c4c([H])c(N([H])C(=O)[C-:91]([H])[C:92]([H])([H])[S:93]C([H])([H])[H])c(C([H])([H])N(C([H])([H])[H])C([H])([H])[H])c([H])c4OC([H])([H])[H])nc([H])c3Cl)n2C([H])=C1[H],-1,0.0,0.0,0.0,0.0,0.0,0.0,0.0,0.0,0.0,0.0,-1481591.3689910583,197.37173585034907,-1481580.273740298,-1481586.3600191663
S2-38.7,product,[H]c1nc(N([H])c2c([H])c(N([H])C(=O)[C:91]([H])([H])[C:92]([H])([H])[S:93]C([H])([H])[H])c(C([H])([H])N(C([H])([H])[H])C([H])([H])[H])c([H])c2OC([H])([H])[H])nc(-c2c([H])nc3c([H])c([H])c([H])c([H])n23)c1Cl,0,0.0,0.0,0.0,0.0,0.0,0.0,0.0,0.0,0.0,0.0,-1481963.7936877643,131.8714554067701,-1481953.7789603472,-1481960.1955518497
S2-38.8,reactant,[H]c1nc(N([H])c2c([H])c(N([H])C(=O)[C:91]([H])=[C:92]([H])[H])c(C([H])([H])N(C([H])([H])[H])C([H])([H])[H])c([H])c2OC([H])([H])[H])nc(-c2c([H])nc3c([H])c([H])c([H])c([H])n23)c1Cl,0,0.0,0.0,0.0,0.0,0.0,0.0,0.0,0.0,0.0,0.0,-1206659.6792296756,99.40463020466268,-1206650.0252191816,-1206657.0190248375
S2-38.8,intermediate,[H]C1=C([H])c2nc([H])c(-c3nc(N([H])c4c([H])c(N([H])C(=O)[C-:91]([H])[C:92]([H])([H])[S:93]C([H])([H])[H])c(C([H])([H])N(C([H])([H])[H])C([H])([H])[H])c([H])c4OC([H])([H])[H])nc([H])c3Cl)n2C([H])=C1[H],-1,0.0,0.0,0.0,0.0,0.0,0.0,0.0,0.0,0.0,0.0,-1481595.7867672225,81.23105705529451,-1481583.9419435288,-1481591.0729148628
S2-38.8,product,[H]c1nc(N([H])c2c([H])c(N([H])C(=O)[C:91]([H])([H])[C:92]([H])([H])[S:93]C([H])([H])[H])c(C([H])([H])N(C([H])([H])[H])C([H])([H])[H])c([H])c2OC([H])([H])[H])nc(-c2c([H])nc3c([H])c([H])c([H])c([H])n23)c1Cl,0,0.0,0.0,0.0,0.0,0.0,0.0,0.0,0.0,0.0,0.0,-1481957.3663255563,57.18786813132465,-1481946.9598831362,-1481954.391406089
S2-38.9,reactant,[H]c1nc(N([H])c2c([H])c(N([H])C(=O)[C:91]([H])=[C:92]([H])[H])c(C([H])([H])N(C([H])([H])[H])C([H])([H])[H])c([H])c2OC([H])([H])[H])nc(-c2c([H])nc3c([H])c([H])c([H])c([H])n23)c1Cl,0,0.0,0.0,0.0,0.0,0.0,0.0,0.0,0.0,0.0,0.0,-1206668.225221013,93.04969324171543,-1206657.8911550953,-1206664.7827187702
S2-38.9,intermediate,[H]C1=C([H])c2nc([H])c(-c3nc(N([H])c4c([H])c(N([H])C(=O)[C-:91]([H])[C:92]([H])([H])[S:93]C([H])([H])[H])c(C([H])([H])N(C([H])([H])[H])C([H])([H])[H])c([H])c4OC([H])([H])[H])nc([H])c3Cl)n2C([H])=C1[H],-1,0.0,0.0,0.0,0.0,0.0,0.0,0.0,0.0,0.0,0.0,-1481596.6735718104,67.93306512571871,-1481584.2168521814,-1481591.4458484822
S2-38.9,product,[H]c1nc(N([H])c2c([H])c(N([H])C(=O)[C:91]([H])([H])[C:92]([H])([H])[S:93]C([H])([H])[H])c(C([H])([H])N(C([H])([H])[H])C([H])([H])[H])c([H])c2OC([H])([H])[H])nc(-c2c([H])nc3c([H])c([H])c([H])c([H])n23)c1Cl,0,0.0,0.0,0.0,0.0,0.0,0.0,0.0,0.0,0.0,0.0,-1481960.8814792046,73.27080593444407,-1481951.3982330523,-1481957.2624506503
S2-38.10,reactant,[H]c1nc(N([H])c2c([H])c(N([H])C(=O)[C:91]([H])=[C:92]([H])[H])c(C([H])([H])N(C([H])([H])[H])C([H])([H])[H])c([H])c2OC([H])([H])[H])nc(-c2c([H])nc3c([H])c([H])c([H])c([H])n23)c1Cl,0,0.0,0.0,0.0,0.0,0.0,0.0,0.0,0.0,0.0,0.0,-1206665.7969849547,74.64683369919658,-1206656.9520639272,-1206662.6671135756
S2-38.10,intermediate,[H]C1=C([H])c2nc([H])c(-c3nc(N([H])c4c([H])c(N([H])C(=O)[C-:91]([H])[C:92]([H])([H])[S:93]C([H])([H])[H])c(C([H])([H])N(C([H])([H])[H])C([H])([H])[H])c([H])c4OC([H])([H])[H])nc([H])c3Cl)n2C([H])=C1[H],-1,0.0,0.0,0.0,0.0,0.0,0.0,0.0,0.0,0.0,0.0,-1481592.4955496837,43.943820806220174,-1481582.4203710628,-1481588.8291223273
S2-38.10,product,[H]c1nc(N([H])c2c([H])c(N([H])C(=O)[C:91]([H])([H])[C:92]([H])([H])[S:93]C([H])([H])[H])c(C([H])([H])N(C([H])([H])[H])C([H])([H])[H])c([H])c2OC([H])([H])[H])nc(-c2c([H])nc3c([H])c([H])c([H])c([H])n23)c1Cl,0,0.0,0.0,0.0,0.0,0.0,0.0,0.0,0.0,0.0,0.0,-1481957.3990280353,56.253073025494814,-1481946.0848279088,-1481954.3782657182
S2-55.1,reactant,[H]c1nc(N([H])c2c([H])c([H])c([H])c(C([H])([H])[H])c2[H])c2c([H])c(N([H])C(=O)[C:91]([H])=[C:92]([H])[H])c([H])c([H])c2n1,0,0.0,0.0,0.0,0.0,0.0,0.0,0.0,0.0,0.0,0.0,-621124.7323394977,36.403639970347285,-621119.9275739159,-621123.2172464989
S2-55.1,intermediate,[H]c1nc(N([H])c2c([H])c([H])c([H])c(C([H])([H])[H])c2[H])c2c([H])c(N([H])C(=O)[C-:91]([H])[C:92]([H])([H])[S:93]C([H])([H])[H])c([H])c([H])c2n1,-1,0.0,0.0,0.0,0.0,0.0,0.0,0.0,0.0,0.0,0.0,-896066.5401424011,38.78772570192814,-896059.7973728077,-896063.7684258476
S2-55.1,product,[H]c1nc(N([H])c2c([H])c([H])c([H])c(C([H])([H])[H])c2[H])c2c([H])c(N([H])C(=O)[C:91]([H])([H])[C:92]([H])([H])[S:93]C([H])([H])[H])c([H])c([H])c2n1,0,0.0,0.0,0.0,0.0,0.0,0.0,0.0,0.0,0.0,0.0,-896418.6842877314,37.03771618939936,-896412.7727757947,-896416.2993544183
S2-55.2,reactant,[H]c1nc(N([H])c2c([H])c([H])c([H])c(C([H])([H])[H])c2[H])c2c([H])c(N([H])C(=O)[C:91]([H])=[C:92]([H])[H])c([H])c([H])c2n1,0,0.0,0.0,0.0,0.0,0.0,0.0,0.0,0.0,0.0,0.0,-621123.34475208,28.814701046794653,-621118.3390487866,-621121.779876869
S2-55.2,intermediate,[H]c1nc(N([H])c2c([H])c([H])c([H])c(C([H])([H])[H])c2[H])c2c([H])c(N([H])C(=O)[C-:91]([H])[C:92]([H])([H])[S:93]C([H])([H])[H])c([H])c([H])c2n1,-1,0.0,0.0,0.0,0.0,0.0,0.0,0.0,0.0,0.0,0.0,-896064.9878522565,43.920191403478384,-896058.3688660556,-896062.0772711236
S2-55.2,product,[H]c1nc(N([H])c2c([H])c([H])c([H])c(C([H])([H])[H])c2[H])c2c([H])c(N([H])C(=O)[C:91]([H])([H])[C:92]([H])([H])[S:93]C([H])([H])[H])c([H])c([H])c2n1,0,0.0,0.0,0.0,0.0,0.0,0.0,0.0,0.0,0.0,0.0,-896416.9184638126,42.69193661957979,-896410.7185839649,-896414.983068632
S2-55.3,reactant,[H]c1nc(N([H])c2c([H])c([H])c([H])c(C([H])([H])[H])c2[H])c2c([H])c(N([H])C(=O)[C:91]([H])=[C:92]([H])[H])c([H])c([H])c2n1,0,0.0,0.0,0.0,0.0,0.0,0.0,0.0,0.0,0.0,0.0,-621123.3189029364,40.2385029271245,-621117.5029775756,-621121.745010902
S2-55.3,intermediate,[H]c1nc(N([H])c2c([H])c([H])c([H])c(C([H])([H])[H])c2[H])c2c([H])c(N([H])C(=O)[C-:91]([H])[C:92]([H])([H])[S:93]C([H])([H])[H])c([H])c([H])c2n1,-1,0.0,0.0,0.0,0.0,0.0,0.0,0.0,0.0,0.0,0.0,-896066.5401753895,59.69131813570857,-896060.943543024,-896063.754691686
S2-55.3,product,[H]c1nc(N([H])c2c([H])c([H])c([H])c(C([H])([H])[H])c2[H])c2c([H])c(N([H])C(=O)[C:91]([H])([H])[C:92]([H])([H])[S:93]C([H])([H])[H])c([H])c([H])c2n1,0,0.0,0.0,0.0,0.0,0.0,0.0,0.0,0.0,0.0,0.0,-896418.3489828558,105.20838504098356,-896410.892190805,-896415.5751055635
S2-55.4,reactant,[H]c1nc(N([H])c2c([H])c([H])c([H])c(C([H])([H])[H])c2[H])c2c([H])c(N([H])C(=O)[C:91]([H])=[C:92]([H])[H])c([H])c([H])c2n1,0,0.0,0.0,0.0,0.0,0.0,0.0,0.0,0.0,0.0,0.0,-621124.7229075704,33.100972417742014,-621120.5327182299,-621123.2452041497
S2-55.4,intermediate,[H]c1nc(N([H])c2c([H])c([H])c([H])c(C([H])([H])[H])c2[H])c2c([H])c(N([H])C(=O)[C-:91]([H])[C:92]([H])([H])[S:93]C([H])([H])[H])c([H])c([H])c2n1,-1,0.0,0.0,0.0,0.0,0.0,0.0,0.0,0.0,0.0,0.0,-896063.5462051337,37.4439279474318,-896056.3358472667,-896060.639654081
S2-55.4,product,[H]c1nc(N([H])c2c([H])c([H])c([H])c(C([H])([H])[H])c2[H])c2c([H])c(N([H])C(=O)[C:91]([H])([H])[C:92]([H])([H])[S:93]C([H])([H])[H])c([H])c([H])c2n1,0,0.0,0.0,0.0,0.0,0.0,0.0,0.0,0.0,0.0,0.0,-896418.2259362038,77.80639002285898,-896411.2611493248,-896415.3778680483
S2-55.5,reactant,[H]c1nc(N([H])c2c([H])c([H])c([H])c(C([H])([H])[H])c2[H])c2c([H])c(N([H])C(=O)[C:91]([H])=[C:92]([H])[H])c([H])c([H])c2n1,0,0.0,0.0,0.0,0.0,0.0,0.0,0.0,0.0,0.0,0.0,-621122.0074774378,29.525968359783292,-621117.9808719684,-621120.3699920566
S2-55.5,intermediate,[H]c1nc(N([H])c2c([H])c([H])c([H])c(C([H])([H])[H])c2[H])c2c([H])c(N([H])C(=O)[C-:91]([H])[C:92]([H])([H])[S:93]C([H])([H])[H])c([H])c([H])c2n1,-1,0.0,0.0,0.0,0.0,0.0,0.0,0.0,0.0,0.0,0.0,-896062.5647898759,78.26955069229007,-896056.071121027,-896059.5096921546
S2-55.5,product,[H]c1nc(N([H])c2c([H])c([H])c([H])c(C([H])([H])[H])c2[H])c2c([H])c(N([H])C(=O)[C:91]([H])([H])[C:92]([H])([H])[S:93]C([H])([H])[H])c([H])c([H])c2n1,0,0.0,0.0,0.0,0.0,0.0,0.0,0.0,0.0,0.0,0.0,-896418.2144177617,86.56372288241982,-896411.387175927,-896415.4670466316
S2-55.6,reactant,[H]c1nc(N([H])c2c([H])c([H])c([H])c(C([H])([H])[H])c2[H])c2c([H])c(N([H])C(=O)[C:91]([H])=[C:92]([H])[H])c([H])c([H])c2n1,0,0.0,0.0,0.0,0.0,0.0,0.0,0.0,0.0,0.0,0.0,-621123.2859173069,36.28183052688837,-621118.5042133508,-621121.6776101466
S2-55.6,intermediate,[H]c1nc(N([H])c2c([H])c([H])c([H])c(C([H])([H])[H])c2[H])c2c([H])c(N([H])C(=O)[C-:91]([H])[C:92]([H])([H])[S:93]C([H])([H])[H])c([H])c([H])c2n1,-1,0.0,0.0,0.0,0.0,0.0,0.0,0.0,0.0,0.0,0.0,-896064.994867785,38.05629558302462,-896058.3604210307,-896061.9936070975
S2-55.6,product,[H]c1nc(N([H])c2c([H])c([H])c([H])c(C([H])([H])[H])c2[H])c2c([H])c(N([H])C(=O)[C:91]([H])([H])[C:92]([H])([H])[S:93]C([H])([H])[H])c([H])c([H])c2n1,0,0.0,0.0,0.0,0.0,0.0,0.0,0.0,0.0,0.0,0.0,-896416.8700368729,41.054474622011185,-896411.6409775154,-896414.9642157736
S2-55.7,reactant,[H]c1nc(N([H])c2c([H])c([H])c([H])c(C([H])([H])[H])c2[H])c2c([H])c(N([H])C(=O)[C:91]([H])=[C:92]([H])[H])c([H])c([H])c2n1,0,0.0,0.0,0.0,0.0,0.0,0.0,0.0,0.0,0.0,0.0,-621124.7529517362,35.19178928434849,-621119.2608980288,-621123.2094419984
S2-55.7,intermediate,[H]c1nc(N([H])c2c([H])c([H])c([H])c(C([H])([H])[H])c2[H])c2c([H])c(N([H])C(=O)[C-:91]([H])[C:92]([H])([H])[S:93]C([H])([H])[H])c([H])c([H])c2n1,-1,0.0,0.0,0.0,0.0,0.0,0.0,0.0,0.0,0.0,0.0,-896066.5548002373,63.150232784450054,-896059.5509881064,-896063.6047045249
S2-55.7,product,[H]c1nc(N([H])c2c([H])c([H])c([H])c(C([H])([H])[H])c2[H])c2c([H])c(N([H])C(=O)[C:91]([H])([H])[C:92]([H])([H])[S:93]C([H])([H])[H])c([H])c([H])c2n1,0,0.0,0.0,0.0,0.0,0.0,0.0,0.0,0.0,0.0,0.0,-896416.6668834417,52.22314056567848,-896410.7070435305,-896414.3325817916
S2-55.8,reactant,[H]c1nc(N([H])c2c([H])c([H])c([H])c(C([H])([H])[H])c2[H])c2c([H])c(N([H])C(=O)[C:91]([H])=[C:92]([H])[H])c([H])c([H])c2n1,0,0.0,0.0,0.0,0.0,0.0,0.0,0.0,0.0,0.0,0.0,-621121.8726979193,98.96457735449076,-621115.5014214527,-621119.4914593045
S2-55.8,intermediate,[H]c1nc(N([H])c2c([H])c([H])c([H])c(C([H])([H])[H])c2[H])c2c([H])c(N([H])C(=O)[C-:91]([H])[C:92]([H])([H])[S:93]C([H])([H])[H])c([H])c([H])c2n1,-1,0.0,0.0,0.0,0.0,0.0,0.0,0.0,0.0,0.0,0.0,-896065.0706091021,53.930216858163476,-896057.115307671,-896062.1344124933
S2-55.8,product,[H]c1nc(N([H])c2c([H])c([H])c([H])c(C([H])([H])[H])c2[H])c2c([H])c(N([H])C(=O)[C:91]([H])([H])[C:92]([H])([H])[S:93]C([H])([H])[H])c([H])c([H])c2n1,0,0.0,0.0,0.0,0.0,0.0,0.0,0.0,0.0,0.0,0.0,-896418.5691143059,31.981708519160748,-896412.6364788108,-896416.2144753203
S2-55.9,reactant,[H]c1nc(N([H])c2c([H])c([H])c([H])c(C([H])([H])[H])c2[H])c2c([H])c(N([H])C(=O)[C:91]([H])=[C:92]([H])[H])c([H])c([H])c2n1,0,0.0,0.0,0.0,0.0,0.0,0.0,0.0,0.0,0.0,0.0,-621121.9085562867,33.312288438901305,-621117.7754670804,-621120.2860283862
S2-55.9,intermediate,[H]c1nc(N([H])c2c([H])c([H])c([H])c(C([H])([H])[H])c2[H])c2c([H])c(N([H])C(=O)[C-:91]([H])[C:92]([H])([H])[S:93]C([H])([H])[H])c([H])c([H])c2n1,-1,0.0,0.0,0.0,0.0,0.0,0.0,0.0,0.0,0.0,0.0,-896064.9661568996,42.402861872687936,-896058.4190028929,-896062.0345346791
S2-55.9,product,[H]c1nc(N([H])c2c([H])c([H])c([H])c(C([H])([H])[H])c2[H])c2c([H])c(N([H])C(=O)[C:91]([H])([H])[C:92]([H])([H])[S:93]C([H])([H])[H])c([H])c([H])c2n1,0,0.0,0.0,0.0,0.0,0.0,0.0,0.0,0.0,0.0,0.0,-896419.615131805,29.847658528015018,-896413.005470319,-896417.7848815827
S2-55.10,reactant,[H]c1nc(N([H])c2c([H])c([H])c([H])c(C([H])([H])[H])c2[H])c2c([H])c(N([H])C(=O)[C:91]([H])=[C:92]([H])[H])c([H])c([H])c2n1,0,0.0,0.0,0.0,0.0,0.0,0.0,0.0,0.0,0.0,0.0,-621121.9152309353,36.00890158675611,-621117.5886813831,-621120.2523884872
S2-55.10,intermediate,[H]c1nc(N([H])c2c([H])c([H])c([H])c(C([H])([H])[H])c2[H])c2c([H])c(N([H])C(=O)[C-:91]([H])[C:92]([H])([H])[S:93]C([H])([H])[H])c([H])c([H])c2n1,-1,0.0,0.0,0.0,0.0,0.0,0.0,0.0,0.0,0.0,0.0,-896066.5713713994,54.9524588920176,-896060.1681676806,-896063.7814232687
S2-55.10,product,[H]c1nc(N([H])c2c([H])c([H])c([H])c(C([H])([H])[H])c2[H])c2c([H])c(N([H])C(=O)[C:91]([H])([H])[C:92]([H])([H])[S:93]C([H])([H])[H])c([H])c([H])c2n1,0,0.0,0.0,0.0,0.0,0.0,0.0,0.0,0.0,0.0,0.0,-896418.6006951802,40.241482976824045,-896411.5317584921,-896416.267691073
S2-42.1,reactant,[H]c1nc(N([H])c2c([H])c(N([H])C(=O)[C:91]([H])=[C:92]([H])[H])c([H])c([H])c2OC([H])([H])[H])nc(N([H])c2c([H])c([H])c([H])c([H])c2C(=O)N([H])OC([H])([H])[H])c1Cl,0,0.0,0.0,0.0,0.0,0.0,0.0,0.0,0.0,0.0,0.0,-1217764.4133074405,228.12875182554126,-1217753.6380934347,-1217757.446051931
S2-42.1,intermediate,[H]c1nc(N([H])c2c([H])c(N([H])C(=O)[C-:91]([H])[C:92]([H])([H])[S:93]C([H])([H])[H])c([H])c([H])c2OC([H])([H])[H])nc(N([H])c2c([H])c([H])c([H])c([H])c2C(=O)N([H])OC([H])([H])[H])c1Cl,-1,0.0,0.0,0.0,0.0,0.0,0.0,0.0,0.0,0.0,0.0,-1492695.8757926403,73.70727519318461,-1492684.1291671025,-1492690.6767829466
S2-42.1,product,[H]c1nc(N([H])c2c([H])c(N([H])C(=O)[C:91]([H])([H])[C:92]([H])([H])[S:93]C([H])([H])[H])c([H])c([H])c2OC([H])([H])[H])nc(N([H])c2c([H])c([H])c([H])c([H])c2C(=O)N([H])OC([H])([H])[H])c1Cl,0,0.0,0.0,0.0,0.0,0.0,0.0,0.0,0.0,0.0,0.0,-1493061.7313733264,73.1636591590941,-1493053.185206051,-1493057.9963301427
S2-42.2,reactant,[H]c1nc(N([H])c2c([H])c(N([H])C(=O)[C:91]([H])=[C:92]([H])[H])c([H])c([H])c2OC([H])([H])[H])nc(N([H])c2c([H])c([H])c([H])c([H])c2C(=O)N([H])OC([H])([H])[H])c1Cl,0,0.0,0.0,0.0,0.0,0.0,0.0,0.0,0.0,0.0,0.0,-1217766.8948032355,83.01651357673109,-1217759.204904306,-1217763.3660913636
S2-42.2,intermediate,[H]c1nc(N([H])c2c([H])c(N([H])C(=O)[C-:91]([H])[C:92]([H])([H])[S:93]C([H])([H])[H])c([H])c([H])c2OC([H])([H])[H])nc(N([H])c2c([H])c([H])c([H])c([H])c2C(=O)N([H])OC([H])([H])[H])c1Cl,-1,0.0,0.0,0.0,0.0,0.0,0.0,0.0,0.0,0.0,0.0,-1492698.047703499,131.57183309085667,-1492688.6073119992,-1492693.1807630707
S2-42.2,product,[H]c1nc(N([H])c2c([H])c(N([H])C(=O)[C:91]([H])([H])[C:92]([H])([H])[S:93]C([H])([H])[H])c([H])c([H])c2OC([H])([H])[H])nc(N([H])c2c([H])c([H])c([H])c([H])c2C(=O)N([H])OC([H])([H])[H])c1Cl,0,0.0,0.0,0.0,0.0,0.0,0.0,0.0,0.0,0.0,0.0,-1493061.9768398511,183.37414249219,-1493052.163418516,-1493057.6392804277
S2-42.3,reactant,[H]c1nc(N([H])c2c([H])c(N([H])C(=O)[C:91]([H])=[C:92]([H])[H])c([H])c([H])c2OC([H])([H])[H])nc(N([H])c2c([H])c([H])c([H])c([H])c2C(=O)N([H])OC([H])([H])[H])c1Cl,0,0.0,0.0,0.0,0.0,0.0,0.0,0.0,0.0,0.0,0.0,-1217767.1554883989,78.02188401669264,-1217758.1973842445,-1217763.5876852984
S2-42.3,intermediate,[H]c1nc(N([H])c2c([H])c(N([H])C(=O)[C-:91]([H])[C:92]([H])([H])[S:93]C([H])([H])[H])c([H])c([H])c2OC([H])([H])[H])nc(N([H])c2c([H])c([H])c([H])c([H])c2C(=O)N([H])OC([H])([H])[H])c1Cl,-1,0.0,0.0,0.0,0.0,0.0,0.0,0.0,0.0,0.0,0.0,-1492692.272205396,115.83800746127963,-1492677.8415656583,-1492683.4237381178
S2-42.3,product,[H]c1nc(N([H])c2c([H])c(N([H])C(=O)[C:91]([H])([H])[C:92]([H])([H])[S:93]C([H])([H])[H])c([H])c([H])c2OC([H])([H])[H])nc(N([H])c2c([H])c([H])c([H])c([H])c2C(=O)N([H])OC([H])([H])[H])c1Cl,0,0.0,0.0,0.0,0.0,0.0,0.0,0.0,0.0,0.0,0.0,-1493060.1358354175,121.6614139098674,-1493050.4532789802,-1493056.207243919
S2-42.4,reactant,[H]c1nc(N([H])c2c([H])c(N([H])C(=O)[C:91]([H])=[C:92]([H])[H])c([H])c([H])c2OC([H])([H])[H])nc(N([H])c2c([H])c([H])c([H])c([H])c2C(=O)N([H])OC([H])([H])[H])c1Cl,0,0.0,0.0,0.0,0.0,0.0,0.0,0.0,0.0,0.0,0.0,-1217760.4128507592,59.349507715553045,-1217752.76464914,-1217757.2019709183
S2-42.4,intermediate,[H]c1nc(N([H])c2c([H])c(N([H])C(=O)[C-:91]([H])[C:92]([H])([H])[S:93]C([H])([H])[H])c([H])c([H])c2OC([H])([H])[H])nc(N([H])c2c([H])c([H])c([H])c([H])c2C(=O)N([H])OC([H])([H])[H])c1Cl,-1,0.0,0.0,0.0,0.0,0.0,0.0,0.0,0.0,0.0,0.0,-1492692.458427542,80.65985454432666,-1492680.835530416,-1492687.25277069
S2-42.4,product,[H]c1nc(N([H])c2c([H])c(N([H])C(=O)[C:91]([H])([H])[C:92]([H])([H])[S:93]C([H])([H])[H])c([H])c([H])c2OC([H])([H])[H])nc(N([H])c2c([H])c([H])c([H])c([H])c2C(=O)N([H])OC([H])([H])[H])c1Cl,0,0.0,0.0,0.0,0.0,0.0,0.0,0.0,0.0,0.0,0.0,-1493063.723145646,169.0102875009179,-1493052.6328431426,-1493058.737260121
S2-42.5,reactant,[H]c1nc(N([H])c2c([H])c(N([H])C(=O)[C:91]([H])=[C:92]([H])[H])c([H])c([H])c2OC([H])([H])[H])nc(N([H])c2c([H])c([H])c([H])c([H])c2C(=O)N([H])OC([H])([H])[H])c1Cl,0,0.0,0.0,0.0,0.0,0.0,0.0,0.0,0.0,0.0,0.0,-1217768.3895726441,75.07968724705279,-1217760.3285764481,-1217764.9647081879
S2-42.5,intermediate,[H]c1nc(N([H])c2c([H])c(N([H])C(=O)[C-:91]([H])[C:92]([H])([H])[S:93]C([H])([H])[H])c([H])c([H])c2OC([H])([H])[H])nc(N([H])c2c([H])c([H])c([H])c([H])c2C(=O)N([H])OC([H])([H])[H])c1Cl,-1,0.0,0.0,0.0,0.0,0.0,0.0,0.0,0.0,0.0,0.0,-1492693.642215506,69.87145741097629,-1492681.469688009,-1492688.4884796126
S2-42.5,product,[H]c1nc(N([H])c2c([H])c(N([H])C(=O)[C:91]([H])([H])[C:92]([H])([H])[S:93]C([H])([H])[H])c([H])c([H])c2OC([H])([H])[H])nc(N([H])c2c([H])c([H])c([H])c([H])c2C(=O)N([H])OC([H])([H])[H])c1Cl,0,0.0,0.0,0.0,0.0,0.0,0.0,0.0,0.0,0.0,0.0,-1493061.9477386032,174.46648132242262,-1493051.7278344678,-1493057.709639141
S2-42.6,reactant,[H]c1nc(N([H])c2c([H])c(N([H])C(=O)[C:91]([H])=[C:92]([H])[H])c([H])c([H])c2OC([H])([H])[H])nc(N([H])c2c([H])c([H])c([H])c([H])c2C(=O)N([H])OC([H])([H])[H])c1Cl,0,0.0,0.0,0.0,0.0,0.0,0.0,0.0,0.0,0.0,0.0,-1217766.8701169323,47.42449144087732,-1217758.8093956395,-1217763.5162214744
S2-42.6,intermediate,[H]c1nc(N([H])c2c([H])c(N([H])C(=O)[C-:91]([H])[C:92]([H])([H])[S:93]C([H])([H])[H])c([H])c([H])c2OC([H])([H])[H])nc(N([H])c2c([H])c([H])c([H])c([H])c2C(=O)N([H])OC([H])([H])[H])c1Cl,-1,0.0,0.0,0.0,0.0,0.0,0.0,0.0,0.0,0.0,0.0,-1492698.1095704539,127.16933370567858,-1492686.3032771866,-1492692.8381155317
S2-42.6,product,[H]c1nc(N([H])c2c([H])c(N([H])C(=O)[C:91]([H])([H])[C:92]([H])([H])[S:93]C([H])([H])[H])c([H])c([H])c2OC([H])([H])[H])nc(N([H])c2c([H])c([H])c([H])c([H])c2C(=O)N([H])OC([H])([H])[H])c1Cl,0,0.0,0.0,0.0,0.0,0.0,0.0,0.0,0.0,0.0,0.0,-1493062.2737737445,163.65565424598753,-1493051.4134772124,-1493056.9234436094
S2-42.7,reactant,[H]c1nc(N([H])c2c([H])c(N([H])C(=O)[C:91]([H])=[C:92]([H])[H])c([H])c([H])c2OC([H])([H])[H])nc(N([H])c2c([H])c([H])c([H])c([H])c2C(=O)N([H])OC([H])([H])[H])c1Cl,0,0.0,0.0,0.0,0.0,0.0,0.0,0.0,0.0,0.0,0.0,-1217766.541805593,66.83889024890959,-1217757.9915367626,-1217763.4129018728
S2-42.7,intermediate,[H]c1nc(N([H])c2c([H])c(N([H])C(=O)[C-:91]([H])[C:92]([H])([H])[S:93]C([H])([H])[H])c([H])c([H])c2OC([H])([H])[H])nc(N([H])c2c([H])c([H])c([H])c([H])c2C(=O)N([H])OC([H])([H])[H])c1Cl,-1,0.0,0.0,0.0,0.0,0.0,0.0,0.0,0.0,0.0,0.0,-1492697.9831617363,67.52906979247928,-1492686.4259197307,-1492693.0454942244
S2-42.7,product,[H]c1nc(N([H])c2c([H])c(N([H])C(=O)[C:91]([H])([H])[C:92]([H])([H])[S:93]C([H])([H])[H])c([H])c([H])c2OC([H])([H])[H])nc(N([H])c2c([H])c([H])c([H])c([H])c2C(=O)N([H])OC([H])([H])[H])c1Cl,0,0.0,0.0,0.0,0.0,0.0,0.0,0.0,0.0,0.0,0.0,-1493062.6533765146,123.5124702192843,-1493052.6333159762,-1493058.4700817452
S2-42.8,reactant,[H]c1nc(N([H])c2c([H])c(N([H])C(=O)[C:91]([H])=[C:92]([H])[H])c([H])c([H])c2OC([H])([H])[H])nc(N([H])c2c([H])c([H])c([H])c([H])c2C(=O)N([H])OC([H])([H])[H])c1Cl,0,0.0,0.0,0.0,0.0,0.0,0.0,0.0,0.0,0.0,0.0,-1217771.378759585,198.27570826932788,-1217758.0736998173,-1217764.0907030904
S2-42.8,intermediate,[H]c1nc(N([H])c2c([H])c(N([H])C(=O)[C-:91]([H])[C:92]([H])([H])[S:93]C([H])([H])[H])c([H])c([H])c2OC([H])([H])[H])nc(N([H])c2c([H])c([H])c([H])c([H])c2C(=O)N([H])OC([H])([H])[H])c1Cl,-1,0.0,0.0,0.0,0.0,0.0,0.0,0.0,0.0,0.0,0.0,-1492693.7003190366,118.80599042586982,-1492681.4753840023,-1492687.6941414496
S2-42.8,product,[H]c1nc(N([H])c2c([H])c(N([H])C(=O)[C:91]([H])([H])[C:92]([H])([H])[S:93]C([H])([H])[H])c([H])c([H])c2OC([H])([H])[H])nc(N([H])c2c([H])c([H])c([H])c([H])c2C(=O)N([H])OC([H])([H])[H])c1Cl,0,0.0,0.0,0.0,0.0,0.0,0.0,0.0,0.0,0.0,0.0,-1493060.4076266685,79.68229133449495,-1493051.0679569356,-1493056.2797688693
S2-42.9,reactant,[H]c1nc(N([H])c2c([H])c(N([H])C(=O)[C:91]([H])=[C:92]([H])[H])c([H])c([H])c2OC([H])([H])[H])nc(N([H])c2c([H])c([H])c([H])c([H])c2C(=O)N([H])OC([H])([H])[H])c1Cl,0,0.0,0.0,0.0,0.0,0.0,0.0,0.0,0.0,0.0,0.0,-1217767.014045228,64.87910065986216,-1217757.8426382178,-1217763.6036626697
S2-42.9,intermediate,[H]c1nc(N([H])c2c([H])c(N([H])C(=O)[C-:91]([H])[C:92]([H])([H])[S:93]C([H])([H])[H])c([H])c([H])c2OC([H])([H])[H])nc(N([H])c2c([H])c([H])c([H])c([H])c2C(=O)N([H])OC([H])([H])[H])c1Cl,-1,0.0,0.0,0.0,0.0,0.0,0.0,0.0,0.0,0.0,0.0,-1492713.1780514868,168.13274447992444,-1492684.8890983867,-1492690.8532597756
S2-42.9,product,[H]c1nc(N([H])c2c([H])c(N([H])C(=O)[C:91]([H])([H])[C:92]([H])([H])[S:93]C([H])([H])[H])c([H])c([H])c2OC([H])([H])[H])nc(N([H])c2c([H])c([H])c([H])c([H])c2C(=O)N([H])OC([H])([H])[H])c1Cl,0,0.0,0.0,0.0,0.0,0.0,0.0,0.0,0.0,0.0,0.0,-1493061.7357497846,71.44372485764325,-1493050.8166404718,-1493057.0895510914
S2-42.10,reactant,[H]c1nc(N([H])c2c([H])c(N([H])C(=O)[C:91]([H])=[C:92]([H])[H])c([H])c([H])c2OC([H])([H])[H])nc(N([H])c2c([H])c([H])c([H])c([H])c2C(=O)N([H])OC([H])([H])[H])c1Cl,0,0.0,0.0,0.0,0.0,0.0,0.0,0.0,0.0,0.0,0.0,-1217765.5695501084,139.76424294151366,-1217756.531174233,-1217761.656754545
S2-42.10,intermediate,[H]c1nc(N([H])c2c([H])c(N([H])C(=O)[C-:91]([H])[C:92]([H])([H])[S:93]C([H])([H])[H])c([H])c([H])c2OC([H])([H])[H])nc(N([H])c2c([H])c([H])c([H])c([H])c2C(=O)N([H])OC([H])([H])[H])c1Cl,-1,0.0,0.0,0.0,0.0,0.0,0.0,0.0,0.0,0.0,0.0,-1492717.872616641,102.85176425240934,-1492708.2948038036,-1492713.2130301641
S2-42.10,product,[H]c1nc(N([H])c2c([H])c(N([H])C(=O)[C:91]([H])([H])[C:92]([H])([H])[S:93]C([H])([H])[H])c([H])c([H])c2OC([H])([H])[H])nc(N([H])c2c([H])c([H])c([H])c([H])c2C(=O)N([H])OC([H])([H])[H])c1Cl,0,0.0,0.0,0.0,0.0,0.0,0.0,0.0,0.0,0.0,0.0,-1493061.6861682518,67.61144234798849,-1493052.223704778,-1493057.048892915
S2-45.1,reactant,[H]c1nc(N([H])c2c([H])c(N([H])C(=O)/[C:91]([H])=[C:92](\[H])C([H])([H])N(C([H])([H])[H])C([H])([H])[H])c([H])c([H])c2OC([H])([H])[H])nc(N([H])c2c([H])c([H])c([H])c([H])c2C(=O)N([H])C([H])([H])[H])c1Cl,0,0.0,0.0,0.0,0.0,0.0,0.0,0.0,0.0,0.0,0.0,-1279326.021097578,178.3639953006059,-1279311.201755776,-1279317.5918026299
S2-45.1,intermediate,[H]c1nc(N([H])c2c([H])c(N([H])C(=O)[C-:91]([H])[C:92]([H])(C([H])([H])N(C([H])([H])[H])C([H])([H])[H])[S:93]C([H])([H])[H])c([H])c([H])c2OC([H])([H])[H])nc(N([H])c2c([H])c([H])c([H])c([H])c2C(=O)N([H])C([H])([H])[H])c1Cl,-1,0.0,0.0,0.0,0.0,0.0,0.0,0.0,0.0,0.0,0.0,-1554244.6524697938,303.34675361961126,-1554233.017116806,-1554239.2609151816
S2-45.1,product,[H]c1nc(N([H])c2c([H])c(N([H])C(=O)[C:91]([H])([H])[C:92]([H])(C([H])([H])N(C([H])([H])[H])C([H])([H])[H])[S:93]C([H])([H])[H])c([H])c([H])c2OC([H])([H])[H])nc(N([H])c2c([H])c([H])c([H])c([H])c2C(=O)N([H])C([H])([H])[H])c1Cl,0,0.0,0.0,0.0,0.0,0.0,0.0,0.0,0.0,0.0,0.0,-1554610.8379535086,271.92324869707227,-1554599.6369145166,-1554606.5376434624
S2-45.2,reactant,[H]c1nc(N([H])c2c([H])c(N([H])C(=O)/[C:91]([H])=[C:92](\[H])C([H])([H])N(C([H])([H])[H])C([H])([H])[H])c([H])c([H])c2OC([H])([H])[H])nc(N([H])c2c([H])c([H])c([H])c([H])c2C(=O)N([H])C([H])([H])[H])c1Cl,0,0.0,0.0,0.0,0.0,0.0,0.0,0.0,0.0,0.0,0.0,-1279313.5429519971,162.37704463675618,-1279304.8672723477,-1279310.21979621
S2-45.2,intermediate,[H]c1nc(N([H])c2c([H])c(N([H])C(=O)[C-:91]([H])[C:92]([H])(C([H])([H])N(C([H])([H])[H])C([H])([H])[H])[S:93]C([H])([H])[H])c([H])c([H])c2OC([H])([H])[H])nc(N([H])c2c([H])c([H])c([H])c([H])c2C(=O)N([H])C([H])([H])[H])c1Cl,-1,0.0,0.0,0.0,0.0,0.0,0.0,0.0,0.0,0.0,0.0,-1554249.4199612567,412.93373920209706,-1554226.2485612966,-1554231.4855763514
S2-45.2,product,[H]c1nc(N([H])c2c([H])c(N([H])C(=O)[C:91]([H])([H])[C:92]([H])(C([H])([H])N(C([H])([H])[H])C([H])([H])[H])[S:93]C([H])([H])[H])c([H])c([H])c2OC([H])([H])[H])nc(N([H])c2c([H])c([H])c([H])c([H])c2C(=O)N([H])C([H])([H])[H])c1Cl,0,0.0,0.0,0.0,0.0,0.0,0.0,0.0,0.0,0.0,0.0,-1554622.6129463029,382.57438970543444,-1554605.6100542424,-1554612.3688451916
S2-45.3,reactant,[H]c1nc(N([H])c2c([H])c(N([H])C(=O)/[C:91]([H])=[C:92](\[H])C([H])([H])N(C([H])([H])[H])C([H])([H])[H])c([H])c([H])c2OC([H])([H])[H])nc(N([H])c2c([H])c([H])c([H])c([H])c2C(=O)N([H])C([H])([H])[H])c1Cl,0,0.0,0.0,0.0,0.0,0.0,0.0,0.0,0.0,0.0,0.0,-1279313.9766447118,111.36547896079719,-1279304.3221778788,-1279310.8022335235
S2-45.3,intermediate,[H]c1nc(N([H])c2c([H])c(N([H])C(=O)[C-:91]([H])[C:92]([H])(C([H])([H])N(C([H])([H])[H])C([H])([H])[H])[S:93]C([H])([H])[H])c([H])c([H])c2OC([H])([H])[H])nc(N([H])c2c([H])c([H])c([H])c([H])c2C(=O)N([H])C([H])([H])[H])c1Cl,-1,0.0,0.0,0.0,0.0,0.0,0.0,0.0,0.0,0.0,0.0,-1554242.7093663285,309.90489647723734,-1554231.1134894337,-1554237.2633369074
S2-45.3,product,[H]c1nc(N([H])c2c([H])c(N([H])C(=O)[C:91]([H])([H])[C:92]([H])(C([H])([H])N(C([H])([H])[H])C([H])([H])[H])[S:93]C([H])([H])[H])c([H])c([H])c2OC([H])([H])[H])nc(N([H])c2c([H])c([H])c([H])c([H])c2C(=O)N([H])C([H])([H])[H])c1Cl,0,0.0,0.0,0.0,0.0,0.0,0.0,0.0,0.0,0.0,0.0,-1554609.2670359262,280.47634205408394,-1554598.5817482404,-1554604.8791527313
S2-45.4,reactant,[H]c1nc(N([H])c2c([H])c(N([H])C(=O)/[C:91]([H])=[C:92](\[H])C([H])([H])N(C([H])([H])[H])C([H])([H])[H])c([H])c([H])c2OC([H])([H])[H])nc(N([H])c2c([H])c([H])c([H])c([H])c2C(=O)N([H])C([H])([H])[H])c1Cl,0,0.0,0.0,0.0,0.0,0.0,0.0,0.0,0.0,0.0,0.0,-1279315.7798994442,147.0290544219315,-1279307.185283237,-1279312.5754083525
S2-45.4,intermediate,[H]c1nc(N([H])c2c([H])c(N([H])C(=O)[C-:91]([H])[C:92]([H])(C([H])([H])N(C([H])([H])[H])C([H])([H])[H])[S:93]C([H])([H])[H])c([H])c([H])c2OC([H])([H])[H])nc(N([H])c2c([H])c([H])c([H])c([H])c2C(=O)N([H])C([H])([H])[H])c1Cl,-1,0.0,0.0,0.0,0.0,0.0,0.0,0.0,0.0,0.0,0.0,-1554255.3817639765,451.25336627848446,-1554233.26184659,-1554239.2272670355
S2-45.4,product,[H]c1nc(N([H])c2c([H])c(N([H])C(=O)[C:91]([H])([H])[C:92]([H])(C([H])([H])N(C([H])([H])[H])C([H])([H])[H])[S:93]C([H])([H])[H])c([H])c([H])c2OC([H])([H])[H])nc(N([H])c2c([H])c([H])c([H])c([H])c2C(=O)N([H])C([H])([H])[H])c1Cl,0,0.0,0.0,0.0,0.0,0.0,0.0,0.0,0.0,0.0,0.0,-1554614.817770461,125.92140799760818,-1554605.307891691,-1554611.5343381795
S2-45.5,reactant,[H]c1nc(N([H])c2c([H])c(N([H])C(=O)/[C:91]([H])=[C:92](\[H])C([H])([H])N(C([H])([H])[H])C([H])([H])[H])c([H])c([H])c2OC([H])([H])[H])nc(N([H])c2c([H])c([H])c([H])c([H])c2C(=O)N([H])C([H])([H])[H])c1Cl,0,0.0,0.0,0.0,0.0,0.0,0.0,0.0,0.0,0.0,0.0,-1279313.9797621137,135.59195991791785,-1279304.60097916,-1279310.789648457
S2-45.5,intermediate,[H]c1nc(N([H])c2c([H])c(N([H])C(=O)[C-:91]([H])[C:92]([H])(C([H])([H])N(C([H])([H])[H])C([H])([H])[H])[S:93]C([H])([H])[H])c([H])c([H])c2OC([H])([H])[H])nc(N([H])c2c([H])c([H])c([H])c([H])c2C(=O)N([H])C([H])([H])[H])c1Cl,-1,0.0,0.0,0.0,0.0,0.0,0.0,0.0,0.0,0.0,0.0,-1554256.0589823995,268.64366974681616,-1554243.2212469985,-1554249.9748697684
S2-45.5,product,[H]c1nc(N([H])c2c([H])c(N([H])C(=O)[C:91]([H])([H])[C:92]([H])(C([H])([H])N(C([H])([H])[H])C([H])([H])[H])[S:93]C([H])([H])[H])c([H])c([H])c2OC([H])([H])[H])nc(N([H])c2c([H])c([H])c([H])c([H])c2C(=O)N([H])C([H])([H])[H])c1Cl,0,0.0,0.0,0.0,0.0,0.0,0.0,0.0,0.0,0.0,0.0,-1554607.3775495724,302.56175166741014,-1554596.1811619417,-1554603.1450196481
S2-45.6,reactant,[H]c1nc(N([H])c2c([H])c(N([H])C(=O)/[C:91]([H])=[C:92](\[H])C([H])([H])N(C([H])([H])[H])C([H])([H])[H])c([H])c([H])c2OC([H])([H])[H])nc(N([H])c2c([H])c([H])c([H])c([H])c2C(=O)N([H])C([H])([H])[H])c1Cl,0,0.0,0.0,0.0,0.0,0.0,0.0,0.0,0.0,0.0,0.0,-1279313.4547025866,167.33752986043692,-1279303.4589544833,-1279310.2726545886
S2-45.6,intermediate,[H]c1nc(N([H])c2c([H])c(N([H])C(=O)[C-:91]([H])[C:92]([H])(C([H])([H])N(C([H])([H])[H])C([H])([H])[H])[S:93]C([H])([H])[H])c([H])c([H])c2OC([H])([H])[H])nc(N([H])c2c([H])c([H])c([H])c([H])c2C(=O)N([H])C([H])([H])[H])c1Cl,-1,0.0,0.0,0.0,0.0,0.0,0.0,0.0,0.0,0.0,0.0,-1554242.84944598,465.95061240531504,-1554225.2030386233,-1554232.2753071375
S2-45.6,product,[H]c1nc(N([H])c2c([H])c(N([H])C(=O)[C:91]([H])([H])[C:92]([H])(C([H])([H])N(C([H])([H])[H])C([H])([H])[H])[S:93]C([H])([H])[H])c([H])c([H])c2OC([H])([H])[H])nc(N([H])c2c([H])c([H])c([H])c([H])c2C(=O)N([H])C([H])([H])[H])c1Cl,0,0.0,0.0,0.0,0.0,0.0,0.0,0.0,0.0,0.0,0.0,-1554607.3540068662,298.65267988853157,-1554597.1905623407,-1554603.444631098
S2-45.7,reactant,[H]c1nc(N([H])c2c([H])c(N([H])C(=O)/[C:91]([H])=[C:92](\[H])C([H])([H])N(C([H])([H])[H])C([H])([H])[H])c([H])c([H])c2OC([H])([H])[H])nc(N([H])c2c([H])c([H])c([H])c([H])c2C(=O)N([H])C([H])([H])[H])c1Cl,0,0.0,0.0,0.0,0.0,0.0,0.0,0.0,0.0,0.0,0.0,-1279310.832170477,116.85382948070765,-1279299.377472846,-1279306.1497835326
S2-45.7,intermediate,[H]c1nc(N([H])c2c([H])c(N([H])C(=O)[C-:91]([H])[C:92]([H])(C([H])([H])N(C([H])([H])[H])C([H])([H])[H])[S:93]C([H])([H])[H])c([H])c([H])c2OC([H])([H])[H])nc(N([H])c2c([H])c([H])c([H])c([H])c2C(=O)N([H])C([H])([H])[H])c1Cl,-1,0.0,0.0,0.0,0.0,0.0,0.0,0.0,0.0,0.0,0.0,-1554237.70626087,198.0133803859353,-1554226.0928011693,-1554231.9107745585
S2-45.7,product,[H]c1nc(N([H])c2c([H])c(N([H])C(=O)[C:91]([H])([H])[C:92]([H])(C([H])([H])N(C([H])([H])[H])C([H])([H])[H])[S:93]C([H])([H])[H])c([H])c([H])c2OC([H])([H])[H])nc(N([H])c2c([H])c([H])c([H])c([H])c2C(=O)N([H])C([H])([H])[H])c1Cl,0,0.0,0.0,0.0,0.0,0.0,0.0,0.0,0.0,0.0,0.0,-1554602.7615737321,213.42023999243975,-1554590.4462422936,-1554596.6271098389
S2-45.8,reactant,[H]c1nc(N([H])c2c([H])c(N([H])C(=O)/[C:91]([H])=[C:92](\[H])C([H])([H])N(C([H])([H])[H])C([H])([H])[H])c([H])c([H])c2OC([H])([H])[H])nc(N([H])c2c([H])c([H])c([H])c([H])c2C(=O)N([H])C([H])([H])[H])c1Cl,0,0.0,0.0,0.0,0.0,0.0,0.0,0.0,0.0,0.0,0.0,-1279312.2190678876,113.88084411248565,-1279303.5543348817,-1279309.1374969925
S2-45.8,intermediate,[H]c1nc(N([H])c2c([H])c(N([H])C(=O)[C-:91]([H])[C:92]([H])(C([H])([H])N(C([H])([H])[H])C([H])([H])[H])[S:93]C([H])([H])[H])c([H])c([H])c2OC([H])([H])[H])nc(N([H])c2c([H])c([H])c([H])c([H])c2C(=O)N([H])C([H])([H])[H])c1Cl,-1,0.0,0.0,0.0,0.0,0.0,0.0,0.0,0.0,0.0,0.0,-1554240.6962175397,322.61391867138445,-1554228.5790252988,-1554235.4801061207
S2-45.8,product,[H]c1nc(N([H])c2c([H])c(N([H])C(=O)[C:91]([H])([H])[C:92]([H])(C([H])([H])N(C([H])([H])[H])C([H])([H])[H])[S:93]C([H])([H])[H])c([H])c([H])c2OC([H])([H])[H])nc(N([H])c2c([H])c([H])c([H])c([H])c2C(=O)N([H])C([H])([H])[H])c1Cl,0,0.0,0.0,0.0,0.0,0.0,0.0,0.0,0.0,0.0,0.0,-1554609.0777596063,259.83629334904253,-1554599.3402500283,-1554605.190936893
S2-45.9,reactant,[H]c1nc(N([H])c2c([H])c(N([H])C(=O)/[C:91]([H])=[C:92](\[H])C([H])([H])N(C([H])([H])[H])C([H])([H])[H])c([H])c([H])c2OC([H])([H])[H])nc(N([H])c2c([H])c([H])c([H])c([H])c2C(=O)N([H])C([H])([H])[H])c1Cl,0,0.0,0.0,0.0,0.0,0.0,0.0,0.0,0.0,0.0,0.0,-1279315.2876963422,130.0380261838436,-1279306.5792977193,-1279311.9036769965
S2-45.9,intermediate,[H]c1nc(N([H])c2c([H])c(N([H])C(=O)[C-:91]([H])[C:92]([H])(C([H])([H])N(C([H])([H])[H])C([H])([H])[H])[S:93]C([H])([H])[H])c([H])c([H])c2OC([H])([H])[H])nc(N([H])c2c([H])c([H])c([H])c([H])c2C(=O)N([H])C([H])([H])[H])c1Cl,-1,0.0,0.0,0.0,0.0,0.0,0.0,0.0,0.0,0.0,0.0,-1554244.4638422453,261.36086074635386,-1554234.1512902486,-1554239.7178811973
S2-45.9,product,[H]c1nc(N([H])c2c([H])c(N([H])C(=O)[C:91]([H])([H])[C:92]([H])(C([H])([H])N(C([H])([H])[H])C([H])([H])[H])[S:93]C([H])([H])[H])c([H])c([H])c2OC([H])([H])[H])nc(N([H])c2c([H])c([H])c([H])c([H])c2C(=O)N([H])C([H])([H])[H])c1Cl,0,0.0,0.0,0.0,0.0,0.0,0.0,0.0,0.0,0.0,0.0,-1554610.0355661812,389.40375881269574,-1554597.6336622413,-1554604.1382777337
S2-45.10,reactant,[H]c1nc(N([H])c2c([H])c(N([H])C(=O)/[C:91]([H])=[C:92](\[H])C([H])([H])N(C([H])([H])[H])C([H])([H])[H])c([H])c([H])c2OC([H])([H])[H])nc(N([H])c2c([H])c([H])c([H])c([H])c2C(=O)N([H])C([H])([H])[H])c1Cl,0,0.0,0.0,0.0,0.0,0.0,0.0,0.0,0.0,0.0,0.0,-1279312.4186915623,157.73914903216064,-1279303.2053013425,-1279308.030000152
S2-45.10,intermediate,[H]c1nc(N([H])c2c([H])c(N([H])C(=O)[C-:91]([H])[C:92]([H])(C([H])([H])N(C([H])([H])[H])C([H])([H])[H])[S:93]C([H])([H])[H])c([H])c([H])c2OC([H])([H])[H])nc(N([H])c2c([H])c([H])c([H])c([H])c2C(=O)N([H])C([H])([H])[H])c1Cl,-1,0.0,0.0,0.0,0.0,0.0,0.0,0.0,0.0,0.0,0.0,-1554235.6326333869,208.26187180541456,-1554221.1762462198,-1554227.7194471192
S2-45.10,product,[H]c1nc(N([H])c2c([H])c(N([H])C(=O)[C:91]([H])([H])[C:92]([H])(C([H])([H])N(C([H])([H])[H])C([H])([H])[H])[S:93]C([H])([H])[H])c([H])c([H])c2OC([H])([H])[H])nc(N([H])c2c([H])c([H])c([H])c([H])c2C(=O)N([H])C([H])([H])[H])c1Cl,0,0.0,0.0,0.0,0.0,0.0,0.0,0.0,0.0,0.0,0.0,-1554608.574455915,259.84751626104116,-1554597.4541394853,-1554603.699356361
S2-47.1,reactant,[H]c1nc(N([H])c2c([H])c(N([H])C(=O)[C:91]3=[C:92]([H])C([H])([H])C([H])([H])N(C([H])([H])[H])C3([H])[H])c([H])c([H])c2OC([H])([H])[H])nc(-c2c([H])nn3c([H])c([H])c([H])c([H])c23)c1Cl,0,0.0,0.0,0.0,0.0,0.0,0.0,0.0,0.0,0.0,0.0,-1230578.1251088716,31.73299352824688,-1230570.361513904,-1230575.6388682479
S2-47.1,intermediate,[H]C1=C([H])c2c(-c3nc(N([H])c4c([H])c(N([H])C(=O)[C-:91]5C([H])([H])N(C([H])([H])[H])C([H])([H])C([H])([H])[C:92]5([H])[S:93]C([H])([H])[H])c([H])c([H])c4OC([H])([H])[H])nc([H])c3Cl)c([H])nn2C([H])=C1[H],-1,0.0,0.0,0.0,0.0,0.0,0.0,0.0,0.0,0.0,0.0,-1505518.1183310326,160.8147101830691,-1505506.3518767303,-1505512.3045691596
S2-47.1,product,[H]c1nc(N([H])c2c([H])c(N([H])C(=O)[C:91]3([H])C([H])([H])N(C([H])([H])[H])C([H])([H])C([H])([H])[C:92]3([H])[S:93]C([H])([H])[H])c([H])c([H])c2OC([H])([H])[H])nc(-c2c([H])nn3c([H])c([H])c([H])c([H])c23)c1Cl,0,0.0,0.0,0.0,0.0,0.0,0.0,0.0,0.0,0.0,0.0,-1505865.4994163387,55.57534191943705,-1505855.8976429424,-1505860.2914035667
S2-47.2,reactant,[H]c1nc(N([H])c2c([H])c(N([H])C(=O)[C:91]3=[C:92]([H])C([H])([H])C([H])([H])N(C([H])([H])[H])C3([H])[H])c([H])c([H])c2OC([H])([H])[H])nc(-c2c([H])nn3c([H])c([H])c([H])c([H])c23)c1Cl,0,0.0,0.0,0.0,0.0,0.0,0.0,0.0,0.0,0.0,0.0,-1230576.4417943854,76.32573721930385,-1230567.802968253,-1230573.8906106406
S2-47.2,intermediate,[H]C1=C([H])c2c(-c3nc(N([H])c4c([H])c(N([H])C(=O)[C-:91]5C([H])([H])N(C([H])([H])[H])C([H])([H])C([H])([H])[C:92]5([H])[S:93]C([H])([H])[H])c([H])c([H])c4OC([H])([H])[H])nc([H])c3Cl)c([H])nn2C([H])=C1[H],-1,0.0,0.0,0.0,0.0,0.0,0.0,0.0,0.0,0.0,0.0,-1505505.3810837306,98.14061267860234,-1505494.5431863074,-1505500.135981025
S2-47.2,product,[H]c1nc(N([H])c2c([H])c(N([H])C(=O)[C:91]3([H])C([H])([H])N(C([H])([H])[H])C([H])([H])C([H])([H])[C:92]3([H])[S:93]C([H])([H])[H])c([H])c([H])c2OC([H])([H])[H])nc(-c2c([H])nn3c([H])c([H])c([H])c([H])c23)c1Cl,0,0.0,0.0,0.0,0.0,0.0,0.0,0.0,0.0,0.0,0.0,-1505867.9754690516,105.28742250800133,-1505855.3986387362,-1505860.429624873
S2-47.3,reactant,[H]c1nc(N([H])c2c([H])c(N([H])C(=O)[C:91]3=[C:92]([H])C([H])([H])C([H])([H])N(C([H])([H])[H])C3([H])[H])c([H])c([H])c2OC([H])([H])[H])nc(-c2c([H])nn3c([H])c([H])c([H])c([H])c23)c1Cl,0,0.0,0.0,0.0,0.0,0.0,0.0,0.0,0.0,0.0,0.0,-1230576.6210257441,46.92284470051527,-1230568.2050416067,-1230574.307820162
S2-47.3,intermediate,[H]C1=C([H])c2c(-c3nc(N([H])c4c([H])c(N([H])C(=O)[C-:91]5C([H])([H])N(C([H])([H])[H])C([H])([H])C([H])([H])[C:92]5([H])[S:93]C([H])([H])[H])c([H])c([H])c4OC([H])([H])[H])nc([H])c3Cl)c([H])nn2C([H])=C1[H],-1,0.0,0.0,0.0,0.0,0.0,0.0,0.0,0.0,0.0,0.0,-1505518.7579921868,167.2544104643166,-1505500.529378435,-1505506.2722427845
S2-47.3,product,[H]c1nc(N([H])c2c([H])c(N([H])C(=O)[C:91]3([H])C([H])([H])N(C([H])([H])[H])C([H])([H])C([H])([H])[C:92]3([H])[S:93]C([H])([H])[H])c([H])c([H])c2OC([H])([H])[H])nc(-c2c([H])nn3c([H])c([H])c([H])c([H])c23)c1Cl,0,0.0,0.0,0.0,0.0,0.0,0.0,0.0,0.0,0.0,0.0,-1505865.63841837,56.5638479180634,-1505854.4761517188,-1505862.5986822369
S2-47.4,reactant,[H]c1nc(N([H])c2c([H])c(N([H])C(=O)[C:91]3=[C:92]([H])C([H])([H])C([H])([H])N(C([H])([H])[H])C3([H])[H])c([H])c([H])c2OC([H])([H])[H])nc(-c2c([H])nn3c([H])c([H])c([H])c([H])c23)c1Cl,0,0.0,0.0,0.0,0.0,0.0,0.0,0.0,0.0,0.0,0.0,-1230575.133524775,33.718316458165646,-1230565.799419082,-1230572.758438493
S2-47.4,intermediate,[H]C1=C([H])c2c(-c3nc(N([H])c4c([H])c(N([H])C(=O)[C-:91]5C([H])([H])N(C([H])([H])[H])C([H])([H])C([H])([H])[C:92]5([H])[S:93]C([H])([H])[H])c([H])c([H])c4OC([H])([H])[H])nc([H])c3Cl)c([H])nn2C([H])=C1[H],-1,0.0,0.0,0.0,0.0,0.0,0.0,0.0,0.0,0.0,0.0,-1505520.3040475277,123.82430730387568,-1505505.4981539878,-1505513.0071556459
S2-47.4,product,[H]c1nc(N([H])c2c([H])c(N([H])C(=O)[C:91]3([H])C([H])([H])N(C([H])([H])[H])C([H])([H])C([H])([H])[C:92]3([H])[S:93]C([H])([H])[H])c([H])c([H])c2OC([H])([H])[H])nc(-c2c([H])nn3c([H])c([H])c([H])c([H])c23)c1Cl,0,0.0,0.0,0.0,0.0,0.0,0.0,0.0,0.0,0.0,0.0,-1505875.2306141404,296.27596232667565,-1505858.7074940614,-1505866.79939487
S2-47.5,reactant,[H]c1nc(N([H])c2c([H])c(N([H])C(=O)[C:91]3=[C:92]([H])C([H])([H])C([H])([H])N(C([H])([H])[H])C3([H])[H])c([H])c([H])c2OC([H])([H])[H])nc(-c2c([H])nn3c([H])c([H])c([H])c([H])c23)c1Cl,0,0.0,0.0,0.0,0.0,0.0,0.0,0.0,0.0,0.0,0.0,-1230576.596790282,47.09783619455993,-1230567.3144158646,-1230574.1246961746
S2-47.5,intermediate,[H]C1=C([H])c2c(-c3nc(N([H])c4c([H])c(N([H])C(=O)[C-:91]5C([H])([H])N(C([H])([H])[H])C([H])([H])C([H])([H])[C:92]5([H])[S:93]C([H])([H])[H])c([H])c([H])c4OC([H])([H])[H])nc([H])c3Cl)c([H])nn2C([H])=C1[H],-1,0.0,0.0,0.0,0.0,0.0,0.0,0.0,0.0,0.0,0.0,-1505505.299734389,118.23738220334053,-1505493.917693662,-1505500.353671335
S2-47.5,product,[H]c1nc(N([H])c2c([H])c(N([H])C(=O)[C:91]3([H])C([H])([H])N(C([H])([H])[H])C([H])([H])C([H])([H])[C:92]3([H])[S:93]C([H])([H])[H])c([H])c([H])c2OC([H])([H])[H])nc(-c2c([H])nn3c([H])c([H])c([H])c([H])c23)c1Cl,0,0.0,0.0,0.0,0.0,0.0,0.0,0.0,0.0,0.0,0.0,-1505865.417863569,87.84789512120187,-1505851.316964667,-1505860.0718494134
S2-47.6,reactant,[H]c1nc(N([H])c2c([H])c(N([H])C(=O)[C:91]3=[C:92]([H])C([H])([H])C([H])([H])N(C([H])([H])[H])C3([H])[H])c([H])c([H])c2OC([H])([H])[H])nc(-c2c([H])nn3c([H])c([H])c([H])c([H])c23)c1Cl,0,0.0,0.0,0.0,0.0,0.0,0.0,0.0,0.0,0.0,0.0,-1230578.4669729364,40.633475663140416,-1230570.2314077392,-1230576.079757927
S2-47.6,intermediate,[H]C1=C([H])c2c(-c3nc(N([H])c4c([H])c(N([H])C(=O)[C-:91]5C([H])([H])N(C([H])([H])[H])C([H])([H])C([H])([H])[C:92]5([H])[S:93]C([H])([H])[H])c([H])c([H])c4OC([H])([H])[H])nc([H])c3Cl)c([H])nn2C([H])=C1[H],-1,0.0,0.0,0.0,0.0,0.0,0.0,0.0,0.0,0.0,0.0,-1505507.075922157,87.85982980392873,-1505494.9285675418,-1505501.485431128
S2-47.6,product,[H]c1nc(N([H])c2c([H])c(N([H])C(=O)[C:91]3([H])C([H])([H])N(C([H])([H])[H])C([H])([H])C([H])([H])[C:92]3([H])[S:93]C([H])([H])[H])c([H])c([H])c2OC([H])([H])[H])nc(-c2c([H])nn3c([H])c([H])c([H])c([H])c23)c1Cl,0,0.0,0.0,0.0,0.0,0.0,0.0,0.0,0.0,0.0,0.0,-1505865.0019625865,84.62075917236507,-1505856.0378875355,-1505862.1056929117
S2-47.7,reactant,[H]c1nc(N([H])c2c([H])c(N([H])C(=O)[C:91]3=[C:92]([H])C([H])([H])C([H])([H])N(C([H])([H])[H])C3([H])[H])c([H])c([H])c2OC([H])([H])[H])nc(-c2c([H])nn3c([H])c([H])c([H])c([H])c23)c1Cl,0,0.0,0.0,0.0,0.0,0.0,0.0,0.0,0.0,0.0,0.0,-1230576.8333719368,49.59601480513811,-1230567.8285452423,-1230574.3962125224
S2-47.7,intermediate,[H]C1=C([H])c2c(-c3nc(N([H])c4c([H])c(N([H])C(=O)[C-:91]5C([H])([H])N(C([H])([H])[H])C([H])([H])C([H])([H])[C:92]5([H])[S:93]C([H])([H])[H])c([H])c([H])c4OC([H])([H])[H])nc([H])c3Cl)c([H])nn2C([H])=C1[H],-1,0.0,0.0,0.0,0.0,0.0,0.0,0.0,0.0,0.0,0.0,-1505506.401067901,101.67485657893121,-1505496.277517321,-1505502.0434900296
S2-47.7,product,[H]c1nc(N([H])c2c([H])c(N([H])C(=O)[C:91]3([H])C([H])([H])N(C([H])([H])[H])C([H])([H])C([H])([H])[C:92]3([H])[S:93]C([H])([H])[H])c([H])c([H])c2OC([H])([H])[H])nc(-c2c([H])nn3c([H])c([H])c([H])c([H])c23)c1Cl,0,0.0,0.0,0.0,0.0,0.0,0.0,0.0,0.0,0.0,0.0,-1505861.7439093643,62.27379353530705,-1505851.64994936,-1505858.1683429987
S2-47.8,reactant,[H]c1nc(N([H])c2c([H])c(N([H])C(=O)[C:91]3=[C:92]([H])C([H])([H])C([H])([H])N(C([H])([H])[H])C3([H])[H])c([H])c([H])c2OC([H])([H])[H])nc(-c2c([H])nn3c([H])c([H])c([H])c([H])c23)c1Cl,0,0.0,0.0,0.0,0.0,0.0,0.0,0.0,0.0,0.0,0.0,-1230576.6232304673,46.49363847449422,-1230568.471312802,-1230574.2124892462
S2-47.8,intermediate,[H]C1=C([H])c2c(-c3nc(N([H])c4c([H])c(N([H])C(=O)[C-:91]5C([H])([H])N(C([H])([H])[H])C([H])([H])C([H])([H])[C:92]5([H])[S:93]C([H])([H])[H])c([H])c([H])c4OC([H])([H])[H])nc([H])c3Cl)c([H])nn2C([H])=C1[H],-1,0.0,0.0,0.0,0.0,0.0,0.0,0.0,0.0,0.0,0.0,-1505513.9567866009,106.83433891274035,-1505501.0469660945,-1505507.3769191187
S2-47.8,product,[H]c1nc(N([H])c2c([H])c(N([H])C(=O)[C:91]3([H])C([H])([H])N(C([H])([H])[H])C([H])([H])C([H])([H])[C:92]3([H])[S:93]C([H])([H])[H])c([H])c([H])c2OC([H])([H])[H])nc(-c2c([H])nn3c([H])c([H])c([H])c([H])c23)c1Cl,0,0.0,0.0,0.0,0.0,0.0,0.0,0.0,0.0,0.0,0.0,-1505863.133599791,71.55155942216516,-1505851.732392816,-1505859.1194529326
S2-47.9,reactant,[H]c1nc(N([H])c2c([H])c(N([H])C(=O)[C:91]3=[C:92]([H])C([H])([H])C([H])([H])N(C([H])([H])[H])C3([H])[H])c([H])c([H])c2OC([H])([H])[H])nc(-c2c([H])nn3c([H])c([H])c([H])c([H])c23)c1Cl,0,0.0,0.0,0.0,0.0,0.0,0.0,0.0,0.0,0.0,0.0,-1230576.3625288098,62.046746304258704,-1230566.6853659723,-1230573.6681810003
S2-47.9,intermediate,[H]C1=C([H])c2c(-c3nc(N([H])c4c([H])c(N([H])C(=O)[C-:91]5C([H])([H])N(C([H])([H])[H])C([H])([H])C([H])([H])[C:92]5([H])[S:93]C([H])([H])[H])c([H])c([H])c4OC([H])([H])[H])nc([H])c3Cl)c([H])nn2C([H])=C1[H],-1,0.0,0.0,0.0,0.0,0.0,0.0,0.0,0.0,0.0,0.0,-1505520.492042799,114.85255116038024,-1505508.6797291525,-1505514.976314432
S2-47.9,product,[H]c1nc(N([H])c2c([H])c(N([H])C(=O)[C:91]3([H])C([H])([H])N(C([H])([H])[H])C([H])([H])C([H])([H])[C:92]3([H])[S:93]C([H])([H])[H])c([H])c([H])c2OC([H])([H])[H])nc(-c2c([H])nn3c([H])c([H])c([H])c([H])c23)c1Cl,0,0.0,0.0,0.0,0.0,0.0,0.0,0.0,0.0,0.0,0.0,-1505864.5443368033,77.63286512717605,-1505855.8062761298,-1505861.3604084677
S2-47.10,reactant,[H]c1nc(N([H])c2c([H])c(N([H])C(=O)[C:91]3=[C:92]([H])C([H])([H])C([H])([H])N(C([H])([H])[H])C3([H])[H])c([H])c([H])c2OC([H])([H])[H])nc(-c2c([H])nn3c([H])c([H])c([H])c([H])c23)c1Cl,0,0.0,0.0,0.0,0.0,0.0,0.0,0.0,0.0,0.0,0.0,-1230576.8901889208,48.51086116395891,-1230567.939545638,-1230574.3964819275
S2-47.10,intermediate,[H]C1=C([H])c2c(-c3nc(N([H])c4c([H])c(N([H])C(=O)[C-:91]5C([H])([H])N(C([H])([H])[H])C([H])([H])C([H])([H])[C:92]5([H])[S:93]C([H])([H])[H])c([H])c([H])c4OC([H])([H])[H])nc([H])c3Cl)c([H])nn2C([H])=C1[H],-1,0.0,0.0,0.0,0.0,0.0,0.0,0.0,0.0,0.0,0.0,-1505520.409269459,175.94201549701393,-1505508.9939049718,-1505514.4617562054
S2-47.10,product,[H]c1nc(N([H])c2c([H])c(N([H])C(=O)[C:91]3([H])C([H])([H])N(C([H])([H])[H])C([H])([H])C([H])([H])[C:92]3([H])[S:93]C([H])([H])[H])c([H])c([H])c2OC([H])([H])[H])nc(-c2c([H])nn3c([H])c([H])c([H])c([H])c23)c1Cl,0,0.0,0.0,0.0,0.0,0.0,0.0,0.0,0.0,0.0,0.0,-1505863.8821170963,80.39546946808696,-1505851.9924457022,-1505860.596078733
S2-48.1,reactant,[H]c1nc(N([H])c2c([H])c(N([H])C(=O)[C:91]3=[C:92]([H])C([H])([H])N(C([H])([H])[H])C([H])([H])C3([H])[H])c([H])c([H])c2OC([H])([H])[H])nc(-c2c([H])nn3c([H])c([H])c([H])c([H])c23)c1Cl,0,0.0,0.0,0.0,0.0,0.0,0.0,0.0,0.0,0.0,0.0,-1230576.6886079356,67.40751566551626,-1230568.2323174975,-1230574.1822114128
S2-48.1,intermediate,[H]C1=C([H])c2c(-c3nc(N([H])c4c([H])c(N([H])C(=O)[C-:91]5C([H])([H])C([H])([H])N(C([H])([H])[H])C([H])([H])[C:92]5([H])[S:93]C([H])([H])[H])c([H])c([H])c4OC([H])([H])[H])nc([H])c3Cl)c([H])nn2C([H])=C1[H],-1,0.0,0.0,0.0,0.0,0.0,0.0,0.0,0.0,0.0,0.0,-1505506.5823720293,70.76552943885326,-1505496.3252844932,-1505502.2450160342
S2-48.1,product,[H]c1nc(N([H])c2c([H])c(N([H])C(=O)[C:91]3([H])C([H])([H])C([H])([H])N(C([H])([H])[H])C([H])([H])[C:92]3([H])[S:93]C([H])([H])[H])c([H])c([H])c2OC([H])([H])[H])nc(-c2c([H])nn3c([H])c([H])c([H])c([H])c23)c1Cl,0,0.0,0.0,0.0,0.0,0.0,0.0,0.0,0.0,0.0,0.0,-1505863.6752249822,59.276393093168736,-1505850.9674940319,-1505860.3145449143
S2-48.2,reactant,[H]c1nc(N([H])c2c([H])c(N([H])C(=O)[C:91]3=[C:92]([H])C([H])([H])N(C([H])([H])[H])C([H])([H])C3([H])[H])c([H])c([H])c2OC([H])([H])[H])nc(-c2c([H])nn3c([H])c([H])c([H])c([H])c23)c1Cl,0,0.0,0.0,0.0,0.0,0.0,0.0,0.0,0.0,0.0,0.0,-1230575.1943058625,44.39050286449492,-1230567.532749448,-1230572.8166244945
S2-48.2,intermediate,[H]C1=C([H])c2c(-c3nc(N([H])c4c([H])c(N([H])C(=O)[C-:91]5C([H])([H])C([H])([H])N(C([H])([H])[H])C([H])([H])[C:92]5([H])[S:93]C([H])([H])[H])c([H])c([H])c4OC([H])([H])[H])nc([H])c3Cl)c([H])nn2C([H])=C1[H],-1,0.0,0.0,0.0,0.0,0.0,0.0,0.0,0.0,0.0,0.0,-1505519.7787350898,112.6464414820075,-1505506.7173824667,-1505513.7903327409
S2-48.2,product,[H]c1nc(N([H])c2c([H])c(N([H])C(=O)[C:91]3([H])C([H])([H])C([H])([H])N(C([H])([H])[H])C([H])([H])[C:92]3([H])[S:93]C([H])([H])[H])c([H])c([H])c2OC([H])([H])[H])nc(-c2c([H])nn3c([H])c([H])c([H])c([H])c23)c1Cl,0,0.0,0.0,0.0,0.0,0.0,0.0,0.0,0.0,0.0,0.0,-1505860.7551816825,45.10939794033766,-1505851.2646890832,-1505857.338921695
S2-48.3,reactant,[H]c1nc(N([H])c2c([H])c(N([H])C(=O)[C:91]3=[C:92]([H])C([H])([H])N(C([H])([H])[H])C([H])([H])C3([H])[H])c([H])c([H])c2OC([H])([H])[H])nc(-c2c([H])nn3c([H])c([H])c([H])c([H])c23)c1Cl,0,0.0,0.0,0.0,0.0,0.0,0.0,0.0,0.0,0.0,0.0,-1230576.6883220363,41.02671121060848,-1230567.5115764071,-1230574.263368322
S2-48.3,intermediate,[H]C1=C([H])c2c(-c3nc(N([H])c4c([H])c(N([H])C(=O)[C-:91]5C([H])([H])C([H])([H])N(C([H])([H])[H])C([H])([H])[C:92]5([H])[S:93]C([H])([H])[H])c([H])c([H])c4OC([H])([H])[H])nc([H])c3Cl)c([H])nn2C([H])=C1[H],-1,0.0,0.0,0.0,0.0,0.0,0.0,0.0,0.0,0.0,0.0,-1505495.7200961947,80.43872874416411,-1505483.9975604203,-1505491.6551747236
S2-48.3,product,[H]c1nc(N([H])c2c([H])c(N([H])C(=O)[C:91]3([H])C([H])([H])C([H])([H])N(C([H])([H])[H])C([H])([H])[C:92]3([H])[S:93]C([H])([H])[H])c([H])c([H])c2OC([H])([H])[H])nc(-c2c([H])nn3c([H])c([H])c([H])c([H])c23)c1Cl,0,0.0,0.0,0.0,0.0,0.0,0.0,0.0,0.0,0.0,0.0,-1505869.095583947,62.89811768196523,-1505860.1991460682,-1505866.2003204178
S2-48.4,reactant,[H]c1nc(N([H])c2c([H])c(N([H])C(=O)[C:91]3=[C:92]([H])C([H])([H])N(C([H])([H])[H])C([H])([H])C3([H])[H])c([H])c([H])c2OC([H])([H])[H])nc(-c2c([H])nn3c([H])c([H])c([H])c([H])c23)c1Cl,0,0.0,0.0,0.0,0.0,0.0,0.0,0.0,0.0,0.0,0.0,-1230578.7997706952,44.5566822886467,-1230568.755485691,-1230576.254041029
S2-48.4,intermediate,[H]C1=C([H])c2c(-c3nc(N([H])c4c([H])c(N([H])C(=O)[C-:91]5C([H])([H])C([H])([H])N(C([H])([H])[H])C([H])([H])[C:92]5([H])[S:93]C([H])([H])[H])c([H])c([H])c4OC([H])([H])[H])nc([H])c3Cl)c([H])nn2C([H])=C1[H],-1,0.0,0.0,0.0,0.0,0.0,0.0,0.0,0.0,0.0,0.0,-1505516.952890105,156.6427962705493,-1505499.1505851694,-1505504.9653586862
S2-48.4,product,[H]c1nc(N([H])c2c([H])c(N([H])C(=O)[C:91]3([H])C([H])([H])C([H])([H])N(C([H])([H])[H])C([H])([H])[C:92]3([H])[S:93]C([H])([H])[H])c([H])c([H])c2OC([H])([H])[H])nc(-c2c([H])nn3c([H])c([H])c([H])c([H])c23)c1Cl,0,0.0,0.0,0.0,0.0,0.0,0.0,0.0,0.0,0.0,0.0,-1505865.5574428965,66.19599773548543,-1505854.7740917576,-1505861.6284500393
S2-48.5,reactant,[H]c1nc(N([H])c2c([H])c(N([H])C(=O)[C:91]3=[C:92]([H])C([H])([H])N(C([H])([H])[H])C([H])([H])C3([H])[H])c([H])c([H])c2OC([H])([H])[H])nc(-c2c([H])nn3c([H])c([H])c([H])c([H])c23)c1Cl,0,0.0,0.0,0.0,0.0,0.0,0.0,0.0,0.0,0.0,0.0,-1230576.9246012976,56.63420753926039,-1230568.4566879543,-1230574.4003195756
S2-48.5,intermediate,[H]C1=C([H])c2c(-c3nc(N([H])c4c([H])c(N([H])C(=O)[C-:91]5C([H])([H])C([H])([H])N(C([H])([H])[H])C([H])([H])[C:92]5([H])[S:93]C([H])([H])[H])c([H])c([H])c4OC([H])([H])[H])nc([H])c3Cl)c([H])nn2C([H])=C1[H],-1,0.0,0.0,0.0,0.0,0.0,0.0,0.0,0.0,0.0,0.0,-1505518.2858350228,224.6165605969727,-1505506.6911237172,-1505512.952455416
S2-48.5,product,[H]c1nc(N([H])c2c([H])c(N([H])C(=O)[C:91]3([H])C([H])([H])C([H])([H])N(C([H])([H])[H])C([H])([H])[C:92]3([H])[S:93]C([H])([H])[H])c([H])c([H])c2OC([H])([H])[H])nc(-c2c([H])nn3c([H])c([H])c([H])c([H])c23)c1Cl,0,0.0,0.0,0.0,0.0,0.0,0.0,0.0,0.0,0.0,0.0,-1505871.252534576,61.82687768153846,-1505861.859352195,-1505868.543177054
S2-48.6,reactant,[H]c1nc(N([H])c2c([H])c(N([H])C(=O)[C:91]3=[C:92]([H])C([H])([H])N(C([H])([H])[H])C([H])([H])C3([H])[H])c([H])c([H])c2OC([H])([H])[H])nc(-c2c([H])nn3c([H])c([H])c([H])c([H])c23)c1Cl,0,0.0,0.0,0.0,0.0,0.0,0.0,0.0,0.0,0.0,0.0,-1230577.1380141145,38.55559586174786,-1230567.1520470656,-1230574.5569978794
S2-48.6,intermediate,[H]C1=C([H])c2c(-c3nc(N([H])c4c([H])c(N([H])C(=O)[C-:91]5C([H])([H])C([H])([H])N(C([H])([H])[H])C([H])([H])[C:92]5([H])[S:93]C([H])([H])[H])c([H])c([H])c4OC([H])([H])[H])nc([H])c3Cl)c([H])nn2C([H])=C1[H],-1,0.0,0.0,0.0,0.0,0.0,0.0,0.0,0.0,0.0,0.0,-1505504.0693283482,70.04419353045523,-1505490.3247094324,-1505498.6539451305
S2-48.6,product,[H]c1nc(N([H])c2c([H])c(N([H])C(=O)[C:91]3([H])C([H])([H])C([H])([H])N(C([H])([H])[H])C([H])([H])[C:92]3([H])[S:93]C([H])([H])[H])c([H])c([H])c2OC([H])([H])[H])nc(-c2c([H])nn3c([H])c([H])c([H])c([H])c23)c1Cl,0,0.0,0.0,0.0,0.0,0.0,0.0,0.0,0.0,0.0,0.0,-1505867.6919009497,118.21435205638409,-1505859.2035403096,-1505864.47624879
S2-48.7,reactant,[H]c1nc(N([H])c2c([H])c(N([H])C(=O)[C:91]3=[C:92]([H])C([H])([H])N(C([H])([H])[H])C([H])([H])C3([H])[H])c([H])c([H])c2OC([H])([H])[H])nc(-c2c([H])nn3c([H])c([H])c([H])c([H])c23)c1Cl,0,0.0,0.0,0.0,0.0,0.0,0.0,0.0,0.0,0.0,0.0,-1230576.894917255,41.56440398469567,-1230569.0986363026,-1230574.3736264792
S2-48.7,intermediate,[H]C1=C([H])c2c(-c3nc(N([H])c4c([H])c(N([H])C(=O)[C-:91]5C([H])([H])C([H])([H])N(C([H])([H])[H])C([H])([H])[C:92]5([H])[S:93]C([H])([H])[H])c([H])c([H])c4OC([H])([H])[H])nc([H])c3Cl)c([H])nn2C([H])=C1[H],-1,0.0,0.0,0.0,0.0,0.0,0.0,0.0,0.0,0.0,0.0,-1505503.2103824457,224.42166257463396,-1505490.3811965326,-1505496.815469806
S2-48.7,product,[H]c1nc(N([H])c2c([H])c(N([H])C(=O)[C:91]3([H])C([H])([H])C([H])([H])N(C([H])([H])[H])C([H])([H])[C:92]3([H])[S:93]C([H])([H])[H])c([H])c([H])c2OC([H])([H])[H])nc(-c2c([H])nn3c([H])c([H])c([H])c([H])c23)c1Cl,0,0.0,0.0,0.0,0.0,0.0,0.0,0.0,0.0,0.0,0.0,-1505866.0459897867,46.49381676129997,-1505853.518883954,-1505862.8180714482
S2-48.8,reactant,[H]c1nc(N([H])c2c([H])c(N([H])C(=O)[C:91]3=[C:92]([H])C([H])([H])N(C([H])([H])[H])C([H])([H])C3([H])[H])c([H])c([H])c2OC([H])([H])[H])nc(-c2c([H])nn3c([H])c([H])c([H])c([H])c23)c1Cl,0,0.0,0.0,0.0,0.0,0.0,0.0,0.0,0.0,0.0,0.0,-1230576.907100963,51.25445090793073,-1230567.2338197578,-1230574.3748470491
S2-48.8,intermediate,[H]C1=C([H])c2c(-c3nc(N([H])c4c([H])c(N([H])C(=O)[C-:91]5C([H])([H])C([H])([H])N(C([H])([H])[H])C([H])([H])[C:92]5([H])[S:93]C([H])([H])[H])c([H])c([H])c4OC([H])([H])[H])nc([H])c3Cl)c([H])nn2C([H])=C1[H],-1,0.0,0.0,0.0,0.0,0.0,0.0,0.0,0.0,0.0,0.0,-1505518.4780473083,212.6266338042915,-1505505.898951791,-1505513.0586175164
S2-48.8,product,[H]c1nc(N([H])c2c([H])c(N([H])C(=O)[C:91]3([H])C([H])([H])C([H])([H])N(C([H])([H])[H])C([H])([H])[C:92]3([H])[S:93]C([H])([H])[H])c([H])c([H])c2OC([H])([H])[H])nc(-c2c([H])nn3c([H])c([H])c([H])c([H])c23)c1Cl,0,0.0,0.0,0.0,0.0,0.0,0.0,0.0,0.0,0.0,0.0,-1505866.5325738683,85.21040653064847,-1505856.8049553058,-1505863.5021569522
S2-48.9,reactant,[H]c1nc(N([H])c2c([H])c(N([H])C(=O)[C:91]3=[C:92]([H])C([H])([H])N(C([H])([H])[H])C([H])([H])C3([H])[H])c([H])c([H])c2OC([H])([H])[H])nc(-c2c([H])nn3c([H])c([H])c([H])c([H])c23)c1Cl,0,0.0,0.0,0.0,0.0,0.0,0.0,0.0,0.0,0.0,0.0,-1230578.7566383902,39.72426191531122,-1230571.3491034869,-1230576.1710312725
S2-48.9,intermediate,[H]C1=C([H])c2c(-c3nc(N([H])c4c([H])c(N([H])C(=O)[C-:91]5C([H])([H])C([H])([H])N(C([H])([H])[H])C([H])([H])[C:92]5([H])[S:93]C([H])([H])[H])c([H])c([H])c4OC([H])([H])[H])nc([H])c3Cl)c([H])nn2C([H])=C1[H],-1,0.0,0.0,0.0,0.0,0.0,0.0,0.0,0.0,0.0,0.0,-1505492.8836344501,113.11648654192686,-1505477.6510692223,-1505484.805555772
S2-48.9,product,[H]c1nc(N([H])c2c([H])c(N([H])C(=O)[C:91]3([H])C([H])([H])C([H])([H])N(C([H])([H])[H])C([H])([H])[C:92]3([H])[S:93]C([H])([H])[H])c([H])c([H])c2OC([H])([H])[H])nc(-c2c([H])nn3c([H])c([H])c([H])c([H])c23)c1Cl,0,0.0,0.0,0.0,0.0,0.0,0.0,0.0,0.0,0.0,0.0,-1505869.119126653,68.27697708830237,-1505857.4867151289,-1505865.4877274567
S2-48.10,reactant,[H]c1nc(N([H])c2c([H])c(N([H])C(=O)[C:91]3=[C:92]([H])C([H])([H])N(C([H])([H])[H])C([H])([H])C3([H])[H])c([H])c([H])c2OC([H])([H])[H])nc(-c2c([H])nn3c([H])c([H])c([H])c([H])c23)c1Cl,0,0.0,0.0,0.0,0.0,0.0,0.0,0.0,0.0,0.0,0.0,-1230576.7044753458,64.06158013269305,-1230566.5319425217,-1230574.2506732943
S2-48.10,intermediate,[H]C1=C([H])c2c(-c3nc(N([H])c4c([H])c(N([H])C(=O)[C-:91]5C([H])([H])C([H])([H])N(C([H])([H])[H])C([H])([H])[C:92]5([H])[S:93]C([H])([H])[H])c([H])c([H])c4OC([H])([H])[H])nc([H])c3Cl)c([H])nn2C([H])=C1[H],-1,0.0,0.0,0.0,0.0,0.0,0.0,0.0,0.0,0.0,0.0,-1505498.40605396,75.94962113723159,-1505487.0392263734,-1505494.020958283
S2-48.10,product,[H]c1nc(N([H])c2c([H])c(N([H])C(=O)[C:91]3([H])C([H])([H])C([H])([H])N(C([H])([H])[H])C([H])([H])[C:92]3([H])[S:93]C([H])([H])[H])c([H])c([H])c2OC([H])([H])[H])nc(-c2c([H])nn3c([H])c([H])c([H])c([H])c23)c1Cl,0,0.0,0.0,0.0,0.0,0.0,0.0,0.0,0.0,0.0,0.0,-1505863.3246629816,78.07127397879958,-1505852.6759978938,-1505859.4057040894
S2-46.1,reactant,[H]c1nc(N([H])c2c([H])c(N([H])C(=O)[C:91](C([H])([H])N3C([H])([H])C([H])([H])OC([H])([H])C3([H])[H])=[C:92]([H])[H])c([H])c([H])c2OC([H])([H])[H])nc(N([H])c2c([H])c([H])c([H])c([H])c2C(=O)N([H])C([H])([H])[H])c1Cl,0,0.0,0.0,0.0,0.0,0.0,0.0,0.0,0.0,0.0,0.0,-1375089.6980943368,234.85118580050766,-1375079.8896212585,-1375085.8973767895
S2-46.1,intermediate,[H]c1nc(N([H])c2c([H])c(N([H])C(=O)[C-:91](C([H])([H])N3C([H])([H])C([H])([H])OC([H])([H])C3([H])[H])[C:92]([H])([H])[S:93]C([H])([H])[H])c([H])c([H])c2OC([H])([H])[H])nc(N([H])c2c([H])c([H])c([H])c([H])c2C(=O)N([H])C([H])([H])[H])c1Cl,-1,0.0,0.0,0.0,0.0,0.0,0.0,0.0,0.0,0.0,0.0,-1650047.7582597043,222.96511611901224,-1650034.307270346,-1650040.854011998
S2-46.1,product,[H]c1nc(N([H])c2c([H])c(N([H])C(=O)[C:91]([H])(C([H])([H])N3C([H])([H])C([H])([H])OC([H])([H])C3([H])[H])[C:92]([H])([H])[S:93]C([H])([H])[H])c([H])c([H])c2OC([H])([H])[H])nc(N([H])c2c([H])c([H])c([H])c([H])c2C(=O)N([H])C([H])([H])[H])c1Cl,0,0.0,0.0,0.0,0.0,0.0,0.0,0.0,0.0,0.0,0.0,-1650393.3117778432,330.2709079757333,-1650381.4769716205,-1650388.4686110397
S2-46.2,reactant,[H]c1nc(N([H])c2c([H])c(N([H])C(=O)[C:91](C([H])([H])N3C([H])([H])C([H])([H])OC([H])([H])C3([H])[H])=[C:92]([H])[H])c([H])c([H])c2OC([H])([H])[H])nc(N([H])c2c([H])c([H])c([H])c([H])c2C(=O)N([H])C([H])([H])[H])c1Cl,0,0.0,0.0,0.0,0.0,0.0,0.0,0.0,0.0,0.0,0.0,-1375102.5172847712,250.6345441211015,-1375091.5476592546,-1375098.6222204613
S2-46.2,intermediate,[H]c1nc(N([H])c2c([H])c(N([H])C(=O)[C-:91](C([H])([H])N3C([H])([H])C([H])([H])OC([H])([H])C3([H])[H])[C:92]([H])([H])[S:93]C([H])([H])[H])c([H])c([H])c2OC([H])([H])[H])nc(N([H])c2c([H])c([H])c([H])c([H])c2C(=O)N([H])C([H])([H])[H])c1Cl,-1,0.0,0.0,0.0,0.0,0.0,0.0,0.0,0.0,0.0,0.0,-1650034.866907192,485.1328790746629,-1650019.209600096,-1650025.4703874867
S2-46.2,product,[H]c1nc(N([H])c2c([H])c(N([H])C(=O)[C:91]([H])(C([H])([H])N3C([H])([H])C([H])([H])OC([H])([H])C3([H])[H])[C:92]([H])([H])[S:93]C([H])([H])[H])c([H])c([H])c2OC([H])([H])[H])nc(N([H])c2c([H])c([H])c([H])c([H])c2C(=O)N([H])C([H])([H])[H])c1Cl,0,0.0,0.0,0.0,0.0,0.0,0.0,0.0,0.0,0.0,0.0,-1650385.2981859471,262.3508691228926,-1650372.8970517358,-1650379.2028902555
S2-46.3,reactant,[H]c1nc(N([H])c2c([H])c(N([H])C(=O)[C:91](C([H])([H])N3C([H])([H])C([H])([H])OC([H])([H])C3([H])[H])=[C:92]([H])[H])c([H])c([H])c2OC([H])([H])[H])nc(N([H])c2c([H])c([H])c([H])c([H])c2C(=O)N([H])C([H])([H])[H])c1Cl,0,0.0,0.0,0.0,0.0,0.0,0.0,0.0,0.0,0.0,0.0,-1375098.000417016,215.55822399444878,-1375085.164248563,-1375091.5731757653
S2-46.3,intermediate,[H]c1nc(N([H])c2c([H])c(N([H])C(=O)[C-:91](C([H])([H])N3C([H])([H])C([H])([H])OC([H])([H])C3([H])[H])[C:92]([H])([H])[S:93]C([H])([H])[H])c([H])c([H])c2OC([H])([H])[H])nc(N([H])c2c([H])c([H])c([H])c([H])c2C(=O)N([H])C([H])([H])[H])c1Cl,-1,0.0,0.0,0.0,0.0,0.0,0.0,0.0,0.0,0.0,0.0,-1650041.0966195299,318.241464253515,-1650027.4418609573,-1650035.044703556
S2-46.3,product,[H]c1nc(N([H])c2c([H])c(N([H])C(=O)[C:91]([H])(C([H])([H])N3C([H])([H])C([H])([H])OC([H])([H])C3([H])[H])[C:92]([H])([H])[S:93]C([H])([H])[H])c([H])c([H])c2OC([H])([H])[H])nc(N([H])c2c([H])c([H])c([H])c([H])c2C(=O)N([H])C([H])([H])[H])c1Cl,0,0.0,0.0,0.0,0.0,0.0,0.0,0.0,0.0,0.0,0.0,-1650397.5775380607,366.682006534189,-1650383.6283307194,-1650391.6578505042
S2-46.4,reactant,[H]c1nc(N([H])c2c([H])c(N([H])C(=O)[C:91](C([H])([H])N3C([H])([H])C([H])([H])OC([H])([H])C3([H])[H])=[C:92]([H])[H])c([H])c([H])c2OC([H])([H])[H])nc(N([H])c2c([H])c([H])c([H])c([H])c2C(=O)N([H])C([H])([H])[H])c1Cl,0,0.0,0.0,0.0,0.0,0.0,0.0,0.0,0.0,0.0,0.0,-1375096.1945562018,102.27314899861813,-1375086.5682449497,-1375093.1729196925
S2-46.4,intermediate,[H]c1nc(N([H])c2c([H])c(N([H])C(=O)[C-:91](C([H])([H])N3C([H])([H])C([H])([H])OC([H])([H])C3([H])[H])[C:92]([H])([H])[S:93]C([H])([H])[H])c([H])c([H])c2OC([H])([H])[H])nc(N([H])c2c([H])c([H])c([H])c([H])c2C(=O)N([H])C([H])([H])[H])c1Cl,-1,0.0,0.0,0.0,0.0,0.0,0.0,0.0,0.0,0.0,0.0,-1650031.4506636984,298.00679942406714,-1650020.268153179,-1650026.4290517594
S2-46.4,product,[H]c1nc(N([H])c2c([H])c(N([H])C(=O)[C:91]([H])(C([H])([H])N3C([H])([H])C([H])([H])OC([H])([H])C3([H])[H])[C:92]([H])([H])[S:93]C([H])([H])[H])c([H])c([H])c2OC([H])([H])[H])nc(N([H])c2c([H])c([H])c([H])c([H])c2C(=O)N([H])C([H])([H])[H])c1Cl,0,0.0,0.0,0.0,0.0,0.0,0.0,0.0,0.0,0.0,0.0,-1650386.69276965,408.80356737598777,-1650374.0612995836,-1650381.4307439062
S2-46.5,reactant,[H]c1nc(N([H])c2c([H])c(N([H])C(=O)[C:91](C([H])([H])N3C([H])([H])C([H])([H])OC([H])([H])C3([H])[H])=[C:92]([H])[H])c([H])c([H])c2OC([H])([H])[H])nc(N([H])c2c([H])c([H])c([H])c([H])c2C(=O)N([H])C([H])([H])[H])c1Cl,0,0.0,0.0,0.0,0.0,0.0,0.0,0.0,0.0,0.0,0.0,-1375095.6032065281,195.99094069376588,-1375080.7521024153,-1375089.5285945497
S2-46.5,intermediate,[H]c1nc(N([H])c2c([H])c(N([H])C(=O)[C-:91](C([H])([H])N3C([H])([H])C([H])([H])OC([H])([H])C3([H])[H])[C:92]([H])([H])[S:93]C([H])([H])[H])c([H])c([H])c2OC([H])([H])[H])nc(N([H])c2c([H])c([H])c([H])c([H])c2C(=O)N([H])C([H])([H])[H])c1Cl,-1,0.0,0.0,0.0,0.0,0.0,0.0,0.0,0.0,0.0,0.0,-1650035.6106521783,416.9470566045493,-1650017.9099679429,-1650025.4824942215
S2-46.5,product,[H]c1nc(N([H])c2c([H])c(N([H])C(=O)[C:91]([H])(C([H])([H])N3C([H])([H])C([H])([H])OC([H])([H])C3([H])[H])[C:92]([H])([H])[S:93]C([H])([H])[H])c([H])c([H])c2OC([H])([H])[H])nc(N([H])c2c([H])c([H])c([H])c([H])c2C(=O)N([H])C([H])([H])[H])c1Cl,0,0.0,0.0,0.0,0.0,0.0,0.0,0.0,0.0,0.0,0.0,-1650401.123876723,572.7732869591564,-1650385.8533363733,-1650395.642395791
S2-46.6,reactant,[H]c1nc(N([H])c2c([H])c(N([H])C(=O)[C:91](C([H])([H])N3C([H])([H])C([H])([H])OC([H])([H])C3([H])[H])=[C:92]([H])[H])c([H])c([H])c2OC([H])([H])[H])nc(N([H])c2c([H])c([H])c([H])c([H])c2C(=O)N([H])C([H])([H])[H])c1Cl,0,0.0,0.0,0.0,0.0,0.0,0.0,0.0,0.0,0.0,0.0,-1375102.3575990268,284.78629472479224,-1375089.4253629171,-1375097.8955909451
S2-46.6,intermediate,[H]c1nc(N([H])c2c([H])c(N([H])C(=O)[C-:91](C([H])([H])N3C([H])([H])C([H])([H])OC([H])([H])C3([H])[H])[C:92]([H])([H])[S:93]C([H])([H])[H])c([H])c([H])c2OC([H])([H])[H])nc(N([H])c2c([H])c([H])c([H])c([H])c2C(=O)N([H])C([H])([H])[H])c1Cl,-1,0.0,0.0,0.0,0.0,0.0,0.0,0.0,0.0,0.0,0.0,-1650033.43215464,324.9052719902247,-1650020.437911375,-1650027.5528668512
S2-46.6,product,[H]c1nc(N([H])c2c([H])c(N([H])C(=O)[C:91]([H])(C([H])([H])N3C([H])([H])C([H])([H])OC([H])([H])C3([H])[H])[C:92]([H])([H])[S:93]C([H])([H])[H])c([H])c([H])c2OC([H])([H])[H])nc(N([H])c2c([H])c([H])c([H])c([H])c2C(=O)N([H])C([H])([H])[H])c1Cl,0,0.0,0.0,0.0,0.0,0.0,0.0,0.0,0.0,0.0,0.0,-1650391.6137670344,350.757821245119,-1650378.4867510437,-1650387.190124437
S2-46.7,reactant,[H]c1nc(N([H])c2c([H])c(N([H])C(=O)[C:91](C([H])([H])N3C([H])([H])C([H])([H])OC([H])([H])C3([H])[H])=[C:92]([H])[H])c([H])c([H])c2OC([H])([H])[H])nc(N([H])c2c([H])c([H])c([H])c([H])c2C(=O)N([H])C([H])([H])[H])c1Cl,0,0.0,0.0,0.0,0.0,0.0,0.0,0.0,0.0,0.0,0.0,-1375096.6344617277,304.23767042160034,-1375086.5711204368,-1375093.1129963028
S2-46.7,intermediate,[H]c1nc(N([H])c2c([H])c(N([H])C(=O)[C-:91](C([H])([H])N3C([H])([H])C([H])([H])OC([H])([H])C3([H])[H])[C:92]([H])([H])[S:93]C([H])([H])[H])c([H])c([H])c2OC([H])([H])[H])nc(N([H])c2c([H])c([H])c([H])c([H])c2C(=O)N([H])C([H])([H])[H])c1Cl,-1,0.0,0.0,0.0,0.0,0.0,0.0,0.0,0.0,0.0,0.0,-1650031.5972530565,338.03639234788716,-1650018.4826351982,-1650025.799215644
S2-46.7,product,[H]c1nc(N([H])c2c([H])c(N([H])C(=O)[C:91]([H])(C([H])([H])N3C([H])([H])C([H])([H])OC([H])([H])C3([H])[H])[C:92]([H])([H])[S:93]C([H])([H])[H])c([H])c([H])c2OC([H])([H])[H])nc(N([H])c2c([H])c([H])c([H])c([H])c2C(=O)N([H])C([H])([H])[H])c1Cl,0,0.0,0.0,0.0,0.0,0.0,0.0,0.0,0.0,0.0,0.0,-1650388.947844211,505.83502513729036,-1650376.2961412724,-1650383.3071833563
S2-46.8,reactant,[H]c1nc(N([H])c2c([H])c(N([H])C(=O)[C:91](C([H])([H])N3C([H])([H])C([H])([H])OC([H])([H])C3([H])[H])=[C:92]([H])[H])c([H])c([H])c2OC([H])([H])[H])nc(N([H])c2c([H])c([H])c([H])c([H])c2C(=O)N([H])C([H])([H])[H])c1Cl,0,0.0,0.0,0.0,0.0,0.0,0.0,0.0,0.0,0.0,0.0,-1375095.8021044584,221.8201269749552,-1375084.309536169,-1375091.790217304
S2-46.8,intermediate,[H]c1nc(N([H])c2c([H])c(N([H])C(=O)[C-:91](C([H])([H])N3C([H])([H])C([H])([H])OC([H])([H])C3([H])[H])[C:92]([H])([H])[S:93]C([H])([H])[H])c([H])c([H])c2OC([H])([H])[H])nc(N([H])c2c([H])c([H])c([H])c([H])c2C(=O)N([H])C([H])([H])[H])c1Cl,-1,0.0,0.0,0.0,0.0,0.0,0.0,0.0,0.0,0.0,0.0,-1650037.7722266784,349.2159094400704,-1650024.7651399379,-1650032.7990966598
S2-46.8,product,[H]c1nc(N([H])c2c([H])c(N([H])C(=O)[C:91]([H])(C([H])([H])N3C([H])([H])C([H])([H])OC([H])([H])C3([H])[H])[C:92]([H])([H])[S:93]C([H])([H])[H])c([H])c([H])c2OC([H])([H])[H])nc(N([H])c2c([H])c([H])c([H])c([H])c2C(=O)N([H])C([H])([H])[H])c1Cl,0,0.0,0.0,0.0,0.0,0.0,0.0,0.0,0.0,0.0,0.0,-1650390.4417449255,303.2565828654915,-1650378.5000673526,-1650385.9269059557
S2-46.9,reactant,[H]c1nc(N([H])c2c([H])c(N([H])C(=O)[C:91](C([H])([H])N3C([H])([H])C([H])([H])OC([H])([H])C3([H])[H])=[C:92]([H])[H])c([H])c([H])c2OC([H])([H])[H])nc(N([H])c2c([H])c([H])c([H])c([H])c2C(=O)N([H])C([H])([H])[H])c1Cl,0,0.0,0.0,0.0,0.0,0.0,0.0,0.0,0.0,0.0,0.0,-1375097.8013431476,299.8347886390984,-1375088.0864196129,-1375093.866637803
S2-46.9,intermediate,[H]c1nc(N([H])c2c([H])c(N([H])C(=O)[C-:91](C([H])([H])N3C([H])([H])C([H])([H])OC([H])([H])C3([H])[H])[C:92]([H])([H])[S:93]C([H])([H])[H])c([H])c([H])c2OC([H])([H])[H])nc(N([H])c2c([H])c([H])c([H])c([H])c2C(=O)N([H])C([H])([H])[H])c1Cl,-1,0.0,0.0,0.0,0.0,0.0,0.0,0.0,0.0,0.0,0.0,-1650040.0507009958,317.58467282541096,-1650025.2376104915,-1650033.3133744851
S2-46.9,product,[H]c1nc(N([H])c2c([H])c(N([H])C(=O)[C:91]([H])(C([H])([H])N3C([H])([H])C([H])([H])OC([H])([H])C3([H])[H])[C:92]([H])([H])[S:93]C([H])([H])[H])c([H])c([H])c2OC([H])([H])[H])nc(N([H])c2c([H])c([H])c([H])c([H])c2C(=O)N([H])C([H])([H])[H])c1Cl,0,0.0,0.0,0.0,0.0,0.0,0.0,0.0,0.0,0.0,0.0,-1650398.0927175684,290.57494356669486,-1650386.2980637006,-1650394.3876388287
S2-46.10,reactant,[H]c1nc(N([H])c2c([H])c(N([H])C(=O)[C:91](C([H])([H])N3C([H])([H])C([H])([H])OC([H])([H])C3([H])[H])=[C:92]([H])[H])c([H])c([H])c2OC([H])([H])[H])nc(N([H])c2c([H])c([H])c([H])c([H])c2C(=O)N([H])C([H])([H])[H])c1Cl,0,0.0,0.0,0.0,0.0,0.0,0.0,0.0,0.0,0.0,0.0,-1375090.5805224667,200.6468546781689,-1375081.3118217322,-1375086.645052891
S2-46.10,intermediate,[H]c1nc(N([H])c2c([H])c(N([H])C(=O)[C-:91](C([H])([H])N3C([H])([H])C([H])([H])OC([H])([H])C3([H])[H])[C:92]([H])([H])[S:93]C([H])([H])[H])c([H])c([H])c2OC([H])([H])[H])nc(N([H])c2c([H])c([H])c([H])c([H])c2C(=O)N([H])C([H])([H])[H])c1Cl,-1,0.0,0.0,0.0,0.0,0.0,0.0,0.0,0.0,0.0,0.0,-1650037.885739689,825.9668360538781,-1650014.1639946096,-1650020.6539742583
S2-46.10,product,[H]c1nc(N([H])c2c([H])c(N([H])C(=O)[C:91]([H])(C([H])([H])N3C([H])([H])C([H])([H])OC([H])([H])C3([H])[H])[C:92]([H])([H])[S:93]C([H])([H])[H])c([H])c([H])c2OC([H])([H])[H])nc(N([H])c2c([H])c([H])c([H])c([H])c2C(=O)N([H])C([H])([H])[H])c1Cl,0,0.0,0.0,0.0,0.0,0.0,0.0,0.0,0.0,0.0,0.0,-1650393.8587581478,339.72925028018653,-1650380.8901523508,-1650389.2664019864
S2-53.1,reactant,[H]c1nc2c([H])c(OC([H])([H])C([H])([H])[H])c(N([H])C(=O)/[C:91]([H])=[C:92](\[H])C([H])([H])N(C([H])([H])[H])C([H])([H])[H])c([H])c2c(N([H])c2c([H])c([H])c(F)c(Cl)c2[H])c1C#N,0,0.0,0.0,0.0,0.0,0.0,0.0,0.0,0.0,0.0,0.0,-1200223.129494285,78.06975271552801,-1200213.7620758277,-1200219.8084882402
S2-53.1,intermediate,[H]c1nc2c([H])c(OC([H])([H])C([H])([H])[H])c(N([H])C(=O)[C-:91]([H])[C:92]([H])(C([H])([H])N(C([H])([H])[H])C([H])([H])[H])[S:93]C([H])([H])[H])c([H])c2c(N([H])c2c([H])c([H])c(F)c(Cl)c2[H])c1C#N,-1,0.0,0.0,0.0,0.0,0.0,0.0,0.0,0.0,0.0,0.0,-1475165.3906509764,82.29265079833567,-1475152.8171634837,-1475159.590793705
S2-53.1,product,[H]c1nc2c([H])c(OC([H])([H])C([H])([H])[H])c(N([H])C(=O)[C:91]([H])([H])[C:92]([H])(C([H])([H])N(C([H])([H])[H])C([H])([H])[H])[S:93]C([H])([H])[H])c([H])c2c(N([H])c2c([H])c([H])c(F)c(Cl)c2[H])c1C#N,0,0.0,0.0,0.0,0.0,0.0,0.0,0.0,0.0,0.0,0.0,-1475519.6107164822,110.23656889051199,-1475510.2659830332,-1475515.0135330213
S2-53.2,reactant,[H]c1nc2c([H])c(OC([H])([H])C([H])([H])[H])c(N([H])C(=O)/[C:91]([H])=[C:92](\[H])C([H])([H])N(C([H])([H])[H])C([H])([H])[H])c([H])c2c(N([H])c2c([H])c([H])c(F)c(Cl)c2[H])c1C#N,0,0.0,0.0,0.0,0.0,0.0,0.0,0.0,0.0,0.0,0.0,-1200225.4253094934,78.6571564078331,-1200216.1818393704,-1200222.2530315535
S2-53.2,intermediate,[H]c1nc2c([H])c(OC([H])([H])C([H])([H])[H])c(N([H])C(=O)[C-:91]([H])[C:92]([H])(C([H])([H])N(C([H])([H])[H])C([H])([H])[H])[S:93]C([H])([H])[H])c([H])c2c(N([H])c2c([H])c([H])c(F)c(Cl)c2[H])c1C#N,-1,0.0,0.0,0.0,0.0,0.0,0.0,0.0,0.0,0.0,0.0,-1475160.809444887,95.32218707725406,-1475151.3282934967,-1475155.978582749
S2-53.2,product,[H]c1nc2c([H])c(OC([H])([H])C([H])([H])[H])c(N([H])C(=O)[C:91]([H])([H])[C:92]([H])(C([H])([H])N(C([H])([H])[H])C([H])([H])[H])[S:93]C([H])([H])[H])c([H])c2c(N([H])c2c([H])c([H])c(F)c(Cl)c2[H])c1C#N,0,0.0,0.0,0.0,0.0,0.0,0.0,0.0,0.0,0.0,0.0,-1475523.5478079864,101.4887976758182,-1475514.801753129,-1475519.6055428048
S2-53.3,reactant,[H]c1nc2c([H])c(OC([H])([H])C([H])([H])[H])c(N([H])C(=O)/[C:91]([H])=[C:92](\[H])C([H])([H])N(C([H])([H])[H])C([H])([H])[H])c([H])c2c(N([H])c2c([H])c([H])c(F)c(Cl)c2[H])c1C#N,0,0.0,0.0,0.0,0.0,0.0,0.0,0.0,0.0,0.0,0.0,-1200224.4733968421,101.75377959571779,-1200215.1559447823,-1200221.0916262043
S2-53.3,intermediate,[H]c1nc2c([H])c(OC([H])([H])C([H])([H])[H])c(N([H])C(=O)[C-:91]([H])[C:92]([H])(C([H])([H])N(C([H])([H])[H])C([H])([H])[H])[S:93]C([H])([H])[H])c([H])c2c(N([H])c2c([H])c([H])c(F)c(Cl)c2[H])c1C#N,-1,0.0,0.0,0.0,0.0,0.0,0.0,0.0,0.0,0.0,0.0,-1475158.887959806,136.73838188499212,-1475147.7849017964,-1475153.5057189127
S2-53.3,product,[H]c1nc2c([H])c(OC([H])([H])C([H])([H])[H])c(N([H])C(=O)[C:91]([H])([H])[C:92]([H])(C([H])([H])N(C([H])([H])[H])C([H])([H])[H])[S:93]C([H])([H])[H])c([H])c2c(N([H])c2c([H])c([H])c(F)c(Cl)c2[H])c1C#N,0,0.0,0.0,0.0,0.0,0.0,0.0,0.0,0.0,0.0,0.0,-1475517.214721066,87.5455355849117,-1475507.865358248,-1475512.6673940413
S2-53.4,reactant,[H]c1nc2c([H])c(OC([H])([H])C([H])([H])[H])c(N([H])C(=O)/[C:91]([H])=[C:92](\[H])C([H])([H])N(C([H])([H])[H])C([H])([H])[H])c([H])c2c(N([H])c2c([H])c([H])c(F)c(Cl)c2[H])c1C#N,0,0.0,0.0,0.0,0.0,0.0,0.0,0.0,0.0,0.0,0.0,-1200224.483931131,71.69948493130505,-1200215.066502292,-1200221.3058252442
S2-53.4,intermediate,[H]c1nc2c([H])c(OC([H])([H])C([H])([H])[H])c(N([H])C(=O)[C-:91]([H])[C:92]([H])(C([H])([H])N(C([H])([H])[H])C([H])([H])[H])[S:93]C([H])([H])[H])c([H])c2c(N([H])c2c([H])c([H])c(F)c(Cl)c2[H])c1C#N,-1,0.0,0.0,0.0,0.0,0.0,0.0,0.0,0.0,0.0,0.0,-1475163.9235203313,122.17378249205649,-1475153.0771284008,-1475157.8727369583
S2-53.4,product,[H]c1nc2c([H])c(OC([H])([H])C([H])([H])[H])c(N([H])C(=O)[C:91]([H])([H])[C:92]([H])(C([H])([H])N(C([H])([H])[H])C([H])([H])[H])[S:93]C([H])([H])[H])c([H])c2c(N([H])c2c([H])c([H])c(F)c(Cl)c2[H])c1C#N,0,0.0,0.0,0.0,0.0,0.0,0.0,0.0,0.0,0.0,0.0,-1475516.2752670257,73.75974270701408,-1475507.682256253,-1475512.5350171763
S2-53.5,reactant,[H]c1nc2c([H])c(OC([H])([H])C([H])([H])[H])c(N([H])C(=O)/[C:91]([H])=[C:92](\[H])C([H])([H])N(C([H])([H])[H])C([H])([H])[H])c([H])c2c(N([H])c2c([H])c([H])c(F)c(Cl)c2[H])c1C#N,0,0.0,0.0,0.0,0.0,0.0,0.0,0.0,0.0,0.0,0.0,-1200224.4476878992,73.9611254632473,-1200214.7204102166,-1200221.2532362707
S2-53.5,intermediate,[H]c1nc2c([H])c(OC([H])([H])C([H])([H])[H])c(N([H])C(=O)[C-:91]([H])[C:92]([H])(C([H])([H])N(C([H])([H])[H])C([H])([H])[H])[S:93]C([H])([H])[H])c([H])c2c(N([H])c2c([H])c([H])c(F)c(Cl)c2[H])c1C#N,-1,0.0,0.0,0.0,0.0,0.0,0.0,0.0,0.0,0.0,0.0,-1475163.11853242,85.7339150365442,-1475152.2124095322,-1475158.2893526892
S2-53.5,product,[H]c1nc2c([H])c(OC([H])([H])C([H])([H])[H])c(N([H])C(=O)[C:91]([H])([H])[C:92]([H])(C([H])([H])N(C([H])([H])[H])C([H])([H])[H])[S:93]C([H])([H])[H])c([H])c2c(N([H])c2c([H])c([H])c(F)c(Cl)c2[H])c1C#N,0,0.0,0.0,0.0,0.0,0.0,0.0,0.0,0.0,0.0,0.0,-1475522.0078005146,254.73082919046283,-1475509.6774043832,-1475515.0872895378
S2-53.6,reactant,[H]c1nc2c([H])c(OC([H])([H])C([H])([H])[H])c(N([H])C(=O)/[C:91]([H])=[C:92](\[H])C([H])([H])N(C([H])([H])[H])C([H])([H])[H])c([H])c2c(N([H])c2c([H])c([H])c(F)c(Cl)c2[H])c1C#N,0,0.0,0.0,0.0,0.0,0.0,0.0,0.0,0.0,0.0,0.0,-1200224.6397022544,90.59465394169092,-1200216.9766833554,-1200221.1889034347
S2-53.6,intermediate,[H]c1nc2c([H])c(OC([H])([H])C([H])([H])[H])c(N([H])C(=O)[C-:91]([H])[C:92]([H])(C([H])([H])N(C([H])([H])[H])C([H])([H])[H])[S:93]C([H])([H])[H])c([H])c2c(N([H])c2c([H])c([H])c(F)c(Cl)c2[H])c1C#N,-1,0.0,0.0,0.0,0.0,0.0,0.0,0.0,0.0,0.0,0.0,-1475157.4631202621,104.25993705354631,-1475146.8870406034,-1475152.2539089122
S2-53.6,product,[H]c1nc2c([H])c(OC([H])([H])C([H])([H])[H])c(N([H])C(=O)[C:91]([H])([H])[C:92]([H])(C([H])([H])N(C([H])([H])[H])C([H])([H])[H])[S:93]C([H])([H])[H])c([H])c2c(N([H])c2c([H])c([H])c(F)c(Cl)c2[H])c1C#N,0,0.0,0.0,0.0,0.0,0.0,0.0,0.0,0.0,0.0,0.0,-1475522.1762501716,79.7637777402997,-1475510.938220211,-1475517.8245937144
S2-53.7,reactant,[H]c1nc2c([H])c(OC([H])([H])C([H])([H])[H])c(N([H])C(=O)/[C:91]([H])=[C:92](\[H])C([H])([H])N(C([H])([H])[H])C([H])([H])[H])c([H])c2c(N([H])c2c([H])c([H])c(F)c(Cl)c2[H])c1C#N,0,0.0,0.0,0.0,0.0,0.0,0.0,0.0,0.0,0.0,0.0,-1200225.8196855588,97.69396262429655,-1200216.9992748965,-1200222.444292674
S2-53.7,intermediate,[H]c1nc2c([H])c(OC([H])([H])C([H])([H])[H])c(N([H])C(=O)[C-:91]([H])[C:92]([H])(C([H])([H])N(C([H])([H])[H])C([H])([H])[H])[S:93]C([H])([H])[H])c([H])c2c(N([H])c2c([H])c([H])c(F)c(Cl)c2[H])c1C#N,-1,0.0,0.0,0.0,0.0,0.0,0.0,0.0,0.0,0.0,0.0,-1475163.3269639916,116.08764970116317,-1475151.5186529353,-1475158.2786094737
S2-53.7,product,[H]c1nc2c([H])c(OC([H])([H])C([H])([H])[H])c(N([H])C(=O)[C:91]([H])([H])[C:92]([H])(C([H])([H])N(C([H])([H])[H])C([H])([H])[H])[S:93]C([H])([H])[H])c([H])c2c(N([H])c2c([H])c([H])c(F)c(Cl)c2[H])c1C#N,0,0.0,0.0,0.0,0.0,0.0,0.0,0.0,0.0,0.0,0.0,-1475520.4852658876,144.3166907913983,-1475511.0788001863,-1475516.3863224022
S2-53.8,reactant,[H]c1nc2c([H])c(OC([H])([H])C([H])([H])[H])c(N([H])C(=O)/[C:91]([H])=[C:92](\[H])C([H])([H])N(C([H])([H])[H])C([H])([H])[H])c([H])c2c(N([H])c2c([H])c([H])c(F)c(Cl)c2[H])c1C#N,0,0.0,0.0,0.0,0.0,0.0,0.0,0.0,0.0,0.0,0.0,-1200227.8886176958,84.12343434430659,-1200218.2903575618,-1200224.1800366899
S2-53.8,intermediate,[H]c1nc2c([H])c(OC([H])([H])C([H])([H])[H])c(N([H])C(=O)[C-:91]([H])[C:92]([H])(C([H])([H])N(C([H])([H])[H])C([H])([H])[H])[S:93]C([H])([H])[H])c([H])c2c(N([H])c2c([H])c([H])c(F)c(Cl)c2[H])c1C#N,-1,0.0,0.0,0.0,0.0,0.0,0.0,0.0,0.0,0.0,0.0,-1475165.2414445404,83.51308317109942,-1475155.9739313875,-1475160.0910129831
S2-53.8,product,[H]c1nc2c([H])c(OC([H])([H])C([H])([H])[H])c(N([H])C(=O)[C:91]([H])([H])[C:92]([H])(C([H])([H])N(C([H])([H])[H])C([H])([H])[H])[S:93]C([H])([H])[H])c([H])c2c(N([H])c2c([H])c([H])c(F)c(Cl)c2[H])c1C#N,0,0.0,0.0,0.0,0.0,0.0,0.0,0.0,0.0,0.0,0.0,-1475518.0698568106,108.94002720527351,-1475508.6723254619,-1475513.4115458846
S2-53.9,reactant,[H]c1nc2c([H])c(OC([H])([H])C([H])([H])[H])c(N([H])C(=O)/[C:91]([H])=[C:92](\[H])C([H])([H])N(C([H])([H])[H])C([H])([H])[H])c([H])c2c(N([H])c2c([H])c([H])c(F)c(Cl)c2[H])c1C#N,0,0.0,0.0,0.0,0.0,0.0,0.0,0.0,0.0,0.0,0.0,-1200224.253864681,92.92407659813762,-1200215.2563009278,-1200221.0992905044
S2-53.9,intermediate,[H]c1nc2c([H])c(OC([H])([H])C([H])([H])[H])c(N([H])C(=O)[C-:91]([H])[C:92]([H])(C([H])([H])N(C([H])([H])[H])C([H])([H])[H])[S:93]C([H])([H])[H])c([H])c2c(N([H])c2c([H])c([H])c(F)c(Cl)c2[H])c1C#N,-1,0.0,0.0,0.0,0.0,0.0,0.0,0.0,0.0,0.0,0.0,-1475162.6362533218,99.89108130708337,-1475152.6673522606,-1475157.0647910892
S2-53.9,product,[H]c1nc2c([H])c(OC([H])([H])C([H])([H])[H])c(N([H])C(=O)[C:91]([H])([H])[C:92]([H])(C([H])([H])N(C([H])([H])[H])C([H])([H])[H])[S:93]C([H])([H])[H])c([H])c2c(N([H])c2c([H])c([H])c(F)c(Cl)c2[H])c1C#N,0,0.0,0.0,0.0,0.0,0.0,0.0,0.0,0.0,0.0,0.0,-1475521.311877681,322.4036715179682,-1475502.7953468596,-1475509.2412265441
S2-53.10,reactant,[H]c1nc2c([H])c(OC([H])([H])C([H])([H])[H])c(N([H])C(=O)/[C:91]([H])=[C:92](\[H])C([H])([H])N(C([H])([H])[H])C([H])([H])[H])c([H])c2c(N([H])c2c([H])c([H])c(F)c(Cl)c2[H])c1C#N,0,0.0,0.0,0.0,0.0,0.0,0.0,0.0,0.0,0.0,0.0,-1200217.5911633805,167.91656425595284,-1200207.2946052493,-1200212.9361842806
S2-53.10,intermediate,[H]c1nc2c([H])c(OC([H])([H])C([H])([H])[H])c(N([H])C(=O)[C-:91]([H])[C:92]([H])(C([H])([H])N(C([H])([H])[H])C([H])([H])[H])[S:93]C([H])([H])[H])c([H])c2c(N([H])c2c([H])c([H])c(F)c(Cl)c2[H])c1C#N,-1,0.0,0.0,0.0,0.0,0.0,0.0,0.0,0.0,0.0,0.0,-1475162.0771662823,91.63840192556381,-1475150.392022835,-1475157.6064382726
S2-53.10,product,[H]c1nc2c([H])c(OC([H])([H])C([H])([H])[H])c(N([H])C(=O)[C:91]([H])([H])[C:92]([H])(C([H])([H])N(C([H])([H])[H])C([H])([H])[H])[S:93]C([H])([H])[H])c([H])c2c(N([H])c2c([H])c([H])c(F)c(Cl)c2[H])c1C#N,0,0.0,0.0,0.0,0.0,0.0,0.0,0.0,0.0,0.0,0.0,-1475520.7899685442,93.50010991469026,-1475511.5688370515,-1475515.9553787191
S2-54.1,reactant,[H]c1nc(C([H])([H])Oc2c([H])c([H])c(N([H])c3c(C#N)c([H])nc4c([H])c(OC([H])([H])C([H])([H])[H])c(N([H])C(=O)/[C:91]([H])=[C:92](\[H])C([H])([H])N(C([H])([H])[H])C([H])([H])[H])c([H])c34)c([H])c2Cl)c([H])c([H])c1[H],0,0.0,0.0,0.0,0.0,0.0,0.0,0.0,0.0,0.0,0.0,-1364868.4990989778,211.82269787415862,-1364860.119792419,-1364864.590371981
S2-54.1,intermediate,[H]c1nc(C([H])([H])Oc2c([H])c([H])c(N([H])c3c(C#N)c([H])nc4c([H])c(OC([H])([H])C([H])([H])[H])c(N([H])C(=O)[C-:91]([H])[C:92]([H])(C([H])([H])N(C([H])([H])[H])C([H])([H])[H])[S:93]C([H])([H])[H])c([H])c34)c([H])c2Cl)c([H])c([H])c1[H],-1,0.0,0.0,0.0,0.0,0.0,0.0,0.0,0.0,0.0,0.0,-1639801.26559004,147.98002936691046,-1639788.9412802644,-1639796.2039302094
S2-54.1,product,[H]c1nc(C([H])([H])Oc2c([H])c([H])c(N([H])c3c(C#N)c([H])nc4c([H])c(OC([H])([H])C([H])([H])[H])c(N([H])C(=O)[C:91]([H])([H])[C:92]([H])(C([H])([H])N(C([H])([H])[H])C([H])([H])[H])[S:93]C([H])([H])[H])c([H])c34)c([H])c2Cl)c([H])c([H])c1[H],0,0.0,0.0,0.0,0.0,0.0,0.0,0.0,0.0,0.0,0.0,-1640158.959073397,381.4837695825845,-1640146.5887778217,-1640154.6597090177
S2-54.2,reactant,[H]c1nc(C([H])([H])Oc2c([H])c([H])c(N([H])c3c(C#N)c([H])nc4c([H])c(OC([H])([H])C([H])([H])[H])c(N([H])C(=O)/[C:91]([H])=[C:92](\[H])C([H])([H])N(C([H])([H])[H])C([H])([H])[H])c([H])c34)c([H])c2Cl)c([H])c([H])c1[H],0,0.0,0.0,0.0,0.0,0.0,0.0,0.0,0.0,0.0,0.0,-1364864.7166130077,378.50961185619235,-1364854.747931869,-1364859.7574370732
S2-54.2,intermediate,[H]c1nc(C([H])([H])Oc2c([H])c([H])c(N([H])c3c(C#N)c([H])nc4c([H])c(OC([H])([H])C([H])([H])[H])c(N([H])C(=O)[C-:91]([H])[C:92]([H])(C([H])([H])N(C([H])([H])[H])C([H])([H])[H])[S:93]C([H])([H])[H])c([H])c34)c([H])c2Cl)c([H])c([H])c1[H],-1,0.0,0.0,0.0,0.0,0.0,0.0,0.0,0.0,0.0,0.0,-1639797.7716314248,395.5569088626653,-1639779.0923909242,-1639785.702112889
S2-54.2,product,[H]c1nc(C([H])([H])Oc2c([H])c([H])c(N([H])c3c(C#N)c([H])nc4c([H])c(OC([H])([H])C([H])([H])[H])c(N([H])C(=O)[C:91]([H])([H])[C:92]([H])(C([H])([H])N(C([H])([H])[H])C([H])([H])[H])[S:93]C([H])([H])[H])c([H])c34)c([H])c2Cl)c([H])c([H])c1[H],0,0.0,0.0,0.0,0.0,0.0,0.0,0.0,0.0,0.0,0.0,-1640152.6183496672,7.820248426869512,-1640138.8204050376,-1640145.5458667283
S2-54.3,reactant,[H]c1nc(C([H])([H])Oc2c([H])c([H])c(N([H])c3c(C#N)c([H])nc4c([H])c(OC([H])([H])C([H])([H])[H])c(N([H])C(=O)/[C:91]([H])=[C:92](\[H])C([H])([H])N(C([H])([H])[H])C([H])([H])[H])c([H])c34)c([H])c2Cl)c([H])c([H])c1[H],0,0.0,0.0,0.0,0.0,0.0,0.0,0.0,0.0,0.0,0.0,-1364863.7189014908,7.416993549093604,-1364851.895998575,-1364859.7766967881
S2-54.3,intermediate,[H]c1nc(C([H])([H])Oc2c([H])c([H])c(N([H])c3c(C#N)c([H])nc4c([H])c(OC([H])([H])C([H])([H])[H])c(N([H])C(=O)[C-:91]([H])[C:92]([H])(C([H])([H])N(C([H])([H])[H])C([H])([H])[H])[S:93]C([H])([H])[H])c([H])c34)c([H])c2Cl)c([H])c([H])c1[H],-1,0.0,0.0,0.0,0.0,0.0,0.0,0.0,0.0,0.0,0.0,-1639802.4179070909,5.89301386103034,-1639791.0058524373,-1639797.2543791472
S2-54.3,product,[H]c1nc(C([H])([H])Oc2c([H])c([H])c(N([H])c3c(C#N)c([H])nc4c([H])c(OC([H])([H])C([H])([H])[H])c(N([H])C(=O)[C:91]([H])([H])[C:92]([H])(C([H])([H])N(C([H])([H])[H])C([H])([H])[H])[S:93]C([H])([H])[H])c([H])c34)c([H])c2Cl)c([H])c([H])c1[H],0,0.0,0.0,0.0,0.0,0.0,0.0,0.0,0.0,0.0,0.0,-1640154.2711004205,5.138516094535589,-1640142.994996373,-1640148.3976240843
S2-54.4,reactant,[H]c1nc(C([H])([H])Oc2c([H])c([H])c(N([H])c3c(C#N)c([H])nc4c([H])c(OC([H])([H])C([H])([H])[H])c(N([H])C(=O)/[C:91]([H])=[C:92](\[H])C([H])([H])N(C([H])([H])[H])C([H])([H])[H])c([H])c34)c([H])c2Cl)c([H])c([H])c1[H],0,0.0,0.0,0.0,0.0,0.0,0.0,0.0,0.0,0.0,0.0,-1364862.933723101,10.281764067709446,-1364850.2011326584,-1364857.965898713
S2-54.4,intermediate,[H]c1nc(C([H])([H])Oc2c([H])c([H])c(N([H])c3c(C#N)c([H])nc4c([H])c(OC([H])([H])C([H])([H])[H])c(N([H])C(=O)[C-:91]([H])[C:92]([H])(C([H])([H])N(C([H])([H])[H])C([H])([H])[H])[S:93]C([H])([H])[H])c([H])c34)c([H])c2Cl)c([H])c([H])c1[H],-1,0.0,0.0,0.0,0.0,0.0,0.0,0.0,0.0,0.0,0.0,-1639803.892432631,8.347317757084966,-1639790.3946987404,-1639796.8528446036
S2-54.4,product,[H]c1nc(C([H])([H])Oc2c([H])c([H])c(N([H])c3c(C#N)c([H])nc4c([H])c(OC([H])([H])C([H])([H])[H])c(N([H])C(=O)[C:91]([H])([H])[C:92]([H])(C([H])([H])N(C([H])([H])[H])C([H])([H])[H])[S:93]C([H])([H])[H])c([H])c34)c([H])c2Cl)c([H])c([H])c1[H],0,0.0,0.0,0.0,0.0,0.0,0.0,0.0,0.0,0.0,0.0,-1640159.3079694847,5.417090864852071,-1640147.4408456474,-1640154.1672145184
S2-54.5,reactant,[H]c1nc(C([H])([H])Oc2c([H])c([H])c(N([H])c3c(C#N)c([H])nc4c([H])c(OC([H])([H])C([H])([H])[H])c(N([H])C(=O)/[C:91]([H])=[C:92](\[H])C([H])([H])N(C([H])([H])[H])C([H])([H])[H])c([H])c34)c([H])c2Cl)c([H])c([H])c1[H],0,0.0,0.0,0.0,0.0,0.0,0.0,0.0,0.0,0.0,0.0,-1364868.565092229,19.987583303824067,-1364853.8224758974,-1364859.294769566
S2-54.5,intermediate,[H]c1nc(C([H])([H])Oc2c([H])c([H])c(N([H])c3c(C#N)c([H])nc4c([H])c(OC([H])([H])C([H])([H])[H])c(N([H])C(=O)[C-:91]([H])[C:92]([H])(C([H])([H])N(C([H])([H])[H])C([H])([H])[H])[S:93]C([H])([H])[H])c([H])c34)c([H])c2Cl)c([H])c([H])c1[H],-1,0.0,0.0,0.0,0.0,0.0,0.0,0.0,0.0,0.0,0.0,-1639792.7457364947,5.791468096897006,-1639778.9942614941,-1639786.4306172444
S2-54.5,product,[H]c1nc(C([H])([H])Oc2c([H])c([H])c(N([H])c3c(C#N)c([H])nc4c([H])c(OC([H])([H])C([H])([H])[H])c(N([H])C(=O)[C:91]([H])([H])[C:92]([H])(C([H])([H])N(C([H])([H])[H])C([H])([H])[H])[S:93]C([H])([H])[H])c([H])c34)c([H])c2Cl)c([H])c([H])c1[H],0,0.0,0.0,0.0,0.0,0.0,0.0,0.0,0.0,0.0,0.0,-1640158.8419261668,18.157848285511136,-1640137.9538773063,-1640146.1332522987
S2-54.6,reactant,[H]c1nc(C([H])([H])Oc2c([H])c([H])c(N([H])c3c(C#N)c([H])nc4c([H])c(OC([H])([H])C([H])([H])[H])c(N([H])C(=O)/[C:91]([H])=[C:92](\[H])C([H])([H])N(C([H])([H])[H])C([H])([H])[H])c([H])c34)c([H])c2Cl)c([H])c([H])c1[H],0,0.0,0.0,0.0,0.0,0.0,0.0,0.0,0.0,0.0,0.0,-1364866.9832719876,14.884581252932549,-1364852.6745408028,-1364859.992913617
S2-54.6,intermediate,[H]c1nc(C([H])([H])Oc2c([H])c([H])c(N([H])c3c(C#N)c([H])nc4c([H])c(OC([H])([H])C([H])([H])[H])c(N([H])C(=O)[C-:91]([H])[C:92]([H])(C([H])([H])N(C([H])([H])[H])C([H])([H])[H])[S:93]C([H])([H])[H])c([H])c34)c([H])c2Cl)c([H])c([H])c1[H],-1,0.0,0.0,0.0,0.0,0.0,0.0,0.0,0.0,0.0,0.0,-1639807.950113153,8.367334326729178,-1639795.782723596,-1639801.0459314233
S2-54.6,product,[H]c1nc(C([H])([H])Oc2c([H])c([H])c(N([H])c3c(C#N)c([H])nc4c([H])c(OC([H])([H])C([H])([H])[H])c(N([H])C(=O)[C:91]([H])([H])[C:92]([H])(C([H])([H])N(C([H])([H])[H])C([H])([H])[H])[S:93]C([H])([H])[H])c([H])c34)c([H])c2Cl)c([H])c([H])c1[H],0,0.0,0.0,0.0,0.0,0.0,0.0,0.0,0.0,0.0,0.0,-1640153.485872548,3.8560216557234526,-1640141.6404385695,-1640149.3483381579
S2-54.7,reactant,[H]c1nc(C([H])([H])Oc2c([H])c([H])c(N([H])c3c(C#N)c([H])nc4c([H])c(OC([H])([H])C([H])([H])[H])c(N([H])C(=O)/[C:91]([H])=[C:92](\[H])C([H])([H])N(C([H])([H])[H])C([H])([H])[H])c([H])c34)c([H])c2Cl)c([H])c([H])c1[H],0,0.0,0.0,0.0,0.0,0.0,0.0,0.0,0.0,0.0,0.0,-1364862.0961206795,8.558268981054425,-1364852.7536414363,-1364858.0667551823
S2-54.7,intermediate,[H]c1nc(C([H])([H])Oc2c([H])c([H])c(N([H])c3c(C#N)c([H])nc4c([H])c(OC([H])([H])C([H])([H])[H])c(N([H])C(=O)[C-:91]([H])[C:92]([H])(C([H])([H])N(C([H])([H])[H])C([H])([H])[H])[S:93]C([H])([H])[H])c([H])c34)c([H])c2Cl)c([H])c([H])c1[H],-1,0.0,0.0,0.0,0.0,0.0,0.0,0.0,0.0,0.0,0.0,-1639800.988388695,8.916456183418632,-1639786.5598712098,-1639794.9715393677
S2-54.7,product,[H]c1nc(C([H])([H])Oc2c([H])c([H])c(N([H])c3c(C#N)c([H])nc4c([H])c(OC([H])([H])C([H])([H])[H])c(N([H])C(=O)[C:91]([H])([H])[C:92]([H])(C([H])([H])N(C([H])([H])[H])C([H])([H])[H])[S:93]C([H])([H])[H])c([H])c34)c([H])c2Cl)c([H])c([H])c1[H],0,0.0,0.0,0.0,0.0,0.0,0.0,0.0,0.0,0.0,0.0,-1640154.8091298784,9.168338058516383,-1640142.1743059936,-1640149.4778175435
S2-54.8,reactant,[H]c1nc(C([H])([H])Oc2c([H])c([H])c(N([H])c3c(C#N)c([H])nc4c([H])c(OC([H])([H])C([H])([H])[H])c(N([H])C(=O)/[C:91]([H])=[C:92](\[H])C([H])([H])N(C([H])([H])[H])C([H])([H])[H])c([H])c34)c([H])c2Cl)c([H])c([H])c1[H],0,0.0,0.0,0.0,0.0,0.0,0.0,0.0,0.0,0.0,0.0,-1364865.0073285915,12.07235331647098,-1364852.7724118237,-1364859.5812626374
S2-54.8,intermediate,[H]c1nc(C([H])([H])Oc2c([H])c([H])c(N([H])c3c(C#N)c([H])nc4c([H])c(OC([H])([H])C([H])([H])[H])c(N([H])C(=O)[C-:91]([H])[C:92]([H])(C([H])([H])N(C([H])([H])[H])C([H])([H])[H])[S:93]C([H])([H])[H])c([H])c34)c([H])c2Cl)c([H])c([H])c1[H],-1,0.0,0.0,0.0,0.0,0.0,0.0,0.0,0.0,0.0,0.0,-1639801.5334006932,9.827962227165699,-1639785.7838086083,-1639792.898621135
S2-54.8,product,[H]c1nc(C([H])([H])Oc2c([H])c([H])c(N([H])c3c(C#N)c([H])nc4c([H])c(OC([H])([H])C([H])([H])[H])c(N([H])C(=O)[C:91]([H])([H])[C:92]([H])(C([H])([H])N(C([H])([H])[H])C([H])([H])[H])[S:93]C([H])([H])[H])c([H])c34)c([H])c2Cl)c([H])c([H])c1[H],0,0.0,0.0,0.0,0.0,0.0,0.0,0.0,0.0,0.0,0.0,-1640160.6408539235,5.142910784110427,-1640148.356201677,-1640156.078550175
S2-54.9,reactant,[H]c1nc(C([H])([H])Oc2c([H])c([H])c(N([H])c3c(C#N)c([H])nc4c([H])c(OC([H])([H])C([H])([H])[H])c(N([H])C(=O)/[C:91]([H])=[C:92](\[H])C([H])([H])N(C([H])([H])[H])C([H])([H])[H])c([H])c34)c([H])c2Cl)c([H])c([H])c1[H],0,0.0,0.0,0.0,0.0,0.0,0.0,0.0,0.0,0.0,0.0,-1364862.0211435931,7.428985441103578,-1364852.7245236943,-1364858.318390534
S2-54.9,intermediate,[H]c1nc(C([H])([H])Oc2c([H])c([H])c(N([H])c3c(C#N)c([H])nc4c([H])c(OC([H])([H])C([H])([H])[H])c(N([H])C(=O)[C-:91]([H])[C:92]([H])(C([H])([H])N(C([H])([H])[H])C([H])([H])[H])[S:93]C([H])([H])[H])c([H])c34)c([H])c2Cl)c([H])c([H])c1[H],-1,0.0,0.0,0.0,0.0,0.0,0.0,0.0,0.0,0.0,0.0,-1639804.484672991,10.804629167541862,-1639788.141317583,-1639796.3352899328
S2-54.9,product,[H]c1nc(C([H])([H])Oc2c([H])c([H])c(N([H])c3c(C#N)c([H])nc4c([H])c(OC([H])([H])C([H])([H])[H])c(N([H])C(=O)[C:91]([H])([H])[C:92]([H])(C([H])([H])N(C([H])([H])[H])C([H])([H])[H])[S:93]C([H])([H])[H])c([H])c34)c([H])c2Cl)c([H])c([H])c1[H],0,0.0,0.0,0.0,0.0,0.0,0.0,0.0,0.0,0.0,0.0,-1640166.8822661398,5.008583161979914,-1640156.4678955127,-1640162.6285521784
S2-54.10,reactant,[H]c1nc(C([H])([H])Oc2c([H])c([H])c(N([H])c3c(C#N)c([H])nc4c([H])c(OC([H])([H])C([H])([H])[H])c(N([H])C(=O)/[C:91]([H])=[C:92](\[H])C([H])([H])N(C([H])([H])[H])C([H])([H])[H])c([H])c34)c([H])c2Cl)c([H])c([H])c1[H],0,0.0,0.0,0.0,0.0,0.0,0.0,0.0,0.0,0.0,0.0,-1364865.4990973466,11.563659252598882,-1364853.6273716304,-1364860.6775544253
S2-54.10,intermediate,[H]c1nc(C([H])([H])Oc2c([H])c([H])c(N([H])c3c(C#N)c([H])nc4c([H])c(OC([H])([H])C([H])([H])[H])c(N([H])C(=O)[C-:91]([H])[C:92]([H])(C([H])([H])N(C([H])([H])[H])C([H])([H])[H])[S:93]C([H])([H])[H])c([H])c34)c([H])c2Cl)c([H])c([H])c1[H],-1,0.0,0.0,0.0,0.0,0.0,0.0,0.0,0.0,0.0,0.0,-1639806.8331816362,13.586391551420093,-1639788.5713540856,-1639794.9543854108
S2-54.10,product,[H]c1nc(C([H])([H])Oc2c([H])c([H])c(N([H])c3c(C#N)c([H])nc4c([H])c(OC([H])([H])C([H])([H])[H])c(N([H])C(=O)[C:91]([H])([H])[C:92]([H])(C([H])([H])N(C([H])([H])[H])C([H])([H])[H])[S:93]C([H])([H])[H])c([H])c34)c([H])c2Cl)c([H])c([H])c1[H],0,0.0,0.0,0.0,0.0,0.0,0.0,0.0,0.0,0.0,0.0,-1640158.653710973,8.322487361729145,-1640146.7167012556,-1640154.0289767182
