Name,RC,SMILES,charge,QCa,QCb,E_HOMO,E_LUMO,f_plus_Cb,f_minus_Cb,f_zero_Cb,f_plus_Ca,f_minus_Ca,f_zero_Ca,"E(opt, kcal/mol)","time(opt, sec)","E(rattled, kcal/mol)","E(initial, kcal/mol)"
S5-9.1,reactant,[H]c1c([H])c(N([H])C(=O)[C:91]([H])=[C:92]([H])[H])c([H])c([H])c1F,0,0.0,0.0,0.0,0.0,0.0,0.0,0.0,0.0,0.0,0.0,-362457.71263783606,6.232919255271554,-362455.0214486636,-362457.0604630903
S5-9.1,intermediate,[H]c1c([H])c(N([H])C(=O)[C-:91]([H])[C:92]([H])([H])[S:93]C([H])([H])[H])c([H])c([H])c1F,-1,0.0,0.0,0.0,0.0,0.0,0.0,0.0,0.0,0.0,0.0,-637390.3570224151,19.409834975376725,-637386.8271834402,-637388.5738576053
S5-9.1,product,[H]c1c([H])c(N([H])C(=O)[C:91]([H])([H])[C:92]([H])([H])[S:93]C([H])([H])[H])c([H])c([H])c1F,0,0.0,0.0,0.0,0.0,0.0,0.0,0.0,0.0,0.0,0.0,-637755.2964745938,21.410944474861026,-637751.8295609509,-637753.9579491422
S5-10.1,reactant,[H]c1c([H])c([H])c(C([H])([H])N([H])C(=O)[C:91]([H])=[C:92]([H])[H])c([H])c1[H],0,0.0,0.0,0.0,0.0,0.0,0.0,0.0,0.0,0.0,0.0,-324830.630990362,11.144732797518373,-324827.5852475951,-324829.8547133363
S5-10.1,intermediate,[H]c1c([H])c([H])c(C([H])([H])N([H])C(=O)[C-:91]([H])[C:92]([H])([H])[S:93]C([H])([H])[H])c([H])c1[H],-1,0.0,0.0,0.0,0.0,0.0,0.0,0.0,0.0,0.0,0.0,-599758.2605847239,37.08957060240209,-599752.1312450257,-599754.4410528047
S5-10.1,product,[H]c1c([H])c([H])c(C([H])([H])N([H])C(=O)[C:91]([H])([H])[C:92]([H])([H])[S:93]C([H])([H])[H])c([H])c1[H],0,0.0,0.0,0.0,0.0,0.0,0.0,0.0,0.0,0.0,0.0,-600126.3169493472,46.147975688800216,-600121.3521928785,-600123.7820838535
S5-10.2,reactant,[H]c1c([H])c([H])c(C([H])([H])N([H])C(=O)[C:91]([H])=[C:92]([H])[H])c([H])c1[H],0,0.0,0.0,0.0,0.0,0.0,0.0,0.0,0.0,0.0,0.0,-324830.60548897093,8.857361413538456,-324828.4200377573,-324829.8961549868
S5-10.2,intermediate,[H]c1c([H])c([H])c(C([H])([H])N([H])C(=O)[C-:91]([H])[C:92]([H])([H])[S:93]C([H])([H])[H])c([H])c1[H],-1,0.0,0.0,0.0,0.0,0.0,0.0,0.0,0.0,0.0,0.0,-599758.291973166,49.47806393355131,-599753.590101086,-599755.6848521273
S5-10.2,product,[H]c1c([H])c([H])c(C([H])([H])N([H])C(=O)[C:91]([H])([H])[C:92]([H])([H])[S:93]C([H])([H])[H])c([H])c1[H],0,0.0,0.0,0.0,0.0,0.0,0.0,0.0,0.0,0.0,0.0,-600125.6912422772,16.617884922772646,-600122.3055020378,-600124.6451752955
S5-10.3,reactant,[H]c1c([H])c([H])c(C([H])([H])N([H])C(=O)[C:91]([H])=[C:92]([H])[H])c([H])c1[H],0,0.0,0.0,0.0,0.0,0.0,0.0,0.0,0.0,0.0,0.0,-324829.0662471046,3.1702750101685524,-324826.16828815,-324828.5131928148
S5-10.3,intermediate,[H]c1c([H])c([H])c(C([H])([H])N([H])C(=O)[C-:91]([H])[C:92]([H])([H])[S:93]C([H])([H])[H])c([H])c1[H],-1,0.0,0.0,0.0,0.0,0.0,0.0,0.0,0.0,0.0,0.0,-599757.4720800058,70.96763741970062,-599749.9356814995,-599752.8641918162
S5-10.3,product,[H]c1c([H])c([H])c(C([H])([H])N([H])C(=O)[C:91]([H])([H])[C:92]([H])([H])[S:93]C([H])([H])[H])c([H])c1[H],0,0.0,0.0,0.0,0.0,0.0,0.0,0.0,0.0,0.0,0.0,-600125.6770462783,14.436151118949056,-600122.5829837838,-600124.7041145319
S5-10.4,reactant,[H]c1c([H])c([H])c(C([H])([H])N([H])C(=O)[C:91]([H])=[C:92]([H])[H])c([H])c1[H],0,0.0,0.0,0.0,0.0,0.0,0.0,0.0,0.0,0.0,0.0,-324829.25263831596,15.712626004591584,-324827.0096265054,-324828.437351158
S5-10.4,intermediate,[H]c1c([H])c([H])c(C([H])([H])N([H])C(=O)[C-:91]([H])[C:92]([H])([H])[S:93]C([H])([H])[H])c([H])c1[H],-1,0.0,0.0,0.0,0.0,0.0,0.0,0.0,0.0,0.0,0.0,-599759.5748527211,42.85980222001672,-599754.1520471183,-599756.8850738019
S5-10.4,product,[H]c1c([H])c([H])c(C([H])([H])N([H])C(=O)[C:91]([H])([H])[C:92]([H])([H])[S:93]C([H])([H])[H])c([H])c1[H],0,0.0,0.0,0.0,0.0,0.0,0.0,0.0,0.0,0.0,0.0,-600125.6753198864,17.918751258403063,-600120.8779519486,-600124.6862073403
S5-10.5,reactant,[H]c1c([H])c([H])c(C([H])([H])N([H])C(=O)[C:91]([H])=[C:92]([H])[H])c([H])c1[H],0,0.0,0.0,0.0,0.0,0.0,0.0,0.0,0.0,0.0,0.0,-324829.2443994684,8.70819134451449,-324827.10844181874,-324828.46322779194
S5-10.5,intermediate,[H]c1c([H])c([H])c(C([H])([H])N([H])C(=O)[C-:91]([H])[C:92]([H])([H])[S:93]C([H])([H])[H])c([H])c1[H],-1,0.0,0.0,0.0,0.0,0.0,0.0,0.0,0.0,0.0,0.0,-599759.4859985235,35.52923880331218,-599753.9255489113,-599756.9696505064
S5-10.5,product,[H]c1c([H])c([H])c(C([H])([H])N([H])C(=O)[C:91]([H])([H])[C:92]([H])([H])[S:93]C([H])([H])[H])c([H])c1[H],0,0.0,0.0,0.0,0.0,0.0,0.0,0.0,0.0,0.0,0.0,-600125.7171271582,13.845957562327385,-600121.7365184847,-600124.7431012972
S5-10.6,reactant,[H]c1c([H])c([H])c(C([H])([H])N([H])C(=O)[C:91]([H])=[C:92]([H])[H])c([H])c1[H],0,0.0,0.0,0.0,0.0,0.0,0.0,0.0,0.0,0.0,0.0,-324829.2766964655,10.970234334468842,-324827.32181752374,-324828.4537051467
S5-10.6,intermediate,[H]c1c([H])c([H])c(C([H])([H])N([H])C(=O)[C-:91]([H])[C:92]([H])([H])[S:93]C([H])([H])[H])c([H])c1[H],-1,0.0,0.0,0.0,0.0,0.0,0.0,0.0,0.0,0.0,0.0,-599755.9603160842,28.050991021096706,-599751.0067646682,-599753.2810439636
S5-10.6,product,[H]c1c([H])c([H])c(C([H])([H])N([H])C(=O)[C:91]([H])([H])[C:92]([H])([H])[S:93]C([H])([H])[H])c([H])c1[H],0,0.0,0.0,0.0,0.0,0.0,0.0,0.0,0.0,0.0,0.0,-600126.7513293197,21.23950521275401,-600123.7410683029,-600125.5907266877
S5-11.1,reactant,[H]c1c([H])c([H])c(N(C(=O)[C:91]([H])=[C:92]([H])[H])C([H])([H])[H])c([H])c1[H],0,0.0,0.0,0.0,0.0,0.0,0.0,0.0,0.0,0.0,0.0,-324820.8005291549,17.756644528359175,-324817.13845351554,-324819.5632230448
S5-11.1,intermediate,[H]c1c([H])c([H])c(N(C(=O)[C-:91]([H])[C:92]([H])([H])[S:93]C([H])([H])[H])C([H])([H])[H])c([H])c1[H],-1,0.0,0.0,0.0,0.0,0.0,0.0,0.0,0.0,0.0,0.0,-599755.542699706,23.453423835337162,-599750.8057774738,-599753.5524228597
S5-11.1,product,[H]c1c([H])c([H])c(N(C(=O)[C:91]([H])([H])[C:92]([H])([H])[S:93]C([H])([H])[H])C([H])([H])[H])c([H])c1[H],0,0.0,0.0,0.0,0.0,0.0,0.0,0.0,0.0,0.0,0.0,-600117.3866543958,24.76449378207326,-600113.7117985089,-600116.1098941851
S5-11.2,reactant,[H]c1c([H])c([H])c(N(C(=O)[C:91]([H])=[C:92]([H])[H])C([H])([H])[H])c([H])c1[H],0,0.0,0.0,0.0,0.0,0.0,0.0,0.0,0.0,0.0,0.0,-324820.785419103,17.513236002996564,-324817.610649166,-324819.6418769608
S5-11.2,intermediate,[H]c1c([H])c([H])c(N(C(=O)[C-:91]([H])[C:92]([H])([H])[S:93]C([H])([H])[H])C([H])([H])[H])c([H])c1[H],-1,0.0,0.0,0.0,0.0,0.0,0.0,0.0,0.0,0.0,0.0,-599755.9070893355,45.43121521547437,-599750.5385606115,-599753.5540063018
S5-11.2,product,[H]c1c([H])c([H])c(N(C(=O)[C:91]([H])([H])[C:92]([H])([H])[S:93]C([H])([H])[H])C([H])([H])[H])c([H])c1[H],0,0.0,0.0,0.0,0.0,0.0,0.0,0.0,0.0,0.0,0.0,-600117.3263791302,16.693788597360253,-600113.1139666188,-600116.1740070988
S5-11.3,reactant,[H]c1c([H])c([H])c(N(C(=O)[C:91]([H])=[C:92]([H])[H])C([H])([H])[H])c([H])c1[H],0,0.0,0.0,0.0,0.0,0.0,0.0,0.0,0.0,0.0,0.0,-324823.77693309914,11.652459368109703,-324820.49818104395,-324822.54758131184
S5-11.3,intermediate,[H]c1c([H])c([H])c(N(C(=O)[C-:91]([H])[C:92]([H])([H])[S:93]C([H])([H])[H])C([H])([H])[H])c([H])c1[H],-1,0.0,0.0,0.0,0.0,0.0,0.0,0.0,0.0,0.0,0.0,-599752.331797873,44.13370580226183,-599748.0691275668,-599750.4775266132
S5-11.3,product,[H]c1c([H])c([H])c(N(C(=O)[C:91]([H])([H])[C:92]([H])([H])[S:93]C([H])([H])[H])C([H])([H])[H])c([H])c1[H],0,0.0,0.0,0.0,0.0,0.0,0.0,0.0,0.0,0.0,0.0,-600117.3807439781,23.631824173033237,-600113.4202362231,-600116.076163568
S5-11.4,reactant,[H]c1c([H])c([H])c(N(C(=O)[C:91]([H])=[C:92]([H])[H])C([H])([H])[H])c([H])c1[H],0,0.0,0.0,0.0,0.0,0.0,0.0,0.0,0.0,0.0,0.0,-324820.77938497876,14.626446917653084,-324817.48921757005,-324819.51061895164
S5-11.4,intermediate,[H]c1c([H])c([H])c(N(C(=O)[C-:91]([H])[C:92]([H])([H])[S:93]C([H])([H])[H])C([H])([H])[H])c([H])c1[H],-1,0.0,0.0,0.0,0.0,0.0,0.0,0.0,0.0,0.0,0.0,-599752.3596785509,36.21275969222188,-599748.6065192494,-599750.3411471582
S5-11.4,product,[H]c1c([H])c([H])c(N(C(=O)[C:91]([H])([H])[C:92]([H])([H])[S:93]C([H])([H])[H])C([H])([H])[H])c([H])c1[H],0,0.0,0.0,0.0,0.0,0.0,0.0,0.0,0.0,0.0,0.0,-600117.325059595,16.23072400689125,-600113.2600336609,-600116.1685310279
S5-12.1,reactant,[H]c1c([H])c([H])c(N([H])C(=O)[C:91]([H])=[C:92]([H])[H])c([H])c1[H],0,0.0,0.0,0.0,0.0,0.0,0.0,0.0,0.0,0.0,0.0,-300167.49086897104,2.491428231820464,-300165.71540144953,-300167.00092557294
S5-12.1,intermediate,[H]c1c([H])c([H])c(N([H])C(=O)[C-:91]([H])[C:92]([H])([H])[S:93]C([H])([H])[H])c([H])c1[H],-1,0.0,0.0,0.0,0.0,0.0,0.0,0.0,0.0,0.0,0.0,-575099.1237996247,25.550898859277368,-575095.636158284,-575097.1422811928
S5-12.1,product,[H]c1c([H])c([H])c(N([H])C(=O)[C:91]([H])([H])[C:92]([H])([H])[S:93]C([H])([H])[H])c([H])c1[H],0,0.0,0.0,0.0,0.0,0.0,0.0,0.0,0.0,0.0,0.0,-575462.4436653666,13.074772780761123,-575459.4680696377,-575461.6549132357
S5-13.1,reactant,[H]c1c([H])c([H])c(C([H])([H])[H])c(N([H])C(=O)[C:91]([H])=[C:92]([H])[H])c1[H],0,0.0,0.0,0.0,0.0,0.0,0.0,0.0,0.0,0.0,0.0,-324832.2028508622,3.5765107721090317,-324829.2019296801,-324831.5148644825
S5-13.1,intermediate,[H]c1c([H])c([H])c(C([H])([H])[H])c(N([H])C(=O)[C-:91]([H])[C:92]([H])([H])[S:93]C([H])([H])[H])c1[H],-1,0.0,0.0,0.0,0.0,0.0,0.0,0.0,0.0,0.0,0.0,-599766.5406402476,22.82493910752237,-599761.9066857409,-599764.5117065195
S5-13.1,product,[H]c1c([H])c([H])c(C([H])([H])[H])c(N([H])C(=O)[C:91]([H])([H])[C:92]([H])([H])[S:93]C([H])([H])[H])c1[H],0,0.0,0.0,0.0,0.0,0.0,0.0,0.0,0.0,0.0,0.0,-600128.5112648129,5.561512261629105,-600124.8954361313,-600127.579502563
S5-13.2,reactant,[H]c1c([H])c([H])c(C([H])([H])[H])c(N([H])C(=O)[C:91]([H])=[C:92]([H])[H])c1[H],0,0.0,0.0,0.0,0.0,0.0,0.0,0.0,0.0,0.0,0.0,-324833.55589532387,2.7548041604459286,-324831.6634111511,-324832.90020456683
S5-13.2,intermediate,[H]c1c([H])c([H])c(C([H])([H])[H])c(N([H])C(=O)[C-:91]([H])[C:92]([H])([H])[S:93]C([H])([H])[H])c1[H],-1,0.0,0.0,0.0,0.0,0.0,0.0,0.0,0.0,0.0,0.0,-599761.3235446754,22.478755827993155,-599757.2956526593,-599758.9595314923
S5-13.2,product,[H]c1c([H])c([H])c(C([H])([H])[H])c(N([H])C(=O)[C:91]([H])([H])[C:92]([H])([H])[S:93]C([H])([H])[H])c1[H],0,0.0,0.0,0.0,0.0,0.0,0.0,0.0,0.0,0.0,0.0,-600128.4937259917,16.839264437556267,-600125.8837184698,-600127.4977188745
S5-13.3,reactant,[H]c1c([H])c([H])c(C([H])([H])[H])c(N([H])C(=O)[C:91]([H])=[C:92]([H])[H])c1[H],0,0.0,0.0,0.0,0.0,0.0,0.0,0.0,0.0,0.0,0.0,-324832.2296772865,4.419896589592099,-324830.2693057797,-324831.5366876694
S5-13.3,intermediate,[H]c1c([H])c([H])c(C([H])([H])[H])c(N([H])C(=O)[C-:91]([H])[C:92]([H])([H])[S:93]C([H])([H])[H])c1[H],-1,0.0,0.0,0.0,0.0,0.0,0.0,0.0,0.0,0.0,0.0,-599763.1794928444,29.633755307644606,-599758.1821053713,-599760.5900205881
S5-13.3,product,[H]c1c([H])c([H])c(C([H])([H])[H])c(N([H])C(=O)[C:91]([H])([H])[C:92]([H])([H])[S:93]C([H])([H])[H])c1[H],0,0.0,0.0,0.0,0.0,0.0,0.0,0.0,0.0,0.0,0.0,-600128.4981464344,11.795343242585659,-600125.2726967264,-600127.5041461103
S5-15.1,reactant,[H]c1c([H])c([H])c(N([H])C(=O)[C:91]([H])=[C:92]([H])[H])c(C#N)c1[H],0,0.0,0.0,0.0,0.0,0.0,0.0,0.0,0.0,0.0,0.0,-358064.97058454744,5.428984384983778,-358062.00770583836,-358063.95602696534
S5-15.1,intermediate,[H]c1c([H])c([H])c(N([H])C(=O)[C-:91]([H])[C:92]([H])([H])[S:93]C([H])([H])[H])c(C#N)c1[H],-1,0.0,0.0,0.0,0.0,0.0,0.0,0.0,0.0,0.0,0.0,-633002.3283596487,21.99427231401205,-632997.9946653636,-632999.8798797224
S5-15.1,product,[H]c1c([H])c([H])c(N([H])C(=O)[C:91]([H])([H])[C:92]([H])([H])[S:93]C([H])([H])[H])c(C#N)c1[H],0,0.0,0.0,0.0,0.0,0.0,0.0,0.0,0.0,0.0,0.0,-633356.3544205001,28.561830423772335,-633351.3077016559,-633353.555887144
S5-15.2,reactant,[H]c1c([H])c([H])c(N([H])C(=O)[C:91]([H])=[C:92]([H])[H])c(C#N)c1[H],0,0.0,0.0,0.0,0.0,0.0,0.0,0.0,0.0,0.0,0.0,-358064.97383390274,8.167148657143116,-358061.9719959186,-358063.96270161396
S5-15.2,intermediate,[H]c1c([H])c([H])c(N([H])C(=O)[C-:91]([H])[C:92]([H])([H])[S:93]C([H])([H])[H])c(C#N)c1[H],-1,0.0,0.0,0.0,0.0,0.0,0.0,0.0,0.0,0.0,0.0,-633002.5900894441,16.019958840683103,-632997.6618813499,-633000.2528408321
S5-15.2,product,[H]c1c([H])c([H])c(N([H])C(=O)[C:91]([H])([H])[C:92]([H])([H])[S:93]C([H])([H])[H])c(C#N)c1[H],0,0.0,0.0,0.0,0.0,0.0,0.0,0.0,0.0,0.0,0.0,-633361.001817771,6.2417636550962925,-633356.7869338802,-633359.8135708779
S5-15.3,reactant,[H]c1c([H])c([H])c(N([H])C(=O)[C:91]([H])=[C:92]([H])[H])c(C#N)c1[H],0,0.0,0.0,0.0,0.0,0.0,0.0,0.0,0.0,0.0,0.0,-358066.18022990215,4.058155328035355,-358063.3606307172,-358065.26505530847
S5-15.3,intermediate,[H]c1c([H])c([H])c(N([H])C(=O)[C-:91]([H])[C:92]([H])([H])[S:93]C([H])([H])[H])c(C#N)c1[H],-1,0.0,0.0,0.0,0.0,0.0,0.0,0.0,0.0,0.0,0.0,-633002.8026445631,13.761107055470347,-632998.1100587117,-633000.2322230956
S5-15.3,product,[H]c1c([H])c([H])c(N([H])C(=O)[C:91]([H])([H])[C:92]([H])([H])[S:93]C([H])([H])[H])c(C#N)c1[H],0,0.0,0.0,0.0,0.0,0.0,0.0,0.0,0.0,0.0,0.0,-633361.1236246098,8.226530807092786,-633357.3996050427,-633359.9234249275
S5-8.1,reactant,[H]c1c([H])c(N([H])C(=O)[C:91]([H])=[C:92]([H])[H])c([H])c([H])c1N([H])[H],0,0.0,0.0,0.0,0.0,0.0,0.0,0.0,0.0,0.0,0.0,-334908.63890205516,4.272868661209941,-334906.0334634237,-334907.59570506244
S5-8.1,intermediate,[H]c1c([H])c(N([H])C(=O)[C-:91]([H])[C:92]([H])([H])[S:93]C([H])([H])[H])c([H])c([H])c1N([H])[H],-1,0.0,0.0,0.0,0.0,0.0,0.0,0.0,0.0,0.0,0.0,-609838.7012917438,21.812598440796137,-609834.5127078377,-609836.0856816957
S5-8.1,product,[H]c1c([H])c(N([H])C(=O)[C:91]([H])([H])[C:92]([H])([H])[S:93]C([H])([H])[H])c([H])c([H])c1N([H])[H],0,0.0,0.0,0.0,0.0,0.0,0.0,0.0,0.0,0.0,0.0,-610203.5618082307,11.856650657951832,-610200.0726329304,-610202.26483714
S5-14.1,reactant,[H]c1c([H])c(N([H])C(=O)[C:91]([H])=[C:92]([H])[H])c([H])c([H])c1OC([H])([H])[H],0,0.0,0.0,0.0,0.0,0.0,0.0,0.0,0.0,0.0,0.0,-372035.1010578729,13.197415139526129,-372032.5035282052,-372034.43716950377
S5-14.1,intermediate,[H]c1c([H])c(N([H])C(=O)[C-:91]([H])[C:92]([H])([H])[S:93]C([H])([H])[H])c([H])c([H])c1OC([H])([H])[H],-1,0.0,0.0,0.0,0.0,0.0,0.0,0.0,0.0,0.0,0.0,-646966.4520286081,27.544010231271386,-646962.4396631221,-646964.282179523
S5-14.1,product,[H]c1c([H])c(N([H])C(=O)[C:91]([H])([H])[C:92]([H])([H])[S:93]C([H])([H])[H])c([H])c([H])c1OC([H])([H])[H],0,0.0,0.0,0.0,0.0,0.0,0.0,0.0,0.0,0.0,0.0,-647331.412422909,11.049049450084567,-647327.7455996922,-647330.4944607974
S5-14.2,reactant,[H]c1c([H])c(N([H])C(=O)[C:91]([H])=[C:92]([H])[H])c([H])c([H])c1OC([H])([H])[H],0,0.0,0.0,0.0,0.0,0.0,0.0,0.0,0.0,0.0,0.0,-372036.5316181516,6.690205939114094,-372033.3854450152,-372035.9029173862
S5-14.2,intermediate,[H]c1c([H])c(N([H])C(=O)[C-:91]([H])[C:92]([H])([H])[S:93]C([H])([H])[H])c([H])c([H])c1OC([H])([H])[H],-1,0.0,0.0,0.0,0.0,0.0,0.0,0.0,0.0,0.0,0.0,-646966.4737019727,28.14150951988995,-646962.6567321509,-646964.1721962689
S5-14.2,product,[H]c1c([H])c(N([H])C(=O)[C:91]([H])([H])[C:92]([H])([H])[S:93]C([H])([H])[H])c([H])c([H])c1OC([H])([H])[H],0,0.0,0.0,0.0,0.0,0.0,0.0,0.0,0.0,0.0,0.0,-647331.4806703662,9.643477933481336,-647327.9498802263,-647330.599176907
S5-16.1,reactant,[H]c1c([H])c(F)c([H])c(N([H])C(=O)[C:91]([H])=[C:92]([H])[H])c1[H],0,0.0,0.0,0.0,0.0,0.0,0.0,0.0,0.0,0.0,0.0,-362457.95442890556,3.9591234158724546,-362456.0879849341,-362457.30099785246
S5-16.1,intermediate,[H]c1c([H])c(F)c([H])c(N([H])C(=O)[C-:91]([H])[C:92]([H])([H])[S:93]C([H])([H])[H])c1[H],-1,0.0,0.0,0.0,0.0,0.0,0.0,0.0,0.0,0.0,0.0,-637395.0012418056,10.77417653799057,-637390.2271251766,-637393.2732555569
S5-16.1,product,[H]c1c([H])c(F)c([H])c(N([H])C(=O)[C:91]([H])([H])[C:92]([H])([H])[S:93]C([H])([H])[H])c1[H],0,0.0,0.0,0.0,0.0,0.0,0.0,0.0,0.0,0.0,0.0,-637754.8521101387,6.3427222818136215,-637751.5927813658,-637753.948783871
S5-16.2,reactant,[H]c1c([H])c(F)c([H])c(N([H])C(=O)[C:91]([H])=[C:92]([H])[H])c1[H],0,0.0,0.0,0.0,0.0,0.0,0.0,0.0,0.0,0.0,0.0,-362459.85880401434,2.292526353150606,-362458.21665352664,-362459.21397468087
S5-16.2,intermediate,[H]c1c([H])c(F)c([H])c(N([H])C(=O)[C-:91]([H])[C:92]([H])([H])[S:93]C([H])([H])[H])c1[H],-1,0.0,0.0,0.0,0.0,0.0,0.0,0.0,0.0,0.0,0.0,-637394.6295782388,18.77053727582097,-637389.8375214299,-637392.9226990544
S5-16.2,product,[H]c1c([H])c(F)c([H])c(N([H])C(=O)[C:91]([H])([H])[C:92]([H])([H])[S:93]C([H])([H])[H])c1[H],0,0.0,0.0,0.0,0.0,0.0,0.0,0.0,0.0,0.0,0.0,-637755.1607659025,6.002830736339092,-637750.8831958454,-637754.2567028943
S5-17.1,reactant,[H]c1c([H])c(C([H])([H])[H])c([H])c([H])c1N([H])C(=O)[C:91]([H])=[C:92]([H])[H],0,0.0,0.0,0.0,0.0,0.0,0.0,0.0,0.0,0.0,0.0,-324831.7982374032,5.835323451086879,-324829.31354860787,-324831.17150631896
S5-17.1,intermediate,[H]c1c([H])c(C([H])([H])[H])c([H])c([H])c1N([H])C(=O)[C-:91]([H])[C:92]([H])([H])[S:93]C([H])([H])[H],-1,0.0,0.0,0.0,0.0,0.0,0.0,0.0,0.0,0.0,0.0,-599765.4644328841,29.68837154842913,-599761.5281660894,-599763.3592355229
S5-17.1,product,[H]c1c([H])c(C([H])([H])[H])c([H])c([H])c1N([H])C(=O)[C:91]([H])([H])[C:92]([H])([H])[S:93]C([H])([H])[H],0,0.0,0.0,0.0,0.0,0.0,0.0,0.0,0.0,0.0,0.0,-600128.6056775523,21.694114539772272,-600123.5808877328,-600127.0894766939
S5-18.1,reactant,[H]c1nc(N([H])C(=O)[C:91]([H])=[C:92]([H])[H])c([H])c([H])c1[H],0,0.0,0.0,0.0,0.0,0.0,0.0,0.0,0.0,0.0,0.0,-310243.71361868293,5.279986126348376,-310241.3567914683,-310243.2561908299
S5-18.1,intermediate,[H]c1nc(N([H])C(=O)[C-:91]([H])[C:92]([H])([H])[S:93]C([H])([H])[H])c([H])c([H])c1[H],-1,0.0,0.0,0.0,0.0,0.0,0.0,0.0,0.0,0.0,0.0,-585176.5631359959,41.42140404507518,-585171.9172671866,-585173.9282552366
S5-18.1,product,[H]c1nc(N([H])C(=O)[C:91]([H])([H])[C:92]([H])([H])[S:93]C([H])([H])[H])c([H])c([H])c1[H],0,0.0,0.0,0.0,0.0,0.0,0.0,0.0,0.0,0.0,0.0,-585539.9889659077,31.237739710137248,-585535.7618790659,-585538.9386049388
S5-19.1,reactant,[H]c1c([H])c(N([H])C(=O)[C:91]([H])=[C:92]([H])[H])c([H])c([H])c1C#N,0,0.0,0.0,0.0,0.0,0.0,0.0,0.0,0.0,0.0,0.0,-358063.2607693973,4.374010805040598,-358059.8712244982,-358062.38194249873
S5-19.1,intermediate,[H]c1c([H])c(N([H])C(=O)[C-:91]([H])[C:92]([H])([H])[S:93]C([H])([H])[H])c([H])c([H])c1C#N,-1,0.0,0.0,0.0,0.0,0.0,0.0,0.0,0.0,0.0,0.0,-633008.259268752,22.309669338166714,-633004.2721778621,-633006.3725699161
S5-19.1,product,[H]c1c([H])c(N([H])C(=O)[C:91]([H])([H])[C:92]([H])([H])[S:93]C([H])([H])[H])c([H])c([H])c1C#N,0,0.0,0.0,0.0,0.0,0.0,0.0,0.0,0.0,0.0,0.0,-633361.4869668582,62.85432410240173,-633355.9264237789,-633358.8459585075
S5-20.1,reactant,[H]c1c([H])c([H])c(C(N([H])C(=O)[C:91](C([H])([H])[H])=[C:92]([H])[H])(C([H])([H])[H])C([H])([H])[H])c([H])c1[H],0,0.0,0.0,0.0,0.0,0.0,0.0,0.0,0.0,0.0,0.0,-398826.76269994874,25.51323365047574,-398823.7802151467,-398825.9470622893
S5-20.1,intermediate,[H]c1c([H])c([H])c(C(N([H])C(=O)[C-:91](C([H])([H])[H])[C:92]([H])([H])[S:93]C([H])([H])[H])(C([H])([H])[H])C([H])([H])[H])c([H])c1[H],-1,0.0,0.0,0.0,0.0,0.0,0.0,0.0,0.0,0.0,0.0,-673764.5183038992,46.80943803489208,-673758.0845804322,-673761.6664475781
S5-20.1,product,[H]c1c([H])c([H])c(C(N([H])C(=O)[C:91]([H])(C([H])([H])[H])[C:92]([H])([H])[S:93]C([H])([H])[H])(C([H])([H])[H])C([H])([H])[H])c([H])c1[H],0,0.0,0.0,0.0,0.0,0.0,0.0,0.0,0.0,0.0,0.0,-674120.5557486612,55.56116388365626,-674113.5449594883,-674118.1501921134
S5-20.2,reactant,[H]c1c([H])c([H])c(C(N([H])C(=O)[C:91](C([H])([H])[H])=[C:92]([H])[H])(C([H])([H])[H])C([H])([H])[H])c([H])c1[H],0,0.0,0.0,0.0,0.0,0.0,0.0,0.0,0.0,0.0,0.0,-398826.75148390007,35.02490062825382,-398822.32657674816,-398825.5093559886
S5-20.2,intermediate,[H]c1c([H])c([H])c(C(N([H])C(=O)[C-:91](C([H])([H])[H])[C:92]([H])([H])[S:93]C([H])([H])[H])(C([H])([H])[H])C([H])([H])[H])c([H])c1[H],-1,0.0,0.0,0.0,0.0,0.0,0.0,0.0,0.0,0.0,0.0,-673764.4685464281,43.00254252552986,-673758.3753839851,-673761.5243006549
S5-20.2,product,[H]c1c([H])c([H])c(C(N([H])C(=O)[C:91]([H])(C([H])([H])[H])[C:92]([H])([H])[S:93]C([H])([H])[H])(C([H])([H])[H])C([H])([H])[H])c([H])c1[H],0,0.0,0.0,0.0,0.0,0.0,0.0,0.0,0.0,0.0,0.0,-674116.7281400873,47.552293891087174,-674110.204721219,-674115.1684495498
S5-20.3,reactant,[H]c1c([H])c([H])c(C(N([H])C(=O)[C:91](C([H])([H])[H])=[C:92]([H])[H])(C([H])([H])[H])C([H])([H])[H])c([H])c1[H],0,0.0,0.0,0.0,0.0,0.0,0.0,0.0,0.0,0.0,0.0,-398826.3773022203,13.159143477678299,-398822.71700520435,-398825.234881683
S5-20.3,intermediate,[H]c1c([H])c([H])c(C(N([H])C(=O)[C-:91](C([H])([H])[H])[C:92]([H])([H])[S:93]C([H])([H])[H])(C([H])([H])[H])C([H])([H])[H])c([H])c1[H],-1,0.0,0.0,0.0,0.0,0.0,0.0,0.0,0.0,0.0,0.0,-673751.7148874078,71.42072213068604,-673741.2587699877,-673743.9611229772
S5-20.3,product,[H]c1c([H])c([H])c(C(N([H])C(=O)[C:91]([H])(C([H])([H])[H])[C:92]([H])([H])[S:93]C([H])([H])[H])(C([H])([H])[H])C([H])([H])[H])c([H])c1[H],0,0.0,0.0,0.0,0.0,0.0,0.0,0.0,0.0,0.0,0.0,-674119.3412485168,44.63207277096808,-674114.4584406785,-674117.9347889976
S5-20.4,reactant,[H]c1c([H])c([H])c(C(N([H])C(=O)[C:91](C([H])([H])[H])=[C:92]([H])[H])(C([H])([H])[H])C([H])([H])[H])c([H])c1[H],0,0.0,0.0,0.0,0.0,0.0,0.0,0.0,0.0,0.0,0.0,-398826.75872484915,20.354626340791583,-398822.5670125452,-398825.96655842103
S5-20.4,intermediate,[H]c1c([H])c([H])c(C(N([H])C(=O)[C-:91](C([H])([H])[H])[C:92]([H])([H])[S:93]C([H])([H])[H])(C([H])([H])[H])C([H])([H])[H])c([H])c1[H],-1,0.0,0.0,0.0,0.0,0.0,0.0,0.0,0.0,0.0,0.0,-673761.0828721655,93.19364278577268,-673753.7761222565,-673757.3330062038
S5-20.4,product,[H]c1c([H])c([H])c(C(N([H])C(=O)[C:91]([H])(C([H])([H])[H])[C:92]([H])([H])[S:93]C([H])([H])[H])(C([H])([H])[H])C([H])([H])[H])c([H])c1[H],0,0.0,0.0,0.0,0.0,0.0,0.0,0.0,0.0,0.0,0.0,-674121.959558114,70.58303651958704,-674115.3917808726,-674120.0392716106
S5-20.5,reactant,[H]c1c([H])c([H])c(C(N([H])C(=O)[C:91](C([H])([H])[H])=[C:92]([H])[H])(C([H])([H])[H])C([H])([H])[H])c([H])c1[H],0,0.0,0.0,0.0,0.0,0.0,0.0,0.0,0.0,0.0,0.0,-398826.7531168248,32.783801978453994,-398823.38587206963,-398825.50948794215
S5-20.5,intermediate,[H]c1c([H])c([H])c(C(N([H])C(=O)[C-:91](C([H])([H])[H])[C:92]([H])([H])[S:93]C([H])([H])[H])(C([H])([H])[H])C([H])([H])[H])c([H])c1[H],-1,0.0,0.0,0.0,0.0,0.0,0.0,0.0,0.0,0.0,0.0,-673760.6647444675,64.7051961440593,-673752.6971493673,-673755.7551280736
S5-20.5,product,[H]c1c([H])c([H])c(C(N([H])C(=O)[C:91]([H])(C([H])([H])[H])[C:92]([H])([H])[S:93]C([H])([H])[H])(C([H])([H])[H])C([H])([H])[H])c([H])c1[H],0,0.0,0.0,0.0,0.0,0.0,0.0,0.0,0.0,0.0,0.0,-674119.2449994243,125.68928463384509,-674114.3757937942,-674117.3645079016
S5-21.1,reactant,[H]c1c([H])c([H])c(N([H])C(=O)[C:91](C([H])([H])[H])=[C:92]([H])[H])c([H])c1[H],0,0.0,0.0,0.0,0.0,0.0,0.0,0.0,0.0,0.0,0.0,-324833.6013643056,5.7521826177835464,-324831.0952083229,-324832.895602688
S5-21.1,intermediate,[H]c1c([H])c([H])c(N([H])C(=O)[C-:91](C([H])([H])[H])[C:92]([H])([H])[S:93]C([H])([H])[H])c([H])c1[H],-1,0.0,0.0,0.0,0.0,0.0,0.0,0.0,0.0,0.0,0.0,-599763.7031558634,31.394677916541696,-599759.5864206458,-599761.823203151
S5-21.1,product,[H]c1c([H])c([H])c(N([H])C(=O)[C:91]([H])(C([H])([H])[H])[C:92]([H])([H])[S:93]C([H])([H])[H])c([H])c1[H],0,0.0,0.0,0.0,0.0,0.0,0.0,0.0,0.0,0.0,0.0,-600127.6399207782,18.327311299741268,-600122.9355250873,-600126.5893068984
S5-23.1,reactant,[H]c1c([H])c(N([H])C(=O)[C:91]([H])=[C:92]([H])[H])c([H])c([H])c1N([H])[H],0,0.0,0.0,0.0,0.0,0.0,0.0,0.0,0.0,0.0,0.0,-334908.693354872,5.2947402615100145,-334905.853357873,-334907.6516808428
S5-23.1,intermediate,[H]c1c([H])c(N([H])C(=O)[C-:91]([H])[C:92]([H])([H])[S:93]C([H])([H])[H])c([H])c([H])c1N([H])[H],-1,0.0,0.0,0.0,0.0,0.0,0.0,0.0,0.0,0.0,0.0,-609837.473766688,29.996595652773976,-609830.9118393857,-609834.0879604717
S5-23.1,product,[H]c1c([H])c(N([H])C(=O)[C:91]([H])([H])[C:92]([H])([H])[S:93]C([H])([H])[H])c([H])c([H])c1N([H])[H],0,0.0,0.0,0.0,0.0,0.0,0.0,0.0,0.0,0.0,0.0,-610203.5747451732,10.052274642512202,-610200.0410300638,-610202.2720011162
S5-22.1,reactant,[H]c1c([H])c([H])c(N([H])C(=O)[C:91]([H])=[C:92](C([H])([H])[H])C([H])([H])[H])c([H])c1[H],0,0.0,0.0,0.0,0.0,0.0,0.0,0.0,0.0,0.0,0.0,-349499.27612164605,20.60981129296124,-349496.1899818606,-349498.45469727524
S5-22.1,intermediate,[H]c1c([H])c([H])c(N([H])C(=O)[C-:91]([H])[C:92](C([H])([H])[H])(C([H])([H])[H])[S:93]C([H])([H])[H])c([H])c1[H],-1,0.0,0.0,0.0,0.0,0.0,0.0,0.0,0.0,0.0,0.0,-624426.1058839053,12.235204674303532,-624421.855050929,-624424.7418969235
S5-22.1,product,[H]c1c([H])c([H])c(N([H])C(=O)[C:91]([H])([H])[C:92](C([H])([H])[H])(C([H])([H])[H])[S:93]C([H])([H])[H])c([H])c1[H],0,0.0,0.0,0.0,0.0,0.0,0.0,0.0,0.0,0.0,0.0,-624795.0041834238,21.486275738105178,-624790.1827724561,-624793.5174521835
S5-22.2,reactant,[H]c1c([H])c([H])c(N([H])C(=O)[C:91]([H])=[C:92](C([H])([H])[H])C([H])([H])[H])c([H])c1[H],0,0.0,0.0,0.0,0.0,0.0,0.0,0.0,0.0,0.0,0.0,-349501.04352076,16.542312659323215,-349498.6643604131,-349500.3577968333
S5-22.2,intermediate,[H]c1c([H])c([H])c(N([H])C(=O)[C-:91]([H])[C:92](C([H])([H])[H])(C([H])([H])[H])[S:93]C([H])([H])[H])c([H])c1[H],-1,0.0,0.0,0.0,0.0,0.0,0.0,0.0,0.0,0.0,0.0,-624426.2956330586,57.13494058139622,-624418.6778522226,-624420.6986708095
S5-22.2,product,[H]c1c([H])c([H])c(N([H])C(=O)[C:91]([H])([H])[C:92](C([H])([H])[H])(C([H])([H])[H])[S:93]C([H])([H])[H])c([H])c1[H],0,0.0,0.0,0.0,0.0,0.0,0.0,0.0,0.0,0.0,0.0,-624795.0369078954,114.32017843425274,-624785.5393227944,-624788.4246513236
S5-22.3,reactant,[H]c1c([H])c([H])c(N([H])C(=O)[C:91]([H])=[C:92](C([H])([H])[H])C([H])([H])[H])c([H])c1[H],0,0.0,0.0,0.0,0.0,0.0,0.0,0.0,0.0,0.0,0.0,-349501.0603200918,14.146415358409286,-349498.5670666887,-349500.37517071265
S5-22.3,intermediate,[H]c1c([H])c([H])c(N([H])C(=O)[C-:91]([H])[C:92](C([H])([H])[H])(C([H])([H])[H])[S:93]C([H])([H])[H])c([H])c1[H],-1,0.0,0.0,0.0,0.0,0.0,0.0,0.0,0.0,0.0,0.0,-624426.1055320293,7.711086835712194,-624421.9446308708,-624424.7342381217
S5-22.3,product,[H]c1c([H])c([H])c(N([H])C(=O)[C:91]([H])([H])[C:92](C([H])([H])[H])(C([H])([H])[H])[S:93]C([H])([H])[H])c([H])c1[H],0,0.0,0.0,0.0,0.0,0.0,0.0,0.0,0.0,0.0,0.0,-624795.0495754327,99.97632706724107,-624785.659026624,-624788.3959734265
S5-26.1,reactant,[H]c1nc(N([H])C2([H])C([H])([H])C([H])([H])OC([H])([H])C2([H])[H])nc2c1C([H])([H])C([H])([H])N(C(=O)[C:91]([H])=[C:92]([H])[H])C2([H])[H],0,0.0,0.0,0.0,0.0,0.0,0.0,0.0,0.0,0.0,0.0,-598077.1178858218,108.98677259683609,-598070.0231934573,-598073.4433570696
S5-26.1,intermediate,[H]c1nc(N([H])C2([H])C([H])([H])C([H])([H])OC([H])([H])C2([H])[H])nc2c1C([H])([H])C([H])([H])N(C(=O)[C-:91]([H])[C:92]([H])([H])[S:93]C([H])([H])[H])C2([H])[H],-1,0.0,0.0,0.0,0.0,0.0,0.0,0.0,0.0,0.0,0.0,-873016.4373945751,97.96299728006124,-873007.0300051993,-873011.8426082699
S5-26.1,product,[H]c1nc(N([H])C2([H])C([H])([H])C([H])([H])OC([H])([H])C2([H])[H])nc2c1C([H])([H])C([H])([H])N(C(=O)[C:91]([H])([H])[C:92]([H])([H])[S:93]C([H])([H])[H])C2([H])[H],0,0.0,0.0,0.0,0.0,0.0,0.0,0.0,0.0,0.0,0.0,-873374.34227296,86.7401334606111,-873368.0020275615,-873371.9155543674
S5-26.2,reactant,[H]c1nc(N([H])C2([H])C([H])([H])C([H])([H])OC([H])([H])C2([H])[H])nc2c1C([H])([H])C([H])([H])N(C(=O)[C:91]([H])=[C:92]([H])[H])C2([H])[H],0,0.0,0.0,0.0,0.0,0.0,0.0,0.0,0.0,0.0,0.0,-598084.0680286099,82.06712357327342,-598078.3566461697,-598081.6111778825
S5-26.2,intermediate,[H]c1nc(N([H])C2([H])C([H])([H])C([H])([H])OC([H])([H])C2([H])[H])nc2c1C([H])([H])C([H])([H])N(C(=O)[C-:91]([H])[C:92]([H])([H])[S:93]C([H])([H])[H])C2([H])[H],-1,0.0,0.0,0.0,0.0,0.0,0.0,0.0,0.0,0.0,0.0,-873010.6167271349,54.504786260426044,-873002.9422832605,-873006.6828574957
S5-26.2,product,[H]c1nc(N([H])C2([H])C([H])([H])C([H])([H])OC([H])([H])C2([H])[H])nc2c1C([H])([H])C([H])([H])N(C(=O)[C:91]([H])([H])[C:92]([H])([H])[S:93]C([H])([H])[H])C2([H])[H],0,0.0,0.0,0.0,0.0,0.0,0.0,0.0,0.0,0.0,0.0,-873375.0761104368,100.48115728423,-873367.8872554946,-873372.7173259117
S5-26.3,reactant,[H]c1nc(N([H])C2([H])C([H])([H])C([H])([H])OC([H])([H])C2([H])[H])nc2c1C([H])([H])C([H])([H])N(C(=O)[C:91]([H])=[C:92]([H])[H])C2([H])[H],0,0.0,0.0,0.0,0.0,0.0,0.0,0.0,0.0,0.0,0.0,-598079.4185750633,77.87970078364015,-598073.0820573517,-598077.3796953391
S5-26.3,intermediate,[H]c1nc(N([H])C2([H])C([H])([H])C([H])([H])OC([H])([H])C2([H])[H])nc2c1C([H])([H])C([H])([H])N(C(=O)[C-:91]([H])[C:92]([H])([H])[S:93]C([H])([H])[H])C2([H])[H],-1,0.0,0.0,0.0,0.0,0.0,0.0,0.0,0.0,0.0,0.0,-873008.4569285092,113.24979031831026,-872999.8156337462,-873003.3066344035
S5-26.3,product,[H]c1nc(N([H])C2([H])C([H])([H])C([H])([H])OC([H])([H])C2([H])[H])nc2c1C([H])([H])C([H])([H])N(C(=O)[C:91]([H])([H])[C:92]([H])([H])[S:93]C([H])([H])[H])C2([H])[H],0,0.0,0.0,0.0,0.0,0.0,0.0,0.0,0.0,0.0,0.0,-873374.5790635411,110.01325782202184,-873367.6630884663,-873372.0382601394
S5-26.4,reactant,[H]c1nc(N([H])C2([H])C([H])([H])C([H])([H])OC([H])([H])C2([H])[H])nc2c1C([H])([H])C([H])([H])N(C(=O)[C:91]([H])=[C:92]([H])[H])C2([H])[H],0,0.0,0.0,0.0,0.0,0.0,0.0,0.0,0.0,0.0,0.0,-598078.3778137126,94.2947516720742,-598071.2849989365,-598075.064383999
S5-26.4,intermediate,[H]c1nc(N([H])C2([H])C([H])([H])C([H])([H])OC([H])([H])C2([H])[H])nc2c1C([H])([H])C([H])([H])N(C(=O)[C-:91]([H])[C:92]([H])([H])[S:93]C([H])([H])[H])C2([H])[H],-1,0.0,0.0,0.0,0.0,0.0,0.0,0.0,0.0,0.0,0.0,-873008.0981139158,64.14981078915298,-872999.9229504397,-873003.9346121736
S5-26.4,product,[H]c1nc(N([H])C2([H])C([H])([H])C([H])([H])OC([H])([H])C2([H])[H])nc2c1C([H])([H])C([H])([H])N(C(=O)[C:91]([H])([H])[C:92]([H])([H])[S:93]C([H])([H])[H])C2([H])[H],0,0.0,0.0,0.0,0.0,0.0,0.0,0.0,0.0,0.0,0.0,-873375.6665694243,91.09311879985034,-873368.82419692,-873373.0521799461
S5-26.5,reactant,[H]c1nc(N([H])C2([H])C([H])([H])C([H])([H])OC([H])([H])C2([H])[H])nc2c1C([H])([H])C([H])([H])N(C(=O)[C:91]([H])=[C:92]([H])[H])C2([H])[H],0,0.0,0.0,0.0,0.0,0.0,0.0,0.0,0.0,0.0,0.0,-598077.8213684923,92.08490251936018,-598071.2485715195,-598075.4938596992
S5-26.5,intermediate,[H]c1nc(N([H])C2([H])C([H])([H])C([H])([H])OC([H])([H])C2([H])[H])nc2c1C([H])([H])C([H])([H])N(C(=O)[C-:91]([H])[C:92]([H])([H])[S:93]C([H])([H])[H])C2([H])[H],-1,0.0,0.0,0.0,0.0,0.0,0.0,0.0,0.0,0.0,0.0,-873017.8768644651,134.44592921622097,-873008.7585027678,-873013.1517630685
S5-26.5,product,[H]c1nc(N([H])C2([H])C([H])([H])C([H])([H])OC([H])([H])C2([H])[H])nc2c1C([H])([H])C([H])([H])N(C(=O)[C:91]([H])([H])[C:92]([H])([H])[S:93]C([H])([H])[H])C2([H])[H],0,0.0,0.0,0.0,0.0,0.0,0.0,0.0,0.0,0.0,0.0,-873374.7620115905,29.832057969644666,-873367.9468599965,-873372.9813923838
S5-26.6,reactant,[H]c1nc(N([H])C2([H])C([H])([H])C([H])([H])OC([H])([H])C2([H])[H])nc2c1C([H])([H])C([H])([H])N(C(=O)[C:91]([H])=[C:92]([H])[H])C2([H])[H],0,0.0,0.0,0.0,0.0,0.0,0.0,0.0,0.0,0.0,0.0,-598078.815574994,37.52496947534382,-598072.7184072118,-598076.8542069632
S5-26.6,intermediate,[H]c1nc(N([H])C2([H])C([H])([H])C([H])([H])OC([H])([H])C2([H])[H])nc2c1C([H])([H])C([H])([H])N(C(=O)[C-:91]([H])[C:92]([H])([H])[S:93]C([H])([H])[H])C2([H])[H],-1,0.0,0.0,0.0,0.0,0.0,0.0,0.0,0.0,0.0,0.0,-873012.2356538041,81.85032242164016,-873003.0246717359,-873007.5041691563
S5-26.6,product,[H]c1nc(N([H])C2([H])C([H])([H])C([H])([H])OC([H])([H])C2([H])[H])nc2c1C([H])([H])C([H])([H])N(C(=O)[C:91]([H])([H])[C:92]([H])([H])[S:93]C([H])([H])[H])C2([H])[H],0,0.0,0.0,0.0,0.0,0.0,0.0,0.0,0.0,0.0,0.0,-873376.0338895213,109.12210484407842,-873368.1218743408,-873373.0364115012
S5-26.7,reactant,[H]c1nc(N([H])C2([H])C([H])([H])C([H])([H])OC([H])([H])C2([H])[H])nc2c1C([H])([H])C([H])([H])N(C(=O)[C:91]([H])=[C:92]([H])[H])C2([H])[H],0,0.0,0.0,0.0,0.0,0.0,0.0,0.0,0.0,0.0,0.0,-598083.1702141505,28.44393510557711,-598078.1330536889,-598081.4225833224
S5-26.7,intermediate,[H]c1nc(N([H])C2([H])C([H])([H])C([H])([H])OC([H])([H])C2([H])[H])nc2c1C([H])([H])C([H])([H])N(C(=O)[C-:91]([H])[C:92]([H])([H])[S:93]C([H])([H])[H])C2([H])[H],-1,0.0,0.0,0.0,0.0,0.0,0.0,0.0,0.0,0.0,0.0,-873016.8509698769,61.99709299579263,-873008.0918406259,-873013.2037197647
S5-26.7,product,[H]c1nc(N([H])C2([H])C([H])([H])C([H])([H])OC([H])([H])C2([H])[H])nc2c1C([H])([H])C([H])([H])N(C(=O)[C:91]([H])([H])[C:92]([H])([H])[S:93]C([H])([H])[H])C2([H])[H],0,0.0,0.0,0.0,0.0,0.0,0.0,0.0,0.0,0.0,0.0,-873373.8801002785,83.27239820174873,-873366.8872237952,-873370.8357072861
S5-26.8,reactant,[H]c1nc(N([H])C2([H])C([H])([H])C([H])([H])OC([H])([H])C2([H])[H])nc2c1C([H])([H])C([H])([H])N(C(=O)[C:91]([H])=[C:92]([H])[H])C2([H])[H],0,0.0,0.0,0.0,0.0,0.0,0.0,0.0,0.0,0.0,0.0,-598085.3377622961,82.56108136288822,-598078.5567509249,-598082.787521469
S5-26.8,intermediate,[H]c1nc(N([H])C2([H])C([H])([H])C([H])([H])OC([H])([H])C2([H])[H])nc2c1C([H])([H])C([H])([H])N(C(=O)[C-:91]([H])[C:92]([H])([H])[S:93]C([H])([H])[H])C2([H])[H],-1,0.0,0.0,0.0,0.0,0.0,0.0,0.0,0.0,0.0,0.0,-873005.0636394292,87.96478573977947,-872997.6094754526,-873001.2143245023
S5-26.8,product,[H]c1nc(N([H])C2([H])C([H])([H])C([H])([H])OC([H])([H])C2([H])[H])nc2c1C([H])([H])C([H])([H])N(C(=O)[C:91]([H])([H])[C:92]([H])([H])[S:93]C([H])([H])[H])C2([H])[H],0,0.0,0.0,0.0,0.0,0.0,0.0,0.0,0.0,0.0,0.0,-873376.0371113863,91.48525151796639,-873368.2118666375,-873373.4398648689
S5-26.9,reactant,[H]c1nc(N([H])C2([H])C([H])([H])C([H])([H])OC([H])([H])C2([H])[H])nc2c1C([H])([H])C([H])([H])N(C(=O)[C:91]([H])=[C:92]([H])[H])C2([H])[H],0,0.0,0.0,0.0,0.0,0.0,0.0,0.0,0.0,0.0,0.0,-598080.1111110902,77.47561872005463,-598074.3712789225,-598077.8357624216
S5-26.9,intermediate,[H]c1nc(N([H])C2([H])C([H])([H])C([H])([H])OC([H])([H])C2([H])[H])nc2c1C([H])([H])C([H])([H])N(C(=O)[C-:91]([H])[C:92]([H])([H])[S:93]C([H])([H])[H])C2([H])[H],-1,0.0,0.0,0.0,0.0,0.0,0.0,0.0,0.0,0.0,0.0,-873008.1220689766,85.31238168291748,-872999.6011927915,-873003.5644055934
S5-26.9,product,[H]c1nc(N([H])C2([H])C([H])([H])C([H])([H])OC([H])([H])C2([H])[H])nc2c1C([H])([H])C([H])([H])N(C(=O)[C:91]([H])([H])[C:92]([H])([H])[S:93]C([H])([H])[H])C2([H])[H],0,0.0,0.0,0.0,0.0,0.0,0.0,0.0,0.0,0.0,0.0,-873375.6777964691,75.85924904607236,-873369.2712664221,-873373.2409559423
S5-26.10,reactant,[H]c1nc(N([H])C2([H])C([H])([H])C([H])([H])OC([H])([H])C2([H])[H])nc2c1C([H])([H])C([H])([H])N(C(=O)[C:91]([H])=[C:92]([H])[H])C2([H])[H],0,0.0,0.0,0.0,0.0,0.0,0.0,0.0,0.0,0.0,0.0,-598078.2250802689,85.05899670347571,-598072.3520960094,-598075.7061701545
S5-26.10,intermediate,[H]c1nc(N([H])C2([H])C([H])([H])C([H])([H])OC([H])([H])C2([H])[H])nc2c1C([H])([H])C([H])([H])N(C(=O)[C-:91]([H])[C:92]([H])([H])[S:93]C([H])([H])[H])C2([H])[H],-1,0.0,0.0,0.0,0.0,0.0,0.0,0.0,0.0,0.0,0.0,-873006.9144853957,104.84323673695326,-872999.2209577443,-873003.0107176518
S5-26.10,product,[H]c1nc(N([H])C2([H])C([H])([H])C([H])([H])OC([H])([H])C2([H])[H])nc2c1C([H])([H])C([H])([H])N(C(=O)[C:91]([H])([H])[C:92]([H])([H])[S:93]C([H])([H])[H])C2([H])[H],0,0.0,0.0,0.0,0.0,0.0,0.0,0.0,0.0,0.0,0.0,-873376.2138246321,106.24574396200478,-873368.861748691,-873373.71500444
S5-25.1,reactant,[H]c1nc(N([H])[H])c2c([H])c(-c3c(-c4c([H])c([H])c([H])c([H])c4[H])nc([H])n3C([H])([H])[C@@]3([H])N(C(=O)[C:91]([H])=[C:92]([H])[H])C([H])([H])C([H])([H])C3([H])[H])sc2n1,0,0.0,0.0,0.0,0.0,0.0,0.0,0.0,0.0,0.0,0.0,-1061545.0743025055,87.56822632998228,-1061535.2441065798,-1061540.4872904613
S5-25.1,intermediate,[H]c1nc(N([H])[H])c2c([H])c(-c3c(-c4c([H])c([H])c([H])c([H])c4[H])nc([H])n3C([H])([H])[C@@]3([H])N(C(=O)[C-:91]([H])[C:92]([H])([H])[S:93]C([H])([H])[H])C([H])([H])C([H])([H])C3([H])[H])sc2n1,-1,0.0,0.0,0.0,0.0,0.0,0.0,0.0,0.0,0.0,0.0,-1336484.668343294,91.51781945675611,-1336471.8987288943,-1336478.4637241159
S5-25.1,product,[H]c1nc(N([H])[H])c2c([H])c(-c3c(-c4c([H])c([H])c([H])c([H])c4[H])nc([H])n3C([H])([H])[C@@]3([H])N(C(=O)[C:91]([H])([H])[C:92]([H])([H])[S:93]C([H])([H])[H])C([H])([H])C([H])([H])C3([H])[H])sc2n1,0,0.0,0.0,0.0,0.0,0.0,0.0,0.0,0.0,0.0,0.0,-1336844.8452027838,78.92792628705502,-1336834.5935913185,-1336841.357121598
S5-25.2,reactant,[H]c1nc(N([H])[H])c2c([H])c(-c3c(-c4c([H])c([H])c([H])c([H])c4[H])nc([H])n3C([H])([H])[C@@]3([H])N(C(=O)[C:91]([H])=[C:92]([H])[H])C([H])([H])C([H])([H])C3([H])[H])sc2n1,0,0.0,0.0,0.0,0.0,0.0,0.0,0.0,0.0,0.0,0.0,-1061545.0758034766,52.20633392781019,-1061536.9255352302,-1061541.8714608327
S5-25.2,intermediate,[H]c1nc(N([H])[H])c2c([H])c(-c3c(-c4c([H])c([H])c([H])c([H])c4[H])nc([H])n3C([H])([H])[C@@]3([H])N(C(=O)[C-:91]([H])[C:92]([H])([H])[S:93]C([H])([H])[H])C([H])([H])C([H])([H])C3([H])[H])sc2n1,-1,0.0,0.0,0.0,0.0,0.0,0.0,0.0,0.0,0.0,0.0,-1336478.8981040884,140.34878831543028,-1336464.9484294115,-1336471.2222911962
S5-25.2,product,[H]c1nc(N([H])[H])c2c([H])c(-c3c(-c4c([H])c([H])c([H])c([H])c4[H])nc([H])n3C([H])([H])[C@@]3([H])N(C(=O)[C:91]([H])([H])[C:92]([H])([H])[S:93]C([H])([H])[H])C([H])([H])C([H])([H])C3([H])[H])sc2n1,0,0.0,0.0,0.0,0.0,0.0,0.0,0.0,0.0,0.0,0.0,-1336843.9058037242,231.16632390208542,-1336830.2135813497,-1336836.9777823929
S5-25.3,reactant,[H]c1nc(N([H])[H])c2c([H])c(-c3c(-c4c([H])c([H])c([H])c([H])c4[H])nc([H])n3C([H])([H])[C@@]3([H])N(C(=O)[C:91]([H])=[C:92]([H])[H])C([H])([H])C([H])([H])C3([H])[H])sc2n1,0,0.0,0.0,0.0,0.0,0.0,0.0,0.0,0.0,0.0,0.0,-1061541.8405617182,93.94892084598541,-1061531.5512665284,-1061537.8007883877
S5-25.3,intermediate,[H]c1nc(N([H])[H])c2c([H])c(-c3c(-c4c([H])c([H])c([H])c([H])c4[H])nc([H])n3C([H])([H])[C@@]3([H])N(C(=O)[C-:91]([H])[C:92]([H])([H])[S:93]C([H])([H])[H])C([H])([H])C([H])([H])C3([H])[H])sc2n1,-1,0.0,0.0,0.0,0.0,0.0,0.0,0.0,0.0,0.0,0.0,-1336481.4878127612,96.0095666050911,-1336468.4642538237,-1336475.9391894827
S5-25.3,product,[H]c1nc(N([H])[H])c2c([H])c(-c3c(-c4c([H])c([H])c([H])c([H])c4[H])nc([H])n3C([H])([H])[C@@]3([H])N(C(=O)[C:91]([H])([H])[C:92]([H])([H])[S:93]C([H])([H])[H])C([H])([H])C([H])([H])C3([H])[H])sc2n1,0,0.0,0.0,0.0,0.0,0.0,0.0,0.0,0.0,0.0,0.0,-1336841.5875894066,164.92880989983678,-1336830.276699114,-1336837.6327006721
S5-25.4,reactant,[H]c1nc(N([H])[H])c2c([H])c(-c3c(-c4c([H])c([H])c([H])c([H])c4[H])nc([H])n3C([H])([H])[C@@]3([H])N(C(=O)[C:91]([H])=[C:92]([H])[H])C([H])([H])C([H])([H])C3([H])[H])sc2n1,0,0.0,0.0,0.0,0.0,0.0,0.0,0.0,0.0,0.0,0.0,-1061543.378749331,70.01349589042366,-1061534.9513512144,-1061538.9551892045
S5-25.4,intermediate,[H]c1nc(N([H])[H])c2c([H])c(-c3c(-c4c([H])c([H])c([H])c([H])c4[H])nc([H])n3C([H])([H])[C@@]3([H])N(C(=O)[C-:91]([H])[C:92]([H])([H])[S:93]C([H])([H])[H])C([H])([H])C([H])([H])C3([H])[H])sc2n1,-1,0.0,0.0,0.0,0.0,0.0,0.0,0.0,0.0,0.0,0.0,-1336479.319783535,56.310772605240345,-1336469.2059095462,-1336475.3042951494
S5-25.4,product,[H]c1nc(N([H])[H])c2c([H])c(-c3c(-c4c([H])c([H])c([H])c([H])c4[H])nc([H])n3C([H])([H])[C@@]3([H])N(C(=O)[C:91]([H])([H])[C:92]([H])([H])[S:93]C([H])([H])[H])C([H])([H])C([H])([H])C3([H])[H])sc2n1,0,0.0,0.0,0.0,0.0,0.0,0.0,0.0,0.0,0.0,0.0,-1336845.1489157889,368.47973579354584,-1336829.7814445868,-1336835.6315926414
S5-25.5,reactant,[H]c1nc(N([H])[H])c2c([H])c(-c3c(-c4c([H])c([H])c([H])c([H])c4[H])nc([H])n3C([H])([H])[C@@]3([H])N(C(=O)[C:91]([H])=[C:92]([H])[H])C([H])([H])C([H])([H])C3([H])[H])sc2n1,0,0.0,0.0,0.0,0.0,0.0,0.0,0.0,0.0,0.0,0.0,-1061545.0022668827,68.1642987113446,-1061534.9380843882,-1061541.5835877473
S5-25.5,intermediate,[H]c1nc(N([H])[H])c2c([H])c(-c3c(-c4c([H])c([H])c([H])c([H])c4[H])nc([H])n3C([H])([H])[C@@]3([H])N(C(=O)[C-:91]([H])[C:92]([H])([H])[S:93]C([H])([H])[H])C([H])([H])C([H])([H])C3([H])[H])sc2n1,-1,0.0,0.0,0.0,0.0,0.0,0.0,0.0,0.0,0.0,0.0,-1336482.8795704597,103.38930956088006,-1336472.2555751812,-1336477.2917569873
S5-25.5,product,[H]c1nc(N([H])[H])c2c([H])c(-c3c(-c4c([H])c([H])c([H])c([H])c4[H])nc([H])n3C([H])([H])[C@@]3([H])N(C(=O)[C:91]([H])([H])[C:92]([H])([H])[S:93]C([H])([H])[H])C([H])([H])C([H])([H])C3([H])[H])sc2n1,0,0.0,0.0,0.0,0.0,0.0,0.0,0.0,0.0,0.0,0.0,-1336841.5067678792,45.980078687891364,-1336831.8855203432,-1336838.559498171
S5-25.6,reactant,[H]c1nc(N([H])[H])c2c([H])c(-c3c(-c4c([H])c([H])c([H])c([H])c4[H])nc([H])n3C([H])([H])[C@@]3([H])N(C(=O)[C:91]([H])=[C:92]([H])[H])C([H])([H])C([H])([H])C3([H])[H])sc2n1,0,0.0,0.0,0.0,0.0,0.0,0.0,0.0,0.0,0.0,0.0,-1061540.3726998304,63.3588959723711,-1061531.0917109249,-1061536.332679087
S5-25.6,intermediate,[H]c1nc(N([H])[H])c2c([H])c(-c3c(-c4c([H])c([H])c([H])c([H])c4[H])nc([H])n3C([H])([H])[C@@]3([H])N(C(=O)[C-:91]([H])[C:92]([H])([H])[S:93]C([H])([H])[H])C([H])([H])C([H])([H])C3([H])[H])sc2n1,-1,0.0,0.0,0.0,0.0,0.0,0.0,0.0,0.0,0.0,0.0,-1336475.8437431075,272.7051909994334,-1336464.0575452608,-1336469.6300411292
S5-25.6,product,[H]c1nc(N([H])[H])c2c([H])c(-c3c(-c4c([H])c([H])c([H])c([H])c4[H])nc([H])n3C([H])([H])[C@@]3([H])N(C(=O)[C:91]([H])([H])[C:92]([H])([H])[S:93]C([H])([H])[H])C([H])([H])C([H])([H])C3([H])[H])sc2n1,0,0.0,0.0,0.0,0.0,0.0,0.0,0.0,0.0,0.0,0.0,-1336843.8052661424,105.55059690773487,-1336830.7432207633,-1336838.6668203627
S5-25.7,reactant,[H]c1nc(N([H])[H])c2c([H])c(-c3c(-c4c([H])c([H])c([H])c([H])c4[H])nc([H])n3C([H])([H])[C@@]3([H])N(C(=O)[C:91]([H])=[C:92]([H])[H])C([H])([H])C([H])([H])C3([H])[H])sc2n1,0,0.0,0.0,0.0,0.0,0.0,0.0,0.0,0.0,0.0,0.0,-1061541.7466493025,128.00629707612097,-1061531.7276663845,-1061537.0050152303
S5-25.7,intermediate,[H]c1nc(N([H])[H])c2c([H])c(-c3c(-c4c([H])c([H])c([H])c([H])c4[H])nc([H])n3C([H])([H])[C@@]3([H])N(C(=O)[C-:91]([H])[C:92]([H])([H])[S:93]C([H])([H])[H])C([H])([H])C([H])([H])C3([H])[H])sc2n1,-1,0.0,0.0,0.0,0.0,0.0,0.0,0.0,0.0,0.0,0.0,-1336496.2172557337,241.30472844466567,-1336463.5894841538,-1336469.124846104
S5-25.7,product,[H]c1nc(N([H])[H])c2c([H])c(-c3c(-c4c([H])c([H])c([H])c([H])c4[H])nc([H])n3C([H])([H])[C@@]3([H])N(C(=O)[C:91]([H])([H])[C:92]([H])([H])[S:93]C([H])([H])[H])C([H])([H])C([H])([H])C3([H])[H])sc2n1,0,0.0,0.0,0.0,0.0,0.0,0.0,0.0,0.0,0.0,0.0,-1336838.9126387634,127.80573224276304,-1336828.5007367667,-1336834.8205293706
S5-25.8,reactant,[H]c1nc(N([H])[H])c2c([H])c(-c3c(-c4c([H])c([H])c([H])c([H])c4[H])nc([H])n3C([H])([H])[C@@]3([H])N(C(=O)[C:91]([H])=[C:92]([H])[H])C([H])([H])C([H])([H])C3([H])[H])sc2n1,0,0.0,0.0,0.0,0.0,0.0,0.0,0.0,0.0,0.0,0.0,-1061541.4276186936,75.24034976027906,-1061533.9294757103,-1061538.5343564595
S5-25.8,intermediate,[H]c1nc(N([H])[H])c2c([H])c(-c3c(-c4c([H])c([H])c([H])c([H])c4[H])nc([H])n3C([H])([H])[C@@]3([H])N(C(=O)[C-:91]([H])[C:92]([H])([H])[S:93]C([H])([H])[H])C([H])([H])C([H])([H])C3([H])[H])sc2n1,-1,0.0,0.0,0.0,0.0,0.0,0.0,0.0,0.0,0.0,0.0,-1336495.441149148,222.56312748230994,-1336465.7462753388,-1336470.6889900726
S5-25.8,product,[H]c1nc(N([H])[H])c2c([H])c(-c3c(-c4c([H])c([H])c([H])c([H])c4[H])nc([H])n3C([H])([H])[C@@]3([H])N(C(=O)[C:91]([H])([H])[C:92]([H])([H])[S:93]C([H])([H])[H])C([H])([H])C([H])([H])C3([H])[H])sc2n1,0,0.0,0.0,0.0,0.0,0.0,0.0,0.0,0.0,0.0,0.0,-1336841.2290387203,135.71577683649957,-1336830.0125061863,-1336835.9083761335
S5-25.9,reactant,[H]c1nc(N([H])[H])c2c([H])c(-c3c(-c4c([H])c([H])c([H])c([H])c4[H])nc([H])n3C([H])([H])[C@@]3([H])N(C(=O)[C:91]([H])=[C:92]([H])[H])C([H])([H])C([H])([H])C3([H])[H])sc2n1,0,0.0,0.0,0.0,0.0,0.0,0.0,0.0,0.0,0.0,0.0,-1061544.5597057925,53.40434708632529,-1061534.033246153,-1061541.0701291335
S5-25.9,intermediate,[H]c1nc(N([H])[H])c2c([H])c(-c3c(-c4c([H])c([H])c([H])c([H])c4[H])nc([H])n3C([H])([H])[C@@]3([H])N(C(=O)[C-:91]([H])[C:92]([H])([H])[S:93]C([H])([H])[H])C([H])([H])C([H])([H])C3([H])[H])sc2n1,-1,0.0,0.0,0.0,0.0,0.0,0.0,0.0,0.0,0.0,0.0,-1336481.8031816601,91.23377105034888,-1336470.052963138,-1336476.916646135
S5-25.9,product,[H]c1nc(N([H])[H])c2c([H])c(-c3c(-c4c([H])c([H])c([H])c([H])c4[H])nc([H])n3C([H])([H])[C@@]3([H])N(C(=O)[C:91]([H])([H])[C:92]([H])([H])[S:93]C([H])([H])[H])C([H])([H])C([H])([H])C3([H])[H])sc2n1,0,0.0,0.0,0.0,0.0,0.0,0.0,0.0,0.0,0.0,0.0,-1336839.9242603797,145.28383120894432,-1336828.9223062522,-1336835.5036747055
S5-25.10,reactant,[H]c1nc(N([H])[H])c2c([H])c(-c3c(-c4c([H])c([H])c([H])c([H])c4[H])nc([H])n3C([H])([H])[C@@]3([H])N(C(=O)[C:91]([H])=[C:92]([H])[H])C([H])([H])C([H])([H])C3([H])[H])sc2n1,0,0.0,0.0,0.0,0.0,0.0,0.0,0.0,0.0,0.0,0.0,-1061543.441581196,121.88240232132375,-1061535.6063629608,-1061539.4046613602
S5-25.10,intermediate,[H]c1nc(N([H])[H])c2c([H])c(-c3c(-c4c([H])c([H])c([H])c([H])c4[H])nc([H])n3C([H])([H])[C@@]3([H])N(C(=O)[C-:91]([H])[C:92]([H])([H])[S:93]C([H])([H])[H])C([H])([H])C([H])([H])C3([H])[H])sc2n1,-1,0.0,0.0,0.0,0.0,0.0,0.0,0.0,0.0,0.0,0.0,-1336479.842990215,83.50878840684891,-1336467.5330468782,-1336473.8859488177
S5-25.10,product,[H]c1nc(N([H])[H])c2c([H])c(-c3c(-c4c([H])c([H])c([H])c([H])c4[H])nc([H])n3C([H])([H])[C@@]3([H])N(C(=O)[C:91]([H])([H])[C:92]([H])([H])[S:93]C([H])([H])[H])C([H])([H])C([H])([H])C3([H])[H])sc2n1,0,0.0,0.0,0.0,0.0,0.0,0.0,0.0,0.0,0.0,0.0,-1336839.1756331134,78.23103307187557,-1336828.4107114817,-1336834.386226371
S5-3.1,reactant,[H]c1nc(N([H])[H])c2c(-c3c([H])c([H])c(Oc4c([H])c([H])c([H])c([H])c4[H])c([H])c3[H])nn([C@@]3([H])C([H])([H])N(C(=O)[C:91]([H])=[C:92]([H])[H])C([H])([H])C([H])([H])C3([H])[H])c2n1,0,0.0,0.0,0.0,0.0,0.0,0.0,0.0,0.0,0.0,0.0,-907451.6830251004,114.68027728423476,-907440.9578819553,-907448.2657754614
S5-3.1,intermediate,[H]c1nc(N([H])[H])c2c(-c3c([H])c([H])c(Oc4c([H])c([H])c([H])c([H])c4[H])c([H])c3[H])nn([C@@]3([H])C([H])([H])N(C(=O)[C-:91]([H])[C:92]([H])([H])[S:93]C([H])([H])[H])C([H])([H])C([H])([H])C3([H])[H])c2n1,-1,0.0,0.0,0.0,0.0,0.0,0.0,0.0,0.0,0.0,0.0,-1182378.474644547,53.92216603457928,-1182366.229094525,-1182373.92919786
S5-3.1,product,[H]c1nc(N([H])[H])c2c(-c3c([H])c([H])c(Oc4c([H])c([H])c([H])c([H])c4[H])c([H])c3[H])nn([C@@]3([H])C([H])([H])N(C(=O)[C:91]([H])([H])[C:92]([H])([H])[S:93]C([H])([H])[H])C([H])([H])C([H])([H])C3([H])[H])c2n1,0,0.0,0.0,0.0,0.0,0.0,0.0,0.0,0.0,0.0,0.0,-1182748.0444005185,97.91884681209922,-1182739.5635502327,-1182744.9681407523
S5-3.2,reactant,[H]c1nc(N([H])[H])c2c(-c3c([H])c([H])c(Oc4c([H])c([H])c([H])c([H])c4[H])c([H])c3[H])nn([C@@]3([H])C([H])([H])N(C(=O)[C:91]([H])=[C:92]([H])[H])C([H])([H])C([H])([H])C3([H])[H])c2n1,0,0.0,0.0,0.0,0.0,0.0,0.0,0.0,0.0,0.0,0.0,-907451.3406882021,42.571342155337334,-907442.7667172217,-907448.7164626891
S5-3.2,intermediate,[H]c1nc(N([H])[H])c2c(-c3c([H])c([H])c(Oc4c([H])c([H])c([H])c([H])c4[H])c([H])c3[H])nn([C@@]3([H])C([H])([H])N(C(=O)[C-:91]([H])[C:92]([H])([H])[S:93]C([H])([H])[H])C([H])([H])C([H])([H])C3([H])[H])c2n1,-1,0.0,0.0,0.0,0.0,0.0,0.0,0.0,0.0,0.0,0.0,-1182387.9394831841,364.4070300180465,-1182358.0399549727,-1182365.136013606
S5-3.2,product,[H]c1nc(N([H])[H])c2c(-c3c([H])c([H])c(Oc4c([H])c([H])c([H])c([H])c4[H])c([H])c3[H])nn([C@@]3([H])C([H])([H])N(C(=O)[C:91]([H])([H])[C:92]([H])([H])[S:93]C([H])([H])[H])C([H])([H])C([H])([H])C3([H])[H])c2n1,0,0.0,0.0,0.0,0.0,0.0,0.0,0.0,0.0,0.0,0.0,-1182747.0305411904,79.2586398627609,-1182737.735009908,-1182744.0265204753
S5-3.3,reactant,[H]c1nc(N([H])[H])c2c(-c3c([H])c([H])c(Oc4c([H])c([H])c([H])c([H])c4[H])c([H])c3[H])nn([C@@]3([H])C([H])([H])N(C(=O)[C:91]([H])=[C:92]([H])[H])C([H])([H])C([H])([H])C3([H])[H])c2n1,0,0.0,0.0,0.0,0.0,0.0,0.0,0.0,0.0,0.0,0.0,-907449.4247121803,78.73956520110369,-907439.8919009891,-907446.6692588974
S5-3.3,intermediate,[H]c1nc(N([H])[H])c2c(-c3c([H])c([H])c(Oc4c([H])c([H])c([H])c([H])c4[H])c([H])c3[H])nn([C@@]3([H])C([H])([H])N(C(=O)[C-:91]([H])[C:92]([H])([H])[S:93]C([H])([H])[H])C([H])([H])C([H])([H])C3([H])[H])c2n1,-1,0.0,0.0,0.0,0.0,0.0,0.0,0.0,0.0,0.0,0.0,-1182375.574603201,106.49276568926871,-1182362.162419172,-1182369.3811780794
S5-3.3,product,[H]c1nc(N([H])[H])c2c(-c3c([H])c([H])c(Oc4c([H])c([H])c([H])c([H])c4[H])c([H])c3[H])nn([C@@]3([H])C([H])([H])N(C(=O)[C:91]([H])([H])[C:92]([H])([H])[S:93]C([H])([H])[H])C([H])([H])C([H])([H])C3([H])[H])c2n1,0,0.0,0.0,0.0,0.0,0.0,0.0,0.0,0.0,0.0,0.0,-1182746.8458282629,81.25280338339508,-1182737.8129834388,-1182743.7193766788
S5-3.4,reactant,[H]c1nc(N([H])[H])c2c(-c3c([H])c([H])c(Oc4c([H])c([H])c([H])c([H])c4[H])c([H])c3[H])nn([C@@]3([H])C([H])([H])N(C(=O)[C:91]([H])=[C:92]([H])[H])C([H])([H])C([H])([H])C3([H])[H])c2n1,0,0.0,0.0,0.0,0.0,0.0,0.0,0.0,0.0,0.0,0.0,-907450.8412606452,57.955137392506,-907441.5965809483,-907447.907571153
S5-3.4,intermediate,[H]c1nc(N([H])[H])c2c(-c3c([H])c([H])c(Oc4c([H])c([H])c([H])c([H])c4[H])c([H])c3[H])nn([C@@]3([H])C([H])([H])N(C(=O)[C-:91]([H])[C:92]([H])([H])[S:93]C([H])([H])[H])C([H])([H])C([H])([H])C3([H])[H])c2n1,-1,0.0,0.0,0.0,0.0,0.0,0.0,0.0,0.0,0.0,0.0,-1182384.4055701445,154.46170381456614,-1182365.3534235149,-1182373.7087805106
S5-3.4,product,[H]c1nc(N([H])[H])c2c(-c3c([H])c([H])c(Oc4c([H])c([H])c([H])c([H])c4[H])c([H])c3[H])nn([C@@]3([H])C([H])([H])N(C(=O)[C:91]([H])([H])[C:92]([H])([H])[S:93]C([H])([H])[H])C([H])([H])C([H])([H])C3([H])[H])c2n1,0,0.0,0.0,0.0,0.0,0.0,0.0,0.0,0.0,0.0,0.0,-1182748.2880086978,174.811942756176,-1182736.4495517614,-1182743.901373563
S5-3.5,reactant,[H]c1nc(N([H])[H])c2c(-c3c([H])c([H])c(Oc4c([H])c([H])c([H])c([H])c4[H])c([H])c3[H])nn([C@@]3([H])C([H])([H])N(C(=O)[C:91]([H])=[C:92]([H])[H])C([H])([H])C([H])([H])C3([H])[H])c2n1,0,0.0,0.0,0.0,0.0,0.0,0.0,0.0,0.0,0.0,0.0,-907454.5060330845,81.80523333139718,-907444.7944083875,-907451.5619632492
S5-3.5,intermediate,[H]c1nc(N([H])[H])c2c(-c3c([H])c([H])c(Oc4c([H])c([H])c([H])c([H])c4[H])c([H])c3[H])nn([C@@]3([H])C([H])([H])N(C(=O)[C-:91]([H])[C:92]([H])([H])[S:93]C([H])([H])[H])C([H])([H])C([H])([H])C3([H])[H])c2n1,-1,0.0,0.0,0.0,0.0,0.0,0.0,0.0,0.0,0.0,0.0,-1182377.0651610931,76.36871568672359,-1182367.1164599156,-1182372.8842139968
S5-3.5,product,[H]c1nc(N([H])[H])c2c(-c3c([H])c([H])c(Oc4c([H])c([H])c([H])c([H])c4[H])c([H])c3[H])nn([C@@]3([H])C([H])([H])N(C(=O)[C:91]([H])([H])[C:92]([H])([H])[S:93]C([H])([H])[H])C([H])([H])C([H])([H])C3([H])[H])c2n1,0,0.0,0.0,0.0,0.0,0.0,0.0,0.0,0.0,0.0,0.0,-1182747.6450377097,79.24566811695695,-1182737.6214419168,-1182744.7090445291
S5-3.6,reactant,[H]c1nc(N([H])[H])c2c(-c3c([H])c([H])c(Oc4c([H])c([H])c([H])c([H])c4[H])c([H])c3[H])nn([C@@]3([H])C([H])([H])N(C(=O)[C:91]([H])=[C:92]([H])[H])C([H])([H])C([H])([H])C3([H])[H])c2n1,0,0.0,0.0,0.0,0.0,0.0,0.0,0.0,0.0,0.0,0.0,-907449.759236331,83.77686202526093,-907440.9105546282,-907446.7980070408
S5-3.6,intermediate,[H]c1nc(N([H])[H])c2c(-c3c([H])c([H])c(Oc4c([H])c([H])c([H])c([H])c4[H])c([H])c3[H])nn([C@@]3([H])C([H])([H])N(C(=O)[C-:91]([H])[C:92]([H])([H])[S:93]C([H])([H])[H])C([H])([H])C([H])([H])C3([H])[H])c2n1,-1,0.0,0.0,0.0,0.0,0.0,0.0,0.0,0.0,0.0,0.0,-1182374.7045072266,77.74934131465852,-1182363.2382086827,-1182370.3524439125
S5-3.6,product,[H]c1nc(N([H])[H])c2c(-c3c([H])c([H])c(Oc4c([H])c([H])c([H])c([H])c4[H])c([H])c3[H])nn([C@@]3([H])C([H])([H])N(C(=O)[C:91]([H])([H])[C:92]([H])([H])[S:93]C([H])([H])[H])C([H])([H])C([H])([H])C3([H])[H])c2n1,0,0.0,0.0,0.0,0.0,0.0,0.0,0.0,0.0,0.0,0.0,-1182746.9532714118,54.40580469369888,-1182737.7812266264,-1182744.2681438539
S5-3.7,reactant,[H]c1nc(N([H])[H])c2c(-c3c([H])c([H])c(Oc4c([H])c([H])c([H])c([H])c4[H])c([H])c3[H])nn([C@@]3([H])C([H])([H])N(C(=O)[C:91]([H])=[C:92]([H])[H])C([H])([H])C([H])([H])C3([H])[H])c2n1,0,0.0,0.0,0.0,0.0,0.0,0.0,0.0,0.0,0.0,0.0,-907448.6553847062,59.83373230136931,-907440.4307716506,-907445.8659314013
S5-3.7,intermediate,[H]c1nc(N([H])[H])c2c(-c3c([H])c([H])c(Oc4c([H])c([H])c([H])c([H])c4[H])c([H])c3[H])nn([C@@]3([H])C([H])([H])N(C(=O)[C-:91]([H])[C:92]([H])([H])[S:93]C([H])([H])[H])C([H])([H])C([H])([H])C3([H])[H])c2n1,-1,0.0,0.0,0.0,0.0,0.0,0.0,0.0,0.0,0.0,0.0,-1182377.9458133487,199.533788157627,-1182367.0472393013,-1182373.047033637
S5-3.7,product,[H]c1nc(N([H])[H])c2c(-c3c([H])c([H])c(Oc4c([H])c([H])c([H])c([H])c4[H])c([H])c3[H])nn([C@@]3([H])C([H])([H])N(C(=O)[C:91]([H])([H])[C:92]([H])([H])[S:93]C([H])([H])[H])C([H])([H])C([H])([H])C3([H])[H])c2n1,0,0.0,0.0,0.0,0.0,0.0,0.0,0.0,0.0,0.0,0.0,-1182748.933772702,85.18096316419542,-1182740.6850946243,-1182745.9895214306
S5-3.8,reactant,[H]c1nc(N([H])[H])c2c(-c3c([H])c([H])c(Oc4c([H])c([H])c([H])c([H])c4[H])c([H])c3[H])nn([C@@]3([H])C([H])([H])N(C(=O)[C:91]([H])=[C:92]([H])[H])C([H])([H])C([H])([H])C3([H])[H])c2n1,0,0.0,0.0,0.0,0.0,0.0,0.0,0.0,0.0,0.0,0.0,-907449.7084617183,142.25130566209555,-907439.8095290079,-907446.3386933522
S5-3.8,intermediate,[H]c1nc(N([H])[H])c2c(-c3c([H])c([H])c(Oc4c([H])c([H])c([H])c([H])c4[H])c([H])c3[H])nn([C@@]3([H])C([H])([H])N(C(=O)[C-:91]([H])[C:92]([H])([H])[S:93]C([H])([H])[H])C([H])([H])C([H])([H])C3([H])[H])c2n1,-1,0.0,0.0,0.0,0.0,0.0,0.0,0.0,0.0,0.0,0.0,-1182376.7489235003,202.83073667250574,-1182363.803986865,-1182371.7769260826
S5-3.8,product,[H]c1nc(N([H])[H])c2c(-c3c([H])c([H])c(Oc4c([H])c([H])c([H])c([H])c4[H])c([H])c3[H])nn([C@@]3([H])C([H])([H])N(C(=O)[C:91]([H])([H])[C:92]([H])([H])[S:93]C([H])([H])[H])C([H])([H])C([H])([H])C3([H])[H])c2n1,0,0.0,0.0,0.0,0.0,0.0,0.0,0.0,0.0,0.0,0.0,-1182747.479298598,75.26896117441356,-1182736.8919039255,-1182744.4929046729
S5-3.9,reactant,[H]c1nc(N([H])[H])c2c(-c3c([H])c([H])c(Oc4c([H])c([H])c([H])c([H])c4[H])c([H])c3[H])nn([C@@]3([H])C([H])([H])N(C(=O)[C:91]([H])=[C:92]([H])[H])C([H])([H])C([H])([H])C3([H])[H])c2n1,0,0.0,0.0,0.0,0.0,0.0,0.0,0.0,0.0,0.0,0.0,-907451.4560705541,83.83115996979177,-907441.8772405749,-907448.262861488
S5-3.9,intermediate,[H]c1nc(N([H])[H])c2c(-c3c([H])c([H])c(Oc4c([H])c([H])c([H])c([H])c4[H])c([H])c3[H])nn([C@@]3([H])C([H])([H])N(C(=O)[C-:91]([H])[C:92]([H])([H])[S:93]C([H])([H])[H])C([H])([H])C([H])([H])C3([H])[H])c2n1,-1,0.0,0.0,0.0,0.0,0.0,0.0,0.0,0.0,0.0,0.0,-1182382.682130794,135.36389727517962,-1182370.1236860016,-1182377.9992160355
S5-3.9,product,[H]c1nc(N([H])[H])c2c(-c3c([H])c([H])c(Oc4c([H])c([H])c([H])c([H])c4[H])c([H])c3[H])nn([C@@]3([H])C([H])([H])N(C(=O)[C:91]([H])([H])[C:92]([H])([H])[S:93]C([H])([H])[H])C([H])([H])C([H])([H])C3([H])[H])c2n1,0,0.0,0.0,0.0,0.0,0.0,0.0,0.0,0.0,0.0,0.0,-1182748.1480335097,103.40586230158806,-1182738.8762868482,-1182745.069634997
S5-3.10,reactant,[H]c1nc(N([H])[H])c2c(-c3c([H])c([H])c(Oc4c([H])c([H])c([H])c([H])c4[H])c([H])c3[H])nn([C@@]3([H])C([H])([H])N(C(=O)[C:91]([H])=[C:92]([H])[H])C([H])([H])C([H])([H])C3([H])[H])c2n1,0,0.0,0.0,0.0,0.0,0.0,0.0,0.0,0.0,0.0,0.0,-907451.5021278287,174.62212763167918,-907440.5892313271,-907445.9252005214
S5-3.10,intermediate,[H]c1nc(N([H])[H])c2c(-c3c([H])c([H])c(Oc4c([H])c([H])c([H])c([H])c4[H])c([H])c3[H])nn([C@@]3([H])C([H])([H])N(C(=O)[C-:91]([H])[C:92]([H])([H])[S:93]C([H])([H])[H])C([H])([H])C([H])([H])C3([H])[H])c2n1,-1,0.0,0.0,0.0,0.0,0.0,0.0,0.0,0.0,0.0,0.0,-1182382.5588037407,82.96941168606281,-1182369.8913378555,-1182378.3899853716
S5-3.10,product,[H]c1nc(N([H])[H])c2c(-c3c([H])c([H])c(Oc4c([H])c([H])c([H])c([H])c4[H])c([H])c3[H])nn([C@@]3([H])C([H])([H])N(C(=O)[C:91]([H])([H])[C:92]([H])([H])[S:93]C([H])([H])[H])C([H])([H])C([H])([H])C3([H])[H])c2n1,0,0.0,0.0,0.0,0.0,0.0,0.0,0.0,0.0,0.0,0.0,-1182751.3773098695,79.90918460302055,-1182741.6464804383,-1182748.4244486315
S5-28.1,reactant,[H]c1nc(N([H])[H])c(-n2nnc3c([H])c([H])c([H])c([H])c32)nc1-c1c([H])nn(C2([H])C([H])([H])C([H])([H])N(C(=O)[C:91]([H])=[C:92]([H])[H])C([H])([H])C2([H])[H])c1[H],0,0.0,0.0,0.0,0.0,0.0,0.0,0.0,0.0,0.0,0.0,-866514.0024063644,83.96349520608783,-866503.9568293153,-866510.4955547912
S5-28.1,intermediate,[H]c1nc(N([H])[H])c(-n2nnc3c([H])c([H])c([H])c([H])c32)nc1-c1c([H])nn(C2([H])C([H])([H])C([H])([H])N(C(=O)[C-:91]([H])[C:92]([H])([H])[S:93]C([H])([H])[H])C([H])([H])C2([H])[H])c1[H],-1,0.0,0.0,0.0,0.0,0.0,0.0,0.0,0.0,0.0,0.0,-1141445.701574933,124.1578517369926,-1141434.1325450803,-1141439.4802416433
S5-28.1,product,[H]c1nc(N([H])[H])c(-n2nnc3c([H])c([H])c([H])c([H])c32)nc1-c1c([H])nn(C2([H])C([H])([H])C([H])([H])N(C(=O)[C:91]([H])([H])[C:92]([H])([H])[S:93]C([H])([H])[H])C([H])([H])C2([H])[H])c1[H],0,0.0,0.0,0.0,0.0,0.0,0.0,0.0,0.0,0.0,0.0,-1141810.415859436,34.34395550377667,-1141801.339964778,-1141807.1097366482
S5-28.2,reactant,[H]c1nc(N([H])[H])c(-n2nnc3c([H])c([H])c([H])c([H])c32)nc1-c1c([H])nn(C2([H])C([H])([H])C([H])([H])N(C(=O)[C:91]([H])=[C:92]([H])[H])C([H])([H])C2([H])[H])c1[H],0,0.0,0.0,0.0,0.0,0.0,0.0,0.0,0.0,0.0,0.0,-866518.0737165847,86.48603190481663,-866508.8538331524,-866514.2993182655
S5-28.2,intermediate,[H]c1nc(N([H])[H])c(-n2nnc3c([H])c([H])c([H])c([H])c32)nc1-c1c([H])nn(C2([H])C([H])([H])C([H])([H])N(C(=O)[C-:91]([H])[C:92]([H])([H])[S:93]C([H])([H])[H])C([H])([H])C2([H])[H])c1[H],-1,0.0,0.0,0.0,0.0,0.0,0.0,0.0,0.0,0.0,0.0,-1141455.4905821192,209.26396247558296,-1141436.9290496514,-1141442.5523283796
S5-28.2,product,[H]c1nc(N([H])[H])c(-n2nnc3c([H])c([H])c([H])c([H])c32)nc1-c1c([H])nn(C2([H])C([H])([H])C([H])([H])N(C(=O)[C:91]([H])([H])[C:92]([H])([H])[S:93]C([H])([H])[H])C([H])([H])C2([H])[H])c1[H],0,0.0,0.0,0.0,0.0,0.0,0.0,0.0,0.0,0.0,0.0,-1141818.9268033702,76.86088913306594,-1141810.0700367657,-1141815.4041558618
S5-28.3,reactant,[H]c1nc(N([H])[H])c(-n2nnc3c([H])c([H])c([H])c([H])c32)nc1-c1c([H])nn(C2([H])C([H])([H])C([H])([H])N(C(=O)[C:91]([H])=[C:92]([H])[H])C([H])([H])C2([H])[H])c1[H],0,0.0,0.0,0.0,0.0,0.0,0.0,0.0,0.0,0.0,0.0,-866517.2829191743,57.69265424646437,-866509.212840178,-866513.458147601
S5-28.3,intermediate,[H]c1nc(N([H])[H])c(-n2nnc3c([H])c([H])c([H])c([H])c32)nc1-c1c([H])nn(C2([H])C([H])([H])C([H])([H])N(C(=O)[C-:91]([H])[C:92]([H])([H])[S:93]C([H])([H])[H])C([H])([H])C2([H])[H])c1[H],-1,0.0,0.0,0.0,0.0,0.0,0.0,0.0,0.0,0.0,0.0,-1141451.4811141123,78.95212272182107,-1141440.4625036027,-1141446.753414881
S5-28.3,product,[H]c1nc(N([H])[H])c(-n2nnc3c([H])c([H])c([H])c([H])c32)nc1-c1c([H])nn(C2([H])C([H])([H])C([H])([H])N(C(=O)[C:91]([H])([H])[C:92]([H])([H])[S:93]C([H])([H])[H])C([H])([H])C2([H])[H])c1[H],0,0.0,0.0,0.0,0.0,0.0,0.0,0.0,0.0,0.0,0.0,-1141809.095422612,102.76068002544343,-1141799.019523745,-1141805.2077202084
S5-28.4,reactant,[H]c1nc(N([H])[H])c(-n2nnc3c([H])c([H])c([H])c([H])c32)nc1-c1c([H])nn(C2([H])C([H])([H])C([H])([H])N(C(=O)[C:91]([H])=[C:92]([H])[H])C([H])([H])C2([H])[H])c1[H],0,0.0,0.0,0.0,0.0,0.0,0.0,0.0,0.0,0.0,0.0,-866513.5378585197,105.38052085600793,-866503.7200442322,-866510.0266414845
S5-28.4,intermediate,[H]c1nc(N([H])[H])c(-n2nnc3c([H])c([H])c([H])c([H])c32)nc1-c1c([H])nn(C2([H])C([H])([H])C([H])([H])N(C(=O)[C-:91]([H])[C:92]([H])([H])[S:93]C([H])([H])[H])C([H])([H])C2([H])[H])c1[H],-1,0.0,0.0,0.0,0.0,0.0,0.0,0.0,0.0,0.0,0.0,-1141449.090146675,83.95073655992746,-1141438.302111186,-1141443.4780620034
S5-28.4,product,[H]c1nc(N([H])[H])c(-n2nnc3c([H])c([H])c([H])c([H])c32)nc1-c1c([H])nn(C2([H])C([H])([H])C([H])([H])N(C(=O)[C:91]([H])([H])[C:92]([H])([H])[S:93]C([H])([H])[H])C([H])([H])C2([H])[H])c1[H],0,0.0,0.0,0.0,0.0,0.0,0.0,0.0,0.0,0.0,0.0,-1141813.7380640584,84.92495968937874,-1141804.8956611436,-1141810.1378553738
S5-28.5,reactant,[H]c1nc(N([H])[H])c(-n2nnc3c([H])c([H])c([H])c([H])c32)nc1-c1c([H])nn(C2([H])C([H])([H])C([H])([H])N(C(=O)[C:91]([H])=[C:92]([H])[H])C([H])([H])C2([H])[H])c1[H],0,0.0,0.0,0.0,0.0,0.0,0.0,0.0,0.0,0.0,0.0,-866512.6470018591,27.230868980288506,-866505.3992186767,-866509.3786122783
S5-28.5,intermediate,[H]c1nc(N([H])[H])c(-n2nnc3c([H])c([H])c([H])c([H])c32)nc1-c1c([H])nn(C2([H])C([H])([H])C([H])([H])N(C(=O)[C-:91]([H])[C:92]([H])([H])[S:93]C([H])([H])[H])C([H])([H])C2([H])[H])c1[H],-1,0.0,0.0,0.0,0.0,0.0,0.0,0.0,0.0,0.0,0.0,-1141453.5438581794,139.81227987259626,-1141442.4072509888,-1141447.9395945023
S5-28.5,product,[H]c1nc(N([H])[H])c(-n2nnc3c([H])c([H])c([H])c([H])c32)nc1-c1c([H])nn(C2([H])C([H])([H])C([H])([H])N(C(=O)[C:91]([H])([H])[C:92]([H])([H])[S:93]C([H])([H])[H])C([H])([H])C2([H])[H])c1[H],0,0.0,0.0,0.0,0.0,0.0,0.0,0.0,0.0,0.0,0.0,-1141815.4300489898,180.14279444143176,-1141804.82195411,-1141810.0799002908
S5-28.6,reactant,[H]c1nc(N([H])[H])c(-n2nnc3c([H])c([H])c([H])c([H])c32)nc1-c1c([H])nn(C2([H])C([H])([H])C([H])([H])N(C(=O)[C:91]([H])=[C:92]([H])[H])C([H])([H])C2([H])[H])c1[H],0,0.0,0.0,0.0,0.0,0.0,0.0,0.0,0.0,0.0,0.0,-866516.9035308289,94.045954272151,-866508.269559486,-866512.4600787102
S5-28.6,intermediate,[H]c1nc(N([H])[H])c(-n2nnc3c([H])c([H])c([H])c([H])c32)nc1-c1c([H])nn(C2([H])C([H])([H])C([H])([H])N(C(=O)[C-:91]([H])[C:92]([H])([H])[S:93]C([H])([H])[H])C([H])([H])C2([H])[H])c1[H],-1,0.0,0.0,0.0,0.0,0.0,0.0,0.0,0.0,0.0,0.0,-1141445.661650748,92.59566430188715,-1141434.5124557419,-1141440.6442750664
S5-28.6,product,[H]c1nc(N([H])[H])c(-n2nnc3c([H])c([H])c([H])c([H])c32)nc1-c1c([H])nn(C2([H])C([H])([H])C([H])([H])N(C(=O)[C:91]([H])([H])[C:92]([H])([H])[S:93]C([H])([H])[H])C([H])([H])C2([H])[H])c1[H],0,0.0,0.0,0.0,0.0,0.0,0.0,0.0,0.0,0.0,0.0,-1141813.2485989917,97.59453951381147,-1141803.3741766466,-1141808.9901347037
S5-28.7,reactant,[H]c1nc(N([H])[H])c(-n2nnc3c([H])c([H])c([H])c([H])c32)nc1-c1c([H])nn(C2([H])C([H])([H])C([H])([H])N(C(=O)[C:91]([H])=[C:92]([H])[H])C([H])([H])C2([H])[H])c1[H],0,0.0,0.0,0.0,0.0,0.0,0.0,0.0,0.0,0.0,0.0,-866517.8325770356,77.45073065906763,-866509.2650717774,-866514.2529366052
S5-28.7,intermediate,[H]c1nc(N([H])[H])c(-n2nnc3c([H])c([H])c([H])c([H])c32)nc1-c1c([H])nn(C2([H])C([H])([H])C([H])([H])N(C(=O)[C-:91]([H])[C:92]([H])([H])[S:93]C([H])([H])[H])C([H])([H])C2([H])[H])c1[H],-1,0.0,0.0,0.0,0.0,0.0,0.0,0.0,0.0,0.0,0.0,-1141459.8387940398,230.37548734806478,-1141440.5883405218,-1141446.2760730435
S5-28.7,product,[H]c1nc(N([H])[H])c(-n2nnc3c([H])c([H])c([H])c([H])c32)nc1-c1c([H])nn(C2([H])C([H])([H])C([H])([H])N(C(=O)[C:91]([H])([H])[C:92]([H])([H])[S:93]C([H])([H])[H])C([H])([H])C2([H])[H])c1[H],0,0.0,0.0,0.0,0.0,0.0,0.0,0.0,0.0,0.0,0.0,-1141818.5539192334,74.61070940829813,-1141809.5761622523,-1141815.048098547
S5-28.8,reactant,[H]c1nc(N([H])[H])c(-n2nnc3c([H])c([H])c([H])c([H])c32)nc1-c1c([H])nn(C2([H])C([H])([H])C([H])([H])N(C(=O)[C:91]([H])=[C:92]([H])[H])C([H])([H])C2([H])[H])c1[H],0,0.0,0.0,0.0,0.0,0.0,0.0,0.0,0.0,0.0,0.0,-866518.7756872879,89.82607611641288,-866509.2493913015,-866515.0748475547
S5-28.8,intermediate,[H]c1nc(N([H])[H])c(-n2nnc3c([H])c([H])c([H])c([H])c32)nc1-c1c([H])nn(C2([H])C([H])([H])C([H])([H])N(C(=O)[C-:91]([H])[C:92]([H])([H])[S:93]C([H])([H])[H])C([H])([H])C2([H])[H])c1[H],-1,0.0,0.0,0.0,0.0,0.0,0.0,0.0,0.0,0.0,0.0,-1141451.119591723,80.52653902769089,-1141437.861831792,-1141444.9383777995
S5-28.8,product,[H]c1nc(N([H])[H])c(-n2nnc3c([H])c([H])c([H])c([H])c32)nc1-c1c([H])nn(C2([H])C([H])([H])C([H])([H])N(C(=O)[C:91]([H])([H])[C:92]([H])([H])[S:93]C([H])([H])[H])C([H])([H])C2([H])[H])c1[H],0,0.0,0.0,0.0,0.0,0.0,0.0,0.0,0.0,0.0,0.0,-1141812.6898115966,80.562867956236,-1141802.4975874596,-1141809.2618984643
S5-28.9,reactant,[H]c1nc(N([H])[H])c(-n2nnc3c([H])c([H])c([H])c([H])c32)nc1-c1c([H])nn(C2([H])C([H])([H])C([H])([H])N(C(=O)[C:91]([H])=[C:92]([H])[H])C([H])([H])C2([H])[H])c1[H],0,0.0,0.0,0.0,0.0,0.0,0.0,0.0,0.0,0.0,0.0,-866521.4490050062,87.60574944503605,-866512.9959089428,-866517.474867553
S5-28.9,intermediate,[H]c1nc(N([H])[H])c(-n2nnc3c([H])c([H])c([H])c([H])c32)nc1-c1c([H])nn(C2([H])C([H])([H])C([H])([H])N(C(=O)[C-:91]([H])[C:92]([H])([H])[S:93]C([H])([H])[H])C([H])([H])C2([H])[H])c1[H],-1,0.0,0.0,0.0,0.0,0.0,0.0,0.0,0.0,0.0,0.0,-1141457.7607571103,246.81685930863023,-1141440.892070021,-1141446.3381186854
S5-28.9,product,[H]c1nc(N([H])[H])c(-n2nnc3c([H])c([H])c([H])c([H])c32)nc1-c1c([H])nn(C2([H])C([H])([H])C([H])([H])N(C(=O)[C:91]([H])([H])[C:92]([H])([H])[S:93]C([H])([H])[H])C([H])([H])C2([H])[H])c1[H],0,0.0,0.0,0.0,0.0,0.0,0.0,0.0,0.0,0.0,0.0,-1141815.3501841254,98.27840050309896,-1141805.7364634378,-1141811.3039285785
S5-28.10,reactant,[H]c1nc(N([H])[H])c(-n2nnc3c([H])c([H])c([H])c([H])c32)nc1-c1c([H])nn(C2([H])C([H])([H])C([H])([H])N(C(=O)[C:91]([H])=[C:92]([H])[H])C([H])([H])C2([H])[H])c1[H],0,0.0,0.0,0.0,0.0,0.0,0.0,0.0,0.0,0.0,0.0,-866517.1833822401,57.1387300118804,-866509.3215753718,-866513.8552452077
S5-28.10,intermediate,[H]c1nc(N([H])[H])c(-n2nnc3c([H])c([H])c([H])c([H])c32)nc1-c1c([H])nn(C2([H])C([H])([H])C([H])([H])N(C(=O)[C-:91]([H])[C:92]([H])([H])[S:93]C([H])([H])[H])C([H])([H])C2([H])[H])c1[H],-1,0.0,0.0,0.0,0.0,0.0,0.0,0.0,0.0,0.0,0.0,-1141449.7914136262,177.16797767207026,-1141436.6093345336,-1141442.573122054
S5-28.10,product,[H]c1nc(N([H])[H])c(-n2nnc3c([H])c([H])c([H])c([H])c32)nc1-c1c([H])nn(C2([H])C([H])([H])C([H])([H])N(C(=O)[C:91]([H])([H])[C:92]([H])([H])[S:93]C([H])([H])[H])C([H])([H])C2([H])[H])c1[H],0,0.0,0.0,0.0,0.0,0.0,0.0,0.0,0.0,0.0,0.0,-1141808.100042274,99.04054285027087,-1141798.7742276601,-1141804.6488201031
S5-29.1,reactant,[H]Oc1c([H])c(Cl)c(I)c([H])c1N([H])C([H])([H])C(=O)N1C([H])([H])C([H])([H])N(C(=O)[C:91]([H])=[C:92]([H])[H])C([H])([H])C1([H])[H],0,0.0,0.0,0.0,0.0,0.0,0.0,0.0,0.0,0.0,0.0,-1085392.9829242334,33.314630506560206,-1085386.957184538,-1085390.1665139252
S5-29.1,intermediate,[H]Oc1c([H])c(Cl)c(I)c([H])c1N([H])C([H])([H])C(=O)N1C([H])([H])C([H])([H])N(C(=O)[C-:91]([H])[C:92]([H])([H])[S:93]C([H])([H])[H])C([H])([H])C1([H])[H],-1,0.0,0.0,0.0,0.0,0.0,0.0,0.0,0.0,0.0,0.0,-1360323.7183043347,93.50564954988658,-1360315.273708277,-1360318.9770276365
S5-29.1,product,[H]Oc1c([H])c(Cl)c(I)c([H])c1N([H])C([H])([H])C(=O)N1C([H])([H])C([H])([H])N(C(=O)[C:91]([H])([H])[C:92]([H])([H])[S:93]C([H])([H])[H])C([H])([H])C1([H])[H],0,0.0,0.0,0.0,0.0,0.0,0.0,0.0,0.0,0.0,0.0,-1360686.2271672843,92.85459260083735,-1360677.395496589,-1360681.4740917427
S5-29.2,reactant,[H]Oc1c([H])c(Cl)c(I)c([H])c1N([H])C([H])([H])C(=O)N1C([H])([H])C([H])([H])N(C(=O)[C:91]([H])=[C:92]([H])[H])C([H])([H])C1([H])[H],0,0.0,0.0,0.0,0.0,0.0,0.0,0.0,0.0,0.0,0.0,-1085388.6606934099,61.31527076102793,-1085381.4983886143,-1085384.4832320854
S5-29.2,intermediate,[H]Oc1c([H])c(Cl)c(I)c([H])c1N([H])C([H])([H])C(=O)N1C([H])([H])C([H])([H])N(C(=O)[C-:91]([H])[C:92]([H])([H])[S:93]C([H])([H])[H])C([H])([H])C1([H])[H],-1,0.0,0.0,0.0,0.0,0.0,0.0,0.0,0.0,0.0,0.0,-1360327.6489356149,66.76567525416613,-1360319.7173418317,-1360323.3851437038
S5-29.2,product,[H]Oc1c([H])c(Cl)c(I)c([H])c1N([H])C([H])([H])C(=O)N1C([H])([H])C([H])([H])N(C(=O)[C:91]([H])([H])[C:92]([H])([H])[S:93]C([H])([H])[H])C([H])([H])C1([H])[H],0,0.0,0.0,0.0,0.0,0.0,0.0,0.0,0.0,0.0,0.0,-1360682.778001389,69.16769519075751,-1360674.9699160953,-1360679.752461255
S5-29.3,reactant,[H]Oc1c([H])c(Cl)c(I)c([H])c1N([H])C([H])([H])C(=O)N1C([H])([H])C([H])([H])N(C(=O)[C:91]([H])=[C:92]([H])[H])C([H])([H])C1([H])[H],0,0.0,0.0,0.0,0.0,0.0,0.0,0.0,0.0,0.0,0.0,-1085388.2732998845,57.33020795322955,-1085382.4931861577,-1085384.9920118477
S5-29.3,intermediate,[H]Oc1c([H])c(Cl)c(I)c([H])c1N([H])C([H])([H])C(=O)N1C([H])([H])C([H])([H])N(C(=O)[C-:91]([H])[C:92]([H])([H])[S:93]C([H])([H])[H])C([H])([H])C1([H])[H],-1,0.0,0.0,0.0,0.0,0.0,0.0,0.0,0.0,0.0,0.0,-1360327.4456942147,70.75228524580598,-1360320.6742027397,-1360323.9808588396
S5-29.3,product,[H]Oc1c([H])c(Cl)c(I)c([H])c1N([H])C([H])([H])C(=O)N1C([H])([H])C([H])([H])N(C(=O)[C:91]([H])([H])[C:92]([H])([H])[S:93]C([H])([H])[H])C([H])([H])C1([H])[H],0,0.0,0.0,0.0,0.0,0.0,0.0,0.0,0.0,0.0,0.0,-1360683.3978200336,61.81236933916807,-1360675.4907036272,-1360679.217983546
S5-29.4,reactant,[H]Oc1c([H])c(Cl)c(I)c([H])c1N([H])C([H])([H])C(=O)N1C([H])([H])C([H])([H])N(C(=O)[C:91]([H])=[C:92]([H])[H])C([H])([H])C1([H])[H],0,0.0,0.0,0.0,0.0,0.0,0.0,0.0,0.0,0.0,0.0,-1085387.256367139,36.38223984465003,-1085379.8194670805,-1085384.4991214878
S5-29.4,intermediate,[H]Oc1c([H])c(Cl)c(I)c([H])c1N([H])C([H])([H])C(=O)N1C([H])([H])C([H])([H])N(C(=O)[C-:91]([H])[C:92]([H])([H])[S:93]C([H])([H])[H])C([H])([H])C1([H])[H],-1,0.0,0.0,0.0,0.0,0.0,0.0,0.0,0.0,0.0,0.0,-1360327.2421889072,110.00959293730557,-1360318.6956367674,-1360322.7539000842
S5-29.4,product,[H]Oc1c([H])c(Cl)c(I)c([H])c1N([H])C([H])([H])C(=O)N1C([H])([H])C([H])([H])N(C(=O)[C:91]([H])([H])[C:92]([H])([H])[S:93]C([H])([H])[H])C([H])([H])C1([H])[H],0,0.0,0.0,0.0,0.0,0.0,0.0,0.0,0.0,0.0,0.0,-1360682.7606275098,65.02541684173048,-1360675.5554598144,-1360678.9715383658
S5-29.5,reactant,[H]Oc1c([H])c(Cl)c(I)c([H])c1N([H])C([H])([H])C(=O)N1C([H])([H])C([H])([H])N(C(=O)[C:91]([H])=[C:92]([H])[H])C([H])([H])C1([H])[H],0,0.0,0.0,0.0,0.0,0.0,0.0,0.0,0.0,0.0,0.0,-1085392.4742379382,72.19670636020601,-1085383.6200361801,-1085387.7632445716
S5-29.5,intermediate,[H]Oc1c([H])c(Cl)c(I)c([H])c1N([H])C([H])([H])C(=O)N1C([H])([H])C([H])([H])N(C(=O)[C-:91]([H])[C:92]([H])([H])[S:93]C([H])([H])[H])C([H])([H])C1([H])[H],-1,0.0,0.0,0.0,0.0,0.0,0.0,0.0,0.0,0.0,0.0,-1360324.8601640696,191.03234056569636,-1360310.8917849823,-1360314.7390436337
S5-29.5,product,[H]Oc1c([H])c(Cl)c(I)c([H])c1N([H])C([H])([H])C(=O)N1C([H])([H])C([H])([H])N(C(=O)[C:91]([H])([H])[C:92]([H])([H])[S:93]C([H])([H])[H])C([H])([H])C1([H])[H],0,0.0,0.0,0.0,0.0,0.0,0.0,0.0,0.0,0.0,0.0,-1360685.945842392,78.9062395580113,-1360676.6899961291,-1360681.6362956
S5-29.6,reactant,[H]Oc1c([H])c(Cl)c(I)c([H])c1N([H])C([H])([H])C(=O)N1C([H])([H])C([H])([H])N(C(=O)[C:91]([H])=[C:92]([H])[H])C([H])([H])C1([H])[H],0,0.0,0.0,0.0,0.0,0.0,0.0,0.0,0.0,0.0,0.0,-1085390.8669121822,72.391881627962,-1085383.5545157623,-1085386.996319751
S5-29.6,intermediate,[H]Oc1c([H])c(Cl)c(I)c([H])c1N([H])C([H])([H])C(=O)N1C([H])([H])C([H])([H])N(C(=O)[C-:91]([H])[C:92]([H])([H])[S:93]C([H])([H])[H])C([H])([H])C1([H])[H],-1,0.0,0.0,0.0,0.0,0.0,0.0,0.0,0.0,0.0,0.0,-1360327.732528166,67.31314026005566,-1360318.568345611,-1360321.881830305
S5-29.6,product,[H]Oc1c([H])c(Cl)c(I)c([H])c1N([H])C([H])([H])C(=O)N1C([H])([H])C([H])([H])N(C(=O)[C:91]([H])([H])[C:92]([H])([H])[S:93]C([H])([H])[H])C([H])([H])C1([H])[H],0,0.0,0.0,0.0,0.0,0.0,0.0,0.0,0.0,0.0,0.0,-1360690.51853748,284.491375150159,-1360676.6920414087,-1360681.2164415102
S5-29.7,reactant,[H]Oc1c([H])c(Cl)c(I)c([H])c1N([H])C([H])([H])C(=O)N1C([H])([H])C([H])([H])N(C(=O)[C:91]([H])=[C:92]([H])[H])C([H])([H])C1([H])[H],0,0.0,0.0,0.0,0.0,0.0,0.0,0.0,0.0,0.0,0.0,-1085390.3525133994,71.74776186794043,-1085382.2795204297,-1085386.2352228775
S5-29.7,intermediate,[H]Oc1c([H])c(Cl)c(I)c([H])c1N([H])C([H])([H])C(=O)N1C([H])([H])C([H])([H])N(C(=O)[C-:91]([H])[C:92]([H])([H])[S:93]C([H])([H])[H])C([H])([H])C1([H])[H],-1,0.0,0.0,0.0,0.0,0.0,0.0,0.0,0.0,0.0,0.0,-1360323.6513489224,79.22329720854759,-1360314.33384738,-1360319.2985763582
S5-29.7,product,[H]Oc1c([H])c(Cl)c(I)c([H])c1N([H])C([H])([H])C(=O)N1C([H])([H])C([H])([H])N(C(=O)[C:91]([H])([H])[C:92]([H])([H])[S:93]C([H])([H])[H])C([H])([H])C1([H])[H],0,0.0,0.0,0.0,0.0,0.0,0.0,0.0,0.0,0.0,0.0,-1360688.4745225648,123.2239833548665,-1360679.90697882,-1360683.287715822
S5-29.8,reactant,[H]Oc1c([H])c(Cl)c(I)c([H])c1N([H])C([H])([H])C(=O)N1C([H])([H])C([H])([H])N(C(=O)[C:91]([H])=[C:92]([H])[H])C([H])([H])C1([H])[H],0,0.0,0.0,0.0,0.0,0.0,0.0,0.0,0.0,0.0,0.0,-1085387.8198856176,58.97447853535414,-1085381.3216478783,-1085385.1171367674
S5-29.8,intermediate,[H]Oc1c([H])c(Cl)c(I)c([H])c1N([H])C([H])([H])C(=O)N1C([H])([H])C([H])([H])N(C(=O)[C-:91]([H])[C:92]([H])([H])[S:93]C([H])([H])[H])C([H])([H])C1([H])[H],-1,0.0,0.0,0.0,0.0,0.0,0.0,0.0,0.0,0.0,0.0,-1360326.6445714417,74.5717584323138,-1360318.799132307,-1360322.6260591212
S5-29.8,product,[H]Oc1c([H])c(Cl)c(I)c([H])c1N([H])C([H])([H])C(=O)N1C([H])([H])C([H])([H])N(C(=O)[C:91]([H])([H])[C:92]([H])([H])[S:93]C([H])([H])[H])C([H])([H])C1([H])[H],0,0.0,0.0,0.0,0.0,0.0,0.0,0.0,0.0,0.0,0.0,-1360688.2653982372,47.17979650013149,-1360682.0533896622,-1360685.1070578871
S5-29.9,reactant,[H]Oc1c([H])c(Cl)c(I)c([H])c1N([H])C([H])([H])C(=O)N1C([H])([H])C([H])([H])N(C(=O)[C:91]([H])=[C:92]([H])[H])C([H])([H])C1([H])[H],0,0.0,0.0,0.0,0.0,0.0,0.0,0.0,0.0,0.0,0.0,-1085389.8013985513,50.32525921612978,-1085382.8083901145,-1085387.0117803046
S5-29.9,intermediate,[H]Oc1c([H])c(Cl)c(I)c([H])c1N([H])C([H])([H])C(=O)N1C([H])([H])C([H])([H])N(C(=O)[C-:91]([H])[C:92]([H])([H])[S:93]C([H])([H])[H])C([H])([H])C1([H])[H],-1,0.0,0.0,0.0,0.0,0.0,0.0,0.0,0.0,0.0,0.0,-1360324.8803749494,82.41480999812484,-1360318.739676253,-1360321.097069768
S5-29.9,product,[H]Oc1c([H])c(Cl)c(I)c([H])c1N([H])C([H])([H])C(=O)N1C([H])([H])C([H])([H])N(C(=O)[C:91]([H])([H])[C:92]([H])([H])[S:93]C([H])([H])[H])C([H])([H])C1([H])[H],0,0.0,0.0,0.0,0.0,0.0,0.0,0.0,0.0,0.0,0.0,-1360681.1142325173,131.95782488025725,-1360671.5345448402,-1360677.0153275183
S5-29.10,reactant,[H]Oc1c([H])c(Cl)c(I)c([H])c1N([H])C([H])([H])C(=O)N1C([H])([H])C([H])([H])N(C(=O)[C:91]([H])=[C:92]([H])[H])C([H])([H])C1([H])[H],0,0.0,0.0,0.0,0.0,0.0,0.0,0.0,0.0,0.0,0.0,-1085389.0917030696,40.74131303653121,-1085382.4054810551,-1085386.0866982013
S5-29.10,intermediate,[H]Oc1c([H])c(Cl)c(I)c([H])c1N([H])C([H])([H])C(=O)N1C([H])([H])C([H])([H])N(C(=O)[C-:91]([H])[C:92]([H])([H])[S:93]C([H])([H])[H])C([H])([H])C1([H])[H],-1,0.0,0.0,0.0,0.0,0.0,0.0,0.0,0.0,0.0,0.0,-1360329.7162513211,64.2221021167934,-1360321.9421990379,-1360325.86987236
S5-29.10,product,[H]Oc1c([H])c(Cl)c(I)c([H])c1N([H])C([H])([H])C(=O)N1C([H])([H])C([H])([H])N(C(=O)[C:91]([H])([H])[C:92]([H])([H])[S:93]C([H])([H])[H])C([H])([H])C1([H])[H],0,0.0,0.0,0.0,0.0,0.0,0.0,0.0,0.0,0.0,0.0,-1360689.3497372358,71.89908744394779,-1360679.7719463906,-1360685.063634185
S5-31.1,reactant,[H]c1nc(N2C([H])([H])C([H])([H])N(C(=O)[C:91]([H])=[C:92]([H])[H])C([H])([H])C2([H])[H])nc([H])c1-c1c([H])c([H])c([H])c([H])c1[H],0,0.0,0.0,0.0,0.0,0.0,0.0,0.0,0.0,0.0,0.0,-597941.0968770891,22.812115997076035,-597936.0780279269,-597939.4533685799
S5-31.1,intermediate,[H]c1nc(N2C([H])([H])C([H])([H])N(C(=O)[C-:91]([H])[C:92]([H])([H])[S:93]C([H])([H])[H])C([H])([H])C2([H])[H])nc([H])c1-c1c([H])c([H])c([H])c([H])c1[H],-1,0.0,0.0,0.0,0.0,0.0,0.0,0.0,0.0,0.0,0.0,-872873.6927330144,108.7978439219296,-872865.9409368904,-872870.0773496758
S5-31.1,product,[H]c1nc(N2C([H])([H])C([H])([H])N(C(=O)[C:91]([H])([H])[C:92]([H])([H])[S:93]C([H])([H])[H])C([H])([H])C2([H])[H])nc([H])c1-c1c([H])c([H])c([H])c([H])c1[H],0,0.0,0.0,0.0,0.0,0.0,0.0,0.0,0.0,0.0,0.0,-873238.0199098912,50.76346237771213,-873231.3096998275,-873235.9370951449
S5-31.2,reactant,[H]c1nc(N2C([H])([H])C([H])([H])N(C(=O)[C:91]([H])=[C:92]([H])[H])C([H])([H])C2([H])[H])nc([H])c1-c1c([H])c([H])c([H])c([H])c1[H],0,0.0,0.0,0.0,0.0,0.0,0.0,0.0,0.0,0.0,0.0,-597944.3766696529,54.81759571097791,-597938.6792935283,-597942.2235346796
S5-31.2,intermediate,[H]c1nc(N2C([H])([H])C([H])([H])N(C(=O)[C-:91]([H])[C:92]([H])([H])[S:93]C([H])([H])[H])C([H])([H])C2([H])[H])nc([H])c1-c1c([H])c([H])c([H])c([H])c1[H],-1,0.0,0.0,0.0,0.0,0.0,0.0,0.0,0.0,0.0,0.0,-872868.682507564,65.59978950768709,-872860.7855515784,-872865.6924134427
S5-31.2,product,[H]c1nc(N2C([H])([H])C([H])([H])N(C(=O)[C:91]([H])([H])[C:92]([H])([H])[S:93]C([H])([H])[H])C([H])([H])C2([H])[H])nc([H])c1-c1c([H])c([H])c([H])c([H])c1[H],0,0.0,0.0,0.0,0.0,0.0,0.0,0.0,0.0,0.0,0.0,-873241.0036867381,70.7885861583054,-873234.3533890678,-873238.7162230874
S5-31.3,reactant,[H]c1nc(N2C([H])([H])C([H])([H])N(C(=O)[C:91]([H])=[C:92]([H])[H])C([H])([H])C2([H])[H])nc([H])c1-c1c([H])c([H])c([H])c([H])c1[H],0,0.0,0.0,0.0,0.0,0.0,0.0,0.0,0.0,0.0,0.0,-597944.3155751758,56.05084145069122,-597938.7735880594,-597942.1510069803
S5-31.3,intermediate,[H]c1nc(N2C([H])([H])C([H])([H])N(C(=O)[C-:91]([H])[C:92]([H])([H])[S:93]C([H])([H])[H])C([H])([H])C2([H])[H])nc([H])c1-c1c([H])c([H])c([H])c([H])c1[H],-1,0.0,0.0,0.0,0.0,0.0,0.0,0.0,0.0,0.0,0.0,-872873.7006832137,80.06874682381749,-872865.7616010685,-872869.7128115988
S5-31.3,product,[H]c1nc(N2C([H])([H])C([H])([H])N(C(=O)[C:91]([H])([H])[C:92]([H])([H])[S:93]C([H])([H])[H])C([H])([H])C2([H])[H])nc([H])c1-c1c([H])c([H])c([H])c([H])c1[H],0,0.0,0.0,0.0,0.0,0.0,0.0,0.0,0.0,0.0,0.0,-873240.3987293582,65.37378029711545,-873234.1303161541,-873238.1666751873
S5-31.4,reactant,[H]c1nc(N2C([H])([H])C([H])([H])N(C(=O)[C:91]([H])=[C:92]([H])[H])C([H])([H])C2([H])[H])nc([H])c1-c1c([H])c([H])c([H])c([H])c1[H],0,0.0,0.0,0.0,0.0,0.0,0.0,0.0,0.0,0.0,0.0,-597942.6042975408,32.86357608623803,-597937.9720804221,-597940.877944217
S5-31.4,intermediate,[H]c1nc(N2C([H])([H])C([H])([H])N(C(=O)[C-:91]([H])[C:92]([H])([H])[S:93]C([H])([H])[H])C([H])([H])C2([H])[H])nc([H])c1-c1c([H])c([H])c([H])c([H])c1[H],-1,0.0,0.0,0.0,0.0,0.0,0.0,0.0,0.0,0.0,0.0,-872873.4532813707,67.18577253445983,-872865.4948185532,-872870.048864211
S5-31.4,product,[H]c1nc(N2C([H])([H])C([H])([H])N(C(=O)[C:91]([H])([H])[C:92]([H])([H])[S:93]C([H])([H])[H])C([H])([H])C2([H])[H])nc([H])c1-c1c([H])c([H])c([H])c([H])c1[H],0,0.0,0.0,0.0,0.0,0.0,0.0,0.0,0.0,0.0,0.0,-873237.9283286543,30.742801876738667,-873231.8252422073,-873236.1265309086
S5-31.5,reactant,[H]c1nc(N2C([H])([H])C([H])([H])N(C(=O)[C:91]([H])=[C:92]([H])[H])C([H])([H])C2([H])[H])nc([H])c1-c1c([H])c([H])c([H])c([H])c1[H],0,0.0,0.0,0.0,0.0,0.0,0.0,0.0,0.0,0.0,0.0,-597942.6708186062,30.199867518618703,-597938.3367559507,-597940.9665619978
S5-31.5,intermediate,[H]c1nc(N2C([H])([H])C([H])([H])N(C(=O)[C-:91]([H])[C:92]([H])([H])[S:93]C([H])([H])[H])C([H])([H])C2([H])[H])nc([H])c1-c1c([H])c([H])c([H])c([H])c1[H],-1,0.0,0.0,0.0,0.0,0.0,0.0,0.0,0.0,0.0,0.0,-872873.7003863183,79.28163265623152,-872866.0714719043,-872870.1681336936
S5-31.5,product,[H]c1nc(N2C([H])([H])C([H])([H])N(C(=O)[C:91]([H])([H])[C:92]([H])([H])[S:93]C([H])([H])[H])C([H])([H])C2([H])[H])nc([H])c1-c1c([H])c([H])c([H])c([H])c1[H],0,0.0,0.0,0.0,0.0,0.0,0.0,0.0,0.0,0.0,0.0,-873241.0953339518,31.020416423678398,-873234.7881649008,-873239.2630164579
S5-31.6,reactant,[H]c1nc(N2C([H])([H])C([H])([H])N(C(=O)[C:91]([H])=[C:92]([H])[H])C([H])([H])C2([H])[H])nc([H])c1-c1c([H])c([H])c([H])c([H])c1[H],0,0.0,0.0,0.0,0.0,0.0,0.0,0.0,0.0,0.0,0.0,-597941.1507746016,28.220873799175024,-597935.9422450117,-597939.5227348929
S5-31.6,intermediate,[H]c1nc(N2C([H])([H])C([H])([H])N(C(=O)[C-:91]([H])[C:92]([H])([H])[S:93]C([H])([H])[H])C([H])([H])C2([H])[H])nc([H])c1-c1c([H])c([H])c([H])c([H])c1[H],-1,0.0,0.0,0.0,0.0,0.0,0.0,0.0,0.0,0.0,0.0,-872873.6698885623,93.36483317054808,-872867.306908673,-872870.1938866212
S5-31.6,product,[H]c1nc(N2C([H])([H])C([H])([H])N(C(=O)[C:91]([H])([H])[C:92]([H])([H])[S:93]C([H])([H])[H])C([H])([H])C2([H])[H])nc([H])c1-c1c([H])c([H])c([H])c([H])c1[H],0,0.0,0.0,0.0,0.0,0.0,0.0,0.0,0.0,0.0,0.0,-873238.0114043877,42.715015506371856,-873230.8414297941,-873236.200892212
S5-31.7,reactant,[H]c1nc(N2C([H])([H])C([H])([H])N(C(=O)[C:91]([H])=[C:92]([H])[H])C([H])([H])C2([H])[H])nc([H])c1-c1c([H])c([H])c([H])c([H])c1[H],0,0.0,0.0,0.0,0.0,0.0,0.0,0.0,0.0,0.0,0.0,-597943.061137101,42.442238410934806,-597938.0260439113,-597941.1902094592
S5-31.7,intermediate,[H]c1nc(N2C([H])([H])C([H])([H])N(C(=O)[C-:91]([H])[C:92]([H])([H])[S:93]C([H])([H])[H])C([H])([H])C2([H])[H])nc([H])c1-c1c([H])c([H])c([H])c([H])c1[H],-1,0.0,0.0,0.0,0.0,0.0,0.0,0.0,0.0,0.0,0.0,-872873.3844181305,137.6512687150389,-872865.9908483071,-872869.4112538344
S5-31.7,product,[H]c1nc(N2C([H])([H])C([H])([H])N(C(=O)[C:91]([H])([H])[C:92]([H])([H])[S:93]C([H])([H])[H])C([H])([H])C2([H])[H])nc([H])c1-c1c([H])c([H])c([H])c([H])c1[H],0,0.0,0.0,0.0,0.0,0.0,0.0,0.0,0.0,0.0,0.0,-873238.9382513692,38.559039037674665,-873232.7576312365,-873237.1146922898
S5-31.8,reactant,[H]c1nc(N2C([H])([H])C([H])([H])N(C(=O)[C:91]([H])=[C:92]([H])[H])C([H])([H])C2([H])[H])nc([H])c1-c1c([H])c([H])c([H])c([H])c1[H],0,0.0,0.0,0.0,0.0,0.0,0.0,0.0,0.0,0.0,0.0,-597942.7343129878,23.18052830733359,-597937.2312906445,-597941.0809904359
S5-31.8,intermediate,[H]c1nc(N2C([H])([H])C([H])([H])N(C(=O)[C-:91]([H])[C:92]([H])([H])[S:93]C([H])([H])[H])C([H])([H])C2([H])[H])nc([H])c1-c1c([H])c([H])c([H])c([H])c1[H],-1,0.0,0.0,0.0,0.0,0.0,0.0,0.0,0.0,0.0,0.0,-872873.7857382497,28.846777241677046,-872866.4033130002,-872871.0360634311
S5-31.8,product,[H]c1nc(N2C([H])([H])C([H])([H])N(C(=O)[C:91]([H])([H])[C:92]([H])([H])[S:93]C([H])([H])[H])C([H])([H])C2([H])[H])nc([H])c1-c1c([H])c([H])c([H])c([H])c1[H],0,0.0,0.0,0.0,0.0,0.0,0.0,0.0,0.0,0.0,0.0,-873240.3749007528,48.591039378196,-873234.0796954872,-873238.3699770662
S5-31.9,reactant,[H]c1nc(N2C([H])([H])C([H])([H])N(C(=O)[C:91]([H])=[C:92]([H])[H])C([H])([H])C2([H])[H])nc([H])c1-c1c([H])c([H])c([H])c([H])c1[H],0,0.0,0.0,0.0,0.0,0.0,0.0,0.0,0.0,0.0,0.0,-597941.1741496169,27.895764492452145,-597935.1007994441,-597939.5123985342
S5-31.9,intermediate,[H]c1nc(N2C([H])([H])C([H])([H])N(C(=O)[C-:91]([H])[C:92]([H])([H])[S:93]C([H])([H])[H])C([H])([H])C2([H])[H])nc([H])c1-c1c([H])c([H])c([H])c([H])c1[H],-1,0.0,0.0,0.0,0.0,0.0,0.0,0.0,0.0,0.0,0.0,-872873.6185641433,74.77215742133558,-872864.9763512039,-872870.0775750964
S5-31.9,product,[H]c1nc(N2C([H])([H])C([H])([H])N(C(=O)[C:91]([H])([H])[C:92]([H])([H])[S:93]C([H])([H])[H])C([H])([H])C2([H])[H])nc([H])c1-c1c([H])c([H])c([H])c([H])c1[H],0,0.0,0.0,0.0,0.0,0.0,0.0,0.0,0.0,0.0,0.0,-873238.9373716791,30.32324674539268,-873232.0423057381,-873237.1396260059
S5-31.10,reactant,[H]c1nc(N2C([H])([H])C([H])([H])N(C(=O)[C:91]([H])=[C:92]([H])[H])C([H])([H])C2([H])[H])nc([H])c1-c1c([H])c([H])c([H])c([H])c1[H],0,0.0,0.0,0.0,0.0,0.0,0.0,0.0,0.0,0.0,0.0,-597942.6970718574,24.609502103179693,-597937.6881247067,-597941.0261555036
S5-31.10,intermediate,[H]c1nc(N2C([H])([H])C([H])([H])N(C(=O)[C-:91]([H])[C:92]([H])([H])[S:93]C([H])([H])[H])C([H])([H])C2([H])[H])nc([H])c1-c1c([H])c([H])c([H])c([H])c1[H],-1,0.0,0.0,0.0,0.0,0.0,0.0,0.0,0.0,0.0,0.0,-872873.6880431665,62.74168962985277,-872866.5867668714,-872870.5010963944
S5-31.10,product,[H]c1nc(N2C([H])([H])C([H])([H])N(C(=O)[C:91]([H])([H])[C:92]([H])([H])[S:93]C([H])([H])[H])C([H])([H])C2([H])[H])nc([H])c1-c1c([H])c([H])c([H])c([H])c1[H],0,0.0,0.0,0.0,0.0,0.0,0.0,0.0,0.0,0.0,0.0,-873238.9464984639,32.81767722219229,-873233.0347885969,-873237.1574177381
S5-1.1,reactant,[H]c1nc(N([H])c2c([H])c([H])c(F)c(Cl)c2[H])c2c([H])c(N([H])C(=O)/[C:91]([H])=[C:92](\[H])C([H])([H])N(C([H])([H])[H])C([H])([H])[H])c(O[C@]3([H])C([H])([H])OC([H])([H])C3([H])[H])c([H])c2n1,0,0.0,0.0,0.0,0.0,0.0,0.0,0.0,0.0,0.0,0.0,-1248194.8578879018,47.42004160396755,-1248186.4773195377,-1248192.496500044
S5-1.1,intermediate,[H]c1nc(N([H])c2c([H])c([H])c(F)c(Cl)c2[H])c2c([H])c(N([H])C(=O)[C-:91]([H])[C:92]([H])(C([H])([H])N(C([H])([H])[H])C([H])([H])[H])[S:93]C([H])([H])[H])c(O[C@]3([H])C([H])([H])OC([H])([H])C3([H])[H])c([H])c2n1,-1,0.0,0.0,0.0,0.0,0.0,0.0,0.0,0.0,0.0,0.0,-1523133.1583691477,88.48451609350741,-1523124.8899475255,-1523129.7103028651
S5-1.1,product,[H]c1nc(N([H])c2c([H])c([H])c(F)c(Cl)c2[H])c2c([H])c(N([H])C(=O)[C:91]([H])([H])[C:92]([H])(C([H])([H])N(C([H])([H])[H])C([H])([H])[H])[S:93]C([H])([H])[H])c(O[C@]3([H])C([H])([H])OC([H])([H])C3([H])[H])c([H])c2n1,0,0.0,0.0,0.0,0.0,0.0,0.0,0.0,0.0,0.0,0.0,-1523487.7162466457,57.67662043310702,-1523479.9643735487,-1523484.584253014
S5-1.2,reactant,[H]c1nc(N([H])c2c([H])c([H])c(F)c(Cl)c2[H])c2c([H])c(N([H])C(=O)/[C:91]([H])=[C:92](\[H])C([H])([H])N(C([H])([H])[H])C([H])([H])[H])c(O[C@]3([H])C([H])([H])OC([H])([H])C3([H])[H])c([H])c2n1,0,0.0,0.0,0.0,0.0,0.0,0.0,0.0,0.0,0.0,0.0,-1248195.2257055736,51.26584996469319,-1248188.1464820094,-1248192.7595658686
S5-1.2,intermediate,[H]c1nc(N([H])c2c([H])c([H])c(F)c(Cl)c2[H])c2c([H])c(N([H])C(=O)[C-:91]([H])[C:92]([H])(C([H])([H])N(C([H])([H])[H])C([H])([H])[H])[S:93]C([H])([H])[H])c(O[C@]3([H])C([H])([H])OC([H])([H])C3([H])[H])c([H])c2n1,-1,0.0,0.0,0.0,0.0,0.0,0.0,0.0,0.0,0.0,0.0,-1523131.3448220412,44.78052113391459,-1523122.4843964758,-1523127.4119695437
S5-1.2,product,[H]c1nc(N([H])c2c([H])c([H])c(F)c(Cl)c2[H])c2c([H])c(N([H])C(=O)[C:91]([H])([H])[C:92]([H])(C([H])([H])N(C([H])([H])[H])C([H])([H])[H])[S:93]C([H])([H])[H])c(O[C@]3([H])C([H])([H])OC([H])([H])C3([H])[H])c([H])c2n1,0,0.0,0.0,0.0,0.0,0.0,0.0,0.0,0.0,0.0,0.0,-1523483.6687100502,136.3041922878474,-1523474.144442849,-1523479.0471371815
S5-1.3,reactant,[H]c1nc(N([H])c2c([H])c([H])c(F)c(Cl)c2[H])c2c([H])c(N([H])C(=O)/[C:91]([H])=[C:92](\[H])C([H])([H])N(C([H])([H])[H])C([H])([H])[H])c(O[C@]3([H])C([H])([H])OC([H])([H])C3([H])[H])c([H])c2n1,0,0.0,0.0,0.0,0.0,0.0,0.0,0.0,0.0,0.0,0.0,-1248195.089710983,49.437409061938524,-1248188.8364284486,-1248192.6042675786
S5-1.3,intermediate,[H]c1nc(N([H])c2c([H])c([H])c(F)c(Cl)c2[H])c2c([H])c(N([H])C(=O)[C-:91]([H])[C:92]([H])(C([H])([H])N(C([H])([H])[H])C([H])([H])[H])[S:93]C([H])([H])[H])c(O[C@]3([H])C([H])([H])OC([H])([H])C3([H])[H])c([H])c2n1,-1,0.0,0.0,0.0,0.0,0.0,0.0,0.0,0.0,0.0,0.0,-1523133.2479215993,62.33509570173919,-1523124.636321875,-1523129.7716282608
S5-1.3,product,[H]c1nc(N([H])c2c([H])c([H])c(F)c(Cl)c2[H])c2c([H])c(N([H])C(=O)[C:91]([H])([H])[C:92]([H])(C([H])([H])N(C([H])([H])[H])C([H])([H])[H])[S:93]C([H])([H])[H])c(O[C@]3([H])C([H])([H])OC([H])([H])C3([H])[H])c([H])c2n1,0,0.0,0.0,0.0,0.0,0.0,0.0,0.0,0.0,0.0,0.0,-1523490.183634411,83.94096505083144,-1523480.8694372044,-1523486.5241621046
S5-1.4,reactant,[H]c1nc(N([H])c2c([H])c([H])c(F)c(Cl)c2[H])c2c([H])c(N([H])C(=O)/[C:91]([H])=[C:92](\[H])C([H])([H])N(C([H])([H])[H])C([H])([H])[H])c(O[C@]3([H])C([H])([H])OC([H])([H])C3([H])[H])c([H])c2n1,0,0.0,0.0,0.0,0.0,0.0,0.0,0.0,0.0,0.0,0.0,-1248193.7050732763,41.48846552707255,-1248186.354910661,-1248191.277079133
S5-1.4,intermediate,[H]c1nc(N([H])c2c([H])c([H])c(F)c(Cl)c2[H])c2c([H])c(N([H])C(=O)[C-:91]([H])[C:92]([H])(C([H])([H])N(C([H])([H])[H])C([H])([H])[H])[S:93]C([H])([H])[H])c(O[C@]3([H])C([H])([H])OC([H])([H])C3([H])[H])c([H])c2n1,-1,0.0,0.0,0.0,0.0,0.0,0.0,0.0,0.0,0.0,0.0,-1523130.389775494,82.6809245776385,-1523119.581408168,-1523126.3905283867
S5-1.4,product,[H]c1nc(N([H])c2c([H])c([H])c(F)c(Cl)c2[H])c2c([H])c(N([H])C(=O)[C:91]([H])([H])[C:92]([H])(C([H])([H])N(C([H])([H])[H])C([H])([H])[H])[S:93]C([H])([H])[H])c(O[C@]3([H])C([H])([H])OC([H])([H])C3([H])[H])c([H])c2n1,0,0.0,0.0,0.0,0.0,0.0,0.0,0.0,0.0,0.0,0.0,-1523488.795043597,77.72296289168298,-1523478.782702339,-1523485.3274207038
S5-1.5,reactant,[H]c1nc(N([H])c2c([H])c([H])c(F)c(Cl)c2[H])c2c([H])c(N([H])C(=O)/[C:91]([H])=[C:92](\[H])C([H])([H])N(C([H])([H])[H])C([H])([H])[H])c(O[C@]3([H])C([H])([H])OC([H])([H])C3([H])[H])c([H])c2n1,0,0.0,0.0,0.0,0.0,0.0,0.0,0.0,0.0,0.0,0.0,-1248195.1342535412,47.04022656008601,-1248188.5765844889,-1248192.6213665546
S5-1.5,intermediate,[H]c1nc(N([H])c2c([H])c([H])c(F)c(Cl)c2[H])c2c([H])c(N([H])C(=O)[C-:91]([H])[C:92]([H])(C([H])([H])N(C([H])([H])[H])C([H])([H])[H])[S:93]C([H])([H])[H])c(O[C@]3([H])C([H])([H])OC([H])([H])C3([H])[H])c([H])c2n1,-1,0.0,0.0,0.0,0.0,0.0,0.0,0.0,0.0,0.0,0.0,-1523134.9902687888,76.2693778257817,-1523126.7914691395,-1523131.209470724
S5-1.5,product,[H]c1nc(N([H])c2c([H])c([H])c(F)c(Cl)c2[H])c2c([H])c(N([H])C(=O)[C:91]([H])([H])[C:92]([H])(C([H])([H])N(C([H])([H])[H])C([H])([H])[H])[S:93]C([H])([H])[H])c(O[C@]3([H])C([H])([H])OC([H])([H])C3([H])[H])c([H])c2n1,0,0.0,0.0,0.0,0.0,0.0,0.0,0.0,0.0,0.0,0.0,-1523491.9861139164,105.21583819761872,-1523481.4167034084,-1523488.152281535
S5-1.6,reactant,[H]c1nc(N([H])c2c([H])c([H])c(F)c(Cl)c2[H])c2c([H])c(N([H])C(=O)/[C:91]([H])=[C:92](\[H])C([H])([H])N(C([H])([H])[H])C([H])([H])[H])c(O[C@]3([H])C([H])([H])OC([H])([H])C3([H])[H])c([H])c2n1,0,0.0,0.0,0.0,0.0,0.0,0.0,0.0,0.0,0.0,0.0,-1248196.8169110087,55.52376460470259,-1248189.7954610914,-1248194.2255941522
S5-1.6,intermediate,[H]c1nc(N([H])c2c([H])c([H])c(F)c(Cl)c2[H])c2c([H])c(N([H])C(=O)[C-:91]([H])[C:92]([H])(C([H])([H])N(C([H])([H])[H])C([H])([H])[H])[S:93]C([H])([H])[H])c(O[C@]3([H])C([H])([H])OC([H])([H])C3([H])[H])c([H])c2n1,-1,0.0,0.0,0.0,0.0,0.0,0.0,0.0,0.0,0.0,0.0,-1523133.143491389,77.61432284861803,-1523121.6684509248,-1523127.1954228308
S5-1.6,product,[H]c1nc(N([H])c2c([H])c([H])c(F)c(Cl)c2[H])c2c([H])c(N([H])C(=O)[C:91]([H])([H])[C:92]([H])(C([H])([H])N(C([H])([H])[H])C([H])([H])[H])[S:93]C([H])([H])[H])c(O[C@]3([H])C([H])([H])OC([H])([H])C3([H])[H])c([H])c2n1,0,0.0,0.0,0.0,0.0,0.0,0.0,0.0,0.0,0.0,0.0,-1523487.8015435964,76.3393736295402,-1523476.529794015,-1523483.5620641203
S5-1.7,reactant,[H]c1nc(N([H])c2c([H])c([H])c(F)c(Cl)c2[H])c2c([H])c(N([H])C(=O)/[C:91]([H])=[C:92](\[H])C([H])([H])N(C([H])([H])[H])C([H])([H])[H])c(O[C@]3([H])C([H])([H])OC([H])([H])C3([H])[H])c([H])c2n1,0,0.0,0.0,0.0,0.0,0.0,0.0,0.0,0.0,0.0,0.0,-1248196.783202384,50.52662555873394,-1248188.5142089631,-1248194.205350284
S5-1.7,intermediate,[H]c1nc(N([H])c2c([H])c([H])c(F)c(Cl)c2[H])c2c([H])c(N([H])C(=O)[C-:91]([H])[C:92]([H])(C([H])([H])N(C([H])([H])[H])C([H])([H])[H])[S:93]C([H])([H])[H])c(O[C@]3([H])C([H])([H])OC([H])([H])C3([H])[H])c([H])c2n1,-1,0.0,0.0,0.0,0.0,0.0,0.0,0.0,0.0,0.0,0.0,-1523136.6274490275,81.3078064955771,-1523127.0886504457,-1523132.5192413058
S5-1.7,product,[H]c1nc(N([H])c2c([H])c([H])c(F)c(Cl)c2[H])c2c([H])c(N([H])C(=O)[C:91]([H])([H])[C:92]([H])(C([H])([H])N(C([H])([H])[H])C([H])([H])[H])[S:93]C([H])([H])[H])c(O[C@]3([H])C([H])([H])OC([H])([H])C3([H])[H])c([H])c2n1,0,0.0,0.0,0.0,0.0,0.0,0.0,0.0,0.0,0.0,0.0,-1523490.8834883599,130.61324441432953,-1523481.5160424123,-1523487.4973247696
S5-1.8,reactant,[H]c1nc(N([H])c2c([H])c([H])c(F)c(Cl)c2[H])c2c([H])c(N([H])C(=O)/[C:91]([H])=[C:92](\[H])C([H])([H])N(C([H])([H])[H])C([H])([H])[H])c(O[C@]3([H])C([H])([H])OC([H])([H])C3([H])[H])c([H])c2n1,0,0.0,0.0,0.0,0.0,0.0,0.0,0.0,0.0,0.0,0.0,-1248194.4704668862,76.66972482018173,-1248187.3972389598,-1248191.8519291193
S5-1.8,intermediate,[H]c1nc(N([H])c2c([H])c([H])c(F)c(Cl)c2[H])c2c([H])c(N([H])C(=O)[C-:91]([H])[C:92]([H])(C([H])([H])N(C([H])([H])[H])C([H])([H])[H])[S:93]C([H])([H])[H])c(O[C@]3([H])C([H])([H])OC([H])([H])C3([H])[H])c([H])c2n1,-1,0.0,0.0,0.0,0.0,0.0,0.0,0.0,0.0,0.0,0.0,-1523133.519086071,61.97651101462543,-1523126.2228264662,-1523129.9032408951
S5-1.8,product,[H]c1nc(N([H])c2c([H])c([H])c(F)c(Cl)c2[H])c2c([H])c(N([H])C(=O)[C:91]([H])([H])[C:92]([H])(C([H])([H])N(C([H])([H])[H])C([H])([H])[H])[S:93]C([H])([H])[H])c(O[C@]3([H])C([H])([H])OC([H])([H])C3([H])[H])c([H])c2n1,0,0.0,0.0,0.0,0.0,0.0,0.0,0.0,0.0,0.0,0.0,-1523494.1657385577,149.99373771436512,-1523483.8774825018,-1523489.5318060433
S5-1.9,reactant,[H]c1nc(N([H])c2c([H])c([H])c(F)c(Cl)c2[H])c2c([H])c(N([H])C(=O)/[C:91]([H])=[C:92](\[H])C([H])([H])N(C([H])([H])[H])C([H])([H])[H])c(O[C@]3([H])C([H])([H])OC([H])([H])C3([H])[H])c([H])c2n1,0,0.0,0.0,0.0,0.0,0.0,0.0,0.0,0.0,0.0,0.0,-1248193.448401699,59.78946380876005,-1248185.1674389949,-1248191.0046116204
S5-1.9,intermediate,[H]c1nc(N([H])c2c([H])c([H])c(F)c(Cl)c2[H])c2c([H])c(N([H])C(=O)[C-:91]([H])[C:92]([H])(C([H])([H])N(C([H])([H])[H])C([H])([H])[H])[S:93]C([H])([H])[H])c(O[C@]3([H])C([H])([H])OC([H])([H])C3([H])[H])c([H])c2n1,-1,0.0,0.0,0.0,0.0,0.0,0.0,0.0,0.0,0.0,0.0,-1523138.4723790782,70.11889447830617,-1523128.4209850782,-1523134.5212840072
S5-1.9,product,[H]c1nc(N([H])c2c([H])c([H])c(F)c(Cl)c2[H])c2c([H])c(N([H])C(=O)[C:91]([H])([H])[C:92]([H])(C([H])([H])N(C([H])([H])[H])C([H])([H])[H])[S:93]C([H])([H])[H])c(O[C@]3([H])C([H])([H])OC([H])([H])C3([H])[H])c([H])c2n1,0,0.0,0.0,0.0,0.0,0.0,0.0,0.0,0.0,0.0,0.0,-1523490.1732210794,155.6457960344851,-1523481.1402443019,-1523486.8068725087
S5-1.10,reactant,[H]c1nc(N([H])c2c([H])c([H])c(F)c(Cl)c2[H])c2c([H])c(N([H])C(=O)/[C:91]([H])=[C:92](\[H])C([H])([H])N(C([H])([H])[H])C([H])([H])[H])c(O[C@]3([H])C([H])([H])OC([H])([H])C3([H])[H])c([H])c2n1,0,0.0,0.0,0.0,0.0,0.0,0.0,0.0,0.0,0.0,0.0,-1248189.4046807592,116.11717506870627,-1248180.9950468845,-1248185.7180700132
S5-1.10,intermediate,[H]c1nc(N([H])c2c([H])c([H])c(F)c(Cl)c2[H])c2c([H])c(N([H])C(=O)[C-:91]([H])[C:92]([H])(C([H])([H])N(C([H])([H])[H])C([H])([H])[H])[S:93]C([H])([H])[H])c(O[C@]3([H])C([H])([H])OC([H])([H])C3([H])[H])c([H])c2n1,-1,0.0,0.0,0.0,0.0,0.0,0.0,0.0,0.0,0.0,0.0,-1523136.1528672175,132.9013652894646,-1523125.059744208,-1523131.8391309015
S5-1.10,product,[H]c1nc(N([H])c2c([H])c([H])c(F)c(Cl)c2[H])c2c([H])c(N([H])C(=O)[C:91]([H])([H])[C:92]([H])(C([H])([H])N(C([H])([H])[H])C([H])([H])[H])[S:93]C([H])([H])[H])c(O[C@]3([H])C([H])([H])OC([H])([H])C3([H])[H])c([H])c2n1,0,0.0,0.0,0.0,0.0,0.0,0.0,0.0,0.0,0.0,0.0,-1523484.6098464977,213.84729857556522,-1523472.809892497,-1523479.464599614
S5-51.1,reactant,[H]c1c(-c2c([H])c([H])c([H])c([H])c2[H])noc1N([H])C(=O)[C:91]([H])=[C:92]([H])[H],0,0.0,0.0,0.0,0.0,0.0,0.0,0.0,0.0,0.0,0.0,-453828.38225302845,55.32418274693191,-453823.5160630859,-453825.98480062565
S5-51.1,intermediate,[H]c1c(-c2c([H])c([H])c([H])c([H])c2[H])noc1N([H])C(=O)[C-:91]([H])[C:92]([H])([H])[S:93]C([H])([H])[H],-1,0.0,0.0,0.0,0.0,0.0,0.0,0.0,0.0,0.0,0.0,-728768.7146094661,26.974778538569808,-728762.6149015789,-728766.1392727301
S5-51.1,product,[H]c1c(-c2c([H])c([H])c([H])c([H])c2[H])noc1N([H])C(=O)[C:91]([H])([H])[C:92]([H])([H])[S:93]C([H])([H])[H],0,0.0,0.0,0.0,0.0,0.0,0.0,0.0,0.0,0.0,0.0,-729131.5736330579,21.927904669195414,-729126.9385899347,-729129.5153341749
S5-51.2,reactant,[H]c1c(-c2c([H])c([H])c([H])c([H])c2[H])noc1N([H])C(=O)[C:91]([H])=[C:92]([H])[H],0,0.0,0.0,0.0,0.0,0.0,0.0,0.0,0.0,0.0,0.0,-453835.4555304374,6.005174385383725,-453832.3605250252,-453834.1386013776
S5-51.2,intermediate,[H]c1c(-c2c([H])c([H])c([H])c([H])c2[H])noc1N([H])C(=O)[C-:91]([H])[C:92]([H])([H])[S:93]C([H])([H])[H],-1,0.0,0.0,0.0,0.0,0.0,0.0,0.0,0.0,0.0,0.0,-728773.9151201311,16.926677076146007,-728768.06379824,-728771.3395057429
S5-51.2,product,[H]c1c(-c2c([H])c([H])c([H])c([H])c2[H])noc1N([H])C(=O)[C:91]([H])([H])[C:92]([H])([H])[S:93]C([H])([H])[H],0,0.0,0.0,0.0,0.0,0.0,0.0,0.0,0.0,0.0,0.0,-729126.0682740378,55.46747136302292,-729120.9234697481,-729123.4523231097
S5-51.3,reactant,[H]c1c(-c2c([H])c([H])c([H])c([H])c2[H])noc1N([H])C(=O)[C:91]([H])=[C:92]([H])[H],0,0.0,0.0,0.0,0.0,0.0,0.0,0.0,0.0,0.0,0.0,-453828.3416965661,48.732486728578806,-453823.7049737846,-453825.9613101511
S5-51.3,intermediate,[H]c1c(-c2c([H])c([H])c([H])c([H])c2[H])noc1N([H])C(=O)[C-:91]([H])[C:92]([H])([H])[S:93]C([H])([H])[H],-1,0.0,0.0,0.0,0.0,0.0,0.0,0.0,0.0,0.0,0.0,-728777.6158004204,19.08460489846766,-728773.2902542647,-728775.595553632
S5-51.3,product,[H]c1c(-c2c([H])c([H])c([H])c([H])c2[H])noc1N([H])C(=O)[C:91]([H])([H])[C:92]([H])([H])[S:93]C([H])([H])[H],0,0.0,0.0,0.0,0.0,0.0,0.0,0.0,0.0,0.0,0.0,-729124.0034791932,17.097723888233304,-729118.8487866371,-729122.2069211017
S5-51.4,reactant,[H]c1c(-c2c([H])c([H])c([H])c([H])c2[H])noc1N([H])C(=O)[C:91]([H])=[C:92]([H])[H],0,0.0,0.0,0.0,0.0,0.0,0.0,0.0,0.0,0.0,0.0,-453828.3941728292,48.87948603183031,-453823.181783599,-453825.9706541093
S5-51.4,intermediate,[H]c1c(-c2c([H])c([H])c([H])c([H])c2[H])noc1N([H])C(=O)[C-:91]([H])[C:92]([H])([H])[S:93]C([H])([H])[H],-1,0.0,0.0,0.0,0.0,0.0,0.0,0.0,0.0,0.0,0.0,-728768.6498477809,38.902229787781835,-728762.9032859842,-728765.77756753
S5-51.4,product,[H]c1c(-c2c([H])c([H])c([H])c([H])c2[H])noc1N([H])C(=O)[C:91]([H])([H])[C:92]([H])([H])[S:93]C([H])([H])[H],0,0.0,0.0,0.0,0.0,0.0,0.0,0.0,0.0,0.0,0.0,-729131.6012828171,29.559636829420924,-729126.3685425064,-729129.3977498485
S5-52.1,reactant,[H]c1sc(N([H])C(=O)[C:91]([H])=[C:92]([H])[H])nc1-c1c([H])c([H])c([H])c([H])c1[H],0,0.0,0.0,0.0,0.0,0.0,0.0,0.0,0.0,0.0,0.0,-656520.7570713003,13.451164919883013,-656517.5185142099,-656518.4322758013
S5-52.1,intermediate,[H]c1sc(N([H])C(=O)[C-:91]([H])[C:92]([H])([H])[S:93]C([H])([H])[H])nc1-c1c([H])c([H])c([H])c([H])c1[H],-1,0.0,0.0,0.0,0.0,0.0,0.0,0.0,0.0,0.0,0.0,-931463.3117599589,23.304720045998693,-931457.3765898567,-931460.0249573647
S5-52.1,product,[H]c1sc(N([H])C(=O)[C:91]([H])([H])[C:92]([H])([H])[S:93]C([H])([H])[H])nc1-c1c([H])c([H])c([H])c([H])c1[H],0,0.0,0.0,0.0,0.0,0.0,0.0,0.0,0.0,0.0,0.0,-931816.4515495342,17.275025131180882,-931810.6796554116,-931813.416772654
S5-52.2,reactant,[H]c1sc(N([H])C(=O)[C:91]([H])=[C:92]([H])[H])nc1-c1c([H])c([H])c([H])c([H])c1[H],0,0.0,0.0,0.0,0.0,0.0,0.0,0.0,0.0,0.0,0.0,-656520.7477672031,15.126591954380274,-656515.9367585707,-656518.4366989931
S5-52.2,intermediate,[H]c1sc(N([H])C(=O)[C-:91]([H])[C:92]([H])([H])[S:93]C([H])([H])[H])nc1-c1c([H])c([H])c([H])c([H])c1[H],-1,0.0,0.0,0.0,0.0,0.0,0.0,0.0,0.0,0.0,0.0,-931460.3657383112,28.010124688968062,-931454.2227304281,-931457.0385524437
S5-52.2,product,[H]c1sc(N([H])C(=O)[C:91]([H])([H])[C:92]([H])([H])[S:93]C([H])([H])[H])nc1-c1c([H])c([H])c([H])c([H])c1[H],0,0.0,0.0,0.0,0.0,0.0,0.0,0.0,0.0,0.0,0.0,-931816.4135029376,31.124680364504457,-931812.2729666049,-931813.2982179197
S5-52.3,reactant,[H]c1sc(N([H])C(=O)[C:91]([H])=[C:92]([H])[H])nc1-c1c([H])c([H])c([H])c([H])c1[H],0,0.0,0.0,0.0,0.0,0.0,0.0,0.0,0.0,0.0,0.0,-656519.257660152,16.030401488766074,-656514.615477794,-656516.7969222941
S5-52.3,intermediate,[H]c1sc(N([H])C(=O)[C-:91]([H])[C:92]([H])([H])[S:93]C([H])([H])[H])nc1-c1c([H])c([H])c([H])c([H])c1[H],-1,0.0,0.0,0.0,0.0,0.0,0.0,0.0,0.0,0.0,0.0,-931459.9725003447,25.39687753468752,-931454.0463800544,-931456.7020324961
S5-52.3,product,[H]c1sc(N([H])C(=O)[C:91]([H])([H])[C:92]([H])([H])[S:93]C([H])([H])[H])nc1-c1c([H])c([H])c([H])c([H])c1[H],0,0.0,0.0,0.0,0.0,0.0,0.0,0.0,0.0,0.0,0.0,-931815.7272347027,18.901284052059054,-931811.907576328,-931813.3259006673
S5-52.4,reactant,[H]c1sc(N([H])C(=O)[C:91]([H])=[C:92]([H])[H])nc1-c1c([H])c([H])c([H])c([H])c1[H],0,0.0,0.0,0.0,0.0,0.0,0.0,0.0,0.0,0.0,0.0,-656520.6970915556,14.942713199183345,-656515.6806313016,-656518.393430611
S5-52.4,intermediate,[H]c1sc(N([H])C(=O)[C-:91]([H])[C:92]([H])([H])[S:93]C([H])([H])[H])nc1-c1c([H])c([H])c([H])c([H])c1[H],-1,0.0,0.0,0.0,0.0,0.0,0.0,0.0,0.0,0.0,0.0,-931460.0364318223,33.79724941030145,-931454.7118656109,-931456.7333714557
S5-52.4,product,[H]c1sc(N([H])C(=O)[C:91]([H])([H])[C:92]([H])([H])[S:93]C([H])([H])[H])nc1-c1c([H])c([H])c([H])c([H])c1[H],0,0.0,0.0,0.0,0.0,0.0,0.0,0.0,0.0,0.0,0.0,-931815.7144682002,27.675831403583288,-931810.3201865487,-931813.2977175959
S5-52.5,reactant,[H]c1sc(N([H])C(=O)[C:91]([H])=[C:92]([H])[H])nc1-c1c([H])c([H])c([H])c([H])c1[H],0,0.0,0.0,0.0,0.0,0.0,0.0,0.0,0.0,0.0,0.0,-656511.2568594998,46.76297310180962,-656507.1530007459,-656509.0736611176
S5-52.5,intermediate,[H]c1sc(N([H])C(=O)[C-:91]([H])[C:92]([H])([H])[S:93]C([H])([H])[H])nc1-c1c([H])c([H])c([H])c([H])c1[H],-1,0.0,0.0,0.0,0.0,0.0,0.0,0.0,0.0,0.0,0.0,-931460.4432225144,32.16202483139932,-931454.398410038,-931457.1252184121
S5-52.5,product,[H]c1sc(N([H])C(=O)[C:91]([H])([H])[C:92]([H])([H])[S:93]C([H])([H])[H])nc1-c1c([H])c([H])c([H])c([H])c1[H],0,0.0,0.0,0.0,0.0,0.0,0.0,0.0,0.0,0.0,0.0,-931815.6590037397,21.25802825950086,-931811.1362970417,-931813.2659442894
S5-52.6,reactant,[H]c1sc(N([H])C(=O)[C:91]([H])=[C:92]([H])[H])nc1-c1c([H])c([H])c([H])c([H])c1[H],0,0.0,0.0,0.0,0.0,0.0,0.0,0.0,0.0,0.0,0.0,-656520.7948031328,17.405674757435918,-656516.5149486305,-656518.408324864
S5-52.6,intermediate,[H]c1sc(N([H])C(=O)[C-:91]([H])[C:92]([H])([H])[S:93]C([H])([H])[H])nc1-c1c([H])c([H])c([H])c([H])c1[H],-1,0.0,0.0,0.0,0.0,0.0,0.0,0.0,0.0,0.0,0.0,-931450.0855094275,27.142420353367925,-931445.2728018935,-931447.6920816068
S5-52.6,product,[H]c1sc(N([H])C(=O)[C:91]([H])([H])[C:92]([H])([H])[S:93]C([H])([H])[H])nc1-c1c([H])c([H])c([H])c([H])c1[H],0,0.0,0.0,0.0,0.0,0.0,0.0,0.0,0.0,0.0,0.0,-931815.7008385018,18.941543333232403,-931809.9117024534,-931813.2905646159
S5-36.1,reactant,[H]O[C@]([H])(c1c([H])c([H])c([H])c(OC([H])([H])[H])c1[H])C(N([H])C(=O)[C:91]([H])=[C:92]([H])[H])(C([H])([H])[H])C([H])([H])[H],0,0.0,0.0,0.0,0.0,0.0,0.0,0.0,0.0,0.0,0.0,-517908.89507198206,20.75955623947084,-517905.03490112955,-517907.8888027301
S5-36.1,intermediate,[H]O[C@]([H])(c1c([H])c([H])c([H])c(OC([H])([H])[H])c1[H])C(N([H])C(=O)[C-:91]([H])[C:92]([H])([H])[S:93]C([H])([H])[H])(C([H])([H])[H])C([H])([H])[H],-1,0.0,0.0,0.0,0.0,0.0,0.0,0.0,0.0,0.0,0.0,-792841.8619372046,105.59924349561334,-792825.4609950836,-792829.9501526008
S5-36.1,product,[H]O[C@]([H])(c1c([H])c([H])c([H])c(OC([H])([H])[H])c1[H])C(N([H])C(=O)[C:91]([H])([H])[C:92]([H])([H])[S:93]C([H])([H])[H])(C([H])([H])[H])C([H])([H])[H],0,0.0,0.0,0.0,0.0,0.0,0.0,0.0,0.0,0.0,0.0,-793199.922069895,31.077969666570425,-793195.2119837087,-793198.3639243132
S5-36.2,reactant,[H]O[C@]([H])(c1c([H])c([H])c([H])c(OC([H])([H])[H])c1[H])C(N([H])C(=O)[C:91]([H])=[C:92]([H])[H])(C([H])([H])[H])C([H])([H])[H],0,0.0,0.0,0.0,0.0,0.0,0.0,0.0,0.0,0.0,0.0,-517910.1727063849,16.777051793411374,-517906.1140059723,-517909.2171760082
S5-36.2,intermediate,[H]O[C@]([H])(c1c([H])c([H])c([H])c(OC([H])([H])[H])c1[H])C(N([H])C(=O)[C-:91]([H])[C:92]([H])([H])[S:93]C([H])([H])[H])(C([H])([H])[H])C([H])([H])[H],-1,0.0,0.0,0.0,0.0,0.0,0.0,0.0,0.0,0.0,0.0,-792856.3454848035,121.11692959442735,-792828.0126461638,-792830.6392798285
S5-36.2,product,[H]O[C@]([H])(c1c([H])c([H])c([H])c(OC([H])([H])[H])c1[H])C(N([H])C(=O)[C:91]([H])([H])[C:92]([H])([H])[S:93]C([H])([H])[H])(C([H])([H])[H])C([H])([H])[H],0,0.0,0.0,0.0,0.0,0.0,0.0,0.0,0.0,0.0,0.0,-793203.8642581037,34.789490189403296,-793198.741679734,-793202.3318214649
S5-36.3,reactant,[H]O[C@]([H])(c1c([H])c([H])c([H])c(OC([H])([H])[H])c1[H])C(N([H])C(=O)[C:91]([H])=[C:92]([H])[H])(C([H])([H])[H])C([H])([H])[H],0,0.0,0.0,0.0,0.0,0.0,0.0,0.0,0.0,0.0,0.0,-517910.14045474684,20.854079507291317,-517905.7599801918,-517909.19391370326
S5-36.3,intermediate,[H]O[C@]([H])(c1c([H])c([H])c([H])c(OC([H])([H])[H])c1[H])C(N([H])C(=O)[C-:91]([H])[C:92]([H])([H])[S:93]C([H])([H])[H])(C([H])([H])[H])C([H])([H])[H],-1,0.0,0.0,0.0,0.0,0.0,0.0,0.0,0.0,0.0,0.0,-792845.8752373613,55.926203075796366,-792840.4967901316,-792843.548940891
S5-36.3,product,[H]O[C@]([H])(c1c([H])c([H])c([H])c(OC([H])([H])[H])c1[H])C(N([H])C(=O)[C:91]([H])([H])[C:92]([H])([H])[S:93]C([H])([H])[H])(C([H])([H])[H])C([H])([H])[H],0,0.0,0.0,0.0,0.0,0.0,0.0,0.0,0.0,0.0,0.0,-793202.9585896612,22.21716625057161,-793198.2752570498,-793201.5210660856
S5-36.4,reactant,[H]O[C@]([H])(c1c([H])c([H])c([H])c(OC([H])([H])[H])c1[H])C(N([H])C(=O)[C:91]([H])=[C:92]([H])[H])(C([H])([H])[H])C([H])([H])[H],0,0.0,0.0,0.0,0.0,0.0,0.0,0.0,0.0,0.0,0.0,-517910.14920766326,19.06999927945435,-517906.87161432486,-517909.2041208574
S5-36.4,intermediate,[H]O[C@]([H])(c1c([H])c([H])c([H])c(OC([H])([H])[H])c1[H])C(N([H])C(=O)[C-:91]([H])[C:92]([H])([H])[S:93]C([H])([H])[H])(C([H])([H])[H])C([H])([H])[H],-1,0.0,0.0,0.0,0.0,0.0,0.0,0.0,0.0,0.0,0.0,-792845.06309647,29.82197563536465,-792840.0738846167,-792842.5507235525
S5-36.4,product,[H]O[C@]([H])(c1c([H])c([H])c([H])c(OC([H])([H])[H])c1[H])C(N([H])C(=O)[C:91]([H])([H])[C:92]([H])([H])[S:93]C([H])([H])[H])(C([H])([H])[H])C([H])([H])[H],0,0.0,0.0,0.0,0.0,0.0,0.0,0.0,0.0,0.0,0.0,-793206.1417757582,22.53028304502368,-793200.9229757864,-793204.971298605
S5-36.5,reactant,[H]O[C@]([H])(c1c([H])c([H])c([H])c(OC([H])([H])[H])c1[H])C(N([H])C(=O)[C:91]([H])=[C:92]([H])[H])(C([H])([H])[H])C([H])([H])[H],0,0.0,0.0,0.0,0.0,0.0,0.0,0.0,0.0,0.0,0.0,-517909.7720845198,21.30882205441594,-517906.0505858145,-517908.86019776785
S5-36.5,intermediate,[H]O[C@]([H])(c1c([H])c([H])c([H])c(OC([H])([H])[H])c1[H])C(N([H])C(=O)[C-:91]([H])[C:92]([H])([H])[S:93]C([H])([H])[H])(C([H])([H])[H])C([H])([H])[H],-1,0.0,0.0,0.0,0.0,0.0,0.0,0.0,0.0,0.0,0.0,-792848.1844238592,43.165388479828835,-792842.1825072712,-792845.5410870789
S5-36.5,product,[H]O[C@]([H])(c1c([H])c([H])c([H])c(OC([H])([H])[H])c1[H])C(N([H])C(=O)[C:91]([H])([H])[C:92]([H])([H])[S:93]C([H])([H])[H])(C([H])([H])[H])C([H])([H])[H],0,0.0,0.0,0.0,0.0,0.0,0.0,0.0,0.0,0.0,0.0,-793205.0728863167,19.44426620565355,-793200.3322913783,-793203.6682301622
S5-36.6,reactant,[H]O[C@]([H])(c1c([H])c([H])c([H])c(OC([H])([H])[H])c1[H])C(N([H])C(=O)[C:91]([H])=[C:92]([H])[H])(C([H])([H])[H])C([H])([H])[H],0,0.0,0.0,0.0,0.0,0.0,0.0,0.0,0.0,0.0,0.0,-517907.24912783084,31.778428826481104,-517903.1462697245,-517905.8244917151
S5-36.6,intermediate,[H]O[C@]([H])(c1c([H])c([H])c([H])c(OC([H])([H])[H])c1[H])C(N([H])C(=O)[C-:91]([H])[C:92]([H])([H])[S:93]C([H])([H])[H])(C([H])([H])[H])C([H])([H])[H],-1,0.0,0.0,0.0,0.0,0.0,0.0,0.0,0.0,0.0,0.0,-792845.167856564,30.87776824273169,-792840.2291004359,-792842.4720022852
S5-36.6,product,[H]O[C@]([H])(c1c([H])c([H])c([H])c(OC([H])([H])[H])c1[H])C(N([H])C(=O)[C:91]([H])([H])[C:92]([H])([H])[S:93]C([H])([H])[H])(C([H])([H])[H])C([H])([H])[H],0,0.0,0.0,0.0,0.0,0.0,0.0,0.0,0.0,0.0,0.0,-793206.172075584,30.65042475424707,-793201.7780125659,-793204.989860066
S5-36.7,reactant,[H]O[C@]([H])(c1c([H])c([H])c([H])c(OC([H])([H])[H])c1[H])C(N([H])C(=O)[C:91]([H])=[C:92]([H])[H])(C([H])([H])[H])C([H])([H])[H],0,0.0,0.0,0.0,0.0,0.0,0.0,0.0,0.0,0.0,0.0,-517909.6507615106,27.20635698735714,-517905.6359246453,-517908.32010928536
S5-36.7,intermediate,[H]O[C@]([H])(c1c([H])c([H])c([H])c(OC([H])([H])[H])c1[H])C(N([H])C(=O)[C-:91]([H])[C:92]([H])([H])[S:93]C([H])([H])[H])(C([H])([H])[H])C([H])([H])[H],-1,0.0,0.0,0.0,0.0,0.0,0.0,0.0,0.0,0.0,0.0,-792855.2544931484,131.81708175875247,-792826.8444946912,-792829.6247002542
S5-36.7,product,[H]O[C@]([H])(c1c([H])c([H])c([H])c(OC([H])([H])[H])c1[H])C(N([H])C(=O)[C:91]([H])([H])[C:92]([H])([H])[S:93]C([H])([H])[H])(C([H])([H])[H])C([H])([H])[H],0,0.0,0.0,0.0,0.0,0.0,0.0,0.0,0.0,0.0,0.0,-793206.1421661207,23.842028830200434,-793201.2179523692,-793204.9040902818
S5-36.8,reactant,[H]O[C@]([H])(c1c([H])c([H])c([H])c(OC([H])([H])[H])c1[H])C(N([H])C(=O)[C:91]([H])=[C:92]([H])[H])(C([H])([H])[H])C([H])([H])[H],0,0.0,0.0,0.0,0.0,0.0,0.0,0.0,0.0,0.0,0.0,-517909.49140565,27.22365070693195,-517904.34684327507,-517908.09963970445
S5-36.8,intermediate,[H]O[C@]([H])(c1c([H])c([H])c([H])c(OC([H])([H])[H])c1[H])C(N([H])C(=O)[C-:91]([H])[C:92]([H])([H])[S:93]C([H])([H])[H])(C([H])([H])[H])C([H])([H])[H],-1,0.0,0.0,0.0,0.0,0.0,0.0,0.0,0.0,0.0,0.0,-792845.7718407868,145.2982025500387,-792820.6056445724,-792824.1928558357
S5-36.8,product,[H]O[C@]([H])(c1c([H])c([H])c([H])c(OC([H])([H])[H])c1[H])C(N([H])C(=O)[C:91]([H])([H])[C:92]([H])([H])[S:93]C([H])([H])[H])(C([H])([H])[H])C([H])([H])[H],0,0.0,0.0,0.0,0.0,0.0,0.0,0.0,0.0,0.0,0.0,-793207.2225245219,52.49839147925377,-793203.3702351428,-793205.3880078027
S5-36.9,reactant,[H]O[C@]([H])(c1c([H])c([H])c([H])c(OC([H])([H])[H])c1[H])C(N([H])C(=O)[C:91]([H])=[C:92]([H])[H])(C([H])([H])[H])C([H])([H])[H],0,0.0,0.0,0.0,0.0,0.0,0.0,0.0,0.0,0.0,0.0,-517910.1234107512,21.086789732798934,-517906.10936010897,-517909.17108849436
S5-36.9,intermediate,[H]O[C@]([H])(c1c([H])c([H])c([H])c(OC([H])([H])[H])c1[H])C(N([H])C(=O)[C-:91]([H])[C:92]([H])([H])[S:93]C([H])([H])[H])(C([H])([H])[H])C([H])([H])[H],-1,0.0,0.0,0.0,0.0,0.0,0.0,0.0,0.0,0.0,0.0,-792847.8340213024,78.08728638850152,-792840.8578589308,-792844.7716881301
S5-36.9,product,[H]O[C@]([H])(c1c([H])c([H])c([H])c(OC([H])([H])[H])c1[H])C(N([H])C(=O)[C:91]([H])([H])[C:92]([H])([H])[S:93]C([H])([H])[H])(C([H])([H])[H])C([H])([H])[H],0,0.0,0.0,0.0,0.0,0.0,0.0,0.0,0.0,0.0,0.0,-793206.7429999532,49.87448378652334,-793201.7593741321,-793205.209122822
S5-36.10,reactant,[H]O[C@]([H])(c1c([H])c([H])c([H])c(OC([H])([H])[H])c1[H])C(N([H])C(=O)[C:91]([H])=[C:92]([H])[H])(C([H])([H])[H])C([H])([H])[H],0,0.0,0.0,0.0,0.0,0.0,0.0,0.0,0.0,0.0,0.0,-517909.33621182316,45.407611986622214,-517904.1409435614,-517907.4795104195
S5-36.10,intermediate,[H]O[C@]([H])(c1c([H])c([H])c([H])c(OC([H])([H])[H])c1[H])C(N([H])C(=O)[C-:91]([H])[C:92]([H])([H])[S:93]C([H])([H])[H])(C([H])([H])[H])C([H])([H])[H],-1,0.0,0.0,0.0,0.0,0.0,0.0,0.0,0.0,0.0,0.0,-792840.182575826,56.070978140458465,-792832.1293483931,-792836.4837428858
S5-36.10,product,[H]O[C@]([H])(c1c([H])c([H])c([H])c(OC([H])([H])[H])c1[H])C(N([H])C(=O)[C:91]([H])([H])[C:92]([H])([H])[S:93]C([H])([H])[H])(C([H])([H])[H])C([H])([H])[H],0,0.0,0.0,0.0,0.0,0.0,0.0,0.0,0.0,0.0,0.0,-793209.2430572094,63.29417816363275,-793204.1171085271,-793207.7298912818
S5-24.1,reactant,[H]c1nc(N([H])c2c([H])c([H])c([H])c(Cl)c2F)c2c([H])c(OC3([H])C([H])([H])C([H])([H])N(C(=O)[C:91]([H])=[C:92]([H])[H])C([H])([H])C3([H])[H])c(OC([H])([H])[H])c([H])c2n1,0,0.0,0.0,0.0,0.0,0.0,0.0,0.0,0.0,0.0,0.0,-1188790.6413168337,171.69099862501025,-1188780.1030088684,-1188784.790025182
S5-24.1,intermediate,[H]c1nc(N([H])c2c([H])c([H])c([H])c(Cl)c2F)c2c([H])c(OC3([H])C([H])([H])C([H])([H])N(C(=O)[C-:91]([H])[C:92]([H])([H])[S:93]C([H])([H])[H])C([H])([H])C3([H])[H])c(OC([H])([H])[H])c([H])c2n1,-1,0.0,0.0,0.0,0.0,0.0,0.0,0.0,0.0,0.0,0.0,-1463725.8618573602,53.49324181675911,-1463714.9135093477,-1463721.8377260193
S5-24.1,product,[H]c1nc(N([H])c2c([H])c([H])c([H])c(Cl)c2F)c2c([H])c(OC3([H])C([H])([H])C([H])([H])N(C(=O)[C:91]([H])([H])[C:92]([H])([H])[S:93]C([H])([H])[H])C([H])([H])C3([H])[H])c(OC([H])([H])[H])c([H])c2n1,0,0.0,0.0,0.0,0.0,0.0,0.0,0.0,0.0,0.0,0.0,-1464086.2085190306,106.62117885425687,-1464074.1067268644,-1464081.3596507357
S5-24.2,reactant,[H]c1nc(N([H])c2c([H])c([H])c([H])c(Cl)c2F)c2c([H])c(OC3([H])C([H])([H])C([H])([H])N(C(=O)[C:91]([H])=[C:92]([H])[H])C([H])([H])C3([H])[H])c(OC([H])([H])[H])c([H])c2n1,0,0.0,0.0,0.0,0.0,0.0,0.0,0.0,0.0,0.0,0.0,-1188790.0175010974,150.55728904530406,-1188776.4557642543,-1188782.9743943096
S5-24.2,intermediate,[H]c1nc(N([H])c2c([H])c([H])c([H])c(Cl)c2F)c2c([H])c(OC3([H])C([H])([H])C([H])([H])N(C(=O)[C-:91]([H])[C:92]([H])([H])[S:93]C([H])([H])[H])C([H])([H])C3([H])[H])c(OC([H])([H])[H])c([H])c2n1,-1,0.0,0.0,0.0,0.0,0.0,0.0,0.0,0.0,0.0,0.0,-1463727.6844707727,159.13589445501566,-1463716.0671899184,-1463721.4254042758
S5-24.2,product,[H]c1nc(N([H])c2c([H])c([H])c([H])c(Cl)c2F)c2c([H])c(OC3([H])C([H])([H])C([H])([H])N(C(=O)[C:91]([H])([H])[C:92]([H])([H])[S:93]C([H])([H])[H])C([H])([H])C3([H])[H])c(OC([H])([H])[H])c([H])c2n1,0,0.0,0.0,0.0,0.0,0.0,0.0,0.0,0.0,0.0,0.0,-1464089.6309203547,121.06295844167471,-1464079.8037263714,-1464086.24610379
S5-24.3,reactant,[H]c1nc(N([H])c2c([H])c([H])c([H])c(Cl)c2F)c2c([H])c(OC3([H])C([H])([H])C([H])([H])N(C(=O)[C:91]([H])=[C:92]([H])[H])C([H])([H])C3([H])[H])c(OC([H])([H])[H])c([H])c2n1,0,0.0,0.0,0.0,0.0,0.0,0.0,0.0,0.0,0.0,0.0,-1188797.9903825852,53.23081072419882,-1188789.3780928543,-1188795.235492854
S5-24.3,intermediate,[H]c1nc(N([H])c2c([H])c([H])c([H])c(Cl)c2F)c2c([H])c(OC3([H])C([H])([H])C([H])([H])N(C(=O)[C-:91]([H])[C:92]([H])([H])[S:93]C([H])([H])[H])C([H])([H])C3([H])[H])c(OC([H])([H])[H])c([H])c2n1,-1,0.0,0.0,0.0,0.0,0.0,0.0,0.0,0.0,0.0,0.0,-1463724.3051247806,152.28768519870937,-1463711.2950910784,-1463717.8015154337
S5-24.3,product,[H]c1nc(N([H])c2c([H])c([H])c([H])c(Cl)c2F)c2c([H])c(OC3([H])C([H])([H])C([H])([H])N(C(=O)[C:91]([H])([H])[C:92]([H])([H])[S:93]C([H])([H])[H])C([H])([H])C3([H])[H])c(OC([H])([H])[H])c([H])c2n1,0,0.0,0.0,0.0,0.0,0.0,0.0,0.0,0.0,0.0,0.0,-1464085.4527937646,152.66168480552733,-1464075.0656990285,-1464080.226345987
S5-24.4,reactant,[H]c1nc(N([H])c2c([H])c([H])c([H])c(Cl)c2F)c2c([H])c(OC3([H])C([H])([H])C([H])([H])N(C(=O)[C:91]([H])=[C:92]([H])[H])C([H])([H])C3([H])[H])c(OC([H])([H])[H])c([H])c2n1,0,0.0,0.0,0.0,0.0,0.0,0.0,0.0,0.0,0.0,0.0,-1188794.2261336904,102.17242490872741,-1188786.2743372745,-1188791.386166931
S5-24.4,intermediate,[H]c1nc(N([H])c2c([H])c([H])c([H])c(Cl)c2F)c2c([H])c(OC3([H])C([H])([H])C([H])([H])N(C(=O)[C-:91]([H])[C:92]([H])([H])[S:93]C([H])([H])[H])C([H])([H])C3([H])[H])c(OC([H])([H])[H])c([H])c2n1,-1,0.0,0.0,0.0,0.0,0.0,0.0,0.0,0.0,0.0,0.0,-1463719.7528440012,144.60286844335496,-1463709.0743684156,-1463712.0581342664
S5-24.4,product,[H]c1nc(N([H])c2c([H])c([H])c([H])c(Cl)c2F)c2c([H])c(OC3([H])C([H])([H])C([H])([H])N(C(=O)[C:91]([H])([H])[C:92]([H])([H])[S:93]C([H])([H])[H])C([H])([H])C3([H])[H])c(OC([H])([H])[H])c([H])c2n1,0,0.0,0.0,0.0,0.0,0.0,0.0,0.0,0.0,0.0,0.0,-1464094.383374615,376.62334223277867,-1464077.1581023969,-1464083.981017256
S5-24.5,reactant,[H]c1nc(N([H])c2c([H])c([H])c([H])c(Cl)c2F)c2c([H])c(OC3([H])C([H])([H])C([H])([H])N(C(=O)[C:91]([H])=[C:92]([H])[H])C([H])([H])C3([H])[H])c(OC([H])([H])[H])c([H])c2n1,0,0.0,0.0,0.0,0.0,0.0,0.0,0.0,0.0,0.0,0.0,-1188789.2258130007,70.49019077047706,-1188777.793344039,-1188785.305924936
S5-24.5,intermediate,[H]c1nc(N([H])c2c([H])c([H])c([H])c(Cl)c2F)c2c([H])c(OC3([H])C([H])([H])C([H])([H])N(C(=O)[C-:91]([H])[C:92]([H])([H])[S:93]C([H])([H])[H])C([H])([H])C3([H])[H])c(OC([H])([H])[H])c([H])c2n1,-1,0.0,0.0,0.0,0.0,0.0,0.0,0.0,0.0,0.0,0.0,-1463727.6426854932,188.7204965390265,-1463717.8929097364,-1463721.5710534651
S5-24.5,product,[H]c1nc(N([H])c2c([H])c([H])c([H])c(Cl)c2F)c2c([H])c(OC3([H])C([H])([H])C([H])([H])N(C(=O)[C:91]([H])([H])[C:92]([H])([H])[S:93]C([H])([H])[H])C([H])([H])C3([H])[H])c(OC([H])([H])[H])c([H])c2n1,0,0.0,0.0,0.0,0.0,0.0,0.0,0.0,0.0,0.0,0.0,-1464087.6858210927,168.6455662343651,-1464075.3434446817,-1464081.5151854425
S5-24.6,reactant,[H]c1nc(N([H])c2c([H])c([H])c([H])c(Cl)c2F)c2c([H])c(OC3([H])C([H])([H])C([H])([H])N(C(=O)[C:91]([H])=[C:92]([H])[H])C([H])([H])C3([H])[H])c(OC([H])([H])[H])c([H])c2n1,0,0.0,0.0,0.0,0.0,0.0,0.0,0.0,0.0,0.0,0.0,-1188791.6430776739,87.59792522341013,-1188782.2308197632,-1188787.7006832878
S5-24.6,intermediate,[H]c1nc(N([H])c2c([H])c([H])c([H])c(Cl)c2F)c2c([H])c(OC3([H])C([H])([H])C([H])([H])N(C(=O)[C-:91]([H])[C:92]([H])([H])[S:93]C([H])([H])[H])C([H])([H])C3([H])[H])c(OC([H])([H])[H])c([H])c2n1,-1,0.0,0.0,0.0,0.0,0.0,0.0,0.0,0.0,0.0,0.0,-1463721.5479670982,127.64263639040291,-1463709.2761143425,-1463713.1551682928
S5-24.6,product,[H]c1nc(N([H])c2c([H])c([H])c([H])c(Cl)c2F)c2c([H])c(OC3([H])C([H])([H])C([H])([H])N(C(=O)[C:91]([H])([H])[C:92]([H])([H])[S:93]C([H])([H])[H])C([H])([H])C3([H])[H])c(OC([H])([H])[H])c([H])c2n1,0,0.0,0.0,0.0,0.0,0.0,0.0,0.0,0.0,0.0,0.0,-1464090.352876517,141.5080857425928,-1464079.3375565982,-1464086.2402318586
S5-24.7,reactant,[H]c1nc(N([H])c2c([H])c([H])c([H])c(Cl)c2F)c2c([H])c(OC3([H])C([H])([H])C([H])([H])N(C(=O)[C:91]([H])=[C:92]([H])[H])C([H])([H])C3([H])[H])c(OC([H])([H])[H])c([H])c2n1,0,0.0,0.0,0.0,0.0,0.0,0.0,0.0,0.0,0.0,0.0,-1188793.0180470366,141.72188303619623,-1188782.310624149,-1188788.5356796274
S5-24.7,intermediate,[H]c1nc(N([H])c2c([H])c([H])c([H])c(Cl)c2F)c2c([H])c(OC3([H])C([H])([H])C([H])([H])N(C(=O)[C-:91]([H])[C:92]([H])([H])[S:93]C([H])([H])[H])C([H])([H])C3([H])[H])c(OC([H])([H])[H])c([H])c2n1,-1,0.0,0.0,0.0,0.0,0.0,0.0,0.0,0.0,0.0,0.0,-1463745.0883420724,541.0576717033982,-1463707.1310890124,-1463712.8808204427
S5-24.7,product,[H]c1nc(N([H])c2c([H])c([H])c([H])c(Cl)c2F)c2c([H])c(OC3([H])C([H])([H])C([H])([H])N(C(=O)[C:91]([H])([H])[C:92]([H])([H])[S:93]C([H])([H])[H])C([H])([H])C3([H])[H])c(OC([H])([H])[H])c([H])c2n1,0,0.0,0.0,0.0,0.0,0.0,0.0,0.0,0.0,0.0,0.0,-1464090.4801456814,90.41667916998267,-1464080.995398558,-1464087.450295066
S5-24.8,reactant,[H]c1nc(N([H])c2c([H])c([H])c([H])c(Cl)c2F)c2c([H])c(OC3([H])C([H])([H])C([H])([H])N(C(=O)[C:91]([H])=[C:92]([H])[H])C([H])([H])C3([H])[H])c(OC([H])([H])[H])c([H])c2n1,0,0.0,0.0,0.0,0.0,0.0,0.0,0.0,0.0,0.0,0.0,-1188795.0099540588,133.21060236543417,-1188787.0213646046,-1188791.9517636772
S5-24.8,intermediate,[H]c1nc(N([H])c2c([H])c([H])c([H])c(Cl)c2F)c2c([H])c(OC3([H])C([H])([H])C([H])([H])N(C(=O)[C-:91]([H])[C:92]([H])([H])[S:93]C([H])([H])[H])C([H])([H])C3([H])[H])c(OC([H])([H])[H])c([H])c2n1,-1,0.0,0.0,0.0,0.0,0.0,0.0,0.0,0.0,0.0,0.0,-1463721.1974985646,83.77700538747013,-1463712.569399153,-1463716.986207658
S5-24.8,product,[H]c1nc(N([H])c2c([H])c([H])c([H])c(Cl)c2F)c2c([H])c(OC3([H])C([H])([H])C([H])([H])N(C(=O)[C:91]([H])([H])[C:92]([H])([H])[S:93]C([H])([H])[H])C([H])([H])C3([H])[H])c(OC([H])([H])[H])c([H])c2n1,0,0.0,0.0,0.0,0.0,0.0,0.0,0.0,0.0,0.0,0.0,-1464086.36427366,128.26930611021817,-1464074.0493655722,-1464080.597575207
S5-24.9,reactant,[H]c1nc(N([H])c2c([H])c([H])c([H])c(Cl)c2F)c2c([H])c(OC3([H])C([H])([H])C([H])([H])N(C(=O)[C:91]([H])=[C:92]([H])[H])C([H])([H])C3([H])[H])c(OC([H])([H])[H])c([H])c2n1,0,0.0,0.0,0.0,0.0,0.0,0.0,0.0,0.0,0.0,0.0,-1188788.7945779203,154.39045855775476,-1188779.8337357305,-1188784.581731062
S5-24.9,intermediate,[H]c1nc(N([H])c2c([H])c([H])c([H])c(Cl)c2F)c2c([H])c(OC3([H])C([H])([H])C([H])([H])N(C(=O)[C-:91]([H])[C:92]([H])([H])[S:93]C([H])([H])[H])C([H])([H])C3([H])[H])c(OC([H])([H])[H])c([H])c2n1,-1,0.0,0.0,0.0,0.0,0.0,0.0,0.0,0.0,0.0,0.0,-1463730.1100347722,293.8338671345264,-1463716.1804830064,-1463722.6774781835
S5-24.9,product,[H]c1nc(N([H])c2c([H])c([H])c([H])c(Cl)c2F)c2c([H])c(OC3([H])C([H])([H])C([H])([H])N(C(=O)[C:91]([H])([H])[C:92]([H])([H])[S:93]C([H])([H])[H])C([H])([H])C3([H])[H])c(OC([H])([H])[H])c([H])c2n1,0,0.0,0.0,0.0,0.0,0.0,0.0,0.0,0.0,0.0,0.0,-1464090.3410556815,158.7962281163782,-1464080.701367642,-1464085.5990697332
S5-24.10,reactant,[H]c1nc(N([H])c2c([H])c([H])c([H])c(Cl)c2F)c2c([H])c(OC3([H])C([H])([H])C([H])([H])N(C(=O)[C:91]([H])=[C:92]([H])[H])C([H])([H])C3([H])[H])c(OC([H])([H])[H])c([H])c2n1,0,0.0,0.0,0.0,0.0,0.0,0.0,0.0,0.0,0.0,0.0,-1188797.654492166,64.49328551255167,-1188790.7821414727,-1188794.735466008
S5-24.10,intermediate,[H]c1nc(N([H])c2c([H])c([H])c([H])c(Cl)c2F)c2c([H])c(OC3([H])C([H])([H])C([H])([H])N(C(=O)[C-:91]([H])[C:92]([H])([H])[S:93]C([H])([H])[H])C([H])([H])C3([H])[H])c(OC([H])([H])[H])c([H])c2n1,-1,0.0,0.0,0.0,0.0,0.0,0.0,0.0,0.0,0.0,0.0,-1463719.3311425622,94.91074144467711,-1463709.379422948,-1463713.6970134065
S5-24.10,product,[H]c1nc(N([H])c2c([H])c([H])c([H])c(Cl)c2F)c2c([H])c(OC3([H])C([H])([H])C([H])([H])N(C(=O)[C:91]([H])([H])[C:92]([H])([H])[S:93]C([H])([H])[H])C([H])([H])C3([H])[H])c(OC([H])([H])[H])c([H])c2n1,0,0.0,0.0,0.0,0.0,0.0,0.0,0.0,0.0,0.0,0.0,-1464094.2502885,192.4827215988189,-1464082.8987125405,-1464089.5172863868
S5-32.1,reactant,[H]c1c([H])c(S[C@]2([H])C([H])([H])N(C(=O)[C:91]([H])=[C:92]([H])[H])[C@]([H])(C(=O)N([H])C([H])([H])c3c([H])c([H])c(F)c([H])c3[H])C2([H])[H])c([H])c([H])c1F,0,0.0,0.0,0.0,0.0,0.0,0.0,0.0,0.0,0.0,0.0,-1048047.5002900211,161.09378611296415,-1048035.2911096866,-1048041.4337272072
S5-32.1,intermediate,[H]c1c([H])c(S[C@]2([H])C([H])([H])N(C(=O)[C-:91]([H])[C:92]([H])([H])[S:93]C([H])([H])[H])[C@]([H])(C(=O)N([H])C([H])([H])c3c([H])c([H])c(F)c([H])c3[H])C2([H])[H])c([H])c([H])c1F,-1,0.0,0.0,0.0,0.0,0.0,0.0,0.0,0.0,0.0,0.0,-1322991.8028445498,483.11940339393914,-1322965.3441196796,-1322972.3874573861
S5-32.1,product,[H]c1c([H])c(S[C@]2([H])C([H])([H])N(C(=O)[C:91]([H])([H])[C:92]([H])([H])[S:93]C([H])([H])[H])[C@]([H])(C(=O)N([H])C([H])([H])c3c([H])c([H])c(F)c([H])c3[H])C2([H])[H])c([H])c([H])c1F,0,0.0,0.0,0.0,0.0,0.0,0.0,0.0,0.0,0.0,0.0,-1323344.5132793824,80.64709295891225,-1323333.4285904013,-1323339.7600828833
S5-32.2,reactant,[H]c1c([H])c(S[C@]2([H])C([H])([H])N(C(=O)[C:91]([H])=[C:92]([H])[H])[C@]([H])(C(=O)N([H])C([H])([H])c3c([H])c([H])c(F)c([H])c3[H])C2([H])[H])c([H])c([H])c1F,0,0.0,0.0,0.0,0.0,0.0,0.0,0.0,0.0,0.0,0.0,-1048047.2491934798,89.53958232328296,-1048036.8114121001,-1048042.9625626146
S5-32.2,intermediate,[H]c1c([H])c(S[C@]2([H])C([H])([H])N(C(=O)[C-:91]([H])[C:92]([H])([H])[S:93]C([H])([H])[H])[C@]([H])(C(=O)N([H])C([H])([H])c3c([H])c([H])c(F)c([H])c3[H])C2([H])[H])c([H])c([H])c1F,-1,0.0,0.0,0.0,0.0,0.0,0.0,0.0,0.0,0.0,0.0,-1322988.3253526336,50.91366529278457,-1322980.1086402948,-1322985.3764225105
S5-32.2,product,[H]c1c([H])c(S[C@]2([H])C([H])([H])N(C(=O)[C:91]([H])([H])[C:92]([H])([H])[S:93]C([H])([H])[H])[C@]([H])(C(=O)N([H])C([H])([H])c3c([H])c([H])c(F)c([H])c3[H])C2([H])[H])c([H])c([H])c1F,0,0.0,0.0,0.0,0.0,0.0,0.0,0.0,0.0,0.0,0.0,-1323349.720373978,166.84006587043405,-1323336.7660136623,-1323343.6804877662
S5-32.3,reactant,[H]c1c([H])c(S[C@]2([H])C([H])([H])N(C(=O)[C:91]([H])=[C:92]([H])[H])[C@]([H])(C(=O)N([H])C([H])([H])c3c([H])c([H])c(F)c([H])c3[H])C2([H])[H])c([H])c([H])c1F,0,0.0,0.0,0.0,0.0,0.0,0.0,0.0,0.0,0.0,0.0,-1048049.5992965632,124.35397001355886,-1048040.2963758841,-1048046.1508454162
S5-32.3,intermediate,[H]c1c([H])c(S[C@]2([H])C([H])([H])N(C(=O)[C-:91]([H])[C:92]([H])([H])[S:93]C([H])([H])[H])[C@]([H])(C(=O)N([H])C([H])([H])c3c([H])c([H])c(F)c([H])c3[H])C2([H])[H])c([H])c([H])c1F,-1,0.0,0.0,0.0,0.0,0.0,0.0,0.0,0.0,0.0,0.0,-1322992.2375873944,89.24354150146246,-1322982.5716516017,-1322988.4823113387
S5-32.3,product,[H]c1c([H])c(S[C@]2([H])C([H])([H])N(C(=O)[C:91]([H])([H])[C:92]([H])([H])[S:93]C([H])([H])[H])[C@]([H])(C(=O)N([H])C([H])([H])c3c([H])c([H])c(F)c([H])c3[H])C2([H])[H])c([H])c([H])c1F,0,0.0,0.0,0.0,0.0,0.0,0.0,0.0,0.0,0.0,0.0,-1323349.8825338506,56.96985298022628,-1323341.2136827954,-1323346.900175504
S5-32.4,reactant,[H]c1c([H])c(S[C@]2([H])C([H])([H])N(C(=O)[C:91]([H])=[C:92]([H])[H])[C@]([H])(C(=O)N([H])C([H])([H])c3c([H])c([H])c(F)c([H])c3[H])C2([H])[H])c([H])c([H])c1F,0,0.0,0.0,0.0,0.0,0.0,0.0,0.0,0.0,0.0,0.0,-1048047.7135708844,91.62293036468327,-1048036.5406269948,-1048043.2834625649
S5-32.4,intermediate,[H]c1c([H])c(S[C@]2([H])C([H])([H])N(C(=O)[C-:91]([H])[C:92]([H])([H])[S:93]C([H])([H])[H])[C@]([H])(C(=O)N([H])C([H])([H])c3c([H])c([H])c(F)c([H])c3[H])C2([H])[H])c([H])c([H])c1F,-1,0.0,0.0,0.0,0.0,0.0,0.0,0.0,0.0,0.0,0.0,-1322991.729995214,97.70749258436263,-1322979.8232028512,-1322984.5386276569
S5-32.4,product,[H]c1c([H])c(S[C@]2([H])C([H])([H])N(C(=O)[C:91]([H])([H])[C:92]([H])([H])[S:93]C([H])([H])[H])[C@]([H])(C(=O)N([H])C([H])([H])c3c([H])c([H])c(F)c([H])c3[H])C2([H])[H])c([H])c([H])c1F,0,0.0,0.0,0.0,0.0,0.0,0.0,0.0,0.0,0.0,0.0,-1323344.7307827582,165.28174410387874,-1323331.7484043133,-1323339.4921952575
S5-32.5,reactant,[H]c1c([H])c(S[C@]2([H])C([H])([H])N(C(=O)[C:91]([H])=[C:92]([H])[H])[C@]([H])(C(=O)N([H])C([H])([H])c3c([H])c([H])c(F)c([H])c3[H])C2([H])[H])c([H])c([H])c1F,0,0.0,0.0,0.0,0.0,0.0,0.0,0.0,0.0,0.0,0.0,-1048046.717970624,64.78389635682106,-1048037.925121752,-1048042.7014870888
S5-32.5,intermediate,[H]c1c([H])c(S[C@]2([H])C([H])([H])N(C(=O)[C-:91]([H])[C:92]([H])([H])[S:93]C([H])([H])[H])[C@]([H])(C(=O)N([H])C([H])([H])c3c([H])c([H])c(F)c([H])c3[H])C2([H])[H])c([H])c([H])c1F,-1,0.0,0.0,0.0,0.0,0.0,0.0,0.0,0.0,0.0,0.0,-1322994.4322492382,90.23360833153129,-1322984.343094541,-1322990.3400078916
S5-32.5,product,[H]c1c([H])c(S[C@]2([H])C([H])([H])N(C(=O)[C:91]([H])([H])[C:92]([H])([H])[S:93]C([H])([H])[H])[C@]([H])(C(=O)N([H])C([H])([H])c3c([H])c([H])c(F)c([H])c3[H])C2([H])[H])c([H])c([H])c1F,0,0.0,0.0,0.0,0.0,0.0,0.0,0.0,0.0,0.0,0.0,-1323349.975813989,64.3532718513161,-1323341.5639533987,-1323347.0985896047
S5-32.6,reactant,[H]c1c([H])c(S[C@]2([H])C([H])([H])N(C(=O)[C:91]([H])=[C:92]([H])[H])[C@]([H])(C(=O)N([H])C([H])([H])c3c([H])c([H])c(F)c([H])c3[H])C2([H])[H])c([H])c([H])c1F,0,0.0,0.0,0.0,0.0,0.0,0.0,0.0,0.0,0.0,0.0,-1048050.5062900389,203.23347298242152,-1048040.3278687894,-1048045.7633914121
S5-32.6,intermediate,[H]c1c([H])c(S[C@]2([H])C([H])([H])N(C(=O)[C-:91]([H])[C:92]([H])([H])[S:93]C([H])([H])[H])[C@]([H])(C(=O)N([H])C([H])([H])c3c([H])c([H])c(F)c([H])c3[H])C2([H])[H])c([H])c([H])c1F,-1,0.0,0.0,0.0,0.0,0.0,0.0,0.0,0.0,0.0,0.0,-1322990.6532875267,204.89507384970784,-1322971.7689912652,-1322978.449852668
S5-32.6,product,[H]c1c([H])c(S[C@]2([H])C([H])([H])N(C(=O)[C:91]([H])([H])[C:92]([H])([H])[S:93]C([H])([H])[H])[C@]([H])(C(=O)N([H])C([H])([H])c3c([H])c([H])c(F)c([H])c3[H])C2([H])[H])c([H])c([H])c1F,0,0.0,0.0,0.0,0.0,0.0,0.0,0.0,0.0,0.0,0.0,-1323346.9314704791,84.82030684314668,-1323334.7928907727,-1323342.741396598
S5-32.7,reactant,[H]c1c([H])c(S[C@]2([H])C([H])([H])N(C(=O)[C:91]([H])=[C:92]([H])[H])[C@]([H])(C(=O)N([H])C([H])([H])c3c([H])c([H])c(F)c([H])c3[H])C2([H])[H])c([H])c([H])c1F,0,0.0,0.0,0.0,0.0,0.0,0.0,0.0,0.0,0.0,0.0,-1048051.9486958946,48.44780324772,-1048045.1382836311,-1048049.7951375705
S5-32.7,intermediate,[H]c1c([H])c(S[C@]2([H])C([H])([H])N(C(=O)[C-:91]([H])[C:92]([H])([H])[S:93]C([H])([H])[H])[C@]([H])(C(=O)N([H])C([H])([H])c3c([H])c([H])c(F)c([H])c3[H])C2([H])[H])c([H])c([H])c1F,-1,0.0,0.0,0.0,0.0,0.0,0.0,0.0,0.0,0.0,0.0,-1322996.3744950055,163.5500166527927,-1322967.3186940579,-1322974.266145544
S5-32.7,product,[H]c1c([H])c(S[C@]2([H])C([H])([H])N(C(=O)[C:91]([H])([H])[C:92]([H])([H])[S:93]C([H])([H])[H])[C@]([H])(C(=O)N([H])C([H])([H])c3c([H])c([H])c(F)c([H])c3[H])C2([H])[H])c([H])c([H])c1F,0,0.0,0.0,0.0,0.0,0.0,0.0,0.0,0.0,0.0,0.0,-1323348.5362671262,137.52348969690502,-1323337.6649799661,-1323344.2094124316
S5-32.8,reactant,[H]c1c([H])c(S[C@]2([H])C([H])([H])N(C(=O)[C:91]([H])=[C:92]([H])[H])[C@]([H])(C(=O)N([H])C([H])([H])c3c([H])c([H])c(F)c([H])c3[H])C2([H])[H])c([H])c([H])c1F,0,0.0,0.0,0.0,0.0,0.0,0.0,0.0,0.0,0.0,0.0,-1048051.8617000423,228.29488264210522,-1048040.285044376,-1048045.385344594
S5-32.8,intermediate,[H]c1c([H])c(S[C@]2([H])C([H])([H])N(C(=O)[C-:91]([H])[C:92]([H])([H])[S:93]C([H])([H])[H])[C@]([H])(C(=O)N([H])C([H])([H])c3c([H])c([H])c(F)c([H])c3[H])C2([H])[H])c([H])c([H])c1F,-1,0.0,0.0,0.0,0.0,0.0,0.0,0.0,0.0,0.0,0.0,-1322983.5458314086,132.34598405472934,-1322969.1621946122,-1322975.6566276918
S5-32.8,product,[H]c1c([H])c(S[C@]2([H])C([H])([H])N(C(=O)[C:91]([H])([H])[C:92]([H])([H])[S:93]C([H])([H])[H])[C@]([H])(C(=O)N([H])C([H])([H])c3c([H])c([H])c(F)c([H])c3[H])C2([H])[H])c([H])c([H])c1F,0,0.0,0.0,0.0,0.0,0.0,0.0,0.0,0.0,0.0,0.0,-1323346.1410029526,207.22621290758252,-1323333.7425188078,-1323339.6194314335
S5-32.9,reactant,[H]c1c([H])c(S[C@]2([H])C([H])([H])N(C(=O)[C:91]([H])=[C:92]([H])[H])[C@]([H])(C(=O)N([H])C([H])([H])c3c([H])c([H])c(F)c([H])c3[H])C2([H])[H])c([H])c([H])c1F,0,0.0,0.0,0.0,0.0,0.0,0.0,0.0,0.0,0.0,0.0,-1048052.1919082134,103.38570210523903,-1048044.6192279889,-1048049.746386245
S5-32.9,intermediate,[H]c1c([H])c(S[C@]2([H])C([H])([H])N(C(=O)[C-:91]([H])[C:92]([H])([H])[S:93]C([H])([H])[H])[C@]([H])(C(=O)N([H])C([H])([H])c3c([H])c([H])c(F)c([H])c3[H])C2([H])[H])c([H])c([H])c1F,-1,0.0,0.0,0.0,0.0,0.0,0.0,0.0,0.0,0.0,0.0,-1322994.8300780873,193.61494410596788,-1322966.3225659833,-1322972.5398526988
S5-32.9,product,[H]c1c([H])c(S[C@]2([H])C([H])([H])N(C(=O)[C:91]([H])([H])[C:92]([H])([H])[S:93]C([H])([H])[H])[C@]([H])(C(=O)N([H])C([H])([H])c3c([H])c([H])c(F)c([H])c3[H])C2([H])[H])c([H])c([H])c1F,0,0.0,0.0,0.0,0.0,0.0,0.0,0.0,0.0,0.0,0.0,-1323344.3409810811,46.129868529736996,-1323335.5803343647,-1323341.843870787
S5-32.10,reactant,[H]c1c([H])c(S[C@]2([H])C([H])([H])N(C(=O)[C:91]([H])=[C:92]([H])[H])[C@]([H])(C(=O)N([H])C([H])([H])c3c([H])c([H])c(F)c([H])c3[H])C2([H])[H])c([H])c([H])c1F,0,0.0,0.0,0.0,0.0,0.0,0.0,0.0,0.0,0.0,0.0,-1048054.09469988,65.69671486876905,-1048046.947690696,-1048051.3621735203
S5-32.10,intermediate,[H]c1c([H])c(S[C@]2([H])C([H])([H])N(C(=O)[C-:91]([H])[C:92]([H])([H])[S:93]C([H])([H])[H])[C@]([H])(C(=O)N([H])C([H])([H])c3c([H])c([H])c(F)c([H])c3[H])C2([H])[H])c([H])c([H])c1F,-1,0.0,0.0,0.0,0.0,0.0,0.0,0.0,0.0,0.0,0.0,-1322994.8234584194,159.80570131354034,-1322974.78589944,-1322980.3964309092
S5-32.10,product,[H]c1c([H])c(S[C@]2([H])C([H])([H])N(C(=O)[C:91]([H])([H])[C:92]([H])([H])[S:93]C([H])([H])[H])[C@]([H])(C(=O)N([H])C([H])([H])c3c([H])c([H])c(F)c([H])c3[H])C2([H])[H])c([H])c([H])c1F,0,0.0,0.0,0.0,0.0,0.0,0.0,0.0,0.0,0.0,0.0,-1323349.9635862967,68.71884113363922,-1323341.6653816667,-1323346.9701328587
S5-30.1,reactant,[H]c1c(Cl)c(Cl)c([H])c(N([H])C([H])([H])C(=O)N2C([H])([H])C([H])([H])N(C(=O)[C:91]([H])=[C:92]([H])[H])C([H])([H])C2([H])[H])c1OC([H])([H])[H],0,0.0,0.0,0.0,0.0,0.0,0.0,0.0,0.0,0.0,0.0,-1212018.0353053247,37.74253545328975,-1212011.1377927458,-1212016.0153444358
S5-30.1,intermediate,[H]c1c(Cl)c(Cl)c([H])c(N([H])C([H])([H])C(=O)N2C([H])([H])C([H])([H])N(C(=O)[C-:91]([H])[C:92]([H])([H])[S:93]C([H])([H])[H])C([H])([H])C2([H])[H])c1OC([H])([H])[H],-1,0.0,0.0,0.0,0.0,0.0,0.0,0.0,0.0,0.0,0.0,-1486958.04963455,132.87076531909406,-1486948.7849364055,-1486953.6560223734
S5-30.1,product,[H]c1c(Cl)c(Cl)c([H])c(N([H])C([H])([H])C(=O)N2C([H])([H])C([H])([H])N(C(=O)[C:91]([H])([H])[C:92]([H])([H])[S:93]C([H])([H])[H])C([H])([H])C2([H])[H])c1OC([H])([H])[H],0,0.0,0.0,0.0,0.0,0.0,0.0,0.0,0.0,0.0,0.0,-1487316.689680943,65.40514188818634,-1487309.4399514464,-1487314.1978103027
S5-30.2,reactant,[H]c1c(Cl)c(Cl)c([H])c(N([H])C([H])([H])C(=O)N2C([H])([H])C([H])([H])N(C(=O)[C:91]([H])=[C:92]([H])[H])C([H])([H])C2([H])[H])c1OC([H])([H])[H],0,0.0,0.0,0.0,0.0,0.0,0.0,0.0,0.0,0.0,0.0,-1212017.6223760454,44.993664091452956,-1212010.8640689258,-1212015.2939848132
S5-30.2,intermediate,[H]c1c(Cl)c(Cl)c([H])c(N([H])C([H])([H])C(=O)N2C([H])([H])C([H])([H])N(C(=O)[C-:91]([H])[C:92]([H])([H])[S:93]C([H])([H])[H])C([H])([H])C2([H])[H])c1OC([H])([H])[H],-1,0.0,0.0,0.0,0.0,0.0,0.0,0.0,0.0,0.0,0.0,-1486954.0367907328,54.465816942974925,-1486945.3188089856,-1486950.3609561904
S5-30.2,product,[H]c1c(Cl)c(Cl)c([H])c(N([H])C([H])([H])C(=O)N2C([H])([H])C([H])([H])N(C(=O)[C:91]([H])([H])[C:92]([H])([H])[S:93]C([H])([H])[H])C([H])([H])C2([H])[H])c1OC([H])([H])[H],0,0.0,0.0,0.0,0.0,0.0,0.0,0.0,0.0,0.0,0.0,-1487313.8708184985,127.32873036526144,-1487304.5484016878,-1487308.6086058207
S5-30.3,reactant,[H]c1c(Cl)c(Cl)c([H])c(N([H])C([H])([H])C(=O)N2C([H])([H])C([H])([H])N(C(=O)[C:91]([H])=[C:92]([H])[H])C([H])([H])C2([H])[H])c1OC([H])([H])[H],0,0.0,0.0,0.0,0.0,0.0,0.0,0.0,0.0,0.0,0.0,-1212018.1535219282,42.14733010903001,-1212012.0889081778,-1212016.0731758124
S5-30.3,intermediate,[H]c1c(Cl)c(Cl)c([H])c(N([H])C([H])([H])C(=O)N2C([H])([H])C([H])([H])N(C(=O)[C-:91]([H])[C:92]([H])([H])[S:93]C([H])([H])[H])C([H])([H])C2([H])[H])c1OC([H])([H])[H],-1,0.0,0.0,0.0,0.0,0.0,0.0,0.0,0.0,0.0,0.0,-1486950.730689937,78.50494408793747,-1486942.752818957,-1486947.1512199466
S5-30.3,product,[H]c1c(Cl)c(Cl)c([H])c(N([H])C([H])([H])C(=O)N2C([H])([H])C([H])([H])N(C(=O)[C:91]([H])([H])[C:92]([H])([H])[S:93]C([H])([H])[H])C([H])([H])C2([H])[H])c1OC([H])([H])[H],0,0.0,0.0,0.0,0.0,0.0,0.0,0.0,0.0,0.0,0.0,-1487312.5964774354,84.75114772096276,-1487305.0430294354,-1487309.8921781315
S5-30.4,reactant,[H]c1c(Cl)c(Cl)c([H])c(N([H])C([H])([H])C(=O)N2C([H])([H])C([H])([H])N(C(=O)[C:91]([H])=[C:92]([H])[H])C([H])([H])C2([H])[H])c1OC([H])([H])[H],0,0.0,0.0,0.0,0.0,0.0,0.0,0.0,0.0,0.0,0.0,-1212015.6600486026,95.49206714704633,-1212005.9049974543,-1212010.4112292065
S5-30.4,intermediate,[H]c1c(Cl)c(Cl)c([H])c(N([H])C([H])([H])C(=O)N2C([H])([H])C([H])([H])N(C(=O)[C-:91]([H])[C:92]([H])([H])[S:93]C([H])([H])[H])C([H])([H])C2([H])[H])c1OC([H])([H])[H],-1,0.0,0.0,0.0,0.0,0.0,0.0,0.0,0.0,0.0,0.0,-1486954.833597526,82.60164857655764,-1486946.2137891937,-1486951.1902290464
S5-30.4,product,[H]c1c(Cl)c(Cl)c([H])c(N([H])C([H])([H])C(=O)N2C([H])([H])C([H])([H])N(C(=O)[C:91]([H])([H])[C:92]([H])([H])[S:93]C([H])([H])[H])C([H])([H])C2([H])[H])c1OC([H])([H])[H],0,0.0,0.0,0.0,0.0,0.0,0.0,0.0,0.0,0.0,0.0,-1487316.644283436,67.02866898290813,-1487309.2738824505,-1487314.0775126824
S5-30.5,reactant,[H]c1c(Cl)c(Cl)c([H])c(N([H])C([H])([H])C(=O)N2C([H])([H])C([H])([H])N(C(=O)[C:91]([H])=[C:92]([H])[H])C([H])([H])C2([H])[H])c1OC([H])([H])[H],0,0.0,0.0,0.0,0.0,0.0,0.0,0.0,0.0,0.0,0.0,-1212015.445002861,65.0463739875704,-1212008.0958436423,-1212012.9236213672
S5-30.5,intermediate,[H]c1c(Cl)c(Cl)c([H])c(N([H])C([H])([H])C(=O)N2C([H])([H])C([H])([H])N(C(=O)[C-:91]([H])[C:92]([H])([H])[S:93]C([H])([H])[H])C([H])([H])C2([H])[H])c1OC([H])([H])[H],-1,0.0,0.0,0.0,0.0,0.0,0.0,0.0,0.0,0.0,0.0,-1486954.6793878525,35.19806278310716,-1486947.7995735386,-1486951.670979683
S5-30.5,product,[H]c1c(Cl)c(Cl)c([H])c(N([H])C([H])([H])C(=O)N2C([H])([H])C([H])([H])N(C(=O)[C:91]([H])([H])[C:92]([H])([H])[S:93]C([H])([H])[H])C([H])([H])C2([H])[H])c1OC([H])([H])[H],0,0.0,0.0,0.0,0.0,0.0,0.0,0.0,0.0,0.0,0.0,-1487316.4753279574,273.5943061001599,-1487305.3521415386,-1487309.4457024203
S5-30.6,reactant,[H]c1c(Cl)c(Cl)c([H])c(N([H])C([H])([H])C(=O)N2C([H])([H])C([H])([H])N(C(=O)[C:91]([H])=[C:92]([H])[H])C([H])([H])C2([H])[H])c1OC([H])([H])[H],0,0.0,0.0,0.0,0.0,0.0,0.0,0.0,0.0,0.0,0.0,-1212016.4434978517,74.22094479203224,-1212009.3137305935,-1212013.8005047005
S5-30.6,intermediate,[H]c1c(Cl)c(Cl)c([H])c(N([H])C([H])([H])C(=O)N2C([H])([H])C([H])([H])N(C(=O)[C-:91]([H])[C:92]([H])([H])[S:93]C([H])([H])[H])C([H])([H])C2([H])[H])c1OC([H])([H])[H],-1,0.0,0.0,0.0,0.0,0.0,0.0,0.0,0.0,0.0,0.0,-1486950.5066768546,121.87066302634776,-1486940.3523371215,-1486944.8682262213
S5-30.6,product,[H]c1c(Cl)c(Cl)c([H])c(N([H])C([H])([H])C(=O)N2C([H])([H])C([H])([H])N(C(=O)[C:91]([H])([H])[C:92]([H])([H])[S:93]C([H])([H])[H])C([H])([H])C2([H])[H])c1OC([H])([H])[H],0,0.0,0.0,0.0,0.0,0.0,0.0,0.0,0.0,0.0,0.0,-1487312.2511495908,51.24105182103813,-1487303.778480423,-1487309.5652578021
S5-30.7,reactant,[H]c1c(Cl)c(Cl)c([H])c(N([H])C([H])([H])C(=O)N2C([H])([H])C([H])([H])N(C(=O)[C:91]([H])=[C:92]([H])[H])C([H])([H])C2([H])[H])c1OC([H])([H])[H],0,0.0,0.0,0.0,0.0,0.0,0.0,0.0,0.0,0.0,0.0,-1212016.4792655013,50.75318185612559,-1212009.374151558,-1212014.3028929643
S5-30.7,intermediate,[H]c1c(Cl)c(Cl)c([H])c(N([H])C([H])([H])C(=O)N2C([H])([H])C([H])([H])N(C(=O)[C-:91]([H])[C:92]([H])([H])[S:93]C([H])([H])[H])C([H])([H])C2([H])[H])c1OC([H])([H])[H],-1,0.0,0.0,0.0,0.0,0.0,0.0,0.0,0.0,0.0,0.0,-1486946.2178852507,161.6640677638352,-1486937.1300378034,-1486941.5058802404
S5-30.7,product,[H]c1c(Cl)c(Cl)c([H])c(N([H])C([H])([H])C(=O)N2C([H])([H])C([H])([H])N(C(=O)[C:91]([H])([H])[C:92]([H])([H])[S:93]C([H])([H])[H])C([H])([H])C2([H])[H])c1OC([H])([H])[H],0,0.0,0.0,0.0,0.0,0.0,0.0,0.0,0.0,0.0,0.0,-1487314.0317797936,58.76531486772001,-1487306.5912785036,-1487311.399840498
S5-30.8,reactant,[H]c1c(Cl)c(Cl)c([H])c(N([H])C([H])([H])C(=O)N2C([H])([H])C([H])([H])N(C(=O)[C:91]([H])=[C:92]([H])[H])C([H])([H])C2([H])[H])c1OC([H])([H])[H],0,0.0,0.0,0.0,0.0,0.0,0.0,0.0,0.0,0.0,0.0,-1212015.8464356905,59.581573178991675,-1212009.690064765,-1212013.2348337304
S5-30.8,intermediate,[H]c1c(Cl)c(Cl)c([H])c(N([H])C([H])([H])C(=O)N2C([H])([H])C([H])([H])N(C(=O)[C-:91]([H])[C:92]([H])([H])[S:93]C([H])([H])[H])C([H])([H])C2([H])[H])c1OC([H])([H])[H],-1,0.0,0.0,0.0,0.0,0.0,0.0,0.0,0.0,0.0,0.0,-1486956.7906990598,71.704369911924,-1486946.5173702452,-1486951.4998469711
S5-30.8,product,[H]c1c(Cl)c(Cl)c([H])c(N([H])C([H])([H])C(=O)N2C([H])([H])C([H])([H])N(C(=O)[C:91]([H])([H])[C:92]([H])([H])[S:93]C([H])([H])[H])C([H])([H])C2([H])[H])c1OC([H])([H])[H],0,0.0,0.0,0.0,0.0,0.0,0.0,0.0,0.0,0.0,0.0,-1487313.7109623142,63.40669739060104,-1487305.7081411236,-1487311.3420833452
S5-30.9,reactant,[H]c1c(Cl)c(Cl)c([H])c(N([H])C([H])([H])C(=O)N2C([H])([H])C([H])([H])N(C(=O)[C:91]([H])=[C:92]([H])[H])C([H])([H])C2([H])[H])c1OC([H])([H])[H],0,0.0,0.0,0.0,0.0,0.0,0.0,0.0,0.0,0.0,0.0,-1212016.75497962,55.76515082642436,-1212010.3229742977,-1212014.10755503
S5-30.9,intermediate,[H]c1c(Cl)c(Cl)c([H])c(N([H])C([H])([H])C(=O)N2C([H])([H])C([H])([H])N(C(=O)[C-:91]([H])[C:92]([H])([H])[S:93]C([H])([H])[H])C([H])([H])C2([H])[H])c1OC([H])([H])[H],-1,0.0,0.0,0.0,0.0,0.0,0.0,0.0,0.0,0.0,0.0,-1486951.3799012268,82.9363903272897,-1486942.6871665856,-1486947.9252592607
S5-30.9,product,[H]c1c(Cl)c(Cl)c([H])c(N([H])C([H])([H])C(=O)N2C([H])([H])C([H])([H])N(C(=O)[C:91]([H])([H])[C:92]([H])([H])[S:93]C([H])([H])[H])C([H])([H])C2([H])[H])c1OC([H])([H])[H],0,0.0,0.0,0.0,0.0,0.0,0.0,0.0,0.0,0.0,0.0,-1487312.1543451939,78.94110412150621,-1487304.4106477168,-1487309.231668322
S5-30.10,reactant,[H]c1c(Cl)c(Cl)c([H])c(N([H])C([H])([H])C(=O)N2C([H])([H])C([H])([H])N(C(=O)[C:91]([H])=[C:92]([H])[H])C([H])([H])C2([H])[H])c1OC([H])([H])[H],0,0.0,0.0,0.0,0.0,0.0,0.0,0.0,0.0,0.0,0.0,-1212018.128491996,48.270461520180106,-1212011.1978425907,-1212016.045963149
S5-30.10,intermediate,[H]c1c(Cl)c(Cl)c([H])c(N([H])C([H])([H])C(=O)N2C([H])([H])C([H])([H])N(C(=O)[C-:91]([H])[C:92]([H])([H])[S:93]C([H])([H])[H])C([H])([H])C2([H])[H])c1OC([H])([H])[H],-1,0.0,0.0,0.0,0.0,0.0,0.0,0.0,0.0,0.0,0.0,-1486950.5634883405,104.25978091359138,-1486941.858344571,-1486946.3065635103
S5-30.10,product,[H]c1c(Cl)c(Cl)c([H])c(N([H])C([H])([H])C(=O)N2C([H])([H])C([H])([H])N(C(=O)[C:91]([H])([H])[C:92]([H])([H])[S:93]C([H])([H])[H])C([H])([H])C2([H])[H])c1OC([H])([H])[H],0,0.0,0.0,0.0,0.0,0.0,0.0,0.0,0.0,0.0,0.0,-1487316.5776744017,71.4043333902955,-1487308.1858322592,-1487313.8479245638
S5-27.1,reactant,[H]c1nc2c([H])c(OC([H])([H])[H])c(N([H])C(=O)[C@@]3([H])N(C(=O)[C:91]([H])=[C:92]([H])[H])C([H])([H])C([H])([H])C3([H])[H])c([H])c2c(N([H])c2c([H])c([H])c([H])c(C([H])([H])C([H])([H])[H])c2[H])c1C(=O)N([H])[H],0,0.0,0.0,0.0,0.0,0.0,0.0,0.0,0.0,0.0,0.0,-1017253.8127919597,135.08311277627945,-1017244.3843175119,-1017250.0901853947
S5-27.1,intermediate,[H]c1nc2c([H])c(OC([H])([H])[H])c(N([H])C(=O)[C@@]3([H])N(C(=O)[C-:91]([H])[C:92]([H])([H])[S:93]C([H])([H])[H])C([H])([H])C([H])([H])C3([H])[H])c([H])c2c(N([H])c2c([H])c([H])c([H])c(C([H])([H])C([H])([H])[H])c2[H])c1C(=O)N([H])[H],-1,0.0,0.0,0.0,0.0,0.0,0.0,0.0,0.0,0.0,0.0,-1292181.8247010112,341.4761762022972,-1292169.5209484934,-1292174.702850964
S5-27.1,product,[H]c1nc2c([H])c(OC([H])([H])[H])c(N([H])C(=O)[C@@]3([H])N(C(=O)[C:91]([H])([H])[C:92]([H])([H])[S:93]C([H])([H])[H])C([H])([H])C([H])([H])C3([H])[H])c([H])c2c(N([H])c2c([H])c([H])c([H])c(C([H])([H])C([H])([H])[H])c2[H])c1C(=O)N([H])[H],0,0.0,0.0,0.0,0.0,0.0,0.0,0.0,0.0,0.0,0.0,-1292546.3696286767,518.6733405515552,-1292533.2545819692,-1292539.7537323872
S5-27.2,reactant,[H]c1nc2c([H])c(OC([H])([H])[H])c(N([H])C(=O)[C@@]3([H])N(C(=O)[C:91]([H])=[C:92]([H])[H])C([H])([H])C([H])([H])C3([H])[H])c([H])c2c(N([H])c2c([H])c([H])c([H])c(C([H])([H])C([H])([H])[H])c2[H])c1C(=O)N([H])[H],0,0.0,0.0,0.0,0.0,0.0,0.0,0.0,0.0,0.0,0.0,-1017252.0762397288,146.6094485539943,-1017240.7189677759,-1017246.8128009827
S5-27.2,intermediate,[H]c1nc2c([H])c(OC([H])([H])[H])c(N([H])C(=O)[C@@]3([H])N(C(=O)[C-:91]([H])[C:92]([H])([H])[S:93]C([H])([H])[H])C([H])([H])C([H])([H])C3([H])[H])c([H])c2c(N([H])c2c([H])c([H])c([H])c(C([H])([H])C([H])([H])[H])c2[H])c1C(=O)N([H])[H],-1,0.0,0.0,0.0,0.0,0.0,0.0,0.0,0.0,0.0,0.0,-1292194.6526058754,172.4339750558138,-1292180.5617079502,-1292188.2660337975
S5-27.2,product,[H]c1nc2c([H])c(OC([H])([H])[H])c(N([H])C(=O)[C@@]3([H])N(C(=O)[C:91]([H])([H])[C:92]([H])([H])[S:93]C([H])([H])[H])C([H])([H])C([H])([H])C3([H])[H])c([H])c2c(N([H])c2c([H])c([H])c([H])c(C([H])([H])C([H])([H])[H])c2[H])c1C(=O)N([H])[H],0,0.0,0.0,0.0,0.0,0.0,0.0,0.0,0.0,0.0,0.0,-1292551.9190656685,654.3799861185253,-1292528.6740356474,-1292537.8247149596
S5-27.3,reactant,[H]c1nc2c([H])c(OC([H])([H])[H])c(N([H])C(=O)[C@@]3([H])N(C(=O)[C:91]([H])=[C:92]([H])[H])C([H])([H])C([H])([H])C3([H])[H])c([H])c2c(N([H])c2c([H])c([H])c([H])c(C([H])([H])C([H])([H])[H])c2[H])c1C(=O)N([H])[H],0,0.0,0.0,0.0,0.0,0.0,0.0,0.0,0.0,0.0,0.0,-1017253.1098920839,73.14070491865277,-1017243.2072976636,-1017250.0648833085
S5-27.3,intermediate,[H]c1nc2c([H])c(OC([H])([H])[H])c(N([H])C(=O)[C@@]3([H])N(C(=O)[C-:91]([H])[C:92]([H])([H])[S:93]C([H])([H])[H])C([H])([H])C([H])([H])C3([H])[H])c([H])c2c(N([H])c2c([H])c([H])c([H])c(C([H])([H])C([H])([H])[H])c2[H])c1C(=O)N([H])[H],-1,0.0,0.0,0.0,0.0,0.0,0.0,0.0,0.0,0.0,0.0,-1292194.0528441651,160.2469676360488,-1292180.6387907949,-1292188.5176251645
S5-27.3,product,[H]c1nc2c([H])c(OC([H])([H])[H])c(N([H])C(=O)[C@@]3([H])N(C(=O)[C:91]([H])([H])[C:92]([H])([H])[S:93]C([H])([H])[H])C([H])([H])C([H])([H])C3([H])[H])c([H])c2c(N([H])c2c([H])c([H])c([H])c(C([H])([H])C([H])([H])[H])c2[H])c1C(=O)N([H])[H],0,0.0,0.0,0.0,0.0,0.0,0.0,0.0,0.0,0.0,0.0,-1292546.307698494,144.44130185246468,-1292533.9119193961,-1292541.6703571805
S5-27.4,reactant,[H]c1nc2c([H])c(OC([H])([H])[H])c(N([H])C(=O)[C@@]3([H])N(C(=O)[C:91]([H])=[C:92]([H])[H])C([H])([H])C([H])([H])C3([H])[H])c([H])c2c(N([H])c2c([H])c([H])c([H])c(C([H])([H])C([H])([H])[H])c2[H])c1C(=O)N([H])[H],0,0.0,0.0,0.0,0.0,0.0,0.0,0.0,0.0,0.0,0.0,-1017250.7472424206,394.79368312470615,-1017234.7371136202,-1017241.6305686285
S5-27.4,intermediate,[H]c1nc2c([H])c(OC([H])([H])[H])c(N([H])C(=O)[C@@]3([H])N(C(=O)[C-:91]([H])[C:92]([H])([H])[S:93]C([H])([H])[H])C([H])([H])C([H])([H])C3([H])[H])c([H])c2c(N([H])c2c([H])c([H])c([H])c(C([H])([H])C([H])([H])[H])c2[H])c1C(=O)N([H])[H],-1,0.0,0.0,0.0,0.0,0.0,0.0,0.0,0.0,0.0,0.0,-1292193.10440629,299.42872595228255,-1292182.4205371044,-1292188.1705874223
S5-27.4,product,[H]c1nc2c([H])c(OC([H])([H])[H])c(N([H])C(=O)[C@@]3([H])N(C(=O)[C:91]([H])([H])[C:92]([H])([H])[S:93]C([H])([H])[H])C([H])([H])C([H])([H])C3([H])[H])c([H])c2c(N([H])c2c([H])c([H])c([H])c(C([H])([H])C([H])([H])[H])c2[H])c1C(=O)N([H])[H],0,0.0,0.0,0.0,0.0,0.0,0.0,0.0,0.0,0.0,0.0,-1292549.955542397,204.53645911999047,-1292538.7667530896,-1292546.2924468669
S5-27.5,reactant,[H]c1nc2c([H])c(OC([H])([H])[H])c(N([H])C(=O)[C@@]3([H])N(C(=O)[C:91]([H])=[C:92]([H])[H])C([H])([H])C([H])([H])C3([H])[H])c([H])c2c(N([H])c2c([H])c([H])c([H])c(C([H])([H])C([H])([H])[H])c2[H])c1C(=O)N([H])[H],0,0.0,0.0,0.0,0.0,0.0,0.0,0.0,0.0,0.0,0.0,-1017258.5714535335,139.0631799735129,-1017247.0759547765,-1017255.2578478818
S5-27.5,intermediate,[H]c1nc2c([H])c(OC([H])([H])[H])c(N([H])C(=O)[C@@]3([H])N(C(=O)[C-:91]([H])[C:92]([H])([H])[S:93]C([H])([H])[H])C([H])([H])C([H])([H])C3([H])[H])c([H])c2c(N([H])c2c([H])c([H])c([H])c(C([H])([H])C([H])([H])[H])c2[H])c1C(=O)N([H])[H],-1,0.0,0.0,0.0,0.0,0.0,0.0,0.0,0.0,0.0,0.0,-1292193.059267192,636.9821307323873,-1292162.392390809,-1292170.229769783
S5-27.5,product,[H]c1nc2c([H])c(OC([H])([H])[H])c(N([H])C(=O)[C@@]3([H])N(C(=O)[C:91]([H])([H])[C:92]([H])([H])[S:93]C([H])([H])[H])C([H])([H])C([H])([H])C3([H])[H])c([H])c2c(N([H])c2c([H])c([H])c([H])c(C([H])([H])C([H])([H])[H])c2[H])c1C(=O)N([H])[H],0,0.0,0.0,0.0,0.0,0.0,0.0,0.0,0.0,0.0,0.0,-1292551.5505854802,148.1800655797124,-1292541.5957814527,-1292548.2692424627
S5-27.6,reactant,[H]c1nc2c([H])c(OC([H])([H])[H])c(N([H])C(=O)[C@@]3([H])N(C(=O)[C:91]([H])=[C:92]([H])[H])C([H])([H])C([H])([H])C3([H])[H])c([H])c2c(N([H])c2c([H])c([H])c([H])c(C([H])([H])C([H])([H])[H])c2[H])c1C(=O)N([H])[H],0,0.0,0.0,0.0,0.0,0.0,0.0,0.0,0.0,0.0,0.0,-1017254.8062479757,121.11514465883374,-1017245.4762163474,-1017251.4288043134
S5-27.6,intermediate,[H]c1nc2c([H])c(OC([H])([H])[H])c(N([H])C(=O)[C@@]3([H])N(C(=O)[C-:91]([H])[C:92]([H])([H])[S:93]C([H])([H])[H])C([H])([H])C([H])([H])C3([H])[H])c([H])c2c(N([H])c2c([H])c([H])c([H])c(C([H])([H])C([H])([H])[H])c2[H])c1C(=O)N([H])[H],-1,0.0,0.0,0.0,0.0,0.0,0.0,0.0,0.0,0.0,0.0,-1292191.872873146,600.8886097278446,-1292171.206753602,-1292177.9524151767
S5-27.6,product,[H]c1nc2c([H])c(OC([H])([H])[H])c(N([H])C(=O)[C@@]3([H])N(C(=O)[C:91]([H])([H])[C:92]([H])([H])[S:93]C([H])([H])[H])C([H])([H])C([H])([H])C3([H])[H])c([H])c2c(N([H])c2c([H])c([H])c([H])c(C([H])([H])C([H])([H])[H])c2[H])c1C(=O)N([H])[H],0,0.0,0.0,0.0,0.0,0.0,0.0,0.0,0.0,0.0,0.0,-1292551.0140075109,457.3612359650433,-1292538.425983139,-1292545.5954794013
S5-27.7,reactant,[H]c1nc2c([H])c(OC([H])([H])[H])c(N([H])C(=O)[C@@]3([H])N(C(=O)[C:91]([H])=[C:92]([H])[H])C([H])([H])C([H])([H])C3([H])[H])c([H])c2c(N([H])c2c([H])c([H])c([H])c(C([H])([H])C([H])([H])[H])c2[H])c1C(=O)N([H])[H],0,0.0,0.0,0.0,0.0,0.0,0.0,0.0,0.0,0.0,0.0,-1017252.7476137108,141.07175952382386,-1017243.6497048081,-1017248.9298631641
S5-27.7,intermediate,[H]c1nc2c([H])c(OC([H])([H])[H])c(N([H])C(=O)[C@@]3([H])N(C(=O)[C-:91]([H])[C:92]([H])([H])[S:93]C([H])([H])[H])C([H])([H])C([H])([H])C3([H])[H])c([H])c2c(N([H])c2c([H])c([H])c([H])c(C([H])([H])C([H])([H])[H])c2[H])c1C(=O)N([H])[H],-1,0.0,0.0,0.0,0.0,0.0,0.0,0.0,0.0,0.0,0.0,-1292193.6791628092,350.7607237454504,-1292180.3700564671,-1292186.8497547377
S5-27.7,product,[H]c1nc2c([H])c(OC([H])([H])[H])c(N([H])C(=O)[C@@]3([H])N(C(=O)[C:91]([H])([H])[C:92]([H])([H])[S:93]C([H])([H])[H])C([H])([H])C([H])([H])C3([H])[H])c([H])c2c(N([H])c2c([H])c([H])c([H])c(C([H])([H])C([H])([H])[H])c2[H])c1C(=O)N([H])[H],0,0.0,0.0,0.0,0.0,0.0,0.0,0.0,0.0,0.0,0.0,-1292550.5258564814,151.07139738462865,-1292539.520174667,-1292547.304200437
S5-27.8,reactant,[H]c1nc2c([H])c(OC([H])([H])[H])c(N([H])C(=O)[C@@]3([H])N(C(=O)[C:91]([H])=[C:92]([H])[H])C([H])([H])C([H])([H])C3([H])[H])c([H])c2c(N([H])c2c([H])c([H])c([H])c(C([H])([H])C([H])([H])[H])c2[H])c1C(=O)N([H])[H],0,0.0,0.0,0.0,0.0,0.0,0.0,0.0,0.0,0.0,0.0,-1017254.2440380363,212.2373832706362,-1017241.6946320597,-1017248.95164649
S5-27.8,intermediate,[H]c1nc2c([H])c(OC([H])([H])[H])c(N([H])C(=O)[C@@]3([H])N(C(=O)[C-:91]([H])[C:92]([H])([H])[S:93]C([H])([H])[H])C([H])([H])C([H])([H])C3([H])[H])c([H])c2c(N([H])c2c([H])c([H])c([H])c(C([H])([H])C([H])([H])[H])c2[H])c1C(=O)N([H])[H],-1,0.0,0.0,0.0,0.0,0.0,0.0,0.0,0.0,0.0,0.0,-1292195.643950635,125.58363166451454,-1292185.034360282,-1292191.1030673406
S5-27.8,product,[H]c1nc2c([H])c(OC([H])([H])[H])c(N([H])C(=O)[C@@]3([H])N(C(=O)[C:91]([H])([H])[C:92]([H])([H])[S:93]C([H])([H])[H])C([H])([H])C([H])([H])C3([H])[H])c([H])c2c(N([H])c2c([H])c([H])c([H])c(C([H])([H])C([H])([H])[H])c2[H])c1C(=O)N([H])[H],0,0.0,0.0,0.0,0.0,0.0,0.0,0.0,0.0,0.0,0.0,-1292554.7960921223,847.3028011992574,-1292532.19337882,-1292538.6809943013
S5-27.9,reactant,[H]c1nc2c([H])c(OC([H])([H])[H])c(N([H])C(=O)[C@@]3([H])N(C(=O)[C:91]([H])=[C:92]([H])[H])C([H])([H])C([H])([H])C3([H])[H])c([H])c2c(N([H])c2c([H])c([H])c([H])c(C([H])([H])C([H])([H])[H])c2[H])c1C(=O)N([H])[H],0,0.0,0.0,0.0,0.0,0.0,0.0,0.0,0.0,0.0,0.0,-1017245.9811969481,78.7001329883933,-1017236.9226101927,-1017241.5899874249
S5-27.9,intermediate,[H]c1nc2c([H])c(OC([H])([H])[H])c(N([H])C(=O)[C@@]3([H])N(C(=O)[C-:91]([H])[C:92]([H])([H])[S:93]C([H])([H])[H])C([H])([H])C([H])([H])C3([H])[H])c([H])c2c(N([H])c2c([H])c([H])c([H])c(C([H])([H])C([H])([H])[H])c2[H])c1C(=O)N([H])[H],-1,0.0,0.0,0.0,0.0,0.0,0.0,0.0,0.0,0.0,0.0,-1292191.1386837931,472.87010769173503,-1292174.6833988165,-1292182.8631311832
S5-27.9,product,[H]c1nc2c([H])c(OC([H])([H])[H])c(N([H])C(=O)[C@@]3([H])N(C(=O)[C:91]([H])([H])[C:92]([H])([H])[S:93]C([H])([H])[H])C([H])([H])C([H])([H])C3([H])[H])c([H])c2c(N([H])c2c([H])c([H])c([H])c(C([H])([H])C([H])([H])[H])c2[H])c1C(=O)N([H])[H],0,0.0,0.0,0.0,0.0,0.0,0.0,0.0,0.0,0.0,0.0,-1292554.7694155204,128.42135657556355,-1292545.0612765953,-1292551.7484057902
S5-27.10,reactant,[H]c1nc2c([H])c(OC([H])([H])[H])c(N([H])C(=O)[C@@]3([H])N(C(=O)[C:91]([H])=[C:92]([H])[H])C([H])([H])C([H])([H])C3([H])[H])c([H])c2c(N([H])c2c([H])c([H])c([H])c(C([H])([H])C([H])([H])[H])c2[H])c1C(=O)N([H])[H],0,0.0,0.0,0.0,0.0,0.0,0.0,0.0,0.0,0.0,0.0,-1017256.4056785131,108.74418655410409,-1017246.1151957418,-1017253.4814566857
S5-27.10,intermediate,[H]c1nc2c([H])c(OC([H])([H])[H])c(N([H])C(=O)[C@@]3([H])N(C(=O)[C-:91]([H])[C:92]([H])([H])[S:93]C([H])([H])[H])C([H])([H])C([H])([H])C3([H])[H])c([H])c2c(N([H])c2c([H])c([H])c([H])c(C([H])([H])C([H])([H])[H])c2[H])c1C(=O)N([H])[H],-1,0.0,0.0,0.0,0.0,0.0,0.0,0.0,0.0,0.0,0.0,-1292188.4676257789,684.3183973766863,-1292164.2841313689,-1292170.7438166898
S5-27.10,product,[H]c1nc2c([H])c(OC([H])([H])[H])c(N([H])C(=O)[C@@]3([H])N(C(=O)[C:91]([H])([H])[C:92]([H])([H])[S:93]C([H])([H])[H])C([H])([H])C([H])([H])C3([H])[H])c([H])c2c(N([H])c2c([H])c([H])c([H])c(C([H])([H])C([H])([H])[H])c2[H])c1C(=O)N([H])[H],0,0.0,0.0,0.0,0.0,0.0,0.0,0.0,0.0,0.0,0.0,-1292543.7895196218,229.3577750455588,-1292532.0169019909,-1292539.0903141024
S5-35.1,reactant,[H]C([H])=C([H])C(=O)N1C([H])([H])C([H])([H])N(S(=O)(=O)/[C:91]([H])=[C:92](\[H])c2c([H])c([H])c(Cl)c([H])c2[H])C([H])([H])C1([H])[H],0,0.0,0.0,0.0,0.0,0.0,0.0,0.0,0.0,0.0,0.0,-1114057.7344260004,150.22802110388875,-1114049.2339586252,-1114051.4128795145
S5-35.1,intermediate,[H]C([H])=C([H])C(=O)N1C([H])([H])C([H])([H])N(S(=O)(=O)[C-:91]([H])[C:92]([H])(c2c([H])c([H])c(Cl)c([H])c2[H])[S:93]C([H])([H])[H])C([H])([H])C1([H])[H],-1,0.0,0.0,0.0,0.0,0.0,0.0,0.0,0.0,0.0,0.0,-1388996.4008060938,98.28241342306137,-1388983.0424206122,-1388986.7791022188
S5-35.1,product,[H]C([H])=C([H])C(=O)N1C([H])([H])C([H])([H])N(S(=O)(=O)[C:91]([H])([H])[C:92]([H])(c2c([H])c([H])c(Cl)c([H])c2[H])[S:93]C([H])([H])[H])C([H])([H])C1([H])[H],0,0.0,0.0,0.0,0.0,0.0,0.0,0.0,0.0,0.0,0.0,-1389356.236769178,53.18299372307956,-1389348.790764327,-1389351.7639958889
S5-35.2,reactant,[H]C([H])=C([H])C(=O)N1C([H])([H])C([H])([H])N(S(=O)(=O)/[C:91]([H])=[C:92](\[H])c2c([H])c([H])c(Cl)c([H])c2[H])C([H])([H])C1([H])[H],0,0.0,0.0,0.0,0.0,0.0,0.0,0.0,0.0,0.0,0.0,-1114061.6321513727,55.204515563324094,-1114052.6833609373,-1114056.9467569878
S5-35.2,intermediate,[H]C([H])=C([H])C(=O)N1C([H])([H])C([H])([H])N(S(=O)(=O)[C-:91]([H])[C:92]([H])(c2c([H])c([H])c(Cl)c([H])c2[H])[S:93]C([H])([H])[H])C([H])([H])C1([H])[H],-1,0.0,0.0,0.0,0.0,0.0,0.0,0.0,0.0,0.0,0.0,-1389000.236287894,124.1806831676513,-1388979.2219760146,-1388984.2062396111
S5-35.2,product,[H]C([H])=C([H])C(=O)N1C([H])([H])C([H])([H])N(S(=O)(=O)[C:91]([H])([H])[C:92]([H])(c2c([H])c([H])c(Cl)c([H])c2[H])[S:93]C([H])([H])[H])C([H])([H])C1([H])[H],0,0.0,0.0,0.0,0.0,0.0,0.0,0.0,0.0,0.0,0.0,-1389348.7034990697,92.56201483868062,-1389336.8747654578,-1389343.4008536357
S5-35.3,reactant,[H]C([H])=C([H])C(=O)N1C([H])([H])C([H])([H])N(S(=O)(=O)/[C:91]([H])=[C:92](\[H])c2c([H])c([H])c(Cl)c([H])c2[H])C([H])([H])C1([H])[H],0,0.0,0.0,0.0,0.0,0.0,0.0,0.0,0.0,0.0,0.0,-1114057.2967196996,145.3511406350881,-1114046.6424520859,-1114051.4788617697
S5-35.3,intermediate,[H]C([H])=C([H])C(=O)N1C([H])([H])C([H])([H])N(S(=O)(=O)[C-:91]([H])[C:92]([H])(c2c([H])c([H])c(Cl)c([H])c2[H])[S:93]C([H])([H])[H])C([H])([H])C1([H])[H],-1,0.0,0.0,0.0,0.0,0.0,0.0,0.0,0.0,0.0,0.0,-1389001.441072961,90.33551230467856,-1388987.3534023988,-1388992.4657213828
S5-35.3,product,[H]C([H])=C([H])C(=O)N1C([H])([H])C([H])([H])N(S(=O)(=O)[C:91]([H])([H])[C:92]([H])(c2c([H])c([H])c(Cl)c([H])c2[H])[S:93]C([H])([H])[H])C([H])([H])C1([H])[H],0,0.0,0.0,0.0,0.0,0.0,0.0,0.0,0.0,0.0,0.0,-1389352.9825096193,86.87394998781383,-1389343.614915224,-1389347.7958788145
S5-35.4,reactant,[H]C([H])=C([H])C(=O)N1C([H])([H])C([H])([H])N(S(=O)(=O)/[C:91]([H])=[C:92](\[H])c2c([H])c([H])c(Cl)c([H])c2[H])C([H])([H])C1([H])[H],0,0.0,0.0,0.0,0.0,0.0,0.0,0.0,0.0,0.0,0.0,-1114058.4239380925,44.344522854313254,-1114051.0178326853,-1114055.0661884923
S5-35.4,intermediate,[H]C([H])=C([H])C(=O)N1C([H])([H])C([H])([H])N(S(=O)(=O)[C-:91]([H])[C:92]([H])(c2c([H])c([H])c(Cl)c([H])c2[H])[S:93]C([H])([H])[H])C([H])([H])C1([H])[H],-1,0.0,0.0,0.0,0.0,0.0,0.0,0.0,0.0,0.0,0.0,-1389000.0651716765,96.99771418049932,-1388988.5182220452,-1388992.2113424977
S5-35.4,product,[H]C([H])=C([H])C(=O)N1C([H])([H])C([H])([H])N(S(=O)(=O)[C:91]([H])([H])[C:92]([H])(c2c([H])c([H])c(Cl)c([H])c2[H])[S:93]C([H])([H])[H])C([H])([H])C1([H])[H],0,0.0,0.0,0.0,0.0,0.0,0.0,0.0,0.0,0.0,0.0,-1389353.3993452725,44.36062294431031,-1389343.8297960237,-1389348.636087318
S5-35.5,reactant,[H]C([H])=C([H])C(=O)N1C([H])([H])C([H])([H])N(S(=O)(=O)/[C:91]([H])=[C:92](\[H])c2c([H])c([H])c(Cl)c([H])c2[H])C([H])([H])C1([H])[H],0,0.0,0.0,0.0,0.0,0.0,0.0,0.0,0.0,0.0,0.0,-1114062.1795825185,67.9144645165652,-1114053.4326314772,-1114058.2831876774
S5-35.5,intermediate,[H]C([H])=C([H])C(=O)N1C([H])([H])C([H])([H])N(S(=O)(=O)[C-:91]([H])[C:92]([H])(c2c([H])c([H])c(Cl)c([H])c2[H])[S:93]C([H])([H])[H])C([H])([H])C1([H])[H],-1,0.0,0.0,0.0,0.0,0.0,0.0,0.0,0.0,0.0,0.0,-1388996.2741911989,129.5858185943216,-1388977.2405510498,-1388979.9570505556
S5-35.5,product,[H]C([H])=C([H])C(=O)N1C([H])([H])C([H])([H])N(S(=O)(=O)[C:91]([H])([H])[C:92]([H])(c2c([H])c([H])c(Cl)c([H])c2[H])[S:93]C([H])([H])[H])C([H])([H])C1([H])[H],0,0.0,0.0,0.0,0.0,0.0,0.0,0.0,0.0,0.0,0.0,-1389349.7768419422,79.31340431421995,-1389339.455965878,-1389343.836877529
S5-35.6,reactant,[H]C([H])=C([H])C(=O)N1C([H])([H])C([H])([H])N(S(=O)(=O)/[C:91]([H])=[C:92](\[H])c2c([H])c([H])c(Cl)c([H])c2[H])C([H])([H])C1([H])[H],0,0.0,0.0,0.0,0.0,0.0,0.0,0.0,0.0,0.0,0.0,-1114059.4037534138,24.303396547213197,-1114051.9374772043,-1114055.5488359607
S5-35.6,intermediate,[H]C([H])=C([H])C(=O)N1C([H])([H])C([H])([H])N(S(=O)(=O)[C-:91]([H])[C:92]([H])(c2c([H])c([H])c(Cl)c([H])c2[H])[S:93]C([H])([H])[H])C([H])([H])C1([H])[H],-1,0.0,0.0,0.0,0.0,0.0,0.0,0.0,0.0,0.0,0.0,-1388998.3181566314,146.71442371234298,-1388982.797179508,-1388988.3533076427
S5-35.6,product,[H]C([H])=C([H])C(=O)N1C([H])([H])C([H])([H])N(S(=O)(=O)[C:91]([H])([H])[C:92]([H])(c2c([H])c([H])c(Cl)c([H])c2[H])[S:93]C([H])([H])[H])C([H])([H])C1([H])[H],0,0.0,0.0,0.0,0.0,0.0,0.0,0.0,0.0,0.0,0.0,-1389350.2631456226,57.0909475274384,-1389341.8196271851,-1389345.6488521895
S5-35.7,reactant,[H]C([H])=C([H])C(=O)N1C([H])([H])C([H])([H])N(S(=O)(=O)/[C:91]([H])=[C:92](\[H])c2c([H])c([H])c(Cl)c([H])c2[H])C([H])([H])C1([H])[H],0,0.0,0.0,0.0,0.0,0.0,0.0,0.0,0.0,0.0,0.0,-1114057.0859349568,66.75400067679584,-1114048.9243352024,-1114052.7253826335
S5-35.7,intermediate,[H]C([H])=C([H])C(=O)N1C([H])([H])C([H])([H])N(S(=O)(=O)[C-:91]([H])[C:92]([H])(c2c([H])c([H])c(Cl)c([H])c2[H])[S:93]C([H])([H])[H])C([H])([H])C1([H])[H],-1,0.0,0.0,0.0,0.0,0.0,0.0,0.0,0.0,0.0,0.0,-1389001.1324556835,80.69781073182821,-1388987.7574825457,-1388992.5361350768
S5-35.7,product,[H]C([H])=C([H])C(=O)N1C([H])([H])C([H])([H])N(S(=O)(=O)[C:91]([H])([H])[C:92]([H])(c2c([H])c([H])c(Cl)c([H])c2[H])[S:93]C([H])([H])[H])C([H])([H])C1([H])[H],0,0.0,0.0,0.0,0.0,0.0,0.0,0.0,0.0,0.0,0.0,-1389350.075562706,105.88728391379118,-1389334.8270146088,-1389341.077053286
S5-35.8,reactant,[H]C([H])=C([H])C(=O)N1C([H])([H])C([H])([H])N(S(=O)(=O)/[C:91]([H])=[C:92](\[H])c2c([H])c([H])c(Cl)c([H])c2[H])C([H])([H])C1([H])[H],0,0.0,0.0,0.0,0.0,0.0,0.0,0.0,0.0,0.0,0.0,-1114062.2805984316,82.07272636704147,-1114055.258769148,-1114058.1542306077
S5-35.8,intermediate,[H]C([H])=C([H])C(=O)N1C([H])([H])C([H])([H])N(S(=O)(=O)[C-:91]([H])[C:92]([H])(c2c([H])c([H])c(Cl)c([H])c2[H])[S:93]C([H])([H])[H])C([H])([H])C1([H])[H],-1,0.0,0.0,0.0,0.0,0.0,0.0,0.0,0.0,0.0,0.0,-1388997.935716861,80.53631182573736,-1388984.457468106,-1388987.4568924403
S5-35.8,product,[H]C([H])=C([H])C(=O)N1C([H])([H])C([H])([H])N(S(=O)(=O)[C:91]([H])([H])[C:92]([H])(c2c([H])c([H])c(Cl)c([H])c2[H])[S:93]C([H])([H])[H])C([H])([H])C1([H])[H],0,0.0,0.0,0.0,0.0,0.0,0.0,0.0,0.0,0.0,0.0,-1389351.526380598,63.233932834118605,-1389341.5842276139,-1389347.1321031558
S5-35.9,reactant,[H]C([H])=C([H])C(=O)N1C([H])([H])C([H])([H])N(S(=O)(=O)/[C:91]([H])=[C:92](\[H])c2c([H])c([H])c(Cl)c([H])c2[H])C([H])([H])C1([H])[H],0,0.0,0.0,0.0,0.0,0.0,0.0,0.0,0.0,0.0,0.0,-1114058.1133580066,68.13656202889979,-1114051.2536830977,-1114053.932746292
S5-35.9,intermediate,[H]C([H])=C([H])C(=O)N1C([H])([H])C([H])([H])N(S(=O)(=O)[C-:91]([H])[C:92]([H])(c2c([H])c([H])c(Cl)c([H])c2[H])[S:93]C([H])([H])[H])C([H])([H])C1([H])[H],-1,0.0,0.0,0.0,0.0,0.0,0.0,0.0,0.0,0.0,0.0,-1389001.4681344274,81.13542938232422,-1388988.4566492366,-1388992.6455135439
S5-35.9,product,[H]C([H])=C([H])C(=O)N1C([H])([H])C([H])([H])N(S(=O)(=O)[C:91]([H])([H])[C:92]([H])(c2c([H])c([H])c(Cl)c([H])c2[H])[S:93]C([H])([H])[H])C([H])([H])C1([H])[H],0,0.0,0.0,0.0,0.0,0.0,0.0,0.0,0.0,0.0,0.0,-1389352.227449619,44.45828592032194,-1389342.4762938484,-1389347.302130757
S5-35.10,reactant,[H]C([H])=C([H])C(=O)N1C([H])([H])C([H])([H])N(S(=O)(=O)/[C:91]([H])=[C:92](\[H])c2c([H])c([H])c(Cl)c([H])c2[H])C([H])([H])C1([H])[H],0,0.0,0.0,0.0,0.0,0.0,0.0,0.0,0.0,0.0,0.0,-1114059.238970965,62.431253004819155,-1114050.7452442152,-1114054.5756018208
S5-35.10,intermediate,[H]C([H])=C([H])C(=O)N1C([H])([H])C([H])([H])N(S(=O)(=O)[C-:91]([H])[C:92]([H])(c2c([H])c([H])c(Cl)c([H])c2[H])[S:93]C([H])([H])[H])C([H])([H])C1([H])[H],-1,0.0,0.0,0.0,0.0,0.0,0.0,0.0,0.0,0.0,0.0,-1388998.3007772542,79.64728784747422,-1388984.874908546,-1388989.5016056094
S5-35.10,product,[H]C([H])=C([H])C(=O)N1C([H])([H])C([H])([H])N(S(=O)(=O)[C:91]([H])([H])[C:92]([H])(c2c([H])c([H])c(Cl)c([H])c2[H])[S:93]C([H])([H])[H])C([H])([H])C1([H])[H],0,0.0,0.0,0.0,0.0,0.0,0.0,0.0,0.0,0.0,0.0,-1389348.7545100988,57.432378271594644,-1389339.4284755625,-1389343.385816433
S5-34.1,reactant,[H]c1nc(N([H])c2c([H])c(N([H])C(=O)/[C:91]([H])=[C:92](\[H])C([H])([H])N(C([H])([H])[H])C([H])([H])[H])c([H])c([H])c2OC([H])([H])[H])nc(-c2c([H])nn3c([H])c([H])c([H])c([H])c23)c1Cl,0,0.0,0.0,0.0,0.0,0.0,0.0,0.0,0.0,0.0,0.0,-1206657.1995042567,164.69377809017897,-1206649.1072020894,-1206654.15719503
S5-34.1,intermediate,[H]C1=C([H])c2c(-c3nc(N([H])c4c([H])c(N([H])C(=O)[C-:91]([H])[C:92]([H])(C([H])([H])N(C([H])([H])[H])C([H])([H])[H])[S:93]C([H])([H])[H])c([H])c([H])c4OC([H])([H])[H])nc([H])c3Cl)c([H])nn2C([H])=C1[H],-1,0.0,0.0,0.0,0.0,0.0,0.0,0.0,0.0,0.0,0.0,-1481594.7058425208,100.63598690927029,-1481583.399048285,-1481589.4271851361
S5-34.1,product,[H]c1nc(N([H])c2c([H])c(N([H])C(=O)[C:91]([H])([H])[C:92]([H])(C([H])([H])N(C([H])([H])[H])C([H])([H])[H])[S:93]C([H])([H])[H])c([H])c([H])c2OC([H])([H])[H])nc(-c2c([H])nn3c([H])c([H])c([H])c([H])c23)c1Cl,0,0.0,0.0,0.0,0.0,0.0,0.0,0.0,0.0,0.0,0.0,-1481946.3941929229,71.75751593150198,-1481937.1056221884,-1481943.2402400272
S5-34.2,reactant,[H]c1nc(N([H])c2c([H])c(N([H])C(=O)/[C:91]([H])=[C:92](\[H])C([H])([H])N(C([H])([H])[H])C([H])([H])[H])c([H])c([H])c2OC([H])([H])[H])nc(-c2c([H])nn3c([H])c([H])c([H])c([H])c23)c1Cl,0,0.0,0.0,0.0,0.0,0.0,0.0,0.0,0.0,0.0,0.0,-1206652.9047912387,31.53180600143969,-1206645.8739121433,-1206650.4506702996
S5-34.2,intermediate,[H]C1=C([H])c2c(-c3nc(N([H])c4c([H])c(N([H])C(=O)[C-:91]([H])[C:92]([H])(C([H])([H])N(C([H])([H])[H])C([H])([H])[H])[S:93]C([H])([H])[H])c([H])c([H])c4OC([H])([H])[H])nc([H])c3Cl)c([H])nn2C([H])=C1[H],-1,0.0,0.0,0.0,0.0,0.0,0.0,0.0,0.0,0.0,0.0,-1481583.6714938055,77.65720997005701,-1481573.0941825807,-1481579.1921888173
S5-34.2,product,[H]c1nc(N([H])c2c([H])c(N([H])C(=O)[C:91]([H])([H])[C:92]([H])(C([H])([H])N(C([H])([H])[H])C([H])([H])[H])[S:93]C([H])([H])[H])c([H])c([H])c2OC([H])([H])[H])nc(-c2c([H])nn3c([H])c([H])c([H])c([H])c23)c1Cl,0,0.0,0.0,0.0,0.0,0.0,0.0,0.0,0.0,0.0,0.0,-1481951.3765486914,61.41260499320924,-1481940.3622294199,-1481948.259905652
S5-34.3,reactant,[H]c1nc(N([H])c2c([H])c(N([H])C(=O)/[C:91]([H])=[C:92](\[H])C([H])([H])N(C([H])([H])[H])C([H])([H])[H])c([H])c([H])c2OC([H])([H])[H])nc(-c2c([H])nn3c([H])c([H])c([H])c([H])c23)c1Cl,0,0.0,0.0,0.0,0.0,0.0,0.0,0.0,0.0,0.0,0.0,-1206654.395783478,53.89202596060932,-1206645.169753211,-1206651.8198089665
S5-34.3,intermediate,[H]C1=C([H])c2c(-c3nc(N([H])c4c([H])c(N([H])C(=O)[C-:91]([H])[C:92]([H])(C([H])([H])N(C([H])([H])[H])C([H])([H])[H])[S:93]C([H])([H])[H])c([H])c([H])c4OC([H])([H])[H])nc([H])c3Cl)c([H])nn2C([H])=C1[H],-1,0.0,0.0,0.0,0.0,0.0,0.0,0.0,0.0,0.0,0.0,-1481582.0199361318,64.49273430556059,-1481571.3697315867,-1481576.2419996378
S5-34.3,product,[H]c1nc(N([H])c2c([H])c(N([H])C(=O)[C:91]([H])([H])[C:92]([H])(C([H])([H])N(C([H])([H])[H])C([H])([H])[H])[S:93]C([H])([H])[H])c([H])c([H])c2OC([H])([H])[H])nc(-c2c([H])nn3c([H])c([H])c([H])c([H])c23)c1Cl,0,0.0,0.0,0.0,0.0,0.0,0.0,0.0,0.0,0.0,0.0,-1481951.1459434312,61.453690122812986,-1481942.7655042715,-1481947.981478239
S5-34.4,reactant,[H]c1nc(N([H])c2c([H])c(N([H])C(=O)/[C:91]([H])=[C:92](\[H])C([H])([H])N(C([H])([H])[H])C([H])([H])[H])c([H])c([H])c2OC([H])([H])[H])nc(-c2c([H])nn3c([H])c([H])c([H])c([H])c23)c1Cl,0,0.0,0.0,0.0,0.0,0.0,0.0,0.0,0.0,0.0,0.0,-1206653.5303993437,36.61849484592676,-1206643.6426277014,-1206651.0141392956
S5-34.4,intermediate,[H]C1=C([H])c2c(-c3nc(N([H])c4c([H])c(N([H])C(=O)[C-:91]([H])[C:92]([H])(C([H])([H])N(C([H])([H])[H])C([H])([H])[H])[S:93]C([H])([H])[H])c([H])c([H])c4OC([H])([H])[H])nc([H])c3Cl)c([H])nn2C([H])=C1[H],-1,0.0,0.0,0.0,0.0,0.0,0.0,0.0,0.0,0.0,0.0,-1481592.5434543074,96.49381153099239,-1481581.515477847,-1481587.1331787903
S5-34.4,product,[H]c1nc(N([H])c2c([H])c(N([H])C(=O)[C:91]([H])([H])[C:92]([H])(C([H])([H])N(C([H])([H])[H])C([H])([H])[H])[S:93]C([H])([H])[H])c([H])c([H])c2OC([H])([H])[H])nc(-c2c([H])nn3c([H])c([H])c([H])c([H])c23)c1Cl,0,0.0,0.0,0.0,0.0,0.0,0.0,0.0,0.0,0.0,0.0,-1481945.5921464753,70.82404317706823,-1481936.7292467814,-1481942.1413916398
S5-34.5,reactant,[H]c1nc(N([H])c2c([H])c(N([H])C(=O)/[C:91]([H])=[C:92](\[H])C([H])([H])N(C([H])([H])[H])C([H])([H])[H])c([H])c([H])c2OC([H])([H])[H])nc(-c2c([H])nn3c([H])c([H])c([H])c([H])c23)c1Cl,0,0.0,0.0,0.0,0.0,0.0,0.0,0.0,0.0,0.0,0.0,-1206655.6227697236,32.37176016531885,-1206648.0062754343,-1206653.1743227856
S5-34.5,intermediate,[H]C1=C([H])c2c(-c3nc(N([H])c4c([H])c(N([H])C(=O)[C-:91]([H])[C:92]([H])(C([H])([H])N(C([H])([H])[H])C([H])([H])[H])[S:93]C([H])([H])[H])c([H])c([H])c4OC([H])([H])[H])nc([H])c3Cl)c([H])nn2C([H])=C1[H],-1,0.0,0.0,0.0,0.0,0.0,0.0,0.0,0.0,0.0,0.0,-1481581.796588315,183.83180149272084,-1481570.5017413704,-1481576.464665695
S5-34.5,product,[H]c1nc(N([H])c2c([H])c(N([H])C(=O)[C:91]([H])([H])[C:92]([H])(C([H])([H])N(C([H])([H])[H])C([H])([H])[H])[S:93]C([H])([H])[H])c([H])c([H])c2OC([H])([H])[H])nc(-c2c([H])nn3c([H])c([H])c([H])c([H])c23)c1Cl,0,0.0,0.0,0.0,0.0,0.0,0.0,0.0,0.0,0.0,0.0,-1481948.162227063,78.10625695064664,-1481938.2496316659,-1481944.9628931547
S5-34.6,reactant,[H]c1nc(N([H])c2c([H])c(N([H])C(=O)/[C:91]([H])=[C:92](\[H])C([H])([H])N(C([H])([H])[H])C([H])([H])[H])c([H])c([H])c2OC([H])([H])[H])nc(-c2c([H])nn3c([H])c([H])c([H])c([H])c23)c1Cl,0,0.0,0.0,0.0,0.0,0.0,0.0,0.0,0.0,0.0,0.0,-1206655.624551096,279.93757057748735,-1206647.4358458905,-1206651.7649547912
S5-34.6,intermediate,[H]C1=C([H])c2c(-c3nc(N([H])c4c([H])c(N([H])C(=O)[C-:91]([H])[C:92]([H])(C([H])([H])N(C([H])([H])[H])C([H])([H])[H])[S:93]C([H])([H])[H])c([H])c([H])c4OC([H])([H])[H])nc([H])c3Cl)c([H])nn2C([H])=C1[H],-1,0.0,0.0,0.0,0.0,0.0,0.0,0.0,0.0,0.0,0.0,-1481582.2528340842,113.00644836388528,-1481570.6552307976,-1481577.4611071593
S5-34.6,product,[H]c1nc(N([H])c2c([H])c(N([H])C(=O)[C:91]([H])([H])[C:92]([H])(C([H])([H])N(C([H])([H])[H])C([H])([H])[H])[S:93]C([H])([H])[H])c([H])c([H])c2OC([H])([H])[H])nc(-c2c([H])nn3c([H])c([H])c([H])c([H])c23)c1Cl,0,0.0,0.0,0.0,0.0,0.0,0.0,0.0,0.0,0.0,0.0,-1481955.8517576226,76.02742570452392,-1481944.1302224956,-1481951.999699162
S5-34.7,reactant,[H]c1nc(N([H])c2c([H])c(N([H])C(=O)/[C:91]([H])=[C:92](\[H])C([H])([H])N(C([H])([H])[H])C([H])([H])[H])c([H])c([H])c2OC([H])([H])[H])nc(-c2c([H])nn3c([H])c([H])c([H])c([H])c23)c1Cl,0,0.0,0.0,0.0,0.0,0.0,0.0,0.0,0.0,0.0,0.0,-1206651.3955124419,31.418503204360604,-1206644.3623736424,-1206649.10725707
S5-34.7,intermediate,[H]C1=C([H])c2c(-c3nc(N([H])c4c([H])c(N([H])C(=O)[C-:91]([H])[C:92]([H])(C([H])([H])N(C([H])([H])[H])C([H])([H])[H])[S:93]C([H])([H])[H])c([H])c([H])c4OC([H])([H])[H])nc([H])c3Cl)c([H])nn2C([H])=C1[H],-1,0.0,0.0,0.0,0.0,0.0,0.0,0.0,0.0,0.0,0.0,-1481583.7627671508,80.05579933710396,-1481573.0856550848,-1481579.1663039364
S5-34.7,product,[H]c1nc(N([H])c2c([H])c(N([H])C(=O)[C:91]([H])([H])[C:92]([H])(C([H])([H])N(C([H])([H])[H])C([H])([H])[H])[S:93]C([H])([H])[H])c([H])c([H])c2OC([H])([H])[H])nc(-c2c([H])nn3c([H])c([H])c([H])c([H])c23)c1Cl,0,0.0,0.0,0.0,0.0,0.0,0.0,0.0,0.0,0.0,0.0,-1481949.2688552097,118.84819356538355,-1481939.7415255874,-1481945.7925398787
S5-34.8,reactant,[H]c1nc(N([H])c2c([H])c(N([H])C(=O)/[C:91]([H])=[C:92](\[H])C([H])([H])N(C([H])([H])[H])C([H])([H])[H])c([H])c([H])c2OC([H])([H])[H])nc(-c2c([H])nn3c([H])c([H])c([H])c([H])c23)c1Cl,0,0.0,0.0,0.0,0.0,0.0,0.0,0.0,0.0,0.0,0.0,-1206654.3767271913,34.374878238886595,-1206645.6365112772,-1206652.017491825
S5-34.8,intermediate,[H]C1=C([H])c2c(-c3nc(N([H])c4c([H])c(N([H])C(=O)[C-:91]([H])[C:92]([H])(C([H])([H])N(C([H])([H])[H])C([H])([H])[H])[S:93]C([H])([H])[H])c([H])c([H])c4OC([H])([H])[H])nc([H])c3Cl)c([H])nn2C([H])=C1[H],-1,0.0,0.0,0.0,0.0,0.0,0.0,0.0,0.0,0.0,0.0,-1481583.4601647544,81.15213377960026,-1481573.4466579072,-1481579.1597722373
S5-34.8,product,[H]c1nc(N([H])c2c([H])c(N([H])C(=O)[C:91]([H])([H])[C:92]([H])(C([H])([H])N(C([H])([H])[H])C([H])([H])[H])[S:93]C([H])([H])[H])c([H])c([H])c2OC([H])([H])[H])nc(-c2c([H])nn3c([H])c([H])c([H])c([H])c23)c1Cl,0,0.0,0.0,0.0,0.0,0.0,0.0,0.0,0.0,0.0,0.0,-1481945.152026525,59.09015294164419,-1481935.1301571238,-1481942.1434369194
S5-34.9,reactant,[H]c1nc(N([H])c2c([H])c(N([H])C(=O)/[C:91]([H])=[C:92](\[H])C([H])([H])N(C([H])([H])[H])C([H])([H])[H])c([H])c([H])c2OC([H])([H])[H])nc(-c2c([H])nn3c([H])c([H])c([H])c([H])c23)c1Cl,0,0.0,0.0,0.0,0.0,0.0,0.0,0.0,0.0,0.0,0.0,-1206658.9549698245,35.56685205921531,-1206649.7814570565,-1206656.5181183016
S5-34.9,intermediate,[H]C1=C([H])c2c(-c3nc(N([H])c4c([H])c(N([H])C(=O)[C-:91]([H])[C:92]([H])(C([H])([H])N(C([H])([H])[H])C([H])([H])[H])[S:93]C([H])([H])[H])c([H])c([H])c4OC([H])([H])[H])nc([H])c3Cl)c([H])nn2C([H])=C1[H],-1,0.0,0.0,0.0,0.0,0.0,0.0,0.0,0.0,0.0,0.0,-1481584.687849254,94.35511922836304,-1481575.100662219,-1481579.585432282
S5-34.9,product,[H]c1nc(N([H])c2c([H])c(N([H])C(=O)[C:91]([H])([H])[C:92]([H])(C([H])([H])N(C([H])([H])[H])C([H])([H])[H])[S:93]C([H])([H])[H])c([H])c([H])c2OC([H])([H])[H])nc(-c2c([H])nn3c([H])c([H])c([H])c([H])c23)c1Cl,0,0.0,0.0,0.0,0.0,0.0,0.0,0.0,0.0,0.0,0.0,-1481946.7680392207,106.23260449245572,-1481935.7892869194,-1481942.5993857933
S5-34.10,reactant,[H]c1nc(N([H])c2c([H])c(N([H])C(=O)/[C:91]([H])=[C:92](\[H])C([H])([H])N(C([H])([H])[H])C([H])([H])[H])c([H])c([H])c2OC([H])([H])[H])nc(-c2c([H])nn3c([H])c([H])c([H])c([H])c23)c1Cl,0,0.0,0.0,0.0,0.0,0.0,0.0,0.0,0.0,0.0,0.0,-1206650.9979420016,77.44746271520853,-1206643.8271481968,-1206648.3474577393
S5-34.10,intermediate,[H]C1=C([H])c2c(-c3nc(N([H])c4c([H])c(N([H])C(=O)[C-:91]([H])[C:92]([H])(C([H])([H])N(C([H])([H])[H])C([H])([H])[H])[S:93]C([H])([H])[H])c([H])c([H])c4OC([H])([H])[H])nc([H])c3Cl)c([H])nn2C([H])=C1[H],-1,0.0,0.0,0.0,0.0,0.0,0.0,0.0,0.0,0.0,0.0,-1481583.7308673887,89.60944876261055,-1481572.7487337787,-1481578.4168354662
S5-34.10,product,[H]c1nc(N([H])c2c([H])c(N([H])C(=O)[C:91]([H])([H])[C:92]([H])(C([H])([H])N(C([H])([H])[H])C([H])([H])[H])[S:93]C([H])([H])[H])c([H])c([H])c2OC([H])([H])[H])nc(-c2c([H])nn3c([H])c([H])c([H])c([H])c23)c1Cl,0,0.0,0.0,0.0,0.0,0.0,0.0,0.0,0.0,0.0,0.0,-1481956.1873703897,84.79899219237268,-1481946.1098880805,-1481953.3015250426
