Name,RC,SMILES,charge,QCa,QCb,E_HOMO,E_LUMO,f_plus_Cb,f_minus_Cb,f_zero_Cb,f_plus_Ca,f_minus_Ca,f_zero_Ca,"E(opt, kcal/mol)","time(opt, sec)","E(rattled, kcal/mol)","E(initial, kcal/mol)"
S2-21.1,reactant,[H]c1c([H])c(N([H])C(=O)[C:91]([H])=[C:92]([H])[H])c([H])c([H])c1F,0,-0.1511351,-0.2763334,-201.88185921321974,8.632429155692906,0.117174804,0.0651737,0.09117425,0.043470636,0.0011562109,0.022313423,-362685.70263170695,17.565774876624346,-362682.5401630869,-362684.5846989498
S2-21.1,intermediate,[H]c1c([H])c(N([H])C(=O)[C-:91]([H])[C:92]([H])([H])[S:93]C([H])([H])[H])c([H])c([H])c1F,-1,-0.49681452,-0.116852276,-68.01668862457666,106.71186085016146,-0.031240433,0.01644244,-0.0073989965,-0.013079286,0.36752808,0.1772244,-637683.8863502516,19.994526846334338,-637679.8488480686,-637681.5923010249
S2-21.1,product,[H]c1c([H])c(N([H])C(=O)[C:91]([H])([H])[C:92]([H])([H])[S:93]C([H])([H])[H])c([H])c([H])c1F,0,-0.14269622,-0.12260247,-190.92741651664804,15.1257704894099,-0.024545267,-0.019794427,-0.022169847,0.019333705,0.006363049,0.012848377,-638052.7263822962,1.6555941523984075,-638048.3252718762,-638050.404767716
S2-22.1,reactant,[H]c1c([H])c([H])c(C([H])([H])N([H])C(=O)[C:91]([H])=[C:92]([H])[H])c([H])c1[H],0,-0.16264193,-0.27967852,-207.8290518117475,17.85972485076721,0.16921207,0.09623334,0.1327227,0.08412835,-0.0053090304,0.03940966,-325061.38458635483,2.2829356361180544,-325058.0336653253,-325060.1388804573
S2-22.1,intermediate,[H]c1c([H])c([H])c(C([H])([H])N([H])C(=O)[C-:91]([H])[C:92]([H])([H])[S:93]C([H])([H])[H])c([H])c1[H],-1,-0.55232704,-0.11391431,-72.37376189846132,110.03526697319704,0.008500539,0.022186048,0.015343294,-0.06478745,0.5038519,0.2195322,-600055.193150182,3.063040293753147,-600046.8620146627,-600049.0667772335
S2-22.1,product,[H]c1c([H])c([H])c(C([H])([H])N([H])C(=O)[C:91]([H])([H])[C:92]([H])([H])[S:93]C([H])([H])[H])c([H])c1[H],0,-0.14164254,-0.12345472,-196.42779625969823,16.502428533754127,-0.028854728,-0.019487485,-0.024171107,0.019889027,0.0008433312,0.010366179,-600426.6455524707,4.019785292446613,-600421.7266336979,-600423.9900571019
S2-22.2,reactant,[H]c1c([H])c([H])c(C([H])([H])N([H])C(=O)[C:91]([H])=[C:92]([H])[H])c([H])c1[H],0,-0.1628362,-0.27960458,-207.7455959972822,17.857800183420718,0.1702928,0.09645411,0.13337345,0.084067956,-0.0051745623,0.039446697,-325061.3820710174,2.312726787291467,-325058.5588685419,-325060.1858321148
S2-22.2,intermediate,[H]c1c([H])c([H])c(C([H])([H])N([H])C(=O)[C-:91]([H])[C:92]([H])([H])[S:93]C([H])([H])[H])c([H])c1[H],-1,-0.54241115,-0.11535781,-71.9882405994222,110.1532655479448,0.009139024,0.023858055,0.01649854,-0.057217687,0.48881596,0.21579914,-600054.8719213158,2.353433103300631,-600048.9287205416,-600051.0796780143
S2-22.2,product,[H]c1c([H])c([H])c(C([H])([H])N([H])C(=O)[C:91]([H])([H])[C:92]([H])([H])[S:93]C([H])([H])[H])c([H])c1[H],0,-0.13778637,-0.10747318,-193.79356552455607,17.81855352688842,-0.043298177,-0.040177345,-0.04173776,0.09106539,0.03283997,0.06195268,-600426.7455938888,3.076570517383516,-600422.5228516245,-600424.96477026
S2-22.3,reactant,[H]c1c([H])c([H])c(C([H])([H])N([H])C(=O)[C:91]([H])=[C:92]([H])[H])c([H])c1[H],0,-0.16515453,-0.2819573,-210.5467005421625,17.046255864741862,0.12554839,0.06731957,0.09643398,0.052271113,-0.00171341,0.025278851,-325059.6948044305,2.011752334423363,-325056.1616204711,-325058.7262227817
S2-22.3,intermediate,[H]c1c([H])c([H])c(C([H])([H])N([H])C(=O)[C-:91]([H])[C:92]([H])([H])[S:93]C([H])([H])[H])c([H])c1[H],-1,-0.5114335,-0.110480644,-69.19588158912562,111.30189811891498,0.007943906,0.04267928,0.025311593,-0.021976322,0.38285956,0.18044162,-600053.3226730067,4.580437825992703,-600041.7280099114,-600044.3762562526
S2-22.3,product,[H]c1c([H])c([H])c(C([H])([H])N([H])C(=O)[C:91]([H])([H])[C:92]([H])([H])[S:93]C([H])([H])[H])c([H])c1[H],0,-0.13717018,-0.10646798,-193.49089899055235,17.54072065634864,-0.040262155,-0.038103193,-0.039182674,0.06610179,0.010393113,0.03824745,-600426.7500080712,2.4645430287346244,-600423.3010821493,-600425.4084141001
S2-22.4,reactant,[H]c1c([H])c([H])c(C([H])([H])N([H])C(=O)[C:91]([H])=[C:92]([H])[H])c([H])c1[H],0,-0.16072392,-0.28352472,-209.97171896281324,16.139966011524237,0.13457644,0.07139668,0.10298656,0.043935835,-0.0063079298,0.018813953,-325059.9497049629,2.8797559589147568,-325056.9628107801,-325058.42907994473
S2-22.4,intermediate,[H]c1c([H])c([H])c(C([H])([H])N([H])C(=O)[C-:91]([H])[C:92]([H])([H])[S:93]C([H])([H])[H])c([H])c1[H],-1,-0.50681454,-0.121079825,-67.83875119396855,113.650623367598,0.005289085,0.031208403,0.018248744,-0.048551917,0.42100438,0.18622623,-600055.8595055575,4.351239904761314,-600049.0427673641,-600051.4141515522
S2-22.4,product,[H]c1c([H])c([H])c(C([H])([H])N([H])C(=O)[C:91]([H])([H])[C:92]([H])([H])[S:93]C([H])([H])[H])c([H])c1[H],0,-0.13858694,-0.10527929,-193.09869189209525,17.57296477579168,-0.03993634,-0.03955952,-0.03974793,0.07124403,0.014448747,0.04284639,-600426.7995179577,1.4006452430039644,-600421.8073160271,-600425.6513847747
S2-22.5,reactant,[H]c1c([H])c([H])c(C([H])([H])N([H])C(=O)[C:91]([H])=[C:92]([H])[H])c([H])c1[H],0,-0.16063613,-0.283675,-210.0218528539521,16.110901923248484,0.133854,0.07168536,0.10276968,0.042704552,-0.006455973,0.01812429,-325059.9522807315,4.586324002593756,-325057.1002162956,-325058.4608287902
S2-22.5,intermediate,[H]c1c([H])c([H])c(C([H])([H])N([H])C(=O)[C-:91]([H])[C:92]([H])([H])[S:93]C([H])([H])[H])c([H])c1[H],-1,-0.49918672,-0.12088597,-67.12858374296836,112.86813551527675,0.007556066,0.030333474,0.01894477,-0.045634747,0.4197533,0.18705928,-600055.748267938,3.079560851678252,-600048.9865503608,-600051.7634579563
S2-22.5,product,[H]c1c([H])c([H])c(C([H])([H])N([H])C(=O)[C:91]([H])([H])[C:92]([H])([H])[S:93]C([H])([H])[H])c([H])c1[H],0,-0.13738556,-0.10636305,-193.37129960040622,17.455633565448665,-0.040773258,-0.038214736,-0.039493997,0.06814541,0.011627376,0.039886393,-600426.738343286,2.0666887490078807,-600422.3967223502,-600425.4776900973
S2-22.6,reactant,[H]c1c([H])c([H])c(C([H])([H])N([H])C(=O)[C:91]([H])=[C:92]([H])[H])c([H])c1[H],0,-0.16060194,-0.2835971,-210.00073330182283,16.1362371461252,0.13439754,0.07155605,0.10297679,0.043551207,-0.0064029545,0.018574126,-325059.9492845763,2.8488372061401606,-325057.3767201565,-325058.41896522004
S2-22.6,intermediate,[H]c1c([H])c([H])c(C([H])([H])N([H])C(=O)[C-:91]([H])[C:92]([H])([H])[S:93]C([H])([H])[H])c([H])c1[H],-1,-0.47999328,-0.12438384,-65.79935956603072,110.18106978404032,-0.001992561,0.025252067,0.011629753,-0.024935246,0.43771765,0.2063912,-600052.0239826115,2.1048411037772894,-600046.0714059743,-600048.3804978472
S2-22.6,product,[H]c1c([H])c([H])c(C([H])([H])N([H])C(=O)[C:91]([H])([H])[C:92]([H])([H])[S:93]C([H])([H])[H])c([H])c1[H],0,-0.14853685,-0.11759813,-194.48379868211947,19.42208102247878,0.0038955882,-0.015802577,-0.0059534945,0.04455635,0.019949377,0.032252863,-600428.1910007376,4.788427450694144,-600424.4238120408,-600426.3787296063
S2-20.1,reactant,[H]c1c([H])c(N([H])C(=O)[C:91]([H])=[C:92]([H])[H])c([H])c([H])c1N([H])[H],0,-0.14958617,-0.28377742,-181.16097711226675,15.786330376310548,0.1137217,0.05502084,0.08437127,0.037403986,-0.007173583,0.0151152015,-335136.93379273504,1.5696526123210788,-335133.4963576669,-335135.3029587373
S2-20.1,intermediate,[H]c1c([H])c(N([H])C(=O)[C-:91]([H])[C:92]([H])([H])[S:93]C([H])([H])[H])c([H])c([H])c1N([H])[H],-1,-0.51500523,-0.10990428,-63.71617907401224,112.92033073115887,-0.022136904,0.018529445,-0.0018037297,-0.017998308,0.31448984,0.14824577,-610132.1293304643,2.8862296352162957,-610122.3320909535,-610125.5569644972
S2-20.1,product,[H]c1c([H])c(N([H])C(=O)[C:91]([H])([H])[C:92]([H])([H])[S:93]C([H])([H])[H])c([H])c([H])c1N([H])[H],0,-0.14565995,-0.11587027,-176.51402571951132,23.889384644045833,-0.012862951,-0.029123172,-0.020993061,0.027178377,0.007110253,0.017144315,-610503.9258420116,3.967368045821786,-610498.436537338,-610500.6896629783
S2-23.1,reactant,[H]c1c([H])c([H])c(N(C(=O)[C:91]([H])=[C:92]([H])[H])C([H])([H])[H])c([H])c1[H],0,-0.16353978,-0.2881388,-197.98978955949752,14.527666250650961,0.16287315,0.10509479,0.13398397,0.059826076,-0.004128188,0.027848944,-325051.0681325416,2.3981233509257436,-325047.0390416817,-325048.7227176889
S2-23.1,intermediate,[H]c1c([H])c([H])c(N(C(=O)[C-:91]([H])[C:92]([H])([H])[S:93]C([H])([H])[H])C([H])([H])[H])c([H])c1[H],-1,-0.38962936,-0.10973955,-65.84503434956125,113.89320790255806,-0.010070011,0.011226818,0.0005784035,-0.02068159,0.26804358,0.123681,-600048.7864800795,2.3421548306941986,-600043.1977501168,-600046.3473941858
S2-23.1,product,[H]c1c([H])c([H])c(N(C(=O)[C:91]([H])([H])[C:92]([H])([H])[S:93]C([H])([H])[H])C([H])([H])[H])c([H])c1[H],0,-0.12614146,-0.11802576,-191.17907116692527,18.284258277026176,-0.03192012,-0.02146665,-0.026693385,0.04036814,0.023318492,0.031843316,-600419.9120048097,1.8641285160556436,-600415.5200735308,-600418.3813987362
S2-23.2,reactant,[H]c1c([H])c([H])c(N(C(=O)[C:91]([H])=[C:92]([H])[H])C([H])([H])[H])c([H])c1[H],0,-0.16349038,-0.28810665,-198.18482045814432,14.641479980709473,0.16312885,0.105259314,0.13419408,0.05996637,-0.0040649623,0.027950704,-325051.06324843614,2.184064661152661,-325046.96107025474,-325049.3932316117
S2-23.2,intermediate,[H]c1c([H])c([H])c(N(C(=O)[C-:91]([H])[C:92]([H])([H])[S:93]C([H])([H])[H])C([H])([H])[H])c([H])c1[H],-1,-0.43131077,-0.105536334,-67.69690198512498,114.23492471297023,-0.012341566,0.008731231,-0.0018051676,-0.034573972,0.3125554,0.13899072,-600050.8846663269,3.4385406374931335,-600045.0803464957,-600047.665009002
S2-23.2,product,[H]c1c([H])c([H])c(N(C(=O)[C:91]([H])([H])[C:92]([H])([H])[S:93]C([H])([H])[H])C([H])([H])[H])c([H])c1[H],0,-0.13224801,-0.11276055,-189.82547515920913,19.081189584962207,-0.053342216,-0.045794673,-0.049568444,0.038621128,0.0072823837,0.022951756,-600416.798053592,2.397486163303256,-600412.4635628579,-600415.180743995
S2-23.3,reactant,[H]c1c([H])c([H])c(N(C(=O)[C:91]([H])=[C:92]([H])[H])C([H])([H])[H])c([H])c1[H],0,-0.12741269,-0.2949627,-204.13780439167084,11.805718275254973,0.15305889,0.12404619,0.13855255,0.10191591,0.0012747347,0.051595323,-325053.9348267188,2.126610246486962,-325050.3790183416,-325052.2088796642
S2-23.3,intermediate,[H]c1c([H])c([H])c(N(C(=O)[C-:91]([H])[C:92]([H])([H])[S:93]C([H])([H])[H])C([H])([H])[H])c([H])c1[H],-1,-0.4312119,-0.105657704,-67.68433430678874,114.1872035660624,-0.011822708,0.009114161,-0.0013542734,-0.034089297,0.3117428,0.13882676,-600050.8785715137,3.340346428565681,-600045.0165581898,-600047.6704171721
S2-23.3,product,[H]c1c([H])c([H])c(N(C(=O)[C:91]([H])([H])[C:92]([H])([H])[S:93]C([H])([H])[H])C([H])([H])[H])c([H])c1[H],0,-0.14400065,-0.12585025,-190.20088006217935,22.329120455809527,-0.042249456,-0.033583388,-0.037916422,0.039507568,0.019021578,0.029264573,-600416.1331944332,1.9555507684126496,-600411.9220618644,-600414.7216660768
S2-23.4,reactant,[H]c1c([H])c([H])c(N(C(=O)[C:91]([H])=[C:92]([H])[H])C([H])([H])[H])c([H])c1[H],0,-0.16357931,-0.2881547,-197.9809238941732,14.530501502355737,0.16287276,0.10517329,0.13402303,0.05972646,-0.004074365,0.027826048,-325051.0674584605,2.4022012408822775,-325046.7648821847,-325048.729267456
S2-23.4,intermediate,[H]c1c([H])c([H])c(N(C(=O)[C-:91]([H])[C:92]([H])([H])[S:93]C([H])([H])[H])C([H])([H])[H])c([H])c1[H],-1,-0.3956529,-0.112566136,-67.42471461974418,113.2877431247479,-0.02074799,0.011195913,-0.004776038,-0.051543534,0.30020654,0.124331504,-600048.2221621801,3.339837365783751,-600042.8591860968,-600044.7716100728
S2-23.4,product,[H]c1c([H])c([H])c(N(C(=O)[C:91]([H])([H])[C:92]([H])([H])[S:93]C([H])([H])[H])C([H])([H])[H])c([H])c1[H],0,-0.13704841,-0.12450225,-187.77502201030472,21.62143481275317,-0.041298933,-0.029017918,-0.035158426,0.028312027,0.012212127,0.020262077,-600415.6314932591,1.9184180768206716,-600411.8764349833,-600414.0074679025
S2-24.1,reactant,[H]c1c([H])c([H])c(N([H])C(=O)[C:91]([H])=[C:92]([H])[H])c([H])c1[H],0,-0.14373067,-0.27833125,-202.7823539763947,11.929090961661744,0.13221613,0.067297265,0.099756695,0.059948936,-0.0015426576,0.02920314,-300374.0776488411,0.5660651912912726,-300370.9860121446,-300373.4140358619
S2-24.1,intermediate,[H]c1c([H])c([H])c(N([H])C(=O)[C-:91]([H])[C:92]([H])([H])[S:93]C([H])([H])[H])c([H])c1[H],-1,-0.47528297,-0.11195728,-64.9649677027188,114.75497216223101,-0.009253487,0.023327135,0.007036824,-0.021784633,0.33172217,0.15496877,-575374.3024530442,2.1580221382901073,-575370.1601327385,-575371.7673192348
S2-24.1,product,[H]c1c([H])c([H])c(N([H])C(=O)[C:91]([H])([H])[C:92]([H])([H])[S:93]C([H])([H])[H])c([H])c1[H],0,-0.13422441,-0.101914115,-193.58717512030088,19.489549133538603,-0.048416395,-0.05073499,-0.049575694,0.05615811,0.01985044,0.038004275,-575740.6270835891,0.6998660648241639,-575737.6961754466,-575739.5407105321
S2-25.1,reactant,[H]c1c([H])c([H])c(C([H])([H])[H])c(N([H])C(=O)[C:91]([H])=[C:92]([H])[H])c1[H],0,-0.14865117,-0.28197712,-197.35792977510258,13.09892877219528,0.14943749,0.08873922,0.11908835,0.098826155,-0.007655829,0.045585163,-325063.80880933104,0.4217409426346421,-325062.32688631234,-325063.0949421626
S2-25.1,intermediate,[H]c1c([H])c([H])c(C([H])([H])[H])c(N([H])C(=O)[C-:91]([H])[C:92]([H])([H])[S:93]C([H])([H])[H])c1[H],-1,-0.50669354,-0.10985669,-66.21248351799092,112.23354205844298,-0.0015909746,0.0347073,0.016558163,-0.0010777116,0.30783868,0.15338048,-600061.2816857946,4.075706152245402,-600053.7601976573,-600056.110279715
S2-25.1,product,[H]c1c([H])c([H])c(C([H])([H])[H])c(N([H])C(=O)[C:91]([H])([H])[C:92]([H])([H])[S:93]C([H])([H])[H])c1[H],0,-0.14896053,-0.116785705,-192.26475281511802,23.285021371665323,-0.0034057796,-0.022341251,-0.0128735155,0.03299333,0.018945605,0.025969468,-600428.9793984422,2.2202141620218754,-600423.4602314928,-600426.1314449265
S2-25.2,reactant,[H]c1c([H])c([H])c(C([H])([H])[H])c(N([H])C(=O)[C:91]([H])=[C:92]([H])[H])c1[H],0,-0.14852996,-0.28206226,-197.37132633607285,13.086616521365007,0.14907283,0.08865999,0.11886641,0.0988407,-0.007730618,0.04555504,-325063.8064916561,0.43745506182312965,-325062.2677543065,-325063.10234203644
S2-25.2,intermediate,[H]c1c([H])c([H])c(C([H])([H])[H])c(N([H])C(=O)[C-:91]([H])[C:92]([H])([H])[S:93]C([H])([H])[H])c1[H],-1,-0.50667614,-0.11012152,-66.18313881381337,112.2315245194601,-0.0018212721,0.03471879,0.016448759,-0.0012190938,0.3076833,0.1532321,-600061.2617643212,4.37683664355427,-600054.8296059701,-600056.5988048128
S2-25.2,product,[H]c1c([H])c([H])c(C([H])([H])[H])c(N([H])C(=O)[C:91]([H])([H])[C:92]([H])([H])[S:93]C([H])([H])[H])c1[H],0,-0.13005257,-0.10460147,-190.22877167465862,18.317179444314093,-0.04299966,-0.045894697,-0.044447176,0.04848312,0.004730627,0.026606873,-600428.7686478585,1.5088738920167089,-600425.1827467672,-600427.639883974
S2-25.3,reactant,[H]c1c([H])c([H])c(C([H])([H])[H])c(N([H])C(=O)[C:91]([H])=[C:92]([H])[H])c1[H],0,-0.14916052,-0.28175074,-197.32531379264057,13.138341833392323,0.1505355,0.088887185,0.11971134,0.098404676,-0.007313311,0.045545682,-325063.81239018554,0.7176583502441645,-325061.1340107758,-325063.09941149777
S2-25.3,intermediate,[H]c1c([H])c([H])c(C([H])([H])[H])c(N([H])C(=O)[C-:91]([H])[C:92]([H])([H])[S:93]C([H])([H])[H])c1[H],-1,-0.46065545,-0.12167023,-64.13131696968718,110.1441205825088,-0.01526738,0.02485533,0.0047939755,-0.022027016,0.35310268,0.16553783,-600058.9346584379,2.1824496872723103,-600053.490285586,-600055.9544402736
S2-25.3,product,[H]c1c([H])c([H])c(C([H])([H])[H])c(N([H])C(=O)[C:91]([H])([H])[C:92]([H])([H])[S:93]C([H])([H])[H])c1[H],0,-0.13873631,-0.11595688,-187.44270619330428,18.678887799043668,-0.017644152,-0.022773422,-0.020208787,0.019805714,0.00469321,0.012249462,-600429.9651382989,2.6085325442254543,-600425.879781837,-600427.6617553689
S2-26.1,reactant,[H]c1c([H])c(N([H])C(=O)[C:91]([H])=[C:92]([H])[H])c([H])c([H])c1OC([H])([H])[H],0,-0.15169477,-0.27874592,-184.54962791139315,12.446888159430983,0.14544502,0.07727544,0.11136023,0.06587796,-0.010940373,0.027468793,-372285.8876558228,0.8159650890156627,-372282.53497098177,-372285.13477321295
S2-26.1,intermediate,[H]c1c([H])c(N([H])C(=O)[C-:91]([H])[C:92]([H])([H])[S:93]C([H])([H])[H])c([H])c([H])c1OC([H])([H])[H],-1,-0.5000577,-0.11693619,-64.67326069354748,104.6744018005443,-0.02559483,0.0146788955,-0.0054579675,-0.013406396,0.34481138,0.16570249,-647279.8259360924,1.0900154700502753,-647275.8187276165,-647277.288664367
S2-26.1,product,[H]c1c([H])c(N([H])C(=O)[C:91]([H])([H])[C:92]([H])([H])[S:93]C([H])([H])[H])c([H])c([H])c1OC([H])([H])[H],0,-0.13167387,-0.102039665,-179.7295923356867,16.493507262035166,-0.041587822,-0.050567687,-0.046077754,0.03234987,-0.005256593,0.013546638,-647650.781144513,1.1740916604176164,-647647.1405718876,-647649.714341126
S2-26.2,reactant,[H]c1c([H])c(N([H])C(=O)[C:91]([H])=[C:92]([H])[H])c([H])c([H])c1OC([H])([H])[H],0,-0.15165734,-0.27884993,-184.55233754037656,12.438005146046454,0.14519534,0.07724355,0.11121944,0.065762684,-0.010950729,0.027405977,-372285.8880253281,0.8266584379598498,-372283.05737968156,-372285.13190063694
S2-26.2,intermediate,[H]c1c([H])c(N([H])C(=O)[C-:91]([H])[C:92]([H])([H])[S:93]C([H])([H])[H])c([H])c([H])c1OC([H])([H])[H],-1,-0.5201216,-0.11085375,-65.63719233970227,108.45597527880759,-0.011662647,0.02178172,0.0050595365,-0.016521513,0.3188906,0.15118454,-647281.74981776,2.790035465732217,-647274.9313262044,-647277.2483234945
S2-26.2,product,[H]c1c([H])c(N([H])C(=O)[C:91]([H])([H])[C:92]([H])([H])[S:93]C([H])([H])[H])c([H])c([H])c1OC([H])([H])[H],0,-0.14235827,-0.120862395,-177.84235872691622,17.207851376612435,-0.02044814,-0.024888426,-0.022668283,0.018336937,0.0015058666,0.009921402,-647651.5728481179,1.8050102647393942,-647646.9974985593,-647649.3562471598
S2-27.1,reactant,[H]c1c([H])c([H])c(N([H])C(=O)[C:91]([H])=[C:92]([H])[H])c(C#N)c1[H],0,-0.14245248,-0.26868504,-209.49603137890992,-8.815320771814159,0.07946223,0.0641911,0.07182667,0.033734024,0.00826177,0.020997897,-358304.235025445,2.235616285353899,-358300.6466242857,-358302.6639010798
S2-27.1,intermediate,[H]c1c([H])c([H])c(N([H])C(=O)[C-:91]([H])[C:92]([H])([H])[S:93]C([H])([H])[H])c(C#N)c1[H],-1,-0.52324706,-0.112049684,-73.38310700999662,91.32762951340767,-0.013614327,0.02847156,0.0074286163,-0.014407098,0.32981908,0.15770599,-633308.3108782193,4.145698623731732,-633301.9463200984,-633304.1869348163
S2-27.1,product,[H]c1c([H])c([H])c(N([H])C(=O)[C:91]([H])([H])[C:92]([H])([H])[S:93]C([H])([H])[H])c(C#N)c1[H],0,-0.1321087,-0.117577605,-198.59837778757012,-3.0920074820816588,-0.054572135,-0.036179073,-0.045375604,0.02672796,0.011737265,0.019232612,-633669.8201002011,1.145703887566924,-633666.7293534786,-633668.5440495793
S2-27.2,reactant,[H]c1c([H])c([H])c(N([H])C(=O)[C:91]([H])=[C:92]([H])[H])c(C#N)c1[H],0,-0.14227928,-0.2687768,-209.47119109689748,-8.812160747007502,0.0794673,0.064319015,0.071893156,0.03357695,0.008160591,0.02086877,-358304.2354340779,2.2021147636696696,-358300.3891781202,-358302.66568596923
S2-27.2,intermediate,[H]c1c([H])c([H])c(N([H])C(=O)[C-:91]([H])[C:92]([H])([H])[S:93]C([H])([H])[H])c(C#N)c1[H],-1,-0.49122074,-0.12713261,-73.43442936683572,93.62078813242827,-0.033053152,0.027563363,-0.0027448945,-0.016526341,0.35583913,0.1696564,-633302.1796733924,5.328617816790938,-633295.5011376677,-633297.1773371123
S2-27.2,product,[H]c1c([H])c([H])c(N([H])C(=O)[C:91]([H])([H])[C:92]([H])([H])[S:93]C([H])([H])[H])c(C#N)c1[H],0,-0.13207376,-0.11731989,-198.5335850761583,-3.0607147308278897,-0.05453314,-0.036191724,-0.04536243,0.026680723,0.011746451,0.019213587,-633669.8174292292,1.139446540735662,-633666.2162476771,-633668.5383174287
S2-27.3,reactant,[H]c1c([H])c([H])c(N([H])C(=O)[C:91]([H])=[C:92]([H])[H])c(C#N)c1[H],0,-0.14573073,-0.26992482,-208.75373825625599,-8.27901380857,0.10029206,0.092862755,0.096577406,0.050159812,0.0034775436,0.026818678,-358305.2031335208,0.649525199085474,-358302.21338957566,-358304.2664189371
S2-27.3,intermediate,[H]c1c([H])c([H])c(N([H])C(=O)[C-:91]([H])[C:92]([H])([H])[S:93]C([H])([H])[H])c(C#N)c1[H],-1,-0.48653263,-0.11299659,-73.2606440689264,85.25011271889773,-0.013653569,0.02255661,0.0044515207,-0.004196048,0.33066848,0.16323622,-633308.7580056292,2.4932254860177636,-633302.6461912579,-633304.6253517811
S2-27.3,product,[H]c1c([H])c([H])c(N([H])C(=O)[C:91]([H])([H])[C:92]([H])([H])[S:93]C([H])([H])[H])c(C#N)c1[H],0,-0.14466211,-0.12969089,-197.49443717907062,-2.0366745023735873,-0.031098507,-0.016414419,-0.023756463,0.02441205,0.020349227,0.022380639,-633670.4771835763,2.9680116921663284,-633666.3461460354,-633668.4395021327
S2-28.1,reactant,[H]c1c([H])c(F)c([H])c(N([H])C(=O)[C:91]([H])=[C:92]([H])[H])c1[H],0,-0.15352125,-0.2731595,-204.56446994617517,7.315798416174816,0.15451753,0.09708808,0.12580281,0.08530724,8.5279346e-05,0.04269626,-362687.401123343,0.6906824428588152,-362684.41255975846,-362686.700312518
S2-28.1,intermediate,[H]c1c([H])c(F)c([H])c(N([H])C(=O)[C-:91]([H])[C:92]([H])([H])[S:93]C([H])([H])[H])c1[H],-1,-0.49938548,-0.11568587,-69.326450809365,105.99377792684207,-0.030960515,0.0164022,-0.0072791576,-0.012245327,0.3741836,0.18096915,-637686.1589314037,1.8615876315161586,-637682.291247381,-637683.843845043
S2-28.1,product,[H]c1c([H])c(F)c([H])c(N([H])C(=O)[C:91]([H])([H])[C:92]([H])([H])[S:93]C([H])([H])[H])c1[H],0,-0.14317352,-0.12277772,-193.73067411795924,13.99231734495091,-0.02414485,-0.017584495,-0.020864673,0.023237154,0.010109022,0.016673088,-638053.6824696123,2.0803364384919405,-638048.1821392041,-638051.3641669294
S2-28.2,reactant,[H]c1c([H])c(F)c([H])c(N([H])C(=O)[C:91]([H])=[C:92]([H])[H])c1[H],0,-0.15364595,-0.27305445,-204.5583957585404,7.331911751488011,0.15460366,0.097050145,0.1258269,0.08526881,0.00019739568,0.042733103,-362687.40183936566,0.8263624710962176,-362684.7592276955,-362686.698704588
S2-28.2,intermediate,[H]c1c([H])c(F)c([H])c(N([H])C(=O)[C-:91]([H])[C:92]([H])([H])[S:93]C([H])([H])[H])c1[H],-1,-0.46372244,-0.117883205,-68.02336751324412,105.77816235385353,-0.014371641,0.021559127,0.0035937428,-0.021981984,0.35842833,0.16822317,-637686.5648653168,2.156064098700881,-637682.6708821051,-637684.2994907671
S2-28.2,product,[H]c1c([H])c(F)c([H])c(N([H])C(=O)[C:91]([H])([H])[C:92]([H])([H])[S:93]C([H])([H])[H])c1[H],0,-0.1358876,-0.107714996,-195.9594193031616,13.772729530609308,-0.04927667,-0.044412926,-0.046844795,0.06014675,0.021877438,0.041012093,-638052.7826962363,0.4185058530420065,-638050.2557326104,-638051.5575101296
S2-29.1,reactant,[H]c1c([H])c(C([H])([H])[H])c([H])c([H])c1N([H])C(=O)[C:91]([H])=[C:92]([H])[H],0,-0.14967526,-0.27864367,-193.92067673794767,13.68829340082373,0.15762249,0.08556077,0.12159163,0.07909773,-0.009526551,0.03478559,-325063.09997687186,0.7973087141290307,-325060.8073621249,-325062.44423416816
S2-29.1,intermediate,[H]c1c([H])c(C([H])([H])[H])c([H])c([H])c1N([H])C(=O)[C-:91]([H])[C:92]([H])([H])[S:93]C([H])([H])[H],-1,-0.47884092,-0.11283526,-64.50965558135316,110.3120691915583,-0.001945883,0.024197713,0.011125915,-0.024011046,0.32517546,0.15058222,-600061.2238196534,1.9851477732881904,-600055.6832729965,-600058.5968606735
S2-29.1,product,[H]c1c([H])c(C([H])([H])[H])c([H])c([H])c1N([H])C(=O)[C:91]([H])([H])[C:92]([H])([H])[S:93]C([H])([H])[H],0,-0.14107819,-0.115105085,-186.9888693405395,19.318699115068355,-0.021069847,-0.031801067,-0.026435457,0.028615385,0.010699585,0.019657485,-600428.0657186493,1.5549037847667933,-600423.9735585338,-600426.4085566871
S2-30.1,reactant,[H]c1nc(N([H])C(=O)[C:91]([H])=[C:92]([H])[H])c([H])c([H])c1[H],0,-0.15483204,-0.278219,-206.21691304640328,7.321021772631831,0.11274889,0.07105467,0.09190178,0.031082138,0.004170209,0.017626174,-310450.6258390577,0.811255294829607,-310448.67832411116,-310449.85305176827
S2-30.1,intermediate,[H]c1nc(N([H])C(=O)[C-:91]([H])[C:92]([H])([H])[S:93]C([H])([H])[H])c([H])c([H])c1[H],-1,-0.5025935,-0.10336904,-69.83600288287012,108.68554801272397,-0.0092412755,0.026993446,0.008876085,0.000100553036,0.34332174,0.17171115,-585449.4187460969,2.5049684289842844,-585442.9159155753,-585444.5261656495
S2-30.1,product,[H]c1nc(N([H])C(=O)[C:91]([H])([H])[C:92]([H])([H])[S:93]C([H])([H])[H])c([H])c([H])c1[H],0,-0.13982442,-0.10816358,-195.6815527907946,13.827902790619593,-0.0494333,-0.04152216,-0.04547773,0.028304324,0.0089484155,0.01862637,-585817.0315165156,0.9254248309880495,-585814.1892527172,-585816.1790745046
S2-31.1,reactant,[H]c1c([H])c(N([H])C(=O)[C:91]([H])=[C:92]([H])[H])c([H])c([H])c1C#N,0,-0.15422598,-0.26745552,-204.5979736838606,-7.996487750192845,0.10857412,0.08994043,0.099257275,0.02966562,-0.002301529,0.013682045,-358303.2991209807,0.4550698259845376,-358300.4887059212,-358302.2763585544
S2-31.1,intermediate,[H]c1c([H])c(N([H])C(=O)[C-:91]([H])[C:92]([H])([H])[S:93]C([H])([H])[H])c([H])c([H])c1C#N,-1,-0.47492668,-0.11269854,-75.87559931703153,84.74478907051217,-0.0054226816,0.019036263,0.006806791,-0.021772802,0.29404482,0.13613601,-633312.2768491412,1.894794742576778,-633308.3186184694,-633309.8663797015
S2-31.1,product,[H]c1c([H])c(N([H])C(=O)[C:91]([H])([H])[C:92]([H])([H])[S:93]C([H])([H])[H])c([H])c([H])c1C#N,0,-0.13406472,-0.11125639,-194.23848369062108,-3.13608721195508,-0.050643288,-0.03908567,-0.04486448,0.014958188,0.0010870397,0.008022614,-633668.1301935982,1.2440371867269278,-633664.7061655689,-633666.7544582464
S2-32.1,reactant,[H]c1c([H])c([H])c(C(N([H])C(=O)[C:91](C([H])([H])[H])=[C:92]([H])[H])(C([H])([H])[H])C([H])([H])[H])c([H])c1[H],0,0.009971828,-0.32513896,-203.77805353427485,15.14618330494222,0.1349003,0.083996266,0.109448284,-0.03508366,-0.052731812,-0.043907735,-399123.0179078112,2.303172438405454,-399118.4972566592,-399121.5585019206
S2-32.1,intermediate,[H]c1c([H])c([H])c(C(N([H])C(=O)[C-:91](C([H])([H])[H])[C:92]([H])([H])[S:93]C([H])([H])[H])(C([H])([H])[H])C([H])([H])[H])c([H])c1[H],-1,0.037761007,-0.38152042,-77.81277911827175,83.73022517166902,0.14851943,0.07065356,0.10958649,0.02713387,-0.060490087,-0.016678108,-674124.6697628899,2.3528777798637748,-674118.3371625362,-674121.1548360313
S2-32.1,product,[H]c1c([H])c([H])c(C(N([H])C(=O)[C:91]([H])(C([H])([H])[H])[C:92]([H])([H])[S:93]C([H])([H])[H])(C([H])([H])[H])C([H])([H])[H])c([H])c1[H],0,-0.08263494,-0.11333728,-185.80042892599076,12.550344115900426,-0.029570527,-0.020085946,-0.024828237,0.023767315,0.0050859004,0.014426608,-674486.6088335192,2.1364687215536833,-674481.7744176534,-674485.0754679167
S2-32.2,reactant,[H]c1c([H])c([H])c(C(N([H])C(=O)[C:91](C([H])([H])[H])=[C:92]([H])[H])(C([H])([H])[H])C([H])([H])[H])c([H])c1[H],0,0.0017757441,-0.32540208,-194.14481746757892,16.71715857587901,0.16213039,0.108435735,0.13528305,0.039233044,-0.039952,-0.00035947748,-399122.51865957404,1.8166606463491917,-399117.81846117746,-399121.1079082718
S2-32.2,intermediate,[H]c1c([H])c([H])c(C(N([H])C(=O)[C-:91](C([H])([H])[H])[C:92]([H])([H])[S:93]C([H])([H])[H])(C([H])([H])[H])C([H])([H])[H])c([H])c1[H],-1,0.014055004,-0.37991548,-81.99011970342721,83.01110103545368,0.16520578,0.080450565,0.12282817,0.015208809,-0.049384534,-0.017087862,-674125.3469137804,2.615359659306705,-674115.7579391497,-674119.1291041438
S2-32.2,product,[H]c1c([H])c([H])c(C(N([H])C(=O)[C:91]([H])(C([H])([H])[H])[C:92]([H])([H])[S:93]C([H])([H])[H])(C([H])([H])[H])C([H])([H])[H])c([H])c1[H],0,-0.10108634,-0.09717241,-184.56096601615843,14.508923292459368,0.034992754,0.0017715842,0.01838217,0.032359697,0.014784068,0.023571882,-674485.7990185731,4.010506843216717,-674479.2137606487,-674483.5872910671
S2-32.3,reactant,[H]c1c([H])c([H])c(C(N([H])C(=O)[C:91](C([H])([H])[H])=[C:92]([H])[H])(C([H])([H])[H])C([H])([H])[H])c([H])c1[H],0,0.0017218312,-0.32542476,-194.13409885767638,16.735741095134856,0.16231853,0.10851215,0.13541535,0.039030198,-0.03984825,-0.0004090257,-399122.5210675921,1.88795667886734,-399118.15032634506,-399121.10592036723
S2-32.3,intermediate,[H]c1c([H])c([H])c(C(N([H])C(=O)[C-:91](C([H])([H])[H])[C:92]([H])([H])[S:93]C([H])([H])[H])(C([H])([H])[H])C([H])([H])[H])c([H])c1[H],-1,0.013966753,-0.37998778,-81.94102177645354,82.94456295025591,0.16166013,0.080363154,0.121011645,0.014599507,-0.04935026,-0.017375378,-674125.358608752,3.6302113756537437,-674114.920930301,-674118.8666910888
S2-32.3,product,[H]c1c([H])c([H])c(C(N([H])C(=O)[C:91]([H])(C([H])([H])[H])[C:92]([H])([H])[S:93]C([H])([H])[H])(C([H])([H])[H])C([H])([H])[H])c([H])c1[H],0,-0.07055614,-0.11651524,-187.31293587487062,12.772094964789957,-0.0021042377,-0.019083925,-0.010594081,0.022988796,0.007190667,0.015089732,-674487.4403433268,1.440149812027812,-674482.1811385583,-674485.8867012741
S2-32.4,reactant,[H]c1c([H])c([H])c(C(N([H])C(=O)[C:91](C([H])([H])[H])=[C:92]([H])[H])(C([H])([H])[H])C([H])([H])[H])c([H])c1[H],0,0.0017190428,-0.32546002,-194.13827347592297,16.725514226387645,0.16199473,0.108470246,0.13523248,0.039045732,-0.039968133,-0.00046120025,-399122.524276808,2.0496554356068373,-399117.7829898172,-399121.10139685957
S2-32.4,intermediate,[H]c1c([H])c([H])c(C(N([H])C(=O)[C-:91](C([H])([H])[H])[C:92]([H])([H])[S:93]C([H])([H])[H])(C([H])([H])[H])C([H])([H])[H])c([H])c1[H],-1,0.020545857,-0.3799403,-85.32986343721254,82.97190837107377,0.1833314,0.07909307,0.13121223,0.03817022,-0.042815827,-0.0023228033,-674129.0628029986,3.4670507749542594,-674121.97772216,-674124.5463441074
S2-32.4,product,[H]c1c([H])c([H])c(C(N([H])C(=O)[C:91]([H])(C([H])([H])[H])[C:92]([H])([H])[S:93]C([H])([H])[H])(C([H])([H])[H])C([H])([H])[H])c([H])c1[H],0,-0.10117123,-0.097158745,-184.5686892849639,14.505867221741992,0.034419417,0.0014998317,0.017959625,0.0324193,0.014821999,0.02362065,-674485.8005916415,3.760704156011343,-674480.344037592,-674483.5756684282
S2-32.5,reactant,[H]c1c([H])c([H])c(C(N([H])C(=O)[C:91](C([H])([H])[H])=[C:92]([H])[H])(C([H])([H])[H])C([H])([H])[H])c([H])c1[H],0,-0.0023164847,-0.32500786,-199.44218693294326,13.55000515936314,0.14264363,0.111802,0.1272228,-0.01640609,-0.038405817,-0.027405955,-399123.7163162561,1.5951134357601404,-399119.53086522873,-399122.93109896046
S2-32.5,intermediate,[H]c1c([H])c([H])c(C(N([H])C(=O)[C-:91](C([H])([H])[H])[C:92]([H])([H])[S:93]C([H])([H])[H])(C([H])([H])[H])C([H])([H])[H])c([H])c1[H],-1,0.019283516,-0.37667063,-85.83956335430194,83.8833556063823,0.17829046,0.07584065,0.12706555,0.046425283,-0.046388697,1.8293038e-05,-674129.0354017927,3.207402842119336,-674121.6080292788,-674124.4149098371
S2-32.5,product,[H]c1c([H])c([H])c(C(N([H])C(=O)[C:91]([H])(C([H])([H])[H])[C:92]([H])([H])[S:93]C([H])([H])[H])(C([H])([H])[H])C([H])([H])[H])c([H])c1[H],0,-0.09440261,-0.12548165,-184.7816689258,13.039868547941499,-0.0014866516,-0.0033990592,-0.0024428554,0.0049488842,-0.00092832,0.0020102821,-674487.4565435555,2.95275850687176,-674482.1492305017,-674485.7243763729
S2-33.1,reactant,[H]c1c([H])c([H])c(N([H])C(=O)[C:91](C([H])([H])[H])=[C:92]([H])[H])c([H])c1[H],0,0.02362838,-0.32535085,-200.2185456818907,13.098365992761074,0.13846481,0.08389048,0.111177646,-0.010285638,-0.05750528,-0.03389546,-325063.5364016959,1.381978859193623,-325060.4656758523,-325062.4804971743
S2-33.1,intermediate,[H]c1c([H])c([H])c(N([H])C(=O)[C-:91](C([H])([H])[H])[C:92]([H])([H])[S:93]C([H])([H])[H])c([H])c1[H],-1,-0.3128372,-0.13019222,-60.36748098692342,109.80777034543765,0.015007451,0.025251307,0.020129379,-0.077733204,0.33885327,0.13056003,-600060.6328321093,2.9260173933580518,-600054.4635299804,-600057.6441960456
S2-33.1,product,[H]c1c([H])c([H])c(N([H])C(=O)[C:91]([H])(C([H])([H])[H])[C:92]([H])([H])[S:93]C([H])([H])[H])c([H])c1[H],0,-0.078074425,-0.10960648,-190.96062474145424,16.716204135499336,-0.03514711,-0.03583481,-0.03549096,0.022298671,-0.0031038225,0.009597424,-600427.0482036802,1.6419459637254477,-600423.2337297989,-600425.8392912758
S2-34.1,reactant,[H]c1c([H])c([H])c(N([H])C(=O)[C:91]([H])=[C:92](C([H])([H])[H])C([H])([H])[H])c([H])c1[H],0,-0.19966021,0.027798405,-194.02690132275345,12.208290392955687,-0.0057236347,0.018316986,0.0062966757,0.047220916,0.0056338906,0.026427403,-349750.55944959604,1.5413136761635542,-349747.83111668885,-349749.6240641894
S2-34.1,intermediate,[H]c1c([H])c([H])c(N([H])C(=O)[C-:91]([H])[C:92](C([H])([H])[H])(C([H])([H])[H])[S:93]C([H])([H])[H])c([H])c1[H],-1,-0.43049142,0.104219854,-63.34573196310701,108.23347343465147,-0.05424659,-0.020945169,-0.03759588,-0.008173108,0.28942502,0.14062595,-624743.0637440841,1.0897639887407422,-624738.9715615897,-624741.3845615531
S2-34.1,product,[H]c1c([H])c([H])c(N([H])C(=O)[C:91]([H])([H])[C:92](C([H])([H])[H])(C([H])([H])[H])[S:93]C([H])([H])[H])c([H])c1[H],0,-0.12487362,0.073093526,-185.93607804049773,16.275130459764597,-0.042287022,-0.060577143,-0.051432084,0.020863906,0.0064804032,0.013672154,-625113.234139033,1.2505439883098006,-625109.2582013234,-625112.138970228
S2-34.2,reactant,[H]c1c([H])c([H])c(N([H])C(=O)[C:91]([H])=[C:92](C([H])([H])[H])C([H])([H])[H])c([H])c1[H],0,-0.1878714,0.04748188,-194.17778662613873,12.091934439850837,0.032905284,0.08945267,0.061178975,0.05968888,-0.012178376,0.023755252,-349752.78003433486,1.3879924518987536,-349750.33827630687,-349751.97737935523
S2-34.2,intermediate,[H]c1c([H])c([H])c(N([H])C(=O)[C-:91]([H])[C:92](C([H])([H])[H])(C([H])([H])[H])[S:93]C([H])([H])[H])c([H])c1[H],-1,-0.4399539,0.112313345,-63.451211623787756,106.9197579328506,-0.02316299,0.010588914,-0.0062870383,-0.021082252,0.277784,0.12835085,-624747.3854304558,1.9673876240849495,-624742.3638708433,-624744.0680507008
S2-34.2,product,[H]c1c([H])c([H])c(N([H])C(=O)[C:91]([H])([H])[C:92](C([H])([H])[H])(C([H])([H])[H])[S:93]C([H])([H])[H])c([H])c1[H],0,-0.12493974,0.073342465,-185.96157084878894,16.25701477427049,-0.042135477,-0.06058294,-0.05135921,0.020803943,0.0064531565,0.01362855,-625113.2364225507,1.1888641472905874,-625109.8682081894,-625112.1367638638
S2-34.3,reactant,[H]c1c([H])c([H])c(N([H])C(=O)[C:91]([H])=[C:92](C([H])([H])[H])C([H])([H])[H])c([H])c1[H],0,-0.18782327,0.0474893,-194.17471472852324,12.09145099780428,0.03291949,0.08959746,0.061258476,0.059649423,-0.012199804,0.02372481,-349752.78469492495,1.4233259810134768,-349750.3238842965,-349752.0051157306
S2-34.3,intermediate,[H]c1c([H])c([H])c(N([H])C(=O)[C-:91]([H])[C:92](C([H])([H])[H])(C([H])([H])[H])[S:93]C([H])([H])[H])c([H])c1[H],-1,-0.4427006,0.1117336,-63.55650582257547,107.12891743134628,-0.023572192,0.010586761,-0.0064927153,-0.02214861,0.28177783,0.12981461,-624747.4042259764,2.2975640231743455,-624739.6193600522,-624743.4658612849
S2-34.3,product,[H]c1c([H])c([H])c(N([H])C(=O)[C:91]([H])([H])[C:92](C([H])([H])[H])(C([H])([H])[H])[S:93]C([H])([H])[H])c([H])c1[H],0,-0.12483312,0.07300209,-185.9253564077343,16.276021023919775,-0.042271838,-0.060527332,-0.051399585,0.020818174,0.0064135194,0.013615847,-625113.2354282483,1.1938314409926534,-625109.2128896472,-625112.1417872553
S2-35.1,reactant,[H]c1c([H])c([H])c(N([H])C(=O)/[C:91]([H])=[C:92](\[H])C([H])([H])[H])c([H])c1[H],0,-0.1723377,-0.09168872,-197.48911661278763,15.17845205140583,0.10584542,0.06576672,0.08580607,0.08738117,-0.012318388,0.03753139,-325065.2780700429,0.526282693259418,-325063.25428640214,-325064.62880826695
S2-35.1,intermediate,[H]c1c([H])c([H])c(N([H])C(=O)[C-:91]([H])[C:92]([H])(C([H])([H])[H])[S:93]C([H])([H])[H])c([H])c1[H],-1,-0.45729625,-0.0037207077,-63.43827193624765,111.52393036853267,-0.022542078,0.022277303,-0.0001323875,-0.029819638,0.30014965,0.135165,-600061.5980879894,1.8848898597061634,-600055.6824577807,-600058.7386161535
S2-35.1,product,[H]c1c([H])c([H])c(N([H])C(=O)[C:91]([H])([H])[C:92]([H])(C([H])([H])[H])[S:93]C([H])([H])[H])c([H])c1[H],0,-0.13807514,-0.03461412,-188.48340094027424,20.199729014493656,-0.04770328,-0.043971945,-0.04583761,0.022123113,0.01374431,0.017933711,-600425.3703384632,2.84312863368541,-600420.759818288,-600422.9597478256
S2-37.1,reactant,[H]c1nc(N([H])c2c([H])c(N([H])C(=O)[C:91]([H])=[C:92]([H])[H])c([H])c([H])c2OC([H])([H])[H])nc(-c2c([H])[n+]([H])c3c([H])c([H])c([H])c([H])n23)c1Cl,1,-0.15786347,-0.2612397,-218.46791479305867,-93.61729097126045,0.025158703,0.02751854,0.026338622,-0.0071024,-0.0018454045,-0.0044739023,-1098759.1506604678,2.2265030406415462,-1098751.8543535033,-1098755.899423594
S2-37.1,intermediate,[H]C1=C([H])c2n(c(-c3nc(N([H])c4c([H])c(N([H])C(=O)[C-:91]([H])[C:92]([H])([H])[S:93]C([H])([H])[H])c([H])c([H])c4OC([H])([H])[H])nc([H])c3Cl)c([H])[n+]2[H])C([H])=C1[H],0,-0.5118182,-0.10819042,-120.34429349655008,-30.859051589211287,0.007345848,0.017739616,0.012542732,0.08384079,0.2779683,0.18090454,-1373802.390816094,2.221597214229405,-1373789.5183137471,-1373795.4174029345
S2-37.1,product,[H]c1nc(N([H])c2c([H])c(N([H])C(=O)[C:91]([H])([H])[C:92]([H])([H])[S:93]C([H])([H])[H])c([H])c([H])c2OC([H])([H])[H])nc(-c2c([H])[n+]([H])c3c([H])c([H])c([H])c([H])n23)c1Cl,1,-0.1399911,-0.13381648,-213.4769160786836,-90.60242270261061,-0.034561165,-0.027982607,-0.031271886,-0.0042318553,-0.0065657496,-0.0053988025,-1374125.223875286,2.1391946095973253,-1374117.1644166885,-1374121.9072096003
S2-37.2,reactant,[H]c1nc(N([H])c2c([H])c(N([H])C(=O)[C:91]([H])=[C:92]([H])[H])c([H])c([H])c2OC([H])([H])[H])nc(-c2c([H])[n+]([H])c3c([H])c([H])c([H])c([H])n23)c1Cl,1,-0.16155565,-0.25527152,-220.71451013187198,-94.0851674074088,0.037415147,0.041323885,0.039369516,-0.009664729,-0.004033357,-0.006849043,-1098763.0500152016,2.2599853835999966,-1098755.0486428852,-1098759.4934386131
S2-37.2,intermediate,[H]C1=C([H])c2n(c(-c3nc(N([H])c4c([H])c(N([H])C(=O)[C-:91]([H])[C:92]([H])([H])[S:93]C([H])([H])[H])c([H])c([H])c4OC([H])([H])[H])nc([H])c3Cl)c([H])[n+]2[H])C([H])=C1[H],0,-0.52948695,-0.11789054,-116.89857922855819,-27.768960144196623,0.011916369,0.017894216,0.014905293,0.1041826,0.30320576,0.20369418,-1373799.6164918263,2.6639075744897127,-1373788.536912173,-1373793.6931871492
S2-37.2,product,[H]c1nc(N([H])c2c([H])c(N([H])C(=O)[C:91]([H])([H])[C:92]([H])([H])[S:93]C([H])([H])[H])c([H])c([H])c2OC([H])([H])[H])nc(-c2c([H])[n+]([H])c3c([H])c([H])c([H])c([H])n23)c1Cl,1,-0.14009792,-0.13360728,-213.42690450132739,-90.48452167762643,-0.03467091,-0.028064102,-0.031367507,-0.0040249825,-0.006348282,-0.0051866323,-1374125.2987654516,2.09396586753428,-1374116.0264546615,-1374121.9937018172
S2-37.3,reactant,[H]c1nc(N([H])c2c([H])c(N([H])C(=O)[C:91]([H])=[C:92]([H])[H])c([H])c([H])c2OC([H])([H])[H])nc(-c2c([H])[n+]([H])c3c([H])c([H])c([H])c([H])n23)c1Cl,1,-0.16172272,-0.25601336,-217.50564700109896,-92.35509631479917,0.037316263,0.04097365,0.039144956,-0.008991376,-0.0038206428,-0.006406009,-1098760.4637661627,1.3535613343119621,-1098750.913056317,-1098757.6163254897
S2-37.3,intermediate,[H]C1=C([H])c2n(c(-c3nc(N([H])c4c([H])c(N([H])C(=O)[C-:91]([H])[C:92]([H])([H])[S:93]C([H])([H])[H])c([H])c([H])c4OC([H])([H])[H])nc([H])c3Cl)c([H])[n+]2[H])C([H])=C1[H],0,-0.53978175,-0.1084277,-118.87398406653462,-27.70377824146262,0.003387943,0.015910164,0.009649053,0.06962788,0.2731385,0.17138319,-1373797.641301765,2.7059258995577693,-1373784.066016488,-1373790.5981379128
S2-37.3,product,[H]c1nc(N([H])c2c([H])c(N([H])C(=O)[C:91]([H])([H])[C:92]([H])([H])[S:93]C([H])([H])[H])c([H])c([H])c2OC([H])([H])[H])nc(-c2c([H])[n+]([H])c3c([H])c([H])c([H])c([H])n23)c1Cl,1,-0.13313647,-0.11488139,-224.00443603051073,-91.39018452698421,-0.017604798,-0.017571755,-0.017588276,0.0075800866,0.0048155636,0.006197825,-1374139.9619471775,4.268067738972604,-1374126.6537325191,-1374133.2459461582
S2-37.4,reactant,[H]c1nc(N([H])c2c([H])c(N([H])C(=O)[C:91]([H])=[C:92]([H])[H])c([H])c([H])c2OC([H])([H])[H])nc(-c2c([H])[n+]([H])c3c([H])c([H])c([H])c([H])n23)c1Cl,1,-0.15728907,-0.26212478,-219.30263858942948,-96.57290303960706,0.02542442,0.02794598,0.0266852,-0.008940712,-0.0021510124,-0.005545862,-1098758.2484046442,2.595862112008035,-1098748.4469614266,-1098754.6594198712
S2-37.4,intermediate,[H]C1=C([H])c2n(c(-c3nc(N([H])c4c([H])c(N([H])C(=O)[C-:91]([H])[C:92]([H])([H])[S:93]C([H])([H])[H])c([H])c([H])c4OC([H])([H])[H])nc([H])c3Cl)c([H])[n+]2[H])C([H])=C1[H],0,-0.5111804,-0.107922204,-120.32852524892516,-30.828559152954067,0.0072912797,0.01766359,0.012477435,0.083887756,0.2777569,0.18082233,-1373802.3915606723,2.323725807480514,-1373789.100595028,-1373795.4491315952
S2-37.4,product,[H]c1nc(N([H])c2c([H])c(N([H])C(=O)[C:91]([H])([H])[C:92]([H])([H])[S:93]C([H])([H])[H])c([H])c([H])c2OC([H])([H])[H])nc(-c2c([H])[n+]([H])c3c([H])c([H])c([H])c([H])n23)c1Cl,1,-0.14321923,-0.1341439,-211.99767158808277,-89.757484459897,-0.020831622,-0.017930284,-0.019380953,-0.00022135675,-0.0012318194,-0.00072658807,-1374126.9298402213,2.3151840493083,-1374116.7411140443,-1374122.9312009478
S2-37.5,reactant,[H]c1nc(N([H])c2c([H])c(N([H])C(=O)[C:91]([H])=[C:92]([H])[H])c([H])c([H])c2OC([H])([H])[H])nc(-c2c([H])[n+]([H])c3c([H])c([H])c([H])c([H])n23)c1Cl,1,-0.16069578,-0.25297508,-218.08366616600904,-95.36776790657046,0.036590695,0.040617123,0.03860391,-0.012727395,-0.005452305,-0.00908985,-1098759.350852195,2.09748830832541,-1098750.4780130405,-1098756.3428395782
S2-37.5,intermediate,[H]C1=C([H])c2n(c(-c3nc(N([H])c4c([H])c(N([H])C(=O)[C-:91]([H])[C:92]([H])([H])[S:93]C([H])([H])[H])c([H])c([H])c4OC([H])([H])[H])nc([H])c3Cl)c([H])[n+]2[H])C([H])=C1[H],0,-0.5084356,-0.118380055,-118.64254400445056,-28.297378467835614,0.012510583,0.017902188,0.015206385,0.11290032,0.30017796,0.20653914,-1373804.1611403055,2.3826065622270107,-1373792.5717533743,-1373797.9916115056
S2-37.5,product,[H]c1nc(N([H])c2c([H])c(N([H])C(=O)[C:91]([H])([H])[C:92]([H])([H])[S:93]C([H])([H])[H])c([H])c([H])c2OC([H])([H])[H])nc(-c2c([H])[n+]([H])c3c([H])c([H])c([H])c([H])n23)c1Cl,1,-0.13955192,-0.13299465,-216.25566608054834,-92.14863928981819,-0.035056964,-0.028339148,-0.031698056,-0.0044835806,-0.006815031,-0.005649306,-1374128.0161133057,2.6086695035919547,-1374119.4365063147,-1374124.211720867
S2-37.6,reactant,[H]c1nc(N([H])c2c([H])c(N([H])C(=O)[C:91]([H])=[C:92]([H])[H])c([H])c([H])c2OC([H])([H])[H])nc(-c2c([H])[n+]([H])c3c([H])c([H])c([H])c([H])n23)c1Cl,1,-0.16223808,-0.24678081,-229.70995729013413,-94.48689434782757,0.03918019,0.038568497,0.038874343,-0.00070017576,0.0012748986,0.00028736144,-1098772.7638779434,2.6655575642362237,-1098764.1085355016,-1098768.6523633478
S2-37.6,intermediate,[H]C1=C([H])c2n(c(-c3nc(N([H])c4c([H])c(N([H])C(=O)[C-:91]([H])[C:92]([H])([H])[S:93]C([H])([H])[H])c([H])c([H])c4OC([H])([H])[H])nc([H])c3Cl)c([H])[n+]2[H])C([H])=C1[H],0,-0.48380193,-0.12416197,-116.33368395618459,-26.768925041920976,0.003310576,0.017136946,0.010223761,0.108368486,0.2960424,0.20220545,-1373797.3280604614,7.2036796966567636,-1373786.6945044678,-1373790.791464858
S2-37.6,product,[H]c1nc(N([H])c2c([H])c(N([H])C(=O)[C:91]([H])([H])[C:92]([H])([H])[S:93]C([H])([H])[H])c([H])c([H])c2OC([H])([H])[H])nc(-c2c([H])[n+]([H])c3c([H])c([H])c([H])c([H])n23)c1Cl,1,-0.14259653,-0.13273077,-214.8100779361745,-91.11126262795017,-0.021613225,-0.01875177,-0.020182498,-0.00043319166,-0.0015515685,-0.0009923801,-1374129.8320515258,3.5802468601614237,-1374118.9589524858,-1374125.395662356
S2-37.7,reactant,[H]c1nc(N([H])c2c([H])c(N([H])C(=O)[C:91]([H])=[C:92]([H])[H])c([H])c([H])c2OC([H])([H])[H])nc(-c2c([H])[n+]([H])c3c([H])c([H])c([H])c([H])n23)c1Cl,1,-0.161704,-0.2560288,-217.5752139172055,-92.32187726375169,0.0372504,0.040899247,0.039074823,-0.009011269,-0.0038855225,-0.0064483956,-1098760.5291949878,2.1041281232610345,-1098752.491157231,-1098757.6457656247
S2-37.7,intermediate,[H]C1=C([H])c2n(c(-c3nc(N([H])c4c([H])c(N([H])C(=O)[C-:91]([H])[C:92]([H])([H])[S:93]C([H])([H])[H])c([H])c([H])c4OC([H])([H])[H])nc([H])c3Cl)c([H])[n+]2[H])C([H])=C1[H],0,-0.39163834,-0.1221256,-141.516990296959,-19.991699125426113,0.0043550953,0.017377675,0.010866385,0.027190596,0.19804399,0.11261729,-1373835.6528190183,3.41465828102082,-1373819.1323691953,-1373825.303063799
S2-37.7,product,[H]c1nc(N([H])c2c([H])c(N([H])C(=O)[C:91]([H])([H])[C:92]([H])([H])[S:93]C([H])([H])[H])c([H])c([H])c2OC([H])([H])[H])nc(-c2c([H])[n+]([H])c3c([H])c([H])c([H])c([H])n23)c1Cl,1,-0.13814962,-0.13123181,-218.0035794184374,-96.5842886435233,-0.03607513,-0.028843477,-0.032459304,-0.0066652745,-0.008792743,-0.007729009,-1374126.1546599166,1.8490684907883406,-1374117.3731197994,-1374122.5601492154
S2-37.8,reactant,[H]c1nc(N([H])c2c([H])c(N([H])C(=O)[C:91]([H])=[C:92]([H])[H])c([H])c([H])c2OC([H])([H])[H])nc(-c2c([H])[n+]([H])c3c([H])c([H])c([H])c([H])n23)c1Cl,1,-0.16243786,-0.25376165,-223.40479569659135,-96.64066749304592,0.036031216,0.040726423,0.03837882,-0.012644902,-0.004746482,-0.008695692,-1098758.1316261503,1.5695191603153944,-1098748.253525254,-1098754.9752390354
S2-37.8,intermediate,[H]C1=C([H])c2n(c(-c3nc(N([H])c4c([H])c(N([H])C(=O)[C-:91]([H])[C:92]([H])([H])[S:93]C([H])([H])[H])c([H])c([H])c4OC([H])([H])[H])nc([H])c3Cl)c([H])[n+]2[H])C([H])=C1[H],0,-0.5274008,-0.1197451,-116.9429123050781,-27.63213384493501,0.011542417,0.018067166,0.014804792,0.09894377,0.29815543,0.1985496,-1373799.5384573184,2.484890437684953,-1373787.2902011676,-1373793.2099835991
S2-37.8,product,[H]c1nc(N([H])c2c([H])c(N([H])C(=O)[C:91]([H])([H])[C:92]([H])([H])[S:93]C([H])([H])[H])c([H])c([H])c2OC([H])([H])[H])nc(-c2c([H])[n+]([H])c3c([H])c([H])c([H])c([H])n23)c1Cl,1,-0.15168838,-0.13194658,-213.09610564713222,-89.9774832409477,-0.017547973,-0.014063612,-0.015805792,0.0049346834,0.0043049604,0.004619822,-1374127.4442905765,2.0674513960257173,-1374117.541712034,-1374122.6513752688
S2-37.9,reactant,[H]c1nc(N([H])c2c([H])c(N([H])C(=O)[C:91]([H])=[C:92]([H])[H])c([H])c([H])c2OC([H])([H])[H])nc(-c2c([H])[n+]([H])c3c([H])c([H])c([H])c([H])n23)c1Cl,1,-0.16258727,-0.25380614,-223.48543223067313,-96.60117490972712,0.035945266,0.04065986,0.038302563,-0.012669608,-0.0047209114,-0.00869526,-1098758.1741431153,2.468771778047085,-1098750.5027260394,-1098754.9770885406
S2-37.9,intermediate,[H]C1=C([H])c2n(c(-c3nc(N([H])c4c([H])c(N([H])C(=O)[C-:91]([H])[C:92]([H])([H])[S:93]C([H])([H])[H])c([H])c([H])c4OC([H])([H])[H])nc([H])c3Cl)c([H])[n+]2[H])C([H])=C1[H],0,-0.48929483,-0.11809254,-116.93687261096028,-30.796333518919287,0.011513993,0.017244227,0.01437911,0.11164743,0.2952765,0.20346196,-1373803.4153646182,2.4545496590435505,-1373791.9774694513,-1373797.4930027118
S2-37.9,product,[H]c1nc(N([H])c2c([H])c(N([H])C(=O)[C:91]([H])([H])[C:92]([H])([H])[S:93]C([H])([H])[H])c([H])c([H])c2OC([H])([H])[H])nc(-c2c([H])[n+]([H])c3c([H])c([H])c([H])c([H])n23)c1Cl,1,-0.13809137,-0.11494024,-221.6240637687647,-89.25474929719823,-0.03443277,-0.032357946,-0.033395357,-1.1354685e-05,-0.0031546652,-0.00158301,-1374133.2173700617,4.293680401518941,-1374122.2423238438,-1374129.6288719203
S2-37.10,reactant,[H]c1nc(N([H])c2c([H])c(N([H])C(=O)[C:91]([H])=[C:92]([H])[H])c([H])c([H])c2OC([H])([H])[H])nc(-c2c([H])[n+]([H])c3c([H])c([H])c([H])c([H])n23)c1Cl,1,-0.16235667,-0.2537994,-223.34176612800468,-96.66903611468021,0.03600326,0.040679887,0.038341574,-0.012713179,-0.0048158765,-0.008764528,-1098758.1006431857,1.5163743123412132,-1098749.9001284481,-1098754.9687297684
S2-37.10,intermediate,[H]C1=C([H])c2n(c(-c3nc(N([H])c4c([H])c(N([H])C(=O)[C-:91]([H])[C:92]([H])([H])[S:93]C([H])([H])[H])c([H])c([H])c4OC([H])([H])[H])nc([H])c3Cl)c([H])[n+]2[H])C([H])=C1[H],0,-0.54136044,-0.106987685,-119.07215181726625,-27.63446174763301,0.0029824227,0.015654862,0.009318642,0.068706155,0.27120703,0.1699566,-1373797.6050556642,3.029733660630882,-1373783.6915481174,-1373790.520767897
S2-37.10,product,[H]c1nc(N([H])c2c([H])c(N([H])C(=O)[C:91]([H])([H])[C:92]([H])([H])[S:93]C([H])([H])[H])c([H])c([H])c2OC([H])([H])[H])nc(-c2c([H])[n+]([H])c3c([H])c([H])c([H])c([H])n23)c1Cl,1,-0.13860348,-0.13084799,-214.1357317741973,-93.56820291548118,-0.03527625,-0.02872537,-0.03200081,-0.0062802136,-0.008389175,-0.0073346943,-1374124.2400018626,2.0937372678890824,-1374115.0790533489,-1374120.6984788605
S2-14.1,reactant,[H]c1nc(N([H])c2c([H])c(N([H])C(=O)/[C:91]([H])=[C:92](\[H])C([H])([H])[N+]([H])(C([H])([H])[H])C([H])([H])[H])c([H])c([H])c2OC([H])([H])[H])nc(-c2c([H])n([H])c3c([H])c([H])c([H])c([H])c23)c1Cl,1,-0.13630125,-0.0635954,-198.98697772743938,-82.67196499954716,0.09683183,0.0054957867,0.051163808,0.021285042,-0.006696284,0.007294379,-1197497.847651007,2.9404580369591713,-1197489.7163662794,-1197493.0264205765
S2-14.1,intermediate,[H]c1nc(N([H])c2c([H])c(N([H])C(=O)[C-:91]([H])[C:92]([H])(C([H])([H])[N+]([H])(C([H])([H])[H])C([H])([H])[H])[S:93]C([H])([H])[H])c([H])c([H])c2OC([H])([H])[H])nc(-c2c([H])n([H])c3c([H])c([H])c([H])c([H])c23)c1Cl,0,-0.44302252,-0.0067102653,-128.7954394316172,-7.624856835606979,0.024552055,0.0106664235,0.017609239,-0.010740817,0.13998315,0.064621165,-1472572.879690325,4.129782063886523,-1472550.3070956185,-1472555.4785997905
S2-14.1,product,[H]c1nc(N([H])c2c([H])c(N([H])C(=O)[C:91]([H])([H])[C:92]([H])(C([H])([H])[N+]([H])(C([H])([H])[H])C([H])([H])[H])[S:93]C([H])([H])[H])c([H])c([H])c2OC([H])([H])[H])nc(-c2c([H])n([H])c3c([H])c([H])c([H])c([H])c23)c1Cl,1,-0.11105651,-0.0038360248,-202.6436529465134,-81.9299808496494,-0.012299452,-0.03168513,-0.02199229,0.009322397,0.0024321377,0.0058772676,-1472878.9748486665,6.287511229515076,-1472868.4539289642,-1472872.7714347353
S2-14.2,reactant,[H]c1nc(N([H])c2c([H])c(N([H])C(=O)/[C:91]([H])=[C:92](\[H])C([H])([H])[N+]([H])(C([H])([H])[H])C([H])([H])[H])c([H])c([H])c2OC([H])([H])[H])nc(-c2c([H])n([H])c3c([H])c([H])c([H])c([H])c23)c1Cl,1,-0.14005227,-0.066703536,-199.51671898609956,-81.59877338154631,0.099168085,0.0069360137,0.05305205,0.020190507,-0.00667046,0.0067600235,-1197496.238037883,5.542639969848096,-1197483.131818917,-1197490.7911775534
S2-14.2,intermediate,[H]c1nc(N([H])c2c([H])c(N([H])C(=O)[C-:91]([H])[C:92]([H])(C([H])([H])[N+]([H])(C([H])([H])[H])C([H])([H])[H])[S:93]C([H])([H])[H])c([H])c([H])c2OC([H])([H])[H])nc(-c2c([H])n([H])c3c([H])c([H])c([H])c([H])c23)c1Cl,0,-0.30465567,0.017897252,-135.4930023275781,-13.520525137195067,-0.0014030635,-0.01188275,-0.006642907,0.003402114,0.021631807,0.0125169605,-1472606.0186287432,4.250328412279487,-1472593.0213412584,-1472600.6281052255
S2-14.2,product,[H]c1nc(N([H])c2c([H])c(N([H])C(=O)[C:91]([H])([H])[C:92]([H])(C([H])([H])[N+]([H])(C([H])([H])[H])C([H])([H])[H])[S:93]C([H])([H])[H])c([H])c([H])c2OC([H])([H])[H])nc(-c2c([H])n([H])c3c([H])c([H])c([H])c([H])c23)c1Cl,1,-0.11577512,0.016365077,-193.21731237818233,-76.69840869507995,-0.02653892,-0.036512434,-0.03152568,0.0047173724,0.0006131828,0.0026652776,-1472869.7620067282,4.299897480756044,-1472858.6348385492,-1472864.429703473
S2-14.3,reactant,[H]c1nc(N([H])c2c([H])c(N([H])C(=O)/[C:91]([H])=[C:92](\[H])C([H])([H])[N+]([H])(C([H])([H])[H])C([H])([H])[H])c([H])c([H])c2OC([H])([H])[H])nc(-c2c([H])n([H])c3c([H])c([H])c([H])c([H])c23)c1Cl,1,-0.13690193,-0.051787794,-199.76029502613295,-82.7459955727381,0.061678223,-0.003908541,0.028884841,0.043910637,-0.0024107546,0.020749941,-1197495.6189340495,3.0020531229674816,-1197483.997308626,-1197490.4985129263
S2-14.3,intermediate,[H]c1nc(N([H])c2c([H])c(N([H])C(=O)[C-:91]([H])[C:92]([H])(C([H])([H])[N+]([H])(C([H])([H])[H])C([H])([H])[H])[S:93]C([H])([H])[H])c([H])c([H])c2OC([H])([H])[H])nc(-c2c([H])n([H])c3c([H])c([H])c([H])c([H])c23)c1Cl,0,-0.30995417,-0.005394874,-135.26841941209523,-14.13096102889992,0.006572865,0.0031179145,0.0048453896,0.009241551,0.044786155,0.027013853,-1472605.3545656975,2.2276476807892323,-1472595.0493633652,-1472601.5281403435
S2-14.3,product,[H]c1nc(N([H])c2c([H])c(N([H])C(=O)[C:91]([H])([H])[C:92]([H])(C([H])([H])[N+]([H])(C([H])([H])[H])C([H])([H])[H])[S:93]C([H])([H])[H])c([H])c([H])c2OC([H])([H])[H])nc(-c2c([H])n([H])c3c([H])c([H])c([H])c([H])c23)c1Cl,1,-0.118009254,-0.0015111829,-202.64336694454673,-79.73186527375412,-0.016409047,-0.025802374,-0.02110571,0.0067273155,0.0033030808,0.005015198,-1472877.2239562536,3.4618597207590938,-1472865.3153498927,-1472872.192100233
S2-14.4,reactant,[H]c1nc(N([H])c2c([H])c(N([H])C(=O)/[C:91]([H])=[C:92](\[H])C([H])([H])[N+]([H])(C([H])([H])[H])C([H])([H])[H])c([H])c([H])c2OC([H])([H])[H])nc(-c2c([H])n([H])c3c([H])c([H])c([H])c([H])c23)c1Cl,1,-0.11233578,-0.07877792,-202.06908577595135,-84.40302214950331,0.08250316,-0.006394632,0.038054265,0.027939446,-0.010899112,0.008520167,-1197495.150700047,3.1846281373873353,-1197485.2927875975,-1197490.2721908456
S2-14.4,intermediate,[H]c1nc(N([H])c2c([H])c(N([H])C(=O)[C-:91]([H])[C:92]([H])(C([H])([H])[N+]([H])(C([H])([H])[H])C([H])([H])[H])[S:93]C([H])([H])[H])c([H])c([H])c2OC([H])([H])[H])nc(-c2c([H])n([H])c3c([H])c([H])c([H])c([H])c23)c1Cl,0,-0.19493589,-0.10200305,-142.85934259828727,-29.582555606210477,-0.00088107586,-0.0033589378,-0.0021200068,0.021665111,0.0060976744,0.013881393,-1472607.038633349,5.448505972512066,-1472583.177425248,-1472587.84015758
S2-14.4,product,[H]c1nc(N([H])c2c([H])c(N([H])C(=O)[C:91]([H])([H])[C:92]([H])(C([H])([H])[N+]([H])(C([H])([H])[H])C([H])([H])[H])[S:93]C([H])([H])[H])c([H])c([H])c2OC([H])([H])[H])nc(-c2c([H])n([H])c3c([H])c([H])c([H])c([H])c23)c1Cl,1,-0.11698299,0.0093412595,-201.91883724208196,-77.83728640387154,-0.020137269,-0.027811356,-0.023974312,0.0019432455,-0.00049670786,0.00072326884,-1472877.4362709052,3.886992738582194,-1472865.2659954727,-1472872.401982128
S2-14.5,reactant,[H]c1nc(N([H])c2c([H])c(N([H])C(=O)/[C:91]([H])=[C:92](\[H])C([H])([H])[N+]([H])(C([H])([H])[H])C([H])([H])[H])c([H])c([H])c2OC([H])([H])[H])nc(-c2c([H])n([H])c3c([H])c([H])c([H])c([H])c23)c1Cl,1,-0.13795836,-0.06864293,-199.08627811085177,-81.75593705426688,0.098988876,0.007688597,0.053338736,0.022919819,-0.0063643903,0.008277714,-1197495.8248903034,4.061118838377297,-1197485.4933783845,-1197491.0130500677
S2-14.5,intermediate,[H]c1nc(N([H])c2c([H])c(N([H])C(=O)[C-:91]([H])[C:92]([H])(C([H])([H])[N+]([H])(C([H])([H])[H])C([H])([H])[H])[S:93]C([H])([H])[H])c([H])c([H])c2OC([H])([H])[H])nc(-c2c([H])n([H])c3c([H])c([H])c([H])c([H])c23)c1Cl,0,-0.45103234,-0.0037458686,-124.39928125668115,-12.67177349510399,0.030043606,0.017516444,0.023780026,0.020831615,0.14525816,0.08304489,-1472568.2201015342,3.2200630037114024,-1472549.872457643,-1472556.9444879387
S2-14.5,product,[H]c1nc(N([H])c2c([H])c(N([H])C(=O)[C:91]([H])([H])[C:92]([H])(C([H])([H])[N+]([H])(C([H])([H])[H])C([H])([H])[H])[S:93]C([H])([H])[H])c([H])c([H])c2OC([H])([H])[H])nc(-c2c([H])n([H])c3c([H])c([H])c([H])c([H])c23)c1Cl,1,-0.1199917,0.024105938,-195.72373357494627,-76.29970008995409,-0.022591123,-0.04219849,-0.032394808,0.007817782,0.0016785115,0.004748147,-1472872.400517388,4.780049820430577,-1472860.5373345248,-1472867.136986312
S2-14.6,reactant,[H]c1nc(N([H])c2c([H])c(N([H])C(=O)/[C:91]([H])=[C:92](\[H])C([H])([H])[N+]([H])(C([H])([H])[H])C([H])([H])[H])c([H])c([H])c2OC([H])([H])[H])nc(-c2c([H])n([H])c3c([H])c([H])c([H])c([H])c23)c1Cl,1,-0.1377552,-0.06737822,-199.43248120525718,-82.0648690029793,0.09815881,0.007038161,0.052598484,0.021648854,-0.0072170645,0.0072158948,-1197496.0784068333,4.098753090016544,-1197486.7057815008,-1197490.9773397744
S2-14.6,intermediate,[H]c1nc(N([H])c2c([H])c(N([H])C(=O)[C-:91]([H])[C:92]([H])(C([H])([H])[N+]([H])(C([H])([H])[H])C([H])([H])[H])[S:93]C([H])([H])[H])c([H])c([H])c2OC([H])([H])[H])nc(-c2c([H])n([H])c3c([H])c([H])c([H])c([H])c23)c1Cl,0,-0.28457326,0.01774244,-135.93613501703396,-16.29952005740109,-0.008922061,-0.018670265,-0.013796163,0.012138128,0.032541156,0.022339642,-1472606.9173922834,9.450843927450478,-1472592.862352931,-1472597.650950985
S2-14.6,product,[H]c1nc(N([H])c2c([H])c(N([H])C(=O)[C:91]([H])([H])[C:92]([H])(C([H])([H])[N+]([H])(C([H])([H])[H])C([H])([H])[H])[S:93]C([H])([H])[H])c([H])c([H])c2OC([H])([H])[H])nc(-c2c([H])n([H])c3c([H])c([H])c([H])c([H])c23)c1Cl,1,-0.09208704,-0.006914483,-205.56861833870468,-79.58942095755164,-0.02624689,-0.030263612,-0.02825525,0.003843911,-0.00039631128,0.0017237999,-1472874.108959886,2.453332317993045,-1472863.790595902,-1472868.22554434
S2-14.7,reactant,[H]c1nc(N([H])c2c([H])c(N([H])C(=O)/[C:91]([H])=[C:92](\[H])C([H])([H])[N+]([H])(C([H])([H])[H])C([H])([H])[H])c([H])c([H])c2OC([H])([H])[H])nc(-c2c([H])n([H])c3c([H])c([H])c([H])c([H])c23)c1Cl,1,-0.08940141,-0.05691105,-200.70791931447582,-83.97143008659083,0.014889568,-0.017151132,-0.0011307821,0.036800727,-0.0183741,0.009213313,-1197490.5163608314,4.571115334518254,-1197479.1443499345,-1197484.9993167303
S2-14.7,intermediate,[H]c1nc(N([H])c2c([H])c(N([H])C(=O)[C-:91]([H])[C:92]([H])(C([H])([H])[N+]([H])(C([H])([H])[H])C([H])([H])[H])[S:93]C([H])([H])[H])c([H])c([H])c2OC([H])([H])[H])nc(-c2c([H])n([H])c3c([H])c([H])c([H])c([H])c23)c1Cl,0,-0.32028,-0.0055082915,-134.74060582858343,-13.059073046993992,0.008034087,0.007000585,0.007517336,0.021079183,0.054762155,0.03792067,-1472607.3370264743,3.009185241535306,-1472598.0162396273,-1472603.2159182415
S2-14.7,product,[H]c1nc(N([H])c2c([H])c(N([H])C(=O)[C:91]([H])([H])[C:92]([H])(C([H])([H])[N+]([H])(C([H])([H])[H])C([H])([H])[H])[S:93]C([H])([H])[H])c([H])c([H])c2OC([H])([H])[H])nc(-c2c([H])n([H])c3c([H])c([H])c([H])c([H])c23)c1Cl,1,-0.11265044,0.008532827,-194.92771591403698,-77.6232731240704,-0.011852608,-0.039226666,-0.025539637,0.0048275813,-0.0014697239,0.0016789287,-1472863.913174659,3.2937971791252494,-1472852.7483014555,-1472857.7560782887
S2-14.8,reactant,[H]c1nc(N([H])c2c([H])c(N([H])C(=O)/[C:91]([H])=[C:92](\[H])C([H])([H])[N+]([H])(C([H])([H])[H])C([H])([H])[H])c([H])c([H])c2OC([H])([H])[H])nc(-c2c([H])n([H])c3c([H])c([H])c([H])c([H])c23)c1Cl,1,-0.08919007,-0.056278132,-200.79263332006633,-84.09056585409373,0.017309986,-0.017263032,2.347678e-05,0.03673973,-0.017961219,0.009389255,-1197490.6820545266,4.240148330107331,-1197478.1929179588,-1197485.1666974053
S2-14.8,intermediate,[H]c1nc(N([H])c2c([H])c(N([H])C(=O)[C-:91]([H])[C:92]([H])(C([H])([H])[N+]([H])(C([H])([H])[H])C([H])([H])[H])[S:93]C([H])([H])[H])c([H])c([H])c2OC([H])([H])[H])nc(-c2c([H])n([H])c3c([H])c([H])c([H])c([H])c23)c1Cl,0,-0.18304421,-0.09384561,-142.74401407957288,-26.40726117430379,0.00013948977,-0.006960392,-0.003410451,0.017628714,0.0074837506,0.0125562325,-1472608.6645081448,9.691976425237954,-1472580.645427031,-1472585.766777203
S2-14.8,product,[H]c1nc(N([H])c2c([H])c(N([H])C(=O)[C:91]([H])([H])[C:92]([H])(C([H])([H])[N+]([H])(C([H])([H])[H])C([H])([H])[H])[S:93]C([H])([H])[H])c([H])c([H])c2OC([H])([H])[H])nc(-c2c([H])n([H])c3c([H])c([H])c([H])c([H])c23)c1Cl,1,-0.10545499,-0.0057235113,-194.72903585701482,-77.40285615834101,-0.02349136,-0.031678,-0.02758468,0.007767491,0.0011476874,0.0044575892,-1472867.3077781424,2.6207333877682686,-1472857.100999588,-1472862.7888671127
S2-14.9,reactant,[H]c1nc(N([H])c2c([H])c(N([H])C(=O)/[C:91]([H])=[C:92](\[H])C([H])([H])[N+]([H])(C([H])([H])[H])C([H])([H])[H])c([H])c([H])c2OC([H])([H])[H])nc(-c2c([H])n([H])c3c([H])c([H])c([H])c([H])c23)c1Cl,1,-0.10893571,-0.0730934,-201.33960875413442,-83.1815102046681,0.05557181,-0.01179222,0.021889795,0.020794429,-0.016595967,0.002099231,-1197493.9646569055,4.59713657386601,-1197482.3249424046,-1197488.4683954471
S2-14.9,intermediate,[H]c1nc(N([H])c2c([H])c(N([H])C(=O)[C-:91]([H])[C:92]([H])(C([H])([H])[N+]([H])(C([H])([H])[H])C([H])([H])[H])[S:93]C([H])([H])[H])c([H])c([H])c2OC([H])([H])[H])nc(-c2c([H])n([H])c3c([H])c([H])c([H])c([H])c23)c1Cl,0,-0.19253245,-0.082684025,-143.67410928035005,-29.35547895451375,0.016488276,0.0077402666,0.0121142715,0.01016584,-0.00035828352,0.0049037784,-1472610.0295999465,15.4007801534608,-1472560.3347003886,-1472567.4948672173
S2-14.9,product,[H]c1nc(N([H])c2c([H])c(N([H])C(=O)[C:91]([H])([H])[C:92]([H])(C([H])([H])[N+]([H])(C([H])([H])[H])C([H])([H])[H])[S:93]C([H])([H])[H])c([H])c([H])c2OC([H])([H])[H])nc(-c2c([H])n([H])c3c([H])c([H])c([H])c([H])c23)c1Cl,1,-0.09561512,-0.00093546876,-201.78603900407774,-81.60907782545027,-0.017452503,-0.034038488,-0.025745496,0.00887455,-0.0020464808,0.0034140348,-1472878.2090279548,8.399495624937117,-1472866.9005010407,-1472871.5833773627
S2-14.10,reactant,[H]c1nc(N([H])c2c([H])c(N([H])C(=O)/[C:91]([H])=[C:92](\[H])C([H])([H])[N+]([H])(C([H])([H])[H])C([H])([H])[H])c([H])c([H])c2OC([H])([H])[H])nc(-c2c([H])n([H])c3c([H])c([H])c([H])c([H])c23)c1Cl,1,-0.10130448,-0.07902035,-200.48462339442005,-83.09983254284256,0.0803144,-0.0051613078,0.037576545,0.025651611,-0.012842834,0.0064043887,-1197491.8203164663,3.9024928770959377,-1197479.948043065,-1197486.1954551642
S2-14.10,intermediate,[H]c1nc(N([H])c2c([H])c(N([H])C(=O)[C-:91]([H])[C:92]([H])(C([H])([H])[N+]([H])(C([H])([H])[H])C([H])([H])[H])[S:93]C([H])([H])[H])c([H])c([H])c2OC([H])([H])[H])nc(-c2c([H])n([H])c3c([H])c([H])c([H])c([H])c23)c1Cl,0,-0.4001318,0.01958452,-133.889025457026,-10.4637196238566,0.00040862523,-0.012873577,-0.006232476,0.02089271,0.12626377,0.07357824,-1472583.7807329532,8.306468117050827,-1472544.8062510206,-1472549.2298876012
S2-14.10,product,[H]c1nc(N([H])c2c([H])c(N([H])C(=O)[C:91]([H])([H])[C:92]([H])(C([H])([H])[N+]([H])(C([H])([H])[H])C([H])([H])[H])[S:93]C([H])([H])[H])c([H])c([H])c2OC([H])([H])[H])nc(-c2c([H])n([H])c3c([H])c([H])c([H])c([H])c23)c1Cl,1,-0.121250555,0.027034678,-194.12993897998726,-76.81397314123868,-0.02832438,-0.03923671,-0.033780545,0.011792496,0.0054189935,0.008605745,-1472871.2066897491,2.6242813048884273,-1472860.9599290176,-1472866.3001397864
S2-16.1,reactant,[H]c1nc(N([H])c2c([H])c(N([H])C(=O)/[C:91]([H])=[C:92](\[H])C([H])([H])[N+]([H])(C([H])([H])[H])C([H])([H])[H])c([H])c([H])c2OC([H])([H])[H])nc(-c2c([H])nn3c([H])c([H])c([H])c([H])c23)c1[H],1,-0.11010161,-0.07425778,-203.37274592791877,-84.2117550842338,0.031949878,-0.014287792,0.008831043,0.03530486,-0.0019828528,0.016661003,-919107.0056968989,2.2235510889440775,-919096.216037302,-919101.8787392225
S2-16.1,intermediate,[H]C1=C([H])c2c(-c3nc(N([H])c4c([H])c(N([H])C(=O)[C-:91]([H])[C:92]([H])(C([H])([H])[N+]([H])(C([H])([H])[H])C([H])([H])[H])[S:93]C([H])([H])[H])c([H])c([H])c4OC([H])([H])[H])nc([H])c3[H])c([H])nn2C([H])=C1[H],0,-0.33591202,-0.006045279,-134.24874637847688,-19.425654918103746,0.0076371795,0.0064665005,0.00705184,0.035331875,0.071152955,0.053242415,-1194218.3114898286,2.942034444771707,-1194208.8841929997,-1194214.8228245256
S2-16.1,product,[H]c1nc(N([H])c2c([H])c(N([H])C(=O)[C:91]([H])([H])[C:92]([H])(C([H])([H])[N+]([H])(C([H])([H])[H])C([H])([H])[H])[S:93]C([H])([H])[H])c([H])c([H])c2OC([H])([H])[H])nc(-c2c([H])nn3c([H])c([H])c([H])c([H])c23)c1[H],1,-0.11359595,0.015301643,-196.5429696802811,-76.39805896546542,-0.032059595,-0.044039138,-0.038049366,0.0058637857,-0.00091031194,0.002476737,-1194483.3385116018,2.2106564501300454,-1194471.596994723,-1194477.7462367986
S2-16.2,reactant,[H]c1nc(N([H])c2c([H])c(N([H])C(=O)/[C:91]([H])=[C:92](\[H])C([H])([H])[N+]([H])(C([H])([H])[H])C([H])([H])[H])c([H])c([H])c2OC([H])([H])[H])nc(-c2c([H])nn3c([H])c([H])c([H])c([H])c23)c1[H],1,-0.13935322,-0.066409566,-200.08671292791817,-82.48845601959114,0.08448032,0.0043231994,0.04440176,0.01631558,-0.0070946217,0.004610479,-919111.0181582444,2.2630010470747948,-919100.6664102552,-919106.2866428035
S2-16.2,intermediate,[H]C1=C([H])c2c(-c3nc(N([H])c4c([H])c(N([H])C(=O)[C-:91]([H])[C:92]([H])(C([H])([H])[N+]([H])(C([H])([H])[H])C([H])([H])[H])[S:93]C([H])([H])[H])c([H])c([H])c4OC([H])([H])[H])nc([H])c3[H])c([H])nn2C([H])=C1[H],0,-0.28590593,0.017254697,-135.99940190872198,-16.810635117757997,-0.013963399,-0.018653573,-0.016308486,0.009929538,0.031497627,0.020713583,-1194219.2509166142,4.289308143779635,-1194208.5663679843,-1194213.976249828
S2-16.2,product,[H]c1nc(N([H])c2c([H])c(N([H])C(=O)[C:91]([H])([H])[C:92]([H])(C([H])([H])[N+]([H])(C([H])([H])[H])C([H])([H])[H])[S:93]C([H])([H])[H])c([H])c([H])c2OC([H])([H])[H])nc(-c2c([H])nn3c([H])c([H])c([H])c([H])c23)c1[H],1,-0.10347965,-0.0069567924,-199.4587368692988,-80.03921700383131,-0.01603707,-0.031639904,-0.023838487,0.0067385584,-0.00032620877,0.0032061748,-1194492.3611356907,3.8056277008727193,-1194479.9458011573,-1194486.1473055135
S2-16.3,reactant,[H]c1nc(N([H])c2c([H])c(N([H])C(=O)/[C:91]([H])=[C:92](\[H])C([H])([H])[N+]([H])(C([H])([H])[H])C([H])([H])[H])c([H])c([H])c2OC([H])([H])[H])nc(-c2c([H])nn3c([H])c([H])c([H])c([H])c23)c1[H],1,-0.10722256,-0.07255202,-205.560463764652,-86.1972784553055,0.01930765,-0.01894623,0.0001807101,0.03446737,-0.003377691,0.015544839,-919109.1436294004,2.2362503046169877,-919097.3184659869,-919103.6033466219
S2-16.3,intermediate,[H]C1=C([H])c2c(-c3nc(N([H])c4c([H])c(N([H])C(=O)[C-:91]([H])[C:92]([H])(C([H])([H])[N+]([H])(C([H])([H])[H])C([H])([H])[H])[S:93]C([H])([H])[H])c([H])c([H])c4OC([H])([H])[H])nc([H])c3[H])c([H])nn2C([H])=C1[H],0,-0.2002422,-0.09443468,-145.81328964396616,-29.315985837127112,0.0004439801,-0.0034063756,-0.0014811978,0.01345937,0.00431858,0.008888975,-1194218.1382386265,6.450022046454251,-1194193.7487092884,-1194199.371848495
S2-16.3,product,[H]c1nc(N([H])c2c([H])c(N([H])C(=O)[C:91]([H])([H])[C:92]([H])(C([H])([H])[N+]([H])(C([H])([H])[H])C([H])([H])[H])[S:93]C([H])([H])[H])c([H])c([H])c2OC([H])([H])[H])nc(-c2c([H])nn3c([H])c([H])c([H])c([H])c23)c1[H],1,-0.10809678,0.029666191,-205.82464567365938,-81.5563079070234,-0.022899745,-0.043397427,-0.033148587,0.008961238,-0.00010890514,0.0044261664,-1194494.3112166128,6.618115888908505,-1194480.7927697008,-1194486.6133378472
S2-16.4,reactant,[H]c1nc(N([H])c2c([H])c(N([H])C(=O)/[C:91]([H])=[C:92](\[H])C([H])([H])[N+]([H])(C([H])([H])[H])C([H])([H])[H])c([H])c([H])c2OC([H])([H])[H])nc(-c2c([H])nn3c([H])c([H])c([H])c([H])c23)c1[H],1,-0.13875365,-0.06606367,-201.75633250174445,-83.39354173239377,0.08503984,0.0042704083,0.044655122,0.017411605,-0.006684214,0.0053636953,-919112.5983586193,2.1130939591675997,-919102.4751929431,-919107.9022494431
S2-16.4,intermediate,[H]C1=C([H])c2c(-c3nc(N([H])c4c([H])c(N([H])C(=O)[C-:91]([H])[C:92]([H])(C([H])([H])[N+]([H])(C([H])([H])[H])C([H])([H])[H])[S:93]C([H])([H])[H])c([H])c([H])c4OC([H])([H])[H])nc([H])c3[H])c([H])nn2C([H])=C1[H],0,-0.18580277,-0.09561543,-146.11534638508778,-29.284265440324745,0.021255516,0.014222078,0.017738797,0.009567797,-8.353591e-05,0.0047421306,-1194223.389926353,6.465496682561934,-1194190.4574786017,-1194196.424507414
S2-16.4,product,[H]c1nc(N([H])c2c([H])c(N([H])C(=O)[C:91]([H])([H])[C:92]([H])(C([H])([H])[N+]([H])(C([H])([H])[H])C([H])([H])[H])[S:93]C([H])([H])[H])c([H])c([H])c2OC([H])([H])[H])nc(-c2c([H])nn3c([H])c([H])c([H])c([H])c23)c1[H],1,-0.11992553,0.02077156,-197.25945582986907,-76.36164598037261,-0.026241321,-0.04265817,-0.034449745,0.0062208176,0.0011805966,0.003700707,-1194485.7465716107,4.600152243860066,-1194475.4304712543,-1194481.086880028
S2-16.5,reactant,[H]c1nc(N([H])c2c([H])c(N([H])C(=O)/[C:91]([H])=[C:92](\[H])C([H])([H])[N+]([H])(C([H])([H])[H])C([H])([H])[H])c([H])c([H])c2OC([H])([H])[H])nc(-c2c([H])nn3c([H])c([H])c([H])c([H])c23)c1[H],1,-0.11138585,-0.09087829,-201.8681233762612,-83.40547221033565,0.07574426,-0.004250601,0.035746828,0.014429957,-0.0074632764,0.0034833401,-919106.3927505271,4.639801686629653,-919094.7011259217,-919100.8259161251
S2-16.5,intermediate,[H]C1=C([H])c2c(-c3nc(N([H])c4c([H])c(N([H])C(=O)[C-:91]([H])[C:92]([H])(C([H])([H])[N+]([H])(C([H])([H])[H])C([H])([H])[H])[S:93]C([H])([H])[H])c([H])c([H])c4OC([H])([H])[H])nc([H])c3[H])c([H])nn2C([H])=C1[H],0,-0.42524657,0.013427869,-126.67502303466458,-13.92135313070777,0.0023890296,-0.0075551434,-0.002583057,0.020889074,0.12747127,0.07418017,-1194191.1114500475,9.80046929884702,-1194162.6356973783,-1194168.156715902
S2-16.5,product,[H]c1nc(N([H])c2c([H])c(N([H])C(=O)[C:91]([H])([H])[C:92]([H])(C([H])([H])[N+]([H])(C([H])([H])[H])C([H])([H])[H])[S:93]C([H])([H])[H])c([H])c([H])c2OC([H])([H])[H])nc(-c2c([H])nn3c([H])c([H])c([H])c([H])c23)c1[H],1,-0.10377504,-0.0002489064,-199.27282430270566,-78.79391073054963,-0.020753523,-0.033907264,-0.027330393,0.0013834387,-0.0053753853,-0.0019959733,-1194482.965683224,1.9678437616676092,-1194471.3825749434,-1194477.8882754599
S2-16.6,reactant,[H]c1nc(N([H])c2c([H])c(N([H])C(=O)/[C:91]([H])=[C:92](\[H])C([H])([H])[N+]([H])(C([H])([H])[H])C([H])([H])[H])c([H])c([H])c2OC([H])([H])[H])nc(-c2c([H])nn3c([H])c([H])c([H])c([H])c23)c1[H],1,-0.13572046,-0.046040718,-205.8368818897486,-84.43008055760215,0.046690855,-0.012424149,0.017133353,0.03658858,-0.0019466728,0.017320953,-919111.1575861595,2.3251593122258782,-919101.8105660825,-919106.4760096199
S2-16.6,intermediate,[H]C1=C([H])c2c(-c3nc(N([H])c4c([H])c(N([H])C(=O)[C-:91]([H])[C:92]([H])(C([H])([H])[N+]([H])(C([H])([H])[H])C([H])([H])[H])[S:93]C([H])([H])[H])c([H])c([H])c4OC([H])([H])[H])nc([H])c3[H])c([H])nn2C([H])=C1[H],0,-0.46853822,0.0064510866,-126.65151784849697,-14.04796073725877,0.0087573975,-0.0005758614,0.0040907683,0.0110479,0.13252917,0.071788535,-1194189.1231765924,3.589643994346261,-1194169.7090075489,-1194174.5717673735
S2-16.6,product,[H]c1nc(N([H])c2c([H])c(N([H])C(=O)[C:91]([H])([H])[C:92]([H])(C([H])([H])[N+]([H])(C([H])([H])[H])C([H])([H])[H])[S:93]C([H])([H])[H])c([H])c([H])c2OC([H])([H])[H])nc(-c2c([H])nn3c([H])c([H])c([H])c([H])c23)c1[H],1,-0.12765129,-0.0074664787,-198.4211039360792,-77.19658726819296,-0.02246989,-0.034114666,-0.02829228,0.0062317997,0.0023122132,0.0042720065,-1194478.1773136812,5.746071851812303,-1194463.6052542934,-1194469.7561362789
S2-16.7,reactant,[H]c1nc(N([H])c2c([H])c(N([H])C(=O)/[C:91]([H])=[C:92](\[H])C([H])([H])[N+]([H])(C([H])([H])[H])C([H])([H])[H])c([H])c([H])c2OC([H])([H])[H])nc(-c2c([H])nn3c([H])c([H])c([H])c([H])c23)c1[H],1,-0.09224426,-0.059158307,-203.70897726476144,-84.78747340789631,0.013136413,-0.016025323,-0.0014444552,0.030396365,-0.018150963,0.006122701,-919105.2032565511,4.7605912797153,-919093.0011202712,-919099.6152199049
S2-16.7,intermediate,[H]C1=C([H])c2c(-c3nc(N([H])c4c([H])c(N([H])C(=O)[C-:91]([H])[C:92]([H])(C([H])([H])[N+]([H])(C([H])([H])[H])C([H])([H])[H])[S:93]C([H])([H])[H])c([H])c([H])c4OC([H])([H])[H])nc([H])c3[H])c([H])nn2C([H])=C1[H],0,-0.31124493,0.002916853,-134.68045716518924,-16.96538087713196,0.003144873,0.003494407,0.00331964,0.039682984,0.06989586,0.054789424,-1194217.175953486,3.0620279451832175,-1194198.4529477821,-1194206.1065000587
S2-16.7,product,[H]c1nc(N([H])c2c([H])c(N([H])C(=O)[C:91]([H])([H])[C:92]([H])(C([H])([H])[N+]([H])(C([H])([H])[H])C([H])([H])[H])[S:93]C([H])([H])[H])c([H])c([H])c2OC([H])([H])[H])nc(-c2c([H])nn3c([H])c([H])c([H])c([H])c23)c1[H],1,-0.105182245,0.0196685,-200.91579043312913,-81.3791008481566,-0.01245502,-0.03490445,-0.023679735,0.0045264885,-0.0021251738,0.0012006573,-1194494.0158679963,1.6447398671880364,-1194484.1224821676,-1194489.4380986677
S2-16.8,reactant,[H]c1nc(N([H])c2c([H])c(N([H])C(=O)/[C:91]([H])=[C:92](\[H])C([H])([H])[N+]([H])(C([H])([H])[H])C([H])([H])[H])c([H])c([H])c2OC([H])([H])[H])nc(-c2c([H])nn3c([H])c([H])c([H])c([H])c23)c1[H],1,-0.107402876,-0.08923201,-205.03507860302233,-86.04891938061647,0.067040265,-0.0070058703,0.030017197,0.014249943,-0.008692093,0.002778925,-919110.1657775873,2.2156699784100056,-919098.4215649146,-919104.6773573814
S2-16.8,intermediate,[H]C1=C([H])c2c(-c3nc(N([H])c4c([H])c(N([H])C(=O)[C-:91]([H])[C:92]([H])(C([H])([H])[N+]([H])(C([H])([H])[H])C([H])([H])[H])[S:93]C([H])([H])[H])c([H])c([H])c4OC([H])([H])[H])nc([H])c3[H])c([H])nn2C([H])=C1[H],0,-0.4898986,-0.025863914,-122.89999952515386,-13.64743531507086,0.011937587,0.008643569,0.010290578,0.029958218,0.17363805,0.10179813,-1194179.1434443556,2.5409695990383625,-1194163.8990026412,-1194170.6617410732
S2-16.8,product,[H]c1nc(N([H])c2c([H])c(N([H])C(=O)[C:91]([H])([H])[C:92]([H])(C([H])([H])[N+]([H])(C([H])([H])[H])C([H])([H])[H])[S:93]C([H])([H])[H])c([H])c([H])c2OC([H])([H])[H])nc(-c2c([H])nn3c([H])c([H])c([H])c([H])c23)c1[H],1,-0.1167968,-0.0009416647,-207.46995405714836,-78.57595151898974,-0.022573045,-0.028343989,-0.025458517,0.008321874,0.005098127,0.0067100003,-1194486.173416287,5.306668774224818,-1194473.675683339,-1194480.1474975464
S2-16.9,reactant,[H]c1nc(N([H])c2c([H])c(N([H])C(=O)/[C:91]([H])=[C:92](\[H])C([H])([H])[N+]([H])(C([H])([H])[H])C([H])([H])[H])c([H])c([H])c2OC([H])([H])[H])nc(-c2c([H])nn3c([H])c([H])c([H])c([H])c23)c1[H],1,-0.11127407,-0.09191005,-202.34034405289924,-83.7714525197335,0.07618734,-0.0032115877,0.036487877,0.013233557,-0.008086555,0.0025735013,-919106.6167127755,4.723902250640094,-919095.9076925508,-919100.930393197
S2-16.9,intermediate,[H]C1=C([H])c2c(-c3nc(N([H])c4c([H])c(N([H])C(=O)[C-:91]([H])[C:92]([H])(C([H])([H])[N+]([H])(C([H])([H])[H])C([H])([H])[H])[S:93]C([H])([H])[H])c([H])c([H])c4OC([H])([H])[H])nc([H])c3[H])c([H])nn2C([H])=C1[H],0,-0.4134315,0.022946086,-132.78161034463704,-13.892930617551698,-0.009290669,-0.017648548,-0.0134696085,0.019428551,0.13438678,0.076907665,-1194196.2294034136,10.874189527705312,-1194164.7359368054,-1194171.6709657987
S2-16.9,product,[H]c1nc(N([H])c2c([H])c(N([H])C(=O)[C:91]([H])([H])[C:92]([H])(C([H])([H])[N+]([H])(C([H])([H])[H])C([H])([H])[H])[S:93]C([H])([H])[H])c([H])c([H])c2OC([H])([H])[H])nc(-c2c([H])nn3c([H])c([H])c([H])c([H])c23)c1[H],1,-0.10828342,0.024858253,-199.74598304910964,-80.74930628973365,-0.008544875,-0.034195147,-0.02137001,0.0053648353,-0.0017326921,0.0018160716,-1194492.433973804,3.388760314323008,-1194481.9403456615,-1194487.3791444846
S2-16.10,reactant,[H]c1nc(N([H])c2c([H])c(N([H])C(=O)/[C:91]([H])=[C:92](\[H])C([H])([H])[N+]([H])(C([H])([H])[H])C([H])([H])[H])c([H])c([H])c2OC([H])([H])[H])nc(-c2c([H])nn3c([H])c([H])c([H])c([H])c23)c1[H],1,-0.12839797,-0.0792801,-219.06742777956825,-89.26551825008326,-0.019053854,-0.016651027,-0.01785244,0.023957044,0.0038002506,0.013878647,-919115.4697024373,5.402691421099007,-919100.7980051467,-919108.1709693387
S2-16.10,intermediate,[H]C1=C([H])c2c(-c3nc(N([H])c4c([H])c(N([H])C(=O)[C-:91]([H])[C:92]([H])(C([H])([H])[N+]([H])(C([H])([H])[H])C([H])([H])[H])[S:93]C([H])([H])[H])c([H])c([H])c4OC([H])([H])[H])nc([H])c3[H])c([H])nn2C([H])=C1[H],0,-0.4335469,0.015634269,-126.6516029263588,-13.993219645427134,0.0034049079,-0.007920269,-0.0022576803,0.020880759,0.13178298,0.07633187,-1194191.0820564786,10.896687474101782,-1194161.04586122,-1194167.3311424009
S2-16.10,product,[H]c1nc(N([H])c2c([H])c(N([H])C(=O)[C:91]([H])([H])[C:92]([H])(C([H])([H])[N+]([H])(C([H])([H])[H])C([H])([H])[H])[S:93]C([H])([H])[H])c([H])c([H])c2OC([H])([H])[H])nc(-c2c([H])nn3c([H])c([H])c([H])c([H])c23)c1[H],1,-0.11653194,0.012819876,-195.44365346969352,-77.33330769836381,-0.027648877,-0.036278453,-0.031963665,0.0039576516,0.0008159578,0.0023868047,-1194482.7445159724,2.9516201531514525,-1194472.3980667123,-1194478.0482956627
S2-18.1,reactant,[H]c1nc(N([H])c2c([H])c(N([H])C(=O)/[C:91]([H])=[C:92](\[H])C([H])([H])[N+]([H])(C([H])([H])[H])C([H])([H])[H])c([H])c([H])c2OC([H])([H])[H])nc(-c2c([H])nn3c([H])c([H])c([H])c([H])c23)c1[H],1,-0.115148656,-0.07991171,-203.74745392538523,-83.00263794695661,0.07473914,-0.0072177425,0.0337607,0.023087688,-0.011332922,0.005877383,-919107.3075275719,3.531176932156086,-919096.9274807003,-919101.4540563009
S2-18.1,intermediate,[H]C1=C([H])c2c(-c3nc(N([H])c4c([H])c(N([H])C(=O)[C-:91]([H])[C:92]([H])(C([H])([H])[N+]([H])(C([H])([H])[H])C([H])([H])[H])[S:93]C([H])([H])[H])c([H])c([H])c4OC([H])([H])[H])nc([H])c3[H])c([H])nn2C([H])=C1[H],0,-0.47404054,-0.022582913,-125.30612434243,-15.073613365836417,0.023879932,0.01673795,0.02030894,0.018990487,0.15154636,0.08526842,-1194182.5518405174,3.5711286487057805,-1194166.5534552212,-1194172.0336991765
S2-18.1,product,[H]c1nc(N([H])c2c([H])c(N([H])C(=O)[C:91]([H])([H])[C:92]([H])(C([H])([H])[N+]([H])(C([H])([H])[H])C([H])([H])[H])[S:93]C([H])([H])[H])c([H])c([H])c2OC([H])([H])[H])nc(-c2c([H])nn3c([H])c([H])c([H])c([H])c23)c1[H],1,-0.12222268,0.02347568,-195.62604048084785,-76.70438873266286,-0.030071776,-0.039472945,-0.03477236,0.010498762,0.0054430515,0.007970907,-1194484.4847340507,2.4189328104257584,-1194474.5037804148,-1194479.8767239617
S2-18.2,reactant,[H]c1nc(N([H])c2c([H])c(N([H])C(=O)/[C:91]([H])=[C:92](\[H])C([H])([H])[N+]([H])(C([H])([H])[H])C([H])([H])[H])c([H])c([H])c2OC([H])([H])[H])nc(-c2c([H])nn3c([H])c([H])c([H])c([H])c23)c1[H],1,-0.11193952,-0.0886682,-201.2742508434141,-82.19099236218729,0.069985285,-0.0069500282,0.03151763,0.013676375,-0.008900605,0.002387885,-919106.0808154638,3.0214620139449835,-919094.2192493423,-919100.2687067563
S2-18.2,intermediate,[H]C1=C([H])c2c(-c3nc(N([H])c4c([H])c(N([H])C(=O)[C-:91]([H])[C:92]([H])(C([H])([H])[N+]([H])(C([H])([H])[H])C([H])([H])[H])[S:93]C([H])([H])[H])c([H])c([H])c4OC([H])([H])[H])nc([H])c3[H])c([H])nn2C([H])=C1[H],0,-0.42631167,0.013252969,-127.2821602725782,-13.91066083946007,0.0020664977,-0.0078443475,-0.0028889251,0.018803984,0.13059273,0.07469836,-1194191.1132959106,10.927424187771976,-1194161.1379747407,-1194166.6264455817
S2-18.2,product,[H]c1nc(N([H])c2c([H])c(N([H])C(=O)[C:91]([H])([H])[C:92]([H])(C([H])([H])[N+]([H])(C([H])([H])[H])C([H])([H])[H])[S:93]C([H])([H])[H])c([H])c([H])c2OC([H])([H])[H])nc(-c2c([H])nn3c([H])c([H])c([H])c([H])c23)c1[H],1,-0.09704636,-0.008562745,-202.5566391176425,-82.96496855880875,-0.014543516,-0.03149754,-0.023020528,0.0042308047,-0.0025224686,0.0008541681,-1194492.4403047669,1.970621433109045,-1194482.4216973905,-1194487.2708758956
S2-18.3,reactant,[H]c1nc(N([H])c2c([H])c(N([H])C(=O)/[C:91]([H])=[C:92](\[H])C([H])([H])[N+]([H])(C([H])([H])[H])C([H])([H])[H])c([H])c([H])c2OC([H])([H])[H])nc(-c2c([H])nn3c([H])c([H])c([H])c([H])c23)c1[H],1,-0.14250359,-0.06363993,-200.51589059045241,-83.3634334016497,0.07655322,0.00057426095,0.03856374,0.03054674,-0.0053300112,0.012608364,-919110.7354330557,2.6580392522737384,-919099.4882100959,-919105.949526069
S2-18.3,intermediate,[H]C1=C([H])c2c(-c3nc(N([H])c4c([H])c(N([H])C(=O)[C-:91]([H])[C:92]([H])(C([H])([H])[N+]([H])(C([H])([H])[H])C([H])([H])[H])[S:93]C([H])([H])[H])c([H])c([H])c4OC([H])([H])[H])nc([H])c3[H])c([H])nn2C([H])=C1[H],0,-0.29867858,0.010360741,-135.37485145280817,-18.238765212131895,0.0015141759,-0.004768328,-0.001627076,0.0098211765,0.03815162,0.0239864,-1194219.060199197,5.144089728593826,-1194207.5282522123,-1194213.2111108538
S2-18.3,product,[H]c1nc(N([H])c2c([H])c(N([H])C(=O)[C:91]([H])([H])[C:92]([H])(C([H])([H])[N+]([H])(C([H])([H])[H])C([H])([H])[H])[S:93]C([H])([H])[H])c([H])c([H])c2OC([H])([H])[H])nc(-c2c([H])nn3c([H])c([H])c([H])c([H])c23)c1[H],1,-0.097551286,0.0003873861,-199.88298591240556,-79.68757655103938,-0.02482241,-0.036094435,-0.030458422,0.00029228628,-0.0071958005,-0.0034517571,-1194478.7648058443,2.8568722708150744,-1194467.4773516105,-1194472.9013952296
S2-18.4,reactant,[H]c1nc(N([H])c2c([H])c(N([H])C(=O)/[C:91]([H])=[C:92](\[H])C([H])([H])[N+]([H])(C([H])([H])[H])C([H])([H])[H])c([H])c([H])c2OC([H])([H])[H])nc(-c2c([H])nn3c([H])c([H])c([H])c([H])c23)c1[H],1,-0.10389159,-0.09065301,-204.45422689013637,-86.39656589041103,0.060399137,-0.0057984293,0.027300354,0.015398718,-0.0087065995,0.0033460595,-919107.3665770056,4.11645791772753,-919094.9585661696,-919101.6795078866
S2-18.4,intermediate,[H]C1=C([H])c2c(-c3nc(N([H])c4c([H])c(N([H])C(=O)[C-:91]([H])[C:92]([H])(C([H])([H])[N+]([H])(C([H])([H])[H])C([H])([H])[H])[S:93]C([H])([H])[H])c([H])c([H])c4OC([H])([H])[H])nc([H])c3[H])c([H])nn2C([H])=C1[H],0,-0.47667056,-0.008020806,-125.84828637260014,-14.618664004384849,0.016412351,0.009101409,0.012756879,0.033043563,0.17800468,0.10552412,-1194182.4287525602,4.247429916635156,-1194164.9187994371,-1194171.4597425032
S2-18.4,product,[H]c1nc(N([H])c2c([H])c(N([H])C(=O)[C:91]([H])([H])[C:92]([H])(C([H])([H])[N+]([H])(C([H])([H])[H])C([H])([H])[H])[S:93]C([H])([H])[H])c([H])c([H])c2OC([H])([H])[H])nc(-c2c([H])nn3c([H])c([H])c([H])c([H])c23)c1[H],1,-0.11263282,0.012972484,-195.887376771731,-75.68695649902031,-0.027728315,-0.038380966,-0.033054642,0.004200503,-0.001056239,0.0015721321,-1194486.6794964483,2.1837561037391424,-1194474.9170838264,-1194481.890799657
S2-18.5,reactant,[H]c1nc(N([H])c2c([H])c(N([H])C(=O)/[C:91]([H])=[C:92](\[H])C([H])([H])[N+]([H])(C([H])([H])[H])C([H])([H])[H])c([H])c([H])c2OC([H])([H])[H])nc(-c2c([H])nn3c([H])c([H])c([H])c([H])c23)c1[H],1,-0.13800833,-0.06683512,-200.34055668030408,-82.93264026193587,0.08640182,0.0051391684,0.045770496,0.017291293,-0.0067384243,0.005276434,-919111.1090762791,2.1375695737078786,-919099.5905194089,-919106.4363372627
S2-18.5,intermediate,[H]C1=C([H])c2c(-c3nc(N([H])c4c([H])c(N([H])C(=O)[C-:91]([H])[C:92]([H])(C([H])([H])[N+]([H])(C([H])([H])[H])C([H])([H])[H])[S:93]C([H])([H])[H])c([H])c([H])c4OC([H])([H])[H])nc([H])c3[H])c([H])nn2C([H])=C1[H],0,-0.1914433,-0.11222648,-145.13617986215348,-29.728278491193148,0.013034575,0.011576168,0.012305371,0.014237791,0.0029670894,0.00860244,-1194219.923040277,13.430359859019518,-1194189.7874977498,-1194196.607254126
S2-18.5,product,[H]c1nc(N([H])c2c([H])c(N([H])C(=O)[C:91]([H])([H])[C:92]([H])(C([H])([H])[N+]([H])(C([H])([H])[H])C([H])([H])[H])[S:93]C([H])([H])[H])c([H])c([H])c2OC([H])([H])[H])nc(-c2c([H])nn3c([H])c([H])c([H])c([H])c23)c1[H],1,-0.102250524,-0.0042729303,-202.29338676284635,-79.84688891138003,-0.028194053,-0.034704182,-0.031449117,0.008615397,0.0014975369,0.005056467,-1194481.4365172908,5.160970716737211,-1194468.0029683097,-1194472.511619191
S2-18.6,reactant,[H]c1nc(N([H])c2c([H])c(N([H])C(=O)/[C:91]([H])=[C:92](\[H])C([H])([H])[N+]([H])(C([H])([H])[H])C([H])([H])[H])c([H])c([H])c2OC([H])([H])[H])nc(-c2c([H])nn3c([H])c([H])c([H])c([H])c23)c1[H],1,-0.13938716,-0.0577228,-206.24310556304766,-84.36839991718367,0.07538017,-0.004611023,0.035384573,0.030434445,-0.005795613,0.012319416,-919111.4794309754,3.0755845345556736,-919099.5674027087,-919106.3473390234
S2-18.6,intermediate,[H]C1=C([H])c2c(-c3nc(N([H])c4c([H])c(N([H])C(=O)[C-:91]([H])[C:92]([H])(C([H])([H])[N+]([H])(C([H])([H])[H])C([H])([H])[H])[S:93]C([H])([H])[H])c([H])c([H])c4OC([H])([H])[H])nc([H])c3[H])c([H])nn2C([H])=C1[H],0,-0.18572873,-0.09055495,-147.0526428634297,-31.618844562950205,0.015882485,0.009758316,0.0128204,0.008810461,-0.0011413395,0.0038345605,-1194224.9809778475,9.05575615633279,-1194175.1440934697,-1194181.6876095817
S2-18.6,product,[H]c1nc(N([H])c2c([H])c(N([H])C(=O)[C:91]([H])([H])[C:92]([H])(C([H])([H])[N+]([H])(C([H])([H])[H])C([H])([H])[H])[S:93]C([H])([H])[H])c([H])c([H])c2OC([H])([H])[H])nc(-c2c([H])nn3c([H])c([H])c([H])c([H])c23)c1[H],1,-0.10437668,-0.0054090773,-195.90257238152108,-76.87379107452695,-0.02611236,-0.033166993,-0.029639676,0.0064577237,0.0006290972,0.0035434105,-1194480.3915573368,2.1586226215586066,-1194470.444704707,-1194475.6201290982
S2-18.7,reactant,[H]c1nc(N([H])c2c([H])c(N([H])C(=O)/[C:91]([H])=[C:92](\[H])C([H])([H])[N+]([H])(C([H])([H])[H])C([H])([H])[H])c([H])c([H])c2OC([H])([H])[H])nc(-c2c([H])nn3c([H])c([H])c([H])c([H])c23)c1[H],1,-0.13907781,-0.0662874,-200.13076322181146,-82.61521666535243,0.08563055,0.0046907477,0.04516065,0.016854405,-0.006900236,0.0049770847,-919111.0543379684,2.198721192777157,-919101.9918892347,-919106.3090942146
S2-18.7,intermediate,[H]C1=C([H])c2c(-c3nc(N([H])c4c([H])c(N([H])C(=O)[C-:91]([H])[C:92]([H])(C([H])([H])[N+]([H])(C([H])([H])[H])C([H])([H])[H])[S:93]C([H])([H])[H])c([H])c([H])c4OC([H])([H])[H])nc([H])c3[H])c([H])nn2C([H])=C1[H],0,-0.18022318,-0.09188215,-147.3861718249134,-28.263053165319292,-0.0075877383,-0.011288658,-0.009438198,0.018180937,0.007221788,0.012701362,-1194225.7066292614,4.753237346187234,-1194196.5628747877,-1194202.1250563737
S2-18.7,product,[H]c1nc(N([H])c2c([H])c(N([H])C(=O)[C:91]([H])([H])[C:92]([H])(C([H])([H])[N+]([H])(C([H])([H])[H])C([H])([H])[H])[S:93]C([H])([H])[H])c([H])c([H])c2OC([H])([H])[H])nc(-c2c([H])nn3c([H])c([H])c([H])c([H])c23)c1[H],1,-0.107476935,-0.0064555444,-198.85571199532586,-79.91366023925322,-0.0025209892,-0.02827328,-0.015397135,0.006527625,0.0009723976,0.0037500113,-1194491.7338618878,3.235294608399272,-1194479.3786118827,-1194485.0862719852
S2-18.8,reactant,[H]c1nc(N([H])c2c([H])c(N([H])C(=O)/[C:91]([H])=[C:92](\[H])C([H])([H])[N+]([H])(C([H])([H])[H])C([H])([H])[H])c([H])c([H])c2OC([H])([H])[H])nc(-c2c([H])nn3c([H])c([H])c([H])c([H])c23)c1[H],1,-0.11058642,-0.08468478,-203.89723469301344,-85.6887335023595,0.05293683,-0.009852983,0.021541923,0.028962195,-0.004182726,0.012389734,-919106.5792531602,4.740842179395258,-919094.4192095792,-919100.2366886252
S2-18.8,intermediate,[H]C1=C([H])c2c(-c3nc(N([H])c4c([H])c(N([H])C(=O)[C-:91]([H])[C:92]([H])(C([H])([H])[N+]([H])(C([H])([H])[H])C([H])([H])[H])[S:93]C([H])([H])[H])c([H])c([H])c4OC([H])([H])[H])nc([H])c3[H])c([H])nn2C([H])=C1[H],0,-0.19272156,-0.11200747,-145.61065955579934,-31.758790583311622,0.0045765564,0.0067890137,0.005682785,0.012191743,0.0016465485,0.0069191456,-1194220.2447536872,3.98380084335804,-1194191.630779269,-1194197.5502551296
S2-18.8,product,[H]c1nc(N([H])c2c([H])c(N([H])C(=O)[C:91]([H])([H])[C:92]([H])(C([H])([H])[N+]([H])(C([H])([H])[H])C([H])([H])[H])[S:93]C([H])([H])[H])c([H])c([H])c2OC([H])([H])[H])nc(-c2c([H])nn3c([H])c([H])c([H])c([H])c23)c1[H],1,-0.10326928,0.0002642907,-199.2283030309493,-78.5868304799493,-0.019943455,-0.03350814,-0.026725799,0.0013270527,-0.0052888617,-0.0019809045,-1194482.9443570713,2.211068087257445,-1194471.8532474642,-1194477.1118472223
S2-18.9,reactant,[H]c1nc(N([H])c2c([H])c(N([H])C(=O)/[C:91]([H])=[C:92](\[H])C([H])([H])[N+]([H])(C([H])([H])[H])C([H])([H])[H])c([H])c([H])c2OC([H])([H])[H])nc(-c2c([H])nn3c([H])c([H])c([H])c([H])c23)c1[H],1,-0.13932852,-0.06559327,-201.73118751675005,-83.19978730264337,0.08500673,0.004132051,0.044569388,0.016762435,-0.006997496,0.00488247,-919112.5594513507,2.3740976341068745,-919103.4131056371,-919107.6380485129
S2-18.9,intermediate,[H]C1=C([H])c2c(-c3nc(N([H])c4c([H])c(N([H])C(=O)[C-:91]([H])[C:92]([H])(C([H])([H])[N+]([H])(C([H])([H])[H])C([H])([H])[H])[S:93]C([H])([H])[H])c([H])c([H])c4OC([H])([H])[H])nc([H])c3[H])c([H])nn2C([H])=C1[H],0,-0.46898818,-0.011346063,-125.96465052116301,-12.940978112767672,0.027106239,0.018721582,0.02291391,0.011441529,0.13737088,0.07440621,-1194182.140419937,3.0825233068317175,-1194160.620564984,-1194167.0910848107
S2-18.9,product,[H]c1nc(N([H])c2c([H])c(N([H])C(=O)[C:91]([H])([H])[C:92]([H])(C([H])([H])[N+]([H])(C([H])([H])[H])C([H])([H])[H])[S:93]C([H])([H])[H])c([H])c([H])c2OC([H])([H])[H])nc(-c2c([H])nn3c([H])c([H])c([H])c([H])c23)c1[H],1,-0.118383504,0.010188954,-208.7191442796148,-78.60875711361226,-0.023248782,-0.028897462,-0.026073122,0.011376254,0.0058167353,0.008596495,-1194495.3622150195,4.207954343408346,-1194480.917064198,-1194488.3269240803
S2-18.10,reactant,[H]c1nc(N([H])c2c([H])c(N([H])C(=O)/[C:91]([H])=[C:92](\[H])C([H])([H])[N+]([H])(C([H])([H])[H])C([H])([H])[H])c([H])c([H])c2OC([H])([H])[H])nc(-c2c([H])nn3c([H])c([H])c([H])c([H])c23)c1[H],1,-0.10486084,-0.072067775,-200.93507396138546,-80.89716284568449,0.043073356,-0.01298207,0.015045643,0.020053886,-0.016567878,0.0017430037,-919103.855308721,1.955770120024681,-919093.3720884102,-919099.062077835
S2-18.10,intermediate,[H]C1=C([H])c2c(-c3nc(N([H])c4c([H])c(N([H])C(=O)[C-:91]([H])[C:92]([H])(C([H])([H])[N+]([H])(C([H])([H])[H])C([H])([H])[H])[S:93]C([H])([H])[H])c([H])c([H])c4OC([H])([H])[H])nc([H])c3[H])c([H])nn2C([H])=C1[H],0,-0.44321102,0.012284838,-131.21073631764276,-14.604877203126449,-0.020024449,-0.024260104,-0.022142276,0.012010455,0.13749224,0.07475135,-1194186.327396209,8.93741022516042,-1194164.2712426381,-1194169.5504543788
S2-18.10,product,[H]c1nc(N([H])c2c([H])c(N([H])C(=O)[C:91]([H])([H])[C:92]([H])(C([H])([H])[N+]([H])(C([H])([H])[H])C([H])([H])[H])[S:93]C([H])([H])[H])c([H])c([H])c2OC([H])([H])[H])nc(-c2c([H])nn3c([H])c([H])c([H])c([H])c23)c1[H],1,-0.11423766,0.015334596,-198.3491463244545,-76.9913502346865,-0.031617034,-0.044371624,-0.03799433,0.005589083,-0.00085644424,0.0023663193,-1194484.722953156,2.949784168973565,-1194472.2336404105,-1194478.7378739638
S2-15.1,reactant,[H]c1nc(N([H])c2c([H])c(N([H])C(=O)/[C:91]([H])=[C:92](\[H])C([H])([H])[N+]([H])(C([H])([H])[H])C([H])([H])[H])c([H])c([H])c2OC([H])([H])[H])nc(-c2c([H])nn3c([H])c([H])c([H])c([H])c23)c1Cl,1,-0.10767749,-0.08742185,-205.04704840835714,-88.59911837603862,0.058104694,-0.008607395,0.02474865,0.011228107,-0.008808292,0.0012099072,-1207551.037528239,2.2654795004054904,-1207541.4359192827,-1207545.30913187
S2-15.1,intermediate,[H]C1=C([H])c2c(-c3nc(N([H])c4c([H])c(N([H])C(=O)[C-:91]([H])[C:92]([H])(C([H])([H])[N+]([H])(C([H])([H])[H])C([H])([H])[H])[S:93]C([H])([H])[H])c([H])c([H])c4OC([H])([H])[H])nc([H])c3Cl)c([H])nn2C([H])=C1[H],0,-0.16924901,-0.09886347,-148.93400533881737,-25.645926982304605,0.009722121,0.0026876703,0.0062048957,-0.013325766,-0.017961353,-0.01564356,-1482666.566184092,6.139639001339674,-1482613.540416005,-1482618.7579892178
S2-15.1,product,[H]c1nc(N([H])c2c([H])c(N([H])C(=O)[C:91]([H])([H])[C:92]([H])(C([H])([H])[N+]([H])(C([H])([H])[H])C([H])([H])[H])[S:93]C([H])([H])[H])c([H])c([H])c2OC([H])([H])[H])nc(-c2c([H])nn3c([H])c([H])c([H])c([H])c23)c1Cl,1,-0.10590276,-0.0030974066,-199.90401518945305,-80.7337038959269,-0.020865515,-0.032703523,-0.026784519,0.0024551824,-0.004261777,-0.0009032972,-1482922.3561743433,2.6662277607247233,-1482911.2150002096,-1482916.86323718
S2-15.2,reactant,[H]c1nc(N([H])c2c([H])c(N([H])C(=O)/[C:91]([H])=[C:92](\[H])C([H])([H])[N+]([H])(C([H])([H])[H])C([H])([H])[H])c([H])c([H])c2OC([H])([H])[H])nc(-c2c([H])nn3c([H])c([H])c([H])c([H])c23)c1Cl,1,-0.1380305,-0.06465721,-201.8485980718214,-86.00883956395771,0.07693027,0.0029119551,0.039921112,0.014548585,-0.0069740564,0.0037872642,-1207553.4160646696,2.309463355690241,-1207541.6224470204,-1207548.280397929
S2-15.2,intermediate,[H]C1=C([H])c2c(-c3nc(N([H])c4c([H])c(N([H])C(=O)[C-:91]([H])[C:92]([H])(C([H])([H])[N+]([H])(C([H])([H])[H])C([H])([H])[H])[S:93]C([H])([H])[H])c([H])c([H])c4OC([H])([H])[H])nc([H])c3Cl)c([H])nn2C([H])=C1[H],0,-0.4495007,-0.0036551985,-128.23047763415673,-18.4049421247137,0.021080403,0.012655508,0.016867954,0.018671721,0.14210695,0.080389336,-1482625.7414194695,3.3039362486451864,-1482606.0170565497,-1482612.7515397044
S2-15.2,product,[H]c1nc(N([H])c2c([H])c(N([H])C(=O)[C:91]([H])([H])[C:92]([H])(C([H])([H])[N+]([H])(C([H])([H])[H])C([H])([H])[H])[S:93]C([H])([H])[H])c([H])c([H])c2OC([H])([H])[H])nc(-c2c([H])nn3c([H])c([H])c([H])c([H])c23)c1Cl,1,-0.11309305,0.005027584,-198.2295060537898,-80.75128912001205,-0.018893149,-0.040257156,-0.02957515,0.0030887723,-0.0019297078,0.00057953224,-1482919.4210934287,1.9937426513060927,-1482907.5732695565,-1482913.1728279288
S2-15.3,reactant,[H]c1nc(N([H])c2c([H])c(N([H])C(=O)/[C:91]([H])=[C:92](\[H])C([H])([H])[N+]([H])(C([H])([H])[H])C([H])([H])[H])c([H])c([H])c2OC([H])([H])[H])nc(-c2c([H])nn3c([H])c([H])c([H])c([H])c23)c1Cl,1,-0.13542622,-0.050295077,-202.31723729039703,-86.95476595467868,0.045754604,-0.0070602745,0.019347165,0.034121037,-0.0026547462,0.015733145,-1207552.8231022244,2.4158589113503695,-1207543.670445618,-1207547.8021685595
S2-15.3,intermediate,[H]C1=C([H])c2c(-c3nc(N([H])c4c([H])c(N([H])C(=O)[C-:91]([H])[C:92]([H])(C([H])([H])[N+]([H])(C([H])([H])[H])C([H])([H])[H])[S:93]C([H])([H])[H])c([H])c([H])c4OC([H])([H])[H])nc([H])c3Cl)c([H])nn2C([H])=C1[H],0,-0.39742535,-0.010136384,-135.76570213901647,-17.81090232846509,-0.015684592,-0.015192653,-0.015438622,0.018545121,0.13429186,0.07641849,-1482632.9338684587,9.785453343763947,-1482608.430947022,-1482615.2395295873
S2-15.3,product,[H]c1nc(N([H])c2c([H])c(N([H])C(=O)[C:91]([H])([H])[C:92]([H])(C([H])([H])[N+]([H])(C([H])([H])[H])C([H])([H])[H])[S:93]C([H])([H])[H])c([H])c([H])c2OC([H])([H])[H])nc(-c2c([H])nn3c([H])c([H])c([H])c([H])c23)c1Cl,1,-0.10579799,-0.009830652,-197.67361877338558,-80.04729590199862,-0.024798984,-0.03132441,-0.028061695,0.010153934,0.0017513037,0.005952619,-1482919.5284956433,2.3734837668016553,-1482908.9396072892,-1482913.7402264352
S2-15.4,reactant,[H]c1nc(N([H])c2c([H])c(N([H])C(=O)/[C:91]([H])=[C:92](\[H])C([H])([H])[N+]([H])(C([H])([H])[H])C([H])([H])[H])c([H])c([H])c2OC([H])([H])[H])nc(-c2c([H])nn3c([H])c([H])c([H])c([H])c23)c1Cl,1,-0.09111397,-0.058753643,-203.52891725109114,-87.14776688099,0.008637261,-0.016369324,-0.0038660318,0.025799513,-0.018466651,0.0036664307,-1207546.2011818145,4.591247774660587,-1207534.457590798,-1207540.4652924363
S2-15.4,intermediate,[H]C1=C([H])c2c(-c3nc(N([H])c4c([H])c(N([H])C(=O)[C-:91]([H])[C:92]([H])(C([H])([H])[N+]([H])(C([H])([H])[H])C([H])([H])[H])[S:93]C([H])([H])[H])c([H])c([H])c4OC([H])([H])[H])nc([H])c3Cl)c([H])nn2C([H])=C1[H],0,-0.19002686,-0.11165882,-148.38475812145643,-35.601896731561695,0.006784916,0.00869479,0.007739853,0.0169501,0.0027996898,0.009874895,-1482654.3435224916,5.345206440426409,-1482611.557322676,-1482617.6963952833
S2-15.4,product,[H]c1nc(N([H])c2c([H])c(N([H])C(=O)[C:91]([H])([H])[C:92]([H])(C([H])([H])[N+]([H])(C([H])([H])[H])C([H])([H])[H])[S:93]C([H])([H])[H])c([H])c([H])c2OC([H])([H])[H])nc(-c2c([H])nn3c([H])c([H])c([H])c([H])c23)c1Cl,1,-0.10819312,0.02431013,-201.5846459581261,-84.28200597328158,-0.009670638,-0.03424626,-0.021958448,0.003868401,-0.002238825,0.00081478804,-1482934.212528883,3.0981338946148753,-1482921.8496992532,-1482928.6332960357
S2-15.5,reactant,[H]c1nc(N([H])c2c([H])c(N([H])C(=O)/[C:91]([H])=[C:92](\[H])C([H])([H])[N+]([H])(C([H])([H])[H])C([H])([H])[H])c([H])c([H])c2OC([H])([H])[H])nc(-c2c([H])nn3c([H])c([H])c([H])c([H])c23)c1Cl,1,-0.1143692,-0.07817679,-204.95611101381053,-87.87005214735457,0.05951018,-0.008813329,0.025348425,0.018170372,-0.011285052,0.00344266,-1207550.6642331567,2.348077641800046,-1207539.0861118147,-1207545.541859182
S2-15.5,intermediate,[H]C1=C([H])c2c(-c3nc(N([H])c4c([H])c(N([H])C(=O)[C-:91]([H])[C:92]([H])(C([H])([H])[N+]([H])(C([H])([H])[H])C([H])([H])[H])[S:93]C([H])([H])[H])c([H])c([H])c4OC([H])([H])[H])nc([H])c3Cl)c([H])nn2C([H])=C1[H],0,-0.28495574,0.01254123,-137.64658034793337,-24.322636218727222,-0.00020999368,-0.006127753,-0.0031688733,0.017033607,0.03703253,0.027033068,-1482662.6061895976,2.987129737623036,-1482652.0236699935,-1482658.0575683939
S2-15.5,product,[H]c1nc(N([H])c2c([H])c(N([H])C(=O)[C:91]([H])([H])[C:92]([H])(C([H])([H])[N+]([H])(C([H])([H])[H])C([H])([H])[H])[S:93]C([H])([H])[H])c([H])c([H])c2OC([H])([H])[H])nc(-c2c([H])nn3c([H])c([H])c([H])c([H])c23)c1Cl,1,-0.1179743,0.02513322,-198.40676149722253,-80.04904363185761,-0.031412125,-0.04550358,-0.038457856,0.0052636564,-0.00084236264,0.0022106469,-1482924.6072415963,2.2583205541595817,-1482912.3174119636,-1482919.128753584
S2-15.6,reactant,[H]c1nc(N([H])c2c([H])c(N([H])C(=O)/[C:91]([H])=[C:92](\[H])C([H])([H])[N+]([H])(C([H])([H])[H])C([H])([H])[H])c([H])c([H])c2OC([H])([H])[H])nc(-c2c([H])nn3c([H])c([H])c([H])c([H])c23)c1Cl,1,-0.13691308,-0.050384086,-202.0009352936504,-86.5850706721053,0.045120005,-0.0075719655,0.01877402,0.03236708,-0.0027194768,0.014823802,-1207552.7620068088,2.5962318554520607,-1207540.3972169308,-1207547.6496434403
S2-15.6,intermediate,[H]C1=C([H])c2c(-c3nc(N([H])c4c([H])c(N([H])C(=O)[C-:91]([H])[C:92]([H])(C([H])([H])[N+]([H])(C([H])([H])[H])C([H])([H])[H])[S:93]C([H])([H])[H])c([H])c([H])c4OC([H])([H])[H])nc([H])c3Cl)c([H])nn2C([H])=C1[H],0,-0.28172404,0.014685863,-137.1823325092618,-23.521087792259074,0.00016920362,-0.006410895,-0.0031208456,0.017895639,0.03686267,0.027379155,-1482663.2188082268,4.014432509429753,-1482652.6592191688,-1482657.444813028
S2-15.6,product,[H]c1nc(N([H])c2c([H])c(N([H])C(=O)[C:91]([H])([H])[C:92]([H])(C([H])([H])[N+]([H])(C([H])([H])[H])C([H])([H])[H])[S:93]C([H])([H])[H])c([H])c([H])c2OC([H])([H])[H])nc(-c2c([H])nn3c([H])c([H])c([H])c([H])c23)c1Cl,1,-0.10518298,0.019191314,-200.7924619624803,-84.0082599214444,-0.014894269,-0.035094768,-0.024994519,0.003856048,-0.0023847967,0.0007356256,-1482934.573388497,1.9173546973615885,-1482923.2365744505,-1482929.6789561105
S2-15.7,reactant,[H]c1nc(N([H])c2c([H])c(N([H])C(=O)/[C:91]([H])=[C:92](\[H])C([H])([H])[N+]([H])(C([H])([H])[H])C([H])([H])[H])c([H])c([H])c2OC([H])([H])[H])nc(-c2c([H])nn3c([H])c([H])c([H])c([H])c23)c1Cl,1,-0.11441395,-0.0782574,-205.06434385139616,-88.04125226373382,0.059251606,-0.009408973,0.024921317,0.01885204,-0.011219263,0.0038163885,-1207550.691152097,2.2598925661295652,-1207541.4864319772,-1207545.4599837172
S2-15.7,intermediate,[H]C1=C([H])c2c(-c3nc(N([H])c4c([H])c(N([H])C(=O)[C-:91]([H])[C:92]([H])(C([H])([H])[N+]([H])(C([H])([H])[H])C([H])([H])[H])[S:93]C([H])([H])[H])c([H])c([H])c4OC([H])([H])[H])nc([H])c3Cl)c([H])nn2C([H])=C1[H],0,-0.19873022,-0.092557706,-148.63544759454348,-33.60008757663601,-0.0005712807,-0.0039883107,-0.0022797957,0.011229157,0.0033164918,0.0072728246,-1482661.8699065761,4.977281187660992,-1482637.6419213335,-1482643.3165403951
S2-15.7,product,[H]c1nc(N([H])c2c([H])c(N([H])C(=O)[C:91]([H])([H])[C:92]([H])(C([H])([H])[N+]([H])(C([H])([H])[H])C([H])([H])[H])[S:93]C([H])([H])[H])c([H])c([H])c2OC([H])([H])[H])nc(-c2c([H])nn3c([H])c([H])c([H])c([H])c23)c1Cl,1,-0.09639215,-0.007814414,-202.21748025297867,-85.1418341916662,-0.016530689,-0.031350408,-0.023940548,0.0031266361,-0.0030724257,2.7105212e-05,-1482933.0125159395,2.80156344268471,-1482920.9875110737,-1482927.370812831
S2-15.8,reactant,[H]c1nc(N([H])c2c([H])c(N([H])C(=O)/[C:91]([H])=[C:92](\[H])C([H])([H])[N+]([H])(C([H])([H])[H])C([H])([H])[H])c([H])c([H])c2OC([H])([H])[H])nc(-c2c([H])nn3c([H])c([H])c([H])c([H])c23)c1Cl,1,-0.14216802,-0.062267236,-202.352545798039,-86.56365099902091,0.06798536,-0.0011051968,0.033440083,0.026244119,-0.0061617494,0.010041185,-1207553.0999356597,9.97031341586262,-1207537.9813233383,-1207544.7573070114
S2-15.8,intermediate,[H]C1=C([H])c2c(-c3nc(N([H])c4c([H])c(N([H])C(=O)[C-:91]([H])[C:92]([H])(C([H])([H])[N+]([H])(C([H])([H])[H])C([H])([H])[H])[S:93]C([H])([H])[H])c([H])c([H])c4OC([H])([H])[H])nc([H])c3Cl)c([H])nn2C([H])=C1[H],0,-0.4768778,-0.022821384,-126.68980828622719,-16.706182150224166,0.01148816,0.006764939,0.00912655,0.04242611,0.17138836,0.10690723,-1482622.7023208528,3.462731845676899,-1482606.8716066384,-1482613.0157776482
S2-15.8,product,[H]c1nc(N([H])c2c([H])c(N([H])C(=O)[C:91]([H])([H])[C:92]([H])(C([H])([H])[N+]([H])(C([H])([H])[H])C([H])([H])[H])[S:93]C([H])([H])[H])c([H])c([H])c2OC([H])([H])[H])nc(-c2c([H])nn3c([H])c([H])c([H])c([H])c23)c1Cl,1,-0.09862787,0.023212984,-210.8436392111782,-86.06337291279765,-0.020514399,-0.037083454,-0.028798927,0.004220456,-0.0024630204,0.00087871775,-1482936.498922074,3.9125813581049442,-1482924.8732126474,-1482930.4132299002
S2-15.9,reactant,[H]c1nc(N([H])c2c([H])c(N([H])C(=O)/[C:91]([H])=[C:92](\[H])C([H])([H])[N+]([H])(C([H])([H])[H])C([H])([H])[H])c([H])c([H])c2OC([H])([H])[H])nc(-c2c([H])nn3c([H])c([H])c([H])c([H])c23)c1Cl,1,-0.10957799,-0.07571921,-204.51743727634005,-86.97659213811822,0.02376362,-0.014514521,0.0046245493,0.027386151,-0.004124582,0.011630785,-1207548.3557848148,6.954017001204193,-1207536.9799901342,-1207542.3174971188
S2-15.9,intermediate,[H]C1=C([H])c2c(-c3nc(N([H])c4c([H])c(N([H])C(=O)[C-:91]([H])[C:92]([H])(C([H])([H])[N+]([H])(C([H])([H])[H])C([H])([H])[H])[S:93]C([H])([H])[H])c([H])c([H])c4OC([H])([H])[H])nc([H])c3Cl)c([H])nn2C([H])=C1[H],0,-0.18271077,-0.084864676,-148.28109716897143,-35.46327392357434,0.016753957,0.012848914,0.014801435,0.007994443,-0.00042299926,0.003785722,-1482666.0329499724,10.513734673149884,-1482618.3036315509,-1482624.821205068
S2-15.9,product,[H]c1nc(N([H])c2c([H])c(N([H])C(=O)[C:91]([H])([H])[C:92]([H])(C([H])([H])[N+]([H])(C([H])([H])[H])C([H])([H])[H])[S:93]C([H])([H])[H])c([H])c([H])c2OC([H])([H])[H])nc(-c2c([H])nn3c([H])c([H])c([H])c([H])c23)c1Cl,1,-0.12327499,0.0066106347,-204.88079541770318,-79.91160821321321,-0.032566108,-0.0388581,-0.035712104,0.0076301917,0.0035089627,0.005569577,-1482918.0258194746,3.9001182969659567,-1482903.7156582177,-1482911.4051846839
S2-15.10,reactant,[H]c1nc(N([H])c2c([H])c(N([H])C(=O)/[C:91]([H])=[C:92](\[H])C([H])([H])[N+]([H])(C([H])([H])[H])C([H])([H])[H])c([H])c([H])c2OC([H])([H])[H])nc(-c2c([H])nn3c([H])c([H])c([H])c([H])c23)c1Cl,1,-0.13794202,-0.06473645,-201.86877326500328,-86.0314736081364,0.0771601,0.0030371733,0.040098637,0.014668137,-0.006963432,0.0038523525,-1207553.4236294655,2.3926418712362647,-1207541.8206730296,-1207548.2947450674
S2-15.10,intermediate,[H]C1=C([H])c2c(-c3nc(N([H])c4c([H])c(N([H])C(=O)[C-:91]([H])[C:92]([H])(C([H])([H])[N+]([H])(C([H])([H])[H])C([H])([H])[H])[S:93]C([H])([H])[H])c([H])c([H])c4OC([H])([H])[H])nc([H])c3Cl)c([H])nn2C([H])=C1[H],0,-0.27664563,-3.2815802e-05,-143.0428584558558,-19.788670172144794,0.0035767527,-0.0014991319,0.0010388105,-0.0141993165,0.007785797,-0.0032067597,-1482662.299874109,7.298850697465241,-1482649.6423550053,-1482655.6937105095
S2-15.10,product,[H]c1nc(N([H])c2c([H])c(N([H])C(=O)[C:91]([H])([H])[C:92]([H])(C([H])([H])[N+]([H])(C([H])([H])[H])C([H])([H])[H])[S:93]C([H])([H])[H])c([H])c([H])c2OC([H])([H])[H])nc(-c2c([H])nn3c([H])c([H])c([H])c([H])c23)c1Cl,1,-0.104656614,-0.007878148,-201.35972374530397,-83.40761045938764,-0.013600986,-0.030497395,-0.02204919,0.0011168346,-0.002826728,-0.0008549467,-1482932.897726438,3.1382492249831557,-1482919.5428354186,-1482927.3184493452
S2-5.1,reactant,[H]c1nc(N([H])c2c([H])c([H])c(F)c(Cl)c2[H])c2c([H])c(N([H])C(=O)/[C:91]([H])=[C:92](\[H])C([H])([H])[N+]3([H])C([H])([H])C([H])([H])C([H])([H])C([H])([H])C3([H])[H])c(OC([H])([H])[H])c([H])c2n1,1,-0.10037572,-0.10215494,-216.0869487550964,-87.35084459585595,0.025473922,-0.005866796,0.009803563,0.016458817,-0.008308016,0.0040754005,-1201879.1768698872,6.781766202300787,-1201869.3288408716,-1201873.5267037794
S2-5.1,intermediate,[H]c1nc(N([H])c2c([H])c([H])c(F)c(Cl)c2[H])c2c([H])c(N([H])C(=O)[C-:91]([H])[C:92]([H])(C([H])([H])[N+]3([H])C([H])([H])C([H])([H])C([H])([H])C([H])([H])C3([H])[H])[S:93]C([H])([H])[H])c(OC([H])([H])[H])c([H])c2n1,0,-0.45528492,-0.013936106,-130.827504908776,-7.193368987232028,-0.004355374,-2.218131e-05,-0.0021887776,0.031165332,0.1696403,0.10040282,-1476966.2168881241,3.0292677599936724,-1476951.2408853602,-1476957.617456934
S2-5.1,product,[H]c1nc(N([H])c2c([H])c([H])c(F)c(Cl)c2[H])c2c([H])c(N([H])C(=O)[C:91]([H])([H])[C:92]([H])(C([H])([H])[N+]3([H])C([H])([H])C([H])([H])C([H])([H])C([H])([H])C3([H])[H])[S:93]C([H])([H])[H])c(OC([H])([H])[H])c([H])c2n1,1,-0.11279152,-0.013512423,-212.83978447117556,-82.76031540624659,-0.03592743,-0.038388304,-0.037157867,0.012766629,0.004406072,0.008586351,-1477253.2313878718,1.8168355599045753,-1477242.3607581363,-1477248.1968696488
S2-5.2,reactant,[H]c1nc(N([H])c2c([H])c([H])c(F)c(Cl)c2[H])c2c([H])c(N([H])C(=O)/[C:91]([H])=[C:92](\[H])C([H])([H])[N+]3([H])C([H])([H])C([H])([H])C([H])([H])C([H])([H])C3([H])[H])c(OC([H])([H])[H])c([H])c2n1,1,-0.13529335,-0.080388516,-214.14264803957423,-86.52343036093933,0.014296845,-0.007951759,0.003172543,0.0487134,0.0020616949,0.025387548,-1201882.1806115955,2.2757813576608896,-1201871.6559367727,-1201877.812163044
S2-5.2,intermediate,[H]c1nc(N([H])c2c([H])c([H])c(F)c(Cl)c2[H])c2c([H])c(N([H])C(=O)[C-:91]([H])[C:92]([H])(C([H])([H])[N+]3([H])C([H])([H])C([H])([H])C([H])([H])C([H])([H])C3([H])[H])[S:93]C([H])([H])[H])c(OC([H])([H])[H])c([H])c2n1,0,-0.17665777,-0.08979372,-153.0556290024538,-28.079960356926694,-0.0029123798,-0.006065123,-0.0044887513,0.03197059,0.01470387,0.02333723,-1476988.4476527823,6.2149702701717615,-1476961.6170072062,-1476967.579999797
S2-5.2,product,[H]c1nc(N([H])c2c([H])c([H])c(F)c(Cl)c2[H])c2c([H])c(N([H])C(=O)[C:91]([H])([H])[C:92]([H])(C([H])([H])[N+]3([H])C([H])([H])C([H])([H])C([H])([H])C([H])([H])C3([H])[H])[S:93]C([H])([H])[H])c(OC([H])([H])[H])c([H])c2n1,1,-0.11235549,-0.002638754,-209.11359691007664,-81.82733427940173,-0.028746596,-0.03215482,-0.03045071,0.009905435,0.0057260245,0.00781573,-1477247.2288211982,6.6596141289919615,-1477235.6616643546,-1477240.66231403
S2-5.3,reactant,[H]c1nc(N([H])c2c([H])c([H])c(F)c(Cl)c2[H])c2c([H])c(N([H])C(=O)/[C:91]([H])=[C:92](\[H])C([H])([H])[N+]3([H])C([H])([H])C([H])([H])C([H])([H])C([H])([H])C3([H])[H])c(OC([H])([H])[H])c([H])c2n1,1,-0.13370466,-0.08189426,-214.25036076690165,-86.51599385275205,0.030373648,-0.0025899783,0.013891835,0.03013359,-0.002011925,0.014060833,-1201877.7081919962,2.874092310667038,-1201867.343511284,-1201873.464020269
S2-5.3,intermediate,[H]c1nc(N([H])c2c([H])c([H])c(F)c(Cl)c2[H])c2c([H])c(N([H])C(=O)[C-:91]([H])[C:92]([H])(C([H])([H])[N+]3([H])C([H])([H])C([H])([H])C([H])([H])C([H])([H])C3([H])[H])[S:93]C([H])([H])[H])c(OC([H])([H])[H])c([H])c2n1,0,-0.4080188,-0.042785957,-138.7908728112734,-14.72440861892058,-0.0085899085,-0.0038731806,-0.0062315445,0.035265416,0.19731888,0.11629215,-1476958.9896439305,8.009056515991688,-1476933.46197109,-1476938.7727730367
S2-5.3,product,[H]c1nc(N([H])c2c([H])c([H])c(F)c(Cl)c2[H])c2c([H])c(N([H])C(=O)[C:91]([H])([H])[C:92]([H])(C([H])([H])[N+]3([H])C([H])([H])C([H])([H])C([H])([H])C([H])([H])C3([H])[H])[S:93]C([H])([H])[H])c(OC([H])([H])[H])c([H])c2n1,1,-0.10399254,0.00069270725,-213.88863730264973,-87.07729686708072,-0.012778717,-0.027728142,-0.020253431,0.013926022,0.003987223,0.008956622,-1477252.7288519074,2.3129679821431637,-1477242.854525071,-1477248.426336219
S2-5.4,reactant,[H]c1nc(N([H])c2c([H])c([H])c(F)c(Cl)c2[H])c2c([H])c(N([H])C(=O)/[C:91]([H])=[C:92](\[H])C([H])([H])[N+]3([H])C([H])([H])C([H])([H])C([H])([H])C([H])([H])C3([H])[H])c(OC([H])([H])[H])c([H])c2n1,1,-0.12546754,-0.07128572,-214.5627873191121,-86.55731896828448,0.036297195,-0.0012375787,0.017529808,0.03458339,-0.016484395,0.009049498,-1201876.6410268403,1.7882200526073575,-1201867.5892877087,-1201872.6931533972
S2-5.4,intermediate,[H]c1nc(N([H])c2c([H])c([H])c(F)c(Cl)c2[H])c2c([H])c(N([H])C(=O)[C-:91]([H])[C:92]([H])(C([H])([H])[N+]3([H])C([H])([H])C([H])([H])C([H])([H])C([H])([H])C3([H])[H])[S:93]C([H])([H])[H])c(OC([H])([H])[H])c([H])c2n1,0,-0.3067669,-0.010838838,-142.38474798928382,-18.387941069831893,0.008661248,0.017205823,0.0129335355,0.039383173,0.0818719,0.060627535,-1476984.8280706075,4.70984333474189,-1476970.4467245713,-1476974.9380562562
S2-5.4,product,[H]c1nc(N([H])c2c([H])c([H])c(F)c(Cl)c2[H])c2c([H])c(N([H])C(=O)[C:91]([H])([H])[C:92]([H])(C([H])([H])[N+]3([H])C([H])([H])C([H])([H])C([H])([H])C([H])([H])C3([H])[H])[S:93]C([H])([H])[H])c(OC([H])([H])[H])c([H])c2n1,1,-0.112104595,-0.008408954,-212.5128895244966,-83.21515375054918,-0.035933733,-0.0393653,-0.037649512,0.014092639,0.0048922747,0.009492457,-1477246.7988952275,2.304515534080565,-1477237.3039509074,-1477242.092173859
S2-5.5,reactant,[H]c1nc(N([H])c2c([H])c([H])c(F)c(Cl)c2[H])c2c([H])c(N([H])C(=O)/[C:91]([H])=[C:92](\[H])C([H])([H])[N+]3([H])C([H])([H])C([H])([H])C([H])([H])C([H])([H])C3([H])[H])c(OC([H])([H])[H])c([H])c2n1,1,-0.10796274,-0.09272558,-215.50485511972602,-88.07154588380142,0.032232888,-0.009430155,0.011401366,0.039166868,0.0013965517,0.02028171,-1201872.8114904668,2.2053388627246022,-1201863.1115635557,-1201868.531580417
S2-5.5,intermediate,[H]c1nc(N([H])c2c([H])c([H])c(F)c(Cl)c2[H])c2c([H])c(N([H])C(=O)[C-:91]([H])[C:92]([H])(C([H])([H])[N+]3([H])C([H])([H])C([H])([H])C([H])([H])C([H])([H])C3([H])[H])[S:93]C([H])([H])[H])c(OC([H])([H])[H])c([H])c2n1,0,-0.17849694,-0.11497417,-153.07527174812523,-30.694858327053517,0.010234743,0.012279436,0.01125709,0.030428752,0.010336891,0.020382822,-1476993.1597156224,5.190168842673302,-1476953.890535846,-1476958.8993074987
S2-5.5,product,[H]c1nc(N([H])c2c([H])c([H])c(F)c(Cl)c2[H])c2c([H])c(N([H])C(=O)[C:91]([H])([H])[C:92]([H])(C([H])([H])[N+]3([H])C([H])([H])C([H])([H])C([H])([H])C([H])([H])C3([H])[H])[S:93]C([H])([H])[H])c(OC([H])([H])[H])c([H])c2n1,1,-0.11155518,-0.010013624,-214.2931533429565,-85.55614424981393,-0.01789912,-0.029704403,-0.023801763,0.010668211,0.0036120191,0.007140115,-1477254.7530744919,12.330464251339436,-1477239.5987657679,-1477244.5990746773
S2-5.6,reactant,[H]c1nc(N([H])c2c([H])c([H])c(F)c(Cl)c2[H])c2c([H])c(N([H])C(=O)/[C:91]([H])=[C:92](\[H])C([H])([H])[N+]3([H])C([H])([H])C([H])([H])C([H])([H])C([H])([H])C3([H])[H])c(OC([H])([H])[H])c([H])c2n1,1,-0.13096246,-0.08827681,-214.12784697134853,-87.5600343570211,0.04422719,0.0011722818,0.022699736,0.03293729,-0.00017420948,0.01638154,-1201876.7006498843,2.237929565832019,-1201866.716684275,-1201872.3530260574
S2-5.6,intermediate,[H]c1nc(N([H])c2c([H])c([H])c(F)c(Cl)c2[H])c2c([H])c(N([H])C(=O)[C-:91]([H])[C:92]([H])(C([H])([H])[N+]3([H])C([H])([H])C([H])([H])C([H])([H])C([H])([H])C3([H])[H])[S:93]C([H])([H])[H])c(OC([H])([H])[H])c([H])c2n1,0,-0.16914722,-0.09071387,-151.90013717923233,-27.261239140300898,-0.0047661588,-0.007673666,-0.0062199123,0.027212098,0.010992587,0.019102342,-1476990.1637428196,3.3840612452477217,-1476963.8769111978,-1476969.9598471406
S2-5.6,product,[H]c1nc(N([H])c2c([H])c([H])c(F)c(Cl)c2[H])c2c([H])c(N([H])C(=O)[C:91]([H])([H])[C:92]([H])(C([H])([H])[N+]3([H])C([H])([H])C([H])([H])C([H])([H])C([H])([H])C3([H])[H])[S:93]C([H])([H])[H])c(OC([H])([H])[H])c([H])c2n1,1,-0.10397669,-0.0038444535,-215.34781389568937,-86.94951394283126,-0.023469826,-0.03431903,-0.028894428,0.014850527,0.0042371973,0.009543862,-1477253.905823517,2.424755558371544,-1477244.2150325503,-1477249.2192900446
S2-5.7,reactant,[H]c1nc(N([H])c2c([H])c([H])c(F)c(Cl)c2[H])c2c([H])c(N([H])C(=O)/[C:91]([H])=[C:92](\[H])C([H])([H])[N+]3([H])C([H])([H])C([H])([H])C([H])([H])C([H])([H])C3([H])[H])c(OC([H])([H])[H])c([H])c2n1,1,-0.12826517,-0.09456774,-213.8146855350857,-88.30089274980944,0.06334294,0.011979312,0.037661124,0.04433343,0.00055646896,0.022444949,-1201874.7082076427,2.247716221958399,-1201863.4860417082,-1201870.4960376378
S2-5.7,intermediate,[H]c1nc(N([H])c2c([H])c([H])c(F)c(Cl)c2[H])c2c([H])c(N([H])C(=O)[C-:91]([H])[C:92]([H])(C([H])([H])[N+]3([H])C([H])([H])C([H])([H])C([H])([H])C([H])([H])C3([H])[H])[S:93]C([H])([H])[H])c(OC([H])([H])[H])c([H])c2n1,0,-0.44669622,-0.008255491,-139.55206159470538,-17.968812063078204,0.0025397139,0.0015713973,0.0020555556,0.039194256,0.20261654,0.1209054,-1476956.346224994,7.634489235468209,-1476940.3247134448,-1476945.7945659433
S2-5.7,product,[H]c1nc(N([H])c2c([H])c([H])c(F)c(Cl)c2[H])c2c([H])c(N([H])C(=O)[C:91]([H])([H])[C:92]([H])(C([H])([H])[N+]3([H])C([H])([H])C([H])([H])C([H])([H])C([H])([H])C3([H])[H])[S:93]C([H])([H])[H])c(OC([H])([H])[H])c([H])c2n1,1,-0.11452108,-0.027328169,-214.10576769176936,-86.07457041577405,-0.020025816,-0.025076734,-0.022551274,0.008730985,0.004698284,0.0067146346,-1477246.168236681,8.75449981354177,-1477230.085937618,-1477236.3463474088
S2-5.8,reactant,[H]c1nc(N([H])c2c([H])c([H])c(F)c(Cl)c2[H])c2c([H])c(N([H])C(=O)/[C:91]([H])=[C:92](\[H])C([H])([H])[N+]3([H])C([H])([H])C([H])([H])C([H])([H])C([H])([H])C3([H])[H])c(OC([H])([H])[H])c([H])c2n1,1,-0.13672847,-0.08357509,-213.5003299714666,-87.52718097314292,0.048709087,-0.0018916652,0.023408711,0.048880294,0.0028021634,0.025841229,-1201879.5720694365,3.263976368121803,-1201870.6626840266,-1201875.0461612372
S2-5.8,intermediate,[H]c1nc(N([H])c2c([H])c([H])c(F)c(Cl)c2[H])c2c([H])c(N([H])C(=O)[C-:91]([H])[C:92]([H])(C([H])([H])[N+]3([H])C([H])([H])C([H])([H])C([H])([H])C([H])([H])C3([H])[H])[S:93]C([H])([H])[H])c(OC([H])([H])[H])c([H])c2n1,0,-0.45908687,-0.015020718,-133.18725098733918,-14.35058007849164,0.003395631,0.004889601,0.004142616,0.020345986,0.16661093,0.093478456,-1476963.7544988678,4.739086148329079,-1476949.5021965674,-1476955.2463128008
S2-5.8,product,[H]c1nc(N([H])c2c([H])c([H])c(F)c(Cl)c2[H])c2c([H])c(N([H])C(=O)[C:91]([H])([H])[C:92]([H])(C([H])([H])[N+]3([H])C([H])([H])C([H])([H])C([H])([H])C([H])([H])C3([H])[H])[S:93]C([H])([H])[H])c(OC([H])([H])[H])c([H])c2n1,1,-0.119898655,-0.02856395,-217.13226487644627,-89.42860031758259,-0.016928552,-0.025123022,-0.021025788,0.006341748,0.0031905547,0.0047661513,-1477250.0379102563,2.97720149718225,-1477238.8052596715,-1477244.8721787678
S2-5.9,reactant,[H]c1nc(N([H])c2c([H])c([H])c(F)c(Cl)c2[H])c2c([H])c(N([H])C(=O)/[C:91]([H])=[C:92](\[H])C([H])([H])[N+]3([H])C([H])([H])C([H])([H])C([H])([H])C([H])([H])C3([H])[H])c(OC([H])([H])[H])c([H])c2n1,1,-0.09913733,-0.09955414,-215.94821668921273,-88.29240914164761,0.039168775,-0.004250422,0.017459176,0.028422378,-0.004247926,0.012087226,-1201873.6079181742,8.03839511796832,-1201863.1286042524,-1201867.9012788846
S2-5.9,intermediate,[H]c1nc(N([H])c2c([H])c([H])c(F)c(Cl)c2[H])c2c([H])c(N([H])C(=O)[C-:91]([H])[C:92]([H])(C([H])([H])[N+]3([H])C([H])([H])C([H])([H])C([H])([H])C([H])([H])C3([H])[H])[S:93]C([H])([H])[H])c(OC([H])([H])[H])c([H])c2n1,0,-0.43888867,-0.06700187,-131.38574197070616,-12.833643841042548,-0.0023920015,0.009510212,0.003559105,0.0037845373,0.17444184,0.08911319,-1476949.935097168,4.266536912880838,-1476935.8452902448,-1476941.757384464
S2-5.9,product,[H]c1nc(N([H])c2c([H])c([H])c(F)c(Cl)c2[H])c2c([H])c(N([H])C(=O)[C:91]([H])([H])[C:92]([H])(C([H])([H])[N+]3([H])C([H])([H])C([H])([H])C([H])([H])C([H])([H])C3([H])[H])[S:93]C([H])([H])[H])c(OC([H])([H])[H])c([H])c2n1,1,-0.112533815,-0.030173864,-215.44335567578887,-87.58159454581936,-0.011242114,-0.024347898,-0.017795006,0.007880963,0.0032395646,0.005560264,-1477251.387850936,6.0032591838389635,-1477237.5019472686,-1477244.365122502
S2-5.10,reactant,[H]c1nc(N([H])c2c([H])c([H])c(F)c(Cl)c2[H])c2c([H])c(N([H])C(=O)/[C:91]([H])=[C:92](\[H])C([H])([H])[N+]3([H])C([H])([H])C([H])([H])C([H])([H])C([H])([H])C3([H])[H])c(OC([H])([H])[H])c([H])c2n1,1,-0.13681863,-0.08152996,-213.80675745747362,-86.4459935990714,0.02026987,-0.0058462247,0.007211823,0.04977265,-0.0014690161,0.024151817,-1201877.7048022123,1.3950155824422836,-1201867.6870288008,-1201873.6416719814
S2-5.10,intermediate,[H]c1nc(N([H])c2c([H])c([H])c(F)c(Cl)c2[H])c2c([H])c(N([H])C(=O)[C-:91]([H])[C:92]([H])(C([H])([H])[N+]3([H])C([H])([H])C([H])([H])C([H])([H])C([H])([H])C3([H])[H])[S:93]C([H])([H])[H])c(OC([H])([H])[H])c([H])c2n1,0,-0.45233008,-0.02093391,-139.75544431062792,-17.361374174168535,0.00384067,0.0035125185,0.0036765942,0.03396383,0.21391399,0.12393891,-1476957.2619730642,8.8339012702927,-1476942.56852696,-1476947.3562506693
S2-5.10,product,[H]c1nc(N([H])c2c([H])c([H])c(F)c(Cl)c2[H])c2c([H])c(N([H])C(=O)[C:91]([H])([H])[C:92]([H])(C([H])([H])[N+]3([H])C([H])([H])C([H])([H])C([H])([H])C([H])([H])C3([H])[H])[S:93]C([H])([H])[H])c(OC([H])([H])[H])c([H])c2n1,1,-0.11143438,-0.027304461,-215.46694222617603,-87.16580489157765,-0.023233835,-0.029285153,-0.026259495,0.0048174113,-0.0026283562,0.0010945275,-1477242.5802107695,2.9313169308006763,-1477231.7358029408,-1477236.6349543647
S2-3.1,reactant,[H]c1nc(N([H])c2c([H])c([H])c(F)c(Cl)c2[H])c2c([H])c(N([H])C(=O)/[C:91]([H])=[C:92](\[H])C([H])([H])[N+]([H])(C([H])([H])[H])C([H])([H])[H])c(O[C@]3([H])C([H])([H])OC([H])([H])C3([H])[H])c([H])c2n1,1,-0.09904689,-0.0749312,-213.47615391052662,-87.6328335921031,0.08064889,-0.0036809072,0.038483992,0.03413885,-0.009896949,0.012120951,-1249096.4800939015,3.3717565117403865,-1249085.6102521017,-1249090.9877227407
S2-3.1,intermediate,[H]c1nc(N([H])c2c([H])c([H])c(F)c(Cl)c2[H])c2c([H])c(N([H])C(=O)[C-:91]([H])[C:92]([H])(C([H])([H])[N+]([H])(C([H])([H])[H])C([H])([H])[H])[S:93]C([H])([H])[H])c(O[C@]3([H])C([H])([H])OC([H])([H])C3([H])[H])c([H])c2n1,0,-0.40276253,-0.03010407,-138.60153451680515,-18.077514966601417,0.023552686,0.012459589,0.018006139,0.02552697,0.17502855,0.10027776,-1524177.8541207693,5.384662002325058,-1524159.3598845196,-1524164.7952992932
S2-3.1,product,[H]c1nc(N([H])c2c([H])c([H])c(F)c(Cl)c2[H])c2c([H])c(N([H])C(=O)[C:91]([H])([H])[C:92]([H])(C([H])([H])[N+]([H])(C([H])([H])[H])C([H])([H])[H])[S:93]C([H])([H])[H])c(O[C@]3([H])C([H])([H])OC([H])([H])C3([H])[H])c([H])c2n1,1,-0.11614966,-0.029251246,-214.5425115342619,-87.06674175593,-0.021675698,-0.028892262,-0.02528398,0.008112475,0.0006169602,0.0043647178,-1524472.4831184736,3.6674360278993845,-1524460.0667380628,-1524466.0808068588
S2-3.2,reactant,[H]c1nc(N([H])c2c([H])c([H])c(F)c(Cl)c2[H])c2c([H])c(N([H])C(=O)/[C:91]([H])=[C:92](\[H])C([H])([H])[N+]([H])(C([H])([H])[H])C([H])([H])[H])c(O[C@]3([H])C([H])([H])OC([H])([H])C3([H])[H])c([H])c2n1,1,-0.12578973,-0.056200232,-211.21528884712362,-87.56463734742036,0.03341889,-0.011445861,0.010986514,0.05212103,0.0019246116,0.02702282,-1249098.6316602768,3.6078143818303943,-1249086.7988822083,-1249092.1583302785
S2-3.2,intermediate,[H]c1nc(N([H])c2c([H])c([H])c(F)c(Cl)c2[H])c2c([H])c(N([H])C(=O)[C-:91]([H])[C:92]([H])(C([H])([H])[N+]([H])(C([H])([H])[H])C([H])([H])[H])[S:93]C([H])([H])[H])c(O[C@]3([H])C([H])([H])OC([H])([H])C3([H])[H])c([H])c2n1,0,-0.27912202,-4.4332257e-05,-143.61002277155126,-20.363454498413454,-0.0021487481,-0.0022826819,-0.0022157151,0.01561451,0.049750015,0.032682262,-1524211.8754189627,5.675773728638887,-1524198.0328388596,-1524205.124262238
S2-3.2,product,[H]c1nc(N([H])c2c([H])c([H])c(F)c(Cl)c2[H])c2c([H])c(N([H])C(=O)[C:91]([H])([H])[C:92]([H])(C([H])([H])[N+]([H])(C([H])([H])[H])C([H])([H])[H])[S:93]C([H])([H])[H])c(O[C@]3([H])C([H])([H])OC([H])([H])C3([H])[H])c([H])c2n1,1,-0.10692069,3.3486158e-05,-205.87350485846832,-82.36094220378469,-0.028841631,-0.03438838,-0.031615004,0.008687086,0.00538221,0.007034648,-1524468.1347456637,6.224575527943671,-1524457.2220856294,-1524462.5759468167
S2-3.3,reactant,[H]c1nc(N([H])c2c([H])c([H])c(F)c(Cl)c2[H])c2c([H])c(N([H])C(=O)/[C:91]([H])=[C:92](\[H])C([H])([H])[N+]([H])(C([H])([H])[H])C([H])([H])[H])c(O[C@]3([H])C([H])([H])OC([H])([H])C3([H])[H])c([H])c2n1,1,-0.14712313,-0.07421447,-217.84736756030492,-87.15649496352718,-0.025665127,-0.023203075,-0.0244341,0.040818512,0.0042428523,0.022530682,-1249099.7655715698,12.094852088019252,-1249074.9449528633,-1249080.013596105
S2-3.3,intermediate,[H]c1nc(N([H])c2c([H])c([H])c(F)c(Cl)c2[H])c2c([H])c(N([H])C(=O)[C-:91]([H])[C:92]([H])(C([H])([H])[N+]([H])(C([H])([H])[H])C([H])([H])[H])[S:93]C([H])([H])[H])c(O[C@]3([H])C([H])([H])OC([H])([H])C3([H])[H])c([H])c2n1,0,-0.27500075,-0.0015060783,-144.05235358994867,-21.086948363476534,-0.001330799,-4.701782e-06,-0.00066775037,0.0077468157,0.03734164,0.022544228,-1524212.0344215352,6.587299219332635,-1524198.8274063608,-1524205.1350677041
S2-3.3,product,[H]c1nc(N([H])c2c([H])c([H])c(F)c(Cl)c2[H])c2c([H])c(N([H])C(=O)[C:91]([H])([H])[C:92]([H])(C([H])([H])[N+]([H])(C([H])([H])[H])C([H])([H])[H])[S:93]C([H])([H])[H])c(O[C@]3([H])C([H])([H])OC([H])([H])C3([H])[H])c([H])c2n1,1,-0.10655647,-0.0043362193,-214.05683555527403,-86.39407015047802,-0.025478575,-0.037772886,-0.031625733,0.0094020665,0.001015082,0.0052085742,-1524478.9987690388,7.193539999425411,-1524464.4933308435,-1524470.9699553028
S2-3.4,reactant,[H]c1nc(N([H])c2c([H])c([H])c(F)c(Cl)c2[H])c2c([H])c(N([H])C(=O)/[C:91]([H])=[C:92](\[H])C([H])([H])[N+]([H])(C([H])([H])[H])C([H])([H])[H])c(O[C@]3([H])C([H])([H])OC([H])([H])C3([H])[H])c([H])c2n1,1,-0.12684946,-0.06793986,-210.90339586743926,-86.88888748939868,0.06928265,-0.00032573193,0.03447846,0.029835373,-0.0033242106,0.013255581,-1249099.211768444,3.8825649451464415,-1249088.6432079652,-1249092.5459373437
S2-3.4,intermediate,[H]c1nc(N([H])c2c([H])c([H])c(F)c(Cl)c2[H])c2c([H])c(N([H])C(=O)[C-:91]([H])[C:92]([H])(C([H])([H])[N+]([H])(C([H])([H])[H])C([H])([H])[H])[S:93]C([H])([H])[H])c(O[C@]3([H])C([H])([H])OC([H])([H])C3([H])[H])c([H])c2n1,0,-0.37869686,-0.009952926,-136.40454100769946,-13.629918007702672,0.0010617552,-0.0026962366,-0.0008172407,0.007913053,0.11755422,0.062733635,-1524182.336930682,9.93171870522201,-1524159.9113425163,-1524167.2065388341
S2-3.4,product,[H]c1nc(N([H])c2c([H])c([H])c(F)c(Cl)c2[H])c2c([H])c(N([H])C(=O)[C:91]([H])([H])[C:92]([H])(C([H])([H])[N+]([H])(C([H])([H])[H])C([H])([H])[H])[S:93]C([H])([H])[H])c(O[C@]3([H])C([H])([H])OC([H])([H])C3([H])[H])c([H])c2n1,1,-0.11933341,-0.014576273,-212.52151738785386,-87.25269012587377,-0.021578405,-0.027384402,-0.024481405,0.006357558,0.0009316653,0.0036446117,-1524458.0693487092,7.072340975515544,-1524444.3872103738,-1524450.8853250225
S2-3.5,reactant,[H]c1nc(N([H])c2c([H])c([H])c(F)c(Cl)c2[H])c2c([H])c(N([H])C(=O)/[C:91]([H])=[C:92](\[H])C([H])([H])[N+]([H])(C([H])([H])[H])C([H])([H])[H])c(O[C@]3([H])C([H])([H])OC([H])([H])C3([H])[H])c([H])c2n1,1,-0.09280984,-0.06765064,-214.0545408563938,-87.46090515501778,0.05656504,-0.0098447725,0.023360133,0.026472494,-0.014482096,0.005995199,-1249093.9820772691,3.789105711504817,-1249080.789228727,-1249087.9678031127
S2-3.5,intermediate,[H]c1nc(N([H])c2c([H])c([H])c(F)c(Cl)c2[H])c2c([H])c(N([H])C(=O)[C-:91]([H])[C:92]([H])(C([H])([H])[N+]([H])(C([H])([H])[H])C([H])([H])[H])[S:93]C([H])([H])[H])c(O[C@]3([H])C([H])([H])OC([H])([H])C3([H])[H])c([H])c2n1,0,-0.47890273,-0.031993803,-131.3339291743238,-14.545492976712723,0.0088096075,0.0076300018,0.008219805,0.036815017,0.18640903,0.11161202,-1524182.7613063126,6.367518127895892,-1524168.93860247,-1524174.658259909
S2-3.5,product,[H]c1nc(N([H])c2c([H])c([H])c(F)c(Cl)c2[H])c2c([H])c(N([H])C(=O)[C:91]([H])([H])[C:92]([H])(C([H])([H])[N+]([H])(C([H])([H])[H])C([H])([H])[H])[S:93]C([H])([H])[H])c(O[C@]3([H])C([H])([H])OC([H])([H])C3([H])[H])c([H])c2n1,1,-0.116645046,-0.018097088,-214.69808666507706,-87.77914425858772,-0.022031626,-0.027095195,-0.02456341,0.015291445,0.0062954947,0.01079347,-1524452.7303209633,6.4340108297765255,-1524437.9064919676,-1524443.7523920499
S2-3.6,reactant,[H]c1nc(N([H])c2c([H])c([H])c(F)c(Cl)c2[H])c2c([H])c(N([H])C(=O)/[C:91]([H])=[C:92](\[H])C([H])([H])[N+]([H])(C([H])([H])[H])C([H])([H])[H])c(O[C@]3([H])C([H])([H])OC([H])([H])C3([H])[H])c([H])c2n1,1,-0.104478985,-0.0813838,-216.1895175962422,-89.07433750799493,0.007298246,-0.02076491,-0.006733332,0.04526806,-0.009028494,0.018119782,-1249097.491506471,4.181928372010589,-1249085.9043618897,-1249091.7544101563
S2-3.6,intermediate,[H]c1nc(N([H])c2c([H])c([H])c(F)c(Cl)c2[H])c2c([H])c(N([H])C(=O)[C-:91]([H])[C:92]([H])(C([H])([H])[N+]([H])(C([H])([H])[H])C([H])([H])[H])[S:93]C([H])([H])[H])c(O[C@]3([H])C([H])([H])OC([H])([H])C3([H])[H])c([H])c2n1,0,-0.47539073,-0.03277721,-132.4297519336106,-15.521439492252266,0.008395165,0.0075900014,0.007992583,0.034084022,0.1834727,0.10877836,-1524183.1703980651,5.0948790544644,-1524170.2308522132,-1524175.174519744
S2-3.6,product,[H]c1nc(N([H])c2c([H])c([H])c(F)c(Cl)c2[H])c2c([H])c(N([H])C(=O)[C:91]([H])([H])[C:92]([H])(C([H])([H])[N+]([H])(C([H])([H])[H])C([H])([H])[H])[S:93]C([H])([H])[H])c(O[C@]3([H])C([H])([H])OC([H])([H])C3([H])[H])c([H])c2n1,1,-0.10717669,0.0019457838,-209.87850115393923,-83.86947609275985,-0.032749094,-0.038849927,-0.03579951,0.008195214,0.0010388717,0.004617043,-1524464.4861822124,4.232744666747749,-1524450.8478070884,-1524457.8810613786
S2-3.7,reactant,[H]c1nc(N([H])c2c([H])c([H])c(F)c(Cl)c2[H])c2c([H])c(N([H])C(=O)/[C:91]([H])=[C:92](\[H])C([H])([H])[N+]([H])(C([H])([H])[H])C([H])([H])[H])c(O[C@]3([H])C([H])([H])OC([H])([H])C3([H])[H])c([H])c2n1,1,-0.102607295,-0.07235968,-215.22971763812248,-88.24591417296146,0.08022113,-0.006209098,0.037006017,0.03325312,-0.008195594,0.012528762,-1249096.7614707733,5.872167804278433,-1249085.7468182065,-1249090.0260837881
S2-3.7,intermediate,[H]c1nc(N([H])c2c([H])c([H])c(F)c(Cl)c2[H])c2c([H])c(N([H])C(=O)[C-:91]([H])[C:92]([H])(C([H])([H])[N+]([H])(C([H])([H])[H])C([H])([H])[H])[S:93]C([H])([H])[H])c(O[C@]3([H])C([H])([H])OC([H])([H])C3([H])[H])c([H])c2n1,0,-0.17304169,-0.08880677,-150.69622784194564,-28.71800810352632,0.0014086887,-0.0052198023,-0.0019055568,0.028141007,0.014850482,0.021495745,-1524215.986366949,4.249897489324212,-1524175.056568007,-1524178.7826667477
S2-3.7,product,[H]c1nc(N([H])c2c([H])c([H])c(F)c(Cl)c2[H])c2c([H])c(N([H])C(=O)[C:91]([H])([H])[C:92]([H])(C([H])([H])[N+]([H])(C([H])([H])[H])C([H])([H])[H])[S:93]C([H])([H])[H])c(O[C@]3([H])C([H])([H])OC([H])([H])C3([H])[H])c([H])c2n1,1,-0.11166753,-0.0052845776,-211.24340683741767,-83.52328425589363,-0.026211001,-0.035827942,-0.031019472,0.008589648,0.0033504963,0.005970072,-1524474.5264103236,3.883041499182582,-1524461.200198892,-1524468.717388634
S2-3.8,reactant,[H]c1nc(N([H])c2c([H])c([H])c(F)c(Cl)c2[H])c2c([H])c(N([H])C(=O)/[C:91]([H])=[C:92](\[H])C([H])([H])[N+]([H])(C([H])([H])[H])C([H])([H])[H])c(O[C@]3([H])C([H])([H])OC([H])([H])C3([H])[H])c([H])c2n1,1,-0.16320765,-0.06289191,-215.86458221894745,-87.52550158249,0.034861565,-0.012615293,0.011123136,0.026075467,-0.0020016283,0.01203692,-1249097.4052480226,7.176505629904568,-1249085.0647020366,-1249090.0261820946
S2-3.8,intermediate,[H]c1nc(N([H])c2c([H])c([H])c(F)c(Cl)c2[H])c2c([H])c(N([H])C(=O)[C-:91]([H])[C:92]([H])(C([H])([H])[N+]([H])(C([H])([H])[H])C([H])([H])[H])[S:93]C([H])([H])[H])c(O[C@]3([H])C([H])([H])OC([H])([H])C3([H])[H])c([H])c2n1,0,-0.27469772,0.0010908472,-143.61414714471942,-20.247862508918406,-0.001064362,-0.0004235803,-0.00074397115,0.016612649,0.045708865,0.031160757,-1524212.1173661926,7.9164073737338185,-1524199.8467704696,-1524205.0796407622
S2-3.8,product,[H]c1nc(N([H])c2c([H])c([H])c(F)c(Cl)c2[H])c2c([H])c(N([H])C(=O)[C:91]([H])([H])[C:92]([H])(C([H])([H])[N+]([H])(C([H])([H])[H])C([H])([H])[H])[S:93]C([H])([H])[H])c(O[C@]3([H])C([H])([H])OC([H])([H])C3([H])[H])c([H])c2n1,1,-0.10767511,-0.01663572,-209.71005557253744,-83.02877481370743,-0.026802663,-0.03086453,-0.028833596,0.009096526,0.0033515468,0.006224036,-1524464.741190462,3.878353491425514,-1524453.522267317,-1524457.8610239746
S2-3.9,reactant,[H]c1nc(N([H])c2c([H])c([H])c(F)c(Cl)c2[H])c2c([H])c(N([H])C(=O)/[C:91]([H])=[C:92](\[H])C([H])([H])[N+]([H])(C([H])([H])[H])C([H])([H])[H])c(O[C@]3([H])C([H])([H])OC([H])([H])C3([H])[H])c([H])c2n1,1,-0.12588856,-0.06849807,-211.51777946039056,-87.94765422008008,0.07077468,0.0006137118,0.035694197,0.030894428,-0.0034009516,0.013746738,-1249097.8241926583,2.809613677673042,-1249085.3079732056,-1249092.7500980424
S2-3.9,intermediate,[H]c1nc(N([H])c2c([H])c([H])c(F)c(Cl)c2[H])c2c([H])c(N([H])C(=O)[C-:91]([H])[C:92]([H])(C([H])([H])[N+]([H])(C([H])([H])[H])C([H])([H])[H])[S:93]C([H])([H])[H])c(O[C@]3([H])C([H])([H])OC([H])([H])C3([H])[H])c([H])c2n1,0,-0.45382297,-0.0030886712,-133.2336668097897,-16.22107246921778,-0.0032368319,-0.005477859,-0.0043573454,0.03510064,0.18885863,0.11197963,-1524177.0219605644,4.612390327267349,-1524158.2840408594,-1524166.3144287409
S2-3.9,product,[H]c1nc(N([H])c2c([H])c([H])c(F)c(Cl)c2[H])c2c([H])c(N([H])C(=O)[C:91]([H])([H])[C:92]([H])(C([H])([H])[N+]([H])(C([H])([H])[H])C([H])([H])[H])[S:93]C([H])([H])[H])c(O[C@]3([H])C([H])([H])OC([H])([H])C3([H])[H])c([H])c2n1,1,-0.09931306,0.0081579555,-214.9256127807468,-90.11177382539113,-0.020158494,-0.03640867,-0.028283581,0.01185856,0.0019994378,0.006928999,-1524479.5593051268,9.715558711439371,-1524448.3231393383,-1524454.97862627
S2-3.10,reactant,[H]c1nc(N([H])c2c([H])c([H])c(F)c(Cl)c2[H])c2c([H])c(N([H])C(=O)/[C:91]([H])=[C:92](\[H])C([H])([H])[N+]([H])(C([H])([H])[H])C([H])([H])[H])c(O[C@]3([H])C([H])([H])OC([H])([H])C3([H])[H])c([H])c2n1,1,-0.1260756,-0.071858786,-210.1375281292958,-87.40467351022828,0.0688492,0.001320608,0.035084903,0.032897368,-0.0038406253,0.014528371,-1249092.9062962786,2.88530161883682,-1249079.941289999,-1249087.6063845765
S2-3.10,intermediate,[H]c1nc(N([H])c2c([H])c([H])c(F)c(Cl)c2[H])c2c([H])c(N([H])C(=O)[C-:91]([H])[C:92]([H])(C([H])([H])[N+]([H])(C([H])([H])[H])C([H])([H])[H])[S:93]C([H])([H])[H])c(O[C@]3([H])C([H])([H])OC([H])([H])C3([H])[H])c([H])c2n1,0,-0.3719841,-0.04666337,-140.97702977376812,-18.087732496040804,-0.0046928152,0.0028486028,-0.0009221062,0.016605675,0.1008558,0.058730736,-1524192.2812106772,7.366219524294138,-1524162.2142607092,-1524168.4602973952
S2-3.10,product,[H]c1nc(N([H])c2c([H])c([H])c(F)c(Cl)c2[H])c2c([H])c(N([H])C(=O)[C:91]([H])([H])[C:92]([H])(C([H])([H])[N+]([H])(C([H])([H])[H])C([H])([H])[H])[S:93]C([H])([H])[H])c(O[C@]3([H])C([H])([H])OC([H])([H])C3([H])[H])c([H])c2n1,1,-0.11039173,-0.022395283,-208.24131372188734,-83.26462311499058,-0.026892219,-0.030766234,-0.028829226,0.009256057,0.0034787655,0.0063674115,-1524456.7732654496,4.0674934303388,-1524443.1093935969,-1524449.932136053
S2-4.1,reactant,[H]c1nc(N([H])c2c([H])c([H])c(F)c(Cl)c2[H])c2c([H])c(N([H])C(=O)[C:91]([H])=[C:92]([H])[H])c(OC([H])([H])C([H])([H])C([H])([H])[N+]3([H])C([H])([H])C([H])([H])OC([H])([H])C3([H])[H])c([H])c2n1,1,-0.14112487,-0.2450175,-223.47140340205328,-91.85620659001097,0.04558453,0.03837861,0.04198157,0.019033685,-0.0019095689,0.008562058,-1249114.8225100464,2.941172618418932,-1249103.1807483737,-1249110.271556707
S2-4.1,intermediate,[H]c1nc(N([H])c2c([H])c([H])c(F)c(Cl)c2[H])c2c([H])c(N([H])C(=O)[C-:91]([H])[C:92]([H])([H])[S:93]C([H])([H])[H])c(OC([H])([H])C([H])([H])C([H])([H])[N+]3([H])C([H])([H])C([H])([H])OC([H])([H])C3([H])[H])c([H])c2n1,0,-0.3700053,-0.098791525,-142.10496965282792,-21.216322464567405,0.008996755,0.0124788135,0.010737784,0.07079634,0.19570957,0.13325295,-1524182.9766154406,15.206489943899214,-1524126.7774782085,-1524134.4378034011
S2-4.1,product,[H]c1nc(N([H])c2c([H])c([H])c(F)c(Cl)c2[H])c2c([H])c(N([H])C(=O)[C:91]([H])([H])[C:92]([H])([H])[S:93]C([H])([H])[H])c(OC([H])([H])C([H])([H])C([H])([H])[N+]3([H])C([H])([H])C([H])([H])OC([H])([H])C3([H])[H])c([H])c2n1,1,-0.14282738,-0.11888398,-211.90851924270646,-85.89705945435588,-0.008997463,-0.0076030493,-0.008300256,0.0068939626,0.0058835745,0.0063887686,-1524467.393371937,3.0920006269589067,-1524451.2523618098,-1524458.9568412679
S2-4.2,reactant,[H]c1nc(N([H])c2c([H])c([H])c(F)c(Cl)c2[H])c2c([H])c(N([H])C(=O)[C:91]([H])=[C:92]([H])[H])c(OC([H])([H])C([H])([H])C([H])([H])[N+]3([H])C([H])([H])C([H])([H])OC([H])([H])C3([H])[H])c([H])c2n1,1,-0.15405922,-0.26556185,-218.08072010554744,-86.80877935327435,0.024936289,0.026205957,0.025571123,-0.006787896,-0.0044428557,-0.005615376,-1249094.3098960812,7.452631087042391,-1249080.4105515028,-1249087.2077981243
S2-4.2,intermediate,[H]c1nc(N([H])c2c([H])c([H])c(F)c(Cl)c2[H])c2c([H])c(N([H])C(=O)[C-:91]([H])[C:92]([H])([H])[S:93]C([H])([H])[H])c(OC([H])([H])C([H])([H])C([H])([H])[N+]3([H])C([H])([H])C([H])([H])OC([H])([H])C3([H])[H])c([H])c2n1,0,-0.31055027,-0.0838269,-145.24722456084993,-20.771465687527854,0.010537155,0.013765298,0.012151226,0.018577754,0.07987781,0.04922778,-1524197.8474366246,16.465815193019807,-1524125.7465266965,-1524132.5422442066
S2-4.2,product,[H]c1nc(N([H])c2c([H])c([H])c(F)c(Cl)c2[H])c2c([H])c(N([H])C(=O)[C:91]([H])([H])[C:92]([H])([H])[S:93]C([H])([H])[H])c(OC([H])([H])C([H])([H])C([H])([H])[N+]3([H])C([H])([H])C([H])([H])OC([H])([H])C3([H])[H])c([H])c2n1,1,-0.12918217,-0.13826178,-209.04208038781178,-84.81399616726569,-0.03120254,-0.024853304,-0.028027922,0.0013584048,-0.0032681674,-0.0009548813,-1524461.935188584,4.10889579448849,-1524448.4602570015,-1524456.4359301017
S2-4.3,reactant,[H]c1nc(N([H])c2c([H])c([H])c(F)c(Cl)c2[H])c2c([H])c(N([H])C(=O)[C:91]([H])=[C:92]([H])[H])c(OC([H])([H])C([H])([H])C([H])([H])[N+]3([H])C([H])([H])C([H])([H])OC([H])([H])C3([H])[H])c([H])c2n1,1,-0.14948337,-0.24768573,-224.13973315379377,-91.00062399547518,0.034862757,0.035657763,0.03526026,0.00041773915,-0.004963681,-0.002272971,-1249103.1058274435,8.900602565146983,-1249085.261111485,-1249090.757087538
S2-4.3,intermediate,[H]c1nc(N([H])c2c([H])c([H])c(F)c(Cl)c2[H])c2c([H])c(N([H])C(=O)[C-:91]([H])[C:92]([H])([H])[S:93]C([H])([H])[H])c(OC([H])([H])C([H])([H])C([H])([H])[N+]3([H])C([H])([H])C([H])([H])OC([H])([H])C3([H])[H])c([H])c2n1,0,-0.412977,-0.10865882,-144.95663115811558,-25.99303283205836,0.0046908334,0.01280345,0.008747142,0.084310144,0.23070864,0.15750939,-1524178.9293627406,11.192575487308204,-1524128.8860282549,-1524135.0046249912
S2-4.3,product,[H]c1nc(N([H])c2c([H])c([H])c(F)c(Cl)c2[H])c2c([H])c(N([H])C(=O)[C:91]([H])([H])[C:92]([H])([H])[S:93]C([H])([H])[H])c(OC([H])([H])C([H])([H])C([H])([H])[N+]3([H])C([H])([H])C([H])([H])OC([H])([H])C3([H])[H])c([H])c2n1,1,-0.1169335,-0.115074016,-217.38253977799218,-88.89600761135463,-0.029845595,-0.026210152,-0.028027873,0.009109862,0.0011089891,0.0051094256,-1524478.742781949,3.306762513704598,-1524465.4912586743,-1524473.8791178546
S2-4.4,reactant,[H]c1nc(N([H])c2c([H])c([H])c(F)c(Cl)c2[H])c2c([H])c(N([H])C(=O)[C:91]([H])=[C:92]([H])[H])c(OC([H])([H])C([H])([H])C([H])([H])[N+]3([H])C([H])([H])C([H])([H])OC([H])([H])C3([H])[H])c([H])c2n1,1,-0.13808808,-0.2367774,-223.9537405099117,-94.6362475199079,0.05834776,0.045451075,0.05189942,0.024992108,-0.0012305677,0.01188077,-1249107.2897566909,9.421939506195486,-1249085.1658195097,-1249090.6039643239
S2-4.4,intermediate,[H]c1nc(N([H])c2c([H])c([H])c(F)c(Cl)c2[H])c2c([H])c(N([H])C(=O)[C-:91]([H])[C:92]([H])([H])[S:93]C([H])([H])[H])c(OC([H])([H])C([H])([H])C([H])([H])[N+]3([H])C([H])([H])C([H])([H])OC([H])([H])C3([H])[H])c([H])c2n1,0,-0.37963623,-0.1028396,-140.26389786565773,-17.362791882320728,0.0128631145,0.015025899,0.013944507,0.052865386,0.19770159,0.12528348,-1524187.6440892005,11.06800137180835,-1524131.0675855938,-1524138.8175765644
S2-4.4,product,[H]c1nc(N([H])c2c([H])c([H])c(F)c(Cl)c2[H])c2c([H])c(N([H])C(=O)[C:91]([H])([H])[C:92]([H])([H])[S:93]C([H])([H])[H])c(OC([H])([H])C([H])([H])C([H])([H])[N+]3([H])C([H])([H])C([H])([H])OC([H])([H])C3([H])[H])c([H])c2n1,1,-0.123513654,-0.10508998,-216.7259831303592,-87.90861772884668,-0.005301222,-0.0060449913,-0.0056731068,0.013661176,0.0094092935,0.011535235,-1524479.4826886237,10.501571467146277,-1524451.6896669772,-1524457.1968819355
S2-4.5,reactant,[H]c1nc(N([H])c2c([H])c([H])c(F)c(Cl)c2[H])c2c([H])c(N([H])C(=O)[C:91]([H])=[C:92]([H])[H])c(OC([H])([H])C([H])([H])C([H])([H])[N+]3([H])C([H])([H])C([H])([H])OC([H])([H])C3([H])[H])c([H])c2n1,1,-0.13527085,-0.25074202,-226.8539994364662,-94.64108501541627,0.026523411,0.028340235,0.027431823,-0.00019349158,-0.0054082572,-0.0028008744,-1249110.0039296097,7.640414007008076,-1249095.7559575697,-1249102.739634754
S2-4.5,intermediate,[H]c1nc(N([H])c2c([H])c([H])c(F)c(Cl)c2[H])c2c([H])c(N([H])C(=O)[C-:91]([H])[C:92]([H])([H])[S:93]C([H])([H])[H])c(OC([H])([H])C([H])([H])C([H])([H])[N+]3([H])C([H])([H])C([H])([H])OC([H])([H])C3([H])[H])c([H])c2n1,0,-0.37098882,-0.09922893,-139.89686750255294,-17.284038793409444,0.028453976,0.027726889,0.028090432,0.035891384,0.1559942,0.095942795,-1524187.553872058,2.7540457900613546,-1524172.814062755,-1524179.4991604923
S2-4.5,product,[H]c1nc(N([H])c2c([H])c([H])c(F)c(Cl)c2[H])c2c([H])c(N([H])C(=O)[C:91]([H])([H])[C:92]([H])([H])[S:93]C([H])([H])[H])c(OC([H])([H])C([H])([H])C([H])([H])[N+]3([H])C([H])([H])C([H])([H])OC([H])([H])C3([H])[H])c([H])c2n1,1,-0.12667799,-0.13722835,-217.23340400994405,-90.55099406459448,-0.032665133,-0.024842978,-0.028754056,0.00052915514,-0.0034867078,-0.0014787763,-1524470.195502347,10.844530737958848,-1524448.546828121,-1524455.755830055
S2-4.6,reactant,[H]c1nc(N([H])c2c([H])c([H])c(F)c(Cl)c2[H])c2c([H])c(N([H])C(=O)[C:91]([H])=[C:92]([H])[H])c(OC([H])([H])C([H])([H])C([H])([H])[N+]3([H])C([H])([H])C([H])([H])OC([H])([H])C3([H])[H])c([H])c2n1,1,-0.12999412,-0.24844146,-224.74439687272118,-90.95787402152327,0.02819255,0.028652087,0.028422318,0.0045438707,-0.005671203,-0.0005636662,-1249109.7894490233,2.598538054153323,-1249099.4705039042,-1249104.373604241
S2-4.6,intermediate,[H]c1nc(N([H])c2c([H])c([H])c(F)c(Cl)c2[H])c2c([H])c(N([H])C(=O)[C-:91]([H])[C:92]([H])([H])[S:93]C([H])([H])[H])c(OC([H])([H])C([H])([H])C([H])([H])[N+]3([H])C([H])([H])C([H])([H])OC([H])([H])C3([H])[H])c([H])c2n1,0,-0.3570356,-0.096695565,-147.26722171318207,-24.483717501671453,0.0230022,0.021487668,0.022244934,0.072901815,0.20726174,0.14008178,-1524202.7583944206,12.355083220638335,-1524133.1735567718,-1524140.7961324188
S2-4.6,product,[H]c1nc(N([H])c2c([H])c([H])c(F)c(Cl)c2[H])c2c([H])c(N([H])C(=O)[C:91]([H])([H])[C:92]([H])([H])[S:93]C([H])([H])[H])c(OC([H])([H])C([H])([H])C([H])([H])[N+]3([H])C([H])([H])C([H])([H])OC([H])([H])C3([H])[H])c([H])c2n1,1,-0.121910565,-0.1402136,-209.48098264742222,-85.07347231581942,-0.034762807,-0.026550293,-0.03065655,0.009688117,0.0024997145,0.0060939156,-1524455.8489844038,1.443022589199245,-1524444.8548754035,-1524451.108919749
S2-4.7,reactant,[H]c1nc(N([H])c2c([H])c([H])c(F)c(Cl)c2[H])c2c([H])c(N([H])C(=O)[C:91]([H])=[C:92]([H])[H])c(OC([H])([H])C([H])([H])C([H])([H])[N+]3([H])C([H])([H])C([H])([H])OC([H])([H])C3([H])[H])c([H])c2n1,1,-0.14105397,-0.251997,-224.81459902149336,-90.04758190438712,0.024715543,0.026016876,0.02536621,-0.00082859397,-0.005357489,-0.0030930415,-1249106.478557911,10.513807099312544,-1249088.9670004004,-1249095.0829574526
S2-4.7,intermediate,[H]c1nc(N([H])c2c([H])c([H])c(F)c(Cl)c2[H])c2c([H])c(N([H])C(=O)[C-:91]([H])[C:92]([H])([H])[S:93]C([H])([H])[H])c(OC([H])([H])C([H])([H])C([H])([H])[N+]3([H])C([H])([H])C([H])([H])OC([H])([H])C3([H])[H])c([H])c2n1,0,-0.31718165,-0.087636515,-143.88580293860872,-21.043204938954407,0.017434753,0.01627779,0.016856272,0.012807488,0.093978405,0.053392947,-1524198.8842617671,13.76939455512911,-1524138.2728764664,-1524144.6212164094
S2-4.7,product,[H]c1nc(N([H])c2c([H])c([H])c(F)c(Cl)c2[H])c2c([H])c(N([H])C(=O)[C:91]([H])([H])[C:92]([H])([H])[S:93]C([H])([H])[H])c(OC([H])([H])C([H])([H])C([H])([H])[N+]3([H])C([H])([H])C([H])([H])OC([H])([H])C3([H])[H])c([H])c2n1,1,-0.12822534,-0.13670102,-211.3209722829556,-86.199357406888,-0.03121198,-0.024741963,-0.027976971,0.0026333332,-0.002532512,5.041063e-05,-1524457.8415561898,6.737763931974769,-1524443.3977887272,-1524451.8298503188
S2-4.8,reactant,[H]c1nc(N([H])c2c([H])c([H])c(F)c(Cl)c2[H])c2c([H])c(N([H])C(=O)[C:91]([H])=[C:92]([H])[H])c(OC([H])([H])C([H])([H])C([H])([H])[N+]3([H])C([H])([H])C([H])([H])OC([H])([H])C3([H])[H])c([H])c2n1,1,-0.15255502,-0.264438,-216.66358401534484,-86.4552116817162,0.025559127,0.027354717,0.026456922,-0.0056740046,-0.0023002177,-0.003987111,-1249088.840854427,4.270096637308598,-1249076.7099260136,-1249083.3120092694
S2-4.8,intermediate,[H]c1nc(N([H])c2c([H])c([H])c(F)c(Cl)c2[H])c2c([H])c(N([H])C(=O)[C-:91]([H])[C:92]([H])([H])[S:93]C([H])([H])[H])c(OC([H])([H])C([H])([H])C([H])([H])[N+]3([H])C([H])([H])C([H])([H])OC([H])([H])C3([H])[H])c([H])c2n1,0,-0.34699655,-0.0942564,-148.62358188344254,-26.066930317155585,0.008966714,0.013247289,0.011107001,0.07436809,0.2124935,0.1434308,-1524191.5983975218,19.34566259663552,-1524128.643010432,-1524136.7617172094
S2-4.8,product,[H]c1nc(N([H])c2c([H])c([H])c(F)c(Cl)c2[H])c2c([H])c(N([H])C(=O)[C:91]([H])([H])[C:92]([H])([H])[S:93]C([H])([H])[H])c(OC([H])([H])C([H])([H])C([H])([H])[N+]3([H])C([H])([H])C([H])([H])OC([H])([H])C3([H])[H])c([H])c2n1,1,-0.11073416,-0.106142886,-215.80740801087308,-89.79683687952026,-0.007226169,-0.010150678,-0.008688424,0.011121139,0.0024063885,0.0067637637,-1524474.485889341,5.19198383577168,-1524461.6039281732,-1524467.374799528
S2-4.9,reactant,[H]c1nc(N([H])c2c([H])c([H])c(F)c(Cl)c2[H])c2c([H])c(N([H])C(=O)[C:91]([H])=[C:92]([H])[H])c(OC([H])([H])C([H])([H])C([H])([H])[N+]3([H])C([H])([H])C([H])([H])OC([H])([H])C3([H])[H])c([H])c2n1,1,-0.1469414,-0.2608008,-214.78674864909908,-85.9618642645938,0.036506236,0.040035054,0.038270645,-0.0033450574,-0.0044316053,-0.0038883314,-1249088.3860478466,1.760777453891933,-1249077.698700632,-1249083.7734777662
S2-4.9,intermediate,[H]c1nc(N([H])c2c([H])c([H])c(F)c(Cl)c2[H])c2c([H])c(N([H])C(=O)[C-:91]([H])[C:92]([H])([H])[S:93]C([H])([H])[H])c(OC([H])([H])C([H])([H])C([H])([H])[N+]3([H])C([H])([H])C([H])([H])OC([H])([H])C3([H])[H])c([H])c2n1,0,-0.40294415,-0.10601477,-139.8900801440035,-18.336774804762342,0.01615122,0.016161747,0.016156483,0.053291738,0.21051334,0.13190255,-1524178.1102053828,3.600242502987385,-1524157.5190944623,-1524165.1525515695
S2-4.9,product,[H]c1nc(N([H])c2c([H])c([H])c(F)c(Cl)c2[H])c2c([H])c(N([H])C(=O)[C:91]([H])([H])[C:92]([H])([H])[S:93]C([H])([H])[H])c(OC([H])([H])C([H])([H])C([H])([H])[N+]3([H])C([H])([H])C([H])([H])OC([H])([H])C3([H])[H])c([H])c2n1,1,-0.14138846,-0.13596751,-211.70398574331952,-85.20689092957112,-0.015289135,-0.013843164,-0.01456615,0.002669081,0.0010212213,0.0018451512,-1524461.5443396089,3.7757578594610095,-1524446.5790558942,-1524453.7763100362
S2-4.10,reactant,[H]c1nc(N([H])c2c([H])c([H])c(F)c(Cl)c2[H])c2c([H])c(N([H])C(=O)[C:91]([H])=[C:92]([H])[H])c(OC([H])([H])C([H])([H])C([H])([H])[N+]3([H])C([H])([H])C([H])([H])OC([H])([H])C3([H])[H])c([H])c2n1,1,-0.1524319,-0.26430947,-216.7442264198103,-87.25706366912023,0.025275648,0.027059093,0.02616737,-0.0056497604,-0.0023543388,-0.0040020496,-1249087.5295781852,4.726855285465717,-1249076.7118555852,-1249082.1586291597
S2-4.10,intermediate,[H]c1nc(N([H])c2c([H])c([H])c(F)c(Cl)c2[H])c2c([H])c(N([H])C(=O)[C-:91]([H])[C:92]([H])([H])[S:93]C([H])([H])[H])c(OC([H])([H])C([H])([H])C([H])([H])[N+]3([H])C([H])([H])C([H])([H])OC([H])([H])C3([H])[H])c([H])c2n1,0,-0.41016448,-0.10643831,-141.1335528828764,-13.776851850477096,0.009065509,0.019271962,0.014168736,0.035250425,0.20920575,0.122228086,-1524178.4277315512,9.95208545960486,-1524157.512886967,-1524163.2278876265
S2-4.10,product,[H]c1nc(N([H])c2c([H])c([H])c(F)c(Cl)c2[H])c2c([H])c(N([H])C(=O)[C:91]([H])([H])[C:92]([H])([H])[S:93]C([H])([H])[H])c(OC([H])([H])C([H])([H])C([H])([H])[N+]3([H])C([H])([H])C([H])([H])OC([H])([H])C3([H])[H])c([H])c2n1,1,-0.14264576,-0.11889163,-214.13520156262405,-84.73846219261591,-0.011901237,-0.009618968,-0.010760102,0.0028043985,0.0019468069,0.0023756027,-1524459.769094296,7.375577898696065,-1524445.5248354352,-1524450.4037478846
S2-36.1,reactant,[H]c1nc(N([H])c2c([H])c([H])c([H])c(N([H])C(=O)/[C:91]([H])=[C:92](\[H])C([H])([H])[N+]([H])(C([H])([H])[H])C([H])([H])[H])c2[H])nc(-c2c([H])n([H])c3c([H])c([H])c([H])c([H])c23)c1Cl,1,-0.14156383,-0.060423803,-204.94309724461868,-84.79174959391543,0.09676118,0.0027129091,0.049737047,0.05058056,-0.0009152591,0.024832651,-1125582.3878095467,2.502441631630063,-1125573.2243074318,-1125577.6549604144
S2-36.1,intermediate,[H]c1nc(N([H])c2c([H])c([H])c([H])c(N([H])C(=O)[C-:91]([H])[C:92]([H])(C([H])([H])[N+]([H])(C([H])([H])[H])C([H])([H])[H])[S:93]C([H])([H])[H])c2[H])nc(-c2c([H])n([H])c3c([H])c([H])c([H])c([H])c23)c1Cl,0,-0.44072548,-0.0040738275,-127.71364078125369,-13.493756249232689,0.036565993,0.023776833,0.030171413,0.02951935,0.16612738,0.09782337,-1400655.1472799752,3.252905654720962,-1400637.8331788294,-1400644.6401813722
S2-36.1,product,[H]c1nc(N([H])c2c([H])c([H])c([H])c(N([H])C(=O)[C:91]([H])([H])[C:92]([H])(C([H])([H])[N+]([H])(C([H])([H])[H])C([H])([H])[H])[S:93]C([H])([H])[H])c2[H])nc(-c2c([H])n([H])c3c([H])c([H])c([H])c([H])c23)c1Cl,1,-0.11133689,0.016629105,-198.44678774400828,-76.45180812939905,-0.024282096,-0.038994078,-0.031638086,0.010178745,0.0011939406,0.0056863427,-1400958.1340937929,2.458768591284752,-1400948.3238353336,-1400953.8822686425
S2-36.2,reactant,[H]c1nc(N([H])c2c([H])c([H])c([H])c(N([H])C(=O)/[C:91]([H])=[C:92](\[H])C([H])([H])[N+]([H])(C([H])([H])[H])C([H])([H])[H])c2[H])nc(-c2c([H])n([H])c3c([H])c([H])c([H])c([H])c23)c1Cl,1,-0.13679075,-0.04671481,-205.0159053870394,-85.3379925612466,0.065486684,-0.006808933,0.029338874,0.054577082,0.001976058,0.02827657,-1125584.638181032,2.8503217911347747,-1125571.7799086517,-1125580.45522924
S2-36.2,intermediate,[H]c1nc(N([H])c2c([H])c([H])c([H])c(N([H])C(=O)[C-:91]([H])[C:92]([H])(C([H])([H])[N+]([H])(C([H])([H])[H])C([H])([H])[H])[S:93]C([H])([H])[H])c2[H])nc(-c2c([H])n([H])c3c([H])c([H])c([H])c([H])c23)c1Cl,0,-0.3242363,-0.0027291873,-135.21643918485933,-18.570806249721155,0.015021661,0.012367813,0.013694737,0.054967076,0.08831212,0.0716396,-1400690.3623468014,2.6329037360846996,-1400680.706410072,-1400687.2117142214
S2-36.2,product,[H]c1nc(N([H])c2c([H])c([H])c([H])c(N([H])C(=O)[C:91]([H])([H])[C:92]([H])(C([H])([H])[N+]([H])(C([H])([H])[H])C([H])([H])[H])[S:93]C([H])([H])[H])c2[H])nc(-c2c([H])n([H])c3c([H])c([H])c([H])c([H])c23)c1Cl,1,-0.10984807,-0.0015600121,-204.5575260411099,-81.05447444261127,-0.0074278675,-0.031976502,-0.019702185,0.011365481,0.002291821,0.006828651,-1400962.1913484386,1.8705809181556106,-1400951.779393137,-1400957.8100247502
S2-36.3,reactant,[H]c1nc(N([H])c2c([H])c([H])c([H])c(N([H])C(=O)/[C:91]([H])=[C:92](\[H])C([H])([H])[N+]([H])(C([H])([H])[H])C([H])([H])[H])c2[H])nc(-c2c([H])n([H])c3c([H])c([H])c([H])c([H])c23)c1Cl,1,-0.10816061,-0.08233812,-206.7698824202192,-86.25578426295118,0.10790468,-0.00083717704,0.05353375,0.049624704,-0.00729651,0.021164097,-1125579.2095971836,4.185251039452851,-1125568.4135907963,-1125574.4444109087
S2-36.3,intermediate,[H]c1nc(N([H])c2c([H])c([H])c([H])c(N([H])C(=O)[C-:91]([H])[C:92]([H])(C([H])([H])[N+]([H])(C([H])([H])[H])C([H])([H])[H])[S:93]C([H])([H])[H])c2[H])nc(-c2c([H])n([H])c3c([H])c([H])c([H])c([H])c23)c1Cl,0,-0.43406427,-0.0010759063,-128.6101476862475,-13.14330625797413,0.03163931,0.0192501,0.025444705,0.023850262,0.1523026,0.08807643,-1400657.2112420266,4.02346817124635,-1400638.0087706842,-1400646.2616191485
S2-36.3,product,[H]c1nc(N([H])c2c([H])c([H])c([H])c(N([H])C(=O)[C:91]([H])([H])[C:92]([H])(C([H])([H])[N+]([H])(C([H])([H])[H])C([H])([H])[H])[S:93]C([H])([H])[H])c2[H])nc(-c2c([H])n([H])c3c([H])c([H])c([H])c([H])c23)c1Cl,1,-0.11818134,0.0028140268,-197.88010913389758,-76.88390695976659,-0.021488274,-0.036861423,-0.029174848,0.013061039,0.004422277,0.008741658,-1400948.4247457797,2.140900240279734,-1400936.7348263874,-1400943.2590877314
S2-36.4,reactant,[H]c1nc(N([H])c2c([H])c([H])c([H])c(N([H])C(=O)/[C:91]([H])=[C:92](\[H])C([H])([H])[N+]([H])(C([H])([H])[H])C([H])([H])[H])c2[H])nc(-c2c([H])n([H])c3c([H])c([H])c([H])c([H])c23)c1Cl,1,-0.13685656,-0.06348468,-204.43586514584888,-84.02103470660577,0.11399685,0.0090999715,0.06154841,0.039080203,-0.0022409558,0.018419623,-1125581.7522668156,2.091431725770235,-1125573.0326851592,-1125576.7952348886
S2-36.4,intermediate,[H]c1nc(N([H])c2c([H])c([H])c([H])c(N([H])C(=O)[C-:91]([H])[C:92]([H])(C([H])([H])[N+]([H])(C([H])([H])[H])C([H])([H])[H])[S:93]C([H])([H])[H])c2[H])nc(-c2c([H])n([H])c3c([H])c([H])c([H])c([H])c23)c1Cl,0,-0.18070461,-0.0843278,-147.15968617070297,-30.642747810085005,0.017272636,0.009463072,0.013367854,0.028935492,0.006214097,0.017574795,-1400696.9866624123,2.805913370102644,-1400668.952452618,-1400674.7475021966
S2-36.4,product,[H]c1nc(N([H])c2c([H])c([H])c([H])c(N([H])C(=O)[C:91]([H])([H])[C:92]([H])(C([H])([H])[N+]([H])(C([H])([H])[H])C([H])([H])[H])[S:93]C([H])([H])[H])c2[H])nc(-c2c([H])n([H])c3c([H])c([H])c([H])c([H])c23)c1Cl,1,-0.097028874,0.0020954441,-200.96745338900345,-80.00481642073716,-0.022175536,-0.03630484,-0.029240187,0.0041336715,-0.006236851,-0.0010515898,-1400950.9593707637,3.683731773868203,-1400939.4251747984,-1400945.4254461336
S2-36.5,reactant,[H]c1nc(N([H])c2c([H])c([H])c([H])c(N([H])C(=O)/[C:91]([H])=[C:92](\[H])C([H])([H])[N+]([H])(C([H])([H])[H])C([H])([H])[H])c2[H])nc(-c2c([H])n([H])c3c([H])c([H])c([H])c([H])c23)c1Cl,1,-0.10282088,-0.08676921,-209.06238671755014,-88.10072255627816,0.08086708,-0.006185204,0.03734094,0.030274548,-0.0048264936,0.012724027,-1125581.3665540684,4.202037932351232,-1125570.5026262319,-1125576.1589542557
S2-36.5,intermediate,[H]c1nc(N([H])c2c([H])c([H])c([H])c(N([H])C(=O)[C-:91]([H])[C:92]([H])(C([H])([H])[N+]([H])(C([H])([H])[H])C([H])([H])[H])[S:93]C([H])([H])[H])c2[H])nc(-c2c([H])n([H])c3c([H])c([H])c([H])c([H])c23)c1Cl,0,-0.280643,0.01397889,-136.77397512136986,-18.714142951496783,0.01306782,0.002185206,0.007626513,0.025216162,0.046161756,0.03568896,-1400693.3389480305,3.895963793620467,-1400682.4569109513,-1400688.604471619
S2-36.5,product,[H]c1nc(N([H])c2c([H])c([H])c([H])c(N([H])C(=O)[C:91]([H])([H])[C:92]([H])(C([H])([H])[N+]([H])(C([H])([H])[H])C([H])([H])[H])[S:93]C([H])([H])[H])c2[H])nc(-c2c([H])n([H])c3c([H])c([H])c([H])c([H])c23)c1Cl,1,-0.10799004,0.028110556,-202.2271750694391,-81.46980994472744,-0.0023445897,-0.034753975,-0.018549282,0.008741789,-0.00083985925,0.0039509647,-1400965.8070562526,4.311693459749222,-1400956.6323960794,-1400961.2017278695
S2-36.6,reactant,[H]c1nc(N([H])c2c([H])c([H])c([H])c(N([H])C(=O)/[C:91]([H])=[C:92](\[H])C([H])([H])[N+]([H])(C([H])([H])[H])C([H])([H])[H])c2[H])nc(-c2c([H])n([H])c3c([H])c([H])c([H])c([H])c23)c1Cl,1,-0.104912095,-0.070318125,-206.52664021251613,-83.41876336828709,0.062342294,-0.013151541,0.024595376,0.03125549,-0.016417421,0.007419035,-1125578.631242762,2.375479068607092,-1125569.2316107443,-1125574.2411872586
S2-36.6,intermediate,[H]c1nc(N([H])c2c([H])c([H])c([H])c(N([H])C(=O)[C-:91]([H])[C:92]([H])(C([H])([H])[N+]([H])(C([H])([H])[H])C([H])([H])[H])[S:93]C([H])([H])[H])c2[H])nc(-c2c([H])n([H])c3c([H])c([H])c([H])c([H])c23)c1Cl,0,-0.278207,0.010100248,-136.4366325880231,-17.432897734618575,0.012373162,0.0016288338,0.0070009977,0.027115583,0.044928774,0.03602218,-1400693.2942925356,2.6059544067829847,-1400682.7227584552,-1400688.8036703765
S2-36.6,product,[H]c1nc(N([H])c2c([H])c([H])c([H])c(N([H])C(=O)[C:91]([H])([H])[C:92]([H])(C([H])([H])[N+]([H])(C([H])([H])[H])C([H])([H])[H])[S:93]C([H])([H])[H])c2[H])nc(-c2c([H])n([H])c3c([H])c([H])c([H])c([H])c23)c1Cl,1,-0.123525314,0.02513424,-199.35733871994816,-77.18340786867599,-0.025529012,-0.040171236,-0.032850124,0.017095216,0.008834913,0.0129650645,-1400957.3802987935,2.0041748145595193,-1400947.4101812902,-1400953.2616791166
S2-36.7,reactant,[H]c1nc(N([H])c2c([H])c([H])c([H])c(N([H])C(=O)/[C:91]([H])=[C:92](\[H])C([H])([H])[N+]([H])(C([H])([H])[H])C([H])([H])[H])c2[H])nc(-c2c([H])n([H])c3c([H])c([H])c([H])c([H])c23)c1Cl,1,-0.103834376,-0.089616545,-206.22720399343316,-87.04323986410353,0.11128528,0.0009939894,0.056139633,0.04173115,-0.0025270134,0.019602068,-1125577.775427469,2.2613628040999174,-1125567.3232587527,-1125572.6309091167
S2-36.7,intermediate,[H]c1nc(N([H])c2c([H])c([H])c([H])c(N([H])C(=O)[C-:91]([H])[C:92]([H])(C([H])([H])[N+]([H])(C([H])([H])[H])C([H])([H])[H])[S:93]C([H])([H])[H])c2[H])nc(-c2c([H])n([H])c3c([H])c([H])c([H])c([H])c23)c1Cl,0,-0.1818296,-0.08843914,-147.37950379956825,-30.90339613988415,0.024661697,0.014425755,0.019543726,0.015600786,3.33488e-05,0.007817067,-1400697.433411624,7.46894776634872,-1400647.1251492084,-1400653.5978527109
S2-36.7,product,[H]c1nc(N([H])c2c([H])c([H])c([H])c(N([H])C(=O)[C:91]([H])([H])[C:92]([H])(C([H])([H])[N+]([H])(C([H])([H])[H])C([H])([H])[H])[S:93]C([H])([H])[H])c2[H])nc(-c2c([H])n([H])c3c([H])c([H])c([H])c([H])c23)c1Cl,1,-0.11144763,0.016413702,-198.37181445836933,-76.28583919102022,-0.02419808,-0.039059423,-0.03162875,0.010164559,0.0012101978,0.0056873783,-1400958.1392281493,2.290543065406382,-1400947.6903798236,-1400953.714438517
S2-36.8,reactant,[H]c1nc(N([H])c2c([H])c([H])c([H])c(N([H])C(=O)/[C:91]([H])=[C:92](\[H])C([H])([H])[N+]([H])(C([H])([H])[H])C([H])([H])[H])c2[H])nc(-c2c([H])n([H])c3c([H])c([H])c([H])c([H])c23)c1Cl,1,-0.103560455,-0.09200232,-207.5548665295948,-85.81259207870762,0.112355426,0.0022865012,0.057320964,0.03573794,-0.0053250045,0.015206467,-1125581.2796764488,2.5785499811172485,-1125569.5417821764,-1125576.3455899584
S2-36.8,intermediate,[H]c1nc(N([H])c2c([H])c([H])c([H])c(N([H])C(=O)[C-:91]([H])[C:92]([H])(C([H])([H])[N+]([H])(C([H])([H])[H])C([H])([H])[H])[S:93]C([H])([H])[H])c2[H])nc(-c2c([H])n([H])c3c([H])c([H])c([H])c([H])c23)c1Cl,0,-0.18971427,-0.10657411,-147.4373876747334,-31.66031231285015,0.009988986,0.008230649,0.009109817,0.02712436,0.005391121,0.01625774,-1400693.3421870822,4.390928898006678,-1400662.6847616069,-1400667.5943654163
S2-36.8,product,[H]c1nc(N([H])c2c([H])c([H])c([H])c(N([H])C(=O)[C:91]([H])([H])[C:92]([H])(C([H])([H])[N+]([H])(C([H])([H])[H])C([H])([H])[H])[S:93]C([H])([H])[H])c2[H])nc(-c2c([H])n([H])c3c([H])c([H])c([H])c([H])c23)c1Cl,1,-0.10539297,-0.009327607,-203.10367320571476,-80.76567506215866,0.00015034247,-0.0306765,-0.015263079,0.0078912005,-0.00028924644,0.003800977,-1400962.5910350154,2.7174242809414864,-1400952.2178088098,-1400957.743550191
S2-36.9,reactant,[H]c1nc(N([H])c2c([H])c([H])c([H])c(N([H])C(=O)/[C:91]([H])=[C:92](\[H])C([H])([H])[N+]([H])(C([H])([H])[H])C([H])([H])[H])c2[H])nc(-c2c([H])n([H])c3c([H])c([H])c([H])c([H])c23)c1Cl,1,-0.1384325,-0.060348265,-204.55548600248503,-83.97311498319286,0.103571616,0.0037098266,0.053640723,0.029585272,-0.0045422167,0.012521528,-1125585.1936156678,3.995116871781647,-1125574.5896872752,-1125580.753115613
S2-36.9,intermediate,[H]c1nc(N([H])c2c([H])c([H])c([H])c(N([H])C(=O)[C-:91]([H])[C:92]([H])(C([H])([H])[N+]([H])(C([H])([H])[H])C([H])([H])[H])[S:93]C([H])([H])[H])c2[H])nc(-c2c([H])n([H])c3c([H])c([H])c([H])c([H])c23)c1Cl,0,-0.2733801,0.0075858356,-136.71174621778462,-18.876009091672113,0.013533946,0.0026559709,0.008094958,0.021718085,0.038315326,0.030016705,-1400690.5833767205,2.6851537078619003,-1400677.6735637924,-1400685.4144267815
S2-36.9,product,[H]c1nc(N([H])c2c([H])c([H])c([H])c(N([H])C(=O)[C:91]([H])([H])[C:92]([H])(C([H])([H])[N+]([H])(C([H])([H])[H])C([H])([H])[H])[S:93]C([H])([H])[H])c2[H])nc(-c2c([H])n([H])c3c([H])c([H])c([H])c([H])c23)c1Cl,1,-0.10739803,0.029024357,-201.8471748902709,-81.12743116428089,-0.0049025696,-0.03597153,-0.02043705,0.009563118,-7.735193e-05,0.004742883,-1400965.7733469747,3.076061843894422,-1400953.6148105345,-1400961.3287250558
S2-36.10,reactant,[H]c1nc(N([H])c2c([H])c([H])c([H])c(N([H])C(=O)/[C:91]([H])=[C:92](\[H])C([H])([H])[N+]([H])(C([H])([H])[H])C([H])([H])[H])c2[H])nc(-c2c([H])n([H])c3c([H])c([H])c([H])c([H])c23)c1Cl,1,-0.102745496,-0.089957066,-207.36567066680664,-87.29100187564553,0.09948898,-5.5149198e-05,0.049716916,0.04335513,-0.0014648288,0.02094515,-1125577.4902406156,4.683767729438841,-1125566.2923397245,-1125571.4526862516
S2-36.10,intermediate,[H]c1nc(N([H])c2c([H])c([H])c([H])c(N([H])C(=O)[C-:91]([H])[C:92]([H])(C([H])([H])[N+]([H])(C([H])([H])[H])C([H])([H])[H])[S:93]C([H])([H])[H])c2[H])nc(-c2c([H])n([H])c3c([H])c([H])c([H])c([H])c23)c1Cl,0,-0.27939153,0.014900097,-137.0041405257824,-19.147630503539304,0.00955949,-0.0017316742,0.0039139083,0.030720145,0.046219528,0.038469836,-1400692.4344818424,9.785406256094575,-1400678.1443750132,-1400686.8002222246
S2-36.10,product,[H]c1nc(N([H])c2c([H])c([H])c([H])c(N([H])C(=O)[C:91]([H])([H])[C:92]([H])(C([H])([H])[N+]([H])(C([H])([H])[H])C([H])([H])[H])[S:93]C([H])([H])[H])c2[H])nc(-c2c([H])n([H])c3c([H])c([H])c([H])c([H])c23)c1Cl,1,-0.10476889,0.023135485,-201.18447497543445,-80.98954963858938,-0.007164534,-0.03440482,-0.020784678,0.01098948,-0.00011972338,0.005434878,-1400963.5030255558,2.4843060448765755,-1400953.7319073104,-1400959.3845707106
S2-41.1,reactant,[H]c1nc(N([H])c2nn(C([H])([H])[H])c(N([H])C(=O)[C:91]([H])=[C:92]([H])[H])c2[H])nc(-c2c([H])nn3c([H])c([H])c([H])c([H])c23)c1Cl,0,-0.12783983,-0.27342865,-159.64641759220038,-24.81176235713824,0.040970385,0.02896063,0.034965508,0.002740115,-0.0075038075,-0.0023818463,-1047478.8135035804,2.1413394194096327,-1047472.263592384,-1047475.59096456
S2-41.1,intermediate,[H]C1=C([H])c2c(-c3nc(N([H])c4nn(C([H])([H])[H])c(N([H])C(=O)[C-:91]([H])[C:92]([H])([H])[S:93]C([H])([H])[H])c4[H])nc([H])c3Cl)c([H])nn2C([H])=C1[H],-1,-0.44196692,-0.10495338,-77.6418280015825,41.41775650706741,-0.007872522,0.0114349425,0.0017812103,0.03495103,0.19148314,0.113217086,-1322493.594325148,3.5050706742331386,-1322481.1723576756,-1322487.010646938
S2-41.1,product,[H]c1nc(N([H])c2nn(C([H])([H])[H])c(N([H])C(=O)[C:91]([H])([H])[C:92]([H])([H])[S:93]C([H])([H])[H])c2[H])nc(-c2c([H])nn3c([H])c([H])c([H])c([H])c23)c1Cl,0,-0.13065019,-0.10059513,-153.99701383534182,-23.134073528231863,-0.02329994,-0.023080021,-0.02318998,0.007994384,0.0030662566,0.00553032,-1322846.8868833482,2.5071507999673486,-1322835.7962605136,-1322842.540774805
S2-41.2,reactant,[H]c1nc(N([H])c2nn(C([H])([H])[H])c(N([H])C(=O)[C:91]([H])=[C:92]([H])[H])c2[H])nc(-c2c([H])nn3c([H])c([H])c([H])c([H])c23)c1Cl,0,-0.13976884,-0.27150294,-157.78748583634976,-20.925054433149363,0.03449291,0.024939358,0.029716134,0.0005697161,-0.009791508,-0.004610896,-1047478.8127472501,2.3271197779104114,-1047470.5370377601,-1047474.6383543285
S2-41.2,intermediate,[H]C1=C([H])c2c(-c3nc(N([H])c4nn(C([H])([H])[H])c(N([H])C(=O)[C-:91]([H])[C:92]([H])([H])[S:93]C([H])([H])[H])c4[H])nc([H])c3Cl)c([H])nn2C([H])=C1[H],-1,-0.42256773,-0.1074041,-78.13355039256692,38.864438447433784,-0.00027481467,0.014742084,0.0072336346,0.036542445,0.1929458,0.11474412,-1322487.1052218776,2.4164861971512437,-1322473.7459098105,-1322480.514637362
S2-41.2,product,[H]c1nc(N([H])c2nn(C([H])([H])[H])c(N([H])C(=O)[C:91]([H])([H])[C:92]([H])([H])[S:93]C([H])([H])[H])c2[H])nc(-c2c([H])nn3c([H])c([H])c([H])c([H])c23)c1Cl,0,-0.11699484,-0.09708203,-151.55768400915994,-21.29099278726537,-0.03607868,-0.03795234,-0.037015513,0.015074372,0.0017423406,0.008408356,-1322842.7867487313,1.9501725817099214,-1322834.6046653753,-1322839.1377679913
S2-41.3,reactant,[H]c1nc(N([H])c2nn(C([H])([H])[H])c(N([H])C(=O)[C:91]([H])=[C:92]([H])[H])c2[H])nc(-c2c([H])nn3c([H])c([H])c([H])c([H])c23)c1Cl,0,-0.14074656,-0.27140045,-160.47801658938062,-23.552186425542967,0.03325826,0.025139153,0.029198706,-0.00033982098,-0.009641111,-0.004990466,-1047479.9269835613,2.2017302671447396,-1047471.2145412341,-1047476.1987160281
S2-41.3,intermediate,[H]C1=C([H])c2c(-c3nc(N([H])c4nn(C([H])([H])[H])c(N([H])C(=O)[C-:91]([H])[C:92]([H])([H])[S:93]C([H])([H])[H])c4[H])nc([H])c3Cl)c([H])nn2C([H])=C1[H],-1,-0.39927027,-0.098345116,-82.7665070192571,53.206605318911116,0.005696565,0.010985613,0.008341089,0.01128307,0.19865155,0.10496731,-1322502.0860998656,4.243043345399201,-1322491.6413472486,-1322495.0421565757
S2-41.3,product,[H]c1nc(N([H])c2nn(C([H])([H])[H])c(N([H])C(=O)[C:91]([H])([H])[C:92]([H])([H])[S:93]C([H])([H])[H])c2[H])nc(-c2c([H])nn3c([H])c([H])c([H])c([H])c23)c1Cl,0,-0.13008602,-0.10174159,-153.87314043462632,-23.117730752980727,-0.02242624,-0.022446759,-0.0224365,0.0084578395,0.0034499168,0.005953878,-1322847.100780972,5.078205835074186,-1322838.246140753,-1322842.566521107
S2-41.4,reactant,[H]c1nc(N([H])c2nn(C([H])([H])[H])c(N([H])C(=O)[C:91]([H])=[C:92]([H])[H])c2[H])nc(-c2c([H])nn3c([H])c([H])c([H])c([H])c23)c1Cl,0,-0.12973353,-0.2729646,-159.26687066397068,-24.588111477948097,0.039177686,0.028488696,0.03383319,-0.0022422671,-0.008912325,-0.005577296,-1047482.5834200544,1.9511273987591267,-1047474.3740296215,-1047479.5652166322
S2-41.4,intermediate,[H]C1=C([H])c2c(-c3nc(N([H])c4nn(C([H])([H])[H])c(N([H])C(=O)[C-:91]([H])[C:92]([H])([H])[S:93]C([H])([H])[H])c4[H])nc([H])c3Cl)c([H])nn2C([H])=C1[H],-1,-0.4673705,-0.09997029,-75.49779590232697,40.89069113933721,6.9864094e-05,0.014161624,0.007115744,0.0377329,0.20884275,0.12328783,-1322489.113421352,3.1125725116580725,-1322477.7354351194,-1322483.061215896
S2-41.4,product,[H]c1nc(N([H])c2nn(C([H])([H])[H])c(N([H])C(=O)[C:91]([H])([H])[C:92]([H])([H])[S:93]C([H])([H])[H])c2[H])nc(-c2c([H])nn3c([H])c([H])c([H])c([H])c23)c1Cl,0,-0.11738038,-0.098454624,-154.5655436400064,-22.787737046735266,-0.034221448,-0.035458535,-0.03483999,0.0057781115,-0.004756801,0.00051065534,-1322844.4661573966,1.9471133686602116,-1322836.3560757746,-1322841.1797868647
S2-41.5,reactant,[H]c1nc(N([H])c2nn(C([H])([H])[H])c(N([H])C(=O)[C:91]([H])=[C:92]([H])[H])c2[H])nc(-c2c([H])nn3c([H])c([H])c([H])c([H])c23)c1Cl,0,-0.14044327,-0.26796037,-158.55017695092369,-22.716114146815535,0.052158356,0.03857927,0.045368813,0.0058871657,-0.014300644,-0.0042067394,-1047486.378033677,2.351464407518506,-1047481.0664198849,-1047483.0448055483
S2-41.5,intermediate,[H]C1=C([H])c2c(-c3nc(N([H])c4nn(C([H])([H])[H])c(N([H])C(=O)[C-:91]([H])[C:92]([H])([H])[S:93]C([H])([H])[H])c4[H])nc([H])c3Cl)c([H])nn2C([H])=C1[H],-1,-0.43980163,-0.10557912,-77.98478532313395,41.46432412844248,-0.0066051856,0.013285659,0.0033402368,0.040744543,0.19985268,0.12029861,-1322489.4334197247,3.5839231768622994,-1322479.353217437,-1322483.4332131008
S2-41.5,product,[H]c1nc(N([H])c2nn(C([H])([H])[H])c(N([H])C(=O)[C:91]([H])([H])[C:92]([H])([H])[S:93]C([H])([H])[H])c2[H])nc(-c2c([H])nn3c([H])c([H])c([H])c([H])c23)c1Cl,0,-0.13499168,-0.11637427,-155.32158309657706,-22.131793071386856,-0.020265438,-0.018675297,-0.019470368,0.001892969,-0.0017998666,4.6551228e-05,-1322852.7554783586,2.4890272691845894,-1322844.6636545414,-1322848.3154265508
S2-41.6,reactant,[H]c1nc(N([H])c2nn(C([H])([H])[H])c(N([H])C(=O)[C:91]([H])=[C:92]([H])[H])c2[H])nc(-c2c([H])nn3c([H])c([H])c([H])c([H])c23)c1Cl,0,-0.1271602,-0.27204216,-154.87245180048788,-22.020672331867118,0.05152476,0.03754784,0.0445363,0.012965918,-0.012266412,0.0003497526,-1047477.6536057959,1.8079903880134225,-1047470.7128257857,-1047474.6580244573
S2-41.6,intermediate,[H]C1=C([H])c2c(-c3nc(N([H])c4nn(C([H])([H])[H])c(N([H])C(=O)[C-:91]([H])[C:92]([H])([H])[S:93]C([H])([H])[H])c4[H])nc([H])c3Cl)c([H])nn2C([H])=C1[H],-1,-0.46747488,-0.099858455,-75.54399832902254,40.932643764776806,-0.00034432858,0.013798498,0.0067270845,0.0368616,0.2087554,0.1228085,-1322489.103243549,3.132695386186242,-1322478.3160881216,-1322483.151605613
S2-41.6,product,[H]c1nc(N([H])c2nn(C([H])([H])[H])c(N([H])C(=O)[C:91]([H])([H])[C:92]([H])([H])[S:93]C([H])([H])[H])c2[H])nc(-c2c([H])nn3c([H])c([H])c([H])c([H])c23)c1Cl,0,-0.12257159,-0.10105943,-155.53717073922724,-22.649674204090946,-0.03271576,-0.034099467,-0.033407614,0.0023613125,-0.006570235,-0.0021044612,-1322850.4863880523,1.870285122655332,-1322840.7654999807,-1322846.740378025
S2-41.7,reactant,[H]c1nc(N([H])c2nn(C([H])([H])[H])c(N([H])C(=O)[C:91]([H])=[C:92]([H])[H])c2[H])nc(-c2c([H])nn3c([H])c([H])c([H])c([H])c23)c1Cl,0,-0.12710114,-0.27345923,-159.61306850595403,-24.83074266691311,0.040946007,0.029082775,0.03501439,0.002391979,-0.0076541156,-0.0026310682,-1047478.7555961779,1.8644413379952312,-1047472.9436956396,-1047475.6079327001
S2-41.7,intermediate,[H]C1=C([H])c2c(-c3nc(N([H])c4nn(C([H])([H])[H])c(N([H])C(=O)[C-:91]([H])[C:92]([H])([H])[S:93]C([H])([H])[H])c4[H])nc([H])c3Cl)c([H])nn2C([H])=C1[H],-1,-0.4739766,-0.10150325,-75.04185893736644,41.64708715607122,-0.0020693168,0.012557484,0.0052440837,0.028179705,0.20092908,0.11455439,-1322490.6183683914,3.1583914225921035,-1322480.0350645573,-1322483.790030222
S2-41.7,product,[H]c1nc(N([H])c2nn(C([H])([H])[H])c(N([H])C(=O)[C:91]([H])([H])[C:92]([H])([H])[S:93]C([H])([H])[H])c2[H])nc(-c2c([H])nn3c([H])c([H])c([H])c([H])c23)c1Cl,0,-0.12261924,-0.100265324,-155.40343788720986,-22.019800127447304,-0.033041634,-0.03441459,-0.03372811,0.003244698,-0.005541861,-0.0011485815,-1322850.6912363698,4.653264938853681,-1322842.9467679018,-1322846.837530689
S2-41.8,reactant,[H]c1nc(N([H])c2nn(C([H])([H])[H])c(N([H])C(=O)[C:91]([H])=[C:92]([H])[H])c2[H])nc(-c2c([H])nn3c([H])c([H])c([H])c([H])c23)c1Cl,0,-0.14048144,-0.2679095,-158.5909695112261,-22.686118940128964,0.052419007,0.038597092,0.04550805,0.005193725,-0.014517337,-0.004661806,-1047486.318217124,12.649493796750903,-1047472.2324072253,-1047477.1194648291
S2-41.8,intermediate,[H]C1=C([H])c2c(-c3nc(N([H])c4nn(C([H])([H])[H])c(N([H])C(=O)[C-:91]([H])[C:92]([H])([H])[S:93]C([H])([H])[H])c4[H])nc([H])c3Cl)c([H])nn2C([H])=C1[H],-1,-0.4548867,-0.111877345,-75.7303401665225,40.58588744354494,0.009133473,0.018715747,0.01392461,0.04147631,0.2256171,0.13354671,-1322489.6321336739,2.217734315432608,-1322481.3761566384,-1322484.8185809606
S2-41.8,product,[H]c1nc(N([H])c2nn(C([H])([H])[H])c(N([H])C(=O)[C:91]([H])([H])[C:92]([H])([H])[S:93]C([H])([H])[H])c2[H])nc(-c2c([H])nn3c([H])c([H])c([H])c([H])c23)c1Cl,0,-0.13049401,-0.0993978,-156.3228768324757,-22.474720198726157,-0.031342573,-0.031473555,-0.031408064,0.0014819056,-0.0057857335,-0.002151914,-1322851.2936269871,3.8853055415675044,-1322843.8086142049,-1322846.738027838
S2-41.9,reactant,[H]c1nc(N([H])c2nn(C([H])([H])[H])c(N([H])C(=O)[C:91]([H])=[C:92]([H])[H])c2[H])nc(-c2c([H])nn3c([H])c([H])c([H])c([H])c23)c1Cl,0,-0.13147876,-0.2751449,-158.1274154359005,-18.506935890742454,0.052097887,0.03800094,0.045049414,0.0062383115,-0.01259011,-0.0031758994,-1047482.179834472,1.1577425692230463,-1047475.4289573161,-1047479.5809774306
S2-41.9,intermediate,[H]C1=C([H])c2c(-c3nc(N([H])c4nn(C([H])([H])[H])c(N([H])C(=O)[C-:91]([H])[C:92]([H])([H])[S:93]C([H])([H])[H])c4[H])nc([H])c3Cl)c([H])nn2C([H])=C1[H],-1,-0.47674415,-0.101826854,-73.0606704217545,44.12844378791967,0.0002905801,0.014185421,0.0072380006,0.03585556,0.21463558,0.12524557,-1322486.2020339374,3.279476166702807,-1322475.6586321313,-1322479.9536392624
S2-41.9,product,[H]c1nc(N([H])c2nn(C([H])([H])[H])c(N([H])C(=O)[C:91]([H])([H])[C:92]([H])([H])[S:93]C([H])([H])[H])c2[H])nc(-c2c([H])nn3c([H])c([H])c([H])c([H])c23)c1Cl,0,-0.14038314,-0.10611902,-151.151219437542,-19.457007903249444,-0.023959383,-0.02362144,-0.023790412,0.009018913,0.0034303367,0.006224625,-1322848.2689392262,2.7008198397234082,-1322839.9790829618,-1322844.5551546344
S2-41.10,reactant,[H]c1nc(N([H])c2nn(C([H])([H])[H])c(N([H])C(=O)[C:91]([H])=[C:92]([H])[H])c2[H])nc(-c2c([H])nn3c([H])c([H])c([H])c([H])c23)c1Cl,0,-0.14053725,-0.27144477,-160.43269464154886,-23.527354836017288,0.033421904,0.025204316,0.02931311,-0.0002914369,-0.009690493,-0.004990965,-1047479.7850972165,2.2036320781335235,-1047471.8684135007,-1047476.0197820301
S2-41.10,intermediate,[H]C1=C([H])c2c(-c3nc(N([H])c4nn(C([H])([H])[H])c(N([H])C(=O)[C-:91]([H])[C:92]([H])([H])[S:93]C([H])([H])[H])c4[H])nc([H])c3Cl)c([H])nn2C([H])=C1[H],-1,-0.47668135,-0.10183618,-73.21258602697785,44.09468703073155,-2.785772e-05,0.013900682,0.0069364123,0.035265803,0.21450096,0.12488338,-1322486.2107971562,3.0471116872504354,-1322474.9645591222,-1322480.007205027
S2-41.10,product,[H]c1nc(N([H])c2nn(C([H])([H])[H])c(N([H])C(=O)[C:91]([H])([H])[C:92]([H])([H])[S:93]C([H])([H])[H])c2[H])nc(-c2c([H])nn3c([H])c([H])c([H])c([H])c23)c1Cl,0,-0.13694508,-0.11121375,-154.8403800588632,-21.413059532301848,-0.014523312,-0.016160391,-0.015341852,0.0025894046,-0.00085787475,0.0008657649,-1322847.2562841403,2.9514933861792088,-1322835.0375999988,-1322841.5753598667
S2-38.1,reactant,[H]c1nc(N([H])c2c([H])c(N([H])C(=O)[C:91]([H])=[C:92]([H])[H])c(C([H])([H])[N+]([H])(C([H])([H])[H])C([H])([H])[H])c([H])c2OC([H])([H])[H])nc(-c2c([H])[n+]([H])c3c([H])c([H])c([H])c([H])n23)c1Cl,2,-0.13314524,-0.2360412,-279.16769407928905,-155.88441425549414,0.023045078,0.026832506,0.024938792,-0.0058576018,-0.0070741177,-0.0064658597,-1207783.7026928037,3.5750449635088444,-1207770.5308000448,-1207776.8456780626
S2-38.1,intermediate,[H]C1=C([H])c2n(c(-c3nc(N([H])c4c([H])c(N([H])C(=O)[C-:91]([H])[C:92]([H])([H])[S:93]C([H])([H])[H])c(C([H])([H])[N+]([H])(C([H])([H])[H])C([H])([H])[H])c([H])c4OC([H])([H])[H])nc([H])c3Cl)c([H])[n+]2[H])C([H])=C1[H],1,-0.44129273,-0.11156103,-184.8956770753007,-79.46036600351958,0.005552545,0.014944166,0.010248356,0.06941792,0.24025743,0.15483767,-1482888.700401701,2.581591955386102,-1482868.0319335395,-1482874.0322087887
S2-38.1,product,[H]c1nc(N([H])c2c([H])c(N([H])C(=O)[C:91]([H])([H])[C:92]([H])([H])[S:93]C([H])([H])[H])c(C([H])([H])[N+]([H])(C([H])([H])[H])C([H])([H])[H])c([H])c2OC([H])([H])[H])nc(-c2c([H])[n+]([H])c3c([H])c([H])c([H])c([H])n23)c1Cl,2,-0.11691578,-0.129879,-266.18331749025606,-148.37172316673485,-0.02815818,-0.021833107,-0.024995644,-0.0008848682,-0.004751757,-0.0028183125,-1483153.8589156563,1.8754020733758807,-1483142.4075666755,-1483149.1434748133
S2-38.2,reactant,[H]c1nc(N([H])c2c([H])c(N([H])C(=O)[C:91]([H])=[C:92]([H])[H])c(C([H])([H])[N+]([H])(C([H])([H])[H])C([H])([H])[H])c([H])c2OC([H])([H])[H])nc(-c2c([H])[n+]([H])c3c([H])c([H])c([H])c([H])n23)c1Cl,2,-0.12931927,-0.23238337,-276.82586718784785,-154.93323189381024,0.022645086,0.026334241,0.024489664,-0.0050886273,-0.007191777,-0.0061402023,-1207790.5820405877,4.828596432693303,-1207777.310766929,-1207784.0150967478
S2-38.2,intermediate,[H]C1=C([H])c2n(c(-c3nc(N([H])c4c([H])c(N([H])C(=O)[C-:91]([H])[C:92]([H])([H])[S:93]C([H])([H])[H])c(C([H])([H])[N+]([H])(C([H])([H])[H])C([H])([H])[H])c([H])c4OC([H])([H])[H])nc([H])c3Cl)c([H])[n+]2[H])C([H])=C1[H],1,-0.2630113,-0.09191331,-203.61896980983408,-90.40635749154143,-0.006797679,0.0008222535,-0.0029877126,0.01437524,0.046014845,0.030195042,-1482917.3847454104,3.776208753697574,-1482896.8296011258,-1482902.0795387148
S2-38.2,product,[H]c1nc(N([H])c2c([H])c(N([H])C(=O)[C:91]([H])([H])[C:92]([H])([H])[S:93]C([H])([H])[H])c(C([H])([H])[N+]([H])(C([H])([H])[H])C([H])([H])[H])c([H])c2OC([H])([H])[H])nc(-c2c([H])[n+]([H])c3c([H])c([H])c([H])c([H])n23)c1Cl,2,-0.11688924,-0.1288854,-267.7740358187469,-150.06961362895612,-0.028527781,-0.022321552,-0.025424667,-0.0012371987,-0.0049253553,-0.003081277,-1483155.3235893562,4.9236042676493526,-1483142.8449829158,-1483149.7709268022
S2-38.3,reactant,[H]c1nc(N([H])c2c([H])c(N([H])C(=O)[C:91]([H])=[C:92]([H])[H])c(C([H])([H])[N+]([H])(C([H])([H])[H])C([H])([H])[H])c([H])c2OC([H])([H])[H])nc(-c2c([H])[n+]([H])c3c([H])c([H])c([H])c([H])n23)c1Cl,2,-0.1295519,-0.23215945,-276.7396725433636,-154.93832971961933,0.022924379,0.026570171,0.024747275,-0.0050643235,-0.007155657,-0.00610999,-1207790.5951354958,7.5887335343286395,-1207764.6603872897,-1207770.9354946169
S2-38.3,intermediate,[H]C1=C([H])c2n(c(-c3nc(N([H])c4c([H])c(N([H])C(=O)[C-:91]([H])[C:92]([H])([H])[S:93]C([H])([H])[H])c(C([H])([H])[N+]([H])(C([H])([H])[H])C([H])([H])[H])c([H])c4OC([H])([H])[H])nc([H])c3Cl)c([H])[n+]2[H])C([H])=C1[H],1,-0.3583808,-0.10295556,-208.96098240821442,-86.48304864712624,0.017758958,0.019194089,0.018476523,0.07926643,0.20262447,0.14094545,-1482904.0529432087,12.82491629384458,-1482874.9131920508,-1482880.0370364685
S2-38.3,product,[H]c1nc(N([H])c2c([H])c(N([H])C(=O)[C:91]([H])([H])[C:92]([H])([H])[S:93]C([H])([H])[H])c(C([H])([H])[N+]([H])(C([H])([H])[H])C([H])([H])[H])c([H])c2OC([H])([H])[H])nc(-c2c([H])[n+]([H])c3c([H])c([H])c([H])c([H])n23)c1Cl,2,-0.117335215,-0.12732242,-266.61024301792526,-148.57406273609357,-0.028694093,-0.022861585,-0.02577784,0.00025960058,-0.003604561,-0.0016724803,-1483153.8283550453,2.3694058461114764,-1483141.6674817805,-1483149.0123664087
S2-38.4,reactant,[H]c1nc(N([H])c2c([H])c(N([H])C(=O)[C:91]([H])=[C:92]([H])[H])c(C([H])([H])[N+]([H])(C([H])([H])[H])C([H])([H])[H])c([H])c2OC([H])([H])[H])nc(-c2c([H])[n+]([H])c3c([H])c([H])c([H])c([H])n23)c1Cl,2,-0.14294375,-0.22179146,-277.34961074341084,-154.75624534472357,0.03646286,0.04050088,0.03848187,-0.0018890798,-0.0048978627,-0.0033934712,-1207784.8625739554,4.062866296619177,-1207772.1419630335,-1207779.108270512
S2-38.4,intermediate,[H]C1=C([H])c2n(c(-c3nc(N([H])c4c([H])c(N([H])C(=O)[C-:91]([H])[C:92]([H])([H])[S:93]C([H])([H])[H])c(C([H])([H])[N+]([H])(C([H])([H])[H])C([H])([H])[H])c([H])c4OC([H])([H])[H])nc([H])c3Cl)c([H])[n+]2[H])C([H])=C1[H],1,-0.26449007,-0.09320795,-202.21582939242077,-87.68360548725492,-0.0040989295,0.005148843,0.00052495673,0.01407671,0.049939856,0.032008283,-1482916.3798386594,6.158640863373876,-1482895.2584694661,-1482901.7196998019
S2-38.4,product,[H]c1nc(N([H])c2c([H])c(N([H])C(=O)[C:91]([H])([H])[C:92]([H])([H])[S:93]C([H])([H])[H])c(C([H])([H])[N+]([H])(C([H])([H])[H])C([H])([H])[H])c([H])c2OC([H])([H])[H])nc(-c2c([H])[n+]([H])c3c([H])c([H])c([H])c([H])n23)c1Cl,2,-0.12828813,-0.13925916,-276.9302601857552,-150.82273934380353,-0.023476854,-0.020140618,-0.021808736,-4.5761466e-05,-0.001233846,-0.0006398037,-1483142.4077091436,4.65412406437099,-1483126.8350996769,-1483132.9882307318
S2-38.5,reactant,[H]c1nc(N([H])c2c([H])c(N([H])C(=O)[C:91]([H])=[C:92]([H])[H])c(C([H])([H])[N+]([H])(C([H])([H])[H])C([H])([H])[H])c([H])c2OC([H])([H])[H])nc(-c2c([H])[n+]([H])c3c([H])c([H])c([H])c([H])n23)c1Cl,2,-0.14140436,-0.22015275,-273.99786148290434,-152.49436416231407,0.036977127,0.040679812,0.03882847,-0.0010913312,-0.004819706,-0.0029555187,-1207790.778681746,1.8452137196436524,-1207780.0878024104,-1207786.547024525
S2-38.5,intermediate,[H]C1=C([H])c2n(c(-c3nc(N([H])c4c([H])c(N([H])C(=O)[C-:91]([H])[C:92]([H])([H])[S:93]C([H])([H])[H])c(C([H])([H])[N+]([H])(C([H])([H])[H])C([H])([H])[H])c([H])c4OC([H])([H])[H])nc([H])c3Cl)c([H])[n+]2[H])C([H])=C1[H],1,-0.26356146,-0.09278879,-201.22702612950542,-89.03166155403282,-0.0065971017,0.0011778027,-0.0027096495,0.013514817,0.045120135,0.029317476,-1482914.1993897746,5.18100350536406,-1482891.380370553,-1482898.238722776
S2-38.5,product,[H]c1nc(N([H])c2c([H])c(N([H])C(=O)[C:91]([H])([H])[C:92]([H])([H])[S:93]C([H])([H])[H])c(C([H])([H])[N+]([H])(C([H])([H])[H])C([H])([H])[H])c([H])c2OC([H])([H])[H])nc(-c2c([H])[n+]([H])c3c([H])c([H])c([H])c([H])n23)c1Cl,2,-0.13917778,-0.13330653,-266.35459430736717,-145.99894430311113,-0.012029387,-0.010114655,-0.011072021,0.0029115677,0.0025381595,0.0027248636,-1483146.6809273432,4.154095862992108,-1483133.3784278668,-1483139.7180083436
S2-38.6,reactant,[H]c1nc(N([H])c2c([H])c(N([H])C(=O)[C:91]([H])=[C:92]([H])[H])c(C([H])([H])[N+]([H])(C([H])([H])[H])C([H])([H])[H])c([H])c2OC([H])([H])[H])nc(-c2c([H])[n+]([H])c3c([H])c([H])c([H])c([H])n23)c1Cl,2,-0.16180432,-0.2338351,-275.19094718533694,-152.237758738442,0.030681252,0.037071675,0.033876464,-0.007409513,-0.0025402904,-0.0049749017,-1207780.3541167858,4.160986598581076,-1207765.5073616623,-1207772.362491166
S2-38.6,intermediate,[H]C1=C([H])c2n(c(-c3nc(N([H])c4c([H])c(N([H])C(=O)[C-:91]([H])[C:92]([H])([H])[S:93]C([H])([H])[H])c(C([H])([H])[N+]([H])(C([H])([H])[H])C([H])([H])[H])c([H])c4OC([H])([H])[H])nc([H])c3Cl)c([H])[n+]2[H])C([H])=C1[H],1,-0.43025985,-0.11212648,-184.31457556212638,-82.45200079196417,0.008514233,0.011832409,0.010173321,0.1331785,0.28900987,0.21109419,-1482885.6247169175,3.6727251298725605,-1482869.730362634,-1482874.4300021196
S2-38.6,product,[H]c1nc(N([H])c2c([H])c(N([H])C(=O)[C:91]([H])([H])[C:92]([H])([H])[S:93]C([H])([H])[H])c(C([H])([H])[N+]([H])(C([H])([H])[H])C([H])([H])[H])c([H])c2OC([H])([H])[H])nc(-c2c([H])[n+]([H])c3c([H])c([H])c([H])c([H])n23)c1Cl,2,-0.13130236,-0.12781435,-269.0652211898957,-147.68691309235925,-0.013239078,-0.012482762,-0.01286092,0.0032179803,0.0024781674,0.0028480738,-1483150.0265422524,4.357318962924182,-1483135.3299326324,-1483141.6814444864
S2-38.7,reactant,[H]c1nc(N([H])c2c([H])c(N([H])C(=O)[C:91]([H])=[C:92]([H])[H])c(C([H])([H])[N+]([H])(C([H])([H])[H])C([H])([H])[H])c([H])c2OC([H])([H])[H])nc(-c2c([H])[n+]([H])c3c([H])c([H])c([H])c([H])n23)c1Cl,2,-0.12894453,-0.23305047,-275.2766383879158,-153.1720328052598,0.022640288,0.026268959,0.024454623,-0.0048150867,-0.0070301592,-0.005922623,-1207789.279368742,4.078411603346467,-1207778.7766463694,-1207783.6534217552
S2-38.7,intermediate,[H]C1=C([H])c2n(c(-c3nc(N([H])c4c([H])c(N([H])C(=O)[C-:91]([H])[C:92]([H])([H])[S:93]C([H])([H])[H])c(C([H])([H])[N+]([H])(C([H])([H])[H])C([H])([H])[H])c([H])c4OC([H])([H])[H])nc([H])c3Cl)c([H])[n+]2[H])C([H])=C1[H],1,-0.1505211,-0.2394277,-195.88922350984703,-89.271304568024,0.016393378,0.017119765,0.016756572,0.0033866167,0.002516374,0.0029514953,-1482891.4377272353,3.835995754227042,-1482870.7088896022,-1482878.9339239483
S2-38.7,product,[H]c1nc(N([H])c2c([H])c(N([H])C(=O)[C:91]([H])([H])[C:92]([H])([H])[S:93]C([H])([H])[H])c(C([H])([H])[N+]([H])(C([H])([H])[H])C([H])([H])[H])c([H])c2OC([H])([H])[H])nc(-c2c([H])[n+]([H])c3c([H])c([H])c([H])c([H])n23)c1Cl,2,-0.13728441,-0.12399234,-266.5579923142743,-146.62255122223658,-0.010163017,-0.007991329,-0.009077173,0.004794985,0.0050189495,0.0049069673,-1483143.5929840037,3.3686258317902684,-1483128.3017340093,-1483136.0519154689
S2-38.8,reactant,[H]c1nc(N([H])c2c([H])c(N([H])C(=O)[C:91]([H])=[C:92]([H])[H])c(C([H])([H])[N+]([H])(C([H])([H])[H])C([H])([H])[H])c([H])c2OC([H])([H])[H])nc(-c2c([H])[n+]([H])c3c([H])c([H])c([H])c([H])n23)c1Cl,2,-0.12896529,-0.23282546,-275.21209750467295,-153.12917427946164,0.022646159,0.026249751,0.024447955,-0.004877284,-0.0071458966,-0.0060115904,-1207789.1962630155,3.9895944111049175,-1207775.1667170385,-1207783.3667788922
S2-38.8,intermediate,[H]C1=C([H])c2n(c(-c3nc(N([H])c4c([H])c(N([H])C(=O)[C-:91]([H])[C:92]([H])([H])[S:93]C([H])([H])[H])c(C([H])([H])[N+]([H])(C([H])([H])[H])C([H])([H])[H])c([H])c4OC([H])([H])[H])nc([H])c3Cl)c([H])[n+]2[H])C([H])=C1[H],1,-0.4028213,-0.10951769,-181.77941144137154,-78.81475711914592,0.009079598,0.012366854,0.010723226,0.07147509,0.22511104,0.14829306,-1482887.8016368488,5.185712517239153,-1482866.068325713,-1482873.927933149
S2-38.8,product,[H]c1nc(N([H])c2c([H])c(N([H])C(=O)[C:91]([H])([H])[C:92]([H])([H])[S:93]C([H])([H])[H])c(C([H])([H])[N+]([H])(C([H])([H])[H])C([H])([H])[H])c([H])c2OC([H])([H])[H])nc(-c2c([H])[n+]([H])c3c([H])c([H])c([H])c([H])n23)c1Cl,2,-0.112196445,-0.12100365,-266.2942287495116,-146.6766549427822,-0.01624477,-0.013756819,-0.015000794,0.0017521754,-0.00014510751,0.00080353394,-1483158.2255883405,4.06790441647172,-1483144.369640644,-1483152.7325651422
S2-38.9,reactant,[H]c1nc(N([H])c2c([H])c(N([H])C(=O)[C:91]([H])=[C:92]([H])[H])c(C([H])([H])[N+]([H])(C([H])([H])[H])C([H])([H])[H])c([H])c2OC([H])([H])[H])nc(-c2c([H])[n+]([H])c3c([H])c([H])c([H])c([H])n23)c1Cl,2,-0.1414379,-0.22017354,-274.01162948557896,-152.48916736499345,0.03699097,0.040714353,0.03885266,-0.0010183901,-0.0047748834,-0.0028966367,-1207790.7821073758,1.8722306648269296,-1207778.458093231,-1207786.5609675783
S2-38.9,intermediate,[H]C1=C([H])c2n(c(-c3nc(N([H])c4c([H])c(N([H])C(=O)[C-:91]([H])[C:92]([H])([H])[S:93]C([H])([H])[H])c(C([H])([H])[N+]([H])(C([H])([H])[H])C([H])([H])[H])c([H])c4OC([H])([H])[H])nc([H])c3Cl)c([H])[n+]2[H])C([H])=C1[H],1,-0.26327917,-0.08337918,-198.27751312959285,-88.12493606337686,-0.0067191347,0.002074115,-0.00232251,0.012603521,0.04074669,0.026675105,-1482915.209700194,11.084462366066873,-1482871.9789852558,-1482877.1851961864
S2-38.9,product,[H]c1nc(N([H])c2c([H])c(N([H])C(=O)[C:91]([H])([H])[C:92]([H])([H])[S:93]C([H])([H])[H])c(C([H])([H])[N+]([H])(C([H])([H])[H])C([H])([H])[H])c([H])c2OC([H])([H])[H])nc(-c2c([H])[n+]([H])c3c([H])c([H])c([H])c([H])n23)c1Cl,2,-0.11689354,-0.1297249,-266.19555394326136,-148.37783613620124,-0.028112344,-0.021828964,-0.024970654,-0.00088752806,-0.0047516823,-0.0028196052,-1483153.8624283976,1.763569830916822,-1483142.836046726,-1483149.1303149434
S2-38.10,reactant,[H]c1nc(N([H])c2c([H])c(N([H])C(=O)[C:91]([H])=[C:92]([H])[H])c(C([H])([H])[N+]([H])(C([H])([H])[H])C([H])([H])[H])c([H])c2OC([H])([H])[H])nc(-c2c([H])[n+]([H])c3c([H])c([H])c([H])c([H])n23)c1Cl,2,-0.14161226,-0.2198142,-273.9997196295684,-152.53586550412444,0.037015066,0.040728882,0.038871974,-0.0011449903,-0.004852921,-0.0029989555,-1207790.7453005335,2.0213788840919733,-1207781.642628486,-1207786.5621788658
S2-38.10,intermediate,[H]C1=C([H])c2n(c(-c3nc(N([H])c4c([H])c(N([H])C(=O)[C-:91]([H])[C:92]([H])([H])[S:93]C([H])([H])[H])c(C([H])([H])[N+]([H])(C([H])([H])[H])C([H])([H])[H])c([H])c4OC([H])([H])[H])nc([H])c3Cl)c([H])[n+]2[H])C([H])=C1[H],1,-0.2601675,-0.1020155,-200.08221444098663,-88.6832274758956,-0.009419359,0.0021577626,-0.0036307983,0.022129387,0.083861604,0.052995495,-1482911.6621298192,7.275491853244603,-1482898.8586171002,-1482905.2914972322
S2-38.10,product,[H]c1nc(N([H])c2c([H])c(N([H])C(=O)[C:91]([H])([H])[C:92]([H])([H])[S:93]C([H])([H])[H])c(C([H])([H])[N+]([H])(C([H])([H])[H])C([H])([H])[H])c([H])c2OC([H])([H])[H])nc(-c2c([H])[n+]([H])c3c([H])c([H])c([H])c([H])n23)c1Cl,2,-0.13459449,-0.1497791,-267.74790974912617,-149.788984191562,-0.030518718,-0.01942578,-0.024972249,-0.0048336834,-0.0059967935,-0.0054152384,-1483144.0461858993,6.700957523658872,-1483127.7745506272,-1483134.6367904323
S2-43.1,reactant,[H]c1nc(N([H])c2c([H])c([H])c([H])c(N([H])C(=O)[C:91]([H])=[C:92]([H])[H])c2[H])nc(N([H])c2c([H])c([H])c([H])c([H])c2C(=O)N([H])C([H])([H])[H])c1Cl,0,-0.14716482,-0.28151515,-158.4405402854126,-22.624020065031104,0.03642586,0.027345717,0.031885788,-4.5731664e-05,-0.007569015,-0.0038073733,-1099307.779905497,2.274520356208086,-1099300.9594986977,-1099305.3355568957
S2-43.1,intermediate,[H]c1nc(N([H])c2c([H])c([H])c([H])c(N([H])C(=O)[C-:91]([H])[C:92]([H])([H])[S:93]C([H])([H])[H])c2[H])nc(N([H])c2c([H])c([H])c([H])c([H])c2C(=O)N([H])C([H])([H])[H])c1Cl,-1,-0.5195361,-0.10769533,-70.27870798038553,41.51123489637143,0.0038563162,0.019031905,0.01144411,0.02735889,0.23831567,0.13283728,-1374305.9971669847,5.078382289037108,-1374293.160690713,-1374299.0218834488
S2-43.1,product,[H]c1nc(N([H])c2c([H])c([H])c([H])c(N([H])C(=O)[C:91]([H])([H])[C:92]([H])([H])[S:93]C([H])([H])[H])c2[H])nc(N([H])c2c([H])c([H])c([H])c([H])c2C(=O)N([H])C([H])([H])[H])c1Cl,0,-0.12849876,-0.10389551,-151.13558322430487,-22.73733497619316,-0.03199739,-0.03350883,-0.03275311,0.006776467,-0.00305067,0.0018628985,-1374665.6883681202,2.1137037090957165,-1374656.9606146729,-1374661.697541028
S2-43.2,reactant,[H]c1nc(N([H])c2c([H])c([H])c([H])c(N([H])C(=O)[C:91]([H])=[C:92]([H])[H])c2[H])nc(N([H])c2c([H])c([H])c([H])c([H])c2C(=O)N([H])C([H])([H])[H])c1Cl,0,-0.15334144,-0.28247455,-153.22691232670243,-19.628782366547707,0.05157152,0.039623186,0.045597352,0.0049416274,-0.0088451505,-0.0019517615,-1099306.2561304152,0.9819516725838184,-1099298.1629223393,-1099304.0973793739
S2-43.2,intermediate,[H]c1nc(N([H])c2c([H])c([H])c([H])c(N([H])C(=O)[C-:91]([H])[C:92]([H])([H])[S:93]C([H])([H])[H])c2[H])nc(N([H])c2c([H])c([H])c([H])c([H])c2C(=O)N([H])C([H])([H])[H])c1Cl,-1,-0.48969644,-0.11742515,-72.14670340448373,43.73015573344501,0.017804615,0.022810668,0.020307641,0.068994224,0.29095006,0.17997214,-1374305.9546725343,5.094041740521789,-1374294.4580006767,-1374299.6057329949
S2-43.2,product,[H]c1nc(N([H])c2c([H])c([H])c([H])c(N([H])C(=O)[C:91]([H])([H])[C:92]([H])([H])[S:93]C([H])([H])[H])c2[H])nc(N([H])c2c([H])c([H])c([H])c([H])c2C(=O)N([H])C([H])([H])[H])c1Cl,0,-0.1287193,-0.10281332,-149.00732842363914,-22.57789407329185,-0.03550768,-0.03746599,-0.036486834,0.01655136,0.005892426,0.011221893,-1374671.442716313,2.0726189902052283,-1374662.2533112445,-1374668.7916079464
S2-43.3,reactant,[H]c1nc(N([H])c2c([H])c([H])c([H])c(N([H])C(=O)[C:91]([H])=[C:92]([H])[H])c2[H])nc(N([H])c2c([H])c([H])c([H])c([H])c2C(=O)N([H])C([H])([H])[H])c1Cl,0,-0.14990109,-0.27982667,-158.87636497870452,-25.274843005573423,0.03176135,0.025556505,0.028658926,0.0006221533,-0.006024927,-0.0027013868,-1099299.7696389025,2.4144565034657717,-1099290.760555238,-1099295.949320063
S2-43.3,intermediate,[H]c1nc(N([H])c2c([H])c([H])c([H])c(N([H])C(=O)[C-:91]([H])[C:92]([H])([H])[S:93]C([H])([H])[H])c2[H])nc(N([H])c2c([H])c([H])c([H])c([H])c2C(=O)N([H])C([H])([H])[H])c1Cl,-1,-0.4734164,-0.120038785,-69.83868177979832,40.85745966160673,0.0031516925,0.017695367,0.01042353,0.078270555,0.28656372,0.18241714,-1374300.8854572938,3.869700066745281,-1374291.2207293478,-1374295.2215006682
S2-43.3,product,[H]c1nc(N([H])c2c([H])c([H])c([H])c(N([H])C(=O)[C:91]([H])([H])[C:92]([H])([H])[S:93]C([H])([H])[H])c2[H])nc(N([H])c2c([H])c([H])c([H])c([H])c2C(=O)N([H])C([H])([H])[H])c1Cl,0,-0.12878346,-0.103358105,-151.38907728507937,-22.90999931697597,-0.032071836,-0.033696666,-0.03288425,0.0068062097,-0.0030234754,0.0018913671,-1374665.6584742952,3.110688738524914,-1374655.5626111082,-1374661.5756486359
S2-43.4,reactant,[H]c1nc(N([H])c2c([H])c([H])c([H])c(N([H])C(=O)[C:91]([H])=[C:92]([H])[H])c2[H])nc(N([H])c2c([H])c([H])c([H])c([H])c2C(=O)N([H])C([H])([H])[H])c1Cl,0,-0.14665312,-0.28095743,-156.30239090409705,-23.384810813897055,0.034226775,0.026637822,0.030432299,-0.0010503829,-0.00751774,-0.0042840615,-1099306.489753318,2.459235928952694,-1099298.2695808522,-1099304.0345492593
S2-43.4,intermediate,[H]c1nc(N([H])c2c([H])c([H])c([H])c(N([H])C(=O)[C-:91]([H])[C:92]([H])([H])[S:93]C([H])([H])[H])c2[H])nc(N([H])c2c([H])c([H])c([H])c([H])c2C(=O)N([H])C([H])([H])[H])c1Cl,-1,-0.515901,-0.108146,-69.59227641431713,43.12460713274015,0.0040053055,0.01901649,0.011510897,0.024400294,0.23684752,0.1306239,-1374306.8265416366,5.8701104540377855,-1374295.6225046776,-1374300.3447187096
S2-43.4,product,[H]c1nc(N([H])c2c([H])c([H])c([H])c(N([H])C(=O)[C:91]([H])([H])[C:92]([H])([H])[S:93]C([H])([H])[H])c2[H])nc(N([H])c2c([H])c([H])c([H])c([H])c2C(=O)N([H])C([H])([H])[H])c1Cl,0,-0.13054703,-0.10171177,-150.39498545460654,-21.09550071370238,-0.032193698,-0.034414895,-0.033304296,0.009790316,-0.0004349947,0.0046776608,-1374673.0535095944,2.017009253613651,-1374666.0816676544,-1374670.6389526222
S2-43.5,reactant,[H]c1nc(N([H])c2c([H])c([H])c([H])c(N([H])C(=O)[C:91]([H])=[C:92]([H])[H])c2[H])nc(N([H])c2c([H])c([H])c([H])c([H])c2C(=O)N([H])C([H])([H])[H])c1Cl,0,-0.14825559,-0.28075704,-156.72213311602863,-24.494625718575065,0.03258106,0.02569601,0.029138535,0.000812009,-0.0064545423,-0.0028212667,-1099305.643980763,1.2670188779011369,-1099296.5474792812,-1099303.1548874301
S2-43.5,intermediate,[H]c1nc(N([H])c2c([H])c([H])c([H])c(N([H])C(=O)[C-:91]([H])[C:92]([H])([H])[S:93]C([H])([H])[H])c2[H])nc(N([H])c2c([H])c([H])c([H])c([H])c2C(=O)N([H])C([H])([H])[H])c1Cl,-1,-0.5070299,-0.118685275,-69.96664433842683,43.97573628123967,0.013476521,0.02126266,0.01736959,0.037436903,0.2638933,0.1506651,-1374309.3041660318,2.4373917588964105,-1374297.1081393787,-1374304.320523366
S2-43.5,product,[H]c1nc(N([H])c2c([H])c([H])c([H])c(N([H])C(=O)[C:91]([H])([H])[C:92]([H])([H])[S:93]C([H])([H])[H])c2[H])nc(N([H])c2c([H])c([H])c([H])c([H])c2C(=O)N([H])C([H])([H])[H])c1Cl,0,-0.14888036,-0.11647912,-150.87838399703497,-22.03650349328703,-0.015041538,-0.01513838,-0.015089959,0.009873256,0.0057898313,0.007831544,-1374667.4989233487,2.561617260798812,-1374655.6559788422,-1374661.4025442814
S2-43.6,reactant,[H]c1nc(N([H])c2c([H])c([H])c([H])c(N([H])C(=O)[C:91]([H])=[C:92]([H])[H])c2[H])nc(N([H])c2c([H])c([H])c([H])c([H])c2C(=O)N([H])C([H])([H])[H])c1Cl,0,-0.14708272,-0.28118545,-155.96147553579442,-23.307929015121324,0.03422478,0.026696771,0.030460775,-0.0010186732,-0.0074466467,-0.00423266,-1099306.421160385,1.4060597186908126,-1099298.6636719403,-1099304.0835128268
S2-43.6,intermediate,[H]c1nc(N([H])c2c([H])c([H])c([H])c(N([H])C(=O)[C-:91]([H])[C:92]([H])([H])[S:93]C([H])([H])[H])c2[H])nc(N([H])c2c([H])c([H])c([H])c([H])c2C(=O)N([H])C([H])([H])[H])c1Cl,-1,-0.52038985,-0.10643604,-68.56215797828958,42.32903030648919,0.0027151555,0.01676543,0.009740293,0.03332585,0.24717164,0.14024875,-1374304.437759189,4.8659665286540985,-1374292.3461921033,-1374297.0628660962
S2-43.6,product,[H]c1nc(N([H])c2c([H])c([H])c([H])c(N([H])C(=O)[C:91]([H])([H])[C:92]([H])([H])[S:93]C([H])([H])[H])c2[H])nc(N([H])c2c([H])c([H])c([H])c([H])c2C(=O)N([H])C([H])([H])[H])c1Cl,0,-0.14049526,-0.12027581,-148.9854770707218,-22.130597330417604,-0.0229133,-0.022229314,-0.022571307,0.0029585809,-0.0009689927,0.0009947941,-1374672.9112670557,2.6276384498924017,-1374664.5605728514,-1374669.9812850498
S2-43.7,reactant,[H]c1nc(N([H])c2c([H])c([H])c([H])c(N([H])C(=O)[C:91]([H])=[C:92]([H])[H])c2[H])nc(N([H])c2c([H])c([H])c([H])c([H])c2C(=O)N([H])C([H])([H])[H])c1Cl,0,-0.14878613,-0.2790004,-155.13750663842177,-23.53023112520591,0.05014491,0.0392389,0.044691905,0.0008070171,-0.011511013,-0.005351998,-1099308.2062650325,2.653538686223328,-1099299.8341718605,-1099306.0945233318
S2-43.7,intermediate,[H]c1nc(N([H])c2c([H])c([H])c([H])c(N([H])C(=O)[C-:91]([H])[C:92]([H])([H])[S:93]C([H])([H])[H])c2[H])nc(N([H])c2c([H])c([H])c([H])c([H])c2C(=O)N([H])C([H])([H])[H])c1Cl,-1,-0.48918936,-0.12128858,-66.78801501698975,40.05196840023502,-0.002889268,0.014000945,0.0055558383,0.050987214,0.26295298,0.15697008,-1374302.0392458858,4.047037121839821,-1374292.4769873088,-1374297.171194751
S2-43.7,product,[H]c1nc(N([H])c2c([H])c([H])c([H])c(N([H])C(=O)[C:91]([H])([H])[C:92]([H])([H])[S:93]C([H])([H])[H])c2[H])nc(N([H])c2c([H])c([H])c([H])c([H])c2C(=O)N([H])C([H])([H])[H])c1Cl,0,-0.13022846,-0.10289184,-149.54711227104917,-23.108313092222954,-0.03219437,-0.03399942,-0.033096895,0.0077515095,-0.0012676269,0.0032419413,-1374671.2038945847,2.460971667431295,-1374662.4709323046,-1374668.6634935373
S2-43.8,reactant,[H]c1nc(N([H])c2c([H])c([H])c([H])c(N([H])C(=O)[C:91]([H])=[C:92]([H])[H])c2[H])nc(N([H])c2c([H])c([H])c([H])c([H])c2C(=O)N([H])C([H])([H])[H])c1Cl,0,-0.14878088,-0.27905557,-155.1336469826959,-23.55678880972574,0.049721956,0.039054796,0.044388376,0.00043308735,-0.011588886,-0.0055778995,-1099308.4800491014,6.752488567493856,-1099300.6317756374,-1099305.6228034631
S2-43.8,intermediate,[H]c1nc(N([H])c2c([H])c([H])c([H])c(N([H])C(=O)[C-:91]([H])[C:92]([H])([H])[S:93]C([H])([H])[H])c2[H])nc(N([H])c2c([H])c([H])c([H])c([H])c2C(=O)N([H])C([H])([H])[H])c1Cl,-1,-0.49074757,-0.12232437,-68.54319928576184,39.43379306793923,-0.0019442216,0.015870534,0.006963156,0.04446006,0.25641477,0.15043741,-1374303.3934959052,3.88640954811126,-1374292.0421383136,-1374298.044792252
S2-43.8,product,[H]c1nc(N([H])c2c([H])c([H])c([H])c(N([H])C(=O)[C:91]([H])([H])[C:92]([H])([H])[S:93]C([H])([H])[H])c2[H])nc(N([H])c2c([H])c([H])c([H])c([H])c2C(=O)N([H])C([H])([H])[H])c1Cl,0,-0.14514515,-0.11486335,-149.5896169664199,-22.762377639126015,-0.018607415,-0.018728793,-0.018668104,0.0046168417,0.000690341,0.0026535913,-1374672.3786378647,2.9200009210035205,-1374663.8499708462,-1374668.9820324827
S2-43.9,reactant,[H]c1nc(N([H])c2c([H])c([H])c([H])c(N([H])C(=O)[C:91]([H])=[C:92]([H])[H])c2[H])nc(N([H])c2c([H])c([H])c([H])c([H])c2C(=O)N([H])C([H])([H])[H])c1Cl,0,-0.14780454,-0.2813469,-156.13178791012155,-23.651007659669872,0.034353375,0.027072877,0.030713126,-0.0015097111,-0.007428661,-0.004469186,-1099306.4200618523,4.974314599297941,-1099297.3559628907,-1099303.459056294
S2-43.9,intermediate,[H]c1nc(N([H])c2c([H])c([H])c([H])c(N([H])C(=O)[C-:91]([H])[C:92]([H])([H])[S:93]C([H])([H])[H])c2[H])nc(N([H])c2c([H])c([H])c([H])c([H])c2C(=O)N([H])C([H])([H])[H])c1Cl,-1,-0.5204191,-0.10685963,-70.53015909729339,44.43595016696109,0.0034106076,0.018322907,0.0108667575,0.028099597,0.24455714,0.13632837,-1374308.1613144646,5.003321697004139,-1374293.21919825,-1374300.9603159209
S2-43.9,product,[H]c1nc(N([H])c2c([H])c([H])c([H])c(N([H])C(=O)[C:91]([H])([H])[C:92]([H])([H])[S:93]C([H])([H])[H])c2[H])nc(N([H])c2c([H])c([H])c([H])c([H])c2C(=O)N([H])C([H])([H])[H])c1Cl,0,-0.1396507,-0.12066482,-149.3209655937037,-22.296568894671903,-0.023143403,-0.022585094,-0.022864249,0.0029426068,-0.0012500882,0.0008462593,-1374672.9958662884,2.5465332455933094,-1374664.1552014658,-1374670.1040924895
S2-43.10,reactant,[H]c1nc(N([H])c2c([H])c([H])c([H])c(N([H])C(=O)[C:91]([H])=[C:92]([H])[H])c2[H])nc(N([H])c2c([H])c([H])c([H])c([H])c2C(=O)N([H])C([H])([H])[H])c1Cl,0,-0.14929979,-0.2799736,-158.96029548027067,-25.228630476891638,0.03176403,0.025600642,0.028682336,0.0003516823,-0.0062698424,-0.00295908,-1099299.8027843584,2.361360227689147,-1099291.0010068684,-1099295.947671907
S2-43.10,intermediate,[H]c1nc(N([H])c2c([H])c([H])c([H])c(N([H])C(=O)[C-:91]([H])[C:92]([H])([H])[S:93]C([H])([H])[H])c2[H])nc(N([H])c2c([H])c([H])c([H])c([H])c2C(=O)N([H])C([H])([H])[H])c1Cl,-1,-0.5038736,-0.11885238,-69.82282474570292,43.938562882544524,0.012904108,0.021398365,0.017151237,0.03375876,0.2583251,0.14604193,-1374309.0447994173,3.7126465402543545,-1374296.0058809281,-1374304.1387975563
S2-43.10,product,[H]c1nc(N([H])c2c([H])c([H])c([H])c(N([H])C(=O)[C:91]([H])([H])[C:92]([H])([H])[S:93]C([H])([H])[H])c2[H])nc(N([H])c2c([H])c([H])c([H])c([H])c2C(=O)N([H])C([H])([H])[H])c1Cl,0,-0.12897137,-0.10382096,-151.76065387420286,-23.41406885076113,-0.03199114,-0.033653982,-0.03282256,0.009350032,-0.0017947108,0.0037776604,-1374665.6382701793,2.6088639721274376,-1374656.7387897,-1374661.9181164242
S2-44.1,reactant,[H]c1nc(N([H])c2c([H])c(N([H])C(=O)[C:91]([H])=[C:92]([H])[H])c([H])c([H])c2OC([H])([H])[H])nc(N([H])c2c([H])c([H])c([H])c([H])c2C(=O)N([H])C([H])([H])[H])c1Cl,0,-0.154665,-0.28379056,-151.38922627758905,-23.45716129055276,0.02740395,0.024540603,0.025972277,-0.006884679,-0.0074629784,-0.007173829,-1171220.165486811,5.296156344003975,-1171212.7324553817,-1171216.9208366708
S2-44.1,intermediate,[H]c1nc(N([H])c2c([H])c(N([H])C(=O)[C-:91]([H])[C:92]([H])([H])[S:93]C([H])([H])[H])c([H])c([H])c2OC([H])([H])[H])nc(N([H])c2c([H])c([H])c([H])c([H])c2C(=O)N([H])C([H])([H])[H])c1Cl,-1,-0.5028302,-0.117069386,-68.56773444935027,42.60831735389337,0.015532844,0.01927656,0.017404702,0.065528095,0.2578003,0.1616642,-1446212.5427041051,3.45487817004323,-1446202.4235004059,-1446207.0711417664
S2-44.1,product,[H]c1nc(N([H])c2c([H])c(N([H])C(=O)[C:91]([H])([H])[C:92]([H])([H])[S:93]C([H])([H])[H])c([H])c([H])c2OC([H])([H])[H])nc(N([H])c2c([H])c([H])c([H])c([H])c2C(=O)N([H])C([H])([H])[H])c1Cl,0,-0.15035553,-0.124645196,-143.5062594040504,-19.089758709582565,-0.022542924,-0.02163086,-0.022086892,0.0018297881,-0.0010520518,0.00038886815,-1446584.19609134,5.696451138705015,-1446574.8241617174,-1446579.5358739926
S2-44.2,reactant,[H]c1nc(N([H])c2c([H])c(N([H])C(=O)[C:91]([H])=[C:92]([H])[H])c([H])c([H])c2OC([H])([H])[H])nc(N([H])c2c([H])c([H])c([H])c([H])c2C(=O)N([H])C([H])([H])[H])c1Cl,0,-0.15476984,-0.28232336,-150.35258541253785,-20.70250216874461,0.045614958,0.036163688,0.040889323,-0.00043319166,-0.009570539,-0.0050018653,-1171214.8385297828,2.9402012107893825,-1171205.417309574,-1171211.5641627482
S2-44.2,intermediate,[H]c1nc(N([H])c2c([H])c(N([H])C(=O)[C-:91]([H])[C:92]([H])([H])[S:93]C([H])([H])[H])c([H])c([H])c2OC([H])([H])[H])nc(N([H])c2c([H])c([H])c([H])c([H])c2C(=O)N([H])C([H])([H])[H])c1Cl,-1,-0.5109887,-0.123434104,-65.41177251920023,41.99636368485849,-0.0019316599,0.013645507,0.0058569238,0.05293405,0.25809437,0.15551421,-1446210.6119856306,4.978815077804029,-1446199.283455225,-1446204.7305107696
S2-44.2,product,[H]c1nc(N([H])c2c([H])c(N([H])C(=O)[C:91]([H])([H])[C:92]([H])([H])[S:93]C([H])([H])[H])c([H])c([H])c2OC([H])([H])[H])nc(N([H])c2c([H])c([H])c([H])c([H])c2C(=O)N([H])C([H])([H])[H])c1Cl,0,-0.12458837,-0.11724726,-152.44783245318374,-21.292289909007888,-0.017753772,-0.016399108,-0.01707644,0.0015555024,-0.00055488944,0.0005003065,-1446588.5871999562,3.377596686594188,-1446577.061573741,-1446583.959531506
S2-44.3,reactant,[H]c1nc(N([H])c2c([H])c(N([H])C(=O)[C:91]([H])=[C:92]([H])[H])c([H])c([H])c2OC([H])([H])[H])nc(N([H])c2c([H])c([H])c([H])c([H])c2C(=O)N([H])C([H])([H])[H])c1Cl,0,-0.15019281,-0.28047466,-149.86785683985525,-22.609606299846288,0.04589373,0.03625457,0.04107415,-0.005108148,-0.012761906,-0.008935027,-1171220.6663011399,4.302905865944922,-1171213.434075971,-1171217.9301620694
S2-44.3,intermediate,[H]c1nc(N([H])c2c([H])c(N([H])C(=O)[C-:91]([H])[C:92]([H])([H])[S:93]C([H])([H])[H])c([H])c([H])c2OC([H])([H])[H])nc(N([H])c2c([H])c([H])c([H])c([H])c2C(=O)N([H])C([H])([H])[H])c1Cl,-1,-0.5013659,-0.11723095,-68.61546124608506,42.67004351944204,0.015191957,0.019106321,0.01714914,0.06501466,0.25730717,0.16116092,-1446212.5487020188,3.482617162168026,-1446202.042679812,-1446207.1909264254
S2-44.3,product,[H]c1nc(N([H])c2c([H])c(N([H])C(=O)[C:91]([H])([H])[C:92]([H])([H])[S:93]C([H])([H])[H])c([H])c([H])c2OC([H])([H])[H])nc(N([H])c2c([H])c([H])c([H])c([H])c2C(=O)N([H])C([H])([H])[H])c1Cl,0,-0.11970162,-0.10927954,-150.7312372001225,-20.14974065247733,-0.029954359,-0.030456007,-0.030205183,-0.0010532066,-0.0036463588,-0.0023497827,-1446588.5902772539,2.6922649452462792,-1446581.2424860902,-1446586.0838348654
S2-44.4,reactant,[H]c1nc(N([H])c2c([H])c(N([H])C(=O)[C:91]([H])=[C:92]([H])[H])c([H])c([H])c2OC([H])([H])[H])nc(N([H])c2c([H])c([H])c([H])c([H])c2C(=O)N([H])C([H])([H])[H])c1Cl,0,-0.1504909,-0.2803222,-149.77620348484172,-22.47017590108999,0.046274275,0.03635019,0.041312233,-0.0048168153,-0.012611523,-0.008714169,-1171220.1982356645,1.7591757187619805,-1171213.52504568,-1171217.7954326055
S2-44.4,intermediate,[H]c1nc(N([H])c2c([H])c(N([H])C(=O)[C-:91]([H])[C:92]([H])([H])[S:93]C([H])([H])[H])c([H])c([H])c2OC([H])([H])[H])nc(N([H])c2c([H])c([H])c([H])c([H])c2C(=O)N([H])C([H])([H])[H])c1Cl,-1,-0.44575825,-0.11108362,-71.4384546056037,53.573734407718646,0.013255581,0.018051945,0.015653763,0.0200696,0.22322133,0.121645465,-1446227.0400973095,3.6992282401770353,-1446216.8490327853,-1446221.1204143362
S2-44.4,product,[H]c1nc(N([H])c2c([H])c(N([H])C(=O)[C:91]([H])([H])[C:92]([H])([H])[S:93]C([H])([H])[H])c([H])c([H])c2OC([H])([H])[H])nc(N([H])c2c([H])c([H])c([H])c([H])c2C(=O)N([H])C([H])([H])[H])c1Cl,0,-0.15124407,-0.11595996,-146.59122915446744,-21.153633838309318,-0.020613737,-0.02005601,-0.020334873,0.0031555593,0.0006644726,0.0019100159,-1446582.4692980254,6.722620050422847,-1446572.2072482,-1446577.2622617602
S2-44.5,reactant,[H]c1nc(N([H])c2c([H])c(N([H])C(=O)[C:91]([H])=[C:92]([H])[H])c([H])c([H])c2OC([H])([H])[H])nc(N([H])c2c([H])c([H])c([H])c([H])c2C(=O)N([H])C([H])([H])[H])c1Cl,0,-0.1408026,-0.2816861,-155.65453571128168,-21.529361811043973,0.045396835,0.03823158,0.041814208,-0.006114945,-0.0130523145,-0.00958363,-1171223.2393567334,2.759255730547011,-1171216.4455159837,-1171220.879675393
S2-44.5,intermediate,[H]c1nc(N([H])c2c([H])c(N([H])C(=O)[C-:91]([H])[C:92]([H])([H])[S:93]C([H])([H])[H])c([H])c([H])c2OC([H])([H])[H])nc(N([H])c2c([H])c([H])c([H])c([H])c2C(=O)N([H])C([H])([H])[H])c1Cl,-1,-0.5322076,-0.10761867,-67.48792044220984,42.87577347004302,0.0030316412,0.015220694,0.009126168,0.031807065,0.23218796,0.13199751,-1446215.960271739,5.089325126260519,-1446201.9480129017,-1446207.7018221172
S2-44.5,product,[H]c1nc(N([H])c2c([H])c(N([H])C(=O)[C:91]([H])([H])[C:92]([H])([H])[S:93]C([H])([H])[H])c([H])c([H])c2OC([H])([H])[H])nc(N([H])c2c([H])c([H])c([H])c([H])c2C(=O)N([H])C([H])([H])[H])c1Cl,0,-0.13008177,-0.10537547,-147.20705545659,-22.950823496678133,-0.032414377,-0.03398703,-0.033200704,0.00044949353,-0.007143259,-0.0033468828,-1446579.2653985827,2.6912223948165774,-1446570.4405115165,-1446575.11973954
S2-44.6,reactant,[H]c1nc(N([H])c2c([H])c(N([H])C(=O)[C:91]([H])=[C:92]([H])[H])c([H])c([H])c2OC([H])([H])[H])nc(N([H])c2c([H])c([H])c([H])c([H])c2C(=O)N([H])C([H])([H])[H])c1Cl,0,-0.14836843,-0.27981484,-158.19984179800824,-21.467945053995773,0.052820176,0.04226704,0.047543608,-0.004409209,-0.0076787323,-0.0060439706,-1171218.9567241764,5.101107479073107,-1171207.961404047,-1171213.1268178858
S2-44.6,intermediate,[H]c1nc(N([H])c2c([H])c(N([H])C(=O)[C-:91]([H])[C:92]([H])([H])[S:93]C([H])([H])[H])c([H])c([H])c2OC([H])([H])[H])nc(N([H])c2c([H])c([H])c([H])c([H])c2C(=O)N([H])C([H])([H])[H])c1Cl,-1,-0.5129882,-0.13043036,-69.82485684310988,46.68875754960616,0.020239502,0.025316887,0.022778194,0.07279819,0.28126872,0.17703345,-1446209.596563872,4.163101922720671,-1446199.1659490974,-1446203.7560358883
S2-44.6,product,[H]c1nc(N([H])c2c([H])c(N([H])C(=O)[C:91]([H])([H])[C:92]([H])([H])[S:93]C([H])([H])[H])c([H])c([H])c2OC([H])([H])[H])nc(N([H])c2c([H])c([H])c([H])c([H])c2C(=O)N([H])C([H])([H])[H])c1Cl,0,-0.1300855,-0.10544057,-147.2210475684237,-22.956134755826557,-0.032382295,-0.033971712,-0.033177003,0.000417009,-0.00717175,-0.0033773705,-1446579.2609017577,2.7699295533820987,-1446570.486056832,-1446575.057907469
S2-44.7,reactant,[H]c1nc(N([H])c2c([H])c(N([H])C(=O)[C:91]([H])=[C:92]([H])[H])c([H])c([H])c2OC([H])([H])[H])nc(N([H])c2c([H])c([H])c([H])c([H])c2C(=O)N([H])C([H])([H])[H])c1Cl,0,-0.1540471,-0.28373128,-151.4248926851781,-23.123395846751237,0.026922554,0.024243802,0.025583178,-0.007038027,-0.0076821297,-0.0073600784,-1171220.0506965353,2.6154831163585186,-1171212.0355188958,-1171217.2282492907
S2-44.7,intermediate,[H]c1nc(N([H])c2c([H])c(N([H])C(=O)[C-:91]([H])[C:92]([H])([H])[S:93]C([H])([H])[H])c([H])c([H])c2OC([H])([H])[H])nc(N([H])c2c([H])c([H])c([H])c([H])c2C(=O)N([H])C([H])([H])[H])c1Cl,-1,-0.53997904,-0.10987641,-66.79468426298945,44.43226666905583,0.0021314323,0.015576951,0.008854192,0.03490919,0.2407347,0.13782194,-1446213.0487698216,5.393143055960536,-1446202.0475871505,-1446205.6387197052
S2-44.7,product,[H]c1nc(N([H])c2c([H])c(N([H])C(=O)[C:91]([H])([H])[C:92]([H])([H])[S:93]C([H])([H])[H])c([H])c([H])c2OC([H])([H])[H])nc(N([H])c2c([H])c([H])c([H])c([H])c2C(=O)N([H])C([H])([H])[H])c1Cl,0,-0.1466037,-0.11588699,-146.88897062999928,-22.478031773334795,-0.019086726,-0.019483753,-0.01928524,0.0010273308,-0.001994282,-0.00048347563,-1446580.8103870403,4.457743749953806,-1446570.508373708,-1446575.5555980678
S2-44.8,reactant,[H]c1nc(N([H])c2c([H])c(N([H])C(=O)[C:91]([H])=[C:92]([H])[H])c([H])c([H])c2OC([H])([H])[H])nc(N([H])c2c([H])c([H])c([H])c([H])c2C(=O)N([H])C([H])([H])[H])c1Cl,0,-0.14943102,-0.2659883,-155.91949273745172,-21.26405162559684,0.03278023,0.028280795,0.030530512,0.002921626,-0.0031750351,-0.00012670457,-1171222.3491632494,3.0454900870099664,-1171213.9810939063,-1171218.4619910086
S2-44.8,intermediate,[H]c1nc(N([H])c2c([H])c(N([H])C(=O)[C-:91]([H])[C:92]([H])([H])[S:93]C([H])([H])[H])c([H])c([H])c2OC([H])([H])[H])nc(N([H])c2c([H])c([H])c([H])c([H])c2C(=O)N([H])C([H])([H])[H])c1Cl,-1,-0.53160125,-0.10755454,-67.36069263407485,42.90059518610915,0.0028512627,0.015048817,0.00895004,0.03199911,0.23187244,0.13193578,-1446215.970544497,5.584877444431186,-1446203.5144720287,-1446207.8091872826
S2-44.8,product,[H]c1nc(N([H])c2c([H])c(N([H])C(=O)[C:91]([H])([H])[C:92]([H])([H])[S:93]C([H])([H])[H])c([H])c([H])c2OC([H])([H])[H])nc(N([H])c2c([H])c([H])c([H])c([H])c2C(=O)N([H])C([H])([H])[H])c1Cl,0,-0.13271336,-0.10810063,-150.09910019551057,-22.962246132988923,-0.0314485,-0.0323214,-0.03188495,0.002006188,-0.0058265626,-0.0019101873,-1446579.7036674272,8.352381464093924,-1446567.2107480548,-1446572.2804421328
S2-44.9,reactant,[H]c1nc(N([H])c2c([H])c(N([H])C(=O)[C:91]([H])=[C:92]([H])[H])c([H])c([H])c2OC([H])([H])[H])nc(N([H])c2c([H])c([H])c([H])c([H])c2C(=O)N([H])C([H])([H])[H])c1Cl,0,-0.1504189,-0.28036672,-149.90261771470833,-22.281898898907865,0.04625359,0.036285922,0.041269757,-0.004790351,-0.012652636,-0.008721493,-1171220.562633115,2.257408401928842,-1171212.8704255703,-1171218.198512848
S2-44.9,intermediate,[H]c1nc(N([H])c2c([H])c(N([H])C(=O)[C-:91]([H])[C:92]([H])([H])[S:93]C([H])([H])[H])c([H])c([H])c2OC([H])([H])[H])nc(N([H])c2c([H])c([H])c([H])c([H])c2C(=O)N([H])C([H])([H])[H])c1Cl,-1,-0.45977208,-0.12078194,-66.86949293358587,42.42093202083146,0.009254873,0.016615339,0.012935106,0.07831141,0.25798452,0.16814795,-1446209.907193033,3.436554637737572,-1446198.1501661474,-1446204.4602816917
S2-44.9,product,[H]c1nc(N([H])c2c([H])c(N([H])C(=O)[C:91]([H])([H])[C:92]([H])([H])[S:93]C([H])([H])[H])c([H])c([H])c2OC([H])([H])[H])nc(N([H])c2c([H])c([H])c([H])c([H])c2C(=O)N([H])C([H])([H])[H])c1Cl,0,-0.14156984,-0.10357424,-146.20840753754513,-22.897913365226174,-0.034950912,-0.033572845,-0.03426188,0.00073458254,-0.004763305,-0.0020143613,-1446585.6522222294,4.905970988795161,-1446577.113421635,-1446582.4958138957
S2-44.10,reactant,[H]c1nc(N([H])c2c([H])c(N([H])C(=O)[C:91]([H])=[C:92]([H])[H])c([H])c([H])c2OC([H])([H])[H])nc(N([H])c2c([H])c([H])c([H])c([H])c2C(=O)N([H])C([H])([H])[H])c1Cl,0,-0.14602691,-0.2777141,-154.30249477461928,-17.26335566983689,0.039012313,0.03006792,0.034540117,-0.0008459687,-0.0058187395,-0.0033323541,-1171222.843271445,3.2372323982417583,-1171213.8644814512,-1171218.7057920531
S2-44.10,intermediate,[H]c1nc(N([H])c2c([H])c(N([H])C(=O)[C-:91]([H])[C:92]([H])([H])[S:93]C([H])([H])[H])c([H])c([H])c2OC([H])([H])[H])nc(N([H])c2c([H])c([H])c([H])c([H])c2C(=O)N([H])C([H])([H])[H])c1Cl,-1,-0.54151994,-0.10913273,-67.08209521220736,44.04522666406637,0.0022698566,0.01563076,0.008950308,0.033451796,0.23870194,0.13607687,-1446212.7377397676,4.899780846200883,-1446201.7179612387,-1446205.3042956667
S2-44.10,product,[H]c1nc(N([H])c2c([H])c(N([H])C(=O)[C:91]([H])([H])[C:92]([H])([H])[S:93]C([H])([H])[H])c([H])c([H])c2OC([H])([H])[H])nc(N([H])c2c([H])c([H])c([H])c([H])c2C(=O)N([H])C([H])([H])[H])c1Cl,0,-0.12939744,-0.10540922,-149.76270930158168,-22.894126753469827,-0.03298235,-0.034466833,-0.03372459,0.000662446,-0.0071351975,-0.0032363757,-1446581.986470147,3.2139071226119995,-1446572.9213804908,-1446577.9642024925
S2-40.1,reactant,[H]c1nc(N([H])c2c([H])c(N([H])C(=O)/[C:91]([H])=[C:92](\[H])C([H])([H])[N+]([H])(C([H])([H])[H])C([H])([H])[H])c([H])c([H])c2OC([H])([H])[H])nc(-c2c([H])nn3c([H])c([H])c([H])c([H])c23)c1C#N,1,-0.10858458,-0.08938887,-208.790501647148,-93.93432293823274,0.048139222,-0.007935576,0.020101823,0.007708892,-0.008731738,-0.00051142275,-977036.7437328103,2.193427262827754,-977024.3649733783,-977030.4647504273
S2-40.1,intermediate,[H]C1=C([H])c2c(-c3nc(N([H])c4c([H])c(N([H])C(=O)[C-:91]([H])[C:92]([H])(C([H])([H])[N+]([H])(C([H])([H])[H])C([H])([H])[H])[S:93]C([H])([H])[H])c([H])c([H])c4OC([H])([H])[H])nc([H])c3C#N)c([H])nn2C([H])=C1[H],0,-0.417152,0.015674653,-137.75689849641816,-24.871704064296658,-0.006207766,-0.012919646,-0.009563706,0.025377274,0.13040593,0.0778916,-1252125.5668226506,12.969099796377122,-1252092.477887891,-1252098.2609916036
S2-40.1,product,[H]c1nc(N([H])c2c([H])c(N([H])C(=O)[C:91]([H])([H])[C:92]([H])(C([H])([H])[N+]([H])(C([H])([H])[H])C([H])([H])[H])[S:93]C([H])([H])[H])c([H])c([H])c2OC([H])([H])[H])nc(-c2c([H])nn3c([H])c([H])c([H])c([H])c23)c1C#N,1,-0.09766415,-0.008929481,-206.8283585407068,-90.51095488054817,-0.016385766,-0.029862214,-0.023123989,0.0028879568,-0.0032552332,-0.00018363819,-1252417.9196916583,8.818398560397327,-1252396.8149394905,-1252403.1414544536
S2-40.2,reactant,[H]c1nc(N([H])c2c([H])c(N([H])C(=O)/[C:91]([H])=[C:92](\[H])C([H])([H])[N+]([H])(C([H])([H])[H])C([H])([H])[H])c([H])c([H])c2OC([H])([H])[H])nc(-c2c([H])nn3c([H])c([H])c([H])c([H])c23)c1C#N,1,-0.11210155,-0.07501532,-208.34790004981454,-92.0248321111652,0.026339859,-0.012879059,0.0067304,0.0067996457,-0.016307063,-0.004753709,-977035.1420644654,3.9923913050442934,-977022.4165056844,-977028.7936873506
S2-40.2,intermediate,[H]C1=C([H])c2c(-c3nc(N([H])c4c([H])c(N([H])C(=O)[C-:91]([H])[C:92]([H])(C([H])([H])[N+]([H])(C([H])([H])[H])C([H])([H])[H])[S:93]C([H])([H])[H])c([H])c([H])c4OC([H])([H])[H])nc([H])c3C#N)c([H])nn2C([H])=C1[H],0,-0.44870016,-0.0050123837,-132.6171929709712,-25.12522892868775,0.018512418,0.01190348,0.015207949,0.02191931,0.14615172,0.084035516,-1252113.8103525415,3.510054538026452,-1252095.8760586295,-1252101.7881018603
S2-40.2,product,[H]c1nc(N([H])c2c([H])c(N([H])C(=O)[C:91]([H])([H])[C:92]([H])(C([H])([H])[N+]([H])(C([H])([H])[H])C([H])([H])[H])[S:93]C([H])([H])[H])c([H])c([H])c2OC([H])([H])[H])nc(-c2c([H])nn3c([H])c([H])c([H])c([H])c23)c1C#N,1,-0.11522653,0.009806707,-202.29491964105767,-85.23708119853602,-0.033189796,-0.04326854,-0.038229167,0.004017256,-0.0010857135,0.0014657713,-1252410.7901281484,3.6210440630093217,-1252399.3267931326,-1252403.3286844457
S2-40.3,reactant,[H]c1nc(N([H])c2c([H])c(N([H])C(=O)/[C:91]([H])=[C:92](\[H])C([H])([H])[N+]([H])(C([H])([H])[H])C([H])([H])[H])c([H])c([H])c2OC([H])([H])[H])nc(-c2c([H])nn3c([H])c([H])c([H])c([H])c23)c1C#N,1,-0.110042274,-0.07564266,-208.3826829407458,-93.61228158409821,0.015574306,-0.014713801,0.0004302524,0.024576262,-0.0039436296,0.010316316,-977035.8396663569,2.713283808901906,-977023.9125995599,-977029.9711871777
S2-40.3,intermediate,[H]C1=C([H])c2c(-c3nc(N([H])c4c([H])c(N([H])C(=O)[C-:91]([H])[C:92]([H])(C([H])([H])[N+]([H])(C([H])([H])[H])C([H])([H])[H])[S:93]C([H])([H])[H])c([H])c([H])c4OC([H])([H])[H])nc([H])c3C#N)c([H])nn2C([H])=C1[H],0,-0.28977945,0.011430072,-143.2177867716013,-30.113226909860522,-0.003669222,-0.007820724,-0.0057449723,0.015228242,0.040278643,0.027753443,-1252151.003777548,4.941394306719303,-1252137.9317201755,-1252143.5159097316
S2-40.3,product,[H]c1nc(N([H])c2c([H])c(N([H])C(=O)[C:91]([H])([H])[C:92]([H])(C([H])([H])[N+]([H])(C([H])([H])[H])C([H])([H])[H])[S:93]C([H])([H])[H])c([H])c([H])c2OC([H])([H])[H])nc(-c2c([H])nn3c([H])c([H])c([H])c([H])c23)c1C#N,1,-0.10501698,-0.014268762,-204.4639339362972,-88.74130796721974,-0.01575535,-0.032536764,-0.024146058,0.002134256,-0.0021822825,-2.4013221e-05,-1252418.0860411671,2.452926176600158,-1252406.633961703,-1252411.6632014655
S2-40.4,reactant,[H]c1nc(N([H])c2c([H])c(N([H])C(=O)/[C:91]([H])=[C:92](\[H])C([H])([H])[N+]([H])(C([H])([H])[H])C([H])([H])[H])c([H])c([H])c2OC([H])([H])[H])nc(-c2c([H])nn3c([H])c([H])c([H])c([H])c23)c1C#N,1,-0.11665716,-0.08107046,-208.9501145074759,-92.09810325482789,0.050663315,-0.007319182,0.021672066,0.012250312,-0.0102937,0.0009783059,-977034.830750653,6.435063760727644,-977022.5179726246,-977027.3666668154
S2-40.4,intermediate,[H]C1=C([H])c2c(-c3nc(N([H])c4c([H])c(N([H])C(=O)[C-:91]([H])[C:92]([H])(C([H])([H])[N+]([H])(C([H])([H])[H])C([H])([H])[H])[S:93]C([H])([H])[H])c([H])c([H])c4OC([H])([H])[H])nc([H])c3C#N)c([H])nn2C([H])=C1[H],0,-0.40706646,0.015400164,-140.47002631660303,-19.687102282848073,-0.0090270955,-0.016955115,-0.012991105,0.0077863634,0.120583296,0.06418483,-1252129.0688004647,6.607723749242723,-1252103.6410370981,-1252109.390604148
S2-40.4,product,[H]c1nc(N([H])c2c([H])c(N([H])C(=O)[C:91]([H])([H])[C:92]([H])(C([H])([H])[N+]([H])(C([H])([H])[H])C([H])([H])[H])[S:93]C([H])([H])[H])c([H])c([H])c2OC([H])([H])[H])nc(-c2c([H])nn3c([H])c([H])c([H])c([H])c23)c1C#N,1,-0.121364124,-0.0075633572,-208.66894262025093,-90.28786273849603,-0.021780165,-0.032534372,-0.027157268,0.00666558,0.0030883253,0.0048769526,-1252408.3961924065,7.6551419254392385,-1252391.7050151487,-1252398.5500621903
S2-40.5,reactant,[H]c1nc(N([H])c2c([H])c(N([H])C(=O)/[C:91]([H])=[C:92](\[H])C([H])([H])[N+]([H])(C([H])([H])[H])C([H])([H])[H])c([H])c([H])c2OC([H])([H])[H])nc(-c2c([H])nn3c([H])c([H])c([H])c([H])c23)c1C#N,1,-0.1389529,-0.064384714,-205.81420540169069,-91.25848002752302,0.06442562,0.0013667345,0.032896176,0.010553151,-0.0070504397,0.0017513558,-977039.0653702624,2.358411836437881,-977025.8211718459,-977033.2114694017
S2-40.5,intermediate,[H]C1=C([H])c2c(-c3nc(N([H])c4c([H])c(N([H])C(=O)[C-:91]([H])[C:92]([H])(C([H])([H])[N+]([H])(C([H])([H])[H])C([H])([H])[H])[S:93]C([H])([H])[H])c([H])c([H])c4OC([H])([H])[H])nc([H])c3C#N)c([H])nn2C([H])=C1[H],0,-0.2862604,0.01192318,-144.23726010747416,-28.273461990373846,-0.019044116,-0.021303136,-0.020173626,0.01712665,0.038799733,0.027963191,-1252151.1929238518,6.332034285180271,-1252138.8044915139,-1252144.5578831777
S2-40.5,product,[H]c1nc(N([H])c2c([H])c(N([H])C(=O)[C:91]([H])([H])[C:92]([H])(C([H])([H])[N+]([H])(C([H])([H])[H])C([H])([H])[H])[S:93]C([H])([H])[H])c([H])c([H])c2OC([H])([H])[H])nc(-c2c([H])nn3c([H])c([H])c([H])c([H])c23)c1C#N,1,-0.123246245,-0.006774573,-201.57780997087977,-85.51585734638066,-0.025405038,-0.033409487,-0.029407263,0.0035370663,0.000893645,0.0022153556,-1252403.8733790205,2.7784874010831118,-1252393.7160283853,-1252397.6360234276
S2-40.6,reactant,[H]c1nc(N([H])c2c([H])c(N([H])C(=O)/[C:91]([H])=[C:92](\[H])C([H])([H])[N+]([H])(C([H])([H])[H])C([H])([H])[H])c([H])c([H])c2OC([H])([H])[H])nc(-c2c([H])nn3c([H])c([H])c([H])c([H])c23)c1C#N,1,-0.13920686,-0.06388507,-205.8030855848625,-91.07762651304498,0.06438861,0.0010505021,0.032719556,0.010566682,-0.0071459413,0.0017103702,-977039.0250204413,1.6613585259765387,-977027.1457601691,-977033.2514754088
S2-40.6,intermediate,[H]C1=C([H])c2c(-c3nc(N([H])c4c([H])c(N([H])C(=O)[C-:91]([H])[C:92]([H])(C([H])([H])[N+]([H])(C([H])([H])[H])C([H])([H])[H])[S:93]C([H])([H])[H])c([H])c([H])c4OC([H])([H])[H])nc([H])c3C#N)c([H])nn2C([H])=C1[H],0,-0.29157025,0.007716086,-144.0017213657003,-30.974853756463467,-0.0063162236,-0.008445269,-0.007380747,0.0031635761,0.032093346,0.017628461,-1252150.772347525,10.021498213522136,-1252138.6819481074,-1252143.9231685605
S2-40.6,product,[H]c1nc(N([H])c2c([H])c(N([H])C(=O)[C:91]([H])([H])[C:92]([H])(C([H])([H])[N+]([H])(C([H])([H])[H])C([H])([H])[H])[S:93]C([H])([H])[H])c([H])c([H])c2OC([H])([H])[H])nc(-c2c([H])nn3c([H])c([H])c([H])c([H])c23)c1C#N,1,-0.12322342,-0.0037107635,-203.34547904762346,-87.51937357573378,-0.021826342,-0.02843886,-0.0251326,0.005572416,0.0033677444,0.00447008,-1252413.9948167177,2.582176998257637,-1252401.5792994802,-1252408.5450713495
S2-40.7,reactant,[H]c1nc(N([H])c2c([H])c(N([H])C(=O)/[C:91]([H])=[C:92](\[H])C([H])([H])[N+]([H])(C([H])([H])[H])C([H])([H])[H])c([H])c([H])c2OC([H])([H])[H])nc(-c2c([H])nn3c([H])c([H])c([H])c([H])c23)c1C#N,1,-0.14442496,-0.06257463,-205.81037020452663,-91.35838671333266,0.054107375,-0.0032611787,0.025423098,0.020200789,-0.005947247,0.007126771,-977038.6412035284,4.307050599716604,-977026.5347642675,-977031.3207325093
S2-40.7,intermediate,[H]C1=C([H])c2c(-c3nc(N([H])c4c([H])c(N([H])C(=O)[C-:91]([H])[C:92]([H])(C([H])([H])[N+]([H])(C([H])([H])[H])C([H])([H])[H])[S:93]C([H])([H])[H])c([H])c([H])c4OC([H])([H])[H])nc([H])c3C#N)c([H])nn2C([H])=C1[H],0,-0.28662995,0.00810159,-142.40325380587828,-31.532865165924505,-0.0047532488,-0.0077486024,-0.0062509254,0.012764543,0.036457002,0.024610773,-1252149.8342981767,4.175987389869988,-1252137.445981715,-1252144.0721508085
S2-40.7,product,[H]c1nc(N([H])c2c([H])c(N([H])C(=O)[C:91]([H])([H])[C:92]([H])(C([H])([H])[N+]([H])(C([H])([H])[H])C([H])([H])[H])[S:93]C([H])([H])[H])c([H])c([H])c2OC([H])([H])[H])nc(-c2c([H])nn3c([H])c([H])c([H])c([H])c23)c1C#N,1,-0.1082029,0.020770337,-205.4240502073759,-89.93084109420664,-0.01087527,-0.033572644,-0.022223957,0.002886735,-0.0021562874,0.00036522374,-1252419.2780244409,3.624715769663453,-1252407.616163538,-1252413.0387980281
S2-40.8,reactant,[H]c1nc(N([H])c2c([H])c(N([H])C(=O)/[C:91]([H])=[C:92](\[H])C([H])([H])[N+]([H])(C([H])([H])[H])C([H])([H])[H])c([H])c([H])c2OC([H])([H])[H])nc(-c2c([H])nn3c([H])c([H])c([H])c([H])c23)c1C#N,1,-0.13968755,-0.0640325,-205.74169925894248,-91.02462983139526,0.06379048,0.0010113418,0.03240091,0.009724274,-0.007447198,0.0011385381,-977039.0259523748,2.3903978215530515,-977026.9013619642,-977033.0475359994
S2-40.8,intermediate,[H]C1=C([H])c2c(-c3nc(N([H])c4c([H])c(N([H])C(=O)[C-:91]([H])[C:92]([H])(C([H])([H])[N+]([H])(C([H])([H])[H])C([H])([H])[H])[S:93]C([H])([H])[H])c([H])c([H])c4OC([H])([H])[H])nc([H])c3C#N)c([H])nn2C([H])=C1[H],0,-0.39384514,-0.0021075015,-136.47427625769222,-26.311030924723955,-0.0077104936,-0.011401309,-0.0095559005,0.026705354,0.13088867,0.07879701,-1252114.4598356776,9.519431728869677,-1252087.6764569196,-1252094.1243078562
S2-40.8,product,[H]c1nc(N([H])c2c([H])c(N([H])C(=O)[C:91]([H])([H])[C:92]([H])(C([H])([H])[N+]([H])(C([H])([H])[H])C([H])([H])[H])[S:93]C([H])([H])[H])c([H])c([H])c2OC([H])([H])[H])nc(-c2c([H])nn3c([H])c([H])c([H])c([H])c23)c1C#N,1,-0.108417116,0.02120211,-205.5010155173809,-89.90938240480746,-0.014152251,-0.03468325,-0.02441775,0.00304503,-0.0023432374,0.00035089627,-1252419.5026551683,3.0902004092931747,-1252409.1829750917,-1252413.1870309587
S2-40.9,reactant,[H]c1nc(N([H])c2c([H])c(N([H])C(=O)/[C:91]([H])=[C:92](\[H])C([H])([H])[N+]([H])(C([H])([H])[H])C([H])([H])[H])c([H])c([H])c2OC([H])([H])[H])nc(-c2c([H])nn3c([H])c([H])c([H])c([H])c23)c1C#N,1,-0.11239728,-0.091507755,-208.34217581797273,-92.05710187802892,0.047771,-0.006357424,0.020706788,0.005336277,-0.009041168,-0.0018524453,-977034.8817586228,8.052419897168875,-977022.4638646815,-977026.9953855929
S2-40.9,intermediate,[H]C1=C([H])c2c(-c3nc(N([H])c4c([H])c(N([H])C(=O)[C-:91]([H])[C:92]([H])(C([H])([H])[N+]([H])(C([H])([H])[H])C([H])([H])[H])[S:93]C([H])([H])[H])c([H])c([H])c4OC([H])([H])[H])nc([H])c3C#N)c([H])nn2C([H])=C1[H],0,-0.4047739,-0.012293455,-135.9472146413565,-25.370153383459353,-0.014677593,-0.013456776,-0.014067184,0.015652537,0.12377679,0.069714665,-1252119.9542620147,10.503915647044778,-1252098.871726598,-1252105.0486194745
S2-40.9,product,[H]c1nc(N([H])c2c([H])c(N([H])C(=O)[C:91]([H])([H])[C:92]([H])(C([H])([H])[N+]([H])(C([H])([H])[H])C([H])([H])[H])[S:93]C([H])([H])[H])c([H])c([H])c2OC([H])([H])[H])nc(-c2c([H])nn3c([H])c([H])c([H])c([H])c23)c1C#N,1,-0.105411835,-0.012795624,-201.93208216549735,-85.85587150096714,-0.025722796,-0.03078425,-0.028253522,0.008293442,0.0013735071,0.0048334748,-1252405.3128358806,2.588793847709894,-1252393.8796374486,-1252399.018090144
S2-40.10,reactant,[H]c1nc(N([H])c2c([H])c(N([H])C(=O)/[C:91]([H])=[C:92](\[H])C([H])([H])[N+]([H])(C([H])([H])[H])C([H])([H])[H])c([H])c([H])c2OC([H])([H])[H])nc(-c2c([H])nn3c([H])c([H])c([H])c([H])c23)c1C#N,1,-0.14874054,-0.06611952,-205.24555269145662,-89.52589902330664,0.05823566,-0.0008299649,0.028702848,0.025296569,-0.0023634583,0.011466555,-977036.8255431983,3.40021082572639,-977025.80624261,-977030.504582246
S2-40.10,intermediate,[H]C1=C([H])c2c(-c3nc(N([H])c4c([H])c(N([H])C(=O)[C-:91]([H])[C:92]([H])(C([H])([H])[N+]([H])(C([H])([H])[H])C([H])([H])[H])[S:93]C([H])([H])[H])c([H])c([H])c4OC([H])([H])[H])nc([H])c3C#N)c([H])nn2C([H])=C1[H],0,-0.17096384,-0.11605932,-155.5849294805341,-38.530365064111955,0.0126051605,0.0153515935,0.013978377,0.0019294918,-0.005851701,-0.0019611046,-1252153.171925575,6.721248775720596,-1252122.0093902678,-1252125.5830506207
S2-40.10,product,[H]c1nc(N([H])c2c([H])c(N([H])C(=O)[C:91]([H])([H])[C:92]([H])(C([H])([H])[N+]([H])(C([H])([H])[H])C([H])([H])[H])[S:93]C([H])([H])[H])c([H])c([H])c2OC([H])([H])[H])nc(-c2c([H])nn3c([H])c([H])c([H])c([H])c23)c1C#N,1,-0.11566606,0.011808058,-207.90033517384643,-88.47057836088408,-0.03817357,-0.04502459,-0.04159908,0.00661505,0.00062119216,0.0036181211,-1252412.152462484,6.486194374039769,-1252399.083482045,-1252403.596176902
S2-39.1,reactant,[H]c1nc(N([H])c2c([H])c(N([H])C(=O)/[C:91]([H])=[C:92](\[H])C([H])([H])[N+]([H])(C([H])([H])[H])C([H])([H])[H])c([H])c([H])c2OC([H])([H])[H])nc(-c2c([H])[n+]([H])c3c(C([H])([H])[H])c([H])c([H])c([H])n23)c1Cl,2,-0.10978382,-0.08284691,-258.54867809502133,-145.1567707794093,-0.00209561,-0.014352195,-0.008223902,0.011772998,-0.0024282187,0.0046723895,-1232462.9686768118,2.0693138744682074,-1232450.0001115608,-1232457.9422092447
S2-39.1,intermediate,[H]C1=C([H])n2c(-c3nc(N([H])c4c([H])c(N([H])C(=O)[C-:91]([H])[C:92]([H])(C([H])([H])[N+]([H])(C([H])([H])[H])C([H])([H])[H])[S:93]C([H])([H])[H])c([H])c([H])c4OC([H])([H])[H])nc([H])c3Cl)c([H])[n+]([H])c2C(C([H])([H])[H])=C1[H],1,-0.19388174,-0.10862506,-204.79896445240192,-93.74879798592637,0.010301098,0.018269137,0.014285117,0.007958576,0.0052750707,0.0066168234,-1507605.23897214,8.356867778114974,-1507577.5862918051,-1507583.3623562283
S2-39.1,product,[H]c1nc(N([H])c2c([H])c(N([H])C(=O)[C:91]([H])([H])[C:92]([H])(C([H])([H])[N+]([H])(C([H])([H])[H])C([H])([H])[H])[S:93]C([H])([H])[H])c([H])c([H])c2OC([H])([H])[H])nc(-c2c([H])[n+]([H])c3c(C([H])([H])[H])c([H])c([H])c([H])n23)c1Cl,2,-0.10461049,-0.029809734,-260.8716301828539,-142.95128252322843,-0.029666305,-0.03130222,-0.030484263,0.0048239976,0.0019041747,0.0033640862,-1507831.058133013,3.9789915569126606,-1507816.604937116,-1507822.160970125
S2-39.2,reactant,[H]c1nc(N([H])c2c([H])c(N([H])C(=O)/[C:91]([H])=[C:92](\[H])C([H])([H])[N+]([H])(C([H])([H])[H])C([H])([H])[H])c([H])c([H])c2OC([H])([H])[H])nc(-c2c([H])[n+]([H])c3c(C([H])([H])[H])c([H])c([H])c([H])n23)c1Cl,2,-0.112717554,-0.092918776,-258.5500668891805,-145.26694617439745,0.0227362,-0.007401757,0.007667221,0.00021472573,-0.0059239864,-0.0028546304,-1232463.7393737687,3.5257142493501306,-1232450.7941531984,-1232458.2117888452
S2-39.2,intermediate,[H]C1=C([H])n2c(-c3nc(N([H])c4c([H])c(N([H])C(=O)[C-:91]([H])[C:92]([H])(C([H])([H])[N+]([H])(C([H])([H])[H])C([H])([H])[H])[S:93]C([H])([H])[H])c([H])c([H])c4OC([H])([H])[H])nc([H])c3Cl)c([H])[n+]([H])c2C(C([H])([H])[H])=C1[H],1,-0.16966516,-0.10298819,-200.58762160815192,-90.71062277128384,-0.0077080727,-0.004687801,-0.006197937,0.012366533,0.009273201,0.010819867,-1507608.1276272042,4.334306477569044,-1507580.523880972,-1507589.828491794
S2-39.2,product,[H]c1nc(N([H])c2c([H])c(N([H])C(=O)[C:91]([H])([H])[C:92]([H])(C([H])([H])[N+]([H])(C([H])([H])[H])C([H])([H])[H])[S:93]C([H])([H])[H])c([H])c([H])c2OC([H])([H])[H])nc(-c2c([H])[n+]([H])c3c(C([H])([H])[H])c([H])c([H])c([H])n23)c1Cl,2,-0.10701541,-0.029688621,-261.3621824558767,-144.99817663074143,-0.026287047,-0.030657588,-0.028472317,0.0037148446,-0.00037121773,0.0016718134,-1507848.5380289324,3.5288668032735586,-1507835.2153991351,-1507841.4502496654
S2-39.3,reactant,[H]c1nc(N([H])c2c([H])c(N([H])C(=O)/[C:91]([H])=[C:92](\[H])C([H])([H])[N+]([H])(C([H])([H])[H])C([H])([H])[H])c([H])c([H])c2OC([H])([H])[H])nc(-c2c([H])[n+]([H])c3c(C([H])([H])[H])c([H])c([H])c([H])n23)c1Cl,2,-0.10951737,-0.083128676,-260.25237138615137,-146.49981577913584,-0.003260687,-0.01463303,-0.008946858,0.01015719,-0.003027074,0.003565058,-1232464.9993737668,4.506993556395173,-1232450.8853525743,-1232458.8154637048
S2-39.3,intermediate,[H]C1=C([H])n2c(-c3nc(N([H])c4c([H])c(N([H])C(=O)[C-:91]([H])[C:92]([H])(C([H])([H])[N+]([H])(C([H])([H])[H])C([H])([H])[H])[S:93]C([H])([H])[H])c([H])c([H])c4OC([H])([H])[H])nc([H])c3Cl)c([H])[n+]([H])c2C(C([H])([H])[H])=C1[H],1,-0.4782848,-0.027320655,-183.80640567866172,-77.90251131123085,0.018015953,0.014147207,0.016081579,0.07310924,0.2295662,0.15133771,-1507573.7482889574,4.51979373395443,-1507558.8309193815,-1507563.6556904032
S2-39.3,product,[H]c1nc(N([H])c2c([H])c(N([H])C(=O)[C:91]([H])([H])[C:92]([H])(C([H])([H])[N+]([H])(C([H])([H])[H])C([H])([H])[H])[S:93]C([H])([H])[H])c([H])c([H])c2OC([H])([H])[H])nc(-c2c([H])[n+]([H])c3c(C([H])([H])[H])c([H])c([H])c([H])n23)c1Cl,2,-0.118095644,-0.014591597,-254.7672826149566,-138.70396663423617,-0.030993884,-0.033063658,-0.032028772,0.0036924854,0.0017866865,0.002739586,-1507839.7840467505,9.720553372986615,-1507817.3880403219,-1507823.6335656608
S2-39.4,reactant,[H]c1nc(N([H])c2c([H])c(N([H])C(=O)/[C:91]([H])=[C:92](\[H])C([H])([H])[N+]([H])(C([H])([H])[H])C([H])([H])[H])c([H])c([H])c2OC([H])([H])[H])nc(-c2c([H])[n+]([H])c3c(C([H])([H])[H])c([H])c([H])c([H])n23)c1Cl,2,-0.1503301,-0.06946041,-257.42724755017207,-145.03066103549145,0.030566908,-0.002944529,0.01381119,0.009014949,-0.0033236295,0.0028456599,-1232466.7253689799,10.41348657105118,-1232450.096148462,-1232457.254439855
S2-39.4,intermediate,[H]C1=C([H])n2c(-c3nc(N([H])c4c([H])c(N([H])C(=O)[C-:91]([H])[C:92]([H])(C([H])([H])[N+]([H])(C([H])([H])[H])C([H])([H])[H])[S:93]C([H])([H])[H])c([H])c([H])c4OC([H])([H])[H])nc([H])c3Cl)c([H])[n+]([H])c2C(C([H])([H])[H])=C1[H],1,-0.29021174,-0.0080296,-194.85798844435385,-85.64244564712608,-0.004807911,-0.0031265253,-0.003967218,0.017549604,0.059413612,0.038481608,-1507609.1513074795,3.9350309800356627,-1507599.0837348262,-1507603.5411083505
S2-39.4,product,[H]c1nc(N([H])c2c([H])c(N([H])C(=O)[C:91]([H])([H])[C:92]([H])(C([H])([H])[N+]([H])(C([H])([H])[H])C([H])([H])[H])[S:93]C([H])([H])[H])c([H])c([H])c2OC([H])([H])[H])nc(-c2c([H])[n+]([H])c3c(C([H])([H])[H])c([H])c([H])c([H])n23)c1Cl,2,-0.11003372,-0.018540494,-262.67391001306623,-146.40821293103326,-0.019782467,-0.02136404,-0.020573255,0.0023422167,0.00056140125,0.001451809,-1507842.075190347,5.126928691752255,-1507827.2324423303,-1507835.6106295881
S2-39.5,reactant,[H]c1nc(N([H])c2c([H])c(N([H])C(=O)/[C:91]([H])=[C:92](\[H])C([H])([H])[N+]([H])(C([H])([H])[H])C([H])([H])[H])c([H])c([H])c2OC([H])([H])[H])nc(-c2c([H])[n+]([H])c3c(C([H])([H])[H])c([H])c([H])c([H])n23)c1Cl,2,-0.14561571,-0.06861881,-259.19529024805485,-146.17472698426982,0.033939414,-0.0007514283,0.016593993,0.0017978847,-0.004820004,-0.0015110597,-1232469.5685097736,4.537076820619404,-1232455.5297227576,-1232463.2549994611
S2-39.5,intermediate,[H]C1=C([H])n2c(-c3nc(N([H])c4c([H])c(N([H])C(=O)[C-:91]([H])[C:92]([H])(C([H])([H])[N+]([H])(C([H])([H])[H])C([H])([H])[H])[S:93]C([H])([H])[H])c([H])c([H])c4OC([H])([H])[H])nc([H])c3Cl)c([H])[n+]([H])c2C(C([H])([H])[H])=C1[H],1,-0.28941035,-0.0070352717,-198.8568687956525,-86.27431739787885,-0.008587202,-0.0065307687,-0.0075589856,0.016916364,0.05843419,0.037675276,-1507608.0734242785,6.496977630071342,-1507596.7631388318,-1507602.3570530647
S2-39.5,product,[H]c1nc(N([H])c2c([H])c(N([H])C(=O)[C:91]([H])([H])[C:92]([H])(C([H])([H])[N+]([H])(C([H])([H])[H])C([H])([H])[H])[S:93]C([H])([H])[H])c([H])c([H])c2OC([H])([H])[H])nc(-c2c([H])[n+]([H])c3c(C([H])([H])[H])c([H])c([H])c([H])n23)c1Cl,2,-0.11342138,0.00032928432,-260.126863624772,-144.3104778097891,-0.026387693,-0.037520953,-0.031954322,0.0054681227,0.0010403469,0.0032542348,-1507849.3053439755,5.040571987628937,-1507835.5419629856,-1507842.5543910444
S2-39.6,reactant,[H]c1nc(N([H])c2c([H])c(N([H])C(=O)/[C:91]([H])=[C:92](\[H])C([H])([H])[N+]([H])(C([H])([H])[H])C([H])([H])[H])c([H])c([H])c2OC([H])([H])[H])nc(-c2c([H])[n+]([H])c3c(C([H])([H])[H])c([H])c([H])c([H])n23)c1Cl,2,-0.15005304,-0.06924911,-257.41934211180126,-144.9783311377854,0.029661924,-0.003231421,0.013215251,0.00841561,-0.0037710667,0.0023222715,-1232466.8655650583,3.6212111972272396,-1232456.2270482061,-1232460.6668236845
S2-39.6,intermediate,[H]C1=C([H])n2c(-c3nc(N([H])c4c([H])c(N([H])C(=O)[C-:91]([H])[C:92]([H])(C([H])([H])[N+]([H])(C([H])([H])[H])C([H])([H])[H])[S:93]C([H])([H])[H])c([H])c([H])c4OC([H])([H])[H])nc([H])c3Cl)c([H])[n+]([H])c2C(C([H])([H])[H])=C1[H],1,-0.33850557,-0.021510843,-196.7202580726623,-85.21331709014098,0.0035760012,0.009203526,0.0063897637,0.039212316,0.09912659,0.069169454,-1507601.9569562406,4.10145815089345,-1507591.48670474,-1507597.1738412979
S2-39.6,product,[H]c1nc(N([H])c2c([H])c(N([H])C(=O)[C:91]([H])([H])[C:92]([H])(C([H])([H])[N+]([H])(C([H])([H])[H])C([H])([H])[H])[S:93]C([H])([H])[H])c([H])c([H])c2OC([H])([H])[H])nc(-c2c([H])[n+]([H])c3c(C([H])([H])[H])c([H])c([H])c([H])n23)c1Cl,2,-0.11330099,-0.017405463,-254.91628495530898,-137.64728657487558,-0.037992977,-0.040391818,-0.039192397,0.0002200976,-0.0031101853,-0.0014450438,-1507832.059279084,3.011643933132291,-1507818.8222260159,-1507825.5474735913
S2-39.7,reactant,[H]c1nc(N([H])c2c([H])c(N([H])C(=O)/[C:91]([H])=[C:92](\[H])C([H])([H])[N+]([H])(C([H])([H])[H])C([H])([H])[H])c([H])c([H])c2OC([H])([H])[H])nc(-c2c([H])[n+]([H])c3c(C([H])([H])[H])c([H])c([H])c([H])n23)c1Cl,2,-0.1452662,-0.0688184,-257.3007267872793,-144.84027410579242,0.037913248,0.0003382936,0.01912577,0.002973348,-0.004625544,-0.000826098,-1232467.1355795853,3.7277153972536325,-1232456.1193803512,-1232461.6758615042
S2-39.7,intermediate,[H]C1=C([H])n2c(-c3nc(N([H])c4c([H])c(N([H])C(=O)[C-:91]([H])[C:92]([H])(C([H])([H])[N+]([H])(C([H])([H])[H])C([H])([H])[H])[S:93]C([H])([H])[H])c([H])c([H])c4OC([H])([H])[H])nc([H])c3Cl)c([H])[n+]([H])c2C(C([H])([H])[H])=C1[H],1,-0.1931703,-0.10417967,-202.64521146602115,-94.79770750359206,0.004620433,0.012168832,0.0083946325,0.0057808906,0.003218338,0.0044996142,-1507603.7540289864,3.351957424543798,-1507579.4605270661,-1507584.0959273628
S2-39.7,product,[H]c1nc(N([H])c2c([H])c(N([H])C(=O)[C:91]([H])([H])[C:92]([H])(C([H])([H])[N+]([H])(C([H])([H])[H])C([H])([H])[H])[S:93]C([H])([H])[H])c([H])c([H])c2OC([H])([H])[H])nc(-c2c([H])[n+]([H])c3c(C([H])([H])[H])c([H])c([H])c([H])n23)c1Cl,2,-0.118896656,-0.00904138,-257.79431064275917,-140.5062239124568,-0.036630847,-0.041561496,-0.03909617,0.0035267696,0.00027936697,0.0019030683,-1507844.7426779543,5.776603407226503,-1507834.828725215,-1507838.8282827903
S2-39.8,reactant,[H]c1nc(N([H])c2c([H])c(N([H])C(=O)/[C:91]([H])=[C:92](\[H])C([H])([H])[N+]([H])(C([H])([H])[H])C([H])([H])[H])c([H])c([H])c2OC([H])([H])[H])nc(-c2c([H])[n+]([H])c3c(C([H])([H])[H])c([H])c([H])c([H])n23)c1Cl,2,-0.117765576,-0.08788466,-258.5923929669649,-145.10278434858319,0.015999496,-0.010025725,0.0029868856,0.00384143,-0.006621413,-0.0013899915,-1232463.3719034567,3.1225840030238032,-1232453.7013194954,-1232458.241619278
S2-39.8,intermediate,[H]C1=C([H])n2c(-c3nc(N([H])c4c([H])c(N([H])C(=O)[C-:91]([H])[C:92]([H])(C([H])([H])[N+]([H])(C([H])([H])[H])C([H])([H])[H])[S:93]C([H])([H])[H])c([H])c([H])c4OC([H])([H])[H])nc([H])c3Cl)c([H])[n+]([H])c2C(C([H])([H])[H])=C1[H],1,-0.1934192,-0.095337614,-202.4151953849954,-94.67813785354102,-0.0010608062,0.0042465255,0.0015928596,0.005548775,0.0038906485,0.004719712,-1507602.6230370281,11.831800650805235,-1507576.2341346084,-1507583.265301521
S2-39.8,product,[H]c1nc(N([H])c2c([H])c(N([H])C(=O)[C:91]([H])([H])[C:92]([H])(C([H])([H])[N+]([H])(C([H])([H])[H])C([H])([H])[H])[S:93]C([H])([H])[H])c([H])c([H])c2OC([H])([H])[H])nc(-c2c([H])[n+]([H])c3c(C([H])([H])[H])c([H])c([H])c([H])n23)c1Cl,2,-0.12140759,-0.027013544,-256.8111653199913,-140.7932895704601,-0.031111535,-0.034317072,-0.032714304,0.0048966333,0.0018565133,0.0033765733,-1507836.444978548,4.137503173202276,-1507821.723509271,-1507829.9384545472
S2-39.9,reactant,[H]c1nc(N([H])c2c([H])c(N([H])C(=O)/[C:91]([H])=[C:92](\[H])C([H])([H])[N+]([H])(C([H])([H])[H])C([H])([H])[H])c([H])c([H])c2OC([H])([H])[H])nc(-c2c([H])[n+]([H])c3c(C([H])([H])[H])c([H])c([H])c([H])n23)c1Cl,2,-0.14549366,-0.068361945,-259.2387236776589,-146.2402690497341,0.03446102,-0.0005463213,0.01695735,0.0018751919,-0.0048145503,-0.0014696792,-1232469.363961791,5.653387296013534,-1232457.2663877462,-1232462.9675114232
S2-39.9,intermediate,[H]C1=C([H])n2c(-c3nc(N([H])c4c([H])c(N([H])C(=O)[C-:91]([H])[C:92]([H])(C([H])([H])[N+]([H])(C([H])([H])[H])C([H])([H])[H])[S:93]C([H])([H])[H])c([H])c([H])c4OC([H])([H])[H])nc([H])c3Cl)c([H])[n+]([H])c2C(C([H])([H])[H])=C1[H],1,-0.2075512,-0.085399516,-203.9386605233703,-93.3544436640474,0.0034213588,0.008698113,0.006059736,0.006684661,0.0068908036,0.0067877322,-1507609.4554233912,3.2789549147710204,-1507577.702700879,-1507585.0164007805
S2-39.9,product,[H]c1nc(N([H])c2c([H])c(N([H])C(=O)[C:91]([H])([H])[C:92]([H])(C([H])([H])[N+]([H])(C([H])([H])[H])C([H])([H])[H])[S:93]C([H])([H])[H])c([H])c([H])c2OC([H])([H])[H])nc(-c2c([H])[n+]([H])c3c(C([H])([H])[H])c([H])c([H])c([H])n23)c1Cl,2,-0.10563246,-0.028730141,-255.29133376053838,-140.19370527876356,-0.029863749,-0.032347947,-0.03110585,0.0044011846,0.00069108605,0.0025461353,-1507836.8605666317,3.2604740783572197,-1507824.6743463394,-1507831.6206174146
S2-39.10,reactant,[H]c1nc(N([H])c2c([H])c(N([H])C(=O)/[C:91]([H])=[C:92](\[H])C([H])([H])[N+]([H])(C([H])([H])[H])C([H])([H])[H])c([H])c([H])c2OC([H])([H])[H])nc(-c2c([H])[n+]([H])c3c(C([H])([H])[H])c([H])c([H])c([H])n23)c1Cl,2,-0.13917129,-0.07494566,-264.4118704213391,-148.03104347620865,0.037694402,0.0024223402,0.020058371,0.005981609,-0.0040817857,0.0009499118,-1232461.0579055191,7.080476040020585,-1232447.600966917,-1232453.8339007762
S2-39.10,intermediate,[H]C1=C([H])n2c(-c3nc(N([H])c4c([H])c(N([H])C(=O)[C-:91]([H])[C:92]([H])(C([H])([H])[N+]([H])(C([H])([H])[H])C([H])([H])[H])[S:93]C([H])([H])[H])c([H])c([H])c4OC([H])([H])[H])nc([H])c3Cl)c([H])[n+]([H])c2C(C([H])([H])[H])=C1[H],1,-0.42382696,-0.02828021,-183.21096487533225,-78.59080670810282,-0.014054088,-0.011017725,-0.012535906,0.041761518,0.16356096,0.10266124,-1507583.0361549128,7.984272965230048,-1507561.3899255865,-1507569.061278593
S2-39.10,product,[H]c1nc(N([H])c2c([H])c(N([H])C(=O)[C:91]([H])([H])[C:92]([H])(C([H])([H])[N+]([H])(C([H])([H])[H])C([H])([H])[H])[S:93]C([H])([H])[H])c([H])c([H])c2OC([H])([H])[H])nc(-c2c([H])[n+]([H])c3c(C([H])([H])[H])c([H])c([H])c([H])n23)c1Cl,2,-0.11239507,-0.034836706,-257.9004076897163,-142.85245199635474,-0.029186452,-0.03166442,-0.030425437,5.147606e-05,-0.0034756958,-0.0017121099,-1507833.361330164,4.128175605088472,-1507819.4967712879,-1507826.90339948
S2-42.1,reactant,[H]c1nc(N([H])c2c([H])c(N([H])C(=O)[C:91]([H])=[C:92]([H])[H])c([H])c([H])c2OC([H])([H])[H])nc(N([H])c2c([H])c([H])c([H])c([H])c2C(=O)N([H])OC([H])([H])[H])c1Cl,0,-0.15416972,-0.2825282,-151.46127520222944,-26.046433144325153,0.025141746,0.02360329,0.024372518,-0.007593572,-0.0073863566,-0.0074899644,-1218410.358310347,2.127904978580773,-1218399.7833654596,-1218406.0388001336
S2-42.1,intermediate,[H]c1nc(N([H])c2c([H])c(N([H])C(=O)[C-:91]([H])[C:92]([H])([H])[S:93]C([H])([H])[H])c([H])c([H])c2OC([H])([H])[H])nc(N([H])c2c([H])c([H])c([H])c([H])c2C(=O)N([H])OC([H])([H])[H])c1Cl,-1,-0.508344,-0.106666595,-70.22107469226471,40.57877674207291,0.0063513666,0.015700474,0.0110259205,0.06957924,0.24846107,0.15902016,-1493399.9325980877,2.665456031449139,-1493385.4420316159,-1493390.0047216332
S2-42.1,product,[H]c1nc(N([H])c2c([H])c(N([H])C(=O)[C:91]([H])([H])[C:92]([H])([H])[S:93]C([H])([H])[H])c([H])c([H])c2OC([H])([H])[H])nc(N([H])c2c([H])c([H])c([H])c([H])c2C(=O)N([H])OC([H])([H])[H])c1Cl,0,-0.13083345,-0.105537355,-146.18153657148432,-25.154018619269042,-0.032366626,-0.033713654,-0.03304014,-0.0005771518,-0.006913781,-0.0037454665,-1493775.7183267933,2.291450980119407,-1493764.9681011008,-1493771.5209165178
S2-42.2,reactant,[H]c1nc(N([H])c2c([H])c(N([H])C(=O)[C:91]([H])=[C:92]([H])[H])c([H])c([H])c2OC([H])([H])[H])nc(N([H])c2c([H])c([H])c([H])c([H])c2C(=O)N([H])OC([H])([H])[H])c1Cl,0,-0.15328182,-0.27000406,-156.02908041520053,-24.016527746555713,0.02835095,0.026279733,0.027315341,-0.0013850778,-0.004642889,-0.0030139834,-1218412.441889014,3.8858054634183645,-1218401.5352737638,-1218406.953964618
S2-42.2,intermediate,[H]c1nc(N([H])c2c([H])c(N([H])C(=O)[C-:91]([H])[C:92]([H])([H])[S:93]C([H])([H])[H])c([H])c([H])c2OC([H])([H])[H])nc(N([H])c2c([H])c([H])c([H])c([H])c2C(=O)N([H])OC([H])([H])[H])c1Cl,-1,-0.5177126,-0.11919984,-67.97725629478093,38.48769081285811,0.011625484,0.017717436,0.01467146,0.045090675,0.23954353,0.1423171,-1493408.3695472593,2.3131511667743325,-1493397.2985444297,-1493402.2977470998
S2-42.2,product,[H]c1nc(N([H])c2c([H])c(N([H])C(=O)[C:91]([H])([H])[C:92]([H])([H])[S:93]C([H])([H])[H])c([H])c([H])c2OC([H])([H])[H])nc(N([H])c2c([H])c([H])c([H])c([H])c2C(=O)N([H])OC([H])([H])[H])c1Cl,0,-0.14159924,-0.12160275,-145.4157133445308,-24.04472107632104,-0.022534914,-0.021932073,-0.022233494,0.00020800531,-0.0030420423,-0.0014170185,-1493775.9299037238,3.513921339996159,-1493765.0957993828,-1493771.162092993
S2-42.3,reactant,[H]c1nc(N([H])c2c([H])c(N([H])C(=O)[C:91]([H])=[C:92]([H])[H])c([H])c([H])c2OC([H])([H])[H])nc(N([H])c2c([H])c([H])c([H])c([H])c2C(=O)N([H])OC([H])([H])[H])c1Cl,0,-0.15394315,-0.28243944,-151.7528615926081,-26.41734905378456,0.02494675,0.023590773,0.024268761,-0.0077935457,-0.0074891,-0.007641323,-1218410.257470671,2.181662840768695,-1218399.8884599623,-1218405.9557251006
S2-42.3,intermediate,[H]c1nc(N([H])c2c([H])c(N([H])C(=O)[C-:91]([H])[C:92]([H])([H])[S:93]C([H])([H])[H])c([H])c([H])c2OC([H])([H])[H])nc(N([H])c2c([H])c([H])c([H])c([H])c2C(=O)N([H])OC([H])([H])[H])c1Cl,-1,-0.5176335,-0.11912979,-68.19146179688799,38.20652336462112,0.011922762,0.017928801,0.014925782,0.04483199,0.23914501,0.1419885,-1493408.2005451357,2.2084490098059177,-1493395.1522238879,-1493402.010518074
S2-42.3,product,[H]c1nc(N([H])c2c([H])c(N([H])C(=O)[C:91]([H])([H])[C:92]([H])([H])[S:93]C([H])([H])[H])c([H])c([H])c2OC([H])([H])[H])nc(N([H])c2c([H])c([H])c([H])c([H])c2C(=O)N([H])OC([H])([H])[H])c1Cl,0,-0.1284801,-0.10547023,-145.82526755243387,-24.604828791129567,-0.035757937,-0.03725124,-0.03650459,0.007048443,-0.0011116564,0.0029683933,-1493775.9635591097,1.9575897045433521,-1493765.9840679504,-1493771.6359488252
S2-42.4,reactant,[H]c1nc(N([H])c2c([H])c(N([H])C(=O)[C:91]([H])=[C:92]([H])[H])c([H])c([H])c2OC([H])([H])[H])nc(N([H])c2c([H])c([H])c([H])c([H])c2C(=O)N([H])OC([H])([H])[H])c1Cl,0,-0.15096077,-0.27897406,-151.13812103025955,-26.037748762228343,0.04309112,0.03508103,0.039086074,-0.006553009,-0.012344971,-0.00944899,-1218410.035972029,2.306069121696055,-1218400.961481665,-1218406.838841079
S2-42.4,intermediate,[H]c1nc(N([H])c2c([H])c(N([H])C(=O)[C-:91]([H])[C:92]([H])([H])[S:93]C([H])([H])[H])c([H])c([H])c2OC([H])([H])[H])nc(N([H])c2c([H])c([H])c([H])c([H])c2C(=O)N([H])OC([H])([H])[H])c1Cl,-1,-0.43773186,-0.12434523,-75.39374419020939,46.50565455868931,0.016913489,0.021296397,0.019104943,0.040882498,0.23074126,0.13581188,-1493416.9620932452,5.615158274769783,-1493403.006486627,-1493407.8474909111
S2-42.4,product,[H]c1nc(N([H])c2c([H])c(N([H])C(=O)[C:91]([H])([H])[C:92]([H])([H])[S:93]C([H])([H])[H])c([H])c([H])c2OC([H])([H])[H])nc(N([H])c2c([H])c([H])c([H])c([H])c2C(=O)N([H])OC([H])([H])[H])c1Cl,0,-0.13089961,-0.10539622,-147.1371504705103,-25.983197083267548,-0.032070063,-0.03351172,-0.03279089,-0.00055123866,-0.006969601,-0.0037604198,-1493774.835227594,2.5123868035152555,-1493765.8809342002,-1493771.160392493
S2-42.5,reactant,[H]c1nc(N([H])c2c([H])c(N([H])C(=O)[C:91]([H])=[C:92]([H])[H])c([H])c([H])c2OC([H])([H])[H])nc(N([H])c2c([H])c([H])c([H])c([H])c2C(=O)N([H])OC([H])([H])[H])c1Cl,0,-0.15402302,-0.2825261,-151.75303733834244,-26.403969798130607,0.025012165,0.023626238,0.024319202,-0.0077804923,-0.0074718148,-0.0076261535,-1218410.2786118195,2.1973724039271474,-1218400.3845586441,-1218405.9449099214
S2-42.5,intermediate,[H]c1nc(N([H])c2c([H])c(N([H])C(=O)[C-:91]([H])[C:92]([H])([H])[S:93]C([H])([H])[H])c([H])c([H])c2OC([H])([H])[H])nc(N([H])c2c([H])c([H])c([H])c([H])c2C(=O)N([H])OC([H])([H])[H])c1Cl,-1,-0.5370568,-0.11098516,-67.73119254227522,40.589970210932776,0.0018078238,0.014747463,0.0082776435,0.0399853,0.23390257,0.13694394,-1493403.9016792888,2.6824999172240496,-1493390.6018685861,-1493396.0272889556
S2-42.5,product,[H]c1nc(N([H])c2c([H])c(N([H])C(=O)[C:91]([H])([H])[C:92]([H])([H])[S:93]C([H])([H])[H])c([H])c([H])c2OC([H])([H])[H])nc(N([H])c2c([H])c([H])c([H])c([H])c2C(=O)N([H])OC([H])([H])[H])c1Cl,0,-0.13134006,-0.10551739,-146.1011653588801,-25.000884655312017,-0.03239663,-0.033734694,-0.03306566,-0.00031632185,-0.0066711605,-0.0034937412,-1493775.598059642,2.3518699146807194,-1493765.8174744667,-1493771.367474331
S2-42.6,reactant,[H]c1nc(N([H])c2c([H])c(N([H])C(=O)[C:91]([H])=[C:92]([H])[H])c([H])c([H])c2OC([H])([H])[H])nc(N([H])c2c([H])c([H])c([H])c([H])c2C(=O)N([H])OC([H])([H])[H])c1Cl,0,-0.15391175,-0.28239003,-151.75193117663994,-26.415333369357683,0.024921983,0.02358082,0.024251401,-0.007826924,-0.0075131655,-0.007670045,-1218410.2730350078,2.1561876786872745,-1218399.8546066135,-1218406.0024802533
S2-42.6,intermediate,[H]c1nc(N([H])c2c([H])c(N([H])C(=O)[C-:91]([H])[C:92]([H])([H])[S:93]C([H])([H])[H])c([H])c([H])c2OC([H])([H])[H])nc(N([H])c2c([H])c([H])c([H])c([H])c2C(=O)N([H])OC([H])([H])[H])c1Cl,-1,-0.47681782,-0.122271016,-74.44546136568867,48.83100524449903,0.011418998,0.018559307,0.014989153,0.02911058,0.25145835,0.14028445,-1493417.0314144793,9.436728428117931,-1493399.263050845,-1493405.5041904151
S2-42.6,product,[H]c1nc(N([H])c2c([H])c(N([H])C(=O)[C:91]([H])([H])[C:92]([H])([H])[S:93]C([H])([H])[H])c([H])c([H])c2OC([H])([H])[H])nc(N([H])c2c([H])c([H])c([H])c([H])c2C(=O)N([H])OC([H])([H])[H])c1Cl,0,-0.14065143,-0.10361782,-148.71596413349897,-18.271491767063857,-0.015864626,-0.017650321,-0.016757473,0.0029406548,0.00048466027,0.0017126575,-1493778.825487864,2.4761928701773286,-1493766.5283769593,-1493772.7522787284
S2-42.7,reactant,[H]c1nc(N([H])c2c([H])c(N([H])C(=O)[C:91]([H])=[C:92]([H])[H])c([H])c([H])c2OC([H])([H])[H])nc(N([H])c2c([H])c([H])c([H])c([H])c2C(=O)N([H])OC([H])([H])[H])c1Cl,0,-0.15135334,-0.27842957,-151.93054350841876,-25.678764228542093,0.04251179,0.03475298,0.038632385,-0.0068749636,-0.012297735,-0.009586349,-1218402.8225690366,1.7535121189430356,-1218393.5124149874,-1218397.7771012294
S2-42.7,intermediate,[H]c1nc(N([H])c2c([H])c(N([H])C(=O)[C-:91]([H])[C:92]([H])([H])[S:93]C([H])([H])[H])c([H])c([H])c2OC([H])([H])[H])nc(N([H])c2c([H])c([H])c([H])c([H])c2C(=O)N([H])OC([H])([H])[H])c1Cl,-1,-0.53411776,-0.11944335,-67.55303912074184,41.092727020912655,0.013015635,0.018631063,0.01582335,0.051344275,0.2500038,0.15067405,-1493406.064468997,2.6688827453181148,-1493393.6494682077,-1493399.0140642268
S2-42.7,product,[H]c1nc(N([H])c2c([H])c(N([H])C(=O)[C:91]([H])([H])[C:92]([H])([H])[S:93]C([H])([H])[H])c([H])c([H])c2OC([H])([H])[H])nc(N([H])c2c([H])c([H])c([H])c([H])c2C(=O)N([H])OC([H])([H])[H])c1Cl,0,-0.12994736,-0.10666091,-149.0517576330405,-26.28087728462451,-0.03230469,-0.03342334,-0.032864016,-0.00084751844,-0.0076455325,-0.0042465255,-1493767.7935864883,2.2352469749748707,-1493758.4603184802,-1493763.2585058047
S2-42.8,reactant,[H]c1nc(N([H])c2c([H])c(N([H])C(=O)[C:91]([H])=[C:92]([H])[H])c([H])c([H])c2OC([H])([H])[H])nc(N([H])c2c([H])c([H])c([H])c([H])c2C(=O)N([H])OC([H])([H])[H])c1Cl,0,-0.1509595,-0.27905,-150.10408142942865,-25.068934734034485,0.042980164,0.035253286,0.039116725,-0.006701112,-0.012322128,-0.00951162,-1218410.9533013578,2.2426844220608473,-1218401.3450649392,-1218407.087240933
S2-42.8,intermediate,[H]c1nc(N([H])c2c([H])c(N([H])C(=O)[C-:91]([H])[C:92]([H])([H])[S:93]C([H])([H])[H])c([H])c([H])c2OC([H])([H])[H])nc(N([H])c2c([H])c([H])c([H])c([H])c2C(=O)N([H])OC([H])([H])[H])c1Cl,-1,-0.51443934,-0.11879538,-69.09308171431162,38.13996473903684,0.012523577,0.01785513,0.015189353,0.050390244,0.24044287,0.14541656,-1493408.1148385268,3.1279581086710095,-1493397.017890478,-1493402.2835822448
S2-42.8,product,[H]c1nc(N([H])c2c([H])c(N([H])C(=O)[C:91]([H])([H])[C:92]([H])([H])[S:93]C([H])([H])[H])c([H])c([H])c2OC([H])([H])[H])nc(N([H])c2c([H])c([H])c([H])c([H])c2C(=O)N([H])OC([H])([H])[H])c1Cl,0,-0.14676532,-0.11626538,-146.0346176935155,-24.803039246985694,-0.019187964,-0.019115858,-0.019151911,0.0006431043,-0.001783073,-0.0005699843,-1493777.1973652828,2.3960609678179026,-1493765.9653214503,-1493772.3127564543
S2-42.9,reactant,[H]c1nc(N([H])c2c([H])c(N([H])C(=O)[C:91]([H])=[C:92]([H])[H])c([H])c([H])c2OC([H])([H])[H])nc(N([H])c2c([H])c([H])c([H])c([H])c2C(=O)N([H])OC([H])([H])[H])c1Cl,0,-0.15740351,-0.2805718,-149.63952886319424,-22.98893211124045,0.042462796,0.03495504,0.038708918,-0.005283743,-0.010917753,-0.008100748,-1218409.0487566309,3.6045699873939157,-1218400.3162075055,-1218404.613595171
S2-42.9,intermediate,[H]c1nc(N([H])c2c([H])c(N([H])C(=O)[C-:91]([H])[C:92]([H])([H])[S:93]C([H])([H])[H])c([H])c([H])c2OC([H])([H])[H])nc(N([H])c2c([H])c([H])c([H])c([H])c2C(=O)N([H])OC([H])([H])[H])c1Cl,-1,-0.5184639,-0.11876406,-68.14600945126843,38.316054713062556,0.012542814,0.018261604,0.015402209,0.045099795,0.23985848,0.14247914,-1493408.310190231,2.1959408670663834,-1493398.5576447803,-1493402.3788423683
S2-42.9,product,[H]c1nc(N([H])c2c([H])c(N([H])C(=O)[C:91]([H])([H])[C:92]([H])([H])[S:93]C([H])([H])[H])c([H])c([H])c2OC([H])([H])[H])nc(N([H])c2c([H])c([H])c([H])c([H])c2C(=O)N([H])OC([H])([H])[H])c1Cl,0,-0.12835026,-0.11027541,-150.75943858100658,-23.41993650221628,-0.030905612,-0.030309506,-0.030607559,-0.0018415302,-0.005638212,-0.003739871,-1493778.1520223427,2.380106261000037,-1493767.9581890479,-1493774.0029107067
S2-42.10,reactant,[H]c1nc(N([H])c2c([H])c(N([H])C(=O)[C:91]([H])=[C:92]([H])[H])c([H])c([H])c2OC([H])([H])[H])nc(N([H])c2c([H])c([H])c([H])c([H])c2C(=O)N([H])OC([H])([H])[H])c1Cl,0,-0.15091959,-0.27902707,-150.2863478221259,-25.43618028301977,0.042838365,0.03527324,0.039055802,-0.006912783,-0.012402892,-0.009657837,-1218410.8446304856,2.0763983307406306,-1218401.955521254,-1218406.9169613824
S2-42.10,intermediate,[H]c1nc(N([H])c2c([H])c(N([H])C(=O)[C-:91]([H])[C:92]([H])([H])[S:93]C([H])([H])[H])c([H])c([H])c2OC([H])([H])[H])nc(N([H])c2c([H])c([H])c([H])c([H])c2C(=O)N([H])OC([H])([H])[H])c1Cl,-1,-0.5414517,-0.11207074,-66.82867695987039,41.644478790409785,-0.0009941384,0.012937844,0.0059718527,0.04408139,0.23606285,0.14007212,-1493402.6313181673,2.1099491054192185,-1493389.5785275819,-1493394.3845011748
S2-42.10,product,[H]c1nc(N([H])c2c([H])c(N([H])C(=O)[C:91]([H])([H])[C:92]([H])([H])[S:93]C([H])([H])[H])c([H])c([H])c2OC([H])([H])[H])nc(N([H])c2c([H])c([H])c([H])c([H])c2C(=O)N([H])OC([H])([H])[H])c1Cl,0,-0.13023406,-0.106412046,-147.41732057483432,-24.969155537415133,-0.03202065,-0.033337153,-0.032678902,-0.00032655895,-0.00735116,-0.0038388595,-1493768.252186547,3.4207083769142628,-1493757.636408332,-1493762.6460804988
S2-55.1,reactant,[H]c1nc(N([H])c2c([H])c([H])c([H])c(C([H])([H])[H])c2[H])c2c([H])c(N([H])C(=O)[C:91]([H])=[C:92]([H])[H])c([H])c([H])c2n1,0,-0.1505648,-0.27937037,-170.46977953322605,-20.899578802026724,0.034240067,0.031096056,0.03266806,-0.007796094,-0.00924997,-0.008523032,-621545.8238009784,2.240366756916046,-621541.1907851041,-621543.5870219629
S2-55.1,intermediate,[H]c1nc(N([H])c2c([H])c([H])c([H])c(C([H])([H])[H])c2[H])c2c([H])c(N([H])C(=O)[C-:91]([H])[C:92]([H])([H])[S:93]C([H])([H])[H])c([H])c([H])c2n1,-1,-0.5081909,-0.10705145,-74.65453776135,55.578764234813434,-0.009085476,0.012926623,0.0019205734,-0.01052767,0.221807,0.10563967,-896551.428713989,3.5309928143396974,-896542.6491552747,-896545.99668477
S2-55.1,product,[H]c1nc(N([H])c2c([H])c([H])c([H])c(C([H])([H])[H])c2[H])c2c([H])c(N([H])C(=O)[C:91]([H])([H])[C:92]([H])([H])[S:93]C([H])([H])[H])c([H])c([H])c2n1,0,-0.12736368,-0.10619317,-162.57246225863943,-17.707292805890443,-0.039958343,-0.040081292,-0.040019818,-0.0011289418,-0.00834538,-0.004737161,-896911.9017698725,1.9829338481649756,-896905.0957428021,-896909.8476393847
S2-55.2,reactant,[H]c1nc(N([H])c2c([H])c([H])c([H])c(C([H])([H])[H])c2[H])c2c([H])c(N([H])C(=O)[C:91]([H])=[C:92]([H])[H])c([H])c([H])c2n1,0,-0.14656836,-0.2773074,-167.92320785262865,-18.207764115356362,0.05616501,0.046893477,0.051529244,-0.0017532408,-0.013971567,-0.007862404,-621547.1110323126,1.0273920046165586,-621540.8209365722,-621545.4094341472
S2-55.2,intermediate,[H]c1nc(N([H])c2c([H])c([H])c([H])c(C([H])([H])[H])c2[H])c2c([H])c(N([H])C(=O)[C-:91]([H])[C:92]([H])([H])[S:93]C([H])([H])[H])c([H])c([H])c2n1,-1,-0.51187754,-0.107258424,-77.70328354490871,56.97569109964918,-0.0046523437,0.01589787,0.005622763,-0.012215704,0.23931965,0.113551974,-896552.194906639,6.164670903235674,-896542.942459957,-896545.9270509011
S2-55.2,product,[H]c1nc(N([H])c2c([H])c([H])c([H])c(C([H])([H])[H])c2[H])c2c([H])c(N([H])C(=O)[C:91]([H])([H])[C:92]([H])([H])[S:93]C([H])([H])[H])c([H])c([H])c2n1,0,-0.1282058,-0.10401137,-162.86762625081877,-20.272693563705097,-0.03904987,-0.039748356,-0.039399114,-0.0016325861,-0.008760229,-0.0051964074,-896910.6784675076,1.609448866918683,-896904.8423134307,-896908.5624040449
S2-55.3,reactant,[H]c1nc(N([H])c2c([H])c([H])c([H])c(C([H])([H])[H])c2[H])c2c([H])c(N([H])C(=O)[C:91]([H])=[C:92]([H])[H])c([H])c([H])c2n1,0,-0.1499514,-0.27856293,-169.91632512946393,-18.7608085658463,0.03563285,0.031486765,0.033559807,-0.0061769634,-0.008580446,-0.007378705,-621546.6482214759,1.0566493598744273,-621541.0092231845,-621544.7236419045
S2-55.3,intermediate,[H]c1nc(N([H])c2c([H])c([H])c([H])c(C([H])([H])[H])c2[H])c2c([H])c(N([H])C(=O)[C-:91]([H])[C:92]([H])([H])[S:93]C([H])([H])[H])c([H])c([H])c2n1,-1,-0.51482636,-0.10350416,-75.71898237859737,58.5051339202051,-0.008872151,0.012122884,0.0016253665,-0.009463966,0.23461652,0.112576276,-896553.7832081176,4.241224174387753,-896543.8466873222,-896548.786876178
S2-55.3,product,[H]c1nc(N([H])c2c([H])c([H])c([H])c(C([H])([H])[H])c2[H])c2c([H])c(N([H])C(=O)[C:91]([H])([H])[C:92]([H])([H])[S:93]C([H])([H])[H])c([H])c([H])c2n1,0,-0.13986793,-0.12207935,-163.44436633719044,-19.45131215368319,-0.025953248,-0.023681618,-0.024817433,-0.00044585764,-0.0031844974,-0.0018151775,-896912.5964401396,2.743903772905469,-896905.3346002084,-896908.882529101
S2-55.4,reactant,[H]c1nc(N([H])c2c([H])c([H])c([H])c(C([H])([H])[H])c2[H])c2c([H])c(N([H])C(=O)[C:91]([H])=[C:92]([H])[H])c([H])c([H])c2n1,0,-0.1495617,-0.27837056,-170.01627122110722,-18.711590999791568,0.035579115,0.03142035,0.033499733,-0.006183937,-0.008712038,-0.007447988,-621546.6000168987,1.0470034591853619,-621541.3286332667,-621544.6950562543
S2-55.4,intermediate,[H]c1nc(N([H])c2c([H])c([H])c([H])c(C([H])([H])[H])c2[H])c2c([H])c(N([H])C(=O)[C-:91]([H])[C:92]([H])([H])[S:93]C([H])([H])[H])c([H])c([H])c2n1,-1,-0.5090417,-0.10688919,-74.47670389258577,55.4537768221184,-0.00878226,0.013172261,0.0021950006,-0.011441171,0.21924806,0.10390344,-896551.3645531575,2.955229598097503,-896542.5585923339,-896545.9144985758
S2-55.4,product,[H]c1nc(N([H])c2c([H])c([H])c([H])c(C([H])([H])[H])c2[H])c2c([H])c(N([H])C(=O)[C:91]([H])([H])[C:92]([H])([H])[S:93]C([H])([H])[H])c([H])c([H])c2n1,0,-0.13969712,-0.122451894,-163.30864347794918,-19.469796030039436,-0.025317855,-0.023021035,-0.024169445,-0.00029405951,-0.003033787,-0.0016639233,-896912.7352153406,1.7949250480160117,-896905.4709745127,-896909.1286529923
S2-55.5,reactant,[H]c1nc(N([H])c2c([H])c([H])c([H])c(C([H])([H])[H])c2[H])c2c([H])c(N([H])C(=O)[C:91]([H])=[C:92]([H])[H])c([H])c([H])c2n1,0,-0.1506726,-0.27959782,-170.38256517841018,-21.41616218537889,0.03430426,0.031205788,0.032755025,-0.007891014,-0.009303451,-0.008597232,-621545.6295867721,2.1548407217487693,-621540.6602120723,-621543.4104210158
S2-55.5,intermediate,[H]c1nc(N([H])c2c([H])c([H])c([H])c(C([H])([H])[H])c2[H])c2c([H])c(N([H])C(=O)[C-:91]([H])[C:92]([H])([H])[S:93]C([H])([H])[H])c([H])c([H])c2n1,-1,-0.5136382,-0.10338515,-75.67806059468457,57.64595995119372,-0.008532144,0.012325622,0.001896739,-0.009358048,0.23291203,0.11177699,-896553.3648414044,4.302016356959939,-896545.6275245752,-896548.4561808385
S2-55.5,product,[H]c1nc(N([H])c2c([H])c([H])c([H])c(C([H])([H])[H])c2[H])c2c([H])c(N([H])C(=O)[C:91]([H])([H])[C:92]([H])([H])[S:93]C([H])([H])[H])c([H])c([H])c2n1,0,-0.1445872,-0.117022775,-163.71877591302658,-18.22529548357459,-0.025066637,-0.023329891,-0.024198264,0.00036232173,-0.0021038502,-0.00087076426,-896913.8154008533,3.4450627183541656,-896906.4136002384,-896910.9027490101
S2-55.6,reactant,[H]c1nc(N([H])c2c([H])c([H])c([H])c(C([H])([H])[H])c2[H])c2c([H])c(N([H])C(=O)[C:91]([H])=[C:92]([H])[H])c([H])c([H])c2n1,0,-0.15142755,-0.27984884,-170.3393351044045,-21.336414523985813,0.03491786,0.031639427,0.033278644,-0.008277535,-0.009321049,-0.008799292,-621545.6988429623,3.407883114181459,-621540.834881967,-621543.356246126
S2-55.6,intermediate,[H]c1nc(N([H])c2c([H])c([H])c([H])c(C([H])([H])[H])c2[H])c2c([H])c(N([H])C(=O)[C-:91]([H])[C:92]([H])([H])[S:93]C([H])([H])[H])c([H])c([H])c2n1,-1,-0.5062064,-0.10673625,-74.45189496763726,54.86443665268101,-0.009108014,0.012650505,0.0017712452,-0.0090788305,0.21895501,0.10493809,-896551.2519155128,3.0738778486847878,-896542.5241584557,-896545.7304676845
S2-55.6,product,[H]c1nc(N([H])c2c([H])c([H])c([H])c(C([H])([H])[H])c2[H])c2c([H])c(N([H])C(=O)[C:91]([H])([H])[C:92]([H])([H])[S:93]C([H])([H])[H])c([H])c([H])c2n1,0,-0.13880895,-0.11863061,-163.78527795544088,-17.472557638051104,-0.026068836,-0.024587967,-0.025328401,0.006609902,0.003244847,0.0049273744,-896913.3336748638,3.5624153707176447,-896905.5192079449,-896909.9724208812
S2-55.7,reactant,[H]c1nc(N([H])c2c([H])c([H])c([H])c(C([H])([H])[H])c2[H])c2c([H])c(N([H])C(=O)[C:91]([H])=[C:92]([H])[H])c([H])c([H])c2n1,0,-0.15141289,-0.28014067,-170.38949298169936,-21.285085704305096,0.034903258,0.031727448,0.033315353,-0.0087694675,-0.009551048,-0.009160258,-621545.8299676215,3.271796576678753,-621539.3809519857,-621543.4386397044
S2-55.7,intermediate,[H]c1nc(N([H])c2c([H])c([H])c([H])c(C([H])([H])[H])c2[H])c2c([H])c(N([H])C(=O)[C-:91]([H])[C:92]([H])([H])[S:93]C([H])([H])[H])c([H])c([H])c2n1,-1,-0.48639315,-0.11866558,-74.17067436882839,53.70475788327291,-0.013180174,0.011076994,-0.0010515898,0.0010137558,0.24819699,0.12460537,-896549.35231129,2.778991738334298,-896541.5340664054,-896544.9564581676
S2-55.7,product,[H]c1nc(N([H])c2c([H])c([H])c([H])c(C([H])([H])[H])c2[H])c2c([H])c(N([H])C(=O)[C:91]([H])([H])[C:92]([H])([H])[S:93]C([H])([H])[H])c([H])c([H])c2n1,0,-0.13976948,-0.122112975,-163.33035650897511,-19.06486603548198,-0.025705703,-0.023464575,-0.024585139,-0.00039039552,-0.0031244904,-0.001757443,-896912.7846744944,1.5249530337750912,-896905.6267772518,-896909.2398877862
S2-55.8,reactant,[H]c1nc(N([H])c2c([H])c([H])c([H])c(C([H])([H])[H])c2[H])c2c([H])c(N([H])C(=O)[C:91]([H])=[C:92]([H])[H])c([H])c([H])c2n1,0,-0.1472706,-0.27651,-168.27754167008368,-19.77372140765231,0.0570668,0.047142178,0.052104488,-0.0041919947,-0.014801681,-0.009496838,-621546.3463733569,1.5954889301210642,-621541.0355868929,-621544.3238621945
S2-55.8,intermediate,[H]c1nc(N([H])c2c([H])c([H])c([H])c(C([H])([H])[H])c2[H])c2c([H])c(N([H])C(=O)[C-:91]([H])[C:92]([H])([H])[S:93]C([H])([H])[H])c([H])c([H])c2n1,-1,-0.51494396,-0.103449084,-75.74899124654789,58.4326546706164,-0.008620553,0.012309201,0.0018443242,-0.009835541,0.23469537,0.11242992,-896553.7758446863,4.474983152933419,-896546.3295544904,-896548.8106923142
S2-55.8,product,[H]c1nc(N([H])c2c([H])c([H])c([H])c(C([H])([H])[H])c2[H])c2c([H])c(N([H])C(=O)[C:91]([H])([H])[C:92]([H])([H])[S:93]C([H])([H])[H])c([H])c([H])c2n1,0,-0.13946135,-0.12217606,-163.29215893495333,-19.024070325471314,-0.025652498,-0.023262464,-0.02445748,-0.00029715896,-0.00300543,-0.0016512945,-896912.8050720403,1.6305178562179208,-896905.7477199077,-896909.375522975
S2-55.9,reactant,[H]c1nc(N([H])c2c([H])c([H])c([H])c(C([H])([H])[H])c2[H])c2c([H])c(N([H])C(=O)[C:91]([H])=[C:92]([H])[H])c([H])c([H])c2n1,0,-0.14729674,-0.27647397,-168.31569399465025,-19.794089204437327,0.05693233,0.047054157,0.051993243,-0.004331067,-0.014801055,-0.009566061,-621546.3495652464,1.9740185048431158,-621541.4164419184,-621544.3098059748
S2-55.9,intermediate,[H]c1nc(N([H])c2c([H])c([H])c([H])c(C([H])([H])[H])c2[H])c2c([H])c(N([H])C(=O)[C-:91]([H])[C:92]([H])([H])[S:93]C([H])([H])[H])c([H])c([H])c2n1,-1,-0.5132397,-0.10321658,-75.86442888691509,57.77975465172281,-0.008955948,0.011971042,0.0015075468,-0.009370089,0.23405653,0.11234322,-896553.3751740127,4.392243999987841,-896545.3004686288,-896548.4741223747
S2-55.9,product,[H]c1nc(N([H])c2c([H])c([H])c([H])c(C([H])([H])[H])c2[H])c2c([H])c(N([H])C(=O)[C:91]([H])([H])[C:92]([H])([H])[S:93]C([H])([H])[H])c([H])c([H])c2n1,0,-0.1397325,-0.122568205,-163.31399704574005,-19.4784351401975,-0.02520103,-0.022923723,-0.024062376,-0.00029110909,-0.003024429,-0.0016577691,-896912.7016007011,1.8016040045768023,-896905.5596079746,-896909.1133935911
S2-55.10,reactant,[H]c1nc(N([H])c2c([H])c([H])c([H])c(C([H])([H])[H])c2[H])c2c([H])c(N([H])C(=O)[C:91]([H])=[C:92]([H])[H])c([H])c([H])c2n1,0,-0.15131803,-0.28011245,-170.350177752946,-21.259619097553013,0.034832835,0.031645283,0.03323906,-0.008632243,-0.009517491,-0.009074867,-621545.8493679746,3.3217300940304995,-621540.8923537231,-621543.4337284946
S2-55.10,intermediate,[H]c1nc(N([H])c2c([H])c([H])c([H])c(C([H])([H])[H])c2[H])c2c([H])c(N([H])C(=O)[C-:91]([H])[C:92]([H])([H])[S:93]C([H])([H])[H])c([H])c([H])c2n1,-1,-0.49295822,-0.11798595,-72.77224839487543,56.26686959112126,-0.015155792,0.009764321,-0.0026957355,-0.00029739738,0.24299252,0.12134756,-896551.4407548561,2.0274607772007585,-896545.1813703196,-896548.0434830461
S2-55.10,product,[H]c1nc(N([H])c2c([H])c([H])c([H])c(C([H])([H])[H])c2[H])c2c([H])c(N([H])C(=O)[C:91]([H])([H])[C:92]([H])([H])[S:93]C([H])([H])[H])c([H])c([H])c2n1,0,-0.12731323,-0.105952516,-162.6102910365893,-17.65670012967566,-0.03983601,-0.040017173,-0.039926592,-0.0012377948,-0.008485958,-0.0048618764,-896911.9250224333,1.8314802013337612,-896906.5191430876,-896909.8671524582
S2-45.1,reactant,[H]c1nc(N([H])c2c([H])c(N([H])C(=O)/[C:91]([H])=[C:92](\[H])C([H])([H])[N+]([H])(C([H])([H])[H])C([H])([H])[H])c([H])c([H])c2OC([H])([H])[H])nc(N([H])c2c([H])c([H])c([H])c([H])c2C(=O)N([H])C([H])([H])[H])c1Cl,1,-0.13901472,-0.050134964,-195.34282324032677,-81.12698123301948,0.063409775,-0.0023395754,0.0305351,0.050340176,0.0028253198,0.026582748,-1280265.267212273,4.839310527779162,-1280254.5685660772,-1280260.0253684658
S2-45.1,intermediate,[H]c1nc(N([H])c2c([H])c(N([H])C(=O)[C-:91]([H])[C:92]([H])(C([H])([H])[N+]([H])(C([H])([H])[H])C([H])([H])[H])[S:93]C([H])([H])[H])c([H])c([H])c2OC([H])([H])[H])nc(N([H])c2c([H])c([H])c([H])c([H])c2C(=O)N([H])C([H])([H])[H])c1Cl,0,-0.4650115,-0.009860352,-121.63115308904332,-13.106555132772954,0.030590087,0.021603163,0.026096625,0.015185446,0.14800632,0.08159588,-1555333.9800419204,6.492542190477252,-1555315.831009106,-1555322.1312746916
S2-45.1,product,[H]c1nc(N([H])c2c([H])c(N([H])C(=O)[C:91]([H])([H])[C:92]([H])(C([H])([H])[N+]([H])(C([H])([H])[H])C([H])([H])[H])[S:93]C([H])([H])[H])c([H])c([H])c2OC([H])([H])[H])nc(N([H])c2c([H])c([H])c([H])c([H])c2C(=O)N([H])C([H])([H])[H])c1Cl,1,-0.105386294,-0.0017745603,-191.95578973426095,-76.28595840626987,-0.011644929,-0.030355785,-0.021000357,0.005254887,-0.0019017756,0.0016765557,-1555637.323474008,7.354147696867585,-1555623.2489842735,-1555629.8956674773
S2-45.2,reactant,[H]c1nc(N([H])c2c([H])c(N([H])C(=O)/[C:91]([H])=[C:92](\[H])C([H])([H])[N+]([H])(C([H])([H])[H])C([H])([H])[H])c([H])c([H])c2OC([H])([H])[H])nc(N([H])c2c([H])c([H])c([H])c([H])c2C(=O)N([H])C([H])([H])[H])c1Cl,1,-0.13595757,-0.058954053,-207.43104881488912,-83.76422391594956,0.098366834,0.00036242232,0.049364626,0.010538086,-0.0065146834,0.0020117015,-1280263.880680131,6.575508003123105,-1280248.2789873478,-1280253.7795441677
S2-45.2,intermediate,[H]c1nc(N([H])c2c([H])c(N([H])C(=O)[C-:91]([H])[C:92]([H])(C([H])([H])[N+]([H])(C([H])([H])[H])C([H])([H])[H])[S:93]C([H])([H])[H])c([H])c([H])c2OC([H])([H])[H])nc(N([H])c2c([H])c([H])c([H])c([H])c2C(=O)N([H])C([H])([H])[H])c1Cl,0,-0.17412326,-0.11286339,-148.94688638300784,-28.313866069598852,0.0053013265,0.009176575,0.0072389506,0.009766683,0.0012392849,0.005502984,-1555372.300272311,6.663409605622292,-1555346.4513675277,-1555351.7101988904
S2-45.2,product,[H]c1nc(N([H])c2c([H])c(N([H])C(=O)[C:91]([H])([H])[C:92]([H])(C([H])([H])[N+]([H])(C([H])([H])[H])C([H])([H])[H])[S:93]C([H])([H])[H])c([H])c([H])c2OC([H])([H])[H])nc(N([H])c2c([H])c([H])c([H])c([H])c2C(=O)N([H])C([H])([H])[H])c1Cl,1,-0.09690308,0.0021185016,-192.45335591932152,-76.93548096272514,-0.020523855,-0.03341515,-0.026969504,0.0026158765,-0.0057946295,-0.0015893765,-1555631.1887017752,3.2635492347180843,-1555616.997595168,-1555625.1151411214
S2-45.3,reactant,[H]c1nc(N([H])c2c([H])c(N([H])C(=O)/[C:91]([H])=[C:92](\[H])C([H])([H])[N+]([H])(C([H])([H])[H])C([H])([H])[H])c([H])c([H])c2OC([H])([H])[H])nc(N([H])c2c([H])c([H])c([H])c([H])c2C(=O)N([H])C([H])([H])[H])c1Cl,1,-0.1377266,-0.0674251,-194.99992978275134,-79.82726602689104,0.10266638,0.010426845,0.056546614,0.02209717,-0.005938083,0.008079544,-1280265.6551709585,2.579603030346334,-1280252.6745810388,-1280260.6187381877
S2-45.3,intermediate,[H]c1nc(N([H])c2c([H])c(N([H])C(=O)[C-:91]([H])[C:92]([H])(C([H])([H])[N+]([H])(C([H])([H])[H])C([H])([H])[H])[S:93]C([H])([H])[H])c([H])c([H])c2OC([H])([H])[H])nc(N([H])c2c([H])c([H])c([H])c([H])c2C(=O)N([H])C([H])([H])[H])c1Cl,0,-0.4225922,-0.03484947,-123.94405787631557,-14.148961472521819,-0.008041751,0.0010627694,-0.0034894906,0.0044025183,0.1302365,0.06731951,-1555327.5087712393,2.7350239157676697,-1555310.867125277,-1555317.0565432892
S2-45.3,product,[H]c1nc(N([H])c2c([H])c(N([H])C(=O)[C:91]([H])([H])[C:92]([H])(C([H])([H])[N+]([H])(C([H])([H])[H])C([H])([H])[H])[S:93]C([H])([H])[H])c([H])c([H])c2OC([H])([H])[H])nc(N([H])c2c([H])c([H])c([H])c([H])c2C(=O)N([H])C([H])([H])[H])c1Cl,1,-0.118826136,0.012557646,-188.92717577851548,-75.10273015108439,-0.029994713,-0.038867652,-0.03443118,0.005775854,0.0014890581,0.003632456,-1555630.073286626,7.003401152789593,-1555615.067711341,-1555622.6812585834
S2-45.4,reactant,[H]c1nc(N([H])c2c([H])c(N([H])C(=O)/[C:91]([H])=[C:92](\[H])C([H])([H])[N+]([H])(C([H])([H])[H])C([H])([H])[H])c([H])c([H])c2OC([H])([H])[H])nc(N([H])c2c([H])c([H])c([H])c([H])c2C(=O)N([H])C([H])([H])[H])c1Cl,1,-0.107799456,-0.08377608,-198.9066905193599,-82.89246369057494,0.066742174,-0.0066506565,0.030045759,0.037360534,-0.0050522983,0.016154118,-1280262.004433855,5.009342062287033,-1280249.430763853,-1280256.4906732012
S2-45.4,intermediate,[H]c1nc(N([H])c2c([H])c(N([H])C(=O)[C-:91]([H])[C:92]([H])(C([H])([H])[N+]([H])(C([H])([H])[H])C([H])([H])[H])[S:93]C([H])([H])[H])c([H])c([H])c2OC([H])([H])[H])nc(N([H])c2c([H])c([H])c([H])c([H])c2C(=O)N([H])C([H])([H])[H])c1Cl,0,-0.47922766,-0.028843824,-123.81817018850806,-13.043363561764018,-0.0071271323,-0.0016126763,-0.0043699043,0.014248431,0.15727794,0.085763186,-1555335.009262901,3.5740955909714103,-1555317.3816241836,-1555325.6224729375
S2-45.4,product,[H]c1nc(N([H])c2c([H])c(N([H])C(=O)[C:91]([H])([H])[C:92]([H])(C([H])([H])[N+]([H])(C([H])([H])[H])C([H])([H])[H])[S:93]C([H])([H])[H])c([H])c([H])c2OC([H])([H])[H])nc(N([H])c2c([H])c([H])c([H])c([H])c2C(=O)N([H])C([H])([H])[H])c1Cl,1,-0.12890542,0.021469187,-192.0199277053531,-74.34847003471197,-0.026119549,-0.03716476,-0.031642154,0.013197944,0.008119561,0.010658752,-1555638.047970903,3.880041948519647,-1555625.9872988749,-1555632.607942964
S2-45.5,reactant,[H]c1nc(N([H])c2c([H])c(N([H])C(=O)/[C:91]([H])=[C:92](\[H])C([H])([H])[N+]([H])(C([H])([H])[H])C([H])([H])[H])c([H])c([H])c2OC([H])([H])[H])nc(N([H])c2c([H])c([H])c([H])c([H])c2C(=O)N([H])C([H])([H])[H])c1Cl,1,-0.10829293,-0.07298845,-199.27401287293753,-82.39868474211161,0.049600266,-0.012469105,0.01856558,0.020606183,-0.016698003,0.0019540899,-1280253.944200891,4.307469675317407,-1280239.7175861278,-1280246.5853293005
S2-45.5,intermediate,[H]c1nc(N([H])c2c([H])c(N([H])C(=O)[C-:91]([H])[C:92]([H])(C([H])([H])[N+]([H])(C([H])([H])[H])C([H])([H])[H])[S:93]C([H])([H])[H])c([H])c([H])c2OC([H])([H])[H])nc(N([H])c2c([H])c([H])c([H])c([H])c2C(=O)N([H])C([H])([H])[H])c1Cl,0,-0.1943484,-0.09165125,-142.03215651503564,-30.67758982348335,0.0040158704,-0.0025522932,0.0007317886,0.012962729,0.0023415238,0.0076521263,-1555366.598196944,6.112939448095858,-1555340.3698112513,-1555345.777479654
S2-45.5,product,[H]c1nc(N([H])c2c([H])c(N([H])C(=O)[C:91]([H])([H])[C:92]([H])(C([H])([H])[N+]([H])(C([H])([H])[H])C([H])([H])[H])[S:93]C([H])([H])[H])c([H])c([H])c2OC([H])([H])[H])nc(N([H])c2c([H])c([H])c([H])c([H])c2C(=O)N([H])C([H])([H])[H])c1Cl,1,-0.10781839,0.028370652,-199.79765740296136,-79.0778318765041,-0.015834227,-0.044145375,-0.029989801,0.008310854,-0.0014214069,0.0034447238,-1555627.8919009995,4.040521157905459,-1555612.532631933,-1555619.8592697438
S2-45.6,reactant,[H]c1nc(N([H])c2c([H])c(N([H])C(=O)/[C:91]([H])=[C:92](\[H])C([H])([H])[N+]([H])(C([H])([H])[H])C([H])([H])[H])c([H])c([H])c2OC([H])([H])[H])nc(N([H])c2c([H])c([H])c([H])c([H])c2C(=O)N([H])C([H])([H])[H])c1Cl,1,-0.111342266,-0.07459546,-198.07039588284007,-81.61765862909222,0.037186302,-0.012352154,0.012417074,0.039175317,-0.0024047345,0.018385291,-1280260.8300825516,12.964680401608348,-1280243.9439408437,-1280250.1293715485
S2-45.6,intermediate,[H]c1nc(N([H])c2c([H])c(N([H])C(=O)[C-:91]([H])[C:92]([H])(C([H])([H])[N+]([H])(C([H])([H])[H])C([H])([H])[H])[S:93]C([H])([H])[H])c([H])c([H])c2OC([H])([H])[H])nc(N([H])c2c([H])c([H])c([H])c([H])c2C(=O)N([H])C([H])([H])[H])c1Cl,0,-0.42821285,0.013028379,-124.10147800260503,-13.46124472749455,0.008779458,-0.003144932,0.002817263,0.02377069,0.13879117,0.08128093,-1555343.8772439219,6.753965835087001,-1555317.7902367918,-1555323.211975759
S2-45.6,product,[H]c1nc(N([H])c2c([H])c(N([H])C(=O)[C:91]([H])([H])[C:92]([H])(C([H])([H])[N+]([H])(C([H])([H])[H])C([H])([H])[H])[S:93]C([H])([H])[H])c([H])c([H])c2OC([H])([H])[H])nc(N([H])c2c([H])c([H])c([H])c([H])c2C(=O)N([H])C([H])([H])[H])c1Cl,1,-0.10859646,-0.00942779,-191.69784562347058,-75.31181774170017,-0.021777421,-0.02932715,-0.025552286,0.009888396,0.0030862093,0.0064873025,-1555626.1950875085,5.129454807378352,-1555612.7833718136,-1555618.7118700198
S2-45.7,reactant,[H]c1nc(N([H])c2c([H])c(N([H])C(=O)/[C:91]([H])=[C:92](\[H])C([H])([H])[N+]([H])(C([H])([H])[H])C([H])([H])[H])c([H])c([H])c2OC([H])([H])[H])nc(N([H])c2c([H])c([H])c([H])c([H])c2C(=O)N([H])C([H])([H])[H])c1Cl,1,-0.12582725,-0.085238546,-214.25884849911415,-88.10277305142438,0.018162727,-0.010089241,0.004036743,0.010480195,-0.0029424727,0.0037688613,-1280268.0273144124,5.3265422666445374,-1280252.622495697,-1280259.1179816406
S2-45.7,intermediate,[H]c1nc(N([H])c2c([H])c(N([H])C(=O)[C-:91]([H])[C:92]([H])(C([H])([H])[N+]([H])(C([H])([H])[H])C([H])([H])[H])[S:93]C([H])([H])[H])c([H])c([H])c2OC([H])([H])[H])nc(N([H])c2c([H])c([H])c([H])c([H])c2C(=O)N([H])C([H])([H])[H])c1Cl,0,-0.468213,-0.006615128,-121.0504870109555,-12.365524297819734,0.029840581,0.020341747,0.025091164,0.01687345,0.15435529,0.08561437,-1555331.2508264438,5.616481155157089,-1555313.3940884406,-1555319.2107990177
S2-45.7,product,[H]c1nc(N([H])c2c([H])c(N([H])C(=O)[C:91]([H])([H])[C:92]([H])(C([H])([H])[N+]([H])(C([H])([H])[H])C([H])([H])[H])[S:93]C([H])([H])[H])c([H])c([H])c2OC([H])([H])[H])nc(N([H])c2c([H])c([H])c([H])c([H])c2C(=O)N([H])C([H])([H])[H])c1Cl,1,-0.12970078,-0.0037896305,-191.22639192797595,-75.28849591781584,-0.01809423,-0.028375551,-0.02323489,0.010884285,0.006758429,0.008821357,-1555638.6826186522,7.475467534735799,-1555625.636476128,-1555632.8351384467
S2-45.8,reactant,[H]c1nc(N([H])c2c([H])c(N([H])C(=O)/[C:91]([H])=[C:92](\[H])C([H])([H])[N+]([H])(C([H])([H])[H])C([H])([H])[H])c([H])c([H])c2OC([H])([H])[H])nc(N([H])c2c([H])c([H])c([H])c([H])c2C(=O)N([H])C([H])([H])[H])c1Cl,1,-0.14180458,-0.063891046,-195.8392995989793,-80.77173261508206,0.0936401,0.005958073,0.049799085,0.038365245,-0.0034601986,0.017452523,-1280265.5310821387,10.106163240969181,-1280250.1562623177,-1280257.335363455
S2-45.8,intermediate,[H]c1nc(N([H])c2c([H])c(N([H])C(=O)[C-:91]([H])[C:92]([H])(C([H])([H])[N+]([H])(C([H])([H])[H])C([H])([H])[H])[S:93]C([H])([H])[H])c([H])c([H])c2OC([H])([H])[H])nc(N([H])c2c([H])c([H])c([H])c([H])c2C(=O)N([H])C([H])([H])[H])c1Cl,0,-0.19044217,-0.08556811,-140.46092691396555,-27.342282396317927,0.017610021,0.0113646835,0.014487352,0.023158371,0.005992949,0.01457566,-1555367.242462614,4.243815138936043,-1555333.7126056508,-1555341.0525412827
S2-45.8,product,[H]c1nc(N([H])c2c([H])c(N([H])C(=O)[C:91]([H])([H])[C:92]([H])(C([H])([H])[N+]([H])(C([H])([H])[H])C([H])([H])[H])[S:93]C([H])([H])[H])c([H])c([H])c2OC([H])([H])[H])nc(N([H])c2c([H])c([H])c([H])c([H])c2C(=O)N([H])C([H])([H])[H])c1Cl,1,-0.10491341,0.021651648,-193.27280754258845,-78.14823794461554,-0.007282922,-0.031439967,-0.019361444,0.006980926,-0.00077560544,0.0031026602,-1555646.5258539503,2.1615723222494125,-1555634.9559405725,-1555641.817839873
S2-45.9,reactant,[H]c1nc(N([H])c2c([H])c(N([H])C(=O)/[C:91]([H])=[C:92](\[H])C([H])([H])[N+]([H])(C([H])([H])[H])C([H])([H])[H])c([H])c([H])c2OC([H])([H])[H])nc(N([H])c2c([H])c([H])c([H])c([H])c2C(=O)N([H])C([H])([H])[H])c1Cl,1,-0.105751514,-0.08905943,-198.68557701105127,-82.3951608860253,0.08283961,-0.0043111444,0.039264232,0.01952611,-0.00818032,0.0056728944,-1280263.5129991136,2.764362633228302,-1280252.3443755736,-1280257.7933066604
S2-45.9,intermediate,[H]c1nc(N([H])c2c([H])c(N([H])C(=O)[C-:91]([H])[C:92]([H])(C([H])([H])[N+]([H])(C([H])([H])[H])C([H])([H])[H])[S:93]C([H])([H])[H])c([H])c([H])c2OC([H])([H])[H])nc(N([H])c2c([H])c([H])c([H])c([H])c2C(=O)N([H])C([H])([H])[H])c1Cl,0,-0.2869722,0.006187835,-129.13194890588758,-18.668430961492096,0.009055227,0.002027738,0.0055414825,0.024051845,0.04401292,0.034032382,-1555369.649775999,3.9454409638419747,-1555359.3039251545,-1555364.9913310849
S2-45.9,product,[H]c1nc(N([H])c2c([H])c(N([H])C(=O)[C:91]([H])([H])[C:92]([H])(C([H])([H])[N+]([H])(C([H])([H])[H])C([H])([H])[H])[S:93]C([H])([H])[H])c([H])c([H])c2OC([H])([H])[H])nc(N([H])c2c([H])c([H])c([H])c([H])c2C(=O)N([H])C([H])([H])[H])c1Cl,1,-0.10467363,0.020826792,-198.52592100834445,-80.545052750283,-0.009072468,-0.032754473,-0.02091347,0.0064676926,-0.0012966394,0.0025855266,-1555641.743560356,2.8642149101942778,-1555628.4843178731,-1555634.907795528
S2-45.10,reactant,[H]c1nc(N([H])c2c([H])c(N([H])C(=O)/[C:91]([H])=[C:92](\[H])C([H])([H])[N+]([H])(C([H])([H])[H])C([H])([H])[H])c([H])c([H])c2OC([H])([H])[H])nc(N([H])c2c([H])c([H])c([H])c([H])c2C(=O)N([H])C([H])([H])[H])c1Cl,1,-0.1061219,-0.08423128,-198.75713680858277,-82.79866985560588,0.06833304,-0.0060941577,0.03111944,0.03672424,-0.005962439,0.0153809,-1280262.0658647807,4.701577635481954,-1280249.2273723935,-1280256.6137574203
S2-45.10,intermediate,[H]c1nc(N([H])c2c([H])c(N([H])C(=O)[C-:91]([H])[C:92]([H])(C([H])([H])[N+]([H])(C([H])([H])[H])C([H])([H])[H])[S:93]C([H])([H])[H])c([H])c([H])c2OC([H])([H])[H])nc(N([H])c2c([H])c([H])c([H])c([H])c2C(=O)N([H])C([H])([H])[H])c1Cl,0,-0.28588915,0.0138930585,-131.35764281171444,-18.499868583498472,0.010065214,0.0007204395,0.0053928266,0.022955596,0.04724942,0.03510251,-1555365.6671947814,5.069571312516928,-1555352.9283491373,-1555358.498148544
S2-45.10,product,[H]c1nc(N([H])c2c([H])c(N([H])C(=O)[C:91]([H])([H])[C:92]([H])(C([H])([H])[N+]([H])(C([H])([H])[H])C([H])([H])[H])[S:93]C([H])([H])[H])c([H])c([H])c2OC([H])([H])[H])nc(N([H])c2c([H])c([H])c([H])c([H])c2C(=O)N([H])C([H])([H])[H])c1Cl,1,-0.104821555,-0.00801067,-193.15900168197672,-77.16703546297894,-0.0012055533,-0.028038613,-0.014622084,0.006118037,-0.00015957654,0.0029792301,-1555645.1989328135,4.337515646591783,-1555633.2812479155,-1555639.3814172598
S2-47.1,reactant,[H]c1nc(N([H])c2c([H])c(N([H])C(=O)[C:91]3=[C:92]([H])C([H])([H])C([H])([H])[N@+]([H])(C([H])([H])[H])C3([H])[H])c([H])c([H])c2OC([H])([H])[H])nc(-c2c([H])nn3c([H])c([H])c([H])c([H])c23)c1Cl,1,0.016002858,-0.09779579,-203.84544921546765,-83.61682857648431,0.008722149,-0.0043704063,0.0021758713,-0.012944546,-0.039950244,-0.026447395,-1231492.970815111,2.3426764896139503,-1231483.1107171492,-1231487.9488288998
S2-47.1,intermediate,[H]C1=C([H])c2c(-c3nc(N([H])c4c([H])c(N([H])C(=O)[C-:91]5C([H])([H])[N@@+]([H])(C([H])([H])[H])C([H])([H])C([H])([H])[C:92]5([H])[S:93]C([H])([H])[H])c([H])c([H])c4OC([H])([H])[H])nc([H])c3Cl)c([H])nn2C([H])=C1[H],0,-0.41239095,-0.014916627,-135.47555247987353,-23.84346815950069,0.0012577921,0.00066476595,0.00096127903,0.024066627,0.14470637,0.0843865,-1506574.2165241225,7.575067882426083,-1506551.944985769,-1506560.308586498
S2-47.1,product,[H]c1nc(N([H])c2c([H])c(N([H])C(=O)[C:91]3([H])C([H])([H])[N@@+]([H])(C([H])([H])[H])C([H])([H])C([H])([H])[C:92]3([H])[S:93]C([H])([H])[H])c([H])c([H])c2OC([H])([H])[H])nc(-c2c([H])nn3c([H])c([H])c([H])c([H])c23)c1Cl,1,-0.067908816,0.00622971,-200.82912279800217,-82.77539024455733,-0.024636012,-0.042009883,-0.033322945,0.0031462684,-0.007467903,-0.0021608174,-1506866.7247170736,2.9602600475773215,-1506853.3106267843,-1506861.2376915016
S2-47.2,reactant,[H]c1nc(N([H])c2c([H])c(N([H])C(=O)[C:91]3=[C:92]([H])C([H])([H])C([H])([H])[N@+]([H])(C([H])([H])[H])C3([H])[H])c([H])c([H])c2OC([H])([H])[H])nc(-c2c([H])nn3c([H])c([H])c([H])c([H])c23)c1Cl,1,0.023561252,-0.09826018,-203.7331301643053,-83.80612710009709,0.017963037,-0.003994055,0.006984491,-0.010651005,-0.03987018,-0.025260594,-1231492.2758655627,1.9307989589869976,-1231480.5349510256,-1231486.9238904272
S2-47.2,intermediate,[H]C1=C([H])c2c(-c3nc(N([H])c4c([H])c(N([H])C(=O)[C-:91]5C([H])([H])[N@@+]([H])(C([H])([H])[H])C([H])([H])C([H])([H])[C:92]5([H])[S:93]C([H])([H])[H])c([H])c([H])c4OC([H])([H])[H])nc([H])c3Cl)c([H])nn2C([H])=C1[H],0,-0.34501773,-0.022965308,-130.704010357628,-17.175927242578812,-0.01549211,-0.014112242,-0.014802176,-0.0022832155,0.14050438,0.06911058,-1506575.9556337425,4.878570767119527,-1506561.2331554685,-1506567.4689532144
S2-47.2,product,[H]c1nc(N([H])c2c([H])c(N([H])C(=O)[C:91]3([H])C([H])([H])[N@@+]([H])(C([H])([H])[H])C([H])([H])C([H])([H])[C:92]3([H])[S:93]C([H])([H])[H])c([H])c([H])c2OC([H])([H])[H])nc(-c2c([H])nn3c([H])c([H])c([H])c([H])c23)c1Cl,1,-0.062098097,-0.016731167,-203.394236883371,-84.18628261867536,-0.011542078,-0.021409033,-0.016475555,0.0019649155,-0.0059145875,-0.001974836,-1506855.7770499454,2.4809710141271353,-1506841.8288591665,-1506849.005294568
S2-47.3,reactant,[H]c1nc(N([H])c2c([H])c(N([H])C(=O)[C:91]3=[C:92]([H])C([H])([H])C([H])([H])[N@+]([H])(C([H])([H])[H])C3([H])[H])c([H])c([H])c2OC([H])([H])[H])nc(-c2c([H])nn3c([H])c([H])c([H])c([H])c23)c1Cl,1,-0.0024830927,-0.09249834,-215.45521616148153,-86.13152098902482,-0.005327761,-0.0064651966,-0.005896479,-0.015940642,-0.0333428,-0.024641722,-1231495.0105141294,5.302747806534171,-1231481.0358997332,-1231487.7175236985
S2-47.3,intermediate,[H]C1=C([H])c2c(-c3nc(N([H])c4c([H])c(N([H])C(=O)[C-:91]5C([H])([H])[N@@+]([H])(C([H])([H])[H])C([H])([H])C([H])([H])[C:92]5([H])[S:93]C([H])([H])[H])c([H])c([H])c4OC([H])([H])[H])nc([H])c3Cl)c([H])nn2C([H])=C1[H],0,-0.33869898,-0.0236797,-133.07053695672602,-19.545133517055476,-0.009551086,-0.01083459,-0.010192838,-0.0012752116,0.14369616,0.071210474,-1506578.9145310228,6.955193950794637,-1506564.4143732884,-1506570.536680727
S2-47.3,product,[H]c1nc(N([H])c2c([H])c(N([H])C(=O)[C:91]3([H])C([H])([H])[N@@+]([H])(C([H])([H])[H])C([H])([H])C([H])([H])[C:92]3([H])[S:93]C([H])([H])[H])c([H])c([H])c2OC([H])([H])[H])nc(-c2c([H])nn3c([H])c([H])c([H])c([H])c23)c1Cl,1,-0.06392506,-0.0048898016,-199.34469657639778,-79.15417497029979,-0.032225393,-0.03626864,-0.03424702,-0.002290275,-0.009448789,-0.005869532,-1506850.6400652893,5.009950214996934,-1506834.8771026083,-1506843.9241642368
S2-47.4,reactant,[H]c1nc(N([H])c2c([H])c(N([H])C(=O)[C:91]3=[C:92]([H])C([H])([H])C([H])([H])[N@+]([H])(C([H])([H])[H])C3([H])[H])c([H])c([H])c2OC([H])([H])[H])nc(-c2c([H])nn3c([H])c([H])c([H])c([H])c23)c1Cl,1,0.015209875,-0.09802993,-203.86595930693423,-83.62170251293604,0.008550547,-0.004139833,0.002205357,-0.013133208,-0.039907213,-0.026520211,-1231492.9920775194,2.2957780258730054,-1231479.1330984996,-1231487.8831462923
S2-47.4,intermediate,[H]C1=C([H])c2c(-c3nc(N([H])c4c([H])c(N([H])C(=O)[C-:91]5C([H])([H])[N@@+]([H])(C([H])([H])[H])C([H])([H])C([H])([H])[C:92]5([H])[S:93]C([H])([H])[H])c([H])c([H])c4OC([H])([H])[H])nc([H])c3Cl)c([H])nn2C([H])=C1[H],0,-0.42681035,-0.028585257,-136.09240077792998,-22.655908477258883,-0.0117880255,-0.009807887,-0.010797956,0.035020918,0.1758833,0.105452105,-1506580.3384701344,12.071220240555704,-1506561.5598971674,-1506568.101689909
S2-47.4,product,[H]c1nc(N([H])c2c([H])c(N([H])C(=O)[C:91]3([H])C([H])([H])[N@@+]([H])(C([H])([H])[H])C([H])([H])C([H])([H])[C:92]3([H])[S:93]C([H])([H])[H])c([H])c([H])c2OC([H])([H])[H])nc(-c2c([H])nn3c([H])c([H])c([H])c([H])c23)c1Cl,1,-0.06158052,0.0016419701,-198.28525662862953,-80.80485529096283,-0.032632094,-0.03843103,-0.03553156,0.00078223273,-0.01007038,-0.0046440735,-1506856.8044217885,3.7430003667250276,-1506844.0007165638,-1506850.70384441
S2-47.5,reactant,[H]c1nc(N([H])c2c([H])c(N([H])C(=O)[C:91]3=[C:92]([H])C([H])([H])C([H])([H])[N@+]([H])(C([H])([H])[H])C3([H])[H])c([H])c([H])c2OC([H])([H])[H])nc(-c2c([H])nn3c([H])c([H])c([H])c([H])c23)c1Cl,1,0.0053285533,-0.0996165,-213.87939489617648,-86.30391967795636,0.0026798844,-0.0071536824,-0.002236899,-0.009440221,-0.030081043,-0.019760633,-1231495.157649001,2.1049652183428407,-1231482.184976931,-1231490.3249154913
S2-47.5,intermediate,[H]C1=C([H])c2c(-c3nc(N([H])c4c([H])c(N([H])C(=O)[C-:91]5C([H])([H])[N@@+]([H])(C([H])([H])[H])C([H])([H])C([H])([H])[C:92]5([H])[S:93]C([H])([H])[H])c([H])c([H])c4OC([H])([H])[H])nc([H])c3Cl)c([H])nn2C([H])=C1[H],0,-0.03809538,-0.14854097,-148.61970135964103,-32.68343642939441,0.0093446225,0.011729285,0.010536954,-0.022159291,-0.023418069,-0.022788681,-1506602.7469744713,5.430364601314068,-1506576.8553132664,-1506583.2080872755
S2-47.5,product,[H]c1nc(N([H])c2c([H])c(N([H])C(=O)[C:91]3([H])C([H])([H])[N@@+]([H])(C([H])([H])[H])C([H])([H])C([H])([H])[C:92]3([H])[S:93]C([H])([H])[H])c([H])c([H])c2OC([H])([H])[H])nc(-c2c([H])nn3c([H])c([H])c([H])c([H])c23)c1Cl,1,-0.052964848,0.00058408343,-200.2973182725415,-82.42816281291024,-0.020815013,-0.02633834,-0.023576677,-0.009615913,-0.014312293,-0.011964103,-1506853.4002595607,2.4788973052054644,-1506837.9490995111,-1506846.8280596866
S2-47.6,reactant,[H]c1nc(N([H])c2c([H])c(N([H])C(=O)[C:91]3=[C:92]([H])C([H])([H])C([H])([H])[N@+]([H])(C([H])([H])[H])C3([H])[H])c([H])c([H])c2OC([H])([H])[H])nc(-c2c([H])nn3c([H])c([H])c([H])c([H])c23)c1Cl,1,0.009622858,-0.106339745,-203.30773689168439,-83.84292847079615,0.03266429,0.0032896176,0.017976955,-0.00807955,-0.03679034,-0.022434946,-1231493.9554914199,1.6667543137446046,-1231481.077601551,-1231488.9994131867
S2-47.6,intermediate,[H]C1=C([H])c2c(-c3nc(N([H])c4c([H])c(N([H])C(=O)[C-:91]5C([H])([H])[N@@+]([H])(C([H])([H])[H])C([H])([H])C([H])([H])[C:92]5([H])[S:93]C([H])([H])[H])c([H])c([H])c4OC([H])([H])[H])nc([H])c3Cl)c([H])nn2C([H])=C1[H],0,-0.33559012,-0.024832342,-132.35885129424545,-18.204579324475187,-0.012078766,-0.01108769,-0.011583228,-0.019374162,0.13540365,0.058014743,-1506578.8778902066,5.596683702431619,-1506565.9634409696,-1506571.2321248772
S2-47.6,product,[H]c1nc(N([H])c2c([H])c(N([H])C(=O)[C:91]3([H])C([H])([H])[N@@+]([H])(C([H])([H])[H])C([H])([H])C([H])([H])[C:92]3([H])[S:93]C([H])([H])[H])c([H])c([H])c2OC([H])([H])[H])nc(-c2c([H])nn3c([H])c([H])c([H])c([H])c23)c1Cl,1,-0.0573387,-0.0125674885,-200.46202022802007,-83.09829825823584,-0.022352941,-0.034762226,-0.028557584,0.0005861074,-0.007790327,-0.0036021098,-1506869.1686109172,2.843143339268863,-1506856.9716794465,-1506863.070913416
S2-47.7,reactant,[H]c1nc(N([H])c2c([H])c(N([H])C(=O)[C:91]3=[C:92]([H])C([H])([H])C([H])([H])[N@+]([H])(C([H])([H])[H])C3([H])[H])c([H])c([H])c2OC([H])([H])[H])nc(-c2c([H])nn3c([H])c([H])c([H])c([H])c23)c1Cl,1,0.0119689,-0.10871769,-203.11702217655127,-82.77657340397565,0.042366855,0.0059634596,0.024165157,-0.008734214,-0.03668217,-0.022708192,-1231492.340386826,4.708220908418298,-1231477.9739755206,-1231486.4913209467
S2-47.7,intermediate,[H]C1=C([H])c2c(-c3nc(N([H])c4c([H])c(N([H])C(=O)[C-:91]5C([H])([H])[N@@+]([H])(C([H])([H])[H])C([H])([H])C([H])([H])[C:92]5([H])[S:93]C([H])([H])[H])c([H])c([H])c4OC([H])([H])[H])nc([H])c3Cl)c([H])nn2C([H])=C1[H],0,-0.32609504,-0.024350375,-130.76436024764806,-18.119095029305957,-0.013390114,-0.012040265,-0.012715189,-0.01722899,0.12207393,0.05242247,-1506578.4979498687,1.7101015066727996,-1506562.5445242252,-1506571.2044467127
S2-47.7,product,[H]c1nc(N([H])c2c([H])c(N([H])C(=O)[C:91]3([H])C([H])([H])[N@@+]([H])(C([H])([H])[H])C([H])([H])C([H])([H])[C:92]3([H])[S:93]C([H])([H])[H])c([H])c([H])c2OC([H])([H])[H])nc(-c2c([H])nn3c([H])c([H])c([H])c([H])c23)c1Cl,1,-0.0646196,-0.010790197,-200.61316009258212,-82.71581194715425,-0.01796256,-0.028997516,-0.02348004,-0.0048454665,-0.012633979,-0.008739723,-1506861.593262065,2.787717031314969,-1506845.8019116381,-1506855.390502279
S2-47.8,reactant,[H]c1nc(N([H])c2c([H])c(N([H])C(=O)[C:91]3=[C:92]([H])C([H])([H])C([H])([H])[N@+]([H])(C([H])([H])[H])C3([H])[H])c([H])c([H])c2OC([H])([H])[H])nc(-c2c([H])nn3c([H])c([H])c([H])c([H])c23)c1Cl,1,0.011639568,-0.109149225,-203.21394855981205,-82.64295012311398,0.041923948,0.006135121,0.024029534,-0.009163802,-0.036818963,-0.022991382,-1231492.2938594818,4.569409140385687,-1231478.736687887,-1231486.23544878
S2-47.8,intermediate,[H]C1=C([H])c2c(-c3nc(N([H])c4c([H])c(N([H])C(=O)[C-:91]5C([H])([H])[N@@+]([H])(C([H])([H])[H])C([H])([H])C([H])([H])[C:92]5([H])[S:93]C([H])([H])[H])c([H])c([H])c4OC([H])([H])[H])nc([H])c3Cl)c([H])nn2C([H])=C1[H],0,-0.3655647,-0.015628966,-131.49427802224295,-20.39039494228676,-0.016395317,-0.016777353,-0.016586335,0.016843826,0.15736078,0.0871023,-1506576.9308846835,4.16385605558753,-1506555.9664981426,-1506565.8707023114
S2-47.8,product,[H]c1nc(N([H])c2c([H])c(N([H])C(=O)[C:91]3([H])C([H])([H])[N@@+]([H])(C([H])([H])[H])C([H])([H])C([H])([H])[C:92]3([H])[S:93]C([H])([H])[H])c([H])c([H])c2OC([H])([H])[H])nc(-c2c([H])nn3c([H])c([H])c([H])c([H])c23)c1Cl,1,-0.052458197,-0.013926087,-199.38692824850594,-82.4098325479199,-0.030190391,-0.036816917,-0.033503655,-0.0002606511,-0.012205116,-0.006232884,-1506850.3043464764,5.102494624443352,-1506834.308595252,-1506841.9762635557
S2-47.9,reactant,[H]c1nc(N([H])c2c([H])c(N([H])C(=O)[C:91]3=[C:92]([H])C([H])([H])C([H])([H])[N@+]([H])(C([H])([H])[H])C3([H])[H])c([H])c([H])c2OC([H])([H])[H])nc(-c2c([H])nn3c([H])c([H])c([H])c([H])c23)c1Cl,1,0.013002496,-0.10833609,-203.18622692083915,-83.73104739804432,0.03595531,0.0043914616,0.020173386,-0.006314352,-0.03646625,-0.0213903,-1231493.7904006238,2.7412692764773965,-1231482.3866517826,-1231488.5715436316
S2-47.9,intermediate,[H]C1=C([H])c2c(-c3nc(N([H])c4c([H])c(N([H])C(=O)[C-:91]5C([H])([H])[N@@+]([H])(C([H])([H])[H])C([H])([H])C([H])([H])[C:92]5([H])[S:93]C([H])([H])[H])c([H])c([H])c4OC([H])([H])[H])nc([H])c3Cl)c([H])nn2C([H])=C1[H],0,-0.39562127,0.003007675,-132.95812968151714,-20.09845390670428,-0.019297581,-0.020358155,-0.019827869,0.012767345,0.17100795,0.091887645,-1506577.5465981772,5.385287151671946,-1506558.0148161526,-1506566.6197964784
S2-47.9,product,[H]c1nc(N([H])c2c([H])c(N([H])C(=O)[C:91]3([H])C([H])([H])[N@@+]([H])(C([H])([H])[H])C([H])([H])C([H])([H])[C:92]3([H])[S:93]C([H])([H])[H])c([H])c([H])c2OC([H])([H])[H])nc(-c2c([H])nn3c([H])c([H])c([H])c([H])c23)c1Cl,1,-0.064545326,0.0017386879,-202.43854366830834,-83.69299883616335,-0.025452964,-0.037115563,-0.031284265,0.00044623017,-0.0074873865,-0.0035205781,-1506865.6417763084,2.4527770336717367,-1506851.9443820524,-1506860.1617873113
S2-47.10,reactant,[H]c1nc(N([H])c2c([H])c(N([H])C(=O)[C:91]3=[C:92]([H])C([H])([H])C([H])([H])[N@+]([H])(C([H])([H])[H])C3([H])[H])c([H])c([H])c2OC([H])([H])[H])nc(-c2c([H])nn3c([H])c([H])c([H])c([H])c23)c1Cl,1,0.013529785,-0.1050973,-208.76955171617118,-84.99443851243113,0.029105969,0.0024885312,0.01579725,-0.0057967715,-0.034554742,-0.020175757,-1231493.5480001478,1.8753558173775673,-1231480.4441093584,-1231488.74084157
S2-47.10,intermediate,[H]C1=C([H])c2c(-c3nc(N([H])c4c([H])c(N([H])C(=O)[C-:91]5C([H])([H])[N@@+]([H])(C([H])([H])[H])C([H])([H])C([H])([H])[C:92]5([H])[S:93]C([H])([H])[H])c([H])c([H])c4OC([H])([H])[H])nc([H])c3Cl)c([H])nn2C([H])=C1[H],0,-0.3960705,0.0032407274,-133.00146396192264,-20.13927852332527,-0.019555122,-0.020550264,-0.020052694,0.01326859,0.17170672,0.092487656,-1506577.542929463,5.052910186350346,-1506559.7340452452,-1506566.6947627002
S2-47.10,product,[H]c1nc(N([H])c2c([H])c(N([H])C(=O)[C:91]3([H])C([H])([H])[N@@+]([H])(C([H])([H])[H])C([H])([H])C([H])([H])[C:92]3([H])[S:93]C([H])([H])[H])c([H])c([H])c2OC([H])([H])[H])nc(-c2c([H])nn3c([H])c([H])c([H])c([H])c23)c1Cl,1,-0.060803402,-0.019729163,-199.5392129979604,-81.91317234996403,-0.0244219,-0.02870151,-0.026561705,0.005245637,-0.0048847236,0.00018045679,-1506849.4631729685,3.7269084621220827,-1506835.5670849045,-1506843.0052763044
S2-53.1,reactant,[H]c1nc2c([H])c(OC([H])([H])C([H])([H])[H])c(N([H])C(=O)/[C:91]([H])=[C:92](\[H])C([H])([H])[N+]([H])(C([H])([H])[H])C([H])([H])[H])c([H])c2c(N([H])c2c([H])c([H])c(F)c(Cl)c2[H])c1C#N,1,-0.14294514,-0.063425794,-219.23069611543156,-92.36656601401323,0.042660683,-0.004898116,0.018881284,0.02300182,0.0019654185,0.012483619,-1201105.6286435933,5.272172448225319,-1201092.7644337858,-1201099.1518117604
S2-53.1,intermediate,[H]c1nc2c([H])c(OC([H])([H])C([H])([H])[H])c(N([H])C(=O)[C-:91]([H])[C:92]([H])(C([H])([H])[N+]([H])(C([H])([H])[H])C([H])([H])[H])[S:93]C([H])([H])[H])c([H])c2c(N([H])c2c([H])c([H])c(F)c(Cl)c2[H])c1C#N,0,-0.45376354,-0.01606683,-138.63940305537545,-22.393372833779047,0.0031977892,0.0030034026,0.003100596,0.014683336,0.16453108,0.08960721,-1476176.9064618126,5.357665015384555,-1476162.9696193354,-1476168.4507615122
S2-53.1,product,[H]c1nc2c([H])c(OC([H])([H])C([H])([H])[H])c(N([H])C(=O)[C:91]([H])([H])[C:92]([H])(C([H])([H])[N+]([H])(C([H])([H])[H])C([H])([H])[H])[S:93]C([H])([H])[H])c([H])c2c(N([H])c2c([H])c([H])c(F)c(Cl)c2[H])c1C#N,1,-0.11908205,-0.021134034,-225.60032343613773,-93.50965595390707,-0.032694947,-0.035773393,-0.03423417,0.007893965,0.0032527745,0.0055733696,-1476480.1005718561,13.760232301428914,-1476457.93693645,-1476464.3540269851
S2-53.2,reactant,[H]c1nc2c([H])c(OC([H])([H])C([H])([H])[H])c(N([H])C(=O)/[C:91]([H])=[C:92](\[H])C([H])([H])[N+]([H])(C([H])([H])[H])C([H])([H])[H])c([H])c2c(N([H])c2c([H])c([H])c(F)c(Cl)c2[H])c1C#N,1,-0.14357835,-0.06713333,-216.94938433862518,-91.05568631275027,0.03531932,-0.0052142516,0.015052535,0.045038775,0.006182179,0.025610477,-1201104.605496183,4.058497288264334,-1201093.433156898,-1201098.67859889
S2-53.2,intermediate,[H]c1nc2c([H])c(OC([H])([H])C([H])([H])[H])c(N([H])C(=O)[C-:91]([H])[C:92]([H])(C([H])([H])[N+]([H])(C([H])([H])[H])C([H])([H])[H])[S:93]C([H])([H])[H])c([H])c2c(N([H])c2c([H])c([H])c(F)c(Cl)c2[H])c1C#N,0,-0.28404087,-0.01652634,-149.26452552822852,-26.054127025557236,-0.017664447,-0.011545571,-0.014605009,0.014685184,0.040511027,0.027598105,-1476220.2067161864,4.132616617716849,-1476210.0633422488,-1476214.3913107135
S2-53.2,product,[H]c1nc2c([H])c(OC([H])([H])C([H])([H])[H])c(N([H])C(=O)[C:91]([H])([H])[C:92]([H])(C([H])([H])[N+]([H])(C([H])([H])[H])C([H])([H])[H])[S:93]C([H])([H])[H])c([H])c2c(N([H])c2c([H])c([H])c(F)c(Cl)c2[H])c1C#N,1,-0.10962063,-0.0131656565,-219.20139885906195,-90.38994991689859,-0.03057724,-0.03286315,-0.031720195,0.005482085,0.0023881793,0.003935132,-1476487.7335483052,11.592832181602716,-1476467.1303908932,-1476474.0450803994
S2-53.3,reactant,[H]c1nc2c([H])c(OC([H])([H])C([H])([H])[H])c(N([H])C(=O)/[C:91]([H])=[C:92](\[H])C([H])([H])[N+]([H])(C([H])([H])[H])C([H])([H])[H])c([H])c2c(N([H])c2c([H])c([H])c(F)c(Cl)c2[H])c1C#N,1,-0.104590334,-0.0785679,-216.4305147680045,-90.29441515082287,0.06451366,-0.0052811652,0.029616248,0.028071262,-0.010017455,0.009026904,-1201100.7929937523,4.225644742138684,-1201089.0922655254,-1201094.0083541612
S2-53.3,intermediate,[H]c1nc2c([H])c(OC([H])([H])C([H])([H])[H])c(N([H])C(=O)[C-:91]([H])[C:92]([H])(C([H])([H])[N+]([H])(C([H])([H])[H])C([H])([H])[H])[S:93]C([H])([H])[H])c([H])c2c(N([H])c2c([H])c([H])c(F)c(Cl)c2[H])c1C#N,0,-0.18420792,-0.12959433,-158.49547255456915,-37.526689562014035,0.0114466995,0.016908154,0.014177427,0.0083500445,0.001301974,0.0048260093,-1476215.0633007614,11.589376263320446,-1476169.1196800706,-1476174.7361491662
S2-53.3,product,[H]c1nc2c([H])c(OC([H])([H])C([H])([H])[H])c(N([H])C(=O)[C:91]([H])([H])[C:92]([H])(C([H])([H])[N+]([H])(C([H])([H])[H])C([H])([H])[H])[S:93]C([H])([H])[H])c([H])c2c(N([H])c2c([H])c([H])c(F)c(Cl)c2[H])c1C#N,1,-0.11657137,-0.022710742,-222.29546930945,-93.43403949706918,-0.027172918,-0.028179513,-0.027676215,0.0061393306,0.0036598146,0.0048995726,-1476480.4315092866,4.067964935675263,-1476468.2703444911,-1476472.2022131511
S2-53.4,reactant,[H]c1nc2c([H])c(OC([H])([H])C([H])([H])[H])c(N([H])C(=O)/[C:91]([H])=[C:92](\[H])C([H])([H])[N+]([H])(C([H])([H])[H])C([H])([H])[H])c([H])c2c(N([H])c2c([H])c([H])c(F)c(Cl)c2[H])c1C#N,1,-0.15382367,-0.053729452,-228.22402993102858,-95.51596810522301,0.012192838,-0.011698827,0.00024700537,0.02676545,0.005867973,0.016316712,-1201111.5607063754,12.434952259995043,-1201094.0427060116,-1201099.9895324288
S2-53.4,intermediate,[H]c1nc2c([H])c(OC([H])([H])C([H])([H])[H])c(N([H])C(=O)[C-:91]([H])[C:92]([H])(C([H])([H])[N+]([H])(C([H])([H])[H])C([H])([H])[H])[S:93]C([H])([H])[H])c([H])c2c(N([H])c2c([H])c([H])c(F)c(Cl)c2[H])c1C#N,0,-0.2955377,-0.007068338,-149.228751257729,-26.579156195152265,-0.0059214495,0.0034609823,-0.0012302336,0.028285176,0.06750691,0.047896042,-1476220.199656507,4.743039391934872,-1476203.425052319,-1476209.0756408097
S2-53.4,product,[H]c1nc2c([H])c(OC([H])([H])C([H])([H])[H])c(N([H])C(=O)[C:91]([H])([H])[C:92]([H])(C([H])([H])[N+]([H])(C([H])([H])[H])C([H])([H])[H])[S:93]C([H])([H])[H])c([H])c2c(N([H])c2c([H])c([H])c(F)c(Cl)c2[H])c1C#N,1,-0.11692074,-0.0011973294,-222.00063815696967,-93.54440979057496,-0.03342621,-0.039217867,-0.03632204,0.008762315,0.004260868,0.0065115914,-1476479.683820128,3.371712999418378,-1476468.5381164388,-1476473.2266409562
S2-53.5,reactant,[H]c1nc2c([H])c(OC([H])([H])C([H])([H])[H])c(N([H])C(=O)/[C:91]([H])=[C:92](\[H])C([H])([H])[N+]([H])(C([H])([H])[H])C([H])([H])[H])c([H])c2c(N([H])c2c([H])c([H])c(F)c(Cl)c2[H])c1C#N,1,-0.11473429,-0.07194643,-223.08559757950763,-93.2391509379452,-0.0066751465,-0.014763132,-0.010719139,0.024725243,0.0034957677,0.014110506,-1201105.3897453228,2.787792395800352,-1201094.9782560235,-1201099.4554807267
S2-53.5,intermediate,[H]c1nc2c([H])c(OC([H])([H])C([H])([H])[H])c(N([H])C(=O)[C-:91]([H])[C:92]([H])(C([H])([H])[N+]([H])(C([H])([H])[H])C([H])([H])[H])[S:93]C([H])([H])[H])c([H])c2c(N([H])c2c([H])c([H])c(F)c(Cl)c2[H])c1C#N,0,-0.17632002,-0.115964584,-156.73117941977281,-34.980343884477875,0.0104466155,0.017474331,0.013960473,0.020357177,0.0072372854,0.013797231,-1476221.2372831465,4.973699457012117,-1476179.5791418583,-1476184.5360342825
S2-53.5,product,[H]c1nc2c([H])c(OC([H])([H])C([H])([H])[H])c(N([H])C(=O)[C:91]([H])([H])[C:92]([H])(C([H])([H])[N+]([H])(C([H])([H])[H])C([H])([H])[H])[S:93]C([H])([H])[H])c([H])c2c(N([H])c2c([H])c([H])c(F)c(Cl)c2[H])c1C#N,1,-0.10940627,-0.018642193,-223.9715476880924,-97.05236496550704,-0.033941913,-0.038203046,-0.03607248,0.0061567873,0.0021625012,0.0041596442,-1476488.9961832347,3.527143966406584,-1476476.998910856,-1476483.2126889832
S2-53.6,reactant,[H]c1nc2c([H])c(OC([H])([H])C([H])([H])[H])c(N([H])C(=O)/[C:91]([H])=[C:92](\[H])C([H])([H])[N+]([H])(C([H])([H])[H])C([H])([H])[H])c([H])c2c(N([H])c2c([H])c([H])c(F)c(Cl)c2[H])c1C#N,1,-0.12604669,-0.08332009,-228.24119146297585,-95.46732284755221,-0.0016031414,-0.006821722,-0.0042124316,0.019706905,0.0012346134,0.010470759,-1201107.2014758326,9.867378752678633,-1201088.691419737,-1201094.4192056397
S2-53.6,intermediate,[H]c1nc2c([H])c(OC([H])([H])C([H])([H])[H])c(N([H])C(=O)[C-:91]([H])[C:92]([H])(C([H])([H])[N+]([H])(C([H])([H])[H])C([H])([H])[H])[S:93]C([H])([H])[H])c([H])c2c(N([H])c2c([H])c([H])c(F)c(Cl)c2[H])c1C#N,0,-0.28756106,-0.014704813,-149.72041735313132,-26.677321814954045,-0.018507104,-0.012682316,-0.01559471,0.00984928,0.042332724,0.026091002,-1476222.9196982656,3.7635310254991055,-1476211.2908656644,-1476217.0173160005
S2-53.6,product,[H]c1nc2c([H])c(OC([H])([H])C([H])([H])[H])c(N([H])C(=O)[C:91]([H])([H])[C:92]([H])(C([H])([H])[N+]([H])(C([H])([H])[H])C([H])([H])[H])[S:93]C([H])([H])[H])c([H])c2c(N([H])c2c([H])c([H])c(F)c(Cl)c2[H])c1C#N,1,-0.119519964,-0.0014049913,-216.62360721538815,-88.22460028373173,-0.026586236,-0.029730704,-0.028158471,0.013134971,0.010391377,0.011763174,-1476482.3638472687,5.429850855842233,-1476470.1296573482,-1476475.5412660392
S2-53.7,reactant,[H]c1nc2c([H])c(OC([H])([H])C([H])([H])[H])c(N([H])C(=O)/[C:91]([H])=[C:92](\[H])C([H])([H])[N+]([H])(C([H])([H])[H])C([H])([H])[H])c([H])c2c(N([H])c2c([H])c([H])c(F)c(Cl)c2[H])c1C#N,1,-0.11602538,-0.07038198,-219.35979691422912,-92.53216186951552,0.033962265,-0.008698255,0.012632005,0.01914107,-0.0064805597,0.0063302554,-1201101.3971145956,8.650015438906848,-1201088.991017901,-1201094.1660802215
S2-53.7,intermediate,[H]c1nc2c([H])c(OC([H])([H])C([H])([H])[H])c(N([H])C(=O)[C-:91]([H])[C:92]([H])(C([H])([H])[N+]([H])(C([H])([H])[H])C([H])([H])[H])[S:93]C([H])([H])[H])c([H])c2c(N([H])c2c([H])c([H])c(F)c(Cl)c2[H])c1C#N,0,-0.39638352,-0.042751458,-136.86754182884926,-17.697544312676328,-0.010275271,-0.002695568,-0.0064854193,-0.0056785047,0.11954337,0.056932434,-1476178.942621017,12.154019253328443,-1476159.511477555,-1476164.1236040152
S2-53.7,product,[H]c1nc2c([H])c(OC([H])([H])C([H])([H])[H])c(N([H])C(=O)[C:91]([H])([H])[C:92]([H])(C([H])([H])[N+]([H])(C([H])([H])[H])C([H])([H])[H])[S:93]C([H])([H])[H])c([H])c2c(N([H])c2c([H])c([H])c(F)c(Cl)c2[H])c1C#N,1,-0.11485628,-0.031357445,-220.658687440928,-93.52337538879173,-0.015727809,-0.027689524,-0.021708667,0.005922593,0.0019105971,0.003916595,-1476480.879204089,7.37036176212132,-1476467.9039574503,-1476472.7039115154
S2-53.8,reactant,[H]c1nc2c([H])c(OC([H])([H])C([H])([H])[H])c(N([H])C(=O)/[C:91]([H])=[C:92](\[H])C([H])([H])[N+]([H])(C([H])([H])[H])C([H])([H])[H])c([H])c2c(N([H])c2c([H])c([H])c(F)c(Cl)c2[H])c1C#N,1,-0.10795278,-0.07818254,-216.0339141180527,-89.41319512601682,0.04990285,-0.006053135,0.021924857,0.026784502,-0.01024428,0.008270111,-1201100.6325583574,7.609532869420946,-1201086.8944742698,-1201092.4622415316
S2-53.8,intermediate,[H]c1nc2c([H])c(OC([H])([H])C([H])([H])[H])c(N([H])C(=O)[C-:91]([H])[C:92]([H])(C([H])([H])[N+]([H])(C([H])([H])[H])C([H])([H])[H])[S:93]C([H])([H])[H])c([H])c2c(N([H])c2c([H])c([H])c(F)c(Cl)c2[H])c1C#N,0,-0.27594948,-0.0057652993,-148.25726646686442,-25.044974258644988,-0.015729072,-0.012581115,-0.014155094,0.007932067,0.030615613,0.01927384,-1476222.2581202053,4.650555913336575,-1476209.2714172227,-1476216.1821908841
S2-53.8,product,[H]c1nc2c([H])c(OC([H])([H])C([H])([H])[H])c(N([H])C(=O)[C:91]([H])([H])[C:92]([H])(C([H])([H])[N+]([H])(C([H])([H])[H])C([H])([H])[H])[S:93]C([H])([H])[H])c([H])c2c(N([H])c2c([H])c([H])c(F)c(Cl)c2[H])c1C#N,1,-0.13150705,-0.0064674406,-221.11143573181573,-93.00050201513719,-0.030357962,-0.040020283,-0.035189122,0.009046033,0.0055381656,0.0072920993,-1476475.0280285426,9.67761758621782,-1476460.0308925032,-1476465.925099745
S2-53.9,reactant,[H]c1nc2c([H])c(OC([H])([H])C([H])([H])[H])c(N([H])C(=O)/[C:91]([H])=[C:92](\[H])C([H])([H])[N+]([H])(C([H])([H])[H])C([H])([H])[H])c([H])c2c(N([H])c2c([H])c([H])c(F)c(Cl)c2[H])c1C#N,1,-0.11642344,-0.07303314,-219.4906567772716,-92.51181939145533,0.026988432,-0.007920638,0.009533897,0.019824773,-0.006407231,0.006708771,-1201101.7621457244,7.015537798404694,-1201088.8219097315,-1201094.7131347486
S2-53.9,intermediate,[H]c1nc2c([H])c(OC([H])([H])C([H])([H])[H])c(N([H])C(=O)[C-:91]([H])[C:92]([H])(C([H])([H])[N+]([H])(C([H])([H])[H])C([H])([H])[H])[S:93]C([H])([H])[H])c([H])c2c(N([H])c2c([H])c([H])c(F)c(Cl)c2[H])c1C#N,0,-0.2946194,-0.011785829,-151.2180606293069,-31.63643904958037,-0.005861221,-0.004326064,-0.0050936425,0.017083675,0.061438486,0.03926108,-1476214.266770776,3.8383759930729866,-1476201.5770657659,-1476207.5188412229
S2-53.9,product,[H]c1nc2c([H])c(OC([H])([H])C([H])([H])[H])c(N([H])C(=O)[C:91]([H])([H])[C:92]([H])(C([H])([H])[N+]([H])(C([H])([H])[H])C([H])([H])[H])[S:93]C([H])([H])[H])c([H])c2c(N([H])c2c([H])c([H])c(F)c(Cl)c2[H])c1C#N,1,-0.11478788,-0.014129491,-219.78128041398375,-90.08788659766527,-0.032965325,-0.036072794,-0.03451906,0.00698068,0.003623329,0.0053020045,-1476485.9064549813,4.2096062786877155,-1476472.1931629912,-1476478.5498704931
S2-53.10,reactant,[H]c1nc2c([H])c(OC([H])([H])C([H])([H])[H])c(N([H])C(=O)/[C:91]([H])=[C:92](\[H])C([H])([H])[N+]([H])(C([H])([H])[H])C([H])([H])[H])c([H])c2c(N([H])c2c([H])c([H])c(F)c(Cl)c2[H])c1C#N,1,-0.13368662,-0.07545238,-228.68091325093746,-96.15045235760081,-0.0104607195,-0.011027932,-0.010744326,0.017065123,0.006098345,0.011581734,-1201109.780508997,7.7122545931488276,-1201095.8582785164,-1201100.6994538258
S2-53.10,intermediate,[H]c1nc2c([H])c(OC([H])([H])C([H])([H])[H])c(N([H])C(=O)[C-:91]([H])[C:92]([H])(C([H])([H])[N+]([H])(C([H])([H])[H])C([H])([H])[H])[S:93]C([H])([H])[H])c([H])c2c(N([H])c2c([H])c([H])c(F)c(Cl)c2[H])c1C#N,0,-0.4593702,-0.06596659,-137.02527245929204,-17.47432585343008,-0.009556767,0.005691804,-0.0019324813,0.013369024,0.1348666,0.07411781,-1476192.3189359624,5.804286165162921,-1476174.8912013937,-1476181.3107366192
S2-53.10,product,[H]c1nc2c([H])c(OC([H])([H])C([H])([H])[H])c(N([H])C(=O)[C:91]([H])([H])[C:92]([H])(C([H])([H])[N+]([H])(C([H])([H])[H])C([H])([H])[H])[S:93]C([H])([H])[H])c([H])c2c(N([H])c2c([H])c([H])c(F)c(Cl)c2[H])c1C#N,1,-0.113495074,0.006980082,-211.77040542267486,-85.24297216625524,-0.034516945,-0.045206793,-0.039861873,0.011597432,0.003799595,0.0076985136,-1476474.4819317716,6.183116524480283,-1476460.0618304322,-1476466.5769471757
S2-48.1,reactant,[H]c1nc(N([H])c2c([H])c(N([H])C(=O)[C:91]3=[C:92]([H])C([H])([H])[N@+]([H])(C([H])([H])[H])C([H])([H])C3([H])[H])c([H])c([H])c2OC([H])([H])[H])nc(-c2c([H])nn3c([H])c([H])c([H])c([H])c23)c1Cl,1,0.027305415,-0.11982366,-203.50959972370396,-84.23251648943267,0.023856826,-0.0029780716,0.010439377,-0.025607808,-0.04211149,-0.033859648,-1231492.1098043085,1.7394487159326673,-1231479.16510001,-1231487.326838789
S2-48.1,intermediate,[H]C1=C([H])c2c(-c3nc(N([H])c4c([H])c(N([H])C(=O)[C-:91]5C([H])([H])C([H])([H])[N@@+]([H])(C([H])([H])[H])C([H])([H])[C:92]5([H])[S:93]C([H])([H])[H])c([H])c([H])c4OC([H])([H])[H])nc([H])c3Cl)c([H])nn2C([H])=C1[H],0,-0.3401414,0.005346289,-132.3108615696906,-17.972810686342033,-0.0052875374,-0.015946953,-0.010617245,-0.020069033,0.13603938,0.05798517,-1506565.0371363903,3.253771332092583,-1506537.5788628203,-1506545.8050158175
S2-48.1,product,[H]c1nc(N([H])c2c([H])c(N([H])C(=O)[C:91]3([H])C([H])([H])C([H])([H])[N@@+]([H])(C([H])([H])[H])C([H])([H])[C:92]3([H])[S:93]C([H])([H])[H])c([H])c([H])c2OC([H])([H])[H])nc(-c2c([H])nn3c([H])c([H])c([H])c([H])c23)c1Cl,1,-0.06715424,0.0068460656,-198.2001444987066,-80.52919399116361,-0.0350767,-0.04655269,-0.040814698,-0.007410165,-0.01334203,-0.010376098,-1506855.0888853585,5.844517503865063,-1506843.7187438952,-1506848.1140553644
S2-48.2,reactant,[H]c1nc(N([H])c2c([H])c(N([H])C(=O)[C:91]3=[C:92]([H])C([H])([H])[N@+]([H])(C([H])([H])[H])C([H])([H])C3([H])[H])c([H])c([H])c2OC([H])([H])[H])nc(-c2c([H])nn3c([H])c([H])c([H])c([H])c23)c1Cl,1,0.014253385,-0.08412836,-204.20848545218325,-85.68680336442512,0.034807093,0.0046660528,0.019736573,-0.034083437,-0.047967777,-0.04102561,-1231489.5259036105,1.7750057550147176,-1231479.0472748696,-1231484.8334922409
S2-48.2,intermediate,[H]C1=C([H])c2c(-c3nc(N([H])c4c([H])c(N([H])C(=O)[C-:91]5C([H])([H])C([H])([H])[N@@+]([H])(C([H])([H])[H])C([H])([H])[C:92]5([H])[S:93]C([H])([H])[H])c([H])c([H])c4OC([H])([H])[H])nc([H])c3Cl)c([H])nn2C([H])=C1[H],0,-0.03892325,-0.14469892,-146.96343026922838,-23.16579812844843,0.018111438,0.01994922,0.019030329,-0.023513153,-0.023119308,-0.02331623,-1506605.6329100542,6.355790421366692,-1506571.7294849188,-1506580.0609259268
S2-48.2,product,[H]c1nc(N([H])c2c([H])c(N([H])C(=O)[C:91]3([H])C([H])([H])C([H])([H])[N@@+]([H])(C([H])([H])[H])C([H])([H])[C:92]3([H])[S:93]C([H])([H])[H])c([H])c([H])c2OC([H])([H])[H])nc(-c2c([H])nn3c([H])c([H])c([H])c([H])c23)c1Cl,1,-0.07210938,-0.017764123,-198.72055888394627,-80.3905888087571,-0.02203645,-0.03090821,-0.02647233,0.00052464753,-0.00465136,-0.0020633563,-1506851.2248428308,2.3994736215099692,-1506837.783191299,-1506845.6534596975
S2-48.3,reactant,[H]c1nc(N([H])c2c([H])c(N([H])C(=O)[C:91]3=[C:92]([H])C([H])([H])[N@+]([H])(C([H])([H])[H])C([H])([H])C3([H])[H])c([H])c([H])c2OC([H])([H])[H])nc(-c2c([H])nn3c([H])c([H])c([H])c([H])c23)c1Cl,1,0.026747514,-0.1237979,-203.1955390965719,-83.88803765979459,0.027587377,-0.001131624,0.013227876,-0.026616246,-0.04141902,-0.034017634,-1231492.513520312,2.8350347820669413,-1231483.1367656987,-1231487.395887876
S2-48.3,intermediate,[H]C1=C([H])c2c(-c3nc(N([H])c4c([H])c(N([H])C(=O)[C-:91]5C([H])([H])C([H])([H])[N@@+]([H])(C([H])([H])[H])C([H])([H])[C:92]5([H])[S:93]C([H])([H])[H])c([H])c([H])c4OC([H])([H])[H])nc([H])c3Cl)c([H])nn2C([H])=C1[H],0,0.00073374214,-0.13456132,-140.02011164551817,-26.683501619410954,0.010001227,0.0032285005,0.006614864,0.008025068,-0.021666171,-0.006820551,-1506568.1946447429,4.152619377709925,-1506546.6885802269,-1506553.5853697753
S2-48.3,product,[H]c1nc(N([H])c2c([H])c(N([H])C(=O)[C:91]3([H])C([H])([H])C([H])([H])[N@@+]([H])(C([H])([H])[H])C([H])([H])[C:92]3([H])[S:93]C([H])([H])[H])c([H])c([H])c2OC([H])([H])[H])nc(-c2c([H])nn3c([H])c([H])c([H])c([H])c23)c1Cl,1,-0.06299762,-0.011638985,-200.65210532415625,-82.94557862387029,-0.021806072,-0.03396852,-0.027887296,-0.0048465766,-0.010452583,-0.00764958,-1506864.7865687327,2.853958242572844,-1506850.9806347932,-1506859.3850254884
S2-48.4,reactant,[H]c1nc(N([H])c2c([H])c(N([H])C(=O)[C:91]3=[C:92]([H])C([H])([H])[N@+]([H])(C([H])([H])[H])C([H])([H])C3([H])[H])c([H])c([H])c2OC([H])([H])[H])nc(-c2c([H])nn3c([H])c([H])c([H])c([H])c23)c1Cl,1,0.026929772,-0.1238216,-203.2759074534317,-83.9536647058039,0.026918888,-0.0013781041,0.012770392,-0.026748462,-0.041457012,-0.034102738,-1231492.5063761643,2.7540548872202635,-1231481.1826622128,-1231487.3527812744
S2-48.4,intermediate,[H]C1=C([H])c2c(-c3nc(N([H])c4c([H])c(N([H])C(=O)[C-:91]5C([H])([H])C([H])([H])[N@@+]([H])(C([H])([H])[H])C([H])([H])[C:92]5([H])[S:93]C([H])([H])[H])c([H])c([H])c4OC([H])([H])[H])nc([H])c3Cl)c([H])nn2C([H])=C1[H],0,-0.33903944,0.005903867,-132.30283896727317,-18.127020439263436,-0.0056614764,-0.016142417,-0.010901947,-0.020174354,0.13553138,0.057678513,-1506565.0615629978,3.592025094665587,-1506540.9570821642,-1506546.2266811472
S2-48.4,product,[H]c1nc(N([H])c2c([H])c(N([H])C(=O)[C:91]3([H])C([H])([H])C([H])([H])[N@@+]([H])(C([H])([H])[H])C([H])([H])[C:92]3([H])[S:93]C([H])([H])[H])c([H])c([H])c2OC([H])([H])[H])nc(-c2c([H])nn3c([H])c([H])c([H])c([H])c23)c1Cl,1,-0.06483321,-0.009717001,-198.33796075016758,-80.44768103112678,-0.031203799,-0.037984878,-0.03459434,-0.0022681057,-0.008938797,-0.0056034513,-1506851.7791777416,4.781706104055047,-1506836.7800628375,-1506843.9269150775
S2-48.5,reactant,[H]c1nc(N([H])c2c([H])c(N([H])C(=O)[C:91]3=[C:92]([H])C([H])([H])[N@+]([H])(C([H])([H])[H])C([H])([H])C3([H])[H])c([H])c([H])c2OC([H])([H])[H])nc(-c2c([H])nn3c([H])c([H])c([H])c([H])c23)c1Cl,1,0.023925113,-0.11499869,-204.1728740037483,-83.86302116316547,0.03084644,-3.771484e-05,0.015404362,-0.03322856,-0.04248078,-0.03785467,-1231489.9859622265,6.397005898877978,-1231477.452216428,-1231484.0692082567
S2-48.5,intermediate,[H]C1=C([H])c2c(-c3nc(N([H])c4c([H])c(N([H])C(=O)[C-:91]5C([H])([H])C([H])([H])[N@@+]([H])(C([H])([H])[H])C([H])([H])[C:92]5([H])[S:93]C([H])([H])[H])c([H])c([H])c4OC([H])([H])[H])nc([H])c3Cl)c([H])nn2C([H])=C1[H],0,-0.0031022686,-0.14618574,-140.57642521608298,-22.966994429101597,0.020948008,0.013641581,0.017294794,0.020607417,-0.008437606,0.006084906,-1506595.2427259623,6.2046504486352205,-1506580.7433447556,-1506587.0204826798
S2-48.5,product,[H]c1nc(N([H])c2c([H])c(N([H])C(=O)[C:91]3([H])C([H])([H])C([H])([H])[N@@+]([H])(C([H])([H])[H])C([H])([H])[C:92]3([H])[S:93]C([H])([H])[H])c([H])c([H])c2OC([H])([H])[H])nc(-c2c([H])nn3c([H])c([H])c([H])c([H])c23)c1Cl,1,-0.051718857,-0.02236892,-210.78804066496426,-87.63483881916969,-0.019574663,-0.028684914,-0.024129787,-0.0057614334,-0.01197112,-0.008866277,-1506869.8524254763,5.347709241323173,-1506857.8871986466,-1506863.7292146794
S2-48.6,reactant,[H]c1nc(N([H])c2c([H])c(N([H])C(=O)[C:91]3=[C:92]([H])C([H])([H])[N@+]([H])(C([H])([H])[H])C([H])([H])C3([H])[H])c([H])c([H])c2OC([H])([H])[H])nc(-c2c([H])nn3c([H])c([H])c([H])c([H])c23)c1Cl,1,0.02653712,-0.124411725,-203.05601351897428,-83.82993879187242,0.02945245,-0.00022584945,0.014613301,-0.026787613,-0.04146615,-0.03412688,-1231492.481843732,3.064866411499679,-1231478.9959655218,-1231487.2973957625
S2-48.6,intermediate,[H]C1=C([H])c2c(-c3nc(N([H])c4c([H])c(N([H])C(=O)[C-:91]5C([H])([H])C([H])([H])[N@@+]([H])(C([H])([H])[H])C([H])([H])[C:92]5([H])[S:93]C([H])([H])[H])c([H])c([H])c4OC([H])([H])[H])nc([H])c3Cl)c([H])nn2C([H])=C1[H],0,-0.04794943,-0.14257982,-147.72987438938625,-31.34608314528537,0.022554338,0.023097478,0.022825908,-0.02450368,-0.022967596,-0.023735639,-1506606.2042279465,7.7310212114825845,-1506578.044764059,-1506585.5043827642
S2-48.6,product,[H]c1nc(N([H])c2c([H])c(N([H])C(=O)[C:91]3([H])C([H])([H])C([H])([H])[N@@+]([H])(C([H])([H])[H])C([H])([H])[C:92]3([H])[S:93]C([H])([H])[H])c([H])c([H])c2OC([H])([H])[H])nc(-c2c([H])nn3c([H])c([H])c([H])c([H])c23)c1Cl,1,-0.0652877,0.0047388053,-197.84045480554263,-80.41051904014071,-0.027247483,-0.040670604,-0.033959046,-0.0006226152,-0.0066444874,-0.0036335513,-1506851.2169072488,4.134871090762317,-1506838.4311153265,-1506845.0607990366
S2-48.7,reactant,[H]c1nc(N([H])c2c([H])c(N([H])C(=O)[C:91]3=[C:92]([H])C([H])([H])[N@+]([H])(C([H])([H])[H])C([H])([H])C3([H])[H])c([H])c([H])c2OC([H])([H])[H])nc(-c2c([H])nn3c([H])c([H])c([H])c([H])c23)c1Cl,1,0.030257182,-0.119895935,-208.79206725752624,-85.92493447767811,0.02645956,-0.0021033883,0.012178086,-0.023719708,-0.039642308,-0.03168101,-1231492.15742326,2.836086703464389,-1231480.2187531583,-1231487.1612736946
S2-48.7,intermediate,[H]C1=C([H])c2c(-c3nc(N([H])c4c([H])c(N([H])C(=O)[C-:91]5C([H])([H])C([H])([H])[N@@+]([H])(C([H])([H])[H])C([H])([H])[C:92]5([H])[S:93]C([H])([H])[H])c([H])c([H])c4OC([H])([H])[H])nc([H])c3Cl)c([H])nn2C([H])=C1[H],0,-0.050124675,-0.14469247,-146.03919277916398,-30.709138634844173,0.031009719,0.029969178,0.030489448,-0.022813149,-0.021803036,-0.022308093,-1506604.3541518827,7.497528124600649,-1506562.8490645238,-1506572.3694743093
S2-48.7,product,[H]c1nc(N([H])c2c([H])c(N([H])C(=O)[C:91]3([H])C([H])([H])C([H])([H])[N@@+]([H])(C([H])([H])[H])C([H])([H])[C:92]3([H])[S:93]C([H])([H])[H])c([H])c([H])c2OC([H])([H])[H])nc(-c2c([H])nn3c([H])c([H])c([H])c([H])c23)c1Cl,1,-0.058786806,-0.014883621,-203.6411048512631,-83.50722602554193,-0.030581461,-0.03589789,-0.033239678,-0.0011723675,-0.008952107,-0.0050622374,-1506855.2646086959,3.091976650059223,-1506839.2814926265,-1506848.052115839
S2-48.8,reactant,[H]c1nc(N([H])c2c([H])c(N([H])C(=O)[C:91]3=[C:92]([H])C([H])([H])[N@+]([H])(C([H])([H])[H])C([H])([H])C3([H])[H])c([H])c([H])c2OC([H])([H])[H])nc(-c2c([H])nn3c([H])c([H])c([H])c([H])c23)c1Cl,1,0.01334258,-0.086828984,-202.26866274126058,-82.85553566928785,0.038905643,0.0065430254,0.022724334,-0.03280448,-0.047469124,-0.040136803,-1231487.1740985808,2.082666676491499,-1231474.1029711615,-1231482.2722831785
S2-48.8,intermediate,[H]C1=C([H])c2c(-c3nc(N([H])c4c([H])c(N([H])C(=O)[C-:91]5C([H])([H])C([H])([H])[N@@+]([H])(C([H])([H])[H])C([H])([H])[C:92]5([H])[S:93]C([H])([H])[H])c([H])c([H])c4OC([H])([H])[H])nc([H])c3Cl)c([H])nn2C([H])=C1[H],0,0.0005515582,-0.13178931,-137.26459381478003,-27.675307738544745,0.011533722,0.004596323,0.0080650225,-0.015501807,-0.02777269,-0.021637248,-1506567.546870116,4.89888237323612,-1506554.9801308033,-1506560.0942913105
S2-48.8,product,[H]c1nc(N([H])c2c([H])c(N([H])C(=O)[C:91]3([H])C([H])([H])C([H])([H])[N@@+]([H])(C([H])([H])[H])C([H])([H])[C:92]3([H])[S:93]C([H])([H])[H])c([H])c([H])c2OC([H])([H])[H])nc(-c2c([H])nn3c([H])c([H])c([H])c([H])c23)c1Cl,1,-0.061230414,-0.01921496,-198.99848094037486,-81.37593860465296,-0.02380938,-0.029999772,-0.026904577,-0.000579793,-0.006865889,-0.003722841,-1506860.7451358815,1.1439971206709743,-1506848.942059996,-1506856.249540289
S2-48.9,reactant,[H]c1nc(N([H])c2c([H])c(N([H])C(=O)[C:91]3=[C:92]([H])C([H])([H])[N@+]([H])(C([H])([H])[H])C([H])([H])C3([H])[H])c([H])c([H])c2OC([H])([H])[H])nc(-c2c([H])nn3c([H])c([H])c([H])c([H])c23)c1Cl,1,0.012787276,-0.08480379,-202.7093179900314,-83.01971562320672,0.038968116,0.005611606,0.022289861,-0.032199822,-0.04754313,-0.039871477,-1231487.4245918735,4.771639402024448,-1231477.9140193283,-1231482.1972003058
S2-48.9,intermediate,[H]C1=C([H])c2c(-c3nc(N([H])c4c([H])c(N([H])C(=O)[C-:91]5C([H])([H])C([H])([H])[N@@+]([H])(C([H])([H])[H])C([H])([H])[C:92]5([H])[S:93]C([H])([H])[H])c([H])c([H])c4OC([H])([H])[H])nc([H])c3Cl)c([H])nn2C([H])=C1[H],0,-0.029732065,-0.1417694,-148.54306723796978,-34.9975054967954,0.016627267,0.020048715,0.018337991,-0.037328396,-0.031620882,-0.03447464,-1506599.5222789128,5.993309678509831,-1506587.034235196,-1506594.27130875
S2-48.9,product,[H]c1nc(N([H])c2c([H])c(N([H])C(=O)[C:91]3([H])C([H])([H])C([H])([H])[N@@+]([H])(C([H])([H])[H])C([H])([H])[C:92]3([H])[S:93]C([H])([H])[H])c([H])c([H])c2OC([H])([H])[H])nc(-c2c([H])nn3c([H])c([H])c([H])c([H])c23)c1Cl,1,-0.056670044,-0.003674908,-199.9901621114611,-79.49539762677138,-0.033893615,-0.040650744,-0.03727218,-0.00054076314,-0.009327952,-0.0049343575,-1506851.4149441565,2.268970001488924,-1506841.623976331,-1506846.153001184
S2-48.10,reactant,[H]c1nc(N([H])c2c([H])c(N([H])C(=O)[C:91]3=[C:92]([H])C([H])([H])[N@+]([H])(C([H])([H])[H])C([H])([H])C3([H])[H])c([H])c([H])c2OC([H])([H])[H])nc(-c2c([H])nn3c([H])c([H])c([H])c([H])c23)c1Cl,1,0.026745005,-0.12380043,-203.24352332625165,-83.92354249986674,0.027258307,-0.0012473315,0.013005488,-0.026762659,-0.041431405,-0.03409703,-1231492.5017969587,2.684133680537343,-1231480.5642133558,-1231487.3881797052
S2-48.10,intermediate,[H]C1=C([H])c2c(-c3nc(N([H])c4c([H])c(N([H])C(=O)[C-:91]5C([H])([H])C([H])([H])[N@@+]([H])(C([H])([H])[H])C([H])([H])[C:92]5([H])[S:93]C([H])([H])[H])c([H])c([H])c4OC([H])([H])[H])nc([H])c3Cl)c([H])nn2C([H])=C1[H],0,-0.34765568,-0.02879803,-130.75817112225607,-20.206329557607738,0.00091563724,-0.002750365,-0.0009173639,-0.006936848,0.1549344,0.07399878,-1506565.7526715703,3.103140669874847,-1506552.3778470838,-1506557.4759645602
S2-48.10,product,[H]c1nc(N([H])c2c([H])c(N([H])C(=O)[C:91]3([H])C([H])([H])C([H])([H])[N@@+]([H])(C([H])([H])[H])C([H])([H])[C:92]3([H])[S:93]C([H])([H])[H])c([H])c([H])c2OC([H])([H])[H])nc(-c2c([H])nn3c([H])c([H])c([H])c([H])c23)c1Cl,1,-0.0605777,-0.021051431,-210.46862969424723,-86.0855413513357,-0.024696708,-0.029867949,-0.027282327,0.0012959503,-0.0053620897,-0.0020330697,-1506854.9930903285,4.343484683893621,-1506839.5365802236,-1506849.188863939
S2-54.1,reactant,[H]c1nc(C([H])([H])Oc2c([H])c([H])c(N([H])c3c(C#N)c([H])nc4c([H])c(OC([H])([H])C([H])([H])[H])c(N([H])C(=O)/[C:91]([H])=[C:92](\[H])C([H])([H])[N+]([H])(C([H])([H])[H])C([H])([H])[H])c([H])c34)c([H])c2Cl)c([H])c([H])c1[H],1,-0.10029565,-0.08711566,-202.79771315591077,-89.91485354084523,0.063700065,0.00028854609,0.031994306,0.022705719,-0.0038491488,0.009428285,-1365867.2327037205,8.528919950127602,-1365852.667938169,-1365858.6398896452
S2-54.1,intermediate,[H]c1nc(C([H])([H])Oc2c([H])c([H])c(N([H])c3c(C#N)c([H])nc4c([H])c(OC([H])([H])C([H])([H])[H])c(N([H])C(=O)[C-:91]([H])[C:92]([H])(C([H])([H])[N+]([H])(C([H])([H])[H])C([H])([H])[H])[S:93]C([H])([H])[H])c([H])c34)c([H])c2Cl)c([H])c([H])c1[H],0,-0.2855633,-0.007340118,-141.68958201676475,-31.10419844657457,0.008163126,0.008554708,0.008358917,0.01970771,0.05002722,0.034867465,-1640979.6204815402,5.353731918148696,-1640963.2706905303,-1640971.5662189217
S2-54.1,product,[H]c1nc(C([H])([H])Oc2c([H])c([H])c(N([H])c3c(C#N)c([H])nc4c([H])c(OC([H])([H])C([H])([H])[H])c(N([H])C(=O)[C:91]([H])([H])[C:92]([H])(C([H])([H])[N+]([H])(C([H])([H])[H])C([H])([H])[H])[S:93]C([H])([H])[H])c([H])c34)c([H])c2Cl)c([H])c([H])c1[H],1,-0.11767994,-0.0126136495,-211.6825762413498,-93.51484066095877,-0.028761618,-0.030061089,-0.029411353,0.0076044053,0.004453376,0.0060288906,-1641256.5309872946,3.2061736481264234,-1641239.615808718,-1641247.6599895402
S2-54.2,reactant,[H]c1nc(C([H])([H])Oc2c([H])c([H])c(N([H])c3c(C#N)c([H])nc4c([H])c(OC([H])([H])C([H])([H])[H])c(N([H])C(=O)/[C:91]([H])=[C:92](\[H])C([H])([H])[N+]([H])(C([H])([H])[H])C([H])([H])[H])c([H])c34)c([H])c2Cl)c([H])c([H])c1[H],1,-0.11973289,-0.073284544,-212.34823689319438,-91.71520312724921,-0.020204082,-0.019291416,-0.019747749,0.0227983,0.004538454,0.013668377,-1365870.9696828313,11.195213014259934,-1365853.0446714428,-1365858.751972347
S2-54.2,intermediate,[H]c1nc(C([H])([H])Oc2c([H])c([H])c(N([H])c3c(C#N)c([H])nc4c([H])c(OC([H])([H])C([H])([H])[H])c(N([H])C(=O)[C-:91]([H])[C:92]([H])(C([H])([H])[N+]([H])(C([H])([H])[H])C([H])([H])[H])[S:93]C([H])([H])[H])c([H])c34)c([H])c2Cl)c([H])c([H])c1[H],0,-0.3138341,-0.019867195,-147.10787176607673,-31.18080202369323,0.0024518669,0.008320335,0.005386101,0.0038220584,0.043326765,0.023574412,-1640983.5577432762,14.96212135348469,-1640958.407709581,-1640965.6773935112
S2-54.2,product,[H]c1nc(C([H])([H])Oc2c([H])c([H])c(N([H])c3c(C#N)c([H])nc4c([H])c(OC([H])([H])C([H])([H])[H])c(N([H])C(=O)[C:91]([H])([H])[C:92]([H])(C([H])([H])[N+]([H])(C([H])([H])[H])C([H])([H])[H])[S:93]C([H])([H])[H])c([H])c34)c([H])c2Cl)c([H])c([H])c1[H],1,-0.106081195,0.015270249,-204.0006625033278,-90.79525177149677,-0.027218256,-0.036615293,-0.031916775,0.0025940165,-0.0023626462,0.000115685165,-1641234.1985356954,7.173554841428995,-1641220.776035412,-1641225.7613296371
S2-54.3,reactant,[H]c1nc(C([H])([H])Oc2c([H])c([H])c(N([H])c3c(C#N)c([H])nc4c([H])c(OC([H])([H])C([H])([H])[H])c(N([H])C(=O)/[C:91]([H])=[C:92](\[H])C([H])([H])[N+]([H])(C([H])([H])[H])C([H])([H])[H])c([H])c34)c([H])c2Cl)c([H])c([H])c1[H],1,-0.09101267,-0.070198715,-203.7784132815631,-90.09871401394778,0.025972739,-0.00877995,0.008596394,0.045054525,0.0027273297,0.023890927,-1365865.511208645,9.842253181152046,-1365849.9526819892,-1365856.605913937
S2-54.3,intermediate,[H]c1nc(C([H])([H])Oc2c([H])c([H])c(N([H])c3c(C#N)c([H])nc4c([H])c(OC([H])([H])C([H])([H])[H])c(N([H])C(=O)[C-:91]([H])[C:92]([H])(C([H])([H])[N+]([H])(C([H])([H])[H])C([H])([H])[H])[S:93]C([H])([H])[H])c([H])c34)c([H])c2Cl)c([H])c([H])c1[H],0,-0.3068772,-0.017736351,-136.8530648804026,-24.832810321526313,0.009749526,0.013235804,0.011492665,0.03863719,0.076571286,0.05760424,-1640983.2942235179,12.757715585641563,-1640940.642762262,-1640945.0446055997
S2-54.3,product,[H]c1nc(C([H])([H])Oc2c([H])c([H])c(N([H])c3c(C#N)c([H])nc4c([H])c(OC([H])([H])C([H])([H])[H])c(N([H])C(=O)[C:91]([H])([H])[C:92]([H])(C([H])([H])[N+]([H])(C([H])([H])[H])C([H])([H])[H])[S:93]C([H])([H])[H])c([H])c34)c([H])c2Cl)c([H])c([H])c1[H],1,-0.11240837,-0.029416153,-207.93420627658557,-91.14441123523208,-0.006463371,-0.007471783,-0.006967577,0.008733846,0.0069185197,0.007826183,-1641254.0131955277,5.424808892421424,-1641236.528430255,-1641244.044148074
S2-54.4,reactant,[H]c1nc(C([H])([H])Oc2c([H])c([H])c(N([H])c3c(C#N)c([H])nc4c([H])c(OC([H])([H])C([H])([H])[H])c(N([H])C(=O)/[C:91]([H])=[C:92](\[H])C([H])([H])[N+]([H])(C([H])([H])[H])C([H])([H])[H])c([H])c34)c([H])c2Cl)c([H])c([H])c1[H],1,-0.104633674,-0.07148505,-204.0475224311197,-89.60605322450157,0.012786992,-0.011886798,0.00045009702,0.0354781,0.0005264729,0.018002287,-1365866.8518342148,10.00906505715102,-1365853.9741880572,-1365859.1480371417
S2-54.4,intermediate,[H]c1nc(C([H])([H])Oc2c([H])c([H])c(N([H])c3c(C#N)c([H])nc4c([H])c(OC([H])([H])C([H])([H])[H])c(N([H])C(=O)[C-:91]([H])[C:92]([H])(C([H])([H])[N+]([H])(C([H])([H])[H])C([H])([H])[H])[S:93]C([H])([H])[H])c([H])c34)c([H])c2Cl)c([H])c([H])c1[H],0,-0.13487402,-0.07868099,-149.22114393894316,-32.599439913990096,-0.016515505,-0.01659482,-0.016555162,0.004083425,0.003830254,0.0039568394,-1641002.6304991553,7.189543905667961,-1640986.2943040316,-1640994.4247509076
S2-54.4,product,[H]c1nc(C([H])([H])Oc2c([H])c([H])c(N([H])c3c(C#N)c([H])nc4c([H])c(OC([H])([H])C([H])([H])[H])c(N([H])C(=O)[C:91]([H])([H])[C:92]([H])(C([H])([H])[N+]([H])(C([H])([H])[H])C([H])([H])[H])[S:93]C([H])([H])[H])c([H])c34)c([H])c2Cl)c([H])c([H])c1[H],1,-0.11436558,-0.025267618,-210.8057978921142,-92.86106674399765,-0.011958988,-0.01531923,-0.013639109,0.0052581504,0.0010123774,0.003135264,-1641241.722610441,12.43277722876519,-1641221.8174583816,-1641228.454404157
S2-54.5,reactant,[H]c1nc(C([H])([H])Oc2c([H])c([H])c(N([H])c3c(C#N)c([H])nc4c([H])c(OC([H])([H])C([H])([H])[H])c(N([H])C(=O)/[C:91]([H])=[C:92](\[H])C([H])([H])[N+]([H])(C([H])([H])[H])C([H])([H])[H])c([H])c34)c([H])c2Cl)c([H])c([H])c1[H],1,-0.1114597,-0.075206324,-210.8882807726958,-90.9174567724841,0.023207925,-0.0013780743,0.0109149255,0.005254805,-0.011529148,-0.0031371713,-1365870.5735827303,9.934411270543933,-1365852.7471683756,-1365859.2281064289
S2-54.5,intermediate,[H]c1nc(C([H])([H])Oc2c([H])c([H])c(N([H])c3c(C#N)c([H])nc4c([H])c(OC([H])([H])C([H])([H])[H])c(N([H])C(=O)[C-:91]([H])[C:92]([H])(C([H])([H])[N+]([H])(C([H])([H])[H])C([H])([H])[H])[S:93]C([H])([H])[H])c([H])c34)c([H])c2Cl)c([H])c([H])c1[H],0,-0.45569497,-0.03411425,-131.7030816971627,-23.02318793846107,0.020341761,0.019784972,0.020063367,0.03307578,0.14338559,0.088230684,-1640953.8758723156,3.468412491492927,-1640937.4423817603,-1640945.778884283
S2-54.5,product,[H]c1nc(C([H])([H])Oc2c([H])c([H])c(N([H])c3c(C#N)c([H])nc4c([H])c(OC([H])([H])C([H])([H])[H])c(N([H])C(=O)[C:91]([H])([H])[C:92]([H])(C([H])([H])[N+]([H])(C([H])([H])[H])C([H])([H])[H])[S:93]C([H])([H])[H])c([H])c34)c([H])c2Cl)c([H])c([H])c1[H],1,-0.10324878,-0.011263052,-211.35748430885621,-92.91775389294492,-0.028623523,-0.031650655,-0.03013709,0.0070377365,0.0021402314,0.004588984,-1641258.5335889726,4.712002674117684,-1641244.9243767406,-1641250.6809187087
S2-54.6,reactant,[H]c1nc(C([H])([H])Oc2c([H])c([H])c(N([H])c3c(C#N)c([H])nc4c([H])c(OC([H])([H])C([H])([H])[H])c(N([H])C(=O)/[C:91]([H])=[C:92](\[H])C([H])([H])[N+]([H])(C([H])([H])[H])C([H])([H])[H])c([H])c34)c([H])c2Cl)c([H])c([H])c1[H],1,-0.10387126,-0.08880595,-203.65294516100386,-89.1914729193044,0.04097847,-0.0038449168,0.018566776,0.017259143,-0.005676903,0.00579112,-1365867.0016327798,11.727487364783883,-1365853.302343023,-1365858.6832976912
S2-54.6,intermediate,[H]c1nc(C([H])([H])Oc2c([H])c([H])c(N([H])c3c(C#N)c([H])nc4c([H])c(OC([H])([H])C([H])([H])[H])c(N([H])C(=O)[C-:91]([H])[C:92]([H])(C([H])([H])[N+]([H])(C([H])([H])[H])C([H])([H])[H])[S:93]C([H])([H])[H])c([H])c34)c([H])c2Cl)c([H])c([H])c1[H],0,-0.15355363,-0.09841628,-146.36535653731175,-37.15379928615241,0.0010030344,-0.0005689934,0.00021702051,0.022019982,0.009896696,0.015958339,-1640986.3894028594,6.9960175501182675,-1640951.075092633,-1640957.725344131
S2-54.6,product,[H]c1nc(C([H])([H])Oc2c([H])c([H])c(N([H])c3c(C#N)c([H])nc4c([H])c(OC([H])([H])C([H])([H])[H])c(N([H])C(=O)[C:91]([H])([H])[C:92]([H])(C([H])([H])[N+]([H])(C([H])([H])[H])C([H])([H])[H])[S:93]C([H])([H])[H])c([H])c34)c([H])c2Cl)c([H])c([H])c1[H],1,-0.11622181,-0.009156059,-206.73947216195126,-87.8720667782433,-0.020297103,-0.020881012,-0.020589057,0.010046013,0.0073466375,0.008696325,-1641242.541982848,5.691733092069626,-1641228.3252625607,-1641235.943370539
S2-54.7,reactant,[H]c1nc(C([H])([H])Oc2c([H])c([H])c(N([H])c3c(C#N)c([H])nc4c([H])c(OC([H])([H])C([H])([H])[H])c(N([H])C(=O)/[C:91]([H])=[C:92](\[H])C([H])([H])[N+]([H])(C([H])([H])[H])C([H])([H])[H])c([H])c34)c([H])c2Cl)c([H])c([H])c1[H],1,-0.11779897,-0.109297425,-209.1827506343592,-89.68050560071013,0.015170671,0.0024010316,0.008785851,-0.0065578073,-0.0072984844,-0.006928146,-1365875.5150141362,11.52400650922209,-1365852.1697011862,-1365857.7627654446
S2-54.7,intermediate,[H]c1nc(C([H])([H])Oc2c([H])c([H])c(N([H])c3c(C#N)c([H])nc4c([H])c(OC([H])([H])C([H])([H])[H])c(N([H])C(=O)[C-:91]([H])[C:92]([H])(C([H])([H])[N+]([H])(C([H])([H])[H])C([H])([H])[H])[S:93]C([H])([H])[H])c([H])c34)c([H])c2Cl)c([H])c([H])c1[H],0,-0.40921265,-0.0015569977,-131.83950858264444,-21.780410439800324,0.003039281,-0.00059816404,0.0012205584,0.028136075,0.12577313,0.0769546,-1640956.285437548,7.63114676438272,-1640928.2645832177,-1640935.1278730934
S2-54.7,product,[H]c1nc(C([H])([H])Oc2c([H])c([H])c(N([H])c3c(C#N)c([H])nc4c([H])c(OC([H])([H])C([H])([H])[H])c(N([H])C(=O)[C:91]([H])([H])[C:92]([H])(C([H])([H])[N+]([H])(C([H])([H])[H])C([H])([H])[H])[S:93]C([H])([H])[H])c([H])c34)c([H])c2Cl)c([H])c([H])c1[H],1,-0.117603354,-0.03398138,-203.45019279982674,-87.73787761383542,-0.02115279,-0.022503115,-0.021827953,0.009775244,0.0057415366,0.00775839,-1641232.141377242,8.859481298364699,-1641214.6043303036,-1641221.8530830296
S2-54.8,reactant,[H]c1nc(C([H])([H])Oc2c([H])c([H])c(N([H])c3c(C#N)c([H])nc4c([H])c(OC([H])([H])C([H])([H])[H])c(N([H])C(=O)/[C:91]([H])=[C:92](\[H])C([H])([H])[N+]([H])(C([H])([H])[H])C([H])([H])[H])c([H])c34)c([H])c2Cl)c([H])c([H])c1[H],1,-0.103353195,-0.061505556,-206.24075550702122,-90.76877964823474,0.030550681,-0.0109143555,0.009818163,0.016841903,-0.009213433,0.0038142353,-1365864.283103902,5.058933267369866,-1365852.4602787679,-1365857.6030398402
S2-54.8,intermediate,[H]c1nc(C([H])([H])Oc2c([H])c([H])c(N([H])c3c(C#N)c([H])nc4c([H])c(OC([H])([H])C([H])([H])[H])c(N([H])C(=O)[C-:91]([H])[C:92]([H])(C([H])([H])[N+]([H])(C([H])([H])[H])C([H])([H])[H])[S:93]C([H])([H])[H])c([H])c34)c([H])c2Cl)c([H])c([H])c1[H],0,-0.2871062,-0.006003657,-143.94884566895573,-29.337944408650632,-0.006287818,-0.0039790343,-0.005133426,0.00920859,0.029778123,0.019493356,-1640982.0203260812,12.888279168866575,-1640959.987650162,-1640967.1818513116
S2-54.8,product,[H]c1nc(C([H])([H])Oc2c([H])c([H])c(N([H])c3c(C#N)c([H])nc4c([H])c(OC([H])([H])C([H])([H])[H])c(N([H])C(=O)[C:91]([H])([H])[C:92]([H])(C([H])([H])[N+]([H])(C([H])([H])[H])C([H])([H])[H])[S:93]C([H])([H])[H])c([H])c34)c([H])c2Cl)c([H])c([H])c1[H],1,-0.11213538,0.00082012103,-200.69911507852987,-85.17583593632406,-0.019358505,-0.022273151,-0.020815827,0.008225992,0.0068022236,0.007514108,-1641242.68757168,3.4772202260792255,-1641230.3255984148,-1641237.176143569
S2-54.9,reactant,[H]c1nc(C([H])([H])Oc2c([H])c([H])c(N([H])c3c(C#N)c([H])nc4c([H])c(OC([H])([H])C([H])([H])[H])c(N([H])C(=O)/[C:91]([H])=[C:92](\[H])C([H])([H])[N+]([H])(C([H])([H])[H])C([H])([H])[H])c([H])c34)c([H])c2Cl)c([H])c([H])c1[H],1,-0.1530502,-0.08448042,-212.460669557515,-94.49531141043245,-0.0010822788,-0.0033853278,-0.0022338033,0.027520388,0.008955032,0.01823771,-1365895.921449337,4.647404359653592,-1365882.2551399337,-1365887.9957746798
S2-54.9,intermediate,[H]c1nc(C([H])([H])Oc2c([H])c([H])c(N([H])c3c(C#N)c([H])nc4c([H])c(OC([H])([H])C([H])([H])[H])c(N([H])C(=O)[C-:91]([H])[C:92]([H])(C([H])([H])[N+]([H])(C([H])([H])[H])C([H])([H])[H])[S:93]C([H])([H])[H])c([H])c34)c([H])c2Cl)c([H])c([H])c1[H],0,-0.39712492,-0.020029629,-136.59361969234683,-26.486177562970838,-0.0038661975,-0.00322368,-0.0035449388,0.039307594,0.17071947,0.105013534,-1640933.3362041705,6.107824807986617,-1640913.428653262,-1640920.6311270767
S2-54.9,product,[H]c1nc(C([H])([H])Oc2c([H])c([H])c(N([H])c3c(C#N)c([H])nc4c([H])c(OC([H])([H])C([H])([H])[H])c(N([H])C(=O)[C:91]([H])([H])[C:92]([H])(C([H])([H])[N+]([H])(C([H])([H])[H])C([H])([H])[H])[S:93]C([H])([H])[H])c([H])c34)c([H])c2Cl)c([H])c([H])c1[H],1,-0.114263415,0.011241212,-199.32615712695272,-84.19415933869351,-0.025914006,-0.035551615,-0.03073281,0.011096388,0.0059783757,0.008537382,-1641244.1894646515,8.193952945061028,-1641228.6962065243,-1641236.0116919898
S2-54.10,reactant,[H]c1nc(C([H])([H])Oc2c([H])c([H])c(N([H])c3c(C#N)c([H])nc4c([H])c(OC([H])([H])C([H])([H])[H])c(N([H])C(=O)/[C:91]([H])=[C:92](\[H])C([H])([H])[N+]([H])(C([H])([H])[H])C([H])([H])[H])c([H])c34)c([H])c2Cl)c([H])c([H])c1[H],1,-0.14303258,-0.051242363,-206.25215469854268,-91.71613810620035,0.024622027,-0.009719692,0.0074511673,0.03023754,0.002081737,0.016159639,-1365865.4737146958,4.536623778752983,-1365853.7665230797,-1365858.312271083
S2-54.10,intermediate,[H]c1nc(C([H])([H])Oc2c([H])c([H])c(N([H])c3c(C#N)c([H])nc4c([H])c(OC([H])([H])C([H])([H])[H])c(N([H])C(=O)[C-:91]([H])[C:92]([H])(C([H])([H])[N+]([H])(C([H])([H])[H])C([H])([H])[H])[S:93]C([H])([H])[H])c([H])c34)c([H])c2Cl)c([H])c([H])c1[H],0,-0.28429544,-0.0042564673,-141.97953980360663,-32.73248510576659,-0.0019904906,-0.0009807982,-0.0014856444,0.020617515,0.055747464,0.03818249,-1640976.5030716143,5.232475882396102,-1640963.1309658238,-1640969.6087414762
S2-54.10,product,[H]c1nc(C([H])([H])Oc2c([H])c([H])c(N([H])c3c(C#N)c([H])nc4c([H])c(OC([H])([H])C([H])([H])[H])c(N([H])C(=O)[C:91]([H])([H])[C:92]([H])(C([H])([H])[N+]([H])(C([H])([H])[H])C([H])([H])[H])[S:93]C([H])([H])[H])c([H])c34)c([H])c2Cl)c([H])c([H])c1[H],1,-0.105485044,-0.022534635,-198.1474835026009,-85.80717238868782,-0.026924908,-0.028629873,-0.02777739,0.011813156,0.0052530468,0.0085331015,-1641233.9573389366,8.823224263265729,-1641217.670436314,-1641224.2986964884
S2-46.1,reactant,[H]c1nc(N([H])c2c([H])c(N([H])C(=O)[C:91](C([H])([H])[N+]3([H])C([H])([H])C([H])([H])OC([H])([H])C3([H])[H])=[C:92]([H])[H])c([H])c([H])c2OC([H])([H])[H])nc(N([H])c2c([H])c([H])c([H])c([H])c2C(=O)N([H])C([H])([H])[H])c1Cl,1,0.014534324,-0.26719725,-199.28693580076452,-85.28888495888658,0.07929814,0.03596674,0.05763244,-0.0013186745,-0.01909801,-0.010208342,-1376104.9307855472,4.999469221569598,-1376090.450868661,-1376097.198659554
S2-46.1,intermediate,[H]c1nc(N([H])c2c([H])c(N([H])C(=O)[C-:91](C([H])([H])[N+]3([H])C([H])([H])C([H])([H])OC([H])([H])C3([H])[H])[C:92]([H])([H])[S:93]C([H])([H])[H])c([H])c([H])c2OC([H])([H])[H])nc(N([H])c2c([H])c([H])c([H])c([H])c2C(=O)N([H])C([H])([H])[H])c1Cl,0,-0.31757125,-0.12569442,-129.16020256820394,-14.780029516116732,0.009606406,0.011078931,0.010342669,-0.0036685765,0.1372806,0.06680601,-1651210.4138738282,4.9313149163499475,-1651191.182046432,-1651200.7508663652
S2-46.1,product,[H]c1nc(N([H])c2c([H])c(N([H])C(=O)[C:91]([H])(C([H])([H])[N+]3([H])C([H])([H])C([H])([H])OC([H])([H])C3([H])[H])[C:92]([H])([H])[S:93]C([H])([H])[H])c([H])c([H])c2OC([H])([H])[H])nc(N([H])c2c([H])c([H])c([H])c([H])c2C(=O)N([H])C([H])([H])[H])c1Cl,1,-0.037965085,-0.087210365,-192.26479212036298,-78.40112085644883,-0.012467779,-0.012442246,-0.012455013,0.0144866295,0.00035262108,0.0074196253,-1651482.8720325173,3.4262966187670827,-1651467.8635524593,-1651476.7023246142
S2-46.2,reactant,[H]c1nc(N([H])c2c([H])c(N([H])C(=O)[C:91](C([H])([H])[N+]3([H])C([H])([H])C([H])([H])OC([H])([H])C3([H])[H])=[C:92]([H])[H])c([H])c([H])c2OC([H])([H])[H])nc(N([H])c2c([H])c([H])c([H])c([H])c2C(=O)N([H])C([H])([H])[H])c1Cl,1,0.0076724933,-0.27846047,-198.98286502037314,-83.28872678784266,0.0829739,0.036785305,0.0598796,0.0044111153,-0.0164535,-0.0060211928,-1376112.107640556,5.44204022642225,-1376098.3040573087,-1376106.1379457875
S2-46.2,intermediate,[H]c1nc(N([H])c2c([H])c(N([H])C(=O)[C-:91](C([H])([H])[N+]3([H])C([H])([H])C([H])([H])OC([H])([H])C3([H])[H])[C:92]([H])([H])[S:93]C([H])([H])[H])c([H])c([H])c2OC([H])([H])[H])nc(N([H])c2c([H])c([H])c([H])c([H])c2C(=O)N([H])C([H])([H])[H])c1Cl,0,-0.16438286,-0.11063038,-131.22302729774916,-20.232462530512425,-0.0028687418,-0.00051955134,-0.0016941465,0.008740395,0.059000395,0.033870395,-1651211.9571160988,2.562955399043858,-1651199.4252706019,-1651207.0525644922
S2-46.2,product,[H]c1nc(N([H])c2c([H])c(N([H])C(=O)[C:91]([H])(C([H])([H])[N+]3([H])C([H])([H])C([H])([H])OC([H])([H])C3([H])[H])[C:92]([H])([H])[S:93]C([H])([H])[H])c([H])c([H])c2OC([H])([H])[H])nc(N([H])c2c([H])c([H])c([H])c([H])c2C(=O)N([H])C([H])([H])[H])c1Cl,1,-0.05324685,-0.07576213,-191.42674151645343,-77.9611316068792,-0.013621978,-0.019695826,-0.016658902,0.017972328,0.0028861538,0.010429241,-1651471.1870528897,5.677687399089336,-1651455.3061150773,-1651463.8907684726
S2-46.3,reactant,[H]c1nc(N([H])c2c([H])c(N([H])C(=O)[C:91](C([H])([H])[N+]3([H])C([H])([H])C([H])([H])OC([H])([H])C3([H])[H])=[C:92]([H])[H])c([H])c([H])c2OC([H])([H])[H])nc(N([H])c2c([H])c([H])c([H])c([H])c2C(=O)N([H])C([H])([H])[H])c1Cl,1,-0.0019693335,-0.2496587,-206.66537733602053,-83.36339456067293,0.06844258,0.030616075,0.04952933,0.00456486,-0.017979339,-0.0067072394,-1376107.4861309903,4.487980326637626,-1376094.341716936,-1376102.10843671
S2-46.3,intermediate,[H]c1nc(N([H])c2c([H])c(N([H])C(=O)[C-:91](C([H])([H])[N+]3([H])C([H])([H])C([H])([H])OC([H])([H])C3([H])[H])[C:92]([H])([H])[S:93]C([H])([H])[H])c([H])c([H])c2OC([H])([H])[H])nc(N([H])c2c([H])c([H])c([H])c([H])c2C(=O)N([H])C([H])([H])[H])c1Cl,0,-0.17366265,-0.12390016,-134.58529906593253,-17.407091286727734,0.010122836,0.014189228,0.012156032,0.0014596134,0.06492107,0.033190344,-1651217.7141861443,6.877488112077117,-1651203.5922634471,-1651210.9956187631
S2-46.3,product,[H]c1nc(N([H])c2c([H])c(N([H])C(=O)[C:91]([H])(C([H])([H])[N+]3([H])C([H])([H])C([H])([H])OC([H])([H])C3([H])[H])[C:92]([H])([H])[S:93]C([H])([H])[H])c([H])c([H])c2OC([H])([H])[H])nc(N([H])c2c([H])c([H])c([H])c([H])c2C(=O)N([H])C([H])([H])[H])c1Cl,1,-0.06052114,-0.09441577,-193.67909884937905,-79.77852266953289,-0.008072481,-0.010478735,-0.009275608,0.00937622,0.0007120222,0.0050441213,-1651468.9986508125,3.3905854849144816,-1651451.134920824,-1651459.6189820105
S2-46.4,reactant,[H]c1nc(N([H])c2c([H])c(N([H])C(=O)[C:91](C([H])([H])[N+]3([H])C([H])([H])C([H])([H])OC([H])([H])C3([H])[H])=[C:92]([H])[H])c([H])c([H])c2OC([H])([H])[H])nc(N([H])c2c([H])c([H])c([H])c([H])c2C(=O)N([H])C([H])([H])[H])c1Cl,1,0.011659828,-0.27296388,-202.53449803602877,-86.24982367110869,0.07967979,0.035105824,0.057392806,0.006018674,-0.017131846,-0.005556586,-1376109.059636987,5.929690722376108,-1376091.5996662504,-1376100.5868196315
S2-46.4,intermediate,[H]c1nc(N([H])c2c([H])c(N([H])C(=O)[C-:91](C([H])([H])[N+]3([H])C([H])([H])C([H])([H])OC([H])([H])C3([H])[H])[C:92]([H])([H])[S:93]C([H])([H])[H])c([H])c([H])c2OC([H])([H])[H])nc(N([H])c2c([H])c([H])c([H])c([H])c2C(=O)N([H])C([H])([H])[H])c1Cl,0,-0.15516105,-0.11533421,-133.26778473626572,-20.440924365104507,-0.0034405738,-0.0001309067,-0.0017857403,0.007474914,0.054326892,0.030900903,-1651210.1133313037,3.4085411597043276,-1651197.0767403068,-1651203.167794434
S2-46.4,product,[H]c1nc(N([H])c2c([H])c(N([H])C(=O)[C:91]([H])(C([H])([H])[N+]3([H])C([H])([H])C([H])([H])OC([H])([H])C3([H])[H])[C:92]([H])([H])[S:93]C([H])([H])[H])c([H])c([H])c2OC([H])([H])[H])nc(N([H])c2c([H])c([H])c([H])c([H])c2C(=O)N([H])C([H])([H])[H])c1Cl,1,-0.058022473,-0.07236984,-196.40653379232506,-79.9714311125102,-0.012266308,-0.020324044,-0.016295176,0.012013633,-0.0020287968,0.004992418,-1651471.9155805374,6.469957052730024,-1651452.8628411083,-1651461.7912186016
S2-46.5,reactant,[H]c1nc(N([H])c2c([H])c(N([H])C(=O)[C:91](C([H])([H])[N+]3([H])C([H])([H])C([H])([H])OC([H])([H])C3([H])[H])=[C:92]([H])[H])c([H])c([H])c2OC([H])([H])[H])nc(N([H])c2c([H])c([H])c([H])c([H])c2C(=O)N([H])C([H])([H])[H])c1Cl,1,0.019739976,-0.2814681,-198.20512071644748,-83.26511476763798,0.053385824,0.034927174,0.0441565,0.015462796,-0.015803754,-0.00017047906,-1376120.1277509124,3.4275695625692606,-1376105.3896964418,-1376115.0264753085
S2-46.5,intermediate,[H]c1nc(N([H])c2c([H])c(N([H])C(=O)[C-:91](C([H])([H])[N+]3([H])C([H])([H])C([H])([H])OC([H])([H])C3([H])[H])[C:92]([H])([H])[S:93]C([H])([H])[H])c([H])c([H])c2OC([H])([H])[H])nc(N([H])c2c([H])c([H])c([H])c([H])c2C(=O)N([H])C([H])([H])[H])c1Cl,0,-0.15896517,-0.11938395,-133.39269445744333,-21.96012482298954,0.000796251,0.0020339713,0.0014151111,0.021264628,0.06823294,0.044748783,-1651208.404575837,4.524067997932434,-1651194.8101580162,-1651202.4260060142
S2-46.5,product,[H]c1nc(N([H])c2c([H])c(N([H])C(=O)[C:91]([H])(C([H])([H])[N+]3([H])C([H])([H])C([H])([H])OC([H])([H])C3([H])[H])[C:92]([H])([H])[S:93]C([H])([H])[H])c([H])c([H])c2OC([H])([H])[H])nc(N([H])c2c([H])c([H])c([H])c([H])c2C(=O)N([H])C([H])([H])[H])c1Cl,1,-0.051393174,-0.095441714,-195.66416346893234,-80.96496145396108,-0.0074757785,-0.012814999,-0.010145389,0.004907258,-0.0004795082,0.0022138748,-1651482.2625444997,3.855784018523991,-1651463.1305074606,-1651472.4122329564
S2-46.6,reactant,[H]c1nc(N([H])c2c([H])c(N([H])C(=O)[C:91](C([H])([H])[N+]3([H])C([H])([H])C([H])([H])OC([H])([H])C3([H])[H])=[C:92]([H])[H])c([H])c([H])c2OC([H])([H])[H])nc(N([H])c2c([H])c([H])c([H])c([H])c2C(=O)N([H])C([H])([H])[H])c1Cl,1,0.009986267,-0.2792019,-197.46959560945638,-83.29263388852411,0.08333868,0.038434356,0.060886517,0.0038784016,-0.016174296,-0.006147947,-1376113.7535613906,4.715534798800945,-1376100.8255878568,-1376108.1131597972
S2-46.6,intermediate,[H]c1nc(N([H])c2c([H])c(N([H])C(=O)[C-:91](C([H])([H])[N+]3([H])C([H])([H])C([H])([H])OC([H])([H])C3([H])[H])[C:92]([H])([H])[S:93]C([H])([H])[H])c([H])c([H])c2OC([H])([H])[H])nc(N([H])c2c([H])c([H])c([H])c([H])c2C(=O)N([H])C([H])([H])[H])c1Cl,0,0.0174581,-0.10890419,-146.42456552840093,-28.551016513164193,-0.0052083805,-0.0058491156,-0.005528748,-0.020712886,-0.025187306,-0.022950096,-1651215.2706320472,8.090873115696013,-1651169.5941791248,-1651179.5341061328
S2-46.6,product,[H]c1nc(N([H])c2c([H])c(N([H])C(=O)[C:91]([H])(C([H])([H])[N+]3([H])C([H])([H])C([H])([H])OC([H])([H])C3([H])[H])[C:92]([H])([H])[S:93]C([H])([H])[H])c([H])c([H])c2OC([H])([H])[H])nc(N([H])c2c([H])c([H])c([H])c([H])c2C(=O)N([H])C([H])([H])[H])c1Cl,1,-0.053397674,-0.07557077,-196.92676493743082,-81.02237553517227,-0.013213314,-0.020304456,-0.016758885,0.016445775,0.0034150854,0.00993043,-1651485.0823694179,10.996589221060276,-1651469.053540544,-1651477.9029506776
S2-46.7,reactant,[H]c1nc(N([H])c2c([H])c(N([H])C(=O)[C:91](C([H])([H])[N+]3([H])C([H])([H])C([H])([H])OC([H])([H])C3([H])[H])=[C:92]([H])[H])c([H])c([H])c2OC([H])([H])[H])nc(N([H])c2c([H])c([H])c([H])c([H])c2C(=O)N([H])C([H])([H])[H])c1Cl,1,0.018296203,-0.28038573,-200.37873707673782,-85.22015080789264,0.05088508,0.033427447,0.042156264,0.0022278037,-0.018840138,-0.008306167,-1376114.7341006612,3.6811196664348245,-1376100.980246249,-1376107.163303125
S2-46.7,intermediate,[H]c1nc(N([H])c2c([H])c(N([H])C(=O)[C-:91](C([H])([H])[N+]3([H])C([H])([H])C([H])([H])OC([H])([H])C3([H])[H])[C:92]([H])([H])[S:93]C([H])([H])[H])c([H])c([H])c2OC([H])([H])[H])nc(N([H])c2c([H])c([H])c([H])c([H])c2C(=O)N([H])C([H])([H])[H])c1Cl,0,-0.2801504,-0.11224386,-125.42086098847814,-19.082297515313474,0.0027041435,0.005963698,0.004333921,0.0062093437,0.14539418,0.07580176,-1651196.363191579,5.368143797852099,-1651178.384760607,-1651186.4294456164
S2-46.7,product,[H]c1nc(N([H])c2c([H])c(N([H])C(=O)[C:91]([H])(C([H])([H])[N+]3([H])C([H])([H])C([H])([H])OC([H])([H])C3([H])[H])[C:92]([H])([H])[S:93]C([H])([H])[H])c([H])c([H])c2OC([H])([H])[H])nc(N([H])c2c([H])c([H])c([H])c([H])c2C(=O)N([H])C([H])([H])[H])c1Cl,1,-0.050575808,-0.08646899,-193.57328485367643,-79.43168137530643,-0.0066985935,-0.012205742,-0.009452168,0.0018907636,-0.007529214,-0.0028192252,-1651464.078995369,2.485431546345353,-1651448.5181230302,-1651456.20363787
S2-46.8,reactant,[H]c1nc(N([H])c2c([H])c(N([H])C(=O)[C:91](C([H])([H])[N+]3([H])C([H])([H])C([H])([H])OC([H])([H])C3([H])[H])=[C:92]([H])[H])c([H])c([H])c2OC([H])([H])[H])nc(N([H])c2c([H])c([H])c([H])c([H])c2C(=O)N([H])C([H])([H])[H])c1Cl,1,0.012160559,-0.2728631,-198.8907683727812,-83.60231095549179,0.06432897,0.035313785,0.049821377,-0.0023094835,-0.019161206,-0.010735344,-1376116.2038983828,5.9339946415275335,-1376103.5852610928,-1376110.1348519267
S2-46.8,intermediate,[H]c1nc(N([H])c2c([H])c(N([H])C(=O)[C-:91](C([H])([H])[N+]3([H])C([H])([H])C([H])([H])OC([H])([H])C3([H])[H])[C:92]([H])([H])[S:93]C([H])([H])[H])c([H])c([H])c2OC([H])([H])[H])nc(N([H])c2c([H])c([H])c([H])c([H])c2C(=O)N([H])C([H])([H])[H])c1Cl,0,-0.15963815,-0.11504843,-137.4019272095214,-18.687444814351213,0.01641453,0.017869212,0.017141871,-0.003705278,0.040476665,0.018385693,-1651217.0435725802,12.057877496816218,-1651196.9385680477,-1651203.4604438783
S2-46.8,product,[H]c1nc(N([H])c2c([H])c(N([H])C(=O)[C:91]([H])(C([H])([H])[N+]3([H])C([H])([H])C([H])([H])OC([H])([H])C3([H])[H])[C:92]([H])([H])[S:93]C([H])([H])[H])c([H])c([H])c2OC([H])([H])[H])nc(N([H])c2c([H])c([H])c([H])c([H])c2C(=O)N([H])C([H])([H])[H])c1Cl,1,-0.05334987,-0.068763025,-195.8063034570742,-81.53464068519199,-0.014894884,-0.024091206,-0.019493045,0.021527749,0.007140059,0.014333904,-1651480.519872653,3.0934265833348036,-1651466.5793836508,-1651473.1643261195
S2-46.9,reactant,[H]c1nc(N([H])c2c([H])c(N([H])C(=O)[C:91](C([H])([H])[N+]3([H])C([H])([H])C([H])([H])OC([H])([H])C3([H])[H])=[C:92]([H])[H])c([H])c([H])c2OC([H])([H])[H])nc(N([H])c2c([H])c([H])c([H])c([H])c2C(=O)N([H])C([H])([H])[H])c1Cl,1,0.0048394194,-0.2785607,-198.81169741132547,-85.11830181837529,0.08297908,0.038510427,0.060744755,0.009672128,-0.014639372,-0.0024836222,-1376111.1042671767,5.856726817786694,-1376097.4263478583,-1376105.3458928356
S2-46.9,intermediate,[H]c1nc(N([H])c2c([H])c(N([H])C(=O)[C-:91](C([H])([H])[N+]3([H])C([H])([H])C([H])([H])OC([H])([H])C3([H])[H])[C:92]([H])([H])[S:93]C([H])([H])[H])c([H])c([H])c2OC([H])([H])[H])nc(N([H])c2c([H])c([H])c([H])c([H])c2C(=O)N([H])C([H])([H])[H])c1Cl,0,-0.31437838,-0.12261776,-125.64886271714255,-17.807272487011225,0.008202322,0.010125458,0.00916389,0.024740279,0.18787514,0.10630771,-1651196.8669406266,5.4378598760813475,-1651179.5711499127,-1651187.7589018405
S2-46.9,product,[H]c1nc(N([H])c2c([H])c(N([H])C(=O)[C:91]([H])(C([H])([H])[N+]3([H])C([H])([H])C([H])([H])OC([H])([H])C3([H])[H])[C:92]([H])([H])[S:93]C([H])([H])[H])c([H])c([H])c2OC([H])([H])[H])nc(N([H])c2c([H])c([H])c([H])c([H])c2C(=O)N([H])C([H])([H])[H])c1Cl,1,-0.05637897,-0.07747029,-192.04153221674804,-78.70146342103075,-0.0063574538,-0.016291812,-0.011324633,0.009158034,0.00025414303,0.0047060885,-1651477.5510372329,3.3629330173134804,-1651464.146146303,-1651472.1513557031
S2-46.10,reactant,[H]c1nc(N([H])c2c([H])c(N([H])C(=O)[C:91](C([H])([H])[N+]3([H])C([H])([H])C([H])([H])OC([H])([H])C3([H])[H])=[C:92]([H])[H])c([H])c([H])c2OC([H])([H])[H])nc(N([H])c2c([H])c([H])c([H])c([H])c2C(=O)N([H])C([H])([H])[H])c1Cl,1,0.029277533,-0.2829418,-200.57193581670805,-83.6406441147897,0.056750745,0.034723252,0.045737,0.013898675,-0.018504787,-0.0023030555,-1376121.792156997,6.928803734481335,-1376108.6279568744,-1376115.1141142575
S2-46.10,intermediate,[H]c1nc(N([H])c2c([H])c(N([H])C(=O)[C-:91](C([H])([H])[N+]3([H])C([H])([H])C([H])([H])OC([H])([H])C3([H])[H])[C:92]([H])([H])[S:93]C([H])([H])[H])c([H])c([H])c2OC([H])([H])[H])nc(N([H])c2c([H])c([H])c([H])c([H])c2C(=O)N([H])C([H])([H])[H])c1Cl,0,-0.34494504,-0.12289241,-125.31754598057253,-18.535065570628714,0.0052691996,0.0070991963,0.006184198,0.029469937,0.19109464,0.11028229,-1651198.2042065812,6.734763239510357,-1651183.1041167271,-1651188.6311461346
S2-46.10,product,[H]c1nc(N([H])c2c([H])c(N([H])C(=O)[C:91]([H])(C([H])([H])[N+]3([H])C([H])([H])C([H])([H])OC([H])([H])C3([H])[H])[C:92]([H])([H])[S:93]C([H])([H])[H])c([H])c([H])c2OC([H])([H])[H])nc(N([H])c2c([H])c([H])c([H])c([H])c2C(=O)N([H])C([H])([H])[H])c1Cl,1,-0.053165626,-0.07137343,-192.75512274701265,-79.61054936081081,-0.016100727,-0.024480507,-0.020290617,0.019109372,0.006319158,0.012714265,-1651484.6028978203,2.9169868817552924,-1651472.7488371427,-1651479.0861687749
