Name,RC,SMILES,charge,QCa,QCb,E_HOMO,E_LUMO,f_plus_Cb,f_minus_Cb,f_zero_Cb,f_plus_Ca,f_minus_Ca,f_zero_Ca,"E(opt, kcal/mol)","time(opt, sec)","E(rattled, kcal/mol)","E(initial, kcal/mol)"
S2-20.1,reactant,[H]c1c([H])c(N([H])C(=O)[C:91]([H])=[C:92]([H])[H])c([H])c([H])c1N([H])[H],0,-0.14971042,-0.28200844,-180.04167422680874,15.89212097139388,0.14930004,0.07616927,0.11273465,0.06949496,-0.013945088,0.027774937,-335137.5999775438,17.901016496121883,-335134.41816405486,-335136.31052276306
S2-20.1,intermediate,[H]c1c([H])c(N([H])C(=O)[C-:91]([H])[C:92]([H])([H])[S:93]C([H])([H])[H])c([H])c([H])c1N([H])[H],-1,-0.4869107,-0.114936054,-61.535697557613275,111.41656961044902,0.0013137385,0.02342695,0.012370344,-0.02802226,0.30240092,0.13718933,-610133.8267229386,25.62348842807114,-610127.9787130025,-610130.2037031786
S2-20.1,product,[H]c1c([H])c(N([H])C(=O)[C:91]([H])([H])[C:92]([H])([H])[S:93]C([H])([H])[H])c([H])c([H])c1N([H])[H],0,-0.13119166,-0.09954186,-176.77307252702306,20.609284175346236,-0.043560836,-0.05485694,-0.049208887,0.025984317,-0.008384451,0.008799933,-610502.5137239347,9.910037364810705,-610499.1565015916,-610500.9712510739
S2-22.1,reactant,[H]c1c([H])c([H])c(C([H])([H])N([H])C(=O)[C:91]([H])=[C:92]([H])[H])c([H])c1[H],0,-0.16070528,-0.28375468,-210.0090163570259,16.079162508899586,0.13379201,0.07178958,0.102790795,0.042992458,-0.006429434,0.018281512,-325059.9509766014,8.025371076539159,-325056.0101403019,-325058.4016880409
S2-22.1,intermediate,[H]c1c([H])c([H])c(C([H])([H])N([H])C(=O)[C-:91]([H])[C:92]([H])([H])[S:93]C([H])([H])[H])c([H])c1[H],-1,-0.5521802,-0.11383907,-72.24054249511613,110.02832857479399,0.008041866,0.022031233,0.015036549,-0.0654282,0.50362575,0.21909876,-600055.1848540249,2.750100215896964,-600048.0864932213,-600050.5779339996
S2-22.1,product,[H]c1c([H])c([H])c(C([H])([H])N([H])C(=O)[C:91]([H])([H])[C:92]([H])([H])[S:93]C([H])([H])[H])c([H])c1[H],0,-0.14312534,-0.105896465,-192.85262904606188,17.572908874594273,-0.03379742,-0.039372884,-0.036585152,0.05770132,0.009993255,0.033847287,-600426.5257952865,1.6881536860018969,-600422.9054353639,-600425.4050464727
S2-22.2,reactant,[H]c1c([H])c([H])c(C([H])([H])N([H])C(=O)[C:91]([H])=[C:92]([H])[H])c([H])c1[H],0,-0.15887603,-0.28339252,-208.72679556709136,16.04006445187653,0.14108098,0.07223207,0.10665652,0.058623046,-0.006510854,0.026056096,-325059.76845539437,1.7738310657441616,-325056.1418303646,-325058.40064215154
S2-22.2,intermediate,[H]c1c([H])c([H])c(C([H])([H])N([H])C(=O)[C-:91]([H])[C:92]([H])([H])[S:93]C([H])([H])[H])c([H])c1[H],-1,-0.51694715,-0.11192462,-68.38733879485136,111.53568163643025,0.0045794845,0.040858626,0.022719055,-0.028812021,0.398014,0.184601,-600053.1796038314,3.4056935366243124,-600040.7586957166,-600044.2743740423
S2-22.2,product,[H]c1c([H])c([H])c(C([H])([H])N([H])C(=O)[C:91]([H])([H])[C:92]([H])([H])[S:93]C([H])([H])[H])c([H])c1[H],0,-0.13861607,-0.105359845,-193.23626094187782,17.57235000079328,-0.039885633,-0.039686687,-0.03978616,0.06982301,0.013849214,0.041836113,-600426.821794391,1.7857160679996014,-600422.703956665,-600425.6914430312
S2-22.3,reactant,[H]c1c([H])c([H])c(C([H])([H])N([H])C(=O)[C:91]([H])=[C:92]([H])[H])c([H])c1[H],0,-0.1605647,-0.2838412,-209.95910621912668,16.096919853962255,0.13419205,0.07188484,0.103038445,0.04310155,-0.0064689517,0.018316299,-325059.9511211681,2.787383012473583,-325056.353783239,-325058.44798512186
S2-22.3,intermediate,[H]c1c([H])c([H])c(C([H])([H])N([H])C(=O)[C-:91]([H])[C:92]([H])([H])[S:93]C([H])([H])[H])c([H])c1[H],-1,-0.50993973,-0.11336336,-68.02325950377121,113.92987935383167,0.005967267,0.023346514,0.01465689,-0.050448358,0.44365984,0.19660574,-600056.2120404211,2.6250927727669477,-600048.7774826814,-600050.9220889832
S2-22.3,product,[H]c1c([H])c([H])c(C([H])([H])N([H])C(=O)[C:91]([H])([H])[C:92]([H])([H])[S:93]C([H])([H])[H])c([H])c1[H],0,-0.13731298,-0.106197685,-193.37153550041728,17.49634145930436,-0.040572114,-0.03794837,-0.039260242,0.06865983,0.0117459,0.040202864,-600426.73441643,2.1475714948028326,-600422.3785043635,-600425.4708045282
S2-22.4,reactant,[H]c1c([H])c([H])c(C([H])([H])N([H])C(=O)[C:91]([H])=[C:92]([H])[H])c([H])c1[H],0,-0.15517865,-0.2820299,-212.80182154303665,19.164649879733123,0.1482012,0.09945299,0.12382709,0.05638674,-0.0040999353,0.026143402,-325060.7887851216,1.2151961904019117,-325059.102132324,-325060.178690761
S2-22.4,intermediate,[H]c1c([H])c([H])c(C([H])([H])N([H])C(=O)[C-:91]([H])[C:92]([H])([H])[S:93]C([H])([H])[H])c([H])c1[H],-1,-0.51757294,-0.111802034,-68.48563700273989,111.55884674085173,0.0035144687,0.040416136,0.021965303,-0.028514951,0.3990044,0.18524471,-600053.2041728363,3.276512276381254,-600043.1062430294,-600044.9753366567
S2-22.4,product,[H]c1c([H])c([H])c(C([H])([H])N([H])C(=O)[C:91]([H])([H])[C:92]([H])([H])[S:93]C([H])([H])[H])c([H])c1[H],0,-0.1373427,-0.10661251,-193.43204640970836,17.444533527670902,-0.040450327,-0.038305126,-0.039377727,0.067969605,0.0113989115,0.03968426,-600426.7388869635,2.2033472321927547,-600422.9230095621,-600425.439623755
S2-22.5,reactant,[H]c1c([H])c([H])c(C([H])([H])N([H])C(=O)[C:91]([H])=[C:92]([H])[H])c([H])c1[H],0,-0.16074024,-0.2838302,-209.98845775565604,16.12896143614879,0.1333831,0.07148221,0.10243265,0.04327123,-0.0063415766,0.018464826,-325059.9515979343,2.954094832763076,-325056.85812905093,-325058.4333475965
S2-22.5,intermediate,[H]c1c([H])c([H])c(C([H])([H])N([H])C(=O)[C-:91]([H])[C:92]([H])([H])[S:93]C([H])([H])[H])c([H])c1[H],-1,-0.5495161,-0.11361995,-72.04145457436431,109.76538996010221,0.008337237,0.022366434,0.015351836,-0.06271747,0.4987127,0.21799761,-600055.1473215239,2.5676966048777103,-600048.3311033209,-600050.3981325314
S2-22.5,product,[H]c1c([H])c([H])c(C([H])([H])N([H])C(=O)[C:91]([H])([H])[C:92]([H])([H])[S:93]C([H])([H])[H])c([H])c1[H],0,-0.1371978,-0.10625337,-193.46059368810742,17.56677502396479,-0.040080704,-0.038228408,-0.039154556,0.066070184,0.010341138,0.03820566,-600426.7488324074,2.4796995259821415,-600423.2302025736,-600425.4666256345
S2-22.6,reactant,[H]c1c([H])c([H])c(C([H])([H])N([H])C(=O)[C:91]([H])=[C:92]([H])[H])c([H])c1[H],0,-0.15508111,-0.28204483,-212.80214872300928,19.16618192794128,0.14797544,0.099398226,0.123686835,0.05635129,-0.004229218,0.026061036,-325060.7884011185,1.2005341555923223,-325058.4853820304,-325060.1757154123
S2-22.6,intermediate,[H]c1c([H])c([H])c(C([H])([H])N([H])C(=O)[C-:91]([H])[C:92]([H])([H])[S:93]C([H])([H])[H])c([H])c1[H],-1,-0.5180436,-0.11197737,-68.46883810058743,111.45756347606965,0.004408665,0.041066013,0.02273734,-0.029260874,0.39952672,0.18513292,-600053.1929534059,3.2164978682994843,-600042.0792126583,-600045.2418237061
S2-22.6,product,[H]c1c([H])c([H])c(C([H])([H])N([H])C(=O)[C:91]([H])([H])[C:92]([H])([H])[S:93]C([H])([H])[H])c([H])c1[H],0,-0.1466735,-0.12391579,-193.09303369389048,16.792113351528823,-0.026915245,-0.020635486,-0.023775365,0.029519528,0.008078188,0.018798858,-600427.3889750785,4.265477737411857,-600423.1516446808,-600425.4346879678
S2-23.1,reactant,[H]c1c([H])c([H])c(N(C(=O)[C:91]([H])=[C:92]([H])[H])C([H])([H])[H])c([H])c1[H],0,-0.16346595,-0.2881526,-197.96787139814208,14.518472115403183,0.16288933,0.105207056,0.1340482,0.06016642,-0.0041642785,0.02800107,-325051.06649454625,2.2751776576042175,-325046.1271518314,-325048.60931804235
S2-23.1,intermediate,[H]c1c([H])c([H])c(N(C(=O)[C-:91]([H])[C:92]([H])([H])[S:93]C([H])([H])[H])C([H])([H])[H])c([H])c1[H],-1,-0.41488525,-0.10453175,-65.79567207914377,112.67896659137021,-0.028464332,-0.0012864172,-0.014875375,-0.028005987,0.33387488,0.15293446,-600047.1398223013,3.850123370066285,-600041.3907288787,-600043.7896193108
S2-23.1,product,[H]c1c([H])c([H])c(N(C(=O)[C:91]([H])([H])[C:92]([H])([H])[S:93]C([H])([H])[H])C([H])([H])[H])c([H])c1[H],0,-0.13216597,-0.11275351,-189.8287947714296,19.083965563274994,-0.05319007,-0.045792043,-0.049491055,0.03840281,0.0071846247,0.022793718,-600416.8015942102,2.4402900990098715,-600412.5634934871,-600415.1745082322
S2-23.2,reactant,[H]c1c([H])c([H])c(N(C(=O)[C:91]([H])=[C:92]([H])[H])C([H])([H])[H])c([H])c1[H],0,-0.16365187,-0.2880021,-198.19398837394164,14.631078564650643,0.1635012,0.10542008,0.13446064,0.059956282,-0.003929496,0.028013393,-325051.0601700874,1.9772498290985823,-325047.25262681866,-325049.4189558407
S2-23.2,intermediate,[H]c1c([H])c([H])c(N(C(=O)[C-:91]([H])[C:92]([H])([H])[S:93]C([H])([H])[H])C([H])([H])[H])c([H])c1[H],-1,-0.40062845,-0.10919069,-68.98718720205228,113.8343942116848,-0.0119090825,0.014040366,0.0010656416,-0.038173944,0.28839946,0.12511277,-600046.8120634065,1.403226988390088,-600042.7588838916,-600044.880934604
S2-23.2,product,[H]c1c([H])c([H])c(N(C(=O)[C:91]([H])([H])[C:92]([H])([H])[S:93]C([H])([H])[H])C([H])([H])[H])c([H])c1[H],0,-0.13316117,-0.1122973,-189.7030367123556,19.32237767985128,-0.052808434,-0.04561171,-0.04921007,0.039401338,0.0075247437,0.02346304,-600416.571392368,1.6745712030678988,-600412.5527372658,-600415.2039367625
S2-23.3,reactant,[H]c1c([H])c([H])c(N(C(=O)[C:91]([H])=[C:92]([H])[H])C([H])([H])[H])c([H])c1[H],0,-0.16352513,-0.28807586,-198.15343624227876,14.648245966771897,0.16357669,0.10534793,0.13446231,0.059465498,-0.00414066,0.027662419,-325051.0624012509,2.0846147313714027,-325047.4651122273,-325049.43101191917
S2-23.3,intermediate,[H]c1c([H])c([H])c(N(C(=O)[C-:91]([H])[C:92]([H])([H])[S:93]C([H])([H])[H])C([H])([H])[H])c([H])c1[H],-1,-0.43112245,-0.10567192,-67.67780113835389,114.16727281059431,-0.011740185,0.009335622,-0.0012022816,-0.03419578,0.3120089,0.13890655,-600050.8781966742,3.3107356131076813,-600045.1801761267,-600047.6371436323
S2-23.3,product,[H]c1c([H])c([H])c(N(C(=O)[C:91]([H])([H])[C:92]([H])([H])[S:93]C([H])([H])[H])C([H])([H])[H])c([H])c1[H],0,-0.13712539,-0.12445379,-187.74016675225897,21.626892636692922,-0.041301064,-0.029042043,-0.035171553,0.02803187,0.012183502,0.020107687,-600415.6326442016,1.8930752724409103,-600411.1139754669,-600413.9550831729
S2-23.4,reactant,[H]c1c([H])c([H])c(N(C(=O)[C:91]([H])=[C:92]([H])[H])C([H])([H])[H])c([H])c1[H],0,-0.16358526,-0.28806302,-197.97692651178235,14.506799320409744,0.16307294,0.1051092,0.13409108,0.059956282,-0.0040691346,0.027943574,-325051.0676723003,2.3757783118635416,-325047.32314111816,-325048.73455990775
S2-23.4,intermediate,[H]c1c([H])c([H])c(N(C(=O)[C-:91]([H])[C:92]([H])([H])[S:93]C([H])([H])[H])C([H])([H])[H])c([H])c1[H],-1,-0.38655445,-0.10606985,-66.23573953005335,113.5182358151748,0.0037653148,0.018876024,0.011320669,-0.025641322,0.24471287,0.109535776,-600051.9905408066,1.895483510568738,-600045.9009029549,-600049.4808396777
S2-23.4,product,[H]c1c([H])c([H])c(N(C(=O)[C:91]([H])([H])[C:92]([H])([H])[S:93]C([H])([H])[H])C([H])([H])[H])c([H])c1[H],0,-0.13395461,-0.11398644,-190.3152505561521,19.51733472398873,-0.05926153,-0.049939983,-0.054600757,0.05902727,0.023295447,0.04116136,-600417.079120305,1.6336227413266897,-600412.359896018,-600415.4794861819
S2-21.1,reactant,[H]c1c([H])c(N([H])C(=O)[C:91]([H])=[C:92]([H])[H])c([H])c([H])c1F,0,-0.1537163,-0.27333653,-200.9100635182802,9.483652347950837,0.15229777,0.094225615,0.12326169,0.07531357,-0.0022227764,0.036545396,-362686.64312498586,0.6940856445580721,-362684.0995453347,-362685.8693398977
S2-21.1,intermediate,[H]c1c([H])c(N([H])C(=O)[C-:91]([H])[C:92]([H])([H])[S:93]C([H])([H])[H])c([H])c([H])c1F,-1,-0.49673945,-0.11681726,-68.01682585425486,106.69917220554449,-0.031359076,0.01635205,-0.0075035132,-0.013053179,0.36730143,0.17712413,-637683.8866175824,1.7763207294046879,-637680.4159099101,-637681.6100274995
S2-21.1,product,[H]c1c([H])c(N([H])C(=O)[C:91]([H])([H])[C:92]([H])([H])[S:93]C([H])([H])[H])c([H])c([H])c1F,0,-0.13428974,-0.10620594,-192.86935129924498,14.721625931621809,-0.04585503,-0.04420428,-0.045029655,0.03864032,0.003554061,0.02109719,-638051.5718003033,1.0529907662421465,-638048.1653918587,-638050.444767001
S2-24.1,reactant,[H]c1c([H])c([H])c(N([H])C(=O)[C:91]([H])=[C:92]([H])[H])c([H])c1[H],0,-0.14938316,-0.27900147,-202.518328939453,12.048358670891737,0.13313171,0.06648192,0.099806815,0.060960427,0.0011496246,0.031055026,-300374.3392564733,0.9270396567881107,-300370.95483624976,-300373.4396493828
S2-24.1,intermediate,[H]c1c([H])c([H])c(N([H])C(=O)[C-:91]([H])[C:92]([H])([H])[S:93]C([H])([H])[H])c([H])c1[H],-1,-0.4850732,-0.11202007,-64.93162394431504,113.4267314681913,-0.039805025,0.013686404,-0.013059311,-0.005787581,0.35149902,0.1728557,-575370.5590019879,1.921235742047429,-575366.3828515299,-575368.1096241714
S2-24.1,product,[H]c1c([H])c([H])c(N([H])C(=O)[C:91]([H])([H])[C:92]([H])([H])[S:93]C([H])([H])[H])c([H])c1[H],0,-0.13433936,-0.10213503,-192.85607150034423,18.98322845819079,-0.04479503,-0.047295555,-0.046045292,0.04007104,0.00713858,0.02360481,-575740.3038334416,1.0978024750947952,-575737.5976974585,-575739.3290053145
S2-26.1,reactant,[H]c1c([H])c(N([H])C(=O)[C:91]([H])=[C:92]([H])[H])c([H])c([H])c1OC([H])([H])[H],0,-0.15124767,-0.28122035,-185.77963795234348,11.986761814818756,0.10917136,0.05486785,0.082019605,0.03301622,-0.0052537024,0.013881259,-372285.14271523646,1.1754018273204565,-372281.28393619886,-372284.06349244324
S2-26.1,intermediate,[H]c1c([H])c(N([H])C(=O)[C-:91]([H])[C:92]([H])([H])[S:93]C([H])([H])[H])c([H])c([H])c1OC([H])([H])[H],-1,-0.49559495,-0.1158127,-63.41385372613244,106.55184416777087,0.008448131,0.024422191,0.016435161,-0.023807377,0.3182947,0.14724365,-647283.197545224,2.195895653218031,-647277.4215109908,-647280.5002958693
S2-26.1,product,[H]c1c([H])c(N([H])C(=O)[C:91]([H])([H])[C:92]([H])([H])[S:93]C([H])([H])[H])c([H])c([H])c1OC([H])([H])[H],0,-0.13184816,-0.102021135,-179.71504248211474,16.508237074235662,-0.041718513,-0.05056048,-0.046139497,0.032419875,-0.005152747,0.013633564,-647650.7803065493,1.175053745508194,-647647.1518484942,-647649.7130601269
S2-26.2,reactant,[H]c1c([H])c(N([H])C(=O)[C:91]([H])=[C:92]([H])[H])c([H])c([H])c1OC([H])([H])[H],0,-0.15212888,-0.2813725,-185.88574917126795,12.258607268352455,0.108008325,0.0542901,0.08114921,0.036560923,-0.0044171214,0.0160719,-372285.0751789803,1.1011803429573774,-372282.33073423477,-372283.9985113644
S2-26.2,intermediate,[H]c1c([H])c(N([H])C(=O)[C-:91]([H])[C:92]([H])([H])[S:93]C([H])([H])[H])c([H])c([H])c1OC([H])([H])[H],-1,-0.521161,-0.10778883,-66.29716650251216,108.13399048116483,-0.0066311136,0.022212192,0.0077905394,-0.01473695,0.3155889,0.15042597,-647281.5130567249,4.322827007621527,-647273.8768394438,-647276.5505620574
S2-26.2,product,[H]c1c([H])c(N([H])C(=O)[C:91]([H])([H])[C:92]([H])([H])[S:93]C([H])([H])[H])c([H])c([H])c1OC([H])([H])[H],0,-0.13170175,-0.10194749,-179.69758141026068,16.5256681418131,-0.041525804,-0.050619826,-0.046072815,0.03228697,-0.0052951723,0.0134959,-647650.7794220855,1.1109475288540125,-647647.2761735868,-647649.7159387416
S2-25.1,reactant,[H]c1c([H])c([H])c(C([H])([H])[H])c(N([H])C(=O)[C:91]([H])=[C:92]([H])[H])c1[H],0,-0.148601,-0.2820406,-197.35608602243076,13.082805041183722,0.14919448,0.088717505,0.11895599,0.09897785,-0.007691309,0.04564327,-325063.8067131569,0.3986716028302908,-325062.31775526254,-325063.0951109843
S2-25.1,intermediate,[H]c1c([H])c([H])c(C([H])([H])[H])c(N([H])C(=O)[C-:91]([H])[C:92]([H])([H])[S:93]C([H])([H])[H])c1[H],-1,-0.48423818,-0.11852432,-64.92191839993687,111.393673768919,-0.0026569292,0.028747685,0.013045378,-0.025323361,0.34421462,0.15944563,-600061.9210643286,2.315385617315769,-600056.930681085,-600059.1146492664
S2-25.1,product,[H]c1c([H])c([H])c(C([H])([H])[H])c(N([H])C(=O)[C:91]([H])([H])[C:92]([H])([H])[S:93]C([H])([H])[H])c1[H],0,-0.14257751,-0.11712481,-189.0016233055794,19.918572774130755,-0.010504045,-0.022147,-0.016325522,0.01959689,0.005238101,0.012417495,-600430.1636893022,3.2345676217228174,-600426.198505423,-600427.8847002186
S2-25.2,reactant,[H]c1c([H])c([H])c(C([H])([H])[H])c(N([H])C(=O)[C:91]([H])=[C:92]([H])[H])c1[H],0,-0.16519396,-0.27541292,-202.45476726425832,17.383597096686305,0.16407645,0.09086585,0.12747115,0.08599405,-0.003373906,0.041310072,-325062.1489247855,2.260981135070324,-325059.512886382,-325060.8415369444
S2-25.2,intermediate,[H]c1c([H])c([H])c(C([H])([H])[H])c(N([H])C(=O)[C-:91]([H])[C:92]([H])([H])[S:93]C([H])([H])[H])c1[H],-1,-0.4844333,-0.11840992,-64.9261146612699,111.37685999583812,-0.0024167448,0.028802611,0.013192933,-0.025239676,0.34416997,0.15946513,-600061.9299558765,2.8228895496577024,-600056.7457885424,-600059.0722221626
S2-25.2,product,[H]c1c([H])c([H])c(C([H])([H])[H])c(N([H])C(=O)[C:91]([H])([H])[C:92]([H])([H])[S:93]C([H])([H])[H])c1[H],0,-0.1400267,-0.107791156,-191.6935655119774,21.60740830589383,-0.0414451,-0.04348375,-0.042464424,0.07123211,0.032002226,0.051617168,-600427.4728473008,2.0527449771761894,-600423.8378770171,-600425.5655369742
S2-25.3,reactant,[H]c1c([H])c([H])c(C([H])([H])[H])c(N([H])C(=O)[C:91]([H])=[C:92]([H])[H])c1[H],0,-0.16553773,-0.2754265,-202.3434169556042,17.361692071461643,0.16397461,0.09074104,0.12735783,0.085399136,-0.0031536222,0.041122757,-325062.13933810877,1.8488345481455326,-325059.21500328876,-325060.83755771525
S2-25.3,intermediate,[H]c1c([H])c([H])c(C([H])([H])[H])c(N([H])C(=O)[C-:91]([H])[C:92]([H])([H])[S:93]C([H])([H])[H])c1[H],-1,-0.45686257,-0.121932685,-66.58925440867883,112.89628419022601,-0.02041328,0.017934456,-0.0012394115,-0.017954946,0.41009352,0.19606929,-600056.665249157,3.4473057631403208,-600051.613670157,-600053.6993596883
S2-25.3,product,[H]c1c([H])c([H])c(C([H])([H])[H])c(N([H])C(=O)[C:91]([H])([H])[C:92]([H])([H])[S:93]C([H])([H])[H])c1[H],0,-0.12998487,-0.10460579,-190.23337699822795,18.229764107926115,-0.042709526,-0.045887686,-0.044298604,0.048991993,0.004872009,0.026932001,-600428.7622079292,1.5890449658036232,-600425.5574079085,-600427.6424297979
S2-27.1,reactant,[H]c1c([H])c([H])c(N([H])C(=O)[C:91]([H])=[C:92]([H])[H])c(C#N)c1[H],0,-0.14548984,-0.27006784,-208.7396241329928,-8.280860490686923,0.10000402,0.092776135,0.096390076,0.050309777,0.0033765882,0.026843183,-358305.2044964968,0.6773551981896162,-358302.7791722296,-358304.2466571326
S2-27.1,intermediate,[H]c1c([H])c([H])c(N([H])C(=O)[C-:91]([H])[C:92]([H])([H])[S:93]C([H])([H])[H])c(C#N)c1[H],-1,-0.49341908,-0.12228468,-72.99652941454626,94.84690493161487,-0.0122412145,0.021871224,0.0048150048,-0.026984513,0.36364222,0.16832885,-633303.3890821317,3.0171474274247885,-633295.6278258403,-633297.496068274
S2-27.1,product,[H]c1c([H])c([H])c(N([H])C(=O)[C:91]([H])([H])[C:92]([H])([H])[S:93]C([H])([H])[H])c(C#N)c1[H],0,-0.13222587,-0.11761217,-198.5734395077174,-3.1345991576896974,-0.054615125,-0.036109105,-0.045362115,0.0269465,0.011898309,0.019422404,-633669.8165993593,1.100852819159627,-633665.951370939,-633668.5396022773
S2-27.2,reactant,[H]c1c([H])c([H])c(N([H])C(=O)[C:91]([H])=[C:92]([H])[H])c(C#N)c1[H],0,-0.14234518,-0.2687729,-209.49272990372873,-8.82481569954486,0.07941878,0.06432475,0.071871765,0.033477917,0.008183926,0.020830922,-358304.23554525536,2.6270411983132362,-358300.3671964581,-358302.6589053522
S2-27.2,intermediate,[H]c1c([H])c([H])c(N([H])C(=O)[C-:91]([H])[C:92]([H])([H])[S:93]C([H])([H])[H])c(C#N)c1[H],-1,-0.46263665,-0.12246869,-72.09079095792825,86.9145100869122,-0.02005148,0.022839494,0.0013940074,-0.015644193,0.34605455,0.16520518,-633308.0729033928,1.8748536314815283,-633304.3170088037,-633305.7480637395
S2-27.2,product,[H]c1c([H])c([H])c(N([H])C(=O)[C:91]([H])([H])[C:92]([H])([H])[S:93]C([H])([H])[H])c(C#N)c1[H],0,-0.13220078,-0.117524296,-198.56827480639714,-3.077210068353147,-0.054569498,-0.036212176,-0.045390837,0.026529565,0.011621796,0.01907568,-633669.8255295891,1.3438702635467052,-633666.4461066481,-633668.5220465674
S2-27.3,reactant,[H]c1c([H])c([H])c(N([H])C(=O)[C:91]([H])=[C:92]([H])[H])c(C#N)c1[H],0,-0.14565735,-0.26996583,-208.74949399945638,-8.288619601685829,0.10007501,0.09275724,0.09641612,0.050165832,0.0034514517,0.026808642,-358305.2041637973,0.7286237701773643,-358302.77409627946,-358304.25656421174
S2-27.3,intermediate,[H]c1c([H])c([H])c(N([H])C(=O)[C-:91]([H])[C:92]([H])([H])[S:93]C([H])([H])[H])c(C#N)c1[H],-1,-0.50123733,-0.124389194,-72.75258194082036,91.22575931663212,-0.02795659,0.024710208,-0.0016231909,-0.017858624,0.3570614,0.16960138,-633308.0889172734,1.2695938479155302,-633303.8939330044,-633305.4900750185
S2-27.3,product,[H]c1c([H])c([H])c(N([H])C(=O)[C:91]([H])([H])[C:92]([H])([H])[S:93]C([H])([H])[H])c(C#N)c1[H],0,-0.13861848,-0.1292189,-195.39499737051275,0.35363105096364955,-0.030294202,-0.014751717,-0.02252296,0.013243511,0.01121971,0.012231611,-633670.9549953718,2.903763923794031,-633666.0488153748,-633668.2845700242
S2-29.1,reactant,[H]c1c([H])c(C([H])([H])[H])c([H])c([H])c1N([H])C(=O)[C:91]([H])=[C:92]([H])[H],0,-0.14987303,-0.2806991,-195.12192884475698,13.097608597866849,0.12158367,0.05869773,0.0901407,0.046297446,-0.003918901,0.021189272,-325062.2179377852,0.9674885831773281,-325059.44112355396,-325061.2421173555
S2-29.1,intermediate,[H]c1c([H])c(C([H])([H])[H])c([H])c([H])c1N([H])C(=O)[C-:91]([H])[C:92]([H])([H])[S:93]C([H])([H])[H],-1,-0.5064822,-0.1071128,-65.96908846722121,111.57495584724701,-0.01707913,0.023493998,0.003207434,-0.00978899,0.31192,0.1510655,-600059.3983701724,3.8380334582179785,-600052.1222965082,-600054.6429114545
S2-29.1,product,[H]c1c([H])c(C([H])([H])[H])c([H])c([H])c1N([H])C(=O)[C:91]([H])([H])[C:92]([H])([H])[S:93]C([H])([H])[H],0,-0.14083566,-0.118892394,-185.20928623356608,19.090548320738883,-0.022136532,-0.02440212,-0.023269325,0.019006193,0.0035428256,0.011274509,-600428.959822126,1.861856309697032,-600424.7732942054,-600426.8620689835
S2-28.1,reactant,[H]c1c([H])c(F)c([H])c(N([H])C(=O)[C:91]([H])=[C:92]([H])[H])c1[H],0,-0.15450235,-0.27301103,-205.23532226347365,7.96700272023696,0.15765145,0.09783755,0.1277445,0.08378385,0.0007043481,0.0422441,-362687.6019228875,0.7853579018265009,-362684.6669528955,-362686.89441433526
S2-28.1,intermediate,[H]c1c([H])c(F)c([H])c(N([H])C(=O)[C-:91]([H])[C:92]([H])([H])[S:93]C([H])([H])[H])c1[H],-1,-0.48976085,-0.11495267,-69.317584787576,107.18491015896865,-1.04904175e-05,0.025412641,0.0127010755,-0.026683778,0.3560068,0.16466153,-637689.6159631758,2.0307459756731987,-637685.7156918128,-637687.452520811
S2-28.1,product,[H]c1c([H])c(F)c([H])c(N([H])C(=O)[C:91]([H])([H])[C:92]([H])([H])[S:93]C([H])([H])[H])c1[H],0,-0.1486351,-0.11855154,-194.9258623692826,11.930228344100733,-0.021579288,-0.01597087,-0.01877508,0.01803431,0.0058550388,0.011944674,-638053.6690001277,3.2038803063333035,-638048.8947442912,-638051.2225924003
S2-28.2,reactant,[H]c1c([H])c(F)c([H])c(N([H])C(=O)[C:91]([H])=[C:92]([H])[H])c1[H],0,-0.15364188,-0.27317244,-204.57488892460088,7.327326611924413,0.1544177,0.09704514,0.12573141,0.08510512,0.00019319355,0.042649157,-362687.401435498,0.7620519436895847,-362684.1837621355,-362686.69981918286
S2-28.2,intermediate,[H]c1c([H])c(F)c([H])c(N([H])C(=O)[C-:91]([H])[C:92]([H])([H])[S:93]C([H])([H])[H])c1[H],-1,-0.50195503,-0.11426311,-69.91755747268091,108.60371026326791,-0.02830866,0.021717459,-0.0032956004,-0.011485934,0.3401018,0.16430794,-637687.8422032158,1.7591091953217983,-637681.8463486132,-637684.8315911803
S2-28.2,product,[H]c1c([H])c(F)c([H])c(N([H])C(=O)[C:91]([H])([H])[C:92]([H])([H])[S:93]C([H])([H])[H])c1[H],0,-0.13593432,-0.1069529,-195.31509020018848,13.391317598908724,-0.0454435,-0.04154513,-0.043494314,0.043814436,0.009569526,0.02669198,-638052.4546925321,1.2173103857785463,-638048.7678988971,-638051.3477947969
S2-30.1,reactant,[H]c1nc(N([H])C(=O)[C:91]([H])=[C:92]([H])[H])c([H])c([H])c1[H],0,-0.15727897,-0.27421147,-206.13782627398925,7.98515372283329,0.14953822,0.099759206,0.12464871,0.056801066,0.0009402633,0.028870665,-310451.9214047464,0.4444612730294466,-310450.343203626,-310451.4669815887
S2-30.1,intermediate,[H]c1nc(N([H])C(=O)[C-:91]([H])[C:92]([H])([H])[S:93]C([H])([H])[H])c([H])c([H])c1[H],-1,-0.49858397,-0.11829627,-68.2147813424688,108.45731919566441,-0.029445909,0.022587292,-0.0034293085,-0.00032243133,0.34180498,0.17074129,-585448.9522364867,1.6004463993012905,-585444.0582087939,-585446.1748151205
S2-30.1,product,[H]c1nc(N([H])C(=O)[C:91]([H])([H])[C:92]([H])([H])[S:93]C([H])([H])[H])c([H])c([H])c1[H],0,-0.13986592,-0.10830277,-195.73713695736214,13.800732527021182,-0.049401537,-0.041371495,-0.045386516,0.028157324,0.008863598,0.01851046,-585817.0388765794,1.0580344200134277,-585814.3523666103,-585816.1855291161
S2-31.1,reactant,[H]c1c([H])c(N([H])C(=O)[C:91]([H])=[C:92]([H])[H])c([H])c([H])c1C#N,0,-0.15244652,-0.27116725,-206.01553046821473,-8.832290651513796,0.077365965,0.058944866,0.068155415,0.01242663,0.00082984567,0.0066282377,-358302.2596694098,1.126635279506445,-358298.6621743533,-358300.91117401555
S2-31.1,intermediate,[H]c1c([H])c(N([H])C(=O)[C-:91]([H])[C:92]([H])([H])[S:93]C([H])([H])[H])c([H])c([H])c1C#N,-1,-0.47455955,-0.11295755,-75.9254406582938,84.72947312037289,-0.0052583218,0.019298121,0.0070199,-0.021788567,0.2934412,0.13582632,-633312.2693756052,1.9903371799737215,-633306.9175377813,-633309.8028643532
S2-31.1,product,[H]c1c([H])c(N([H])C(=O)[C:91]([H])([H])[C:92]([H])([H])[S:93]C([H])([H])[H])c([H])c([H])c1C#N,0,-0.13420996,-0.111228496,-194.1707161408304,-3.1012658558911914,-0.050765853,-0.039096594,-0.044931225,0.014864355,0.001113832,0.007989094,-633668.1336123014,1.2947691604495049,-633664.009111565,-633666.7554118689
S2-32.1,reactant,[H]c1c([H])c([H])c(C(N([H])C(=O)[C:91](C([H])([H])[H])=[C:92]([H])[H])(C([H])([H])[H])C([H])([H])[H])c([H])c1[H],0,0.00873969,-0.32692218,-197.16040185668112,15.764858394863971,0.12239146,0.07344249,0.097916976,0.0039937296,-0.04935101,-0.02267864,-399121.54472760565,2.602896297350526,-399117.0143032898,-399120.3126163602
S2-32.1,intermediate,[H]c1c([H])c([H])c(C(N([H])C(=O)[C-:91](C([H])([H])[H])[C:92]([H])([H])[S:93]C([H])([H])[H])(C([H])([H])[H])C([H])([H])[H])c([H])c1[H],-1,0.03637992,-0.33893633,-85.75127533261498,84.06924946843664,0.0874334,0.058441103,0.07293725,0.11228292,-0.033145774,0.039568573,-674124.8042678683,3.5779435858130455,-674117.0946997809,-674119.9546526646
S2-32.1,product,[H]c1c([H])c([H])c(C(N([H])C(=O)[C:91]([H])(C([H])([H])[H])[C:92]([H])([H])[S:93]C([H])([H])[H])(C([H])([H])[H])C([H])([H])[H])c([H])c1[H],0,-0.08492142,-0.1117869,-184.34050874307283,12.568595940956888,-0.014447443,-0.019015267,-0.016731355,0.04760231,0.013230681,0.030416496,-674485.1499328509,1.948016881942749,-674479.9287251865,-674483.5458413657
S2-32.2,reactant,[H]c1c([H])c([H])c(C(N([H])C(=O)[C:91](C([H])([H])[H])=[C:92]([H])[H])(C([H])([H])[H])C([H])([H])[H])c([H])c1[H],0,0.010101862,-0.32520995,-203.7826848257391,15.166995825785316,0.13500357,0.084065735,0.10953465,-0.035081513,-0.052773748,-0.043927632,-399123.01890919637,2.5491837449371815,-399118.7163188043,-399121.5586904886
S2-32.2,intermediate,[H]c1c([H])c([H])c(C(N([H])C(=O)[C-:91](C([H])([H])[H])[C:92]([H])([H])[S:93]C([H])([H])[H])(C([H])([H])[H])C([H])([H])[H])c([H])c1[H],-1,0.042740844,-0.34713832,-83.01458888927723,83.36361451516008,0.078796506,0.061571836,0.07018417,0.040981863,-0.045387585,-0.002202862,-674122.6487456459,7.181472918018699,-674112.3209560224,-674115.5748130769
S2-32.2,product,[H]c1c([H])c([H])c(C(N([H])C(=O)[C:91]([H])(C([H])([H])[H])[C:92]([H])([H])[S:93]C([H])([H])[H])(C([H])([H])[H])C([H])([H])[H])c([H])c1[H],0,-0.08070068,-0.11462919,-186.44688435402443,10.766103445201145,-0.012899853,-0.015339948,-0.014119901,0.04636465,0.03270036,0.039532505,-674485.9617880167,6.408219736069441,-674479.2969756187,-674483.1380179309
S2-32.3,reactant,[H]c1c([H])c([H])c(C(N([H])C(=O)[C:91](C([H])([H])[H])=[C:92]([H])[H])(C([H])([H])[H])C([H])([H])[H])c([H])c1[H],0,0.0018899401,-0.3253836,-194.1381946699605,16.7149974916099,0.16189358,0.10833341,0.1351135,0.03920792,-0.040058687,-0.00042538345,-399122.5201862723,1.9602150917053223,-399118.1861731352,-399121.1438947842
S2-32.3,intermediate,[H]c1c([H])c([H])c(C(N([H])C(=O)[C-:91](C([H])([H])[H])[C:92]([H])([H])[S:93]C([H])([H])[H])(C([H])([H])[H])C([H])([H])[H])c([H])c1[H],-1,0.045638084,-0.3547477,-77.9196653627888,78.15599850655747,0.08490509,0.06034565,0.07262537,0.048073553,-0.057875372,-0.0049009086,-674109.5065434155,5.44422509893775,-674097.0865090063,-674100.2955986068
S2-32.3,product,[H]c1c([H])c([H])c(C(N([H])C(=O)[C:91]([H])(C([H])([H])[H])[C:92]([H])([H])[S:93]C([H])([H])[H])(C([H])([H])[H])C([H])([H])[H])c([H])c1[H],0,-0.07926423,-0.11432459,-186.44505680333987,10.669765931628584,-0.016466185,-0.01864878,-0.017557483,0.050207905,0.03420946,0.042208683,-674486.1307234406,7.659102577716112,-674480.3716301617,-674482.9424807513
S2-32.4,reactant,[H]c1c([H])c([H])c(C(N([H])C(=O)[C:91](C([H])([H])[H])=[C:92]([H])[H])(C([H])([H])[H])C([H])([H])[H])c([H])c1[H],0,0.0016849352,-0.3253897,-194.13229151624955,16.72631966100242,0.16253698,0.10854316,0.13554007,0.039024465,-0.039938837,-0.00045718625,-399122.5201103629,2.018889369443059,-399118.2886116174,-399121.11674885504
S2-32.4,intermediate,[H]c1c([H])c([H])c(C(N([H])C(=O)[C-:91](C([H])([H])[H])[C:92]([H])([H])[S:93]C([H])([H])[H])(C([H])([H])[H])C([H])([H])[H])c([H])c1[H],-1,0.01930774,-0.3766811,-85.87237337516055,83.8206833081199,0.17784387,0.07573336,0.12678862,0.046399307,-0.046542987,-7.183943e-05,-674129.0348281233,3.2410403937101364,-674120.7601666842,-674124.3840382013
S2-32.4,product,[H]c1c([H])c([H])c(C(N([H])C(=O)[C:91]([H])(C([H])([H])[H])[C:92]([H])([H])[S:93]C([H])([H])[H])(C([H])([H])[H])C([H])([H])[H])c([H])c1[H],0,-0.09043053,-0.11786203,-184.34597808588092,12.56888137219416,-0.008242525,-0.016286835,-0.01226468,0.0143196955,-0.009162895,0.0025784,-674484.2874638357,1.4860155135393143,-674478.8478642018,-674482.5997386652
S2-32.5,reactant,[H]c1c([H])c([H])c(C(N([H])C(=O)[C:91](C([H])([H])[H])=[C:92]([H])[H])(C([H])([H])[H])C([H])([H])[H])c([H])c1[H],0,0.0019244365,-0.3253905,-194.1563996302708,16.707990323793446,0.16196212,0.10835962,0.13516086,0.039446194,-0.040061988,-0.0003078971,-399122.5160341564,8.973228110000491,-399118.7098064455,-399121.10397403117
S2-32.5,intermediate,[H]c1c([H])c([H])c(C(N([H])C(=O)[C-:91](C([H])([H])[H])[C:92]([H])([H])[S:93]C([H])([H])[H])(C([H])([H])[H])C([H])([H])[H])c([H])c1[H],-1,0.03617972,-0.33739245,-85.92291059632508,83.59228381561468,0.086469114,0.05830571,0.07238741,0.10723339,-0.03321332,0.037010036,-674124.8538339786,52.284428492188454,-674116.6384650947,-674119.8592272425
S2-32.5,product,[H]c1c([H])c([H])c(C(N([H])C(=O)[C:91]([H])(C([H])([H])[H])[C:92]([H])([H])[S:93]C([H])([H])[H])(C([H])([H])[H])C([H])([H])[H])c([H])c1[H],0,-0.09365946,-0.101160735,-183.350497070975,12.54039857707502,-0.005596563,-0.033397302,-0.019496933,0.06652355,0.039029893,0.052776724,-674484.2049185364,30.48887255974114,-674478.7132866601,-674482.0890902241
S2-33.1,reactant,[H]c1c([H])c([H])c(N([H])C(=O)[C:91](C([H])([H])[H])=[C:92]([H])[H])c([H])c1[H],0,0.023598235,-0.3252208,-200.21518177907902,13.091709359856356,0.13887423,0.08370404,0.111289136,-0.009968888,-0.05750365,-0.03373627,-325063.5347762298,5.898773482069373,-325059.74635849596,-325062.494700607
S2-33.1,intermediate,[H]c1c([H])c([H])c(N([H])C(=O)[C-:91](C([H])([H])[H])[C:92]([H])([H])[S:93]C([H])([H])[H])c([H])c1[H],-1,-0.3217386,-0.1122655,-61.614215467496685,112.89899948908698,-0.0011972412,0.013578862,0.0061908104,-0.084612995,0.3016076,0.108497314,-600060.4595339241,15.120998606085777,-600052.8820825787,-600055.5170321775
S2-33.1,product,[H]c1c([H])c([H])c(N([H])C(=O)[C:91]([H])(C([H])([H])[H])[C:92]([H])([H])[S:93]C([H])([H])[H])c([H])c1[H],0,-0.07521098,-0.11374874,-189.21612149355488,17.979858527543307,-0.032264136,-0.035922788,-0.034093462,0.014725044,0.005985774,0.010355409,-600427.2919866852,2.5579953640699387,-600422.5241570753,-600424.5782913793
S2-34.1,reactant,[H]c1c([H])c([H])c(N([H])C(=O)[C:91]([H])=[C:92](C([H])([H])[H])C([H])([H])[H])c([H])c1[H],0,-0.20023206,0.027832052,-193.98443170672996,12.110419343864002,-0.0064383317,0.01803614,0.005798904,0.047940806,0.0060157776,0.026978292,-349750.5692116226,1.7371975034475327,-349747.79542897426,-349749.64016827726
S2-34.1,intermediate,[H]c1c([H])c([H])c(N([H])C(=O)[C-:91]([H])[C:92](C([H])([H])[H])(C([H])([H])[H])[S:93]C([H])([H])[H])c([H])c1[H],-1,-0.43992412,0.11233125,-63.46145603380257,106.92058895540536,-0.023140676,0.010472916,-0.00633388,-0.021040201,0.27775937,0.12835959,-624747.3851588167,2.049107186496258,-624741.55806578,-624744.195122674
S2-34.1,product,[H]c1c([H])c([H])c(N([H])C(=O)[C:91]([H])([H])[C:92](C([H])([H])[H])(C([H])([H])[H])[S:93]C([H])([H])[H])c([H])c1[H],0,-0.12496956,0.07333648,-185.87519129493612,16.32869317580153,-0.041927747,-0.060566213,-0.05124698,0.020636976,0.0062503964,0.013443686,-625113.2517104431,1.5698804575949907,-625109.8284519783,-625112.1380716547
S2-34.2,reactant,[H]c1c([H])c([H])c(N([H])C(=O)[C:91]([H])=[C:92](C([H])([H])[H])C([H])([H])[H])c([H])c1[H],0,-0.18793415,0.047704086,-194.17406531638176,12.09396301745211,0.03325163,0.08937402,0.061312824,0.059665173,-0.01216425,0.023750462,-349752.7824349824,1.4406645949929953,-349749.73184850806,-349751.966807074
S2-34.2,intermediate,[H]c1c([H])c([H])c(N([H])C(=O)[C-:91]([H])[C:92](C([H])([H])[H])(C([H])([H])[H])[S:93]C([H])([H])[H])c([H])c1[H],-1,-0.443796,0.111828506,-63.38266229348664,107.17397441877932,-0.02433829,0.010367997,-0.0069851466,-0.02242276,0.2814953,0.12953627,-624747.3996679422,2.7654100693762302,-624740.5617188711,-624743.3569861981
S2-34.2,product,[H]c1c([H])c([H])c(N([H])C(=O)[C:91]([H])([H])[C:92](C([H])([H])[H])(C([H])([H])[H])[S:93]C([H])([H])[H])c([H])c1[H],0,-0.13634668,0.06607418,-183.54759371250537,16.83086718639578,-0.03454788,-0.042960808,-0.038754344,0.0054621547,0.009918138,0.0076901466,-625112.6325373854,3.4237567614763975,-625107.6065262504,-625109.8921993563
S2-34.3,reactant,[H]c1c([H])c([H])c(N([H])C(=O)[C:91]([H])=[C:92](C([H])([H])[H])C([H])([H])[H])c([H])c1[H],0,-0.18786256,0.0475222,-194.16628437357735,12.102138213519938,0.033064444,0.0895728,0.061318625,0.059562683,-0.0122182965,0.023672193,-349752.78396076977,1.3972036112099886,-349750.18377623515,-349751.9855636239
S2-34.3,intermediate,[H]c1c([H])c([H])c(N([H])C(=O)[C-:91]([H])[C:92](C([H])([H])[H])(C([H])([H])[H])[S:93]C([H])([H])[H])c([H])c1[H],-1,-0.43076095,0.10384301,-63.3191815418594,108.18239259686138,-0.054273106,-0.020673528,-0.037473317,-0.007953972,0.28852648,0.14028624,-624743.0757815886,1.5103822126984596,-624738.2301344926,-624741.3823532317
S2-34.3,product,[H]c1c([H])c([H])c(N([H])C(=O)[C:91]([H])([H])[C:92](C([H])([H])[H])(C([H])([H])[H])[S:93]C([H])([H])[H])c([H])c1[H],0,-0.12496269,0.07313768,-185.94007055872692,16.269093426589848,-0.042247094,-0.06059449,-0.051420793,0.02083075,0.0064450353,0.013637893,-625113.2296901755,1.1533898916095495,-625109.2518094018,-625112.1341704216
S2-35.1,reactant,[H]c1c([H])c([H])c(N([H])C(=O)/[C:91]([H])=[C:92](\[H])C([H])([H])[H])c([H])c1[H],0,-0.17255591,-0.09165631,-197.49608849403918,15.168597180452933,0.105587974,0.065504275,0.08554612,0.08742933,-0.012088388,0.03767047,-325065.2789717015,0.526517478749156,-325063.42444956943,-325064.62881280226
S2-35.1,intermediate,[H]c1c([H])c([H])c(N([H])C(=O)[C-:91]([H])[C:92]([H])(C([H])([H])[H])[S:93]C([H])([H])[H])c([H])c1[H],-1,-0.46399343,-0.0051071914,-63.19925842053025,110.47212028222974,-0.047846563,0.0045564165,-0.021645075,-0.009740531,0.3192039,0.15473169,-600057.337237376,2.109119236469269,-600052.1426462609,-600054.3368060559
S2-35.1,product,[H]c1c([H])c([H])c(N([H])C(=O)[C:91]([H])([H])[C:92]([H])(C([H])([H])[H])[S:93]C([H])([H])[H])c([H])c1[H],0,-0.13054064,-0.028748417,-190.19058552571192,17.954268622682743,-0.05025617,-0.051543735,-0.050899953,0.027079597,0.0020532906,0.014566444,-600427.9455484523,1.5231902059167624,-600425.1370592461,-600426.8633691339
S2-5.1,reactant,[H]c1nc(N([H])c2c([H])c([H])c(F)c(Cl)c2[H])c2c([H])c(N([H])C(=O)/[C:91]([H])=[C:92](\[H])C([H])([H])N3C([H])([H])C([H])([H])C([H])([H])C([H])([H])C3([H])[H])c(OC([H])([H])[H])c([H])c2n1,0,-0.14531907,-0.13911103,-156.52012076968003,-25.023284362336966,0.011334434,0.012150288,0.011742361,-0.0055162907,-0.00926213,-0.00738921,-1201635.9406279183,2.0028295516967773,-1201629.6623628803,-1201633.0756876916
S2-5.1,intermediate,[H]c1nc(N([H])c2c([H])c([H])c(F)c(Cl)c2[H])c2c([H])c(N([H])C(=O)[C-:91]([H])[C:92]([H])(C([H])([H])N3C([H])([H])C([H])([H])C([H])([H])C([H])([H])C3([H])[H])[S:93]C([H])([H])[H])c(OC([H])([H])[H])c([H])c2n1,-1,-0.48453635,-0.042781126,-69.18894863702319,44.83871145348563,0.005896233,0.0136875305,0.009791882,0.022963285,0.20269221,0.11282775,-1476642.0016110518,3.0577143114060163,-1476629.4309671603,-1476636.9481990072
S2-5.1,product,[H]c1nc(N([H])c2c([H])c([H])c(F)c(Cl)c2[H])c2c([H])c(N([H])C(=O)[C:91]([H])([H])[C:92]([H])(C([H])([H])N3C([H])([H])C([H])([H])C([H])([H])C([H])([H])C3([H])[H])[S:93]C([H])([H])[H])c(OC([H])([H])[H])c([H])c2n1,0,-0.12916045,-0.07461089,-151.97469251694085,-24.88007968756646,-0.013141736,-0.010742657,-0.011942197,0.007052228,0.006536193,0.0067942105,-1477002.4489291448,3.7837587874382734,-1476990.589627904,-1476996.895609977
S2-5.2,reactant,[H]c1nc(N([H])c2c([H])c([H])c(F)c(Cl)c2[H])c2c([H])c(N([H])C(=O)/[C:91]([H])=[C:92](\[H])C([H])([H])N3C([H])([H])C([H])([H])C([H])([H])C([H])([H])C3([H])[H])c(OC([H])([H])[H])c([H])c2n1,0,-0.1632371,-0.10750543,-156.31475678574918,-24.72365947368209,-0.008727297,-0.0048844665,-0.006805882,0.013320833,0.004036948,0.008678891,-1201643.589593067,1.9758540913462639,-1201634.982144912,-1201640.8892054248
S2-5.2,intermediate,[H]c1nc(N([H])c2c([H])c([H])c(F)c(Cl)c2[H])c2c([H])c(N([H])C(=O)[C-:91]([H])[C:92]([H])(C([H])([H])N3C([H])([H])C([H])([H])C([H])([H])C([H])([H])C3([H])[H])[S:93]C([H])([H])[H])c(OC([H])([H])[H])c([H])c2n1,-1,-0.48528254,-0.049824182,-67.97372736295284,46.45087925967022,-0.00371781,0.0072910488,0.0017866194,0.013482302,0.18146405,0.097473174,-1476640.4192590653,3.403820553794503,-1476629.470395678,-1476634.588382093
S2-5.2,product,[H]c1nc(N([H])c2c([H])c([H])c(F)c(Cl)c2[H])c2c([H])c(N([H])C(=O)[C:91]([H])([H])[C:92]([H])(C([H])([H])N3C([H])([H])C([H])([H])C([H])([H])C([H])([H])C3([H])[H])[S:93]C([H])([H])[H])c(OC([H])([H])[H])c([H])c2n1,0,-0.12918569,-0.057693716,-151.75271725888808,-24.67531614085057,-0.023694716,-0.020882,-0.022288358,0.006569296,0.0053834617,0.005976379,-1477003.225538307,2.66676395945251,-1476992.729796719,-1476999.6939264678
S2-5.3,reactant,[H]c1nc(N([H])c2c([H])c([H])c(F)c(Cl)c2[H])c2c([H])c(N([H])C(=O)/[C:91]([H])=[C:92](\[H])C([H])([H])N3C([H])([H])C([H])([H])C([H])([H])C([H])([H])C3([H])[H])c(OC([H])([H])[H])c([H])c2n1,0,-0.15794942,-0.11110367,-156.3311407515064,-25.036781417784628,-0.0112590045,-0.00854896,-0.009903982,0.02150543,0.0056717247,0.0135885775,-1201635.4328083214,1.895203597843647,-1201627.3243405148,-1201632.6487354285
S2-5.3,intermediate,[H]c1nc(N([H])c2c([H])c([H])c(F)c(Cl)c2[H])c2c([H])c(N([H])C(=O)[C-:91]([H])[C:92]([H])(C([H])([H])N3C([H])([H])C([H])([H])C([H])([H])C([H])([H])C3([H])[H])[S:93]C([H])([H])[H])c(OC([H])([H])[H])c([H])c2n1,-1,-0.5061798,-0.056776457,-67.62538818580072,46.37869950502122,0.0057868063,0.014819108,0.010302957,0.02765286,0.20219281,0.11492284,-1476645.5387550944,2.278538206592202,-1476634.8207693424,-1476641.4178399935
S2-5.3,product,[H]c1nc(N([H])c2c([H])c([H])c(F)c(Cl)c2[H])c2c([H])c(N([H])C(=O)[C:91]([H])([H])[C:92]([H])(C([H])([H])N3C([H])([H])C([H])([H])C([H])([H])C([H])([H])C3([H])[H])[S:93]C([H])([H])[H])c(OC([H])([H])[H])c([H])c2n1,0,-0.13411726,-0.07552184,-151.86898112837088,-23.582406279147758,-0.028750151,-0.026777811,-0.027763981,0.0060780346,0.0068115294,0.006444782,-1477006.9952052897,4.572627197951078,-1476995.914460291,-1477002.0782254164
S2-5.4,reactant,[H]c1nc(N([H])c2c([H])c([H])c(F)c(Cl)c2[H])c2c([H])c(N([H])C(=O)/[C:91]([H])=[C:92](\[H])C([H])([H])N3C([H])([H])C([H])([H])C([H])([H])C([H])([H])C3([H])[H])c(OC([H])([H])[H])c([H])c2n1,0,-0.14100847,-0.13533558,-155.14978667122818,-25.16731388331789,0.010209411,0.009697586,0.009953499,-0.0036828518,-0.008698881,-0.006190866,-1201639.3270293833,1.4282821714878082,-1201631.5177647714,-1201636.6019004
S2-5.4,intermediate,[H]c1nc(N([H])c2c([H])c([H])c(F)c(Cl)c2[H])c2c([H])c(N([H])C(=O)[C-:91]([H])[C:92]([H])(C([H])([H])N3C([H])([H])C([H])([H])C([H])([H])C([H])([H])C3([H])[H])[S:93]C([H])([H])[H])c(OC([H])([H])[H])c([H])c2n1,-1,-0.4530402,-0.0357759,-67.77601271030522,46.57661601249135,-0.0015815422,0.0056668855,0.0020426717,0.019424021,0.17635468,0.09788935,-1476643.707633625,5.695000229403377,-1476633.0032727465,-1476638.9055799167
S2-5.4,product,[H]c1nc(N([H])c2c([H])c([H])c(F)c(Cl)c2[H])c2c([H])c(N([H])C(=O)[C:91]([H])([H])[C:92]([H])(C([H])([H])N3C([H])([H])C([H])([H])C([H])([H])C([H])([H])C3([H])[H])[S:93]C([H])([H])[H])c(OC([H])([H])[H])c([H])c2n1,0,-0.12624729,-0.058001194,-151.94863799865146,-23.897310521878953,-0.029813286,-0.028739292,-0.029276289,0.0050730556,0.0029382259,0.0040056407,-1477002.03649146,2.3818003106862307,-1476992.0875096072,-1476998.6059303896
S2-5.5,reactant,[H]c1nc(N([H])c2c([H])c([H])c(F)c(Cl)c2[H])c2c([H])c(N([H])C(=O)/[C:91]([H])=[C:92](\[H])C([H])([H])N3C([H])([H])C([H])([H])C([H])([H])C([H])([H])C3([H])[H])c(OC([H])([H])[H])c([H])c2n1,0,-0.15364578,-0.11291644,-155.88068462372536,-25.311701892005793,-0.009900026,-0.008128978,-0.009014502,0.018250927,0.0033704937,0.0108107105,-1201635.235645902,1.783957002684474,-1201627.6234416661,-1201632.3911100863
S2-5.5,intermediate,[H]c1nc(N([H])c2c([H])c([H])c(F)c(Cl)c2[H])c2c([H])c(N([H])C(=O)[C-:91]([H])[C:92]([H])(C([H])([H])N3C([H])([H])C([H])([H])C([H])([H])C([H])([H])C3([H])[H])[S:93]C([H])([H])[H])c(OC([H])([H])[H])c([H])c2n1,-1,-0.4554434,-0.06535665,-66.74237585249516,48.267396489861305,0.005039312,0.016510066,0.010774689,0.0048431456,0.1683926,0.08661787,-1476648.1906051217,1.8468335941433907,-1476638.5796678,-1476644.6002493922
S2-5.5,product,[H]c1nc(N([H])c2c([H])c([H])c(F)c(Cl)c2[H])c2c([H])c(N([H])C(=O)[C:91]([H])([H])[C:92]([H])(C([H])([H])N3C([H])([H])C([H])([H])C([H])([H])C([H])([H])C3([H])[H])[S:93]C([H])([H])[H])c(OC([H])([H])[H])c([H])c2n1,0,-0.13326457,-0.07010449,-149.84886773281028,-22.554078557637794,-0.031206861,-0.028225623,-0.029716242,0.0073662847,0.0070064217,0.007186353,-1477002.4568297407,9.042284293100238,-1476991.7909480643,-1476996.7660784388
S2-5.6,reactant,[H]c1nc(N([H])c2c([H])c([H])c(F)c(Cl)c2[H])c2c([H])c(N([H])C(=O)/[C:91]([H])=[C:92](\[H])C([H])([H])N3C([H])([H])C([H])([H])C([H])([H])C([H])([H])C3([H])[H])c(OC([H])([H])[H])c([H])c2n1,0,-0.14939533,-0.13436578,-155.49249921235975,-24.591544550052905,0.022076517,0.028848462,0.02546249,-0.008960485,-0.015324116,-0.012142301,-1201638.4117548799,1.4833276122808456,-1201630.0572753225,-1201635.854733391
S2-5.6,intermediate,[H]c1nc(N([H])c2c([H])c([H])c(F)c(Cl)c2[H])c2c([H])c(N([H])C(=O)[C-:91]([H])[C:92]([H])(C([H])([H])N3C([H])([H])C([H])([H])C([H])([H])C([H])([H])C3([H])[H])[S:93]C([H])([H])[H])c(OC([H])([H])[H])c([H])c2n1,-1,-0.47001162,-0.03600341,-68.65476145374011,44.877734290837736,0.0059208237,0.01175428,0.008837552,0.016568273,0.17852181,0.09754504,-1476637.8847095591,3.1363286674022675,-1476626.1652044477,-1476632.910702396
S2-5.6,product,[H]c1nc(N([H])c2c([H])c([H])c(F)c(Cl)c2[H])c2c([H])c(N([H])C(=O)[C:91]([H])([H])[C:92]([H])(C([H])([H])N3C([H])([H])C([H])([H])C([H])([H])C([H])([H])C3([H])[H])[S:93]C([H])([H])[H])c(OC([H])([H])[H])c([H])c2n1,0,-0.1374218,-0.07330619,-154.03505869146653,-26.18441513534096,-0.011988718,-0.0044957027,-0.00824221,0.0054229945,0.0051555187,0.0052892566,-1476994.5759025144,3.7100957557559013,-1476983.3739797538,-1476990.0943763026
S2-5.7,reactant,[H]c1nc(N([H])c2c([H])c([H])c(F)c(Cl)c2[H])c2c([H])c(N([H])C(=O)/[C:91]([H])=[C:92](\[H])C([H])([H])N3C([H])([H])C([H])([H])C([H])([H])C([H])([H])C3([H])[H])c(OC([H])([H])[H])c([H])c2n1,0,-0.14684024,-0.13696012,-155.3440278897999,-24.79097167351179,0.023638606,0.031108819,0.027373713,-0.0061620474,-0.016383454,-0.011272751,-1201637.509752213,2.1262267883867025,-1201631.2322141617,-1201634.879997313
S2-5.7,intermediate,[H]c1nc(N([H])c2c([H])c([H])c(F)c(Cl)c2[H])c2c([H])c(N([H])C(=O)[C-:91]([H])[C:92]([H])(C([H])([H])N3C([H])([H])C([H])([H])C([H])([H])C([H])([H])C3([H])[H])[S:93]C([H])([H])[H])c(OC([H])([H])[H])c([H])c2n1,-1,-0.49928102,-0.053923216,-67.01426412512308,47.810921674127236,-0.0043416917,0.005843561,0.0007509347,0.012059361,0.19683969,0.104449525,-1476638.0890416068,3.164646904915571,-1476627.332660179,-1476632.832529675
S2-5.7,product,[H]c1nc(N([H])c2c([H])c([H])c(F)c(Cl)c2[H])c2c([H])c(N([H])C(=O)[C:91]([H])([H])[C:92]([H])(C([H])([H])N3C([H])([H])C([H])([H])C([H])([H])C([H])([H])C3([H])[H])[S:93]C([H])([H])[H])c(OC([H])([H])[H])c([H])c2n1,0,-0.13578568,-0.07206432,-150.3712983957737,-22.490133569600392,-0.024935525,-0.021613196,-0.02327436,0.008713841,0.0076053888,0.008159615,-1476999.8569881984,8.211363466456532,-1476987.9276668313,-1476993.9839825532
S2-5.8,reactant,[H]c1nc(N([H])c2c([H])c([H])c(F)c(Cl)c2[H])c2c([H])c(N([H])C(=O)/[C:91]([H])=[C:92](\[H])C([H])([H])N3C([H])([H])C([H])([H])C([H])([H])C([H])([H])C3([H])[H])c(OC([H])([H])[H])c([H])c2n1,0,-0.15436487,-0.12515,-157.98549339877832,-26.218185929804964,-0.0029850006,0.0017427877,-0.0006211065,0.00304538,-0.0036585927,-0.0003066063,-1201632.6206770786,5.4012476578354836,-1201622.4377690316,-1201627.0530097638
S2-5.8,intermediate,[H]c1nc(N([H])c2c([H])c([H])c(F)c(Cl)c2[H])c2c([H])c(N([H])C(=O)[C-:91]([H])[C:92]([H])(C([H])([H])N3C([H])([H])C([H])([H])C([H])([H])C([H])([H])C3([H])[H])[S:93]C([H])([H])[H])c(OC([H])([H])[H])c([H])c2n1,-1,-0.48399428,-0.058930565,-66.63659105384316,47.890378629545204,-0.005395718,0.005912192,0.00025823712,0.021550864,0.20088491,0.111217886,-1476636.690552345,5.026679007336497,-1476626.184351458,-1476630.9461524813
S2-5.8,product,[H]c1nc(N([H])c2c([H])c([H])c(F)c(Cl)c2[H])c2c([H])c(N([H])C(=O)[C:91]([H])([H])[C:92]([H])(C([H])([H])N3C([H])([H])C([H])([H])C([H])([H])C([H])([H])C3([H])[H])[S:93]C([H])([H])[H])c(OC([H])([H])[H])c([H])c2n1,0,-0.12052824,-0.08214794,-149.0830174187348,-22.527432943370805,-0.021673027,-0.018358216,-0.020015622,0.0054628477,0.005235076,0.005348962,-1477000.4690180635,16.63232104294002,-1476982.3308406223,-1476988.8322011721
S2-5.9,reactant,[H]c1nc(N([H])c2c([H])c([H])c(F)c(Cl)c2[H])c2c([H])c(N([H])C(=O)/[C:91]([H])=[C:92](\[H])C([H])([H])N3C([H])([H])C([H])([H])C([H])([H])C([H])([H])C3([H])[H])c(OC([H])([H])[H])c([H])c2n1,0,-0.14354825,-0.1366615,-156.3791709863566,-25.310952701714,0.012370765,0.01199428,0.012182523,-0.007634923,-0.009537384,-0.008586153,-1201636.4769047152,1.4158205892890692,-1201629.32404784,-1201633.8138053995
S2-5.9,intermediate,[H]c1nc(N([H])c2c([H])c([H])c(F)c(Cl)c2[H])c2c([H])c(N([H])C(=O)[C-:91]([H])[C:92]([H])(C([H])([H])N3C([H])([H])C([H])([H])C([H])([H])C([H])([H])C3([H])[H])[S:93]C([H])([H])[H])c(OC([H])([H])[H])c([H])c2n1,-1,-0.4560193,-0.047877163,-67.76391185985815,47.59355297145623,0.0037112199,0.013446573,0.0085788965,0.014653027,0.17512402,0.09488852,-1476644.6367794063,3.550077298656106,-1476633.3515521453,-1476639.8623455355
S2-5.9,product,[H]c1nc(N([H])c2c([H])c([H])c(F)c(Cl)c2[H])c2c([H])c(N([H])C(=O)[C:91]([H])([H])[C:92]([H])(C([H])([H])N3C([H])([H])C([H])([H])C([H])([H])C([H])([H])C3([H])[H])[S:93]C([H])([H])[H])c(OC([H])([H])[H])c([H])c2n1,0,-0.112978965,-0.060664907,-149.76677820518597,-23.316268788060004,-0.015549924,-0.01176542,-0.013657672,0.0019830987,0.0031825379,0.0025828183,-1477002.6596313312,2.289792338386178,-1476992.9993244098,-1476998.7186084623
S2-5.10,reactant,[H]c1nc(N([H])c2c([H])c([H])c(F)c(Cl)c2[H])c2c([H])c(N([H])C(=O)/[C:91]([H])=[C:92](\[H])C([H])([H])N3C([H])([H])C([H])([H])C([H])([H])C([H])([H])C3([H])[H])c(OC([H])([H])[H])c([H])c2n1,0,-0.14909743,-0.14509006,-158.40887130023174,-25.98543616325295,0.008818284,0.010795251,0.009806767,-0.016054377,-0.015503123,-0.01577875,-1201632.8964367977,2.76660074852407,-1201623.871720288,-1201628.0152257287
S2-5.10,intermediate,[H]c1nc(N([H])c2c([H])c([H])c(F)c(Cl)c2[H])c2c([H])c(N([H])C(=O)[C-:91]([H])[C:92]([H])(C([H])([H])N3C([H])([H])C([H])([H])C([H])([H])C([H])([H])C3([H])[H])[S:93]C([H])([H])[H])c(OC([H])([H])[H])c([H])c2n1,-1,-0.44650057,-0.057077203,-66.82791342172793,48.22748744688783,-0.0052663125,0.006005559,0.0003696233,0.007148832,0.17508465,0.09111674,-1476639.1272687935,4.502162829041481,-1476625.905946294,-1476631.6122545141
S2-5.10,product,[H]c1nc(N([H])c2c([H])c([H])c(F)c(Cl)c2[H])c2c([H])c(N([H])C(=O)[C:91]([H])([H])[C:92]([H])(C([H])([H])N3C([H])([H])C([H])([H])C([H])([H])C([H])([H])C3([H])[H])[S:93]C([H])([H])[H])c(OC([H])([H])[H])c([H])c2n1,0,-0.13780321,-0.062169485,-152.75316651189365,-23.124733717718556,-0.033747,-0.028687559,-0.031217279,0.007860005,0.006417319,0.007138662,-1477001.1267091157,3.2402203865349293,-1476989.8431126392,-1476996.198922255
S2-3.1,reactant,[H]c1nc(N([H])c2c([H])c([H])c(F)c(Cl)c2[H])c2c([H])c(N([H])C(=O)/[C:91]([H])=[C:92](\[H])C([H])([H])N(C([H])([H])[H])C([H])([H])[H])c(O[C@]3([H])C([H])([H])OC([H])([H])C3([H])[H])c([H])c2n1,0,-0.18345165,-0.08170366,-155.77770679081402,-28.070099597888497,0.02076228,0.018988617,0.019875448,0.008284807,-0.0034454167,0.0024196953,-1248859.974647771,4.354544760659337,-1248849.9582479938,-1248855.00765722
S2-3.1,intermediate,[H]c1nc(N([H])c2c([H])c([H])c(F)c(Cl)c2[H])c2c([H])c(N([H])C(=O)[C-:91]([H])[C:92]([H])(C([H])([H])N(C([H])([H])[H])C([H])([H])[H])[S:93]C([H])([H])[H])c(O[C@]3([H])C([H])([H])OC([H])([H])C3([H])[H])c([H])c2n1,-1,-0.46949464,-0.04157678,-71.95563199680284,45.954332506078316,-0.0075339116,0.0022976436,-0.002618134,0.018580854,0.18657497,0.10257791,-1523871.5059198935,4.673394722864032,-1523858.287898463,-1523864.484565119
S2-3.1,product,[H]c1nc(N([H])c2c([H])c([H])c(F)c(Cl)c2[H])c2c([H])c(N([H])C(=O)[C:91]([H])([H])[C:92]([H])(C([H])([H])N(C([H])([H])[H])C([H])([H])[H])[S:93]C([H])([H])[H])c(O[C@]3([H])C([H])([H])OC([H])([H])C3([H])[H])c([H])c2n1,0,-0.13369404,-0.07031667,-151.4504826787144,-26.567524207438126,-0.034580085,-0.0308133,-0.032696694,0.0052293986,0.0034818947,0.0043556467,-1524229.5143607864,7.214133186265826,-1524219.2934125816,-1524225.0658165794
S2-3.2,reactant,[H]c1nc(N([H])c2c([H])c([H])c(F)c(Cl)c2[H])c2c([H])c(N([H])C(=O)/[C:91]([H])=[C:92](\[H])C([H])([H])N(C([H])([H])[H])C([H])([H])[H])c(O[C@]3([H])C([H])([H])OC([H])([H])C3([H])[H])c([H])c2n1,0,-0.116551146,-0.11440376,-155.78201731002906,-28.243996961535228,0.00079396367,0.003267713,0.0020308383,-0.009344369,-0.019558415,-0.014451392,-1248861.7373566385,2.9347078129649162,-1248851.607789929,-1248858.1946077337
S2-3.2,intermediate,[H]c1nc(N([H])c2c([H])c([H])c(F)c(Cl)c2[H])c2c([H])c(N([H])C(=O)[C-:91]([H])[C:92]([H])(C([H])([H])N(C([H])([H])[H])C([H])([H])[H])[S:93]C([H])([H])[H])c(O[C@]3([H])C([H])([H])OC([H])([H])C3([H])[H])c([H])c2n1,-1,-0.47118726,-0.045556515,-69.96089797725021,44.864800392723836,0.0064397715,0.011608668,0.00902422,0.02248329,0.18144295,0.10196312,-1523862.9825698454,3.9575452115386724,-1523854.775915876,-1523858.2935268942
S2-3.2,product,[H]c1nc(N([H])c2c([H])c([H])c(F)c(Cl)c2[H])c2c([H])c(N([H])C(=O)[C:91]([H])([H])[C:92]([H])(C([H])([H])N(C([H])([H])[H])C([H])([H])[H])[S:93]C([H])([H])[H])c(O[C@]3([H])C([H])([H])OC([H])([H])C3([H])[H])c([H])c2n1,0,-0.13023724,-0.05894288,-149.74679083894685,-22.813554960389695,-0.03258373,-0.031661402,-0.032122567,0.004289001,0.0031928718,0.0037409365,-1524228.5192105647,2.9878249187022448,-1524217.9489606044,-1524224.5727148901
S2-3.3,reactant,[H]c1nc(N([H])c2c([H])c([H])c(F)c(Cl)c2[H])c2c([H])c(N([H])C(=O)/[C:91]([H])=[C:92](\[H])C([H])([H])N(C([H])([H])[H])C([H])([H])[H])c(O[C@]3([H])C([H])([H])OC([H])([H])C3([H])[H])c([H])c2n1,0,-0.16388036,-0.097282335,-153.73574489707383,-27.1288792396048,-0.003464356,0.0050296336,0.0007826388,0.024595395,-0.00045740604,0.012068994,-1248864.9444486613,4.089971594512463,-1248854.7067179314,-1248860.9065102465
S2-3.3,intermediate,[H]c1nc(N([H])c2c([H])c([H])c(F)c(Cl)c2[H])c2c([H])c(N([H])C(=O)[C-:91]([H])[C:92]([H])(C([H])([H])N(C([H])([H])[H])C([H])([H])[H])[S:93]C([H])([H])[H])c(O[C@]3([H])C([H])([H])OC([H])([H])C3([H])[H])c([H])c2n1,-1,-0.48622826,-0.039938472,-71.24414248134724,45.48799284114847,0.0023677424,0.010011291,0.0061895167,0.030814856,0.1990141,0.11491448,-1523870.4834205147,4.81095789372921,-1523857.0912009683,-1523863.4571845494
S2-3.3,product,[H]c1nc(N([H])c2c([H])c([H])c(F)c(Cl)c2[H])c2c([H])c(N([H])C(=O)[C:91]([H])([H])[C:92]([H])(C([H])([H])N(C([H])([H])[H])C([H])([H])[H])[S:93]C([H])([H])[H])c(O[C@]3([H])C([H])([H])OC([H])([H])C3([H])[H])c([H])c2n1,0,-0.13156998,-0.07331428,-151.482369640922,-26.009571507854517,-0.016109288,-0.014561869,-0.0153355785,0.010081112,0.008274831,0.009177972,-1524224.8716775612,3.248237108811736,-1524211.561285282,-1524218.1384631828
S2-3.4,reactant,[H]c1nc(N([H])c2c([H])c([H])c(F)c(Cl)c2[H])c2c([H])c(N([H])C(=O)/[C:91]([H])=[C:92](\[H])C([H])([H])N(C([H])([H])[H])C([H])([H])[H])c(O[C@]3([H])C([H])([H])OC([H])([H])C3([H])[H])c([H])c2n1,0,-0.14709553,-0.102952525,-154.56539394765477,-27.3168740482625,0.0011207014,-0.0037293732,-0.0013043359,0.013179585,3.8176775e-05,0.006608881,-1248858.4937739403,2.1403421759605408,-1248850.487188549,-1248855.2059368975
S2-3.4,intermediate,[H]c1nc(N([H])c2c([H])c([H])c(F)c(Cl)c2[H])c2c([H])c(N([H])C(=O)[C-:91]([H])[C:92]([H])(C([H])([H])N(C([H])([H])[H])C([H])([H])[H])[S:93]C([H])([H])[H])c(O[C@]3([H])C([H])([H])OC([H])([H])C3([H])[H])c([H])c2n1,-1,-0.49034742,-0.04265924,-71.25064082748543,44.2977352284082,0.0032280833,0.01016384,0.0066959616,0.03732696,0.21010536,0.12371616,-1523869.4341237412,3.5765774622559547,-1523857.9107197204,-1523863.023029851
S2-3.4,product,[H]c1nc(N([H])c2c([H])c([H])c(F)c(Cl)c2[H])c2c([H])c(N([H])C(=O)[C:91]([H])([H])[C:92]([H])(C([H])([H])N(C([H])([H])[H])C([H])([H])[H])[S:93]C([H])([H])[H])c(O[C@]3([H])C([H])([H])OC([H])([H])C3([H])[H])c([H])c2n1,0,-0.14320506,-0.06336668,-149.68965629417613,-23.782983442268755,-0.031657163,-0.028933577,-0.03029537,0.012578264,0.01132974,0.011954002,-1524228.6439538456,5.7459739446640015,-1524216.5831576872,-1524223.4903655564
S2-3.5,reactant,[H]c1nc(N([H])c2c([H])c([H])c(F)c(Cl)c2[H])c2c([H])c(N([H])C(=O)/[C:91]([H])=[C:92](\[H])C([H])([H])N(C([H])([H])[H])C([H])([H])[H])c(O[C@]3([H])C([H])([H])OC([H])([H])C3([H])[H])c([H])c2n1,0,-0.15415418,-0.10739946,-154.51686335835825,-26.621146544103418,-0.0026928112,-0.002577193,-0.0026350021,0.0133946985,0.002128452,0.0077615753,-1248864.0472001035,3.34449502825737,-1248855.4509905337,-1248860.414392409
S2-3.5,intermediate,[H]c1nc(N([H])c2c([H])c([H])c(F)c(Cl)c2[H])c2c([H])c(N([H])C(=O)[C-:91]([H])[C:92]([H])(C([H])([H])N(C([H])([H])[H])C([H])([H])[H])[S:93]C([H])([H])[H])c(O[C@]3([H])C([H])([H])OC([H])([H])C3([H])[H])c([H])c2n1,-1,-0.43577734,-0.018627923,-79.08624549224895,39.32855998585775,0.00066418946,0.0033363858,0.0020002876,0.03066367,0.19737923,0.11402145,-1523865.7226596703,5.343694660812616,-1523852.5695319818,-1523859.218739414
S2-3.5,product,[H]c1nc(N([H])c2c([H])c([H])c(F)c(Cl)c2[H])c2c([H])c(N([H])C(=O)[C:91]([H])([H])[C:92]([H])(C([H])([H])N(C([H])([H])[H])C([H])([H])[H])[S:93]C([H])([H])[H])c(O[C@]3([H])C([H])([H])OC([H])([H])C3([H])[H])c([H])c2n1,0,-0.13917363,-0.068580635,-156.11166794488946,-30.641750049891066,-0.020126287,-0.018762738,-0.019444512,0.004166305,0.0030562282,0.0036112666,-1524228.211580131,3.1187210343778133,-1524217.9657827714,-1524222.7131597972
S2-3.6,reactant,[H]c1nc(N([H])c2c([H])c([H])c(F)c(Cl)c2[H])c2c([H])c(N([H])C(=O)/[C:91]([H])=[C:92](\[H])C([H])([H])N(C([H])([H])[H])C([H])([H])[H])c(O[C@]3([H])C([H])([H])OC([H])([H])C3([H])[H])c([H])c2n1,0,-0.14355825,-0.13557008,-155.89757569821757,-26.790602966250315,0.005737856,0.0060917735,0.005914815,-0.010352194,-0.011302426,-0.01082731,-1248863.790129992,2.6050005219876766,-1248855.065937037,-1248860.6991068467
S2-3.6,intermediate,[H]c1nc(N([H])c2c([H])c([H])c(F)c(Cl)c2[H])c2c([H])c(N([H])C(=O)[C-:91]([H])[C:92]([H])(C([H])([H])N(C([H])([H])[H])C([H])([H])[H])[S:93]C([H])([H])[H])c(O[C@]3([H])C([H])([H])OC([H])([H])C3([H])[H])c([H])c2n1,-1,-0.4588965,-0.06144686,-70.57565913183164,44.86307697243133,0.011254296,0.017908871,0.014581583,0.04196331,0.21304642,0.12750486,-1523870.2567121484,8.50838427990675,-1523856.8820822316,-1523860.45466149
S2-3.6,product,[H]c1nc(N([H])c2c([H])c([H])c(F)c(Cl)c2[H])c2c([H])c(N([H])C(=O)[C:91]([H])([H])[C:92]([H])(C([H])([H])N(C([H])([H])[H])C([H])([H])[H])[S:93]C([H])([H])[H])c(O[C@]3([H])C([H])([H])OC([H])([H])C3([H])[H])c([H])c2n1,0,-0.13461065,-0.06545148,-151.0501963185782,-26.599496605062864,-0.036729082,-0.033312596,-0.03502084,0.0057999343,0.004522428,0.005161181,-1524228.8808367634,4.012210773304105,-1524218.464125693,-1524224.2570746788
S2-3.7,reactant,[H]c1nc(N([H])c2c([H])c([H])c(F)c(Cl)c2[H])c2c([H])c(N([H])C(=O)/[C:91]([H])=[C:92](\[H])C([H])([H])N(C([H])([H])[H])C([H])([H])[H])c(O[C@]3([H])C([H])([H])OC([H])([H])C3([H])[H])c([H])c2n1,0,-0.14494742,-0.10698507,-154.44516170801376,-26.034923714356843,0.0011272877,-0.0027051046,-0.00078890845,0.012733012,0.00030963123,0.006521322,-1248863.6985720522,3.422518152743578,-1248855.2002002003,-1248860.2961160957
S2-3.7,intermediate,[H]c1nc(N([H])c2c([H])c([H])c(F)c(Cl)c2[H])c2c([H])c(N([H])C(=O)[C-:91]([H])[C:92]([H])(C([H])([H])N(C([H])([H])[H])C([H])([H])[H])[S:93]C([H])([H])[H])c(O[C@]3([H])C([H])([H])OC([H])([H])C3([H])[H])c([H])c2n1,-1,-0.48215708,-0.024154406,-71.67299750046529,44.56487866822667,0.0063334573,0.0076954663,0.007014462,0.01315099,0.17739975,0.09527537,-1523870.7230479415,3.1972006782889366,-1523861.110288683,-1523865.2213285263
S2-3.7,product,[H]c1nc(N([H])c2c([H])c([H])c(F)c(Cl)c2[H])c2c([H])c(N([H])C(=O)[C:91]([H])([H])[C:92]([H])(C([H])([H])N(C([H])([H])[H])C([H])([H])[H])[S:93]C([H])([H])[H])c(O[C@]3([H])C([H])([H])OC([H])([H])C3([H])[H])c([H])c2n1,0,-0.13087408,-0.07210962,-151.02045453790163,-23.176900514497127,-0.013586756,-0.012059651,-0.012823204,0.009987578,0.009438306,0.009712942,-1524229.4402754377,4.004273334518075,-1524216.5282926864,-1524222.2529421845
S2-3.8,reactant,[H]c1nc(N([H])c2c([H])c([H])c(F)c(Cl)c2[H])c2c([H])c(N([H])C(=O)/[C:91]([H])=[C:92](\[H])C([H])([H])N(C([H])([H])[H])C([H])([H])[H])c(O[C@]3([H])C([H])([H])OC([H])([H])C3([H])[H])c([H])c2n1,0,-0.14670503,-0.10312375,-156.01773889142794,-28.756286015746664,-0.015114456,-0.012543939,-0.013829198,0.017573833,0.0007953942,0.009184614,-1248862.9351567763,1.861739743500948,-1248854.464486383,-1248859.534443256
S2-3.8,intermediate,[H]c1nc(N([H])c2c([H])c([H])c(F)c(Cl)c2[H])c2c([H])c(N([H])C(=O)[C-:91]([H])[C:92]([H])(C([H])([H])N(C([H])([H])[H])C([H])([H])[H])[S:93]C([H])([H])[H])c(O[C@]3([H])C([H])([H])OC([H])([H])C3([H])[H])c([H])c2n1,-1,-0.48107973,-0.052069098,-72.88290192151742,42.65653784592143,-0.009758752,0.0002600178,-0.004749367,0.04400918,0.21168756,0.12784837,-1523870.43649969,3.5169393979012966,-1523858.3679047127,-1523863.8588337463
S2-3.8,product,[H]c1nc(N([H])c2c([H])c([H])c(F)c(Cl)c2[H])c2c([H])c(N([H])C(=O)[C:91]([H])([H])[C:92]([H])(C([H])([H])N(C([H])([H])[H])C([H])([H])[H])[S:93]C([H])([H])[H])c(O[C@]3([H])C([H])([H])OC([H])([H])C3([H])[H])c([H])c2n1,0,-0.129141,-0.049775943,-150.49225342919823,-25.33892496212767,-0.039081655,-0.03652066,-0.037801158,0.009264961,0.005644925,0.007454943,-1524226.8963280092,4.031610324978828,-1524216.4509022457,-1524223.0483791244
S2-3.9,reactant,[H]c1nc(N([H])c2c([H])c([H])c(F)c(Cl)c2[H])c2c([H])c(N([H])C(=O)/[C:91]([H])=[C:92](\[H])C([H])([H])N(C([H])([H])[H])C([H])([H])[H])c(O[C@]3([H])C([H])([H])OC([H])([H])C3([H])[H])c([H])c2n1,0,-0.1540238,-0.10045924,-155.5669738397169,-27.876946708388562,0.018850118,0.022909798,0.020879958,0.0069497377,-0.0095151365,-0.0012826994,-1248865.386130846,2.8823813647031784,-1248856.6670407967,-1248861.9262459727
S2-3.9,intermediate,[H]c1nc(N([H])c2c([H])c([H])c(F)c(Cl)c2[H])c2c([H])c(N([H])C(=O)[C-:91]([H])[C:92]([H])(C([H])([H])N(C([H])([H])[H])C([H])([H])[H])[S:93]C([H])([H])[H])c(O[C@]3([H])C([H])([H])OC([H])([H])C3([H])[H])c([H])c2n1,-1,-0.46286356,-0.028784323,-73.3920825561286,43.083502458530496,-0.0074619055,-0.003224656,-0.0053432807,0.05846709,0.2207243,0.13959569,-1523867.6744499877,10.198883563280106,-1523849.0729237436,-1523855.9444407437
S2-3.9,product,[H]c1nc(N([H])c2c([H])c([H])c(F)c(Cl)c2[H])c2c([H])c(N([H])C(=O)[C:91]([H])([H])[C:92]([H])(C([H])([H])N(C([H])([H])[H])C([H])([H])[H])[S:93]C([H])([H])[H])c(O[C@]3([H])C([H])([H])OC([H])([H])C3([H])[H])c([H])c2n1,0,-0.14075854,-0.061636098,-148.8878072115105,-23.186781727175667,-0.03097077,-0.030230932,-0.030600851,0.011500433,0.010430142,0.010965288,-1524227.1114845374,3.9243850465863943,-1524212.9216720145,-1524219.6891689533
S2-3.10,reactant,[H]c1nc(N([H])c2c([H])c([H])c(F)c(Cl)c2[H])c2c([H])c(N([H])C(=O)/[C:91]([H])=[C:92](\[H])C([H])([H])N(C([H])([H])[H])C([H])([H])[H])c(O[C@]3([H])C([H])([H])OC([H])([H])C3([H])[H])c([H])c2n1,0,-0.14601748,-0.13668267,-155.16975447041648,-25.852327068573732,0.008818448,0.00894399,0.008881219,-0.011072069,-0.0111016035,-0.011086836,-1248863.830017989,3.5920903366059065,-1248854.843307858,-1248859.9421190575
S2-3.10,intermediate,[H]c1nc(N([H])c2c([H])c([H])c(F)c(Cl)c2[H])c2c([H])c(N([H])C(=O)[C-:91]([H])[C:92]([H])(C([H])([H])N(C([H])([H])[H])C([H])([H])[H])[S:93]C([H])([H])[H])c(O[C@]3([H])C([H])([H])OC([H])([H])C3([H])[H])c([H])c2n1,-1,-0.4573495,-0.05844921,-75.46358988603444,40.606129981455936,-0.004638899,0.0065492876,0.00095519423,0.041867465,0.21941319,0.13064033,-1523863.3409752399,5.188434584066272,-1523846.1325115482,-1523851.8067657787
S2-3.10,product,[H]c1nc(N([H])c2c([H])c([H])c(F)c(Cl)c2[H])c2c([H])c(N([H])C(=O)[C:91]([H])([H])[C:92]([H])(C([H])([H])N(C([H])([H])[H])C([H])([H])[H])[S:93]C([H])([H])[H])c(O[C@]3([H])C([H])([H])OC([H])([H])C3([H])[H])c([H])c2n1,0,-0.12991212,-0.06439739,-149.57801070960076,-23.23505176871878,-0.038326122,-0.035888627,-0.037107375,0.0033651292,0.0020252317,0.0026951805,-1524230.238855199,5.648040851578116,-1524219.107235343,-1524224.6552775423
S2-37.1,reactant,[H]c1nc(N([H])c2c([H])c(N([H])C(=O)[C:91]([H])=[C:92]([H])[H])c([H])c([H])c2OC([H])([H])[H])nc(-c2c([H])nc3c([H])c([H])c([H])c([H])n23)c1Cl,0,-0.15420285,-0.28149045,-158.4875517852803,-30.440459202005943,0.025176316,0.024731666,0.024953991,-0.008986786,-0.0075823516,-0.008284569,-1098516.0176383196,2.087797172367573,-1098507.432262016,-1098512.8806812037
S2-37.1,intermediate,[H]C1=C([H])c2nc([H])c(-c3nc(N([H])c4c([H])c(N([H])C(=O)[C-:91]([H])[C:92]([H])([H])[S:93]C([H])([H])[H])c([H])c([H])c4OC([H])([H])[H])nc([H])c3Cl)n2C([H])=C1[H],-1,-0.43316394,-0.119011566,-77.55226113584027,49.30435042336326,0.008816063,0.016893558,0.012854811,0.0026276708,0.19777714,0.100202404,-1373529.9338285318,4.107343124225736,-1373517.5583475092,-1373522.3919036312
S2-37.1,product,[H]c1nc(N([H])c2c([H])c(N([H])C(=O)[C:91]([H])([H])[C:92]([H])([H])[S:93]C([H])([H])[H])c([H])c([H])c2OC([H])([H])[H])nc(-c2c([H])nc3c([H])c([H])c([H])c([H])n23)c1Cl,0,-0.13015907,-0.106323235,-153.01549484024008,-28.969615177973676,-0.033981875,-0.035088696,-0.034535285,-0.0023625642,-0.008736625,-0.0055495948,-1373881.6345582344,1.8711799550801516,-1373871.7418128527,-1373878.5076894236
S2-37.2,reactant,[H]c1nc(N([H])c2c([H])c(N([H])C(=O)[C:91]([H])=[C:92]([H])[H])c([H])c([H])c2OC([H])([H])[H])nc(-c2c([H])nc3c([H])c([H])c([H])c([H])n23)c1Cl,0,-0.15122572,-0.28055996,-161.47013034232575,-28.81687475187583,0.0283598,0.02772373,0.028041765,-0.008502573,-0.006884441,-0.007693507,-1098516.7640149614,1.8933760151267052,-1098509.7407295082,-1098513.8306606738
S2-37.2,intermediate,[H]C1=C([H])c2nc([H])c(-c3nc(N([H])c4c([H])c(N([H])C(=O)[C-:91]([H])[C:92]([H])([H])[S:93]C([H])([H])[H])c([H])c([H])c4OC([H])([H])[H])nc([H])c3Cl)n2C([H])=C1[H],-1,-0.4967683,-0.12252584,-69.97567426258067,39.00914221890522,-0.0027047917,0.013091385,0.005193297,0.05895269,0.25248563,0.15571916,-1373511.6503999257,2.1603578999638557,-1373501.0330401813,-1373506.8727601245
S2-37.2,product,[H]c1nc(N([H])c2c([H])c(N([H])C(=O)[C:91]([H])([H])[C:92]([H])([H])[S:93]C([H])([H])[H])c([H])c([H])c2OC([H])([H])[H])nc(-c2c([H])nc3c([H])c([H])c([H])c([H])n23)c1Cl,0,-0.13312647,-0.109648615,-151.81235277403374,-26.112422618868106,-0.033174686,-0.033819407,-0.033497047,-0.001087591,-0.007602319,-0.004344955,-1373880.1477502517,2.966286312788725,-1373870.8203828798,-1373876.8448297163
S2-37.3,reactant,[H]c1nc(N([H])c2c([H])c(N([H])C(=O)[C:91]([H])=[C:92]([H])[H])c([H])c([H])c2OC([H])([H])[H])nc(-c2c([H])nc3c([H])c([H])c([H])c([H])n23)c1Cl,0,-0.16083083,-0.2654557,-159.7335593030523,-21.900361593147093,0.044502676,0.037349403,0.04092604,0.003317833,-0.006213084,-0.0014476255,-1098522.2050257234,2.952123049646616,-1098511.632358912,-1098519.1369628408
S2-37.3,intermediate,[H]C1=C([H])c2nc([H])c(-c3nc(N([H])c4c([H])c(N([H])C(=O)[C-:91]([H])[C:92]([H])([H])[S:93]C([H])([H])[H])c([H])c([H])c4OC([H])([H])[H])nc([H])c3Cl)n2C([H])=C1[H],-1,-0.5316254,-0.1193781,-71.51998984950768,41.85378034558036,0.012889631,0.019278347,0.01608399,0.051713705,0.2545872,0.15315045,-1373515.745750289,2.2983131986111403,-1373505.8243574286,-1373510.5633258943
S2-37.3,product,[H]c1nc(N([H])c2c([H])c(N([H])C(=O)[C:91]([H])([H])[C:92]([H])([H])[S:93]C([H])([H])[H])c([H])c([H])c2OC([H])([H])[H])nc(-c2c([H])nc3c([H])c([H])c([H])c([H])n23)c1Cl,0,-0.15042824,-0.114389956,-153.9181270131936,-24.158829502552802,-0.01619625,-0.015479177,-0.015837714,0.005712241,0.0032973588,0.0045048,-1373884.7714765624,2.7532034665346146,-1373875.197833323,-1373879.437879226
S2-37.4,reactant,[H]c1nc(N([H])c2c([H])c(N([H])C(=O)[C:91]([H])=[C:92]([H])[H])c([H])c([H])c2OC([H])([H])[H])nc(-c2c([H])nc3c([H])c([H])c([H])c([H])n23)c1Cl,0,-0.15424033,-0.28133148,-161.09074067433824,-31.829397962219776,0.025202453,0.025067598,0.025135025,-0.009135827,-0.0075313896,-0.0083336085,-1098519.6556880034,2.2478255722671747,-1098512.8040260202,-1098516.6021334024
S2-37.4,intermediate,[H]C1=C([H])c2nc([H])c(-c3nc(N([H])c4c([H])c(N([H])C(=O)[C-:91]([H])[C:92]([H])([H])[S:93]C([H])([H])[H])c([H])c([H])c4OC([H])([H])[H])nc([H])c3Cl)n2C([H])=C1[H],-1,-0.50582135,-0.10629285,-74.66146760896292,37.3558768045489,0.0011679605,0.013772078,0.007470019,0.03785926,0.21944079,0.12865002,-1373521.5562318077,2.665233416482806,-1373509.4421405345,-1373514.872178647
S2-37.4,product,[H]c1nc(N([H])c2c([H])c(N([H])C(=O)[C:91]([H])([H])[C:92]([H])([H])[S:93]C([H])([H])[H])c([H])c([H])c2OC([H])([H])[H])nc(-c2c([H])nc3c([H])c([H])c([H])c([H])n23)c1Cl,0,-0.12774311,-0.12538648,-156.83166687322841,-24.401237670125575,-0.0217688,-0.020210594,-0.020989697,-0.00013253093,-0.0034497678,-0.0017911494,-1373888.8215510093,3.229841521009803,-1373878.0509914136,-1373884.9977737844
S2-37.5,reactant,[H]c1nc(N([H])c2c([H])c(N([H])C(=O)[C:91]([H])=[C:92]([H])[H])c([H])c([H])c2OC([H])([H])[H])nc(-c2c([H])nc3c([H])c([H])c([H])c([H])n23)c1Cl,0,-0.1515317,-0.2769147,-159.6157006271474,-30.555235562365148,0.04158804,0.035996094,0.038792066,-0.010265365,-0.013185769,-0.011725567,-1098520.3530712693,2.1964615043252707,-1098512.2865163279,-1098517.7373572926
S2-37.5,intermediate,[H]C1=C([H])c2nc([H])c(-c3nc(N([H])c4c([H])c(N([H])C(=O)[C-:91]([H])[C:92]([H])([H])[S:93]C([H])([H])[H])c([H])c([H])c4OC([H])([H])[H])nc([H])c3Cl)n2C([H])=C1[H],-1,-0.417547,-0.10483881,-76.8677972609134,49.377185753075096,0.006305076,0.013045892,0.009675484,0.011599004,0.1863992,0.098999105,-1373530.7307363485,2.906425142660737,-1373520.5169843158,-1373525.9121943596
S2-37.5,product,[H]c1nc(N([H])c2c([H])c(N([H])C(=O)[C:91]([H])([H])[C:92]([H])([H])[S:93]C([H])([H])[H])c([H])c([H])c2OC([H])([H])[H])nc(-c2c([H])nc3c([H])c([H])c([H])c([H])n23)c1Cl,0,-0.13011073,-0.10636822,-153.0290035294067,-28.972028170949788,-0.034027725,-0.03506743,-0.03454758,-0.0024466813,-0.008786589,-0.005616635,-1373881.610018927,1.8235820401459932,-1373871.8310210514,-1373878.5274257069
S2-37.6,reactant,[H]c1nc(N([H])c2c([H])c(N([H])C(=O)[C:91]([H])=[C:92]([H])[H])c([H])c([H])c2OC([H])([H])[H])nc(-c2c([H])nc3c([H])c([H])c([H])c([H])n23)c1Cl,0,-0.15404943,-0.281422,-160.9474752227152,-31.73868453421281,0.025348812,0.025148869,0.02524884,-0.0092238635,-0.0076232255,-0.0084235445,-1098519.6689098217,2.3039613477885723,-1098512.379206885,-1098516.654874789
S2-37.6,intermediate,[H]C1=C([H])c2nc([H])c(-c3nc(N([H])c4c([H])c(N([H])C(=O)[C-:91]([H])[C:92]([H])([H])[S:93]C([H])([H])[H])c([H])c([H])c4OC([H])([H])[H])nc([H])c3Cl)n2C([H])=C1[H],-1,-0.49382102,-0.11646667,-74.39385006690908,36.1083484745053,0.009463221,0.016299315,0.012881268,0.04462272,0.23299184,0.13880728,-1373523.1580862314,2.1876717898994684,-1373514.8708216778,-1373518.6245964002
S2-37.6,product,[H]c1nc(N([H])c2c([H])c(N([H])C(=O)[C:91]([H])([H])[C:92]([H])([H])[S:93]C([H])([H])[H])c([H])c([H])c2OC([H])([H])[H])nc(-c2c([H])nc3c([H])c([H])c([H])c([H])n23)c1Cl,0,-0.1342548,-0.10865878,-151.19834647274237,-25.27845837585275,-0.03344275,-0.034151934,-0.033797342,0.00029207766,-0.0061594546,-0.0029336885,-1373879.9138390133,1.8632135689258575,-1373871.1642589539,-1373876.927837281
S2-37.7,reactant,[H]c1nc(N([H])c2c([H])c(N([H])C(=O)[C:91]([H])=[C:92]([H])[H])c([H])c([H])c2OC([H])([H])[H])nc(-c2c([H])nc3c([H])c([H])c([H])c([H])n23)c1Cl,0,-0.15151648,-0.2769088,-159.66219414984027,-30.612056244043195,0.041659653,0.03603521,0.03884743,-0.010202989,-0.013169855,-0.011686422,-1098520.3283883694,1.6611819006502628,-1098511.7095095029,-1098517.7077871808
S2-37.7,intermediate,[H]C1=C([H])c2nc([H])c(-c3nc(N([H])c4c([H])c(N([H])C(=O)[C-:91]([H])[C:92]([H])([H])[S:93]C([H])([H])[H])c([H])c([H])c4OC([H])([H])[H])nc([H])c3Cl)n2C([H])=C1[H],-1,-0.518343,-0.10695699,-72.87408292647345,38.538173479320484,0.0023210049,0.014812723,0.008566864,0.036382318,0.22849458,0.13243845,-1373516.3701292125,5.071938952431083,-1373501.8760180103,-1373509.1049937285
S2-37.7,product,[H]c1nc(N([H])c2c([H])c(N([H])C(=O)[C:91]([H])([H])[C:92]([H])([H])[S:93]C([H])([H])[H])c([H])c([H])c2OC([H])([H])[H])nc(-c2c([H])nc3c([H])c([H])c([H])c([H])n23)c1Cl,0,-0.15094618,-0.117824286,-154.62405876187566,-28.767453399008613,-0.018615924,-0.017589971,-0.018102948,0.004669383,0.0025361627,0.003602773,-1373887.6248236154,2.987021094188094,-1373875.9566299242,-1373883.0266392627
S2-37.8,reactant,[H]c1nc(N([H])c2c([H])c(N([H])C(=O)[C:91]([H])=[C:92]([H])[H])c([H])c([H])c2OC([H])([H])[H])nc(-c2c([H])nc3c([H])c([H])c([H])c([H])n23)c1Cl,0,-0.14025421,-0.2796099,-163.3852576449803,-26.65635899134814,0.040863335,0.038178757,0.039521046,-0.0075525343,-0.014336735,-0.010944635,-1098523.5609637208,2.0747426953166723,-1098516.0021403702,-1098520.819122292
S2-37.8,intermediate,[H]C1=C([H])c2nc([H])c(-c3nc(N([H])c4c([H])c(N([H])C(=O)[C-:91]([H])[C:92]([H])([H])[S:93]C([H])([H])[H])c([H])c([H])c4OC([H])([H])[H])nc([H])c3Cl)n2C([H])=C1[H],-1,-0.47420067,-0.12056377,-72.92961661205325,35.50225310948005,-0.0032215938,0.011993259,0.0043858327,0.056004405,0.23571171,0.14585805,-1373519.2759304468,2.7399669885635376,-1373508.7305536575,-1373514.700635391
S2-37.8,product,[H]c1nc(N([H])c2c([H])c(N([H])C(=O)[C:91]([H])([H])[C:92]([H])([H])[S:93]C([H])([H])[H])c([H])c([H])c2OC([H])([H])[H])nc(-c2c([H])nc3c([H])c([H])c([H])c([H])n23)c1Cl,0,-0.14259905,-0.12764287,-156.19031841458744,-23.75342900648122,-0.0118507445,-0.009668216,-0.01075948,8.264184e-05,-0.0010047406,-0.00046104938,-1373886.799915811,1.8280047420412302,-1373876.9209133848,-1373883.0753034803
S2-37.9,reactant,[H]c1nc(N([H])c2c([H])c(N([H])C(=O)[C:91]([H])=[C:92]([H])[H])c([H])c([H])c2OC([H])([H])[H])nc(-c2c([H])nc3c([H])c([H])c([H])c([H])n23)c1Cl,0,-0.15156463,-0.2773161,-157.01913948888082,-29.243752226023926,0.041984916,0.035848334,0.038916625,-0.009524465,-0.013004407,-0.011264436,-1098516.6756072645,1.8448098432272673,-1098507.9178043886,-1098513.9149158588
S2-37.9,intermediate,[H]C1=C([H])c2nc([H])c(-c3nc(N([H])c4c([H])c(N([H])C(=O)[C-:91]([H])[C:92]([H])([H])[S:93]C([H])([H])[H])c([H])c([H])c4OC([H])([H])[H])nc([H])c3Cl)n2C([H])=C1[H],-1,-0.53036773,-0.10101322,-74.01763881177774,46.48851016506778,0.009023324,0.01773557,0.013379447,0.032097697,0.23777348,0.13493559,-1373515.6334636474,2.942795928567648,-1373502.8854796584,-1373508.7315220262
S2-37.9,product,[H]c1nc(N([H])c2c([H])c(N([H])C(=O)[C:91]([H])([H])[C:92]([H])([H])[S:93]C([H])([H])[H])c([H])c([H])c2OC([H])([H])[H])nc(-c2c([H])nc3c([H])c([H])c([H])c([H])n23)c1Cl,0,-0.13154128,-0.10816884,-157.64588319511537,-24.741076219415923,-0.027329475,-0.026512057,-0.026920766,-0.0006389469,-0.0035730153,-0.002105981,-1373889.301808488,10.127240628004074,-1373881.3928759662,-1373885.2843459838
S2-37.10,reactant,[H]c1nc(N([H])c2c([H])c(N([H])C(=O)[C:91]([H])=[C:92]([H])[H])c([H])c([H])c2OC([H])([H])[H])nc(-c2c([H])nc3c([H])c([H])c([H])c([H])n23)c1Cl,0,-0.15146457,-0.2769312,-159.65632390254362,-30.59942672248055,0.041639537,0.03603536,0.038837448,-0.010181755,-0.013141736,-0.011661746,-1098520.3311027344,1.8235890045762062,-1098513.5434802605,-1098517.7417424102
S2-37.10,intermediate,[H]C1=C([H])c2nc([H])c(-c3nc(N([H])c4c([H])c(N([H])C(=O)[C-:91]([H])[C:92]([H])([H])[S:93]C([H])([H])[H])c([H])c([H])c4OC([H])([H])[H])nc([H])c3Cl)n2C([H])=C1[H],-1,-0.52482945,-0.110256165,-72.09044220156476,40.5140387938393,0.0006996393,0.014560007,0.007629823,0.040866315,0.23910624,0.13998628,-1373514.009291745,4.386061435565352,-1373501.646551662,-1373507.5448590855
S2-37.10,product,[H]c1nc(N([H])c2c([H])c(N([H])C(=O)[C:91]([H])([H])[C:92]([H])([H])[S:93]C([H])([H])[H])c([H])c([H])c2OC([H])([H])[H])nc(-c2c([H])nc3c([H])c([H])c([H])c([H])n23)c1Cl,0,-0.13013436,-0.10614978,-152.98241857574345,-28.929623355156927,-0.03397432,-0.035054848,-0.034514584,-0.0023459494,-0.008710086,-0.005528018,-1373881.6348795576,9.242330886423588,-1373870.6860698108,-1373878.4777106487
S2-4.1,reactant,[H]c1nc(N([H])c2c([H])c([H])c(F)c(Cl)c2[H])c2c([H])c(N([H])C(=O)[C:91]([H])=[C:92]([H])[H])c(OC([H])([H])C([H])([H])C([H])([H])N3C([H])([H])C([H])([H])OC([H])([H])C3([H])[H])c([H])c2n1,0,-0.14468986,-0.27965447,-157.84159815701508,-26.15503644931466,0.027620494,0.02491942,0.026269957,-0.000147596,-0.004301384,-0.00222449,-1248864.944755616,1.9142631776630878,-1248856.539421484,-1248862.074550984
S2-4.1,intermediate,[H]c1nc(N([H])c2c([H])c([H])c(F)c(Cl)c2[H])c2c([H])c(N([H])C(=O)[C-:91]([H])[C:92]([H])([H])[S:93]C([H])([H])[H])c(OC([H])([H])C([H])([H])C([H])([H])N3C([H])([H])C([H])([H])OC([H])([H])C3([H])[H])c([H])c2n1,-1,-0.5004805,-0.13220474,-72.00718408334902,44.367087124743904,0.00365673,0.017189339,0.010423034,0.050191045,0.25253892,0.15136498,-1523870.3400572669,1.76541393622756,-1523861.1682713598,-1523865.8882871945
S2-4.1,product,[H]c1nc(N([H])c2c([H])c([H])c(F)c(Cl)c2[H])c2c([H])c(N([H])C(=O)[C:91]([H])([H])[C:92]([H])([H])[S:93]C([H])([H])[H])c(OC([H])([H])C([H])([H])C([H])([H])N3C([H])([H])C([H])([H])OC([H])([H])C3([H])[H])c([H])c2n1,0,-0.14051409,-0.12602192,-152.29334042435423,-24.27509268964353,-0.015748873,-0.014853582,-0.015301228,0.004033029,0.0020783246,0.0030556768,-1524224.7475476242,4.648865904659033,-1524213.3598282284,-1524219.1479063977
S2-4.2,reactant,[H]c1nc(N([H])c2c([H])c([H])c(F)c(Cl)c2[H])c2c([H])c(N([H])C(=O)[C:91]([H])=[C:92]([H])[H])c(OC([H])([H])C([H])([H])C([H])([H])N3C([H])([H])C([H])([H])OC([H])([H])C3([H])[H])c([H])c2n1,0,-0.13976766,-0.2837909,-156.9407220566541,-26.29992122934535,0.039064676,0.036181673,0.037623174,0.005373135,-0.006589696,-0.0006082803,-1248858.31902544,1.8211862184107304,-1248850.1760828793,-1248855.4250232445
S2-4.2,intermediate,[H]c1nc(N([H])c2c([H])c([H])c(F)c(Cl)c2[H])c2c([H])c(N([H])C(=O)[C-:91]([H])[C:92]([H])([H])[S:93]C([H])([H])[H])c(OC([H])([H])C([H])([H])C([H])([H])N3C([H])([H])C([H])([H])OC([H])([H])C3([H])[H])c([H])c2n1,-1,-0.5111939,-0.12321538,-73.38814515536106,44.42472290132218,0.014113918,0.020239487,0.017176703,0.049654722,0.25101852,0.15033662,-1523869.5162966838,4.901759220287204,-1523857.4803357823,-1523864.056072994
S2-4.2,product,[H]c1nc(N([H])c2c([H])c([H])c(F)c(Cl)c2[H])c2c([H])c(N([H])C(=O)[C:91]([H])([H])[C:92]([H])([H])[S:93]C([H])([H])[H])c(OC([H])([H])C([H])([H])C([H])([H])N3C([H])([H])C([H])([H])OC([H])([H])C3([H])[H])c([H])c2n1,0,-0.12352779,-0.115831934,-152.70348201627047,-25.805325088972758,-0.03045173,-0.02993042,-0.030191075,0.0051922873,-0.0007222071,0.00223504,-1524221.0991988985,3.1822355650365353,-1524210.733600441,-1524217.1860086855
S2-4.3,reactant,[H]c1nc(N([H])c2c([H])c([H])c(F)c(Cl)c2[H])c2c([H])c(N([H])C(=O)[C:91]([H])=[C:92]([H])[H])c(OC([H])([H])C([H])([H])C([H])([H])N3C([H])([H])C([H])([H])OC([H])([H])C3([H])[H])c([H])c2n1,0,-0.13945216,-0.2843131,-155.84394504600033,-25.72635328946748,0.039144546,0.0360038,0.037574172,0.0052868724,-0.006856248,-0.0007846877,-1248863.9341019252,2.935713956132531,-1248855.913961341,-1248861.10956229
S2-4.3,intermediate,[H]c1nc(N([H])c2c([H])c([H])c(F)c(Cl)c2[H])c2c([H])c(N([H])C(=O)[C-:91]([H])[C:92]([H])([H])[S:93]C([H])([H])[H])c(OC([H])([H])C([H])([H])C([H])([H])N3C([H])([H])C([H])([H])OC([H])([H])C3([H])[H])c([H])c2n1,-1,-0.4760867,-0.13203934,-70.78473741896225,45.68137593167076,0.008435011,0.018706143,0.013570577,0.058559507,0.24629223,0.15242587,-1523865.4739457513,2.2071983870118856,-1523856.1458843944,-1523861.33753234
S2-4.3,product,[H]c1nc(N([H])c2c([H])c([H])c(F)c(Cl)c2[H])c2c([H])c(N([H])C(=O)[C:91]([H])([H])[C:92]([H])([H])[S:93]C([H])([H])[H])c(OC([H])([H])C([H])([H])C([H])([H])N3C([H])([H])C([H])([H])OC([H])([H])C3([H])[H])c([H])c2n1,0,-0.14107956,-0.12804914,-151.49983783099592,-24.77716169776981,-0.018957093,-0.017585114,-0.018271104,0.004450172,0.0022749156,0.0033625439,-1524229.883205758,8.19985243678093,-1524217.9628049813,-1524224.88784742
S2-4.4,reactant,[H]c1nc(N([H])c2c([H])c([H])c(F)c(Cl)c2[H])c2c([H])c(N([H])C(=O)[C:91]([H])=[C:92]([H])[H])c(OC([H])([H])C([H])([H])C([H])([H])N3C([H])([H])C([H])([H])OC([H])([H])C3([H])[H])c([H])c2n1,0,-0.13848794,-0.2838162,-156.12084079066312,-26.402009347693863,0.039255083,0.036177978,0.03771653,0.005403593,-0.00727807,-0.00093723834,-1248859.0742947264,3.194700079038739,-1248849.6272653895,-1248855.9172158705
S2-4.4,intermediate,[H]c1nc(N([H])c2c([H])c([H])c(F)c(Cl)c2[H])c2c([H])c(N([H])C(=O)[C-:91]([H])[C:92]([H])([H])[S:93]C([H])([H])[H])c(OC([H])([H])C([H])([H])C([H])([H])N3C([H])([H])C([H])([H])OC([H])([H])C3([H])[H])c([H])c2n1,-1,-0.5157368,-0.12301456,-74.54530979582184,43.68946625343617,0.012897171,0.01925335,0.016075261,0.051829994,0.2541281,0.15297905,-1523867.2268967282,5.218430312350392,-1523855.9892571429,-1523861.7074682626
S2-4.4,product,[H]c1nc(N([H])c2c([H])c([H])c(F)c(Cl)c2[H])c2c([H])c(N([H])C(=O)[C:91]([H])([H])[C:92]([H])([H])[S:93]C([H])([H])[H])c(OC([H])([H])C([H])([H])C([H])([H])N3C([H])([H])C([H])([H])OC([H])([H])C3([H])[H])c([H])c2n1,0,-0.1418284,-0.12998058,-150.07751614916552,-24.067744926595562,-0.019624963,-0.017976552,-0.018800758,0.0042131394,0.0019336492,0.0030733943,-1524226.9038178632,4.11639398522675,-1524216.3668022514,-1524222.0300755098
S2-4.5,reactant,[H]c1nc(N([H])c2c([H])c([H])c(F)c(Cl)c2[H])c2c([H])c(N([H])C(=O)[C:91]([H])=[C:92]([H])[H])c(OC([H])([H])C([H])([H])C([H])([H])N3C([H])([H])C([H])([H])OC([H])([H])C3([H])[H])c([H])c2n1,0,-0.13993,-0.2837781,-156.9311361984214,-26.29634922493798,0.039085835,0.03617838,0.037632108,0.005274579,-0.006591618,-0.00065851957,-1248858.3211660294,1.7611993290483952,-1248850.1976865877,-1248855.40806755
S2-4.5,intermediate,[H]c1nc(N([H])c2c([H])c([H])c(F)c(Cl)c2[H])c2c([H])c(N([H])C(=O)[C-:91]([H])[C:92]([H])([H])[S:93]C([H])([H])[H])c(OC([H])([H])C([H])([H])C([H])([H])N3C([H])([H])C([H])([H])OC([H])([H])C3([H])[H])c([H])c2n1,-1,-0.5172238,-0.12380002,-73.08904541377943,44.671319854872266,0.013601683,0.020104222,0.016852953,0.047891915,0.24972397,0.14880794,-1523868.3684004166,2.4873250387609005,-1523859.4461528105,-1523863.8525124472
S2-4.5,product,[H]c1nc(N([H])c2c([H])c([H])c(F)c(Cl)c2[H])c2c([H])c(N([H])C(=O)[C:91]([H])([H])[C:92]([H])([H])[S:93]C([H])([H])[H])c(OC([H])([H])C([H])([H])C([H])([H])N3C([H])([H])C([H])([H])OC([H])([H])C3([H])[H])c([H])c2n1,0,-0.14193524,-0.11883969,-153.0742502451512,-25.460818339986403,-0.018352427,-0.016782917,-0.017567672,0.0075802505,0.0043842494,0.00598225,-1524222.7410992265,4.235856514424086,-1524211.893059404,-1524217.813811307
S2-4.6,reactant,[H]c1nc(N([H])c2c([H])c([H])c(F)c(Cl)c2[H])c2c([H])c(N([H])C(=O)[C:91]([H])=[C:92]([H])[H])c(OC([H])([H])C([H])([H])C([H])([H])N3C([H])([H])C([H])([H])OC([H])([H])C3([H])[H])c([H])c2n1,0,-0.13957943,-0.28281838,-155.84304917665386,-25.367081407822653,0.039722353,0.036633864,0.03817811,0.005438581,-0.0062981993,-0.0004298091,-1248860.7941182002,1.809261865913868,-1248852.423636497,-1248857.832535426
S2-4.6,intermediate,[H]c1nc(N([H])c2c([H])c([H])c(F)c(Cl)c2[H])c2c([H])c(N([H])C(=O)[C-:91]([H])[C:92]([H])([H])[S:93]C([H])([H])[H])c(OC([H])([H])C([H])([H])C([H])([H])N3C([H])([H])C([H])([H])OC([H])([H])C3([H])[H])c([H])c2n1,-1,-0.47153577,-0.13215755,-72.37586111500704,45.0172903406715,0.0077619553,0.018123016,0.0129424855,0.052740544,0.2433719,0.14805622,-1523867.5104060827,4.754358176141977,-1523856.546204548,-1523863.0359522216
S2-4.6,product,[H]c1nc(N([H])c2c([H])c([H])c(F)c(Cl)c2[H])c2c([H])c(N([H])C(=O)[C:91]([H])([H])[C:92]([H])([H])[S:93]C([H])([H])[H])c(OC([H])([H])C([H])([H])C([H])([H])N3C([H])([H])C([H])([H])OC([H])([H])C3([H])[H])c([H])c2n1,0,-0.12140598,-0.11636379,-151.6235260435638,-23.952747941689548,-0.033577763,-0.03308229,-0.033330027,0.012155406,0.0054315627,0.008793484,-1524232.1938149137,2.5545141510665417,-1524223.1494582323,-1524228.9510822978
S2-4.7,reactant,[H]c1nc(N([H])c2c([H])c([H])c(F)c(Cl)c2[H])c2c([H])c(N([H])C(=O)[C:91]([H])=[C:92]([H])[H])c(OC([H])([H])C([H])([H])C([H])([H])N3C([H])([H])C([H])([H])OC([H])([H])C3([H])[H])c([H])c2n1,0,-0.13942377,-0.2833524,-156.87204022719362,-25.962263937927005,0.038865745,0.0363421,0.037603922,0.0042253286,-0.0071082413,-0.0014414564,-1248857.4616315465,3.3512075636535883,-1248848.419311692,-1248853.925914985
S2-4.7,intermediate,[H]c1nc(N([H])c2c([H])c([H])c(F)c(Cl)c2[H])c2c([H])c(N([H])C(=O)[C-:91]([H])[C:92]([H])([H])[S:93]C([H])([H])[H])c(OC([H])([H])C([H])([H])C([H])([H])N3C([H])([H])C([H])([H])OC([H])([H])C3([H])[H])c([H])c2n1,-1,-0.4372396,-0.12889831,-78.47380035144167,40.09909089778834,-0.002802685,0.011863574,0.0045304447,0.037062585,0.22422539,0.130644,-1523862.9159601158,6.187578666955233,-1523847.5999976608,-1523852.6234414252
S2-4.7,product,[H]c1nc(N([H])c2c([H])c([H])c(F)c(Cl)c2[H])c2c([H])c(N([H])C(=O)[C:91]([H])([H])[C:92]([H])([H])[S:93]C([H])([H])[H])c(OC([H])([H])C([H])([H])C([H])([H])N3C([H])([H])C([H])([H])OC([H])([H])C3([H])[H])c([H])c2n1,0,-0.123071946,-0.11619442,-151.71501748894158,-25.464745829877764,-0.030839793,-0.030209921,-0.030524857,0.005120598,-0.0010580271,0.0020312853,-1524224.8257912921,2.5077507942914963,-1524215.8278720656,-1524221.1923968955
S2-4.8,reactant,[H]c1nc(N([H])c2c([H])c([H])c(F)c(Cl)c2[H])c2c([H])c(N([H])C(=O)[C:91]([H])=[C:92]([H])[H])c(OC([H])([H])C([H])([H])C([H])([H])N3C([H])([H])C([H])([H])OC([H])([H])C3([H])[H])c([H])c2n1,0,-0.13834012,-0.28436965,-155.6762781534552,-25.227751462645514,0.04069099,0.037484184,0.039087586,0.0055933744,-0.0077013373,-0.0010539815,-1248860.2532710545,3.2325313929468393,-1248850.6082092556,-1248856.339436615
S2-4.8,intermediate,[H]c1nc(N([H])c2c([H])c([H])c(F)c(Cl)c2[H])c2c([H])c(N([H])C(=O)[C-:91]([H])[C:92]([H])([H])[S:93]C([H])([H])[H])c(OC([H])([H])C([H])([H])C([H])([H])N3C([H])([H])C([H])([H])OC([H])([H])C3([H])[H])c([H])c2n1,-1,-0.5219155,-0.10734637,-75.30506170070063,45.24257112912127,0.008836135,0.018965334,0.0139007345,0.040921748,0.24324515,0.14208345,-1523866.5420836743,6.072339706122875,-1523853.3618908764,-1523859.8701763058
S2-4.8,product,[H]c1nc(N([H])c2c([H])c([H])c(F)c(Cl)c2[H])c2c([H])c(N([H])C(=O)[C:91]([H])([H])[C:92]([H])([H])[S:93]C([H])([H])[H])c(OC([H])([H])C([H])([H])C([H])([H])N3C([H])([H])C([H])([H])OC([H])([H])C3([H])[H])c([H])c2n1,0,-0.12368347,-0.11566301,-152.17141855583054,-25.62166095484414,-0.0297658,-0.02940911,-0.029587455,0.0054786354,-0.00029821694,0.0025902092,-1524222.7776185158,1.9039089493453503,-1524214.1138750566,-1524219.8113562546
S2-4.9,reactant,[H]c1nc(N([H])c2c([H])c([H])c(F)c(Cl)c2[H])c2c([H])c(N([H])C(=O)[C:91]([H])=[C:92]([H])[H])c(OC([H])([H])C([H])([H])C([H])([H])N3C([H])([H])C([H])([H])OC([H])([H])C3([H])[H])c([H])c2n1,0,-0.14452887,-0.27900302,-157.43154492320764,-25.530183196401797,0.027151942,0.024816602,0.025984272,-0.00030642748,-0.0043366104,-0.002321519,-1248858.8944266855,1.7798895873129368,-1248850.2265530713,-1248855.910967844
S2-4.9,intermediate,[H]c1nc(N([H])c2c([H])c([H])c(F)c(Cl)c2[H])c2c([H])c(N([H])C(=O)[C-:91]([H])[C:92]([H])([H])[S:93]C([H])([H])[H])c(OC([H])([H])C([H])([H])C([H])([H])N3C([H])([H])C([H])([H])OC([H])([H])C3([H])[H])c([H])c2n1,-1,-0.47788328,-0.13106601,-71.3752676235848,45.66062437677676,0.0070500076,0.017743312,0.01239666,0.052151322,0.24581967,0.1489855,-1523873.5854773952,2.21872740983963,-1523863.2006860871,-1523869.384137636
S2-4.9,product,[H]c1nc(N([H])c2c([H])c([H])c(F)c(Cl)c2[H])c2c([H])c(N([H])C(=O)[C:91]([H])([H])[C:92]([H])([H])[S:93]C([H])([H])[H])c(OC([H])([H])C([H])([H])C([H])([H])N3C([H])([H])C([H])([H])OC([H])([H])C3([H])[H])c([H])c2n1,0,-0.14226884,-0.12937897,-151.78232363935822,-24.587213080546324,-0.019219637,-0.017738804,-0.01847922,0.004375577,0.0021864772,0.003281027,-1524224.2002696006,6.306179104372859,-1524214.384466229,-1524219.6351379815
S2-4.10,reactant,[H]c1nc(N([H])c2c([H])c([H])c(F)c(Cl)c2[H])c2c([H])c(N([H])C(=O)[C:91]([H])=[C:92]([H])[H])c(OC([H])([H])C([H])([H])C([H])([H])N3C([H])([H])C([H])([H])OC([H])([H])C3([H])[H])c([H])c2n1,0,-0.14539477,-0.27856413,-157.1706337857243,-25.254612914815517,0.02738902,0.025331497,0.026360258,-0.00045499206,-0.0039159954,-0.0021854937,-1248859.3109511863,2.767842762172222,-1248850.6849491245,-1248856.2188129586
S2-4.10,intermediate,[H]c1nc(N([H])c2c([H])c([H])c(F)c(Cl)c2[H])c2c([H])c(N([H])C(=O)[C-:91]([H])[C:92]([H])([H])[S:93]C([H])([H])[H])c(OC([H])([H])C([H])([H])C([H])([H])N3C([H])([H])C([H])([H])OC([H])([H])C3([H])[H])c([H])c2n1,-1,-0.52422714,-0.12501994,-72.65938025184352,44.258303966915925,0.013018906,0.02025824,0.016638573,0.04679978,0.24815437,0.14747708,-1523867.9977916395,2.1201318353414536,-1523857.509808413,-1523863.8448202997
S2-4.10,product,[H]c1nc(N([H])c2c([H])c([H])c(F)c(Cl)c2[H])c2c([H])c(N([H])C(=O)[C:91]([H])([H])[C:92]([H])([H])[S:93]C([H])([H])[H])c(OC([H])([H])C([H])([H])C([H])([H])N3C([H])([H])C([H])([H])OC([H])([H])C3([H])[H])c([H])c2n1,0,-0.119466186,-0.11625059,-151.88179837368688,-25.266210980413288,-0.032871976,-0.03226295,-0.032567464,0.0136283785,0.005874455,0.009751417,-1524226.5632782555,1.4497282523661852,-1524217.789482196,-1524223.387397379
S2-14.1,reactant,[H]c1nc(N([H])c2c([H])c(N([H])C(=O)/[C:91]([H])=[C:92](\[H])C([H])([H])N(C([H])([H])[H])C([H])([H])[H])c([H])c([H])c2OC([H])([H])[H])nc(-c2c([H])n([H])c3c([H])c([H])c([H])c([H])c23)c1Cl,0,-0.17456359,-0.08646004,-145.47673981913422,-24.399473820746955,0.02409289,0.014653854,0.019373372,0.008997843,-0.006329313,0.0013342649,-1197260.266028908,2.1990771144628525,-1197252.2447169472,-1197257.6913581502
S2-14.1,intermediate,[H]c1nc(N([H])c2c([H])c(N([H])C(=O)[C-:91]([H])[C:92]([H])(C([H])([H])N(C([H])([H])[H])C([H])([H])[H])[S:93]C([H])([H])[H])c([H])c([H])c2OC([H])([H])[H])nc(-c2c([H])n([H])c3c([H])c([H])c([H])c([H])c23)c1Cl,-1,-0.18935792,-0.099339336,-76.54361728423176,35.85518895395686,-0.00506068,-0.0073695034,-0.006215092,0.026280865,0.011954993,0.019117929,-1472265.7020971153,3.111846225336194,-1472253.4390711938,-1472257.4380196747
S2-14.1,product,[H]c1nc(N([H])c2c([H])c(N([H])C(=O)[C:91]([H])([H])[C:92]([H])(C([H])([H])N(C([H])([H])[H])C([H])([H])[H])[S:93]C([H])([H])[H])c([H])c([H])c2OC([H])([H])[H])nc(-c2c([H])n([H])c3c([H])c([H])c([H])c([H])c23)c1Cl,0,-0.14425069,-0.05937224,-140.5990205624077,-21.533458021907478,-0.02017606,-0.021959752,-0.021067906,0.009657025,0.00746201,0.008559518,-1472626.113326884,3.4669205471873283,-1472617.2645779164,-1472622.0310174776
S2-14.2,reactant,[H]c1nc(N([H])c2c([H])c(N([H])C(=O)/[C:91]([H])=[C:92](\[H])C([H])([H])N(C([H])([H])[H])C([H])([H])[H])c([H])c([H])c2OC([H])([H])[H])nc(-c2c([H])n([H])c3c([H])c([H])c([H])c([H])c23)c1Cl,0,-0.17462425,-0.084598094,-145.41321231979268,-24.65022653129123,0.006564975,0.0026116446,0.0045883097,0.022441208,-0.0021415353,0.010149837,-1197260.18147602,2.579658744856715,-1197251.8814152025,-1197257.5124147905
S2-14.2,intermediate,[H]c1nc(N([H])c2c([H])c(N([H])C(=O)[C-:91]([H])[C:92]([H])(C([H])([H])N(C([H])([H])[H])C([H])([H])[H])[S:93]C([H])([H])[H])c([H])c([H])c2OC([H])([H])[H])nc(-c2c([H])n([H])c3c([H])c([H])c([H])c([H])c23)c1Cl,-1,-0.49244523,-0.033755075,-65.54329728981796,41.76807355503292,0.020325892,0.018739864,0.019532878,0.060628474,0.20824459,0.13443653,-1472256.8015807047,2.2991917077451944,-1472246.6705541722,-1472252.481299187
S2-14.2,product,[H]c1nc(N([H])c2c([H])c(N([H])C(=O)[C:91]([H])([H])[C:92]([H])(C([H])([H])N(C([H])([H])[H])C([H])([H])[H])[S:93]C([H])([H])[H])c([H])c([H])c2OC([H])([H])[H])nc(-c2c([H])n([H])c3c([H])c([H])c([H])c([H])c23)c1Cl,0,-0.13242806,-0.04430728,-141.6320174378216,-20.9569171151533,-0.031591658,-0.034584474,-0.033088066,0.0005878657,-0.002487421,-0.00094977766,-1472624.6497613532,3.4256412852555513,-1472615.8794874218,-1472620.9105296135
S2-14.3,reactant,[H]c1nc(N([H])c2c([H])c(N([H])C(=O)/[C:91]([H])=[C:92](\[H])C([H])([H])N(C([H])([H])[H])C([H])([H])[H])c([H])c([H])c2OC([H])([H])[H])nc(-c2c([H])n([H])c3c([H])c([H])c([H])c([H])c23)c1Cl,0,-0.14805087,-0.13921532,-147.43783332086807,-24.467101051303025,0.004484266,0.0029225051,0.0037033856,-0.010492146,-0.013011068,-0.011751607,-1197259.4215869512,2.6897913943976164,-1197250.9745660012,-1197256.260396484
S2-14.3,intermediate,[H]c1nc(N([H])c2c([H])c(N([H])C(=O)[C-:91]([H])[C:92]([H])(C([H])([H])N(C([H])([H])[H])C([H])([H])[H])[S:93]C([H])([H])[H])c([H])c([H])c2OC([H])([H])[H])nc(-c2c([H])n([H])c3c([H])c([H])c([H])c([H])c23)c1Cl,-1,-0.41523308,-0.049569163,-65.53035300615684,44.99800030141853,0.015611004,0.015303332,0.015457168,0.061093748,0.21435799,0.13772586,-1472252.1402220703,5.104854378849268,-1472240.7270490187,-1472246.2485922712
S2-14.3,product,[H]c1nc(N([H])c2c([H])c(N([H])C(=O)[C:91]([H])([H])[C:92]([H])(C([H])([H])N(C([H])([H])[H])C([H])([H])[H])[S:93]C([H])([H])[H])c([H])c([H])c2OC([H])([H])[H])nc(-c2c([H])n([H])c3c([H])c([H])c([H])c([H])c23)c1Cl,0,-0.14540559,-0.03731431,-143.38547633627405,-23.802469601029525,-0.03707137,-0.039611414,-0.03834139,0.0075377077,0.0042380244,0.005887866,-1472625.6496070016,3.5240619387477636,-1472616.2313928104,-1472621.8649003238
S2-14.4,reactant,[H]c1nc(N([H])c2c([H])c(N([H])C(=O)/[C:91]([H])=[C:92](\[H])C([H])([H])N(C([H])([H])[H])C([H])([H])[H])c([H])c([H])c2OC([H])([H])[H])nc(-c2c([H])n([H])c3c([H])c([H])c([H])c([H])c23)c1Cl,0,-0.1551322,-0.11008594,-147.3673081087074,-24.852735718111095,-0.0019585118,-0.0058524236,-0.0039054677,0.011765763,-0.0013704896,0.005197637,-1197259.8185890773,2.37290002964437,-1197251.8159998918,-1197256.4781452108
S2-14.4,intermediate,[H]c1nc(N([H])c2c([H])c(N([H])C(=O)[C-:91]([H])[C:92]([H])(C([H])([H])N(C([H])([H])[H])C([H])([H])[H])[S:93]C([H])([H])[H])c([H])c([H])c2OC([H])([H])[H])nc(-c2c([H])n([H])c3c([H])c([H])c([H])c([H])c23)c1Cl,-1,-0.48648974,-0.039433166,-64.03589324341176,44.62732520940439,-0.011087146,3.65749e-05,-0.0055252854,0.063100606,0.21727434,0.14018747,-1472252.6315939694,5.788544725626707,-1472241.4364052976,-1472246.280741144
S2-14.4,product,[H]c1nc(N([H])c2c([H])c(N([H])C(=O)[C:91]([H])([H])[C:92]([H])(C([H])([H])N(C([H])([H])[H])C([H])([H])[H])[S:93]C([H])([H])[H])c([H])c([H])c2OC([H])([H])[H])nc(-c2c([H])n([H])c3c([H])c([H])c([H])c([H])c23)c1Cl,0,-0.14054434,-0.04673807,-142.58394952587852,-22.32654585311795,-0.028322792,-0.03170098,-0.030011885,-0.0007274449,-0.003176406,-0.0019519255,-1472625.884518382,4.639171950519085,-1472615.2724467926,-1472621.2039591938
S2-14.5,reactant,[H]c1nc(N([H])c2c([H])c(N([H])C(=O)/[C:91]([H])=[C:92](\[H])C([H])([H])N(C([H])([H])[H])C([H])([H])[H])c([H])c([H])c2OC([H])([H])[H])nc(-c2c([H])n([H])c3c([H])c([H])c([H])c([H])c23)c1Cl,0,-0.14861897,-0.11040691,-147.30027179694525,-25.909907291862122,-0.009143196,-0.010759234,-0.009951215,0.021509722,-0.00071680546,0.010396458,-1197258.816918408,2.788379428908229,-1197249.6256248232,-1197255.4733308165
S2-14.5,intermediate,[H]c1nc(N([H])c2c([H])c(N([H])C(=O)[C-:91]([H])[C:92]([H])(C([H])([H])N(C([H])([H])[H])C([H])([H])[H])[S:93]C([H])([H])[H])c([H])c([H])c2OC([H])([H])[H])nc(-c2c([H])n([H])c3c([H])c([H])c([H])c([H])c23)c1Cl,-1,-0.18950064,-0.09922609,-76.4613978596655,36.09197652133133,-0.00441318,-0.0069317743,-0.005672477,0.02674973,0.012156412,0.019453071,-1472265.7437864419,3.1760853491723537,-1472251.0572586574,-1472257.8032637965
S2-14.5,product,[H]c1nc(N([H])c2c([H])c(N([H])C(=O)[C:91]([H])([H])[C:92]([H])(C([H])([H])N(C([H])([H])[H])C([H])([H])[H])[S:93]C([H])([H])[H])c([H])c([H])c2OC([H])([H])[H])nc(-c2c([H])n([H])c3c([H])c([H])c([H])c([H])c23)c1Cl,0,-0.14543422,-0.036947273,-143.3373494519245,-23.77834346964342,-0.036832538,-0.03951036,-0.03817145,0.0075436383,0.004221186,0.005882412,-1472625.6561889236,3.5199399925768375,-1472615.6428894936,-1472621.935290842
S2-14.6,reactant,[H]c1nc(N([H])c2c([H])c(N([H])C(=O)/[C:91]([H])=[C:92](\[H])C([H])([H])N(C([H])([H])[H])C([H])([H])[H])c([H])c([H])c2OC([H])([H])[H])nc(-c2c([H])n([H])c3c([H])c([H])c([H])c([H])c23)c1Cl,0,-0.12452475,-0.11574125,-145.6871842789683,-23.046021732902783,0.0029139668,0.0010497794,0.001981873,-0.0070842206,-0.019572861,-0.013328541,-1197255.268647984,4.235185554251075,-1197246.4681876623,-1197251.6267061264
S2-14.6,intermediate,[H]c1nc(N([H])c2c([H])c(N([H])C(=O)[C-:91]([H])[C:92]([H])(C([H])([H])N(C([H])([H])[H])C([H])([H])[H])[S:93]C([H])([H])[H])c([H])c([H])c2OC([H])([H])[H])nc(-c2c([H])n([H])c3c([H])c([H])c([H])c([H])c23)c1Cl,-1,-0.49728796,-0.023426292,-66.36415345494646,41.367124612018245,0.013152709,0.013876618,0.013514664,0.048457712,0.20175955,0.12510863,-1472256.2267401991,4.712794745340943,-1472243.3674569472,-1472250.7647119134
S2-14.6,product,[H]c1nc(N([H])c2c([H])c(N([H])C(=O)[C:91]([H])([H])[C:92]([H])(C([H])([H])N(C([H])([H])[H])C([H])([H])[H])[S:93]C([H])([H])[H])c([H])c([H])c2OC([H])([H])[H])nc(-c2c([H])n([H])c3c([H])c([H])c([H])c([H])c23)c1Cl,0,-0.13354982,-0.04956876,-142.29353140628817,-21.622429018115756,-0.023680015,-0.02518576,-0.024432886,-0.0002322048,-0.0032514036,-0.0017418042,-1472624.08014404,2.963403031229973,-1472614.8318849679,-1472620.560872058
S2-14.7,reactant,[H]c1nc(N([H])c2c([H])c(N([H])C(=O)/[C:91]([H])=[C:92](\[H])C([H])([H])N(C([H])([H])[H])C([H])([H])[H])c([H])c([H])c2OC([H])([H])[H])nc(-c2c([H])n([H])c3c([H])c([H])c([H])c([H])c23)c1Cl,0,-0.17198005,-0.0984108,-148.91288456938926,-18.14369357632678,-0.014319293,-0.011387736,-0.012853514,0.002616182,-0.0032810122,-0.0003324151,-1197262.3626130468,3.643001014366746,-1197250.811159605,-1197257.705231823
S2-14.7,intermediate,[H]c1nc(N([H])c2c([H])c(N([H])C(=O)[C-:91]([H])[C:92]([H])(C([H])([H])N(C([H])([H])[H])C([H])([H])[H])[S:93]C([H])([H])[H])c([H])c([H])c2OC([H])([H])[H])nc(-c2c([H])n([H])c3c([H])c([H])c([H])c([H])c23)c1Cl,-1,-0.17713799,-0.12557709,-77.02729245517428,36.69883466022667,0.0033267736,0.0032765865,0.00330168,0.0068208277,0.0018387735,0.0043298006,-1472265.2405893907,2.6197846680879593,-1472254.4068539205,-1472258.610747803
S2-14.7,product,[H]c1nc(N([H])c2c([H])c(N([H])C(=O)[C:91]([H])([H])[C:92]([H])(C([H])([H])N(C([H])([H])[H])C([H])([H])[H])[S:93]C([H])([H])[H])c([H])c([H])c2OC([H])([H])[H])nc(-c2c([H])n([H])c3c([H])c([H])c([H])c([H])c23)c1Cl,0,-0.14114879,-0.052656308,-142.16462791778682,-21.79786134607666,-0.02449487,-0.028071657,-0.026283264,0.005921662,0.0036399215,0.0047807917,-1472621.8429310904,2.803643561899662,-1472611.5895727773,-1472618.0751519671
S2-14.8,reactant,[H]c1nc(N([H])c2c([H])c(N([H])C(=O)/[C:91]([H])=[C:92](\[H])C([H])([H])N(C([H])([H])[H])C([H])([H])[H])c([H])c([H])c2OC([H])([H])[H])nc(-c2c([H])n([H])c3c([H])c([H])c([H])c([H])c23)c1Cl,0,-0.16979398,-0.10720882,-151.1321137422974,-20.697514499166495,-0.01652576,-0.012657478,-0.014591619,0.0037668645,0.00023503602,0.0020009503,-1197264.1450233064,4.07164428755641,-1197253.4709497155,-1197259.282711195
S2-14.8,intermediate,[H]c1nc(N([H])c2c([H])c(N([H])C(=O)[C-:91]([H])[C:92]([H])(C([H])([H])N(C([H])([H])[H])C([H])([H])[H])[S:93]C([H])([H])[H])c([H])c([H])c2OC([H])([H])[H])nc(-c2c([H])n([H])c3c([H])c([H])c([H])c([H])c23)c1Cl,-1,-0.49451172,-0.032323774,-65.67477682222224,41.77864925774538,0.02185199,0.019589212,0.020720601,0.059812844,0.20749852,0.13365568,-1472256.9247580823,3.697244292125106,-1472247.4075800674,-1472252.444022643
S2-14.8,product,[H]c1nc(N([H])c2c([H])c(N([H])C(=O)[C:91]([H])([H])[C:92]([H])(C([H])([H])N(C([H])([H])[H])C([H])([H])[H])[S:93]C([H])([H])[H])c([H])c([H])c2OC([H])([H])[H])nc(-c2c([H])n([H])c3c([H])c([H])c([H])c([H])c23)c1Cl,0,-0.12967435,-0.042725462,-140.65815731557882,-21.60096633268781,-0.035884716,-0.037221897,-0.036553305,0.00392285,0.0011037886,0.0025133193,-1472621.7382985405,2.7125080227851868,-1472611.8678655461,-1472618.4013880282
S2-14.9,reactant,[H]c1nc(N([H])c2c([H])c(N([H])C(=O)/[C:91]([H])=[C:92](\[H])C([H])([H])N(C([H])([H])[H])C([H])([H])[H])c([H])c([H])c2OC([H])([H])[H])nc(-c2c([H])n([H])c3c([H])c([H])c([H])c([H])c23)c1Cl,0,-0.16164677,-0.10714303,-147.31119819900127,-24.749598934665602,-0.0036560595,-0.0071191117,-0.0053875856,0.012052938,-0.00021471083,0.0059191138,-1197259.8654129538,2.491815749555826,-1197251.9502078146,-1197256.6153765714
S2-14.9,intermediate,[H]c1nc(N([H])c2c([H])c(N([H])C(=O)[C-:91]([H])[C:92]([H])(C([H])([H])N(C([H])([H])[H])C([H])([H])[H])[S:93]C([H])([H])[H])c([H])c([H])c2OC([H])([H])[H])nc(-c2c([H])n([H])c3c([H])c([H])c([H])c([H])c23)c1Cl,-1,-0.4654693,-0.04664347,-63.43099108307886,45.92246609902254,0.008245964,0.011801727,0.010023845,0.055283844,0.20905381,0.13216883,-1472252.1991763709,2.778141735121608,-1472240.7664032113,-1472247.79138705
S2-14.9,product,[H]c1nc(N([H])c2c([H])c(N([H])C(=O)[C:91]([H])([H])[C:92]([H])(C([H])([H])N(C([H])([H])[H])C([H])([H])[H])[S:93]C([H])([H])[H])c([H])c([H])c2OC([H])([H])[H])nc(-c2c([H])n([H])c3c([H])c([H])c([H])c([H])c23)c1Cl,0,-0.1439088,-0.06049239,-141.3588139995759,-22.3454886643844,-0.020748105,-0.022730753,-0.021739429,0.009986773,0.007096529,0.008541651,-1472625.73371166,6.183937035501003,-1472613.8098766045,-1472619.9315787512
S2-14.10,reactant,[H]c1nc(N([H])c2c([H])c(N([H])C(=O)/[C:91]([H])=[C:92](\[H])C([H])([H])N(C([H])([H])[H])C([H])([H])[H])c([H])c([H])c2OC([H])([H])[H])nc(-c2c([H])n([H])c3c([H])c([H])c([H])c([H])c23)c1Cl,0,-0.15089934,-0.13708983,-145.43416487362478,-21.18848074103745,0.007987559,0.0034606606,0.0057241097,-0.008834973,-0.01152201,-0.0101784915,-1197256.958982307,2.7782114781439304,-1197248.503944985,-1197253.8261811195
S2-14.10,intermediate,[H]c1nc(N([H])c2c([H])c(N([H])C(=O)[C-:91]([H])[C:92]([H])(C([H])([H])N(C([H])([H])[H])C([H])([H])[H])[S:93]C([H])([H])[H])c([H])c([H])c2OC([H])([H])[H])nc(-c2c([H])n([H])c3c([H])c([H])c([H])c([H])c23)c1Cl,-1,-0.45991108,-0.047939427,-64.31256105403007,45.8668282138383,0.01893311,0.016183965,0.017558537,0.08184388,0.2261982,0.15402104,-1472253.3092683076,2.569202933460474,-1472241.5613835072,-1472247.2168690634
S2-14.10,product,[H]c1nc(N([H])c2c([H])c(N([H])C(=O)[C:91]([H])([H])[C:92]([H])(C([H])([H])N(C([H])([H])[H])C([H])([H])[H])[S:93]C([H])([H])[H])c([H])c([H])c2OC([H])([H])[H])nc(-c2c([H])n([H])c3c([H])c([H])c([H])c([H])c23)c1Cl,0,-0.13165937,-0.041922797,-141.06025887782172,-21.05259272798775,-0.030176166,-0.032988366,-0.031582266,0.001982078,-0.0005813241,0.0007003769,-1472624.5978764333,4.605691075325012,-1472615.7675145997,-1472620.8884487078
S2-18.1,reactant,[H]c1nc(N([H])c2c([H])c(N([H])C(=O)/[C:91]([H])=[C:92](\[H])C([H])([H])N(C([H])([H])[H])C([H])([H])[H])c([H])c([H])c2OC([H])([H])[H])nc(-c2c([H])nn3c([H])c([H])c([H])c([H])c23)c1[H],0,-0.15826523,-0.110332854,-148.52356109789068,-26.10958343170588,-0.0051434115,-0.006445639,-0.005794525,0.009277895,-0.00087049603,0.0042036995,-918872.6037415027,1.9570251777768135,-918862.4910279308,-918869.6057239489
S2-18.1,intermediate,[H]C1=C([H])c2c(-c3nc(N([H])c4c([H])c(N([H])C(=O)[C-:91]([H])[C:92]([H])(C([H])([H])N(C([H])([H])[H])C([H])([H])[H])[S:93]C([H])([H])[H])c([H])c([H])c4OC([H])([H])[H])nc([H])c3[H])c([H])nn2C([H])=C1[H],-1,-0.46544254,-0.050222706,-64.42457155358306,38.96496571486626,0.003108967,0.010439321,0.0067741442,0.028785318,0.18923983,0.109012574,-1193866.8845642137,2.4349427297711372,-1193858.3207506393,-1193863.163428787
S2-18.1,product,[H]c1nc(N([H])c2c([H])c(N([H])C(=O)[C:91]([H])([H])[C:92]([H])(C([H])([H])N(C([H])([H])[H])C([H])([H])[H])[S:93]C([H])([H])[H])c([H])c([H])c2OC([H])([H])[H])nc(-c2c([H])nn3c([H])c([H])c([H])c([H])c23)c1[H],0,-0.1375346,-0.0333997,-143.10171586990464,-23.505486170610705,-0.03855349,-0.040513076,-0.039533284,0.0039428174,0.000344038,0.0021434277,-1194235.501421186,2.716190131381154,-1194225.9932958453,-1194232.4980488576
S2-18.2,reactant,[H]c1nc(N([H])c2c([H])c(N([H])C(=O)/[C:91]([H])=[C:92](\[H])C([H])([H])N(C([H])([H])[H])C([H])([H])[H])c([H])c([H])c2OC([H])([H])[H])nc(-c2c([H])nn3c([H])c([H])c([H])c([H])c23)c1[H],0,-0.15927172,-0.109358214,-150.3298024740052,-26.636057607148416,-0.005581975,-0.0068931654,-0.00623757,0.009525761,-0.0007289946,0.004398383,-918874.7264847909,1.9062026422470808,-918865.9462633085,-918871.6458671059
S2-18.2,intermediate,[H]C1=C([H])c2c(-c3nc(N([H])c4c([H])c(N([H])C(=O)[C-:91]([H])[C:92]([H])(C([H])([H])N(C([H])([H])[H])C([H])([H])[H])[S:93]C([H])([H])[H])c([H])c([H])c4OC([H])([H])[H])nc([H])c3[H])c([H])nn2C([H])=C1[H],-1,-0.47844306,-0.016320052,-66.26994416520249,40.355040685858484,0.009012757,0.007894347,0.008453552,0.036700636,0.18845138,0.11257601,-1193875.023803111,2.843122335150838,-1193864.1966198375,-1193870.1500051091
S2-18.2,product,[H]c1nc(N([H])c2c([H])c(N([H])C(=O)[C:91]([H])([H])[C:92]([H])(C([H])([H])N(C([H])([H])[H])C([H])([H])[H])[S:93]C([H])([H])[H])c([H])c([H])c2OC([H])([H])[H])nc(-c2c([H])nn3c([H])c([H])c([H])c([H])c23)c1[H],0,-0.13486035,-0.06539968,-144.42752768517667,-15.69355774372408,-0.027654167,-0.029104471,-0.02837932,0.00022089481,-0.0021327436,-0.0009559244,-1194240.1113698334,6.93228616937995,-1194228.4825247396,-1194233.9886850533
S2-18.3,reactant,[H]c1nc(N([H])c2c([H])c(N([H])C(=O)/[C:91]([H])=[C:92](\[H])C([H])([H])N(C([H])([H])[H])C([H])([H])[H])c([H])c([H])c2OC([H])([H])[H])nc(-c2c([H])nn3c([H])c([H])c([H])c([H])c23)c1[H],0,-0.15964757,-0.10877909,-149.3215768228474,-26.887219668859185,-0.016520932,-0.01290454,-0.014712736,0.018787608,0.002460301,0.010623954,-918871.8327043563,1.9162465129047632,-918862.6681508617,-918868.941580842
S2-18.3,intermediate,[H]C1=C([H])c2c(-c3nc(N([H])c4c([H])c(N([H])C(=O)[C-:91]([H])[C:92]([H])(C([H])([H])N(C([H])([H])[H])C([H])([H])[H])[S:93]C([H])([H])[H])c([H])c([H])c4OC([H])([H])[H])nc([H])c3[H])c([H])nn2C([H])=C1[H],-1,-0.48537955,-0.014829011,-65.87466734860654,43.36325970291436,0.007856184,0.005976145,0.0069161644,0.043724865,0.1996412,0.12168303,-1193872.8560450652,3.719666650518775,-1193861.6050252034,-1193867.0799989926
S2-18.3,product,[H]c1nc(N([H])c2c([H])c(N([H])C(=O)[C:91]([H])([H])[C:92]([H])(C([H])([H])N(C([H])([H])[H])C([H])([H])[H])[S:93]C([H])([H])[H])c([H])c([H])c2OC([H])([H])[H])nc(-c2c([H])nn3c([H])c([H])c([H])c([H])c23)c1[H],0,-0.14865413,-0.056190006,-145.6797110806731,-17.919185960046168,-0.031616956,-0.029770322,-0.03069364,0.0027466565,0.001977861,0.0023622587,-1194242.8667182566,5.6159505266696215,-1194229.954127929,-1194238.2412929547
S2-18.4,reactant,[H]c1nc(N([H])c2c([H])c(N([H])C(=O)/[C:91]([H])=[C:92](\[H])C([H])([H])N(C([H])([H])[H])C([H])([H])[H])c([H])c([H])c2OC([H])([H])[H])nc(-c2c([H])nn3c([H])c([H])c([H])c([H])c23)c1[H],0,-0.1562205,-0.10706123,-147.0960323810133,-24.679748821161613,-0.008990154,-0.010293938,-0.009642046,0.014562771,-0.0006223619,0.0069702044,-918869.5242907655,2.920088091865182,-918861.308458417,-918866.3488678498
S2-18.4,intermediate,[H]C1=C([H])c2c(-c3nc(N([H])c4c([H])c(N([H])C(=O)[C-:91]([H])[C:92]([H])(C([H])([H])N(C([H])([H])[H])C([H])([H])[H])[S:93]C([H])([H])[H])c([H])c([H])c4OC([H])([H])[H])nc([H])c3[H])c([H])nn2C([H])=C1[H],-1,-0.47316194,-0.026738346,-62.78680220722497,43.512168972172866,-0.015331509,-0.0065939613,-0.010962735,0.03453225,0.1947977,0.11466497,-1193862.4963797505,7.076218066737056,-1193851.378525378,-1193855.4816068842
S2-18.4,product,[H]c1nc(N([H])c2c([H])c(N([H])C(=O)[C:91]([H])([H])[C:92]([H])(C([H])([H])N(C([H])([H])[H])C([H])([H])[H])[S:93]C([H])([H])[H])c([H])c([H])c2OC([H])([H])[H])nc(-c2c([H])nn3c([H])c([H])c([H])c([H])c23)c1[H],0,-0.1364325,-0.04358629,-145.34149251248408,-24.03682991331666,-0.030535521,-0.03213384,-0.03133468,0.002515316,-0.0008751452,0.0008200854,-1194237.6735666865,2.8459050972014666,-1194229.4433111849,-1194234.2787810483
S2-18.5,reactant,[H]c1nc(N([H])c2c([H])c(N([H])C(=O)/[C:91]([H])=[C:92](\[H])C([H])([H])N(C([H])([H])[H])C([H])([H])[H])c([H])c([H])c2OC([H])([H])[H])nc(-c2c([H])nn3c([H])c([H])c([H])c([H])c23)c1[H],0,-0.15619075,-0.10732051,-147.0396262086272,-24.482993156356287,-0.009363629,-0.010614015,-0.009988822,0.0146808475,-0.00049872696,0.0070910603,-918869.4674664307,2.7953080758452415,-918860.8759943588,-918866.3946928257
S2-18.5,intermediate,[H]C1=C([H])c2c(-c3nc(N([H])c4c([H])c(N([H])C(=O)[C-:91]([H])[C:92]([H])(C([H])([H])N(C([H])([H])[H])C([H])([H])[H])[S:93]C([H])([H])[H])c([H])c([H])c4OC([H])([H])[H])nc([H])c3[H])c([H])nn2C([H])=C1[H],-1,-0.4896419,-0.02140437,-65.99519021376852,40.125660427103874,0.008234173,0.00820348,0.008218827,0.027969658,0.177537,0.10275333,-1193873.0175081978,3.5677573047578335,-1193861.4299045012,-1193868.0390513185
S2-18.5,product,[H]c1nc(N([H])c2c([H])c(N([H])C(=O)[C:91]([H])([H])[C:92]([H])(C([H])([H])N(C([H])([H])[H])C([H])([H])[H])[S:93]C([H])([H])[H])c([H])c([H])c2OC([H])([H])[H])nc(-c2c([H])nn3c([H])c([H])c([H])c([H])c23)c1[H],0,-0.13760825,-0.024577003,-142.41246869955253,-19.57040164084405,-0.03959368,-0.04115064,-0.040372163,0.008984879,0.0056156516,0.007300265,-1194234.010740687,3.4875195268541574,-1194224.642357406,-1194230.3858173867
S2-18.6,reactant,[H]c1nc(N([H])c2c([H])c(N([H])C(=O)/[C:91]([H])=[C:92](\[H])C([H])([H])N(C([H])([H])[H])C([H])([H])[H])c([H])c([H])c2OC([H])([H])[H])nc(-c2c([H])nn3c([H])c([H])c([H])c([H])c23)c1[H],0,-0.15251882,-0.13927725,-147.17270386343935,-23.33361913538659,0.0093691945,0.006671071,0.008020133,-0.012653232,-0.012608886,-0.012631059,-918870.1776470153,2.6486848574131727,-918862.5527599712,-918867.2064679799
S2-18.6,intermediate,[H]C1=C([H])c2c(-c3nc(N([H])c4c([H])c(N([H])C(=O)[C-:91]([H])[C:92]([H])(C([H])([H])N(C([H])([H])[H])C([H])([H])[H])[S:93]C([H])([H])[H])c([H])c([H])c4OC([H])([H])[H])nc([H])c3[H])c([H])nn2C([H])=C1[H],-1,-0.46129572,-0.022928262,-67.04661939133099,41.39854312341141,-0.0070921145,-0.003202632,-0.0051473733,0.04739338,0.1977629,0.122578144,-1193871.2185838737,6.087930515408516,-1193855.2191227283,-1193862.193338337
S2-18.6,product,[H]c1nc(N([H])c2c([H])c(N([H])C(=O)[C:91]([H])([H])[C:92]([H])(C([H])([H])N(C([H])([H])[H])C([H])([H])[H])[S:93]C([H])([H])[H])c([H])c([H])c2OC([H])([H])[H])nc(-c2c([H])nn3c([H])c([H])c([H])c([H])c23)c1[H],0,-0.13542594,-0.058160543,-144.30629941271474,-23.67333214165467,-0.03223227,-0.031971768,-0.03210202,0.0032595545,0.0012375712,0.0022485629,-1194239.6814324276,1.6885890178382397,-1194230.9288730836,-1194236.5840611304
S2-18.7,reactant,[H]c1nc(N([H])c2c([H])c(N([H])C(=O)/[C:91]([H])=[C:92](\[H])C([H])([H])N(C([H])([H])[H])C([H])([H])[H])c([H])c([H])c2OC([H])([H])[H])nc(-c2c([H])nn3c([H])c([H])c([H])c([H])c23)c1[H],0,-0.16039163,-0.12688442,-147.5684040211616,-16.631678137390967,0.01834859,0.016717829,0.01753321,-0.010401115,-0.016751707,-0.013576411,-918873.3500397919,4.733432749286294,-918865.7598129362,-918870.365461333
S2-18.7,intermediate,[H]C1=C([H])c2c(-c3nc(N([H])c4c([H])c(N([H])C(=O)[C-:91]([H])[C:92]([H])(C([H])([H])N(C([H])([H])[H])C([H])([H])[H])[S:93]C([H])([H])[H])c([H])c([H])c4OC([H])([H])[H])nc([H])c3[H])c([H])nn2C([H])=C1[H],-1,-0.52076703,-0.026803445,-67.23571842961732,41.52098336928325,0.018669024,0.019141123,0.018905073,0.039005578,0.19994608,0.11947583,-1193869.5755386641,3.160948423668742,-1193857.3096470202,-1193863.5257520434
S2-18.7,product,[H]c1nc(N([H])c2c([H])c(N([H])C(=O)[C:91]([H])([H])[C:92]([H])(C([H])([H])N(C([H])([H])[H])C([H])([H])[H])[S:93]C([H])([H])[H])c([H])c([H])c2OC([H])([H])[H])nc(-c2c([H])nn3c([H])c([H])c([H])c([H])c23)c1[H],0,-0.13513176,-0.04987948,-144.0981432291883,-24.0200040924171,-0.03427123,-0.035650197,-0.034960713,0.0010997206,-0.0013070852,-0.00010368228,-1194237.8103086036,3.8174452241510153,-1194229.0091347315,-1194234.5428275212
S2-18.8,reactant,[H]c1nc(N([H])c2c([H])c(N([H])C(=O)/[C:91]([H])=[C:92](\[H])C([H])([H])N(C([H])([H])[H])C([H])([H])[H])c([H])c([H])c2OC([H])([H])[H])nc(-c2c([H])nn3c([H])c([H])c([H])c([H])c23)c1[H],0,-0.15218964,-0.13958779,-149.04013636158285,-23.98289386993671,0.00977689,0.006961465,0.008369178,-0.013302639,-0.0131702125,-0.013236426,-918872.1428491161,2.263963496312499,-918863.7917069368,-918868.9855350604
S2-18.8,intermediate,[H]C1=C([H])c2c(-c3nc(N([H])c4c([H])c(N([H])C(=O)[C-:91]([H])[C:92]([H])(C([H])([H])N(C([H])([H])[H])C([H])([H])[H])[S:93]C([H])([H])[H])c([H])c([H])c4OC([H])([H])[H])nc([H])c3[H])c([H])nn2C([H])=C1[H],-1,-0.17725803,-0.12644273,-77.40797342519244,34.92462849016129,0.0025719851,0.003622152,0.0030970685,0.0049081743,0.0016700923,0.0032891333,-1193877.262735374,2.089079225435853,-1193864.2096497628,-1193870.6306970413
S2-18.8,product,[H]c1nc(N([H])c2c([H])c(N([H])C(=O)[C:91]([H])([H])[C:92]([H])(C([H])([H])N(C([H])([H])[H])C([H])([H])[H])[S:93]C([H])([H])[H])c([H])c([H])c2OC([H])([H])[H])nc(-c2c([H])nn3c([H])c([H])c([H])c([H])c23)c1[H],0,-0.13986391,-0.04776457,-145.83205090555845,-21.44787947811121,-0.04035788,-0.041275777,-0.04081683,0.004236847,0.001137495,0.002687171,-1194236.5599562307,7.556803423911333,-1194225.4474966894,-1194231.4594666162
S2-18.9,reactant,[H]c1nc(N([H])c2c([H])c(N([H])C(=O)/[C:91]([H])=[C:92](\[H])C([H])([H])N(C([H])([H])[H])C([H])([H])[H])c([H])c([H])c2OC([H])([H])[H])nc(-c2c([H])nn3c([H])c([H])c([H])c([H])c23)c1[H],0,-0.15786615,-0.11049267,-148.53700366147262,-26.115315541845256,-0.004983239,-0.0062988475,-0.005641043,0.009297192,-0.0009394884,0.004178852,-918872.5982878201,2.149305570870638,-918863.714849081,-918869.5372887754
S2-18.9,intermediate,[H]C1=C([H])c2c(-c3nc(N([H])c4c([H])c(N([H])C(=O)[C-:91]([H])[C:92]([H])(C([H])([H])N(C([H])([H])[H])C([H])([H])[H])[S:93]C([H])([H])[H])c([H])c([H])c4OC([H])([H])[H])nc([H])c3[H])c([H])nn2C([H])=C1[H],-1,-0.51302874,-0.037611686,-66.24587701685199,38.592158408447865,0.0153122395,0.017205518,0.016258879,0.045957983,0.21180591,0.12888195,-1193868.5920204732,2.553917171433568,-1193857.9929356468,-1193863.7873859804
S2-18.9,product,[H]c1nc(N([H])c2c([H])c(N([H])C(=O)[C:91]([H])([H])[C:92]([H])(C([H])([H])N(C([H])([H])[H])C([H])([H])[H])[S:93]C([H])([H])[H])c([H])c([H])c2OC([H])([H])[H])nc(-c2c([H])nn3c([H])c([H])c([H])c([H])c23)c1[H],0,-0.12528516,-0.05076799,-142.91059862685432,-22.7330255831683,-0.025626352,-0.02371968,-0.024673015,-0.000613451,-0.0011386871,-0.00087606907,-1194237.554757563,3.7946478370577097,-1194226.0604516272,-1194232.5287567994
S2-18.10,reactant,[H]c1nc(N([H])c2c([H])c(N([H])C(=O)/[C:91]([H])=[C:92](\[H])C([H])([H])N(C([H])([H])[H])C([H])([H])[H])c([H])c([H])c2OC([H])([H])[H])nc(-c2c([H])nn3c([H])c([H])c([H])c([H])c23)c1[H],0,-0.16701189,-0.11185378,-152.29916022900258,-20.137556288787522,-0.017242022,-0.011012912,-0.014127467,0.0068042427,0.0005066991,0.003655471,-918873.9517520189,4.223536254838109,-918865.4072459107,-918870.5019534088
S2-18.10,intermediate,[H]C1=C([H])c2c(-c3nc(N([H])c4c([H])c(N([H])C(=O)[C-:91]([H])[C:92]([H])(C([H])([H])N(C([H])([H])[H])C([H])([H])[H])[S:93]C([H])([H])[H])c([H])c([H])c4OC([H])([H])[H])nc([H])c3[H])c([H])nn2C([H])=C1[H],-1,-0.45543683,-0.050320815,-64.4105720453377,39.70598377749408,0.014640186,0.015701842,0.015171014,0.05298847,0.20820989,0.13059917,-1193868.3698832355,1.7539585437625647,-1193856.158604758,-1193863.311565213
S2-18.10,product,[H]c1nc(N([H])c2c([H])c(N([H])C(=O)[C:91]([H])([H])[C:92]([H])(C([H])([H])N(C([H])([H])[H])C([H])([H])[H])[S:93]C([H])([H])[H])c([H])c([H])c2OC([H])([H])[H])nc(-c2c([H])nn3c([H])c([H])c([H])c([H])c23)c1[H],0,-0.13494875,-0.03865933,-141.20432839331895,-15.030717147399638,-0.036641616,-0.03808951,-0.037365563,0.003263563,0.0014887154,0.0023761392,-1194237.1342343073,4.693335453048348,-1194225.5468205386,-1194232.8339072063
S2-41.1,reactant,[H]c1nc(N([H])c2nn(C([H])([H])[H])c(N([H])C(=O)[C:91]([H])=[C:92]([H])[H])c2[H])nc(-c2c([H])nn3c([H])c([H])c([H])c([H])c23)c1Cl,0,-0.13011795,-0.27279067,-159.22799589042404,-24.55805101364196,0.03913611,0.02843596,0.033786036,-0.0021485388,-0.008786693,-0.005467616,-1047482.590268168,2.2567494697868824,-1047476.0004849858,-1047479.5136385876
S2-41.1,intermediate,[H]C1=C([H])c2c(-c3nc(N([H])c4nn(C([H])([H])[H])c(N([H])C(=O)[C-:91]([H])[C:92]([H])([H])[S:93]C([H])([H])[H])c4[H])nc([H])c3Cl)c([H])nn2C([H])=C1[H],-1,-0.44111204,-0.10541216,-77.85017003232615,41.20137155869074,-0.007880017,0.011561982,0.0018409826,0.0348759,0.19104838,0.11296214,-1322493.705687699,3.389127830043435,-1322483.040370722,-1322487.3462757312
S2-41.1,product,[H]c1nc(N([H])c2nn(C([H])([H])[H])c(N([H])C(=O)[C:91]([H])([H])[C:92]([H])([H])[S:93]C([H])([H])[H])c2[H])nc(-c2c([H])nn3c([H])c([H])c([H])c([H])c23)c1Cl,0,-0.12586549,-0.10206587,-156.12542705062822,-23.70889421071117,-0.029443055,-0.0300572,-0.029750127,0.0033206344,-0.0050163865,-0.0008478761,-1322850.5427367047,13.813345147296786,-1322837.4965625568,-1322841.0249597444
S2-41.2,reactant,[H]c1nc(N([H])c2nn(C([H])([H])[H])c(N([H])C(=O)[C:91]([H])=[C:92]([H])[H])c2[H])nc(-c2c([H])nn3c([H])c([H])c([H])c([H])c23)c1Cl,0,-0.13759033,-0.27068865,-160.41115771649717,-24.7245010676088,0.03263119,0.025250882,0.028941035,-0.00020509958,-0.010200217,-0.0052026585,-1047485.2726882289,2.181988062337041,-1047478.6594542095,-1047481.8320742992
S2-41.2,intermediate,[H]C1=C([H])c2c(-c3nc(N([H])c4nn(C([H])([H])[H])c(N([H])C(=O)[C-:91]([H])[C:92]([H])([H])[S:93]C([H])([H])[H])c4[H])nc([H])c3Cl)c([H])nn2C([H])=C1[H],-1,-0.43765575,-0.113881946,-78.35547321264161,40.45259375837743,0.005233735,0.015800193,0.010516964,0.04552439,0.23592028,0.14072233,-1322490.2464361354,3.9980635065585375,-1322480.5928494364,-1322485.005936341
S2-41.2,product,[H]c1nc(N([H])c2nn(C([H])([H])[H])c(N([H])C(=O)[C:91]([H])([H])[C:92]([H])([H])[S:93]C([H])([H])[H])c2[H])nc(-c2c([H])nn3c([H])c([H])c([H])c([H])c23)c1Cl,0,-0.13908291,-0.11125961,-154.82373907426071,-21.14031964245338,-0.019921824,-0.021066055,-0.02049394,0.0019972324,-0.0020308942,-1.6830862e-05,-1322846.485246165,2.821874713525176,-1322837.4772307717,-1322841.4731589512
S2-41.3,reactant,[H]c1nc(N([H])c2nn(C([H])([H])[H])c(N([H])C(=O)[C:91]([H])=[C:92]([H])[H])c2[H])nc(-c2c([H])nn3c([H])c([H])c([H])c([H])c23)c1Cl,0,-0.14051767,-0.27144852,-160.4626840130871,-23.57789283663897,0.03333187,0.025167003,0.029249437,-0.0002940148,-0.009686276,-0.0049901456,-1047479.8500288773,2.2981010545045137,-1047470.3874370193,-1047476.1459517477
S2-41.3,intermediate,[H]C1=C([H])c2c(-c3nc(N([H])c4nn(C([H])([H])[H])c(N([H])C(=O)[C-:91]([H])[C:92]([H])([H])[S:93]C([H])([H])[H])c4[H])nc([H])c3Cl)c([H])nn2C([H])=C1[H],-1,-0.40828523,-0.120065674,-78.71548729941391,39.71412981887766,0.008182868,0.01984211,0.0140124895,0.028263569,0.2229733,0.12561843,-1322487.978286908,4.442721383646131,-1322476.6888466845,-1322482.7801271232
S2-41.3,product,[H]c1nc(N([H])c2nn(C([H])([H])[H])c(N([H])C(=O)[C:91]([H])([H])[C:92]([H])([H])[S:93]C([H])([H])[H])c2[H])nc(-c2c([H])nn3c([H])c([H])c([H])c([H])c23)c1Cl,0,-0.11674558,-0.096666135,-154.0363259485317,-22.202377126312708,-0.036873817,-0.03861571,-0.037744764,0.013907425,0.0012884066,0.007597916,-1322845.035581841,1.9514497462660074,-1322837.2145669986,-1322841.6560699523
S2-41.4,reactant,[H]c1nc(N([H])c2nn(C([H])([H])[H])c(N([H])C(=O)[C:91]([H])=[C:92]([H])[H])c2[H])nc(-c2c([H])nn3c([H])c([H])c([H])c([H])c23)c1Cl,0,-0.13755591,-0.2706761,-160.41108716585092,-24.69843985191077,0.03255868,0.025229052,0.028893866,-0.00036604702,-0.010228589,-0.005297318,-1047485.2652272874,2.239143490791321,-1047478.5824910722,-1047481.7856468231
S2-41.4,intermediate,[H]C1=C([H])c2c(-c3nc(N([H])c4nn(C([H])([H])[H])c(N([H])C(=O)[C-:91]([H])[C:92]([H])([H])[S:93]C([H])([H])[H])c4[H])nc([H])c3Cl)c([H])nn2C([H])=C1[H],-1,-0.49200675,-0.102596596,-72.39335936606976,48.90951535167318,-0.0026504323,0.012070261,0.0047099143,0.01814112,0.20860916,0.11337514,-1322486.5808507092,2.4709599260240793,-1322476.1200898846,-1322480.2554680887
S2-41.4,product,[H]c1nc(N([H])c2nn(C([H])([H])[H])c(N([H])C(=O)[C:91]([H])([H])[C:92]([H])([H])[S:93]C([H])([H])[H])c2[H])nc(-c2c([H])nn3c([H])c([H])c([H])c([H])c23)c1Cl,0,-0.11694105,-0.09706763,-156.72648504219575,-20.38442684211829,-0.03500446,-0.03671094,-0.0358577,0.0060233474,-0.0058361143,9.3616545e-05,-1322847.897283872,3.7384912837296724,-1322839.9573665115,-1322844.0762052455
S2-41.5,reactant,[H]c1nc(N([H])c2nn(C([H])([H])[H])c(N([H])C(=O)[C:91]([H])=[C:92]([H])[H])c2[H])nc(-c2c([H])nn3c([H])c([H])c([H])c([H])c23)c1Cl,0,-0.1402502,-0.26804367,-158.5385020439881,-22.729252503982824,0.052032232,0.03857003,0.045301132,0.0058808625,-0.014360085,-0.0042396113,-1047486.356820853,2.513411605730653,-1047479.4284676755,-1047482.9590348107
S2-41.5,intermediate,[H]C1=C([H])c2c(-c3nc(N([H])c4nn(C([H])([H])[H])c(N([H])C(=O)[C-:91]([H])[C:92]([H])([H])[S:93]C([H])([H])[H])c4[H])nc([H])c3Cl)c([H])nn2C([H])=C1[H],-1,-0.47630727,-0.10073012,-75.26020538753676,41.50657650721464,-0.0024935976,0.011993147,0.004749775,0.027686834,0.20224404,0.11496544,-1322490.814897029,2.8473860044032335,-1322477.522629459,-1322484.0507563245
S2-41.5,product,[H]c1nc(N([H])c2nn(C([H])([H])[H])c(N([H])C(=O)[C:91]([H])([H])[C:92]([H])([H])[S:93]C([H])([H])[H])c2[H])nc(-c2c([H])nn3c([H])c([H])c([H])c([H])c23)c1Cl,0,-0.12474999,-0.10081101,-152.89274962401677,-18.664477907654373,-0.0315995,-0.03350409,-0.032551795,0.00531967,-0.0046789795,0.00032034516,-1322844.112858474,2.983616802841425,-1322834.0040644398,-1322839.5444387817
S2-41.6,reactant,[H]c1nc(N([H])c2nn(C([H])([H])[H])c(N([H])C(=O)[C:91]([H])=[C:92]([H])[H])c2[H])nc(-c2c([H])nn3c([H])c([H])c([H])c([H])c23)c1Cl,0,-0.14059733,-0.2714547,-158.07339688617103,-22.76277536378842,0.033527106,0.024835825,0.029181466,-4.0456653e-05,-0.009622976,-0.0048317164,-1047477.9012318832,2.473149312660098,-1047470.421872722,-1047473.8961322436
S2-41.6,intermediate,[H]C1=C([H])c2c(-c3nc(N([H])c4nn(C([H])([H])[H])c(N([H])C(=O)[C-:91]([H])[C:92]([H])([H])[S:93]C([H])([H])[H])c4[H])nc([H])c3Cl)c([H])nn2C([H])=C1[H],-1,-0.44269663,-0.11172866,-78.83498542263064,39.113258946692696,0.0064009503,0.016019039,0.011209995,0.029690176,0.22087558,0.12528288,-1322494.1141207542,3.0519573017954826,-1322485.2844869073,-1322489.1511883712
S2-41.6,product,[H]c1nc(N([H])c2nn(C([H])([H])[H])c(N([H])C(=O)[C:91]([H])([H])[C:92]([H])([H])[S:93]C([H])([H])[H])c2[H])nc(-c2c([H])nn3c([H])c([H])c([H])c([H])c23)c1Cl,0,-0.12893431,-0.109601386,-153.0961485681853,-22.761705462825443,-0.019214302,-0.017699622,-0.018456962,0.0035291016,-0.0003745854,0.0015772581,-1322847.4174134794,2.6151466947048903,-1322836.8971177167,-1322843.211908007
S2-41.7,reactant,[H]c1nc(N([H])c2nn(C([H])([H])[H])c(N([H])C(=O)[C:91]([H])=[C:92]([H])[H])c2[H])nc(-c2c([H])nn3c([H])c([H])c([H])c([H])c23)c1Cl,0,-0.1404141,-0.26787,-158.5606050901732,-22.709444603160676,0.05228588,0.038606495,0.045446187,0.0059630573,-0.014331743,-0.004184343,-1047486.3698769967,2.3120913077145815,-1047480.498918442,-1047483.0319418164
S2-41.7,intermediate,[H]C1=C([H])c2c(-c3nc(N([H])c4nn(C([H])([H])[H])c(N([H])C(=O)[C-:91]([H])[C:92]([H])([H])[S:93]C([H])([H])[H])c4[H])nc([H])c3Cl)c([H])nn2C([H])=C1[H],-1,-0.4604507,-0.11026259,-75.96545560458671,43.119290679727506,0.011220872,0.018542558,0.014881715,0.03905663,0.23260763,0.13583213,-1322487.549964279,8.073778863996267,-1322478.27947147,-1322481.427801525
S2-41.7,product,[H]c1nc(N([H])c2nn(C([H])([H])[H])c(N([H])C(=O)[C:91]([H])([H])[C:92]([H])([H])[S:93]C([H])([H])[H])c2[H])nc(-c2c([H])nn3c([H])c([H])c([H])c([H])c23)c1Cl,0,-0.12906556,-0.10953865,-152.98686549249422,-22.439045083465594,-0.018298507,-0.017061554,-0.01768003,0.0033635944,-0.00059475005,0.0013844222,-1322847.4214061142,2.539180662482977,-1322837.1944085744,-1322843.169470167
S2-41.8,reactant,[H]c1nc(N([H])c2nn(C([H])([H])[H])c(N([H])C(=O)[C:91]([H])=[C:92]([H])[H])c2[H])nc(-c2c([H])nn3c([H])c([H])c([H])c([H])c23)c1Cl,0,-0.13983135,-0.27157363,-160.69403231416263,-23.74777816643256,0.03334728,0.025286034,0.029316656,-0.0013370812,-0.010179549,-0.0057583153,-1047479.9859804237,2.6339176036417484,-1047473.3406904698,-1047476.0784460204
S2-41.8,intermediate,[H]C1=C([H])c2c(-c3nc(N([H])c4nn(C([H])([H])[H])c(N([H])C(=O)[C-:91]([H])[C:92]([H])([H])[S:93]C([H])([H])[H])c4[H])nc([H])c3Cl)c([H])nn2C([H])=C1[H],-1,-0.44344485,-0.1097553,-75.28100419644407,39.122577296840234,-0.004844621,0.011694573,0.003424976,0.04282534,0.22041367,0.13161951,-1322486.650568784,2.985415069386363,-1322477.4652583874,-1322481.5413943862
S2-41.8,product,[H]c1nc(N([H])c2nn(C([H])([H])[H])c(N([H])C(=O)[C:91]([H])([H])[C:92]([H])([H])[S:93]C([H])([H])[H])c2[H])nc(-c2c([H])nn3c([H])c([H])c([H])c([H])c23)c1Cl,0,-0.13216624,-0.09677358,-156.27590737614614,-22.525409805820072,-0.032200687,-0.03237933,-0.032290008,0.002085179,-0.004850939,-0.0013828799,-1322851.3317868374,12.863001856952906,-1322837.3858630618,-1322840.8578732053
S2-41.9,reactant,[H]c1nc(N([H])c2nn(C([H])([H])[H])c(N([H])C(=O)[C:91]([H])=[C:92]([H])[H])c2[H])nc(-c2c([H])nn3c([H])c([H])c([H])c([H])c23)c1Cl,0,-0.14041628,-0.2714759,-160.4528198336993,-23.55876992940986,0.03336677,0.025199428,0.029283099,-0.00045882165,-0.009763405,-0.005111113,-1047479.7872880937,2.2794241905212402,-1047470.0428080743,-1047475.9922850814
S2-41.9,intermediate,[H]C1=C([H])c2c(-c3nc(N([H])c4nn(C([H])([H])[H])c(N([H])C(=O)[C-:91]([H])[C:92]([H])([H])[S:93]C([H])([H])[H])c4[H])nc([H])c3Cl)c([H])nn2C([H])=C1[H],-1,-0.43969378,-0.104993455,-77.83917401470401,41.598164092017576,-0.0065811276,0.013293147,0.0033560097,0.040768147,0.19806671,0.11941743,-1322489.4247423953,3.8245391100645065,-1322477.408036023,-1322483.3298588656
S2-41.9,product,[H]c1nc(N([H])c2nn(C([H])([H])[H])c(N([H])C(=O)[C:91]([H])([H])[C:92]([H])([H])[S:93]C([H])([H])[H])c2[H])nc(-c2c([H])nn3c([H])c([H])c([H])c([H])c23)c1Cl,0,-0.12894502,-0.10939447,-152.97807591195357,-22.45732999430128,-0.0183248,-0.017075323,-0.017700061,0.0034308434,-0.0005070418,0.0014619008,-1322847.4259950116,2.821932543069124,-1322839.4836608672,-1322843.2581275739
S2-41.10,reactant,[H]c1nc(N([H])c2nn(C([H])([H])[H])c(N([H])C(=O)[C:91]([H])=[C:92]([H])[H])c2[H])nc(-c2c([H])nn3c([H])c([H])c([H])c([H])c23)c1Cl,0,-0.13021202,-0.2729378,-159.2572047064689,-24.58887281723446,0.039146006,0.02846317,0.033804588,-0.0020503253,-0.008804977,-0.005427651,-1047482.5901650109,1.9505067933350801,-1047474.5879116027,-1047479.5934088565
S2-41.10,intermediate,[H]C1=C([H])c2c(-c3nc(N([H])c4nn(C([H])([H])[H])c(N([H])C(=O)[C-:91]([H])[C:92]([H])([H])[S:93]C([H])([H])[H])c4[H])nc([H])c3Cl)c([H])nn2C([H])=C1[H],-1,-0.44112453,-0.10546544,-77.81027243833749,41.24033824979169,-0.007903375,0.01154539,0.0018210076,0.034785777,0.190788,0.11278689,-1322493.704037084,3.378380112349987,-1322482.2589077877,-1322487.3406588868
S2-41.10,product,[H]c1nc(N([H])c2nn(C([H])([H])[H])c(N([H])C(=O)[C:91]([H])([H])[C:92]([H])([H])[S:93]C([H])([H])[H])c2[H])nc(-c2c([H])nn3c([H])c([H])c([H])c([H])c23)c1Cl,0,-0.12839085,-0.109752774,-155.36011695464111,-19.682014726980572,-0.019309074,-0.018009841,-0.018659458,0.0037575066,-0.0008147061,0.0014714003,-1322850.809614067,10.15287696570158,-1322839.815147327,-1322843.9451485043
S2-16.1,reactant,[H]c1nc(N([H])c2c([H])c(N([H])C(=O)/[C:91]([H])=[C:92](\[H])C([H])([H])N(C([H])([H])[H])C([H])([H])[H])c([H])c([H])c2OC([H])([H])[H])nc(-c2c([H])nn3c([H])c([H])c([H])c([H])c23)c1[H],0,-0.15650633,-0.11083251,-148.50691469240738,-26.14739442450893,-0.0044627786,-0.005926855,-0.0051948167,0.009075016,-0.0012495518,0.003912732,-918872.6072666199,2.1876653004437685,-918863.794210313,-918869.4746140685
S2-16.1,intermediate,[H]C1=C([H])c2c(-c3nc(N([H])c4c([H])c(N([H])C(=O)[C-:91]([H])[C:92]([H])(C([H])([H])N(C([H])([H])[H])C([H])([H])[H])[S:93]C([H])([H])[H])c([H])c([H])c4OC([H])([H])[H])nc([H])c3[H])c([H])nn2C([H])=C1[H],-1,-0.47998804,-0.036154866,-63.709870228162224,40.694877757443706,-0.012468681,-0.0003341213,-0.006401401,0.06357932,0.21976009,0.1416697,-1193867.7307138187,3.55074224434793,-1193856.2123109861,-1193862.5635692077
S2-16.1,product,[H]c1nc(N([H])c2c([H])c(N([H])C(=O)[C:91]([H])([H])[C:92]([H])(C([H])([H])N(C([H])([H])[H])C([H])([H])[H])[S:93]C([H])([H])[H])c([H])c([H])c2OC([H])([H])[H])nc(-c2c([H])nn3c([H])c([H])c([H])c([H])c23)c1[H],0,-0.1411293,-0.06679548,-144.07534456174548,-25.19038277247423,-0.0268117,-0.026093967,-0.026452834,-0.0017427951,-0.0033349842,-0.0025388896,-1194238.3673707673,6.848098797723651,-1194228.1984930343,-1194233.8318602177
S2-16.2,reactant,[H]c1nc(N([H])c2c([H])c(N([H])C(=O)/[C:91]([H])=[C:92](\[H])C([H])([H])N(C([H])([H])[H])C([H])([H])[H])c([H])c([H])c2OC([H])([H])[H])nc(-c2c([H])nn3c([H])c([H])c([H])c([H])c23)c1[H],0,-0.15679054,-0.12506971,-149.14203543703212,-25.349033094742637,0.024178505,0.024191484,0.024184994,-0.01443772,-0.018557757,-0.016497739,-918875.2859649069,1.7919268105179071,-918866.6140831037,-918872.8495172556
S2-16.2,intermediate,[H]C1=C([H])c2c(-c3nc(N([H])c4c([H])c(N([H])C(=O)[C-:91]([H])[C:92]([H])(C([H])([H])N(C([H])([H])[H])C([H])([H])[H])[S:93]C([H])([H])[H])c([H])c([H])c4OC([H])([H])[H])nc([H])c3[H])c([H])nn2C([H])=C1[H],-1,-0.41893855,-0.050894342,-66.94253481365536,39.380417526319164,0.011071328,0.013647847,0.0123595875,0.039783448,0.20023203,0.12000774,-1193870.420957611,3.5089885760098696,-1193859.1108904772,-1193865.4092581673
S2-16.2,product,[H]c1nc(N([H])c2c([H])c(N([H])C(=O)[C:91]([H])([H])[C:92]([H])(C([H])([H])N(C([H])([H])[H])C([H])([H])[H])[S:93]C([H])([H])[H])c([H])c([H])c2OC([H])([H])[H])nc(-c2c([H])nn3c([H])c([H])c([H])c([H])c23)c1[H],0,-0.121678315,-0.056116834,-142.87837533765085,-23.695152209069505,-0.021277245,-0.019590914,-0.02043408,-0.0032535344,-0.0040983036,-0.003675919,-1194236.7126221529,2.154988970607519,-1194226.8794886642,-1194233.472830887
S2-16.3,reactant,[H]c1nc(N([H])c2c([H])c(N([H])C(=O)/[C:91]([H])=[C:92](\[H])C([H])([H])N(C([H])([H])[H])C([H])([H])[H])c([H])c([H])c2OC([H])([H])[H])nc(-c2c([H])nn3c([H])c([H])c([H])c([H])c23)c1[H],0,-0.17464943,-0.08788263,-148.8948146744653,-23.76087603327127,-0.0018614754,-0.0006352514,-0.0012483634,0.017109692,-0.0024303943,0.007339649,-918873.479346844,2.45720867626369,-918866.0582177502,-918871.0134980121
S2-16.3,intermediate,[H]C1=C([H])c2c(-c3nc(N([H])c4c([H])c(N([H])C(=O)[C-:91]([H])[C:92]([H])(C([H])([H])N(C([H])([H])[H])C([H])([H])[H])[S:93]C([H])([H])[H])c([H])c([H])c4OC([H])([H])[H])nc([H])c3[H])c([H])nn2C([H])=C1[H],-1,-0.46881622,-0.019408936,-63.01704678471918,40.70500588060533,-0.0060616108,0.0004345514,-0.0028135297,0.028711617,0.18666261,0.107687116,-1193861.0283118337,2.325849276036024,-1193847.4963924864,-1193855.2212070948
S2-16.3,product,[H]c1nc(N([H])c2c([H])c(N([H])C(=O)[C:91]([H])([H])[C:92]([H])(C([H])([H])N(C([H])([H])[H])C([H])([H])[H])[S:93]C([H])([H])[H])c([H])c([H])c2OC([H])([H])[H])nc(-c2c([H])nn3c([H])c([H])c([H])c([H])c23)c1[H],0,-0.12503909,-0.050353177,-148.49345258660716,-18.50487778659773,-0.03673674,-0.038074866,-0.037405804,-0.0023152605,-0.0042933077,-0.003304284,-1194239.140714575,4.066071085631847,-1194226.4169356665,-1194234.274540912
S2-16.4,reactant,[H]c1nc(N([H])c2c([H])c(N([H])C(=O)/[C:91]([H])=[C:92](\[H])C([H])([H])N(C([H])([H])[H])C([H])([H])[H])c([H])c([H])c2OC([H])([H])[H])nc(-c2c([H])nn3c([H])c([H])c([H])c([H])c23)c1[H],0,-0.15012647,-0.13918173,-150.38966909370927,-26.378412404041267,0.002689287,0.0030400455,0.0028646663,-0.011889234,-0.012460187,-0.012174711,-918874.3047343816,1.6674553789198399,-918865.26071695,-918871.3914126288
S2-16.4,intermediate,[H]C1=C([H])c2c(-c3nc(N([H])c4c([H])c(N([H])C(=O)[C-:91]([H])[C:92]([H])(C([H])([H])N(C([H])([H])[H])C([H])([H])[H])[S:93]C([H])([H])[H])c([H])c([H])c4OC([H])([H])[H])nc([H])c3[H])c([H])nn2C([H])=C1[H],-1,-0.3986324,-0.057556313,-64.12442448366802,54.471634993516865,-0.00077217445,0.009711139,0.004469482,0.020809203,0.15956311,0.09018616,-1193871.2914135598,3.191296484321356,-1193856.2888214188,-1193864.2338785296
S2-16.4,product,[H]c1nc(N([H])c2c([H])c(N([H])C(=O)[C:91]([H])([H])[C:92]([H])(C([H])([H])N(C([H])([H])[H])C([H])([H])[H])[S:93]C([H])([H])[H])c([H])c([H])c2OC([H])([H])[H])nc(-c2c([H])nn3c([H])c([H])c([H])c([H])c23)c1[H],0,-0.14431877,-0.06855762,-145.49941006767583,-23.435694818494937,-0.02939231,-0.028043762,-0.028718036,-0.0016289204,-0.003032431,-0.0023306757,-1194239.2199471798,6.554530194029212,-1194227.8067272664,-1194234.3844543076
S2-16.5,reactant,[H]c1nc(N([H])c2c([H])c(N([H])C(=O)/[C:91]([H])=[C:92](\[H])C([H])([H])N(C([H])([H])[H])C([H])([H])[H])c([H])c([H])c2OC([H])([H])[H])nc(-c2c([H])nn3c([H])c([H])c([H])c([H])c23)c1[H],0,-0.17710526,-0.088812426,-146.7460575446893,-25.682520636857983,0.018242508,0.01340159,0.01582205,0.005547762,-0.006023273,-0.00023775548,-918873.0214629142,1.8020468950271606,-918865.6447022813,-918870.6821872581
S2-16.5,intermediate,[H]C1=C([H])c2c(-c3nc(N([H])c4c([H])c(N([H])C(=O)[C-:91]([H])[C:92]([H])(C([H])([H])N(C([H])([H])[H])C([H])([H])[H])[S:93]C([H])([H])[H])c([H])c([H])c4OC([H])([H])[H])nc([H])c3[H])c([H])nn2C([H])=C1[H],-1,-0.5016023,-0.017146207,-64.11934346463646,40.54410901079793,0.013617022,0.013165344,0.013391183,0.03175962,0.19958615,0.11567289,-1193868.054219361,2.8206273522228003,-1193856.3341144496,-1193862.650650783
S2-16.5,product,[H]c1nc(N([H])c2c([H])c(N([H])C(=O)[C:91]([H])([H])[C:92]([H])(C([H])([H])N(C([H])([H])[H])C([H])([H])[H])[S:93]C([H])([H])[H])c([H])c([H])c2OC([H])([H])[H])nc(-c2c([H])nn3c([H])c([H])c([H])c([H])c23)c1[H],0,-0.14234391,-0.070045836,-145.81085152446587,-24.910489884591957,-0.03453798,-0.031635255,-0.033086617,-0.0012997538,-0.0025717467,-0.0019357502,-1194240.3894270696,2.605592342093587,-1194231.1633288222,-1194236.7691209908
S2-16.6,reactant,[H]c1nc(N([H])c2c([H])c(N([H])C(=O)/[C:91]([H])=[C:92](\[H])C([H])([H])N(C([H])([H])[H])C([H])([H])[H])c([H])c([H])c2OC([H])([H])[H])nc(-c2c([H])nn3c([H])c([H])c([H])c([H])c23)c1[H],0,-0.17647992,-0.088102646,-148.98147675934723,-23.505831902603255,0.012959532,0.008915924,0.010937728,0.00595434,-0.005266309,0.00034401566,-918873.5887338021,1.1952999420464039,-918864.0119805833,-918871.4576763904
S2-16.6,intermediate,[H]C1=C([H])c2c(-c3nc(N([H])c4c([H])c(N([H])C(=O)[C-:91]([H])[C:92]([H])(C([H])([H])N(C([H])([H])[H])C([H])([H])[H])[S:93]C([H])([H])[H])c([H])c([H])c4OC([H])([H])[H])nc([H])c3[H])c([H])nn2C([H])=C1[H],-1,-0.4681374,-0.0482414,-65.56343766976366,43.03454564014805,0.015553303,0.015446231,0.015499767,0.06242469,0.21505955,0.13874212,-1193869.3227077986,2.838945707306266,-1193857.047033439,-1193863.247348545
S2-16.6,product,[H]c1nc(N([H])c2c([H])c(N([H])C(=O)[C:91]([H])([H])[C:92]([H])(C([H])([H])N(C([H])([H])[H])C([H])([H])[H])[S:93]C([H])([H])[H])c([H])c([H])c2OC([H])([H])[H])nc(-c2c([H])nn3c([H])c([H])c([H])c([H])c23)c1[H],0,-0.13711795,-0.050803833,-141.7303563437597,-18.83959421745906,-0.0369101,-0.03807199,-0.037491046,0.00031673908,-0.0017354488,-0.0007093549,-1194236.4236367662,4.794992947950959,-1194225.2230385307,-1194232.103433387
S2-16.7,reactant,[H]c1nc(N([H])c2c([H])c(N([H])C(=O)/[C:91]([H])=[C:92](\[H])C([H])([H])N(C([H])([H])[H])C([H])([H])[H])c([H])c([H])c2OC([H])([H])[H])nc(-c2c([H])nn3c([H])c([H])c([H])c([H])c23)c1[H],0,-0.15267152,-0.10928227,-150.03758412818772,-26.619281341636476,-0.0036165938,-0.0072982237,-0.0054574087,0.007519424,-0.0031794459,0.002169989,-918874.4838183364,2.228834506124258,-918865.6872309624,-918871.5332534118
S2-16.7,intermediate,[H]C1=C([H])c2c(-c3nc(N([H])c4c([H])c(N([H])C(=O)[C-:91]([H])[C:92]([H])(C([H])([H])N(C([H])([H])[H])C([H])([H])[H])[S:93]C([H])([H])[H])c([H])c([H])c4OC([H])([H])[H])nc([H])c3[H])c([H])nn2C([H])=C1[H],-1,-0.51298326,-0.037524648,-65.31670689404923,38.751836314144036,0.015780684,0.0179624,0.016871542,0.043866932,0.20472199,0.12429446,-1193868.9957524976,2.266583362594247,-1193858.573437766,-1193864.5295354838
S2-16.7,product,[H]c1nc(N([H])c2c([H])c(N([H])C(=O)[C:91]([H])([H])[C:92]([H])(C([H])([H])N(C([H])([H])[H])C([H])([H])[H])[S:93]C([H])([H])[H])c([H])c([H])c2OC([H])([H])[H])nc(-c2c([H])nn3c([H])c([H])c([H])c([H])c23)c1[H],0,-0.1466127,-0.04159119,-144.61835008670772,-25.11483449594758,-0.03932538,-0.039507337,-0.039416358,0.0060815215,0.003998205,0.0050398633,-1194238.5092984552,3.5122055113315582,-1194228.9613707976,-1194234.9656677986
S2-16.8,reactant,[H]c1nc(N([H])c2c([H])c(N([H])C(=O)/[C:91]([H])=[C:92](\[H])C([H])([H])N(C([H])([H])[H])C([H])([H])[H])c([H])c([H])c2OC([H])([H])[H])nc(-c2c([H])nn3c([H])c([H])c([H])c([H])c23)c1[H],0,-0.12981157,-0.09934225,-149.4997993399732,-24.02924151593508,0.009330779,0.010751657,0.010041218,-0.0069930106,-0.023720756,-0.015356883,-918871.0328287224,1.8243156503885984,-918864.1293185106,-918868.7696021799
S2-16.8,intermediate,[H]C1=C([H])c2c(-c3nc(N([H])c4c([H])c(N([H])C(=O)[C-:91]([H])[C:92]([H])(C([H])([H])N(C([H])([H])[H])C([H])([H])[H])[S:93]C([H])([H])[H])c([H])c([H])c4OC([H])([H])[H])nc([H])c3[H])c([H])nn2C([H])=C1[H],-1,-0.4556471,-0.05121051,-64.37723944757583,42.42636552010384,0.0032121763,0.011496406,0.007354291,0.04734516,0.19884464,0.1230949,-1193866.3498270796,5.623732278123498,-1193853.6475862016,-1193859.5394378598
S2-16.8,product,[H]c1nc(N([H])c2c([H])c(N([H])C(=O)[C:91]([H])([H])[C:92]([H])(C([H])([H])N(C([H])([H])[H])C([H])([H])[H])[S:93]C([H])([H])[H])c([H])c([H])c2OC([H])([H])[H])nc(-c2c([H])nn3c([H])c([H])c([H])c([H])c23)c1[H],0,-0.13762455,-0.059725698,-144.48769953916207,-22.260473892863338,-0.030931318,-0.032773513,-0.031852417,0.004165396,0.0026521683,0.0034087822,-1194240.3183040933,2.7527939565479755,-1194229.9802430386,-1194236.690875488
S2-16.9,reactant,[H]c1nc(N([H])c2c([H])c(N([H])C(=O)/[C:91]([H])=[C:92](\[H])C([H])([H])N(C([H])([H])[H])C([H])([H])[H])c([H])c([H])c2OC([H])([H])[H])nc(-c2c([H])nn3c([H])c([H])c([H])c([H])c23)c1[H],0,-0.15813802,-0.12865911,-154.93175361115738,-22.35742356067635,-0.012227483,-0.0072941333,-0.009760808,-0.011971757,-0.008721963,-0.01034686,-918875.5386504175,2.5469950791448355,-918867.3788341996,-918872.3313486085
S2-16.9,intermediate,[H]C1=C([H])c2c(-c3nc(N([H])c4c([H])c(N([H])C(=O)[C-:91]([H])[C:92]([H])(C([H])([H])N(C([H])([H])[H])C([H])([H])[H])[S:93]C([H])([H])[H])c([H])c([H])c4OC([H])([H])[H])nc([H])c3[H])c([H])nn2C([H])=C1[H],-1,-0.5159169,-0.017967485,-64.92694624146665,43.79786209899497,0.01290358,0.0113638975,0.012133739,0.034650743,0.21349394,0.12407234,-1193866.1853290913,2.6940535251051188,-1193854.4027469628,-1193860.9330913026
S2-16.9,product,[H]c1nc(N([H])c2c([H])c(N([H])C(=O)[C:91]([H])([H])[C:92]([H])(C([H])([H])N(C([H])([H])[H])C([H])([H])[H])[S:93]C([H])([H])[H])c([H])c([H])c2OC([H])([H])[H])nc(-c2c([H])nn3c([H])c([H])c([H])c([H])c23)c1[H],0,-0.1384906,-0.05169617,-142.56537853471934,-22.07731133266112,-0.039407812,-0.040374342,-0.03989108,0.0038352758,0.0015403777,0.0026878268,-1194235.239626784,6.608275378122926,-1194225.6737778324,-1194230.7618646622
S2-16.10,reactant,[H]c1nc(N([H])c2c([H])c(N([H])C(=O)/[C:91]([H])=[C:92](\[H])C([H])([H])N(C([H])([H])[H])C([H])([H])[H])c([H])c([H])c2OC([H])([H])[H])nc(-c2c([H])nn3c([H])c([H])c([H])c([H])c23)c1[H],0,-0.16843489,-0.099581346,-152.27452550178026,-19.13078983746671,-0.017674826,-0.013430409,-0.015552618,0.006477624,0.00028897822,0.0033833012,-918875.1941216453,5.182792766019702,-918864.1100983581,-918870.540721987
S2-16.10,intermediate,[H]C1=C([H])c2c(-c3nc(N([H])c4c([H])c(N([H])C(=O)[C-:91]([H])[C:92]([H])(C([H])([H])N(C([H])([H])[H])C([H])([H])[H])[S:93]C([H])([H])[H])c([H])c([H])c4OC([H])([H])[H])nc([H])c3[H])c([H])nn2C([H])=C1[H],-1,-0.43444568,-0.010974876,-66.64455357690102,53.43279268121872,-0.009822337,-0.0042030606,-0.007012699,0.016256958,0.1498988,0.08307788,-1193872.144532337,4.430050479248166,-1193859.1260154617,-1193865.5981684022
S2-16.10,product,[H]c1nc(N([H])c2c([H])c(N([H])C(=O)[C:91]([H])([H])[C:92]([H])(C([H])([H])N(C([H])([H])[H])C([H])([H])[H])[S:93]C([H])([H])[H])c([H])c([H])c2OC([H])([H])[H])nc(-c2c([H])nn3c([H])c([H])c([H])c([H])c23)c1[H],0,-0.15091161,-0.044038977,-145.26449893161583,-24.852245180915464,-0.03407369,-0.036618467,-0.03534608,0.0047876537,0.002456069,0.0036218613,-1194234.9832775667,5.719382181763649,-1194225.3370191373,-1194231.2033742336
S2-43.1,reactant,[H]c1nc(N([H])c2c([H])c([H])c([H])c(N([H])C(=O)[C:91]([H])=[C:92]([H])[H])c2[H])nc(N([H])c2c([H])c([H])c([H])c([H])c2C(=O)N([H])C([H])([H])[H])c1Cl,0,-0.1468006,-0.27762148,-156.9290763185808,-23.7508489131931,0.05026588,0.03903158,0.04464873,0.006599784,-0.010053486,-0.0017268509,-1099303.6880873255,3.028910780325532,-1099294.9747617012,-1099300.527139351
S2-43.1,intermediate,[H]c1nc(N([H])c2c([H])c([H])c([H])c(N([H])C(=O)[C-:91]([H])[C:92]([H])([H])[S:93]C([H])([H])[H])c2[H])nc(N([H])c2c([H])c([H])c([H])c([H])c2C(=O)N([H])C([H])([H])[H])c1Cl,-1,-0.50171,-0.10589396,-72.05839009326696,41.52796366793383,0.0061842576,0.019082353,0.012633305,0.05119562,0.25156114,0.15137838,-1374300.8332778027,3.745618924498558,-1374287.9355975222,-1374292.9751179712
S2-43.1,product,[H]c1nc(N([H])c2c([H])c([H])c([H])c(N([H])C(=O)[C:91]([H])([H])[C:92]([H])([H])[S:93]C([H])([H])[H])c2[H])nc(N([H])c2c([H])c([H])c([H])c([H])c2C(=O)N([H])C([H])([H])[H])c1Cl,0,-0.12895943,-0.10352502,-151.19788402989744,-23.527921287188832,-0.031875834,-0.033370234,-0.032623034,0.008792356,-0.0011841506,0.0038041025,-1374668.0480971655,2.8034393321722746,-1374660.1150747766,-1374664.7320145282
S2-43.2,reactant,[H]c1nc(N([H])c2c([H])c([H])c([H])c(N([H])C(=O)[C:91]([H])=[C:92]([H])[H])c2[H])nc(N([H])c2c([H])c([H])c([H])c([H])c2C(=O)N([H])C([H])([H])[H])c1Cl,0,-0.14687005,-0.27907616,-154.56095421523216,-22.200532122616792,0.051229,0.039486185,0.045357592,0.0076782852,-0.0100611895,-0.0011914521,-1099307.4698482533,2.513957953080535,-1099299.67860923,-1099305.2859844305
S2-43.2,intermediate,[H]c1nc(N([H])c2c([H])c([H])c([H])c(N([H])C(=O)[C-:91]([H])[C:92]([H])([H])[S:93]C([H])([H])[H])c2[H])nc(N([H])c2c([H])c([H])c([H])c([H])c2C(=O)N([H])C([H])([H])[H])c1Cl,-1,-0.49461982,-0.12862529,-68.65542454451156,44.2269696437749,0.014201939,0.025051326,0.019626632,0.02134338,0.24353835,0.13244087,-1374305.9645590072,4.5206376779824495,-1374297.7254709813,-1374301.630211127
S2-43.2,product,[H]c1nc(N([H])c2c([H])c([H])c([H])c(N([H])C(=O)[C:91]([H])([H])[C:92]([H])([H])[S:93]C([H])([H])[H])c2[H])nc(N([H])c2c([H])c([H])c([H])c([H])c2C(=O)N([H])C([H])([H])[H])c1Cl,0,-0.14182176,-0.12134835,-151.30245384872185,-23.011195366702058,-0.020142898,-0.018496767,-0.019319832,0.00321424,-0.0006043762,0.0013049319,-1374668.2286321886,2.954983489587903,-1374657.2465916702,-1374663.7967183534
S2-43.3,reactant,[H]c1nc(N([H])c2c([H])c([H])c([H])c(N([H])C(=O)[C:91]([H])=[C:92]([H])[H])c2[H])nc(N([H])c2c([H])c([H])c([H])c([H])c2C(=O)N([H])C([H])([H])[H])c1Cl,0,-0.14803839,-0.28061712,-158.43284586356896,-24.663264133700675,0.03374484,0.026863635,0.030304238,-0.0017498732,-0.0073082894,-0.0045290813,-1099299.9012093863,2.2781618405133486,-1099290.488311155,-1099295.9509573355
S2-43.3,intermediate,[H]c1nc(N([H])c2c([H])c([H])c([H])c(N([H])C(=O)[C-:91]([H])[C:92]([H])([H])[S:93]C([H])([H])[H])c2[H])nc(N([H])c2c([H])c([H])c([H])c([H])c2C(=O)N([H])C([H])([H])[H])c1Cl,-1,-0.4888329,-0.121060796,-67.27878097687886,41.57604015829348,-0.0020404235,0.015173569,0.006566573,0.04313761,0.2561161,0.14962685,-1374304.3523269552,4.7090474627912045,-1374294.7186401002,-1374299.3392502945
S2-43.3,product,[H]c1nc(N([H])c2c([H])c([H])c([H])c(N([H])C(=O)[C:91]([H])([H])[C:92]([H])([H])[S:93]C([H])([H])[H])c2[H])nc(N([H])c2c([H])c([H])c([H])c([H])c2C(=O)N([H])C([H])([H])[H])c1Cl,0,-0.12895101,-0.10380678,-151.51320355324006,-25.01665321049155,-0.031876057,-0.033337325,-0.03260669,0.008263797,-0.0018232763,0.0032202601,-1374668.2307906847,3.3669096380472183,-1374660.5996368318,-1374664.8995439506
S2-43.4,reactant,[H]c1nc(N([H])c2c([H])c([H])c([H])c(N([H])C(=O)[C:91]([H])=[C:92]([H])[H])c2[H])nc(N([H])c2c([H])c([H])c([H])c([H])c2C(=O)N([H])C([H])([H])[H])c1Cl,0,-0.1508857,-0.28203517,-156.74488628032142,-24.367493364620806,0.028873265,0.025267392,0.027070329,-0.0040951967,-0.007419765,-0.005757481,-1099307.4896255021,1.3936815541237593,-1099299.85316468,-1099305.1280455515
S2-43.4,intermediate,[H]c1nc(N([H])c2c([H])c([H])c([H])c(N([H])C(=O)[C-:91]([H])[C:92]([H])([H])[S:93]C([H])([H])[H])c2[H])nc(N([H])c2c([H])c([H])c([H])c([H])c2C(=O)N([H])C([H])([H])[H])c1Cl,-1,-0.5072263,-0.10645326,-72.50689636471844,41.7251110150356,0.00940036,0.021191396,0.015295878,0.06305003,0.2749691,0.16900957,-1374303.0118716762,5.604859031736851,-1374290.6065630398,-1374295.3825521416
S2-43.4,product,[H]c1nc(N([H])c2c([H])c([H])c([H])c(N([H])C(=O)[C:91]([H])([H])[C:92]([H])([H])[S:93]C([H])([H])[H])c2[H])nc(N([H])c2c([H])c([H])c([H])c([H])c2C(=O)N([H])C([H])([H])[H])c1Cl,0,-0.12916507,-0.103224486,-149.18209971706526,-21.987893548859333,-0.032025345,-0.033737496,-0.03288142,0.006135151,-0.002700895,0.0017171279,-1374672.0922666297,3.3784138932824135,-1374663.9090934496,-1374669.5146026777
S2-43.5,reactant,[H]c1nc(N([H])c2c([H])c([H])c([H])c(N([H])C(=O)[C:91]([H])=[C:92]([H])[H])c2[H])nc(N([H])c2c([H])c([H])c([H])c([H])c2C(=O)N([H])C([H])([H])[H])c1Cl,0,-0.14698648,-0.27720633,-156.75436923930334,-24.625151497438093,0.049464375,0.038745046,0.04410471,0.0063278973,-0.009956658,-0.0018143803,-1099303.8391891832,3.309826623648405,-1099296.4327249997,-1099300.8096311141
S2-43.5,intermediate,[H]c1nc(N([H])c2c([H])c([H])c([H])c(N([H])C(=O)[C-:91]([H])[C:92]([H])([H])[S:93]C([H])([H])[H])c2[H])nc(N([H])c2c([H])c([H])c([H])c([H])c2C(=O)N([H])C([H])([H])[H])c1Cl,-1,-0.50070286,-0.11864151,-70.56877499425082,44.03790277573493,0.011619985,0.01986532,0.015742652,0.026038527,0.25527084,0.14065468,-1374310.4283542207,8.47790720127523,-1374299.6986701917,-1374304.4434334612
S2-43.5,product,[H]c1nc(N([H])c2c([H])c([H])c([H])c(N([H])C(=O)[C:91]([H])([H])[C:92]([H])([H])[S:93]C([H])([H])[H])c2[H])nc(N([H])c2c([H])c([H])c([H])c([H])c2C(=O)N([H])C([H])([H])[H])c1Cl,0,-0.13072704,-0.10155444,-149.62322012902086,-21.08617524969745,-0.032439664,-0.03458193,-0.033510797,0.0090661645,-0.00049224496,0.00428696,-1374672.093052451,2.07646013982594,-1374662.1746406276,-1374669.5338773225
S2-43.6,reactant,[H]c1nc(N([H])c2c([H])c([H])c([H])c(N([H])C(=O)[C:91]([H])=[C:92]([H])[H])c2[H])nc(N([H])c2c([H])c([H])c([H])c([H])c2C(=O)N([H])C([H])([H])[H])c1Cl,0,-0.14883569,-0.27902022,-155.21053621664223,-23.734277081901983,0.04982993,0.039165825,0.044497877,0.00043310225,-0.011582777,-0.0055748373,-1099308.304407582,6.072125189006329,-1099300.9232460337,-1099305.631875312
S2-43.6,intermediate,[H]c1nc(N([H])c2c([H])c([H])c([H])c(N([H])C(=O)[C-:91]([H])[C:92]([H])([H])[S:93]C([H])([H])[H])c2[H])nc(N([H])c2c([H])c([H])c([H])c([H])c2C(=O)N([H])C([H])([H])[H])c1Cl,-1,-0.521941,-0.106785156,-68.82852025136454,42.09215564813762,0.0031374842,0.01718174,0.010159612,0.0325073,0.24653324,0.13952027,-1374304.4834567632,5.08373786509037,-1374292.1823141791,-1374297.1192751913
S2-43.6,product,[H]c1nc(N([H])c2c([H])c([H])c([H])c(N([H])C(=O)[C:91]([H])([H])[C:92]([H])([H])[S:93]C([H])([H])[H])c2[H])nc(N([H])c2c([H])c([H])c([H])c([H])c2C(=O)N([H])C([H])([H])[H])c1Cl,0,-0.12854593,-0.10253151,-150.3505851454396,-21.35882680324948,-0.03192967,-0.03395708,-0.032943375,0.008086681,-0.0020023435,0.003042169,-1374673.3346402775,2.3644719272851944,-1374664.4570579082,-1374670.9185895608
S2-43.7,reactant,[H]c1nc(N([H])c2c([H])c([H])c([H])c(N([H])C(=O)[C:91]([H])=[C:92]([H])[H])c2[H])nc(N([H])c2c([H])c([H])c([H])c([H])c2C(=O)N([H])C([H])([H])[H])c1Cl,0,-0.14875458,-0.27915466,-154.93953127157548,-23.408009585565583,0.04998088,0.039125025,0.044552952,0.0006438792,-0.011592194,-0.0054741576,-1099308.2081350249,1.3951860181987286,-1099300.5544398227,-1099306.2278103812
S2-43.7,intermediate,[H]c1nc(N([H])c2c([H])c([H])c([H])c(N([H])C(=O)[C-:91]([H])[C:92]([H])([H])[S:93]C([H])([H])[H])c2[H])nc(N([H])c2c([H])c([H])c([H])c([H])c2C(=O)N([H])C([H])([H])[H])c1Cl,-1,-0.5047335,-0.11766529,-69.21564471877102,43.35821525167357,0.012522399,0.02039925,0.016460825,0.033855557,0.25508285,0.1444692,-1374309.023131353,4.862218039110303,-1374298.8498648333,-1374303.724374628
S2-43.7,product,[H]c1nc(N([H])c2c([H])c([H])c([H])c(N([H])C(=O)[C:91]([H])([H])[C:92]([H])([H])[S:93]C([H])([H])[H])c2[H])nc(N([H])c2c([H])c([H])c([H])c([H])c2C(=O)N([H])C([H])([H])[H])c1Cl,0,-0.14587577,-0.1149649,-149.68153013108932,-22.79856397777613,-0.01930166,-0.01915972,-0.01923069,0.002788499,-0.00043864548,0.0011749268,-1374674.0537725217,3.5990433860570192,-1374664.615389987,-1374670.551394426
S2-43.8,reactant,[H]c1nc(N([H])c2c([H])c([H])c([H])c(N([H])C(=O)[C:91]([H])=[C:92]([H])[H])c2[H])nc(N([H])c2c([H])c([H])c([H])c([H])c2C(=O)N([H])C([H])([H])[H])c1Cl,0,-0.14799453,-0.27932113,-161.97311435865544,-27.78342720844531,0.032870203,0.026709408,0.029789805,-0.0021243244,-0.006965801,-0.004545063,-1099301.571307518,7.983542827889323,-1099292.4166137988,-1099295.9945504477
S2-43.8,intermediate,[H]c1nc(N([H])c2c([H])c([H])c([H])c(N([H])C(=O)[C-:91]([H])[C:92]([H])([H])[S:93]C([H])([H])[H])c2[H])nc(N([H])c2c([H])c([H])c([H])c([H])c2C(=O)N([H])C([H])([H])[H])c1Cl,-1,-0.51546055,-0.108330116,-69.75212329350575,43.02863617821172,0.00415764,0.019229725,0.0116936825,0.024058998,0.2369028,0.1304809,-1374306.589845885,6.045853363350034,-1374293.8561395993,-1374299.657704649
S2-43.8,product,[H]c1nc(N([H])c2c([H])c([H])c([H])c(N([H])C(=O)[C:91]([H])([H])[C:92]([H])([H])[S:93]C([H])([H])[H])c2[H])nc(N([H])c2c([H])c([H])c([H])c([H])c2C(=O)N([H])C([H])([H])[H])c1Cl,0,-0.1391961,-0.11969733,-148.77783195370353,-21.998388055810967,-0.022401579,-0.021928445,-0.022165012,0.005587071,0.000813663,0.003200367,-1374671.2736085956,3.085903214290738,-1374661.99654791,-1374668.1288434588
S2-43.9,reactant,[H]c1nc(N([H])c2c([H])c([H])c([H])c(N([H])C(=O)[C:91]([H])=[C:92]([H])[H])c2[H])nc(N([H])c2c([H])c([H])c([H])c([H])c2C(=O)N([H])C([H])([H])[H])c1Cl,0,-0.14657779,-0.28094745,-156.35960997571522,-23.45364305518225,0.0342364,0.026697785,0.030467093,-0.0011347234,-0.007545963,-0.004340343,-1099306.5180595238,15.764335494488478,-1099298.4532333955,-1099304.0763569325
S2-43.9,intermediate,[H]c1nc(N([H])c2c([H])c([H])c([H])c(N([H])C(=O)[C-:91]([H])[C:92]([H])([H])[S:93]C([H])([H])[H])c2[H])nc(N([H])c2c([H])c([H])c([H])c([H])c2C(=O)N([H])C([H])([H])[H])c1Cl,-1,-0.5059083,-0.119000696,-69.54497328069296,40.79623746448087,0.012637444,0.021285556,0.0169615,0.037439644,0.2566238,0.14703172,-1374307.196256587,13.050445532426238,-1374296.3993464855,-1374302.059694837
S2-43.9,product,[H]c1nc(N([H])c2c([H])c([H])c([H])c(N([H])C(=O)[C:91]([H])([H])[C:92]([H])([H])[S:93]C([H])([H])[H])c2[H])nc(N([H])c2c([H])c([H])c([H])c([H])c2C(=O)N([H])C([H])([H])[H])c1Cl,0,-0.12847647,-0.10404136,-149.46519441947166,-22.83687964438094,-0.036907203,-0.03865286,-0.03778003,0.012462363,0.0026631504,0.0075627565,-1374672.8703092416,2.034672873094678,-1374663.662706454,-1374670.3044870824
S2-43.10,reactant,[H]c1nc(N([H])c2c([H])c([H])c([H])c(N([H])C(=O)[C:91]([H])=[C:92]([H])[H])c2[H])nc(N([H])c2c([H])c([H])c([H])c([H])c2C(=O)N([H])C([H])([H])[H])c1Cl,0,-0.14775868,-0.27867252,-154.7471831556912,-23.376790062847668,0.051784188,0.039809242,0.045796715,0.008950591,-0.009167969,-0.00010868907,-1099306.529073806,1.9976677652448416,-1099299.995647933,-1099304.401771673
S2-43.10,intermediate,[H]c1nc(N([H])c2c([H])c([H])c([H])c(N([H])C(=O)[C-:91]([H])[C:92]([H])([H])[S:93]C([H])([H])[H])c2[H])nc(N([H])c2c([H])c([H])c([H])c([H])c2C(=O)N([H])C([H])([H])[H])c1Cl,-1,-0.5010129,-0.11350286,-71.50051501506559,43.504816927912685,0.0061374456,0.020102814,0.01312013,0.060294032,0.28140274,0.17084838,-1374303.588501917,7.1941426154226065,-1374292.0838931913,-1374296.5021188068
S2-43.10,product,[H]c1nc(N([H])c2c([H])c([H])c([H])c(N([H])C(=O)[C:91]([H])([H])[C:92]([H])([H])[S:93]C([H])([H])[H])c2[H])nc(N([H])c2c([H])c([H])c([H])c([H])c2C(=O)N([H])C([H])([H])[H])c1Cl,0,-0.12997311,-0.10270417,-149.61482248078013,-23.123037263405347,-0.032383785,-0.034178466,-0.033281125,0.0073343515,-0.0015546381,0.0028898567,-1374671.1801544586,4.814382053911686,-1374662.3844388248,-1374668.5237424197
S2-36.1,reactant,[H]c1nc(N([H])c2c([H])c([H])c([H])c(N([H])C(=O)/[C:91]([H])=[C:92](\[H])C([H])([H])N(C([H])([H])[H])C([H])([H])[H])c2[H])nc(-c2c([H])n([H])c3c([H])c([H])c([H])c([H])c23)c1Cl,0,-0.14303955,-0.13529542,-150.89983058056097,-23.462477135671044,0.01759088,0.009899303,0.013745092,0.0038502216,-0.008499578,-0.002324678,-1125346.8360928474,2.3884741831570864,-1125339.101025904,-1125344.3846265145
S2-36.1,intermediate,[H]c1nc(N([H])c2c([H])c([H])c([H])c(N([H])C(=O)[C-:91]([H])[C:92]([H])(C([H])([H])N(C([H])([H])[H])C([H])([H])[H])[S:93]C([H])([H])[H])c2[H])nc(-c2c([H])n([H])c3c([H])c([H])c([H])c([H])c23)c1Cl,-1,-0.14538005,-0.10196504,-81.23801129325716,30.759218378249646,0.00082598627,0.0011143759,0.0009701811,0.021043554,-0.0016729385,0.009685308,-1400354.1602987763,6.402395568788052,-1400338.3695260205,-1400346.0477123174
S2-36.1,product,[H]c1nc(N([H])c2c([H])c([H])c([H])c(N([H])C(=O)[C:91]([H])([H])[C:92]([H])(C([H])([H])N(C([H])([H])[H])C([H])([H])[H])[S:93]C([H])([H])[H])c2[H])nc(-c2c([H])n([H])c3c([H])c([H])c([H])c([H])c23)c1Cl,0,-0.13929117,-0.04286963,-145.49329259311315,-23.006130445042164,-0.034743648,-0.03718556,-0.035964604,0.015295297,0.007984132,0.011639714,-1400711.2018735076,5.214276239275932,-1400702.2388219957,-1400707.8572308715
S2-36.2,reactant,[H]c1nc(N([H])c2c([H])c([H])c([H])c(N([H])C(=O)/[C:91]([H])=[C:92](\[H])C([H])([H])N(C([H])([H])[H])C([H])([H])[H])c2[H])nc(-c2c([H])n([H])c3c([H])c([H])c([H])c([H])c23)c1Cl,0,-0.1757457,-0.08266485,-149.06264969720254,-23.11621259812867,0.02993156,0.020235952,0.025083756,0.02559647,-0.0010402501,0.01227811,-1125348.320045209,2.2445859722793102,-1125341.235181558,-1125346.2867279905
S2-36.2,intermediate,[H]c1nc(N([H])c2c([H])c([H])c([H])c(N([H])C(=O)[C-:91]([H])[C:92]([H])(C([H])([H])N(C([H])([H])[H])C([H])([H])[H])[S:93]C([H])([H])[H])c2[H])nc(-c2c([H])n([H])c3c([H])c([H])c([H])c([H])c23)c1Cl,-1,-0.46911025,-0.032248966,-66.27012664341308,42.906761139534375,0.0007172972,0.00885262,0.0047849584,0.051223636,0.21412879,0.13267621,-1400344.1978315327,2.713371066376567,-1400330.1530487635,-1400337.9543667496
S2-36.2,product,[H]c1nc(N([H])c2c([H])c([H])c([H])c(N([H])C(=O)[C:91]([H])([H])[C:92]([H])(C([H])([H])N(C([H])([H])[H])C([H])([H])[H])[S:93]C([H])([H])[H])c2[H])nc(-c2c([H])n([H])c3c([H])c([H])c([H])c([H])c23)c1Cl,0,-0.13129355,-0.04399584,-144.58264480777237,-23.199064278137925,-0.031537984,-0.03470474,-0.033121362,0.0073102117,0.0018267632,0.0045684874,-1400708.7128573165,3.0213267914950848,-1400698.9341069118,-1400705.459825292
S2-36.3,reactant,[H]c1nc(N([H])c2c([H])c([H])c([H])c(N([H])C(=O)/[C:91]([H])=[C:92](\[H])C([H])([H])N(C([H])([H])[H])C([H])([H])[H])c2[H])nc(-c2c([H])n([H])c3c([H])c([H])c([H])c([H])c23)c1Cl,0,-0.15316327,-0.1043335,-151.19480241436148,-24.26601684656208,0.013787203,0.0009483844,0.0073677935,0.02543296,0.0022788793,0.013855919,-1125347.5855152344,2.3805230855941772,-1125340.8364075026,-1125345.0953206315
S2-36.3,intermediate,[H]c1nc(N([H])c2c([H])c([H])c([H])c(N([H])C(=O)[C-:91]([H])[C:92]([H])(C([H])([H])N(C([H])([H])[H])C([H])([H])[H])[S:93]C([H])([H])[H])c2[H])nc(-c2c([H])n([H])c3c([H])c([H])c([H])c([H])c23)c1Cl,-1,-0.16235755,-0.13474454,-82.0223335167438,27.667180670747356,0.009019196,0.0046313405,0.0068252683,0.026299283,0.004683137,0.01549121,-1400347.8877095296,8.766213534399867,-1400335.9696587068,-1400341.1626374156
S2-36.3,product,[H]c1nc(N([H])c2c([H])c([H])c([H])c(N([H])C(=O)[C:91]([H])([H])[C:92]([H])(C([H])([H])N(C([H])([H])[H])C([H])([H])[H])[S:93]C([H])([H])[H])c2[H])nc(-c2c([H])n([H])c3c([H])c([H])c([H])c([H])c23)c1Cl,0,-0.13166252,-0.0427345,-143.81745554433928,-21.420062341165025,-0.03006417,-0.03326722,-0.031665694,0.0050532073,0.0009330511,0.0029931292,-1400708.462510801,3.239981284365058,-1400700.1633843132,-1400704.7924028882
S2-36.4,reactant,[H]c1nc(N([H])c2c([H])c([H])c([H])c(N([H])C(=O)/[C:91]([H])=[C:92](\[H])C([H])([H])N(C([H])([H])[H])C([H])([H])[H])c2[H])nc(-c2c([H])n([H])c3c([H])c([H])c([H])c([H])c23)c1Cl,0,-0.14362618,-0.13452311,-151.26413750006057,-25.503253803185633,0.015283942,0.008014306,0.011649124,0.0035321862,-0.007972106,-0.00221996,-1125345.2633195275,3.3917310666292906,-1125337.633819143,-1125342.2676263542
S2-36.4,intermediate,[H]c1nc(N([H])c2c([H])c([H])c([H])c(N([H])C(=O)[C-:91]([H])[C:92]([H])(C([H])([H])N(C([H])([H])[H])C([H])([H])[H])[S:93]C([H])([H])[H])c2[H])nc(-c2c([H])n([H])c3c([H])c([H])c([H])c([H])c23)c1Cl,-1,-0.45421082,-0.014264816,-66.90413629740765,42.65185830143667,-0.0022298647,0.00094157085,-0.00064414693,0.029725015,0.18318325,0.106454134,-1400343.7408492304,5.229899752885103,-1400331.8353809337,-1400336.4317356504
S2-36.4,product,[H]c1nc(N([H])c2c([H])c([H])c([H])c(N([H])C(=O)[C:91]([H])([H])[C:92]([H])(C([H])([H])N(C([H])([H])[H])C([H])([H])[H])[S:93]C([H])([H])[H])c2[H])nc(-c2c([H])n([H])c3c([H])c([H])c([H])c([H])c23)c1Cl,0,-0.13334346,-0.066204995,-145.02208988835972,-21.70322600191362,-0.014282808,-0.015240833,-0.01476182,0.009432659,0.005599633,0.0075161457,-1400711.5964898425,5.281944060698152,-1400698.9866160161,-1400706.3790513058
S2-36.5,reactant,[H]c1nc(N([H])c2c([H])c([H])c([H])c(N([H])C(=O)/[C:91]([H])=[C:92](\[H])C([H])([H])N(C([H])([H])[H])C([H])([H])[H])c2[H])nc(-c2c([H])n([H])c3c([H])c([H])c([H])c([H])c23)c1Cl,0,-0.14436004,-0.10742219,-150.8873924155204,-27.07250288743236,0.004215248,-0.0039152578,0.00014999509,0.04489313,0.007733628,0.02631338,-1125344.5425346293,43.66280600614846,-1125337.3989733304,-1125341.3498963683
S2-36.5,intermediate,[H]c1nc(N([H])c2c([H])c([H])c([H])c(N([H])C(=O)[C-:91]([H])[C:92]([H])(C([H])([H])N(C([H])([H])[H])C([H])([H])[H])[S:93]C([H])([H])[H])c2[H])nc(-c2c([H])n([H])c3c([H])c([H])c([H])c([H])c23)c1Cl,-1,-0.47026703,-0.017443633,-67.060068166241,41.455959962546885,0.015016062,0.013212103,0.014114083,0.04467985,0.20307589,0.12387787,-1400346.2858019052,55.56455774791539,-1400336.356134277,-1400341.6310498265
S2-36.5,product,[H]c1nc(N([H])c2c([H])c([H])c([H])c(N([H])C(=O)[C:91]([H])([H])[C:92]([H])(C([H])([H])N(C([H])([H])[H])C([H])([H])[H])[S:93]C([H])([H])[H])c2[H])nc(-c2c([H])n([H])c3c([H])c([H])c([H])c([H])c23)c1Cl,0,-0.13093682,-0.04629703,-144.90289978184558,-21.75158968318268,-0.027178416,-0.031024411,-0.029101413,0.009139344,0.004819542,0.006979443,-1400709.6107548254,3.178489528596401,-1400697.7698918348,-1400703.1386200434
S2-36.6,reactant,[H]c1nc(N([H])c2c([H])c([H])c([H])c(N([H])C(=O)/[C:91]([H])=[C:92](\[H])C([H])([H])N(C([H])([H])[H])C([H])([H])[H])c2[H])nc(-c2c([H])n([H])c3c([H])c([H])c([H])c([H])c23)c1Cl,0,-0.14285025,-0.13467133,-151.1244949481841,-23.40252728712416,0.020536855,0.0112626925,0.015899774,-0.0010962635,-0.011055201,-0.0060757324,-1125347.1638331646,1.7137969769537449,-1125339.142960028,-1125344.717405114
S2-36.6,intermediate,[H]c1nc(N([H])c2c([H])c([H])c([H])c(N([H])C(=O)[C-:91]([H])[C:92]([H])(C([H])([H])N(C([H])([H])[H])C([H])([H])[H])[S:93]C([H])([H])[H])c2[H])nc(-c2c([H])n([H])c3c([H])c([H])c([H])c([H])c23)c1Cl,-1,-0.44239303,-0.04514745,-65.7244796610537,41.22849659473021,0.0072784238,0.013350144,0.010314284,0.048027843,0.21566926,0.13184854,-1400342.440227776,2.8378214463591576,-1400332.9715872963,-1400338.878655059
S2-36.6,product,[H]c1nc(N([H])c2c([H])c([H])c([H])c(N([H])C(=O)[C:91]([H])([H])[C:92]([H])(C([H])([H])N(C([H])([H])[H])C([H])([H])[H])[S:93]C([H])([H])[H])c2[H])nc(-c2c([H])n([H])c3c([H])c([H])c([H])c([H])c23)c1Cl,0,-0.13887803,-0.043505196,-145.6097067401906,-23.146755608579628,-0.0350287,-0.037324715,-0.036176708,0.015514821,0.008071393,0.011793107,-1400711.377635485,2.5732245836406946,-1400701.0453553845,-1400708.0369128014
S2-36.7,reactant,[H]c1nc(N([H])c2c([H])c([H])c([H])c(N([H])C(=O)/[C:91]([H])=[C:92](\[H])C([H])([H])N(C([H])([H])[H])C([H])([H])[H])c2[H])nc(-c2c([H])n([H])c3c([H])c([H])c([H])c([H])c23)c1Cl,0,-0.14627872,-0.1374936,-151.73219097927677,-25.275083010255702,0.0066235512,0.003935069,0.00527931,-0.0038030446,-0.010550082,-0.007176563,-1125347.019698638,2.715451944619417,-1125337.7056523531,-1125344.179521214
S2-36.7,intermediate,[H]c1nc(N([H])c2c([H])c([H])c([H])c(N([H])C(=O)[C-:91]([H])[C:92]([H])(C([H])([H])N(C([H])([H])[H])C([H])([H])[H])[S:93]C([H])([H])[H])c2[H])nc(-c2c([H])n([H])c3c([H])c([H])c([H])c([H])c23)c1Cl,-1,-0.1464627,-0.10275288,-80.66516969335308,30.151131212015795,0.0006283596,0.0014391914,0.0010337755,0.019904062,-0.0014141798,0.009244941,-1400352.8808727772,3.8617682699114084,-1400335.5218684552,-1400344.360063056
S2-36.7,product,[H]c1nc(N([H])c2c([H])c([H])c([H])c(N([H])C(=O)[C:91]([H])([H])[C:92]([H])(C([H])([H])N(C([H])([H])[H])C([H])([H])[H])[S:93]C([H])([H])[H])c2[H])nc(-c2c([H])n([H])c3c([H])c([H])c([H])c([H])c23)c1Cl,0,-0.1420197,-0.037777986,-143.72610212185543,-22.1405902666308,-0.018946404,-0.025107365,-0.022026885,0.014203593,0.010057956,0.012130775,-1400709.5525495526,4.9311010502278805,-1400699.405234516,-1400704.91920949
S2-36.8,reactant,[H]c1nc(N([H])c2c([H])c([H])c([H])c(N([H])C(=O)/[C:91]([H])=[C:92](\[H])C([H])([H])N(C([H])([H])[H])C([H])([H])[H])c2[H])nc(-c2c([H])n([H])c3c([H])c([H])c([H])c([H])c23)c1Cl,0,-0.15986732,-0.10051603,-151.1894855796321,-24.230494777726673,0.011461645,-0.00016944855,0.0056460984,0.023139328,0.0026562065,0.012897767,-1125347.4215300558,1.815382620319724,-1125339.7058435632,-1125344.910946963
S2-36.8,intermediate,[H]c1nc(N([H])c2c([H])c([H])c([H])c(N([H])C(=O)[C-:91]([H])[C:92]([H])(C([H])([H])N(C([H])([H])[H])C([H])([H])[H])[S:93]C([H])([H])[H])c2[H])nc(-c2c([H])n([H])c3c([H])c([H])c([H])c([H])c23)c1Cl,-1,-0.14703746,-0.102773555,-80.68464569106641,30.031231605191735,0.00067198277,0.0014094263,0.0010407045,0.019558355,-0.0015990883,0.008979633,-1400352.9519807831,3.881979312747717,-1400338.1406110148,-1400344.2662436222
S2-36.8,product,[H]c1nc(N([H])c2c([H])c([H])c([H])c(N([H])C(=O)[C:91]([H])([H])[C:92]([H])(C([H])([H])N(C([H])([H])[H])C([H])([H])[H])[S:93]C([H])([H])[H])c2[H])nc(-c2c([H])n([H])c3c([H])c([H])c([H])c([H])c23)c1Cl,0,-0.13946795,-0.0643317,-147.17970318920038,-24.390068236331736,-0.025898192,-0.025844522,-0.025871357,0.0027150214,-0.00021792948,0.001248546,-1400711.6275271242,12.253564519807696,-1400699.6501317248,-1400705.046865072
S2-36.9,reactant,[H]c1nc(N([H])c2c([H])c([H])c([H])c(N([H])C(=O)/[C:91]([H])=[C:92](\[H])C([H])([H])N(C([H])([H])[H])C([H])([H])[H])c2[H])nc(-c2c([H])n([H])c3c([H])c([H])c([H])c([H])c23)c1Cl,0,-0.17258665,-0.085507594,-149.0522631092024,-23.29598269283144,0.03370712,0.023473326,0.028590223,0.02770342,-0.00048655272,0.013608433,-1125347.9571002799,1.7245612405240536,-1125341.2087228931,-1125345.915759633
S2-36.9,intermediate,[H]c1nc(N([H])c2c([H])c([H])c([H])c(N([H])C(=O)[C-:91]([H])[C:92]([H])(C([H])([H])N(C([H])([H])[H])C([H])([H])[H])[S:93]C([H])([H])[H])c2[H])nc(-c2c([H])n([H])c3c([H])c([H])c([H])c([H])c23)c1Cl,-1,-0.42657393,-0.047932763,-67.30235620915549,42.223348453397335,0.024037395,0.022358533,0.023197964,0.06923476,0.22731274,0.14827375,-1400345.2170783302,2.0341290030628443,-1400334.4681305112,-1400340.624846422
S2-36.9,product,[H]c1nc(N([H])c2c([H])c([H])c([H])c(N([H])C(=O)[C:91]([H])([H])[C:92]([H])(C([H])([H])N(C([H])([H])[H])C([H])([H])[H])[S:93]C([H])([H])[H])c2[H])nc(-c2c([H])n([H])c3c([H])c([H])c([H])c([H])c23)c1Cl,0,-0.14247063,-0.066710815,-145.46224439593385,-22.01106331525844,-0.029538538,-0.027935289,-0.028736914,0.0014944971,-0.0008267611,0.00033386797,-1400712.4222472124,4.122634990140796,-1400702.4448418387,-1400708.0210088347
S2-36.10,reactant,[H]c1nc(N([H])c2c([H])c([H])c([H])c(N([H])C(=O)/[C:91]([H])=[C:92](\[H])C([H])([H])N(C([H])([H])[H])C([H])([H])[H])c2[H])nc(-c2c([H])n([H])c3c([H])c([H])c([H])c([H])c23)c1Cl,0,-0.15032354,-0.10511208,-150.67118222108573,-25.623274619079034,0.016683131,0.002049543,0.009366337,0.026683196,0.002213657,0.014448427,-1125345.0274012494,2.577900253236294,-1125335.771588389,-1125341.6257390426
S2-36.10,intermediate,[H]c1nc(N([H])c2c([H])c([H])c([H])c(N([H])C(=O)[C-:91]([H])[C:92]([H])(C([H])([H])N(C([H])([H])[H])C([H])([H])[H])[S:93]C([H])([H])[H])c2[H])nc(-c2c([H])n([H])c3c([H])c([H])c([H])c([H])c23)c1Cl,-1,-0.4010942,-0.05222056,-66.25329271669601,44.316605894710925,0.016438179,0.023414722,0.019926451,0.021224886,0.17341322,0.09731905,-1400341.0524139071,5.146866938099265,-1400329.3408761546,-1400333.5584137056
S2-36.10,product,[H]c1nc(N([H])c2c([H])c([H])c([H])c(N([H])C(=O)[C:91]([H])([H])[C:92]([H])(C([H])([H])N(C([H])([H])[H])C([H])([H])[H])[S:93]C([H])([H])[H])c2[H])nc(-c2c([H])n([H])c3c([H])c([H])c([H])c([H])c23)c1Cl,0,-0.13202925,-0.047446568,-145.3269298500929,-21.99210802613378,-0.028533414,-0.032036234,-0.030284824,0.0072264373,0.0035072118,0.0053668246,-1400710.9900647744,2.8239002730697393,-1400699.0675976363,-1400704.698965518
S2-15.1,reactant,[H]c1nc(N([H])c2c([H])c(N([H])C(=O)/[C:91]([H])=[C:92](\[H])C([H])([H])N(C([H])([H])[H])C([H])([H])[H])c([H])c([H])c2OC([H])([H])[H])nc(-c2c([H])nn3c([H])c([H])c([H])c([H])c23)c1Cl,0,-0.15719031,-0.123528145,-150.47804979579675,-29.329186314286403,0.023171209,0.023630582,0.023400895,-0.015516356,-0.018326432,-0.016921394,-1207317.0120404444,1.7931478135287762,-1207307.1621026471,-1207314.2744169263
S2-15.1,intermediate,[H]C1=C([H])c2c(-c3nc(N([H])c4c([H])c(N([H])C(=O)[C-:91]([H])[C:92]([H])(C([H])([H])N(C([H])([H])[H])C([H])([H])[H])[S:93]C([H])([H])[H])c([H])c([H])c4OC([H])([H])[H])nc([H])c3Cl)c([H])nn2C([H])=C1[H],-1,-0.49826065,-0.025037553,-69.99937438183017,34.36479480735422,0.008604631,0.011635097,0.010119864,0.045742244,0.19360885,0.11967555,-1482315.6158213795,4.663157368078828,-1482304.7636977942,-1482309.4646703196
S2-15.1,product,[H]c1nc(N([H])c2c([H])c(N([H])C(=O)[C:91]([H])([H])[C:92]([H])(C([H])([H])N(C([H])([H])[H])C([H])([H])[H])[S:93]C([H])([H])[H])c([H])c([H])c2OC([H])([H])[H])nc(-c2c([H])nn3c([H])c([H])c([H])c([H])c23)c1Cl,0,-0.13592021,-0.06244147,-147.78615731609747,-19.642313268271756,-0.035284586,-0.033216096,-0.03425034,0.0059642196,0.0025790334,0.0042716265,-1482686.9297603192,5.729453520849347,-1482673.7899803421,-1482681.509051234
S2-15.2,reactant,[H]c1nc(N([H])c2c([H])c(N([H])C(=O)/[C:91]([H])=[C:92](\[H])C([H])([H])N(C([H])([H])[H])C([H])([H])[H])c([H])c([H])c2OC([H])([H])[H])nc(-c2c([H])nn3c([H])c([H])c([H])c([H])c23)c1Cl,0,-0.17489251,-0.08814067,-150.17062264336124,-30.279108204570004,0.01675491,0.012635224,0.014695067,0.0032372326,-0.006928161,-0.0018454641,-1207316.8253470077,1.761286010965705,-1207306.9315905157,-1207314.0863959407
S2-15.2,intermediate,[H]C1=C([H])c2c(-c3nc(N([H])c4c([H])c(N([H])C(=O)[C-:91]([H])[C:92]([H])(C([H])([H])N(C([H])([H])[H])C([H])([H])[H])[S:93]C([H])([H])[H])c([H])c([H])c4OC([H])([H])[H])nc([H])c3Cl)c([H])nn2C([H])=C1[H],-1,-0.17649287,-0.12815869,-79.70609675944488,31.887914851059943,0.0014684498,0.0031543523,0.002311401,0.0058776587,0.0018562824,0.0038669705,-1482322.5477659884,2.4122476037591696,-1482309.963714869,-1482317.0938376335
S2-15.2,product,[H]c1nc(N([H])c2c([H])c(N([H])C(=O)[C:91]([H])([H])[C:92]([H])(C([H])([H])N(C([H])([H])[H])C([H])([H])[H])[S:93]C([H])([H])[H])c([H])c([H])c2OC([H])([H])[H])nc(-c2c([H])nn3c([H])c([H])c([H])c([H])c23)c1Cl,0,-0.14037466,-0.03444607,-145.40377208237842,-27.52056262263611,-0.034778055,-0.035370324,-0.03507419,0.008478776,0.0052483827,0.006863579,-1482679.7945997906,3.468615896999836,-1482670.7860312054,-1482676.1401372878
S2-15.3,reactant,[H]c1nc(N([H])c2c([H])c(N([H])C(=O)/[C:91]([H])=[C:92](\[H])C([H])([H])N(C([H])([H])[H])C([H])([H])[H])c([H])c([H])c2OC([H])([H])[H])nc(-c2c([H])nn3c([H])c([H])c([H])c([H])c23)c1Cl,0,-0.124068305,-0.11856212,-151.71642302175655,-31.32679301676941,-0.0043015704,-0.0005332157,-0.002417393,-0.011094421,-0.019866273,-0.015480347,-1207314.0475911938,1.4894899036735296,-1207304.6077761012,-1207310.5661079502
S2-15.3,intermediate,[H]C1=C([H])c2c(-c3nc(N([H])c4c([H])c(N([H])C(=O)[C-:91]([H])[C:92]([H])(C([H])([H])N(C([H])([H])[H])C([H])([H])[H])[S:93]C([H])([H])[H])c([H])c([H])c4OC([H])([H])[H])nc([H])c3Cl)c([H])nn2C([H])=C1[H],-1,-0.18187787,-0.10476462,-79.55173405573723,30.78422690329132,-0.0061128885,-0.0070514306,-0.0065821595,0.021974996,0.009533793,0.015754394,-1482323.795298481,5.68686830252409,-1482309.8810490917,-1482315.0371944036
S2-15.3,product,[H]c1nc(N([H])c2c([H])c(N([H])C(=O)[C:91]([H])([H])[C:92]([H])(C([H])([H])N(C([H])([H])[H])C([H])([H])[H])[S:93]C([H])([H])[H])c([H])c([H])c2OC([H])([H])[H])nc(-c2c([H])nn3c([H])c([H])c([H])c([H])c23)c1Cl,0,-0.14152902,-0.052764066,-146.53116789010832,-26.652626404336907,-0.026123172,-0.027968243,-0.027045708,0.0040744096,0.0026327819,0.0033535957,-1482678.8420919657,4.9721635188907385,-1482669.3902408094,-1482674.5530494081
S2-15.4,reactant,[H]c1nc(N([H])c2c([H])c(N([H])C(=O)/[C:91]([H])=[C:92](\[H])C([H])([H])N(C([H])([H])[H])C([H])([H])[H])c([H])c([H])c2OC([H])([H])[H])nc(-c2c([H])nn3c([H])c([H])c([H])c([H])c23)c1Cl,0,-0.12486763,-0.11633086,-149.961716508123,-28.83885649100364,0.0022478998,0.0027718022,0.002509851,-0.012771204,-0.020522341,-0.016646773,-1207311.7472833463,2.084556393325329,-1207300.6542536735,-1207308.104814124
S2-15.4,intermediate,[H]C1=C([H])c2c(-c3nc(N([H])c4c([H])c(N([H])C(=O)[C-:91]([H])[C:92]([H])(C([H])([H])N(C([H])([H])[H])C([H])([H])[H])[S:93]C([H])([H])[H])c([H])c([H])c4OC([H])([H])[H])nc([H])c3Cl)c([H])nn2C([H])=C1[H],-1,-0.4969068,-0.02372144,-70.28788666718006,34.05346443063348,0.009061908,0.011890301,0.010476105,0.04486522,0.19308028,0.11897275,-1482315.563920993,4.862202882766724,-1482302.1752722804,-1482309.7328820776
S2-15.4,product,[H]c1nc(N([H])c2c([H])c(N([H])C(=O)[C:91]([H])([H])[C:92]([H])(C([H])([H])N(C([H])([H])[H])C([H])([H])[H])[S:93]C([H])([H])[H])c([H])c([H])c2OC([H])([H])[H])nc(-c2c([H])nn3c([H])c([H])c([H])c([H])c23)c1Cl,0,-0.14045006,-0.048538484,-147.62441012975876,-28.68204766516757,-0.039618324,-0.039259925,-0.039439123,0.006119564,0.0023936778,0.004256621,-1482682.8588580221,2.14631531201303,-1482673.1455530813,-1482679.3188266899
S2-15.5,reactant,[H]c1nc(N([H])c2c([H])c(N([H])C(=O)/[C:91]([H])=[C:92](\[H])C([H])([H])N(C([H])([H])[H])C([H])([H])[H])c([H])c([H])c2OC([H])([H])[H])nc(-c2c([H])nn3c([H])c([H])c([H])c([H])c23)c1Cl,0,-0.15159997,-0.13795297,-149.75900908012153,-27.281236623291544,0.005849436,0.004346922,0.005098179,-0.011840805,-0.011817545,-0.011829175,-1207313.4487813928,2.8485940415412188,-1207303.7651263804,-1207310.0936906475
S2-15.5,intermediate,[H]C1=C([H])c2c(-c3nc(N([H])c4c([H])c(N([H])C(=O)[C-:91]([H])[C:92]([H])(C([H])([H])N(C([H])([H])[H])C([H])([H])[H])[S:93]C([H])([H])[H])c([H])c([H])c4OC([H])([H])[H])nc([H])c3Cl)c([H])nn2C([H])=C1[H],-1,-0.5127291,-0.04456872,-69.06065005190632,36.669520822418264,0.0038707368,0.010236245,0.0070534907,0.06685978,0.22211587,0.14448783,-1482309.3402696815,2.8886089120060205,-1482296.7061071473,-1482302.4995183763
S2-15.5,product,[H]c1nc(N([H])c2c([H])c(N([H])C(=O)[C:91]([H])([H])[C:92]([H])(C([H])([H])N(C([H])([H])[H])C([H])([H])[H])[S:93]C([H])([H])[H])c([H])c([H])c2OC([H])([H])[H])nc(-c2c([H])nn3c([H])c([H])c([H])c([H])c23)c1Cl,0,-0.13859098,-0.03763088,-147.00573565914092,-29.254312890607643,-0.041154545,-0.042238273,-0.041696407,0.0039562434,0.0012852103,0.0026207268,-1482679.803109451,2.834713615477085,-1482668.9902853516,-1482676.2311636333
S2-15.6,reactant,[H]c1nc(N([H])c2c([H])c(N([H])C(=O)/[C:91]([H])=[C:92](\[H])C([H])([H])N(C([H])([H])[H])C([H])([H])[H])c([H])c([H])c2OC([H])([H])[H])nc(-c2c([H])nn3c([H])c([H])c([H])c([H])c23)c1Cl,0,-0.15719338,-0.123544045,-150.49362847215937,-29.314248318148472,0.023134582,0.023570716,0.023352649,-0.015472174,-0.018283531,-0.016877852,-1207317.0090962758,1.9083125423640013,-1207309.425212955,-1207314.2792626033
S2-15.6,intermediate,[H]C1=C([H])c2c(-c3nc(N([H])c4c([H])c(N([H])C(=O)[C-:91]([H])[C:92]([H])(C([H])([H])N(C([H])([H])[H])C([H])([H])[H])[S:93]C([H])([H])[H])c([H])c([H])c4OC([H])([H])[H])nc([H])c3Cl)c([H])nn2C([H])=C1[H],-1,-0.3902193,-0.0501434,-67.0117766591307,49.48657299330301,-0.0051179416,0.0042092353,-0.00045435317,0.01833126,0.14053407,0.07943267,-1482317.110148504,5.817746488377452,-1482303.1218704854,-1482308.124870992
S2-15.6,product,[H]c1nc(N([H])c2c([H])c(N([H])C(=O)[C:91]([H])([H])[C:92]([H])(C([H])([H])N(C([H])([H])[H])C([H])([H])[H])[S:93]C([H])([H])[H])c([H])c([H])c2OC([H])([H])[H])nc(-c2c([H])nn3c([H])c([H])c([H])c([H])c23)c1Cl,0,-0.14390826,-0.048816618,-144.5878455563225,-25.94827501892297,-0.0309066,-0.031838927,-0.031372763,0.007641867,0.005481705,0.006561786,-1482684.497676082,7.732313144952059,-1482673.0111832637,-1482679.3981158736
S2-15.7,reactant,[H]c1nc(N([H])c2c([H])c(N([H])C(=O)/[C:91]([H])=[C:92](\[H])C([H])([H])N(C([H])([H])[H])C([H])([H])[H])c([H])c([H])c2OC([H])([H])[H])nc(-c2c([H])nn3c([H])c([H])c([H])c([H])c23)c1Cl,0,-0.12447623,-0.11563256,-149.85511448333307,-28.63325047937576,0.0010471568,0.0016716421,0.0013593994,-0.01188837,-0.020144708,-0.01601654,-1207311.7084891933,2.676103465259075,-1207302.49792893,-1207308.0160071405
S2-15.7,intermediate,[H]C1=C([H])c2c(-c3nc(N([H])c4c([H])c(N([H])C(=O)[C-:91]([H])[C:92]([H])(C([H])([H])N(C([H])([H])[H])C([H])([H])[H])[S:93]C([H])([H])[H])c([H])c([H])c4OC([H])([H])[H])nc([H])c3Cl)c([H])nn2C([H])=C1[H],-1,-0.500101,-0.024764387,-70.99848273849074,34.080851863948745,0.0075694155,0.010550827,0.009060121,0.047805607,0.20162588,0.124715745,-1482315.4900302973,5.046449346467853,-1482305.1929534718,-1482309.5710774201
S2-15.7,product,[H]c1nc(N([H])c2c([H])c(N([H])C(=O)[C:91]([H])([H])[C:92]([H])(C([H])([H])N(C([H])([H])[H])C([H])([H])[H])[S:93]C([H])([H])[H])c([H])c([H])c2OC([H])([H])[H])nc(-c2c([H])nn3c([H])c([H])c([H])c([H])c23)c1Cl,0,-0.14640069,-0.052573763,-144.76889198271334,-24.870444269248086,-0.034097828,-0.03370601,-0.03390192,0.007702574,0.005790025,0.0067462996,-1482682.7530791657,3.807054776698351,-1482671.7147073853,-1482677.424786169
S2-15.8,reactant,[H]c1nc(N([H])c2c([H])c(N([H])C(=O)/[C:91]([H])=[C:92](\[H])C([H])([H])N(C([H])([H])[H])C([H])([H])[H])c([H])c([H])c2OC([H])([H])[H])nc(-c2c([H])nn3c([H])c([H])c([H])c([H])c23)c1Cl,0,-0.12551185,-0.11620324,-150.05716262262945,-28.940329932006115,0.0015046373,0.0022562817,0.0018804595,-0.012424655,-0.020203725,-0.01631419,-1207311.7702609957,2.1592023111879826,-1207302.358537709,-1207308.019662223
S2-15.8,intermediate,[H]C1=C([H])c2c(-c3nc(N([H])c4c([H])c(N([H])C(=O)[C-:91]([H])[C:92]([H])(C([H])([H])N(C([H])([H])[H])C([H])([H])[H])[S:93]C([H])([H])[H])c([H])c([H])c4OC([H])([H])[H])nc([H])c3Cl)c([H])nn2C([H])=C1[H],-1,-0.4621896,-0.032950424,-74.87389324234091,45.24394152386335,0.0078412555,0.011589058,0.009715157,0.0150310695,0.18232694,0.098679006,-1482323.0533788218,12.10327042080462,-1482303.6271205803,-1482310.9512404336
S2-15.8,product,[H]c1nc(N([H])c2c([H])c(N([H])C(=O)[C:91]([H])([H])[C:92]([H])(C([H])([H])N(C([H])([H])[H])C([H])([H])[H])[S:93]C([H])([H])[H])c([H])c([H])c2OC([H])([H])[H])nc(-c2c([H])nn3c([H])c([H])c([H])c([H])c23)c1Cl,0,-0.12867159,-0.06277624,-145.18045487712712,-24.371560345379546,-0.025998674,-0.025415279,-0.025706977,0.004689276,0.000921309,0.0028052926,-1482679.3490815593,3.9873031359165907,-1482669.1241972449,-1482675.3412913333
S2-15.9,reactant,[H]c1nc(N([H])c2c([H])c(N([H])C(=O)/[C:91]([H])=[C:92](\[H])C([H])([H])N(C([H])([H])[H])C([H])([H])[H])c([H])c([H])c2OC([H])([H])[H])nc(-c2c([H])nn3c([H])c([H])c([H])c([H])c23)c1Cl,0,-0.14504623,-0.10834284,-152.04885781046298,-22.667677122076135,0.0007968843,-0.0016583428,-0.00043072924,0.0034713894,-0.0068258494,-0.00167723,-1207317.6411429986,4.620119221508503,-1207306.983922228,-1207312.9787645563
S2-15.9,intermediate,[H]C1=C([H])c2c(-c3nc(N([H])c4c([H])c(N([H])C(=O)[C-:91]([H])[C:92]([H])(C([H])([H])N(C([H])([H])[H])C([H])([H])[H])[S:93]C([H])([H])[H])c([H])c([H])c4OC([H])([H])[H])nc([H])c3Cl)c([H])nn2C([H])=C1[H],-1,-0.48563084,-0.0127422325,-68.79689274427768,35.95012760116629,0.015010897,0.012032758,0.013521828,0.04579875,0.19905478,0.12242676,-1482315.3683781223,2.6159074921160936,-1482304.3824309532,-1482309.5264945284
S2-15.9,product,[H]c1nc(N([H])c2c([H])c(N([H])C(=O)[C:91]([H])([H])[C:92]([H])(C([H])([H])N(C([H])([H])[H])C([H])([H])[H])[S:93]C([H])([H])[H])c([H])c([H])c2OC([H])([H])[H])nc(-c2c([H])nn3c([H])c([H])c([H])c([H])c23)c1Cl,0,-0.14350128,-0.045789625,-146.0402717832738,-26.80744126400136,-0.030976877,-0.03226639,-0.031621635,0.006293103,0.003539905,0.004916504,-1482683.275667707,5.393176781013608,-1482674.9400225594,-1482679.6143933055
S2-15.10,reactant,[H]c1nc(N([H])c2c([H])c(N([H])C(=O)/[C:91]([H])=[C:92](\[H])C([H])([H])N(C([H])([H])[H])C([H])([H])[H])c([H])c([H])c2OC([H])([H])[H])nc(-c2c([H])nn3c([H])c([H])c([H])c([H])c23)c1Cl,0,-0.1505214,-0.13888013,-152.07223863835637,-30.487985583199993,0.00050504506,0.0024144053,0.0014597252,-0.011315659,-0.011380479,-0.011348069,-1207316.059050462,1.7576882392168045,-1207306.0922480866,-1207312.8172972316
S2-15.10,intermediate,[H]C1=C([H])c2c(-c3nc(N([H])c4c([H])c(N([H])C(=O)[C-:91]([H])[C:92]([H])(C([H])([H])N(C([H])([H])[H])C([H])([H])[H])[S:93]C([H])([H])[H])c([H])c([H])c4OC([H])([H])[H])nc([H])c3Cl)c([H])nn2C([H])=C1[H],-1,-0.49217987,-0.034421947,-69.46113334297101,34.52098648970255,0.015574381,0.016124008,0.015849195,0.055036068,0.19814798,0.12659203,-1482316.2920556215,2.353590089827776,-1482306.8715293568,-1482311.5974626795
S2-15.10,product,[H]c1nc(N([H])c2c([H])c(N([H])C(=O)[C:91]([H])([H])[C:92]([H])(C([H])([H])N(C([H])([H])[H])C([H])([H])[H])[S:93]C([H])([H])[H])c([H])c([H])c2OC([H])([H])[H])nc(-c2c([H])nn3c([H])c([H])c([H])c([H])c23)c1Cl,0,-0.14358293,-0.056747254,-147.0745303507425,-22.8223003867924,-0.005781904,-0.009890858,-0.007836381,0.010274291,0.00906232,0.0096683055,-1482684.2130726357,5.565253086388111,-1482673.1812513876,-1482678.4727275802
S2-44.1,reactant,[H]c1nc(N([H])c2c([H])c(N([H])C(=O)[C:91]([H])=[C:92]([H])[H])c([H])c([H])c2OC([H])([H])[H])nc(N([H])c2c([H])c([H])c([H])c([H])c2C(=O)N([H])C([H])([H])[H])c1Cl,0,-0.15460868,-0.2828942,-152.59241930390056,-23.819152032685302,0.02568525,0.023894548,0.0247899,-0.0075963587,-0.007534191,-0.007565275,-1171213.663684515,2.2982281018048525,-1171204.0107758376,-1171209.4746822696
S2-44.1,intermediate,[H]c1nc(N([H])c2c([H])c(N([H])C(=O)[C-:91]([H])[C:92]([H])([H])[S:93]C([H])([H])[H])c([H])c([H])c2OC([H])([H])[H])nc(N([H])c2c([H])c([H])c([H])c([H])c2C(=O)N([H])C([H])([H])[H])c1Cl,-1,-0.5055849,-0.11790269,-69.89510557239606,43.21166853626642,0.016713165,0.019990996,0.01835208,0.07981378,0.27993,0.17987189,-1446214.9363932717,4.9141116589307785,-1446204.0554201668,-1446208.8268258527
S2-44.1,product,[H]c1nc(N([H])c2c([H])c(N([H])C(=O)[C:91]([H])([H])[C:92]([H])([H])[S:93]C([H])([H])[H])c([H])c([H])c2OC([H])([H])[H])nc(N([H])c2c([H])c([H])c([H])c([H])c2C(=O)N([H])C([H])([H])[H])c1Cl,0,-0.14650406,-0.115383446,-147.05487705626655,-22.292497584826073,-0.01899793,-0.019368336,-0.019183133,0.0010709465,-0.0020112097,-0.00047013164,-1446580.6975908948,2.846315586939454,-1446570.4035717507,-1446575.6077474493
S2-44.2,reactant,[H]c1nc(N([H])c2c([H])c(N([H])C(=O)[C:91]([H])=[C:92]([H])[H])c([H])c([H])c2OC([H])([H])[H])nc(N([H])c2c([H])c([H])c([H])c([H])c2C(=O)N([H])C([H])([H])[H])c1Cl,0,-0.15953024,-0.2844614,-152.82046339221486,-23.286860521924073,0.026809871,0.02435249,0.025581181,-0.0071697384,-0.0071492195,-0.007159479,-1171214.467931575,3.714919364079833,-1171205.8138815183,-1171210.2759165731
S2-44.2,intermediate,[H]c1nc(N([H])c2c([H])c(N([H])C(=O)[C-:91]([H])[C:92]([H])([H])[S:93]C([H])([H])[H])c([H])c([H])c2OC([H])([H])[H])nc(N([H])c2c([H])c([H])c([H])c([H])c2C(=O)N([H])C([H])([H])[H])c1Cl,-1,-0.536824,-0.11016447,-66.9322245168176,44.158445659296305,0.0017625317,0.015297577,0.008530054,0.035508752,0.24149856,0.13850366,-1446213.1088530272,5.453885313123465,-1446201.1419222164,-1446205.8988521039
S2-44.2,product,[H]c1nc(N([H])c2c([H])c(N([H])C(=O)[C:91]([H])([H])[C:92]([H])([H])[S:93]C([H])([H])[H])c([H])c([H])c2OC([H])([H])[H])nc(N([H])c2c([H])c([H])c([H])c([H])c2C(=O)N([H])C([H])([H])[H])c1Cl,0,-0.13079122,-0.10386274,-145.91067321144163,-22.43559681249155,-0.032297872,-0.034136273,-0.033217072,0.0003143847,-0.006594345,-0.0031399801,-1446585.3540144328,3.0203161779791117,-1446577.9447391822,-1446582.5173287364
S2-44.3,reactant,[H]c1nc(N([H])c2c([H])c(N([H])C(=O)[C:91]([H])=[C:92]([H])[H])c([H])c([H])c2OC([H])([H])[H])nc(N([H])c2c([H])c([H])c([H])c([H])c2C(=O)N([H])C([H])([H])[H])c1Cl,0,-0.15028837,-0.28038862,-149.76333259985304,-22.1674814950541,0.04608503,0.036203593,0.04114431,-0.004863873,-0.01265727,-0.0087605715,-1171220.5190985634,1.7266615331172943,-1171213.3448725445,-1171218.2147812285
S2-44.3,intermediate,[H]c1nc(N([H])c2c([H])c(N([H])C(=O)[C-:91]([H])[C:92]([H])([H])[S:93]C([H])([H])[H])c([H])c([H])c2OC([H])([H])[H])nc(N([H])c2c([H])c([H])c([H])c([H])c2C(=O)N([H])C([H])([H])[H])c1Cl,-1,-0.5333634,-0.116281636,-71.24545468685672,46.428037042292495,0.01826144,0.020302907,0.019282173,0.0922783,0.30243045,0.19735438,-1446213.2783897198,6.326160999014974,-1446200.966868394,-1446205.782232861
S2-44.3,product,[H]c1nc(N([H])c2c([H])c(N([H])C(=O)[C:91]([H])([H])[C:92]([H])([H])[S:93]C([H])([H])[H])c([H])c([H])c2OC([H])([H])[H])nc(N([H])c2c([H])c([H])c([H])c([H])c2C(=O)N([H])C([H])([H])[H])c1Cl,0,-0.12780996,-0.10366906,-145.4903979085343,-21.975178348084206,-0.0358774,-0.0379138,-0.0368956,0.008602783,-0.0005313009,0.004035741,-1446585.3791164474,2.397279430180788,-1446577.5576832138,-1446582.4155619673
S2-44.4,reactant,[H]c1nc(N([H])c2c([H])c(N([H])C(=O)[C:91]([H])=[C:92]([H])[H])c([H])c([H])c2OC([H])([H])[H])nc(N([H])c2c([H])c([H])c([H])c([H])c2C(=O)N([H])C([H])([H])[H])c1Cl,0,-0.15859267,-0.27080032,-153.95837882402444,-19.287837722334313,0.032158226,0.028197557,0.030177891,-0.0003466159,-0.0043928474,-0.0023697317,-1171220.3152362423,4.987482320517302,-1171210.273084701,-1171215.9591201514
S2-44.4,intermediate,[H]c1nc(N([H])c2c([H])c(N([H])C(=O)[C-:91]([H])[C:92]([H])([H])[S:93]C([H])([H])[H])c([H])c([H])c2OC([H])([H])[H])nc(N([H])c2c([H])c([H])c([H])c([H])c2C(=O)N([H])C([H])([H])[H])c1Cl,-1,-0.4014254,-0.10609135,-70.22273212388721,53.27429059876495,-0.007150136,0.0038659945,-0.0016420707,0.03936863,0.1804288,0.109898716,-1446229.764132232,5.021214194595814,-1446215.0685861206,-1446220.93673808
S2-44.4,product,[H]c1nc(N([H])c2c([H])c(N([H])C(=O)[C:91]([H])([H])[C:92]([H])([H])[S:93]C([H])([H])[H])c([H])c([H])c2OC([H])([H])[H])nc(N([H])c2c([H])c([H])c([H])c([H])c2C(=O)N([H])C([H])([H])[H])c1Cl,0,-0.15518743,-0.11892836,-145.3919991730723,-20.499258444353647,-0.017902829,-0.017208517,-0.017555673,0.0064418465,0.0034383386,0.0049400926,-1446582.5538426868,5.558148158714175,-1446572.030923719,-1446576.1567716163
S2-44.5,reactant,[H]c1nc(N([H])c2c([H])c(N([H])C(=O)[C:91]([H])=[C:92]([H])[H])c([H])c([H])c2OC([H])([H])[H])nc(N([H])c2c([H])c([H])c([H])c([H])c2C(=O)N([H])C([H])([H])[H])c1Cl,0,-0.15399976,-0.28367668,-151.4246481967086,-23.14375442167973,0.02682677,0.024194181,0.025510475,-0.0070047826,-0.007659018,-0.0073319003,-1171220.0495085758,2.608299011364579,-1171211.855296932,-1171217.2537673984
S2-44.5,intermediate,[H]c1nc(N([H])c2c([H])c(N([H])C(=O)[C-:91]([H])[C:92]([H])([H])[S:93]C([H])([H])[H])c([H])c([H])c2OC([H])([H])[H])nc(N([H])c2c([H])c([H])c([H])c([H])c2C(=O)N([H])C([H])([H])[H])c1Cl,-1,-0.51466453,-0.10712128,-69.05424455320117,43.67772368096162,0.005555071,0.01596456,0.010759816,0.057750523,0.24855435,0.15315244,-1446210.8461263187,3.442989455536008,-1446196.7000715397,-1446203.1083814655
S2-44.5,product,[H]c1nc(N([H])c2c([H])c(N([H])C(=O)[C:91]([H])([H])[C:92]([H])([H])[S:93]C([H])([H])[H])c([H])c([H])c2OC([H])([H])[H])nc(N([H])c2c([H])c([H])c([H])c([H])c2C(=O)N([H])C([H])([H])[H])c1Cl,0,-0.12997544,-0.10518283,-147.45868510282799,-23.838299030685913,-0.031905875,-0.0334166,-0.032661237,0.0004950315,-0.006933704,-0.0032193363,-1446581.8502336938,2.2916164230555296,-1446571.9415157377,-1446578.4760196565
S2-44.6,reactant,[H]c1nc(N([H])c2c([H])c(N([H])C(=O)[C:91]([H])=[C:92]([H])[H])c([H])c([H])c2OC([H])([H])[H])nc(N([H])c2c([H])c([H])c([H])c([H])c2C(=O)N([H])C([H])([H])[H])c1Cl,0,-0.15451956,-0.28325257,-152.62450965853597,-23.86283163769513,0.026052415,0.024132222,0.025092319,-0.007709235,-0.0076142102,-0.0076617226,-1171213.6885891939,2.1058391258120537,-1171205.0724049897,-1171209.3612410314
S2-44.6,intermediate,[H]c1nc(N([H])c2c([H])c(N([H])C(=O)[C-:91]([H])[C:92]([H])([H])[S:93]C([H])([H])[H])c([H])c([H])c2OC([H])([H])[H])nc(N([H])c2c([H])c([H])c([H])c([H])c2C(=O)N([H])C([H])([H])[H])c1Cl,-1,-0.51899403,-0.11888082,-66.85436045353337,42.46156225471379,0.012329981,0.018521227,0.015425604,0.03928691,0.24601641,0.14265166,-1446217.0563758053,2.2300996351987123,-1446208.0631136068,-1446212.4724192293
S2-44.6,product,[H]c1nc(N([H])c2c([H])c(N([H])C(=O)[C:91]([H])([H])[C:92]([H])([H])[S:93]C([H])([H])[H])c([H])c([H])c2OC([H])([H])[H])nc(N([H])c2c([H])c([H])c([H])c([H])c2C(=O)N([H])C([H])([H])[H])c1Cl,0,-0.13102579,-0.10408749,-145.85056430984238,-22.623545284262796,-0.0322017,-0.034061626,-0.033131663,-1.9267201e-05,-0.006829962,-0.0034246147,-1446585.4500621285,4.5750146843492985,-1446577.5041737582,-1446582.2772068263
S2-44.7,reactant,[H]c1nc(N([H])c2c([H])c(N([H])C(=O)[C:91]([H])=[C:92]([H])[H])c([H])c([H])c2OC([H])([H])[H])nc(N([H])c2c([H])c([H])c([H])c([H])c2C(=O)N([H])C([H])([H])[H])c1Cl,0,-0.15741213,-0.28069833,-150.2374143450079,-20.742253822950623,0.044037163,0.035320014,0.03967859,-0.0045266747,-0.011178046,-0.007852361,-1171212.5185041365,3.094959171488881,-1171203.0626871116,-1171207.9060935185
S2-44.7,intermediate,[H]c1nc(N([H])c2c([H])c(N([H])C(=O)[C-:91]([H])[C:92]([H])([H])[S:93]C([H])([H])[H])c([H])c([H])c2OC([H])([H])[H])nc(N([H])c2c([H])c([H])c([H])c([H])c2C(=O)N([H])C([H])([H])[H])c1Cl,-1,-0.52086496,-0.11863738,-69.04966401999363,46.62646983798776,0.015517339,0.01982785,0.017672595,0.07075018,0.27887052,0.17481035,-1446214.2407801787,5.013676304370165,-1446203.9746802251,-1446208.1597673525
S2-44.7,product,[H]c1nc(N([H])c2c([H])c(N([H])C(=O)[C:91]([H])([H])[C:92]([H])([H])[S:93]C([H])([H])[H])c([H])c([H])c2OC([H])([H])[H])nc(N([H])c2c([H])c([H])c([H])c([H])c2C(=O)N([H])C([H])([H])[H])c1Cl,0,-0.15161802,-0.117606185,-146.28650303760716,-22.322518392707845,-0.016547158,-0.01621721,-0.016382184,0.0064852685,0.0035551786,0.0050202236,-1446584.117416392,3.3820522222667933,-1446574.8938217435,-1446579.0138860766
S2-44.8,reactant,[H]c1nc(N([H])c2c([H])c(N([H])C(=O)[C:91]([H])=[C:92]([H])[H])c([H])c([H])c2OC([H])([H])[H])nc(N([H])c2c([H])c([H])c([H])c([H])c2C(=O)N([H])C([H])([H])[H])c1Cl,0,-0.15519877,-0.27928647,-152.08657452846415,-18.43831569888473,0.027264804,0.023498833,0.025381818,0.0003105402,-0.0040686727,-0.0018790662,-1171214.4477469623,2.5108486972749233,-1171202.541605221,-1171209.8679746268
S2-44.8,intermediate,[H]c1nc(N([H])c2c([H])c(N([H])C(=O)[C-:91]([H])[C:92]([H])([H])[S:93]C([H])([H])[H])c([H])c([H])c2OC([H])([H])[H])nc(N([H])c2c([H])c([H])c([H])c([H])c2C(=O)N([H])C([H])([H])[H])c1Cl,-1,-0.47523287,-0.12235299,-72.91016119314979,52.770129249104734,0.011840731,0.019281536,0.015561134,0.02124986,0.25284842,0.13704914,-1446226.6185773367,6.282824836671352,-1446212.7733860346,-1446218.1613728667
S2-44.8,product,[H]c1nc(N([H])c2c([H])c(N([H])C(=O)[C:91]([H])([H])[C:92]([H])([H])[S:93]C([H])([H])[H])c([H])c([H])c2OC([H])([H])[H])nc(N([H])c2c([H])c([H])c([H])c([H])c2C(=O)N([H])C([H])([H])[H])c1Cl,0,-0.15042014,-0.124122635,-143.6436013158566,-19.2664877015615,-0.022296727,-0.021328062,-0.021812394,0.0018572509,-0.0009290874,0.00046408176,-1446584.2643016132,6.476438354700804,-1446574.2360651677,-1446579.4731958983
S2-44.9,reactant,[H]c1nc(N([H])c2c([H])c(N([H])C(=O)[C:91]([H])=[C:92]([H])[H])c([H])c([H])c2OC([H])([H])[H])nc(N([H])c2c([H])c([H])c([H])c([H])c2C(=O)N([H])C([H])([H])[H])c1Cl,0,-0.15463905,-0.28393847,-151.40475091863593,-23.48866562411341,0.027286828,0.02452439,0.02590561,-0.0069859177,-0.007538289,-0.0072621033,-1171220.155686148,5.312537422403693,-1171211.6520090213,-1171216.9663287888
S2-44.9,intermediate,[H]c1nc(N([H])c2c([H])c(N([H])C(=O)[C-:91]([H])[C:92]([H])([H])[S:93]C([H])([H])[H])c([H])c([H])c2OC([H])([H])[H])nc(N([H])c2c([H])c([H])c([H])c([H])c2C(=O)N([H])C([H])([H])[H])c1Cl,-1,-0.5041118,-0.1171162,-68.54653784346411,43.07593879974822,0.015522882,0.019198917,0.0173609,0.06795055,0.26145917,0.16470486,-1446212.4197019706,2.3238687068223953,-1446201.6733701148,-1446207.15298965
S2-44.9,product,[H]c1nc(N([H])c2c([H])c(N([H])C(=O)[C:91]([H])([H])[C:92]([H])([H])[S:93]C([H])([H])[H])c([H])c([H])c2OC([H])([H])[H])nc(N([H])c2c([H])c([H])c([H])c([H])c2C(=O)N([H])C([H])([H])[H])c1Cl,0,-0.1319666,-0.10744917,-148.16021675336384,-17.156837265505956,-0.02793637,-0.02747368,-0.027705025,0.0026372373,-0.0017758906,0.00043067336,-1446587.724123922,4.570236714556813,-1446578.9548011676,-1446583.6976724502
S2-44.10,reactant,[H]c1nc(N([H])c2c([H])c(N([H])C(=O)[C:91]([H])=[C:92]([H])[H])c([H])c([H])c2OC([H])([H])[H])nc(N([H])c2c([H])c([H])c([H])c([H])c2C(=O)N([H])C([H])([H])[H])c1Cl,0,-0.15034904,-0.26717797,-156.11736814132968,-21.301490294762115,0.0319044,0.027791113,0.029847756,0.0018226206,-0.003698036,-0.0009377077,-1171222.3279962286,3.1283620223402977,-1171212.4247227672,-1171218.247341508
S2-44.10,intermediate,[H]c1nc(N([H])c2c([H])c(N([H])C(=O)[C-:91]([H])[C:92]([H])([H])[S:93]C([H])([H])[H])c([H])c([H])c2OC([H])([H])[H])nc(N([H])c2c([H])c([H])c([H])c([H])c2C(=O)N([H])C([H])([H])[H])c1Cl,-1,-0.51522404,-0.106526986,-69.41631548554363,43.34495059526543,0.0056012273,0.01588215,0.010741688,0.05788976,0.24999699,0.15394337,-1446210.9161792847,4.6597510147839785,-1446198.0613262088,-1446202.7239246862
S2-44.10,product,[H]c1nc(N([H])c2c([H])c(N([H])C(=O)[C:91]([H])([H])[C:92]([H])([H])[S:93]C([H])([H])[H])c([H])c([H])c2OC([H])([H])[H])nc(N([H])c2c([H])c([H])c([H])c([H])c2C(=O)N([H])C([H])([H])[H])c1Cl,0,-0.13041365,-0.106385686,-145.84094434694043,-19.96550419729682,-0.035212062,-0.036565952,-0.035889007,0.009344667,-0.0006866753,0.004328996,-1446578.0571500058,2.783016050234437,-1446567.4593802674,-1446573.378369397
S2-39.1,reactant,[H]c1nc(N([H])c2c([H])c(N([H])C(=O)/[C:91]([H])=[C:92](\[H])C([H])([H])N(C([H])([H])[H])C([H])([H])[H])c([H])c([H])c2OC([H])([H])[H])nc(-c2c([H])nc3c(C([H])([H])[H])c([H])c([H])c([H])n23)c1Cl,0,-0.1494668,-0.1388591,-150.27687109494212,-31.58841389533782,0.0022258312,0.0030398518,0.0026328415,-0.012231901,-0.012346432,-0.012289166,-1232015.1935627635,2.1837177127599716,-1232004.3160360525,-1232011.338093583
S2-39.1,intermediate,[H]C1=C([H])n2c(nc([H])c2-c2nc(N([H])c3c([H])c(N([H])C(=O)[C-:91]([H])[C:92]([H])(C([H])([H])N(C([H])([H])[H])C([H])([H])[H])[S:93]C([H])([H])[H])c([H])c([H])c3OC([H])([H])[H])nc([H])c2Cl)C(C([H])([H])[H])=C1[H],-1,-0.4816212,-0.02028038,-68.91242577590528,38.51040765886025,0.010013185,0.010964789,0.010488987,0.031098187,0.18796703,0.10953261,-1507008.735576184,4.155418064445257,-1506996.4227258598,-1507003.3010580295
S2-39.1,product,[H]c1nc(N([H])c2c([H])c(N([H])C(=O)[C:91]([H])([H])[C:92]([H])(C([H])([H])N(C([H])([H])[H])C([H])([H])[H])[S:93]C([H])([H])[H])c([H])c([H])c2OC([H])([H])[H])nc(-c2c([H])nc3c(C([H])([H])[H])c([H])c([H])c([H])n23)c1Cl,0,-0.1293491,-0.045735285,-143.73031554173264,-28.236653440380234,-0.03728456,-0.037138477,-0.03721152,0.0022573173,0.00046008825,0.0013587028,-1507377.6023269056,2.4761974532157183,-1507366.1209313131,-1507373.2419816477
S2-39.2,reactant,[H]c1nc(N([H])c2c([H])c(N([H])C(=O)/[C:91]([H])=[C:92](\[H])C([H])([H])N(C([H])([H])[H])C([H])([H])[H])c([H])c([H])c2OC([H])([H])[H])nc(-c2c([H])nc3c(C([H])([H])[H])c([H])c([H])c([H])n23)c1Cl,0,-0.15619831,-0.12324214,-148.27477176953533,-27.239953009846733,0.02203317,0.022943929,0.02248855,-0.01482816,-0.017818391,-0.016323276,-1232012.8505830627,1.8619740158319473,-1232002.3557677914,-1232009.7143906099
S2-39.2,intermediate,[H]C1=C([H])n2c(nc([H])c2-c2nc(N([H])c3c([H])c(N([H])C(=O)[C-:91]([H])[C:92]([H])(C([H])([H])N(C([H])([H])[H])C([H])([H])[H])[S:93]C([H])([H])[H])c([H])c([H])c3OC([H])([H])[H])nc([H])c2Cl)C(C([H])([H])[H])=C1[H],-1,-0.517127,-0.04487302,-68.95427211093953,35.104003944976135,0.0033568852,0.010021143,0.006689014,0.06662488,0.22368816,0.14515652,-1507009.5634959915,2.911683674901724,-1506995.6144767785,-1507002.320929653
S2-39.2,product,[H]c1nc(N([H])c2c([H])c(N([H])C(=O)[C:91]([H])([H])[C:92]([H])(C([H])([H])N(C([H])([H])[H])C([H])([H])[H])[S:93]C([H])([H])[H])c([H])c([H])c2OC([H])([H])[H])nc(-c2c([H])nc3c(C([H])([H])[H])c([H])c([H])c([H])n23)c1Cl,0,-0.14376245,-0.071653284,-145.40411029044077,-28.56275176674495,-0.029957552,-0.028308824,-0.029133188,-0.000454396,-0.0018020123,-0.0011282042,-1507380.3961684234,7.5421545803546906,-1507366.8536640136,-1507373.2406067725
S2-39.3,reactant,[H]c1nc(N([H])c2c([H])c(N([H])C(=O)/[C:91]([H])=[C:92](\[H])C([H])([H])N(C([H])([H])[H])C([H])([H])[H])c([H])c([H])c2OC([H])([H])[H])nc(-c2c([H])nc3c(C([H])([H])[H])c([H])c([H])c([H])n23)c1Cl,0,-0.15042819,-0.13908434,-147.85907204724987,-30.027301438585273,0.002715677,0.0030991137,0.0029073954,-0.0115172565,-0.011909708,-0.011713482,-1232011.2773734075,1.9649076107889414,-1231999.1497591285,-1232007.7782669752
S2-39.3,intermediate,[H]C1=C([H])n2c(nc([H])c2-c2nc(N([H])c3c([H])c(N([H])C(=O)[C-:91]([H])[C:92]([H])(C([H])([H])N(C([H])([H])[H])C([H])([H])[H])[S:93]C([H])([H])[H])c([H])c([H])c3OC([H])([H])[H])nc([H])c2Cl)C(C([H])([H])[H])=C1[H],-1,-0.47283933,-0.014668676,-67.03540743597225,35.563019411335326,0.0065853754,0.0048521683,0.005718772,0.061301142,0.20878431,0.13504273,-1507013.3155194162,7.352126931771636,-1506999.1017447156,-1507004.8457834139
S2-39.3,product,[H]c1nc(N([H])c2c([H])c(N([H])C(=O)[C:91]([H])([H])[C:92]([H])(C([H])([H])N(C([H])([H])[H])C([H])([H])[H])[S:93]C([H])([H])[H])c([H])c([H])c2OC([H])([H])[H])nc(-c2c([H])nc3c(C([H])([H])[H])c([H])c([H])c([H])n23)c1Cl,0,-0.1451017,-0.042926025,-142.24232196863795,-26.22947191454963,-0.029206667,-0.032102127,-0.030654397,-5.0887465e-05,-0.0020802468,-0.0010655671,-1507377.6645143535,2.4171287789940834,-1507366.4609852936,-1507372.2137465575
S2-39.4,reactant,[H]c1nc(N([H])c2c([H])c(N([H])C(=O)/[C:91]([H])=[C:92](\[H])C([H])([H])N(C([H])([H])[H])C([H])([H])[H])c([H])c([H])c2OC([H])([H])[H])nc(-c2c([H])nc3c(C([H])([H])[H])c([H])c([H])c([H])n23)c1Cl,0,-0.15949966,-0.1085641,-150.0311961003633,-31.655667715496026,-0.00567358,-0.0063006654,-0.0059871227,0.0081795305,-0.00068333745,0.0037480965,-1232015.6307917363,2.237028807401657,-1232005.7791083015,-1232011.5139963902
S2-39.4,intermediate,[H]C1=C([H])n2c(nc([H])c2-c2nc(N([H])c3c([H])c(N([H])C(=O)[C-:91]([H])[C:92]([H])(C([H])([H])N(C([H])([H])[H])C([H])([H])[H])[S:93]C([H])([H])[H])c([H])c([H])c3OC([H])([H])[H])nc([H])c2Cl)C(C([H])([H])[H])=C1[H],-1,-0.4949953,-0.016193844,-66.63436703295996,35.83051491863719,0.016366795,0.014473002,0.015419899,0.04679978,0.20755473,0.12717725,-1507009.5224752482,3.098600732162595,-1506998.0664667534,-1507003.2681384361
S2-39.4,product,[H]c1nc(N([H])c2c([H])c(N([H])C(=O)[C:91]([H])([H])[C:92]([H])(C([H])([H])N(C([H])([H])[H])C([H])([H])[H])[S:93]C([H])([H])[H])c([H])c([H])c2OC([H])([H])[H])nc(-c2c([H])nc3c(C([H])([H])[H])c([H])c([H])c([H])n23)c1Cl,0,-0.13768502,-0.045643132,-145.14751267288537,-29.03198366370274,-0.023233138,-0.025339525,-0.024286332,0.003390953,0.0015307516,0.0024608523,-1507380.6180498498,5.439172836020589,-1507368.2246628162,-1507375.5377048843
S2-39.5,reactant,[H]c1nc(N([H])c2c([H])c(N([H])C(=O)/[C:91]([H])=[C:92](\[H])C([H])([H])N(C([H])([H])[H])C([H])([H])[H])c([H])c([H])c2OC([H])([H])[H])nc(-c2c([H])nc3c(C([H])([H])[H])c([H])c([H])c([H])n23)c1Cl,0,-0.17883244,-0.08550495,-146.0405516740816,-29.697542184931404,0.017379835,0.01296068,0.015170258,0.004153922,-0.0059869885,-0.0009165332,-1232011.9976588124,2.3691721688956022,-1232003.1461550372,-1232008.911944831
S2-39.5,intermediate,[H]C1=C([H])n2c(nc([H])c2-c2nc(N([H])c3c([H])c(N([H])C(=O)[C-:91]([H])[C:92]([H])(C([H])([H])N(C([H])([H])[H])C([H])([H])[H])[S:93]C([H])([H])[H])c([H])c([H])c3OC([H])([H])[H])nc([H])c2Cl)C(C([H])([H])[H])=C1[H],-1,-0.15194538,-0.11063826,-81.53553350063689,27.64316044217732,-0.005239278,-0.0015814453,-0.0034103617,0.006138012,-0.004692003,0.00072300434,-1507022.6577649163,4.106932891532779,-1507008.9765376914,-1507014.5629736453
S2-39.5,product,[H]c1nc(N([H])c2c([H])c(N([H])C(=O)[C:91]([H])([H])[C:92]([H])(C([H])([H])N(C([H])([H])[H])C([H])([H])[H])[S:93]C([H])([H])[H])c([H])c([H])c2OC([H])([H])[H])nc(-c2c([H])nc3c(C([H])([H])[H])c([H])c([H])c([H])n23)c1Cl,0,-0.12611035,-0.030220266,-143.88039453230297,-26.821971622419465,-0.024395112,-0.027670614,-0.026032863,0.002238959,-0.00020416081,0.0010173991,-1507375.6851394027,3.6936844401061535,-1507363.3989019224,-1507369.4134691942
S2-39.6,reactant,[H]c1nc(N([H])c2c([H])c(N([H])C(=O)/[C:91]([H])=[C:92](\[H])C([H])([H])N(C([H])([H])[H])C([H])([H])[H])c([H])c([H])c2OC([H])([H])[H])nc(-c2c([H])nc3c(C([H])([H])[H])c([H])c([H])c([H])n23)c1Cl,0,-0.14984827,-0.13914512,-147.922445964085,-30.00279886202753,0.0024104416,0.0028366745,0.002623558,-0.011418283,-0.011872187,-0.011645235,-1232011.274606057,2.0281518269330263,-1232001.2571237597,-1232007.5619597386
S2-39.6,intermediate,[H]C1=C([H])n2c(nc([H])c2-c2nc(N([H])c3c([H])c(N([H])C(=O)[C-:91]([H])[C:92]([H])(C([H])([H])N(C([H])([H])[H])C([H])([H])[H])[S:93]C([H])([H])[H])c([H])c([H])c3OC([H])([H])[H])nc([H])c2Cl)C(C([H])([H])[H])=C1[H],-1,-0.17113262,-0.09699716,-79.9140145950235,34.80124930454495,-0.002543874,-0.0034553856,-0.0029996298,0.024450853,0.010353059,0.017401956,-1507030.9169328522,7.017879031598568,-1507013.3601876094,-1507018.5815413638
S2-39.6,product,[H]c1nc(N([H])c2c([H])c(N([H])C(=O)[C:91]([H])([H])[C:92]([H])(C([H])([H])N(C([H])([H])[H])C([H])([H])[H])[S:93]C([H])([H])[H])c([H])c([H])c2OC([H])([H])[H])nc(-c2c([H])nc3c(C([H])([H])[H])c([H])c([H])c([H])n23)c1Cl,0,-0.14092411,-0.069111146,-145.3662368405605,-28.906800545599626,-0.033594474,-0.030802265,-0.03219837,-0.0011285543,-0.002605319,-0.0018669367,-1507379.1410648862,2.5491287410259247,-1507367.3337404092,-1507374.4395739506
S2-39.7,reactant,[H]c1nc(N([H])c2c([H])c(N([H])C(=O)/[C:91]([H])=[C:92](\[H])C([H])([H])N(C([H])([H])[H])C([H])([H])[H])c([H])c([H])c2OC([H])([H])[H])nc(-c2c([H])nc3c(C([H])([H])[H])c([H])c([H])c([H])n23)c1Cl,0,-0.17908849,-0.10098915,-153.4811913734011,-26.292839337334645,-0.023034595,-0.016489655,-0.019762125,0.0030736625,0.0023007542,0.0026872084,-1232018.9280317004,6.247328938916326,-1232008.1828196966,-1232014.653273543
S2-39.7,intermediate,[H]C1=C([H])n2c(nc([H])c2-c2nc(N([H])c3c([H])c(N([H])C(=O)[C-:91]([H])[C:92]([H])(C([H])([H])N(C([H])([H])[H])C([H])([H])[H])[S:93]C([H])([H])[H])c([H])c([H])c3OC([H])([H])[H])nc([H])c2Cl)C(C([H])([H])[H])=C1[H],-1,-0.4852527,-0.032864295,-66.54140264812445,38.79568968549824,0.008727416,0.010461105,0.009594261,0.06184897,0.21074411,0.13629654,-1507011.0893043266,4.0743181351572275,-1506999.6903507113,-1507004.6176339344
S2-39.7,product,[H]c1nc(N([H])c2c([H])c(N([H])C(=O)[C:91]([H])([H])[C:92]([H])(C([H])([H])N(C([H])([H])[H])C([H])([H])[H])[S:93]C([H])([H])[H])c([H])c([H])c2OC([H])([H])[H])nc(-c2c([H])nc3c(C([H])([H])[H])c([H])c([H])c([H])n23)c1Cl,0,-0.1443423,-0.06071775,-144.0217657412898,-28.15403861987526,-0.020407159,-0.021224115,-0.020815637,0.008080065,0.0069779158,0.0075289905,-1507382.5935848395,3.6363224759697914,-1507370.2319539324,-1507377.2074176248
S2-39.8,reactant,[H]c1nc(N([H])c2c([H])c(N([H])C(=O)/[C:91]([H])=[C:92](\[H])C([H])([H])N(C([H])([H])[H])C([H])([H])[H])c([H])c([H])c2OC([H])([H])[H])nc(-c2c([H])nc3c(C([H])([H])[H])c([H])c([H])c([H])n23)c1Cl,0,-0.15658708,-0.10076429,-147.6820253281983,-24.207787521455305,-0.017933793,-0.015531793,-0.016732793,0.020687282,0.0026335567,0.011660419,-1232010.372295812,3.109114497900009,-1232000.3375331014,-1232006.1307909188
S2-39.8,intermediate,[H]C1=C([H])n2c(nc([H])c2-c2nc(N([H])c3c([H])c(N([H])C(=O)[C-:91]([H])[C:92]([H])(C([H])([H])N(C([H])([H])[H])C([H])([H])[H])[S:93]C([H])([H])[H])c([H])c([H])c3OC([H])([H])[H])nc([H])c2Cl)C(C([H])([H])[H])=C1[H],-1,-0.15014178,-0.1047308,-84.01270285877739,20.44638350651226,-0.0006717071,0.0016470924,0.00048769265,0.007410556,-0.004185796,0.0016123801,-1507018.7482025449,5.4848354291170835,-1506990.812888511,-1506998.316484455
S2-39.8,product,[H]c1nc(N([H])c2c([H])c(N([H])C(=O)[C:91]([H])([H])[C:92]([H])(C([H])([H])N(C([H])([H])[H])C([H])([H])[H])[S:93]C([H])([H])[H])c([H])c([H])c2OC([H])([H])[H])nc(-c2c([H])nc3c(C([H])([H])[H])c([H])c([H])c([H])n23)c1Cl,0,-0.13629422,-0.0509928,-144.44344123499147,-28.160825373382735,-0.039671116,-0.040123634,-0.039897375,0.0022425354,0.000118255615,0.0011803955,-1507378.2641465853,3.732731658965349,-1507365.7154462403,-1507372.332283812
S2-39.9,reactant,[H]c1nc(N([H])c2c([H])c(N([H])C(=O)/[C:91]([H])=[C:92](\[H])C([H])([H])N(C([H])([H])[H])C([H])([H])[H])c([H])c([H])c2OC([H])([H])[H])nc(-c2c([H])nc3c(C([H])([H])[H])c([H])c([H])c([H])n23)c1Cl,0,-0.15358824,-0.10887282,-149.3371960012837,-30.34120126918432,-0.009867206,-0.008378327,-0.009122767,0.013282016,-0.00028117,0.006500423,-1232012.778040317,2.103433858603239,-1232002.2846243894,-1232008.689013535
S2-39.9,intermediate,[H]C1=C([H])n2c(nc([H])c2-c2nc(N([H])c3c([H])c(N([H])C(=O)[C-:91]([H])[C:92]([H])(C([H])([H])N(C([H])([H])[H])C([H])([H])[H])[S:93]C([H])([H])[H])c([H])c([H])c3OC([H])([H])[H])nc([H])c2Cl)C(C([H])([H])[H])=C1[H],-1,-0.18115045,-0.10619231,-78.78293098781842,29.569656637945087,-0.008923866,-0.008225732,-0.008574799,0.02094163,0.008709326,0.014825478,-1507021.0240938405,5.6378319803625345,-1507005.2198287926,-1507010.943548535
S2-39.9,product,[H]c1nc(N([H])c2c([H])c(N([H])C(=O)[C:91]([H])([H])[C:92]([H])(C([H])([H])N(C([H])([H])[H])C([H])([H])[H])[S:93]C([H])([H])[H])c([H])c([H])c2OC([H])([H])[H])nc(-c2c([H])nc3c(C([H])([H])[H])c([H])c([H])c([H])n23)c1Cl,0,-0.13297218,-0.06576546,-142.37311209128038,-24.11896359373664,-0.024262387,-0.02381996,-0.024041174,0.0061178207,0.0024683475,0.004293084,-1507375.476505038,3.2868495509028435,-1507365.1606390858,-1507370.1602710062
S2-39.10,reactant,[H]c1nc(N([H])c2c([H])c(N([H])C(=O)/[C:91]([H])=[C:92](\[H])C([H])([H])N(C([H])([H])[H])C([H])([H])[H])c([H])c([H])c2OC([H])([H])[H])nc(-c2c([H])nc3c(C([H])([H])[H])c([H])c([H])c([H])n23)c1Cl,0,-0.15274423,-0.13803051,-146.3056109350636,-27.39619327307248,0.0076738596,0.005431339,0.0065525994,-0.011520147,-0.011556223,-0.011538185,-1232009.5061549244,3.5526850260794163,-1231998.175574814,-1232005.3830315329
S2-39.10,intermediate,[H]C1=C([H])n2c(nc([H])c2-c2nc(N([H])c3c([H])c(N([H])C(=O)[C-:91]([H])[C:92]([H])(C([H])([H])N(C([H])([H])[H])C([H])([H])[H])[S:93]C([H])([H])[H])c([H])c([H])c3OC([H])([H])[H])nc([H])c2Cl)C(C([H])([H])[H])=C1[H],-1,-0.41166407,-0.061956752,-66.87876709100432,37.1404388549215,0.0061066113,0.011782303,0.008944457,0.039384514,0.16562748,0.102506,-1507009.7405702448,4.227795829996467,-1506997.051337141,-1507003.7629898407
S2-39.10,product,[H]c1nc(N([H])c2c([H])c(N([H])C(=O)[C:91]([H])([H])[C:92]([H])(C([H])([H])N(C([H])([H])[H])C([H])([H])[H])[S:93]C([H])([H])[H])c([H])c([H])c2OC([H])([H])[H])nc(-c2c([H])nc3c(C([H])([H])[H])c([H])c([H])c([H])n23)c1Cl,0,-0.1455843,-0.039916232,-146.35522181556837,-30.576159672345053,-0.039320998,-0.039316334,-0.039318666,0.0058626533,0.0036785156,0.0047705844,-1507381.2056935646,3.039928512647748,-1507369.180421886,-1507376.4522781754
S2-40.1,reactant,[H]c1nc(N([H])c2c([H])c(N([H])C(=O)/[C:91]([H])=[C:92](\[H])C([H])([H])N(C([H])([H])[H])C([H])([H])[H])c([H])c([H])c2OC([H])([H])[H])nc(-c2c([H])nn3c([H])c([H])c([H])c([H])c23)c1C#N,0,-0.15782236,-0.11041604,-156.3576155454432,-37.89031741921117,-0.007660717,-0.0061436445,-0.0069021806,0.005614102,-0.0010589659,0.002277568,-976803.4372583427,1.930894147604704,-976792.5718599095,-976799.311411266
S2-40.1,intermediate,[H]C1=C([H])c2c(-c3nc(N([H])c4c([H])c(N([H])C(=O)[C-:91]([H])[C:92]([H])(C([H])([H])N(C([H])([H])[H])C([H])([H])[H])[S:93]C([H])([H])[H])c([H])c([H])c4OC([H])([H])[H])nc([H])c3C#N)c([H])nn2C([H])=C1[H],-1,-0.45753026,-0.014739499,-74.02684276402455,29.572049585004645,-0.010770092,-0.004900492,-0.007835291,0.033391446,0.17557776,0.1044846,-1251803.1856235333,6.016161596402526,-1251787.9154065424,-1251794.253729921
S2-40.1,product,[H]c1nc(N([H])c2c([H])c(N([H])C(=O)[C:91]([H])([H])[C:92]([H])(C([H])([H])N(C([H])([H])[H])C([H])([H])[H])[S:93]C([H])([H])[H])c([H])c([H])c2OC([H])([H])[H])nc(-c2c([H])nn3c([H])c([H])c([H])c([H])c23)c1C#N,0,-0.13741262,-0.03616391,-150.00911890118218,-32.496098208565314,-0.03895253,-0.039121762,-0.039037146,0.003860727,0.00066934526,0.002265036,-1252165.1643436765,5.412442656233907,-1252155.346267269,-1252160.4318765502
S2-40.2,reactant,[H]c1nc(N([H])c2c([H])c(N([H])C(=O)/[C:91]([H])=[C:92](\[H])C([H])([H])N(C([H])([H])[H])C([H])([H])[H])c([H])c([H])c2OC([H])([H])[H])nc(-c2c([H])nn3c([H])c([H])c([H])c([H])c23)c1C#N,0,-0.17207682,-0.09525323,-160.45532865888154,-33.71601727653546,-0.007393658,-0.001714848,-0.004554253,-0.007666245,-0.010817885,-0.009242065,-976806.7060281257,4.838577453047037,-976793.7770241156,-976800.7530070615
S2-40.2,intermediate,[H]C1=C([H])c2c(-c3nc(N([H])c4c([H])c(N([H])C(=O)[C-:91]([H])[C:92]([H])(C([H])([H])N(C([H])([H])[H])C([H])([H])[H])[S:93]C([H])([H])[H])c([H])c([H])c4OC([H])([H])[H])nc([H])c3C#N)c([H])nn2C([H])=C1[H],-1,-0.45276552,-0.04734143,-72.94875162901464,30.43388120996072,0.012488332,0.012443475,0.012465904,0.0772717,0.21388969,0.1455807,-1251803.8337679785,3.1556691341102123,-1251792.3638246604,-1251796.2094415564
S2-40.2,product,[H]c1nc(N([H])c2c([H])c(N([H])C(=O)[C:91]([H])([H])[C:92]([H])(C([H])([H])N(C([H])([H])[H])C([H])([H])[H])[S:93]C([H])([H])[H])c([H])c([H])c2OC([H])([H])[H])nc(-c2c([H])nn3c([H])c([H])c([H])c([H])c23)c1C#N,0,-0.148322,-0.052440707,-152.92491076336208,-36.74376248998983,-0.031064961,-0.030193802,-0.030629382,0.0020267367,-0.0002682209,0.0008792579,-1252165.593292417,3.1621951311826706,-1252155.6911814772,-1252160.8823510737
S2-40.3,reactant,[H]c1nc(N([H])c2c([H])c(N([H])C(=O)/[C:91]([H])=[C:92](\[H])C([H])([H])N(C([H])([H])[H])C([H])([H])[H])c([H])c([H])c2OC([H])([H])[H])nc(-c2c([H])nn3c([H])c([H])c([H])c([H])c23)c1C#N,0,-0.18339042,-0.08737409,-153.19743417049992,-34.636508071841945,-0.0004839599,0.0019662604,0.00074115023,0.011448488,-0.001499489,0.0049744993,-976801.7789026144,3.545873524621129,-976790.9480917793,-976797.509290929
S2-40.3,intermediate,[H]C1=C([H])c2c(-c3nc(N([H])c4c([H])c(N([H])C(=O)[C-:91]([H])[C:92]([H])(C([H])([H])N(C([H])([H])[H])C([H])([H])[H])[S:93]C([H])([H])[H])c([H])c([H])c4OC([H])([H])[H])nc([H])c3C#N)c([H])nn2C([H])=C1[H],-1,-0.39384648,-0.047823068,-73.58752814330641,40.91770917707557,-0.008647077,0.0024110228,-0.003118027,0.009962797,0.13260308,0.07128294,-1251807.1969501723,7.5435601603239775,-1251792.8078227025,-1251798.6660346424
S2-40.3,product,[H]c1nc(N([H])c2c([H])c(N([H])C(=O)[C:91]([H])([H])[C:92]([H])(C([H])([H])N(C([H])([H])[H])C([H])([H])[H])[S:93]C([H])([H])[H])c([H])c([H])c2OC([H])([H])[H])nc(-c2c([H])nn3c([H])c([H])c([H])c([H])c23)c1C#N,0,-0.13601944,-0.06965502,-150.15657258374125,-32.8435913105203,-0.023771908,-0.02114933,-0.022460619,-0.0013408512,-0.0011758357,-0.0012583435,-1252172.3103496798,2.930004261434078,-1252159.8323053443,-1252166.885530709
S2-40.4,reactant,[H]c1nc(N([H])c2c([H])c(N([H])C(=O)/[C:91]([H])=[C:92](\[H])C([H])([H])N(C([H])([H])[H])C([H])([H])[H])c([H])c([H])c2OC([H])([H])[H])nc(-c2c([H])nn3c([H])c([H])c([H])c([H])c23)c1C#N,0,-0.17609903,-0.08733924,-154.69409760065705,-37.878097081866386,-0.001194194,0.0018978715,0.00035183877,0.010145977,-0.0031155497,0.0035152137,-976803.8210692949,1.766636686399579,-976794.6070252602,-976800.3513142479
S2-40.4,intermediate,[H]C1=C([H])c2c(-c3nc(N([H])c4c([H])c(N([H])C(=O)[C-:91]([H])[C:92]([H])(C([H])([H])N(C([H])([H])[H])C([H])([H])[H])[S:93]C([H])([H])[H])c([H])c([H])c4OC([H])([H])[H])nc([H])c3C#N)c([H])nn2C([H])=C1[H],-1,-0.4549057,-0.022480173,-74.03907467921503,28.71884939979788,-0.01043698,-0.003999792,-0.007218386,0.02712056,0.15807018,0.09259537,-1251805.8415540552,4.185199465602636,-1251791.0293149638,-1251798.0915754144
S2-40.4,product,[H]c1nc(N([H])c2c([H])c(N([H])C(=O)[C:91]([H])([H])[C:92]([H])(C([H])([H])N(C([H])([H])[H])C([H])([H])[H])[S:93]C([H])([H])[H])c([H])c([H])c2OC([H])([H])[H])nc(-c2c([H])nn3c([H])c([H])c([H])c([H])c23)c1C#N,0,-0.14176153,-0.04677237,-152.12168121551224,-36.99652478437273,-0.030127976,-0.03143218,-0.030780079,-0.0018746704,-0.0037762672,-0.0028254688,-1252170.7148744834,6.549384476616979,-1252157.248166965,-1252163.6113776648
S2-40.5,reactant,[H]c1nc(N([H])c2c([H])c(N([H])C(=O)/[C:91]([H])=[C:92](\[H])C([H])([H])N(C([H])([H])[H])C([H])([H])[H])c([H])c([H])c2OC([H])([H])[H])nc(-c2c([H])nn3c([H])c([H])c([H])c([H])c23)c1C#N,0,-0.15774351,-0.11040591,-157.14905043234194,-38.748170305743905,-0.017224312,-0.011859745,-0.014542028,0.012802467,0.0014505237,0.0071264952,-976802.5862276064,1.9000099506229162,-976794.0773999206,-976798.6390954234
S2-40.5,intermediate,[H]C1=C([H])c2c(-c3nc(N([H])c4c([H])c(N([H])C(=O)[C-:91]([H])[C:92]([H])(C([H])([H])N(C([H])([H])[H])C([H])([H])[H])[S:93]C([H])([H])[H])c([H])c([H])c4OC([H])([H])[H])nc([H])c3C#N)c([H])nn2C([H])=C1[H],-1,-0.4654077,-0.04846237,-71.46713877256883,30.86077838455076,0.0038871095,0.008192342,0.0060397256,0.053839713,0.19132513,0.12258242,-1251801.567052889,3.8764696288853884,-1251788.8691667248,-1251795.8472426033
S2-40.5,product,[H]c1nc(N([H])c2c([H])c(N([H])C(=O)[C:91]([H])([H])[C:92]([H])(C([H])([H])N(C([H])([H])[H])C([H])([H])[H])[S:93]C([H])([H])[H])c([H])c([H])c2OC([H])([H])[H])nc(-c2c([H])nn3c([H])c([H])c([H])c([H])c23)c1C#N,0,-0.14027135,-0.052136347,-152.27557408147337,-35.94239425461989,-0.04026085,-0.038296565,-0.03927871,0.0051317364,0.002145499,0.0036386177,-1252169.7904312839,2.6743993777781725,-1252159.7057791476,-1252165.5677495815
S2-40.6,reactant,[H]c1nc(N([H])c2c([H])c(N([H])C(=O)/[C:91]([H])=[C:92](\[H])C([H])([H])N(C([H])([H])[H])C([H])([H])[H])c([H])c([H])c2OC([H])([H])[H])nc(-c2c([H])nn3c([H])c([H])c([H])c([H])c23)c1C#N,0,-0.17947878,-0.08451105,-154.5481320624653,-37.43902660699553,-0.0027154014,0.0002554208,-0.0012299903,0.008165583,-0.0038098544,0.0021778643,-976803.6755437835,1.7225581500679255,-976795.1181562904,-976800.1910491012
S2-40.6,intermediate,[H]C1=C([H])c2c(-c3nc(N([H])c4c([H])c(N([H])C(=O)[C-:91]([H])[C:92]([H])(C([H])([H])N(C([H])([H])[H])C([H])([H])[H])[S:93]C([H])([H])[H])c([H])c([H])c4OC([H])([H])[H])nc([H])c3C#N)c([H])nn2C([H])=C1[H],-1,-0.4622324,-0.017467186,-73.05756123553283,30.599362042553594,-0.010225733,-0.003569372,-0.0068975524,0.031235963,0.1612215,0.09622873,-1251802.606642709,4.215202828869224,-1251790.4218040737,-1251794.7857538445
S2-40.6,product,[H]c1nc(N([H])c2c([H])c(N([H])C(=O)[C:91]([H])([H])[C:92]([H])(C([H])([H])N(C([H])([H])[H])C([H])([H])[H])[S:93]C([H])([H])[H])c([H])c([H])c2OC([H])([H])[H])nc(-c2c([H])nn3c([H])c([H])c([H])c([H])c23)c1C#N,0,-0.13783522,-0.055070717,-150.7410052192795,-35.01625980124388,-0.02488695,-0.024649795,-0.024768373,0.0077314824,0.006028682,0.006880082,-1252166.4315973108,3.216170009225607,-1252155.7134823173,-1252161.3569116048
S2-40.7,reactant,[H]c1nc(N([H])c2c([H])c(N([H])C(=O)/[C:91]([H])=[C:92](\[H])C([H])([H])N(C([H])([H])[H])C([H])([H])[H])c([H])c([H])c2OC([H])([H])[H])nc(-c2c([H])nn3c([H])c([H])c([H])c([H])c23)c1C#N,0,-0.15807353,-0.12713903,-161.02007349443008,-34.041240394411716,-0.0019505024,0.0015611798,-0.00019466132,-0.016182095,-0.011188075,-0.013685085,-976806.1828955942,3.136389598250389,-976796.2249695477,-976800.3469343612
S2-40.7,intermediate,[H]C1=C([H])c2c(-c3nc(N([H])c4c([H])c(N([H])C(=O)[C-:91]([H])[C:92]([H])(C([H])([H])N(C([H])([H])[H])C([H])([H])[H])[S:93]C([H])([H])[H])c([H])c([H])c4OC([H])([H])[H])nc([H])c3C#N)c([H])nn2C([H])=C1[H],-1,-0.5194342,-0.041181616,-74.07829198101835,28.357379676661004,0.0017951652,0.0066371374,0.0042161513,0.06699544,0.21742278,0.14220911,-1251803.45715519,3.2184721808880568,-1251789.4953552047,-1251795.0442433876
S2-40.7,product,[H]c1nc(N([H])c2c([H])c(N([H])C(=O)[C:91]([H])([H])[C:92]([H])(C([H])([H])N(C([H])([H])[H])C([H])([H])[H])[S:93]C([H])([H])[H])c([H])c([H])c2OC([H])([H])[H])nc(-c2c([H])nn3c([H])c([H])c([H])c([H])c23)c1C#N,0,-0.13761294,-0.040609673,-151.04208351255647,-33.85489705437407,-0.035646167,-0.035672814,-0.035659492,0.003923461,0.0013627559,0.0026431084,-1252169.3239839731,3.2761635817587376,-1252159.407283405,-1252165.0636559348
S2-40.8,reactant,[H]c1nc(N([H])c2c([H])c(N([H])C(=O)/[C:91]([H])=[C:92](\[H])C([H])([H])N(C([H])([H])[H])C([H])([H])[H])c([H])c([H])c2OC([H])([H])[H])nc(-c2c([H])nn3c([H])c([H])c([H])c([H])c23)c1C#N,0,-0.15296885,-0.11050012,-156.01724970156647,-37.94295623631695,-0.0058987886,-0.006297983,-0.006098386,0.0041659325,-0.0029671788,0.00059937686,-976803.2686447619,2.2795083466917276,-976794.2546093003,-976799.298774969
S2-40.8,intermediate,[H]C1=C([H])c2c(-c3nc(N([H])c4c([H])c(N([H])C(=O)[C-:91]([H])[C:92]([H])(C([H])([H])N(C([H])([H])[H])C([H])([H])[H])[S:93]C([H])([H])[H])c([H])c([H])c4OC([H])([H])[H])nc([H])c3C#N)c([H])nn2C([H])=C1[H],-1,-0.44056907,-0.046629068,-72.77035294467211,27.799707459168616,-0.0034594089,0.0028975643,-0.00028092228,0.040794253,0.17741647,0.10910536,-1251801.0594187155,6.205600189045072,-1251787.28913406,-1251792.6635147955
S2-40.8,product,[H]c1nc(N([H])c2c([H])c(N([H])C(=O)[C:91]([H])([H])[C:92]([H])(C([H])([H])N(C([H])([H])[H])C([H])([H])[H])[S:93]C([H])([H])[H])c([H])c([H])c2OC([H])([H])[H])nc(-c2c([H])nn3c([H])c([H])c([H])c([H])c23)c1C#N,0,-0.13739581,-0.05656447,-150.6850227287962,-35.149135580260086,-0.026607947,-0.026016582,-0.026312266,0.0077083707,0.0060089678,0.006858669,-1252166.259391687,2.255240274593234,-1252154.5063571124,-1252161.5020472747
S2-40.9,reactant,[H]c1nc(N([H])c2c([H])c(N([H])C(=O)/[C:91]([H])=[C:92](\[H])C([H])([H])N(C([H])([H])[H])C([H])([H])[H])c([H])c([H])c2OC([H])([H])[H])nc(-c2c([H])nn3c([H])c([H])c([H])c([H])c23)c1C#N,0,-0.15936895,-0.12202421,-155.22933621031714,-36.716946230227265,0.021015853,0.02369117,0.022353511,-0.0172299,-0.017347366,-0.017288633,-976804.0893647629,1.875950800254941,-976794.3515377198,-976800.6157982121
S2-40.9,intermediate,[H]C1=C([H])c2c(-c3nc(N([H])c4c([H])c(N([H])C(=O)[C-:91]([H])[C:92]([H])(C([H])([H])N(C([H])([H])[H])C([H])([H])[H])[S:93]C([H])([H])[H])c([H])c([H])c4OC([H])([H])[H])nc([H])c3C#N)c([H])nn2C([H])=C1[H],-1,-0.4803892,-0.021540605,-73.72420031290632,27.29436602278384,0.0061988905,0.0062290616,0.006213976,0.042745084,0.1799553,0.11135019,-1251807.549130941,3.3360431622713804,-1251795.9796567557,-1251801.5727776424
S2-40.9,product,[H]c1nc(N([H])c2c([H])c(N([H])C(=O)[C:91]([H])([H])[C:92]([H])(C([H])([H])N(C([H])([H])[H])C([H])([H])[H])[S:93]C([H])([H])[H])c([H])c([H])c2OC([H])([H])[H])nc(-c2c([H])nn3c([H])c([H])c([H])c([H])c23)c1C#N,0,-0.1296696,-0.06637092,-149.86329004995974,-31.674035728159332,-0.026049156,-0.024403468,-0.025226312,0.0037492067,0.0008524209,0.0023008138,-1252166.8541568287,3.9795266147702932,-1252155.7858199803,-1252161.9406700272
S2-40.10,reactant,[H]c1nc(N([H])c2c([H])c(N([H])C(=O)/[C:91]([H])=[C:92](\[H])C([H])([H])N(C([H])([H])[H])C([H])([H])[H])c([H])c([H])c2OC([H])([H])[H])nc(-c2c([H])nn3c([H])c([H])c([H])c([H])c23)c1C#N,0,-0.15634021,-0.12794687,-160.7817159523549,-35.145385457937714,-0.011129521,-0.0064736605,-0.008801591,-0.012074724,-0.008302301,-0.0101885125,-976804.7687272525,2.73099984228611,-976795.0013159994,-976800.4728757341
S2-40.10,intermediate,[H]C1=C([H])c2c(-c3nc(N([H])c4c([H])c(N([H])C(=O)[C-:91]([H])[C:92]([H])(C([H])([H])N(C([H])([H])[H])C([H])([H])[H])[S:93]C([H])([H])[H])c([H])c([H])c4OC([H])([H])[H])nc([H])c3C#N)c([H])nn2C([H])=C1[H],-1,-0.1647973,-0.11399465,-87.43161378463613,13.423497157889557,-0.0042150244,-0.0019379258,-0.003076475,0.021379054,0.008142397,0.014760725,-1251804.51081897,10.086036399006844,-1251780.8893303461,-1251788.5100722245
S2-40.10,product,[H]c1nc(N([H])c2c([H])c(N([H])C(=O)[C:91]([H])([H])[C:92]([H])(C([H])([H])N(C([H])([H])[H])C([H])([H])[H])[S:93]C([H])([H])[H])c([H])c([H])c2OC([H])([H])[H])nc(-c2c([H])nn3c([H])c([H])c([H])c([H])c23)c1C#N,0,-0.13662092,-0.057927605,-149.85018792064562,-33.04390762470921,-0.033293754,-0.031513285,-0.03240352,0.0017343014,0.0013000518,0.0015171766,-1252169.382104074,3.1676085088402033,-1252157.6080648073,-1252164.5269463311
S2-38.1,reactant,[H]c1nc(N([H])c2c([H])c(N([H])C(=O)[C:91]([H])=[C:92]([H])[H])c(C([H])([H])N(C([H])([H])[H])C([H])([H])[H])c([H])c2OC([H])([H])[H])nc(-c2c([H])nc3c([H])c([H])c([H])c([H])n23)c1Cl,0,-0.15529233,-0.27663657,-150.61236785461583,-30.307048134667983,0.02402234,0.022110641,0.02306649,0.0033821166,-0.000105023384,0.0016385466,-1207327.5513705465,4.4826084692031145,-1207319.1323888975,-1207323.006892103
S2-38.1,intermediate,[H]C1=C([H])c2nc([H])c(-c3nc(N([H])c4c([H])c(N([H])C(=O)[C-:91]([H])[C:92]([H])([H])[S:93]C([H])([H])[H])c(C([H])([H])N(C([H])([H])[H])C([H])([H])[H])c([H])c4OC([H])([H])[H])nc([H])c3Cl)n2C([H])=C1[H],-1,-0.50490874,-0.12023017,-71.26187554624819,37.8004123345004,0.0075609386,0.015004441,0.01128269,0.06944579,0.23156899,0.15050739,-1482329.2969151651,6.499558364972472,-1482314.8068050495,-1482320.8307706262
S2-38.1,product,[H]c1nc(N([H])c2c([H])c(N([H])C(=O)[C:91]([H])([H])[C:92]([H])([H])[S:93]C([H])([H])[H])c(C([H])([H])N(C([H])([H])[H])C([H])([H])[H])c([H])c2OC([H])([H])[H])nc(-c2c([H])nc3c([H])c([H])c([H])c([H])n23)c1Cl,0,-0.13176134,-0.114776984,-146.86152766050847,-28.21311791184406,-0.029134236,-0.028370842,-0.02875254,0.0033670068,-0.0016079545,0.00087952614,-1482693.4447291228,6.037874195724726,-1482683.394594066,-1482689.0792313027
S2-38.2,reactant,[H]c1nc(N([H])c2c([H])c(N([H])C(=O)[C:91]([H])=[C:92]([H])[H])c(C([H])([H])N(C([H])([H])[H])C([H])([H])[H])c([H])c2OC([H])([H])[H])nc(-c2c([H])nc3c([H])c([H])c([H])c([H])n23)c1Cl,0,-0.15346435,-0.27744454,-153.75504063154028,-33.12497939521702,0.022455364,0.021677554,0.022066459,-0.0035827607,-0.0063216835,-0.004952222,-1207322.823097705,2.9812446273863316,-1207311.6549215128,-1207318.789505602
S2-38.2,intermediate,[H]C1=C([H])c2nc([H])c(-c3nc(N([H])c4c([H])c(N([H])C(=O)[C-:91]([H])[C:92]([H])([H])[S:93]C([H])([H])[H])c(C([H])([H])N(C([H])([H])[H])C([H])([H])[H])c([H])c4OC([H])([H])[H])nc([H])c3Cl)n2C([H])=C1[H],-1,-0.49669737,-0.11863695,-69.33261056715033,37.21495505114572,0.0012674183,0.014092967,0.0076801926,0.045522988,0.21938658,0.13245478,-1482318.210240275,9.609260484576225,-1482305.385858345,-1482310.4268970406
S2-38.2,product,[H]c1nc(N([H])c2c([H])c(N([H])C(=O)[C:91]([H])([H])[C:92]([H])([H])[S:93]C([H])([H])[H])c(C([H])([H])N(C([H])([H])[H])C([H])([H])[H])c([H])c2OC([H])([H])[H])nc(-c2c([H])nc3c([H])c([H])c([H])c([H])n23)c1Cl,0,-0.13591316,-0.14017095,-148.29180898448413,-22.833824710759927,-0.025033198,-0.02194184,-0.02348752,0.011047587,0.006204933,0.00862626,-1482694.0381882628,8.324991611763835,-1482683.6355899386,-1482688.1217909923
S2-38.3,reactant,[H]c1nc(N([H])c2c([H])c(N([H])C(=O)[C:91]([H])=[C:92]([H])[H])c(C([H])([H])N(C([H])([H])[H])C([H])([H])[H])c([H])c2OC([H])([H])[H])nc(-c2c([H])nc3c([H])c([H])c([H])c([H])n23)c1Cl,0,-0.14926128,-0.27643615,-150.03385005273296,-30.743012501212363,0.03556186,0.031475425,0.033518642,-0.0035616904,-0.0120744705,-0.0078180805,-1207319.4930097184,2.57041247934103,-1207311.4404109898,-1207315.6637931794
S2-38.3,intermediate,[H]C1=C([H])c2nc([H])c(-c3nc(N([H])c4c([H])c(N([H])C(=O)[C-:91]([H])[C:92]([H])([H])[S:93]C([H])([H])[H])c(C([H])([H])N(C([H])([H])[H])C([H])([H])[H])c([H])c4OC([H])([H])[H])nc([H])c3Cl)n2C([H])=C1[H],-1,-0.5104487,-0.10958559,-68.02445058125275,38.84990931017361,0.013284259,0.01936008,0.01632217,0.08314431,0.2273908,0.15526755,-1482326.7632512427,6.009520187973976,-1482311.0257805297,-1482316.1882543368
S2-38.3,product,[H]c1nc(N([H])c2c([H])c(N([H])C(=O)[C:91]([H])([H])[C:92]([H])([H])[S:93]C([H])([H])[H])c(C([H])([H])N(C([H])([H])[H])C([H])([H])[H])c([H])c2OC([H])([H])[H])nc(-c2c([H])nc3c([H])c([H])c([H])c([H])n23)c1Cl,0,-0.12538382,-0.10990577,-145.4179952105143,-27.235643870852254,-0.03187964,-0.032047518,-0.03196358,-0.0002927482,-0.0054020435,-0.0028473958,-1482685.4720393883,2.5371118057519197,-1482674.570960193,-1482681.5634034646
S2-38.4,reactant,[H]c1nc(N([H])c2c([H])c(N([H])C(=O)[C:91]([H])=[C:92]([H])[H])c(C([H])([H])N(C([H])([H])[H])C([H])([H])[H])c([H])c2OC([H])([H])[H])nc(-c2c([H])nc3c([H])c([H])c([H])c([H])n23)c1Cl,0,-0.15512426,-0.27662203,-150.69154299621263,-30.35558962948539,0.024012268,0.02208522,0.023048744,0.0032010227,-0.00019997358,0.0015005246,-1207327.6312525065,3.7903344873338938,-1207316.74774278,-1207323.162322344
S2-38.4,intermediate,[H]C1=C([H])c2nc([H])c(-c3nc(N([H])c4c([H])c(N([H])C(=O)[C-:91]([H])[C:92]([H])([H])[S:93]C([H])([H])[H])c(C([H])([H])N(C([H])([H])[H])C([H])([H])[H])c([H])c4OC([H])([H])[H])nc([H])c3Cl)n2C([H])=C1[H],-1,-0.29643866,-0.2139191,-65.68566677712676,37.5770756994485,0.078335136,0.07481752,0.07657633,0.08683899,0.10201655,0.09442777,-1482322.6532405033,6.786387758329511,-1482306.5844908513,-1482313.8246941303
S2-38.4,product,[H]c1nc(N([H])c2c([H])c(N([H])C(=O)[C:91]([H])([H])[C:92]([H])([H])[S:93]C([H])([H])[H])c(C([H])([H])N(C([H])([H])[H])C([H])([H])[H])c([H])c2OC([H])([H])[H])nc(-c2c([H])nc3c([H])c([H])c([H])c([H])n23)c1Cl,0,-0.12858361,-0.1033425,-149.4348502106128,-24.671851167798458,-0.02186051,-0.021095693,-0.021478102,0.0059255958,0.0018509626,0.0038882792,-1482692.5185156495,2.404142588376999,-1482682.5472570306,-1482688.1423277266
S2-38.5,reactant,[H]c1nc(N([H])c2c([H])c(N([H])C(=O)[C:91]([H])=[C:92]([H])[H])c(C([H])([H])N(C([H])([H])[H])C([H])([H])[H])c([H])c2OC([H])([H])[H])nc(-c2c([H])nc3c([H])c([H])c([H])c([H])n23)c1Cl,0,-0.15114532,-0.2762325,-149.53158885116022,-29.828380852712474,0.034412414,0.029569492,0.031990953,-0.0058116913,-0.013393328,-0.009602509,-1207321.0207820376,1.9630555398762226,-1207311.7164618836,-1207317.62088478
S2-38.5,intermediate,[H]C1=C([H])c2nc([H])c(-c3nc(N([H])c4c([H])c(N([H])C(=O)[C-:91]([H])[C:92]([H])([H])[S:93]C([H])([H])[H])c(C([H])([H])N(C([H])([H])[H])C([H])([H])[H])c([H])c4OC([H])([H])[H])nc([H])c3Cl)n2C([H])=C1[H],-1,-0.51377696,-0.10343441,-69.15338600017355,37.69707939715066,0.015558064,0.021246783,0.018402424,0.07419747,0.22222465,0.14821106,-1482327.1692602641,4.862426802515984,-1482313.092701694,-1482317.7044722284
S2-38.5,product,[H]c1nc(N([H])c2c([H])c(N([H])C(=O)[C:91]([H])([H])[C:92]([H])([H])[S:93]C([H])([H])[H])c(C([H])([H])N(C([H])([H])[H])C([H])([H])[H])c([H])c2OC([H])([H])[H])nc(-c2c([H])nc3c([H])c([H])c([H])c([H])n23)c1Cl,0,-0.13070245,-0.114230424,-144.93484873635884,-27.31628777164727,-0.029463269,-0.028944433,-0.02920385,0.004004687,-0.0013768673,0.0013139099,-1482690.6396419606,7.0276678912341595,-1482677.1546924456,-1482685.6074510794
S2-38.6,reactant,[H]c1nc(N([H])c2c([H])c(N([H])C(=O)[C:91]([H])=[C:92]([H])[H])c(C([H])([H])N(C([H])([H])[H])C([H])([H])[H])c([H])c2OC([H])([H])[H])nc(-c2c([H])nc3c([H])c([H])c([H])c([H])n23)c1Cl,0,-0.15214956,-0.27504012,-148.43562259742683,-28.50316632226254,0.023758292,0.021152407,0.02245535,0.0023430139,-0.00095906854,0.0006919727,-1207323.9808697628,3.6803329028189182,-1207313.0716613724,-1207319.1455115057
S2-38.6,intermediate,[H]C1=C([H])c2nc([H])c(-c3nc(N([H])c4c([H])c(N([H])C(=O)[C-:91]([H])[C:92]([H])([H])[S:93]C([H])([H])[H])c(C([H])([H])N(C([H])([H])[H])C([H])([H])[H])c([H])c4OC([H])([H])[H])nc([H])c3Cl)n2C([H])=C1[H],-1,-0.51443285,-0.11948389,-68.12108110418818,38.860611456927586,0.008786023,0.015605696,0.012195859,0.07468265,0.2417539,0.15821828,-1482323.6879013903,3.0056090746074915,-1482309.474634656,-1482316.110398039
S2-38.6,product,[H]c1nc(N([H])c2c([H])c(N([H])C(=O)[C:91]([H])([H])[C:92]([H])([H])[S:93]C([H])([H])[H])c(C([H])([H])N(C([H])([H])[H])C([H])([H])[H])c([H])c2OC([H])([H])[H])nc(-c2c([H])nc3c([H])c([H])c([H])c([H])n23)c1Cl,0,-0.12788005,-0.11468991,-146.92677063976356,-28.582617425585646,-0.029354565,-0.028738119,-0.029046342,0.0030186325,-0.0022052377,0.0004066974,-1482694.120951928,4.842313168570399,-1482683.2007588642,-1482689.4088469674
S2-38.7,reactant,[H]c1nc(N([H])c2c([H])c(N([H])C(=O)[C:91]([H])=[C:92]([H])[H])c(C([H])([H])N(C([H])([H])[H])C([H])([H])[H])c([H])c2OC([H])([H])[H])nc(-c2c([H])nc3c([H])c([H])c([H])c([H])n23)c1Cl,0,-0.15176602,-0.27513608,-148.41822295495115,-28.592603788553,0.023803651,0.021128863,0.022466257,0.0023839474,-0.0008889735,0.00074748695,-1207323.9681684123,3.0542170517146587,-1207315.2645324583,-1207319.3835205245
S2-38.7,intermediate,[H]C1=C([H])c2nc([H])c(-c3nc(N([H])c4c([H])c(N([H])C(=O)[C-:91]([H])[C:92]([H])([H])[S:93]C([H])([H])[H])c(C([H])([H])N(C([H])([H])[H])C([H])([H])[H])c([H])c4OC([H])([H])[H])nc([H])c3Cl)n2C([H])=C1[H],-1,-0.45988438,-0.1223413,-68.84668472780609,38.9138207667041,0.0021308511,0.0110488385,0.006589845,0.057977945,0.22211206,0.140045,-1482319.651062272,7.113316014409065,-1482307.4092733015,-1482313.0996747902
S2-38.7,product,[H]c1nc(N([H])c2c([H])c(N([H])C(=O)[C:91]([H])([H])[C:92]([H])([H])[S:93]C([H])([H])[H])c(C([H])([H])N(C([H])([H])[H])C([H])([H])[H])c([H])c2OC([H])([H])[H])nc(-c2c([H])nc3c([H])c([H])c([H])c([H])n23)c1Cl,0,-0.123560615,-0.103633955,-145.63227782376157,-23.05690631810169,-0.006764248,-0.0070534945,-0.0069088712,0.0040904507,0.0014670342,0.0027787425,-1482693.407653364,3.2769559677690268,-1482682.296745108,-1482688.4425566213
S2-38.8,reactant,[H]c1nc(N([H])c2c([H])c(N([H])C(=O)[C:91]([H])=[C:92]([H])[H])c(C([H])([H])N(C([H])([H])[H])C([H])([H])[H])c([H])c2OC([H])([H])[H])nc(-c2c([H])nc3c([H])c([H])c([H])c([H])n23)c1Cl,0,-0.15159836,-0.27884838,-148.17276237728242,-28.096523343128275,0.033340007,0.029524088,0.031432047,0.003254816,-0.0072690547,-0.0020071194,-1207320.424158797,2.0741634406149387,-1207309.7107665874,-1207316.6775794378
S2-38.8,intermediate,[H]C1=C([H])c2nc([H])c(-c3nc(N([H])c4c([H])c(N([H])C(=O)[C-:91]([H])[C:92]([H])([H])[S:93]C([H])([H])[H])c(C([H])([H])N(C([H])([H])[H])C([H])([H])[H])c([H])c4OC([H])([H])[H])nc([H])c3Cl)n2C([H])=C1[H],-1,-0.30757582,-0.21020171,-64.42426639178598,38.453858065350744,0.07634795,0.07082248,0.07358521,0.09348586,0.112863645,0.10317475,-1482320.915776669,3.6399679630994797,-1482305.9284341473,-1482313.1187608596
S2-38.8,product,[H]c1nc(N([H])c2c([H])c(N([H])C(=O)[C:91]([H])([H])[C:92]([H])([H])[S:93]C([H])([H])[H])c(C([H])([H])N(C([H])([H])[H])C([H])([H])[H])c([H])c2OC([H])([H])[H])nc(-c2c([H])nc3c([H])c([H])c([H])c([H])n23)c1Cl,0,-0.12688267,-0.10647119,-146.99588999779607,-30.136934540791742,-0.03234276,-0.03318914,-0.03276595,-0.00090800226,-0.006317094,-0.003612548,-1482686.0419333803,1.9677333552390337,-1482674.910023754,-1482682.2934895852
S2-38.9,reactant,[H]c1nc(N([H])c2c([H])c(N([H])C(=O)[C:91]([H])=[C:92]([H])[H])c(C([H])([H])N(C([H])([H])[H])C([H])([H])[H])c([H])c2OC([H])([H])[H])nc(-c2c([H])nc3c([H])c([H])c([H])c([H])n23)c1Cl,0,-0.14723533,-0.28942356,-149.7314127521207,-28.777834585255714,0.034694135,0.033377767,0.03403595,-0.0020728707,-0.008123025,-0.005097948,-1207327.7700885069,3.7183290142565966,-1207317.1587326238,-1207323.8043146126
S2-38.9,intermediate,[H]C1=C([H])c2nc([H])c(-c3nc(N([H])c4c([H])c(N([H])C(=O)[C-:91]([H])[C:92]([H])([H])[S:93]C([H])([H])[H])c(C([H])([H])N(C([H])([H])[H])C([H])([H])[H])c([H])c4OC([H])([H])[H])nc([H])c3Cl)n2C([H])=C1[H],-1,-0.5191199,-0.12204394,-69.48123880749792,39.61142468254652,0.008464783,0.015875041,0.012169912,0.073094666,0.24288633,0.1579905,-1482324.6586856677,4.616884859278798,-1482309.774067095,-1482316.805822789
S2-38.9,product,[H]c1nc(N([H])c2c([H])c(N([H])C(=O)[C:91]([H])([H])[C:92]([H])([H])[S:93]C([H])([H])[H])c(C([H])([H])N(C([H])([H])[H])C([H])([H])[H])c([H])c2OC([H])([H])[H])nc(-c2c([H])nc3c([H])c([H])c([H])c([H])n23)c1Cl,0,-0.12616585,-0.11567605,-144.81709705657383,-26.914776180701903,-0.032022893,-0.03136488,-0.031693887,0.010425866,0.003888838,0.007157352,-1482690.500878155,2.8681846652179956,-1482680.430962642,-1482685.8902688785
S2-38.10,reactant,[H]c1nc(N([H])c2c([H])c(N([H])C(=O)[C:91]([H])=[C:92]([H])[H])c(C([H])([H])N(C([H])([H])[H])C([H])([H])[H])c([H])c2OC([H])([H])[H])nc(-c2c([H])nc3c([H])c([H])c([H])c([H])n23)c1Cl,0,-0.14876296,-0.2884333,-147.87104917416306,-27.75110661755216,0.034599394,0.032962292,0.033780843,-0.0013720393,-0.0076067,-0.0044893697,-1207324.5426560873,3.4883205592632294,-1207315.204699536,-1207320.6434537338
S2-38.10,intermediate,[H]C1=C([H])c2nc([H])c(-c3nc(N([H])c4c([H])c(N([H])C(=O)[C-:91]([H])[C:92]([H])([H])[S:93]C([H])([H])[H])c(C([H])([H])N(C([H])([H])[H])C([H])([H])[H])c([H])c4OC([H])([H])[H])nc([H])c3Cl)n2C([H])=C1[H],-1,-0.4925871,-0.10150892,-68.27863813020159,46.777497525820955,-0.00040899217,0.010205999,0.0048985034,0.043483377,0.18458521,0.114034295,-1482322.81671825,11.180940810590982,-1482305.8416046407,-1482312.217494527
S2-38.10,product,[H]c1nc(N([H])c2c([H])c(N([H])C(=O)[C:91]([H])([H])[C:92]([H])([H])[S:93]C([H])([H])[H])c(C([H])([H])N(C([H])([H])[H])C([H])([H])[H])c([H])c2OC([H])([H])[H])nc(-c2c([H])nc3c([H])c([H])c([H])c([H])n23)c1Cl,0,-0.12737098,-0.10339558,-146.9731612521317,-30.031258512277592,-0.03202892,-0.03300485,-0.032516886,-0.00045707822,-0.005936533,-0.0031968057,-1482686.059931086,3.2661335058510303,-1482673.9956194232,-1482682.2047420912
S2-55.1,reactant,[H]c1nc(N([H])c2c([H])c([H])c([H])c(C([H])([H])[H])c2[H])c2c([H])c(N([H])C(=O)[C:91]([H])=[C:92]([H])[H])c([H])c([H])c2n1,0,-0.14661404,-0.27753958,-168.31244612537446,-17.88428315234541,0.055925846,0.04697658,0.051451214,-0.0019045919,-0.0139306635,-0.007917628,-621547.3561076077,1.4395262859761715,-621542.0261247663,-621545.6667211644
S2-55.1,intermediate,[H]c1nc(N([H])c2c([H])c([H])c([H])c(C([H])([H])[H])c2[H])c2c([H])c(N([H])C(=O)[C-:91]([H])[C:92]([H])([H])[S:93]C([H])([H])[H])c([H])c([H])c2n1,-1,-0.5053498,-0.116298,-73.30672211469638,56.76726526455137,0.002392128,0.01683259,0.009612359,-0.017051607,0.2235725,0.10326044,-896554.8763959444,1.7330864612013102,-896548.0403865224,-896551.5523566126
S2-55.1,product,[H]c1nc(N([H])c2c([H])c([H])c([H])c(C([H])([H])[H])c2[H])c2c([H])c(N([H])C(=O)[C:91]([H])([H])[C:92]([H])([H])[S:93]C([H])([H])[H])c([H])c([H])c2n1,0,-0.13942984,-0.122426376,-163.18241565285786,-19.4663486188089,-0.02512481,-0.022827953,-0.023976382,-0.00023633242,-0.0029957443,-0.0016160384,-896912.6705521557,1.810566984117031,-896905.3276478905,-896909.1035311933
S2-55.2,reactant,[H]c1nc(N([H])c2c([H])c([H])c([H])c(C([H])([H])[H])c2[H])c2c([H])c(N([H])C(=O)[C:91]([H])=[C:92]([H])[H])c([H])c([H])c2n1,0,-0.15000916,-0.27863842,-169.67443558756494,-19.128059306598466,0.03572139,0.03156583,0.03364361,-0.006149009,-0.008549437,-0.007349223,-621546.456879417,0.9586684573441744,-621540.8231882844,-621544.4850086721
S2-55.2,intermediate,[H]c1nc(N([H])c2c([H])c([H])c([H])c(C([H])([H])[H])c2[H])c2c([H])c(N([H])C(=O)[C-:91]([H])[C:92]([H])([H])[S:93]C([H])([H])[H])c([H])c([H])c2n1,-1,-0.5148213,-0.103334226,-75.66757798940863,58.47648154462198,-0.008663259,0.012348734,0.0018427372,-0.010091126,0.23400271,0.11195579,-896553.7819305796,4.357968281954527,-896545.1745017956,-896548.6867643002
S2-55.2,product,[H]c1nc(N([H])c2c([H])c([H])c([H])c(C([H])([H])[H])c2[H])c2c([H])c(N([H])C(=O)[C:91]([H])([H])[C:92]([H])([H])[S:93]C([H])([H])[H])c([H])c([H])c2n1,0,-0.12772463,-0.1052152,-163.13167356097313,-20.41893136038368,-0.03923843,-0.039767437,-0.039502934,-0.0019248277,-0.009326115,-0.0056254715,-896910.6485416535,2.257501943036914,-896904.1794471068,-896908.4441346076
S2-55.3,reactant,[H]c1nc(N([H])c2c([H])c([H])c([H])c(C([H])([H])[H])c2[H])c2c([H])c(N([H])C(=O)[C:91]([H])=[C:92]([H])[H])c([H])c([H])c2n1,0,-0.1498193,-0.2784123,-169.99477271227803,-18.76586076400698,0.03560546,0.031446993,0.033526227,-0.0061487257,-0.008636817,-0.0073927715,-621546.655774464,1.167563758790493,-621540.1309539368,-621544.7306745516
S2-55.3,intermediate,[H]c1nc(N([H])c2c([H])c([H])c([H])c(C([H])([H])[H])c2[H])c2c([H])c(N([H])C(=O)[C-:91]([H])[C:92]([H])([H])[S:93]C([H])([H])[H])c([H])c([H])c2n1,-1,-0.5057968,-0.1159027,-73.24522521760676,56.740942609644584,0.0023331419,0.016423672,0.009378407,-0.015153438,0.22462073,0.104733646,-896554.9777569346,2.166894806548953,-896549.2254549791,-896551.6291432253
S2-55.3,product,[H]c1nc(N([H])c2c([H])c([H])c([H])c(C([H])([H])[H])c2[H])c2c([H])c(N([H])C(=O)[C:91]([H])([H])[C:92]([H])([H])[S:93]C([H])([H])[H])c([H])c([H])c2n1,0,-0.13129525,-0.10744848,-163.41585183902944,-16.606755926134365,-0.03915833,-0.03895069,-0.03905451,1.9475818e-05,-0.005766988,-0.002873756,-896911.8798156437,3.325004182755947,-896904.095276123,-896908.6927386468
S2-55.4,reactant,[H]c1nc(N([H])c2c([H])c([H])c([H])c(C([H])([H])[H])c2[H])c2c([H])c(N([H])C(=O)[C:91]([H])=[C:92]([H])[H])c([H])c([H])c2n1,0,-0.14660537,-0.2773368,-167.95391108032604,-18.215687427885328,0.05609739,0.046883076,0.051490232,-0.0018669367,-0.013995022,-0.007930979,-621547.135936565,1.0712112858891487,-621542.8357117779,-621545.4260029405
S2-55.4,intermediate,[H]c1nc(N([H])c2c([H])c([H])c([H])c(C([H])([H])[H])c2[H])c2c([H])c(N([H])C(=O)[C-:91]([H])[C:92]([H])([H])[S:93]C([H])([H])[H])c([H])c([H])c2n1,-1,-0.4710546,-0.12046345,-70.7493647181451,56.93680371804119,-0.003547363,0.013915986,0.0051843114,-0.0008136332,0.22744675,0.11331656,-896552.1972519697,1.9425286445766687,-896544.4278344893,-896548.9913288985
S2-55.4,product,[H]c1nc(N([H])c2c([H])c([H])c([H])c(C([H])([H])[H])c2[H])c2c([H])c(N([H])C(=O)[C:91]([H])([H])[C:92]([H])([H])[S:93]C([H])([H])[H])c([H])c([H])c2n1,0,-0.14918989,-0.11853783,-163.8760105765002,-18.315423262324053,-0.022997089,-0.02142027,-0.02220868,0.0061579347,0.0032943338,0.0047261342,-896913.7166816845,6.627994069829583,-896904.5787836192,-896908.4983196064
S2-55.5,reactant,[H]c1nc(N([H])c2c([H])c([H])c([H])c(C([H])([H])[H])c2[H])c2c([H])c(N([H])C(=O)[C:91]([H])=[C:92]([H])[H])c([H])c([H])c2n1,0,-0.14736202,-0.2764396,-168.35488227381813,-19.97548244991641,0.056927383,0.047111228,0.052019306,-0.004462138,-0.014853105,-0.009657621,-621546.3183196249,1.58788625523448,-621541.8417562324,-621544.4299368474
S2-55.5,intermediate,[H]c1nc(N([H])c2c([H])c([H])c([H])c(C([H])([H])[H])c2[H])c2c([H])c(N([H])C(=O)[C-:91]([H])[C:92]([H])([H])[S:93]C([H])([H])[H])c([H])c([H])c2n1,-1,-0.5062961,-0.10676851,-74.40604074125717,55.01702512733538,-0.008990742,0.012806401,0.0019078292,-0.00909096,0.21725342,0.10408123,-896551.2491951471,3.533753762021661,-896542.1522247778,-896545.6838668726
S2-55.5,product,[H]c1nc(N([H])c2c([H])c([H])c([H])c(C([H])([H])[H])c2[H])c2c([H])c(N([H])C(=O)[C:91]([H])([H])[C:92]([H])([H])[S:93]C([H])([H])[H])c([H])c([H])c2n1,0,-0.14908028,-0.11835805,-163.79031688647063,-18.137226929119667,-0.023342915,-0.021693788,-0.022518352,0.0064591467,0.0035177171,0.004988432,-896913.6147832423,5.814147926867008,-896904.3502632976,-896908.5041273723
S2-55.6,reactant,[H]c1nc(N([H])c2c([H])c([H])c([H])c(C([H])([H])[H])c2[H])c2c([H])c(N([H])C(=O)[C:91]([H])=[C:92]([H])[H])c([H])c([H])c2n1,0,-0.1493905,-0.27860498,-169.88583662128153,-18.706649460888983,0.035711974,0.031581327,0.03364665,-0.006408334,-0.008751869,-0.0075801015,-621546.6315346769,0.892095135524869,-621541.761214854,-621544.7393176021
S2-55.6,intermediate,[H]c1nc(N([H])c2c([H])c([H])c([H])c(C([H])([H])[H])c2[H])c2c([H])c(N([H])C(=O)[C-:91]([H])[C:92]([H])([H])[S:93]C([H])([H])[H])c([H])c([H])c2n1,-1,-0.514799,-0.10374454,-75.58180858406365,58.46562713786319,-0.008587025,0.01246433,0.0019386522,-0.009938419,0.2331847,0.11162314,-896553.788051519,4.362658442929387,-896545.060686932,-896548.7591283811
S2-55.6,product,[H]c1nc(N([H])c2c([H])c([H])c([H])c(C([H])([H])[H])c2[H])c2c([H])c(N([H])C(=O)[C:91]([H])([H])[C:92]([H])([H])[S:93]C([H])([H])[H])c([H])c([H])c2n1,0,-0.12761405,-0.10492299,-163.10142764509288,-20.403671022343808,-0.039198592,-0.039742492,-0.039470542,-0.0019514114,-0.00930652,-0.005628966,-896910.65743237,2.2697479743510485,-896904.9203519011,-896908.4564301793
S2-55.7,reactant,[H]c1nc(N([H])c2c([H])c([H])c([H])c(C([H])([H])[H])c2[H])c2c([H])c(N([H])C(=O)[C:91]([H])=[C:92]([H])[H])c([H])c([H])c2n1,0,-0.14657737,-0.2773034,-167.91746022658543,-18.210106042326714,0.056140333,0.04687862,0.051509477,-0.001765132,-0.013965949,-0.007865541,-621547.1075961981,1.047648450359702,-621541.2135624038,-621545.4037863498
S2-55.7,intermediate,[H]c1nc(N([H])c2c([H])c([H])c([H])c(C([H])([H])[H])c2[H])c2c([H])c(N([H])C(=O)[C-:91]([H])[C:92]([H])([H])[S:93]C([H])([H])[H])c([H])c([H])c2n1,-1,-0.50494146,-0.116441,-73.63326008073635,56.68635932168686,0.0024034977,0.016758032,0.009580765,-0.017280698,0.22477895,0.103749126,-896554.8369975563,1.8936270475387573,-896547.1805124854,-896551.3835238209
S2-55.7,product,[H]c1nc(N([H])c2c([H])c([H])c([H])c(C([H])([H])[H])c2[H])c2c([H])c(N([H])C(=O)[C:91]([H])([H])[C:92]([H])([H])[S:93]C([H])([H])[H])c([H])c([H])c2n1,0,-0.13834664,-0.10354344,-163.63193702333515,-20.60608483535319,-0.04318098,-0.039841376,-0.041511178,-0.00052188337,-0.0061144233,-0.0033181533,-896911.0487759461,1.6272177994251251,-896905.2970713176,-896908.725690891
S2-55.8,reactant,[H]c1nc(N([H])c2c([H])c([H])c([H])c(C([H])([H])[H])c2[H])c2c([H])c(N([H])C(=O)[C:91]([H])=[C:92]([H])[H])c([H])c([H])c2n1,0,-0.15372697,-0.27786344,-169.14895622940625,-16.587628317497543,0.03360191,0.030951634,0.032276772,-0.006854072,-0.0073170513,-0.0070855618,-621546.0955730004,3.403186671435833,-621538.5141969094,-621542.7457874991
S2-55.8,intermediate,[H]c1nc(N([H])c2c([H])c([H])c([H])c(C([H])([H])[H])c2[H])c2c([H])c(N([H])C(=O)[C-:91]([H])[C:92]([H])([H])[S:93]C([H])([H])[H])c([H])c([H])c2n1,-1,-0.5148233,-0.10375284,-75.61311655516009,58.4379539920148,-0.008603856,0.012459844,0.0019279942,-0.009750664,0.2337273,0.11198832,-896553.7849730311,4.165317604318261,-896543.6161771637,-896548.7314713284
S2-55.8,product,[H]c1nc(N([H])c2c([H])c([H])c([H])c(C([H])([H])[H])c2[H])c2c([H])c(N([H])C(=O)[C:91]([H])([H])[C:92]([H])([H])[S:93]C([H])([H])[H])c([H])c([H])c2n1,0,-0.13951962,-0.121914096,-163.40401806025207,-19.074935106647313,-0.025868446,-0.02359233,-0.024730388,-0.00039286911,-0.0031172782,-0.0017550737,-896912.7230530838,1.7345810532569885,-896905.5285278514,-896909.1964078658
S2-55.9,reactant,[H]c1nc(N([H])c2c([H])c([H])c([H])c(C([H])([H])[H])c2[H])c2c([H])c(N([H])C(=O)[C:91]([H])=[C:92]([H])[H])c([H])c([H])c2n1,0,-0.14730112,-0.27651978,-168.3542982393482,-19.832630659251404,0.056951463,0.047081128,0.052016295,-0.004423797,-0.014858648,-0.009641223,-621546.3536038144,1.904816772788763,-621541.7122209242,-621544.3754105803
S2-55.9,intermediate,[H]c1nc(N([H])c2c([H])c([H])c([H])c(C([H])([H])[H])c2[H])c2c([H])c(N([H])C(=O)[C-:91]([H])[C:92]([H])([H])[S:93]C([H])([H])[H])c([H])c([H])c2n1,-1,-0.51438457,-0.10368893,-75.31632696552609,57.47991235400212,-0.008267432,0.012554154,0.0021433607,-0.010383785,0.23039052,0.11000337,-896553.347124234,3.7849181592464447,-896544.9352856762,-896548.4820710409
S2-55.9,product,[H]c1nc(N([H])c2c([H])c([H])c([H])c(C([H])([H])[H])c2[H])c2c([H])c(N([H])C(=O)[C:91]([H])([H])[C:92]([H])([H])[S:93]C([H])([H])[H])c([H])c([H])c2n1,0,-0.12609428,-0.10574726,-162.35394288425053,-17.622086846306047,-0.044027016,-0.044126295,-0.044076655,0.006923631,-0.0016847253,0.0026194528,-896912.1146735646,1.015991948544979,-896904.8590987014,-896909.9022410007
S2-55.10,reactant,[H]c1nc(N([H])c2c([H])c([H])c([H])c(C([H])([H])[H])c2[H])c2c([H])c(N([H])C(=O)[C:91]([H])=[C:92]([H])[H])c([H])c([H])c2n1,0,-0.1471789,-0.27650258,-168.34398133730107,-19.8533398370456,0.05695209,0.04710175,0.05202692,-0.004383594,-0.014899373,-0.009641483,-621546.3312845066,1.714953551068902,-621541.4704994047,-621544.3674554534
S2-55.10,intermediate,[H]c1nc(N([H])c2c([H])c([H])c([H])c(C([H])([H])[H])c2[H])c2c([H])c(N([H])C(=O)[C-:91]([H])[C:92]([H])([H])[S:93]C([H])([H])[H])c([H])c([H])c2n1,-1,-0.50572044,-0.11596254,-73.30471023602718,56.46123876180917,0.0022858754,0.016393542,0.009339709,-0.015139192,0.22362575,0.10424328,-896554.9068224205,2.24160548299551,-896547.9537953602,-896551.5435777408
S2-55.10,product,[H]c1nc(N([H])c2c([H])c([H])c([H])c(C([H])([H])[H])c2[H])c2c([H])c(N([H])C(=O)[C:91]([H])([H])[C:92]([H])([H])[S:93]C([H])([H])[H])c([H])c([H])c2n1,0,-0.1396013,-0.12199298,-163.32313759391658,-19.09001964442189,-0.025857858,-0.023589365,-0.024723612,-0.00042153895,-0.0031655729,-0.0017935559,-896912.7444408893,1.5353916995227337,-896904.4533770359,-896909.2636633376
S2-42.1,reactant,[H]c1nc(N([H])c2c([H])c(N([H])C(=O)[C:91]([H])=[C:92]([H])[H])c([H])c([H])c2OC([H])([H])[H])nc(N([H])c2c([H])c([H])c([H])c([H])c2C(=O)N([H])OC([H])([H])[H])c1Cl,0,-0.16423842,-0.2837154,-160.8035004243079,-27.327660076552934,0.026830167,0.027160376,0.026995271,-0.0055050105,-0.0032194704,-0.0043622404,-1218407.8417475047,6.764268133789301,-1218394.9794076497,-1218398.5582806873
S2-42.1,intermediate,[H]c1nc(N([H])c2c([H])c(N([H])C(=O)[C-:91]([H])[C:92]([H])([H])[S:93]C([H])([H])[H])c([H])c([H])c2OC([H])([H])[H])nc(N([H])c2c([H])c([H])c([H])c([H])c2C(=O)N([H])OC([H])([H])[H])c1Cl,-1,-0.5414733,-0.12069146,-67.55751302712996,41.588903845866554,0.013488829,0.019279838,0.016384333,0.05028838,0.24836308,0.14932573,-1493405.6331227117,2.5201560966670513,-1493391.968996663,-1493398.8599551846
S2-42.1,product,[H]c1nc(N([H])c2c([H])c(N([H])C(=O)[C:91]([H])([H])[C:92]([H])([H])[S:93]C([H])([H])[H])c([H])c([H])c2OC([H])([H])[H])nc(N([H])c2c([H])c([H])c([H])c([H])c2C(=O)N([H])OC([H])([H])[H])c1Cl,0,-0.13051775,-0.10592342,-146.14261080796635,-25.17295106411606,-0.03218782,-0.03355453,-0.032871176,-0.00076919794,-0.0070613176,-0.0039152578,-1493775.7687696868,2.281414220109582,-1493766.2604537213,-1493771.486006272
S2-42.2,reactant,[H]c1nc(N([H])c2c([H])c(N([H])C(=O)[C:91]([H])=[C:92]([H])[H])c([H])c([H])c2OC([H])([H])[H])nc(N([H])c2c([H])c([H])c([H])c([H])c2C(=O)N([H])OC([H])([H])[H])c1Cl,0,-0.15080236,-0.2791083,-150.17488083550577,-25.27826541679162,0.042835265,0.035231993,0.03903363,-0.006832108,-0.012401968,-0.009617038,-1218410.9983480212,2.1201417315751314,-1218402.7788438988,-1218407.1302400685
S2-42.2,intermediate,[H]c1nc(N([H])c2c([H])c(N([H])C(=O)[C-:91]([H])[C:92]([H])([H])[S:93]C([H])([H])[H])c([H])c([H])c2OC([H])([H])[H])nc(N([H])c2c([H])c([H])c([H])c([H])c2C(=O)N([H])OC([H])([H])[H])c1Cl,-1,-0.51425886,-0.118842654,-69.12328228929243,38.138970960609726,0.012424223,0.01778835,0.015106287,0.050118327,0.24031729,0.1452178,-1493408.1507704596,3.0980335101485252,-1493397.4209458998,-1493402.4110428868
S2-42.2,product,[H]c1nc(N([H])c2c([H])c(N([H])C(=O)[C:91]([H])([H])[C:92]([H])([H])[S:93]C([H])([H])[H])c([H])c([H])c2OC([H])([H])[H])nc(N([H])c2c([H])c([H])c([H])c([H])c2C(=O)N([H])OC([H])([H])[H])c1Cl,0,-0.13037193,-0.105940334,-146.2386343293337,-25.3440843146319,-0.032438204,-0.033778034,-0.03310812,-0.0008097291,-0.0071118474,-0.0039607882,-1493775.6546425326,1.8423469495028257,-1493765.9396756145,-1493771.460075525
S2-42.3,reactant,[H]c1nc(N([H])c2c([H])c(N([H])C(=O)[C:91]([H])=[C:92]([H])[H])c([H])c([H])c2OC([H])([H])[H])nc(N([H])c2c([H])c([H])c([H])c([H])c2C(=O)N([H])OC([H])([H])[H])c1Cl,0,-0.15496048,-0.25668713,-156.25062650486473,-25.497761506450704,0.027663916,0.025154918,0.026409417,3.1530857e-05,-0.0020163953,-0.0009924322,-1218411.7176908213,2.118526441976428,-1218401.6958042593,-1218407.3989092782
S2-42.3,intermediate,[H]c1nc(N([H])c2c([H])c(N([H])C(=O)[C-:91]([H])[C:92]([H])([H])[S:93]C([H])([H])[H])c([H])c([H])c2OC([H])([H])[H])nc(N([H])c2c([H])c([H])c([H])c([H])c2C(=O)N([H])OC([H])([H])[H])c1Cl,-1,-0.50423634,-0.10589832,-73.97845811400731,39.88648278217286,0.0071028844,0.01571954,0.011411212,0.079674125,0.2563573,0.16801572,-1493403.7172216873,9.63705207593739,-1493387.0554053583,-1493392.392045236
S2-42.3,product,[H]c1nc(N([H])c2c([H])c(N([H])C(=O)[C:91]([H])([H])[C:92]([H])([H])[S:93]C([H])([H])[H])c([H])c([H])c2OC([H])([H])[H])nc(N([H])c2c([H])c([H])c([H])c([H])c2C(=O)N([H])OC([H])([H])[H])c1Cl,0,-0.13514765,-0.1066378,-145.0860786607313,-22.78513190913889,-0.03205488,-0.033102997,-0.032578938,0.0009458661,-0.005273044,-0.002163589,-1493773.9403884113,5.4317382872104645,-1493763.0654301075,-1493769.1134650956
S2-42.4,reactant,[H]c1nc(N([H])c2c([H])c(N([H])C(=O)[C:91]([H])=[C:92]([H])[H])c([H])c([H])c2OC([H])([H])[H])nc(N([H])c2c([H])c([H])c([H])c([H])c2C(=O)N([H])OC([H])([H])[H])c1Cl,0,-0.15489316,-0.28195468,-154.05560952074836,-28.6498183067521,0.024056792,0.023126423,0.023591608,-0.007877663,-0.0071282983,-0.0075029805,-1218405.6687290396,2.908954119309783,-1218397.224168827,-1218401.300630806
S2-42.4,intermediate,[H]c1nc(N([H])c2c([H])c(N([H])C(=O)[C-:91]([H])[C:92]([H])([H])[S:93]C([H])([H])[H])c([H])c([H])c2OC([H])([H])[H])nc(N([H])c2c([H])c([H])c([H])c([H])c2C(=O)N([H])OC([H])([H])[H])c1Cl,-1,-0.50669414,-0.12262671,-65.98225353541459,39.063369540499785,-0.0018349513,0.01291278,0.0055389144,0.05798769,0.24968857,0.15383813,-1493401.6994240147,3.147967590019107,-1493389.0367055228,-1493395.2669519745
S2-42.4,product,[H]c1nc(N([H])c2c([H])c(N([H])C(=O)[C:91]([H])([H])[C:92]([H])([H])[S:93]C([H])([H])[H])c([H])c([H])c2OC([H])([H])[H])nc(N([H])c2c([H])c([H])c([H])c([H])c2C(=O)N([H])OC([H])([H])[H])c1Cl,0,-0.15227692,-0.11758983,-145.76030940734395,-24.31753228561839,-0.016741864,-0.015779555,-0.01626071,0.0037084818,0.002308458,0.00300847,-1493778.1563157158,3.3525088243186474,-1493765.631566088,-1493771.7815988758
S2-42.5,reactant,[H]c1nc(N([H])c2c([H])c(N([H])C(=O)[C:91]([H])=[C:92]([H])[H])c([H])c([H])c2OC([H])([H])[H])nc(N([H])c2c([H])c([H])c([H])c([H])c2C(=O)N([H])OC([H])([H])[H])c1Cl,0,-0.1541411,-0.25809595,-156.15402046247132,-24.780376685296048,0.027228564,0.02492334,0.026075952,6.914139e-06,-0.002632454,-0.00131277,-1218412.4767570405,2.8995252642780542,-1218403.5398086908,-1218407.9707776646
S2-42.5,intermediate,[H]c1nc(N([H])c2c([H])c(N([H])C(=O)[C-:91]([H])[C:92]([H])([H])[S:93]C([H])([H])[H])c([H])c([H])c2OC([H])([H])[H])nc(N([H])c2c([H])c([H])c([H])c([H])c2C(=O)N([H])OC([H])([H])[H])c1Cl,-1,-0.5005435,-0.1178029,-72.57824176580996,39.018723741674904,0.017573193,0.0198557,0.018714447,0.08954853,0.2738755,0.18171202,-1493406.0077492099,5.0940429996699095,-1493392.577700058,-1493399.1172796467
S2-42.5,product,[H]c1nc(N([H])c2c([H])c(N([H])C(=O)[C:91]([H])([H])[C:92]([H])([H])[S:93]C([H])([H])[H])c([H])c([H])c2OC([H])([H])[H])nc(N([H])c2c([H])c([H])c([H])c([H])c2C(=O)N([H])OC([H])([H])[H])c1Cl,0,-0.13062832,-0.10559857,-146.20487332376433,-25.285240514866477,-0.032339923,-0.033716828,-0.033028375,-0.00075154006,-0.007043019,-0.0038972795,-1493775.694676109,2.1838729325681925,-1493765.8231686035,-1493771.4510510687
S2-42.6,reactant,[H]c1nc(N([H])c2c([H])c(N([H])C(=O)[C:91]([H])=[C:92]([H])[H])c([H])c([H])c2OC([H])([H])[H])nc(N([H])c2c([H])c([H])c([H])c([H])c2C(=O)N([H])OC([H])([H])[H])c1Cl,0,-0.15089333,-0.2789887,-150.1631095171614,-25.162210105915925,0.042939246,0.035243094,0.03909117,-0.0067439824,-0.012362212,-0.009553097,-1218410.9999041834,2.1551567297428846,-1218402.6443456267,-1218407.0936539571
S2-42.6,intermediate,[H]c1nc(N([H])c2c([H])c(N([H])C(=O)[C-:91]([H])[C:92]([H])([H])[S:93]C([H])([H])[H])c([H])c([H])c2OC([H])([H])[H])nc(N([H])c2c([H])c([H])c([H])c([H])c2C(=O)N([H])OC([H])([H])[H])c1Cl,-1,-0.5180684,-0.11898786,-67.97297659277329,38.51221719729752,0.011727169,0.017662354,0.0146947615,0.046330273,0.24046353,0.1433969,-1493408.4448703688,2.259361067786813,-1493395.9217146453,-1493402.1327693143
S2-42.6,product,[H]c1nc(N([H])c2c([H])c(N([H])C(=O)[C:91]([H])([H])[C:92]([H])([H])[S:93]C([H])([H])[H])c([H])c([H])c2OC([H])([H])[H])nc(N([H])c2c([H])c([H])c([H])c([H])c2C(=O)N([H])OC([H])([H])[H])c1Cl,0,-0.15549888,-0.11821002,-144.32960045828978,-22.42907879863,-0.013979822,-0.01358372,-0.013781771,0.00380601,0.0022924691,0.0030492395,-1493776.2761599005,6.932349283248186,-1493763.0412482847,-1493768.8714931547
S2-42.7,reactant,[H]c1nc(N([H])c2c([H])c(N([H])C(=O)[C:91]([H])=[C:92]([H])[H])c([H])c([H])c2OC([H])([H])[H])nc(N([H])c2c([H])c([H])c([H])c([H])c2C(=O)N([H])OC([H])([H])[H])c1Cl,0,-0.15063693,-0.27918983,-150.95418163323984,-25.9632276244924,0.042922616,0.03500849,0.038965553,-0.0066830367,-0.012510434,-0.009596735,-1218410.00484805,1.7097557187080383,-1218401.6988009417,-1218406.8112634886
S2-42.7,intermediate,[H]c1nc(N([H])c2c([H])c(N([H])C(=O)[C-:91]([H])[C:92]([H])([H])[S:93]C([H])([H])[H])c([H])c([H])c2OC([H])([H])[H])nc(N([H])c2c([H])c([H])c([H])c([H])c2C(=O)N([H])OC([H])([H])[H])c1Cl,-1,-0.5180878,-0.11876165,-67.95819510099454,38.42307113069987,0.012129508,0.017972894,0.015051201,0.045829654,0.2390084,0.14241903,-1493408.4659445647,2.31702820956707,-1493396.0676285948,-1493402.4429245803
S2-42.7,product,[H]c1nc(N([H])c2c([H])c(N([H])C(=O)[C:91]([H])([H])[C:92]([H])([H])[S:93]C([H])([H])[H])c([H])c([H])c2OC([H])([H])[H])nc(N([H])c2c([H])c([H])c([H])c([H])c2C(=O)N([H])OC([H])([H])[H])c1Cl,0,-0.14269832,-0.12218288,-145.3339225915341,-24.300907758124133,-0.019943729,-0.018444665,-0.019194197,0.0004414469,-0.002003625,-0.00078108907,-1493776.513204648,2.1255721617490053,-1493765.6237631645,-1493771.4724543856
S2-42.8,reactant,[H]c1nc(N([H])c2c([H])c(N([H])C(=O)[C:91]([H])=[C:92]([H])[H])c([H])c([H])c2OC([H])([H])[H])nc(N([H])c2c([H])c([H])c([H])c([H])c2C(=O)N([H])OC([H])([H])[H])c1Cl,0,-0.15164275,-0.2791964,-157.26968690965546,-21.914815598657004,0.031144917,0.027279317,0.029212117,-0.007967785,-0.008480325,-0.008224055,-1218411.4136797723,3.8705963119864464,-1218400.4593697002,-1218406.6026308583
S2-42.8,intermediate,[H]c1nc(N([H])c2c([H])c(N([H])C(=O)[C-:91]([H])[C:92]([H])([H])[S:93]C([H])([H])[H])c([H])c([H])c2OC([H])([H])[H])nc(N([H])c2c([H])c([H])c([H])c([H])c2C(=O)N([H])OC([H])([H])[H])c1Cl,-1,-0.5032533,-0.118416235,-70.17736444119082,38.51483708157563,0.014710277,0.018997096,0.016853686,0.07207501,0.26360267,0.16783884,-1493405.3111826715,5.179792797192931,-1493392.201432588,-1493398.2378906289
S2-42.8,product,[H]c1nc(N([H])c2c([H])c(N([H])C(=O)[C:91]([H])([H])[C:92]([H])([H])[S:93]C([H])([H])[H])c([H])c([H])c2OC([H])([H])[H])nc(N([H])c2c([H])c([H])c([H])c([H])c2C(=O)N([H])OC([H])([H])[H])c1Cl,0,-0.14690867,-0.12183443,-144.1418831820178,-22.391259590276377,-0.019501336,-0.0189275,-0.019214418,0.00092083216,-0.0017428547,-0.00041101128,-1493774.7856436444,4.134493397548795,-1493762.8215463348,-1493768.5435560185
S2-42.9,reactant,[H]c1nc(N([H])c2c([H])c(N([H])C(=O)[C:91]([H])=[C:92]([H])[H])c([H])c([H])c2OC([H])([H])[H])nc(N([H])c2c([H])c([H])c([H])c([H])c2C(=O)N([H])OC([H])([H])[H])c1Cl,0,-0.15106794,-0.27900624,-150.07588726290672,-25.064109139530665,0.042940915,0.03522639,0.039083652,-0.0067225844,-0.012310296,-0.00951644,-1218410.9469004648,2.1089468598365784,-1218400.882165725,-1218407.0271867411
S2-42.9,intermediate,[H]c1nc(N([H])c2c([H])c(N([H])C(=O)[C-:91]([H])[C:92]([H])([H])[S:93]C([H])([H])[H])c([H])c([H])c2OC([H])([H])[H])nc(N([H])c2c([H])c([H])c([H])c([H])c2C(=O)N([H])OC([H])([H])[H])c1Cl,-1,-0.15647297,-0.30154026,-79.86256023852864,37.7366299384908,0.02703476,0.026579708,0.026807234,0.010454521,0.00021202862,0.0053332746,-1493420.7154802561,4.851001068949699,-1493389.0509634498,-1493394.606117744
S2-42.9,product,[H]c1nc(N([H])c2c([H])c(N([H])C(=O)[C:91]([H])([H])[C:92]([H])([H])[S:93]C([H])([H])[H])c([H])c([H])c2OC([H])([H])[H])nc(N([H])c2c([H])c([H])c([H])c([H])c2C(=O)N([H])OC([H])([H])[H])c1Cl,0,-0.15274882,-0.11822631,-143.1289402994414,-21.114600315238032,-0.016749658,-0.016305141,-0.0165274,0.0068870634,0.0047369897,0.0058120266,-1493775.0589227264,2.2927091736346483,-1493763.3789007252,-1493769.247123794
S2-42.10,reactant,[H]c1nc(N([H])c2c([H])c(N([H])C(=O)[C:91]([H])=[C:92]([H])[H])c([H])c([H])c2OC([H])([H])[H])nc(N([H])c2c([H])c([H])c([H])c([H])c2C(=O)N([H])OC([H])([H])[H])c1Cl,0,-0.15372442,-0.28249148,-151.7470541127957,-26.415372122917127,0.02504021,0.023649871,0.02434504,-0.007865384,-0.0075606853,-0.0077130347,-1218410.2965211894,2.1496050469577312,-1218400.4767457664,-1218406.0634546245
S2-42.10,intermediate,[H]c1nc(N([H])c2c([H])c(N([H])C(=O)[C-:91]([H])[C:92]([H])([H])[S:93]C([H])([H])[H])c([H])c([H])c2OC([H])([H])[H])nc(N([H])c2c([H])c([H])c([H])c([H])c2C(=O)N([H])OC([H])([H])[H])c1Cl,-1,-0.39428756,-0.101142645,-73.81423569657804,53.510723164387,0.0061129257,0.013313659,0.009713292,0.009855688,0.13776422,0.07380995,-1493423.7914387535,3.4299591444432735,-1493411.3351369365,-1493416.2928012472
S2-42.10,product,[H]c1nc(N([H])c2c([H])c(N([H])C(=O)[C:91]([H])([H])[C:92]([H])([H])[S:93]C([H])([H])[H])c([H])c([H])c2OC([H])([H])[H])nc(N([H])c2c([H])c([H])c([H])c([H])c2C(=O)N([H])OC([H])([H])[H])c1Cl,0,-0.15574722,-0.1183772,-144.1690975711464,-22.30350406651999,-0.013740413,-0.013327785,-0.013534099,0.0038902164,0.0023750663,0.0031326413,-1493776.3056554922,6.041947230696678,-1493763.880274414,-1493769.1104406484
S2-45.1,reactant,[H]c1nc(N([H])c2c([H])c(N([H])C(=O)/[C:91]([H])=[C:92](\[H])C([H])([H])N(C([H])([H])[H])C([H])([H])[H])c([H])c([H])c2OC([H])([H])[H])nc(N([H])c2c([H])c([H])c([H])c([H])c2C(=O)N([H])C([H])([H])[H])c1Cl,0,-0.16708179,-0.10067169,-148.7995145660176,-21.97770804855695,-0.0152013,-0.013040498,-0.014120899,0.010844931,0.0015019029,0.006173417,-1280029.3648236105,3.452579179778695,-1280019.4450384222,-1280025.8268774317
S2-45.1,intermediate,[H]c1nc(N([H])c2c([H])c(N([H])C(=O)[C-:91]([H])[C:92]([H])(C([H])([H])N(C([H])([H])[H])C([H])([H])[H])[S:93]C([H])([H])[H])c([H])c([H])c2OC([H])([H])[H])nc(N([H])c2c([H])c([H])c([H])c([H])c2C(=O)N([H])C([H])([H])[H])c1Cl,-1,-0.49648526,-0.021819273,-63.39418880078992,42.699490121849735,0.015914293,0.0133278975,0.014621096,0.045051485,0.20657945,0.12581547,-1555021.2348535457,5.1361830327659845,-1555008.5289038261,-1555014.340943706
S2-45.1,product,[H]c1nc(N([H])c2c([H])c(N([H])C(=O)[C:91]([H])([H])[C:92]([H])(C([H])([H])N(C([H])([H])[H])C([H])([H])[H])[S:93]C([H])([H])[H])c([H])c([H])c2OC([H])([H])[H])nc(N([H])c2c([H])c([H])c([H])c([H])c2C(=O)N([H])C([H])([H])[H])c1Cl,0,-0.14616038,-0.041481994,-137.36349407399996,-19.14365165471174,-0.031225353,-0.033236794,-0.032231074,0.00843288,0.0058390647,0.0071359724,-1555390.091910851,6.900504408404231,-1555378.0344971253,-1555384.9762071935
S2-45.2,reactant,[H]c1nc(N([H])c2c([H])c(N([H])C(=O)/[C:91]([H])=[C:92](\[H])C([H])([H])N(C([H])([H])[H])C([H])([H])[H])c([H])c([H])c2OC([H])([H])[H])nc(N([H])c2c([H])c([H])c([H])c([H])c2C(=O)N([H])C([H])([H])[H])c1Cl,0,-0.1520335,-0.13920961,-142.41650877389657,-22.398445195643152,0.012472272,0.008175537,0.010323904,-0.011685863,-0.012757435,-0.012221649,-1280022.7835252504,3.0016316808760166,-1280013.7407039315,-1280019.0990135397
S2-45.2,intermediate,[H]c1nc(N([H])c2c([H])c(N([H])C(=O)[C-:91]([H])[C:92]([H])(C([H])([H])N(C([H])([H])[H])C([H])([H])[H])[S:93]C([H])([H])[H])c([H])c([H])c2OC([H])([H])[H])nc(N([H])c2c([H])c([H])c([H])c([H])c2C(=O)N([H])C([H])([H])[H])c1Cl,-1,-0.16649339,-0.1204718,-76.9591508136004,30.073033236751524,0.0058286265,0.0036648214,0.004746724,0.005848378,-0.000336051,0.0027561635,-1555023.3910383016,8.816052000969648,-1554998.0662863294,-1555003.4065994937
S2-45.2,product,[H]c1nc(N([H])c2c([H])c(N([H])C(=O)[C:91]([H])([H])[C:92]([H])(C([H])([H])N(C([H])([H])[H])C([H])([H])[H])[S:93]C([H])([H])[H])c([H])c([H])c2OC([H])([H])[H])nc(N([H])c2c([H])c([H])c([H])c([H])c2C(=O)N([H])C([H])([H])[H])c1Cl,0,-0.13744517,-0.04773727,-145.3094386451014,-20.470213027059206,-0.024489714,-0.025401771,-0.024945743,0.0039251,0.0024080127,0.0031665564,-1555399.1296161455,8.096017271280289,-1555384.2020673119,-1555391.2000686254
S2-45.3,reactant,[H]c1nc(N([H])c2c([H])c(N([H])C(=O)/[C:91]([H])=[C:92](\[H])C([H])([H])N(C([H])([H])[H])C([H])([H])[H])c([H])c([H])c2OC([H])([H])[H])nc(N([H])c2c([H])c([H])c([H])c([H])c2C(=O)N([H])C([H])([H])[H])c1Cl,0,-0.18357338,-0.08734251,-140.52257313528088,-21.975953564409327,0.007314369,0.004664436,0.0059894025,0.02351518,0.0011997521,0.012357466,-1280023.5526205613,5.451794281601906,-1280014.0793452978,-1280020.2939047704
S2-45.3,intermediate,[H]c1nc(N([H])c2c([H])c(N([H])C(=O)[C-:91]([H])[C:92]([H])(C([H])([H])N(C([H])([H])[H])C([H])([H])[H])[S:93]C([H])([H])[H])c([H])c([H])c2OC([H])([H])[H])nc(N([H])c2c([H])c([H])c([H])c([H])c2C(=O)N([H])C([H])([H])[H])c1Cl,-1,-0.5104276,-0.033764753,-63.1159575378771,41.2763682936493,-0.0058608036,0.002306711,-0.0017770464,0.034722626,0.20970446,0.12221354,-1555014.7845324453,5.363416017964482,-1555000.76803574,-1555006.8191572584
S2-45.3,product,[H]c1nc(N([H])c2c([H])c(N([H])C(=O)[C:91]([H])([H])[C:92]([H])(C([H])([H])N(C([H])([H])[H])C([H])([H])[H])[S:93]C([H])([H])[H])c([H])c([H])c2OC([H])([H])[H])nc(N([H])c2c([H])c([H])c([H])c([H])c2C(=O)N([H])C([H])([H])[H])c1Cl,0,-0.13836902,-0.05080195,-136.544445483523,-18.64157874250428,-0.034705676,-0.03609771,-0.03540169,0.0020178705,-1.9922853e-05,0.0009989738,-1555388.9181877468,5.912567196413875,-1555377.7328250923,-1555383.781575688
S2-45.4,reactant,[H]c1nc(N([H])c2c([H])c(N([H])C(=O)/[C:91]([H])=[C:92](\[H])C([H])([H])N(C([H])([H])[H])C([H])([H])[H])c([H])c([H])c2OC([H])([H])[H])nc(N([H])c2c([H])c([H])c([H])c([H])c2C(=O)N([H])C([H])([H])[H])c1Cl,0,-0.15636727,-0.1087513,-143.46253754778144,-24.73382203893376,-0.0005936995,-0.0047331154,-0.0026634075,0.012119368,-0.0004839003,0.0058177337,-1280025.8237563525,4.836052302271128,-1280016.6657433778,-1280022.1770140023
S2-45.4,intermediate,[H]c1nc(N([H])c2c([H])c(N([H])C(=O)[C-:91]([H])[C:92]([H])(C([H])([H])N(C([H])([H])[H])C([H])([H])[H])[S:93]C([H])([H])[H])c([H])c([H])c2OC([H])([H])[H])nc(N([H])c2c([H])c([H])c([H])c([H])c2C(=O)N([H])C([H])([H])[H])c1Cl,-1,-0.475289,-0.03234479,-64.1199668889163,40.32498402126966,-0.0017883629,0.005492009,0.0018518232,0.028243482,0.1821245,0.10518399,-1555019.7503495484,5.531601667404175,-1555004.949364242,-1555010.5620275517
S2-45.4,product,[H]c1nc(N([H])c2c([H])c(N([H])C(=O)[C:91]([H])([H])[C:92]([H])(C([H])([H])N(C([H])([H])[H])C([H])([H])[H])[S:93]C([H])([H])[H])c([H])c([H])c2OC([H])([H])[H])nc(N([H])c2c([H])c([H])c([H])c([H])c2C(=O)N([H])C([H])([H])[H])c1Cl,0,-0.12135189,-0.048821695,-141.74360527931148,-19.282657567694955,-0.029644007,-0.031976596,-0.0308103,-0.0026261583,-0.0038700476,-0.003248103,-1555393.8481757136,4.597780428826809,-1555383.5591687635,-1555389.9202058953
S2-45.5,reactant,[H]c1nc(N([H])c2c([H])c(N([H])C(=O)/[C:91]([H])=[C:92](\[H])C([H])([H])N(C([H])([H])[H])C([H])([H])[H])c([H])c([H])c2OC([H])([H])[H])nc(N([H])c2c([H])c([H])c([H])c([H])c2C(=O)N([H])C([H])([H])[H])c1Cl,0,-0.15812501,-0.10933721,-142.71410211515212,-23.477215012245512,0.0053527504,-0.00089452416,0.0022291131,0.0105204135,-0.00084747374,0.00483647,-1280023.3937291515,5.980543615296483,-1280013.036739975,-1280019.2529431519
S2-45.5,intermediate,[H]c1nc(N([H])c2c([H])c(N([H])C(=O)[C-:91]([H])[C:92]([H])(C([H])([H])N(C([H])([H])[H])C([H])([H])[H])[S:93]C([H])([H])[H])c([H])c([H])c2OC([H])([H])[H])nc(N([H])c2c([H])c([H])c([H])c([H])c2C(=O)N([H])C([H])([H])[H])c1Cl,-1,-0.17622125,-0.12468643,-73.51725588030347,35.51659725859539,-0.0004201904,0.0011379942,0.00035890192,0.009112939,0.0030637085,0.006088324,-1555028.630161067,4.695361314341426,-1555015.1109044123,-1555021.9242769496
S2-45.5,product,[H]c1nc(N([H])c2c([H])c(N([H])C(=O)[C:91]([H])([H])[C:92]([H])(C([H])([H])N(C([H])([H])[H])C([H])([H])[H])[S:93]C([H])([H])[H])c([H])c([H])c2OC([H])([H])[H])nc(N([H])c2c([H])c([H])c([H])c([H])c2C(=O)N([H])C([H])([H])[H])c1Cl,0,-0.13090396,-0.045079194,-136.9498783310515,-21.50222596008889,-0.03470009,-0.036270283,-0.035485186,0.0033890456,0.0012976527,0.0023433492,-1555387.0320194599,5.71362542361021,-1555375.2818094806,-1555382.3826998537
S2-45.6,reactant,[H]c1nc(N([H])c2c([H])c(N([H])C(=O)/[C:91]([H])=[C:92](\[H])C([H])([H])N(C([H])([H])[H])C([H])([H])[H])c([H])c([H])c2OC([H])([H])[H])nc(N([H])c2c([H])c([H])c([H])c([H])c2C(=O)N([H])C([H])([H])[H])c1Cl,0,-0.16074201,-0.110504955,-143.59941367525326,-24.865749879925872,-0.007300906,-0.010458492,-0.008879699,0.012399912,-6.7442656e-05,0.0061662346,-1280023.9723960662,3.4956138636916876,-1280014.0437816486,-1280020.7080062837
S2-45.6,intermediate,[H]c1nc(N([H])c2c([H])c(N([H])C(=O)[C-:91]([H])[C:92]([H])(C([H])([H])N(C([H])([H])[H])C([H])([H])[H])[S:93]C([H])([H])[H])c([H])c([H])c2OC([H])([H])[H])nc(N([H])c2c([H])c([H])c([H])c([H])c2C(=O)N([H])C([H])([H])[H])c1Cl,-1,-0.48390105,-0.023739005,-63.00955357523945,43.1682783131361,-0.004835138,-0.00034082122,-0.0025879797,0.050390095,0.21260458,0.13149734,-1555016.1711198809,7.463006127625704,-1554995.3277883905,-1555001.984023345
S2-45.6,product,[H]c1nc(N([H])c2c([H])c(N([H])C(=O)[C:91]([H])([H])[C:92]([H])(C([H])([H])N(C([H])([H])[H])C([H])([H])[H])[S:93]C([H])([H])[H])c([H])c([H])c2OC([H])([H])[H])nc(N([H])c2c([H])c([H])c([H])c([H])c2C(=O)N([H])C([H])([H])[H])c1Cl,0,-0.14293206,-0.05805991,-136.81082101164822,-21.150855088397556,-0.026371844,-0.02800195,-0.027186897,0.008055121,0.0059334636,0.006994292,-1555386.8221137323,2.6440585013478994,-1555376.1804019385,-1555382.1901517136
S2-45.7,reactant,[H]c1nc(N([H])c2c([H])c(N([H])C(=O)/[C:91]([H])=[C:92](\[H])C([H])([H])N(C([H])([H])[H])C([H])([H])[H])c([H])c([H])c2OC([H])([H])[H])nc(N([H])c2c([H])c([H])c([H])c([H])c2C(=O)N([H])C([H])([H])[H])c1Cl,0,-0.156941,-0.12431042,-143.5666196183752,-23.75689454363514,0.029558226,0.028393514,0.02897587,-0.010474786,-0.01661086,-0.0135428235,-1280019.9069021933,2.35079306922853,-1280009.6369617006,-1280015.8201234008
S2-45.7,intermediate,[H]c1nc(N([H])c2c([H])c(N([H])C(=O)[C-:91]([H])[C:92]([H])(C([H])([H])N(C([H])([H])[H])C([H])([H])[H])[S:93]C([H])([H])[H])c([H])c([H])c2OC([H])([H])[H])nc(N([H])c2c([H])c([H])c([H])c([H])c2C(=O)N([H])C([H])([H])[H])c1Cl,-1,-0.42357925,-0.052092426,-65.5652264074081,41.02736841471287,0.020628482,0.019511372,0.020069927,0.08048192,0.23969334,0.16008763,-1555016.5142839232,4.439638817682862,-1555004.5958846416,-1555009.8776407058
S2-45.7,product,[H]c1nc(N([H])c2c([H])c(N([H])C(=O)[C:91]([H])([H])[C:92]([H])(C([H])([H])N(C([H])([H])[H])C([H])([H])[H])[S:93]C([H])([H])[H])c([H])c([H])c2OC([H])([H])[H])nc(N([H])c2c([H])c([H])c([H])c([H])c2C(=O)N([H])C([H])([H])[H])c1Cl,0,-0.13284527,-0.049345877,-139.35485780034156,-21.797146441161328,-0.027145945,-0.030045334,-0.02859564,0.0055814534,0.0023545027,0.003967978,-1555383.1082912933,2.9952920004725456,-1555369.0646031282,-1555374.8127493248
S2-45.8,reactant,[H]c1nc(N([H])c2c([H])c(N([H])C(=O)/[C:91]([H])=[C:92](\[H])C([H])([H])N(C([H])([H])[H])C([H])([H])[H])c([H])c([H])c2OC([H])([H])[H])nc(N([H])c2c([H])c([H])c([H])c([H])c2C(=O)N([H])C([H])([H])[H])c1Cl,0,-0.1763512,-0.08715246,-143.10455047025806,-25.726257279574323,0.026485413,0.019296966,0.02289119,0.009851977,-0.004326999,0.002762489,-1280022.4939446289,4.4649668764323,-1280013.6397359436,-1280018.9962083322
S2-45.8,intermediate,[H]c1nc(N([H])c2c([H])c(N([H])C(=O)[C-:91]([H])[C:92]([H])(C([H])([H])N(C([H])([H])[H])C([H])([H])[H])[S:93]C([H])([H])[H])c([H])c([H])c2OC([H])([H])[H])nc(N([H])c2c([H])c([H])c([H])c([H])c2C(=O)N([H])C([H])([H])[H])c1Cl,-1,-0.54421204,-0.047550816,-63.396311899127724,40.08761666528971,0.0043937042,0.0118482,0.008120952,0.059505105,0.23730606,0.14840558,-1555014.058464202,5.064426492899656,-1554999.9817920749,-1555006.5839949956
S2-45.8,product,[H]c1nc(N([H])c2c([H])c(N([H])C(=O)[C:91]([H])([H])[C:92]([H])(C([H])([H])N(C([H])([H])[H])C([H])([H])[H])[S:93]C([H])([H])[H])c([H])c([H])c2OC([H])([H])[H])nc(N([H])c2c([H])c([H])c([H])c([H])c2C(=O)N([H])C([H])([H])[H])c1Cl,0,-0.14248462,-0.034129083,-138.24286517710257,-23.44929417637299,-0.029310953,-0.032880932,-0.031095942,0.0066121668,0.0028198808,0.004716024,-1555388.2790656828,2.987795889377594,-1555378.968498508,-1555384.6946490167
S2-45.9,reactant,[H]c1nc(N([H])c2c([H])c(N([H])C(=O)/[C:91]([H])=[C:92](\[H])C([H])([H])N(C([H])([H])[H])C([H])([H])[H])c([H])c([H])c2OC([H])([H])[H])nc(N([H])c2c([H])c([H])c([H])c([H])c2C(=O)N([H])C([H])([H])[H])c1Cl,0,-0.14909041,-0.13900307,-143.45732032802897,-24.439584987003055,0.006628126,0.004469976,0.005549051,-0.009181872,-0.011576518,-0.010379195,-1280025.3581377643,5.136089079082012,-1280016.649367125,-1280021.727316793
S2-45.9,intermediate,[H]c1nc(N([H])c2c([H])c(N([H])C(=O)[C-:91]([H])[C:92]([H])(C([H])([H])N(C([H])([H])[H])C([H])([H])[H])[S:93]C([H])([H])[H])c([H])c([H])c2OC([H])([H])[H])nc(N([H])c2c([H])c([H])c([H])c([H])c2C(=O)N([H])C([H])([H])[H])c1Cl,-1,-0.47642323,-0.016737508,-62.89271774595143,41.279140541289365,-0.0077675907,-0.0031907577,-0.005479174,0.024350256,0.18878323,0.10656674,-1555019.7304557774,2.9363456703722477,-1555005.8905141826,-1555011.4997686886
S2-45.9,product,[H]c1nc(N([H])c2c([H])c(N([H])C(=O)[C:91]([H])([H])[C:92]([H])(C([H])([H])N(C([H])([H])[H])C([H])([H])[H])[S:93]C([H])([H])[H])c([H])c([H])c2OC([H])([H])[H])nc(N([H])c2c([H])c([H])c([H])c([H])c2C(=O)N([H])C([H])([H])[H])c1Cl,0,-0.14071183,-0.042998537,-138.94307832724266,-22.300967083059994,-0.034225985,-0.03673996,-0.035482973,0.005146548,0.001748994,0.003447771,-1555388.9889830316,5.890825271606445,-1555377.9296720568,-1555384.0769388028
S2-45.10,reactant,[H]c1nc(N([H])c2c([H])c(N([H])C(=O)/[C:91]([H])=[C:92](\[H])C([H])([H])N(C([H])([H])[H])C([H])([H])[H])c([H])c([H])c2OC([H])([H])[H])nc(N([H])c2c([H])c([H])c([H])c([H])c2C(=O)N([H])C([H])([H])[H])c1Cl,0,-0.15059833,-0.11008035,-147.5301000428067,-27.00118106687035,-0.0083213,-0.009267338,-0.008794319,0.02142562,0.000845328,0.011135474,-1280021.9559082005,3.7149183861911297,-1280012.5915566147,-1280017.033431239
S2-45.10,intermediate,[H]c1nc(N([H])c2c([H])c(N([H])C(=O)[C-:91]([H])[C:92]([H])(C([H])([H])N(C([H])([H])[H])C([H])([H])[H])[S:93]C([H])([H])[H])c([H])c([H])c2OC([H])([H])[H])nc(N([H])c2c([H])c([H])c([H])c([H])c2C(=O)N([H])C([H])([H])[H])c1Cl,-1,-0.41075554,-0.061120793,-62.776607228434976,40.49689876940609,0.011460938,0.015618369,0.013539653,0.044097334,0.17860585,0.111351594,-1555011.7096328558,3.4183726850897074,-1554999.8694964861,-1555006.2485080431
S2-45.10,product,[H]c1nc(N([H])c2c([H])c(N([H])C(=O)[C:91]([H])([H])[C:92]([H])(C([H])([H])N(C([H])([H])[H])C([H])([H])[H])[S:93]C([H])([H])[H])c([H])c([H])c2OC([H])([H])[H])nc(N([H])c2c([H])c([H])c([H])c([H])c2C(=O)N([H])C([H])([H])[H])c1Cl,0,-0.15026224,-0.05243454,-136.9020523879705,-20.33746945793658,-0.02371824,-0.025554411,-0.024636324,0.010487393,0.008374542,0.009430967,-1555387.9208917022,5.848610036075115,-1555375.246657964,-1555381.8342716368
S2-47.1,reactant,[H]c1nc(N([H])c2c([H])c(N([H])C(=O)[C:91]3=[C:92]([H])C([H])([H])C([H])([H])N(C([H])([H])[H])C3([H])[H])c([H])c([H])c2OC([H])([H])[H])nc(-c2c([H])nn3c([H])c([H])c([H])c([H])c23)c1Cl,0,-0.013318854,-0.1474229,-150.32348866751568,-27.79154964379568,0.019644246,0.024191104,0.021917675,-0.042898,-0.04562939,-0.044263694,-1231255.0417271312,1.883905578404665,-1231246.9690639514,-1231252.3208799032
S2-47.1,intermediate,[H]C1=C([H])c2c(-c3nc(N([H])c4c([H])c(N([H])C(=O)[C-:91]5C([H])([H])N(C([H])([H])[H])C([H])([H])C([H])([H])[C:92]5([H])[S:93]C([H])([H])[H])c([H])c([H])c4OC([H])([H])[H])nc([H])c3Cl)c([H])nn2C([H])=C1[H],-1,-0.014524377,-0.14581062,-82.58035629364493,27.52151426943664,0.0026789159,0.005343437,0.0040111765,-0.014689849,-0.025008377,-0.019849112,-1506260.885463054,4.277429653331637,-1506247.441584874,-1506253.7059610523
S2-47.1,product,[H]c1nc(N([H])c2c([H])c(N([H])C(=O)[C:91]3([H])C([H])([H])N(C([H])([H])[H])C([H])([H])C([H])([H])[C:92]3([H])[S:93]C([H])([H])[H])c([H])c([H])c2OC([H])([H])[H])nc(-c2c([H])nn3c([H])c([H])c([H])c([H])c23)c1Cl,0,-0.08521903,-0.05836202,-146.67220628758443,-27.051831896243407,-0.028310185,-0.02603982,-0.027175002,-0.008356355,-0.010856755,-0.009606555,-1506611.9969522299,2.696562884375453,-1506599.707504404,-1506603.7545215287
S2-47.2,reactant,[H]c1nc(N([H])c2c([H])c(N([H])C(=O)[C:91]3=[C:92]([H])C([H])([H])C([H])([H])N(C([H])([H])[H])C3([H])[H])c([H])c([H])c2OC([H])([H])[H])nc(-c2c([H])nn3c([H])c([H])c([H])c([H])c23)c1Cl,0,-0.009919952,-0.15799001,-150.6513971190708,-28.78748953002032,-0.0005040467,0.0065172017,0.0030065775,-0.04493552,-0.041524824,-0.043230172,-1231253.1359625945,1.8591326028108597,-1231243.697864791,-1231249.610845087
S2-47.2,intermediate,[H]C1=C([H])c2c(-c3nc(N([H])c4c([H])c(N([H])C(=O)[C-:91]5C([H])([H])N(C([H])([H])[H])C([H])([H])C([H])([H])[C:92]5([H])[S:93]C([H])([H])[H])c([H])c([H])c4OC([H])([H])[H])nc([H])c3Cl)c([H])nn2C([H])=C1[H],-1,-0.32794645,-0.054995958,-68.3291582881253,38.57381160564348,-0.014031924,-0.008911032,-0.011471478,0.04578072,0.23379508,0.1397879,-1506250.686425266,3.2682055924087763,-1506237.3620599126,-1506243.0876468886
S2-47.2,product,[H]c1nc(N([H])c2c([H])c(N([H])C(=O)[C:91]3([H])C([H])([H])N(C([H])([H])[H])C([H])([H])C([H])([H])[C:92]3([H])[S:93]C([H])([H])[H])c([H])c([H])c2OC([H])([H])[H])nc(-c2c([H])nn3c([H])c([H])c([H])c([H])c23)c1Cl,0,-0.09098612,-0.060875904,-147.3929147068372,-28.043015811248566,-0.023358256,-0.022010412,-0.022684334,-0.0077831373,-0.009409487,-0.008596312,-1506612.3598583431,4.5353207513689995,-1506594.560198665,-1506599.5269366745
S2-47.3,reactant,[H]c1nc(N([H])c2c([H])c(N([H])C(=O)[C:91]3=[C:92]([H])C([H])([H])C([H])([H])N(C([H])([H])[H])C3([H])[H])c([H])c([H])c2OC([H])([H])[H])nc(-c2c([H])nn3c([H])c([H])c([H])c([H])c23)c1Cl,0,-0.016073512,-0.14822966,-148.70492156220885,-24.992977727323147,0.021019116,0.025431208,0.023225162,-0.042998187,-0.045478538,-0.044238366,-1231253.0988973412,1.8854758981615305,-1231244.2878655307,-1231250.2169382938
S2-47.3,intermediate,[H]C1=C([H])c2c(-c3nc(N([H])c4c([H])c(N([H])C(=O)[C-:91]5C([H])([H])N(C([H])([H])[H])C([H])([H])C([H])([H])[C:92]5([H])[S:93]C([H])([H])[H])c([H])c([H])c4OC([H])([H])[H])nc([H])c3Cl)c([H])nn2C([H])=C1[H],-1,-0.022911172,-0.14753462,-80.123789016674,29.512432943108216,0.0065312535,0.009563506,0.00804738,-0.010767024,-0.021022033,-0.015894528,-1506261.8607633375,6.731513595208526,-1506241.760406224,-1506247.6435567352
S2-47.3,product,[H]c1nc(N([H])c2c([H])c(N([H])C(=O)[C:91]3([H])C([H])([H])N(C([H])([H])[H])C([H])([H])C([H])([H])[C:92]3([H])[S:93]C([H])([H])[H])c([H])c([H])c2OC([H])([H])[H])nc(-c2c([H])nn3c([H])c([H])c([H])c([H])c23)c1Cl,0,-0.083907396,-0.02682492,-145.7478028515865,-27.750543380015944,-0.039845146,-0.03993074,-0.039887942,-0.010052502,-0.013190277,-0.01162139,-1506611.7561426822,3.068043604493141,-1506599.1900178562,-1506607.4342498328
S2-47.4,reactant,[H]c1nc(N([H])c2c([H])c(N([H])C(=O)[C:91]3=[C:92]([H])C([H])([H])C([H])([H])N(C([H])([H])[H])C3([H])[H])c([H])c([H])c2OC([H])([H])[H])nc(-c2c([H])nn3c([H])c([H])c([H])c([H])c23)c1Cl,0,-0.010570514,-0.15674445,-149.39458424136348,-26.566536817187156,0.0025091171,0.00744316,0.0049761385,-0.04594319,-0.04167943,-0.04381131,-1231251.1624306033,2.39397663064301,-1231239.8783541713,-1231247.081058373
S2-47.4,intermediate,[H]C1=C([H])c2c(-c3nc(N([H])c4c([H])c(N([H])C(=O)[C-:91]5C([H])([H])N(C([H])([H])[H])C([H])([H])C([H])([H])[C:92]5([H])[S:93]C([H])([H])[H])c([H])c([H])c4OC([H])([H])[H])nc([H])c3Cl)c([H])nn2C([H])=C1[H],-1,-0.0017061821,-0.14772967,-79.99100407029769,33.957226965516995,-0.00412558,-0.00028173625,-0.0022036582,-0.01643574,-0.027898896,-0.022167318,-1506260.313829157,3.0337871592491865,-1506248.110987864,-1506255.6629832361
S2-47.4,product,[H]c1nc(N([H])c2c([H])c(N([H])C(=O)[C:91]3([H])C([H])([H])N(C([H])([H])[H])C([H])([H])C([H])([H])[C:92]3([H])[S:93]C([H])([H])[H])c([H])c([H])c2OC([H])([H])[H])nc(-c2c([H])nn3c([H])c([H])c([H])c([H])c23)c1Cl,0,-0.07976946,-0.05720202,-145.673747902553,-19.17572023924552,-0.016765472,-0.015464142,-0.016114807,-0.002416268,-0.0052080974,-0.0038121827,-1506615.7987590071,2.5705603901296854,-1506603.360422145,-1506611.2314980722
S2-47.5,reactant,[H]c1nc(N([H])c2c([H])c(N([H])C(=O)[C:91]3=[C:92]([H])C([H])([H])C([H])([H])N(C([H])([H])[H])C3([H])[H])c([H])c([H])c2OC([H])([H])[H])nc(-c2c([H])nn3c([H])c([H])c([H])c([H])c23)c1Cl,0,-0.008653356,-0.15767713,-150.72421111845222,-29.051729950747983,-0.0004864335,0.0064331144,0.0029733405,-0.045038216,-0.041711032,-0.043374624,-1231253.2206921445,1.773563988506794,-1231242.9940273676,-1231249.7955192798
S2-47.5,intermediate,[H]C1=C([H])c2c(-c3nc(N([H])c4c([H])c(N([H])C(=O)[C-:91]5C([H])([H])N(C([H])([H])[H])C([H])([H])C([H])([H])[C:92]5([H])[S:93]C([H])([H])[H])c([H])c([H])c4OC([H])([H])[H])nc([H])c3Cl)c([H])nn2C([H])=C1[H],-1,-0.29246888,-0.06016412,-67.57236166866869,36.2539437161009,-0.018665876,-0.010659199,-0.014662538,0.041457474,0.22287926,0.13216837,-1506251.5668682265,2.7996042501181364,-1506240.1768391198,-1506246.122850396
S2-47.5,product,[H]c1nc(N([H])c2c([H])c(N([H])C(=O)[C:91]3([H])C([H])([H])N(C([H])([H])[H])C([H])([H])C([H])([H])[C:92]3([H])[S:93]C([H])([H])[H])c([H])c([H])c2OC([H])([H])[H])nc(-c2c([H])nn3c([H])c([H])c([H])c([H])c23)c1Cl,0,-0.08713823,-0.06263937,-146.7828376013334,-28.522244631219998,-0.029639475,-0.025802068,-0.027720772,-0.0070249066,-0.009324379,-0.008174643,-1506611.0636591224,3.2050103414803743,-1506592.1627071656,-1506601.6456780015
S2-47.6,reactant,[H]c1nc(N([H])c2c([H])c(N([H])C(=O)[C:91]3=[C:92]([H])C([H])([H])C([H])([H])N(C([H])([H])[H])C3([H])[H])c([H])c([H])c2OC([H])([H])[H])nc(-c2c([H])nn3c([H])c([H])c([H])c([H])c23)c1Cl,0,-0.011542635,-0.16623254,-150.57173663330363,-27.780402421720346,0.007931247,0.0114182085,0.009674728,-0.039704718,-0.040198244,-0.03995148,-1231255.9176960085,1.9154813084751368,-1231247.3592252305,-1231252.6569800298
S2-47.6,intermediate,[H]C1=C([H])c2c(-c3nc(N([H])c4c([H])c(N([H])C(=O)[C-:91]5C([H])([H])N(C([H])([H])[H])C([H])([H])C([H])([H])[C:92]5([H])[S:93]C([H])([H])[H])c([H])c([H])c4OC([H])([H])[H])nc([H])c3Cl)c([H])nn2C([H])=C1[H],-1,-0.31813768,-0.053126883,-68.98286647145353,36.104414456670746,-0.01464561,-0.009237044,-0.011941327,0.031082481,0.21406832,0.1225754,-1506253.5538338798,2.7213710378855467,-1506238.4153228311,-1506244.9259401262
S2-47.6,product,[H]c1nc(N([H])c2c([H])c(N([H])C(=O)[C:91]3([H])C([H])([H])N(C([H])([H])[H])C([H])([H])C([H])([H])[C:92]3([H])[S:93]C([H])([H])[H])c([H])c([H])c2OC([H])([H])[H])nc(-c2c([H])nn3c([H])c([H])c([H])c([H])c23)c1Cl,0,-0.0746747,-0.048889276,-146.58553370389865,-28.030937227386538,-0.03346324,-0.0313149,-0.032389067,-0.005734466,-0.0127795935,-0.00925703,-1506612.2345029248,1.5648824032396078,-1506603.1249852106,-1506609.005902331
S2-47.7,reactant,[H]c1nc(N([H])c2c([H])c(N([H])C(=O)[C:91]3=[C:92]([H])C([H])([H])C([H])([H])N(C([H])([H])[H])C3([H])[H])c([H])c([H])c2OC([H])([H])[H])nc(-c2c([H])nn3c([H])c([H])c([H])c([H])c23)c1Cl,0,-0.011504047,-0.15740801,-150.62984968833598,-29.093877145338237,-0.00037044287,0.006698951,0.0031642541,-0.046505507,-0.042617656,-0.04456158,-1231253.3475814303,1.683765221387148,-1231243.8066159354,-1231250.1200145818
S2-47.7,intermediate,[H]C1=C([H])c2c(-c3nc(N([H])c4c([H])c(N([H])C(=O)[C-:91]5C([H])([H])N(C([H])([H])[H])C([H])([H])C([H])([H])[C:92]5([H])[S:93]C([H])([H])[H])c([H])c([H])c4OC([H])([H])[H])nc([H])c3Cl)c([H])nn2C([H])=C1[H],-1,-0.33104783,-0.04628633,-68.4849448988969,37.81539477504879,-0.002615396,-0.00029093772,-0.0014531668,0.039402395,0.22692645,0.13316442,-1506251.9107716684,4.528434621170163,-1506240.6602742728,-1506246.5141810533
S2-47.7,product,[H]c1nc(N([H])c2c([H])c(N([H])C(=O)[C:91]3([H])C([H])([H])N(C([H])([H])[H])C([H])([H])C([H])([H])[C:92]3([H])[S:93]C([H])([H])[H])c([H])c([H])c2OC([H])([H])[H])nc(-c2c([H])nn3c([H])c([H])c([H])c([H])c23)c1Cl,0,-0.08760154,-0.059289224,-145.00827519006882,-25.771406826181362,-0.025556661,-0.02322486,-0.02439076,-0.011026025,-0.0124645755,-0.0117453,-1506609.250774768,6.610906647518277,-1506597.5770599437,-1506603.9199768116
S2-47.8,reactant,[H]c1nc(N([H])c2c([H])c(N([H])C(=O)[C:91]3=[C:92]([H])C([H])([H])C([H])([H])N(C([H])([H])[H])C3([H])[H])c([H])c([H])c2OC([H])([H])[H])nc(-c2c([H])nn3c([H])c([H])c([H])c([H])c23)c1Cl,0,-0.015758406,-0.14851025,-148.6715998293633,-25.01855029343571,0.020931765,0.025338285,0.023135025,-0.043045282,-0.045524236,-0.044284757,-1231253.1182103322,3.1733512189239264,-1231244.5014827473,-1231250.1715784087
S2-47.8,intermediate,[H]C1=C([H])c2c(-c3nc(N([H])c4c([H])c(N([H])C(=O)[C-:91]5C([H])([H])N(C([H])([H])[H])C([H])([H])C([H])([H])[C:92]5([H])[S:93]C([H])([H])[H])c([H])c([H])c4OC([H])([H])[H])nc([H])c3Cl)c([H])nn2C([H])=C1[H],-1,-0.026240576,-0.15101442,-79.13824011263814,33.361974148696255,0.0075098574,0.010918066,0.009213962,-0.013949659,-0.02288603,-0.018417845,-1506262.371148342,6.7739739287644625,-1506243.574723677,-1506249.5445173625
S2-47.8,product,[H]c1nc(N([H])c2c([H])c(N([H])C(=O)[C:91]3([H])C([H])([H])N(C([H])([H])[H])C([H])([H])C([H])([H])[C:92]3([H])[S:93]C([H])([H])[H])c([H])c([H])c2OC([H])([H])[H])nc(-c2c([H])nn3c([H])c([H])c([H])c([H])c23)c1Cl,0,-0.08960805,-0.04071424,-144.37334714711906,-24.547823321980616,-0.031432692,-0.028749853,-0.030091273,-0.012255542,-0.01416605,-0.013210796,-1506609.5675249132,3.089103367179632,-1506597.8785314434,-1506604.6991090549
S2-47.9,reactant,[H]c1nc(N([H])c2c([H])c(N([H])C(=O)[C:91]3=[C:92]([H])C([H])([H])C([H])([H])N(C([H])([H])[H])C3([H])[H])c([H])c([H])c2OC([H])([H])[H])nc(-c2c([H])nn3c([H])c([H])c([H])c([H])c23)c1Cl,0,-0.010088625,-0.13726558,-149.71250129531742,-28.170178444483266,0.012796715,0.018300414,0.0155485645,-0.04730304,-0.047379192,-0.047341116,-1231253.11191343,1.635081535205245,-1231243.454073405,-1231250.323703116
S2-47.9,intermediate,[H]C1=C([H])c2c(-c3nc(N([H])c4c([H])c(N([H])C(=O)[C-:91]5C([H])([H])N(C([H])([H])[H])C([H])([H])C([H])([H])[C:92]5([H])[S:93]C([H])([H])[H])c([H])c([H])c4OC([H])([H])[H])nc([H])c3Cl)c([H])nn2C([H])=C1[H],-1,-0.011268992,-0.14887676,-77.5691276482457,33.40600861485252,0.0017641038,0.005595371,0.0036797374,-0.01796626,-0.027476374,-0.022721317,-1506260.163827229,2.4260454457253218,-1506248.4288121029,-1506254.6694465636
S2-47.9,product,[H]c1nc(N([H])c2c([H])c(N([H])C(=O)[C:91]3([H])C([H])([H])N(C([H])([H])[H])C([H])([H])C([H])([H])[C:92]3([H])[S:93]C([H])([H])[H])c([H])c([H])c2OC([H])([H])[H])nc(-c2c([H])nn3c([H])c([H])c([H])c([H])c23)c1Cl,0,-0.08500342,-0.05062093,-145.91862558586834,-26.98265603205542,-0.031688407,-0.03051573,-0.031102069,-0.0075114965,-0.010681227,-0.009096362,-1506611.1596142652,4.699710724875331,-1506600.2913858455,-1506605.386642095
S2-47.10,reactant,[H]c1nc(N([H])c2c([H])c(N([H])C(=O)[C:91]3=[C:92]([H])C([H])([H])C([H])([H])N(C([H])([H])[H])C3([H])[H])c([H])c([H])c2OC([H])([H])[H])nc(-c2c([H])nn3c([H])c([H])c([H])c([H])c23)c1Cl,0,-0.011396923,-0.1572262,-150.66457027873582,-29.168156338264232,-0.000781849,0.0064385086,0.0028283298,-0.045997802,-0.042297605,-0.044147704,-1231253.3888219874,1.7307162266224623,-1231243.253324089,-1231250.1602649502
S2-47.10,intermediate,[H]C1=C([H])c2c(-c3nc(N([H])c4c([H])c(N([H])C(=O)[C-:91]5C([H])([H])N(C([H])([H])[H])C([H])([H])C([H])([H])[C:92]5([H])[S:93]C([H])([H])[H])c([H])c([H])c4OC([H])([H])[H])nc([H])c3Cl)c([H])nn2C([H])=C1[H],-1,-0.023528261,-0.14785191,-78.76350798446676,32.656587502398715,0.006719649,0.010117486,0.0084185675,-0.011914676,-0.022503367,-0.017209021,-1506261.5442838373,2.1046864110976458,-1506250.6859697888,-1506256.1912424513
S2-47.10,product,[H]c1nc(N([H])c2c([H])c(N([H])C(=O)[C:91]3([H])C([H])([H])N(C([H])([H])[H])C([H])([H])C([H])([H])[C:92]3([H])[S:93]C([H])([H])[H])c([H])c([H])c2OC([H])([H])[H])nc(-c2c([H])nn3c([H])c([H])c([H])c([H])c23)c1Cl,0,-0.07909774,-0.053594697,-148.04433491184852,-29.313576932966292,-0.035278775,-0.03089783,-0.033088304,-0.01176744,-0.015875675,-0.013821557,-1506610.6430240767,2.5764546133577824,-1506598.489236821,-1506607.179787091
S2-48.1,reactant,[H]c1nc(N([H])c2c([H])c(N([H])C(=O)[C:91]3=[C:92]([H])C([H])([H])N(C([H])([H])[H])C([H])([H])C3([H])[H])c([H])c([H])c2OC([H])([H])[H])nc(-c2c([H])nn3c([H])c([H])c([H])c([H])c23)c1Cl,0,-0.0069655846,-0.1633376,-150.13298827969408,-29.552914226259972,0.00572218,0.008341119,0.0070316494,-0.038717598,-0.03719644,-0.03795702,-1231253.938076366,2.695434572175145,-1231244.8576556891,-1231250.8918159155
S2-48.1,intermediate,[H]C1=C([H])c2c(-c3nc(N([H])c4c([H])c(N([H])C(=O)[C-:91]5C([H])([H])C([H])([H])N(C([H])([H])[H])C([H])([H])[C:92]5([H])[S:93]C([H])([H])[H])c([H])c([H])c4OC([H])([H])[H])nc([H])c3Cl)c([H])nn2C([H])=C1[H],-1,-0.39401028,-0.046935648,-65.55456212309377,38.356515649119075,0.0023949668,-7.460639e-05,0.0011601802,0.054341704,0.24326836,0.14880502,-1506249.8831464448,4.830855533480644,-1506238.087332458,-1506244.4056000798
S2-48.1,product,[H]c1nc(N([H])c2c([H])c(N([H])C(=O)[C:91]3([H])C([H])([H])C([H])([H])N(C([H])([H])[H])C([H])([H])[C:92]3([H])[S:93]C([H])([H])[H])c([H])c([H])c2OC([H])([H])[H])nc(-c2c([H])nn3c([H])c([H])c([H])c([H])c23)c1Cl,0,-0.08343403,-0.064207956,-147.2508896129117,-29.11002103006986,-0.034811616,-0.033014983,-0.0339133,-0.009507351,-0.013092972,-0.0113001615,-1506610.2387482824,4.388890510424972,-1506595.7376489863,-1506605.465249337
S2-48.2,reactant,[H]c1nc(N([H])c2c([H])c(N([H])C(=O)[C:91]3=[C:92]([H])C([H])([H])N(C([H])([H])[H])C([H])([H])C3([H])[H])c([H])c([H])c2OC([H])([H])[H])nc(-c2c([H])nn3c([H])c([H])c([H])c([H])c23)c1Cl,0,-0.0078513045,-0.16260916,-149.01867447079684,-27.442796208697388,0.010592833,0.0107156485,0.010654241,-0.03893877,-0.036886007,-0.037912384,-1231251.8805125991,2.3752439357340336,-1231243.0883960587,-1231248.3648799544
S2-48.2,intermediate,[H]C1=C([H])c2c(-c3nc(N([H])c4c([H])c(N([H])C(=O)[C-:91]5C([H])([H])C([H])([H])N(C([H])([H])[H])C([H])([H])[C:92]5([H])[S:93]C([H])([H])[H])c([H])c([H])c4OC([H])([H])[H])nc([H])c3Cl)c([H])nn2C([H])=C1[H],-1,-0.023971839,-0.14926477,-80.50441397920133,30.955336340220725,0.0039462,0.0076400787,0.0057931393,-0.019500347,-0.022886353,-0.02119335,-1506261.9211305305,3.7649740241467953,-1506247.8915333569,-1506255.3560042025
S2-48.2,product,[H]c1nc(N([H])c2c([H])c(N([H])C(=O)[C:91]3([H])C([H])([H])C([H])([H])N(C([H])([H])[H])C([H])([H])[C:92]3([H])[S:93]C([H])([H])[H])c([H])c([H])c2OC([H])([H])[H])nc(-c2c([H])nn3c([H])c([H])c([H])c([H])c23)c1Cl,0,-0.08092886,-0.052389327,-145.69768424606303,-29.080939797679683,-0.031198557,-0.033035617,-0.032117087,-0.005665578,-0.009782217,-0.0077238977,-1506608.5582744996,3.2327249981462955,-1506597.4543800694,-1506603.16083061
S2-48.3,reactant,[H]c1nc(N([H])c2c([H])c(N([H])C(=O)[C:91]3=[C:92]([H])C([H])([H])N(C([H])([H])[H])C([H])([H])C3([H])[H])c([H])c([H])c2OC([H])([H])[H])nc(-c2c([H])nn3c([H])c([H])c([H])c([H])c23)c1Cl,0,-0.00689059,-0.16342565,-150.24422076003057,-29.60839898414545,0.0052757263,0.008059666,0.006667696,-0.038855217,-0.037202824,-0.038029023,-1231253.9169670744,1.7344860825687647,-1231243.9419312363,-1231250.9887658048
S2-48.3,intermediate,[H]C1=C([H])c2c(-c3nc(N([H])c4c([H])c(N([H])C(=O)[C-:91]5C([H])([H])C([H])([H])N(C([H])([H])[H])C([H])([H])[C:92]5([H])[S:93]C([H])([H])[H])c([H])c([H])c4OC([H])([H])[H])nc([H])c3Cl)c([H])nn2C([H])=C1[H],-1,-0.36454916,-0.021114271,-64.95514042308947,39.42725973054228,-0.006414407,-0.010528207,-0.008471306,0.025935352,0.21614273,0.12103904,-1506242.52276744,3.1823092214763165,-1506228.8448301903,-1506236.1485065867
S2-48.3,product,[H]c1nc(N([H])c2c([H])c(N([H])C(=O)[C:91]3([H])C([H])([H])C([H])([H])N(C([H])([H])[H])C([H])([H])[C:92]3([H])[S:93]C([H])([H])[H])c([H])c([H])c2OC([H])([H])[H])nc(-c2c([H])nn3c([H])c([H])c([H])c([H])c23)c1Cl,0,-0.083453536,-0.05677732,-147.23594812914135,-26.508442259392094,-0.031410445,-0.031828754,-0.0316196,-0.008007713,-0.012020089,-0.010013901,-1506616.2685139761,5.919845245778561,-1506605.877043692,-1506611.519977452
S2-48.4,reactant,[H]c1nc(N([H])c2c([H])c(N([H])C(=O)[C:91]3=[C:92]([H])C([H])([H])N(C([H])([H])[H])C([H])([H])C3([H])[H])c([H])c([H])c2OC([H])([H])[H])nc(-c2c([H])nn3c([H])c([H])c([H])c([H])c23)c1Cl,0,-0.020990022,-0.14575398,-150.02591867507496,-27.808974700551214,0.019061804,0.022232026,0.020646915,-0.042376414,-0.040199272,-0.041287843,-1231256.0257202452,1.5322289410978556,-1231245.6238952624,-1231253.2725547147
S2-48.4,intermediate,[H]C1=C([H])c2c(-c3nc(N([H])c4c([H])c(N([H])C(=O)[C-:91]5C([H])([H])C([H])([H])N(C([H])([H])[H])C([H])([H])[C:92]5([H])[S:93]C([H])([H])[H])c([H])c([H])c4OC([H])([H])[H])nc([H])c3Cl)c([H])nn2C([H])=C1[H],-1,-0.016867438,-0.15794626,-77.63636983334266,40.5732220159457,0.013021782,0.010329336,0.011675559,-0.011505848,-0.023582513,-0.01754418,-1506259.677851637,7.462955085560679,-1506239.9057643786,-1506245.785999409
S2-48.4,product,[H]c1nc(N([H])c2c([H])c(N([H])C(=O)[C:91]3([H])C([H])([H])C([H])([H])N(C([H])([H])[H])C([H])([H])[C:92]3([H])[S:93]C([H])([H])[H])c([H])c([H])c2OC([H])([H])[H])nc(-c2c([H])nn3c([H])c([H])c([H])c([H])c23)c1Cl,0,-0.09053456,-0.055131853,-145.4384969382739,-27.507516091578925,-0.03572852,-0.03393238,-0.03483045,-0.0052300766,-0.008436553,-0.006833315,-1506612.8273664413,3.7006736788898706,-1506600.9033133835,-1506607.7007189477
S2-48.5,reactant,[H]c1nc(N([H])c2c([H])c(N([H])C(=O)[C:91]3=[C:92]([H])C([H])([H])N(C([H])([H])[H])C([H])([H])C3([H])[H])c([H])c([H])c2OC([H])([H])[H])nc(-c2c([H])nn3c([H])c([H])c([H])c([H])c23)c1Cl,0,-0.016303588,-0.13799198,-149.88931518881344,-29.46331203636843,0.016363665,0.02011446,0.018239062,-0.044704128,-0.04246685,-0.043585487,-1231254.0956552953,1.6154039800167084,-1231245.2548961055,-1231251.322867739
S2-48.5,intermediate,[H]C1=C([H])c2c(-c3nc(N([H])c4c([H])c(N([H])C(=O)[C-:91]5C([H])([H])C([H])([H])N(C([H])([H])[H])C([H])([H])[C:92]5([H])[S:93]C([H])([H])[H])c([H])c([H])c4OC([H])([H])[H])nc([H])c3Cl)c([H])nn2C([H])=C1[H],-1,-0.010892021,-0.14029603,-80.56496214328938,28.374694757557215,-0.00031100214,0.0010097921,0.00034939498,-0.003805115,-0.016078671,-0.009941893,-1506261.4507203468,2.89689533226192,-1506249.9939907868,-1506256.1016287578
S2-48.5,product,[H]c1nc(N([H])c2c([H])c(N([H])C(=O)[C:91]3([H])C([H])([H])C([H])([H])N(C([H])([H])[H])C([H])([H])[C:92]3([H])[S:93]C([H])([H])[H])c([H])c([H])c2OC([H])([H])[H])nc(-c2c([H])nn3c([H])c([H])c([H])c([H])c23)c1Cl,0,-0.08139193,-0.030784287,-145.55709904314878,-28.544654568253083,-0.037812818,-0.038858004,-0.03833541,-0.0022121817,-0.007822745,-0.005017463,-1506617.725215861,2.4279238134622574,-1506608.0176980526,-1506614.458951314
S2-48.6,reactant,[H]c1nc(N([H])c2c([H])c(N([H])C(=O)[C:91]3=[C:92]([H])C([H])([H])N(C([H])([H])[H])C([H])([H])C3([H])[H])c([H])c([H])c2OC([H])([H])[H])nc(-c2c([H])nn3c([H])c([H])c([H])c([H])c23)c1Cl,0,-0.024010591,-0.1472296,-148.77829356163753,-25.362233811838156,0.0207621,0.024021141,0.022391621,-0.041891403,-0.03990989,-0.040900648,-1231253.9344673883,5.142229240387678,-1231242.6781268476,-1231250.4224787543
S2-48.6,intermediate,[H]C1=C([H])c2c(-c3nc(N([H])c4c([H])c(N([H])C(=O)[C-:91]5C([H])([H])C([H])([H])N(C([H])([H])[H])C([H])([H])[C:92]5([H])[S:93]C([H])([H])[H])c([H])c([H])c4OC([H])([H])[H])nc([H])c3Cl)c([H])nn2C([H])=C1[H],-1,-0.0060233637,-0.1403698,-77.99299902888198,16.46948716400386,0.024923638,0.023005702,0.02396467,-0.01794681,-0.033635393,-0.025791101,-1506251.3852957888,2.3657591212540865,-1506237.6353531848,-1506245.9669017626
S2-48.6,product,[H]c1nc(N([H])c2c([H])c(N([H])C(=O)[C:91]3([H])C([H])([H])C([H])([H])N(C([H])([H])[H])C([H])([H])[C:92]3([H])[S:93]C([H])([H])[H])c([H])c([H])c2OC([H])([H])[H])nc(-c2c([H])nn3c([H])c([H])c([H])c([H])c23)c1Cl,0,-0.08038644,-0.04135514,-147.2016396607519,-28.32904216368112,-0.0407303,-0.04214251,-0.041436404,-0.0041934922,-0.0077112615,-0.005952377,-1506614.5727529805,4.059144049882889,-1506604.6479296961,-1506609.4699556585
S2-48.7,reactant,[H]c1nc(N([H])c2c([H])c(N([H])C(=O)[C:91]3=[C:92]([H])C([H])([H])N(C([H])([H])[H])C([H])([H])C3([H])[H])c([H])c([H])c2OC([H])([H])[H])nc(-c2c([H])nn3c([H])c([H])c([H])c([H])c23)c1Cl,0,-0.016651949,-0.1380829,-149.87047510968134,-29.47910268883534,0.016209766,0.020000704,0.018105235,-0.044672977,-0.042361304,-0.043517143,-1231254.1574286215,1.5552732851356268,-1231246.242023362,-1231251.4046720508
S2-48.7,intermediate,[H]C1=C([H])c2c(-c3nc(N([H])c4c([H])c(N([H])C(=O)[C-:91]5C([H])([H])C([H])([H])N(C([H])([H])[H])C([H])([H])[C:92]5([H])[S:93]C([H])([H])[H])c([H])c([H])c4OC([H])([H])[H])nc([H])c3Cl)c([H])nn2C([H])=C1[H],-1,-0.008673724,-0.1439064,-76.85513885841192,20.183843939320102,0.025765553,0.023645476,0.024705514,-0.015531639,-0.031011146,-0.023271393,-1506247.9925781211,3.8858759738504887,-1506235.8031377373,-1506241.7139746586
S2-48.7,product,[H]c1nc(N([H])c2c([H])c(N([H])C(=O)[C:91]3([H])C([H])([H])C([H])([H])N(C([H])([H])[H])C([H])([H])[C:92]3([H])[S:93]C([H])([H])[H])c([H])c([H])c2OC([H])([H])[H])nc(-c2c([H])nn3c([H])c([H])c([H])c([H])c23)c1Cl,0,-0.08063297,-0.05379228,-145.89520806132333,-28.717170926271812,-0.031675026,-0.033507105,-0.032591064,-0.009473495,-0.012317389,-0.010895442,-1506612.5087131306,1.9599592331796885,-1506599.258115998,-1506608.6232975158
S2-48.8,reactant,[H]c1nc(N([H])c2c([H])c(N([H])C(=O)[C:91]3=[C:92]([H])C([H])([H])N(C([H])([H])[H])C([H])([H])C3([H])[H])c([H])c([H])c2OC([H])([H])[H])nc(-c2c([H])nn3c([H])c([H])c([H])c([H])c23)c1Cl,0,-0.016335819,-0.13823318,-149.86531531254005,-29.423783940978243,0.016177386,0.019972503,0.018074945,-0.044501327,-0.042344563,-0.043422945,-1231254.139969457,1.6170073878020048,-1231244.2613596534,-1231251.3422504999
S2-48.8,intermediate,[H]C1=C([H])c2c(-c3nc(N([H])c4c([H])c(N([H])C(=O)[C-:91]5C([H])([H])C([H])([H])N(C([H])([H])[H])C([H])([H])[C:92]5([H])[S:93]C([H])([H])[H])c([H])c([H])c4OC([H])([H])[H])nc([H])c3Cl)c([H])nn2C([H])=C1[H],-1,-0.01120412,-0.14047907,-80.59210096089649,28.361424070024874,-0.0002246499,0.0011310875,0.00045321882,-0.003992913,-0.016145723,-0.010069318,-1506261.469744334,2.9146345518529415,-1506249.6667384168,-1506255.9320166088
S2-48.8,product,[H]c1nc(N([H])c2c([H])c(N([H])C(=O)[C:91]3([H])C([H])([H])C([H])([H])N(C([H])([H])[H])C([H])([H])[C:92]3([H])[S:93]C([H])([H])[H])c([H])c([H])c2OC([H])([H])[H])nc(-c2c([H])nn3c([H])c([H])c([H])c([H])c23)c1Cl,0,-0.08633782,-0.037591275,-146.1757329970954,-26.94941740842013,-0.044712253,-0.044856858,-0.044784553,-0.0033184215,-0.0067470893,-0.0050327554,-1506612.9415138755,2.3231110982596874,-1506601.9746666097,-1506608.8647828547
S2-48.9,reactant,[H]c1nc(N([H])c2c([H])c(N([H])C(=O)[C:91]3=[C:92]([H])C([H])([H])N(C([H])([H])[H])C([H])([H])C3([H])[H])c([H])c([H])c2OC([H])([H])[H])nc(-c2c([H])nn3c([H])c([H])c([H])c([H])c23)c1Cl,0,-0.021092605,-0.1458801,-150.01807520199603,-27.85675759135522,0.018902808,0.022159077,0.020530943,-0.04235898,-0.040213127,-0.041286055,-1231256.0557391471,1.4983777161687613,-1231248.470836481,-1231253.269616141
S2-48.9,intermediate,[H]C1=C([H])c2c(-c3nc(N([H])c4c([H])c(N([H])C(=O)[C-:91]5C([H])([H])C([H])([H])N(C([H])([H])[H])C([H])([H])[C:92]5([H])[S:93]C([H])([H])[H])c([H])c([H])c4OC([H])([H])[H])nc([H])c3Cl)c([H])nn2C([H])=C1[H],-1,-0.3778177,-0.030432379,-65.77465907447039,35.347816998375,-0.006376203,-0.010846516,-0.00861136,0.033404708,0.20545657,0.11943064,-1506239.6267356288,4.1894284430891275,-1506224.3068444908,-1506231.5219937456
S2-48.9,product,[H]c1nc(N([H])c2c([H])c(N([H])C(=O)[C:91]3([H])C([H])([H])C([H])([H])N(C([H])([H])[H])C([H])([H])[C:92]3([H])[S:93]C([H])([H])[H])c([H])c([H])c2OC([H])([H])[H])nc(-c2c([H])nn3c([H])c([H])c([H])c([H])c23)c1Cl,0,-0.084557205,-0.049591094,-147.63012739304725,-30.117586139652758,-0.032815725,-0.030989923,-0.031902824,-0.0086084455,-0.009031415,-0.00881993,-1506617.2229037166,2.488151015713811,-1506605.209208479,-1506613.0913657886
S2-48.10,reactant,[H]c1nc(N([H])c2c([H])c(N([H])C(=O)[C:91]3=[C:92]([H])C([H])([H])N(C([H])([H])[H])C([H])([H])C3([H])[H])c([H])c([H])c2OC([H])([H])[H])nc(-c2c([H])nn3c([H])c([H])c([H])c([H])c23)c1Cl,0,-0.0068733217,-0.16355331,-150.2013143813853,-29.535138445999475,0.005342126,0.008113936,0.0067280307,-0.038832504,-0.037244815,-0.03803866,-1231253.8984483725,1.735858203843236,-1231242.9973742987,-1231250.9658055662
S2-48.10,intermediate,[H]C1=C([H])c2c(-c3nc(N([H])c4c([H])c(N([H])C(=O)[C-:91]5C([H])([H])C([H])([H])N(C([H])([H])[H])C([H])([H])[C:92]5([H])[S:93]C([H])([H])[H])c([H])c([H])c4OC([H])([H])[H])nc([H])c3Cl)c([H])nn2C([H])=C1[H],-1,-0.35201073,-0.0075187236,-64.8569119933532,39.56473186681175,-0.002933065,-0.011085866,-0.0070094652,0.0403606,0.22443984,0.13240021,-1506243.5106746433,6.641658885404468,-1506229.142284604,-1506235.71304169
S2-48.10,product,[H]c1nc(N([H])c2c([H])c(N([H])C(=O)[C:91]3([H])C([H])([H])C([H])([H])N(C([H])([H])[H])C([H])([H])[C:92]3([H])[S:93]C([H])([H])[H])c([H])c([H])c2OC([H])([H])[H])nc(-c2c([H])nn3c([H])c([H])c([H])c([H])c23)c1Cl,0,-0.08064537,-0.04265637,-145.36998905804626,-27.22022155102798,-0.035685714,-0.03594233,-0.03581402,-0.011347815,-0.01368434,-0.012516078,-1506610.2304184728,2.2497266829013824,-1506598.8208063317,-1506605.3951707494
S2-46.1,reactant,[H]c1nc(N([H])c2c([H])c(N([H])C(=O)[C:91](C([H])([H])N3C([H])([H])C([H])([H])OC([H])([H])C3([H])[H])=[C:92]([H])[H])c([H])c([H])c2OC([H])([H])[H])nc(N([H])c2c([H])c([H])c([H])c([H])c2C(=O)N([H])C([H])([H])[H])c1Cl,0,0.020190168,-0.29461494,-142.6699756212051,-26.27998638447472,0.047534883,0.029179186,0.038357034,-0.011481609,-0.020749135,-0.016115373,-1375856.0842195211,3.708796503022313,-1375844.1274507428,-1375850.0721616612
S2-46.1,intermediate,[H]c1nc(N([H])c2c([H])c(N([H])C(=O)[C-:91](C([H])([H])N3C([H])([H])C([H])([H])OC([H])([H])C3([H])[H])[C:92]([H])([H])[S:93]C([H])([H])[H])c([H])c([H])c2OC([H])([H])[H])nc(N([H])c2c([H])c([H])c([H])c([H])c2C(=O)N([H])C([H])([H])[H])c1Cl,-1,-0.0075116837,-0.3321068,-75.65445673180817,34.96535541817449,0.038817525,0.03738454,0.038101032,0.012241111,0.004726639,0.008483876,-1650879.1151444686,4.091938991099596,-1650862.277056651,-1650868.5462038666
S2-46.1,product,[H]c1nc(N([H])c2c([H])c(N([H])C(=O)[C:91]([H])(C([H])([H])N3C([H])([H])C([H])([H])OC([H])([H])C3([H])[H])[C:92]([H])([H])[S:93]C([H])([H])[H])c([H])c([H])c2OC([H])([H])[H])nc(N([H])c2c([H])c([H])c([H])c([H])c2C(=O)N([H])C([H])([H])[H])c1Cl,0,-0.083847694,-0.110851526,-137.74359484919896,-24.960038366912922,-0.00978481,-0.008590244,-0.009187527,0.0056354105,0.0029996634,0.004317537,-1651230.2529757065,6.415063790977001,-1651217.2660118479,-1651224.1791130165
S2-46.2,reactant,[H]c1nc(N([H])c2c([H])c(N([H])C(=O)[C:91](C([H])([H])N3C([H])([H])C([H])([H])OC([H])([H])C3([H])[H])=[C:92]([H])[H])c([H])c([H])c2OC([H])([H])[H])nc(N([H])c2c([H])c([H])c([H])c([H])c2C(=O)N([H])C([H])([H])[H])c1Cl,0,0.0038786044,-0.3311758,-142.12339783814068,-26.184766719763946,0.050738007,0.04470536,0.047721684,0.0019293246,-0.0100426655,-0.0040566702,-1375869.1519878497,2.617523493245244,-1375858.0229291134,-1375865.4063083201
S2-46.2,intermediate,[H]c1nc(N([H])c2c([H])c(N([H])C(=O)[C-:91](C([H])([H])N3C([H])([H])C([H])([H])OC([H])([H])C3([H])[H])[C:92]([H])([H])[S:93]C([H])([H])[H])c([H])c([H])c2OC([H])([H])[H])nc(N([H])c2c([H])c([H])c([H])c([H])c2C(=O)N([H])C([H])([H])[H])c1Cl,-1,-0.3810813,-0.14377935,-65.4766791516605,41.770575949085384,0.01668851,0.017767727,0.01722812,0.09261298,0.28837013,0.19049156,-1650867.1969422947,5.128509094938636,-1650852.984228571,-1650859.0303344862
S2-46.2,product,[H]c1nc(N([H])c2c([H])c(N([H])C(=O)[C:91]([H])(C([H])([H])N3C([H])([H])C([H])([H])OC([H])([H])C3([H])[H])[C:92]([H])([H])[S:93]C([H])([H])[H])c([H])c([H])c2OC([H])([H])[H])nc(N([H])c2c([H])c([H])c([H])c([H])c2C(=O)N([H])C([H])([H])[H])c1Cl,0,-0.0871286,-0.11534434,-138.98710845239893,-24.30927067400233,-0.00644397,-0.0063933954,-0.0064186826,0.0052208155,0.002307728,0.0037642717,-1651222.0764742715,4.0668074525892735,-1651208.0317714594,-1651214.163191681
S2-46.3,reactant,[H]c1nc(N([H])c2c([H])c(N([H])C(=O)[C:91](C([H])([H])N3C([H])([H])C([H])([H])OC([H])([H])C3([H])[H])=[C:92]([H])[H])c([H])c([H])c2OC([H])([H])[H])nc(N([H])c2c([H])c([H])c([H])c([H])c2C(=O)N([H])C([H])([H])[H])c1Cl,0,-0.0016769778,-0.33104894,-144.97656063932095,-21.165500175929058,0.051580638,0.04283321,0.047206923,5.2448595e-06,-0.008803551,-0.004399153,-1375865.8080391837,5.241333419457078,-1375851.9786743717,-1375858.4388405522
S2-46.3,intermediate,[H]c1nc(N([H])c2c([H])c(N([H])C(=O)[C-:91](C([H])([H])N3C([H])([H])C([H])([H])OC([H])([H])C3([H])[H])[C:92]([H])([H])[S:93]C([H])([H])[H])c([H])c([H])c2OC([H])([H])[H])nc(N([H])c2c([H])c([H])c([H])c([H])c2C(=O)N([H])C([H])([H])[H])c1Cl,-1,-0.36322683,-0.14417145,-62.08897567586845,39.41572549888654,0.020438612,0.02165813,0.02104837,0.032653272,0.2234347,0.12804398,-1650873.9489889606,5.071855818852782,-1650860.5610308647,-1650867.9692314095
S2-46.3,product,[H]c1nc(N([H])c2c([H])c(N([H])C(=O)[C:91]([H])(C([H])([H])N3C([H])([H])C([H])([H])OC([H])([H])C3([H])[H])[C:92]([H])([H])[S:93]C([H])([H])[H])c([H])c([H])c2OC([H])([H])[H])nc(N([H])c2c([H])c([H])c([H])c([H])c2C(=O)N([H])C([H])([H])[H])c1Cl,0,-0.08309068,-0.12316065,-138.7661033539882,-24.69474046955626,-0.012439825,-0.010412864,-0.0114263445,-0.0016690716,-0.0048134774,-0.0032412745,-1651232.0129196611,6.60713941603899,-1651216.3547844999,-1651224.2977667595
S2-46.4,reactant,[H]c1nc(N([H])c2c([H])c(N([H])C(=O)[C:91](C([H])([H])N3C([H])([H])C([H])([H])OC([H])([H])C3([H])[H])=[C:92]([H])[H])c([H])c([H])c2OC([H])([H])[H])nc(N([H])c2c([H])c([H])c([H])c([H])c2C(=O)N([H])C([H])([H])[H])c1Cl,0,0.0065246914,-0.3147015,-142.89873325250304,-26.6360696547993,0.042759508,0.033439547,0.038099527,-0.0011655227,-0.013557997,-0.0073617594,-1375864.2317624865,4.43492922000587,-1375853.4540605652,-1375859.8920045807
S2-46.4,intermediate,[H]c1nc(N([H])c2c([H])c(N([H])C(=O)[C-:91](C([H])([H])N3C([H])([H])C([H])([H])OC([H])([H])C3([H])[H])[C:92]([H])([H])[S:93]C([H])([H])[H])c([H])c([H])c2OC([H])([H])[H])nc(N([H])c2c([H])c([H])c([H])c([H])c2C(=O)N([H])C([H])([H])[H])c1Cl,-1,-0.36914274,-0.14575149,-59.42098829444574,40.731213340956,0.018369734,0.019568384,0.018969059,0.07997522,0.2736304,0.17680281,-1650864.2952237015,5.306174525991082,-1650850.8020406873,-1650857.0945133378
S2-46.4,product,[H]c1nc(N([H])c2c([H])c(N([H])C(=O)[C:91]([H])(C([H])([H])N3C([H])([H])C([H])([H])OC([H])([H])C3([H])[H])[C:92]([H])([H])[S:93]C([H])([H])[H])c([H])c([H])c2OC([H])([H])[H])nc(N([H])c2c([H])c([H])c([H])c([H])c2C(=O)N([H])C([H])([H])[H])c1Cl,0,-0.08025847,-0.118174285,-139.79208482019578,-24.20842199739901,-0.017574497,-0.01606214,-0.016818319,0.0048639625,-0.0017351434,0.0015644096,-1651224.1849403945,9.712793998420238,-1651210.8804270227,-1651218.2671128488
S2-46.5,reactant,[H]c1nc(N([H])c2c([H])c(N([H])C(=O)[C:91](C([H])([H])N3C([H])([H])C([H])([H])OC([H])([H])C3([H])[H])=[C:92]([H])[H])c([H])c([H])c2OC([H])([H])[H])nc(N([H])c2c([H])c([H])c([H])c([H])c2C(=O)N([H])C([H])([H])[H])c1Cl,0,-0.0030389107,-0.3326311,-139.70585133909722,-22.42822748275592,0.049673587,0.042711824,0.046192706,-0.0035988796,-0.010471884,-0.007035382,-1375862.0143210725,2.945628173649311,-1375846.438664139,-1375854.8163588732
S2-46.5,intermediate,[H]c1nc(N([H])c2c([H])c(N([H])C(=O)[C-:91](C([H])([H])N3C([H])([H])C([H])([H])OC([H])([H])C3([H])[H])[C:92]([H])([H])[S:93]C([H])([H])[H])c([H])c([H])c2OC([H])([H])[H])nc(N([H])c2c([H])c([H])c([H])c([H])c2C(=O)N([H])C([H])([H])[H])c1Cl,-1,-0.33788753,-0.13693011,-65.02804399620067,45.740286889082185,0.021585137,0.020442747,0.021013942,0.11610952,0.28633425,0.20122188,-1650867.2077032714,7.096471564844251,-1650847.9998804026,-1650855.3703966665
S2-46.5,product,[H]c1nc(N([H])c2c([H])c(N([H])C(=O)[C:91]([H])(C([H])([H])N3C([H])([H])C([H])([H])OC([H])([H])C3([H])[H])[C:92]([H])([H])[S:93]C([H])([H])[H])c([H])c([H])c2OC([H])([H])[H])nc(N([H])c2c([H])c([H])c([H])c([H])c2C(=O)N([H])C([H])([H])[H])c1Cl,0,-0.08342955,-0.107651725,-139.31886548502914,-26.029831594499658,-0.01996246,-0.018822178,-0.019392319,0.0004253462,-0.0028794631,-0.0012270585,-1651236.1882205028,7.480431282892823,-1651221.576319787,-1651230.9300715795
S2-46.6,reactant,[H]c1nc(N([H])c2c([H])c(N([H])C(=O)[C:91](C([H])([H])N3C([H])([H])C([H])([H])OC([H])([H])C3([H])[H])=[C:92]([H])[H])c([H])c([H])c2OC([H])([H])[H])nc(N([H])c2c([H])c([H])c([H])c([H])c2C(=O)N([H])C([H])([H])[H])c1Cl,0,0.016479053,-0.2929794,-142.03681661344442,-26.409957283132602,0.044351697,0.028491259,0.036421478,-0.015365329,-0.02235964,-0.018862484,-1375868.0546192627,7.921469524502754,-1375854.3202652915,-1375862.428037182
S2-46.6,intermediate,[H]c1nc(N([H])c2c([H])c(N([H])C(=O)[C-:91](C([H])([H])N3C([H])([H])C([H])([H])OC([H])([H])C3([H])[H])[C:92]([H])([H])[S:93]C([H])([H])[H])c([H])c([H])c2OC([H])([H])[H])nc(N([H])c2c([H])c([H])c([H])c([H])c2C(=O)N([H])C([H])([H])[H])c1Cl,-1,-0.40779808,-0.11827191,-63.569944364121575,40.36441908080136,0.008016072,0.012505643,0.010260858,0.055362374,0.25858474,0.15697354,-1650866.6120531694,5.463307539001107,-1650851.8090427674,-1650858.6594011714
S2-46.6,product,[H]c1nc(N([H])c2c([H])c(N([H])C(=O)[C:91]([H])(C([H])([H])N3C([H])([H])C([H])([H])OC([H])([H])C3([H])[H])[C:92]([H])([H])[S:93]C([H])([H])[H])c([H])c([H])c2OC([H])([H])[H])nc(N([H])c2c([H])c([H])c([H])c([H])c2C(=O)N([H])C([H])([H])[H])c1Cl,0,-0.08417501,-0.109527595,-140.2928384220969,-26.520677388385685,-0.016006418,-0.014999934,-0.015503176,-4.246831e-07,-0.004859008,-0.0024297163,-1651227.7879959298,4.328158784657717,-1651214.561940048,-1651223.2113149995
S2-46.7,reactant,[H]c1nc(N([H])c2c([H])c(N([H])C(=O)[C:91](C([H])([H])N3C([H])([H])C([H])([H])OC([H])([H])C3([H])[H])=[C:92]([H])[H])c([H])c([H])c2OC([H])([H])[H])nc(N([H])c2c([H])c([H])c([H])c([H])c2C(=O)N([H])C([H])([H])[H])c1Cl,0,-6.910204e-05,-0.33532375,-139.99618544577345,-24.2380805017489,0.046713114,0.03790292,0.042308018,0.0033360752,-0.0069445837,-0.0018042544,-1375861.706944586,2.2270275242626667,-1375851.437578973,-1375858.0101358022
S2-46.7,intermediate,[H]c1nc(N([H])c2c([H])c(N([H])C(=O)[C-:91](C([H])([H])N3C([H])([H])C([H])([H])OC([H])([H])C3([H])[H])[C:92]([H])([H])[S:93]C([H])([H])[H])c([H])c([H])c2OC([H])([H])[H])nc(N([H])c2c([H])c([H])c([H])c([H])c2C(=O)N([H])C([H])([H])[H])c1Cl,-1,-0.35838187,-0.11991257,-62.81320643239444,40.66382396320663,2.9332936e-05,0.005067356,0.0025483444,0.053156137,0.23710766,0.1451319,-1650865.9238607972,6.056043114513159,-1650849.9322622605,-1650856.9388635599
S2-46.7,product,[H]c1nc(N([H])c2c([H])c(N([H])C(=O)[C:91]([H])(C([H])([H])N3C([H])([H])C([H])([H])OC([H])([H])C3([H])[H])[C:92]([H])([H])[S:93]C([H])([H])[H])c([H])c([H])c2OC([H])([H])[H])nc(N([H])c2c([H])c([H])c([H])c([H])c2C(=O)N([H])C([H])([H])[H])c1Cl,0,-0.08211244,-0.1277421,-137.2060930560301,-25.01200156756958,-0.007306993,-0.0045503527,-0.005928673,0.000864543,0.0012543276,0.0010594353,-1651223.464356553,3.8177831564098597,-1651210.2023375512,-1651217.0579073676
S2-46.8,reactant,[H]c1nc(N([H])c2c([H])c(N([H])C(=O)[C:91](C([H])([H])N3C([H])([H])C([H])([H])OC([H])([H])C3([H])[H])=[C:92]([H])[H])c([H])c([H])c2OC([H])([H])[H])nc(N([H])c2c([H])c([H])c([H])c([H])c2C(=O)N([H])C([H])([H])[H])c1Cl,0,0.0012705507,-0.32583728,-142.0345447014585,-26.44317516990213,0.051952362,0.044584185,0.048268273,0.0014095948,-0.009399609,-0.003995007,-1375864.0606003373,3.1754840947687626,-1375851.5605351261,-1375858.851236607
S2-46.8,intermediate,[H]c1nc(N([H])c2c([H])c(N([H])C(=O)[C-:91](C([H])([H])N3C([H])([H])C([H])([H])OC([H])([H])C3([H])[H])[C:92]([H])([H])[S:93]C([H])([H])[H])c([H])c([H])c2OC([H])([H])[H])nc(N([H])c2c([H])c([H])c([H])c([H])c2C(=O)N([H])C([H])([H])[H])c1Cl,-1,-0.35083133,-0.15119901,-61.33745723523413,39.298153865063476,0.0070779473,0.012505561,0.009791754,0.111388534,0.2820113,0.19669992,-1650870.2963915567,5.150524288415909,-1650856.488279833,-1650864.219416555
S2-46.8,product,[H]c1nc(N([H])c2c([H])c(N([H])C(=O)[C:91]([H])(C([H])([H])N3C([H])([H])C([H])([H])OC([H])([H])C3([H])[H])[C:92]([H])([H])[S:93]C([H])([H])[H])c([H])c([H])c2OC([H])([H])[H])nc(N([H])c2c([H])c([H])c([H])c([H])c2C(=O)N([H])C([H])([H])[H])c1Cl,0,-0.08341801,-0.12302507,-136.51619325109232,-22.74371714084874,-0.010331854,-0.008666895,-0.009499375,0.002867356,-0.00074315816,0.0010620989,-1651226.2178158427,4.4168734308332205,-1651213.0378739235,-1651219.820022636
S2-46.9,reactant,[H]c1nc(N([H])c2c([H])c(N([H])C(=O)[C:91](C([H])([H])N3C([H])([H])C([H])([H])OC([H])([H])C3([H])[H])=[C:92]([H])[H])c([H])c([H])c2OC([H])([H])[H])nc(N([H])c2c([H])c([H])c([H])c([H])c2C(=O)N([H])C([H])([H])[H])c1Cl,0,0.004564469,-0.31366068,-142.73630219523793,-26.668156504520155,0.0417116,0.033463866,0.037587732,-0.0014400659,-0.010552784,-0.0059964256,-1375864.6773412926,2.287795940414071,-1375855.4398908503,-1375861.4552507354
S2-46.9,intermediate,[H]c1nc(N([H])c2c([H])c(N([H])C(=O)[C-:91](C([H])([H])N3C([H])([H])C([H])([H])OC([H])([H])C3([H])[H])[C:92]([H])([H])[S:93]C([H])([H])[H])c([H])c([H])c2OC([H])([H])[H])nc(N([H])c2c([H])c([H])c([H])c([H])c2C(=O)N([H])C([H])([H])[H])c1Cl,-1,-0.37371933,-0.14310978,-61.66047720902776,40.11457576865088,0.0068069845,0.01219286,0.009499922,0.0914022,0.27795285,0.18467753,-1650871.899073903,6.3716986682266,-1650858.1637816147,-1650866.0365738792
S2-46.9,product,[H]c1nc(N([H])c2c([H])c(N([H])C(=O)[C:91]([H])(C([H])([H])N3C([H])([H])C([H])([H])OC([H])([H])C3([H])[H])[C:92]([H])([H])[S:93]C([H])([H])[H])c([H])c([H])c2OC([H])([H])[H])nc(N([H])c2c([H])c([H])c([H])c([H])c2C(=O)N([H])C([H])([H])[H])c1Cl,0,-0.06682228,-0.11969463,-140.1995375280482,-25.672401851242416,-0.016302273,-0.015407436,-0.015854854,-0.0021630675,-0.008578539,-0.005370803,-1651232.73998786,2.6757522728294134,-1651221.1182322213,-1651229.1311192568
S2-46.10,reactant,[H]c1nc(N([H])c2c([H])c(N([H])C(=O)[C:91](C([H])([H])N3C([H])([H])C([H])([H])OC([H])([H])C3([H])[H])=[C:92]([H])[H])c([H])c([H])c2OC([H])([H])[H])nc(N([H])c2c([H])c([H])c([H])c([H])c2C(=O)N([H])C([H])([H])[H])c1Cl,0,0.008725017,-0.31128383,-143.5982548624825,-26.691783441207594,0.04778382,0.043260396,0.04552211,-0.003376646,-0.015348363,-0.009362504,-1375859.7143097622,5.623225262388587,-1375849.198180174,-1375854.7552525834
S2-46.10,intermediate,[H]c1nc(N([H])c2c([H])c(N([H])C(=O)[C-:91](C([H])([H])N3C([H])([H])C([H])([H])OC([H])([H])C3([H])[H])[C:92]([H])([H])[S:93]C([H])([H])[H])c([H])c([H])c2OC([H])([H])[H])nc(N([H])c2c([H])c([H])c([H])c([H])c2C(=O)N([H])C([H])([H])[H])c1Cl,-1,-0.35532823,-0.13115527,-67.95153327892365,42.71748475649817,0.0046025664,0.010000743,0.0073016547,0.065059185,0.25888756,0.16197337,-1650866.989290424,6.0640387032181025,-1650846.998709361,-1650853.0252201927
S2-46.10,product,[H]c1nc(N([H])c2c([H])c(N([H])C(=O)[C:91]([H])(C([H])([H])N3C([H])([H])C([H])([H])OC([H])([H])C3([H])[H])[C:92]([H])([H])[S:93]C([H])([H])[H])c([H])c([H])c2OC([H])([H])[H])nc(N([H])c2c([H])c([H])c([H])c([H])c2C(=O)N([H])C([H])([H])[H])c1Cl,0,-0.0872715,-0.120692685,-138.68997401803304,-25.765181923949203,-0.0059356242,-0.0057265013,-0.005831063,0.004416138,0.001630865,0.0030235015,-1651230.8114058247,4.257227025926113,-1651216.909530441,-1651224.5314004766
S2-53.1,reactant,[H]c1nc2c([H])c(OC([H])([H])C([H])([H])[H])c(N([H])C(=O)/[C:91]([H])=[C:92](\[H])C([H])([H])N(C([H])([H])[H])C([H])([H])[H])c([H])c2c(N([H])c2c([H])c([H])c(F)c(Cl)c2[H])c1C#N,0,-0.14477566,-0.10854793,-158.74620494939447,-31.340011747370646,-0.012362838,-0.0070776045,-0.009720221,0.019321218,0.0027026236,0.011011921,-1200868.418558625,1.965297495946288,-1200858.9764198945,-1200864.8681151445
S2-53.1,intermediate,[H]c1nc2c([H])c(OC([H])([H])C([H])([H])[H])c(N([H])C(=O)[C-:91]([H])[C:92]([H])(C([H])([H])N(C([H])([H])[H])C([H])([H])[H])[S:93]C([H])([H])[H])c([H])c2c(N([H])c2c([H])c([H])c(F)c(Cl)c2[H])c1C#N,-1,-0.5151967,-0.060039308,-73.39787394209289,39.32266579242249,-0.0016463995,0.00712806,0.0027408302,0.035614073,0.21019766,0.122905865,-1475873.6927542805,3.48268985748291,-1475858.4497076601,-1475865.321872443
S2-53.1,product,[H]c1nc2c([H])c(OC([H])([H])C([H])([H])[H])c(N([H])C(=O)[C:91]([H])([H])[C:92]([H])(C([H])([H])N(C([H])([H])[H])C([H])([H])[H])[S:93]C([H])([H])[H])c([H])c2c(N([H])c2c([H])c([H])c(F)c(Cl)c2[H])c1C#N,0,-0.1383818,-0.064050816,-153.1212441630628,-27.048102172862635,-0.034452397,-0.03188169,-0.03316704,0.0041917562,0.003854543,0.0040231496,-1476235.0189247266,4.037159251049161,-1476223.8365498905,-1476228.7753162533
S2-53.2,reactant,[H]c1nc2c([H])c(OC([H])([H])C([H])([H])[H])c(N([H])C(=O)/[C:91]([H])=[C:92](\[H])C([H])([H])N(C([H])([H])[H])C([H])([H])[H])c([H])c2c(N([H])c2c([H])c([H])c(F)c(Cl)c2[H])c1C#N,0,-0.16345641,-0.09863395,-157.57458267954786,-31.608500268827246,-0.0042311028,0.0053640157,0.00056645647,0.01962857,-0.001149714,0.009239428,-1200870.9751512117,2.144659446552396,-1200861.851609723,-1200867.5261680656
S2-53.2,intermediate,[H]c1nc2c([H])c(OC([H])([H])C([H])([H])[H])c(N([H])C(=O)[C-:91]([H])[C:92]([H])(C([H])([H])N(C([H])([H])[H])C([H])([H])[H])[S:93]C([H])([H])[H])c([H])c2c(N([H])c2c([H])c([H])c(F)c(Cl)c2[H])c1C#N,-1,-0.45422116,-0.030417817,-67.79565641421146,45.7978728664775,-0.016526606,-0.0071672965,-0.011846952,0.041945547,0.1787878,0.11036667,-1475875.2965505326,2.1084315180778503,-1475860.7542614487,-1475865.8460728014
S2-53.2,product,[H]c1nc2c([H])c(OC([H])([H])C([H])([H])[H])c(N([H])C(=O)[C:91]([H])([H])[C:92]([H])(C([H])([H])N(C([H])([H])[H])C([H])([H])[H])[S:93]C([H])([H])[H])c([H])c2c(N([H])c2c([H])c([H])c(F)c(Cl)c2[H])c1C#N,0,-0.1434658,-0.078370504,-154.7389810959106,-28.91306557523585,-0.031076625,-0.02795875,-0.029517688,0.0015381426,0.002014652,0.0017763972,-1476238.229234683,4.222046922892332,-1476229.0402740208,-1476233.7919949195
S2-53.3,reactant,[H]c1nc2c([H])c(OC([H])([H])C([H])([H])[H])c(N([H])C(=O)/[C:91]([H])=[C:92](\[H])C([H])([H])N(C([H])([H])[H])C([H])([H])[H])c([H])c2c(N([H])c2c([H])c([H])c(F)c(Cl)c2[H])c1C#N,0,-0.16374911,-0.0988239,-157.50520948895607,-31.378751585650203,-0.0033595115,0.0062775835,0.001459036,0.020815298,-0.0009770542,0.009919122,-1200870.3719704729,2.4925588835030794,-1200860.9137493148,-1200866.679492536
S2-53.3,intermediate,[H]c1nc2c([H])c(OC([H])([H])C([H])([H])[H])c(N([H])C(=O)[C-:91]([H])[C:92]([H])(C([H])([H])N(C([H])([H])[H])C([H])([H])[H])[S:93]C([H])([H])[H])c([H])c2c(N([H])c2c([H])c([H])c(F)c(Cl)c2[H])c1C#N,-1,-0.47938827,-0.048554223,-77.40019336205633,35.44825624126035,0.0061916076,0.010495305,0.008343456,0.055030555,0.22353935,0.13928495,-1475870.858450249,5.415868550539017,-1475857.1707057762,-1475862.5182018725
S2-53.3,product,[H]c1nc2c([H])c(OC([H])([H])C([H])([H])[H])c(N([H])C(=O)[C:91]([H])([H])[C:92]([H])(C([H])([H])N(C([H])([H])[H])C([H])([H])[H])[S:93]C([H])([H])[H])c([H])c2c(N([H])c2c([H])c([H])c(F)c(Cl)c2[H])c1C#N,0,-0.13917646,-0.054519337,-158.38261053561575,-31.73595410963799,-0.031534884,-0.030276652,-0.030905768,0.0011226535,0.0014977604,0.001310207,-1476231.445759104,3.6659124474972486,-1476222.260522447,-1476227.1389340318
S2-53.4,reactant,[H]c1nc2c([H])c(OC([H])([H])C([H])([H])[H])c(N([H])C(=O)/[C:91]([H])=[C:92](\[H])C([H])([H])N(C([H])([H])[H])C([H])([H])[H])c([H])c2c(N([H])c2c([H])c([H])c(F)c(Cl)c2[H])c1C#N,0,-0.16512324,-0.097266205,-157.34898648083623,-31.1908485599812,-0.0043459535,0.0051275864,0.00039081648,0.020130202,-0.0010358542,0.009547174,-1200870.3506765247,2.545813176780939,-1200861.2451764157,-1200866.9003503285
S2-53.4,intermediate,[H]c1nc2c([H])c(OC([H])([H])C([H])([H])[H])c(N([H])C(=O)[C-:91]([H])[C:92]([H])(C([H])([H])N(C([H])([H])[H])C([H])([H])[H])[S:93]C([H])([H])[H])c([H])c2c(N([H])c2c([H])c([H])c(F)c(Cl)c2[H])c1C#N,-1,-0.5079529,-0.035494547,-73.96510450334111,39.352370002274206,-0.0077361166,-0.0035400316,-0.005638074,0.064824164,0.24424693,0.15453555,-1475875.0463625514,3.5488936230540276,-1475862.0971679625,-1475867.1235611767
S2-53.4,product,[H]c1nc2c([H])c(OC([H])([H])C([H])([H])[H])c(N([H])C(=O)[C:91]([H])([H])[C:92]([H])(C([H])([H])N(C([H])([H])[H])C([H])([H])[H])[S:93]C([H])([H])[H])c([H])c2c(N([H])c2c([H])c([H])c(F)c(Cl)c2[H])c1C#N,0,-0.12544744,-0.060358413,-153.8055388611387,-29.749306318556023,-0.03832241,-0.034912013,-0.036617212,0.0065602064,0.0035436898,0.005051948,-1476232.8335555715,2.645285826176405,-1476223.636337467,-1476228.2524949908
S2-53.5,reactant,[H]c1nc2c([H])c(OC([H])([H])C([H])([H])[H])c(N([H])C(=O)/[C:91]([H])=[C:92](\[H])C([H])([H])N(C([H])([H])[H])C([H])([H])[H])c([H])c2c(N([H])c2c([H])c([H])c(F)c(Cl)c2[H])c1C#N,0,-0.16437045,-0.09801783,-157.431740327437,-31.27225695698571,-0.0038345307,0.0057556555,0.0009605624,0.020268083,-0.0011040717,0.009582005,-1200870.3900086207,2.394238019362092,-1200860.8293138212,-1200866.8720141456
S2-53.5,intermediate,[H]c1nc2c([H])c(OC([H])([H])C([H])([H])[H])c(N([H])C(=O)[C-:91]([H])[C:92]([H])(C([H])([H])N(C([H])([H])[H])C([H])([H])[H])[S:93]C([H])([H])[H])c([H])c2c(N([H])c2c([H])c([H])c(F)c(Cl)c2[H])c1C#N,-1,-0.4918923,-0.044938426,-71.79274666996089,40.23934564845287,-0.002451431,0.006516978,0.0020327736,0.03043446,0.19253686,0.11148566,-1475874.6531163908,2.898732129484415,-1475861.591199112,-1475867.3131106067
S2-53.5,product,[H]c1nc2c([H])c(OC([H])([H])C([H])([H])[H])c(N([H])C(=O)[C:91]([H])([H])[C:92]([H])(C([H])([H])N(C([H])([H])[H])C([H])([H])[H])[S:93]C([H])([H])[H])c([H])c2c(N([H])c2c([H])c([H])c(F)c(Cl)c2[H])c1C#N,0,-0.13620718,-0.08064013,-154.2115617262741,-30.044525088678895,-0.028824177,-0.023648128,-0.026236152,-0.00040747225,-0.0012925565,-0.0008500144,-1476236.3111495795,6.087394597008824,-1476224.415536489,-1476229.7739331215
S2-53.6,reactant,[H]c1nc2c([H])c(OC([H])([H])C([H])([H])[H])c(N([H])C(=O)/[C:91]([H])=[C:92](\[H])C([H])([H])N(C([H])([H])[H])C([H])([H])[H])c([H])c2c(N([H])c2c([H])c([H])c(F)c(Cl)c2[H])c1C#N,0,-0.14991169,-0.10665584,-158.37351538488306,-31.069889190758072,-0.0009769946,-0.00074296445,-0.00085997954,0.013366118,0.0023478568,0.007856987,-1200869.1629826445,2.0936104506254196,-1200861.1031251352,-1200865.192502976
S2-53.6,intermediate,[H]c1nc2c([H])c(OC([H])([H])C([H])([H])[H])c(N([H])C(=O)[C-:91]([H])[C:92]([H])(C([H])([H])N(C([H])([H])[H])C([H])([H])[H])[S:93]C([H])([H])[H])c([H])c2c(N([H])c2c([H])c([H])c(F)c(Cl)c2[H])c1C#N,-1,-0.4810213,-0.039262623,-77.59768702203121,35.71283237924388,0.010928649,0.01308945,0.01200905,0.04575458,0.21326268,0.12950863,-1475871.1248525844,3.4053381513804197,-1475857.2310639552,-1475862.5181893464
S2-53.6,product,[H]c1nc2c([H])c(OC([H])([H])C([H])([H])[H])c(N([H])C(=O)[C:91]([H])([H])[C:92]([H])(C([H])([H])N(C([H])([H])[H])C([H])([H])[H])[S:93]C([H])([H])[H])c([H])c2c(N([H])c2c([H])c([H])c(F)c(Cl)c2[H])c1C#N,0,-0.12651639,-0.08404006,-157.94097343157034,-29.52549386882881,-0.023906924,-0.01811622,-0.021011572,0.004427418,0.003980115,0.0042037666,-1476236.8843891064,2.4137655161321163,-1476226.3931822656,-1476232.8585537209
S2-53.7,reactant,[H]c1nc2c([H])c(OC([H])([H])C([H])([H])[H])c(N([H])C(=O)/[C:91]([H])=[C:92](\[H])C([H])([H])N(C([H])([H])[H])C([H])([H])[H])c([H])c2c(N([H])c2c([H])c([H])c(F)c(Cl)c2[H])c1C#N,0,-0.15469551,-0.103980176,-158.99861035911286,-31.53533066567159,-0.0024269596,-0.0016661659,-0.0020465627,0.012483627,0.0030430257,0.007763326,-1200869.8736500542,2.7391911037266254,-1200860.8575508324,-1200866.028780905
S2-53.7,intermediate,[H]c1nc2c([H])c(OC([H])([H])C([H])([H])[H])c(N([H])C(=O)[C-:91]([H])[C:92]([H])(C([H])([H])N(C([H])([H])[H])C([H])([H])[H])[S:93]C([H])([H])[H])c([H])c2c(N([H])c2c([H])c([H])c(F)c(Cl)c2[H])c1C#N,-1,-0.446833,-0.04807096,-73.02016579515707,41.23076266066163,-0.005040027,0.0037436746,-0.0006481763,0.012252927,0.15172648,0.081989706,-1475874.1522788464,2.933923114091158,-1475861.036814627,-1475867.283544085
S2-53.7,product,[H]c1nc2c([H])c(OC([H])([H])C([H])([H])[H])c(N([H])C(=O)[C:91]([H])([H])[C:92]([H])(C([H])([H])N(C([H])([H])[H])C([H])([H])[H])[S:93]C([H])([H])[H])c([H])c2c(N([H])c2c([H])c([H])c(F)c(Cl)c2[H])c1C#N,0,-0.1348047,-0.071184054,-155.09315414166517,-30.163059172472963,-0.028466836,-0.025196828,-0.026831832,0.004720643,0.0038209707,0.004270807,-1476235.01212607,3.529121683910489,-1476224.8655045298,-1476230.1627499138
S2-53.8,reactant,[H]c1nc2c([H])c(OC([H])([H])C([H])([H])[H])c(N([H])C(=O)/[C:91]([H])=[C:92](\[H])C([H])([H])N(C([H])([H])[H])C([H])([H])[H])c([H])c2c(N([H])c2c([H])c([H])c(F)c(Cl)c2[H])c1C#N,0,-0.18005587,-0.09598754,-159.58897625943544,-32.67991121926241,0.0054433644,0.012181297,0.008812331,0.009979829,0.0017332584,0.005856544,-1200871.4495241214,2.120581453666091,-1200861.7182517026,-1200867.5813563534
S2-53.8,intermediate,[H]c1nc2c([H])c(OC([H])([H])C([H])([H])[H])c(N([H])C(=O)[C-:91]([H])[C:92]([H])(C([H])([H])N(C([H])([H])[H])C([H])([H])[H])[S:93]C([H])([H])[H])c([H])c2c(N([H])c2c([H])c([H])c(F)c(Cl)c2[H])c1C#N,-1,-0.43743625,-0.058864985,-71.66559716274779,40.02565920860284,0.009322125,0.012565304,0.0109437145,0.04177183,0.18837485,0.11507334,-1475877.0934636574,2.542352817952633,-1475867.3773119338,-1475871.4265961542
S2-53.8,product,[H]c1nc2c([H])c(OC([H])([H])C([H])([H])[H])c(N([H])C(=O)[C:91]([H])([H])[C:92]([H])(C([H])([H])N(C([H])([H])[H])C([H])([H])[H])[S:93]C([H])([H])[H])c([H])c2c(N([H])c2c([H])c([H])c(F)c(Cl)c2[H])c1C#N,0,-0.13496491,-0.0580045,-151.075604040786,-26.05185506994654,-0.030516235,-0.028155796,-0.029336017,0.007251814,0.007239267,0.0072455406,-1476233.2907407251,4.511679224669933,-1476222.9958268346,-1476227.9840905233
S2-53.9,reactant,[H]c1nc2c([H])c(OC([H])([H])C([H])([H])[H])c(N([H])C(=O)/[C:91]([H])=[C:92](\[H])C([H])([H])N(C([H])([H])[H])C([H])([H])[H])c([H])c2c(N([H])c2c([H])c([H])c(F)c(Cl)c2[H])c1C#N,0,-0.14352882,-0.13421045,-158.3625595391287,-29.940212238363447,0.0074646473,0.0088498145,0.008157231,-0.011404678,-0.01136896,-0.011386819,-1200868.872065516,2.101393938064575,-1200860.0238797523,-1200865.382078754
S2-53.9,intermediate,[H]c1nc2c([H])c(OC([H])([H])C([H])([H])[H])c(N([H])C(=O)[C-:91]([H])[C:92]([H])(C([H])([H])N(C([H])([H])[H])C([H])([H])[H])[S:93]C([H])([H])[H])c([H])c2c(N([H])c2c([H])c([H])c(F)c(Cl)c2[H])c1C#N,-1,-0.3882744,-0.057484742,-68.89386314945982,46.13776738315745,0.007274773,0.006432306,0.0068535395,0.037174076,0.16700035,0.102087215,-1475876.893247315,4.1163261365145445,-1475864.53352914,-1475868.816456623
S2-53.9,product,[H]c1nc2c([H])c(OC([H])([H])C([H])([H])[H])c(N([H])C(=O)[C:91]([H])([H])[C:92]([H])(C([H])([H])N(C([H])([H])[H])C([H])([H])[H])[S:93]C([H])([H])[H])c([H])c2c(N([H])c2c([H])c([H])c(F)c(Cl)c2[H])c1C#N,0,-0.13496104,-0.07653182,-159.58928614193582,-32.27256332276791,-0.038650904,-0.03482142,-0.03673616,0.0025122613,0.001331687,0.0019219741,-1476229.461856692,3.3148366790264845,-1476218.084142972,-1476224.412556779
S2-53.10,reactant,[H]c1nc2c([H])c(OC([H])([H])C([H])([H])[H])c(N([H])C(=O)/[C:91]([H])=[C:92](\[H])C([H])([H])N(C([H])([H])[H])C([H])([H])[H])c([H])c2c(N([H])c2c([H])c([H])c(F)c(Cl)c2[H])c1C#N,0,-0.18164933,-0.09718606,-158.7315401874281,-32.28893786507186,0.015787177,0.018740907,0.017264042,0.009839773,-0.0023581237,0.0037408248,-1200863.006225686,4.6189829763025045,-1200852.1105045632,-1200857.9286504553
S2-53.10,intermediate,[H]c1nc2c([H])c(OC([H])([H])C([H])([H])[H])c(N([H])C(=O)[C-:91]([H])[C:92]([H])(C([H])([H])N(C([H])([H])[H])C([H])([H])[H])[S:93]C([H])([H])[H])c([H])c2c(N([H])c2c([H])c([H])c(F)c(Cl)c2[H])c1C#N,-1,-0.47369865,-0.050553624,-71.18175854489981,40.52970901174429,0.0013300553,0.010589816,0.0059599355,0.02883181,0.18050742,0.104669616,-1475874.9269524806,2.601158194243908,-1475863.407661253,-1475870.3467522538
S2-53.10,product,[H]c1nc2c([H])c(OC([H])([H])C([H])([H])[H])c(N([H])C(=O)[C:91]([H])([H])[C:92]([H])(C([H])([H])N(C([H])([H])[H])C([H])([H])[H])[S:93]C([H])([H])[H])c([H])c2c(N([H])c2c([H])c([H])c(F)c(Cl)c2[H])c1C#N,0,-0.15133144,-0.08469802,-160.04397760952997,-33.56685095520979,-0.025162652,-0.020443216,-0.022802934,0.00031279027,0.00051271915,0.0004127547,-1476233.6576658592,3.465608661994338,-1476224.0106593075,-1476228.467523763
S2-54.1,reactant,[H]c1nc(C([H])([H])Oc2c([H])c([H])c(N([H])c3c(C#N)c([H])nc4c([H])c(OC([H])([H])C([H])([H])[H])c(N([H])C(=O)/[C:91]([H])=[C:92](\[H])C([H])([H])N(C([H])([H])[H])C([H])([H])[H])c([H])c34)c([H])c2Cl)c([H])c([H])c1[H],0,-0.17431223,-0.100174606,-151.95204005690186,-32.71576832145155,-0.00045709312,0.003733933,0.0016384199,0.008391932,0.0019745529,0.0051832423,-1365638.200073384,6.213080059736967,-1365628.5404715969,-1365633.0294601612
S2-54.1,intermediate,[H]c1nc(C([H])([H])Oc2c([H])c([H])c(N([H])c3c(C#N)c([H])nc4c([H])c(OC([H])([H])C([H])([H])[H])c(N([H])C(=O)[C-:91]([H])[C:92]([H])(C([H])([H])N(C([H])([H])[H])C([H])([H])[H])[S:93]C([H])([H])[H])c([H])c34)c([H])c2Cl)c([H])c([H])c1[H],-1,-0.49359298,-0.035452865,-70.28724580473809,34.524251439333476,0.008961756,0.012571916,0.010766836,0.029304087,0.16427416,0.09678912,-1640639.6107071813,2.2728899847716093,-1640627.5093804186,-1640634.4358111287
S2-54.1,product,[H]c1nc(C([H])([H])Oc2c([H])c([H])c(N([H])c3c(C#N)c([H])nc4c([H])c(OC([H])([H])C([H])([H])[H])c(N([H])C(=O)[C:91]([H])([H])[C:92]([H])(C([H])([H])N(C([H])([H])[H])C([H])([H])[H])[S:93]C([H])([H])[H])c([H])c34)c([H])c2Cl)c([H])c([H])c1[H],0,-0.13834192,-0.06492146,-148.49811309139744,-34.35583832247743,-0.032158263,-0.029458962,-0.030808613,0.0062080175,0.0056751817,0.0059415996,-1641001.5633616534,6.6169369500130415,-1640987.2104520525,-1640994.929570893
S2-54.2,reactant,[H]c1nc(C([H])([H])Oc2c([H])c([H])c(N([H])c3c(C#N)c([H])nc4c([H])c(OC([H])([H])C([H])([H])[H])c(N([H])C(=O)/[C:91]([H])=[C:92](\[H])C([H])([H])N(C([H])([H])[H])C([H])([H])[H])c([H])c34)c([H])c2Cl)c([H])c([H])c1[H],0,-0.16429776,-0.096233666,-147.48400201152367,-31.24429767242376,-0.0015550852,0.004660964,0.0015529394,0.022306323,0.0017943978,0.01205036,-1365638.600081873,9.545130526646972,-1365626.6518990393,-1365631.665900027
S2-54.2,intermediate,[H]c1nc(C([H])([H])Oc2c([H])c([H])c(N([H])c3c(C#N)c([H])nc4c([H])c(OC([H])([H])C([H])([H])[H])c(N([H])C(=O)[C-:91]([H])[C:92]([H])(C([H])([H])N(C([H])([H])[H])C([H])([H])[H])[S:93]C([H])([H])[H])c([H])c34)c([H])c2Cl)c([H])c([H])c1[H],-1,-0.4893809,-0.0356259,-67.90120329864652,37.32926052458276,0.005487364,0.010549637,0.0080185,0.0953325,0.24142753,0.16838002,-1640639.001406794,13.18086544983089,-1640615.5403040836,-1640621.1972707023
S2-54.2,product,[H]c1nc(C([H])([H])Oc2c([H])c([H])c(N([H])c3c(C#N)c([H])nc4c([H])c(OC([H])([H])C([H])([H])[H])c(N([H])C(=O)[C:91]([H])([H])[C:92]([H])(C([H])([H])N(C([H])([H])[H])C([H])([H])[H])[S:93]C([H])([H])[H])c([H])c34)c([H])c2Cl)c([H])c([H])c1[H],0,-0.14653674,-0.061148055,-147.43085995922675,-31.881460412244202,-0.00982365,-0.008812688,-0.009318169,0.009295687,0.008327454,0.008811571,-1640996.1044484507,7.299580780789256,-1640979.5810515804,-1640986.2929946154
S2-54.3,reactant,[H]c1nc(C([H])([H])Oc2c([H])c([H])c(N([H])c3c(C#N)c([H])nc4c([H])c(OC([H])([H])C([H])([H])[H])c(N([H])C(=O)/[C:91]([H])=[C:92](\[H])C([H])([H])N(C([H])([H])[H])C([H])([H])[H])c([H])c34)c([H])c2Cl)c([H])c([H])c1[H],0,-0.14215182,-0.10612385,-148.2524445143576,-32.067923915699055,0.0024963468,0.00014743209,0.0013218895,0.009792745,0.0002821386,0.005037442,-1365634.7356452697,4.755915109068155,-1365621.7791592348,-1365629.8244508582
S2-54.3,intermediate,[H]c1nc(C([H])([H])Oc2c([H])c([H])c(N([H])c3c(C#N)c([H])nc4c([H])c(OC([H])([H])C([H])([H])[H])c(N([H])C(=O)[C-:91]([H])[C:92]([H])(C([H])([H])N(C([H])([H])[H])C([H])([H])[H])[S:93]C([H])([H])[H])c([H])c34)c([H])c2Cl)c([H])c([H])c1[H],-1,-0.50266135,-0.039733313,-71.37996439465157,33.086574792139636,0.016135827,0.018703282,0.017419554,0.05100882,0.18558416,0.11829649,-1640642.1952161677,3.7012891452759504,-1640629.3666285728,-1640635.5175032613
S2-54.3,product,[H]c1nc(C([H])([H])Oc2c([H])c([H])c(N([H])c3c(C#N)c([H])nc4c([H])c(OC([H])([H])C([H])([H])[H])c(N([H])C(=O)[C:91]([H])([H])[C:92]([H])(C([H])([H])N(C([H])([H])[H])C([H])([H])[H])[S:93]C([H])([H])[H])c([H])c34)c([H])c2Cl)c([H])c([H])c1[H],0,-0.146313,-0.061233055,-149.11776834630183,-35.760782889998,-0.027677998,-0.02497467,-0.026326334,0.0022407472,0.00029222667,0.001266487,-1640998.2644221839,4.976639898493886,-1640986.5566994615,-1640991.8586346365
S2-54.4,reactant,[H]c1nc(C([H])([H])Oc2c([H])c([H])c(N([H])c3c(C#N)c([H])nc4c([H])c(OC([H])([H])C([H])([H])[H])c(N([H])C(=O)/[C:91]([H])=[C:92](\[H])C([H])([H])N(C([H])([H])[H])C([H])([H])[H])c([H])c34)c([H])c2Cl)c([H])c([H])c1[H],0,-0.1582742,-0.105200805,-151.60433290431706,-35.382573788775275,-0.013509758,-0.0091282055,-0.011318982,0.013401359,0.005558774,0.009480067,-1365632.922924405,5.964854432269931,-1365620.0850510644,-1365627.7334299886
S2-54.4,intermediate,[H]c1nc(C([H])([H])Oc2c([H])c([H])c(N([H])c3c(C#N)c([H])nc4c([H])c(OC([H])([H])C([H])([H])[H])c(N([H])C(=O)[C-:91]([H])[C:92]([H])(C([H])([H])N(C([H])([H])[H])C([H])([H])[H])[S:93]C([H])([H])[H])c([H])c34)c([H])c2Cl)c([H])c([H])c1[H],-1,-0.43829313,-0.049574938,-72.0788460551212,33.452699871169614,0.015205201,0.018666234,0.016935717,0.0650067,0.19311285,0.12905978,-1640638.8064409443,4.558817368000746,-1640623.9201546663,-1640630.1007947777
S2-54.4,product,[H]c1nc(C([H])([H])Oc2c([H])c([H])c(N([H])c3c(C#N)c([H])nc4c([H])c(OC([H])([H])C([H])([H])[H])c(N([H])C(=O)[C:91]([H])([H])[C:92]([H])(C([H])([H])N(C([H])([H])[H])C([H])([H])[H])[S:93]C([H])([H])[H])c([H])c34)c([H])c2Cl)c([H])c([H])c1[H],0,-0.12791567,-0.04504543,-149.3306649758317,-33.10541355799842,-0.013295464,-0.013197809,-0.013246637,0.010251045,0.010060251,0.010155648,-1641002.602214435,4.875492079183459,-1640988.4541500674,-1640995.4396023848
S2-54.5,reactant,[H]c1nc(C([H])([H])Oc2c([H])c([H])c(N([H])c3c(C#N)c([H])nc4c([H])c(OC([H])([H])C([H])([H])[H])c(N([H])C(=O)/[C:91]([H])=[C:92](\[H])C([H])([H])N(C([H])([H])[H])C([H])([H])[H])c([H])c34)c([H])c2Cl)c([H])c([H])c1[H],0,-0.17564204,-0.09988044,-150.9634636803654,-35.77242246439489,-0.00303334,0.0033826977,0.00017467886,0.015351504,0.0042434037,0.009797454,-1365635.8057070964,10.327862465754151,-1365624.9990709135,-1365630.2021313931
S2-54.5,intermediate,[H]c1nc(C([H])([H])Oc2c([H])c([H])c(N([H])c3c(C#N)c([H])nc4c([H])c(OC([H])([H])C([H])([H])[H])c(N([H])C(=O)[C-:91]([H])[C:92]([H])(C([H])([H])N(C([H])([H])[H])C([H])([H])[H])[S:93]C([H])([H])[H])c([H])c34)c([H])c2Cl)c([H])c([H])c1[H],-1,-0.43500334,-0.047140963,-75.47336974495352,34.46457274137211,0.0023919754,0.0051199943,0.0037559848,0.026691198,0.14633527,0.086513236,-1640634.8657369523,8.423985932022333,-1640617.1254872812,-1640624.8600816624
S2-54.5,product,[H]c1nc(C([H])([H])Oc2c([H])c([H])c(N([H])c3c(C#N)c([H])nc4c([H])c(OC([H])([H])C([H])([H])[H])c(N([H])C(=O)[C:91]([H])([H])[C:92]([H])(C([H])([H])N(C([H])([H])[H])C([H])([H])[H])[S:93]C([H])([H])[H])c([H])c34)c([H])c2Cl)c([H])c([H])c1[H],0,-0.13645285,-0.0634367,-148.19116156168826,-32.294145920770646,-0.016011272,-0.016385809,-0.01619854,0.00640361,0.0058820397,0.006142825,-1640995.3883443808,8.222400434315205,-1640980.5151257357,-1640988.4447317105
S2-54.6,reactant,[H]c1nc(C([H])([H])Oc2c([H])c([H])c(N([H])c3c(C#N)c([H])nc4c([H])c(OC([H])([H])C([H])([H])[H])c(N([H])C(=O)/[C:91]([H])=[C:92](\[H])C([H])([H])N(C([H])([H])[H])C([H])([H])[H])c([H])c34)c([H])c2Cl)c([H])c([H])c1[H],0,-0.16080938,-0.1037843,-151.7304386082458,-35.07943405019968,-0.013490379,-0.009432942,-0.01146166,0.016867802,0.008018494,0.012443148,-1365633.949892949,6.413938902318478,-1365622.4009277893,-1365629.5121051625
S2-54.6,intermediate,[H]c1nc(C([H])([H])Oc2c([H])c([H])c(N([H])c3c(C#N)c([H])nc4c([H])c(OC([H])([H])C([H])([H])[H])c(N([H])C(=O)[C-:91]([H])[C:92]([H])(C([H])([H])N(C([H])([H])[H])C([H])([H])[H])[S:93]C([H])([H])[H])c([H])c34)c([H])c2Cl)c([H])c([H])c1[H],-1,-0.4021718,-0.051937446,-68.75871589487316,39.253304819450406,0.0045348667,0.01228191,0.008408388,0.012414455,0.10103455,0.056724504,-1640644.7076980844,6.767687087878585,-1640627.4751115192,-1640632.228886036
S2-54.6,product,[H]c1nc(C([H])([H])Oc2c([H])c([H])c(N([H])c3c(C#N)c([H])nc4c([H])c(OC([H])([H])C([H])([H])[H])c(N([H])C(=O)[C:91]([H])([H])[C:92]([H])(C([H])([H])N(C([H])([H])[H])C([H])([H])[H])[S:93]C([H])([H])[H])c([H])c34)c([H])c2Cl)c([H])c([H])c1[H],0,-0.13390575,-0.058287796,-148.5929931544023,-31.30532115889838,-0.013938859,-0.013801429,-0.013870144,0.0060397387,0.0054800212,0.00575988,-1640998.8762777417,9.483286887407303,-1640982.8438599613,-1640990.176240413
S2-54.7,reactant,[H]c1nc(C([H])([H])Oc2c([H])c([H])c(N([H])c3c(C#N)c([H])nc4c([H])c(OC([H])([H])C([H])([H])[H])c(N([H])C(=O)/[C:91]([H])=[C:92](\[H])C([H])([H])N(C([H])([H])[H])C([H])([H])[H])c([H])c34)c([H])c2Cl)c([H])c([H])c1[H],0,-0.14348657,-0.10570498,-149.20333324997537,-33.794372676187514,-0.0088198185,-0.0064185485,-0.0076191835,0.0153438,0.0019534081,0.008648604,-1365632.4895576504,4.614844746887684,-1365622.8000770707,-1365627.749677557
S2-54.7,intermediate,[H]c1nc(C([H])([H])Oc2c([H])c([H])c(N([H])c3c(C#N)c([H])nc4c([H])c(OC([H])([H])C([H])([H])[H])c(N([H])C(=O)[C-:91]([H])[C:92]([H])(C([H])([H])N(C([H])([H])[H])C([H])([H])[H])[S:93]C([H])([H])[H])c([H])c34)c([H])c2Cl)c([H])c([H])c1[H],-1,-0.47211465,-0.045080487,-71.37836676235119,32.531635777784224,0.008147992,0.013599675,0.010873834,0.056317,0.20151529,0.12891614,-1640638.4350592084,4.314783060923219,-1640621.7050703429,-1640630.386180253
S2-54.7,product,[H]c1nc(C([H])([H])Oc2c([H])c([H])c(N([H])c3c(C#N)c([H])nc4c([H])c(OC([H])([H])C([H])([H])[H])c(N([H])C(=O)[C:91]([H])([H])[C:92]([H])(C([H])([H])N(C([H])([H])[H])C([H])([H])[H])[S:93]C([H])([H])[H])c([H])c34)c([H])c2Cl)c([H])c([H])c1[H],0,-0.14791255,-0.06435464,-145.99408684742565,-31.623696688863518,-0.029229652,-0.026363194,-0.027796423,0.0054252595,0.0039622784,0.004693769,-1640995.963678208,3.570286987349391,-1640982.9848289862,-1640989.717853232
S2-54.8,reactant,[H]c1nc(C([H])([H])Oc2c([H])c([H])c(N([H])c3c(C#N)c([H])nc4c([H])c(OC([H])([H])C([H])([H])[H])c(N([H])C(=O)/[C:91]([H])=[C:92](\[H])C([H])([H])N(C([H])([H])[H])C([H])([H])[H])c([H])c34)c([H])c2Cl)c([H])c([H])c1[H],0,-0.14545293,-0.10521613,-148.2634058976051,-30.82443093963178,0.002614364,-0.0002520755,0.0011811443,0.012061313,0.0011843443,0.0066228285,-1365637.235423039,8.626177821308374,-1365623.311582625,-1365629.8989502278
S2-54.8,intermediate,[H]c1nc(C([H])([H])Oc2c([H])c([H])c(N([H])c3c(C#N)c([H])nc4c([H])c(OC([H])([H])C([H])([H])[H])c(N([H])C(=O)[C-:91]([H])[C:92]([H])(C([H])([H])N(C([H])([H])[H])C([H])([H])[H])[S:93]C([H])([H])[H])c([H])c34)c([H])c2Cl)c([H])c([H])c1[H],-1,-0.4448062,-0.061712116,-69.11376895136425,34.705734189413846,0.0048794746,0.0098661855,0.00737283,0.04448867,0.17797238,0.11123052,-1640636.999297463,2.466420955955982,-1640621.8987548647,-1640628.9141687406
S2-54.8,product,[H]c1nc(C([H])([H])Oc2c([H])c([H])c(N([H])c3c(C#N)c([H])nc4c([H])c(OC([H])([H])C([H])([H])[H])c(N([H])C(=O)[C:91]([H])([H])[C:92]([H])(C([H])([H])N(C([H])([H])[H])C([H])([H])[H])[S:93]C([H])([H])[H])c([H])c34)c([H])c2Cl)c([H])c([H])c1[H],0,-0.13200502,-0.04744053,-147.9908082281922,-30.52493045103025,-0.01603571,-0.016503103,-0.016269406,0.00862357,0.008674167,0.008648869,-1640999.758273763,5.283979002386332,-1640986.1818589289,-1640993.6588748444
S2-54.9,reactant,[H]c1nc(C([H])([H])Oc2c([H])c([H])c(N([H])c3c(C#N)c([H])nc4c([H])c(OC([H])([H])C([H])([H])[H])c(N([H])C(=O)/[C:91]([H])=[C:92](\[H])C([H])([H])N(C([H])([H])[H])C([H])([H])[H])c([H])c34)c([H])c2Cl)c([H])c([H])c1[H],0,-0.14475875,-0.13433573,-149.02759236201575,-32.13599020555316,0.0066277087,0.0072906464,0.0069591776,-0.0074794143,-0.0083357245,-0.007907569,-1365632.791097007,5.404746025800705,-1365623.321266849,-1365628.4231771322
S2-54.9,intermediate,[H]c1nc(C([H])([H])Oc2c([H])c([H])c(N([H])c3c(C#N)c([H])nc4c([H])c(OC([H])([H])C([H])([H])[H])c(N([H])C(=O)[C-:91]([H])[C:92]([H])(C([H])([H])N(C([H])([H])[H])C([H])([H])[H])[S:93]C([H])([H])[H])c([H])c34)c([H])c2Cl)c([H])c([H])c1[H],-1,-0.46897048,-0.0599202,-68.37695514221087,35.15354801398065,0.01150611,0.017308634,0.014407372,0.068599105,0.1904771,0.1295381,-1640638.2192953445,4.02725737169385,-1640620.923512208,-1640629.4063773635
S2-54.9,product,[H]c1nc(C([H])([H])Oc2c([H])c([H])c(N([H])c3c(C#N)c([H])nc4c([H])c(OC([H])([H])C([H])([H])[H])c(N([H])C(=O)[C:91]([H])([H])[C:92]([H])(C([H])([H])N(C([H])([H])[H])C([H])([H])[H])[S:93]C([H])([H])[H])c([H])c34)c([H])c2Cl)c([H])c([H])c1[H],0,-0.1351486,-0.063828,-146.5261076649903,-29.774217975638905,-0.018548127,-0.018317014,-0.01843257,0.0040815026,0.004334271,0.0042078868,-1641007.524620692,9.146489715203643,-1640994.3882735544,-1641000.374239045
S2-54.10,reactant,[H]c1nc(C([H])([H])Oc2c([H])c([H])c(N([H])c3c(C#N)c([H])nc4c([H])c(OC([H])([H])C([H])([H])[H])c(N([H])C(=O)/[C:91]([H])=[C:92](\[H])C([H])([H])N(C([H])([H])[H])C([H])([H])[H])c([H])c34)c([H])c2Cl)c([H])c([H])c1[H],0,-0.15686254,-0.10068084,-151.2943443690887,-34.75216501089858,-0.0046029687,-0.005132228,-0.0048675984,0.01009129,0.004192576,0.007141933,-1365633.9023929809,5.779419841244817,-1365622.2698336423,-1365629.29637052
S2-54.10,intermediate,[H]c1nc(C([H])([H])Oc2c([H])c([H])c(N([H])c3c(C#N)c([H])nc4c([H])c(OC([H])([H])C([H])([H])[H])c(N([H])C(=O)[C-:91]([H])[C:92]([H])(C([H])([H])N(C([H])([H])[H])C([H])([H])[H])[S:93]C([H])([H])[H])c([H])c34)c([H])c2Cl)c([H])c([H])c1[H],-1,-0.4977838,-0.024356456,-70.09163443052158,34.520348019911324,-0.0042119958,0.00057543255,-0.0018182816,0.059206277,0.1830881,0.121147186,-1640638.594423938,7.448113989084959,-1640621.984392807,-1640628.2385030347
S2-54.10,product,[H]c1nc(C([H])([H])Oc2c([H])c([H])c(N([H])c3c(C#N)c([H])nc4c([H])c(OC([H])([H])C([H])([H])[H])c(N([H])C(=O)[C:91]([H])([H])[C:92]([H])(C([H])([H])N(C([H])([H])[H])C([H])([H])[H])[S:93]C([H])([H])[H])c([H])c34)c([H])c2Cl)c([H])c([H])c1[H],0,-0.1441786,-0.053736698,-148.46507940148658,-34.577111416228405,-0.033183888,-0.030027036,-0.03160546,0.008484557,0.007854506,0.008169532,-1641002.6343230952,6.089727820828557,-1640989.4648034915,-1640996.7339542266
