Name,RC,SMILES,charge,QCa,QCb,E_HOMO,E_LUMO,f_plus_Cb,f_minus_Cb,f_zero_Cb,f_plus_Ca,f_minus_Ca,f_zero_Ca,"E(opt, kcal/mol)","time(opt, sec)","E(rattled, kcal/mol)","E(initial, kcal/mol)"
S2-20.1,reactant,[H]c1c([H])c(N([H])C(=O)[C:91]([H])=[C:92]([H])[H])c([H])c([H])c1[9H],0,-0.14967114,-0.2788928,-202.54021351519006,12.037071954467425,0.13314632,0.0663241,0.09973521,0.061117217,0.0013196021,0.03121841,-300374.3379994112,17.187731716781855,-300371.7244916559,-300373.4058249494
S2-20.1,intermediate,[H]c1c([H])c(N([H])C(=O)[C-:91]([H])[C:92]([H])([H])[S:93]C([H])([H])[H])c([H])c([H])c1[9H],-1,-0.5040431,-0.104311556,-67.19319078669568,116.0912144407782,-0.01826045,0.023621783,0.0026806667,-0.003975451,0.31433645,0.1551805,-575372.7062078498,21.616801830008626,-575367.2734450954,-575368.4554289591
S2-20.1,product,[H]c1c([H])c(N([H])C(=O)[C:91]([H])([H])[C:92]([H])([H])[S:93]C([H])([H])[H])c([H])c([H])c1[9H],0,-0.14781328,-0.11538342,-192.0997163370311,17.773196489054925,-0.021417744,-0.020617872,-0.021017808,0.016187117,0.004605159,0.010396138,-575741.4502201314,2.8176166638731956,-575736.3838406989,-575739.1550641173
S2-22.1,reactant,[H]c1c([H])c([H])c(C([H])([H])N([H])C(=O)[C:91]([H])=[C:92]([H])[H])c([H])c1[H],0,-0.15518309,-0.28205058,-212.8002462831533,19.164844976282055,0.14808592,0.09945035,0.123768136,0.05634378,-0.004087895,0.026127942,-325060.78843646764,1.1845623552799225,-325059.0071299657,-325060.1769783214
S2-22.1,intermediate,[H]c1c([H])c([H])c(C([H])([H])N([H])C(=O)[C-:91]([H])[C:92]([H])([H])[S:93]C([H])([H])[H])c([H])c1[H],-1,-0.15915336,-0.3031442,-88.7659759812308,88.71527094304965,0.08992693,0.04977888,0.0698529,0.11699025,-0.004958421,0.056015916,-600066.9910443128,7.717564674094319,-600042.3883696618,-600045.9712411615
S2-22.1,product,[H]c1c([H])c([H])c(C([H])([H])N([H])C(=O)[C:91]([H])([H])[C:92]([H])([H])[S:93]C([H])([H])[H])c([H])c1[H],0,-0.13864546,-0.10544102,-193.1525169965991,17.571589752461694,-0.03988059,-0.039518356,-0.039699472,0.070649624,0.014097162,0.042373393,-600426.8170189714,1.3775119129568338,-600423.6509558253,-600425.6824838694
S2-22.2,reactant,[H]c1c([H])c([H])c(C([H])([H])N([H])C(=O)[C:91]([H])=[C:92]([H])[H])c([H])c1[H],0,-0.15506385,-0.2820423,-212.82190581486094,19.168358241994483,0.14801681,0.099363655,0.12369023,0.056402653,-0.0042333603,0.026084647,-325060.78938226873,1.2092522513121367,-325058.53436903056,-325060.17766182445
S2-22.2,intermediate,[H]c1c([H])c([H])c(C([H])([H])N([H])C(=O)[C-:91]([H])[C:92]([H])([H])[S:93]C([H])([H])[H])c([H])c1[H],-1,-0.49947473,-0.1158937,-66.81461520721855,113.25064208922421,0.004053086,0.020851769,0.012452427,-0.01488775,0.43575153,0.21043189,-600053.4006976213,4.1642848663032055,-600047.3659955087,-600049.1826023519
S2-22.2,product,[H]c1c([H])c([H])c(C([H])([H])N([H])C(=O)[C:91]([H])([H])[C:92]([H])([H])[S:93]C([H])([H])[H])c([H])c1[H],0,-0.1423109,-0.123545624,-196.95250287237155,16.798895169732713,-0.027026929,-0.020336725,-0.023681827,0.01979269,0.0010217279,0.010407209,-600426.6156377024,3.271525487303734,-600421.6001072933,-600423.7921180526
S2-22.3,reactant,[H]c1c([H])c([H])c(C([H])([H])N([H])C(=O)[C:91]([H])=[C:92]([H])[H])c([H])c1[H],0,-0.16271807,-0.2796726,-207.7985478688704,17.831641565234648,0.16947234,0.09642266,0.1329475,0.08383274,-0.005243942,0.0392944,-325061.38649756665,2.4303506407886744,-325057.92809414346,-325060.14186803624
S2-22.3,intermediate,[H]c1c([H])c([H])c(C([H])([H])N([H])C(=O)[C-:91]([H])[C:92]([H])([H])[S:93]C([H])([H])[H])c([H])c1[H],-1,-0.50756866,-0.12106181,-67.80495021586302,113.60431900005426,0.0053540543,0.03102114,0.018187597,-0.048214793,0.42277497,0.18728009,-600055.8596477222,4.101745840162039,-600048.4730946962,-600051.1657404606
S2-22.3,product,[H]c1c([H])c([H])c(C([H])([H])N([H])C(=O)[C:91]([H])([H])[C:92]([H])([H])[S:93]C([H])([H])[H])c([H])c1[H],0,-0.14613469,-0.1241572,-193.24901336045275,16.762990718143033,-0.027079307,-0.020497821,-0.023788564,0.030537888,0.009077519,0.019807704,-600427.4287571586,4.402302574366331,-600422.3075165866,-600425.4135802259
S2-22.4,reactant,[H]c1c([H])c([H])c(C([H])([H])N([H])C(=O)[C:91]([H])=[C:92]([H])[H])c([H])c1[H],0,-0.16066574,-0.28370994,-209.93620665942413,16.10420285036557,0.1337564,0.07151684,0.10263662,0.043986097,-0.006292492,0.018846802,-325059.95058921125,2.808627335354686,-325056.29273553303,-325058.4093463817
S2-22.4,intermediate,[H]c1c([H])c([H])c(C([H])([H])N([H])C(=O)[C-:91]([H])[C:92]([H])([H])[S:93]C([H])([H])[H])c([H])c1[H],-1,-0.51662874,-0.11175538,-68.36595239681056,111.52374310460114,0.004638113,0.040676534,0.022657324,-0.028613836,0.39816642,0.18477629,-600053.1791118882,3.3352292012423277,-600041.5789195908,-600044.3297289202
S2-22.4,product,[H]c1c([H])c([H])c(C([H])([H])N([H])C(=O)[C:91]([H])([H])[C:92]([H])([H])[S:93]C([H])([H])[H])c([H])c1[H],0,-0.13732886,-0.10627104,-193.40364485053516,17.50792954808544,-0.040479355,-0.038444266,-0.03946181,0.0670996,0.010918528,0.039009064,-600426.7419557162,2.1861386075615883,-600423.312048472,-600425.4304012987
S2-22.5,reactant,[H]c1c([H])c([H])c(C([H])([H])N([H])C(=O)[C:91]([H])=[C:92]([H])[H])c([H])c1[H],0,-0.1626338,-0.27965486,-207.78931982673296,17.895698502439036,0.1698423,0.09625563,0.13304897,0.08455156,-0.005359173,0.039596193,-325061.3825459805,2.26770362816751,-325058.1714907163,-325060.19413759693
S2-22.5,intermediate,[H]c1c([H])c([H])c(C([H])([H])N([H])C(=O)[C-:91]([H])[C:92]([H])([H])[S:93]C([H])([H])[H])c([H])c1[H],-1,-0.5175455,-0.11203524,-68.4707469284937,111.53649795735424,0.0039208382,0.040827803,0.02237432,-0.028556406,0.39878905,0.18511632,-600053.2032573948,3.1637585144490004,-600043.1206588644,-600045.0943408381
S2-22.5,product,[H]c1c([H])c([H])c(C([H])([H])N([H])C(=O)[C:91]([H])([H])[C:92]([H])([H])[S:93]C([H])([H])[H])c([H])c1[H],0,-0.14682736,-0.12388612,-193.02849686422752,16.825614376466795,-0.026731245,-0.020534828,-0.023633037,0.030390278,0.008615226,0.019502752,-600427.3812781537,3.6572371311485767,-600422.8386247326,-600425.4406456411
S2-22.6,reactant,[H]c1c([H])c([H])c(C([H])([H])N([H])C(=O)[C:91]([H])=[C:92]([H])[H])c([H])c1[H],0,-0.16077963,-0.28378975,-210.00194323820776,16.12271110357112,0.13357532,0.07155554,0.10256543,0.04297921,-0.006370932,0.01830414,-325059.9508228749,2.7568623051047325,-325056.7652433791,-325058.4304381518
S2-22.6,intermediate,[H]c1c([H])c([H])c(C([H])([H])N([H])C(=O)[C-:91]([H])[C:92]([H])([H])[S:93]C([H])([H])[H])c([H])c1[H],-1,-0.5060344,-0.11380722,-68.42294451795496,111.97854102619353,-0.010713585,0.017809182,0.0035477988,0.004935205,0.414902,0.2099186,-600053.003681705,3.3488682955503464,-600044.7409114684,-600048.1459992388
S2-22.6,product,[H]c1c([H])c([H])c(C([H])([H])N([H])C(=O)[C:91]([H])([H])[C:92]([H])([H])[S:93]C([H])([H])[H])c([H])c1[H],0,-0.1489872,-0.1174221,-194.46696148732002,19.64889713757998,0.0044590756,-0.015413724,-0.005477324,0.042884275,0.019507319,0.031195797,-600428.2089114893,3.5052623488008976,-600424.2485976252,-600426.324098017
S2-23.1,reactant,[H]c1c([H])c([H])c(N(C(=O)[C:91]([H])=[C:92]([H])[H])C([H])([H])[H])c([H])c1[H],0,-0.16356109,-0.28804654,-197.98367861484957,14.510339256291982,0.16290143,0.105043694,0.13397256,0.060015246,-0.004043609,0.027985819,-325051.0670181555,2.3476776089519262,-325046.98933914193,-325048.78857191204
S2-23.1,intermediate,[H]c1c([H])c([H])c(N(C(=O)[C-:91]([H])[C:92]([H])([H])[S:93]C([H])([H])[H])C([H])([H])[H])c([H])c1[H],-1,-0.45475006,-0.101985306,-69.00242380125508,114.38002820082643,-0.008721583,0.008773625,2.6021153e-05,-0.035232037,0.3463716,0.15556979,-600051.3770190505,2.46701948530972,-600044.332894547,-600047.4729335397
S2-23.1,product,[H]c1c([H])c([H])c(N(C(=O)[C:91]([H])([H])[C:92]([H])([H])[S:93]C([H])([H])[H])C([H])([H])[H])c([H])c1[H],0,-0.1363612,-0.13170817,-191.24696678410223,17.74064465106781,0.018366724,0.0054796636,0.011923194,0.024375394,0.017548539,0.020961966,-600419.3448572187,1.627340868115425,-600415.0609892237,-600417.5999030496
S2-23.2,reactant,[H]c1c([H])c([H])c(N(C(=O)[C:91]([H])=[C:92]([H])[H])C([H])([H])[H])c([H])c1[H],0,-0.16353524,-0.28808263,-198.1542519921797,14.643951310697089,0.16334829,0.10523343,0.13429086,0.05947846,-0.004138887,0.027669787,-325051.06291321997,2.016269512474537,-325047.6228696394,-325049.3482737013
S2-23.2,intermediate,[H]c1c([H])c([H])c(N(C(=O)[C-:91]([H])[C:92]([H])([H])[S:93]C([H])([H])[H])C([H])([H])[H])c([H])c1[H],-1,-0.43102142,-0.10565071,-67.68998545070069,114.19548142530388,-0.012101054,0.009093709,-0.0015036725,-0.03449267,0.3121833,0.13884531,-600050.882617406,3.207385851070285,-600044.8315953807,-600047.696925942
S2-23.2,product,[H]c1c([H])c([H])c(N(C(=O)[C:91]([H])([H])[C:92]([H])([H])[S:93]C([H])([H])[H])C([H])([H])[H])c([H])c1[H],0,-0.13182989,-0.11291762,-189.77263057506195,19.104953588070536,-0.053607706,-0.046019122,-0.049813412,0.039339453,0.0076129213,0.023476187,-600416.7783424834,2.000833982601762,-600412.1516210601,-600415.1597693992
S2-23.3,reactant,[H]c1c([H])c([H])c(N(C(=O)[C:91]([H])=[C:92]([H])[H])C([H])([H])[H])c([H])c1[H],0,-0.16353422,-0.28810832,-197.97745759236938,14.517976821220211,0.16304278,0.105135664,0.13408923,0.059911683,-0.0041047037,0.02790349,-325051.067611713,2.3434378802776337,-325046.710903408,-325048.63049932587
S2-23.3,intermediate,[H]c1c([H])c([H])c(N(C(=O)[C-:91]([H])[C:92]([H])([H])[S:93]C([H])([H])[H])C([H])([H])[H])c([H])c1[H],-1,-0.42982942,-0.105653346,-67.70985955252802,113.97232986933768,-0.010206543,0.010431282,0.00011236966,-0.032767624,0.3080909,0.13766164,-600050.8334898885,2.7588767297565937,-600045.2858685767,-600047.634625313
S2-23.3,product,[H]c1c([H])c([H])c(N(C(=O)[C:91]([H])([H])[C:92]([H])([H])[S:93]C([H])([H])[H])C([H])([H])[H])c([H])c1[H],0,-0.14464234,-0.11546685,-187.9566851986344,21.688197179847293,-0.04060314,-0.034766585,-0.03768486,0.041066945,0.017227173,0.029147059,-600417.038114769,1.8637009728699923,-600411.8381616059,-600415.2296710247
S2-23.4,reactant,[H]c1c([H])c([H])c(N(C(=O)[C:91]([H])=[C:92]([H])[H])C([H])([H])[H])c([H])c1[H],0,-0.16360241,-0.288093,-197.9891465839389,14.5212271781145,0.16289309,0.105107576,0.13400033,0.059846178,-0.004076436,0.02788487,-325051.0674178376,2.345823073759675,-325046.23110003216,-325048.61101093946
S2-23.4,intermediate,[H]c1c([H])c([H])c(N(C(=O)[C-:91]([H])[C:92]([H])([H])[S:93]C([H])([H])[H])C([H])([H])[H])c([H])c1[H],-1,-0.3894573,-0.10964379,-65.86850763243254,113.89821023467243,-0.010095254,0.011114493,0.0005096197,-0.020583063,0.26821792,0.12381744,-600048.7875627225,2.3377901185303926,-600044.1830747235,-600046.3244986146
S2-23.4,product,[H]c1c([H])c([H])c(N(C(=O)[C:91]([H])([H])[C:92]([H])([H])[S:93]C([H])([H])[H])C([H])([H])[H])c([H])c1[H],0,-0.13217258,-0.11259893,-189.79467004670462,19.092775525391236,-0.053272747,-0.045879878,-0.049576312,0.038579628,0.0072936416,0.022936635,-600416.7970824627,2.272482316941023,-600411.9038508366,-600415.1563801804
S2-21.1,reactant,[H]c1c([H])c(N([H])C(=O)[C:91]([H])=[C:92]([H])[H])c([H])c([H])c1[11H],0,-0.14952025,-0.27897897,-202.51773283208016,12.033627695084446,0.13307047,0.066466,0.09976824,0.060972556,0.0011837482,0.031078152,-300374.33989756287,0.8258013967424631,-300371.36149322736,-300373.43215526186
S2-21.1,intermediate,[H]c1c([H])c(N([H])C(=O)[C-:91]([H])[C:92]([H])([H])[S:93]C([H])([H])[H])c([H])c([H])c1[11H],-1,-0.50401914,-0.10482808,-67.23751513348,116.00730054917472,-0.018011898,0.024213575,0.0031008385,-0.0034294724,0.31391573,0.15524313,-575372.6990363845,3.653685877099633,-575367.2179676048,-575368.4337234361
S2-21.1,product,[H]c1c([H])c(N([H])C(=O)[C:91]([H])([H])[C:92]([H])([H])[S:93]C([H])([H])[H])c([H])c([H])c1[11H],0,-0.14774145,-0.11541845,-192.10007780674266,17.761552877017944,-0.02139052,-0.020557895,-0.020974208,0.016158774,0.004583761,0.010371268,-575741.452561408,2.82596068829298,-575737.3085652904,-575739.1809077237
S2-24.1,reactant,[H]c1c([H])c([H])c(N([H])C(=O)[C:91]([H])=[C:92]([H])[H])c([H])c1[H],0,-0.15207584,-0.27695405,-201.75096689834143,12.889941648371929,0.16297045,0.09529504,0.12913275,0.089336514,-0.002394557,0.04347098,-300375.3812924689,0.6817954666912556,-300373.17496379506,-300374.7870386195
S2-24.1,intermediate,[H]c1c([H])c([H])c(N([H])C(=O)[C-:91]([H])[C:92]([H])([H])[S:93]C([H])([H])[H])c([H])c1[H],-1,-0.5030608,-0.104271784,-67.11735049050115,116.13688420720871,-0.018319525,0.023572482,0.0026264787,-0.0042888224,0.3140505,0.15488084,-575372.705114511,3.5429533794522285,-575365.52089099,-575368.4240441347
S2-24.1,product,[H]c1c([H])c([H])c(N([H])C(=O)[C:91]([H])([H])[C:92]([H])([H])[S:93]C([H])([H])[H])c([H])c1[H],0,-0.13438329,-0.102142125,-192.86683534443333,18.965413995009417,-0.04481864,-0.047256768,-0.046037704,0.040190905,0.007224992,0.023707949,-575740.3028435218,1.0653474442660809,-575737.1780610688,-575739.3335382139
S2-26.1,reactant,[H]c1c([H])c(N([H])C(=O)[C:91]([H])=[C:92]([H])[H])c([H])c([H])c1[12H],0,-0.1493611,-0.27902317,-202.51395550950508,12.016267866333965,0.13286272,0.06654096,0.09970184,0.061010137,0.0010852665,0.031047702,-300374.3408642543,1.096920134499669,-300371.91669041873,-300373.41663280636
S2-26.1,intermediate,[H]c1c([H])c(N([H])C(=O)[C-:91]([H])[C:92]([H])([H])[S:93]C([H])([H])[H])c([H])c([H])c1[12H],-1,-0.47487527,-0.112074226,-65.00949743927414,114.74563305483152,-0.009194672,0.023368709,0.0070870183,-0.02165237,0.33173192,0.15503976,-575374.2968488733,1.8808067869395018,-575369.8698422298,-575371.9027489217
S2-26.1,product,[H]c1c([H])c(N([H])C(=O)[C:91]([H])([H])[C:92]([H])([H])[S:93]C([H])([H])[H])c([H])c([H])c1[12H],0,-0.13430965,-0.10216919,-192.87344743938604,18.945009687984765,-0.044765186,-0.04724721,-0.046006195,0.04019527,0.0071603954,0.023677833,-575740.3027712686,1.0431993994861841,-575737.5922387007,-575739.3307025766
S2-26.2,reactant,[H]c1c([H])c(N([H])C(=O)[C:91]([H])=[C:92]([H])[H])c([H])c([H])c1[12H],0,-0.14954126,-0.2789354,-202.52438813421972,12.04836447722254,0.13313866,0.06642862,0.09978364,0.060942903,0.001228109,0.031085506,-300374.3380374417,0.9211549125611782,-300371.9241872156,-300373.4297723587
S2-26.2,intermediate,[H]c1c([H])c(N([H])C(=O)[C-:91]([H])[C:92]([H])([H])[S:93]C([H])([H])[H])c([H])c([H])c1[12H],-1,-0.5022128,-0.10844899,-66.02726603305064,116.36984307868413,-0.022524498,0.025077403,0.0012764521,-0.0013398528,0.31121203,0.15493609,-575372.4648796109,2.500662673264742,-575366.2956335347,-575368.3502048162
S2-26.2,product,[H]c1c([H])c(N([H])C(=O)[C:91]([H])([H])[C:92]([H])([H])[S:93]C([H])([H])[H])c([H])c([H])c1[12H],0,-0.13434559,-0.10217338,-192.89467106108438,18.943038968780957,-0.044715628,-0.047314696,-0.046015162,0.040173218,0.0071423054,0.023657762,-575740.3038120128,1.2181365545839071,-575737.7457084556,-575739.331900264
S2-25.1,reactant,[H]c1c([H])c([H])c(N([H])C(=O)[C:91]([H])=[C:92]([H])[H])c([9H])c1[H],0,-0.15202746,-0.27687857,-201.75085766167024,12.887259265782793,0.16312888,0.09531894,0.12922391,0.08949086,-0.0024359375,0.04352746,-300375.38169993984,0.6724441070109606,-300373.34461216547,-300374.7885689154
S2-25.1,intermediate,[H]c1c([H])c([H])c(N([H])C(=O)[C-:91]([H])[C:92]([H])([H])[S:93]C([H])([H])[H])c([9H])c1[H],-1,-0.5045877,-0.10508855,-67.20829276976337,115.99835134762077,-0.01802276,0.02424448,0.0031108595,-0.0036411881,0.31450936,0.15543409,-575372.6933461176,3.7072470001876354,-575366.667484932,-575368.3307978143
S2-25.1,product,[H]c1c([H])c([H])c(N([H])C(=O)[C:91]([H])([H])[C:92]([H])([H])[S:93]C([H])([H])[H])c([9H])c1[H],0,-0.1342543,-0.101911366,-193.5844718660706,19.49465878140817,-0.048438307,-0.05073981,-0.04958906,0.05615282,0.019862771,0.038007796,-575740.6276040615,0.6477257683873177,-575736.9806940368,-575739.5420192472
S2-25.2,reactant,[H]c1c([H])c([H])c(N([H])C(=O)[C:91]([H])=[C:92]([H])[H])c([9H])c1[H],0,-0.1520488,-0.27692193,-201.75593809428426,12.894718392699287,0.16315392,0.09531908,0.12923649,0.08934672,-0.0023961067,0.043475308,-300375.3821924674,0.7163734752684832,-300372.8824240702,-300374.78905030363
S2-25.2,intermediate,[H]c1c([H])c([H])c(N([H])C(=O)[C-:91]([H])[C:92]([H])([H])[S:93]C([H])([H])[H])c([9H])c1[H],-1,-0.4749909,-0.112116344,-64.95330450215418,114.74930793634171,-0.009318128,0.023351572,0.007016722,-0.021728605,0.3311231,0.15469724,-575374.3032389258,1.9883336946368217,-575369.904881761,-575371.7570932263
S2-25.2,product,[H]c1c([H])c([H])c(N([H])C(=O)[C:91]([H])([H])[C:92]([H])([H])[S:93]C([H])([H])[H])c([9H])c1[H],0,-0.13431269,-0.10214731,-192.85904612294829,18.962824467110135,-0.044862755,-0.047274128,-0.04606844,0.040160835,0.0071543306,0.023657583,-575740.3047036913,1.0326025001704693,-575737.8444753693,-575739.3364820621
S2-25.3,reactant,[H]c1c([H])c([H])c(N([H])C(=O)[C:91]([H])=[C:92]([H])[H])c([9H])c1[H],0,-0.14944772,-0.27903157,-202.52838775720383,12.03669467379758,0.13294989,0.06645644,0.09970316,0.060992315,0.0011695921,0.031080954,-300374.3397678711,0.8846568036824465,-300371.3364344363,-300373.4276506926
S2-25.3,intermediate,[H]c1c([H])c([H])c(N([H])C(=O)[C-:91]([H])[C:92]([H])([H])[S:93]C([H])([H])[H])c([9H])c1[H],-1,-0.47474933,-0.112104945,-64.9865276022513,114.74920558105823,-0.009242989,0.023403756,0.0070803836,-0.021738082,0.33123732,0.15474962,-575374.3010103261,1.962668389081955,-575369.1449695698,-575371.837573236
S2-25.3,product,[H]c1c([H])c([H])c(N([H])C(=O)[C:91]([H])([H])[C:92]([H])([H])[S:93]C([H])([H])[H])c([9H])c1[H],0,-0.13438535,-0.10220595,-192.86918856291987,18.959864492444833,-0.044783294,-0.04728973,-0.04603651,0.040105075,0.00718154,0.023643307,-575740.3015948279,1.0908812191337347,-575737.3229886944,-575739.333134824
S2-27.1,reactant,[H]c1c([H])c([H])c(N([H])C(=O)[C:91]([H])=[C:92]([H])[H])c([H])c1[H],0,-0.15196693,-0.27693343,-201.75348016024648,12.885951026435892,0.16301918,0.09527336,0.12914628,0.08942115,-0.0024825335,0.04346931,-300375.3816585279,0.7084113005548716,-300373.4491782945,-300374.7879878418
S2-27.1,intermediate,[H]c1c([H])c([H])c(N([H])C(=O)[C-:91]([H])[C:92]([H])([H])[S:93]C([H])([H])[H])c([H])c1[H],-1,-0.45050913,-0.11497921,-63.646111754045926,113.38677190480001,-0.024391718,0.019019127,-0.0026862957,-0.019495755,0.3360352,0.1582697,-575371.1951988627,1.6256613042205572,-575366.8424006691,-575368.7703554584
S2-27.1,product,[H]c1c([H])c([H])c(N([H])C(=O)[C:91]([H])([H])[C:92]([H])([H])[S:93]C([H])([H])[H])c([H])c1[H],0,-0.14200687,-0.119482055,-190.47472354154687,19.114156267564738,-0.023449838,-0.021293536,-0.022371687,0.02055034,0.008044109,0.014297225,-575741.2828275802,1.9317168816924095,-575737.624911949,-575739.2374287193
S2-27.2,reactant,[H]c1c([H])c([H])c(N([H])C(=O)[C:91]([H])=[C:92]([H])[H])c([H])c1[H],0,-0.14955607,-0.27899826,-202.51686059733274,12.037059066746128,0.13309655,0.06648436,0.099790454,0.060921073,0.0012079924,0.031064533,-300374.33942536515,1.0481658689677715,-300371.3046501218,-300373.4238146085
S2-27.2,intermediate,[H]c1c([H])c([H])c(N([H])C(=O)[C-:91]([H])[C:92]([H])([H])[S:93]C([H])([H])[H])c([H])c1[H],-1,-0.50458515,-0.104995355,-67.16620249618337,116.05891851583233,-0.01806873,0.024253309,0.003092289,-0.0034229755,0.3132637,0.15492037,-575372.7067610383,3.744839122518897,-575366.5040523993,-575368.1880656537
S2-27.2,product,[H]c1c([H])c([H])c(N([H])C(=O)[C:91]([H])([H])[C:92]([H])([H])[S:93]C([H])([H])[H])c([H])c1[H],0,-0.14200994,-0.11888225,-190.6357801738964,19.29982247057841,-0.024015434,-0.022198312,-0.023106873,0.020550683,0.008033395,0.014292039,-575741.2710764144,1.6346026547253132,-575737.0504538415,-575739.2239074516
S2-27.3,reactant,[H]c1c([H])c([H])c(N([H])C(=O)[C:91]([H])=[C:92]([H])[H])c([H])c1[H],0,-0.15192662,-0.27699244,-201.76277548729678,12.88679901827043,0.16288856,0.095280945,0.12908475,0.08941792,-0.002504453,0.043456733,-300375.3818107405,0.7137092873454094,-300373.1085666033,-300374.78761835216
S2-27.3,intermediate,[H]c1c([H])c([H])c(N([H])C(=O)[C-:91]([H])[C:92]([H])([H])[S:93]C([H])([H])[H])c([H])c1[H],-1,-0.45152354,-0.11481142,-63.71877561501247,113.49699744998269,-0.02403088,0.01897376,-0.0025285594,-0.0188151,0.33728838,0.15923664,-575371.2052585613,2.206178944557905,-575367.3975791065,-575368.6764414001
S2-27.3,product,[H]c1c([H])c([H])c(N([H])C(=O)[C:91]([H])([H])[C:92]([H])([H])[S:93]C([H])([H])[H])c([H])c1[H],0,-0.1343739,-0.102205746,-192.87847735258893,18.95643746245431,-0.044845406,-0.047251366,-0.046048388,0.040081173,0.0071290582,0.023605116,-575740.3053940461,1.0592437293380499,-575737.0784366218,-575739.3331848782
S2-29.1,reactant,[H]c1c([H])c(N([H])C(=O)[C:91]([H])=[C:92]([H])[H])c([H])c([H])c1[9H],0,-0.14953656,-0.27893418,-202.52667575431013,12.034208340371304,0.13299358,0.06638262,0.0996881,0.06095861,0.001217559,0.031088084,-300374.3388980896,0.9353144615888596,-300371.4182525191,-300373.43071220774
S2-29.1,intermediate,[H]c1c([H])c(N([H])C(=O)[C-:91]([H])[C:92]([H])([H])[S:93]C([H])([H])[H])c([H])c([H])c1[9H],-1,-0.450097,-0.114391945,-63.70901415819513,113.40821865317731,-0.024142787,0.018860154,-0.0026413165,-0.019308537,0.33644798,0.15856972,-575371.1983198477,1.8317412752658129,-575366.9757513192,-575368.7286070465
S2-29.1,product,[H]c1c([H])c(N([H])C(=O)[C:91]([H])([H])[C:92]([H])([H])[S:93]C([H])([H])[H])c([H])c([H])c1[9H],0,-0.13417275,-0.10190055,-193.58775992617416,19.487471173161175,-0.048418358,-0.050741866,-0.049580112,0.056194514,0.019843496,0.038019005,-575740.6274017163,0.659569887444377,-575736.9744643569,-575739.5401548519
S2-28.1,reactant,[H]c1c([H])c([11H])c([H])c(N([H])C(=O)[C:91]([H])=[C:92]([H])[H])c1[H],0,-0.1492395,-0.2791279,-202.51907905547077,12.021717738946622,0.13284025,0.0666033,0.099721774,0.06087303,0.0009936541,0.030933343,-300374.3406372176,1.0520750936120749,-300372.0106996384,-300373.4109281931
S2-28.1,intermediate,[H]c1c([H])c([11H])c([H])c(N([H])C(=O)[C-:91]([H])[C:92]([H])([H])[S:93]C([H])([H])[H])c1[H],-1,-0.4500469,-0.11448075,-63.69929699813518,113.39205104479339,-0.024187885,0.018892854,-0.0026475154,-0.019352883,0.33632356,0.15848534,-575371.1975061919,1.802415631711483,-575366.8406310433,-575368.7435459642
S2-28.1,product,[H]c1c([H])c([11H])c([H])c(N([H])C(=O)[C:91]([H])([H])[C:92]([H])([H])[S:93]C([H])([H])[H])c1[H],0,-0.13437058,-0.102078736,-192.87130128829452,18.94435756179543,-0.04471223,-0.047307134,-0.046009682,0.040176645,0.0072220415,0.023699343,-575740.304778594,1.1129364985972643,-575737.0565885393,-575739.33102388
S2-28.2,reactant,[H]c1c([H])c([11H])c([H])c(N([H])C(=O)[C:91]([H])=[C:92]([H])[H])c1[H],0,-0.1519197,-0.27694297,-201.74402004319316,12.889262045290149,0.16298714,0.09530559,0.12914637,0.089581475,-0.0024624765,0.0435595,-300375.38153411954,0.7462235409766436,-300372.8952399437,-300374.788106375
S2-28.2,intermediate,[H]c1c([H])c([11H])c([H])c(N([H])C(=O)[C-:91]([H])[C:92]([H])([H])[S:93]C([H])([H])[H])c1[H],-1,-0.45423615,-0.079292335,-64.67467855665149,112.15835813388277,-0.034359854,-0.0018324926,-0.018096173,-0.01246506,0.33784413,0.16268954,-575366.3540484572,1.1677461098879576,-575361.8462151354,-575364.0967560203
S2-28.2,product,[H]c1c([H])c([11H])c([H])c(N([H])C(=O)[C:91]([H])([H])[C:92]([H])([H])[S:93]C([H])([H])[H])c1[H],0,-0.14194953,-0.119049706,-190.63025031883677,19.23600666277833,-0.02411028,-0.022212513,-0.023161396,0.02068071,0.008024409,0.01435256,-575741.2867594637,2.0722552966326475,-575736.7758770749,-575739.2329567146
S2-30.1,reactant,[H]c1nc(N([H])C(=O)[C:91]([H])=[C:92]([H])[H])c([H])c([H])c1[H],0,-0.16434914,-0.2780337,-205.56236359901868,9.462799775208081,0.14515144,0.10081227,0.122981854,0.05053328,0.0025366098,0.026534945,-310443.7012063339,0.9122683871537447,-310440.7610768912,-310442.8941214054
S2-30.1,intermediate,[H]c1nc(N([H])C(=O)[C-:91]([H])[C:92]([H])([H])[S:93]C([H])([H])[H])c([H])c([H])c1[H],-1,-0.48158944,-0.11191325,-68.30743006947189,107.45935674236678,-0.013873018,0.020558372,0.003342677,-0.020938337,0.35758787,0.16832477,-585452.5160535412,1.8405798003077507,-585448.5477895753,-585450.3949760239
S2-30.1,product,[H]c1nc(N([H])C(=O)[C:91]([H])([H])[C:92]([H])([H])[S:93]C([H])([H])[H])c([H])c([H])c1[H],0,-0.13851252,-0.10811438,-196.21959164647097,14.120458747007874,-0.053129327,-0.044227123,-0.048678227,0.041594,0.020222172,0.030908085,-585817.2357641046,0.5204794872552156,-585813.4899385482,-585816.2694814265
S2-31.1,reactant,[H]c1c([H])c([H])c(N([H])C(=O)[C:91]([H])=[C:92]([H])[H])c([H])c1[H],0,-0.1519216,-0.27693006,-201.76386271039678,12.893239150930704,0.16295028,0.09528068,0.12911548,0.08946869,-0.0024721324,0.043498278,-300375.38175510854,0.6915190163999796,-300373.34981673816,-300374.79114624433
S2-31.1,intermediate,[H]c1c([H])c([H])c(N([H])C(=O)[C-:91]([H])[C:92]([H])([H])[S:93]C([H])([H])[H])c([H])c1[H],-1,-0.4749221,-0.11208727,-64.99226686156734,114.73945729539734,-0.009244017,0.02340436,0.0070801713,-0.021719873,0.3312772,0.15477866,-575374.2994983494,2.0093539338558912,-575369.2627361985,-575371.754578013
S2-31.1,product,[H]c1c([H])c([H])c(N([H])C(=O)[C:91]([H])([H])[C:92]([H])([H])[S:93]C([H])([H])[H])c([H])c1[H],0,-0.13435066,-0.10222983,-192.875527313129,18.952330860422705,-0.044867437,-0.047149837,-0.04600864,0.04033947,0.0072461218,0.023792796,-575740.3024379858,1.0585465226322412,-575736.6483982997,-575739.3336091606
S2-32.1,reactant,[H]c1c([H])c([H])c(C(N([H])C(=O)[C:91](C([H])([H])[H])=[C:92]([H])[H])(C([H])([H])[H])C([H])([H])[H])c([H])c1[H],0,0.008611518,-0.32697064,-197.16475417001806,15.746219144197825,0.12218094,0.07340601,0.097793475,0.004020217,-0.04910976,-0.022544771,-399121.54363203875,2.0691796876490116,-399116.78932051716,-399120.3046622294
S2-32.1,intermediate,[H]c1c([H])c([H])c(C(N([H])C(=O)[C-:91](C([H])([H])[H])[C:92]([H])([H])[S:93]C([H])([H])[H])(C([H])([H])[H])C([H])([H])[H])c([H])c1[H],-1,0.013615331,-0.37992796,-82.02675695841957,82.99135416517885,0.16291401,0.08054733,0.12173067,0.015122979,-0.049278073,-0.017077548,-674125.3519601375,2.9694498516619205,-674115.6779758781,-674119.0788949395
S2-32.1,product,[H]c1c([H])c([H])c(C(N([H])C(=O)[C:91]([H])(C([H])([H])[H])[C:92]([H])([H])[S:93]C([H])([H])[H])(C([H])([H])[H])C([H])([H])[H])c([H])c1[H],0,-0.08175915,-0.11605215,-184.32808884573612,13.469304985469568,-0.015339211,-0.016598478,-0.015968844,0.09528295,0.057876308,0.07657963,-674485.0057647289,1.4355662874877453,-674478.9907934424,-674483.1384147211
S2-32.2,reactant,[H]c1c([H])c([H])c(C(N([H])C(=O)[C:91](C([H])([H])[H])=[C:92]([H])[H])(C([H])([H])[H])C([H])([H])[H])c([H])c1[H],0,-0.0011289137,-0.32692996,-195.87240244723515,15.07284472577731,0.15290168,0.10926591,0.13108379,0.032164086,-0.035448026,-0.0016419701,-399122.0000941819,2.219898169860244,-399117.8665804059,-399120.9635771011
S2-32.2,intermediate,[H]c1c([H])c([H])c(C(N([H])C(=O)[C-:91](C([H])([H])[H])[C:92]([H])([H])[S:93]C([H])([H])[H])(C([H])([H])[H])C([H])([H])[H])c([H])c1[H],-1,-0.36074936,-0.1340116,-63.739346378716014,100.7889388056253,0.027007878,0.025077187,0.026042532,-0.092939526,0.4293295,0.16819498,-674114.4046898572,3.717536738142371,-674099.0749363006,-674102.2150403808
S2-32.2,product,[H]c1c([H])c([H])c(C(N([H])C(=O)[C:91]([H])(C([H])([H])[H])[C:92]([H])([H])[S:93]C([H])([H])[H])(C([H])([H])[H])C([H])([H])[H])c([H])c1[H],0,-0.07076735,-0.122137815,-186.86715098189492,12.81212011315437,-0.0061630085,-0.017436072,-0.01179954,0.022124656,0.0048314035,0.0134780295,-674487.218496375,3.568092353641987,-674480.576508283,-674484.4723962276
S2-32.3,reactant,[H]c1c([H])c([H])c(C(N([H])C(=O)[C:91](C([H])([H])[H])=[C:92]([H])[H])(C([H])([H])[H])C([H])([H])[H])c([H])c1[H],0,0.010296519,-0.3253624,-203.74770425680518,15.171973023237829,0.13408658,0.084051356,0.10906897,-0.034919973,-0.05273031,-0.043825142,-399123.02606213785,2.4235118217766285,-399118.2092726259,-399121.56664341356
S2-32.3,intermediate,[H]c1c([H])c([H])c(C(N([H])C(=O)[C-:91](C([H])([H])[H])[C:92]([H])([H])[S:93]C([H])([H])[H])(C([H])([H])[H])C([H])([H])[H])c([H])c1[H],-1,0.013987583,-0.3800352,-81.82004131255765,83.0388053678938,0.16088733,0.08016455,0.12052594,0.015216036,-0.04928356,-0.017033763,-674125.3582740275,3.7906868048012257,-674115.9379109192,-674118.9833558182
S2-32.3,product,[H]c1c([H])c([H])c(C(N([H])C(=O)[C:91]([H])(C([H])([H])[H])[C:92]([H])([H])[S:93]C([H])([H])[H])(C([H])([H])[H])C([H])([H])[H])c([H])c1[H],0,-0.07608443,-0.11670582,-185.95556709686593,11.809164078451385,-0.027314767,-0.014499292,-0.02090703,0.056982554,0.035542443,0.0462625,-674486.4575400096,2.7942477259784937,-674481.3695157717,-674484.9854999216
S2-32.4,reactant,[H]c1c([H])c([H])c(C(N([H])C(=O)[C:91](C([H])([H])[H])=[C:92]([H])[H])(C([H])([H])[H])C([H])([H])[H])c([H])c1[H],0,0.015782047,-0.32676026,-195.99431281333366,16.78212446159677,0.12815884,0.074561656,0.10136025,0.0074844435,-0.05402901,-0.023272283,-399122.01081398403,3.1104577481746674,-399116.97208228824,-399120.0700377278
S2-32.4,intermediate,[H]c1c([H])c([H])c(C(N([H])C(=O)[C-:91](C([H])([H])[H])[C:92]([H])([H])[S:93]C([H])([H])[H])(C([H])([H])[H])C([H])([H])[H])c([H])c1[H],-1,0.045955446,-0.35481018,-77.92862873098287,78.22505967393117,0.08485767,0.060454458,0.072656065,0.04923453,-0.057689093,-0.0042272797,-674109.5182158129,4.7137278616428375,-674096.8872021866,-674100.4800858606
S2-32.4,product,[H]c1c([H])c([H])c(C(N([H])C(=O)[C:91]([H])(C([H])([H])[H])[C:92]([H])([H])[S:93]C([H])([H])[H])(C([H])([H])[H])C([H])([H])[H])c([H])c1[H],0,-0.0840776,-0.11320905,-185.95114614826178,12.180698390560343,-0.02967763,-0.017534189,-0.02360591,0.01941882,0.002189137,0.010803979,-674486.4579235907,1.6605259124189615,-674481.4496866332,-674485.0356017931
S2-32.5,reactant,[H]c1c([H])c([H])c(C(N([H])C(=O)[C:91](C([H])([H])[H])=[C:92]([H])[H])(C([H])([H])[H])C([H])([H])[H])c([H])c1[H],0,0.0102023175,-0.32515678,-203.77113753307944,15.156726525491234,0.13480964,0.08409241,0.109451026,-0.03472828,-0.052628923,-0.043678604,-399123.0209882044,2.2799579463899136,-399118.5330559617,-399121.5761454683
S2-32.5,intermediate,[H]c1c([H])c([H])c(C(N([H])C(=O)[C-:91](C([H])([H])[H])[C:92]([H])([H])[S:93]C([H])([H])[H])(C([H])([H])[H])C([H])([H])[H])c([H])c1[H],-1,0.015521474,-0.37840244,-85.94522623926069,83.28315040436709,0.18741944,0.08053675,0.1339781,0.038482085,-0.04031784,-0.00091787986,-674128.5726907884,2.5725251249969006,-674122.1271031616,-674124.6076082817
S2-32.5,product,[H]c1c([H])c([H])c(C(N([H])C(=O)[C:91]([H])(C([H])([H])[H])[C:92]([H])([H])[S:93]C([H])([H])[H])(C([H])([H])[H])C([H])([H])[H])c([H])c1[H],0,-0.096314594,-0.10335119,-183.51275106310823,14.280519993609234,-0.011873163,-0.03432919,-0.023101177,0.046753436,0.022967398,0.034860417,-674484.7078794348,2.44061834551394,-674479.5923851922,-674482.6843570592
S2-33.1,reactant,[H]c1c([H])c([H])c(N([H])C(=O)[C:91](C([H])([H])[H])=[C:92]([H])[H])c([H])c1[H],0,0.012598647,-0.3223336,-199.22396803396074,12.749681192720281,0.1449135,0.11675492,0.1308342,0.014849931,-0.048641972,-0.01689602,-325064.21011633787,1.1787359192967415,-325061.758032816,-325063.50207355886
S2-33.1,intermediate,[H]c1c([H])c([H])c(N([H])C(=O)[C-:91](C([H])([H])[H])[C:92]([H])([H])[S:93]C([H])([H])[H])c([H])c1[H],-1,-0.3103413,-0.13161273,-60.19709304795411,110.1542029635909,0.017279968,0.02685278,0.022066373,-0.0736756,0.33336666,0.12984553,-600060.6795875977,2.152346972376108,-600055.8894109126,-600057.7919550651
S2-33.1,product,[H]c1c([H])c([H])c(N([H])C(=O)[C:91]([H])(C([H])([H])[H])[C:92]([H])([H])[S:93]C([H])([H])[H])c([H])c1[H],0,-0.07820449,-0.10614962,-190.5806454063681,16.428628922921646,-0.03471213,-0.03754755,-0.03612984,0.039099142,0.008111246,0.023605194,-600426.6852041762,1.8692238237708807,-600423.0862755224,-600425.3409249063
S2-34.1,reactant,[H]c1c([H])c([H])c(N([H])C(=O)[C:91]([H])=[C:92](C([H])([H])[H])C([H])([H])[H])c([H])c1[H],0,-0.18796088,0.047723442,-194.17112045681773,12.119478309822995,0.03329149,0.08954647,0.06141898,0.059538916,-0.012192696,0.02367311,-349752.7824683567,1.4219842106103897,-349749.4557612678,-349751.97745576646
S2-34.1,intermediate,[H]c1c([H])c([H])c(N([H])C(=O)[C-:91]([H])[C:92](C([H])([H])[H])(C([H])([H])[H])[S:93]C([H])([H])[H])c([H])c1[H],-1,-0.43012583,0.1036002,-63.725925877102156,108.2354604112963,-0.053614236,-0.020629205,-0.03712172,-0.008269757,0.2901486,0.14093941,-624743.0480370967,1.3911712486296892,-624739.0236241465,-624741.2527167655
S2-34.1,product,[H]c1c([H])c([H])c(N([H])C(=O)[C:91]([H])([H])[C:92](C([H])([H])[H])(C([H])([H])[H])[S:93]C([H])([H])[H])c([H])c1[H],0,-0.124852486,0.073232114,-185.86626756420642,16.3318740967463,-0.041964166,-0.060483586,-0.051223878,0.02058483,0.0062510967,0.013417963,-625113.2529553982,1.6288319006562233,-625109.7288065581,-625112.1386493496
S2-34.2,reactant,[H]c1c([H])c([H])c(N([H])C(=O)[C:91]([H])=[C:92](C([H])([H])[H])C([H])([H])[H])c([H])c1[H],0,-0.18789548,0.047512397,-194.16870364516433,12.108620506750157,0.0330657,0.0895371,0.0613014,0.059500158,-0.01218538,0.023657389,-349752.78133064986,1.4071789737790823,-349750.1668065516,-349751.97114479844
S2-34.2,intermediate,[H]c1c([H])c([H])c(N([H])C(=O)[C-:91]([H])[C:92](C([H])([H])[H])(C([H])([H])[H])[S:93]C([H])([H])[H])c([H])c1[H],-1,-0.44180033,0.11135499,-63.55167394174255,107.1381832442694,-0.023410931,0.010733902,-0.0063385144,-0.022127151,0.28208178,0.12997732,-624747.3958149621,2.105971559882164,-624739.6806321471,-624743.6606434665
S2-34.2,product,[H]c1c([H])c([H])c(N([H])C(=O)[C:91]([H])([H])[C:92](C([H])([H])[H])(C([H])([H])[H])[S:93]C([H])([H])[H])c([H])c1[H],0,-0.124863714,0.07303672,-185.93297588600146,16.27637531030989,-0.04233671,-0.060564127,-0.051450416,0.02089627,0.00647223,0.01368425,-625113.23436545,1.2022512275725603,-625109.3662904126,-625112.1324417219
S2-34.3,reactant,[H]c1c([H])c([H])c(N([H])C(=O)[C:91]([H])=[C:92](C([H])([H])[H])C([H])([H])[H])c([H])c1[H],0,-0.18800591,0.047855005,-194.16622616785963,12.138068042056736,0.033713054,0.08946274,0.0615879,0.05947043,-0.012142926,0.023663752,-349752.78161113476,1.4699368309229612,-349749.906132787,-349751.9717850316
S2-34.3,intermediate,[H]c1c([H])c([H])c(N([H])C(=O)[C-:91]([H])[C:92](C([H])([H])[H])(C([H])([H])[H])[S:93]C([H])([H])[H])c([H])c1[H],-1,-0.44016334,0.112056114,-63.43263129868996,106.97842592681374,-0.0232118,0.010571845,-0.0063199773,-0.021503896,0.27843815,0.12846711,-624747.3928036476,1.979784244671464,-624742.0285489504,-624744.0674121847
S2-34.3,product,[H]c1c([H])c([H])c(N([H])C(=O)[C:91]([H])([H])[C:92](C([H])([H])[H])(C([H])([H])[H])[S:93]C([H])([H])[H])c([H])c1[H],0,-0.12606366,0.063560344,-187.28125239485718,17.42092308710229,-0.04749561,-0.060220458,-0.053858034,0.042814538,0.021873936,0.032344237,-625114.5657348424,0.9610632788389921,-625110.4540668194,-625113.3985041828
S2-35.1,reactant,[H]c1c([H])c([H])c(N([H])C(=O)/[C:91]([H])=[C:92](\[H])C([H])([H])[H])c([H])c1[H],0,-0.16888861,-0.09956124,-198.17269569406747,13.440610070326338,0.08917042,0.017007843,0.05308913,0.05413483,-0.008607909,0.02276346,-325063.2818342626,1.06573118083179,-325060.8653349827,-325062.33800805523
S2-35.1,intermediate,[H]c1c([H])c([H])c(N([H])C(=O)[C-:91]([H])[C:92]([H])(C([H])([H])[H])[S:93]C([H])([H])[H])c([H])c1[H],-1,-0.45891562,-0.003850761,-63.355940770612946,111.52035810791368,-0.022433367,0.02233398,-4.969351e-05,-0.028751284,0.29972613,0.1354874,-600061.6960305789,2.1455367542803288,-600056.0152189884,-600058.6823932937
S2-35.1,product,[H]c1c([H])c([H])c(N([H])C(=O)[C:91]([H])([H])[C:92]([H])(C([H])([H])[H])[S:93]C([H])([H])[H])c([H])c1[H],0,-0.14368849,-0.03216383,-188.12925839016216,18.41269184648798,-0.03672441,-0.037214935,-0.036969673,0.016267091,0.0075656474,0.011916369,-600428.273084424,1.9618226792663336,-600423.901430259,-600426.2975281251
S2-5.1,reactant,[H]c1nc([27H])c2c([H])c(N([H])C(=O)/[C:91]([H])=[C:92](\[H])C([H])([H])N3C([H])([H])C([H])([H])C([H])([H])C([H])([H])C3([H])[H])c([30H])c([H])c2n1,0,-0.15854628,-0.12616675,-173.13631978167433,-16.42571667937361,0.03251992,0.042941734,0.037730828,-0.011853218,-0.01898393,-0.015418574,-599108.4572782195,1.7429496888071299,-599102.3296633338,-599106.8962763473
S2-5.1,intermediate,[H]c1nc([27H])c2c([H])c(N([H])C(=O)[C-:91]([H])[C:92]([H])(C([H])([H])N3C([H])([H])C([H])([H])C([H])([H])C([H])([H])C3([H])[H])[S:93]C([H])([H])[H])c([30H])c([H])c2n1,-1,-0.46971253,-0.040929444,-68.98687714387833,65.17759979777871,-0.022966685,0.0034988187,-0.009733933,-0.029277176,0.19009659,0.080409706,-874112.7565429234,3.204006290063262,-874103.7898331953,-874108.2854384141
S2-5.1,product,[H]c1nc([27H])c2c([H])c(N([H])C(=O)[C:91]([H])([H])[C:92]([H])(C([H])([H])N3C([H])([H])C([H])([H])C([H])([H])C([H])([H])C3([H])[H])[S:93]C([H])([H])[H])c([30H])c([H])c2n1,0,-0.12560853,-0.071315505,-166.48096377282903,-10.496777224670693,-0.021349058,-0.00962162,-0.015485339,0.0062496513,0.007966854,0.0071082525,-874474.2972864488,4.570744264870882,-874467.6112537051,-874471.4392324069
S2-5.2,reactant,[H]c1nc([27H])c2c([H])c(N([H])C(=O)/[C:91]([H])=[C:92](\[H])C([H])([H])N3C([H])([H])C([H])([H])C([H])([H])C([H])([H])C3([H])[H])c([30H])c([H])c2n1,0,-0.15395637,-0.114431694,-173.74657837435143,-15.590352508235378,-0.00075217336,0.0008632466,5.5536628e-05,0.021357879,0.00068974495,0.011023812,-599106.2987993747,1.8490059655159712,-599099.8613212344,-599104.39045947
S2-5.2,intermediate,[H]c1nc([27H])c2c([H])c(N([H])C(=O)[C-:91]([H])[C:92]([H])(C([H])([H])N3C([H])([H])C([H])([H])C([H])([H])C([H])([H])C3([H])[H])[S:93]C([H])([H])[H])c([30H])c([H])c2n1,-1,-0.4888576,-0.036932785,-69.0626027550876,65.29033297014037,-0.03384709,-0.0031850934,-0.018516092,-0.025304615,0.2186515,0.096673444,-874112.6765745791,4.764016216620803,-874102.9521768071,-874107.6446823821
S2-5.2,product,[H]c1nc([27H])c2c([H])c(N([H])C(=O)[C:91]([H])([H])[C:92]([H])(C([H])([H])N3C([H])([H])C([H])([H])C([H])([H])C([H])([H])C3([H])[H])[S:93]C([H])([H])[H])c([30H])c([H])c2n1,0,-0.13837144,-0.044033106,-168.05196589036427,-9.584872419991093,-0.04570376,-0.043181892,-0.044442825,0.009974003,0.010259643,0.010116823,-874475.2267626034,4.282938342541456,-874467.3324548779,-874471.1280456933
S2-5.3,reactant,[H]c1nc([27H])c2c([H])c(N([H])C(=O)/[C:91]([H])=[C:92](\[H])C([H])([H])N3C([H])([H])C([H])([H])C([H])([H])C([H])([H])C3([H])[H])c([30H])c([H])c2n1,0,-0.17283376,-0.09718163,-169.50224028518863,-15.979922360595594,0.013543211,0.013975933,0.013759572,0.030339882,-0.001327455,0.014506213,-599110.2767825458,1.4698255341500044,-599105.552083941,-599108.8469832501
S2-5.3,intermediate,[H]c1nc([27H])c2c([H])c(N([H])C(=O)[C-:91]([H])[C:92]([H])(C([H])([H])N3C([H])([H])C([H])([H])C([H])([H])C([H])([H])C3([H])[H])[S:93]C([H])([H])[H])c([30H])c([H])c2n1,-1,-0.46110937,-0.030173888,-69.08364082621719,64.75557814976321,-0.03800313,-0.014353553,-0.026178343,-0.027644098,0.2121812,0.09226855,-874113.2300806001,3.419316938146949,-874104.0788200037,-874108.3313649944
S2-5.3,product,[H]c1nc([27H])c2c([H])c(N([H])C(=O)[C:91]([H])([H])[C:92]([H])(C([H])([H])N3C([H])([H])C([H])([H])C([H])([H])C([H])([H])C3([H])[H])[S:93]C([H])([H])[H])c([30H])c([H])c2n1,0,-0.13784304,-0.05155734,-168.14274371087808,-14.483176958324556,-0.04589483,-0.036439776,-0.041167304,0.0082965195,0.008069858,0.008183189,-874475.1791470072,2.475868536159396,-874469.7337280505,-874472.9492754102
S2-5.4,reactant,[H]c1nc([27H])c2c([H])c(N([H])C(=O)/[C:91]([H])=[C:92](\[H])C([H])([H])N3C([H])([H])C([H])([H])C([H])([H])C([H])([H])C3([H])[H])c([30H])c([H])c2n1,0,-0.15680975,-0.11652766,-174.47113500252647,-15.29122262101611,-0.015554085,-0.00603988,-0.010796983,0.032796115,0.0035424829,0.018169299,-599107.7350238878,0.9692212697118521,-599101.4756091626,-599105.9912094311
S2-5.4,intermediate,[H]c1nc([27H])c2c([H])c(N([H])C(=O)[C-:91]([H])[C:92]([H])(C([H])([H])N3C([H])([H])C([H])([H])C([H])([H])C([H])([H])C3([H])[H])[S:93]C([H])([H])[H])c([30H])c([H])c2n1,-1,-0.40805736,-0.049629115,-67.51719301820242,64.03201723628383,-0.01199282,0.007836506,-0.002078157,-0.011354268,0.1544986,0.07157217,-874116.0476311654,2.78748582303524,-874107.6885261147,-874111.9469801208
S2-5.4,product,[H]c1nc([27H])c2c([H])c(N([H])C(=O)[C:91]([H])([H])[C:92]([H])(C([H])([H])N3C([H])([H])C([H])([H])C([H])([H])C([H])([H])C3([H])[H])[S:93]C([H])([H])[H])c([30H])c([H])c2n1,0,-0.13683414,-0.060168453,-168.06262158898863,-10.197144478859494,-0.046147607,-0.03378976,-0.039968684,0.0013783723,0.0034108162,0.0023945943,-874474.5511239903,3.253033846616745,-874467.8178003198,-874471.3918227929
S2-5.5,reactant,[H]c1nc([27H])c2c([H])c(N([H])C(=O)/[C:91]([H])=[C:92](\[H])C([H])([H])N3C([H])([H])C([H])([H])C([H])([H])C([H])([H])C3([H])[H])c([30H])c([H])c2n1,0,-0.15790783,-0.10935115,-173.8440078478349,-16.740038643615687,-0.0025581196,-0.0013215318,-0.0019398257,0.02599278,0.002539292,0.014266036,-599107.0437422442,2.0204664170742035,-599101.8909949895,-599104.8672982495
S2-5.5,intermediate,[H]c1nc([27H])c2c([H])c(N([H])C(=O)[C-:91]([H])[C:92]([H])(C([H])([H])N3C([H])([H])C([H])([H])C([H])([H])C([H])([H])C3([H])[H])[S:93]C([H])([H])[H])c([30H])c([H])c2n1,-1,-0.44885927,-0.012970078,-66.69500629344995,65.39031760015553,-0.028851379,-0.010000731,-0.019426055,-0.014273137,0.19283006,0.08927846,-874110.2755077046,2.7902683541178703,-874101.2677463525,-874105.952857414
S2-5.5,product,[H]c1nc([27H])c2c([H])c(N([H])C(=O)[C:91]([H])([H])[C:92]([H])(C([H])([H])N3C([H])([H])C([H])([H])C([H])([H])C([H])([H])C3([H])[H])[S:93]C([H])([H])[H])c([30H])c([H])c2n1,0,-0.13530535,-0.042250574,-168.0601853790787,-11.411907178595126,-0.046156414,-0.039899036,-0.043027725,0.007961065,0.008736119,0.008348592,-874479.803061703,2.393973309546709,-874472.8708723864,-874477.7403443486
S2-5.6,reactant,[H]c1nc([27H])c2c([H])c(N([H])C(=O)/[C:91]([H])=[C:92](\[H])C([H])([H])N3C([H])([H])C([H])([H])C([H])([H])C([H])([H])C3([H])[H])c([30H])c([H])c2n1,0,-0.14559199,-0.13810076,-172.83896355202387,-17.33024742035908,0.018252224,0.014303021,0.016277622,-0.007621169,-0.0144057125,-0.011013441,-599110.1933838181,1.7775959633290768,-599103.5103494605,-599108.2360435654
S2-5.6,intermediate,[H]c1nc([27H])c2c([H])c(N([H])C(=O)[C-:91]([H])[C:92]([H])(C([H])([H])N3C([H])([H])C([H])([H])C([H])([H])C([H])([H])C3([H])[H])[S:93]C([H])([H])[H])c([30H])c([H])c2n1,-1,-0.47088364,-0.04115662,-70.01194988384911,63.458492770500904,-0.02262882,0.0029048584,-0.009861981,-0.026466876,0.19346687,0.0835,-874112.3177210243,3.6539137177169323,-874104.5456008126,-874107.8931467683
S2-5.6,product,[H]c1nc([27H])c2c([H])c(N([H])C(=O)[C:91]([H])([H])[C:92]([H])(C([H])([H])N3C([H])([H])C([H])([H])C([H])([H])C([H])([H])C3([H])[H])[S:93]C([H])([H])[H])c([30H])c([H])c2n1,0,-0.1397159,-0.04206073,-167.31195912134018,-14.428705809846871,-0.037980843,-0.033098366,-0.035539605,0.00898166,0.0076562017,0.008318931,-874478.1845075277,4.388909904286265,-874471.7826653055,-874475.6554064975
S2-5.7,reactant,[H]c1nc([27H])c2c([H])c(N([H])C(=O)/[C:91]([H])=[C:92](\[H])C([H])([H])N3C([H])([H])C([H])([H])C([H])([H])C([H])([H])C3([H])[H])c([30H])c([H])c2n1,0,-0.14642288,-0.14251648,-173.9443147223513,-15.81526317710489,0.019842446,0.018512614,0.01917753,-0.009392127,-0.01562807,-0.0125100985,-599106.4930910689,1.658104632049799,-599100.4640012988,-599104.6321252836
S2-5.7,intermediate,[H]c1nc([27H])c2c([H])c(N([H])C(=O)[C-:91]([H])[C:92]([H])(C([H])([H])N3C([H])([H])C([H])([H])C([H])([H])C([H])([H])C3([H])[H])[S:93]C([H])([H])[H])c([30H])c([H])c2n1,-1,-0.44987747,-0.019934712,-66.64555072970396,65.77636236361026,-0.028728092,-0.009126615,-0.018927354,-0.016086608,0.19296917,0.08844128,-874108.095761606,1.9574034251272678,-874100.8748907758,-874104.3623763208
S2-5.7,product,[H]c1nc([27H])c2c([H])c(N([H])C(=O)[C:91]([H])([H])[C:92]([H])(C([H])([H])N3C([H])([H])C([H])([H])C([H])([H])C([H])([H])C3([H])[H])[S:93]C([H])([H])[H])c([30H])c([H])c2n1,0,-0.13937177,-0.0578394,-166.37704094807555,-11.186610427674895,-0.02863361,-0.019351713,-0.023992661,0.011173636,0.011841059,0.011507347,-874473.7203456967,4.875138446688652,-874466.2864577374,-874469.7624111731
S2-5.8,reactant,[H]c1nc([27H])c2c([H])c(N([H])C(=O)/[C:91]([H])=[C:92](\[H])C([H])([H])N3C([H])([H])C([H])([H])C([H])([H])C([H])([H])C3([H])[H])c([30H])c([H])c2n1,0,-0.1746029,-0.096773766,-170.32542357297072,-16.15193911140992,0.015632331,0.023826286,0.019729309,0.022014946,-0.004006505,0.00900422,-599106.8554754802,1.3683364652097225,-599101.2666111168,-599105.3367637232
S2-5.8,intermediate,[H]c1nc([27H])c2c([H])c(N([H])C(=O)[C-:91]([H])[C:92]([H])(C([H])([H])N3C([H])([H])C([H])([H])C([H])([H])C([H])([H])C3([H])[H])[S:93]C([H])([H])[H])c([30H])c([H])c2n1,-1,-0.43074074,-0.05844888,-69.12305766653562,63.118931387987175,-0.009477295,0.017670967,0.004096836,-0.028785259,0.19962649,0.085420616,-874116.2217889274,4.601729029789567,-874106.8530464009,-874111.6910098599
S2-5.8,product,[H]c1nc([27H])c2c([H])c(N([H])C(=O)[C:91]([H])([H])[C:92]([H])(C([H])([H])N3C([H])([H])C([H])([H])C([H])([H])C([H])([H])C3([H])[H])[S:93]C([H])([H])[H])c([30H])c([H])c2n1,0,-0.143805,-0.04440709,-166.556400723142,-10.50374265499356,-0.040231407,-0.035692792,-0.0379621,0.0087231845,0.009775817,0.009249501,-874474.4940456675,5.177817264571786,-874465.9360291034,-874470.3224010108
S2-5.9,reactant,[H]c1nc([27H])c2c([H])c(N([H])C(=O)/[C:91]([H])=[C:92](\[H])C([H])([H])N3C([H])([H])C([H])([H])C([H])([H])C([H])([H])C3([H])[H])c([30H])c([H])c2n1,0,-0.15151136,-0.111706905,-173.04525578645652,-15.670694175629768,0.00072184205,0.0012514219,0.000986632,0.026584536,0.00043965876,0.013512097,-599106.8806900281,2.1283296570181847,-599101.4949214652,-599104.7233581139
S2-5.9,intermediate,[H]c1nc([27H])c2c([H])c(N([H])C(=O)[C-:91]([H])[C:92]([H])(C([H])([H])N3C([H])([H])C([H])([H])C([H])([H])C([H])([H])C3([H])[H])[S:93]C([H])([H])[H])c([30H])c([H])c2n1,-1,-0.43470493,-0.043540634,-68.59095359076535,63.45672071060534,-0.017822249,0.005632624,-0.0060948124,-0.030410498,0.15957478,0.06458214,-874109.9609883779,1.8153035268187523,-874103.0253083918,-874107.1257576186
S2-5.9,product,[H]c1nc([27H])c2c([H])c(N([H])C(=O)[C:91]([H])([H])[C:92]([H])(C([H])([H])N3C([H])([H])C([H])([H])C([H])([H])C([H])([H])C3([H])[H])[S:93]C([H])([H])[H])c([30H])c([H])c2n1,0,-0.13112545,-0.043771487,-166.23022988016407,-11.671361460904965,-0.03629578,-0.032359738,-0.034327757,0.003773436,0.0012200922,0.002496764,-874470.8075838496,1.627224761992693,-874464.7301935643,-874468.612540725
S2-5.10,reactant,[H]c1nc([27H])c2c([H])c(N([H])C(=O)/[C:91]([H])=[C:92](\[H])C([H])([H])N3C([H])([H])C([H])([H])C([H])([H])C([H])([H])C3([H])[H])c([30H])c([H])c2n1,0,-0.1528336,-0.12971212,-173.47646949838224,-16.19916760993503,0.030152798,0.0422085,0.03618065,-0.013762087,-0.022104308,-0.017933197,-599115.1024133479,1.0435406547039747,-599110.172772496,-599113.5984523639
S2-5.10,intermediate,[H]c1nc([27H])c2c([H])c(N([H])C(=O)[C-:91]([H])[C:92]([H])(C([H])([H])N3C([H])([H])C([H])([H])C([H])([H])C([H])([H])C3([H])[H])[S:93]C([H])([H])[H])c([30H])c([H])c2n1,-1,-0.5199499,-0.052417897,-71.76125624481529,62.72786463014779,-0.009608626,0.01371187,0.0020516217,-0.021432996,0.25038585,0.11447643,-874109.4916662091,6.222392639145255,-874098.3210503402,-874102.7614179832
S2-5.10,product,[H]c1nc([27H])c2c([H])c(N([H])C(=O)[C:91]([H])([H])[C:92]([H])(C([H])([H])N3C([H])([H])C([H])([H])C([H])([H])C([H])([H])C3([H])[H])[S:93]C([H])([H])[H])c([30H])c([H])c2n1,0,-0.13930021,-0.05870106,-166.34255605206312,-11.079353847970559,-0.02916873,-0.019490793,-0.024329763,0.011320949,0.011990964,0.0116559565,-874473.6852520405,4.90866144746542,-874465.6802405035,-874469.6818337414
S2-3.1,reactant,[H]c1nc([26H])c2c([H])c(N([H])C(=O)/[C:91]([H])=[C:92](\[H])C([H])([H])N(C([H])([H])[H])C([H])([H])[H])c([31H])c([H])c2n1,0,-0.14720435,-0.1369707,-179.43533006410973,-15.21948189512781,0.016849011,0.015533984,0.016191497,-0.007905379,-0.013010338,-0.010457858,-525804.3597520463,1.6567515395581722,-525798.479611375,-525802.6033546553
S2-3.1,intermediate,[H]c1nc([26H])c2c([H])c(N([H])C(=O)[C-:91]([H])[C:92]([H])(C([H])([H])N(C([H])([H])[H])C([H])([H])[H])[S:93]C([H])([H])[H])c([31H])c([H])c2n1,-1,-0.49118492,-0.013419007,-72.44115013315788,66.75447935197238,-0.037219137,-0.01926456,-0.028241847,-0.043854356,0.22985092,0.09299828,-800806.4571293283,3.7537378706038,-800797.2283315265,-800801.1122540887
S2-3.1,product,[H]c1nc([26H])c2c([H])c(N([H])C(=O)[C:91]([H])([H])[C:92]([H])(C([H])([H])N(C([H])([H])[H])C([H])([H])[H])[S:93]C([H])([H])[H])c([31H])c([H])c2n1,0,-0.1359159,-0.035065837,-170.7101645306973,-11.34644832871843,-0.053471208,-0.05027417,-0.05187269,0.0055452585,0.002962619,0.004253939,-801167.5483109778,2.660876490175724,-801161.5997358448,-801165.730219627
S2-3.2,reactant,[H]c1nc([26H])c2c([H])c(N([H])C(=O)/[C:91]([H])=[C:92](\[H])C([H])([H])N(C([H])([H])[H])C([H])([H])[H])c([31H])c([H])c2n1,0,-0.15252574,-0.10770998,-179.55150202056845,-16.10784803280474,0.008219607,0.0020905063,0.0051550567,0.028525874,0.0016861558,0.015106015,-525804.774257486,5.144274387508631,-525798.9663694493,-525802.6983733167
S2-3.2,intermediate,[H]c1nc([26H])c2c([H])c(N([H])C(=O)[C-:91]([H])[C:92]([H])(C([H])([H])N(C([H])([H])[H])C([H])([H])[H])[S:93]C([H])([H])[H])c([31H])c([H])c2n1,-1,-0.44983223,-0.037101775,-68.02566774198317,65.20348636775772,-0.020713553,0.003324002,-0.008694775,-0.018832535,0.2043641,0.092765786,-800800.0338544464,2.372764414176345,-800790.7946353582,-800795.6236967541
S2-3.2,product,[H]c1nc([26H])c2c([H])c(N([H])C(=O)[C:91]([H])([H])[C:92]([H])(C([H])([H])N(C([H])([H])[H])C([H])([H])[H])[S:93]C([H])([H])[H])c([31H])c([H])c2n1,0,-0.13932584,-0.07156785,-173.23804269552775,-12.862074855323634,-0.047545575,-0.03410382,-0.040824696,-0.0015876144,-0.0011378974,-0.0013627559,-801172.2055729162,2.873158983886242,-801165.5733384296,-801169.4051218706
S2-3.3,reactant,[H]c1nc([26H])c2c([H])c(N([H])C(=O)/[C:91]([H])=[C:92](\[H])C([H])([H])N(C([H])([H])[H])C([H])([H])[H])c([31H])c([H])c2n1,0,-0.12241062,-0.115249865,-178.41937263429648,-16.885420239452877,0.0066671073,0.009630799,0.008148953,0.006509073,-0.023356877,-0.008423902,-525802.2197562979,1.474230706691742,-525797.7415055765,-525800.2819062391
S2-3.3,intermediate,[H]c1nc([26H])c2c([H])c(N([H])C(=O)[C-:91]([H])[C:92]([H])(C([H])([H])N(C([H])([H])[H])C([H])([H])[H])[S:93]C([H])([H])[H])c([31H])c([H])c2n1,-1,-0.45620352,-0.008975368,-71.18673364651778,66.357803026303,-0.039285045,-0.015101109,-0.027193077,-0.034585774,0.17080778,0.068111,-800807.0704662724,3.4880421552807093,-800798.3644249879,-800802.2059815268
S2-3.3,product,[H]c1nc([26H])c2c([H])c(N([H])C(=O)[C:91]([H])([H])[C:92]([H])(C([H])([H])N(C([H])([H])[H])C([H])([H])[H])[S:93]C([H])([H])[H])c([31H])c([H])c2n1,0,-0.12911622,-0.04293439,-170.38651248267124,-13.040865310890016,-0.050847724,-0.04775739,-0.049302556,0.004422605,0.00026871264,0.0023456588,-801168.0546217624,1.5624383613467216,-801161.2661620335,-801166.007253621
S2-3.4,reactant,[H]c1nc([26H])c2c([H])c(N([H])C(=O)/[C:91]([H])=[C:92](\[H])C([H])([H])N(C([H])([H])[H])C([H])([H])[H])c([31H])c([H])c2n1,0,-0.14664039,-0.10988208,-177.62834412738195,-16.673271538452273,-0.0020776317,-0.0030348226,-0.0025562271,0.04303786,0.0018709898,0.022454426,-525803.4830837018,1.6322971675544977,-525797.6182444138,-525801.8060194673
S2-3.4,intermediate,[H]c1nc([26H])c2c([H])c(N([H])C(=O)[C-:91]([H])[C:92]([H])(C([H])([H])N(C([H])([H])[H])C([H])([H])[H])[S:93]C([H])([H])[H])c([31H])c([H])c2n1,-1,-0.44924653,-0.022483084,-68.9220178567078,65.9999903790594,-0.045144223,-0.019104347,-0.032124285,-0.022247076,0.24287719,0.110315055,-800804.7739270513,2.0918034072965384,-800796.0613403843,-800800.5351651361
S2-3.4,product,[H]c1nc([26H])c2c([H])c(N([H])C(=O)[C:91]([H])([H])[C:92]([H])(C([H])([H])N(C([H])([H])[H])C([H])([H])[H])[S:93]C([H])([H])[H])c([31H])c([H])c2n1,0,-0.13548589,-0.035157297,-171.1902784997318,-12.663369927821146,-0.05351634,-0.050776687,-0.052146513,0.005573824,0.0023440719,0.003958948,-801167.5834973208,2.5870491433888674,-801161.8972932539,-801165.6990353533
S2-3.5,reactant,[H]c1nc([26H])c2c([H])c(N([H])C(=O)/[C:91]([H])=[C:92](\[H])C([H])([H])N(C([H])([H])[H])C([H])([H])[H])c([31H])c([H])c2n1,0,-0.17640391,-0.08808168,-175.58290890585928,-14.867061879641557,0.028286897,0.033160713,0.030723805,0.023594305,-0.0035759062,0.010009199,-525805.24896948,1.2419390734285116,-525800.3337150423,-525804.0486138581
S2-3.5,intermediate,[H]c1nc([26H])c2c([H])c(N([H])C(=O)[C-:91]([H])[C:92]([H])(C([H])([H])N(C([H])([H])[H])C([H])([H])[H])[S:93]C([H])([H])[H])c([31H])c([H])c2n1,-1,-0.4578713,-0.009368901,-67.97325774064558,68.2212028778904,-0.039500408,-0.015977409,-0.027738906,-0.025988132,0.19154713,0.0827795,-800806.3806752589,1.9195484817028046,-800798.354260864,-800802.8035410213
S2-3.5,product,[H]c1nc([26H])c2c([H])c(N([H])C(=O)[C:91]([H])([H])[C:92]([H])(C([H])([H])N(C([H])([H])[H])C([H])([H])[H])[S:93]C([H])([H])[H])c([31H])c([H])c2n1,0,-0.14467256,-0.059399843,-172.961485900045,-12.027085536465748,-0.033317454,-0.02486059,-0.029089022,0.012144953,0.012306333,0.012225643,-801169.277035619,3.4436747450381517,-801161.1849308026,-801165.3286032522
S2-3.6,reactant,[H]c1nc([26H])c2c([H])c(N([H])C(=O)/[C:91]([H])=[C:92](\[H])C([H])([H])N(C([H])([H])[H])C([H])([H])[H])c([31H])c([H])c2n1,0,-0.157279,-0.12300398,-176.7283679484372,-13.038267418025331,0.037199832,0.052178875,0.044689354,-0.005541131,-0.017843321,-0.011692226,-525805.7280856672,0.9783335719257593,-525801.0547339148,-525804.5690122695
S2-3.6,intermediate,[H]c1nc([26H])c2c([H])c(N([H])C(=O)[C-:91]([H])[C:92]([H])(C([H])([H])N(C([H])([H])[H])C([H])([H])[H])[S:93]C([H])([H])[H])c([31H])c([H])c2n1,-1,-0.49307913,-0.030288404,-70.224065509725,66.45623699933593,-0.041985504,-0.009271653,-0.02562858,-0.028949797,0.22042802,0.09573911,-800808.2205435282,5.197367239743471,-800799.7022543255,-800803.5974776809
S2-3.6,product,[H]c1nc([26H])c2c([H])c(N([H])C(=O)[C:91]([H])([H])[C:92]([H])(C([H])([H])N(C([H])([H])[H])C([H])([H])[H])[S:93]C([H])([H])[H])c([31H])c([H])c2n1,0,-0.13288277,-0.0549968,-170.79558100243946,-10.491788180576808,-0.04244235,-0.0413556,-0.041898977,0.006903842,0.0065169334,0.0067103878,-801168.1659324013,3.321640517562628,-801159.9648346002,-801164.9863115683
S2-3.7,reactant,[H]c1nc([26H])c2c([H])c(N([H])C(=O)/[C:91]([H])=[C:92](\[H])C([H])([H])N(C([H])([H])[H])C([H])([H])[H])c([31H])c([H])c2n1,0,-0.14707342,-0.10907199,-178.967432949234,-14.818573275325296,0.012052946,0.0043579116,0.008205429,0.02757451,-0.0010908544,0.0132418275,-525804.5201347796,2.379226876422763,-525798.9056717489,-525802.6111572612
S2-3.7,intermediate,[H]c1nc([26H])c2c([H])c(N([H])C(=O)[C-:91]([H])[C:92]([H])(C([H])([H])N(C([H])([H])[H])C([H])([H])[H])[S:93]C([H])([H])[H])c([31H])c([H])c2n1,-1,-0.46777943,-0.013987839,-69.72724462631149,67.94215926256518,-0.04163657,-0.019911502,-0.030774038,-0.04605946,0.21706036,0.08550045,-800807.9658737328,3.973462477326393,-800798.6553244169,-800802.8587688927
S2-3.7,product,[H]c1nc([26H])c2c([H])c(N([H])C(=O)[C:91]([H])([H])[C:92]([H])(C([H])([H])N(C([H])([H])[H])C([H])([H])[H])[S:93]C([H])([H])[H])c([31H])c([H])c2n1,0,-0.13918942,-0.07140984,-174.77291905361162,-14.656855347783019,-0.047280148,-0.034105457,-0.040692803,-0.001936242,-0.0014272183,-0.0016817302,-801171.351882506,2.534672850742936,-801164.0556276165,-801168.7697014952
S2-3.8,reactant,[H]c1nc([26H])c2c([H])c(N([H])C(=O)/[C:91]([H])=[C:92](\[H])C([H])([H])N(C([H])([H])[H])C([H])([H])[H])c([31H])c([H])c2n1,0,-0.17818141,-0.08756327,-176.3973261383442,-16.153168276585923,0.027930036,0.031437285,0.02968366,0.023468763,-0.0025567263,0.010456018,-525805.1536626703,1.1643679980188608,-525800.5396333975,-525803.9655643508
S2-3.8,intermediate,[H]c1nc([26H])c2c([H])c(N([H])C(=O)[C-:91]([H])[C:92]([H])(C([H])([H])N(C([H])([H])[H])C([H])([H])[H])[S:93]C([H])([H])[H])c([31H])c([H])c2n1,-1,-0.4383668,-0.057892784,-69.05243006704406,66.68474443520574,-0.01689326,0.01320231,-0.0018454753,-0.039813966,0.20712297,0.0836545,-800806.4315940392,2.029353141784668,-800798.2168808206,-800802.3128085724
S2-3.8,product,[H]c1nc([26H])c2c([H])c(N([H])C(=O)[C:91]([H])([H])[C:92]([H])(C([H])([H])N(C([H])([H])[H])C([H])([H])[H])[S:93]C([H])([H])[H])c([31H])c([H])c2n1,0,-0.13635921,-0.052514873,-171.7361186136379,-9.880735764352565,-0.0483947,-0.039738327,-0.044066515,-0.00051900744,-0.0002898723,-0.00040443987,-801169.9170805835,2.1924874428659678,-801162.8548117916,-801167.1825278394
S2-3.9,reactant,[H]c1nc([26H])c2c([H])c(N([H])C(=O)/[C:91]([H])=[C:92](\[H])C([H])([H])N(C([H])([H])[H])C([H])([H])[H])c([31H])c([H])c2n1,0,-0.12088805,-0.11488122,-177.76477342464221,-15.588665681740718,0.009017095,0.011148326,0.0100827105,0.0034779534,-0.025944747,-0.011233397,-525802.094915633,1.4372453540563583,-525797.0960316773,-525800.2297641033
S2-3.9,intermediate,[H]c1nc([26H])c2c([H])c(N([H])C(=O)[C-:91]([H])[C:92]([H])(C([H])([H])N(C([H])([H])[H])C([H])([H])[H])[S:93]C([H])([H])[H])c([31H])c([H])c2n1,-1,-0.4462017,-0.009072021,-67.39378155915037,66.99747472989822,-0.045103364,-0.021225957,-0.03316466,-0.0033704937,0.18510887,0.09086919,-800805.4989640923,1.7288160361349583,-800797.9678138506,-800801.6079541343
S2-3.9,product,[H]c1nc([26H])c2c([H])c(N([H])C(=O)[C:91]([H])([H])[C:92]([H])(C([H])([H])N(C([H])([H])[H])C([H])([H])[H])[S:93]C([H])([H])[H])c([31H])c([H])c2n1,0,-0.1398183,-0.031526882,-171.51619208493497,-11.36543198602311,-0.054491475,-0.054895822,-0.054693647,0.009776995,0.0074516833,0.008614339,-801167.8988370073,2.5610485393553972,-801161.2993978772,-801164.7116531415
S2-3.10,reactant,[H]c1nc([26H])c2c([H])c(N([H])C(=O)/[C:91]([H])=[C:92](\[H])C([H])([H])N(C([H])([H])[H])C([H])([H])[H])c([31H])c([H])c2n1,0,-0.14573316,-0.13688716,-178.6963861368061,-13.842176793624523,0.018910646,0.0168318,0.017871223,-0.009552836,-0.01479812,-0.012175478,-525804.3158715684,1.606982696801424,-525798.4950045168,-525802.7337021952
S2-3.10,intermediate,[H]c1nc([26H])c2c([H])c(N([H])C(=O)[C-:91]([H])[C:92]([H])(C([H])([H])N(C([H])([H])[H])C([H])([H])[H])[S:93]C([H])([H])[H])c([31H])c([H])c2n1,-1,-0.42215317,-0.042949747,-70.39413834347025,65.93323491516537,-0.029898796,-0.0009626299,-0.015430713,-0.036084384,0.178069,0.070992306,-800806.243468244,3.5218442045152187,-800797.257262285,-800800.7775717442
S2-3.10,product,[H]c1nc([26H])c2c([H])c(N([H])C(=O)[C:91]([H])([H])[C:92]([H])(C([H])([H])N(C([H])([H])[H])C([H])([H])[H])[S:93]C([H])([H])[H])c([31H])c([H])c2n1,0,-0.13307685,-0.052631397,-171.22185754070793,-9.052356757452763,-0.0414723,-0.036610056,-0.03904118,0.004808292,0.00567697,0.005242631,-801169.289277071,2.538508076220751,-801160.3467073917,-801164.3151441589
S2-37.1,reactant,[H]c1c([H])c(N([H])C(=O)[C:91]([H])=[C:92]([H])[H])c([H])c([25H])c1[28H],0,-0.14944679,-0.27899954,-202.5345093985191,12.0483997945345,0.13297203,0.06641698,0.099694505,0.06095022,0.0011822432,0.031066231,-300374.3385405727,0.9921048581600189,-300372.06633618,-300373.4283106342
S2-37.1,intermediate,[H]c1c([H])c(N([H])C(=O)[C-:91]([H])[C:92]([H])([H])[S:93]C([H])([H])[H])c([H])c([25H])c1[28H],-1,-0.4748328,-0.11204126,-64.9634789697527,114.7544079608391,-0.009354264,0.023290224,0.0069679804,-0.021702707,0.3310811,0.1546892,-575374.3015992349,1.9636051431298256,-575370.0768864806,-575371.7298558204
S2-37.1,product,[H]c1c([H])c(N([H])C(=O)[C:91]([H])([H])[C:92]([H])([H])[S:93]C([H])([H])[H])c([H])c([25H])c1[28H],0,-0.14177115,-0.11903177,-190.6897454824487,19.257244628048785,-0.024260662,-0.02253446,-0.023397561,0.020700693,0.007891953,0.014296323,-575741.2849113198,1.9760612696409225,-575736.4382622826,-575739.2267149095
S2-37.2,reactant,[H]c1c([H])c(N([H])C(=O)[C:91]([H])=[C:92]([H])[H])c([H])c([25H])c1[28H],0,-0.15196113,-0.27688462,-201.74155982787366,12.889670165105608,0.16314456,0.09532279,0.12923367,0.08952385,-0.0024442673,0.043539792,-300375.38197856524,0.7343445979058743,-300372.3077967308,-300374.78767705377
S2-37.2,intermediate,[H]c1c([H])c(N([H])C(=O)[C-:91]([H])[C:92]([H])([H])[S:93]C([H])([H])[H])c([H])c([25H])c1[28H],-1,-0.5032251,-0.103746176,-66.95318673496206,116.29404707756912,-0.019212253,0.022627354,0.0017075501,-0.0048848987,0.31460065,0.15485787,-575372.6953195898,3.4476779773831367,-575365.4190191886,-575368.3116541678
S2-37.2,product,[H]c1c([H])c(N([H])C(=O)[C:91]([H])([H])[C:92]([H])([H])[S:93]C([H])([H])[H])c([H])c([25H])c1[28H],0,-0.13418612,-0.10208437,-193.6190602696477,19.439811848338504,-0.04809291,-0.050624833,-0.04935887,0.055973575,0.019808218,0.037890896,-575740.6258942808,0.5029536932706833,-575737.5510042607,-575739.5390169863
S2-37.3,reactant,[H]c1c([H])c(N([H])C(=O)[C:91]([H])=[C:92]([H])[H])c([H])c([25H])c1[28H],0,-0.15201686,-0.27691197,-201.75129323350365,12.887601115926017,0.16309375,0.0952978,0.12919578,0.08942786,-0.002422288,0.043502785,-300375.3818440546,0.7202184572815895,-300373.2756546974,-300374.78835594014
S2-37.3,intermediate,[H]c1c([H])c(N([H])C(=O)[C-:91]([H])[C:92]([H])([H])[S:93]C([H])([H])[H])c([H])c([25H])c1[28H],-1,-0.45162052,-0.114776485,-63.69196454307378,113.49788988052289,-0.024007618,0.018961698,-0.0025229603,-0.018822968,0.3371839,0.15918046,-575371.2042018074,2.1339794993400574,-575366.4745516875,-575368.6045384951
S2-37.3,product,[H]c1c([H])c(N([H])C(=O)[C:91]([H])([H])[C:92]([H])([H])[S:93]C([H])([H])[H])c([H])c([25H])c1[28H],0,-0.13439058,-0.10209137,-192.84647480815204,18.97031199144363,-0.04485323,-0.047189683,-0.046021454,0.040253982,0.007262945,0.023758464,-575740.3034302439,0.9926594998687506,-575736.4799535052,-575739.3350493257
S2-37.4,reactant,[H]c1c([H])c(N([H])C(=O)[C:91]([H])=[C:92]([H])[H])c([H])c([25H])c1[28H],0,-0.15193361,-0.27701756,-201.76386431432013,12.884923707399393,0.16284347,0.09527734,0.1290604,0.089357615,-0.0025158077,0.043420903,-300375.3816026264,0.7103009019047022,-300372.90540957235,-300374.78720434464
S2-37.4,intermediate,[H]c1c([H])c(N([H])C(=O)[C-:91]([H])[C:92]([H])([H])[S:93]C([H])([H])[H])c([H])c([25H])c1[28H],-1,-0.48506626,-0.112079054,-64.94337326336,113.40951181026735,-0.039849713,0.013619751,-0.013114981,-0.005746335,0.351932,0.17309283,-575370.5591003416,1.7897073775529861,-575366.3738570365,-575368.1208873116
S2-37.4,product,[H]c1c([H])c(N([H])C(=O)[C:91]([H])([H])[C:92]([H])([H])[S:93]C([H])([H])[H])c([H])c([25H])c1[28H],0,-0.14193267,-0.118905224,-190.59671204598112,19.26471311210053,-0.023890056,-0.022040434,-0.022965245,0.020569578,0.008034423,0.014302,-575741.2742136304,1.6744903828948736,-575736.7182219863,-575739.203743698
S2-37.5,reactant,[H]c1c([H])c(N([H])C(=O)[C:91]([H])=[C:92]([H])[H])c([H])c([25H])c1[28H],0,-0.14949526,-0.27902353,-202.52078518827435,12.039724136804066,0.13292271,0.066416696,0.0996697,0.06107022,0.0011942536,0.031132236,-300374.33974351076,0.9199978783726692,-300370.8426353254,-300373.41312174464
S2-37.5,intermediate,[H]c1c([H])c(N([H])C(=O)[C-:91]([H])[C:92]([H])([H])[S:93]C([H])([H])[H])c([H])c([25H])c1[28H],-1,-0.4749445,-0.111990295,-65.02185367003693,114.74424347911781,-0.009128742,0.02343797,0.0071546137,-0.021714538,0.33146822,0.15487684,-575374.2963530293,1.929003344848752,-575370.2573424347,-575371.8651729149
S2-37.5,product,[H]c1c([H])c(N([H])C(=O)[C:91]([H])([H])[C:92]([H])([H])[S:93]C([H])([H])[H])c([H])c([25H])c1[28H],0,-0.1423667,-0.11379204,-192.89786743140525,19.22270572868413,-0.025218628,-0.03321711,-0.029217869,0.031114578,0.015694886,0.023404732,-575740.3454900332,1.4926649183034897,-575736.236760417,-575738.6728688013
S2-37.6,reactant,[H]c1c([H])c(N([H])C(=O)[C:91]([H])=[C:92]([H])[H])c([H])c([25H])c1[28H],0,-0.14944176,-0.279021,-202.5265159549806,12.042767123824262,0.13307592,0.066467255,0.09977159,0.06093557,0.0011825413,0.031059057,-300374.33818834287,0.8771002534776926,-300371.28677937103,-300373.4364556326
S2-37.6,intermediate,[H]c1c([H])c(N([H])C(=O)[C-:91]([H])[C:92]([H])([H])[S:93]C([H])([H])[H])c([H])c([25H])c1[28H],-1,-0.45023492,-0.114462845,-63.66795075620413,113.39439772585675,-0.024150893,0.018904686,-0.0026231036,-0.019254237,0.33618075,0.15846325,-575371.1947979109,1.7802202012389898,-575366.8163636713,-575368.7165463233
S2-37.6,product,[H]c1c([H])c(N([H])C(=O)[C:91]([H])([H])[C:92]([H])([H])[S:93]C([H])([H])[H])c([H])c([25H])c1[28H],0,-0.1343319,-0.102016546,-192.85864285626243,18.968770477289983,-0.04487109,-0.047216423,-0.046043757,0.040234506,0.007210821,0.023722664,-575740.3047734604,1.04578997194767,-575736.8908662754,-575739.3348428399
S2-37.7,reactant,[H]c1c([H])c(N([H])C(=O)[C:91]([H])=[C:92]([H])[H])c([H])c([25H])c1[28H],0,-0.15187122,-0.27694416,-201.75282678466897,12.88144780814657,0.16293493,0.095280096,0.1291075,0.089560196,-0.0025292188,0.04351549,-300375.38162394,0.6841212566941977,-300372.6814403376,-300374.7889871094
S2-37.7,intermediate,[H]c1c([H])c(N([H])C(=O)[C-:91]([H])[C:92]([H])([H])[S:93]C([H])([H])[H])c([H])c([25H])c1[28H],-1,-0.50238776,-0.10708864,-66.15471576541495,116.45467754073286,-0.021788627,0.024281278,0.0012463257,-0.002820611,0.31251168,0.15484554,-575372.5663045566,2.753428218886256,-575366.4601291231,-575368.2661792642
S2-37.7,product,[H]c1c([H])c(N([H])C(=O)[C:91]([H])([H])[C:92]([H])([H])[S:93]C([H])([H])[H])c([H])c([25H])c1[28H],0,-0.14275217,-0.10801947,-193.30621762112656,19.034730804699127,-0.028248042,-0.03741525,-0.032831647,0.035586953,0.020467632,0.028027292,-575740.6153386743,5.928362749516964,-575736.2917386763,-575738.6635110895
S2-37.8,reactant,[H]c1c([H])c(N([H])C(=O)[C:91]([H])=[C:92]([H])[H])c([H])c([25H])c1[28H],0,-0.14926521,-0.279032,-202.5144088956384,12.030668945813716,0.13298187,0.06653309,0.09975748,0.061033458,0.0010415167,0.031037487,-300374.3396209315,0.9324781969189644,-300370.9870566787,-300373.4316243712
S2-37.8,intermediate,[H]c1c([H])c(N([H])C(=O)[C-:91]([H])[C:92]([H])([H])[S:93]C([H])([H])[H])c([H])c([25H])c1[28H],-1,-0.50451255,-0.10502531,-67.0445185032855,116.18455738591545,-0.018828891,0.023800388,0.0024857484,-0.0031135678,0.31293285,0.15490964,-575372.706252416,3.688182055950165,-575365.2349103489,-575368.0938970399
S2-37.8,product,[H]c1c([H])c(N([H])C(=O)[C:91]([H])([H])[C:92]([H])([H])[S:93]C([H])([H])[H])c([H])c([25H])c1[28H],0,-0.1343207,-0.10212803,-192.85815814582574,18.986297910386334,-0.044834547,-0.047340572,-0.04608756,0.040004313,0.0070720613,0.023538187,-575740.3052420364,1.059631584212184,-575737.376975965,-575739.3276834396
S2-37.9,reactant,[H]c1c([H])c(N([H])C(=O)[C:91]([H])=[C:92]([H])[H])c([H])c([25H])c1[28H],0,-0.15197039,-0.27687997,-201.76816618224026,12.880560760651068,0.16310039,0.09527065,0.12918553,0.089422405,-0.0024831742,0.043469615,-300375.3812592629,0.6662273984402418,-300372.6313178759,-300374.78800389444
S2-37.9,intermediate,[H]c1c([H])c(N([H])C(=O)[C-:91]([H])[C:92]([H])([H])[S:93]C([H])([H])[H])c([H])c([25H])c1[28H],-1,-0.45024067,-0.11459782,-63.725235956427134,113.41195435801717,-0.024144396,0.018910438,-0.0026169792,-0.019285798,0.33660156,0.15865788,-575371.1952593859,1.8181493282318115,-575366.3576781062,-575368.6899833437
S2-37.9,product,[H]c1c([H])c(N([H])C(=O)[C:91]([H])([H])[C:92]([H])([H])[S:93]C([H])([H])[H])c([H])c([25H])c1[28H],0,-0.13439994,-0.1022031,-192.87656051551082,18.970630140921457,-0.044777937,-0.047318995,-0.046048466,0.040029407,0.0071276873,0.023578547,-575740.3046851257,1.1234640702605247,-575736.8067139982,-575739.3329894698
S2-37.10,reactant,[H]c1c([H])c(N([H])C(=O)[C:91]([H])=[C:92]([H])[H])c([H])c([25H])c1[28H],0,-0.14342691,-0.27843103,-202.73012205517796,11.953068268409632,0.13266313,0.067575395,0.10011926,0.059420124,-0.0016850531,0.028867535,-300374.0796473367,0.7252988703548908,-300371.41458188015,-300373.41574363597
S2-37.10,intermediate,[H]c1c([H])c(N([H])C(=O)[C-:91]([H])[C:92]([H])([H])[S:93]C([H])([H])[H])c([H])c([25H])c1[28H],-1,-0.4516977,-0.11495771,-63.69902441556665,113.5089786180595,-0.02394139,0.019106157,-0.0024176165,-0.018743902,0.33723137,0.15924373,-575371.2035732847,2.159566331654787,-575366.5031335762,-575368.6389721893
S2-37.10,product,[H]c1c([H])c(N([H])C(=O)[C:91]([H])([H])[C:92]([H])([H])[S:93]C([H])([H])[H])c([H])c([25H])c1[28H],0,-0.13440584,-0.10228722,-192.87104271649144,18.96225982703762,-0.044916864,-0.047167853,-0.04604236,0.040310487,0.007227853,0.02376917,-575740.302947912,0.958852106705308,-575737.1938067452,-575739.3347227734
S2-4.1,reactant,[H]c1nc([27H])c2c([H])c(N([H])C(=O)[C:91]([H])=[C:92]([H])[H])c([31H])c([H])c2n1,0,-0.14422508,-0.27400458,-189.84876300216754,-14.154457457898683,0.05381301,0.04652919,0.0501711,-0.007740915,-0.0094257,-0.008583307,-416998.08053577715,0.49200119264423847,-416994.96420110133,-416996.9928137305
S2-4.1,intermediate,[H]c1nc([27H])c2c([H])c(N([H])C(=O)[C-:91]([H])[C:92]([H])([H])[S:93]C([H])([H])[H])c([31H])c([H])c2n1,-1,-0.4863461,-0.113790385,-73.8603342375997,69.60368147932634,-0.014274336,0.014395535,6.0599297e-05,-0.041712344,0.21642888,0.087358266,-692006.3666802832,1.9495577085763216,-692001.9939234669,-692003.9512318559
S2-4.1,product,[H]c1nc([27H])c2c([H])c(N([H])C(=O)[C:91]([H])([H])[C:92]([H])([H])[S:93]C([H])([H])[H])c([31H])c([H])c2n1,0,-0.14163272,-0.12595074,-183.7466142241815,-10.253755671632282,-0.030787215,-0.02516815,-0.027977683,0.0008110404,-0.002345115,-0.0007670373,-692365.6046574793,1.8384894542396069,-692360.4269822004,-692362.8929788561
S2-4.2,reactant,[H]c1nc([27H])c2c([H])c(N([H])C(=O)[C:91]([H])=[C:92]([H])[H])c([31H])c([H])c2n1,0,-0.1499077,-0.27502623,-189.74336996567888,-14.348467398084056,0.05281633,0.04611075,0.04946354,-0.006198749,-0.0074275434,-0.006813146,-416998.3765647787,0.9305112008005381,-416995.11320948385,-416997.0604187155
S2-4.2,intermediate,[H]c1nc([27H])c2c([H])c(N([H])C(=O)[C-:91]([H])[C:92]([H])([H])[S:93]C([H])([H])[H])c([31H])c([H])c2n1,-1,-0.5064935,-0.10529337,-76.40012394755821,70.85336918111523,-0.026982687,0.011729054,-0.0076268166,-0.034407318,0.2321387,0.09886569,-692003.9610069606,2.65506967715919,-691996.1364460813,-692000.141247126
S2-4.2,product,[H]c1nc([27H])c2c([H])c(N([H])C(=O)[C:91]([H])([H])[C:92]([H])([H])[S:93]C([H])([H])[H])c([31H])c([H])c2n1,0,-0.14126088,-0.12527047,-183.920119824826,-10.206539588716193,-0.03187512,-0.026089236,-0.028982177,0.00077077746,-0.0024285614,-0.000828892,-692365.6356271176,1.6806728560477495,-692359.3742120243,-692362.9867966996
S2-4.3,reactant,[H]c1nc([27H])c2c([H])c(N([H])C(=O)[C:91]([H])=[C:92]([H])[H])c([31H])c([H])c2n1,0,-0.15007293,-0.274844,-189.71471530088604,-14.32872238219744,0.052750796,0.045954004,0.0493524,-0.0058524013,-0.0072862804,-0.006569341,-416998.3746886838,0.9173115435987711,-416995.4323059766,-416997.0570439874
S2-4.3,intermediate,[H]c1nc([27H])c2c([H])c(N([H])C(=O)[C-:91]([H])[C:92]([H])([H])[S:93]C([H])([H])[H])c([31H])c([H])c2n1,-1,-0.4448042,-0.115355834,-72.30328280749619,66.7530444682456,-0.020863838,0.00924623,-0.005808804,-0.021865904,0.21845111,0.098292604,-692003.1969681241,1.9165915008634329,-691996.3071935866,-692000.7060070902
S2-4.3,product,[H]c1nc([27H])c2c([H])c(N([H])C(=O)[C:91]([H])([H])[C:92]([H])([H])[S:93]C([H])([H])[H])c([31H])c([H])c2n1,0,-0.12983154,-0.10846787,-182.5078843373858,-11.383036998974259,-0.051202446,-0.046902604,-0.049052525,-0.0022615641,-0.010733187,-0.0064973757,-692364.1417229811,1.1354430727660656,-692359.5180379036,-692362.9011502358
S2-4.4,reactant,[H]c1nc([27H])c2c([H])c(N([H])C(=O)[C:91]([H])=[C:92]([H])[H])c([31H])c([H])c2n1,0,-0.15118144,-0.27180058,-189.04485517533152,-14.45181666846311,0.07747334,0.06643684,0.07195509,-0.0007430017,-0.012797296,-0.006770149,-416999.255742779,0.6240189671516418,-416996.7461794262,-416998.2460753429
S2-4.4,intermediate,[H]c1nc([27H])c2c([H])c(N([H])C(=O)[C-:91]([H])[C:92]([H])([H])[S:93]C([H])([H])[H])c([31H])c([H])c2n1,-1,-0.5070865,-0.10572488,-76.61666377963392,70.78065132115896,-0.027112842,0.011927076,-0.007592883,-0.035533726,0.23590633,0.1001863,-692003.9488053925,3.052221653982997,-691996.2325474501,-692000.0097516021
S2-4.4,product,[H]c1nc([27H])c2c([H])c(N([H])C(=O)[C:91]([H])([H])[C:92]([H])([H])[S:93]C([H])([H])[H])c([31H])c([H])c2n1,0,-0.14557661,-0.11976294,-185.4370510771386,-11.933526999066487,-0.03194803,-0.025314778,-0.028631404,0.00036726892,-0.0031852424,-0.0014089867,-692365.7261456216,2.617088111117482,-692361.0791416956,-692363.3350262198
S2-4.5,reactant,[H]c1nc([27H])c2c([H])c(N([H])C(=O)[C:91]([H])=[C:92]([H])[H])c([31H])c([H])c2n1,0,-0.1512608,-0.27175593,-189.015858256363,-14.444095793482887,0.0776732,0.06650549,0.072089344,-0.00061270595,-0.012735575,-0.0066741407,-416999.2564175319,0.7219254206866026,-416996.71530833264,-416998.25306902
S2-4.5,intermediate,[H]c1nc([27H])c2c([H])c(N([H])C(=O)[C-:91]([H])[C:92]([H])([H])[S:93]C([H])([H])[H])c([31H])c([H])c2n1,-1,-0.50688326,-0.10359091,-76.50216651057477,72.62760481014762,-0.025009438,0.012889504,-0.006059967,-0.03846693,0.2337195,0.097626284,-692004.4328298444,3.926685681566596,-691998.170832718,-692000.5380227355
S2-4.5,product,[H]c1nc([27H])c2c([H])c(N([H])C(=O)[C:91]([H])([H])[C:92]([H])([H])[S:93]C([H])([H])[H])c([31H])c([H])c2n1,0,-0.13825165,-0.119282484,-183.9460194704064,-9.136941520137311,-0.036509313,-0.033579096,-0.035044204,0.007559806,0.003644541,0.0056021735,-692364.9656190494,1.752566086128354,-692359.2419667611,-692362.6703345933
S2-4.6,reactant,[H]c1nc([27H])c2c([H])c(N([H])C(=O)[C:91]([H])=[C:92]([H])[H])c([31H])c([H])c2n1,0,-0.1500939,-0.2750671,-189.73193322925576,-14.34325365119869,0.052792966,0.046083525,0.049438246,-0.0061027408,-0.0073542446,-0.0067284927,-416998.3756953306,0.8946698121726513,-416995.69478801684,-416997.0577102173
S2-4.6,intermediate,[H]c1nc([27H])c2c([H])c(N([H])C(=O)[C-:91]([H])[C:92]([H])([H])[S:93]C([H])([H])[H])c([31H])c([H])c2n1,-1,-0.48638144,-0.11376564,-73.87975241236069,69.58972239890869,-0.01424028,0.014396794,7.825717e-05,-0.041656345,0.2167083,0.08752598,-692006.3638240697,1.9871384985744953,-692001.0502545852,-692003.9543341037
S2-4.6,product,[H]c1nc([27H])c2c([H])c(N([H])C(=O)[C:91]([H])([H])[C:92]([H])([H])[S:93]C([H])([H])[H])c([31H])c([H])c2n1,0,-0.13017307,-0.10844828,-183.31261644884725,-12.746255967285071,-0.050957758,-0.046965703,-0.04896173,-0.0014826506,-0.010449514,-0.005966082,-692364.1387336584,0.6029429547488689,-692360.5746024195,-692362.8883642196
S2-4.7,reactant,[H]c1nc([27H])c2c([H])c(N([H])C(=O)[C:91]([H])=[C:92]([H])[H])c([31H])c([H])c2n1,0,-0.15008827,-0.27172944,-187.92114291987008,-13.341399896432772,0.07732096,0.06667411,0.07199754,-0.000101193786,-0.013302535,-0.0067018643,-416999.2110267872,0.6744715478271246,-416995.3657732042,-416998.2429621658
S2-4.7,intermediate,[H]c1nc([27H])c2c([H])c(N([H])C(=O)[C-:91]([H])[C:92]([H])([H])[S:93]C([H])([H])[H])c([31H])c([H])c2n1,-1,-0.48016527,-0.11266611,-74.52314728773543,67.32190549798943,-0.012828134,0.013740487,0.0004561767,-0.035477847,0.2140117,0.089266926,-692006.084855259,1.5156409572809935,-691999.5453865788,-692003.6904847057
S2-4.7,product,[H]c1nc([27H])c2c([H])c(N([H])C(=O)[C:91]([H])([H])[C:92]([H])([H])[S:93]C([H])([H])[H])c([31H])c([H])c2n1,0,-0.1396921,-0.12369839,-182.68207923956916,-9.049747266440097,-0.033140995,-0.027262457,-0.030201726,0.0003209561,-0.0027014017,-0.0011902228,-692365.7119756667,1.4379671327769756,-692360.6230159635,-692363.190691946
S2-4.8,reactant,[H]c1nc([27H])c2c([H])c(N([H])C(=O)[C:91]([H])=[C:92]([H])[H])c([31H])c([H])c2n1,0,-0.14993136,-0.2750247,-189.73981001571778,-14.338767886340177,0.05281192,0.046107426,0.049459673,-0.0062455386,-0.007425368,-0.006835453,-416998.3758075544,0.8920917920768261,-416994.9705196469,-416997.0624573557
S2-4.8,intermediate,[H]c1nc([27H])c2c([H])c(N([H])C(=O)[C-:91]([H])[C:92]([H])([H])[S:93]C([H])([H])[H])c([31H])c([H])c2n1,-1,-0.47947595,-0.11257922,-74.56338040887663,67.29215464210267,-0.012749717,0.013802566,0.0005264245,-0.035527438,0.21361011,0.08904134,-692006.0755907883,1.5793974418193102,-692001.5223321405,-692003.721524052
S2-4.8,product,[H]c1nc([27H])c2c([H])c(N([H])C(=O)[C:91]([H])([H])[C:92]([H])([H])[S:93]C([H])([H])[H])c([31H])c([H])c2n1,0,-0.13826922,-0.119719766,-183.89895816363756,-9.183979579854483,-0.036042012,-0.033222906,-0.03463246,0.007572323,0.0036496818,0.0056110024,-692364.9704261847,1.7842031754553318,-692360.137343801,-692362.7354343898
S2-4.9,reactant,[H]c1nc([27H])c2c([H])c(N([H])C(=O)[C:91]([H])=[C:92]([H])[H])c([31H])c([H])c2n1,0,-0.15249376,-0.2762216,-191.01132075954342,-15.549257424763216,0.05205655,0.046710104,0.049383327,-0.0073251873,-0.006626472,-0.0069758296,-416998.50879040896,2.2877056002616882,-416993.8354359182,-416996.97116706596
S2-4.9,intermediate,[H]c1nc([27H])c2c([H])c(N([H])C(=O)[C-:91]([H])[C:92]([H])([H])[S:93]C([H])([H])[H])c([31H])c([H])c2n1,-1,-0.5057133,-0.10497486,-76.4120472304335,70.8378674881226,-0.026727691,0.011945233,-0.0073912293,-0.034251362,0.22984108,0.09779486,-692003.9753704031,2.59076133929193,-691998.5561701121,-692000.1512819175
S2-4.9,product,[H]c1nc([27H])c2c([H])c(N([H])C(=O)[C:91]([H])([H])[C:92]([H])([H])[S:93]C([H])([H])[H])c([31H])c([H])c2n1,0,-0.14549646,-0.11958897,-185.44458630977024,-11.931960203856322,-0.03190913,-0.025246486,-0.028577808,0.0004980266,-0.0030738264,-0.0012878999,-692365.7202602258,2.639558369293809,-692360.9544149323,-692363.27616705
S2-4.10,reactant,[H]c1nc([27H])c2c([H])c(N([H])C(=O)[C:91]([H])=[C:92]([H])[H])c([31H])c([H])c2n1,0,-0.14436488,-0.27400628,-189.87087865691737,-14.1761222255013,0.053698927,0.046487316,0.05009312,-0.007839918,-0.009404838,-0.008622378,-416998.0806796066,0.5805958807468414,-416995.24418844405,-416996.9886383256
S2-4.10,intermediate,[H]c1nc([27H])c2c([H])c(N([H])C(=O)[C-:91]([H])[C:92]([H])([H])[S:93]C([H])([H])[H])c([31H])c([H])c2n1,-1,-0.48996174,-0.11618254,-74.96458945030957,71.3420300152321,-0.030030943,0.013563536,-0.008233704,-0.04065901,0.22419992,0.091770455,-692003.6980141299,1.9800016060471535,-691997.9155583113,-692000.4981155022
S2-4.10,product,[H]c1nc([27H])c2c([H])c(N([H])C(=O)[C:91]([H])([H])[C:92]([H])([H])[S:93]C([H])([H])[H])c([31H])c([H])c2n1,0,-0.14125118,-0.12522978,-183.9469593646944,-10.167390499187647,-0.03194289,-0.026258484,-0.029100686,0.0006982833,-0.0025282502,-0.00091498345,-692365.6335418985,1.6246982030570507,-692359.610740553,-692362.9751250118
S2-14.1,reactant,[H]c1c([H])c(N([H])C(=O)/[C:91]([H])=[C:92](\[H])C([H])([H])N(C([H])([H])[H])C([H])([H])[H])c([H])c([28H])c1[32H],0,-0.15592244,-0.120418794,-186.66257168707202,10.087062693647237,0.09591866,0.08562708,0.09077287,0.0975723,0.008026138,0.052799217,-409181.7623421945,1.0380241964012384,-409179.2305557924,-409181.0141437967
S2-14.1,intermediate,[H]c1c([H])c(N([H])C(=O)[C-:91]([H])[C:92]([H])(C([H])([H])N(C([H])([H])[H])C([H])([H])[H])[S:93]C([H])([H])[H])c([H])c([28H])c1[32H],-1,-0.45514563,0.0005086368,-61.86329186276641,102.6299856799488,-0.02150553,-0.006117851,-0.013811691,-0.010769546,0.2576888,0.12345962,-684176.1182973773,3.627549087628722,-684167.1520745672,-684170.7361374426
S2-14.1,product,[H]c1c([H])c(N([H])C(=O)[C:91]([H])([H])[C:92]([H])(C([H])([H])N(C([H])([H])[H])C([H])([H])[H])[S:93]C([H])([H])[H])c([H])c([28H])c1[32H],0,-0.14676933,-0.059142344,-173.06946011792417,14.776281042726703,0.008452117,0.0018704087,0.005161263,0.025501877,0.021420926,0.023461401,-684545.5546365905,2.1288287956267595,-684539.131099342,-684542.6599775297
S2-14.2,reactant,[H]c1c([H])c(N([H])C(=O)/[C:91]([H])=[C:92](\[H])C([H])([H])N(C([H])([H])[H])C([H])([H])[H])c([H])c([28H])c1[32H],0,-0.15074055,-0.106070764,-188.5974312832046,7.640196728445241,0.093211,0.022291794,0.0577514,0.12844165,0.019943446,0.07419255,-409180.3400153149,2.746694291010499,-409176.4576669224,-409178.8234012875
S2-14.2,intermediate,[H]c1c([H])c(N([H])C(=O)[C-:91]([H])[C:92]([H])(C([H])([H])N(C([H])([H])[H])C([H])([H])[H])[S:93]C([H])([H])[H])c([H])c([28H])c1[32H],-1,-0.4429629,0.0026716618,-60.142369682963135,102.03981537211324,-0.02762805,-0.014751007,-0.02118953,0.013198882,0.2743631,0.14378098,-684173.9529760792,1.9415657203644514,-684167.4962745807,-684170.364949156
S2-14.2,product,[H]c1c([H])c(N([H])C(=O)[C:91]([H])([H])[C:92]([H])(C([H])([H])N(C([H])([H])[H])C([H])([H])[H])[S:93]C([H])([H])[H])c([H])c([28H])c1[32H],0,-0.13639398,-0.05899573,-173.7143502855845,15.474303672449793,-0.03438451,-0.031479403,-0.032931957,0.026662976,0.020161107,0.023412041,-684546.3017409708,1.825175629928708,-684540.7393181998,-684543.9255624939
S2-14.3,reactant,[H]c1c([H])c(N([H])C(=O)/[C:91]([H])=[C:92](\[H])C([H])([H])N(C([H])([H])[H])C([H])([H])[H])c([H])c([28H])c1[32H],0,-0.18023112,-0.08841256,-185.14761148475642,8.898250190782775,0.09348463,0.052217644,0.07285114,0.13281262,0.02462314,0.07871788,-409180.6556053132,1.92336830124259,-409176.9314089934,-409179.6187959766
S2-14.3,intermediate,[H]c1c([H])c(N([H])C(=O)[C-:91]([H])[C:92]([H])(C([H])([H])N(C([H])([H])[H])C([H])([H])[H])[S:93]C([H])([H])[H])c([H])c([28H])c1[32H],-1,-0.44298792,0.0026026648,-60.15589632263122,102.01325414106755,-0.027436597,-0.014594557,-0.021015577,0.013289273,0.27439764,0.14384346,-684173.9515969689,1.9179161470383406,-684167.6620964059,-684170.3628982401
S2-14.3,product,[H]c1c([H])c(N([H])C(=O)[C:91]([H])([H])[C:92]([H])(C([H])([H])N(C([H])([H])[H])C([H])([H])[H])[S:93]C([H])([H])[H])c([H])c([28H])c1[32H],0,-0.13870613,-0.06344665,-178.246217620494,10.91833700946343,-0.03326626,-0.026301786,-0.029784024,0.0145744085,0.0085145235,0.011544466,-684547.1122111666,1.9721573926508427,-684541.6542201422,-684545.0307074605
S2-14.4,reactant,[H]c1c([H])c(N([H])C(=O)/[C:91]([H])=[C:92](\[H])C([H])([H])N(C([H])([H])[H])C([H])([H])[H])c([H])c([28H])c1[32H],0,-0.15007894,-0.10625792,-187.7781168754378,8.419091274468716,0.09932523,0.022654504,0.060989868,0.12430541,0.017756566,0.07103099,-409180.19270461437,4.387135207653046,-409175.859949716,-409178.8429043256
S2-14.4,intermediate,[H]c1c([H])c(N([H])C(=O)[C-:91]([H])[C:92]([H])(C([H])([H])N(C([H])([H])[H])C([H])([H])[H])[S:93]C([H])([H])[H])c([H])c([28H])c1[32H],-1,-0.452647,-0.023641713,-61.409211744787406,100.21460323400773,-0.031307198,-0.002291264,-0.016799232,-0.0029913485,0.30266902,0.14983884,-684175.1507209593,3.987446006387472,-684167.9137244531,-684171.2327749904
S2-14.4,product,[H]c1c([H])c(N([H])C(=O)[C:91]([H])([H])[C:92]([H])(C([H])([H])N(C([H])([H])[H])C([H])([H])[H])[S:93]C([H])([H])[H])c([H])c([28H])c1[32H],0,-0.13720153,-0.037018135,-173.5615029251126,15.778964797885507,-0.01812521,-0.017325308,-0.017725259,0.035946414,0.017957322,0.026951868,-684543.5273460038,1.8612225912511349,-684538.9279368616,-684541.6989752989
S2-14.5,reactant,[H]c1c([H])c(N([H])C(=O)/[C:91]([H])=[C:92](\[H])C([H])([H])N(C([H])([H])[H])C([H])([H])[H])c([H])c([28H])c1[32H],0,-0.17881393,-0.08348499,-185.38480758013156,7.89757873678229,0.104233295,0.06451102,0.08437216,0.12649268,0.02022086,0.07335677,-409181.31334331154,1.6334575060755014,-409177.35978873505,-409180.4821606718
S2-14.5,intermediate,[H]c1c([H])c(N([H])C(=O)[C-:91]([H])[C:92]([H])(C([H])([H])N(C([H])([H])[H])C([H])([H])[H])[S:93]C([H])([H])[H])c([H])c([28H])c1[32H],-1,-0.47243533,-0.028848415,-62.69566091034415,101.00681626134946,-0.041644424,-0.0017039254,-0.021674175,0.0018712282,0.32492596,0.1633986,-684176.5410814569,2.532227024435997,-684168.9362585101,-684172.5584648699
S2-14.5,product,[H]c1c([H])c(N([H])C(=O)[C:91]([H])([H])[C:92]([H])(C([H])([H])N(C([H])([H])[H])C([H])([H])[H])[S:93]C([H])([H])[H])c([H])c([28H])c1[32H],0,-0.13638754,-0.05909981,-173.71609207375005,15.45717841189654,-0.034410242,-0.03140583,-0.032908037,0.026671529,0.02014134,0.023406435,-684546.2991811443,1.9247017465531826,-684541.0867632277,-684543.902913236
S2-14.6,reactant,[H]c1c([H])c(N([H])C(=O)/[C:91]([H])=[C:92](\[H])C([H])([H])N(C([H])([H])[H])C([H])([H])[H])c([H])c([28H])c1[32H],0,-0.17871162,-0.08362247,-185.39952433644567,7.906037768595388,0.10412571,0.06460168,0.0843637,0.12659428,0.02015388,0.07337408,-409181.31509465893,1.6319475173950195,-409178.1941883471,-409180.4887487302
S2-14.6,intermediate,[H]c1c([H])c(N([H])C(=O)[C-:91]([H])[C:92]([H])(C([H])([H])N(C([H])([H])[H])C([H])([H])[H])[S:93]C([H])([H])[H])c([H])c([28H])c1[32H],-1,-0.44666964,-0.005624112,-59.39752017322347,102.61972774474577,-0.013068829,-0.0005907607,-0.0068297945,-0.019400686,0.26445538,0.122527346,-684172.9638517096,1.5713033378124237,-684167.2732879973,-684169.5533792318
S2-14.6,product,[H]c1c([H])c(N([H])C(=O)[C:91]([H])([H])[C:92]([H])(C([H])([H])N(C([H])([H])[H])C([H])([H])[H])[S:93]C([H])([H])[H])c([H])c([28H])c1[32H],0,-0.14708811,-0.05914773,-173.17192997539385,14.810927908694534,0.007479273,0.000508029,0.003993651,0.025930092,0.021622717,0.023776405,-684545.5873122583,2.2866850960999727,-684540.0413896999,-684542.6730656974
S2-14.7,reactant,[H]c1c([H])c(N([H])C(=O)/[C:91]([H])=[C:92](\[H])C([H])([H])N(C([H])([H])[H])C([H])([H])[H])c([H])c([28H])c1[32H],0,-0.17886318,-0.08351048,-185.3903116703192,7.914641155018052,0.10384891,0.064325936,0.084087424,0.12642722,0.020164058,0.07329564,-409181.3151891295,1.6016941331326962,-409178.14733975363,-409180.49156671565
S2-14.7,intermediate,[H]c1c([H])c(N([H])C(=O)[C-:91]([H])[C:92]([H])(C([H])([H])N(C([H])([H])[H])C([H])([H])[H])[S:93]C([H])([H])[H])c([H])c([28H])c1[32H],-1,-0.5175773,-0.0429348,-64.30738355949484,100.94690936994401,-0.007808745,0.021840785,0.00701602,-0.0045239925,0.32507044,0.16027322,-684174.0797211974,3.349679311737418,-684166.984440382,-684170.1583225484
S2-14.7,product,[H]c1c([H])c(N([H])C(=O)[C:91]([H])([H])[C:92]([H])(C([H])([H])N(C([H])([H])[H])C([H])([H])[H])[S:93]C([H])([H])[H])c([H])c([28H])c1[32H],0,-0.1443753,-0.023126634,-172.561321624242,15.387141849153558,-0.020386832,-0.04308007,-0.03173345,0.027242616,0.024200931,0.025721774,-684543.6564676512,3.8453267756849527,-684537.2291201375,-684540.4729411532
S2-14.8,reactant,[H]c1c([H])c(N([H])C(=O)/[C:91]([H])=[C:92](\[H])C([H])([H])N(C([H])([H])[H])C([H])([H])[H])c([H])c([28H])c1[32H],0,-0.15078773,-0.10497831,-187.78825524135942,8.372676836852927,0.100776464,0.02262114,0.0616988,0.12557943,0.018530905,0.07205517,-409180.1779586577,2.116116860881448,-409176.9461563091,-409178.8906825486
S2-14.8,intermediate,[H]c1c([H])c(N([H])C(=O)[C-:91]([H])[C:92]([H])(C([H])([H])N(C([H])([H])[H])C([H])([H])[H])[S:93]C([H])([H])[H])c([H])c([28H])c1[32H],-1,-0.43565205,0.002199499,-60.86471978554877,102.39829325168495,0.005450257,0.013623893,0.009537076,-0.014384419,0.26747018,0.1265429,-684180.0213602922,2.2402004953473806,-684173.6774597805,-684176.6226396865
S2-14.8,product,[H]c1c([H])c(N([H])C(=O)[C:91]([H])([H])[C:92]([H])(C([H])([H])N(C([H])([H])[H])C([H])([H])[H])[S:93]C([H])([H])[H])c([H])c([28H])c1[32H],0,-0.14251065,-0.031991,-174.99796352736337,15.790730539726122,-0.023619168,-0.029896136,-0.026757652,0.03664753,0.03261807,0.0346328,-684545.8817323534,3.705836120992899,-684540.5066818849,-684544.0019792842
S2-14.9,reactant,[H]c1c([H])c(N([H])C(=O)/[C:91]([H])=[C:92](\[H])C([H])([H])N(C([H])([H])[H])C([H])([H])[H])c([H])c([28H])c1[32H],0,-0.14372836,-0.13514113,-188.01065830695967,9.67204105663718,0.09093094,0.03666328,0.06379711,0.07655661,0.0062243342,0.04139047,-409180.101452287,1.7286229692399502,-409176.64851926244,-409178.8427033394
S2-14.9,intermediate,[H]c1c([H])c(N([H])C(=O)[C-:91]([H])[C:92]([H])(C([H])([H])N(C([H])([H])[H])C([H])([H])[H])[S:93]C([H])([H])[H])c([H])c([28H])c1[32H],-1,-0.388335,-0.047218278,-61.36098992849595,100.99018344749828,0.006232299,0.029572705,0.0179025,-0.03203264,0.27944148,0.123704426,-684175.8995525169,1.9411717895418406,-684170.4319686192,-684173.0210105754
S2-14.9,product,[H]c1c([H])c(N([H])C(=O)[C:91]([H])([H])[C:92]([H])(C([H])([H])N(C([H])([H])[H])C([H])([H])[H])[S:93]C([H])([H])[H])c([H])c([28H])c1[32H],0,-0.13211249,-0.0575664,-175.7079519163079,15.398289268798758,-0.020997625,-0.0129649155,-0.01698127,0.03864059,0.029195845,0.033918217,-684544.7772336199,1.1684814263135195,-684538.5518155328,-684542.972769533
S2-14.10,reactant,[H]c1c([H])c(N([H])C(=O)/[C:91]([H])=[C:92](\[H])C([H])([H])N(C([H])([H])[H])C([H])([H])[H])c([H])c([28H])c1[32H],0,-0.15107767,-0.10437051,-187.69515290586253,8.41775843243044,0.09981582,0.022594206,0.061205015,0.12398632,0.018149719,0.07106802,-409180.1658606706,2.332126919180155,-409175.5590775027,-409178.882170806
S2-14.10,intermediate,[H]c1c([H])c(N([H])C(=O)[C-:91]([H])[C:92]([H])(C([H])([H])N(C([H])([H])[H])C([H])([H])[H])[S:93]C([H])([H])[H])c([H])c([28H])c1[32H],-1,-0.45643416,0.0026049074,-62.22898050308851,102.41354198352303,-0.020017132,-0.0065371087,-0.013277121,-0.013218999,0.26019937,0.123490185,-684176.1426219079,4.001925639808178,-684168.048706356,-684170.6513418555
S2-14.10,product,[H]c1c([H])c(N([H])C(=O)[C:91]([H])([H])[C:92]([H])(C([H])([H])N(C([H])([H])[H])C([H])([H])[H])[S:93]C([H])([H])[H])c([H])c([28H])c1[32H],0,-0.14222024,-0.034982115,-175.9445665363091,16.77889422041866,-0.023471843,-0.032880276,-0.02817606,0.036932513,0.022332259,0.029632386,-684544.1861872273,5.996760502457619,-684536.8123494157,-684540.1691203329
S2-18.1,reactant,[H]c1c([H])c(N([H])C(=O)/[C:91]([H])=[C:92](\[H])C([H])([H])N(C([H])([H])[H])C([H])([H])[H])c([H])c([28H])c1[32H],0,-0.14390166,-0.13511693,-188.002658895469,9.692663567956835,0.090548754,0.036782123,0.063665435,0.07655373,0.006208092,0.041380912,-409180.09186037467,1.6860163882374763,-409175.9869438806,-409178.8309301211
S2-18.1,intermediate,[H]c1c([H])c(N([H])C(=O)[C-:91]([H])[C:92]([H])(C([H])([H])N(C([H])([H])[H])C([H])([H])[H])[S:93]C([H])([H])[H])c([H])c([28H])c1[32H],-1,-0.5131968,-0.019387746,-59.59043234922254,102.22829905678574,-0.0032863356,0.008585261,0.0026494628,0.017151415,0.29382968,0.15549055,-684173.8768901823,2.860141836106777,-684164.621486541,-684168.3416015168
S2-18.1,product,[H]c1c([H])c(N([H])C(=O)[C:91]([H])([H])[C:92]([H])(C([H])([H])N(C([H])([H])[H])C([H])([H])[H])[S:93]C([H])([H])[H])c([H])c([28H])c1[32H],0,-0.14712878,-0.05915418,-173.20403013276632,14.835918681643525,0.0070168637,-7.57277e-05,0.003470568,0.02597873,0.02161564,0.023797184,-684545.5999381167,2.282952208071947,-684539.2048115149,-684542.6655168054
S2-18.2,reactant,[H]c1c([H])c(N([H])C(=O)/[C:91]([H])=[C:92](\[H])C([H])([H])N(C([H])([H])[H])C([H])([H])[H])c([H])c([28H])c1[32H],0,-0.14368889,-0.13518497,-187.9997499776384,9.679363442430933,0.090914235,0.036887176,0.06390071,0.07651386,0.0061914474,0.041352652,-409180.10232806957,1.6914659924805164,-409176.3876502797,-409178.84074575815
S2-18.2,intermediate,[H]c1c([H])c(N([H])C(=O)[C-:91]([H])[C:92]([H])(C([H])([H])N(C([H])([H])[H])C([H])([H])[H])[S:93]C([H])([H])[H])c([H])c([28H])c1[32H],-1,-0.41158628,-0.041784823,-60.786305836340304,102.32181124077147,0.0163755,0.029305939,0.02284072,-0.024857432,0.27621302,0.1256778,-684177.4068970408,2.3787910528481007,-684171.5689498532,-684174.0262603615
S2-18.2,product,[H]c1c([H])c(N([H])C(=O)[C:91]([H])([H])[C:92]([H])(C([H])([H])N(C([H])([H])[H])C([H])([H])[H])[S:93]C([H])([H])[H])c([H])c([28H])c1[32H],0,-0.13168721,-0.05734242,-175.70432153768212,15.471486891387968,-0.020906456,-0.0129623,-0.016934378,0.03802201,0.028676786,0.0333494,-684544.7763306852,1.1576862037181854,-684539.5413528513,-684543.0744118115
S2-18.3,reactant,[H]c1c([H])c(N([H])C(=O)/[C:91]([H])=[C:92](\[H])C([H])([H])N(C([H])([H])[H])C([H])([H])[H])c([H])c([28H])c1[32H],0,-0.14380735,-0.13521655,-187.99221582337745,9.689128076389803,0.090619266,0.036884174,0.06375172,0.07639903,0.0062152445,0.041307136,-409180.0961854245,1.6276312321424484,-409176.67562658223,-409178.84211501124
S2-18.3,intermediate,[H]c1c([H])c(N([H])C(=O)[C-:91]([H])[C:92]([H])(C([H])([H])N(C([H])([H])[H])C([H])([H])[H])[S:93]C([H])([H])[H])c([H])c([28H])c1[32H],-1,-0.41143572,-0.041910067,-60.75793068089026,102.33763274073142,0.016383309,0.029404998,0.022894153,-0.02482289,0.27608842,0.12563276,-684177.4052100894,2.277423018589616,-684171.5553234376,-684174.0732190721
S2-18.3,product,[H]c1c([H])c(N([H])C(=O)[C:91]([H])([H])[C:92]([H])(C([H])([H])N(C([H])([H])[H])C([H])([H])[H])[S:93]C([H])([H])[H])c([H])c([28H])c1[32H],0,-0.12960936,-0.027994562,-174.36538180926397,11.406036626847936,-0.011781545,-0.033356734,-0.022569139,0.019929603,0.006566249,0.013247926,-684541.7898633139,2.758644260466099,-684536.4797872037,-684539.5880382466
S2-18.4,reactant,[H]c1c([H])c(N([H])C(=O)/[C:91]([H])=[C:92](\[H])C([H])([H])N(C([H])([H])[H])C([H])([H])[H])c([H])c([28H])c1[32H],0,-0.14704303,-0.10445973,-187.93641594248245,7.929846884663744,0.09827547,0.022831954,0.06055371,0.131483,0.018570334,0.07502667,-409179.9877482423,2.481253920122981,-409175.57515142724,-409178.8239318923
S2-18.4,intermediate,[H]c1c([H])c(N([H])C(=O)[C-:91]([H])[C:92]([H])(C([H])([H])N(C([H])([H])[H])C([H])([H])[H])[S:93]C([H])([H])[H])c([H])c([28H])c1[32H],-1,-0.41145176,-0.04175769,-60.79699488576437,102.31213361758724,0.016299397,0.029316016,0.022807706,-0.02486363,0.2759164,0.1255264,-684177.4074221159,2.3192745819687843,-684171.188131976,-684174.079326135
S2-18.4,product,[H]c1c([H])c(N([H])C(=O)[C:91]([H])([H])[C:92]([H])(C([H])([H])N(C([H])([H])[H])C([H])([H])[H])[S:93]C([H])([H])[H])c([H])c([28H])c1[32H],0,-0.14253058,-0.052694146,-173.62519443680372,12.794841610703443,-0.0083657205,-0.018360842,-0.013363281,0.027612567,0.021256313,0.02443444,-684543.8389080964,1.7981070820242167,-684538.8523570633,-684541.3577240981
S2-18.5,reactant,[H]c1c([H])c(N([H])C(=O)/[C:91]([H])=[C:92](\[H])C([H])([H])N(C([H])([H])[H])C([H])([H])[H])c([H])c([28H])c1[32H],0,-0.17871916,-0.08368455,-185.39685153532378,7.896094488945717,0.103853315,0.064497195,0.08417525,0.1264852,0.02013214,0.07330867,-409181.3147234031,1.6327826231718063,-409178.42549813644,-409180.4854422095
S2-18.5,intermediate,[H]c1c([H])c(N([H])C(=O)[C-:91]([H])[C:92]([H])(C([H])([H])N(C([H])([H])[H])C([H])([H])[H])[S:93]C([H])([H])[H])c([H])c([28H])c1[32H],-1,-0.51526666,-0.019757068,-59.8063882214938,101.91906864150364,-0.0030311048,0.008506871,0.002737883,0.016003966,0.29469424,0.1553491,-684173.8411363454,2.8862173929810524,-684165.2163530482,-684168.4107783124
S2-18.5,product,[H]c1c([H])c(N([H])C(=O)[C:91]([H])([H])[C:92]([H])(C([H])([H])N(C([H])([H])[H])C([H])([H])[H])[S:93]C([H])([H])[H])c([H])c([28H])c1[32H],0,-0.14208417,-0.039431848,-176.33427040655786,14.820587883730488,-0.03207822,-0.03559815,-0.033838186,0.044293195,0.027792044,0.03604262,-684547.1488740502,2.9993933085352182,-684542.672602003,-684545.4652016159
S2-18.6,reactant,[H]c1c([H])c(N([H])C(=O)/[C:91]([H])=[C:92](\[H])C([H])([H])N(C([H])([H])[H])C([H])([H])[H])c([H])c([28H])c1[32H],0,-0.1283749,-0.09740632,-184.8785701073678,6.679153593125659,0.06668893,0.055089958,0.060889445,0.14694032,-0.004689306,0.07112551,-409179.1996692596,1.464732063934207,-409174.79167781194,-409178.23130101396
S2-18.6,intermediate,[H]c1c([H])c(N([H])C(=O)[C-:91]([H])[C:92]([H])(C([H])([H])N(C([H])([H])[H])C([H])([H])[H])[S:93]C([H])([H])[H])c([H])c([28H])c1[32H],-1,-0.45566043,0.0025917087,-62.27351377509574,102.35720979563969,-0.020514337,-0.006550787,-0.013532562,-0.01278463,0.25847688,0.12284613,-684176.1520886805,4.268136370927095,-684167.2497601333,-684170.7996183856
S2-18.6,product,[H]c1c([H])c(N([H])C(=O)[C:91]([H])([H])[C:92]([H])(C([H])([H])N(C([H])([H])[H])C([H])([H])[H])[S:93]C([H])([H])[H])c([H])c([28H])c1[32H],0,-0.13431355,-0.041660186,-175.17024444225657,14.6585459630049,-0.03355431,-0.035567876,-0.034561094,0.02797407,0.014484309,0.021229189,-684545.5859269587,1.7727642580866814,-684541.3619267327,-684544.0843868763
S2-18.7,reactant,[H]c1c([H])c(N([H])C(=O)/[C:91]([H])=[C:92](\[H])C([H])([H])N(C([H])([H])[H])C([H])([H])[H])c([H])c([28H])c1[32H],0,-0.15013489,-0.1049288,-187.905070862732,8.386860270057182,0.10017607,0.022455312,0.061315693,0.12637305,0.018316343,0.0723447,-409180.13024521794,2.4587705861777067,-409175.9612067925,-409178.908016189
S2-18.7,intermediate,[H]c1c([H])c(N([H])C(=O)[C-:91]([H])[C:92]([H])(C([H])([H])N(C([H])([H])[H])C([H])([H])[H])[S:93]C([H])([H])[H])c([H])c([28H])c1[32H],-1,-0.45574594,0.0017878168,-62.178714262960156,102.46870124073777,-0.02036321,-0.006290304,-0.013326757,-0.0129930675,0.25992066,0.1234638,-684176.1483713726,3.5312192402780056,-684167.4886501918,-684170.6525631696
S2-18.7,product,[H]c1c([H])c(N([H])C(=O)[C:91]([H])([H])[C:92]([H])(C([H])([H])N(C([H])([H])[H])C([H])([H])[H])[S:93]C([H])([H])[H])c([H])c([28H])c1[32H],0,-0.14203224,-0.039742067,-176.37545448338258,14.739987282950802,-0.032894794,-0.035745226,-0.03432001,0.04437934,0.027846165,0.03611275,-684547.1542041727,3.2568046431988478,-684543.0023512554,-684545.4849342591
S2-18.8,reactant,[H]c1c([H])c(N([H])C(=O)/[C:91]([H])=[C:92](\[H])C([H])([H])N(C([H])([H])[H])C([H])([H])[H])c([H])c([28H])c1[32H],0,-0.15580304,-0.10376522,-188.17936597564972,6.471080138938428,0.047993764,0.007710941,0.027852353,0.15911125,0.031747676,0.095429465,-409179.64369300276,1.5373750124126673,-409174.78332231066,-409178.5131799287
S2-18.8,intermediate,[H]c1c([H])c(N([H])C(=O)[C-:91]([H])[C:92]([H])(C([H])([H])N(C([H])([H])[H])C([H])([H])[H])[S:93]C([H])([H])[H])c([H])c([28H])c1[32H],-1,-0.47274005,-0.028845359,-62.305410077198424,101.05358839823843,0.008431919,0.031832833,0.020132376,-0.011355698,0.29368412,0.14116421,-684177.7310693298,2.037321373820305,-684172.610475636,-684174.6717551318
S2-18.8,product,[H]c1c([H])c(N([H])C(=O)[C:91]([H])([H])[C:92]([H])(C([H])([H])N(C([H])([H])[H])C([H])([H])[H])[S:93]C([H])([H])[H])c([H])c([28H])c1[32H],0,-0.13682382,-0.0593161,-173.67510012166278,15.456778480072545,-0.033681415,-0.030426316,-0.032053865,0.02662912,0.020185716,0.023407418,-684546.3019603335,1.796743368729949,-684541.6232372654,-684544.0410101424
S2-18.9,reactant,[H]c1c([H])c(N([H])C(=O)/[C:91]([H])=[C:92](\[H])C([H])([H])N(C([H])([H])[H])C([H])([H])[H])c([H])c([28H])c1[32H],0,-0.1786825,-0.08183163,-184.28872361628692,6.678729701572259,0.06356264,0.037369817,0.05046623,0.16299039,0.034427032,0.09870871,-409181.29180599377,0.8424329031258821,-409178.42020889063,-409180.47473871
S2-18.9,intermediate,[H]c1c([H])c(N([H])C(=O)[C-:91]([H])[C:92]([H])(C([H])([H])N(C([H])([H])[H])C([H])([H])[H])[S:93]C([H])([H])[H])c([H])c([28H])c1[32H],-1,-0.473191,-0.028618554,-62.281397249150835,101.08883383663019,0.008978115,0.032090724,0.020534419,-0.011259586,0.29423255,0.14148647,-684177.8213833334,2.0101596135646105,-684171.8097866712,-684174.577270678
S2-18.9,product,[H]c1c([H])c(N([H])C(=O)[C:91]([H])([H])[C:92]([H])(C([H])([H])N(C([H])([H])[H])C([H])([H])[H])[S:93]C([H])([H])[H])c([H])c([28H])c1[32H],0,-0.1356768,-0.06541115,-172.85006081199452,16.340205718816517,-0.015785877,-0.011983909,-0.013884893,0.01163806,0.009490982,0.010564521,-684548.1506464042,3.043247101828456,-684542.0271082105,-684545.2319149089
S2-18.10,reactant,[H]c1c([H])c(N([H])C(=O)/[C:91]([H])=[C:92](\[H])C([H])([H])N(C([H])([H])[H])C([H])([H])[H])c([H])c([28H])c1[32H],0,-0.17913409,-0.08319471,-185.39362252696483,8.013162912074634,0.10377138,0.0637636,0.083767496,0.12701537,0.020361036,0.0736882,-409181.2948208403,1.140539288520813,-409177.78829088586,-409180.49078677874
S2-18.10,intermediate,[H]c1c([H])c(N([H])C(=O)[C-:91]([H])[C:92]([H])(C([H])([H])N(C([H])([H])[H])C([H])([H])[H])[S:93]C([H])([H])[H])c([H])c([28H])c1[32H],-1,-0.47253612,-0.02890125,-62.33570606390969,101.05746803536654,0.008516997,0.031999335,0.020258166,-0.011489004,0.29337704,0.140944,-684177.7286658396,1.9702439680695534,-684172.2683203047,-684174.6775014673
S2-18.10,product,[H]c1c([H])c(N([H])C(=O)[C:91]([H])([H])[C:92]([H])(C([H])([H])N(C([H])([H])[H])C([H])([H])[H])[S:93]C([H])([H])[H])c([H])c([28H])c1[32H],0,-0.14652024,-0.04646215,-170.7372408181557,17.44287662021677,-0.016222335,-0.019073412,-0.017647874,0.031305134,0.031098686,0.03120191,-684548.2814973892,5.541515490040183,-684542.8722936867,-684545.8590745906
S2-41.1,reactant,[H]c1c([24H])nn([17H])c1N([H])C(=O)[C:91]([H])=[C:92]([H])[H],0,-0.11899229,-0.27045202,-205.47537255771323,10.422679656210175,0.1572187,0.06746438,0.11234154,0.09700968,-0.012317218,0.04234623,-296580.1952282624,0.510332353413105,-296577.1188834582,-296579.21124277054
S2-41.1,intermediate,[H]c1c([24H])nn([17H])c1N([H])C(=O)[C-:91]([H])[C:92]([H])([H])[S:93]C([H])([H])[H],-1,-0.45098987,-0.10276351,-71.22060494884023,113.71006759090372,-0.025776066,0.015705965,-0.00503505,0.050074726,0.2814017,0.16573821,-571586.5345156819,1.2747253328561783,-571580.9180420681,-571583.3412125682
S2-41.1,product,[H]c1c([24H])nn([17H])c1N([H])C(=O)[C:91]([H])([H])[C:92]([H])([H])[S:93]C([H])([H])[H],0,-0.12179601,-0.095870376,-197.9234633661747,19.45301212004192,-0.03959679,-0.05639991,-0.04799835,0.08419275,0.009801313,0.046997033,-571946.6143111169,0.5126619096845388,-571942.6337292687,-571945.2984152363
S2-41.2,reactant,[H]c1c([24H])nn([17H])c1N([H])C(=O)[C:91]([H])=[C:92]([H])[H],0,-0.1302468,-0.27247724,-204.0075592638611,10.843245805363015,0.15722987,0.067170665,0.11220027,0.08547844,-0.004608631,0.040434904,-296575.31620652456,0.5550254750996828,-296572.45286507177,-296574.25333122315
S2-41.2,intermediate,[H]c1c([24H])nn([17H])c1N([H])C(=O)[C-:91]([H])[C:92]([H])([H])[S:93]C([H])([H])[H],-1,-0.434393,-0.10869453,-71.03221138824073,111.62568746985852,-0.024722934,0.019929677,-0.0023966283,0.04073751,0.26864135,0.15468943,-571586.5176837873,1.8879845552146435,-571581.4583935632,-571583.4821187314
S2-41.2,product,[H]c1c([24H])nn([17H])c1N([H])C(=O)[C:91]([H])([H])[C:92]([H])([H])[S:93]C([H])([H])[H],0,-0.13631764,-0.110443674,-197.3043350964564,19.4505636086185,-0.013003461,-0.026062943,-0.019533202,0.025999889,0.00065393746,0.013326913,-571947.6374607696,2.206889873370528,-571942.5609021976,-571944.9401840783
S2-41.3,reactant,[H]c1c([24H])nn([17H])c1N([H])C(=O)[C:91]([H])=[C:92]([H])[H],0,-0.12827651,-0.27076355,-204.2431728475322,11.96572531971781,0.17805529,0.09228264,0.13516897,0.14742364,-0.013334751,0.067044444,-296581.8724411402,0.5164105612784624,-296579.53863082646,-296581.07533026556
S2-41.3,intermediate,[H]c1c([24H])nn([17H])c1N([H])C(=O)[C-:91]([H])[C:92]([H])([H])[S:93]C([H])([H])[H],-1,-0.45318875,-0.102333054,-71.28439281480851,113.90307132111313,-0.02543734,0.01561746,-0.00490994,0.049310595,0.2836157,0.16646314,-571586.541638544,1.3900279570370913,-571581.3856816372,-571583.3243720954
S2-41.3,product,[H]c1c([24H])nn([17H])c1N([H])C(=O)[C:91]([H])([H])[C:92]([H])([H])[S:93]C([H])([H])[H],0,-0.1192076,-0.096663594,-197.68956702913638,19.46853821396136,-0.036792807,-0.052918226,-0.044855516,0.065362416,-0.0022097751,0.03157632,-571946.1529918576,1.7840394526720047,-571942.7179699589,-571944.9889517294
S2-41.4,reactant,[H]c1c([24H])nn([17H])c1N([H])C(=O)[C:91]([H])=[C:92]([H])[H],0,-0.12833838,-0.2707467,-204.23162791962864,11.979009279834184,0.17809632,0.09229615,0.13519624,0.14721788,-0.013297245,0.06696032,-296581.87345180934,0.41086483374238014,-296579.5950860758,-296581.08096218575
S2-41.4,intermediate,[H]c1c([24H])nn([17H])c1N([H])C(=O)[C-:91]([H])[C:92]([H])([H])[S:93]C([H])([H])[H],-1,-0.43497828,-0.10851426,-71.10306090147489,111.70830950816529,-0.024679497,0.019884162,-0.0023976676,0.04162696,0.26909357,0.15536027,-571586.519740077,1.9105706065893173,-571581.2854518581,-571583.4342900371
S2-41.4,product,[H]c1c([24H])nn([17H])c1N([H])C(=O)[C:91]([H])([H])[C:92]([H])([H])[S:93]C([H])([H])[H],0,-0.1360598,-0.1154966,-194.17421833982002,16.550717100303366,-0.020288058,-0.02509471,-0.022691384,0.035755277,0.0071388185,0.021447048,-571944.0788736988,1.2900338601320982,-571939.7850060741,-571941.7236897665
S2-41.5,reactant,[H]c1c([24H])nn([17H])c1N([H])C(=O)[C:91]([H])=[C:92]([H])[H],0,-0.11896487,-0.27047673,-205.47554492391228,10.42084478352773,0.1571933,0.06751937,0.112356335,0.09694066,-0.012345873,0.042297393,-296580.1940027082,0.49176507256925106,-296577.6488081598,-296579.21297627955
S2-41.5,intermediate,[H]c1c([24H])nn([17H])c1N([H])C(=O)[C-:91]([H])[C:92]([H])([H])[S:93]C([H])([H])[H],-1,-0.44281566,-0.106327966,-71.23230870777128,114.12866762158791,0.041653648,0.029009618,0.035331633,0.023367047,0.31187832,0.16762269,-571587.5044361241,1.8761324435472488,-571583.3101597143,-571585.4661906669
S2-41.5,product,[H]c1c([24H])nn([17H])c1N([H])C(=O)[C:91]([H])([H])[C:92]([H])([H])[S:93]C([H])([H])[H],0,-0.12820655,-0.09750266,-196.99658770885966,18.038330365085383,-0.037659835,-0.054202132,-0.04593098,0.06796461,0.0010124743,0.034488544,-571941.6732176676,1.5638110488653183,-571938.4013638516,-571940.2785231601
S2-41.6,reactant,[H]c1c([24H])nn([17H])c1N([H])C(=O)[C:91]([H])=[C:92]([H])[H],0,-0.1260076,-0.27070948,-205.53819661870003,10.793957002075308,0.15795031,0.065695494,0.1118229,0.099094346,-0.009017035,0.045038655,-296580.3264792034,0.8710579890757799,-296577.7453668138,-296579.2228013443
S2-41.6,intermediate,[H]c1c([24H])nn([17H])c1N([H])C(=O)[C-:91]([H])[C:92]([H])([H])[S:93]C([H])([H])[H],-1,-0.46591765,-0.1102096,-69.2525497483791,113.96873327692035,0.025782198,0.02379787,0.024790034,0.018931746,0.33722752,0.17807963,-571579.5960645543,2.6249574907124043,-571575.0580666538,-571576.8225654446
S2-41.6,product,[H]c1c([24H])nn([17H])c1N([H])C(=O)[C:91]([H])([H])[C:92]([H])([H])[S:93]C([H])([H])[H],0,-0.12179357,-0.09590547,-197.91360758749104,19.43991032160487,-0.03951054,-0.05634676,-0.04792865,0.08431673,0.009814441,0.047065586,-571946.6146547633,0.5303689576685429,-571942.0202522953,-571945.2992757856
S2-41.7,reactant,[H]c1c([24H])nn([17H])c1N([H])C(=O)[C:91]([H])=[C:92]([H])[H],0,-0.12565306,-0.27068442,-205.54475910776105,10.758237806167742,0.1579637,0.06579584,0.111879766,0.09900567,-0.0092366785,0.044884495,-296580.3308772665,1.02111722715199,-296577.5320936001,-296579.2210351209
S2-41.7,intermediate,[H]c1c([24H])nn([17H])c1N([H])C(=O)[C-:91]([H])[C:92]([H])([H])[S:93]C([H])([H])[H],-1,-0.41976395,-0.11053436,-69.65882314997084,113.14503246775838,0.017520778,0.026417501,0.02196914,0.022005022,0.31277698,0.167391,-571584.502453478,1.74765133112669,-571580.2424530077,-571582.6218369226
S2-41.7,product,[H]c1c([24H])nn([17H])c1N([H])C(=O)[C:91]([H])([H])[C:92]([H])([H])[S:93]C([H])([H])[H],0,-0.12963314,-0.09559892,-197.07359664086437,18.302708564156593,-0.039439656,-0.05774446,-0.048592057,0.086498395,0.012595423,0.04954691,-571942.1865439216,0.6828241720795631,-571938.1814110612,-571940.6860443844
S2-41.8,reactant,[H]c1c([24H])nn([17H])c1N([H])C(=O)[C:91]([H])=[C:92]([H])[H],0,-0.12821765,-0.27077672,-204.24674103116493,11.964361181983945,0.17794627,0.092237785,0.13509202,0.14750968,-0.013372898,0.06706839,-296581.87140797335,0.43119320273399353,-296579.57429436053,-296581.0799463912
S2-41.8,intermediate,[H]c1c([24H])nn([17H])c1N([H])C(=O)[C-:91]([H])[C:92]([H])([H])[S:93]C([H])([H])[H],-1,-0.44240463,-0.10643469,-71.30563378783894,114.11539718221339,0.041724622,0.029073618,0.03539912,0.023134649,0.3122091,0.16767187,-571587.5062999694,1.8378501292318106,-571582.9989759079,-571585.4816434063
S2-41.8,product,[H]c1c([24H])nn([17H])c1N([H])C(=O)[C:91]([H])([H])[C:92]([H])([H])[S:93]C([H])([H])[H],0,-0.11934817,-0.09643982,-197.65552990051293,19.43418307436874,-0.036984064,-0.0528906,-0.04493733,0.06563313,-0.0019485801,0.031842276,-571946.145466869,1.4402056690305471,-571942.302835862,-571944.9879968363
S2-41.9,reactant,[H]c1c([24H])nn([17H])c1N([H])C(=O)[C:91]([H])=[C:92]([H])[H],0,-0.12574483,-0.27069747,-205.54914331273307,10.790360406134434,0.15810367,0.065742135,0.111922905,0.09925917,-0.009137765,0.0450607,-296580.3294402896,0.8156572114676237,-296577.41599420476,-296579.229419379
S2-41.9,intermediate,[H]c1c([24H])nn([17H])c1N([H])C(=O)[C-:91]([H])[C:92]([H])([H])[S:93]C([H])([H])[H],-1,-0.42026106,-0.11046037,-69.51506826209034,113.15175686058258,0.017499119,0.02635412,0.02192662,0.022211283,0.31213078,0.16717103,-571584.4907375299,1.7606437671929598,-571580.7454669217,-571582.4973685322
S2-41.9,product,[H]c1c([24H])nn([17H])c1N([H])C(=O)[C:91]([H])([H])[C:92]([H])([H])[S:93]C([H])([H])[H],0,-0.119378865,-0.09638446,-197.62142920733044,19.44742181850352,-0.0371955,-0.05290345,-0.045049474,0.06581944,-0.0018999204,0.03195976,-571946.1456997857,1.3217457849532366,-571942.4033024926,-571944.9909577452
S2-41.10,reactant,[H]c1c([24H])nn([17H])c1N([H])C(=O)[C:91]([H])=[C:92]([H])[H],0,-0.12823264,-0.270832,-204.22791946613276,11.960068406765847,0.17792237,0.09226917,0.13509578,0.14750983,-0.0133485645,0.06708063,-296581.8720417104,0.4214809089899063,-296578.6623277372,-296581.08095819305
S2-41.10,intermediate,[H]c1c([24H])nn([17H])c1N([H])C(=O)[C-:91]([H])[C:92]([H])([H])[S:93]C([H])([H])[H],-1,-0.419967,-0.11040871,-69.58151420590517,113.12650080399213,0.017743036,0.026493035,0.022118036,0.022093087,0.31244284,0.16726795,-571584.4974198017,1.7430706694722176,-571580.4126179678,-571582.5125392224
S2-41.10,product,[H]c1c([24H])nn([17H])c1N([H])C(=O)[C:91]([H])([H])[C:92]([H])([H])[S:93]C([H])([H])[H],0,-0.11930673,-0.09662922,-197.6841133398179,19.43193033588789,-0.036999073,-0.052877158,-0.044938117,0.0655773,-0.0020574033,0.031759948,-571946.1461488793,1.2617195472121239,-571942.093599276,-571944.9955690373
S2-16.1,reactant,[H]c1c([H])c(N([H])C(=O)/[C:91]([H])=[C:92](\[H])C([H])([H])N(C([H])([H])[H])C([H])([H])[H])c([H])c([28H])c1[32H],0,-0.1494631,-0.10631408,-186.22834235448846,5.724891656538262,0.0627953,0.014413506,0.0386044,0.16270675,0.029763564,0.096235156,-409179.31311580306,1.6226871255785227,-409174.877625796,-409177.9909827679
S2-16.1,intermediate,[H]c1c([H])c(N([H])C(=O)[C-:91]([H])[C:92]([H])(C([H])([H])N(C([H])([H])[H])C([H])([H])[H])[S:93]C([H])([H])[H])c([H])c([28H])c1[32H],-1,-0.3885079,-0.047400918,-61.453940203990804,100.96632718371004,0.0065329894,0.029976677,0.018254833,-0.031742573,0.27982488,0.124041155,-684175.9161238732,2.1593818813562393,-684170.3852803287,-684173.0385614202
S2-16.1,product,[H]c1c([H])c(N([H])C(=O)[C:91]([H])([H])[C:92]([H])(C([H])([H])N(C([H])([H])[H])C([H])([H])[H])[S:93]C([H])([H])[H])c([H])c([28H])c1[32H],0,-0.13891104,-0.025030652,-173.9503543529615,15.457672577582265,-0.029880898,-0.048343137,-0.039112017,0.034849986,0.018638372,0.02674418,-684543.3620527809,2.4692456908524036,-684538.6063435721,-684541.7948032488
S2-16.2,reactant,[H]c1c([H])c(N([H])C(=O)/[C:91]([H])=[C:92](\[H])C([H])([H])N(C([H])([H])[H])C([H])([H])[H])c([H])c([28H])c1[32H],0,-0.1801392,-0.08841326,-185.1392003255894,8.900694656512309,0.09384928,0.05246908,0.07315918,0.13325657,0.024638444,0.07894751,-409180.66004362685,1.7713808808475733,-409176.44758189726,-409179.6511917922
S2-16.2,intermediate,[H]c1c([H])c(N([H])C(=O)[C-:91]([H])[C:92]([H])(C([H])([H])N(C([H])([H])[H])C([H])([H])[H])[S:93]C([H])([H])[H])c([H])c([28H])c1[32H],-1,-0.44278342,0.0027443802,-60.16501484105488,102.02048495603998,-0.027321056,-0.014579969,-0.020950513,0.013196856,0.2746553,0.14392608,-684173.9539594532,1.949406687170267,-684167.6006485376,-684170.3865679734
S2-16.2,product,[H]c1c([H])c(N([H])C(=O)[C:91]([H])([H])[C:92]([H])(C([H])([H])N(C([H])([H])[H])C([H])([H])[H])[S:93]C([H])([H])[H])c([H])c([28H])c1[32H],0,-0.13851687,-0.06333788,-178.21592694618886,10.916544365808258,-0.033182222,-0.026382983,-0.029782603,0.014509052,0.008442104,0.011475578,-684547.1227508435,2.054289786145091,-684542.8239368737,-684545.1738017171
S2-16.3,reactant,[H]c1c([H])c(N([H])C(=O)/[C:91]([H])=[C:92](\[H])C([H])([H])N(C([H])([H])[H])C([H])([H])[H])c([H])c([28H])c1[32H],0,-0.18016613,-0.088434026,-185.1537418892809,8.839894593029479,0.0925194,0.051421013,0.07197021,0.13358709,0.024822295,0.07920469,-409180.6678645871,2.0430538430809975,-409176.9136660575,-409179.65455813496
S2-16.3,intermediate,[H]c1c([H])c(N([H])C(=O)[C-:91]([H])[C:92]([H])(C([H])([H])N(C([H])([H])[H])C([H])([H])[H])[S:93]C([H])([H])[H])c([H])c([28H])c1[32H],-1,-0.4651926,-0.010600968,-62.84003997478006,102.53595323444439,0.00934914,0.019813558,0.014581349,-0.009352326,0.26674032,0.128694,-684176.8302253585,2.3781329970806837,-684169.6085528898,-684173.1470030077
S2-16.3,product,[H]c1c([H])c(N([H])C(=O)[C:91]([H])([H])[C:92]([H])(C([H])([H])N(C([H])([H])[H])C([H])([H])[H])[S:93]C([H])([H])[H])c([H])c([28H])c1[32H],0,-0.1429946,-0.05830883,-175.50477726443856,14.04404330010798,-0.020359445,-0.029743012,-0.025051229,0.009654373,0.009233281,0.009443827,-684547.5257107099,1.5929213892668486,-684542.7967596134,-684545.8592931716
S2-16.4,reactant,[H]c1c([H])c(N([H])C(=O)/[C:91]([H])=[C:92](\[H])C([H])([H])N(C([H])([H])[H])C([H])([H])[H])c([H])c([28H])c1[32H],0,-0.15628618,-0.11991469,-186.61815052333634,10.12310592300713,0.096889876,0.086002976,0.09144642,0.097474605,0.008119762,0.052797183,-409181.7598131551,0.9379134811460972,-409178.20720647444,-409181.01705237024
S2-16.4,intermediate,[H]c1c([H])c(N([H])C(=O)[C-:91]([H])[C:92]([H])(C([H])([H])N(C([H])([H])[H])C([H])([H])[H])[S:93]C([H])([H])[H])c([H])c([28H])c1[32H],-1,-0.46180588,-0.005291356,-61.42695024206262,102.93114871232451,0.004460399,0.014876228,0.009668313,-0.013166308,0.27559692,0.1312153,-684177.9302022494,2.6372411102056503,-684171.5966818406,-684174.7945080372
S2-16.4,product,[H]c1c([H])c(N([H])C(=O)[C:91]([H])([H])[C:92]([H])(C([H])([H])N(C([H])([H])[H])C([H])([H])[H])[S:93]C([H])([H])[H])c([H])c([28H])c1[32H],0,-0.14199683,-0.03517572,-175.91512937027437,16.708186350766397,-0.024777662,-0.033127636,-0.028952649,0.03698279,0.022269621,0.029626206,-684544.2288863877,6.75591417402029,-684537.7194662503,-684540.1748204085
S2-16.5,reactant,[H]c1c([H])c(N([H])C(=O)/[C:91]([H])=[C:92](\[H])C([H])([H])N(C([H])([H])[H])C([H])([H])[H])c([H])c([28H])c1[32H],0,-0.15063041,-0.104885146,-187.81428312664394,8.368977129829467,0.100700706,0.02259297,0.061646838,0.12556899,0.018463582,0.072016284,-409180.1723528584,2.145622620359063,-409175.68530923163,-409178.89511754265
S2-16.5,intermediate,[H]c1c([H])c(N([H])C(=O)[C-:91]([H])[C:92]([H])(C([H])([H])N(C([H])([H])[H])C([H])([H])[H])[S:93]C([H])([H])[H])c([H])c([28H])c1[32H],-1,-0.45554802,0.0011317458,-62.022893964555315,102.49756682784506,-0.021019418,-0.006169567,-0.013594492,-0.012177587,0.2588203,0.12332136,-684176.124492144,3.6417976953089237,-684169.063900868,-684170.7197067667
S2-16.5,product,[H]c1c([H])c(N([H])C(=O)[C:91]([H])([H])[C:92]([H])(C([H])([H])N(C([H])([H])[H])C([H])([H])[H])[S:93]C([H])([H])[H])c([H])c([28H])c1[32H],0,-0.12745751,-0.04418501,-176.55950350894133,13.399273800150414,-0.025539309,-0.02022272,-0.022881014,0.020934477,0.012095638,0.016515058,-684546.2183258904,1.7003893461078405,-684541.6997459492,-684544.7056600667
S2-16.6,reactant,[H]c1c([H])c(N([H])C(=O)/[C:91]([H])=[C:92](\[H])C([H])([H])N(C([H])([H])[H])C([H])([H])[H])c([H])c([28H])c1[32H],0,-0.1795274,-0.08306414,-185.37712224171972,8.043355618657342,0.10330561,0.06333541,0.083320506,0.1265615,0.020480707,0.0735211,-409181.2969483571,1.1950910612940788,-409178.2590253965,-409180.4903706468
S2-16.6,intermediate,[H]c1c([H])c(N([H])C(=O)[C-:91]([H])[C:92]([H])(C([H])([H])N(C([H])([H])[H])C([H])([H])[H])[S:93]C([H])([H])[H])c([H])c([28H])c1[32H],-1,-0.4764551,-0.031642593,-62.234722230643605,101.60230288175947,-0.010668334,0.020017924,0.004674795,-0.00963226,0.30409467,0.14723122,-684179.6010199888,2.085177255794406,-684173.5119391206,-684176.3479448763
S2-16.6,product,[H]c1c([H])c(N([H])C(=O)[C:91]([H])([H])[C:92]([H])(C([H])([H])N(C([H])([H])[H])C([H])([H])[H])[S:93]C([H])([H])[H])c([H])c([28H])c1[32H],0,-0.13731562,-0.059606902,-173.65110069254325,15.454389309995078,-0.033151463,-0.029890113,-0.031520788,0.026857331,0.020296678,0.023577005,-684546.3060103112,2.1223427578806877,-684540.718969736,-684544.1232101836
S2-16.7,reactant,[H]c1c([H])c(N([H])C(=O)/[C:91]([H])=[C:92](\[H])C([H])([H])N(C([H])([H])[H])C([H])([H])[H])c([H])c([28H])c1[32H],0,-0.15593629,-0.103747144,-188.16553366511707,6.485247574856301,0.047929868,0.007675752,0.02780281,0.15921007,0.031796604,0.09550334,-409179.64308824734,1.4761028997600079,-409175.4124817939,-409178.5235672065
S2-16.7,intermediate,[H]c1c([H])c(N([H])C(=O)[C-:91]([H])[C:92]([H])(C([H])([H])N(C([H])([H])[H])C([H])([H])[H])[S:93]C([H])([H])[H])c([H])c([28H])c1[32H],-1,-0.46233124,-0.004875454,-61.37452289207755,102.87903970032662,0.004152434,0.014626742,0.009389589,-0.013343453,0.27600482,0.13133068,-684177.8910807925,2.7508323565125465,-684171.4551797202,-684174.7262027678
S2-16.7,product,[H]c1c([H])c(N([H])C(=O)[C:91]([H])([H])[C:92]([H])(C([H])([H])N(C([H])([H])[H])C([H])([H])[H])[S:93]C([H])([H])[H])c([H])c([28H])c1[32H],0,-0.14026919,-0.047660857,-174.62634980030694,15.082448715050923,-0.025958354,-0.021870695,-0.023914523,0.025352776,0.023917913,0.024635345,-684542.6519624923,1.607700627297163,-684536.1981348952,-684540.1245741099
S2-16.8,reactant,[H]c1c([H])c(N([H])C(=O)/[C:91]([H])=[C:92](\[H])C([H])([H])N(C([H])([H])[H])C([H])([H])[H])c([H])c([28H])c1[32H],0,-0.14776716,-0.104565606,-187.91538653095324,8.102404363137273,0.09953615,0.022670351,0.06110325,0.12983346,0.018534005,0.07418373,-409179.999221002,2.564707599580288,-409176.28608654713,-409178.85879603826
S2-16.8,intermediate,[H]c1c([H])c(N([H])C(=O)[C-:91]([H])[C:92]([H])(C([H])([H])N(C([H])([H])[H])C([H])([H])[H])[S:93]C([H])([H])[H])c([H])c([28H])c1[32H],-1,-0.47149232,-0.029081212,-62.70693342350873,100.99269133105666,-0.041517455,-0.0014530439,-0.02148525,0.0015515983,0.3242275,0.16288956,-684176.5426061379,2.6426199600100517,-684169.3473284713,-684172.5378453805
S2-16.8,product,[H]c1c([H])c(N([H])C(=O)[C:91]([H])([H])[C:92]([H])(C([H])([H])N(C([H])([H])[H])C([H])([H])[H])[S:93]C([H])([H])[H])c([H])c([28H])c1[32H],0,-0.14250089,-0.032178987,-174.9952137759256,15.785411119558086,-0.023804847,-0.029814523,-0.026809685,0.036435902,0.03252718,0.03448154,-684545.8798936539,3.726939296349883,-684541.359794569,-684543.9870855906
S2-16.9,reactant,[H]c1c([H])c(N([H])C(=O)/[C:91]([H])=[C:92](\[H])C([H])([H])N(C([H])([H])[H])C([H])([H])[H])c([H])c([28H])c1[32H],0,-0.17884734,-0.08344639,-185.41706765835374,7.949996684203619,0.103929155,0.06389623,0.08391269,0.1266518,0.02035898,0.07350539,-409181.29518812156,1.291856162250042,-409177.6599418986,-409180.48025240545
S2-16.9,intermediate,[H]c1c([H])c(N([H])C(=O)[C-:91]([H])[C:92]([H])(C([H])([H])N(C([H])([H])[H])C([H])([H])[H])[S:93]C([H])([H])[H])c([H])c([28H])c1[32H],-1,-0.45453605,-0.03706438,-60.617077880124505,100.88127263067898,-0.0044639558,0.019242099,0.0073890714,-0.0014069378,0.2987758,0.14868441,-684168.7512242427,4.233027229085565,-684160.9687864508,-684164.4109069401
S2-16.9,product,[H]c1c([H])c(N([H])C(=O)[C:91]([H])([H])[C:92]([H])(C([H])([H])N(C([H])([H])[H])C([H])([H])[H])[S:93]C([H])([H])[H])c([H])c([28H])c1[32H],0,-0.13627683,-0.05892579,-173.71538035847644,15.468460314537419,-0.03457691,-0.031657163,-0.033117037,0.026569933,0.020129196,0.023349565,-684546.2934758181,1.8101950157433748,-684540.3057569034,-684543.9848238024
S2-16.10,reactant,[H]c1c([H])c(N([H])C(=O)/[C:91]([H])=[C:92](\[H])C([H])([H])N(C([H])([H])[H])C([H])([H])[H])c([H])c([28H])c1[32H],0,-0.15521848,-0.10789055,-187.67732911922926,7.944916445887619,0.071624056,0.009520374,0.040572215,0.120159686,0.019796208,0.06997795,-409178.719736233,1.0395551230758429,-409175.2147666524,-409177.57249573234
S2-16.10,intermediate,[H]c1c([H])c(N([H])C(=O)[C-:91]([H])[C:92]([H])(C([H])([H])N(C([H])([H])[H])C([H])([H])[H])[S:93]C([H])([H])[H])c([H])c([28H])c1[32H],-1,-0.47343943,-0.028676583,-62.27168973410766,101.09652704453076,0.009061119,0.03212396,0.02059254,-0.011329204,0.29442355,0.14154717,-684177.8265055525,2.034768048673868,-684170.9628254564,-684174.5983061371
S2-16.10,product,[H]c1c([H])c(N([H])C(=O)[C:91]([H])([H])[C:92]([H])(C([H])([H])N(C([H])([H])[H])C([H])([H])[H])[S:93]C([H])([H])[H])c([H])c([28H])c1[32H],0,-0.13704817,-0.05964749,-173.65348356630827,15.443134824346483,-0.033185877,-0.029822234,-0.031504057,0.026895508,0.020287097,0.023591302,-684546.3103771292,2.0913516841828823,-684541.4827090106,-684544.0016251935
S2-43.1,reactant,[H]c1c([H])c([24H])c([H])c(N([H])C(=O)[C:91]([H])=[C:92]([H])[H])c1[H],0,-0.15201342,-0.2768659,-201.75235581095868,12.893974956011055,0.16323641,0.095310524,0.12927347,0.089453846,-0.0024261177,0.043513864,-300375.382031093,0.7351781670004129,-300372.981322851,-300374.7894558611
S2-43.1,intermediate,[H]c1c([H])c([24H])c([H])c(N([H])C(=O)[C-:91]([H])[C:92]([H])([H])[S:93]C([H])([H])[H])c1[H],-1,-0.5036331,-0.10414726,-67.03813787313113,116.20077196164762,-0.018756472,0.023122184,0.0021828562,-0.0046052635,0.31460196,0.15499836,-575372.7050514808,3.5956171303987503,-575365.8183069399,-575368.3545015556
S2-43.1,product,[H]c1c([H])c([24H])c([H])c(N([H])C(=O)[C:91]([H])([H])[C:92]([H])([H])[S:93]C([H])([H])[H])c1[H],0,-0.1342865,-0.102072775,-192.88602144188746,18.9496946901797,-0.04474725,-0.047203496,-0.045975372,0.040105805,0.007130146,0.023617975,-575740.3072886773,1.1045413725078106,-575737.0831192485,-575739.335886903
S2-43.2,reactant,[H]c1c([H])c([24H])c([H])c(N([H])C(=O)[C:91]([H])=[C:92]([H])[H])c1[H],0,-0.15196729,-0.2769248,-201.7527184986402,12.895321209980942,0.16310894,0.09532307,0.12921602,0.08945498,-0.0024772733,0.043488853,-300375.3820753915,0.7090917937457561,-300373.38280139613,-300374.7905986367
S2-43.2,intermediate,[H]c1c([H])c([24H])c([H])c(N([H])C(=O)[C-:91]([H])[C:92]([H])([H])[S:93]C([H])([H])[H])c1[H],-1,-0.47492996,-0.11213089,-64.97091750884074,114.74317448219426,-0.009264134,0.023388006,0.007061936,-0.021786839,0.33142826,0.15482071,-575374.3009140918,1.968833802267909,-575369.4902049481,-575371.7761345053
S2-43.2,product,[H]c1c([H])c([24H])c([H])c(N([H])C(=O)[C:91]([H])([H])[C:92]([H])([H])[S:93]C([H])([H])[H])c1[H],0,-0.13430575,-0.10225743,-192.88444851043417,18.956796207715204,-0.04471697,-0.047230035,-0.045973502,0.04013902,0.0070717484,0.023605384,-575740.3041276106,1.0503997821360826,-575737.376669407,-575739.331213955
S2-43.3,reactant,[H]c1c([H])c([24H])c([H])c(N([H])C(=O)[C:91]([H])=[C:92]([H])[H])c1[H],0,-0.14967759,-0.2789295,-202.52595085382785,12.030848076955902,0.13311833,0.06634115,0.09972974,0.06107703,0.0012913644,0.031184196,-300374.33826915926,0.8664185497909784,-300371.6368377045,-300373.43213100184
S2-43.3,intermediate,[H]c1c([H])c([24H])c([H])c(N([H])C(=O)[C-:91]([H])[C:92]([H])([H])[S:93]C([H])([H])[H])c1[H],-1,-0.4751981,-0.11225618,-64.97941039062155,114.73391064824162,-0.009347431,0.023330897,0.006991733,-0.021667838,0.3314371,0.15488464,-575374.3003533784,1.8757101856172085,-575369.5624035913,-575371.792915576
S2-43.3,product,[H]c1c([H])c([24H])c([H])c(N([H])C(=O)[C:91]([H])([H])[C:92]([H])([H])[S:93]C([H])([H])[H])c1[H],0,-0.13440493,-0.10226868,-192.8800416724291,18.952633544920214,-0.04480296,-0.047257856,-0.04603041,0.040137827,0.0071499646,0.023643896,-575740.3050615102,1.132989687845111,-575737.1051088339,-575739.3368451891
S2-43.4,reactant,[H]c1c([H])c([24H])c([H])c(N([H])C(=O)[C:91]([H])=[C:92]([H])[H])c1[H],0,-0.1520595,-0.27692324,-201.74540886843502,12.88753549882159,0.16317081,0.09532748,0.12924916,0.089395374,-0.002396077,0.04349965,-300375.38165602385,0.6839648466557264,-300373.56839979714,-300374.78928834834
S2-43.4,intermediate,[H]c1c([H])c([24H])c([H])c(N([H])C(=O)[C-:91]([H])[C:92]([H])([H])[S:93]C([H])([H])[H])c1[H],-1,-0.47530767,-0.11237592,-64.81728002361477,114.81534663908651,-0.0101632625,0.02280648,0.006321609,-0.021944374,0.33095965,0.15450764,-575374.3104357758,2.0580939892679453,-575369.2414007112,-575371.4901902229
S2-43.4,product,[H]c1c([H])c([24H])c([H])c(N([H])C(=O)[C:91]([H])([H])[C:92]([H])([H])[S:93]C([H])([H])[H])c1[H],0,-0.13419029,-0.102171406,-193.6311683830314,19.428151909899825,-0.048054937,-0.050562322,-0.049308628,0.055963233,0.019734047,0.03784864,-575740.626163287,0.4618390928953886,-575737.4368426884,-575739.5424168943
S2-43.5,reactant,[H]c1c([H])c([24H])c([H])c(N([H])C(=O)[C:91]([H])=[C:92]([H])[H])c1[H],0,-0.15198742,-0.2769283,-201.74995562248122,12.890168893228985,0.1631043,0.09532428,0.12921429,0.089448065,-0.002455756,0.043496154,-300375.38183704537,0.7115424443036318,-300373.1509017593,-300374.7889932178
S2-43.5,intermediate,[H]c1c([H])c([24H])c([H])c(N([H])C(=O)[C-:91]([H])[C:92]([H])([H])[S:93]C([H])([H])[H])c1[H],-1,-0.47483754,-0.112088114,-65.01031693574569,114.73570561466403,-0.0091641545,0.02337493,0.0071053877,-0.021775752,0.33148527,0.15485477,-575374.29848341,1.9312182161957026,-575369.1065952347,-575371.8415813863
S2-43.5,product,[H]c1c([H])c([24H])c([H])c(N([H])C(=O)[C:91]([H])([H])[C:92]([H])([H])[S:93]C([H])([H])[H])c1[H],0,-0.14268981,-0.10828424,-193.26770235912664,18.89134200303738,-0.028238006,-0.036968045,-0.032603025,0.035488993,0.020599857,0.028044425,-575740.6023688356,3.0947099793702364,-575736.5768065546,-575738.6590103641
S2-43.6,reactant,[H]c1c([H])c([24H])c([H])c(N([H])C(=O)[C:91]([H])=[C:92]([H])[H])c1[H],0,-0.14380856,-0.27821404,-202.76301087310628,11.942144668951348,0.13250276,0.06721437,0.09985857,0.06002131,-0.0014576912,0.02928181,-300374.07896884833,0.5331750474870205,-300371.56244508066,-300373.4151999828
S2-43.6,intermediate,[H]c1c([H])c([24H])c([H])c(N([H])C(=O)[C-:91]([H])[C:92]([H])([H])[S:93]C([H])([H])[H])c1[H],-1,-0.5035549,-0.10435168,-67.13329488579554,116.14871418803055,-0.018568486,0.023446508,0.002439011,-0.0039493144,0.31352428,0.15478748,-575372.7055529312,3.520870564505458,-575365.4737242287,-575368.3273596435
S2-43.6,product,[H]c1c([H])c([24H])c([H])c(N([H])C(=O)[C:91]([H])([H])[C:92]([H])([H])[S:93]C([H])([H])[H])c1[H],0,-0.13427758,-0.10201166,-192.85207022519788,18.972967977985896,-0.04482833,-0.047268517,-0.046048425,0.040074557,0.0070840567,0.023579307,-575740.3043181472,1.1054800264537334,-575736.6873855072,-575739.3327821229
S2-43.7,reactant,[H]c1c([H])c([24H])c([H])c(N([H])C(=O)[C:91]([H])=[C:92]([H])[H])c1[H],0,-0.1521014,-0.2769428,-201.753432676532,12.89378447273941,0.16306433,0.09530233,0.12918332,0.08929226,-0.0023760349,0.04345811,-300375.38157121243,0.6902795005589724,-300372.75704546314,-300374.7894779062
S2-43.7,intermediate,[H]c1c([H])c([24H])c([H])c(N([H])C(=O)[C-:91]([H])[C:92]([H])([H])[S:93]C([H])([H])[H])c1[H],-1,-0.4511048,-0.11452846,-63.64178577991783,113.5061028591635,-0.024063557,0.018912233,-0.002575662,-0.01891753,0.33669138,0.15888692,-575371.2053817958,2.1387772038578987,-575366.1833181893,-575368.6788982458
S2-43.7,product,[H]c1c([H])c([24H])c([H])c(N([H])C(=O)[C:91]([H])([H])[C:92]([H])([H])[S:93]C([H])([H])[H])c1[H],0,-0.14281888,-0.10827728,-193.32413381005244,18.86343713987036,-0.027770236,-0.03705255,-0.032411393,0.035612315,0.020564228,0.028088272,-575740.6021572709,3.146794533357024,-575736.6951103378,-575738.7137179121
S2-43.8,reactant,[H]c1c([H])c([24H])c([H])c(N([H])C(=O)[C:91]([H])=[C:92]([H])[H])c1[H],0,-0.15201789,-0.27691177,-201.75030688932426,12.903035714486604,0.16310313,0.09529258,0.12919787,0.089383125,-0.0024273396,0.043477893,-300375.3822127086,0.7069275826215744,-300373.5507727985,-300374.7883161163
S2-43.8,intermediate,[H]c1c([H])c([24H])c([H])c(N([H])C(=O)[C-:91]([H])[C:92]([H])([H])[S:93]C([H])([H])[H])c1[H],-1,-0.4747822,-0.112122744,-64.98631549267198,114.74604811547343,-0.009154931,0.02339252,0.007118795,-0.021724671,0.33133656,0.15480593,-575374.3001593363,1.9429701585322618,-575368.893922458,-575371.8678031851
S2-43.8,product,[H]c1c([H])c([24H])c([H])c(N([H])C(=O)[C:91]([H])([H])[C:92]([H])([H])[S:93]C([H])([H])[H])c1[H],0,-0.13440242,-0.10226795,-192.87584050205123,18.95217805217201,-0.04484528,-0.04729806,-0.04607167,0.040136382,0.0071772784,0.02365683,-575740.3012774682,1.1215197779238224,-575736.6988308252,-575739.3328599202
S2-43.9,reactant,[H]c1c([H])c([24H])c([H])c(N([H])C(=O)[C:91]([H])=[C:92]([H])[H])c1[H],0,-0.14939596,-0.27896982,-202.50657525591777,12.040932484198752,0.13310307,0.06644538,0.09977423,0.060976386,0.0011539161,0.031065151,-300374.3390270704,0.8618640806525946,-300371.8284082839,-300373.4338161619
S2-43.9,intermediate,[H]c1c([H])c([24H])c([H])c(N([H])C(=O)[C-:91]([H])[C:92]([H])([H])[S:93]C([H])([H])[H])c1[H],-1,-0.47514266,-0.11206998,-64.968900448388,114.72962771254804,-0.009160131,0.023472503,0.007156186,-0.021876782,0.33174136,0.15493229,-575374.3016422171,2.0223912429064512,-575369.2927844877,-575371.845427487
S2-43.9,product,[H]c1c([H])c([24H])c([H])c(N([H])C(=O)[C:91]([H])([H])[C:92]([H])([H])[S:93]C([H])([H])[H])c1[H],0,-0.1343711,-0.102079935,-192.86906973735685,18.98119478358067,-0.04476673,-0.04734593,-0.04605633,0.04004462,0.007139668,0.023592144,-575740.306238845,1.2011048421263695,-575735.875313948,-575739.336401121
S2-43.10,reactant,[H]c1c([H])c([24H])c([H])c(N([H])C(=O)[C:91]([H])=[C:92]([H])[H])c1[H],0,-0.14367801,-0.27823228,-202.7627660326604,11.93562546019062,0.13256955,0.06731464,0.099942096,0.059902295,-0.0015306026,0.029185846,-300374.0792435596,0.5571345202624798,-300372.1547274658,-300373.4145473245
S2-43.10,intermediate,[H]c1c([H])c([24H])c([H])c(N([H])C(=O)[C-:91]([H])[C:92]([H])([H])[S:93]C([H])([H])[H])c1[H],-1,-0.45065585,-0.11499353,-63.6691895232755,113.41078528696605,-0.02436702,0.018956587,-0.0027052164,-0.019425541,0.33668143,0.15862793,-575371.1989340824,1.6510796006768942,-575367.4147885129,-575368.771396499
S2-43.10,product,[H]c1c([H])c([24H])c([H])c(N([H])C(=O)[C:91]([H])([H])[C:92]([H])([H])[S:93]C([H])([H])[H])c1[H],0,-0.13439356,-0.102127925,-192.8466704863785,18.982175915690856,-0.044748086,-0.047315806,-0.046031944,0.0400694,0.0071602464,0.023614824,-575740.3017720729,1.1234395410865545,-575737.3005876865,-575739.3320601431
S2-36.1,reactant,[H]c1c([H])c([27H])c([H])c(N([H])C(=O)/[C:91]([H])=[C:92](\[H])C([H])([H])N(C([H])([H])[H])C([H])([H])[H])c1[H],0,-0.17859884,-0.08189458,-184.3020262904221,6.65362325402692,0.06317498,0.03724052,0.05020775,0.16343959,0.03458035,0.09900997,-409181.2898628547,0.778367169201374,-409177.6451312703,-409180.47927887744
S2-36.1,intermediate,[H]c1c([H])c([27H])c([H])c(N([H])C(=O)[C-:91]([H])[C:92]([H])(C([H])([H])N(C([H])([H])[H])C([H])([H])[H])[S:93]C([H])([H])[H])c1[H],-1,-0.4755949,-0.03167525,-62.52146494497485,101.58483874249697,-0.01021684,0.02016668,0.004974921,-0.009722203,0.30545846,0.14786813,-684179.5903105394,1.8323270305991173,-684174.277452911,-684176.5291998346
S2-36.1,product,[H]c1c([H])c([27H])c([H])c(N([H])C(=O)[C:91]([H])([H])[C:92]([H])(C([H])([H])N(C([H])([H])[H])C([H])([H])[H])[S:93]C([H])([H])[H])c1[H],0,-0.14210008,-0.03947932,-176.33432378079058,14.84816824045202,-0.03217091,-0.035537284,-0.033854097,0.044355527,0.027826302,0.036090914,-684547.1466323812,3.0189180094748735,-684542.8093564442,-684545.4756341709
S2-36.2,reactant,[H]c1c([H])c([27H])c([H])c(N([H])C(=O)/[C:91]([H])=[C:92](\[H])C([H])([H])N(C([H])([H])[H])C([H])([H])[H])c1[H],0,-0.15563218,-0.10377704,-188.1825701016993,6.470419631172722,0.048019104,0.007820964,0.027920034,0.15924297,0.031642042,0.0954425,-409179.64556771383,1.481621142476797,-409176.91695709655,-409178.5117014613
S2-36.2,intermediate,[H]c1c([H])c([27H])c([H])c(N([H])C(=O)[C-:91]([H])[C:92]([H])(C([H])([H])N(C([H])([H])[H])C([H])([H])[H])[S:93]C([H])([H])[H])c1[H],-1,-0.5110243,-0.036422446,-64.34152631710502,101.33605168556586,-0.022862634,0.0053006243,-0.008781005,0.0041983724,0.33480403,0.1695012,-684174.60739115,2.082173775881529,-684166.3981417073,-684168.9903491016
S2-36.2,product,[H]c1c([H])c([27H])c([H])c(N([H])C(=O)[C:91]([H])([H])[C:92]([H])(C([H])([H])N(C([H])([H])[H])C([H])([H])[H])[S:93]C([H])([H])[H])c1[H],0,-0.14159258,-0.047494814,-176.54336998257534,13.6321140460656,-0.018446116,-0.008743107,-0.013594612,0.01289013,0.012263149,0.01257664,-684546.5201016848,4.745020652189851,-684540.7102094688,-684543.2887332744
S2-36.3,reactant,[H]c1c([H])c([27H])c([H])c(N([H])C(=O)/[C:91]([H])=[C:92](\[H])C([H])([H])N(C([H])([H])[H])C([H])([H])[H])c1[H],0,-0.14379942,-0.13526687,-187.98847328899626,9.68407252038038,0.090633154,0.037087224,0.06386019,0.076364905,0.0060549676,0.041209936,-409180.0987732225,1.6192447263747454,-409175.1747228359,-409178.8438810622
S2-36.3,intermediate,[H]c1c([H])c([27H])c([H])c(N([H])C(=O)[C-:91]([H])[C:92]([H])(C([H])([H])N(C([H])([H])[H])C([H])([H])[H])[S:93]C([H])([H])[H])c1[H],-1,-0.51741785,-0.04287103,-64.2829129581304,100.93804486872985,-0.007666286,0.021809433,0.0070715733,-0.004452646,0.3252081,0.16037773,-684174.0705697954,3.250606756657362,-684167.3999981278,-684170.1523280148
S2-36.3,product,[H]c1c([H])c([27H])c([H])c(N([H])C(=O)[C:91]([H])([H])[C:92]([H])(C([H])([H])N(C([H])([H])[H])C([H])([H])[H])[S:93]C([H])([H])[H])c1[H],0,-0.13860227,-0.06344548,-178.21164669576757,10.896302183187444,-0.03309855,-0.02620022,-0.029649384,0.014478192,0.008434579,0.011456385,-684547.1189767346,2.0345348678529263,-684542.3555113696,-684545.1064153884
S2-36.4,reactant,[H]c1c([H])c([27H])c([H])c(N([H])C(=O)/[C:91]([H])=[C:92](\[H])C([H])([H])N(C([H])([H])[H])C([H])([H])[H])c1[H],0,-0.15992896,-0.103634775,-188.3357447152992,7.756134163099987,0.08568773,0.020468913,0.05307832,0.12419121,0.022941321,0.073566265,-409180.42690544133,1.5619661062955856,-409177.2178130589,-409179.16511674825
S2-36.4,intermediate,[H]c1c([H])c([27H])c([H])c(N([H])C(=O)[C-:91]([H])[C:92]([H])(C([H])([H])N(C([H])([H])[H])C([H])([H])[H])[S:93]C([H])([H])[H])c1[H],-1,-0.51343554,-0.019509474,-59.61732676619693,102.13977155198415,-0.003031861,0.008651082,0.0028096107,0.016698897,0.2937795,0.1552392,-684173.8700282689,2.794685374945402,-684165.3474206512,-684168.4977988607
S2-36.4,product,[H]c1c([H])c([27H])c([H])c(N([H])C(=O)[C:91]([H])([H])[C:92]([H])(C([H])([H])N(C([H])([H])[H])C([H])([H])[H])[S:93]C([H])([H])[H])c1[H],0,-0.13855277,-0.0633343,-178.19191326309584,10.914833954841091,-0.033117175,-0.026271783,-0.029694479,0.014438704,0.008382216,0.01141046,-684547.122504788,2.0820994321256876,-684542.5369839963,-684545.0783442038
S2-36.5,reactant,[H]c1c([H])c([27H])c([H])c(N([H])C(=O)/[C:91]([H])=[C:92](\[H])C([H])([H])N(C([H])([H])[H])C([H])([H])[H])c1[H],0,-0.1493957,-0.10647349,-186.22950157791934,5.7283484730171335,0.06279677,0.01451885,0.03865781,0.1626985,0.029673837,0.096186176,-409179.3113944934,1.637208765372634,-409175.982750527,-409177.9919981211
S2-36.5,intermediate,[H]c1c([H])c([27H])c([H])c(N([H])C(=O)[C-:91]([H])[C:92]([H])(C([H])([H])N(C([H])([H])[H])C([H])([H])[H])[S:93]C([H])([H])[H])c1[H],-1,-0.43757284,-0.014680631,-59.46724830524804,103.29914912651277,-0.007480222,0.007545045,3.2411655e-05,-0.014261305,0.28819394,0.13696632,-684179.070480316,2.302293125540018,-684172.1490680047,-684174.3242377767
S2-36.5,product,[H]c1c([H])c([27H])c([H])c(N([H])C(=O)[C:91]([H])([H])[C:92]([H])(C([H])([H])N(C([H])([H])[H])C([H])([H])[H])[S:93]C([H])([H])[H])c1[H],0,-0.13210262,-0.05772841,-175.70313530557004,15.382277468539504,-0.020883448,-0.0128271505,-0.0168553,0.038078874,0.029053733,0.033566304,-684544.7849912624,1.1138208732008934,-684540.1532755287,-684543.0930091174
S2-36.6,reactant,[H]c1c([H])c([27H])c([H])c(N([H])C(=O)/[C:91]([H])=[C:92](\[H])C([H])([H])N(C([H])([H])[H])C([H])([H])[H])c1[H],0,-0.15494725,-0.10527248,-188.4595905912189,7.5540198943598496,0.08892038,0.022183329,0.055551853,0.1279062,0.021855757,0.07488098,-409180.43550838175,4.3560716565698385,-409176.17659572314,-409178.8535957279
S2-36.6,intermediate,[H]c1c([H])c([27H])c([H])c(N([H])C(=O)[C-:91]([H])[C:92]([H])(C([H])([H])N(C([H])([H])[H])C([H])([H])[H])[S:93]C([H])([H])[H])c1[H],-1,-0.45102507,-0.01054558,-65.34709524924392,101.0477047939606,-0.012871439,0.0085597625,-0.002155838,-0.013877809,0.28289187,0.13450703,-684178.1333727217,6.120739681646228,-684169.6167818586,-684171.5537683894
S2-36.6,product,[H]c1c([H])c([27H])c([H])c(N([H])C(=O)[C:91]([H])([H])[C:92]([H])(C([H])([H])N(C([H])([H])[H])C([H])([H])[H])[S:93]C([H])([H])[H])c1[H],0,-0.14202608,-0.039433565,-176.3299421967443,14.845729805175536,-0.03222297,-0.035567287,-0.033895127,0.044398963,0.027850479,0.03612472,-684547.1461932117,3.0999784097075462,-684542.5422183711,-684545.4937068339
S2-36.7,reactant,[H]c1c([H])c([27H])c([H])c(N([H])C(=O)/[C:91]([H])=[C:92](\[H])C([H])([H])N(C([H])([H])[H])C([H])([H])[H])c1[H],0,-0.14375006,-0.13518406,-188.0019187883573,9.666823627066336,0.09036189,0.03674654,0.06355421,0.076530844,0.006201163,0.041366003,-409180.09519730834,1.5727933831512928,-409176.2474116465,-409178.83836855536
S2-36.7,intermediate,[H]c1c([H])c([27H])c([H])c(N([H])C(=O)[C-:91]([H])[C:92]([H])(C([H])([H])N(C([H])([H])[H])C([H])([H])[H])[S:93]C([H])([H])[H])c1[H],-1,-0.45855588,-0.024261924,-60.438879832550626,100.60558927402917,-0.0140860425,0.0131843025,-0.00045087002,-0.0048258007,0.30691022,0.15104221,-684176.198022902,2.517412470653653,-684171.641165608,-684173.9268827763
S2-36.7,product,[H]c1c([H])c([27H])c([H])c(N([H])C(=O)[C:91]([H])([H])[C:92]([H])(C([H])([H])N(C([H])([H])[H])C([H])([H])[H])[S:93]C([H])([H])[H])c1[H],0,-0.13641234,-0.043594923,-173.8881307309934,16.133912020772893,-0.025038723,-0.020568613,-0.022803668,0.023677498,0.021782473,0.022729985,-684545.2988489408,2.3137192130088806,-684540.6434202151,-684543.4453116268
S2-36.8,reactant,[H]c1c([H])c([27H])c([H])c(N([H])C(=O)/[C:91]([H])=[C:92](\[H])C([H])([H])N(C([H])([H])[H])C([H])([H])[H])c1[H],0,-0.15511702,-0.107892245,-187.67713037267148,7.890944545884513,0.071084574,0.009711757,0.040398166,0.12048794,0.019290537,0.06988924,-409178.72769974056,1.7751522101461887,-409175.01638105424,-409177.42955197504
S2-36.8,intermediate,[H]c1c([H])c([27H])c([H])c(N([H])C(=O)[C-:91]([H])[C:92]([H])(C([H])([H])N(C([H])([H])[H])C([H])([H])[H])[S:93]C([H])([H])[H])c1[H],-1,-0.44015598,-0.018068394,-61.59785935615392,102.36201819292432,-0.0072439844,0.01797863,0.0053673224,-0.01372388,0.27082247,0.1285493,-684179.474216394,2.364990910515189,-684173.0667111803,-684175.6510173026
S2-36.8,product,[H]c1c([H])c([27H])c([H])c(N([H])C(=O)[C:91]([H])([H])[C:92]([H])(C([H])([H])N(C([H])([H])[H])C([H])([H])[H])[S:93]C([H])([H])[H])c1[H],0,-0.14723071,-0.0555152,-174.48764813912493,15.305084741024018,-0.009795856,-0.00067417324,-0.0052350145,0.029165402,0.027281433,0.028223418,-684544.7563302697,4.194715030491352,-684537.973185652,-684541.6150796901
S2-36.9,reactant,[H]c1c([H])c([27H])c([H])c(N([H])C(=O)/[C:91]([H])=[C:92](\[H])C([H])([H])N(C([H])([H])[H])C([H])([H])[H])c1[H],0,-0.17873062,-0.083602175,-185.38177487156815,7.910625085622175,0.10408698,0.06464066,0.084363826,0.12652089,0.020154104,0.073337495,-409181.3145081684,1.651353232562542,-409178.13065367524,-409180.4890925412
S2-36.9,intermediate,[H]c1c([H])c([27H])c([H])c(N([H])C(=O)[C-:91]([H])[C:92]([H])(C([H])([H])N(C([H])([H])[H])C([H])([H])[H])[S:93]C([H])([H])[H])c1[H],-1,-0.45926535,-0.025067776,-60.317498962495286,100.66053550067863,-0.014401587,0.0136383455,-0.0003816206,-0.005092263,0.3077188,0.15131328,-684176.1785575164,2.445740420371294,-684172.152487833,-684174.018881598
S2-36.9,product,[H]c1c([H])c([27H])c([H])c(N([H])C(=O)[C:91]([H])([H])[C:92]([H])(C([H])([H])N(C([H])([H])[H])C([H])([H])[H])[S:93]C([H])([H])[H])c1[H],0,-0.13175589,-0.057339657,-175.74330121008788,15.458415098066471,-0.021051243,-0.013045479,-0.01704836,0.03816639,0.028817043,0.033491716,-684544.7774999851,1.0094581581652164,-684540.5781552485,-684543.0651642799
S2-36.10,reactant,[H]c1c([H])c([27H])c([H])c(N([H])C(=O)/[C:91]([H])=[C:92](\[H])C([H])([H])N(C([H])([H])[H])C([H])([H])[H])c1[H],0,-0.18004307,-0.08861862,-185.1778344606362,8.844413691573354,0.092534676,0.051445246,0.07198996,0.13296399,0.024589986,0.078776985,-409180.6671536208,2.0069426521658897,-409176.9951836817,-409179.63086932665
S2-36.10,intermediate,[H]c1c([H])c([27H])c([H])c(N([H])C(=O)[C-:91]([H])[C:92]([H])(C([H])([H])N(C([H])([H])[H])C([H])([H])[H])[S:93]C([H])([H])[H])c1[H],-1,-0.5123517,-0.018534284,-59.547992001056,102.42372491868905,-0.0032686014,0.008405176,0.0025682873,0.018241704,0.29369548,0.15596859,-684173.889454101,3.046975389122963,-684166.0146356926,-684168.2833063971
S2-36.10,product,[H]c1c([H])c([27H])c([H])c(N([H])C(=O)[C:91]([H])([H])[C:92]([H])(C([H])([H])N(C([H])([H])[H])C([H])([H])[H])[S:93]C([H])([H])[H])c1[H],0,-0.13953133,-0.046139073,-171.9694269991216,16.25317780577309,-0.022597048,-0.024460245,-0.023528647,0.024871543,0.01918564,0.022028591,-684542.9567863274,4.0872768592089415,-684536.481226501,-684539.9269989352
S2-15.1,reactant,[H]c1c([H])c(N([H])C(=O)/[C:91]([H])=[C:92](\[H])C([H])([H])N(C([H])([H])[H])C([H])([H])[H])c([H])c([28H])c1[32H],0,-0.15060353,-0.10499196,-187.81627055329503,8.349669093346174,0.10081945,0.022597164,0.06170831,0.12574804,0.018444106,0.07209607,-409180.1761660219,2.2734256982803345,-409176.5223088691,-409178.8834671556
S2-15.1,intermediate,[H]c1c([H])c(N([H])C(=O)[C-:91]([H])[C:92]([H])(C([H])([H])N(C([H])([H])[H])C([H])([H])[H])[S:93]C([H])([H])[H])c([H])c([28H])c1[32H],-1,-0.4494992,0.0028165071,-58.50500510582857,101.98494351881423,-0.033095084,-0.017542534,-0.025318809,0.021246314,0.2748072,0.14802676,-684173.4209986745,1.799986319616437,-684167.1990717307,-684169.5126317899
S2-15.1,product,[H]c1c([H])c(N([H])C(=O)[C:91]([H])([H])[C:92]([H])(C([H])([H])N(C([H])([H])[H])C([H])([H])[H])[S:93]C([H])([H])[H])c([H])c([28H])c1[32H],0,-0.14194122,-0.035177283,-176.0650588556601,16.85225501054703,-0.024397664,-0.033036098,-0.02871688,0.03710583,0.022344403,0.029725116,-684544.1161518769,5.6478869169950485,-684536.2845398133,-684540.1584482713
S2-15.2,reactant,[H]c1c([H])c(N([H])C(=O)/[C:91]([H])=[C:92](\[H])C([H])([H])N(C([H])([H])[H])C([H])([H])[H])c([H])c([28H])c1[32H],0,-0.15131845,-0.10473883,-187.7074816861594,8.376859390696538,0.09933807,0.022548154,0.06094311,0.123522386,0.018211648,0.07086702,-409180.1878520417,1.7656463421881199,-409176.4667049731,-409178.89145029726
S2-15.2,intermediate,[H]c1c([H])c(N([H])C(=O)[C-:91]([H])[C:92]([H])(C([H])([H])N(C([H])([H])[H])C([H])([H])[H])[S:93]C([H])([H])[H])c([H])c([28H])c1[32H],-1,-0.46186805,-0.025888385,-62.233214575266516,101.74438598572043,-0.0066571683,0.021178916,0.0072608744,-0.010875672,0.286483,0.13780364,-684175.1427630734,2.0414175782352686,-684169.972272061,-684172.7343027317
S2-15.2,product,[H]c1c([H])c(N([H])C(=O)[C:91]([H])([H])[C:92]([H])(C([H])([H])N(C([H])([H])[H])C([H])([H])[H])[S:93]C([H])([H])[H])c([H])c([28H])c1[32H],0,-0.13227706,-0.05769324,-175.71877337227255,15.380383403590365,-0.02089616,-0.01276629,-0.016831225,0.038583025,0.029201373,0.0338922,-684544.7824268589,1.156264815479517,-684540.3126429532,-684543.0328451064
S2-15.3,reactant,[H]c1c([H])c(N([H])C(=O)/[C:91]([H])=[C:92](\[H])C([H])([H])N(C([H])([H])[H])C([H])([H])[H])c([H])c([28H])c1[32H],0,-0.17922325,-0.08323562,-185.3767854492811,7.9623992404432995,0.10421044,0.06463382,0.08442213,0.1262484,0.02042827,0.07333834,-409181.3100720448,1.4731477089226246,-409178.53946051694,-409180.49324013235
S2-15.3,intermediate,[H]c1c([H])c(N([H])C(=O)[C-:91]([H])[C:92]([H])(C([H])([H])N(C([H])([H])[H])C([H])([H])[H])[S:93]C([H])([H])[H])c([H])c([28H])c1[32H],-1,-0.41072235,-0.06365066,-61.7954636064262,102.11035702066036,-0.02194082,0.016433652,-0.0027535837,-0.011952221,0.27846122,0.1332545,-684173.6494222002,2.355832977220416,-684165.7592138661,-684169.625514954
S2-15.3,product,[H]c1c([H])c(N([H])C(=O)[C:91]([H])([H])[C:92]([H])(C([H])([H])N(C([H])([H])[H])C([H])([H])[H])[S:93]C([H])([H])[H])c([H])c([28H])c1[32H],0,-0.14244907,-0.032079782,-174.98394661501672,15.771569013419304,-0.023914054,-0.029919546,-0.0269168,0.036628842,0.03260375,0.034616295,-684545.8787578589,3.630585541948676,-684541.5387436376,-684544.0641383126
S2-15.4,reactant,[H]c1c([H])c(N([H])C(=O)/[C:91]([H])=[C:92](\[H])C([H])([H])N(C([H])([H])[H])C([H])([H])[H])c([H])c([28H])c1[32H],0,-0.14377177,-0.13509454,-188.03503703565298,9.660588877130019,0.09090288,0.036616437,0.063759655,0.07641336,0.006242752,0.041328058,-409180.10309222905,1.7542043942958117,-409175.5821740941,-409178.86376849195
S2-15.4,intermediate,[H]c1c([H])c(N([H])C(=O)[C-:91]([H])[C:92]([H])(C([H])([H])N(C([H])([H])[H])C([H])([H])[H])[S:93]C([H])([H])[H])c([H])c([28H])c1[32H],-1,-0.47546607,-0.02787622,-62.537443551651364,101.5054160665829,-0.043431327,-0.0035104938,-0.02347091,0.0017586052,0.32763422,0.1646964,-684176.5302657695,2.66866403631866,-684170.610086826,-684172.2987439458
S2-15.4,product,[H]c1c([H])c(N([H])C(=O)[C:91]([H])([H])[C:92]([H])(C([H])([H])N(C([H])([H])[H])C([H])([H])[H])[S:93]C([H])([H])[H])c([H])c([28H])c1[32H],0,-0.14118066,-0.047884073,-174.46675410741594,14.669599190735264,-0.026491353,-0.017611269,-0.022051312,0.021743432,0.020176515,0.020959973,-684545.5788968235,4.151240672916174,-684540.4613233303,-684543.0326046026
S2-15.5,reactant,[H]c1c([H])c(N([H])C(=O)/[C:91]([H])=[C:92](\[H])C([H])([H])N(C([H])([H])[H])C([H])([H])[H])c([H])c([28H])c1[32H],0,-0.17890674,-0.08340665,-185.41261611536407,7.914936162059725,0.10417249,0.06463192,0.0844022,0.12659612,0.020365,0.07348056,-409181.3085506505,1.4573544152081013,-409177.01447669097,-409180.49291683565
S2-15.5,intermediate,[H]c1c([H])c(N([H])C(=O)[C-:91]([H])[C:92]([H])(C([H])([H])N(C([H])([H])[H])C([H])([H])[H])[S:93]C([H])([H])[H])c([H])c([28H])c1[32H],-1,-0.43408474,0.0036387115,-60.88515331286261,99.94041769467863,0.011435423,0.012319698,0.011877561,-0.0023258328,0.26890785,0.133291,-684179.6571385761,6.459263492375612,-684169.8635011875,-684172.9330642619
S2-15.5,product,[H]c1c([H])c(N([H])C(=O)[C:91]([H])([H])[C:92]([H])(C([H])([H])N(C([H])([H])[H])C([H])([H])[H])[S:93]C([H])([H])[H])c([H])c([28H])c1[32H],0,-0.14109354,-0.04768651,-174.56953535848083,14.68788366599442,-0.026350174,-0.017964266,-0.02215722,0.021771163,0.020183228,0.020977195,-684545.5867114856,4.082379752770066,-684540.3039064698,-684542.9772067994
S2-15.6,reactant,[H]c1c([H])c(N([H])C(=O)/[C:91]([H])=[C:92](\[H])C([H])([H])N(C([H])([H])[H])C([H])([H])[H])c([H])c([28H])c1[32H],0,-0.14395098,-0.13518366,-187.97807610051302,9.706617237225354,0.090658754,0.03686609,0.06376243,0.07661989,0.006264463,0.04144218,-409180.0915704992,1.754620235413313,-409176.65130889066,-409178.8168212925
S2-15.6,intermediate,[H]c1c([H])c(N([H])C(=O)[C-:91]([H])[C:92]([H])(C([H])([H])N(C([H])([H])[H])C([H])([H])[H])[S:93]C([H])([H])[H])c([H])c([28H])c1[32H],-1,-0.15855198,-0.10973301,-81.60569066312866,75.24607961411144,0.036630638,0.0051711723,0.020900905,0.12550248,0.020526633,0.07301456,-684176.9599301355,4.388722196221352,-684162.4307975725,-684164.3193217136
S2-15.6,product,[H]c1c([H])c(N([H])C(=O)[C:91]([H])([H])[C:92]([H])(C([H])([H])N(C([H])([H])[H])C([H])([H])[H])[S:93]C([H])([H])[H])c([H])c([28H])c1[32H],0,-0.13445732,-0.041878115,-175.24806520795838,14.541853707359198,-0.033414446,-0.035276074,-0.03434526,0.027708769,0.014326006,0.021017388,-684545.5985076887,1.8108435049653053,-684541.0104410633,-684544.11400965
S2-15.7,reactant,[H]c1c([H])c(N([H])C(=O)/[C:91]([H])=[C:92](\[H])C([H])([H])N(C([H])([H])[H])C([H])([H])[H])c([H])c([28H])c1[32H],0,-0.17871715,-0.08175878,-184.27187570682494,6.689395698913775,0.06363113,0.037370615,0.050500873,0.1629623,0.03445795,0.09871013,-409181.2932097642,0.8823853433132172,-409177.12270761176,-409180.4701872959
S2-15.7,intermediate,[H]c1c([H])c(N([H])C(=O)[C-:91]([H])[C:92]([H])(C([H])([H])N(C([H])([H])[H])C([H])([H])[H])[S:93]C([H])([H])[H])c([H])c([28H])c1[32H],-1,-0.4111997,-0.04189341,-60.753843745407515,102.31445020779559,0.016392607,0.029497482,0.022945045,-0.024834752,0.27552658,0.12534592,-684177.3912352248,2.3833991661667824,-684170.7838935804,-684174.0030966646
S2-15.7,product,[H]c1c([H])c(N([H])C(=O)[C:91]([H])([H])[C:92]([H])(C([H])([H])N(C([H])([H])[H])C([H])([H])[H])[S:93]C([H])([H])[H])c([H])c([28H])c1[32H],0,-0.13432537,-0.0418971,-175.21052080108,14.626417039711955,-0.033632886,-0.035329368,-0.034481127,0.028186023,0.014600009,0.021393016,-684545.5800632493,1.7033761963248253,-684540.8508678891,-684544.061570528
S2-15.8,reactant,[H]c1c([H])c(N([H])C(=O)/[C:91]([H])=[C:92](\[H])C([H])([H])N(C([H])([H])[H])C([H])([H])[H])c([H])c([28H])c1[32H],0,-0.14391486,-0.13517727,-187.99013508854867,9.687904898629336,0.09083946,0.036902204,0.06387083,0.07655333,0.0062422305,0.04139778,-409180.1000389015,1.7102769799530506,-409175.26547717315,-409178.8573602268
S2-15.8,intermediate,[H]c1c([H])c(N([H])C(=O)[C-:91]([H])[C:92]([H])(C([H])([H])N(C([H])([H])[H])C([H])([H])[H])[S:93]C([H])([H])[H])c([H])c([28H])c1[32H],-1,-0.46219638,-0.0049192314,-61.41500891682214,102.85304733365717,0.004565163,0.014855653,0.009710409,-0.013199687,0.2759533,0.1313768,-684177.9078369467,2.938884438946843,-684171.799918705,-684174.6367857369
S2-15.8,product,[H]c1c([H])c(N([H])C(=O)[C:91]([H])([H])[C:92]([H])(C([H])([H])N(C([H])([H])[H])C([H])([H])[H])[S:93]C([H])([H])[H])c([H])c([28H])c1[32H],0,-0.13727471,-0.06796234,-176.13841523717008,14.609985879841563,-0.008740943,0.008246157,-0.0002473928,0.025327846,0.023705274,0.02451656,-684545.9338754477,2.8443701416254044,-684539.9624258934,-684542.4810834386
S2-15.9,reactant,[H]c1c([H])c(N([H])C(=O)/[C:91]([H])=[C:92](\[H])C([H])([H])N(C([H])([H])[H])C([H])([H])[H])c([H])c([28H])c1[32H],0,-0.14745869,-0.10431115,-187.89101373724185,8.046450890339717,0.098502204,0.023095213,0.06079871,0.13071974,0.01846914,0.07459444,-409179.9926010988,2.430614475160837,-409175.55664031155,-409178.82459132455
S2-15.9,intermediate,[H]c1c([H])c(N([H])C(=O)[C-:91]([H])[C:92]([H])(C([H])([H])N(C([H])([H])[H])C([H])([H])[H])[S:93]C([H])([H])[H])c([H])c([28H])c1[32H],-1,-0.43940267,-0.019291045,-64.45943294225104,102.48127175627793,-0.0035860278,0.01972632,0.008070146,-0.020160198,0.2804616,0.1301507,-684179.9352564783,5.776385886594653,-684171.6576865189,-684175.7806858605
S2-15.9,product,[H]c1c([H])c(N([H])C(=O)[C:91]([H])([H])[C:92]([H])(C([H])([H])N(C([H])([H])[H])C([H])([H])[H])[S:93]C([H])([H])[H])c([H])c([28H])c1[32H],0,-0.13904195,-0.02497831,-173.9148010608728,15.45541616019116,-0.02993464,-0.048380822,-0.03915773,0.03501305,0.018787503,0.026900277,-684543.3629245034,2.4119198210537434,-684538.1517878163,-684541.7830248986
S2-15.10,reactant,[H]c1c([H])c(N([H])C(=O)/[C:91]([H])=[C:92](\[H])C([H])([H])N(C([H])([H])[H])C([H])([H])[H])c([H])c([28H])c1[32H],0,-0.14380844,-0.13519801,-188.0138484658686,9.673612052325263,0.09092876,0.036790162,0.06385946,0.07637632,0.006268218,0.04132227,-409180.10347518604,1.7845215126872063,-409175.4988261441,-409178.853820145
S2-15.10,intermediate,[H]c1c([H])c(N([H])C(=O)[C-:91]([H])[C:92]([H])(C([H])([H])N(C([H])([H])[H])C([H])([H])[H])[S:93]C([H])([H])[H])c([H])c([28H])c1[32H],-1,-0.43424183,0.0036292595,-60.89379871497065,99.93586065114361,0.011371851,0.012183022,0.011777436,-0.002012074,0.2692048,0.13359636,-684179.655087155,6.360292721539736,-684169.9864421126,-684172.9450636812
S2-15.10,product,[H]c1c([H])c(N([H])C(=O)[C:91]([H])([H])[C:92]([H])(C([H])([H])N(C([H])([H])[H])C([H])([H])[H])[S:93]C([H])([H])[H])c([H])c([28H])c1[32H],0,-0.13225439,-0.05821365,-175.82458190950996,15.396940603973173,-0.020557512,-0.012163334,-0.016360423,0.037260994,0.028473213,0.032867104,-684544.8036962292,1.0678264740854502,-684540.1289169394,-684543.224347501
S2-44.1,reactant,[H]c1c([H])c(N([H])C(=O)[C:91]([H])=[C:92]([H])[H])c([H])c([25H])c1[30H],0,-0.15193354,-0.27686384,-201.75616636612708,12.874330425918812,0.1630184,0.095300674,0.12915954,0.08951461,-0.0024672747,0.04352367,-300375.38128533814,0.6452494412660599,-300372.82546926884,-300374.78747731866
S2-44.1,intermediate,[H]c1c([H])c(N([H])C(=O)[C-:91]([H])[C:92]([H])([H])[S:93]C([H])([H])[H])c([H])c([25H])c1[30H],-1,-0.47522172,-0.11241051,-65.08097292623638,114.68738271416383,-0.009046465,0.02367106,0.007312298,-0.021458298,0.33147538,0.15500854,-575374.2932517666,1.815178982913494,-575369.328124957,-575371.8328308172
S2-44.1,product,[H]c1c([H])c(N([H])C(=O)[C:91]([H])([H])[C:92]([H])([H])[S:93]C([H])([H])[H])c([H])c([25H])c1[30H],0,-0.13436955,-0.10209579,-192.8496756340718,18.98078327542108,-0.044839133,-0.047290437,-0.046064787,0.040233314,0.0071881562,0.023710735,-575740.3029836371,1.0144783798605204,-575737.4423703917,-575739.3315286252
S2-44.2,reactant,[H]c1c([H])c(N([H])C(=O)[C:91]([H])=[C:92]([H])[H])c([H])c([25H])c1[30H],0,-0.14955747,-0.27905753,-202.5065331719009,12.023940449073342,0.13286641,0.0664947,0.09968056,0.061014056,0.0011896044,0.03110183,-300374.3411521429,1.0220899749547243,-300372.03935851756,-300373.42268468306
S2-44.2,intermediate,[H]c1c([H])c(N([H])C(=O)[C-:91]([H])[C:92]([H])([H])[S:93]C([H])([H])[H])c([H])c([25H])c1[30H],-1,-0.4750922,-0.11212992,-65.02322908959727,114.7233535837919,-0.009175144,0.023430131,0.0071274936,-0.021538734,0.331142,0.15480164,-575374.3022518856,1.9531026650220156,-575369.5263047065,-575371.8033776347
S2-44.2,product,[H]c1c([H])c(N([H])C(=O)[C:91]([H])([H])[C:92]([H])([H])[S:93]C([H])([H])[H])c([H])c([25H])c1[30H],0,-0.13435896,-0.102196194,-192.8831421349555,18.965299777312538,-0.044755984,-0.047294237,-0.046025112,0.040082872,0.0071384907,0.023610681,-575740.3055114932,1.0803057719022036,-575736.3590830103,-575739.33141438
S2-44.3,reactant,[H]c1c([H])c(N([H])C(=O)[C:91]([H])=[C:92]([H])[H])c([H])c([25H])c1[30H],0,-0.14952508,-0.27895328,-202.53393362037212,12.030286341831532,0.13300064,0.06635764,0.09967914,0.061059833,0.0012254268,0.03114263,-300374.33808869054,0.8510762378573418,-300371.4273349058,-300373.43374586065
S2-44.3,intermediate,[H]c1c([H])c(N([H])C(=O)[C-:91]([H])[C:92]([H])([H])[S:93]C([H])([H])[H])c([H])c([25H])c1[30H],-1,-0.47516695,-0.11233407,-64.94623458547791,114.73531416265602,-0.009454124,0.023356646,0.0069512613,-0.021663964,0.33140853,0.15487228,-575374.3000312921,1.7994399387389421,-575369.4495004588,-575371.8506818129
S2-44.3,product,[H]c1c([H])c(N([H])C(=O)[C:91]([H])([H])[C:92]([H])([H])[S:93]C([H])([H])[H])c([H])c([25H])c1[30H],0,-0.14279947,-0.10825619,-193.31826643309776,18.89775990023721,-0.027931862,-0.037116364,-0.032524113,0.035533935,0.020568334,0.028051134,-575740.6021748486,3.222388692200184,-575736.1478189633,-575738.6941145735
S2-44.4,reactant,[H]c1c([H])c(N([H])C(=O)[C:91]([H])=[C:92]([H])[H])c([H])c([25H])c1[30H],0,-0.15191333,-0.2769178,-201.75321601047148,12.882039376488123,0.16297299,0.09531355,0.12914327,0.089579195,-0.002510175,0.04353451,-300375.38171119546,0.6896885018795729,-300372.7527412992,-300374.787912379
S2-44.4,intermediate,[H]c1c([H])c(N([H])C(=O)[C-:91]([H])[C:92]([H])([H])[S:93]C([H])([H])[H])c([H])c([25H])c1[30H],-1,-0.48502314,-0.1120571,-64.92577320131667,113.39644865590834,-0.03978417,0.013743572,-0.013020299,-0.005758047,0.351701,0.17297147,-575370.5573741072,1.831451267004013,-575366.038538453,-575368.1065177711
S2-44.4,product,[H]c1c([H])c(N([H])C(=O)[C:91]([H])([H])[C:92]([H])([H])[S:93]C([H])([H])[H])c([H])c([25H])c1[30H],0,-0.13445629,-0.102222264,-192.8701519385749,18.963828308764544,-0.04490531,-0.04723312,-0.046069212,0.040350333,0.007308826,0.02382958,-575740.3028026625,0.9785001091659069,-575737.2120478662,-575739.3341794148
S2-44.5,reactant,[H]c1c([H])c(N([H])C(=O)[C:91]([H])=[C:92]([H])[H])c([H])c([25H])c1[30H],0,-0.1494866,-0.27903363,-202.52575673564823,12.037485633210915,0.13305327,0.06648584,0.099769555,0.060922906,0.0011883974,0.031055652,-300374.3393926924,0.9006623588502407,-300371.5978428066,-300373.4398864973
S2-44.5,intermediate,[H]c1c([H])c(N([H])C(=O)[C-:91]([H])[C:92]([H])([H])[S:93]C([H])([H])[H])c([H])c([25H])c1[30H],-1,-0.485135,-0.1120063,-64.92930325404963,113.40907068357477,-0.039759547,0.013711788,-0.013023879,-0.0057391524,0.35173172,0.17299628,-575370.5596131288,1.8774940129369497,-575365.7341139857,-575368.113615641
S2-44.5,product,[H]c1c([H])c(N([H])C(=O)[C:91]([H])([H])[C:92]([H])([H])[S:93]C([H])([H])[H])c([H])c([25H])c1[30H],0,-0.13421184,-0.101920836,-193.59173792515767,19.48005843543891,-0.048421443,-0.050741635,-0.04958154,0.056195676,0.019851953,0.038023815,-575740.6271818693,0.6541373152285814,-575737.261123995,-575739.5433382167
S2-44.6,reactant,[H]c1c([H])c(N([H])C(=O)[C:91]([H])=[C:92]([H])[H])c([H])c([25H])c1[30H],0,-0.15208918,-0.2768771,-201.74559868584168,12.89436629509802,0.16319928,0.09531084,0.12925506,0.08940193,-0.002373919,0.043514006,-300375.38204030436,0.6942928526550531,-300373.2081131951,-300374.7893168292
S2-44.6,intermediate,[H]c1c([H])c(N([H])C(=O)[C-:91]([H])[C:92]([H])([H])[S:93]C([H])([H])[H])c([H])c([25H])c1[30H],-1,-0.4503204,-0.11450491,-63.66876025698288,113.4177288566659,-0.024288908,0.018815845,-0.0027365312,-0.019233674,0.3365241,0.15864521,-575371.1983277214,1.8875912614166737,-575366.0757623442,-575368.7387352333
S2-44.6,product,[H]c1c([H])c(N([H])C(=O)[C:91]([H])([H])[C:92]([H])([H])[S:93]C([H])([H])[H])c([H])c([25H])c1[30H],0,-0.1343872,-0.10219354,-192.87665257593625,18.969146736804678,-0.044779588,-0.047320716,-0.046050154,0.04004343,0.0071325153,0.023587972,-575740.3043891522,1.1435302328318357,-575736.8796508757,-575739.3300233621
S2-44.7,reactant,[H]c1c([H])c(N([H])C(=O)[C:91]([H])=[C:92]([H])[H])c([H])c([25H])c1[30H],0,-0.15187243,-0.27697888,-201.7551870089577,12.879567744776509,0.1629202,0.09528859,0.1291044,0.089504614,-0.0025469363,0.04347884,-300375.3817101117,0.6933333929628134,-300372.85212424706,-300374.7894067432
S2-44.7,intermediate,[H]c1c([H])c(N([H])C(=O)[C-:91]([H])[C:92]([H])([H])[S:93]C([H])([H])[H])c([H])c([25H])c1[30H],-1,-0.48509133,-0.11213745,-64.90236702130875,113.41639736414305,-0.03987162,0.013714097,-0.01307876,-0.0058039427,0.35171843,0.17295724,-575370.5592389933,1.8579303920269012,-575366.4989988309,-575368.1054963003
S2-44.7,product,[H]c1c([H])c(N([H])C(=O)[C:91]([H])([H])[C:92]([H])([H])[S:93]C([H])([H])[H])c([H])c([25H])c1[30H],0,-0.13439581,-0.10213078,-192.87211967518687,18.96794038578845,-0.04475497,-0.047344185,-0.04604958,0.04012391,0.007126212,0.02362506,-575740.3034541801,1.1372401770204306,-575736.5309947963,-575739.3293703689
S2-44.8,reactant,[H]c1c([H])c(N([H])C(=O)[C:91]([H])=[C:92]([H])[H])c([H])c([25H])c1[30H],0,-0.143747,-0.27825916,-202.79055939767343,11.93401206718433,0.13232383,0.067280054,0.09980194,0.059812546,-0.001508072,0.029152237,-300374.077780617,0.576433340087533,-300371.8962640811,-300373.41341044573
S2-44.8,intermediate,[H]c1c([H])c(N([H])C(=O)[C-:91]([H])[C:92]([H])([H])[S:93]C([H])([H])[H])c([H])c([25H])c1[30H],-1,-0.5044183,-0.10460707,-67.17348786988487,116.10439576163064,-0.01820936,0.023799643,0.0027951412,-0.0038369298,0.3142854,0.15522423,-575372.7069368445,3.580674633383751,-575365.9803723494,-575368.4763321734
S2-44.8,product,[H]c1c([H])c(N([H])C(=O)[C:91]([H])([H])[C:92]([H])([H])[S:93]C([H])([H])[H])c([H])c([25H])c1[30H],0,-0.14278147,-0.10828133,-193.3220241486466,18.857048879072895,-0.027642317,-0.036999345,-0.03232083,0.035644904,0.02065485,0.028149877,-575740.5997286877,3.231213703751564,-575735.9147307599,-575738.6857255639
S2-44.9,reactant,[H]c1c([H])c(N([H])C(=O)[C:91]([H])=[C:92]([H])[H])c([H])c([25H])c1[30H],0,-0.151956,-0.2769373,-201.76005731343776,12.88448605957234,0.16304645,0.095295146,0.1291708,0.08942394,-0.0025015324,0.043461204,-300375.381814931,0.72675421833992,-300372.58064724464,-300374.7878753139
S2-44.9,intermediate,[H]c1c([H])c(N([H])C(=O)[C-:91]([H])[C:92]([H])([H])[S:93]C([H])([H])[H])c([H])c([25H])c1[30H],-1,-0.5035146,-0.10447668,-67.1970210382372,116.0744069270965,-0.018310487,0.02370143,0.002695471,-0.004074216,0.31434107,0.15513343,-575372.6998695327,3.72902799397707,-575364.9799962707,-575368.3617193514
S2-44.9,product,[H]c1c([H])c(N([H])C(=O)[C:91]([H])([H])[C:92]([H])([H])[S:93]C([H])([H])[H])c([H])c([25H])c1[30H],0,-0.13419984,-0.10189929,-193.58344587091997,19.496197060281894,-0.04843411,-0.05074648,-0.049590293,0.056147113,0.019839272,0.037993193,-575740.6277805542,0.665274653583765,-575736.5967739829,-575739.5438891385
S2-44.10,reactant,[H]c1c([H])c(N([H])C(=O)[C:91]([H])=[C:92]([H])[H])c([H])c([25H])c1[30H],0,-0.14925204,-0.27906093,-202.50841128104915,12.032367088992709,0.13296738,0.06663416,0.09980077,0.06083922,0.0010543615,0.030946791,-300374.34057788394,1.005849864333868,-300371.1499994635,-300373.42723948054
S2-44.10,intermediate,[H]c1c([H])c(N([H])C(=O)[C-:91]([H])[C:92]([H])([H])[S:93]C([H])([H])[H])c([H])c([25H])c1[30H],-1,-0.4754937,-0.11220151,-64.85955110189212,114.81010701029734,-0.009530127,0.023098998,0.0067844354,-0.021412909,0.33104092,0.154814,-575374.3144039074,1.9155611228197813,-575369.5692379422,-575371.7875253604
S2-44.10,product,[H]c1c([H])c(N([H])C(=O)[C:91]([H])([H])[C:92]([H])([H])[S:93]C([H])([H])[H])c([H])c([25H])c1[30H],0,-0.1344268,-0.10216866,-192.84353651516432,18.987347678518802,-0.044848308,-0.047147207,-0.045997757,0.04019092,0.0072568357,0.023723878,-575740.3026801576,0.9607035499066114,-575736.8359741992,-575739.3347821436
S2-39.1,reactant,[H]c1c([H])c(N([H])C(=O)/[C:91]([H])=[C:92](\[H])C([H])([H])N(C([H])([H])[H])C([H])([H])[H])c([H])c([29H])c1[33H],0,-0.18022867,-0.088438,-185.12369799701747,8.903188772681121,0.09350749,0.052386552,0.072947025,0.13323073,0.024662778,0.078946754,-409180.66285217233,1.6982170548290014,-409177.1197420219,-409179.69400019303
S2-39.1,intermediate,[H]c1c([H])c(N([H])C(=O)[C-:91]([H])[C:92]([H])(C([H])([H])N(C([H])([H])[H])C([H])([H])[H])[S:93]C([H])([H])[H])c([H])c([29H])c1[33H],-1,-0.43292335,-0.040175326,-62.7088892557604,100.96199812824712,-0.0139549,0.019636145,0.0028406223,-0.020284384,0.29744065,0.13857812,-684175.5117060179,2.777340332046151,-684170.3531632915,-684173.1388533775
S2-39.1,product,[H]c1c([H])c(N([H])C(=O)[C:91]([H])([H])[C:92]([H])(C([H])([H])N(C([H])([H])[H])C([H])([H])[H])[S:93]C([H])([H])[H])c([H])c([29H])c1[33H],0,-0.14536059,-0.05856446,-174.52845519006522,12.7030827166373,0.0066949576,-0.0029057302,0.0018946137,0.031599656,0.026175417,0.028887536,-684547.187705645,2.987746685743332,-684542.4712761765,-684544.7190251957
S2-39.2,reactant,[H]c1c([H])c(N([H])C(=O)/[C:91]([H])=[C:92](\[H])C([H])([H])N(C([H])([H])[H])C([H])([H])[H])c([H])c([29H])c1[33H],0,-0.18031612,-0.08840007,-185.15233212159154,8.836164774345365,0.092016675,0.05118308,0.07159988,0.13292032,0.024853215,0.07888677,-409180.6748286942,2.2092811353504658,-409176.48112782085,-409179.6801174079
S2-39.2,intermediate,[H]c1c([H])c(N([H])C(=O)[C-:91]([H])[C:92]([H])(C([H])([H])N(C([H])([H])[H])C([H])([H])[H])[S:93]C([H])([H])[H])c([H])c([29H])c1[33H],-1,-0.4477971,-0.006261467,-60.6268087838321,103.3725755860953,-0.03634272,-0.016102772,-0.026222747,0.0022389889,0.27851942,0.1403792,-684173.4114407102,1.7504553496837616,-684166.8873986675,-684169.6598893282
S2-39.2,product,[H]c1c([H])c(N([H])C(=O)[C:91]([H])([H])[C:92]([H])(C([H])([H])N(C([H])([H])[H])C([H])([H])[H])[S:93]C([H])([H])[H])c([H])c([29H])c1[33H],0,-0.13856593,-0.06340153,-178.2074307041264,10.945113695856483,-0.033151124,-0.026340112,-0.029745618,0.014592007,0.008458525,0.011525266,-684547.1118706933,2.1178314983844757,-684542.2820320961,-684545.0451852588
S2-39.3,reactant,[H]c1c([H])c(N([H])C(=O)/[C:91]([H])=[C:92](\[H])C([H])([H])N(C([H])([H])[H])C([H])([H])[H])c([H])c([29H])c1[33H],0,-0.15591015,-0.10370926,-188.17074272670231,6.485801712265878,0.047716863,0.0076922625,0.027704563,0.1590711,0.03180453,0.09543782,-409179.6426454084,1.4352187402546406,-409175.75551924494,-409178.52019042295
S2-39.3,intermediate,[H]c1c([H])c(N([H])C(=O)[C-:91]([H])[C:92]([H])(C([H])([H])N(C([H])([H])[H])C([H])([H])[H])[S:93]C([H])([H])[H])c([H])c([29H])c1[33H],-1,-0.4459103,-0.0038735191,-63.400276785177084,102.37942984261409,-0.008668724,-0.0045899474,-0.0066293357,-0.018934041,0.29784194,0.13945395,-684177.2825348489,4.7577119041234255,-684165.8309227196,-684168.8587759031
S2-39.3,product,[H]c1c([H])c(N([H])C(=O)[C:91]([H])([H])[C:92]([H])(C([H])([H])N(C([H])([H])[H])C([H])([H])[H])[S:93]C([H])([H])[H])c([H])c([29H])c1[33H],0,-0.13699156,-0.047237054,-173.19809783896864,15.49036720547596,-0.025995625,-0.016350165,-0.021172896,0.021345481,0.01847051,0.019907996,-684545.4823795132,4.1293791979551315,-684539.7089402691,-684543.4787920894
S2-39.4,reactant,[H]c1c([H])c(N([H])C(=O)/[C:91]([H])=[C:92](\[H])C([H])([H])N(C([H])([H])[H])C([H])([H])[H])c([H])c([29H])c1[33H],0,-0.15996073,-0.10356533,-188.34123728200433,7.753366080366874,0.0857219,0.020198837,0.05296037,0.1245711,0.02309589,0.073833495,-409180.428385545,1.674971979111433,-409177.0769783645,-409179.1709752064
S2-39.4,intermediate,[H]c1c([H])c(N([H])C(=O)[C-:91]([H])[C:92]([H])(C([H])([H])N(C([H])([H])[H])C([H])([H])[H])[S:93]C([H])([H])[H])c([H])c([29H])c1[33H],-1,-0.5113917,-0.036316846,-64.32966861416921,101.32814667194927,-0.022499954,0.0054367185,-0.008531618,0.004131496,0.33450925,0.16932037,-684174.6085696501,2.049687186256051,-684166.9296195285,-684169.0534351934
S2-39.4,product,[H]c1c([H])c(N([H])C(=O)[C:91]([H])([H])[C:92]([H])(C([H])([H])N(C([H])([H])[H])C([H])([H])[H])[S:93]C([H])([H])[H])c([H])c([29H])c1[33H],0,-0.13670312,-0.05944946,-173.71881720160687,15.412336796000957,-0.03403392,-0.030783396,-0.03240866,0.02681318,0.020198293,0.023505736,-684546.3004217739,2.005255801603198,-684540.9934191905,-684544.0374451501
S2-39.5,reactant,[H]c1c([H])c(N([H])C(=O)/[C:91]([H])=[C:92](\[H])C([H])([H])N(C([H])([H])[H])C([H])([H])[H])c([H])c([29H])c1[33H],0,-0.1786501,-0.08170966,-184.286831725613,6.691914436650062,0.063860126,0.03745255,0.050656337,0.16320758,0.03441471,0.09881114,-409181.29385843745,0.8687874525785446,-409178.5141895434,-409180.47461851494
S2-39.5,intermediate,[H]c1c([H])c(N([H])C(=O)[C-:91]([H])[C:92]([H])(C([H])([H])N(C([H])([H])[H])C([H])([H])[H])[S:93]C([H])([H])[H])c([H])c([29H])c1[33H],-1,-0.4112149,-0.04179907,-60.85834091674442,102.36658407643135,0.016316123,0.02907608,0.022696102,-0.025390089,0.27694625,0.12577808,-684177.3933665032,2.3451343309134245,-684171.4919495301,-684173.5894216071
S2-39.5,product,[H]c1c([H])c(N([H])C(=O)[C:91]([H])([H])[C:92]([H])(C([H])([H])N(C([H])([H])[H])C([H])([H])[H])[S:93]C([H])([H])[H])c([H])c([29H])c1[33H],0,-0.13135615,-0.032764256,-172.0240955787025,15.76001199419812,-0.028938873,-0.04101368,-0.034976278,0.034113884,0.014428012,0.024270948,-684544.0114848124,1.6002962943166494,-684538.921762215,-684542.4647496247
S2-39.6,reactant,[H]c1c([H])c(N([H])C(=O)/[C:91]([H])=[C:92](\[H])C([H])([H])N(C([H])([H])[H])C([H])([H])[H])c([H])c([29H])c1[33H],0,-0.15083854,-0.104883365,-187.7841193103123,8.371344095319404,0.100607775,0.022679463,0.06164362,0.12536402,0.018544912,0.07195447,-409180.1782104153,2.082048961892724,-409175.07294746855,-409178.88798161916
S2-39.6,intermediate,[H]c1c([H])c(N([H])C(=O)[C-:91]([H])[C:92]([H])(C([H])([H])N(C([H])([H])[H])C([H])([H])[H])[S:93]C([H])([H])[H])c([H])c([29H])c1[33H],-1,-0.43798086,-0.014939161,-59.49642906159034,103.32392726068046,-0.0069720875,0.007716604,0.00037225825,-0.013178468,0.2880535,0.13743752,-684179.078930554,2.8261912390589714,-684171.3927920358,-684174.2557713249
S2-39.6,product,[H]c1c([H])c(N([H])C(=O)[C:91]([H])([H])[C:92]([H])(C([H])([H])N(C([H])([H])[H])C([H])([H])[H])[S:93]C([H])([H])[H])c([H])c([29H])c1[33H],0,-0.14702812,-0.055545017,-174.48945043794802,15.258675407673893,-0.009795435,-0.0005056411,-0.005150538,0.02909413,0.027178928,0.028136529,-684544.7559333417,4.1374682653695345,-684539.0042039077,-684541.6582810417
S2-39.7,reactant,[H]c1c([H])c(N([H])C(=O)/[C:91]([H])=[C:92](\[H])C([H])([H])N(C([H])([H])[H])C([H])([H])[H])c([H])c([29H])c1[33H],0,-0.14400862,-0.13511157,-187.9824774518646,9.699440268472058,0.09059675,0.036871955,0.06373435,0.07645844,0.00623101,0.041344725,-409180.0943669424,1.7206868790090084,-409176.0025151027,-409178.8416006002
S2-39.7,intermediate,[H]c1c([H])c(N([H])C(=O)[C-:91]([H])[C:92]([H])(C([H])([H])N(C([H])([H])[H])C([H])([H])[H])[S:93]C([H])([H])[H])c([H])c([29H])c1[33H],-1,-0.45866463,-0.025170337,-60.188730939218026,100.66581504168431,-0.014644994,0.0137912715,-0.00042686146,-0.005235642,0.30696434,0.15086435,-684176.1748676123,2.464481810107827,-684170.9470463858,-684174.0665111081
S2-39.7,product,[H]c1c([H])c(N([H])C(=O)[C:91]([H])([H])[C:92]([H])(C([H])([H])N(C([H])([H])[H])C([H])([H])[H])[S:93]C([H])([H])[H])c([H])c([29H])c1[33H],0,-0.14218092,-0.039443564,-176.3352322042547,14.8553155424334,-0.03228259,-0.035517167,-0.033899877,0.04450132,0.02784133,0.036171325,-684547.1387321636,2.9978250190615654,-684542.8127058512,-684545.4704032606
S2-39.8,reactant,[H]c1c([H])c(N([H])C(=O)/[C:91]([H])=[C:92](\[H])C([H])([H])N(C([H])([H])[H])C([H])([H])[H])c([H])c([29H])c1[33H],0,-0.18032621,-0.08839618,-185.14903969297083,8.87262438131181,0.09332709,0.052185625,0.07275636,0.13275896,0.024799764,0.07877936,-409180.66362832836,1.8304154314100742,-409176.3692385471,-409179.6501063466
S2-39.8,intermediate,[H]c1c([H])c(N([H])C(=O)[C-:91]([H])[C:92]([H])(C([H])([H])N(C([H])([H])[H])C([H])([H])[H])[S:93]C([H])([H])[H])c([H])c([29H])c1[33H],-1,-0.43787396,-0.014302192,-59.382646372861466,103.25999970736555,-0.0075754607,0.0074320333,-7.17137e-05,-0.01421386,0.28777307,0.1367796,-684179.0418943224,2.34534359164536,-684170.8897975518,-684174.3908234087
S2-39.8,product,[H]c1c([H])c(N([H])C(=O)[C:91]([H])([H])[C:92]([H])(C([H])([H])N(C([H])([H])[H])C([H])([H])[H])[S:93]C([H])([H])[H])c([H])c([29H])c1[33H],0,-0.13860117,-0.06344948,-178.19963642879586,10.948261059455062,-0.0331798,-0.026314296,-0.029747048,0.0145704895,0.008481979,0.011526234,-684547.1156249889,2.122687241062522,-684541.5306543625,-684545.0811186109
S2-39.9,reactant,[H]c1c([H])c(N([H])C(=O)/[C:91]([H])=[C:92](\[H])C([H])([H])N(C([H])([H])[H])C([H])([H])[H])c([H])c([29H])c1[33H],0,-0.14376134,-0.13512294,-188.01021498174657,9.67831929811834,0.091084674,0.036790587,0.063937634,0.07643072,0.006206259,0.04131849,-409180.1051692445,1.8002075478434563,-409175.3910333282,-409178.83848447533
S2-39.9,intermediate,[H]c1c([H])c(N([H])C(=O)[C-:91]([H])[C:92]([H])(C([H])([H])N(C([H])([H])[H])C([H])([H])[H])[S:93]C([H])([H])[H])c([H])c([29H])c1[33H],-1,-0.41583082,-0.04831632,-61.974518475487706,102.28239678521777,-0.02303239,0.011342794,-0.005844798,-0.014901072,0.281578,0.13333848,-684170.9786948938,2.5013457108289003,-684163.2333299282,-684166.0725971279
S2-39.9,product,[H]c1c([H])c(N([H])C(=O)[C:91]([H])([H])[C:92]([H])(C([H])([H])N(C([H])([H])[H])C([H])([H])[H])[S:93]C([H])([H])[H])c([H])c([29H])c1[33H],0,-0.13639136,-0.059090167,-173.73054256671108,15.463437534319686,-0.034424145,-0.031461425,-0.032942787,0.026738048,0.02016335,0.023450699,-684546.3030716599,1.8385532069951296,-684541.3510631612,-684543.9404081933
S2-39.10,reactant,[H]c1c([H])c(N([H])C(=O)/[C:91]([H])=[C:92](\[H])C([H])([H])N(C([H])([H])[H])C([H])([H])[H])c([H])c([29H])c1[33H],0,-0.15097776,-0.10477191,-187.80501856684228,8.368638433505302,0.10054363,0.022544667,0.06154415,0.12540379,0.018534198,0.071968995,-409180.17349243787,2.0762813668698072,-409175.6730359852,-409178.88054098026
S2-39.10,intermediate,[H]c1c([H])c(N([H])C(=O)[C-:91]([H])[C:92]([H])(C([H])([H])N(C([H])([H])[H])C([H])([H])[H])[S:93]C([H])([H])[H])c([H])c([29H])c1[33H],-1,-0.4160696,-0.04054753,-62.04607844936395,102.40276516484062,-0.024864601,0.010985993,-0.006939304,-0.024410605,0.27651727,0.12605333,-684175.3917127352,3.118681576102972,-684167.3358536587,-684169.4829579662
S2-39.10,product,[H]c1c([H])c(N([H])C(=O)[C:91]([H])([H])[C:92]([H])(C([H])([H])N(C([H])([H])[H])C([H])([H])[H])[S:93]C([H])([H])[H])c([H])c([29H])c1[33H],0,-0.12651713,-0.037844967,-173.47792316408183,14.711948899049817,-0.0014319234,-0.024360374,-0.0128961485,0.024680048,0.016055495,0.020367771,-684541.1868119341,3.159604297950864,-684533.1516938447,-684535.7895485082
S2-40.1,reactant,[H]c1c([H])c(N([H])C(=O)/[C:91]([H])=[C:92](\[H])C([H])([H])N(C([H])([H])[H])C([H])([H])[H])c([H])c([30H])c1[34H],0,-0.14445536,-0.13492176,-188.5654136122149,9.448109239057523,0.08358288,0.033507615,0.058545247,0.07948871,0.00845857,0.04397364,-409180.08207000815,1.63083522208035,-409176.1845586691,-409178.9052109417
S2-40.1,intermediate,[H]c1c([H])c(N([H])C(=O)[C-:91]([H])[C:92]([H])(C([H])([H])N(C([H])([H])[H])C([H])([H])[H])[S:93]C([H])([H])[H])c([H])c([30H])c1[34H],-1,-0.51116353,-0.03662144,-64.31104882761622,101.34664997231745,-0.02282888,0.0053929575,-0.008717962,0.004195392,0.33475173,0.16947356,-684174.6055853885,2.112860420718789,-684165.9775021235,-684168.751494112
S2-40.1,product,[H]c1c([H])c(N([H])C(=O)[C:91]([H])([H])[C:92]([H])(C([H])([H])N(C([H])([H])[H])C([H])([H])[H])[S:93]C([H])([H])[H])c([H])c([30H])c1[34H],0,-0.14605026,-0.046840023,-173.29907854316434,16.493340396625754,-0.020414395,-0.0275986,-0.024006497,0.032719314,0.029717363,0.031218339,-684547.6528054819,2.225837029516697,-684542.7982903392,-684545.8745515026
S2-40.2,reactant,[H]c1c([H])c(N([H])C(=O)/[C:91]([H])=[C:92](\[H])C([H])([H])N(C([H])([H])[H])C([H])([H])[H])c([H])c([30H])c1[34H],0,-0.18035088,-0.088283524,-185.12433828856223,8.892925001994193,0.09340456,0.052047156,0.07272586,0.13313158,0.024764538,0.07894806,-409180.6633467814,1.7679511420428753,-409177.1883716915,-409179.6661351429
S2-40.2,intermediate,[H]c1c([H])c(N([H])C(=O)[C-:91]([H])[C:92]([H])(C([H])([H])N(C([H])([H])[H])C([H])([H])[H])[S:93]C([H])([H])[H])c([H])c([30H])c1[34H],-1,-0.475038,-0.028015878,-62.55379365754143,101.42177700179059,-0.04330697,-0.0032245126,-0.02326574,0.0016576648,0.32733232,0.16449499,-684176.5296094076,2.633234867826104,-684170.1168812772,-684172.27314862
S2-40.2,product,[H]c1c([H])c(N([H])C(=O)[C:91]([H])([H])[C:92]([H])(C([H])([H])N(C([H])([H])[H])C([H])([H])[H])[S:93]C([H])([H])[H])c([H])c([30H])c1[34H],0,-0.1429338,-0.03325126,-176.3107215926019,13.002560360877297,-0.008910807,-0.040015277,-0.024463043,0.020055637,0.009464815,0.014760226,-684548.1132080986,3.7922870125621557,-684543.0894822787,-684545.5486204687
S2-40.3,reactant,[H]c1c([H])c(N([H])C(=O)/[C:91]([H])=[C:92](\[H])C([H])([H])N(C([H])([H])[H])C([H])([H])[H])c([H])c([30H])c1[34H],0,-0.18029843,-0.088397205,-185.14968811969592,8.85815967900874,0.092898875,0.051673625,0.07228625,0.13339652,0.024797797,0.07909716,-409180.6656121582,1.960808364674449,-409176.7190713651,-409179.65374172427
S2-40.3,intermediate,[H]c1c([H])c(N([H])C(=O)[C-:91]([H])[C:92]([H])(C([H])([H])N(C([H])([H])[H])C([H])([H])[H])[S:93]C([H])([H])[H])c([H])c([30H])c1[34H],-1,-0.4455759,0.001030314,-62.319889940199054,102.56765055642899,0.017945796,0.017013988,0.017479893,-0.019614607,0.2457065,0.113045946,-684177.5869199137,2.1273103542625904,-684172.2925591506,-684174.2596816403
S2-40.3,product,[H]c1c([H])c(N([H])C(=O)[C:91]([H])([H])[C:92]([H])(C([H])([H])N(C([H])([H])[H])C([H])([H])[H])[S:93]C([H])([H])[H])c([H])c([30H])c1[34H],0,-0.14124592,-0.047762744,-174.5700704334607,14.66867814654182,-0.026448948,-0.017842613,-0.022145782,0.021735579,0.020246126,0.020990852,-684545.5825163868,3.968351012095809,-684539.6571716212,-684543.0079137302
S2-40.4,reactant,[H]c1c([H])c(N([H])C(=O)/[C:91]([H])=[C:92](\[H])C([H])([H])N(C([H])([H])[H])C([H])([H])[H])c([H])c([30H])c1[34H],0,-0.15590888,-0.10504752,-188.48529371242014,7.553881894117238,0.08821427,0.021273054,0.054743662,0.12814772,0.02245082,0.07529927,-409180.42447733297,4.568643173202872,-409175.6925343278,-409178.84381404176
S2-40.4,intermediate,[H]c1c([H])c(N([H])C(=O)[C-:91]([H])[C:92]([H])(C([H])([H])N(C([H])([H])[H])C([H])([H])[H])[S:93]C([H])([H])[H])c([H])c([30H])c1[34H],-1,-0.46130523,-0.0053718663,-61.41286828770346,102.96141800713748,0.003938572,0.014636535,0.009287553,-0.013313234,0.27505964,0.1308732,-684177.9203437724,2.6167334765195847,-684172.2562231135,-684174.7528735726
S2-40.4,product,[H]c1c([H])c(N([H])C(=O)[C:91]([H])([H])[C:92]([H])(C([H])([H])N(C([H])([H])[H])C([H])([H])[H])[S:93]C([H])([H])[H])c([H])c([30H])c1[34H],0,-0.13911104,-0.024927353,-173.8923175333022,15.485095546039696,-0.029822804,-0.048341148,-0.039081976,0.0350177,0.01878316,0.02690043,-684543.3561970509,2.3801067881286144,-684539.3764453633,-684541.7920128921
S2-40.5,reactant,[H]c1c([H])c(N([H])C(=O)/[C:91]([H])=[C:92](\[H])C([H])([H])N(C([H])([H])[H])C([H])([H])[H])c([H])c([30H])c1[34H],0,-0.15117541,-0.104702145,-187.75675573756396,8.375627738489278,0.09980519,0.02249135,0.06114827,0.12394479,0.018335372,0.07114008,-409180.1753784287,1.9403888136148453,-409176.7525589257,-409178.9183275691
S2-40.5,intermediate,[H]c1c([H])c(N([H])C(=O)[C-:91]([H])[C:92]([H])(C([H])([H])N(C([H])([H])[H])C([H])([H])[H])[S:93]C([H])([H])[H])c([H])c([30H])c1[34H],-1,-0.38714346,-0.046820696,-61.3673433836916,100.98630637760388,0.0060621873,0.029253742,0.017657965,-0.03212276,0.2786799,0.12327857,-684175.9080199609,1.9596099499613047,-684170.8118955744,-684172.9633191462
S2-40.5,product,[H]c1c([H])c(N([H])C(=O)[C:91]([H])([H])[C:92]([H])(C([H])([H])N(C([H])([H])[H])C([H])([H])[H])[S:93]C([H])([H])[H])c([H])c([30H])c1[34H],0,-0.14077464,-0.04777365,-174.6378777159352,15.169111591890204,-0.026049862,-0.022292674,-0.024171267,0.02541782,0.023807772,0.024612796,-684542.644406815,1.4634027890861034,-684537.5753983745,-684539.8989687101
S2-40.6,reactant,[H]c1c([H])c(N([H])C(=O)/[C:91]([H])=[C:92](\[H])C([H])([H])N(C([H])([H])[H])C([H])([H])[H])c([H])c([30H])c1[34H],0,-0.15821053,-0.10245375,-188.11499785336812,6.567942104272548,0.04639262,0.0058067217,0.02609967,0.15888871,0.03262861,0.09575866,-409179.6265729025,1.0789457727223635,-409175.84323507996,-409178.4984412534
S2-40.6,intermediate,[H]c1c([H])c(N([H])C(=O)[C-:91]([H])[C:92]([H])(C([H])([H])N(C([H])([H])[H])C([H])([H])[H])[S:93]C([H])([H])[H])c([H])c([30H])c1[34H],-1,-0.4732058,-0.028687265,-62.28657732820189,101.09391383962412,0.009132899,0.03208302,0.02060796,-0.011452943,0.29445446,0.14150076,-684177.8294004678,1.9881306551396847,-684172.9325754276,-684174.6440326149
S2-40.6,product,[H]c1c([H])c(N([H])C(=O)[C:91]([H])([H])[C:92]([H])(C([H])([H])N(C([H])([H])[H])C([H])([H])[H])[S:93]C([H])([H])[H])c([H])c([30H])c1[34H],0,-0.13931122,-0.04799708,-174.62007290146192,14.993327246866066,-0.025606938,-0.021324657,-0.023465797,0.025392056,0.024034716,0.024713386,-684542.6480989653,1.432172181084752,-684537.0924274493,-684540.1915790457
S2-40.7,reactant,[H]c1c([H])c(N([H])C(=O)/[C:91]([H])=[C:92](\[H])C([H])([H])N(C([H])([H])[H])C([H])([H])[H])c([H])c([30H])c1[34H],0,-0.15064782,-0.10491152,-187.8107749510611,8.36189583161897,0.100893036,0.022635803,0.06176442,0.12591434,0.018502116,0.072208226,-409180.17229275283,2.106706628575921,-409176.68200314604,-409178.8898302942
S2-40.7,intermediate,[H]c1c([H])c(N([H])C(=O)[C-:91]([H])[C:92]([H])(C([H])([H])N(C([H])([H])[H])C([H])([H])[H])[S:93]C([H])([H])[H])c([H])c([30H])c1[34H],-1,-0.44597092,-0.0036377206,-63.43877762952668,102.34220501677709,-0.009167545,-0.004781708,-0.0069746263,-0.017821074,0.29796654,0.14007273,-684177.2921173881,4.673217995092273,-684167.5736219748,-684168.9436512836
S2-40.7,product,[H]c1c([H])c(N([H])C(=O)[C:91]([H])([H])[C:92]([H])(C([H])([H])N(C([H])([H])[H])C([H])([H])[H])[S:93]C([H])([H])[H])c([H])c([30H])c1[34H],0,-0.13677724,-0.059439395,-173.7247808385421,15.446549938734943,-0.033969395,-0.030881021,-0.032425206,0.026839241,0.020200647,0.023519944,-684546.3067790124,1.9311643242835999,-684541.2821346666,-684544.0366138034
S2-40.8,reactant,[H]c1c([H])c(N([H])C(=O)/[C:91]([H])=[C:92](\[H])C([H])([H])N(C([H])([H])[H])C([H])([H])[H])c([H])c([30H])c1[34H],0,-0.14367288,-0.13517712,-188.02208668017917,9.665812166094483,0.0907498,0.036798865,0.06377433,0.07650547,0.0061968863,0.041351177,-409180.09987221187,1.6668767742812634,-409175.6200597286,-409178.8564761872
S2-40.8,intermediate,[H]c1c([H])c(N([H])C(=O)[C-:91]([H])[C:92]([H])(C([H])([H])N(C([H])([H])[H])C([H])([H])[H])[S:93]C([H])([H])[H])c([H])c([30H])c1[34H],-1,-0.4639522,-0.025823867,-62.12705528105055,101.7221658311103,-0.006654341,0.02126087,0.007303265,-0.010338217,0.28822023,0.138941,-684175.1326302215,1.7873853389173746,-684170.5113178502,-684172.7106873108
S2-40.8,product,[H]c1c([H])c(N([H])C(=O)[C:91]([H])([H])[C:92]([H])(C([H])([H])N(C([H])([H])[H])C([H])([H])[H])[S:93]C([H])([H])[H])c([H])c([30H])c1[34H],0,-0.13644946,-0.05890655,-173.7264828081166,15.485560397307403,-0.03455268,-0.031705033,-0.033128854,0.026676849,0.020162888,0.023419868,-684546.2959614823,1.8522214405238628,-684539.9452370518,-684543.9997933181
S2-40.9,reactant,[H]c1c([H])c(N([H])C(=O)/[C:91]([H])=[C:92](\[H])C([H])([H])N(C([H])([H])[H])C([H])([H])[H])c([H])c([30H])c1[34H],0,-0.15104577,-0.10453795,-187.76878621882707,8.372588248791242,0.10012451,0.02256561,0.06134506,0.12424299,0.018390596,0.07131679,-409180.1665823095,2.0154861640185118,-409176.9129070179,-409178.89139202563
S2-40.9,intermediate,[H]c1c([H])c(N([H])C(=O)[C-:91]([H])[C:92]([H])(C([H])([H])N(C([H])([H])[H])C([H])([H])[H])[S:93]C([H])([H])[H])c([H])c([30H])c1[34H],-1,-0.4621963,-0.0054614968,-61.346005879116454,103.13617800854405,0.0039612227,0.015025564,0.009493394,-0.013007849,0.27557158,0.13128185,-684177.9431892558,3.3960507586598396,-684171.9159947443,-684174.7233821376
S2-40.9,product,[H]c1c([H])c(N([H])C(=O)[C:91]([H])([H])[C:92]([H])(C([H])([H])N(C([H])([H])[H])C([H])([H])[H])[S:93]C([H])([H])[H])c([H])c([30H])c1[34H],0,-0.13578844,-0.05863628,-173.68938991708546,15.474025523193056,-0.0348183,-0.031730253,-0.033274274,0.026573703,0.020186596,0.02338015,-684546.2813992896,1.5674331970512867,-684541.6011028481,-684543.9014005587
S2-40.10,reactant,[H]c1c([H])c(N([H])C(=O)/[C:91]([H])=[C:92](\[H])C([H])([H])N(C([H])([H])[H])C([H])([H])[H])c([H])c([30H])c1[34H],0,-0.17891249,-0.0834935,-185.40476098541149,7.96162046710559,0.10391739,0.06395908,0.08393823,0.12661055,0.02034612,0.07347833,-409181.29751706054,1.2457696869969368,-409177.7395960789,-409180.49864849576
S2-40.10,intermediate,[H]c1c([H])c(N([H])C(=O)[C-:91]([H])[C:92]([H])(C([H])([H])N(C([H])([H])[H])C([H])([H])[H])[S:93]C([H])([H])[H])c([H])c([30H])c1[34H],-1,-0.47314677,-0.02880132,-62.26574739864338,101.06538160765928,0.008654488,0.032052957,0.020353723,-0.011470318,0.29355213,0.1410409,-684177.731257126,2.0411043260246515,-684171.4503820345,-684174.6690390661
S2-40.10,product,[H]c1c([H])c(N([H])C(=O)[C:91]([H])([H])[C:92]([H])(C([H])([H])N(C([H])([H])[H])C([H])([H])[H])[S:93]C([H])([H])[H])c([H])c([30H])c1[34H],0,-0.14182913,-0.038873613,-176.36467376145794,14.942184731539777,-0.03317874,-0.036218874,-0.034698807,0.046335876,0.029032543,0.03768421,-684547.017363266,1.862336317077279,-684542.705437766,-684545.4615424351
S2-38.1,reactant,[H]c1c([23H])c(N([H])C(=O)[C:91]([H])=[C:92]([H])[H])c([H])c([28H])c1[32H],0,-0.15209547,-0.27686942,-201.75030600978184,12.885112249368852,0.16326022,0.09532648,0.12929335,0.08945948,-0.0023669899,0.043546245,-300375.3815175778,0.6880529597401619,-300372.72681429266,-300374.7895050452
S2-38.1,intermediate,[H]c1c([23H])c(N([H])C(=O)[C-:91]([H])[C:92]([H])([H])[S:93]C([H])([H])[H])c([H])c([28H])c1[32H],-1,-0.5031778,-0.10415572,-67.051807629556,116.20727382100583,-0.019143805,0.022888675,0.0018724352,-0.0046313703,0.31446296,0.1549158,-575372.6990318571,3.608307244256139,-575365.9337198966,-575368.3315984926
S2-38.1,product,[H]c1c([23H])c(N([H])C(=O)[C:91]([H])([H])[C:92]([H])([H])[S:93]C([H])([H])[H])c([H])c([28H])c1[32H],0,-0.1341717,-0.10192162,-193.59192589581048,19.475383924329567,-0.048390877,-0.050730094,-0.049560487,0.056209758,0.019841276,0.038025517,-575740.6277191009,0.6770756263285875,-575737.7674454466,-575739.5429789183
S2-38.2,reactant,[H]c1c([23H])c(N([H])C(=O)[C:91]([H])=[C:92]([H])[H])c([H])c([28H])c1[32H],0,-0.14363669,-0.27832854,-202.74844881961621,11.95335958475397,0.13260898,0.06738289,0.09999593,0.059719265,-0.0015731454,0.02907306,-300374.0796474868,0.6151067968457937,-300371.91160018597,-300373.4142175563
S2-38.2,intermediate,[H]c1c([23H])c(N([H])C(=O)[C-:91]([H])[C:92]([H])([H])[S:93]C([H])([H])[H])c([H])c([28H])c1[32H],-1,-0.47501686,-0.112074435,-65.00447428505792,114.7435579142081,-0.009219468,0.023332544,0.007056538,-0.021496028,0.33132416,0.15491408,-575374.3009060276,1.8895063698291779,-575369.5519501715,-575371.7993089934
S2-38.2,product,[H]c1c([23H])c(N([H])C(=O)[C:91]([H])([H])[C:92]([H])([H])[S:93]C([H])([H])[H])c([H])c([28H])c1[32H],0,-0.14180508,-0.11903202,-190.66381258397263,19.235199922944044,-0.024177141,-0.0223478,-0.023262471,0.02071862,0.007944256,0.014331438,-575741.285307791,1.9873607587069273,-575735.7471836567,-575739.2359492948
S2-38.3,reactant,[H]c1c([23H])c(N([H])C(=O)[C:91]([H])=[C:92]([H])[H])c([H])c([28H])c1[32H],0,-0.15197954,-0.27698258,-201.75024746987322,12.89231720127164,0.1629892,0.09529789,0.12914354,0.08932501,-0.0024665445,0.043429233,-300375.38216015557,0.7282179873436689,-300372.5687794634,-300374.78983818047
S2-38.3,intermediate,[H]c1c([23H])c(N([H])C(=O)[C-:91]([H])[C:92]([H])([H])[S:93]C([H])([H])[H])c([H])c([28H])c1[32H],-1,-0.5039108,-0.10455702,-67.20002413078441,116.08519189320772,-0.018405639,0.023687765,0.0026410632,-0.0039821565,0.31411526,0.15506655,-575372.6995289718,3.726336680352688,-575365.812812304,-575368.406694969
S2-38.3,product,[H]c1c([23H])c(N([H])C(=O)[C:91]([H])([H])[C:92]([H])([H])[S:93]C([H])([H])[H])c([H])c([28H])c1[32H],0,-0.14294098,-0.108421385,-193.4427895910938,18.658731993212154,-0.027286775,-0.037094474,-0.032190625,0.035655245,0.020353734,0.02800449,-575740.5911065013,3.1938375625759363,-575736.5149771642,-575738.656945871
S2-38.4,reactant,[H]c1c([23H])c(N([H])C(=O)[C:91]([H])=[C:92]([H])[H])c([H])c([28H])c1[32H],0,-0.15206164,-0.27691597,-201.7541064296582,12.896215278379518,0.16316369,0.095319614,0.12924165,0.08935821,-0.0024053305,0.04347644,-300375.3821813617,0.7081539202481508,-300372.48718677904,-300374.7875379038
S2-38.4,intermediate,[H]c1c([23H])c(N([H])C(=O)[C-:91]([H])[C:92]([H])([H])[S:93]C([H])([H])[H])c([H])c([28H])c1[32H],-1,-0.48509002,-0.11209263,-64.92486421249234,113.4499315793919,-0.03976001,0.01375594,-0.013002034,-0.005740732,0.35108364,0.17267144,-575370.5603486928,1.832583760842681,-575366.9603386159,-575368.131167755
S2-38.4,product,[H]c1c([23H])c(N([H])C(=O)[C:91]([H])([H])[C:92]([H])([H])[S:93]C([H])([H])[H])c([H])c([28H])c1[32H],0,-0.13438253,-0.10229731,-192.87773489032702,18.955032457247356,-0.044897083,-0.047290824,-0.046093956,0.04010199,0.0071062,0.023604095,-575740.3057418193,1.1429486647248268,-575736.7096449086,-575739.3350212337
S2-38.5,reactant,[H]c1c([23H])c(N([H])C(=O)[C:91]([H])=[C:92]([H])[H])c([H])c([28H])c1[32H],0,-0.15198292,-0.27692202,-201.74180258297173,12.885994931744882,0.16304782,0.09528586,0.12916684,0.089528024,-0.0024359971,0.043546014,-300375.38158873876,0.7040990125387907,-300372.6323798927,-300374.7866312558
S2-38.5,intermediate,[H]c1c([23H])c(N([H])C(=O)[C-:91]([H])[C:92]([H])([H])[S:93]C([H])([H])[H])c([H])c([28H])c1[32H],-1,-0.5039577,-0.104537286,-67.16991922684979,116.0688400400618,-0.017998911,0.02390597,0.0029535294,-0.0040685833,0.3141404,0.15503591,-575372.7062670656,3.8780977372080088,-575366.6417033079,-575368.5317982406
S2-38.5,product,[H]c1c([23H])c(N([H])C(=O)[C:91]([H])([H])[C:92]([H])([H])[S:93]C([H])([H])[H])c([H])c([28H])c1[32H],0,-0.14279841,-0.108286925,-193.32871749447835,18.835982403185596,-0.027771555,-0.037144534,-0.032458045,0.035553053,0.020434074,0.027993564,-575740.6015675974,3.1587231885641813,-575735.2335862058,-575738.6825299272
S2-38.6,reactant,[H]c1c([23H])c(N([H])C(=O)[C:91]([H])=[C:92]([H])[H])c([H])c([28H])c1[32H],0,-0.14377445,-0.2782536,-202.7897695747692,11.94367983184211,0.13236156,0.067242146,0.09980185,0.05991681,-0.0014831424,0.029216833,-300374.0778567679,0.5435832943767309,-300371.80048362113,-300373.4151845851
S2-38.6,intermediate,[H]c1c([23H])c(N([H])C(=O)[C-:91]([H])[C:92]([H])([H])[S:93]C([H])([H])[H])c([H])c([28H])c1[32H],-1,-0.5035906,-0.10494675,-67.20518466979846,116.03990885992759,-0.018434979,0.023963757,0.002764389,-0.0036964715,0.31318617,0.15474483,-575372.6949423606,3.5750356819480658,-575366.2259990436,-575368.3404243707
S2-38.6,product,[H]c1c([23H])c(N([H])C(=O)[C:91]([H])([H])[C:92]([H])([H])[S:93]C([H])([H])[H])c([H])c([28H])c1[32H],0,-0.14276545,-0.10826985,-193.3282129405608,18.877692206454046,-0.02790919,-0.03719919,-0.03255419,0.03551945,0.02053395,0.0280267,-575740.6040318818,3.129158427938819,-575737.1689031546,-575738.680379898
S2-38.7,reactant,[H]c1c([23H])c(N([H])C(=O)[C:91]([H])=[C:92]([H])[H])c([H])c([28H])c1[32H],0,-0.1519172,-0.27696383,-201.74906051648432,12.90025571787125,0.16301697,0.09527488,0.12914592,0.089432314,-0.0025073886,0.043462463,-300375.3821510469,0.7144310232251883,-300372.5436523305,-300374.7889272483
S2-38.7,intermediate,[H]c1c([23H])c(N([H])C(=O)[C-:91]([H])[C:92]([H])([H])[S:93]C([H])([H])[H])c([H])c([28H])c1[32H],-1,-0.5041741,-0.10445353,-67.02395308588119,116.22829271451954,-0.01868023,0.02355846,0.0024391152,-0.003355801,0.3130678,0.154856,-575372.7061547084,3.675676690414548,-575365.8883997696,-575368.2569085045
S2-38.7,product,[H]c1c([23H])c(N([H])C(=O)[C:91]([H])([H])[C:92]([H])([H])[S:93]C([H])([H])[H])c([H])c([28H])c1[32H],0,-0.13428378,-0.10214794,-192.86038841914498,18.979156302863395,-0.04487757,-0.04729253,-0.046085052,0.04010676,0.007136166,0.023621462,-575740.3041347337,1.0592871438711882,-575737.1917955753,-575739.3316486358
S2-38.8,reactant,[H]c1c([23H])c(N([H])C(=O)[C:91]([H])=[C:92]([H])[H])c([H])c([28H])c1[32H],0,-0.15204243,-0.27694064,-201.74792181720653,12.89211376035323,0.16311732,0.095310956,0.12921414,0.08936815,-0.002410382,0.043478884,-300375.38172251644,0.7102891523391008,-300373.0819352928,-300374.79057944124
S2-38.8,intermediate,[H]c1c([23H])c(N([H])C(=O)[C-:91]([H])[C:92]([H])([H])[S:93]C([H])([H])[H])c([H])c([28H])c1[32H],-1,-0.4748685,-0.11232709,-64.99882583875063,114.72716510319353,-0.009231351,0.023481987,0.007125318,-0.021649092,0.331006,0.15467843,-575374.299257513,1.8446163292974234,-575369.8615246017,-575371.7626181747
S2-38.8,product,[H]c1c([23H])c(N([H])C(=O)[C:91]([H])([H])[C:92]([H])([H])[S:93]C([H])([H])[H])c([H])c([28H])c1[32H],0,-0.14193486,-0.11934826,-190.5311632211107,19.15839100731346,-0.023717903,-0.021552667,-0.022635285,0.02061309,0.008075386,0.014344238,-575741.2878325431,2.1464059948921204,-575737.0207452707,-575739.2488449779
S2-38.9,reactant,[H]c1c([23H])c(N([H])C(=O)[C:91]([H])=[C:92]([H])[H])c([H])c([28H])c1[32H],0,-0.14952366,-0.27895233,-202.51952854062696,12.040797313819347,0.13308689,0.0664037,0.099745296,0.06102413,0.001229912,0.03112702,-300374.33919548476,0.9070310238748789,-300371.7146457483,-300373.4094229194
S2-38.9,intermediate,[H]c1c([23H])c(N([H])C(=O)[C-:91]([H])[C:92]([H])([H])[S:93]C([H])([H])[H])c([H])c([28H])c1[32H],-1,-0.49680233,-0.11067415,-66.31352946302742,116.35458121973383,-0.032617755,0.020037428,-0.006290164,-0.006249398,0.3297488,0.16174969,-575372.1371177699,1.6649258956313133,-575366.2213381737,-575368.3271025129
S2-38.9,product,[H]c1c([23H])c(N([H])C(=O)[C:91]([H])([H])[C:92]([H])([H])[S:93]C([H])([H])[H])c([H])c([28H])c1[32H],0,-0.14773561,-0.115499474,-192.1054080000472,17.76819932588832,-0.021356955,-0.020600103,-0.020978529,0.016101524,0.004519701,0.010310613,-575741.4529284617,2.674435455352068,-575736.548928134,-575739.1942485408
S2-38.10,reactant,[H]c1c([23H])c(N([H])C(=O)[C:91]([H])=[C:92]([H])[H])c([H])c([28H])c1[32H],0,-0.1520132,-0.27693757,-201.7479054894625,12.892813036695365,0.1630801,0.09531981,0.12919995,0.08942573,-0.002427727,0.043499,-300375.38197579357,0.6736189853399992,-300372.8138903419,-300374.7897546328
S2-38.10,intermediate,[H]c1c([23H])c(N([H])C(=O)[C-:91]([H])[C:92]([H])([H])[S:93]C([H])([H])[H])c([H])c([28H])c1[32H],-1,-0.49615213,-0.11161775,-66.05240489069466,116.25478436590566,-0.032865904,0.020498246,-0.006183829,-0.0059704483,0.3276862,0.16085786,-575372.1102016113,1.5699349027127028,-575367.0882449759,-575368.4312780902
S2-38.10,product,[H]c1c([23H])c(N([H])C(=O)[C:91]([H])([H])[C:92]([H])([H])[S:93]C([H])([H])[H])c([H])c([28H])c1[32H],0,-0.1343029,-0.10216021,-192.85981956030568,18.988471397428718,-0.04483519,-0.047300704,-0.046067946,0.03998615,0.0070728213,0.023529485,-575740.3050822665,1.111910618841648,-575738.0174757796,-575739.333453704
S2-55.1,reactant,[H]c1nc([20H])c2c([H])c(N([H])C(=O)[C:91]([H])=[C:92]([H])[H])c([H])c([H])c2n1,0,-0.14433318,-0.27381334,-189.8570727019528,-14.17601998624293,0.053659737,0.046385303,0.05002252,-0.0076729953,-0.009361282,-0.008517139,-416998.0794491821,0.40040528401732445,-416994.4927145665,-416996.9928201738
S2-55.1,intermediate,[H]c1nc([20H])c2c([H])c(N([H])C(=O)[C-:91]([H])[C:92]([H])([H])[S:93]C([H])([H])[H])c([H])c([H])c2n1,-1,-0.4865048,-0.11396274,-73.83461129129036,69.58765923059954,-0.014261588,0.014497504,0.00011795759,-0.04183647,0.21668035,0.08742194,-692006.3580348445,1.8317410927265882,-692002.0885942564,-692003.9776977317
S2-55.1,product,[H]c1nc([20H])c2c([H])c(N([H])C(=O)[C:91]([H])([H])[C:92]([H])([H])[S:93]C([H])([H])[H])c([H])c([H])c2n1,0,-0.13015854,-0.10850056,-183.36920984682544,-12.69754322981613,-0.050770704,-0.04680439,-0.04878755,-0.0016150326,-0.010505363,-0.006060198,-692364.1693331153,1.117171486839652,-692360.7759779041,-692362.886072947
S2-55.2,reactant,[H]c1nc([20H])c2c([H])c(N([H])C(=O)[C:91]([H])=[C:92]([H])[H])c([H])c([H])c2n1,0,-0.14969587,-0.27188,-187.9675163000353,-13.330579868675898,0.07701722,0.066583276,0.07180025,-0.00028397143,-0.01356554,-0.006924756,-416999.2080940416,0.5009166598320007,-416996.3033081154,-416998.2417345258
S2-55.2,intermediate,[H]c1nc([20H])c2c([H])c(N([H])C(=O)[C-:91]([H])[C:92]([H])([H])[S:93]C([H])([H])[H])c([H])c([H])c2n1,-1,-0.4799857,-0.11266142,-74.52678419069696,67.29566989311957,-0.012743756,0.013818003,0.00053712353,-0.03548649,0.21402359,0.08926855,-692006.0833035347,1.515354797244072,-691999.8849198971,-692003.6813735521
S2-55.2,product,[H]c1nc([20H])c2c([H])c(N([H])C(=O)[C:91]([H])([H])[C:92]([H])([H])[S:93]C([H])([H])[H])c([H])c([H])c2n1,0,-0.13034554,-0.10858572,-183.39289928312425,-12.68185193275873,-0.050839253,-0.046849914,-0.048844583,-0.0016397238,-0.010465071,-0.006052397,-692364.175849035,1.1716697569936514,-692359.6439248185,-692362.8861672623
S2-55.3,reactant,[H]c1nc([20H])c2c([H])c(N([H])C(=O)[C:91]([H])=[C:92]([H])[H])c([H])c([H])c2n1,0,-0.15016133,-0.27491108,-189.73119549222736,-14.344642192585924,0.052751303,0.046002626,0.049376965,-0.006011322,-0.007309884,-0.006660603,-416998.375104269,0.9201185423880816,-416994.78125726944,-416997.06172862137
S2-55.3,intermediate,[H]c1nc([20H])c2c([H])c(N([H])C(=O)[C-:91]([H])[C:92]([H])([H])[S:93]C([H])([H])[H])c([H])c([H])c2n1,-1,-0.50636655,-0.10516025,-76.54404883394541,70.7960708984115,-0.02666054,0.012145661,-0.007257439,-0.03502491,0.23204887,0.09851198,-692003.9739915685,3.0197759941220284,-691996.5374180775,-692000.1028369701
S2-55.3,product,[H]c1nc([20H])c2c([H])c(N([H])C(=O)[C:91]([H])([H])[C:92]([H])([H])[S:93]C([H])([H])[H])c([H])c([H])c2n1,0,-0.12978142,-0.10846427,-182.49299056921237,-11.396011260737126,-0.051141284,-0.046849236,-0.04899526,-0.0022774488,-0.010771498,-0.0065244734,-692364.1405533975,1.0521287005394697,-692359.9897338763,-692362.8998146285
S2-55.4,reactant,[H]c1nc([20H])c2c([H])c(N([H])C(=O)[C:91]([H])=[C:92]([H])[H])c([H])c([H])c2n1,0,-0.15129729,-0.27176967,-189.00562601824578,-14.429339785028574,0.07765138,0.06650615,0.072078764,-0.00051641464,-0.012706563,-0.0066114888,-416999.25719144935,0.7203501146286726,-416995.5816029841,-416998.2484772615
S2-55.4,intermediate,[H]c1nc([20H])c2c([H])c(N([H])C(=O)[C-:91]([H])[C:92]([H])([H])[S:93]C([H])([H])[H])c([H])c([H])c2n1,-1,-0.47979864,-0.11258718,-74.54274266554968,67.33026279113837,-0.012843296,0.013722695,0.00043969974,-0.035357684,0.2137031,0.089172706,-692006.0864885566,1.587663434445858,-692000.8232429209,-692003.7202993421
S2-55.4,product,[H]c1nc([20H])c2c([H])c(N([H])C(=O)[C:91]([H])([H])[C:92]([H])([H])[S:93]C([H])([H])[H])c([H])c([H])c2n1,0,-0.13974607,-0.123774156,-182.63762969028747,-9.049219643661255,-0.033051617,-0.02711457,-0.030083094,0.00034552813,-0.002666086,-0.0011602789,-692365.7102698629,1.4415832795202732,-692360.0031348029,-692363.1914954651
S2-55.5,reactant,[H]c1nc([20H])c2c([H])c(N([H])C(=O)[C:91]([H])=[C:92]([H])[H])c([H])c([H])c2n1,0,-0.15099901,-0.27185056,-189.060364165825,-14.460215889964,0.07728475,0.06638524,0.071835,-0.0008482784,-0.0129002035,-0.006874241,-416999.25313083193,0.5394478775560856,-416995.7699710407,-416998.24739604705
S2-55.5,intermediate,[H]c1nc([20H])c2c([H])c(N([H])C(=O)[C-:91]([H])[C:92]([H])([H])[S:93]C([H])([H])[H])c([H])c([H])c2n1,-1,-0.5067279,-0.10353074,-76.43879008346981,72.61116894148685,-0.0248461,0.013033219,-0.0059064403,-0.038099557,0.23202774,0.09696409,-692004.4470474574,3.9061013869941235,-691996.8119216306,-692000.4167519811
S2-55.5,product,[H]c1nc([20H])c2c([H])c(N([H])C(=O)[C:91]([H])([H])[C:92]([H])([H])[S:93]C([H])([H])[H])c([H])c([H])c2n1,0,-0.12978461,-0.10847554,-182.50258073463587,-11.405364532595485,-0.05114308,-0.046833552,-0.048988316,-0.002240762,-0.010719135,-0.0064799488,-692364.1416069205,1.0675306357443333,-692360.1373883863,-692362.9000865628
S2-55.6,reactant,[H]c1nc([20H])c2c([H])c(N([H])C(=O)[C:91]([H])=[C:92]([H])[H])c([H])c([H])c2n1,0,-0.15103677,-0.27185854,-189.0528901756564,-14.454769575077027,0.077300996,0.06637813,0.07183956,-0.0008382648,-0.012885764,-0.0068620145,-416999.2547271882,0.5477447751909494,-416996.0528758598,-416998.2499453198
S2-55.6,intermediate,[H]c1nc([20H])c2c([H])c(N([H])C(=O)[C-:91]([H])[C:92]([H])([H])[S:93]C([H])([H])[H])c([H])c([H])c2n1,-1,-0.50687534,-0.10387855,-76.50756759614104,72.57873778772957,-0.02478996,0.0132074505,-0.0057912543,-0.03829047,0.23304155,0.09737554,-692004.4389312291,3.816621722653508,-691998.0226445771,-692000.4778630547
S2-55.6,product,[H]c1nc([20H])c2c([H])c(N([H])C(=O)[C:91]([H])([H])[C:92]([H])([H])[S:93]C([H])([H])[H])c([H])c([H])c2n1,0,-0.13818285,-0.11931816,-183.8776219414628,-9.17465174165544,-0.036338,-0.03348358,-0.03491079,0.007591635,0.0036786199,0.0056351274,-692364.9616834896,1.7874073516577482,-692360.9962648639,-692362.7046851545
S2-55.7,reactant,[H]c1nc([20H])c2c([H])c(N([H])C(=O)[C:91]([H])=[C:92]([H])[H])c([H])c([H])c2n1,0,-0.14446865,-0.27382138,-189.8769587747521,-14.188485517268386,0.053529978,0.04632142,0.0499257,-0.0076629072,-0.009314552,-0.00848873,-416998.07855963823,0.42815629579126835,-416994.2187183655,-416996.99025630095
S2-55.7,intermediate,[H]c1nc([20H])c2c([H])c(N([H])C(=O)[C-:91]([H])[C:92]([H])([H])[S:93]C([H])([H])[H])c([H])c([H])c2n1,-1,-0.5071681,-0.10604258,-76.65155483238922,70.81117166661329,-0.027113646,0.01204095,-0.007536348,-0.035382897,0.23522434,0.09992072,-692003.9591449689,3.215408146381378,-691996.4700534362,-691999.9404538601
S2-55.7,product,[H]c1nc([20H])c2c([H])c(N([H])C(=O)[C:91]([H])([H])[C:92]([H])([H])[S:93]C([H])([H])[H])c([H])c([H])c2n1,0,-0.14110792,-0.12518854,-183.87647312421703,-10.087643587133858,-0.031948395,-0.02636157,-0.029154982,0.00073184073,-0.0025563985,-0.0009122789,-692365.6133667035,1.7329676374793053,-692360.5352775139,-692362.9479584534
S2-55.8,reactant,[H]c1nc([20H])c2c([H])c(N([H])C(=O)[C:91]([H])=[C:92]([H])[H])c([H])c([H])c2n1,0,-0.15127702,-0.27178174,-189.00247902805842,-14.42212438621027,0.07766706,0.06651704,0.07209205,-0.0005337,-0.012704119,-0.0066189095,-416999.25721465854,0.7339928522706032,-416995.1972411898,-416998.2502918712
S2-55.8,intermediate,[H]c1nc([20H])c2c([H])c(N([H])C(=O)[C-:91]([H])[C:92]([H])([H])[S:93]C([H])([H])[H])c([H])c([H])c2n1,-1,-0.506644,-0.10350207,-76.39698497207972,72.61417560363074,-0.024858147,0.012989394,-0.0059343763,-0.038136035,0.23184678,0.09685537,-692004.4482762818,3.8875425830483437,-691998.6841510551,-692000.3995764899
S2-55.8,product,[H]c1nc([20H])c2c([H])c(N([H])C(=O)[C:91]([H])([H])[C:92]([H])([H])[S:93]C([H])([H])[H])c([H])c([H])c2n1,0,-0.13804841,-0.11883318,-183.86413251422533,-9.177609363855115,-0.03674048,-0.03381265,-0.035276566,0.007617116,0.0037061423,0.005661629,-692364.9542014536,1.7312910910695791,-692359.5780967181,-692362.6983913162
S2-55.9,reactant,[H]c1nc([20H])c2c([H])c(N([H])C(=O)[C:91]([H])=[C:92]([H])[H])c([H])c([H])c2n1,0,-0.15010269,-0.27489406,-189.727465050548,-14.347206929032817,0.05280164,0.04601507,0.049408354,-0.0060376376,-0.007317975,-0.0066778064,-416998.3761808991,0.8723703399300575,-416994.39224979334,-416997.0600225985
S2-55.9,intermediate,[H]c1nc([20H])c2c([H])c(N([H])C(=O)[C-:91]([H])[C:92]([H])([H])[S:93]C([H])([H])[H])c([H])c([H])c2n1,-1,-0.5069982,-0.103550464,-76.48816174369918,72.6170669226426,-0.024999142,0.012922034,-0.006038554,-0.038483888,0.23357719,0.09754665,-692004.4310634285,3.8920748252421618,-691997.1317008258,-692000.5310743639
S2-55.9,product,[H]c1nc([20H])c2c([H])c(N([H])C(=O)[C:91]([H])([H])[C:92]([H])([H])[S:93]C([H])([H])[H])c([H])c([H])c2n1,0,-0.12982893,-0.10838453,-182.50251945333005,-11.388068645842228,-0.051181834,-0.046836205,-0.049009018,-0.0022282898,-0.010668471,-0.0064483806,-692364.1434914065,1.0490349251776934,-692359.3136504238,-692362.9001681575
S2-55.10,reactant,[H]c1nc([20H])c2c([H])c(N([H])C(=O)[C:91]([H])=[C:92]([H])[H])c([H])c([H])c2n1,0,-0.15255605,-0.27618518,-191.01734759349904,-15.545979797858553,0.051971763,0.04663308,0.04930242,-0.007279724,-0.0066043884,-0.006942056,-416998.5068885397,2.1934066135436296,-416994.38200948684,-416996.97948041453
S2-55.10,intermediate,[H]c1nc([20H])c2c([H])c(N([H])C(=O)[C-:91]([H])[C:92]([H])([H])[S:93]C([H])([H])[H])c([H])c([H])c2n1,-1,-0.50632703,-0.10531839,-76.4876071151754,70.81034472599453,-0.026779436,0.012079567,-0.0073499344,-0.03490016,0.23198792,0.09854388,-692003.9710158188,2.859076438471675,-691997.7800845236,-692000.1329279526
S2-55.10,product,[H]c1nc([20H])c2c([H])c(N([H])C(=O)[C:91]([H])([H])[C:92]([H])([H])[S:93]C([H])([H])[H])c([H])c([H])c2n1,0,-0.13028258,-0.108562924,-183.3832610379209,-12.682227242931356,-0.050850186,-0.046836905,-0.048843548,-0.0016919374,-0.010540664,-0.006116301,-692364.173768039,1.0900058224797249,-692359.856065591,-692362.8916781342
S2-42.1,reactant,[H]c1c([H])c(N([H])C(=O)[C:91]([H])=[C:92]([H])[H])c([H])c([25H])c1[30H],0,-0.1495239,-0.2789718,-202.50765787723395,12.038176381078662,0.13311893,0.06641844,0.09976868,0.061031222,0.0012091249,0.031120174,-300374.338931481,0.8863976038992405,-300370.85544448235,-300373.4141055775
S2-42.1,intermediate,[H]c1c([H])c(N([H])C(=O)[C-:91]([H])[C:92]([H])([H])[S:93]C([H])([H])[H])c([H])c([25H])c1[30H],-1,-0.45043927,-0.11449911,-63.79109339943469,113.40570815179726,-0.024031833,0.018854462,-0.0025886856,-0.019221544,0.33723187,0.15900517,-575371.191954077,1.8295748624950647,-575366.3266690094,-575368.6564158844
S2-42.1,product,[H]c1c([H])c(N([H])C(=O)[C:91]([H])([H])[C:92]([H])([H])[S:93]C([H])([H])[H])c([H])c([25H])c1[30H],0,-0.13426912,-0.10198218,-192.87688235690243,18.967864544548448,-0.04469221,-0.047259882,-0.045976046,0.040030047,0.0071097165,0.023569882,-575740.3083755242,1.1375578623265028,-575736.1270048594,-575739.3385349564
S2-42.2,reactant,[H]c1c([H])c(N([H])C(=O)[C:91]([H])=[C:92]([H])[H])c([H])c([25H])c1[30H],0,-0.149432,-0.27906284,-202.52989951662292,12.026444157993097,0.13282031,0.06650518,0.09966274,0.060964018,0.0011230856,0.031043552,-300374.34035429364,1.02937600761652,-300371.3159239768,-300373.42715450807
S2-42.2,intermediate,[H]c1c([H])c(N([H])C(=O)[C-:91]([H])[C:92]([H])([H])[S:93]C([H])([H])[H])c([H])c([25H])c1[30H],-1,-0.4750139,-0.11215594,-64.98883510214858,114.74790147004059,-0.009172931,0.023396768,0.007111918,-0.021582723,0.33144307,0.15493017,-575374.2990403719,1.8620151095092297,-575369.5994267205,-575371.8862589252
S2-42.2,product,[H]c1c([H])c(N([H])C(=O)[C:91]([H])([H])[C:92]([H])([H])[S:93]C([H])([H])[H])c([H])c([25H])c1[30H],0,-0.13430911,-0.10212905,-192.87912117815938,18.943523007983476,-0.044714723,-0.04720255,-0.04595864,0.04012251,0.0071187466,0.023620628,-575740.3070490907,1.086940074339509,-575737.4675839132,-575739.3311914955
S2-42.3,reactant,[H]c1c([H])c(N([H])C(=O)[C:91]([H])=[C:92]([H])[H])c([H])c([25H])c1[30H],0,-0.14374158,-0.27828676,-202.79512521532382,11.931409224208812,0.13225374,0.06726341,0.09975857,0.06000395,-0.0015386045,0.029232673,-300374.0770425026,0.5676081459969282,-300371.0474123041,-300373.4132376833
S2-42.3,intermediate,[H]c1c([H])c(N([H])C(=O)[C-:91]([H])[C:92]([H])([H])[S:93]C([H])([H])[H])c([H])c([25H])c1[30H],-1,-0.4745169,-0.11232423,-64.8683047021502,114.7644845024943,-0.010674521,0.022789821,0.00605765,-0.022960871,0.33210498,0.15457207,-575374.2813568226,1.7605580687522888,-575368.9468597362,-575371.5868913998
S2-42.3,product,[H]c1c([H])c(N([H])C(=O)[C:91]([H])([H])[C:92]([H])([H])[S:93]C([H])([H])[H])c([H])c([25H])c1[30H],0,-0.14192866,-0.11902971,-190.66554982870247,19.24760131113056,-0.024246864,-0.022375695,-0.02331128,0.020664006,0.007933855,0.014298931,-575741.2850905018,2.0377016440033913,-575737.4885496971,-575739.223853697
S2-42.4,reactant,[H]c1c([H])c(N([H])C(=O)[C:91]([H])=[C:92]([H])[H])c([H])c([25H])c1[30H],0,-0.14952692,-0.27898148,-202.53078199618574,12.031641897650667,0.13294789,0.066399425,0.09967366,0.061011046,0.0011992902,0.031105168,-300374.339489559,0.9703073017299175,-300370.50256055413,-300373.4212650444
S2-42.4,intermediate,[H]c1c([H])c(N([H])C(=O)[C-:91]([H])[C:92]([H])([H])[S:93]C([H])([H])[H])c([H])c([25H])c1[30H],-1,-0.47500142,-0.11234123,-64.99842582697586,114.70271961602087,-0.009322375,0.023558877,0.007118251,-0.02164799,0.33133644,0.15484422,-575374.2979515431,1.7827192023396492,-575369.3648447853,-575371.7505953424
S2-42.4,product,[H]c1c([H])c(N([H])C(=O)[C:91]([H])([H])[C:92]([H])([H])[S:93]C([H])([H])[H])c([H])c([25H])c1[30H],0,-0.14191218,-0.11904305,-190.65037360953457,19.250284574310804,-0.024233282,-0.022401407,-0.023317344,0.020695642,0.007966682,0.014331162,-575741.2859052307,2.008523650467396,-575737.080964312,-575739.2154222949
S2-42.5,reactant,[H]c1c([H])c(N([H])C(=O)[C:91]([H])=[C:92]([H])[H])c([H])c([25H])c1[30H],0,-0.15205576,-0.27691662,-201.75265948120816,12.891363948408491,0.16308135,0.09530079,0.12919107,0.089366496,-0.0024049133,0.04348079,-300375.38213377795,0.6960585918277502,-300373.30027848494,-300374.7908231462
S2-42.5,intermediate,[H]c1c([H])c(N([H])C(=O)[C-:91]([H])[C:92]([H])([H])[S:93]C([H])([H])[H])c([H])c([25H])c1[30H],-1,-0.4750224,-0.11211692,-65.0003932197072,114.73535605602426,-0.009237826,0.023420572,0.007091373,-0.021722704,0.33127618,0.15477672,-575374.2995633862,1.9526878129690886,-575370.5846997714,-575371.8698427251
S2-42.5,product,[H]c1c([H])c(N([H])C(=O)[C:91]([H])([H])[C:92]([H])([H])[S:93]C([H])([H])[H])c([H])c([25H])c1[30H],0,-0.13433456,-0.10200065,-192.8460304885459,18.956657700166872,-0.044777926,-0.047269873,-0.046023898,0.040295288,0.0072166324,0.02375596,-575740.3004692455,0.9969362169504166,-575737.5748965783,-575739.3314534401
S2-42.6,reactant,[H]c1c([H])c(N([H])C(=O)[C:91]([H])=[C:92]([H])[H])c([H])c([25H])c1[30H],0,-0.14923462,-0.27912092,-202.51904104130918,12.012667844045072,0.13286003,0.06663054,0.09974529,0.060939297,0.0010003448,0.03096982,-300374.34172775847,1.0378377977758646,-300371.6616771156,-300373.40924630954
S2-42.6,intermediate,[H]c1c([H])c(N([H])C(=O)[C-:91]([H])[C:92]([H])([H])[S:93]C([H])([H])[H])c([H])c([25H])c1[30H],-1,-0.5040267,-0.1044386,-67.15334500248845,116.0981714016879,-0.017991588,0.023862123,0.002935268,-0.0038500428,0.31404552,0.15509774,-575372.7095811261,4.385059151798487,-575365.7122629058,-575368.346202686
S2-42.6,product,[H]c1c([H])c(N([H])C(=O)[C:91]([H])([H])[C:92]([H])([H])[S:93]C([H])([H])[H])c([H])c([25H])c1[30H],0,-0.14192751,-0.11915397,-190.66845606109302,19.22339801734513,-0.024147518,-0.022297002,-0.02322226,0.020632178,0.007896572,0.014264375,-575741.2835983139,1.9870738815516233,-575737.3359511363,-575739.1820434676
S2-42.7,reactant,[H]c1c([H])c(N([H])C(=O)[C:91]([H])=[C:92]([H])[H])c([H])c([25H])c1[30H],0,-0.15196905,-0.27694672,-201.75450898207234,12.882701521147414,0.16299114,0.09528653,0.12913883,0.08942407,-0.0024568886,0.043483593,-300375.38142614905,0.685782952234149,-300373.0867055353,-300374.7870426827
S2-42.7,intermediate,[H]c1c([H])c(N([H])C(=O)[C-:91]([H])[C:92]([H])([H])[S:93]C([H])([H])[H])c([H])c([25H])c1[30H],-1,-0.4748794,-0.11225511,-65.00255903105551,114.70875903639326,-0.009295672,0.02346693,0.007085629,-0.02166161,0.33135206,0.15484524,-575374.2982915572,1.8459389749914408,-575369.7989628623,-575371.8432331998
S2-42.7,product,[H]c1c([H])c(N([H])C(=O)[C:91]([H])([H])[C:92]([H])([H])[S:93]C([H])([H])[H])c([H])c([25H])c1[30H],0,-0.14274627,-0.10821018,-193.2954734544925,18.983470200481143,-0.028112084,-0.037221707,-0.032666896,0.035558507,0.020426407,0.027992457,-575740.6144292129,3.768370047211647,-575736.3044250064,-575738.6569188242
S2-42.8,reactant,[H]c1c([H])c(N([H])C(=O)[C:91]([H])=[C:92]([H])[H])c([H])c([25H])c1[30H],0,-0.1494374,-0.27893615,-202.52715685253213,12.03442535354235,0.13306117,0.06637345,0.09971731,0.06103997,0.0011688769,0.031104423,-300374.33874576795,0.8931720796972513,-300370.6156211003,-300373.4345112877
S2-42.8,intermediate,[H]c1c([H])c(N([H])C(=O)[C-:91]([H])[C:92]([H])([H])[S:93]C([H])([H])[H])c([H])c([25H])c1[30H],-1,-0.49668744,-0.11136713,-66.16901879164257,116.2740929351984,-0.03246575,0.020545535,-0.005960107,-0.0054709613,0.32756907,0.16104905,-575372.1318656495,1.5586048644036055,-575366.6906624759,-575368.4130762166
S2-42.8,product,[H]c1c([H])c(N([H])C(=O)[C:91]([H])([H])[C:92]([H])([H])[S:93]C([H])([H])[H])c([H])c([25H])c1[30H],0,-0.14196351,-0.11904601,-190.6691223277476,19.22707312167721,-0.024263814,-0.022349738,-0.023306776,0.020648688,0.007936344,0.014292516,-575741.283942487,1.979366997256875,-575737.2875254686,-575739.236394015
S2-42.9,reactant,[H]c1c([H])c(N([H])C(=O)[C:91]([H])=[C:92]([H])[H])c([H])c([25H])c1[30H],0,-0.14952704,-0.2789859,-202.54053116138905,12.047185440051184,0.13302994,0.066426024,0.09972798,0.060916483,0.0012215078,0.031068996,-300374.3382038079,0.8233391903340816,-300371.30068861454,-300373.43704155466
S2-42.9,intermediate,[H]c1c([H])c(N([H])C(=O)[C-:91]([H])[C:92]([H])([H])[S:93]C([H])([H])[H])c([H])c([25H])c1[30H],-1,-0.4965104,-0.11104614,-66.13135531221788,116.3285364493989,-0.032722108,0.020072721,-0.0063246936,-0.0063734055,0.32919192,0.16140926,-575372.1257954614,1.6956910267472267,-575366.3444054925,-575368.4841934225
S2-42.9,product,[H]c1c([H])c(N([H])C(=O)[C:91]([H])([H])[C:92]([H])([H])[S:93]C([H])([H])[H])c([H])c([25H])c1[30H],0,-0.13435546,-0.102202415,-192.87212847967183,18.96516329756088,-0.044668216,-0.04731661,-0.04599241,0.04006982,0.0071460307,0.023607925,-575740.3030156106,1.2373093739151955,-575737.4669385606,-575739.3365819468
S2-42.10,reactant,[H]c1c([H])c(N([H])C(=O)[C:91]([H])=[C:92]([H])[H])c([H])c([25H])c1[30H],0,-0.15193573,-0.2769529,-201.75588447403302,12.893742894560122,0.16299397,0.0952722,0.12913308,0.0893749,-0.0024777055,0.043448597,-300375.38202401553,0.7255802769213915,-300372.5349818606,-300374.78892191703
S2-42.10,intermediate,[H]c1c([H])c(N([H])C(=O)[C-:91]([H])[C:92]([H])([H])[S:93]C([H])([H])[H])c([H])c([25H])c1[30H],-1,-0.47539723,-0.11203193,-64.96612924556112,114.75291625845249,-0.009259917,0.02333399,0.007037036,-0.021716028,0.33149523,0.1548896,-575374.303314645,1.966772511601448,-575369.927482154,-575371.8737018174
S2-42.10,product,[H]c1c([H])c(N([H])C(=O)[C:91]([H])([H])[C:92]([H])([H])[S:93]C([H])([H])[H])c([H])c([25H])c1[30H],0,-0.13432173,-0.10200982,-192.8705697989202,18.973473746098186,-0.044707477,-0.04728903,-0.045998253,0.040046036,0.0071250796,0.023585558,-575740.3066744418,1.0762024149298668,-575736.8270519727,-575739.3333307102
S2-45.1,reactant,[H]c1c([H])c(N([H])C(=O)/[C:91]([H])=[C:92](\[H])C([H])([H])N(C([H])([H])[H])C([H])([H])[H])c([H])c([28H])c1[34H],0,-0.17898443,-0.08340061,-185.40285955332962,7.91999163300085,0.10420892,0.064619705,0.08441431,0.1265926,0.020434454,0.07351353,-409181.3112630785,1.4737525284290314,-409178.033994682,-409180.4887186746
S2-45.1,intermediate,[H]c1c([H])c(N([H])C(=O)[C-:91]([H])[C:92]([H])(C([H])([H])N(C([H])([H])[H])C([H])([H])[H])[S:93]C([H])([H])[H])c([H])c([28H])c1[34H],-1,-0.47662973,-0.03132602,-62.19416487797686,101.58566318727563,-0.010739783,0.019774126,0.0045171715,-0.009457558,0.30382875,0.1471856,-684179.6046771868,1.934070473536849,-684173.2738121392,-684176.4162011197
S2-45.1,product,[H]c1c([H])c(N([H])C(=O)[C:91]([H])([H])[C:92]([H])(C([H])([H])N(C([H])([H])[H])C([H])([H])[H])[S:93]C([H])([H])[H])c([H])c([28H])c1[34H],0,-0.1420207,-0.036064688,-176.00527434733362,16.640894900638212,-0.024070416,-0.03211208,-0.028091248,0.036373004,0.021678172,0.029025588,-684544.2470526738,6.343193717300892,-684537.7897039568,-684540.1492250478
S2-45.2,reactant,[H]c1c([H])c(N([H])C(=O)/[C:91]([H])=[C:92](\[H])C([H])([H])N(C([H])([H])[H])C([H])([H])[H])c([H])c([28H])c1[34H],0,-0.1508684,-0.104807414,-187.7894365884203,8.367736904180749,0.10078796,0.022606961,0.06169746,0.12555273,0.01858072,0.072066724,-409180.1759614621,2.142506618052721,-409174.780762336,-409178.88089639635
S2-45.2,intermediate,[H]c1c([H])c(N([H])C(=O)[C-:91]([H])[C:92]([H])(C([H])([H])N(C([H])([H])[H])C([H])([H])[H])[S:93]C([H])([H])[H])c([H])c([28H])c1[34H],-1,-0.44279644,0.0026920938,-60.16109633425833,101.99464235605208,-0.0272868,-0.014574108,-0.020930454,0.013104051,0.27431569,0.14370987,-684173.9525046519,1.898216675966978,-684167.2237072361,-684170.3934497953
S2-45.2,product,[H]c1c([H])c(N([H])C(=O)[C:91]([H])([H])[C:92]([H])(C([H])([H])N(C([H])([H])[H])C([H])([H])[H])[S:93]C([H])([H])[H])c([H])c([28H])c1[34H],0,-0.13981025,-0.04457146,-172.73837050196454,16.24255879289415,-0.022242596,-0.03039752,-0.026320059,0.023642018,0.01598534,0.01981368,-684542.7213729866,2.5562920439988375,-684535.8600394605,-684540.1197567604
S2-45.3,reactant,[H]c1c([H])c(N([H])C(=O)/[C:91]([H])=[C:92](\[H])C([H])([H])N(C([H])([H])[H])C([H])([H])[H])c([H])c([28H])c1[34H],0,-0.18018498,-0.08849083,-185.14097073403582,8.885731519336588,0.09371725,0.052521512,0.07311938,0.13293241,0.024668366,0.07880039,-409180.6592627974,1.7444191183894873,-409177.366536233,-409179.6271354236
S2-45.3,intermediate,[H]c1c([H])c(N([H])C(=O)[C-:91]([H])[C:92]([H])(C([H])([H])N(C([H])([H])[H])C([H])([H])[H])[S:93]C([H])([H])[H])c([H])c([28H])c1[34H],-1,-0.44596437,-0.0033337607,-63.35204952560518,102.30549223715987,-0.008236618,-0.0044505605,-0.006343589,-0.017790914,0.2976859,0.13994749,-684177.2940094593,4.620649693533778,-684167.1816902849,-684168.9317755265
S2-45.3,product,[H]c1c([H])c(N([H])C(=O)[C:91]([H])([H])[C:92]([H])(C([H])([H])N(C([H])([H])[H])C([H])([H])[H])[S:93]C([H])([H])[H])c([H])c([28H])c1[34H],0,-0.13849242,-0.063211285,-178.17221894950876,10.987520695488458,-0.032912016,-0.026227057,-0.029569536,0.01455313,0.0084493905,0.01150126,-684547.1224657601,2.044961851090193,-684541.6602687221,-684545.1454612719
S2-45.4,reactant,[H]c1c([H])c(N([H])C(=O)/[C:91]([H])=[C:92](\[H])C([H])([H])N(C([H])([H])[H])C([H])([H])[H])c([H])c([28H])c1[34H],0,-0.17869964,-0.081670634,-184.27833137409738,6.696061371625503,0.06365784,0.037399456,0.05052865,0.16300312,0.034441277,0.0987222,-409181.29420546157,0.9504180960357189,-409177.7383401761,-409180.4698307791
S2-45.4,intermediate,[H]c1c([H])c(N([H])C(=O)[C-:91]([H])[C:92]([H])(C([H])([H])N(C([H])([H])[H])C([H])([H])[H])[S:93]C([H])([H])[H])c([H])c([28H])c1[34H],-1,-0.41162732,-0.041656766,-60.90093294730706,102.3821177996516,0.016182281,0.028965887,0.022574084,-0.02572921,0.27725938,0.12576509,-684177.4227007699,2.538205347955227,-684170.5789195569,-684173.57430428
S2-45.4,product,[H]c1c([H])c(N([H])C(=O)[C:91]([H])([H])[C:92]([H])(C([H])([H])N(C([H])([H])[H])C([H])([H])[H])[S:93]C([H])([H])[H])c([H])c([28H])c1[34H],0,-0.14786346,-0.05548268,-174.3388188377578,15.347549361340416,-0.010568261,-0.00054194033,-0.0055551007,0.02929607,0.027536891,0.02841648,-684544.730751946,3.651267997920513,-684538.9725632597,-684541.6563106807
S2-45.5,reactant,[H]c1c([H])c(N([H])C(=O)/[C:91]([H])=[C:92](\[H])C([H])([H])N(C([H])([H])[H])C([H])([H])[H])c([H])c([28H])c1[34H],0,-0.17900862,-0.08359364,-185.39004398622487,7.944659798943539,0.10392286,0.06454035,0.0842316,0.12609737,0.02020067,0.07314902,-409181.3118726425,1.6100322380661964,-409177.81426024815,-409180.4909396981
S2-45.5,intermediate,[H]c1c([H])c(N([H])C(=O)[C-:91]([H])[C:92]([H])(C([H])([H])N(C([H])([H])[H])C([H])([H])[H])[S:93]C([H])([H])[H])c([H])c([28H])c1[34H],-1,-0.4719804,-0.028940894,-62.6882680543583,100.98751176560336,-0.041487098,-0.0015584435,-0.02152277,0.0019519329,0.32472974,0.16334084,-684176.5423909862,2.6283629965037107,-684169.3819124602,-684172.6347959369
S2-45.5,product,[H]c1c([H])c(N([H])C(=O)[C:91]([H])([H])[C:92]([H])(C([H])([H])N(C([H])([H])[H])C([H])([H])[H])[S:93]C([H])([H])[H])c([H])c([28H])c1[34H],0,-0.13440563,-0.041911542,-175.21871220978957,14.6044437404667,-0.033401635,-0.03524498,-0.03432331,0.02806656,0.014540546,0.021303553,-684545.5840610855,1.7156661599874496,-684541.365939495,-684544.0356868263
S2-45.6,reactant,[H]c1c([H])c(N([H])C(=O)/[C:91]([H])=[C:92](\[H])C([H])([H])N(C([H])([H])[H])C([H])([H])[H])c([H])c([28H])c1[34H],0,-0.15517828,-0.10790509,-187.68424428224185,7.874967703242614,0.071011156,0.009702846,0.040357,0.12044242,0.019374534,0.06990848,-409178.72634743055,1.7709987834095955,-409175.2899606649,-409177.4249989683
S2-45.6,intermediate,[H]c1c([H])c(N([H])C(=O)[C-:91]([H])[C:92]([H])(C([H])([H])N(C([H])([H])[H])C([H])([H])[H])[S:93]C([H])([H])[H])c([H])c([28H])c1[34H],-1,-0.51151335,-0.03624463,-64.2775202812382,101.29949256186217,-0.022767382,0.005411001,-0.00867819,0.004193783,0.33465278,0.16942328,-684174.6213461149,2.0699620936065912,-684165.5527630276,-684168.6898856596
S2-45.6,product,[H]c1c([H])c(N([H])C(=O)[C:91]([H])([H])[C:92]([H])(C([H])([H])N(C([H])([H])[H])C([H])([H])[H])[S:93]C([H])([H])[H])c([H])c([28H])c1[34H],0,-0.13852996,-0.03882667,-175.20756336772524,14.267238218842065,-0.0069646947,-0.009272933,-0.008118814,0.03173949,0.026384294,0.029061891,-684545.3839883223,4.479035111144185,-684539.378254716,-684542.4760310622
S2-45.7,reactant,[H]c1c([H])c(N([H])C(=O)/[C:91]([H])=[C:92](\[H])C([H])([H])N(C([H])([H])[H])C([H])([H])[H])c([H])c([28H])c1[34H],0,-0.1557338,-0.10384004,-188.1922732297687,6.450771803131899,0.048077047,0.0077133253,0.027895186,0.15942407,0.03176692,0.095595494,-409179.6458432006,1.491420492529869,-409176.01328606246,-409178.51203069836
S2-45.7,intermediate,[H]c1c([H])c(N([H])C(=O)[C-:91]([H])[C:92]([H])(C([H])([H])N(C([H])([H])[H])C([H])([H])[H])[S:93]C([H])([H])[H])c([H])c([28H])c1[34H],-1,-0.41180602,-0.041704405,-60.76169883752401,102.3182635659812,0.016171422,0.029162195,0.022666808,-0.024865478,0.27629623,0.12571537,-684177.4055584652,2.405870970338583,-684171.0433937395,-684174.101665594
S2-45.7,product,[H]c1c([H])c(N([H])C(=O)[C:91]([H])([H])[C:92]([H])(C([H])([H])N(C([H])([H])[H])C([H])([H])[H])[S:93]C([H])([H])[H])c([H])c([28H])c1[34H],0,-0.14629048,-0.038091384,-171.19858120797682,15.015881654701607,-0.012930905,-0.020137563,-0.016534235,0.029560566,0.028983496,0.029272031,-684544.6366045849,3.464338179677725,-684539.4003303971,-684541.5579343402
S2-45.8,reactant,[H]c1c([H])c(N([H])C(=O)/[C:91]([H])=[C:92](\[H])C([H])([H])N(C([H])([H])[H])C([H])([H])[H])c([H])c([28H])c1[34H],0,-0.18004824,-0.08844938,-185.16886445090677,8.811400933161828,0.09223757,0.051002618,0.07162009,0.13375841,0.024822101,0.079290256,-409180.6737145204,2.0281063318252563,-409177.0511341262,-409179.6624722073
S2-45.8,intermediate,[H]c1c([H])c(N([H])C(=O)[C-:91]([H])[C:92]([H])(C([H])([H])N(C([H])([H])[H])C([H])([H])[H])[S:93]C([H])([H])[H])c([H])c([28H])c1[34H],-1,-0.44754606,-0.006274249,-60.582369240058746,103.40182558971,-0.036514565,-0.016166842,-0.026340704,0.0020552874,0.2783774,0.14021635,-684173.4071719013,1.7057728711515665,-684166.8449686734,-684169.7070017125
S2-45.8,product,[H]c1c([H])c(N([H])C(=O)[C:91]([H])([H])[C:92]([H])(C([H])([H])N(C([H])([H])[H])C([H])([H])[H])[S:93]C([H])([H])[H])c([H])c([28H])c1[34H],0,-0.13727629,-0.036778238,-173.7811328020362,15.661248688310252,-0.016670344,-0.016959105,-0.016814724,0.03606385,0.01799889,0.02703137,-684543.4904340548,1.9291860181838274,-684538.8835826429,-684541.6543832973
S2-45.9,reactant,[H]c1c([H])c(N([H])C(=O)/[C:91]([H])=[C:92](\[H])C([H])([H])N(C([H])([H])[H])C([H])([H])[H])c([H])c([28H])c1[34H],0,-0.17859884,-0.081683494,-184.27525173182713,6.693868558307456,0.06368742,0.037385203,0.050536312,0.16340809,0.034472346,0.098940216,-409181.2918223276,0.9445325266569853,-409177.35574691196,-409180.46857133665
S2-45.9,intermediate,[H]c1c([H])c(N([H])C(=O)[C-:91]([H])[C:92]([H])(C([H])([H])N(C([H])([H])[H])C([H])([H])[H])[S:93]C([H])([H])[H])c([H])c([28H])c1[34H],-1,-0.4725514,-0.02897642,-62.29287900843206,101.05788467119817,0.008419255,0.03196437,0.020191811,-0.0115094185,0.2932856,0.1408881,-684177.728583261,1.9038164466619492,-684171.5668722908,-684174.629949099
S2-45.9,product,[H]c1c([H])c(N([H])C(=O)[C:91]([H])([H])[C:92]([H])(C([H])([H])N(C([H])([H])[H])C([H])([H])[H])[S:93]C([H])([H])[H])c([H])c([28H])c1[34H],0,-0.14240319,-0.049369395,-174.45620157767698,14.327909799161036,-0.02705727,-0.014807306,-0.020932287,0.02156645,0.020363621,0.020965036,-684545.6101226502,4.666908131912351,-684540.2363380219,-684543.0264398648
S2-45.10,reactant,[H]c1c([H])c(N([H])C(=O)/[C:91]([H])=[C:92](\[H])C([H])([H])N(C([H])([H])[H])C([H])([H])[H])c([H])c([28H])c1[34H],0,-0.18027312,-0.088370435,-185.1627537311361,8.831441602240048,0.092138655,0.051215246,0.071676955,0.1331524,0.024822742,0.07898757,-409180.6777626691,2.159129276871681,-409176.4619456817,-409179.67300991283
S2-45.10,intermediate,[H]c1c([H])c(N([H])C(=O)[C-:91]([H])[C:92]([H])(C([H])([H])N(C([H])([H])[H])C([H])([H])[H])[S:93]C([H])([H])[H])c([H])c([28H])c1[34H],-1,-0.4736794,-0.021579176,-63.80827070895054,101.97855981814733,-0.020105941,0.006509547,-0.0067981966,-0.016687214,0.29426563,0.1387892,-684174.606659903,4.065895659849048,-684167.4860906815,-684170.0372060494
S2-45.10,product,[H]c1c([H])c(N([H])C(=O)[C:91]([H])([H])[C:92]([H])(C([H])([H])N(C([H])([H])[H])C([H])([H])[H])[S:93]C([H])([H])[H])c([H])c([28H])c1[34H],0,-0.1443958,-0.023294408,-172.38019076555196,15.44646047515772,-0.020806497,-0.04274093,-0.031773712,0.02805391,0.025107011,0.02658046,-684543.6768015724,2.1647202651947737,-684538.2660726007,-684540.6167048127
S2-47.1,reactant,[H]c1c([H])c(N([H])C(=O)[C:91]2=[C:92]([H])C([H])([H])C([H])([H])N(C([H])([H])[H])C2([H])[H])c([H])c([30H])c1[33H],0,-0.0019297173,-0.16425613,-185.43078785742688,13.116657662373706,0.090151906,0.043869734,0.06701082,0.049307734,-0.030650193,0.009328771,-433119.69615491753,1.2296565901488066,-433115.9309924969,-433118.47104983777
S2-47.1,intermediate,[H]c1c([H])c(N([H])C(=O)[C-:91]2C([H])([H])N(C([H])([H])[H])C([H])([H])C([H])([H])[C:92]2([H])[S:93]C([H])([H])[H])c([H])c([30H])c1[33H],-1,-0.29679072,-0.0059386482,-62.557869174996156,103.35172327233266,-0.019206064,-0.021794252,-0.020500159,-0.10273126,0.28403848,0.09065361,-708112.792635983,4.8629922568798065,-708101.8600702557,-708106.1085135918
S2-47.1,product,[H]c1c([H])c(N([H])C(=O)[C:91]2([H])C([H])([H])N(C([H])([H])[H])C([H])([H])C([H])([H])[C:92]2([H])[S:93]C([H])([H])[H])c([H])c([30H])c1[33H],0,-0.08781562,-0.040591273,-173.44918168558087,13.919446111719296,-0.03939233,-0.01627041,-0.02783137,0.008475311,0.00017429143,0.0043248013,-708477.1145324125,5.74235150963068,-708470.8163807701,-708474.3894277767
S2-47.2,reactant,[H]c1c([H])c(N([H])C(=O)[C:91]2=[C:92]([H])C([H])([H])C([H])([H])N(C([H])([H])[H])C2([H])[H])c([H])c([30H])c1[33H],0,0.0017647643,-0.1541021,-183.44914629742294,9.849092433723353,0.077568784,0.03203532,0.054802053,0.037200354,-0.037262313,-3.0979514e-05,-433116.81025808404,1.3553268164396286,-433112.1948433462,-433115.12850851106
S2-47.2,intermediate,[H]c1c([H])c(N([H])C(=O)[C-:91]2C([H])([H])N(C([H])([H])[H])C([H])([H])C([H])([H])[C:92]2([H])[S:93]C([H])([H])[H])c([H])c([30H])c1[33H],-1,-0.23325953,-0.0081973905,-62.14974004137127,105.5151640242368,-0.008891566,-0.011627349,-0.010259458,-0.05062373,0.27172843,0.11055234,-708103.3875221626,2.655774410814047,-708095.3050418708,-708097.9356671537
S2-47.2,product,[H]c1c([H])c(N([H])C(=O)[C:91]2([H])C([H])([H])N(C([H])([H])[H])C([H])([H])C([H])([H])[C:92]2([H])[S:93]C([H])([H])[H])c([H])c([30H])c1[33H],0,-0.08323096,-0.053054255,-173.81710753304353,13.924074886453896,-0.02268373,-0.011571433,-0.017127581,0.019483253,0.012513243,0.015998248,-708479.62952977,5.714300278574228,-708473.0037470233,-708475.5124431158
S2-47.3,reactant,[H]c1c([H])c(N([H])C(=O)[C:91]2=[C:92]([H])C([H])([H])C([H])([H])N(C([H])([H])[H])C2([H])[H])c([H])c([30H])c1[33H],0,-0.0037672627,-0.16131443,-185.5550799550765,13.130916483707631,0.08914244,0.04141163,0.06527704,0.044216618,-0.03368725,0.0052646846,-433119.58017231297,1.220838576555252,-433116.07087450114,-433118.49605414626
S2-47.3,intermediate,[H]c1c([H])c(N([H])C(=O)[C-:91]2C([H])([H])N(C([H])([H])[H])C([H])([H])C([H])([H])[C:92]2([H])[S:93]C([H])([H])[H])c([H])c([30H])c1[33H],-1,-0.00226692,-0.14146191,-78.41484456035263,85.03582405556625,0.030089736,0.020446703,0.02526822,0.08252486,-0.026856275,0.027834293,-708124.9493821777,1.6251103561371565,-708118.5017966062,-708121.4635715899
S2-47.3,product,[H]c1c([H])c(N([H])C(=O)[C:91]2([H])C([H])([H])N(C([H])([H])[H])C([H])([H])C([H])([H])[C:92]2([H])[S:93]C([H])([H])[H])c([H])c([30H])c1[33H],0,-0.08572208,-0.050850276,-172.86580536029635,13.079949975360925,-0.029813662,-0.008478224,-0.019145943,0.019204497,0.02122721,0.020215854,-708474.996548527,1.6622372455894947,-708468.8676407496,-708472.0987063256
S2-47.4,reactant,[H]c1c([H])c(N([H])C(=O)[C:91]2=[C:92]([H])C([H])([H])C([H])([H])N(C([H])([H])[H])C2([H])[H])c([H])c([30H])c1[33H],0,-0.0010819217,-0.15336868,-183.8201791569159,10.261288635692093,0.06875351,0.031389877,0.050071694,0.038966924,-0.03866505,0.00015093759,-433116.98236113385,1.2514137774705887,-433111.8720931768,-433115.5833225652
S2-47.4,intermediate,[H]c1c([H])c(N([H])C(=O)[C-:91]2C([H])([H])N(C([H])([H])[H])C([H])([H])C([H])([H])[C:92]2([H])[S:93]C([H])([H])[H])c([H])c([30H])c1[33H],-1,-0.27261695,-0.027240302,-58.011342387674034,103.25254964303323,-0.040885,-0.024423752,-0.032654375,-0.06945248,0.28492808,0.107737795,-708109.8470389995,2.8877673242241144,-708101.6359118694,-708104.5404475309
S2-47.4,product,[H]c1c([H])c(N([H])C(=O)[C:91]2([H])C([H])([H])N(C([H])([H])[H])C([H])([H])C([H])([H])[C:92]2([H])[S:93]C([H])([H])[H])c([H])c([30H])c1[33H],0,-0.07224958,-0.059789713,-174.1183845739689,13.891573528028335,-0.03359979,-0.02420887,-0.02890433,0.021128073,0.00965672,0.015392397,-708480.3077385506,2.605721917003393,-708473.7370781074,-708477.8157732268
S2-47.5,reactant,[H]c1c([H])c(N([H])C(=O)[C:91]2=[C:92]([H])C([H])([H])C([H])([H])N(C([H])([H])[H])C2([H])[H])c([H])c([30H])c1[33H],0,-0.0010784516,-0.1533834,-183.82745325512494,10.251253944115938,0.06856787,0.031282336,0.049925104,0.03882834,-0.03869681,6.576441e-05,-433116.9868969691,1.3193421084433794,-433113.45467651804,-433115.5738428345
S2-47.5,intermediate,[H]c1c([H])c(N([H])C(=O)[C-:91]2C([H])([H])N(C([H])([H])[H])C([H])([H])C([H])([H])[C:92]2([H])[S:93]C([H])([H])[H])c([H])c([30H])c1[33H],-1,0.008644313,-0.1326093,-81.61896127045853,82.80476033608483,0.01013729,0.007279396,0.008708343,0.07485716,-0.037659258,0.018598951,-708123.2700508335,1.8567530754953623,-708116.0235077398,-708119.5083121873
S2-47.5,product,[H]c1c([H])c(N([H])C(=O)[C:91]2([H])C([H])([H])N(C([H])([H])[H])C([H])([H])C([H])([H])[C:92]2([H])[S:93]C([H])([H])[H])c([H])c([30H])c1[33H],0,-0.0870263,-0.043290224,-175.95578051896118,12.310157701142392,-0.041595425,-0.032780614,-0.03718802,0.024835914,0.0053429753,0.015089445,-708480.7504439553,1.9288932457566261,-708474.6168457987,-708478.1435601804
S2-47.6,reactant,[H]c1c([H])c(N([H])C(=O)[C:91]2=[C:92]([H])C([H])([H])C([H])([H])N(C([H])([H])[H])C2([H])[H])c([H])c([30H])c1[33H],0,-0.0072345077,-0.13738419,-181.82334672175153,10.255312884997693,0.058788806,0.0670776,0.06293321,0.047362577,-0.039437734,0.003962422,-433117.2505121847,1.0655679069459438,-433113.4398326526,-433116.36483829265
S2-47.6,intermediate,[H]c1c([H])c(N([H])C(=O)[C-:91]2C([H])([H])N(C([H])([H])[H])C([H])([H])C([H])([H])[C:92]2([H])[S:93]C([H])([H])[H])c([H])c([30H])c1[33H],-1,-0.3031664,-0.0047433926,-60.21862328289593,105.11309733580137,-0.021977957,-0.026942525,-0.024460241,-0.09957577,0.2851897,0.09280696,-708113.2722536556,2.197637030854821,-708105.0017101323,-708108.4626299655
S2-47.6,product,[H]c1c([H])c(N([H])C(=O)[C:91]2([H])C([H])([H])N(C([H])([H])[H])C([H])([H])C([H])([H])[C:92]2([H])[S:93]C([H])([H])[H])c([H])c([30H])c1[33H],0,-0.082724035,-0.030783646,-171.48396246015673,12.267175405584913,-0.03810962,-0.034118503,-0.03611406,0.04003413,0.018016621,0.029025376,-708480.277160069,2.563247825950384,-708475.7794263968,-708478.695325578
S2-47.7,reactant,[H]c1c([H])c(N([H])C(=O)[C:91]2=[C:92]([H])C([H])([H])C([H])([H])N(C([H])([H])[H])C2([H])[H])c([H])c([30H])c1[33H],0,-0.0010283238,-0.15332793,-183.84721255946542,10.23529490893662,0.06860696,0.031185135,0.049896047,0.038629096,-0.038756542,-6.372295e-05,-433116.992162526,1.2281154841184616,-433112.6950249902,-433115.5866388798
S2-47.7,intermediate,[H]c1c([H])c(N([H])C(=O)[C-:91]2C([H])([H])N(C([H])([H])[H])C([H])([H])C([H])([H])[C:92]2([H])[S:93]C([H])([H])[H])c([H])c([30H])c1[33H],-1,-0.29697952,-0.0058139334,-62.480428154511905,103.37785192177114,-0.018800687,-0.021615226,-0.020207956,-0.10280791,0.28423637,0.09071422,-708112.7733870264,4.342807896435261,-708102.7058086324,-708106.1972741763
S2-47.7,product,[H]c1c([H])c(N([H])C(=O)[C:91]2([H])C([H])([H])N(C([H])([H])[H])C([H])([H])C([H])([H])[C:92]2([H])[S:93]C([H])([H])[H])c([H])c([30H])c1[33H],0,-0.08226795,-0.038057484,-170.77791656189956,14.950753356824329,-0.039437965,-0.0215333,-0.030485632,0.000305593,-0.005357504,-0.0025259554,-708476.9936501643,2.5307761803269386,-708472.6428192415,-708475.2974253151
S2-47.8,reactant,[H]c1c([H])c(N([H])C(=O)[C:91]2=[C:92]([H])C([H])([H])C([H])([H])N(C([H])([H])[H])C2([H])[H])c([H])c([30H])c1[33H],0,-0.0020394635,-0.1644531,-185.42084767505187,13.121414805421576,0.089807734,0.04404095,0.06692434,0.04966463,-0.030574495,0.009545067,-433119.68637041375,1.2002641689032316,-433115.81259504135,-433118.4862466651
S2-47.8,intermediate,[H]c1c([H])c(N([H])C(=O)[C-:91]2C([H])([H])N(C([H])([H])[H])C([H])([H])C([H])([H])[C:92]2([H])[S:93]C([H])([H])[H])c([H])c([30H])c1[33H],-1,-0.28514943,-0.05266546,-57.9198546227166,104.54512435121794,-0.041707985,-0.014747519,-0.02822775,-0.060986474,0.32475853,0.13188604,-708110.3829684115,2.5752127785235643,-708103.7388223027,-708106.6245752318
S2-47.8,product,[H]c1c([H])c(N([H])C(=O)[C:91]2([H])C([H])([H])N(C([H])([H])[H])C([H])([H])C([H])([H])[C:92]2([H])[S:93]C([H])([H])[H])c([H])c([30H])c1[33H],0,-0.08193867,-0.03439736,-172.3297723451179,16.08477957242954,-0.044309814,-0.035343286,-0.03982655,0.005965069,-0.0004905164,0.0027372763,-708476.6953810456,1.0421821549534798,-708471.0817457783,-708475.021199748
S2-47.9,reactant,[H]c1c([H])c(N([H])C(=O)[C:91]2=[C:92]([H])C([H])([H])C([H])([H])N(C([H])([H])[H])C2([H])[H])c([H])c([30H])c1[33H],0,-0.003580443,-0.16116121,-185.58495396108313,13.132615138051456,0.089598894,0.04125359,0.065426245,0.044334996,-0.033727627,0.0053036846,-433119.582081,1.2486890088766813,-433116.12114989845,-433118.4870261034
S2-47.9,intermediate,[H]c1c([H])c(N([H])C(=O)[C-:91]2C([H])([H])N(C([H])([H])[H])C([H])([H])C([H])([H])[C:92]2([H])[S:93]C([H])([H])[H])c([H])c([30H])c1[33H],-1,-0.30277488,-0.033186607,-61.14945291344069,104.73349032158448,-0.023683835,-0.007968891,-0.015826363,-0.073915064,0.3085773,0.117331125,-708115.4155685822,2.255921833217144,-708107.707081645,-708110.8569187351
S2-47.9,product,[H]c1c([H])c(N([H])C(=O)[C:91]2([H])C([H])([H])N(C([H])([H])[H])C([H])([H])C([H])([H])[C:92]2([H])[S:93]C([H])([H])[H])c([H])c([30H])c1[33H],0,-0.0862564,-0.05391101,-173.8925710046987,12.830168566840369,-0.012756977,-8.7581575e-06,-0.0063828677,0.015031926,0.009820275,0.012426101,-708480.5682336886,4.133319729939103,-708472.3269600915,-708475.9378868517
S2-47.10,reactant,[H]c1c([H])c(N([H])C(=O)[C:91]2=[C:92]([H])C([H])([H])C([H])([H])N(C([H])([H])[H])C2([H])[H])c([H])c([30H])c1[33H],0,-0.0034887576,-0.16128847,-185.56814493001454,13.120041227078143,0.08941704,0.04128512,0.065351084,0.04502995,-0.03365062,0.005689664,-433119.5794357753,1.1916593350470066,-433115.7343772187,-433118.49747325125
S2-47.10,intermediate,[H]c1c([H])c(N([H])C(=O)[C-:91]2C([H])([H])N(C([H])([H])[H])C([H])([H])C([H])([H])[C:92]2([H])[S:93]C([H])([H])[H])c([H])c([30H])c1[33H],-1,0.0131515525,-0.14120053,-84.31091675883667,80.05803480169695,0.022343308,0.007538095,0.014940701,0.07486611,-0.03657712,0.019144494,-708125.4968726776,4.676307903602719,-708118.0699154673,-708121.122424815
S2-47.10,product,[H]c1c([H])c(N([H])C(=O)[C:91]2([H])C([H])([H])N(C([H])([H])[H])C([H])([H])C([H])([H])[C:92]2([H])[S:93]C([H])([H])[H])c([H])c([30H])c1[33H],0,-0.08326466,-0.040681694,-174.6123507333429,12.682757738820653,-0.026696656,-0.012974653,-0.019835655,0.023244202,0.017067134,0.020155668,-708484.9693591159,1.838343681767583,-708478.486623766,-708482.7398447623
S2-48.1,reactant,[H]c1c([H])c(N([H])C(=O)[C:91]2=[C:92]([H])C([H])([H])N(C([H])([H])[H])C([H])([H])C2([H])[H])c([H])c([30H])c1[33H],0,-0.012543269,-0.1376689,-181.28855930570262,10.422271151322244,0.060805187,0.072083354,0.06644427,0.047031313,-0.03935487,0.0038382225,-433118.3025238457,1.0476552080363035,-433114.40371101984,-433117.4123932844
S2-48.1,intermediate,[H]c1c([H])c(N([H])C(=O)[C-:91]2C([H])([H])C([H])([H])N(C([H])([H])[H])C([H])([H])[C:92]2([H])[S:93]C([H])([H])[H])c([H])c([30H])c1[33H],-1,-0.31445032,-0.031839687,-57.66210729822184,100.97222113645402,0.0048371293,0.004624119,0.004730624,-0.058587193,0.29895958,0.120186195,-708111.7474502833,2.606030974537134,-708105.3734333484,-708107.5720393478
S2-48.1,product,[H]c1c([H])c(N([H])C(=O)[C:91]2([H])C([H])([H])C([H])([H])N(C([H])([H])[H])C([H])([H])[C:92]2([H])[S:93]C([H])([H])[H])c([H])c([30H])c1[33H],0,-0.08466857,-0.04036915,-170.3158119543124,13.042061682656636,-0.039014656,-0.036380608,-0.037697632,0.012593001,0.0027170256,0.0076550134,-708480.1902716345,3.4560010321438313,-708475.2181050086,-708478.1206121276
S2-48.2,reactant,[H]c1c([H])c(N([H])C(=O)[C:91]2=[C:92]([H])C([H])([H])N(C([H])([H])[H])C([H])([H])C2([H])[H])c([H])c([30H])c1[33H],0,-0.01262851,-0.13770226,-181.28857956009523,10.437441023254161,0.060807586,0.07210331,0.066455446,0.046687607,-0.039358854,0.0036643762,-433118.30334689154,1.0415757652372122,-433114.5861565114,-433117.4101352578
S2-48.2,intermediate,[H]c1c([H])c(N([H])C(=O)[C-:91]2C([H])([H])C([H])([H])N(C([H])([H])[H])C([H])([H])[C:92]2([H])[S:93]C([H])([H])[H])c([H])c([30H])c1[33H],-1,-0.34012115,0.0018492759,-57.9049167624866,104.2837899393039,-0.00094705017,-0.019688688,-0.0103178695,-0.10581313,0.3080497,0.10111828,-708111.7881579382,4.884442722424865,-708101.1917178929,-708105.334907371
S2-48.2,product,[H]c1c([H])c(N([H])C(=O)[C:91]2([H])C([H])([H])C([H])([H])N(C([H])([H])[H])C([H])([H])[C:92]2([H])[S:93]C([H])([H])[H])c([H])c([30H])c1[33H],0,-0.08431744,-0.0544168,-171.6892270854901,15.582714860503982,-0.031303756,-0.04370484,-0.037504297,-0.0004905164,-0.011235066,-0.005862791,-708480.7491547157,1.9551059864461422,-708473.858505131,-708478.0690043623
S2-48.3,reactant,[H]c1c([H])c(N([H])C(=O)[C:91]2=[C:92]([H])C([H])([H])N(C([H])([H])[H])C([H])([H])C2([H])[H])c([H])c([30H])c1[33H],0,0.0004816905,-0.15695053,-182.91346123456998,10.025293417934865,0.078584224,0.042284496,0.06043436,0.04233659,-0.03754033,0.0023981296,-433117.71006724454,1.4795993063598871,-433113.4159615416,-433116.48214367166
S2-48.3,intermediate,[H]c1c([H])c(N([H])C(=O)[C-:91]2C([H])([H])C([H])([H])N(C([H])([H])[H])C([H])([H])[C:92]2([H])[S:93]C([H])([H])[H])c([H])c([30H])c1[33H],-1,-0.34007052,0.0017527753,-57.84449019396657,104.33749893858462,-0.0008209889,-0.019477442,-0.010149215,-0.10627025,0.30701005,0.10036991,-708111.7860164742,5.067562351003289,-708100.9771494989,-708105.2475855164
S2-48.3,product,[H]c1c([H])c(N([H])C(=O)[C:91]2([H])C([H])([H])C([H])([H])N(C([H])([H])[H])C([H])([H])[C:92]2([H])[S:93]C([H])([H])[H])c([H])c([30H])c1[33H],0,-0.086378485,-0.038658485,-171.7247653016979,15.467749671845828,-0.04550679,-0.04434695,-0.04492687,0.0014094189,-0.0058280453,-0.0022093132,-708476.1056660091,0.9464028403162956,-708471.7895595221,-708474.5452349696
S2-48.4,reactant,[H]c1c([H])c(N([H])C(=O)[C:91]2=[C:92]([H])C([H])([H])N(C([H])([H])[H])C([H])([H])C2([H])[H])c([H])c([30H])c1[33H],0,0.001458717,-0.16018173,-182.57237369029747,9.98535610963515,0.08227146,0.045125805,0.063698635,0.045795422,-0.03628498,0.0047552213,-433117.56265170506,1.2854708526283503,-433113.4572473854,-433116.54565199185
S2-48.4,intermediate,[H]c1c([H])c(N([H])C(=O)[C-:91]2C([H])([H])C([H])([H])N(C([H])([H])[H])C([H])([H])[C:92]2([H])[S:93]C([H])([H])[H])c([H])c([30H])c1[33H],-1,-0.32016504,0.010740583,-59.93159020705746,102.3846103527953,0.007874921,-0.02835657,-0.010240825,-0.0793412,0.29265493,0.106656864,-708112.4228335717,4.223095463588834,-708103.6434829915,-708105.8162465907
S2-48.4,product,[H]c1c([H])c(N([H])C(=O)[C:91]2([H])C([H])([H])C([H])([H])N(C([H])([H])[H])C([H])([H])[C:92]2([H])[S:93]C([H])([H])[H])c([H])c([30H])c1[33H],0,-0.078346245,-0.033269674,-176.13169923926137,13.273993385307378,-0.03255941,-0.051630855,-0.042095132,0.022440098,0.009350166,0.015895132,-708478.6460421857,2.7248928546905518,-708473.1135831904,-708476.0152957638
S2-48.5,reactant,[H]c1c([H])c(N([H])C(=O)[C:91]2=[C:92]([H])C([H])([H])N(C([H])([H])[H])C([H])([H])C2([H])[H])c([H])c([30H])c1[33H],0,-0.0028992663,-0.16360363,-184.86681826412664,12.527503044595699,0.09233114,0.04214699,0.06723906,0.028223151,-0.036202602,-0.0039897254,-433119.2650861753,1.1841949708759785,-433115.5165008833,-433118.1065517052
S2-48.5,intermediate,[H]c1c([H])c(N([H])C(=O)[C-:91]2C([H])([H])C([H])([H])N(C([H])([H])[H])C([H])([H])[C:92]2([H])[S:93]C([H])([H])[H])c([H])c([30H])c1[33H],-1,-0.31429815,-0.031855494,-57.86906241704723,100.88722135910136,0.0056336597,0.0052176267,0.005425643,-0.058193684,0.29877615,0.12029123,-708111.7919609767,4.340435987338424,-708104.6144204572,-708107.3808681302
S2-48.5,product,[H]c1c([H])c(N([H])C(=O)[C:91]2([H])C([H])([H])C([H])([H])N(C([H])([H])[H])C([H])([H])[C:92]2([H])[S:93]C([H])([H])[H])c([H])c([30H])c1[33H],0,-0.080166176,-0.040102053,-171.6420847871579,14.281961402510717,-0.03536705,-0.01950236,-0.027434703,0.008209288,0.0015372932,0.0048732907,-708481.9765281356,1.8650168795138597,-708476.0773940649,-708480.1125965466
S2-48.6,reactant,[H]c1c([H])c(N([H])C(=O)[C:91]2=[C:92]([H])C([H])([H])N(C([H])([H])[H])C([H])([H])C2([H])[H])c([H])c([30H])c1[33H],0,-0.012554133,-0.1378768,-181.2935799727198,10.440420600792933,0.060740918,0.072165176,0.06645305,0.04664486,-0.03935051,0.0036471747,-433118.30815234134,1.0277410224080086,-433114.58468656975,-433117.4097870508
S2-48.6,intermediate,[H]c1c([H])c(N([H])C(=O)[C-:91]2C([H])([H])C([H])([H])N(C([H])([H])[H])C([H])([H])[C:92]2([H])[S:93]C([H])([H])[H])c([H])c([30H])c1[33H],-1,-0.007610057,-0.14386201,-81.5805494868282,84.37428919922506,0.02466543,0.019708358,0.022186894,0.05208943,-0.03148503,0.010302201,-708126.0019060812,2.5850490406155586,-708117.7755802795,-708120.3250182035
S2-48.6,product,[H]c1c([H])c(N([H])C(=O)[C:91]2([H])C([H])([H])C([H])([H])N(C([H])([H])[H])C([H])([H])[C:92]2([H])[S:93]C([H])([H])[H])c([H])c([30H])c1[33H],0,-0.081580475,-0.034949545,-171.99850924964673,11.325394419197286,-0.012557242,-0.026253164,-0.019405203,0.016169108,0.0053248033,0.010746956,-708483.2809499528,1.8357712849974632,-708477.8763101458,-708481.1167386529
S2-48.7,reactant,[H]c1c([H])c(N([H])C(=O)[C:91]2=[C:92]([H])C([H])([H])N(C([H])([H])[H])C([H])([H])C2([H])[H])c([H])c([30H])c1[33H],0,-0.01258573,-0.13791521,-181.30651841401775,10.451806847587248,0.060639396,0.0721286,0.066384,0.047033794,-0.03922835,0.0039027222,-433118.3041010287,1.0231290198862553,-433115.09079244954,-433117.41157585924
S2-48.7,intermediate,[H]c1c([H])c(N([H])C(=O)[C-:91]2C([H])([H])C([H])([H])N(C([H])([H])[H])C([H])([H])[C:92]2([H])[S:93]C([H])([H])[H])c([H])c([30H])c1[33H],-1,-0.30063742,-0.005948155,-54.330116979131326,102.49161732139173,-0.008786861,-0.026627604,-0.017707232,-0.07010819,0.2909045,0.11039815,-708109.109575024,2.864303644746542,-708102.535662638,-708104.5746133632
S2-48.7,product,[H]c1c([H])c(N([H])C(=O)[C:91]2([H])C([H])([H])C([H])([H])N(C([H])([H])[H])C([H])([H])[C:92]2([H])[S:93]C([H])([H])[H])c([H])c([30H])c1[33H],0,-0.077804215,-0.054210015,-174.95191943852564,15.05742286686549,-0.027256446,-0.03426688,-0.030761663,0.013671786,0.0044606924,0.009066239,-708479.744769308,1.4911624155938625,-708474.7872794922,-708478.4392256949
S2-48.8,reactant,[H]c1c([H])c(N([H])C(=O)[C:91]2=[C:92]([H])C([H])([H])N(C([H])([H])[H])C([H])([H])C2([H])[H])c([H])c([30H])c1[33H],0,-0.0153576,-0.14510198,-183.2232268927873,13.753591683407185,0.073593006,0.083243966,0.078418486,0.036901057,-0.03877917,-0.0009390563,-433120.2242280831,1.1265890877693892,-433116.3446683874,-433119.3216302335
S2-48.8,intermediate,[H]c1c([H])c(N([H])C(=O)[C-:91]2C([H])([H])C([H])([H])N(C([H])([H])[H])C([H])([H])[C:92]2([H])[S:93]C([H])([H])[H])c([H])c([30H])c1[33H],-1,-0.3155641,-0.031132976,-57.59062812681236,100.98327889226753,0.004034588,0.0035495274,0.0037920577,-0.059865594,0.30084836,0.12049139,-708111.6430912568,2.6816948000341654,-708103.6923772098,-708107.2535122829
S2-48.8,product,[H]c1c([H])c(N([H])C(=O)[C:91]2([H])C([H])([H])C([H])([H])N(C([H])([H])[H])C([H])([H])[C:92]2([H])[S:93]C([H])([H])[H])c([H])c([30H])c1[33H],0,-0.07796937,-0.04901626,-175.71740068043476,14.967540239178648,-0.035521757,-0.037563905,-0.036542833,-0.0020744726,-0.004108496,-0.0030914843,-708481.0884658955,2.252829821780324,-708475.635703054,-708478.7419539223
S2-48.9,reactant,[H]c1c([H])c(N([H])C(=O)[C:91]2=[C:92]([H])C([H])([H])N(C([H])([H])[H])C([H])([H])C2([H])[H])c([H])c([30H])c1[33H],0,-0.004551628,-0.16218019,-184.90855538656723,12.572938106585475,0.09227833,0.042687155,0.06748274,0.028184703,-0.035396557,-0.0036059264,-433119.5631213782,1.295385468751192,-433115.1052162385,-433118.3266645001
S2-48.9,intermediate,[H]c1c([H])c(N([H])C(=O)[C-:91]2C([H])([H])C([H])([H])N(C([H])([H])[H])C([H])([H])[C:92]2([H])[S:93]C([H])([H])[H])c([H])c([30H])c1[33H],-1,0.00011285577,-0.12855536,-82.06934695975934,83.33866261271847,0.031052992,0.009068303,0.020060647,0.0784247,-0.020972494,0.028726105,-708125.4193651597,3.3383985217660666,-708119.3293564048,-708122.2621450225
S2-48.9,product,[H]c1c([H])c(N([H])C(=O)[C:91]2([H])C([H])([H])C([H])([H])N(C([H])([H])[H])C([H])([H])[C:92]2([H])[S:93]C([H])([H])[H])c([H])c([30H])c1[33H],0,-0.08148446,-0.042353295,-169.1758623040093,11.445452737709903,-0.015075533,-0.03135509,-0.023215313,0.01124686,0.0029398724,0.0070933662,-708478.614966705,4.724559184163809,-708472.0291385303,-708475.6274770668
S2-48.10,reactant,[H]c1c([H])c(N([H])C(=O)[C:91]2=[C:92]([H])C([H])([H])N(C([H])([H])[H])C([H])([H])C2([H])[H])c([H])c([30H])c1[33H],0,-0.004492379,-0.16240807,-184.9094145828362,12.556422393441093,0.09199636,0.042740382,0.06736837,0.028066292,-0.035524134,-0.0037289206,-433119.56568802503,1.3521594125777483,-433115.77648667217,-433118.30894214776
S2-48.10,intermediate,[H]c1c([H])c(N([H])C(=O)[C-:91]2C([H])([H])C([H])([H])N(C([H])([H])[H])C([H])([H])[C:92]2([H])[S:93]C([H])([H])[H])c([H])c([30H])c1[33H],-1,0.0032094028,-0.1294587,-81.14813287477318,82.82480574105111,0.031240523,0.007998899,0.01961971,0.07340147,-0.023194222,0.025103625,-708125.2701534639,2.8398036044090986,-708119.5854150704,-708122.4546457094
S2-48.10,product,[H]c1c([H])c(N([H])C(=O)[C:91]2([H])C([H])([H])C([H])([H])N(C([H])([H])[H])C([H])([H])[C:92]2([H])[S:93]C([H])([H])[H])c([H])c([30H])c1[33H],0,-0.089514084,-0.052531347,-172.99829499576768,12.557419522837664,-0.021019366,-0.02290573,-0.021962548,0.021078221,0.012594014,0.016836118,-708475.3952557874,2.7426990512758493,-708468.1893725991,-708472.1253053307
S2-46.1,reactant,[H]c1c([H])c(N([H])C(=O)[C:91](C([H])([H])N2C([H])([H])C([H])([H])OC([H])([H])C2([H])[H])=[C:92]([H])[H])c([H])c([31H])c1[37H],0,0.0028318127,-0.32566455,-181.79336576601833,3.6606075173376835,0.12636703,0.0913427,0.10885487,0.08445518,0.019001262,0.051728223,-505024.48510542966,1.9795259218662977,-505018.39274887653,-505022.45284593746
S2-46.1,intermediate,[H]c1c([H])c(N([H])C(=O)[C-:91](C([H])([H])N2C([H])([H])C([H])([H])OC([H])([H])C2([H])[H])[C:92]([H])([H])[S:93]C([H])([H])[H])c([H])c([31H])c1[37H],-1,-0.31941548,-0.14241473,-64.39651718263073,96.4388806474865,0.0057329237,0.017114535,0.011423729,-0.04236272,0.34054598,0.14909163,-780024.4942152889,3.5392251517623663,-780016.0043708626,-780019.9046084064
S2-46.1,product,[H]c1c([H])c(N([H])C(=O)[C:91]([H])(C([H])([H])N2C([H])([H])C([H])([H])OC([H])([H])C2([H])[H])[C:92]([H])([H])[S:93]C([H])([H])[H])c([H])c([31H])c1[37H],0,-0.08504558,-0.10849994,-171.97078406809098,6.874348642420917,-0.019891918,-0.019386016,-0.019638967,0.025575101,0.01910533,0.022340216,-780384.7671155358,2.4492178317159414,-780378.8928611213,-780382.1912147917
S2-46.2,reactant,[H]c1c([H])c(N([H])C(=O)[C:91](C([H])([H])N2C([H])([H])C([H])([H])OC([H])([H])C2([H])[H])=[C:92]([H])[H])c([H])c([31H])c1[37H],0,0.026866563,-0.29218268,-183.24684635160222,3.344128204281164,0.15573257,0.05824916,0.10699087,0.07831828,-0.0026635695,0.037827354,-505015.7566170693,2.5541935693472624,-505008.82676696486,-505012.8652603125
S2-46.2,intermediate,[H]c1c([H])c(N([H])C(=O)[C-:91](C([H])([H])N2C([H])([H])C([H])([H])OC([H])([H])C2([H])[H])[C:92]([H])([H])[S:93]C([H])([H])[H])c([H])c([31H])c1[37H],-1,-0.2938203,-0.14862987,-63.49929382370673,93.72538246476496,0.0019828826,0.01580584,0.008894362,-0.03847024,0.33595136,0.14874056,-780023.2446996474,2.608681082725525,-780015.1747655949,-780019.7173746029
S2-46.2,product,[H]c1c([H])c(N([H])C(=O)[C:91]([H])(C([H])([H])N2C([H])([H])C([H])([H])OC([H])([H])C2([H])[H])[C:92]([H])([H])[S:93]C([H])([H])[H])c([H])c([31H])c1[37H],0,-0.08021097,-0.10504502,-172.8678102135322,7.289172993799564,-0.009943336,-0.016824976,-0.013384156,0.029970355,0.014293075,0.022131715,-780383.5804623065,2.5238660015165806,-780376.7782538297,-780381.3526964792
S2-46.3,reactant,[H]c1c([H])c(N([H])C(=O)[C:91](C([H])([H])N2C([H])([H])C([H])([H])OC([H])([H])C2([H])[H])=[C:92]([H])[H])c([H])c([31H])c1[37H],0,0.0027895544,-0.3138115,-184.83511182422993,3.5631732785194505,0.1363461,0.07316437,0.10475524,0.082005,0.025458906,0.05373195,-505018.64949392044,2.391752313822508,-505012.435940228,-505017.1546383635
S2-46.3,intermediate,[H]c1c([H])c(N([H])C(=O)[C-:91](C([H])([H])N2C([H])([H])C([H])([H])OC([H])([H])C2([H])[H])[C:92]([H])([H])[S:93]C([H])([H])[H])c([H])c([31H])c1[37H],-1,-0.31234035,-0.13546994,-64.05612046114311,96.23859021989945,0.008045942,0.017188609,0.012617275,-0.041155964,0.32357198,0.14120801,-780029.3587992897,4.4758463483303785,-780020.5752388032,-780025.3309497013
S2-46.3,product,[H]c1c([H])c(N([H])C(=O)[C:91]([H])(C([H])([H])N2C([H])([H])C([H])([H])OC([H])([H])C2([H])[H])[C:92]([H])([H])[S:93]C([H])([H])[H])c([H])c([31H])c1[37H],0,-0.08091606,-0.10840998,-174.57447531867018,3.9625144596464694,-0.013699278,-0.01690831,-0.015303794,0.045098096,0.027194537,0.036146317,-780383.1038541107,3.5217080879956484,-780375.4114049987,-780380.0989265115
S2-46.4,reactant,[H]c1c([H])c(N([H])C(=O)[C:91](C([H])([H])N2C([H])([H])C([H])([H])OC([H])([H])C2([H])[H])=[C:92]([H])[H])c([H])c([31H])c1[37H],0,0.0028402794,-0.3137266,-184.79861180143257,3.6583338041521927,0.1360408,0.073331386,0.1046861,0.08175477,0.025145713,0.053450238,-505018.6327180781,2.455160215497017,-505013.2496310567,-505017.11730580707
S2-46.4,intermediate,[H]c1c([H])c(N([H])C(=O)[C-:91](C([H])([H])N2C([H])([H])C([H])([H])OC([H])([H])C2([H])[H])[C:92]([H])([H])[S:93]C([H])([H])[H])c([H])c([31H])c1[37H],-1,-0.31821907,-0.15544489,-62.51445005498717,94.01688027874316,0.013009429,0.024301186,0.018655308,-0.017571747,0.34651098,0.16446961,-780023.224897526,2.5562648568302393,-780015.3156307671,-780019.5435894039
S2-46.4,product,[H]c1c([H])c(N([H])C(=O)[C:91]([H])(C([H])([H])N2C([H])([H])C([H])([H])OC([H])([H])C2([H])[H])[C:92]([H])([H])[S:93]C([H])([H])[H])c([H])c([31H])c1[37H],0,-0.08040855,-0.10309478,-171.43931985793674,8.885961583108713,0.024032228,-0.004530087,0.00975107,0.03342463,0.024217773,0.028821202,-780380.9051783257,2.094059456139803,-780374.4084301759,-780377.8073094962
S2-46.5,reactant,[H]c1c([H])c(N([H])C(=O)[C:91](C([H])([H])N2C([H])([H])C([H])([H])OC([H])([H])C2([H])[H])=[C:92]([H])[H])c([H])c([31H])c1[37H],0,-0.004518629,-0.31382853,-184.64328753971265,3.09425155232107,0.13757673,0.074226975,0.10590185,0.078626364,0.028933484,0.053779922,-505018.82702677767,1.4445380941033363,-505014.59038648487,-505017.45599492156
S2-46.5,intermediate,[H]c1c([H])c(N([H])C(=O)[C-:91](C([H])([H])N2C([H])([H])C([H])([H])OC([H])([H])C2([H])[H])[C:92]([H])([H])[S:93]C([H])([H])[H])c([H])c([31H])c1[37H],-1,-0.3133905,-0.13087384,-63.469510246643125,98.6873567413322,-0.012397885,0.009565942,-0.0014159717,-0.07455373,0.29216337,0.10880482,-780022.1465267963,3.1067982986569405,-780011.1634698331,-780015.594032418
S2-46.5,product,[H]c1c([H])c(N([H])C(=O)[C:91]([H])(C([H])([H])N2C([H])([H])C([H])([H])OC([H])([H])C2([H])[H])[C:92]([H])([H])[S:93]C([H])([H])[H])c([H])c([31H])c1[37H],0,-0.07572969,-0.11555576,-174.78080345309905,5.8147500879152245,-0.0005849302,-0.008372746,-0.0044788383,0.06541561,0.047754236,0.056584924,-780384.6863500057,2.1893546413630247,-780377.6876123562,-780382.615708627
S2-46.6,reactant,[H]c1c([H])c(N([H])C(=O)[C:91](C([H])([H])N2C([H])([H])C([H])([H])OC([H])([H])C2([H])[H])=[C:92]([H])[H])c([H])c([31H])c1[37H],0,0.012323748,-0.31124428,-185.3379134545483,5.263665769149544,0.13087046,0.07432382,0.10259714,0.076037765,0.013157893,0.04459783,-505026.1381947285,1.3477451391518116,-505020.3408347265,-505024.64554881974
S2-46.6,intermediate,[H]c1c([H])c(N([H])C(=O)[C-:91](C([H])([H])N2C([H])([H])C([H])([H])OC([H])([H])C2([H])[H])[C:92]([H])([H])[S:93]C([H])([H])[H])c([H])c([31H])c1[37H],-1,-0.29692966,-0.13813914,-62.688646643603406,94.30604171289197,4.8413873e-05,0.01263997,0.0063441917,-0.034246206,0.33121765,0.14848572,-780023.2226348479,3.1371467392891645,-780014.7060853026,-780019.6097786257
S2-46.6,product,[H]c1c([H])c(N([H])C(=O)[C:91]([H])(C([H])([H])N2C([H])([H])C([H])([H])OC([H])([H])C2([H])[H])[C:92]([H])([H])[S:93]C([H])([H])[H])c([H])c([31H])c1[37H],0,-0.07532384,-0.11498855,-174.92202667848287,6.356257522063014,-0.0030227602,-0.010081187,-0.0065519735,0.063978635,0.04575084,0.054864738,-780384.7136784077,2.0074128974229097,-780376.982570715,-780382.6497773402
S2-46.7,reactant,[H]c1c([H])c(N([H])C(=O)[C:91](C([H])([H])N2C([H])([H])C([H])([H])OC([H])([H])C2([H])[H])=[C:92]([H])[H])c([H])c([31H])c1[37H],0,0.0007024961,-0.31532782,-184.67095480234158,4.340833378924308,0.12279785,0.06902431,0.09591108,0.08704684,0.017977357,0.0525121,-505023.90482318273,2.246385531499982,-505019.0577034858,-505022.6327284179
S2-46.7,intermediate,[H]c1c([H])c(N([H])C(=O)[C-:91](C([H])([H])N2C([H])([H])C([H])([H])OC([H])([H])C2([H])[H])[C:92]([H])([H])[S:93]C([H])([H])[H])c([H])c([31H])c1[37H],-1,-0.30472043,-0.15106687,-62.58675381488537,95.3324760617443,0.010726884,0.022290036,0.01650846,-0.01526764,0.3469272,0.16582978,-780029.0558895972,1.4058722406625748,-780022.7878570542,-780026.2038690577
S2-46.7,product,[H]c1c([H])c(N([H])C(=O)[C:91]([H])(C([H])([H])N2C([H])([H])C([H])([H])OC([H])([H])C2([H])[H])[C:92]([H])([H])[S:93]C([H])([H])[H])c([H])c([31H])c1[37H],0,-0.082766645,-0.101290636,-171.60264032808263,9.176010061145584,-0.01397799,-0.016997047,-0.015487518,0.03200061,0.02221566,0.027108135,-780384.4597392448,4.996074449270964,-780376.3390308506,-780380.3061350825
S2-46.8,reactant,[H]c1c([H])c(N([H])C(=O)[C:91](C([H])([H])N2C([H])([H])C([H])([H])OC([H])([H])C2([H])[H])=[C:92]([H])[H])c([H])c([31H])c1[37H],0,0.0046460256,-0.31330475,-184.89267332150268,2.7040719992780384,0.115377456,0.0726814,0.09402943,0.08298303,0.02260279,0.05279291,-505020.0340023643,1.5756261348724365,-505015.25176066643,-505018.63097048586
S2-46.8,intermediate,[H]c1c([H])c(N([H])C(=O)[C-:91](C([H])([H])N2C([H])([H])C([H])([H])OC([H])([H])C2([H])[H])[C:92]([H])([H])[S:93]C([H])([H])[H])c([H])c([31H])c1[37H],-1,-0.28263077,-0.15980305,-60.41787828516757,93.55995300100777,0.025373802,0.033660486,0.029517144,-0.047591537,0.30374804,0.12807825,-780027.0747456899,3.23382886685431,-780018.7002983594,-780022.3972825306
S2-46.8,product,[H]c1c([H])c(N([H])C(=O)[C:91]([H])(C([H])([H])N2C([H])([H])C([H])([H])OC([H])([H])C2([H])[H])[C:92]([H])([H])[S:93]C([H])([H])[H])c([H])c([31H])c1[37H],0,-0.07316041,-0.07666235,-171.47142972324633,7.411295230547885,0.009126306,-0.02510301,-0.007988352,0.058610678,0.03747251,0.048041593,-780381.1138289804,6.555857628583908,-780370.8910977374,-780375.9674339767
S2-46.9,reactant,[H]c1c([H])c(N([H])C(=O)[C:91](C([H])([H])N2C([H])([H])C([H])([H])OC([H])([H])C2([H])[H])=[C:92]([H])[H])c([H])c([31H])c1[37H],0,0.005794185,-0.31511182,-185.0577485834347,3.0438935508486202,0.11618802,0.07263121,0.094409615,0.08039175,0.017869052,0.049130403,-505019.9449786462,2.324737209826708,-505015.014409762,-505018.52542272356
S2-46.9,intermediate,[H]c1c([H])c(N([H])C(=O)[C-:91](C([H])([H])N2C([H])([H])C([H])([H])OC([H])([H])C2([H])[H])[C:92]([H])([H])[S:93]C([H])([H])[H])c([H])c([31H])c1[37H],-1,-0.31936437,-0.14231776,-64.3965352251637,96.38770123223394,0.005822137,0.017135337,0.011478737,-0.041970283,0.3406956,0.14936265,-780024.5106008947,3.722322417423129,-780015.2681331838,-780019.9305626462
S2-46.9,product,[H]c1c([H])c(N([H])C(=O)[C:91]([H])(C([H])([H])N2C([H])([H])C([H])([H])OC([H])([H])C2([H])[H])[C:92]([H])([H])[S:93]C([H])([H])[H])c([H])c([31H])c1[37H],0,-0.08065824,-0.10659515,-172.42152219107155,6.561387724552569,-0.0202448,-0.02485516,-0.02254998,0.035172105,0.02708517,0.031128637,-780384.6036629054,2.192344134673476,-780378.6504748116,-780381.7886048175
S2-46.10,reactant,[H]c1c([H])c(N([H])C(=O)[C:91](C([H])([H])N2C([H])([H])C([H])([H])OC([H])([H])C2([H])[H])=[C:92]([H])[H])c([H])c([31H])c1[37H],0,0.010082161,-0.31122732,-185.03434732362948,4.98723578088449,0.12922698,0.074406475,0.10181673,0.07775016,0.018443195,0.04809668,-505026.67648752214,1.6004118900746107,-505021.5177923798,-505025.16267662944
S2-46.10,intermediate,[H]c1c([H])c(N([H])C(=O)[C-:91](C([H])([H])N2C([H])([H])C([H])([H])OC([H])([H])C2([H])[H])[C:92]([H])([H])[S:93]C([H])([H])[H])c([H])c([31H])c1[37H],-1,-0.33259183,-0.1429085,-64.0453149164737,94.96415874784392,0.024612024,0.029318452,0.026965238,-0.07356164,0.33643052,0.13143444,-780025.7825028874,3.678619457408786,-780017.7597730155,-780021.177801434
S2-46.10,product,[H]c1c([H])c(N([H])C(=O)[C:91]([H])(C([H])([H])N2C([H])([H])C([H])([H])OC([H])([H])C2([H])[H])[C:92]([H])([H])[S:93]C([H])([H])[H])c([H])c([31H])c1[37H],0,-0.07264672,-0.11816181,-171.448940018828,9.533577527963736,-0.010862879,-0.006667167,-0.008765023,0.04622569,0.04194593,0.044085808,-780386.9179311468,3.5588225182145834,-780379.7248092514,-780383.9780270811
S2-53.1,reactant,[H]c1nc2c([H])c([30H])c(N([H])C(=O)/[C:91]([H])=[C:92](\[H])C([H])([H])N(C([H])([H])[H])C([H])([H])[H])c([H])c2c([26H])c1[H],0,-0.1491191,-0.10708372,-174.86754646385552,-8.84753069308833,0.016697422,-0.0015211701,0.0075881258,0.03177242,-0.001353696,0.015209362,-515732.32901786873,2.017864491790533,-515728.17560376594,-515730.81181197864
S2-53.1,intermediate,[H]c1nc2c([H])c([30H])c(N([H])C(=O)[C-:91]([H])[C:92]([H])(C([H])([H])N(C([H])([H])[H])C([H])([H])[H])[S:93]C([H])([H])[H])c([H])c2c([26H])c1[H],-1,-0.43754086,-0.018420257,-64.94055333955309,71.33211393713547,-0.022306615,0.002123898,-0.010091359,-0.033285588,0.15796083,0.062337622,-790730.2585833829,1.5411022268235683,-790723.690415979,-790727.9653552831
S2-53.1,product,[H]c1nc2c([H])c([30H])c(N([H])C(=O)[C:91]([H])([H])[C:92]([H])(C([H])([H])N(C([H])([H])[H])C([H])([H])[H])[S:93]C([H])([H])[H])c([H])c2c([26H])c1[H],0,-0.118248776,-0.04508706,-167.6183537005134,-6.527972547118006,-0.032615893,-0.035881735,-0.034248814,-0.0014668927,-0.0062034354,-0.003835164,-791093.2594527164,2.9855694975703955,-791086.5968928839,-791090.6036150005
S2-53.2,reactant,[H]c1nc2c([H])c([30H])c(N([H])C(=O)/[C:91]([H])=[C:92](\[H])C([H])([H])N(C([H])([H])[H])C([H])([H])[H])c([H])c2c([26H])c1[H],0,-0.15632999,-0.10539461,-174.74562044074383,-7.807693949249955,0.013710029,-0.00020286441,0.0067535825,0.035391152,0.0017299354,0.018560544,-515732.6558854523,1.8315435275435448,-515726.7160073445,-515731.1445419469
S2-53.2,intermediate,[H]c1nc2c([H])c([30H])c(N([H])C(=O)[C-:91]([H])[C:92]([H])(C([H])([H])N(C([H])([H])[H])C([H])([H])[H])[S:93]C([H])([H])[H])c([H])c2c([26H])c1[H],-1,-0.47873718,-0.026215665,-66.38234928752908,73.17140115215544,-0.03235633,-0.0021000374,-0.017228184,-0.025100648,0.20694774,0.09092355,-790731.3444303365,2.858242392539978,-790723.0331435712,-790726.5590554656
S2-53.2,product,[H]c1nc2c([H])c([30H])c(N([H])C(=O)[C:91]([H])([H])[C:92]([H])(C([H])([H])N(C([H])([H])[H])C([H])([H])[H])[S:93]C([H])([H])[H])c([H])c2c([26H])c1[H],0,-0.13567856,-0.030904442,-167.27536682452381,-4.043067161521321,-0.0504779,-0.05253946,-0.05150868,0.008173391,0.002557829,0.00536561,-791095.7888439064,2.6844628397375345,-791090.5249214919,-791094.1004606729
S2-53.3,reactant,[H]c1nc2c([H])c([30H])c(N([H])C(=O)/[C:91]([H])=[C:92](\[H])C([H])([H])N(C([H])([H])[H])C([H])([H])[H])c([H])c2c([26H])c1[H],0,-0.17675549,-0.0871188,-172.20199900623675,-9.12160141144034,0.033629827,0.027526505,0.030578166,0.029451594,-0.003777936,0.012836829,-515732.8825857416,1.2758329287171364,-515728.0950124596,-515731.87347925565
S2-53.3,intermediate,[H]c1nc2c([H])c([30H])c(N([H])C(=O)[C-:91]([H])[C:92]([H])(C([H])([H])N(C([H])([H])[H])C([H])([H])[H])[S:93]C([H])([H])[H])c([H])c2c([26H])c1[H],-1,-0.49163446,-0.019844396,-67.67599930186944,70.54309803239015,-0.015793575,0.006612394,-0.0045905905,-0.025806695,0.19556034,0.08487682,-790733.5565788556,4.598983883857727,-790725.7938790325,-790729.2606271033
S2-53.3,product,[H]c1nc2c([H])c([30H])c(N([H])C(=O)[C:91]([H])([H])[C:92]([H])(C([H])([H])N(C([H])([H])[H])C([H])([H])[H])[S:93]C([H])([H])[H])c([H])c2c([26H])c1[H],0,-0.14282146,-0.058982577,-167.26758165410186,-4.215466352473267,-0.023869053,-0.026441377,-0.025155215,0.012792811,0.010912567,0.011852689,-791099.9321566736,3.674677036702633,-791093.4451752042,-791096.8698016799
S2-53.4,reactant,[H]c1nc2c([H])c([30H])c(N([H])C(=O)/[C:91]([H])=[C:92](\[H])C([H])([H])N(C([H])([H])[H])C([H])([H])[H])c([H])c2c([26H])c1[H],0,-0.14925809,-0.107974984,-175.8152278828592,-8.684073685807437,0.012498982,-0.0010558367,0.005721573,0.032776102,-0.00039161742,0.016192243,-515732.4006995519,3.4547046329826117,-515725.7073457423,-515730.6746386977
S2-53.4,intermediate,[H]c1nc2c([H])c([30H])c(N([H])C(=O)[C-:91]([H])[C:92]([H])(C([H])([H])N(C([H])([H])[H])C([H])([H])[H])[S:93]C([H])([H])[H])c([H])c2c([26H])c1[H],-1,-0.48974693,-0.022982687,-67.14225897916747,72.23590491514155,-0.0021942873,0.01870632,0.008256016,-0.026226282,0.19021955,0.081996635,-790734.2318652238,3.362568376585841,-790727.4082872346,-790730.4606859606
S2-53.4,product,[H]c1nc2c([H])c([30H])c(N([H])C(=O)[C:91]([H])([H])[C:92]([H])(C([H])([H])N(C([H])([H])[H])C([H])([H])[H])[S:93]C([H])([H])[H])c([H])c2c([26H])c1[H],0,-0.13884957,-0.06848528,-169.3195069972355,-5.399421667944583,-0.046055555,-0.0369436,-0.041499577,0.000337556,-0.0014191866,-0.0005408153,-791100.0487742253,2.1278897933661938,-791093.240960471,-791097.4347691585
S2-53.5,reactant,[H]c1nc2c([H])c([30H])c(N([H])C(=O)/[C:91]([H])=[C:92](\[H])C([H])([H])N(C([H])([H])[H])C([H])([H])[H])c([H])c2c([26H])c1[H],0,-0.14675309,-0.108710326,-173.50468372701224,-9.570508191317797,0.0025906712,-0.005419329,-0.0014143288,0.054237545,0.002350077,0.02829381,-515731.6030761619,1.6464687548577785,-515726.03879815206,-515730.04783177184
S2-53.5,intermediate,[H]c1nc2c([H])c([30H])c(N([H])C(=O)[C-:91]([H])[C:92]([H])(C([H])([H])N(C([H])([H])[H])C([H])([H])[H])[S:93]C([H])([H])[H])c([H])c2c([26H])c1[H],-1,-0.42170754,-0.05102683,-64.39472545383728,75.07291640145324,-0.024524214,0.008859556,-0.007832329,-0.033351302,0.19307551,0.0798621,-790730.0859207421,1.9824146404862404,-790720.4922410935,-790725.2520558824
S2-53.5,product,[H]c1nc2c([H])c([30H])c(N([H])C(=O)[C:91]([H])([H])[C:92]([H])(C([H])([H])N(C([H])([H])[H])C([H])([H])[H])[S:93]C([H])([H])[H])c([H])c2c([26H])c1[H],0,-0.1343795,-0.06339155,-167.12764599965652,-1.5405100856460558,-0.044782117,-0.04378874,-0.044285428,0.009685159,0.0071463883,0.0084157735,-791099.3016734412,2.812998590990901,-791092.698343709,-791096.3508369161
S2-53.6,reactant,[H]c1nc2c([H])c([30H])c(N([H])C(=O)/[C:91]([H])=[C:92](\[H])C([H])([H])N(C([H])([H])[H])C([H])([H])[H])c([H])c2c([26H])c1[H],0,-0.14791788,-0.10733469,-174.02029610456964,-7.768170367764868,0.021553442,0.0012108907,0.011382166,0.0339555,-0.0019918084,0.015981846,-515732.47594988043,1.8708546813577414,-515727.3413512706,-515730.91588304355
S2-53.6,intermediate,[H]c1nc2c([H])c([30H])c(N([H])C(=O)[C-:91]([H])[C:92]([H])(C([H])([H])N(C([H])([H])[H])C([H])([H])[H])[S:93]C([H])([H])[H])c([H])c2c([26H])c1[H],-1,-0.44349232,-0.020857306,-65.91626443537349,70.17551851214645,-0.021947231,0.002739638,-0.0096037965,-0.02735421,0.1713613,0.07200354,-790735.305838955,1.780226107686758,-790728.0927874105,-790732.234552956
S2-53.6,product,[H]c1nc2c([H])c([30H])c(N([H])C(=O)[C:91]([H])([H])[C:92]([H])(C([H])([H])N(C([H])([H])[H])C([H])([H])[H])[S:93]C([H])([H])[H])c([H])c2c([26H])c1[H],0,-0.13441867,-0.047283903,-167.45618125171296,-1.1079889846369315,-0.045404635,-0.042348243,-0.04387644,0.001535058,-0.0002746731,0.00063019246,-791097.9021735151,2.2715332061052322,-791090.6977601089,-791095.5425994861
S2-53.7,reactant,[H]c1nc2c([H])c([30H])c(N([H])C(=O)/[C:91]([H])=[C:92](\[H])C([H])([H])N(C([H])([H])[H])C([H])([H])[H])c([H])c2c([26H])c1[H],0,-0.15503788,-0.123206526,-172.82308887120638,-5.931845286165076,0.042366207,0.04740408,0.044885144,0.0035052896,-0.01909396,-0.0077943355,-515733.7649824173,0.9441141318529844,-515729.0147604398,-515732.73157543346
S2-53.7,intermediate,[H]c1nc2c([H])c([30H])c(N([H])C(=O)[C-:91]([H])[C:92]([H])(C([H])([H])N(C([H])([H])[H])C([H])([H])[H])[S:93]C([H])([H])[H])c([H])c2c([26H])c1[H],-1,-0.47607407,-0.033438623,-66.14563318641761,72.89981082478123,-0.044808723,-0.010064028,-0.027436376,-0.021669924,0.22164345,0.09998676,-790731.7596810888,3.3097042441368103,-790724.0725209082,-790727.5824937008
S2-53.7,product,[H]c1nc2c([H])c([30H])c(N([H])C(=O)[C:91]([H])([H])[C:92]([H])(C([H])([H])N(C([H])([H])[H])C([H])([H])[H])[S:93]C([H])([H])[H])c([H])c2c([26H])c1[H],0,-0.14070728,-0.05408515,-168.17085196865415,-2.01233445676896,-0.039742384,-0.038961828,-0.039352104,0.009111956,0.0077176243,0.00841479,-791095.4352579276,2.307787297293544,-791087.8424615414,-791092.272712688
S2-53.8,reactant,[H]c1nc2c([H])c([30H])c(N([H])C(=O)/[C:91]([H])=[C:92](\[H])C([H])([H])N(C([H])([H])[H])C([H])([H])[H])c([H])c2c([26H])c1[H],0,-0.14907275,-0.10716845,-174.86570165672276,-8.890330145161691,0.016893506,-0.001372695,0.0077604055,0.03184654,-0.0013603866,0.015243076,-515732.33678360074,2.0179688036441803,-515726.9480040939,-515730.8198734276
S2-53.8,intermediate,[H]c1nc2c([H])c([30H])c(N([H])C(=O)[C-:91]([H])[C:92]([H])(C([H])([H])N(C([H])([H])[H])C([H])([H])[H])[S:93]C([H])([H])[H])c([H])c2c([26H])c1[H],-1,-0.4798854,-0.027361874,-65.56940807533334,74.76511213286359,-0.030934284,0.0009372197,-0.014998532,-0.027844638,0.20954809,0.090851724,-790731.7340518832,3.028657875955105,-790722.7965656492,-790727.0804438343
S2-53.8,product,[H]c1nc2c([H])c([30H])c(N([H])C(=O)[C:91]([H])([H])[C:92]([H])(C([H])([H])N(C([H])([H])[H])C([H])([H])[H])[S:93]C([H])([H])[H])c([H])c2c([26H])c1[H],0,-0.14335202,-0.06470716,-167.3773280575495,-3.2830427541925555,-0.02593331,-0.027649537,-0.026791424,0.009730563,0.0076308846,0.008680724,-791098.3972434703,3.752457268536091,-791091.0140127522,-791094.7942161526
S2-53.9,reactant,[H]c1nc2c([H])c([30H])c(N([H])C(=O)/[C:91]([H])=[C:92](\[H])C([H])([H])N(C([H])([H])[H])C([H])([H])[H])c([H])c2c([26H])c1[H],0,-0.17605737,-0.085847184,-171.827246763272,-9.891747466169466,0.012092903,0.012205921,0.012149412,0.050128773,0.0025876164,0.026358195,-515732.9023840373,0.9652981851249933,-515729.517495774,-515731.86670336686
S2-53.9,intermediate,[H]c1nc2c([H])c([30H])c(N([H])C(=O)[C-:91]([H])[C:92]([H])(C([H])([H])N(C([H])([H])[H])C([H])([H])[H])[S:93]C([H])([H])[H])c([H])c2c([26H])c1[H],-1,-0.4300075,-0.056841314,-65.3251448552671,72.82984900703816,-0.01644421,0.013766978,-0.001338616,-0.032126784,0.2074644,0.08766881,-790730.3371081512,2.550272000953555,-790722.0034159529,-790725.891359893
S2-53.9,product,[H]c1nc2c([H])c([30H])c(N([H])C(=O)[C:91]([H])([H])[C:92]([H])(C([H])([H])N(C([H])([H])[H])C([H])([H])[H])[S:93]C([H])([H])[H])c([H])c2c([26H])c1[H],0,-0.13886437,-0.06846882,-169.32126626668463,-5.424911975865427,-0.046022207,-0.036963016,-0.04149261,0.00017473102,-0.0015563667,-0.00069081783,-791100.059397417,2.345337213948369,-791092.8724629881,-791097.4863397783
S2-53.10,reactant,[H]c1nc2c([H])c([30H])c(N([H])C(=O)/[C:91]([H])=[C:92](\[H])C([H])([H])N(C([H])([H])[H])C([H])([H])[H])c([H])c2c([26H])c1[H],0,-0.15522817,-0.123172775,-172.81097501797768,-5.930289806464731,0.042355224,0.047438756,0.04489699,0.0035437942,-0.01895386,-0.007705033,-515733.75796676235,0.9260713700205088,-515730.14123429265,-515732.72435403685
S2-53.10,intermediate,[H]c1nc2c([H])c([30H])c(N([H])C(=O)[C-:91]([H])[C:92]([H])(C([H])([H])N(C([H])([H])[H])C([H])([H])[H])[S:93]C([H])([H])[H])c([H])c2c([26H])c1[H],-1,-0.45408347,-0.026759908,-63.893331352586486,69.79606398872617,-0.025344688,-0.0009981915,-0.01317144,-0.011667788,0.19769928,0.093015745,-790732.2119387338,2.2533677853643894,-790726.5518074502,-790729.8395566362
S2-53.10,product,[H]c1nc2c([H])c([30H])c(N([H])C(=O)[C:91]([H])([H])[C:92]([H])(C([H])([H])N(C([H])([H])[H])C([H])([H])[H])[S:93]C([H])([H])[H])c([H])c2c([26H])c1[H],0,-0.14566942,-0.04415904,-168.94288263165717,-2.198470910034869,-0.04447042,-0.046260536,-0.04536548,0.0100144595,0.007868886,0.008941673,-791099.2076786789,2.490408383309841,-791091.9907871536,-791096.294657024
S2-54.1,reactant,[H]c1nc2c([H])c([38H])c(N([H])C(=O)/[C:91]([H])=[C:92](\[H])C([H])([H])N(C([H])([H])[H])C([H])([H])[H])c([H])c2c([33H])c1[H],0,-0.15642093,-0.122600585,-173.42185061362042,-7.423239280490708,0.040534645,0.045865893,0.04320027,0.00072927773,-0.01832369,-0.008797206,-515733.208157499,0.9932898096740246,-515728.4014837765,-515732.2303301443
S2-54.1,intermediate,[H]c1nc2c([H])c([38H])c(N([H])C(=O)[C-:91]([H])[C:92]([H])(C([H])([H])N(C([H])([H])[H])C([H])([H])[H])[S:93]C([H])([H])[H])c([H])c2c([33H])c1[H],-1,-0.15790692,-0.10972848,-83.37359657026548,51.12119323509869,0.0014868453,-0.0023721159,-0.00044263527,0.05782993,0.011302099,0.034566015,-790730.9871701469,4.618556184694171,-790713.2616117675,-790717.9064359624
S2-54.1,product,[H]c1nc2c([H])c([38H])c(N([H])C(=O)[C:91]([H])([H])[C:92]([H])(C([H])([H])N(C([H])([H])[H])C([H])([H])[H])[S:93]C([H])([H])[H])c([H])c2c([33H])c1[H],0,-0.12877163,-0.03905619,-166.7285794682409,-5.3973450950864645,-0.049112506,-0.050445378,-0.049778942,0.0061851293,-0.0003348291,0.00292515,-791095.9715187841,1.586273593828082,-791089.4963469759,-791094.1212040228
S2-54.2,reactant,[H]c1nc2c([H])c([38H])c(N([H])C(=O)/[C:91]([H])=[C:92](\[H])C([H])([H])N(C([H])([H])[H])C([H])([H])[H])c([H])c2c([33H])c1[H],0,-0.17545882,-0.087265484,-171.50084096165517,-7.791314287076091,0.035675026,0.029216364,0.032445695,0.03283955,-0.003909394,0.014465079,-515733.33776078915,1.1848779767751694,-515728.4266218342,-515732.2577836181
S2-54.2,intermediate,[H]c1nc2c([H])c([38H])c(N([H])C(=O)[C-:91]([H])[C:92]([H])(C([H])([H])N(C([H])([H])[H])C([H])([H])[H])[S:93]C([H])([H])[H])c([H])c2c([33H])c1[H],-1,-0.48236257,-0.030273795,-65.42244827162716,72.25104341977453,-0.008286182,0.016119197,0.003916508,-0.0277161,0.19431832,0.08330111,-790734.3248205433,2.3051596209406853,-790727.0501487033,-790731.1856117718
S2-54.2,product,[H]c1nc2c([H])c([38H])c(N([H])C(=O)[C:91]([H])([H])[C:92]([H])(C([H])([H])N(C([H])([H])[H])C([H])([H])[H])[S:93]C([H])([H])[H])c([H])c2c([33H])c1[H],0,-0.12149626,-0.04716286,-167.64035260917547,-2.6588241035674356,-0.035957783,-0.030884959,-0.03342137,-0.00047062337,0.00068318844,0.00010628253,-791098.0980863123,2.4265771601349115,-791089.2239345895,-791094.8273296714
S2-54.3,reactant,[H]c1nc2c([H])c([38H])c(N([H])C(=O)/[C:91]([H])=[C:92](\[H])C([H])([H])N(C([H])([H])[H])C([H])([H])[H])c([H])c2c([33H])c1[H],0,-0.15574037,-0.12328023,-173.44052039432555,-7.423558883428358,0.040517107,0.046069853,0.04329348,0.0008921325,-0.018639907,-0.008873887,-515733.2109749251,0.9449329469352961,-515727.8312488036,-515732.23323530593
S2-54.3,intermediate,[H]c1nc2c([H])c([38H])c(N([H])C(=O)[C-:91]([H])[C:92]([H])(C([H])([H])N(C([H])([H])[H])C([H])([H])[H])[S:93]C([H])([H])[H])c([H])c2c([33H])c1[H],-1,-0.4780236,-0.025624065,-66.33576986179511,73.18600517569266,-0.03190565,-0.0017568488,-0.016831249,-0.025013,0.20532,0.0901535,-790731.3402681358,3.0849529281258583,-790721.7241950879,-790726.5811892776
S2-54.3,product,[H]c1nc2c([H])c([38H])c(N([H])C(=O)[C:91]([H])([H])[C:92]([H])(C([H])([H])N(C([H])([H])[H])C([H])([H])[H])[S:93]C([H])([H])[H])c([H])c2c([33H])c1[H],0,-0.14345238,-0.06681715,-168.42375412186257,-4.0881850138953455,-0.026754972,-0.029301688,-0.02802833,0.009681672,0.008161798,0.008921735,-791097.0822005287,2.326934790238738,-791088.5519535491,-791094.2259161577
S2-54.4,reactant,[H]c1nc2c([H])c([38H])c(N([H])C(=O)/[C:91]([H])=[C:92](\[H])C([H])([H])N(C([H])([H])[H])C([H])([H])[H])c([H])c2c([33H])c1[H],0,-0.17867067,-0.092455,-171.35436822580104,-7.143123802598037,0.028375812,0.02154266,0.024959236,0.03820385,-4.2244792e-05,0.019080803,-515732.7417252947,2.369285413995385,-515726.7875401107,-515731.4593600186
S2-54.4,intermediate,[H]c1nc2c([H])c([38H])c(N([H])C(=O)[C-:91]([H])[C:92]([H])(C([H])([H])N(C([H])([H])[H])C([H])([H])[H])[S:93]C([H])([H])[H])c([H])c2c([33H])c1[H],-1,-0.47518483,-0.026571043,-67.18751511131819,73.9874371466811,-0.027914848,-0.0011487696,-0.014531809,-0.034911335,0.21277827,0.08893347,-790730.0478681497,1.995562594383955,-790721.0690398581,-790725.6192750913
S2-54.4,product,[H]c1nc2c([H])c([38H])c(N([H])C(=O)[C:91]([H])([H])[C:92]([H])(C([H])([H])N(C([H])([H])[H])C([H])([H])[H])[S:93]C([H])([H])[H])c([H])c2c([33H])c1[H],0,-0.13918996,-0.037051897,-168.105854346337,-1.7093108941389776,-0.044972185,-0.043700013,-0.0443361,0.0107189715,0.007448092,0.009083532,-791098.7347195817,3.228704957291484,-791092.0677021598,-791096.5830498779
S2-54.5,reactant,[H]c1nc2c([H])c([38H])c(N([H])C(=O)/[C:91]([H])=[C:92](\[H])C([H])([H])N(C([H])([H])[H])C([H])([H])[H])c([H])c2c([33H])c1[H],0,-0.14604227,-0.13666487,-175.0450269507724,-6.6441046463106375,0.020304218,0.013605207,0.016954713,-0.00048303604,-0.012829751,-0.0066563934,-515732.4062777717,1.6573305036872625,-515727.11639161484,-515730.98109838873
S2-54.5,intermediate,[H]c1nc2c([H])c([38H])c(N([H])C(=O)[C-:91]([H])[C:92]([H])(C([H])([H])N(C([H])([H])[H])C([H])([H])[H])[S:93]C([H])([H])[H])c([H])c2c([33H])c1[H],-1,-0.45087025,-0.011845426,-67.72590669069515,70.12079075204397,-0.014437208,0.004402664,-0.0050172717,-0.023858666,0.16435257,0.07024695,-790733.5375306513,1.8701196871697903,-790726.7953650651,-790730.18354853
S2-54.5,product,[H]c1nc2c([H])c([38H])c(N([H])C(=O)[C:91]([H])([H])[C:92]([H])(C([H])([H])N(C([H])([H])[H])C([H])([H])[H])[S:93]C([H])([H])[H])c([H])c2c([33H])c1[H],0,-0.121314995,-0.04678023,-167.6153321512496,-2.657944646529916,-0.036123816,-0.031124026,-0.033623923,-0.00079114735,0.00042538345,-0.00018288195,-791098.0897806545,2.3842509649693966,-791090.4365904585,-791094.9090149779
S2-54.6,reactant,[H]c1nc2c([H])c([38H])c(N([H])C(=O)/[C:91]([H])=[C:92](\[H])C([H])([H])N(C([H])([H])[H])C([H])([H])[H])c([H])c2c([33H])c1[H],0,-0.14381976,-0.13686353,-174.57129706965856,-6.675742336928474,0.024162441,0.0149080455,0.019535244,-0.002891913,-0.015350074,-0.009120993,-515732.3940153927,1.56759119220078,-515727.2133357775,-515730.9687710003
S2-54.6,intermediate,[H]c1nc2c([H])c([38H])c(N([H])C(=O)[C-:91]([H])[C:92]([H])(C([H])([H])N(C([H])([H])[H])C([H])([H])[H])[S:93]C([H])([H])[H])c([H])c2c([33H])c1[H],-1,-0.4320939,-0.040528085,-65.49362417354777,70.12344322083594,-0.022026954,0.004868496,-0.008579229,-0.025720716,0.17698324,0.07563126,-790731.1509580219,1.9144395627081394,-790725.9080439406,-790728.74540492
S2-54.6,product,[H]c1nc2c([H])c([38H])c(N([H])C(=O)[C:91]([H])([H])[C:92]([H])(C([H])([H])N(C([H])([H])[H])C([H])([H])[H])[S:93]C([H])([H])[H])c([H])c2c([33H])c1[H],0,-0.1354594,-0.031063538,-167.49861550096912,-5.221012834970886,-0.051530644,-0.053222794,-0.052376717,0.0072490275,0.00156039,0.0044047087,-791095.5044552675,2.653972789645195,-791089.9992578197,-791093.7871992175
S2-54.7,reactant,[H]c1nc2c([H])c([38H])c(N([H])C(=O)/[C:91]([H])=[C:92](\[H])C([H])([H])N(C([H])([H])[H])C([H])([H])[H])c([H])c2c([33H])c1[H],0,-0.12092456,-0.11511927,-174.50035340670811,-9.7255679289706,0.008740567,0.007304445,0.008022506,0.013502538,-0.024276927,-0.0053871945,-515730.04009549716,1.5196638610213995,-515724.4199694132,-515728.2908704678
S2-54.7,intermediate,[H]c1nc2c([H])c([38H])c(N([H])C(=O)[C-:91]([H])[C:92]([H])(C([H])([H])N(C([H])([H])[H])C([H])([H])[H])[S:93]C([H])([H])[H])c([H])c2c([33H])c1[H],-1,-0.4828456,-0.021637045,-67.76047132624011,69.75117688721438,-0.0024940427,0.016473714,0.0069898358,-0.02224043,0.182228,0.079993784,-790733.6501316035,2.4949320051819086,-790726.6540826947,-790730.1622747204
S2-54.7,product,[H]c1nc2c([H])c([38H])c(N([H])C(=O)[C:91]([H])([H])[C:92]([H])(C([H])([H])N(C([H])([H])[H])C([H])([H])[H])[S:93]C([H])([H])[H])c([H])c2c([33H])c1[H],0,-0.1413425,-0.0584817,-167.43811186703098,-3.7202212466935825,-0.028111024,-0.034284733,-0.03119788,0.0038769841,0.0023651868,0.0031210855,-791098.4274052137,3.6717931628227234,-791091.927745621,-791095.3052118801
S2-54.8,reactant,[H]c1nc2c([H])c([38H])c(N([H])C(=O)/[C:91]([H])=[C:92](\[H])C([H])([H])N(C([H])([H])[H])C([H])([H])[H])c([H])c2c([33H])c1[H],0,-0.17575985,-0.08603299,-171.8478580568181,-9.92137129268777,0.0118867755,0.012135506,0.012011141,0.0502519,0.002565831,0.026408866,-515732.90058142954,0.9902277663350105,-515728.8857019621,-515731.8644149404
S2-54.8,intermediate,[H]c1nc2c([H])c([38H])c(N([H])C(=O)[C-:91]([H])[C:92]([H])(C([H])([H])N(C([H])([H])[H])C([H])([H])[H])[S:93]C([H])([H])[H])c([H])c2c([33H])c1[H],-1,-0.4581857,-0.015258946,-64.15074682095293,76.9219917833938,-0.042808797,-0.01592477,-0.029366784,-0.023889482,0.196244,0.08617726,-790730.0438676586,2.095109734684229,-790722.5215854986,-790726.1904265167
S2-54.8,product,[H]c1nc2c([H])c([38H])c(N([H])C(=O)[C:91]([H])([H])[C:92]([H])(C([H])([H])N(C([H])([H])[H])C([H])([H])[H])[S:93]C([H])([H])[H])c([H])c2c([33H])c1[H],0,-0.12856713,-0.061915893,-167.65464761532502,-2.6201010448838056,-0.03504539,-0.029107,-0.032076195,0.009034827,0.0052131265,0.007123977,-791097.4988844508,1.5199297815561295,-791091.0060006635,-791095.5073870502
S2-54.9,reactant,[H]c1nc2c([H])c([38H])c(N([H])C(=O)/[C:91]([H])=[C:92](\[H])C([H])([H])N(C([H])([H])[H])C([H])([H])[H])c([H])c2c([33H])c1[H],0,-0.14430739,-0.13687323,-174.53661704660178,-6.687266336394841,0.02365534,0.014832057,0.019243699,-0.0029159337,-0.015342608,-0.009129271,-515732.3810469823,1.580916529521346,-515726.6119537249,-515730.92086862406
S2-54.9,intermediate,[H]c1nc2c([H])c([38H])c(N([H])C(=O)[C-:91]([H])[C:92]([H])(C([H])([H])N(C([H])([H])[H])C([H])([H])[H])[S:93]C([H])([H])[H])c([H])c2c([33H])c1[H],-1,-0.46959624,-0.036965996,-66.01389742796437,74.43840563478028,-0.042782158,-0.008812554,-0.025797356,-0.025259256,0.21502978,0.09488526,-790732.0715780653,1.6221717707812786,-790722.9282603143,-790727.9259207993
S2-54.9,product,[H]c1nc2c([H])c([38H])c(N([H])C(=O)[C:91]([H])([H])[C:92]([H])(C([H])([H])N(C([H])([H])[H])C([H])([H])[H])[S:93]C([H])([H])[H])c([H])c2c([33H])c1[H],0,-0.12995662,-0.034171775,-167.30869482977212,-3.0948630921234397,-0.059317157,-0.06518094,-0.06224905,0.0031066686,-0.0020169616,0.0005448535,-791099.7236307417,2.0985543932765722,-791094.9522482664,-791097.7708020909
S2-54.10,reactant,[H]c1nc2c([H])c([38H])c(N([H])C(=O)/[C:91]([H])=[C:92](\[H])C([H])([H])N(C([H])([H])[H])C([H])([H])[H])c([H])c2c([33H])c1[H],0,-0.14686002,-0.108346246,-174.89877595349068,-7.787392134842905,0.018586598,0.0025169775,0.010551788,0.035885274,-0.0012184083,0.017333433,-515732.60698305187,2.1048258636146784,-515726.2472776604,-515730.7504499129
S2-54.10,intermediate,[H]c1nc2c([H])c([38H])c(N([H])C(=O)[C-:91]([H])[C:92]([H])(C([H])([H])N(C([H])([H])[H])C([H])([H])[H])[S:93]C([H])([H])[H])c([H])c2c([33H])c1[H],-1,-0.48166636,-0.0310675,-65.64552009376564,72.19829613823985,-0.009446835,0.015211243,0.002882204,-0.02881053,0.19488817,0.08303882,-790734.1609259335,2.253445152193308,-790727.4361781332,-790730.8507892991
S2-54.10,product,[H]c1nc2c([H])c([38H])c(N([H])C(=O)[C:91]([H])([H])[C:92]([H])(C([H])([H])N(C([H])([H])[H])C([H])([H])[H])[S:93]C([H])([H])[H])c([H])c2c([33H])c1[H],0,-0.14331362,-0.06699526,-168.44352467199715,-4.103472566911267,-0.026792817,-0.029346488,-0.028069653,0.009679407,0.008161336,0.0089203715,-791097.0792391942,2.31036039814353,-791089.1363634188,-791094.1287654168
